$MeshFormat
4.1 0 8
$EndMeshFormat
$PhysicalNames
11
1 11 "Inlet"
1 12 "Outlet"
1 13 "Walls"
1 14 "SolidInterfaces"
2 1 "Fluid"
2 2 "PCB"
2 3 "Component_1"
2 4 "Component_2"
2 5 "Component_3"
2 6 "Component_4"
2 7 "Component_5"
$EndPhysicalNames
$Entities
28 33 7 0
9 3.436900633708737 2.55359058433678 0 0 
10 4.382324214703242 2.55359058433678 0 0 
13 7.597557326562903 2.55359058433678 0 0 
14 8.342184289574424 2.55359058433678 0 0 
17 11.81374784915268 2.55359058433678 0 0 
18 12.24651053471 2.55359058433678 0 0 
21 15.79558031220742 2.55359058433678 0 0 
22 16.38519483938061 2.55359058433678 0 0 
25 7.735646583609943 2.44640941566322 0 0 
26 12.26435341639006 2.44640941566322 0 0 
27 0 0 0 0 
28 20 0 0 0 
29 0 5 0 0 
30 20 5 0 0 
31 1.879483232274652 2.44640941566322 0 0 
32 7.735646583609943 2.337913643350925 0 0 
33 12.26435341639006 2.337913643350925 0 0 
34 18.12051676772535 2.44640941566322 0 0 
35 18.12051676772535 2.55359058433678 0 0 
36 16.38519483938061 2.711763231063254 0 0 
37 15.79558031220742 2.711763231063254 0 0 
38 12.24651053471 2.694857106808021 0 0 
39 11.81374784915268 2.694857106808021 0 0 
40 8.342184289574424 2.672478859747411 0 0 
41 7.597557326562903 2.672478859747411 0 0 
42 4.382324214703242 2.682381376272154 0 0 
43 3.436900633708737 2.682381376272154 0 0 
44 1.879483232274652 2.55359058433678 0 0 
9 3.436900533708736 2.553590484336779 -1.000000008881784e-07 4.382324314703244 2.553590684336781 1.000000008881784e-07 1 14 2 9 -10 
13 7.597557226562902 2.553590484336779 -1.000000008881784e-07 8.342184389574426 2.553590684336781 1.000000008881784e-07 1 14 2 13 -14 
17 11.81374774915268 2.55359048433678 -1e-07 12.24651063471 2.55359068433678 1e-07 1 14 2 17 -18 
21 15.79558021220742 2.55359048433678 -1e-07 16.38519493938061 2.55359068433678 1e-07 1 14 2 21 -22 
25 7.735646483609941 2.446409315663218 -1.000000017763568e-07 12.26435351639006 2.446409515663222 1.000000017763568e-07 1 14 2 25 -26 
26 -9.99999993922529e-08 -1e-07 -1e-07 20.0000001 1e-07 1e-07 1 13 2 27 -28 
27 -1e-07 -9.999999983634211e-08 -1e-07 1e-07 5.0000001 1e-07 1 11 2 29 -27 
28 19.9999999 -9.999999983634211e-08 -1e-07 20.0000001 5.0000001 1e-07 1 12 2 28 -30 
29 -9.99999993922529e-08 4.9999999 -1e-07 20.0000001 5.0000001 1e-07 1 13 2 30 -29 
30 1.879483132274652 2.44640931566322 -1e-07 7.735646683609943 2.44640951566322 1e-07 1 14 2 31 -25 
31 7.735646483609942 2.337913543350925 -1e-07 7.735646683609943 2.44640951566322 1e-07 1 14 2 32 -25 
32 7.735646483609942 2.337913543350925 -1e-07 12.26435351639006 2.337913743350925 1e-07 1 14 2 33 -32 
33 12.26435331639006 2.337913543350925 -1e-07 12.26435351639006 2.44640951566322 1e-07 1 14 2 26 -33 
34 12.26435331639006 2.44640931566322 -1e-07 18.12051686772535 2.44640951566322 1e-07 1 14 2 26 -34 
35 18.12051666772535 2.44640931566322 -1e-07 18.12051686772535 2.55359068433678 1e-07 1 14 2 34 -35 
36 16.38519473938061 2.55359048433678 -1e-07 18.12051686772535 2.55359068433678 1e-07 1 14 2 35 -22 
37 16.38519473938061 2.55359048433678 -1e-07 16.38519493938061 2.711763331063254 1e-07 1 14 2 22 -36 
38 15.79558021220742 2.711763131063254 -1e-07 16.38519493938061 2.711763331063254 1e-07 1 14 2 36 -37 
39 15.79558021220742 2.55359048433678 -1e-07 15.79558041220742 2.711763331063254 1e-07 1 14 2 37 -21 
40 12.24651043471 2.55359048433678 -1e-07 15.79558041220742 2.55359068433678 1e-07 1 14 2 21 -18 
41 12.24651043471 2.55359048433678 -1e-07 12.24651063471 2.694857206808021 1e-07 1 14 2 18 -38 
42 11.81374774915268 2.694857006808021 -1e-07 12.24651063471 2.694857206808021 1e-07 1 14 2 38 -39 
43 11.81374774915268 2.55359048433678 -1e-07 11.81374794915268 2.694857206808021 1e-07 1 14 2 39 -17 
44 8.342184189574425 2.55359048433678 -1e-07 11.81374794915268 2.55359068433678 1e-07 1 14 2 17 -14 
45 8.342184189574425 2.55359048433678 -1e-07 8.342184389574424 2.672478959747411 1e-07 1 14 2 14 -40 
46 7.597557226562903 2.672478759747411 -1e-07 8.342184389574424 2.672478959747411 1e-07 1 14 2 40 -41 
47 7.597557226562903 2.55359048433678 -1e-07 7.597557426562903 2.672478959747411 1e-07 1 14 2 41 -13 
48 4.382324114703242 2.55359048433678 -1e-07 7.597557426562903 2.55359068433678 1e-07 1 14 2 13 -10 
49 4.382324114703242 2.55359048433678 -1e-07 4.382324314703243 2.682381476272154 1e-07 1 14 2 10 -42 
50 3.436900533708737 2.682381276272154 -1e-07 4.382324314703243 2.682381476272154 1e-07 1 14 2 42 -43 
51 3.436900533708737 2.55359048433678 -1e-07 3.436900733708736 2.682381476272154 1e-07 1 14 2 43 -9 
52 1.879483132274651 2.55359048433678 -1e-07 3.436900733708736 2.55359068433678 1e-07 1 14 2 9 -44 
53 1.879483132274652 2.44640931566322 -1e-07 1.879483332274652 2.55359068433678 1e-07 1 14 2 44 -31 
2 1.87948313227465 2.446409315663218 -1.000000017763568e-07 18.12051686772535 2.553590684336782 1.000000017763568e-07 1 2 14 53 30 25 34 35 36 -21 40 -17 44 -13 48 -9 52 
3 3.436900533708736 2.553590484336779 -1.000000008881784e-07 4.382324314703244 2.682381476272155 1.000000008881784e-07 1 3 4 9 49 50 51 
4 7.597557226562902 2.553590484336779 -1.000000008881784e-07 8.342184389574426 2.672478959747412 1.000000008881784e-07 1 4 4 13 45 46 47 
5 11.81374774915268 2.55359048433678 -1e-07 12.24651063471 2.694857206808021 1e-07 1 5 4 17 41 42 43 
6 15.79558021220742 2.55359048433678 -1e-07 16.38519493938061 2.711763331063254 1e-07 1 6 4 21 37 38 39 
7 7.735646483609941 2.337913543350924 -1.000000017763568e-07 12.26435351639006 2.446409515663222 1.000000017763568e-07 1 7 4 25 33 32 31 
8 -9.99999993922529e-08 -9.999999983634211e-08 -1e-07 20.0000001 5.0000001 1e-07 1 1 28 26 28 29 27 -30 -53 -52 -51 -50 -49 -48 -47 -46 -45 -44 -43 -42 -41 -40 -39 -38 -37 -36 -35 -34 33 32 31 
$EndEntities
$Nodes
68 9631 1 9631
0 9 0 1
1
3.436900633708737 2.55359058433678 0
0 10 0 1
2
4.382324214703242 2.55359058433678 0
0 13 0 1
3
7.597557326562903 2.55359058433678 0
0 14 0 1
4
8.342184289574424 2.55359058433678 0
0 17 0 1
5
11.81374784915268 2.55359058433678 0
0 18 0 1
6
12.24651053471 2.55359058433678 0
0 21 0 1
7
15.79558031220742 2.55359058433678 0
0 22 0 1
8
16.38519483938061 2.55359058433678 0
0 25 0 1
9
7.735646583609943 2.44640941566322 0
0 26 0 1
10
12.26435341639006 2.44640941566322 0
0 27 0 1
11
0 0 0
0 28 0 1
12
20 0 0
0 29 0 1
13
0 5 0
0 30 0 1
14
20 5 0
0 31 0 1
15
1.879483232274652 2.44640941566322 0
0 32 0 1
16
7.735646583609943 2.337913643350925 0
0 33 0 1
17
12.26435341639006 2.337913643350925 0
0 34 0 1
18
18.12051676772535 2.44640941566322 0
0 35 0 1
19
18.12051676772535 2.55359058433678 0
0 36 0 1
20
16.38519483938061 2.711763231063254 0
0 37 0 1
21
15.79558031220742 2.711763231063254 0
0 38 0 1
22
12.24651053471 2.694857106808021 0
0 39 0 1
23
11.81374784915268 2.694857106808021 0
0 40 0 1
24
8.342184289574424 2.672478859747411 0
0 41 0 1
25
7.597557326562903 2.672478859747411 0
0 42 0 1
26
4.382324214703242 2.682381376272154 0
0 43 0 1
27
3.436900633708737 2.682381376272154 0
0 44 0 1
28
1.879483232274652 2.55359058433678 0
1 9 0 7
29
30
31
32
33
34
35
3.55507858133305 2.55359058433678 0
3.673256528957363 2.55359058433678 0
3.791434476581676 2.55359058433678 0
3.90961242420599 2.55359058433678 0
4.027790371830303 2.55359058433678 0
4.145968319454616 2.55359058433678 0
4.264146267078929 2.55359058433678 0
1 13 0 7
36
37
38
39
40
41
42
7.690635696939343 2.55359058433678 0
7.783714067315783 2.55359058433678 0
7.876792437692224 2.55359058433678 0
7.969870808068664 2.55359058433678 0
8.062949178445104 2.55359058433678 0
8.156027548821545 2.55359058433678 0
8.249105919197984 2.55359058433678 0
1 17 0 3
43
44
45
11.92193852054201 2.55359058433678 0
12.03012919193134 2.55359058433678 0
12.13831986332067 2.55359058433678 0
1 21 0 7
46
47
48
49
50
51
52
15.86928212810407 2.55359058433678 0
15.94298394400072 2.55359058433678 0
16.01668575989736 2.55359058433678 0
16.09038757579401 2.55359058433678 0
16.16408939169066 2.55359058433678 0
16.23779120758731 2.55359058433678 0
16.31149302348396 2.55359058433678 0
1 25 0 39
53
54
55
56
57
58
59
60
61
62
63
64
65
66
67
68
69
70
71
72
73
74
75
76
77
78
79
80
81
82
83
84
85
86
87
88
89
90
91
7.848864254429445 2.44640941566322 0
7.962081925248948 2.44640941566322 0
8.075299596068451 2.44640941566322 0
8.188517266887954 2.44640941566322 0
8.301734937707458 2.44640941566322 0
8.41495260852696 2.44640941566322 0
8.528170279346464 2.44640941566322 0
8.641387950165965 2.44640941566322 0
8.754605620985469 2.44640941566322 0
8.867823291804973 2.44640941566322 0
8.981040962624474 2.44640941566322 0
9.094258633443978 2.44640941566322 0
9.20747630426348 2.44640941566322 0
9.320693975082984 2.44640941566322 0
9.433911645902487 2.44640941566322 0
9.547129316721989 2.44640941566322 0
9.660346987541493 2.44640941566322 0
9.773564658360996 2.44640941566322 0
9.886782329180498 2.44640941566322 0
10 2.44640941566322 0
10.1132176708195 2.44640941566322 0
10.22643534163901 2.44640941566322 0
10.33965301245851 2.44640941566322 0
10.45287068327801 2.44640941566322 0
10.56608835409752 2.44640941566322 0
10.67930602491702 2.44640941566322 0
10.79252369573652 2.44640941566322 0
10.90574136655603 2.44640941566322 0
11.01895903737553 2.44640941566322 0
11.13217670819503 2.44640941566322 0
11.24539437901453 2.44640941566322 0
11.35861204983404 2.44640941566322 0
11.47182972065354 2.44640941566322 0
11.58504739147304 2.44640941566322 0
11.69826506229255 2.44640941566322 0
11.81148273311205 2.44640941566322 0
11.92470040393155 2.44640941566322 0
12.03791807475105 2.44640941566322 0
12.15113574557056 2.44640941566322 0
1 26 0 159
92
93
94
95
96
97
98
99
100
101
102
103
104
105
106
107
108
109
110
111
112
113
114
115
116
117
118
119
120
121
122
123
124
125
126
127
128
129
130
131
132
133
134
135
136
137
138
139
140
141
142
143
144
145
146
147
148
149
150
151
152
153
154
155
156
157
158
159
160
161
162
163
164
165
166
167
168
169
170
171
172
173
174
175
176
177
178
179
180
181
182
183
184
185
186
187
188
189
190
191
192
193
194
195
196
197
198
199
200
201
202
203
204
205
206
207
208
209
210
211
212
213
214
215
216
217
218
219
220
221
222
223
224
225
226
227
228
229
230
231
232
233
234
235
236
237
238
239
240
241
242
243
244
245
246
247
248
249
250
0.125 0 0
0.25 0 0
0.375 0 0
0.5 0 0
0.625 0 0
0.75 0 0
0.875 0 0
1 0 0
1.125 0 0
1.25 0 0
1.375 0 0
1.5 0 0
1.625 0 0
1.75 0 0
1.875 0 0
2 0 0
2.125 0 0
2.25 0 0
2.375 0 0
2.5 0 0
2.625 0 0
2.75 0 0
2.875 0 0
3 0 0
3.125 0 0
3.25 0 0
3.375 0 0
3.5 0 0
3.625 0 0
3.75 0 0
3.875 0 0
4 0 0
4.125 0 0
4.25 0 0
4.375 0 0
4.5 0 0
4.625 0 0
4.75 0 0
4.875 0 0
5 0 0
5.125 0 0
5.25 0 0
5.375 0 0
5.5 0 0
5.625 0 0
5.75 0 0
5.875 0 0
6 0 0
6.125 0 0
6.25 0 0
6.375 0 0
6.5 0 0
6.625 0 0
6.75 0 0
6.875 0 0
7 0 0
7.125 0 0
7.25 0 0
7.375 0 0
7.5 0 0
7.625 0 0
7.75 0 0
7.875 0 0
8 0 0
8.125 0 0
8.25 0 0
8.375 0 0
8.5 0 0
8.625 0 0
8.75 0 0
8.875 0 0
9 0 0
9.125 0 0
9.25 0 0
9.375 0 0
9.5 0 0
9.625 0 0
9.75 0 0
9.875 0 0
10 0 0
10.125 0 0
10.25 0 0
10.375 0 0
10.5 0 0
10.625 0 0
10.75 0 0
10.875 0 0
11 0 0
11.125 0 0
11.25 0 0
11.375 0 0
11.5 0 0
11.625 0 0
11.75 0 0
11.875 0 0
12 0 0
12.125 0 0
12.25 0 0
12.375 0 0
12.5 0 0
12.625 0 0
12.75 0 0
12.875 0 0
13 0 0
13.125 0 0
13.25 0 0
13.375 0 0
13.5 0 0
13.625 0 0
13.75 0 0
13.875 0 0
14 0 0
14.125 0 0
14.25 0 0
14.375 0 0
14.5 0 0
14.625 0 0
14.75 0 0
14.875 0 0
15 0 0
15.125 0 0
15.25 0 0
15.375 0 0
15.5 0 0
15.625 0 0
15.75 0 0
15.875 0 0
16 0 0
16.125 0 0
16.25 0 0
16.375 0 0
16.5 0 0
16.625 0 0
16.75 0 0
16.875 0 0
17 0 0
17.125 0 0
17.25 0 0
17.375 0 0
17.5 0 0
17.625 0 0
17.75 0 0
17.875 0 0
18 0 0
18.125 0 0
18.25 0 0
18.375 0 0
18.5 0 0
18.625 0 0
18.75 0 0
18.875 0 0
19 0 0
19.125 0 0
19.25 0 0
19.375 0 0
19.5 0 0
19.625 0 0
19.75 0 0
19.875 0 0
1 27 0 39
251
252
253
254
255
256
257
258
259
260
261
262
263
264
265
266
267
268
269
270
271
272
273
274
275
276
277
278
279
280
281
282
283
284
285
286
287
288
289
0 4.875 0
0 4.75 0
0 4.625 0
0 4.5 0
0 4.375 0
0 4.25 0
0 4.125 0
0 4 0
0 3.875 0
0 3.75 0
0 3.625 0
0 3.5 0
0 3.375 0
0 3.25 0
0 3.125 0
0 3 0
0 2.875 0
0 2.75 0
0 2.625 0
0 2.5 0
0 2.375 0
0 2.25 0
0 2.125 0
0 2 0
0 1.875 0
0 1.75 0
0 1.625 0
0 1.5 0
0 1.375 0
0 1.25 0
0 1.125 0
0 1 0
0 0.875 0
0 0.75 0
0 0.625 0
0 0.5 0
0 0.375 0
0 0.25 0
0 0.125 0
1 28 0 39
290
291
292
293
294
295
296
297
298
299
300
301
302
303
304
305
306
307
308
309
310
311
312
313
314
315
316
317
318
319
320
321
322
323
324
325
326
327
328
20 0.125 0
20 0.25 0
20 0.375 0
20 0.5 0
20 0.625 0
20 0.75 0
20 0.875 0
20 1 0
20 1.125 0
20 1.25 0
20 1.375 0
20 1.5 0
20 1.625 0
20 1.75 0
20 1.875 0
20 2 0
20 2.125 0
20 2.25 0
20 2.375 0
20 2.5 0
20 2.625 0
20 2.75 0
20 2.875 0
20 3 0
20 3.125 0
20 3.25 0
20 3.375 0
20 3.5 0
20 3.625 0
20 3.75 0
20 3.875 0
20 4 0
20 4.125 0
20 4.25 0
20 4.375 0
20 4.5 0
20 4.625 0
20 4.75 0
20 4.875 0
1 29 0 159
329
330
331
332
333
334
335
336
337
338
339
340
341
342
343
344
345
346
347
348
349
350
351
352
353
354
355
356
357
358
359
360
361
362
363
364
365
366
367
368
369
370
371
372
373
374
375
376
377
378
379
380
381
382
383
384
385
386
387
388
389
390
391
392
393
394
395
396
397
398
399
400
401
402
403
404
405
406
407
408
409
410
411
412
413
414
415
416
417
418
419
420
421
422
423
424
425
426
427
428
429
430
431
432
433
434
435
436
437
438
439
440
441
442
443
444
445
446
447
448
449
450
451
452
453
454
455
456
457
458
459
460
461
462
463
464
465
466
467
468
469
470
471
472
473
474
475
476
477
478
479
480
481
482
483
484
485
486
487
19.875 5 0
19.75 5 0
19.625 5 0
19.5 5 0
19.375 5 0
19.25 5 0
19.125 5 0
19 5 0
18.875 5 0
18.75 5 0
18.625 5 0
18.5 5 0
18.375 5 0
18.25 5 0
18.125 5 0
18 5 0
17.875 5 0
17.75 5 0
17.625 5 0
17.5 5 0
17.375 5 0
17.25 5 0
17.125 5 0
17 5 0
16.875 5 0
16.75 5 0
16.625 5 0
16.5 5 0
16.375 5 0
16.25 5 0
16.125 5 0
16 5 0
15.875 5 0
15.75 5 0
15.625 5 0
15.5 5 0
15.375 5 0
15.25 5 0
15.125 5 0
15 5 0
14.875 5 0
14.75 5 0
14.625 5 0
14.5 5 0
14.375 5 0
14.25 5 0
14.125 5 0
14 5 0
13.875 5 0
13.75 5 0
13.625 5 0
13.5 5 0
13.375 5 0
13.25 5 0
13.125 5 0
13 5 0
12.875 5 0
12.75 5 0
12.625 5 0
12.5 5 0
12.375 5 0
12.25 5 0
12.125 5 0
12 5 0
11.875 5 0
11.75 5 0
11.625 5 0
11.5 5 0
11.375 5 0
11.25 5 0
11.125 5 0
11 5 0
10.875 5 0
10.75 5 0
10.625 5 0
10.5 5 0
10.375 5 0
10.25 5 0
10.125 5 0
10 5 0
9.875 5 0
9.75 5 0
9.625 5 0
9.5 5 0
9.375 5 0
9.25 5 0
9.125 5 0
9 5 0
8.875 5 0
8.75 5 0
8.625 5 0
8.5 5 0
8.375 5 0
8.25 5 0
8.125 5 0
8 5 0
7.875 5 0
7.75 5 0
7.625 5 0
7.5 5 0
7.375 5 0
7.25 5 0
7.125 5 0
7 5 0
6.875 5 0
6.75 5 0
6.625 5 0
6.5 5 0
6.375 5 0
6.25 5 0
6.125 5 0
6 5 0
5.875 5 0
5.75 5 0
5.625 5 0
5.5 5 0
5.375 5 0
5.25 5 0
5.125 5 0
5 5 0
4.875 5 0
4.75 5 0
4.625 5 0
4.5 5 0
4.375 5 0
4.25 5 0
4.125 5 0
4 5 0
3.875 5 0
3.75 5 0
3.625 5 0
3.5 5 0
3.375 5 0
3.25 5 0
3.125 5 0
3 5 0
2.875 5 0
2.75 5 0
2.625 5 0
2.5 5 0
2.375 5 0
2.25 5 0
2.125 5 0
2 5 0
1.875 5 0
1.75 5 0
1.625 5 0
1.5 5 0
1.375 5 0
1.25 5 0
1.125 5 0
1 5 0
0.875 5 0
0.75 5 0
0.625 5 0
0.5 5 0
0.375 5 0
0.25 5 0
0.125 5 0
1 30 0 47
488
489
490
491
492
493
494
495
496
497
498
499
500
501
502
503
504
505
506
507
508
509
510
511
512
513
514
515
516
517
518
519
520
521
522
523
524
525
526
527
528
529
530
531
532
533
534
2.001486635427471 2.44640941566322 0
2.12349003858029 2.44640941566322 0
2.245493441733108 2.44640941566322 0
2.367496844885927 2.44640941566322 0
2.489500248038745 2.44640941566322 0
2.611503651191564 2.44640941566322 0
2.733507054344382 2.44640941566322 0
2.855510457497201 2.44640941566322 0
2.977513860650019 2.44640941566322 0
3.099517263802838 2.44640941566322 0
3.221520666955656 2.44640941566322 0
3.343524070108475 2.44640941566322 0
3.465527473261294 2.44640941566322 0
3.587530876414112 2.44640941566322 0
3.709534279566931 2.44640941566322 0
3.831537682719749 2.44640941566322 0
3.953541085872568 2.44640941566322 0
4.075544489025386 2.44640941566322 0
4.197547892178205 2.44640941566322 0
4.319551295331023 2.44640941566322 0
4.441554698483841 2.44640941566322 0
4.56355810163666 2.44640941566322 0
4.685561504789479 2.44640941566322 0
4.807564907942298 2.44640941566322 0
4.929568311095116 2.44640941566322 0
5.051571714247935 2.44640941566322 0
5.173575117400754 2.44640941566322 0
5.295578520553572 2.44640941566322 0
5.41758192370639 2.44640941566322 0
5.539585326859209 2.44640941566322 0
5.661588730012028 2.44640941566322 0
5.783592133164846 2.44640941566322 0
5.905595536317665 2.44640941566322 0
6.027598939470483 2.44640941566322 0
6.149602342623302 2.44640941566322 0
6.27160574577612 2.44640941566322 0
6.393609148928939 2.44640941566322 0
6.515612552081757 2.44640941566322 0
6.637615955234576 2.44640941566322 0
6.759619358387394 2.44640941566322 0
6.881622761540213 2.44640941566322 0
7.003626164693031 2.44640941566322 0
7.12562956784585 2.44640941566322 0
7.247632970998668 2.44640941566322 0
7.369636374151487 2.44640941566322 0
7.491639777304306 2.44640941566322 0
7.613643180457125 2.44640941566322 0
1 31 0 1
535
7.735646583609943 2.392161529507073 0
1 32 0 39
536
537
538
539
540
541
542
543
544
545
546
547
548
549
550
551
552
553
554
555
556
557
558
559
560
561
562
563
564
565
566
567
568
569
570
571
572
573
574
12.15113574557056 2.337913643350925 0
12.03791807475105 2.337913643350925 0
11.92470040393155 2.337913643350925 0
11.81148273311205 2.337913643350925 0
11.69826506229255 2.337913643350925 0
11.58504739147304 2.337913643350925 0
11.47182972065354 2.337913643350925 0
11.35861204983404 2.337913643350925 0
11.24539437901453 2.337913643350925 0
11.13217670819503 2.337913643350925 0
11.01895903737553 2.337913643350925 0
10.90574136655603 2.337913643350925 0
10.79252369573652 2.337913643350925 0
10.67930602491702 2.337913643350925 0
10.56608835409752 2.337913643350925 0
10.45287068327801 2.337913643350925 0
10.33965301245851 2.337913643350925 0
10.22643534163901 2.337913643350925 0
10.11321767081951 2.337913643350925 0
10 2.337913643350925 0
9.886782329180498 2.337913643350925 0
9.773564658360996 2.337913643350925 0
9.660346987541493 2.337913643350925 0
9.547129316721989 2.337913643350925 0
9.433911645902487 2.337913643350925 0
9.320693975082984 2.337913643350925 0
9.207476304263482 2.337913643350925 0
9.094258633443978 2.337913643350925 0
8.981040962624476 2.337913643350925 0
8.867823291804973 2.337913643350925 0
8.754605620985469 2.337913643350925 0
8.641387950165967 2.337913643350925 0
8.528170279346464 2.337913643350925 0
8.41495260852696 2.337913643350925 0
8.301734937707458 2.337913643350925 0
8.188517266887954 2.337913643350925 0
8.075299596068451 2.337913643350925 0
7.962081925248949 2.337913643350925 0
7.848864254429445 2.337913643350925 0
1 33 0 1
575
12.26435341639006 2.392161529507073 0
1 34 0 47
576
577
578
579
580
581
582
583
584
585
586
587
588
589
590
591
592
593
594
595
596
597
598
599
600
601
602
603
604
605
606
607
608
609
610
611
612
613
614
615
616
617
618
619
620
621
622
12.38635681954288 2.44640941566322 0
12.5083602226957 2.44640941566322 0
12.63036362584851 2.44640941566322 0
12.75236702900133 2.44640941566322 0
12.87437043215415 2.44640941566322 0
12.99637383530697 2.44640941566322 0
13.11837723845979 2.44640941566322 0
13.24038064161261 2.44640941566322 0
13.36238404476543 2.44640941566322 0
13.48438744791824 2.44640941566322 0
13.60639085107106 2.44640941566322 0
13.72839425422388 2.44640941566322 0
13.8503976573767 2.44640941566322 0
13.97240106052952 2.44640941566322 0
14.09440446368234 2.44640941566322 0
14.21640786683516 2.44640941566322 0
14.33841126998798 2.44640941566322 0
14.46041467314079 2.44640941566322 0
14.58241807629361 2.44640941566322 0
14.70442147944643 2.44640941566322 0
14.82642488259925 2.44640941566322 0
14.94842828575207 2.44640941566322 0
15.07043168890489 2.44640941566322 0
15.1924350920577 2.44640941566322 0
15.31443849521052 2.44640941566322 0
15.43644189836334 2.44640941566322 0
15.55844530151616 2.44640941566322 0
15.68044870466898 2.44640941566322 0
15.8024521078218 2.44640941566322 0
15.92445551097461 2.44640941566322 0
16.04645891412743 2.44640941566322 0
16.16846231728025 2.44640941566322 0
16.29046572043307 2.44640941566322 0
16.41246912358589 2.44640941566322 0
16.53447252673871 2.44640941566322 0
16.65647592989153 2.44640941566322 0
16.77847933304434 2.44640941566322 0
16.90048273619716 2.44640941566322 0
17.02248613934998 2.44640941566322 0
17.1444895425028 2.44640941566322 0
17.26649294565562 2.44640941566322 0
17.38849634880844 2.44640941566322 0
17.51049975196126 2.44640941566322 0
17.63250315511408 2.44640941566322 0
17.75450655826689 2.44640941566322 0
17.87650996141971 2.44640941566322 0
17.99851336457253 2.44640941566322 0
1 35 0 1
623
18.12051676772535 2.5 0
1 36 0 15
624
625
626
627
628
629
630
631
632
633
634
635
636
637
638
18.0120591472038 2.55359058433678 0
17.90360152668226 2.55359058433678 0
17.79514390616071 2.55359058433678 0
17.68668628563916 2.55359058433678 0
17.57822866511762 2.55359058433678 0
17.46977104459607 2.55359058433678 0
17.36131342407452 2.55359058433678 0
17.25285580355298 2.55359058433678 0
17.14439818303143 2.55359058433678 0
17.03594056250989 2.55359058433678 0
16.92748294198834 2.55359058433678 0
16.81902532146679 2.55359058433678 0
16.71056770094524 2.55359058433678 0
16.6021100804237 2.55359058433678 0
16.49365245990215 2.55359058433678 0
1 37 0 1
639
16.38519483938061 2.632676907700017 0
1 38 0 7
640
641
642
643
644
645
646
16.31149302348396 2.711763231063254 0
16.23779120758731 2.711763231063254 0
16.16408939169066 2.711763231063254 0
16.09038757579401 2.711763231063254 0
16.01668575989736 2.711763231063254 0
15.94298394400072 2.711763231063254 0
15.86928212810407 2.711763231063254 0
1 39 0 1
647
15.79558031220742 2.632676907700017 0
1 40 0 31
648
649
650
651
652
653
654
655
656
657
658
659
660
661
662
663
664
665
666
667
668
669
670
671
672
673
674
675
676
677
678
15.68467188166062 2.55359058433678 0
15.57376345111383 2.55359058433678 0
15.46285502056704 2.55359058433678 0
15.35194659002024 2.55359058433678 0
15.24103815947345 2.55359058433678 0
15.13012972892665 2.55359058433678 0
15.01922129837986 2.55359058433678 0
14.90831286783306 2.55359058433678 0
14.79740443728627 2.55359058433678 0
14.68649600673947 2.55359058433678 0
14.57558757619268 2.55359058433678 0
14.46467914564588 2.55359058433678 0
14.35377071509909 2.55359058433678 0
14.2428622845523 2.55359058433678 0
14.1319538540055 2.55359058433678 0
14.02104542345871 2.55359058433678 0
13.91013699291191 2.55359058433678 0
13.79922856236512 2.55359058433678 0
13.68832013181832 2.55359058433678 0
13.57741170127153 2.55359058433678 0
13.46650327072474 2.55359058433678 0
13.35559484017794 2.55359058433678 0
13.24468640963115 2.55359058433678 0
13.13377797908435 2.55359058433678 0
13.02286954853756 2.55359058433678 0
12.91196111799076 2.55359058433678 0
12.80105268744397 2.55359058433678 0
12.69014425689718 2.55359058433678 0
12.57923582635038 2.55359058433678 0
12.46832739580359 2.55359058433678 0
12.35741896525679 2.55359058433678 0
1 41 0 1
679
12.24651053471 2.6242238455724 0
1 42 0 3
680
681
682
12.13831986332067 2.694857106808021 0
12.03012919193134 2.694857106808021 0
11.92193852054201 2.694857106808021 0
1 43 0 1
683
11.81374784915268 2.6242238455724 0
1 44 0 27
684
685
686
687
688
689
690
691
692
693
694
695
696
697
698
699
700
701
702
703
704
705
706
707
708
709
710
11.6897634363106 2.55359058433678 0
11.56577902346852 2.55359058433678 0
11.44179461062643 2.55359058433678 0
11.31781019778435 2.55359058433678 0
11.19382578494227 2.55359058433678 0
11.06984137210019 2.55359058433678 0
10.94585695925811 2.55359058433678 0
10.82187254641603 2.55359058433678 0
10.69788813357395 2.55359058433678 0
10.57390372073187 2.55359058433678 0
10.44991930788979 2.55359058433678 0
10.32593489504771 2.55359058433678 0
10.20195048220563 2.55359058433678 0
10.07796606936355 2.55359058433678 0
9.953981656521471 2.55359058433678 0
9.82999724367939 2.55359058433678 0
9.706012830837309 2.55359058433678 0
9.582028417995229 2.55359058433678 0
9.458044005153148 2.55359058433678 0
9.334059592311068 2.55359058433678 0
9.210075179468987 2.55359058433678 0
9.086090766626906 2.55359058433678 0
8.962106353784826 2.55359058433678 0
8.838121940942745 2.55359058433678 0
8.714137528100665 2.55359058433678 0
8.590153115258586 2.55359058433678 0
8.466168702416505 2.55359058433678 0
1 45 0 1
711
8.342184289574424 2.613034722042095 0
1 46 0 7
712
713
714
715
716
717
718
8.249105919197984 2.672478859747411 0
8.156027548821545 2.672478859747411 0
8.062949178445104 2.672478859747411 0
7.969870808068664 2.672478859747411 0
7.876792437692224 2.672478859747411 0
7.783714067315783 2.672478859747411 0
7.690635696939343 2.672478859747411 0
1 47 0 1
719
7.597557326562903 2.613034722042095 0
1 48 0 27
720
721
722
723
724
725
726
727
728
729
730
731
732
733
734
735
736
737
738
739
740
741
742
743
744
745
746
7.482727572567915 2.55359058433678 0
7.367897818572928 2.55359058433678 0
7.253068064577938 2.55359058433678 0
7.138238310582951 2.55359058433678 0
7.023408556587963 2.55359058433678 0
6.908578802592976 2.55359058433678 0
6.793749048597988 2.55359058433678 0
6.678919294603 2.55359058433678 0
6.564089540608013 2.55359058433678 0
6.449259786613025 2.55359058433678 0
6.334430032618036 2.55359058433678 0
6.219600278623048 2.55359058433678 0
6.10477052462806 2.55359058433678 0
5.989940770633073 2.55359058433678 0
5.875111016638085 2.55359058433678 0
5.760281262643097 2.55359058433678 0
5.64545150864811 2.55359058433678 0
5.530621754653122 2.55359058433678 0
5.415792000658133 2.55359058433678 0
5.300962246663145 2.55359058433678 0
5.186132492668158 2.55359058433678 0
5.07130273867317 2.55359058433678 0
4.956472984678181 2.55359058433678 0
4.841643230683193 2.55359058433678 0
4.726813476688205 2.55359058433678 0
4.611983722693218 2.55359058433678 0
4.49715396869823 2.55359058433678 0
1 49 0 1
747
4.382324214703242 2.617985980304467 0
1 50 0 7
748
749
750
751
752
753
754
4.264146267078929 2.682381376272154 0
4.145968319454616 2.682381376272154 0
4.027790371830303 2.682381376272154 0
3.90961242420599 2.682381376272154 0
3.791434476581676 2.682381376272154 0
3.673256528957363 2.682381376272154 0
3.55507858133305 2.682381376272154 0
1 51 0 1
755
3.436900633708737 2.617985980304467 0
1 52 0 15
756
757
758
759
760
761
762
763
764
765
766
767
768
769
770
3.339562046119106 2.55359058433678 0
3.242223458529477 2.55359058433678 0
3.144884870939846 2.55359058433678 0
3.047546283350215 2.55359058433678 0
2.950207695760586 2.55359058433678 0
2.852869108170955 2.55359058433678 0
2.755530520581324 2.55359058433678 0
2.658191932991695 2.55359058433678 0
2.560853345402064 2.55359058433678 0
2.463514757812433 2.55359058433678 0
2.366176170222804 2.55359058433678 0
2.268837582633173 2.55359058433678 0
2.171498995043542 2.55359058433678 0
2.074160407453913 2.55359058433678 0
1.976821819864284 2.55359058433678 0
1 53 0 1
771
1.879483232274652 2.5 0
2 2 0 175
772
773
774
775
776
777
778
779
780
781
782
783
784
785
786
787
788
789
790
791
792
793
794
795
796
797
798
799
800
801
802
803
804
805
806
807
808
809
810
811
812
813
814
815
816
817
818
819
820
821
822
823
824
825
826
827
828
829
830
831
832
833
834
835
836
837
838
839
840
841
842
843
844
845
846
847
848
849
850
851
852
853
854
855
856
857
858
859
860
861
862
863
864
865
866
867
868
869
870
871
872
873
874
875
876
877
878
879
880
881
882
883
884
885
886
887
888
889
890
891
892
893
894
895
896
897
898
899
900
901
902
903
904
905
906
907
908
909
910
911
912
913
914
915
916
917
918
919
920
921
922
923
924
925
926
927
928
929
930
931
932
933
934
935
936
937
938
939
940
941
942
943
944
945
946
14.63445704151654 2.5 0
14.29063677727014 2.5 0
8.115663572444998 2.5 0
2.695849493668039 2.5 0
3.012530072000116 2.5 0
7.82232501556231 2.500646551557866 0
7.892203470405629 2.473527983610543 0
7.778985799586126 2.473527983610543 0
8.152090419666475 2.47320470783161 0
8.038872748846973 2.47320470783161 0
2.775679975582619 2.47320470783161 0
2.6536765724298 2.47320470783161 0
3.056023667901476 2.47320470783161 0
2.934020264748658 2.47320470783161 0
14.37552572520546 2.47320470783161 0
14.25352232205265 2.47320470783161 0
14.66943926048149 2.47320470783161 0
14.54743585732867 2.47320470783161 0
16.39883198148325 2.5 0
16.5072896020048 2.5 0
16.3251301655866 2.5 0
9.090174700035442 2.5 0
9.203392370854946 2.5 0
8.976957029215939 2.5 0
15.7380145084382 2.5 0
15.93371972748766 2.5 0
15.83586711796293 2.5 0
7.965976366658806 2.5 0
7.803019541439046 2.527118567947323 0
7.884497954048927 2.513559283973662 0
8.135845560633271 2.52679529216839 0
8.050910963646039 2.513397646084195 0
14.66047652412801 2.52679529216839 0
14.46254690939334 2.5 0
14.56151171676067 2.513397646084195 0
14.26674953091122 2.52679529216839 0
14.36464822015228 2.513397646084195 0
3.030038177675165 2.52679529216839 0
2.854189782834077 2.5 0
2.942113980254621 2.513397646084195 0
2.677020713329867 2.52679529216839 0
2.765605248081972 2.513397646084195 0
3.630393702685737 2.5 0
3.390212351908605 2.5 0
3.510303027297171 2.5 0
4.587770912164938 2.5 0
4.350937755017132 2.5 0
4.469354333591035 2.5 0
7.666601955086422 2.5 0
7.734810748262734 2.513559283973662 0
7.429768797938616 2.5 0
7.548185376512519 2.5 0
8.265350778231189 2.5 0
8.200598169432229 2.513397646084195 0
8.502552861892774 2.5 0
8.383951820061981 2.5 0
12.25543197555003 2.5 0
12.48834380924964 2.5 0
12.37188789239983 2.5 0
3.870575053462868 2.5 0
3.750484378074303 2.5 0
4.11075640424 2.5 0
3.990665728851434 2.5 0
4.230847079628567 2.5 0
16.12942494653713 2.5 0
16.0315723370124 2.5 0
16.22727755606186 2.5 0
8.739754945554356 2.5 0
8.621153903723563 2.5 0
8.858355987385147 2.5 0
9.440594454516528 2.5 0
9.321993412685737 2.5 0
9.677796538178113 2.5 0
9.55919549634732 2.5 0
9.914998621839695 2.5 0
9.796397580008904 2.5 0
10.15220070550128 2.5 0
10.03359966367049 2.5 0
10.38940278916286 2.5 0
10.27080174733207 2.5 0
10.62660487282445 2.5 0
10.50800383099365 2.5 0
10.86380695648603 2.5 0
10.74520591465524 2.5 0
11.10100904014761 2.5 0
10.98240799831682 2.5 0
11.3382111238092 2.5 0
11.2196100819784 2.5 0
11.57541320747078 2.5 0
11.45681216563999 2.5 0
2.318167213759549 2.5 0
2.098825223017101 2.5 0
2.208496218388325 2.5 0
2.537509204501998 2.5 0
2.427838209130774 2.5 0
2.607264958915932 2.513397646084195 0
3.170870361166157 2.5 0
3.280541356537381 2.5 0
3.100454269420661 2.513397646084195 0
4.824604069312745 2.5 0
4.706187490738841 2.5 0
5.061437226460551 2.5 0
4.943020647886648 2.5 0
5.535103540756165 2.5 0
5.298270383608358 2.5 0
5.416686962182261 2.5 0
5.771936697903971 2.5 0
5.653520119330068 2.5 0
6.008769855051778 2.5 0
5.890353276477875 2.5 0
6.245603012199584 2.5 0
6.127186433625681 2.5 0
6.482436169347391 2.5 0
6.364019590773487 2.5 0
6.719269326495197 2.5 0
6.600852747921294 2.5 0
6.956102483643003 2.5 0
6.8376859050691 2.5 0
7.192935640790809 2.5 0
7.074519062216907 2.5 0
7.311352219364712 2.5 0
12.72125564294925 2.5 0
12.60479972609945 2.5 0
12.95416747664887 2.5 0
12.83771155979906 2.5 0
13.18707931034848 2.5 0
13.07062339349867 2.5 0
13.41999114404809 2.5 0
13.30353522719829 2.5 0
13.65290297774771 2.5 0
13.5364470608979 2.5 0
13.88581481144732 2.5 0
13.76935889459751 2.5 0
14.11872664514693 2.5 0
14.00227072829713 2.5 0
14.19273808802907 2.513397646084195 0
14.80636717363975 2.5 0
14.73342184888388 2.513397646084195 0
15.03927900733936 2.5 0
14.92282309048955 2.5 0
15.27219084103897 2.5 0
15.15573492418917 2.5 0
15.50510267473859 2.5 0
15.62155859158839 2.5 0
15.38864675788878 2.5 0
16.73775062567916 2.5 0
16.62252011384198 2.5 0
16.96821164935352 2.5 0
16.85298113751634 2.5 0
17.19867267302789 2.5 0
17.0834421611907 2.5 0
17.42913369670226 2.5 0
17.31390318486507 2.5 0
17.65959472037662 2.5 0
17.54436420853943 2.5 0
17.89005574405098 2.5 0
17.7748252322138 2.5 0
12.0340236333412 2.5 0
11.81261529113236 2.5 0
11.92331946223678 2.5 0
11.69401424930157 2.5 0
18.00528625588817 2.5 0
5.179853805034455 2.5 0
12.14472780444561 2.5 0
1.989154227645876 2.5 0
7.840017841473733 2.464488460961435 0
8.088754254860632 2.46427294377548 0
2.720954534118934 2.46427294377548 0
2.989185931100052 2.46427294377548 0
14.32248643908203 2.46427294377548 0
14.59976439803459 2.46427294377548 0
16.46659134779673 2.51786352811226 0
16.34515172351794 2.51786352811226 0
9.167014458384623 2.48213647188774 0
9.016057563958618 2.48213647188774 0
2 3 0 7
947
948
949
950
951
952
953
3.673256528957363 2.617985980304467 0
3.55507858133305 2.617985980304467 0
4.145968319454616 2.617985980304467 0
4.264146267078929 2.617985980304467 0
3.90961242420599 2.617985980304467 0
3.791434476581676 2.617985980304467 0
4.027790371830303 2.617985980304467 0
2 4 0 7
954
955
956
957
958
959
960
7.969870808068664 2.613034722042095 0
7.783714067315783 2.613034722042095 0
7.876792437692224 2.613034722042095 0
8.156027548821545 2.613034722042095 0
8.062949178445104 2.613034722042095 0
7.690635696939343 2.613034722042095 0
8.249105919197984 2.613034722042095 0
2 5 0 3
961
962
963
12.03012919193134 2.6242238455724 0
11.92193852054201 2.6242238455724 0
12.13831986332067 2.6242238455724 0
2 6 0 23
964
965
966
967
968
969
970
971
972
973
974
975
976
977
978
979
980
981
982
983
984
985
986
16.15719499562438 2.631655965797941 0
15.91756807878411 2.639856544798642 0
16.26322804708108 2.625524805752954 0
16.02358435200479 2.633703356842584 0
16.2505096273342 2.589557695044867 0
16.21021152135273 2.628590385775448 0
16.1237912857092 2.592623275067361 0
16.1871504565217 2.591090485056114 0
15.85657419549577 2.596723564567711 0
15.93027601139241 2.675809887930948 0
15.86292816179992 2.654243397815483 0
16.32421144323084 2.668644018408104 0
16.3178522333574 2.611117301372442 0
16.09038967381458 2.632679661320263 0
15.98328414800275 2.593646970589683 0
16.05353771685597 2.593135122828521 0
16.19749310160584 2.671709598430597 0
16.26085227241834 2.670176808419351 0
15.97057621539445 2.636779950820614 0
16.0569859638994 2.672733293952919 0
15.99363098764591 2.674271590941934 0
16.12723953275262 2.672221446191759 0
15.91992917174926 2.595185267578697 0
2 7 0 39
987
988
989
990
991
992
993
994
995
996
997
998
999
1000
1001
1002
1003
1004
1005
1006
1007
1008
1009
1010
1011
1012
1013
1014
1015
1016
1017
1018
1019
1020
1021
1022
1023
1024
1025
9.094258633443978 2.392161529507073 0
9.320693975082984 2.392161529507073 0
9.207476304263482 2.392161529507073 0
11.35861204983404 2.392161529507073 0
11.13217670819503 2.392161529507073 0
11.24539437901453 2.392161529507073 0
10 2.392161529507073 0
9.773564658360996 2.392161529507073 0
9.886782329180498 2.392161529507073 0
10.67930602491702 2.392161529507073 0
10.45287068327801 2.392161529507073 0
10.56608835409752 2.392161529507073 0
8.641387950165967 2.392161529507073 0
8.41495260852696 2.392161529507073 0
8.528170279346464 2.392161529507073 0
8.867823291804973 2.392161529507073 0
8.754605620985469 2.392161529507073 0
11.81148273311205 2.392161529507073 0
11.58504739147304 2.392161529507073 0
11.69826506229255 2.392161529507073 0
12.03791807475105 2.392161529507073 0
11.92470040393155 2.392161529507073 0
7.962081925248949 2.392161529507073 0
7.848864254429445 2.392161529507073 0
9.547129316721989 2.392161529507073 0
9.660346987541493 2.392161529507073 0
10.90574136655603 2.392161529507073 0
10.79252369573652 2.392161529507073 0
12.15113574557056 2.392161529507073 0
8.981040962624474 2.392161529507073 0
10.22643534163901 2.392161529507073 0
10.1132176708195 2.392161529507073 0
10.33965301245851 2.392161529507073 0
11.47182972065354 2.392161529507073 0
8.188517266887954 2.392161529507073 0
8.075299596068451 2.392161529507073 0
8.301734937707458 2.392161529507073 0
9.433911645902487 2.392161529507073 0
11.01895903737553 2.392161529507073 0
2 8 0 8606
1026
1027
1028
1029
1030
1031
1032
1033
1034
1035
1036
1037
1038
1039
1040
1041
1042
1043
1044
1045
1046
1047
1048
1049
1050
1051
1052
1053
1054
1055
1056
1057
1058
1059
1060
1061
1062
1063
1064
1065
1066
1067
1068
1069
1070
1071
1072
1073
1074
1075
1076
1077
1078
1079
1080
1081
1082
1083
1084
1085
1086
1087
1088
1089
1090
1091
1092
1093
1094
1095
1096
1097
1098
1099
1100
1101
1102
1103
1104
1105
1106
1107
1108
1109
1110
1111
1112
1113
1114
1115
1116
1117
1118
1119
1120
1121
1122
1123
1124
1125
1126
1127
1128
1129
1130
1131
1132
1133
1134
1135
1136
1137
1138
1139
1140
1141
1142
1143
1144
1145
1146
1147
1148
1149
1150
1151
1152
1153
1154
1155
1156
1157
1158
1159
1160
1161
1162
1163
1164
1165
1166
1167
1168
1169
1170
1171
1172
1173
1174
1175
1176
1177
1178
1179
1180
1181
1182
1183
1184
1185
1186
1187
1188
1189
1190
1191
1192
1193
1194
1195
1196
1197
1198
1199
1200
1201
1202
1203
1204
1205
1206
1207
1208
1209
1210
1211
1212
1213
1214
1215
1216
1217
1218
1219
1220
1221
1222
1223
1224
1225
1226
1227
1228
1229
1230
1231
1232
1233
1234
1235
1236
1237
1238
1239
1240
1241
1242
1243
1244
1245
1246
1247
1248
1249
1250
1251
1252
1253
1254
1255
1256
1257
1258
1259
1260
1261
1262
1263
1264
1265
1266
1267
1268
1269
1270
1271
1272
1273
1274
1275
1276
1277
1278
1279
1280
1281
1282
1283
1284
1285
1286
1287
1288
1289
1290
1291
1292
1293
1294
1295
1296
1297
1298
1299
1300
1301
1302
1303
1304
1305
1306
1307
1308
1309
1310
1311
1312
1313
1314
1315
1316
1317
1318
1319
1320
1321
1322
1323
1324
1325
1326
1327
1328
1329
1330
1331
1332
1333
1334
1335
1336
1337
1338
1339
1340
1341
1342
1343
1344
1345
1346
1347
1348
1349
1350
1351
1352
1353
1354
1355
1356
1357
1358
1359
1360
1361
1362
1363
1364
1365
1366
1367
1368
1369
1370
1371
1372
1373
1374
1375
1376
1377
1378
1379
1380
1381
1382
1383
1384
1385
1386
1387
1388
1389
1390
1391
1392
1393
1394
1395
1396
1397
1398
1399
1400
1401
1402
1403
1404
1405
1406
1407
1408
1409
1410
1411
1412
1413
1414
1415
1416
1417
1418
1419
1420
1421
1422
1423
1424
1425
1426
1427
1428
1429
1430
1431
1432
1433
1434
1435
1436
1437
1438
1439
1440
1441
1442
1443
1444
1445
1446
1447
1448
1449
1450
1451
1452
1453
1454
1455
1456
1457
1458
1459
1460
1461
1462
1463
1464
1465
1466
1467
1468
1469
1470
1471
1472
1473
1474
1475
1476
1477
1478
1479
1480
1481
1482
1483
1484
1485
1486
1487
1488
1489
1490
1491
1492
1493
1494
1495
1496
1497
1498
1499
1500
1501
1502
1503
1504
1505
1506
1507
1508
1509
1510
1511
1512
1513
1514
1515
1516
1517
1518
1519
1520
1521
1522
1523
1524
1525
1526
1527
1528
1529
1530
1531
1532
1533
1534
1535
1536
1537
1538
1539
1540
1541
1542
1543
1544
1545
1546
1547
1548
1549
1550
1551
1552
1553
1554
1555
1556
1557
1558
1559
1560
1561
1562
1563
1564
1565
1566
1567
1568
1569
1570
1571
1572
1573
1574
1575
1576
1577
1578
1579
1580
1581
1582
1583
1584
1585
1586
1587
1588
1589
1590
1591
1592
1593
1594
1595
1596
1597
1598
1599
1600
1601
1602
1603
1604
1605
1606
1607
1608
1609
1610
1611
1612
1613
1614
1615
1616
1617
1618
1619
1620
1621
1622
1623
1624
1625
1626
1627
1628
1629
1630
1631
1632
1633
1634
1635
1636
1637
1638
1639
1640
1641
1642
1643
1644
1645
1646
1647
1648
1649
1650
1651
1652
1653
1654
1655
1656
1657
1658
1659
1660
1661
1662
1663
1664
1665
1666
1667
1668
1669
1670
1671
1672
1673
1674
1675
1676
1677
1678
1679
1680
1681
1682
1683
1684
1685
1686
1687
1688
1689
1690
1691
1692
1693
1694
1695
1696
1697
1698
1699
1700
1701
1702
1703
1704
1705
1706
1707
1708
1709
1710
1711
1712
1713
1714
1715
1716
1717
1718
1719
1720
1721
1722
1723
1724
1725
1726
1727
1728
1729
1730
1731
1732
1733
1734
1735
1736
1737
1738
1739
1740
1741
1742
1743
1744
1745
1746
1747
1748
1749
1750
1751
1752
1753
1754
1755
1756
1757
1758
1759
1760
1761
1762
1763
1764
1765
1766
1767
1768
1769
1770
1771
1772
1773
1774
1775
1776
1777
1778
1779
1780
1781
1782
1783
1784
1785
1786
1787
1788
1789
1790
1791
1792
1793
1794
1795
1796
1797
1798
1799
1800
1801
1802
1803
1804
1805
1806
1807
1808
1809
1810
1811
1812
1813
1814
1815
1816
1817
1818
1819
1820
1821
1822
1823
1824
1825
1826
1827
1828
1829
1830
1831
1832
1833
1834
1835
1836
1837
1838
1839
1840
1841
1842
1843
1844
1845
1846
1847
1848
1849
1850
1851
1852
1853
1854
1855
1856
1857
1858
1859
1860
1861
1862
1863
1864
1865
1866
1867
1868
1869
1870
1871
1872
1873
1874
1875
1876
1877
1878
1879
1880
1881
1882
1883
1884
1885
1886
1887
1888
1889
1890
1891
1892
1893
1894
1895
1896
1897
1898
1899
1900
1901
1902
1903
1904
1905
1906
1907
1908
1909
1910
1911
1912
1913
1914
1915
1916
1917
1918
1919
1920
1921
1922
1923
1924
1925
1926
1927
1928
1929
1930
1931
1932
1933
1934
1935
1936
1937
1938
1939
1940
1941
1942
1943
1944
1945
1946
1947
1948
1949
1950
1951
1952
1953
1954
1955
1956
1957
1958
1959
1960
1961
1962
1963
1964
1965
1966
1967
1968
1969
1970
1971
1972
1973
1974
1975
1976
1977
1978
1979
1980
1981
1982
1983
1984
1985
1986
1987
1988
1989
1990
1991
1992
1993
1994
1995
1996
1997
1998
1999
2000
2001
2002
2003
2004
2005
2006
2007
2008
2009
2010
2011
2012
2013
2014
2015
2016
2017
2018
2019
2020
2021
2022
2023
2024
2025
2026
2027
2028
2029
2030
2031
2032
2033
2034
2035
2036
2037
2038
2039
2040
2041
2042
2043
2044
2045
2046
2047
2048
2049
2050
2051
2052
2053
2054
2055
2056
2057
2058
2059
2060
2061
2062
2063
2064
2065
2066
2067
2068
2069
2070
2071
2072
2073
2074
2075
2076
2077
2078
2079
2080
2081
2082
2083
2084
2085
2086
2087
2088
2089
2090
2091
2092
2093
2094
2095
2096
2097
2098
2099
2100
2101
2102
2103
2104
2105
2106
2107
2108
2109
2110
2111
2112
2113
2114
2115
2116
2117
2118
2119
2120
2121
2122
2123
2124
2125
2126
2127
2128
2129
2130
2131
2132
2133
2134
2135
2136
2137
2138
2139
2140
2141
2142
2143
2144
2145
2146
2147
2148
2149
2150
2151
2152
2153
2154
2155
2156
2157
2158
2159
2160
2161
2162
2163
2164
2165
2166
2167
2168
2169
2170
2171
2172
2173
2174
2175
2176
2177
2178
2179
2180
2181
2182
2183
2184
2185
2186
2187
2188
2189
2190
2191
2192
2193
2194
2195
2196
2197
2198
2199
2200
2201
2202
2203
2204
2205
2206
2207
2208
2209
2210
2211
2212
2213
2214
2215
2216
2217
2218
2219
2220
2221
2222
2223
2224
2225
2226
2227
2228
2229
2230
2231
2232
2233
2234
2235
2236
2237
2238
2239
2240
2241
2242
2243
2244
2245
2246
2247
2248
2249
2250
2251
2252
2253
2254
2255
2256
2257
2258
2259
2260
2261
2262
2263
2264
2265
2266
2267
2268
2269
2270
2271
2272
2273
2274
2275
2276
2277
2278
2279
2280
2281
2282
2283
2284
2285
2286
2287
2288
2289
2290
2291
2292
2293
2294
2295
2296
2297
2298
2299
2300
2301
2302
2303
2304
2305
2306
2307
2308
2309
2310
2311
2312
2313
2314
2315
2316
2317
2318
2319
2320
2321
2322
2323
2324
2325
2326
2327
2328
2329
2330
2331
2332
2333
2334
2335
2336
2337
2338
2339
2340
2341
2342
2343
2344
2345
2346
2347
2348
2349
2350
2351
2352
2353
2354
2355
2356
2357
2358
2359
2360
2361
2362
2363
2364
2365
2366
2367
2368
2369
2370
2371
2372
2373
2374
2375
2376
2377
2378
2379
2380
2381
2382
2383
2384
2385
2386
2387
2388
2389
2390
2391
2392
2393
2394
2395
2396
2397
2398
2399
2400
2401
2402
2403
2404
2405
2406
2407
2408
2409
2410
2411
2412
2413
2414
2415
2416
2417
2418
2419
2420
2421
2422
2423
2424
2425
2426
2427
2428
2429
2430
2431
2432
2433
2434
2435
2436
2437
2438
2439
2440
2441
2442
2443
2444
2445
2446
2447
2448
2449
2450
2451
2452
2453
2454
2455
2456
2457
2458
2459
2460
2461
2462
2463
2464
2465
2466
2467
2468
2469
2470
2471
2472
2473
2474
2475
2476
2477
2478
2479
2480
2481
2482
2483
2484
2485
2486
2487
2488
2489
2490
2491
2492
2493
2494
2495
2496
2497
2498
2499
2500
2501
2502
2503
2504
2505
2506
2507
2508
2509
2510
2511
2512
2513
2514
2515
2516
2517
2518
2519
2520
2521
2522
2523
2524
2525
2526
2527
2528
2529
2530
2531
2532
2533
2534
2535
2536
2537
2538
2539
2540
2541
2542
2543
2544
2545
2546
2547
2548
2549
2550
2551
2552
2553
2554
2555
2556
2557
2558
2559
2560
2561
2562
2563
2564
2565
2566
2567
2568
2569
2570
2571
2572
2573
2574
2575
2576
2577
2578
2579
2580
2581
2582
2583
2584
2585
2586
2587
2588
2589
2590
2591
2592
2593
2594
2595
2596
2597
2598
2599
2600
2601
2602
2603
2604
2605
2606
2607
2608
2609
2610
2611
2612
2613
2614
2615
2616
2617
2618
2619
2620
2621
2622
2623
2624
2625
2626
2627
2628
2629
2630
2631
2632
2633
2634
2635
2636
2637
2638
2639
2640
2641
2642
2643
2644
2645
2646
2647
2648
2649
2650
2651
2652
2653
2654
2655
2656
2657
2658
2659
2660
2661
2662
2663
2664
2665
2666
2667
2668
2669
2670
2671
2672
2673
2674
2675
2676
2677
2678
2679
2680
2681
2682
2683
2684
2685
2686
2687
2688
2689
2690
2691
2692
2693
2694
2695
2696
2697
2698
2699
2700
2701
2702
2703
2704
2705
2706
2707
2708
2709
2710
2711
2712
2713
2714
2715
2716
2717
2718
2719
2720
2721
2722
2723
2724
2725
2726
2727
2728
2729
2730
2731
2732
2733
2734
2735
2736
2737
2738
2739
2740
2741
2742
2743
2744
2745
2746
2747
2748
2749
2750
2751
2752
2753
2754
2755
2756
2757
2758
2759
2760
2761
2762
2763
2764
2765
2766
2767
2768
2769
2770
2771
2772
2773
2774
2775
2776
2777
2778
2779
2780
2781
2782
2783
2784
2785
2786
2787
2788
2789
2790
2791
2792
2793
2794
2795
2796
2797
2798
2799
2800
2801
2802
2803
2804
2805
2806
2807
2808
2809
2810
2811
2812
2813
2814
2815
2816
2817
2818
2819
2820
2821
2822
2823
2824
2825
2826
2827
2828
2829
2830
2831
2832
2833
2834
2835
2836
2837
2838
2839
2840
2841
2842
2843
2844
2845
2846
2847
2848
2849
2850
2851
2852
2853
2854
2855
2856
2857
2858
2859
2860
2861
2862
2863
2864
2865
2866
2867
2868
2869
2870
2871
2872
2873
2874
2875
2876
2877
2878
2879
2880
2881
2882
2883
2884
2885
2886
2887
2888
2889
2890
2891
2892
2893
2894
2895
2896
2897
2898
2899
2900
2901
2902
2903
2904
2905
2906
2907
2908
2909
2910
2911
2912
2913
2914
2915
2916
2917
2918
2919
2920
2921
2922
2923
2924
2925
2926
2927
2928
2929
2930
2931
2932
2933
2934
2935
2936
2937
2938
2939
2940
2941
2942
2943
2944
2945
2946
2947
2948
2949
2950
2951
2952
2953
2954
2955
2956
2957
2958
2959
2960
2961
2962
2963
2964
2965
2966
2967
2968
2969
2970
2971
2972
2973
2974
2975
2976
2977
2978
2979
2980
2981
2982
2983
2984
2985
2986
2987
2988
2989
2990
2991
2992
2993
2994
2995
2996
2997
2998
2999
3000
3001
3002
3003
3004
3005
3006
3007
3008
3009
3010
3011
3012
3013
3014
3015
3016
3017
3018
3019
3020
3021
3022
3023
3024
3025
3026
3027
3028
3029
3030
3031
3032
3033
3034
3035
3036
3037
3038
3039
3040
3041
3042
3043
3044
3045
3046
3047
3048
3049
3050
3051
3052
3053
3054
3055
3056
3057
3058
3059
3060
3061
3062
3063
3064
3065
3066
3067
3068
3069
3070
3071
3072
3073
3074
3075
3076
3077
3078
3079
3080
3081
3082
3083
3084
3085
3086
3087
3088
3089
3090
3091
3092
3093
3094
3095
3096
3097
3098
3099
3100
3101
3102
3103
3104
3105
3106
3107
3108
3109
3110
3111
3112
3113
3114
3115
3116
3117
3118
3119
3120
3121
3122
3123
3124
3125
3126
3127
3128
3129
3130
3131
3132
3133
3134
3135
3136
3137
3138
3139
3140
3141
3142
3143
3144
3145
3146
3147
3148
3149
3150
3151
3152
3153
3154
3155
3156
3157
3158
3159
3160
3161
3162
3163
3164
3165
3166
3167
3168
3169
3170
3171
3172
3173
3174
3175
3176
3177
3178
3179
3180
3181
3182
3183
3184
3185
3186
3187
3188
3189
3190
3191
3192
3193
3194
3195
3196
3197
3198
3199
3200
3201
3202
3203
3204
3205
3206
3207
3208
3209
3210
3211
3212
3213
3214
3215
3216
3217
3218
3219
3220
3221
3222
3223
3224
3225
3226
3227
3228
3229
3230
3231
3232
3233
3234
3235
3236
3237
3238
3239
3240
3241
3242
3243
3244
3245
3246
3247
3248
3249
3250
3251
3252
3253
3254
3255
3256
3257
3258
3259
3260
3261
3262
3263
3264
3265
3266
3267
3268
3269
3270
3271
3272
3273
3274
3275
3276
3277
3278
3279
3280
3281
3282
3283
3284
3285
3286
3287
3288
3289
3290
3291
3292
3293
3294
3295
3296
3297
3298
3299
3300
3301
3302
3303
3304
3305
3306
3307
3308
3309
3310
3311
3312
3313
3314
3315
3316
3317
3318
3319
3320
3321
3322
3323
3324
3325
3326
3327
3328
3329
3330
3331
3332
3333
3334
3335
3336
3337
3338
3339
3340
3341
3342
3343
3344
3345
3346
3347
3348
3349
3350
3351
3352
3353
3354
3355
3356
3357
3358
3359
3360
3361
3362
3363
3364
3365
3366
3367
3368
3369
3370
3371
3372
3373
3374
3375
3376
3377
3378
3379
3380
3381
3382
3383
3384
3385
3386
3387
3388
3389
3390
3391
3392
3393
3394
3395
3396
3397
3398
3399
3400
3401
3402
3403
3404
3405
3406
3407
3408
3409
3410
3411
3412
3413
3414
3415
3416
3417
3418
3419
3420
3421
3422
3423
3424
3425
3426
3427
3428
3429
3430
3431
3432
3433
3434
3435
3436
3437
3438
3439
3440
3441
3442
3443
3444
3445
3446
3447
3448
3449
3450
3451
3452
3453
3454
3455
3456
3457
3458
3459
3460
3461
3462
3463
3464
3465
3466
3467
3468
3469
3470
3471
3472
3473
3474
3475
3476
3477
3478
3479
3480
3481
3482
3483
3484
3485
3486
3487
3488
3489
3490
3491
3492
3493
3494
3495
3496
3497
3498
3499
3500
3501
3502
3503
3504
3505
3506
3507
3508
3509
3510
3511
3512
3513
3514
3515
3516
3517
3518
3519
3520
3521
3522
3523
3524
3525
3526
3527
3528
3529
3530
3531
3532
3533
3534
3535
3536
3537
3538
3539
3540
3541
3542
3543
3544
3545
3546
3547
3548
3549
3550
3551
3552
3553
3554
3555
3556
3557
3558
3559
3560
3561
3562
3563
3564
3565
3566
3567
3568
3569
3570
3571
3572
3573
3574
3575
3576
3577
3578
3579
3580
3581
3582
3583
3584
3585
3586
3587
3588
3589
3590
3591
3592
3593
3594
3595
3596
3597
3598
3599
3600
3601
3602
3603
3604
3605
3606
3607
3608
3609
3610
3611
3612
3613
3614
3615
3616
3617
3618
3619
3620
3621
3622
3623
3624
3625
3626
3627
3628
3629
3630
3631
3632
3633
3634
3635
3636
3637
3638
3639
3640
3641
3642
3643
3644
3645
3646
3647
3648
3649
3650
3651
3652
3653
3654
3655
3656
3657
3658
3659
3660
3661
3662
3663
3664
3665
3666
3667
3668
3669
3670
3671
3672
3673
3674
3675
3676
3677
3678
3679
3680
3681
3682
3683
3684
3685
3686
3687
3688
3689
3690
3691
3692
3693
3694
3695
3696
3697
3698
3699
3700
3701
3702
3703
3704
3705
3706
3707
3708
3709
3710
3711
3712
3713
3714
3715
3716
3717
3718
3719
3720
3721
3722
3723
3724
3725
3726
3727
3728
3729
3730
3731
3732
3733
3734
3735
3736
3737
3738
3739
3740
3741
3742
3743
3744
3745
3746
3747
3748
3749
3750
3751
3752
3753
3754
3755
3756
3757
3758
3759
3760
3761
3762
3763
3764
3765
3766
3767
3768
3769
3770
3771
3772
3773
3774
3775
3776
3777
3778
3779
3780
3781
3782
3783
3784
3785
3786
3787
3788
3789
3790
3791
3792
3793
3794
3795
3796
3797
3798
3799
3800
3801
3802
3803
3804
3805
3806
3807
3808
3809
3810
3811
3812
3813
3814
3815
3816
3817
3818
3819
3820
3821
3822
3823
3824
3825
3826
3827
3828
3829
3830
3831
3832
3833
3834
3835
3836
3837
3838
3839
3840
3841
3842
3843
3844
3845
3846
3847
3848
3849
3850
3851
3852
3853
3854
3855
3856
3857
3858
3859
3860
3861
3862
3863
3864
3865
3866
3867
3868
3869
3870
3871
3872
3873
3874
3875
3876
3877
3878
3879
3880
3881
3882
3883
3884
3885
3886
3887
3888
3889
3890
3891
3892
3893
3894
3895
3896
3897
3898
3899
3900
3901
3902
3903
3904
3905
3906
3907
3908
3909
3910
3911
3912
3913
3914
3915
3916
3917
3918
3919
3920
3921
3922
3923
3924
3925
3926
3927
3928
3929
3930
3931
3932
3933
3934
3935
3936
3937
3938
3939
3940
3941
3942
3943
3944
3945
3946
3947
3948
3949
3950
3951
3952
3953
3954
3955
3956
3957
3958
3959
3960
3961
3962
3963
3964
3965
3966
3967
3968
3969
3970
3971
3972
3973
3974
3975
3976
3977
3978
3979
3980
3981
3982
3983
3984
3985
3986
3987
3988
3989
3990
3991
3992
3993
3994
3995
3996
3997
3998
3999
4000
4001
4002
4003
4004
4005
4006
4007
4008
4009
4010
4011
4012
4013
4014
4015
4016
4017
4018
4019
4020
4021
4022
4023
4024
4025
4026
4027
4028
4029
4030
4031
4032
4033
4034
4035
4036
4037
4038
4039
4040
4041
4042
4043
4044
4045
4046
4047
4048
4049
4050
4051
4052
4053
4054
4055
4056
4057
4058
4059
4060
4061
4062
4063
4064
4065
4066
4067
4068
4069
4070
4071
4072
4073
4074
4075
4076
4077
4078
4079
4080
4081
4082
4083
4084
4085
4086
4087
4088
4089
4090
4091
4092
4093
4094
4095
4096
4097
4098
4099
4100
4101
4102
4103
4104
4105
4106
4107
4108
4109
4110
4111
4112
4113
4114
4115
4116
4117
4118
4119
4120
4121
4122
4123
4124
4125
4126
4127
4128
4129
4130
4131
4132
4133
4134
4135
4136
4137
4138
4139
4140
4141
4142
4143
4144
4145
4146
4147
4148
4149
4150
4151
4152
4153
4154
4155
4156
4157
4158
4159
4160
4161
4162
4163
4164
4165
4166
4167
4168
4169
4170
4171
4172
4173
4174
4175
4176
4177
4178
4179
4180
4181
4182
4183
4184
4185
4186
4187
4188
4189
4190
4191
4192
4193
4194
4195
4196
4197
4198
4199
4200
4201
4202
4203
4204
4205
4206
4207
4208
4209
4210
4211
4212
4213
4214
4215
4216
4217
4218
4219
4220
4221
4222
4223
4224
4225
4226
4227
4228
4229
4230
4231
4232
4233
4234
4235
4236
4237
4238
4239
4240
4241
4242
4243
4244
4245
4246
4247
4248
4249
4250
4251
4252
4253
4254
4255
4256
4257
4258
4259
4260
4261
4262
4263
4264
4265
4266
4267
4268
4269
4270
4271
4272
4273
4274
4275
4276
4277
4278
4279
4280
4281
4282
4283
4284
4285
4286
4287
4288
4289
4290
4291
4292
4293
4294
4295
4296
4297
4298
4299
4300
4301
4302
4303
4304
4305
4306
4307
4308
4309
4310
4311
4312
4313
4314
4315
4316
4317
4318
4319
4320
4321
4322
4323
4324
4325
4326
4327
4328
4329
4330
4331
4332
4333
4334
4335
4336
4337
4338
4339
4340
4341
4342
4343
4344
4345
4346
4347
4348
4349
4350
4351
4352
4353
4354
4355
4356
4357
4358
4359
4360
4361
4362
4363
4364
4365
4366
4367
4368
4369
4370
4371
4372
4373
4374
4375
4376
4377
4378
4379
4380
4381
4382
4383
4384
4385
4386
4387
4388
4389
4390
4391
4392
4393
4394
4395
4396
4397
4398
4399
4400
4401
4402
4403
4404
4405
4406
4407
4408
4409
4410
4411
4412
4413
4414
4415
4416
4417
4418
4419
4420
4421
4422
4423
4424
4425
4426
4427
4428
4429
4430
4431
4432
4433
4434
4435
4436
4437
4438
4439
4440
4441
4442
4443
4444
4445
4446
4447
4448
4449
4450
4451
4452
4453
4454
4455
4456
4457
4458
4459
4460
4461
4462
4463
4464
4465
4466
4467
4468
4469
4470
4471
4472
4473
4474
4475
4476
4477
4478
4479
4480
4481
4482
4483
4484
4485
4486
4487
4488
4489
4490
4491
4492
4493
4494
4495
4496
4497
4498
4499
4500
4501
4502
4503
4504
4505
4506
4507
4508
4509
4510
4511
4512
4513
4514
4515
4516
4517
4518
4519
4520
4521
4522
4523
4524
4525
4526
4527
4528
4529
4530
4531
4532
4533
4534
4535
4536
4537
4538
4539
4540
4541
4542
4543
4544
4545
4546
4547
4548
4549
4550
4551
4552
4553
4554
4555
4556
4557
4558
4559
4560
4561
4562
4563
4564
4565
4566
4567
4568
4569
4570
4571
4572
4573
4574
4575
4576
4577
4578
4579
4580
4581
4582
4583
4584
4585
4586
4587
4588
4589
4590
4591
4592
4593
4594
4595
4596
4597
4598
4599
4600
4601
4602
4603
4604
4605
4606
4607
4608
4609
4610
4611
4612
4613
4614
4615
4616
4617
4618
4619
4620
4621
4622
4623
4624
4625
4626
4627
4628
4629
4630
4631
4632
4633
4634
4635
4636
4637
4638
4639
4640
4641
4642
4643
4644
4645
4646
4647
4648
4649
4650
4651
4652
4653
4654
4655
4656
4657
4658
4659
4660
4661
4662
4663
4664
4665
4666
4667
4668
4669
4670
4671
4672
4673
4674
4675
4676
4677
4678
4679
4680
4681
4682
4683
4684
4685
4686
4687
4688
4689
4690
4691
4692
4693
4694
4695
4696
4697
4698
4699
4700
4701
4702
4703
4704
4705
4706
4707
4708
4709
4710
4711
4712
4713
4714
4715
4716
4717
4718
4719
4720
4721
4722
4723
4724
4725
4726
4727
4728
4729
4730
4731
4732
4733
4734
4735
4736
4737
4738
4739
4740
4741
4742
4743
4744
4745
4746
4747
4748
4749
4750
4751
4752
4753
4754
4755
4756
4757
4758
4759
4760
4761
4762
4763
4764
4765
4766
4767
4768
4769
4770
4771
4772
4773
4774
4775
4776
4777
4778
4779
4780
4781
4782
4783
4784
4785
4786
4787
4788
4789
4790
4791
4792
4793
4794
4795
4796
4797
4798
4799
4800
4801
4802
4803
4804
4805
4806
4807
4808
4809
4810
4811
4812
4813
4814
4815
4816
4817
4818
4819
4820
4821
4822
4823
4824
4825
4826
4827
4828
4829
4830
4831
4832
4833
4834
4835
4836
4837
4838
4839
4840
4841
4842
4843
4844
4845
4846
4847
4848
4849
4850
4851
4852
4853
4854
4855
4856
4857
4858
4859
4860
4861
4862
4863
4864
4865
4866
4867
4868
4869
4870
4871
4872
4873
4874
4875
4876
4877
4878
4879
4880
4881
4882
4883
4884
4885
4886
4887
4888
4889
4890
4891
4892
4893
4894
4895
4896
4897
4898
4899
4900
4901
4902
4903
4904
4905
4906
4907
4908
4909
4910
4911
4912
4913
4914
4915
4916
4917
4918
4919
4920
4921
4922
4923
4924
4925
4926
4927
4928
4929
4930
4931
4932
4933
4934
4935
4936
4937
4938
4939
4940
4941
4942
4943
4944
4945
4946
4947
4948
4949
4950
4951
4952
4953
4954
4955
4956
4957
4958
4959
4960
4961
4962
4963
4964
4965
4966
4967
4968
4969
4970
4971
4972
4973
4974
4975
4976
4977
4978
4979
4980
4981
4982
4983
4984
4985
4986
4987
4988
4989
4990
4991
4992
4993
4994
4995
4996
4997
4998
4999
5000
5001
5002
5003
5004
5005
5006
5007
5008
5009
5010
5011
5012
5013
5014
5015
5016
5017
5018
5019
5020
5021
5022
5023
5024
5025
5026
5027
5028
5029
5030
5031
5032
5033
5034
5035
5036
5037
5038
5039
5040
5041
5042
5043
5044
5045
5046
5047
5048
5049
5050
5051
5052
5053
5054
5055
5056
5057
5058
5059
5060
5061
5062
5063
5064
5065
5066
5067
5068
5069
5070
5071
5072
5073
5074
5075
5076
5077
5078
5079
5080
5081
5082
5083
5084
5085
5086
5087
5088
5089
5090
5091
5092
5093
5094
5095
5096
5097
5098
5099
5100
5101
5102
5103
5104
5105
5106
5107
5108
5109
5110
5111
5112
5113
5114
5115
5116
5117
5118
5119
5120
5121
5122
5123
5124
5125
5126
5127
5128
5129
5130
5131
5132
5133
5134
5135
5136
5137
5138
5139
5140
5141
5142
5143
5144
5145
5146
5147
5148
5149
5150
5151
5152
5153
5154
5155
5156
5157
5158
5159
5160
5161
5162
5163
5164
5165
5166
5167
5168
5169
5170
5171
5172
5173
5174
5175
5176
5177
5178
5179
5180
5181
5182
5183
5184
5185
5186
5187
5188
5189
5190
5191
5192
5193
5194
5195
5196
5197
5198
5199
5200
5201
5202
5203
5204
5205
5206
5207
5208
5209
5210
5211
5212
5213
5214
5215
5216
5217
5218
5219
5220
5221
5222
5223
5224
5225
5226
5227
5228
5229
5230
5231
5232
5233
5234
5235
5236
5237
5238
5239
5240
5241
5242
5243
5244
5245
5246
5247
5248
5249
5250
5251
5252
5253
5254
5255
5256
5257
5258
5259
5260
5261
5262
5263
5264
5265
5266
5267
5268
5269
5270
5271
5272
5273
5274
5275
5276
5277
5278
5279
5280
5281
5282
5283
5284
5285
5286
5287
5288
5289
5290
5291
5292
5293
5294
5295
5296
5297
5298
5299
5300
5301
5302
5303
5304
5305
5306
5307
5308
5309
5310
5311
5312
5313
5314
5315
5316
5317
5318
5319
5320
5321
5322
5323
5324
5325
5326
5327
5328
5329
5330
5331
5332
5333
5334
5335
5336
5337
5338
5339
5340
5341
5342
5343
5344
5345
5346
5347
5348
5349
5350
5351
5352
5353
5354
5355
5356
5357
5358
5359
5360
5361
5362
5363
5364
5365
5366
5367
5368
5369
5370
5371
5372
5373
5374
5375
5376
5377
5378
5379
5380
5381
5382
5383
5384
5385
5386
5387
5388
5389
5390
5391
5392
5393
5394
5395
5396
5397
5398
5399
5400
5401
5402
5403
5404
5405
5406
5407
5408
5409
5410
5411
5412
5413
5414
5415
5416
5417
5418
5419
5420
5421
5422
5423
5424
5425
5426
5427
5428
5429
5430
5431
5432
5433
5434
5435
5436
5437
5438
5439
5440
5441
5442
5443
5444
5445
5446
5447
5448
5449
5450
5451
5452
5453
5454
5455
5456
5457
5458
5459
5460
5461
5462
5463
5464
5465
5466
5467
5468
5469
5470
5471
5472
5473
5474
5475
5476
5477
5478
5479
5480
5481
5482
5483
5484
5485
5486
5487
5488
5489
5490
5491
5492
5493
5494
5495
5496
5497
5498
5499
5500
5501
5502
5503
5504
5505
5506
5507
5508
5509
5510
5511
5512
5513
5514
5515
5516
5517
5518
5519
5520
5521
5522
5523
5524
5525
5526
5527
5528
5529
5530
5531
5532
5533
5534
5535
5536
5537
5538
5539
5540
5541
5542
5543
5544
5545
5546
5547
5548
5549
5550
5551
5552
5553
5554
5555
5556
5557
5558
5559
5560
5561
5562
5563
5564
5565
5566
5567
5568
5569
5570
5571
5572
5573
5574
5575
5576
5577
5578
5579
5580
5581
5582
5583
5584
5585
5586
5587
5588
5589
5590
5591
5592
5593
5594
5595
5596
5597
5598
5599
5600
5601
5602
5603
5604
5605
5606
5607
5608
5609
5610
5611
5612
5613
5614
5615
5616
5617
5618
5619
5620
5621
5622
5623
5624
5625
5626
5627
5628
5629
5630
5631
5632
5633
5634
5635
5636
5637
5638
5639
5640
5641
5642
5643
5644
5645
5646
5647
5648
5649
5650
5651
5652
5653
5654
5655
5656
5657
5658
5659
5660
5661
5662
5663
5664
5665
5666
5667
5668
5669
5670
5671
5672
5673
5674
5675
5676
5677
5678
5679
5680
5681
5682
5683
5684
5685
5686
5687
5688
5689
5690
5691
5692
5693
5694
5695
5696
5697
5698
5699
5700
5701
5702
5703
5704
5705
5706
5707
5708
5709
5710
5711
5712
5713
5714
5715
5716
5717
5718
5719
5720
5721
5722
5723
5724
5725
5726
5727
5728
5729
5730
5731
5732
5733
5734
5735
5736
5737
5738
5739
5740
5741
5742
5743
5744
5745
5746
5747
5748
5749
5750
5751
5752
5753
5754
5755
5756
5757
5758
5759
5760
5761
5762
5763
5764
5765
5766
5767
5768
5769
5770
5771
5772
5773
5774
5775
5776
5777
5778
5779
5780
5781
5782
5783
5784
5785
5786
5787
5788
5789
5790
5791
5792
5793
5794
5795
5796
5797
5798
5799
5800
5801
5802
5803
5804
5805
5806
5807
5808
5809
5810
5811
5812
5813
5814
5815
5816
5817
5818
5819
5820
5821
5822
5823
5824
5825
5826
5827
5828
5829
5830
5831
5832
5833
5834
5835
5836
5837
5838
5839
5840
5841
5842
5843
5844
5845
5846
5847
5848
5849
5850
5851
5852
5853
5854
5855
5856
5857
5858
5859
5860
5861
5862
5863
5864
5865
5866
5867
5868
5869
5870
5871
5872
5873
5874
5875
5876
5877
5878
5879
5880
5881
5882
5883
5884
5885
5886
5887
5888
5889
5890
5891
5892
5893
5894
5895
5896
5897
5898
5899
5900
5901
5902
5903
5904
5905
5906
5907
5908
5909
5910
5911
5912
5913
5914
5915
5916
5917
5918
5919
5920
5921
5922
5923
5924
5925
5926
5927
5928
5929
5930
5931
5932
5933
5934
5935
5936
5937
5938
5939
5940
5941
5942
5943
5944
5945
5946
5947
5948
5949
5950
5951
5952
5953
5954
5955
5956
5957
5958
5959
5960
5961
5962
5963
5964
5965
5966
5967
5968
5969
5970
5971
5972
5973
5974
5975
5976
5977
5978
5979
5980
5981
5982
5983
5984
5985
5986
5987
5988
5989
5990
5991
5992
5993
5994
5995
5996
5997
5998
5999
6000
6001
6002
6003
6004
6005
6006
6007
6008
6009
6010
6011
6012
6013
6014
6015
6016
6017
6018
6019
6020
6021
6022
6023
6024
6025
6026
6027
6028
6029
6030
6031
6032
6033
6034
6035
6036
6037
6038
6039
6040
6041
6042
6043
6044
6045
6046
6047
6048
6049
6050
6051
6052
6053
6054
6055
6056
6057
6058
6059
6060
6061
6062
6063
6064
6065
6066
6067
6068
6069
6070
6071
6072
6073
6074
6075
6076
6077
6078
6079
6080
6081
6082
6083
6084
6085
6086
6087
6088
6089
6090
6091
6092
6093
6094
6095
6096
6097
6098
6099
6100
6101
6102
6103
6104
6105
6106
6107
6108
6109
6110
6111
6112
6113
6114
6115
6116
6117
6118
6119
6120
6121
6122
6123
6124
6125
6126
6127
6128
6129
6130
6131
6132
6133
6134
6135
6136
6137
6138
6139
6140
6141
6142
6143
6144
6145
6146
6147
6148
6149
6150
6151
6152
6153
6154
6155
6156
6157
6158
6159
6160
6161
6162
6163
6164
6165
6166
6167
6168
6169
6170
6171
6172
6173
6174
6175
6176
6177
6178
6179
6180
6181
6182
6183
6184
6185
6186
6187
6188
6189
6190
6191
6192
6193
6194
6195
6196
6197
6198
6199
6200
6201
6202
6203
6204
6205
6206
6207
6208
6209
6210
6211
6212
6213
6214
6215
6216
6217
6218
6219
6220
6221
6222
6223
6224
6225
6226
6227
6228
6229
6230
6231
6232
6233
6234
6235
6236
6237
6238
6239
6240
6241
6242
6243
6244
6245
6246
6247
6248
6249
6250
6251
6252
6253
6254
6255
6256
6257
6258
6259
6260
6261
6262
6263
6264
6265
6266
6267
6268
6269
6270
6271
6272
6273
6274
6275
6276
6277
6278
6279
6280
6281
6282
6283
6284
6285
6286
6287
6288
6289
6290
6291
6292
6293
6294
6295
6296
6297
6298
6299
6300
6301
6302
6303
6304
6305
6306
6307
6308
6309
6310
6311
6312
6313
6314
6315
6316
6317
6318
6319
6320
6321
6322
6323
6324
6325
6326
6327
6328
6329
6330
6331
6332
6333
6334
6335
6336
6337
6338
6339
6340
6341
6342
6343
6344
6345
6346
6347
6348
6349
6350
6351
6352
6353
6354
6355
6356
6357
6358
6359
6360
6361
6362
6363
6364
6365
6366
6367
6368
6369
6370
6371
6372
6373
6374
6375
6376
6377
6378
6379
6380
6381
6382
6383
6384
6385
6386
6387
6388
6389
6390
6391
6392
6393
6394
6395
6396
6397
6398
6399
6400
6401
6402
6403
6404
6405
6406
6407
6408
6409
6410
6411
6412
6413
6414
6415
6416
6417
6418
6419
6420
6421
6422
6423
6424
6425
6426
6427
6428
6429
6430
6431
6432
6433
6434
6435
6436
6437
6438
6439
6440
6441
6442
6443
6444
6445
6446
6447
6448
6449
6450
6451
6452
6453
6454
6455
6456
6457
6458
6459
6460
6461
6462
6463
6464
6465
6466
6467
6468
6469
6470
6471
6472
6473
6474
6475
6476
6477
6478
6479
6480
6481
6482
6483
6484
6485
6486
6487
6488
6489
6490
6491
6492
6493
6494
6495
6496
6497
6498
6499
6500
6501
6502
6503
6504
6505
6506
6507
6508
6509
6510
6511
6512
6513
6514
6515
6516
6517
6518
6519
6520
6521
6522
6523
6524
6525
6526
6527
6528
6529
6530
6531
6532
6533
6534
6535
6536
6537
6538
6539
6540
6541
6542
6543
6544
6545
6546
6547
6548
6549
6550
6551
6552
6553
6554
6555
6556
6557
6558
6559
6560
6561
6562
6563
6564
6565
6566
6567
6568
6569
6570
6571
6572
6573
6574
6575
6576
6577
6578
6579
6580
6581
6582
6583
6584
6585
6586
6587
6588
6589
6590
6591
6592
6593
6594
6595
6596
6597
6598
6599
6600
6601
6602
6603
6604
6605
6606
6607
6608
6609
6610
6611
6612
6613
6614
6615
6616
6617
6618
6619
6620
6621
6622
6623
6624
6625
6626
6627
6628
6629
6630
6631
6632
6633
6634
6635
6636
6637
6638
6639
6640
6641
6642
6643
6644
6645
6646
6647
6648
6649
6650
6651
6652
6653
6654
6655
6656
6657
6658
6659
6660
6661
6662
6663
6664
6665
6666
6667
6668
6669
6670
6671
6672
6673
6674
6675
6676
6677
6678
6679
6680
6681
6682
6683
6684
6685
6686
6687
6688
6689
6690
6691
6692
6693
6694
6695
6696
6697
6698
6699
6700
6701
6702
6703
6704
6705
6706
6707
6708
6709
6710
6711
6712
6713
6714
6715
6716
6717
6718
6719
6720
6721
6722
6723
6724
6725
6726
6727
6728
6729
6730
6731
6732
6733
6734
6735
6736
6737
6738
6739
6740
6741
6742
6743
6744
6745
6746
6747
6748
6749
6750
6751
6752
6753
6754
6755
6756
6757
6758
6759
6760
6761
6762
6763
6764
6765
6766
6767
6768
6769
6770
6771
6772
6773
6774
6775
6776
6777
6778
6779
6780
6781
6782
6783
6784
6785
6786
6787
6788
6789
6790
6791
6792
6793
6794
6795
6796
6797
6798
6799
6800
6801
6802
6803
6804
6805
6806
6807
6808
6809
6810
6811
6812
6813
6814
6815
6816
6817
6818
6819
6820
6821
6822
6823
6824
6825
6826
6827
6828
6829
6830
6831
6832
6833
6834
6835
6836
6837
6838
6839
6840
6841
6842
6843
6844
6845
6846
6847
6848
6849
6850
6851
6852
6853
6854
6855
6856
6857
6858
6859
6860
6861
6862
6863
6864
6865
6866
6867
6868
6869
6870
6871
6872
6873
6874
6875
6876
6877
6878
6879
6880
6881
6882
6883
6884
6885
6886
6887
6888
6889
6890
6891
6892
6893
6894
6895
6896
6897
6898
6899
6900
6901
6902
6903
6904
6905
6906
6907
6908
6909
6910
6911
6912
6913
6914
6915
6916
6917
6918
6919
6920
6921
6922
6923
6924
6925
6926
6927
6928
6929
6930
6931
6932
6933
6934
6935
6936
6937
6938
6939
6940
6941
6942
6943
6944
6945
6946
6947
6948
6949
6950
6951
6952
6953
6954
6955
6956
6957
6958
6959
6960
6961
6962
6963
6964
6965
6966
6967
6968
6969
6970
6971
6972
6973
6974
6975
6976
6977
6978
6979
6980
6981
6982
6983
6984
6985
6986
6987
6988
6989
6990
6991
6992
6993
6994
6995
6996
6997
6998
6999
7000
7001
7002
7003
7004
7005
7006
7007
7008
7009
7010
7011
7012
7013
7014
7015
7016
7017
7018
7019
7020
7021
7022
7023
7024
7025
7026
7027
7028
7029
7030
7031
7032
7033
7034
7035
7036
7037
7038
7039
7040
7041
7042
7043
7044
7045
7046
7047
7048
7049
7050
7051
7052
7053
7054
7055
7056
7057
7058
7059
7060
7061
7062
7063
7064
7065
7066
7067
7068
7069
7070
7071
7072
7073
7074
7075
7076
7077
7078
7079
7080
7081
7082
7083
7084
7085
7086
7087
7088
7089
7090
7091
7092
7093
7094
7095
7096
7097
7098
7099
7100
7101
7102
7103
7104
7105
7106
7107
7108
7109
7110
7111
7112
7113
7114
7115
7116
7117
7118
7119
7120
7121
7122
7123
7124
7125
7126
7127
7128
7129
7130
7131
7132
7133
7134
7135
7136
7137
7138
7139
7140
7141
7142
7143
7144
7145
7146
7147
7148
7149
7150
7151
7152
7153
7154
7155
7156
7157
7158
7159
7160
7161
7162
7163
7164
7165
7166
7167
7168
7169
7170
7171
7172
7173
7174
7175
7176
7177
7178
7179
7180
7181
7182
7183
7184
7185
7186
7187
7188
7189
7190
7191
7192
7193
7194
7195
7196
7197
7198
7199
7200
7201
7202
7203
7204
7205
7206
7207
7208
7209
7210
7211
7212
7213
7214
7215
7216
7217
7218
7219
7220
7221
7222
7223
7224
7225
7226
7227
7228
7229
7230
7231
7232
7233
7234
7235
7236
7237
7238
7239
7240
7241
7242
7243
7244
7245
7246
7247
7248
7249
7250
7251
7252
7253
7254
7255
7256
7257
7258
7259
7260
7261
7262
7263
7264
7265
7266
7267
7268
7269
7270
7271
7272
7273
7274
7275
7276
7277
7278
7279
7280
7281
7282
7283
7284
7285
7286
7287
7288
7289
7290
7291
7292
7293
7294
7295
7296
7297
7298
7299
7300
7301
7302
7303
7304
7305
7306
7307
7308
7309
7310
7311
7312
7313
7314
7315
7316
7317
7318
7319
7320
7321
7322
7323
7324
7325
7326
7327
7328
7329
7330
7331
7332
7333
7334
7335
7336
7337
7338
7339
7340
7341
7342
7343
7344
7345
7346
7347
7348
7349
7350
7351
7352
7353
7354
7355
7356
7357
7358
7359
7360
7361
7362
7363
7364
7365
7366
7367
7368
7369
7370
7371
7372
7373
7374
7375
7376
7377
7378
7379
7380
7381
7382
7383
7384
7385
7386
7387
7388
7389
7390
7391
7392
7393
7394
7395
7396
7397
7398
7399
7400
7401
7402
7403
7404
7405
7406
7407
7408
7409
7410
7411
7412
7413
7414
7415
7416
7417
7418
7419
7420
7421
7422
7423
7424
7425
7426
7427
7428
7429
7430
7431
7432
7433
7434
7435
7436
7437
7438
7439
7440
7441
7442
7443
7444
7445
7446
7447
7448
7449
7450
7451
7452
7453
7454
7455
7456
7457
7458
7459
7460
7461
7462
7463
7464
7465
7466
7467
7468
7469
7470
7471
7472
7473
7474
7475
7476
7477
7478
7479
7480
7481
7482
7483
7484
7485
7486
7487
7488
7489
7490
7491
7492
7493
7494
7495
7496
7497
7498
7499
7500
7501
7502
7503
7504
7505
7506
7507
7508
7509
7510
7511
7512
7513
7514
7515
7516
7517
7518
7519
7520
7521
7522
7523
7524
7525
7526
7527
7528
7529
7530
7531
7532
7533
7534
7535
7536
7537
7538
7539
7540
7541
7542
7543
7544
7545
7546
7547
7548
7549
7550
7551
7552
7553
7554
7555
7556
7557
7558
7559
7560
7561
7562
7563
7564
7565
7566
7567
7568
7569
7570
7571
7572
7573
7574
7575
7576
7577
7578
7579
7580
7581
7582
7583
7584
7585
7586
7587
7588
7589
7590
7591
7592
7593
7594
7595
7596
7597
7598
7599
7600
7601
7602
7603
7604
7605
7606
7607
7608
7609
7610
7611
7612
7613
7614
7615
7616
7617
7618
7619
7620
7621
7622
7623
7624
7625
7626
7627
7628
7629
7630
7631
7632
7633
7634
7635
7636
7637
7638
7639
7640
7641
7642
7643
7644
7645
7646
7647
7648
7649
7650
7651
7652
7653
7654
7655
7656
7657
7658
7659
7660
7661
7662
7663
7664
7665
7666
7667
7668
7669
7670
7671
7672
7673
7674
7675
7676
7677
7678
7679
7680
7681
7682
7683
7684
7685
7686
7687
7688
7689
7690
7691
7692
7693
7694
7695
7696
7697
7698
7699
7700
7701
7702
7703
7704
7705
7706
7707
7708
7709
7710
7711
7712
7713
7714
7715
7716
7717
7718
7719
7720
7721
7722
7723
7724
7725
7726
7727
7728
7729
7730
7731
7732
7733
7734
7735
7736
7737
7738
7739
7740
7741
7742
7743
7744
7745
7746
7747
7748
7749
7750
7751
7752
7753
7754
7755
7756
7757
7758
7759
7760
7761
7762
7763
7764
7765
7766
7767
7768
7769
7770
7771
7772
7773
7774
7775
7776
7777
7778
7779
7780
7781
7782
7783
7784
7785
7786
7787
7788
7789
7790
7791
7792
7793
7794
7795
7796
7797
7798
7799
7800
7801
7802
7803
7804
7805
7806
7807
7808
7809
7810
7811
7812
7813
7814
7815
7816
7817
7818
7819
7820
7821
7822
7823
7824
7825
7826
7827
7828
7829
7830
7831
7832
7833
7834
7835
7836
7837
7838
7839
7840
7841
7842
7843
7844
7845
7846
7847
7848
7849
7850
7851
7852
7853
7854
7855
7856
7857
7858
7859
7860
7861
7862
7863
7864
7865
7866
7867
7868
7869
7870
7871
7872
7873
7874
7875
7876
7877
7878
7879
7880
7881
7882
7883
7884
7885
7886
7887
7888
7889
7890
7891
7892
7893
7894
7895
7896
7897
7898
7899
7900
7901
7902
7903
7904
7905
7906
7907
7908
7909
7910
7911
7912
7913
7914
7915
7916
7917
7918
7919
7920
7921
7922
7923
7924
7925
7926
7927
7928
7929
7930
7931
7932
7933
7934
7935
7936
7937
7938
7939
7940
7941
7942
7943
7944
7945
7946
7947
7948
7949
7950
7951
7952
7953
7954
7955
7956
7957
7958
7959
7960
7961
7962
7963
7964
7965
7966
7967
7968
7969
7970
7971
7972
7973
7974
7975
7976
7977
7978
7979
7980
7981
7982
7983
7984
7985
7986
7987
7988
7989
7990
7991
7992
7993
7994
7995
7996
7997
7998
7999
8000
8001
8002
8003
8004
8005
8006
8007
8008
8009
8010
8011
8012
8013
8014
8015
8016
8017
8018
8019
8020
8021
8022
8023
8024
8025
8026
8027
8028
8029
8030
8031
8032
8033
8034
8035
8036
8037
8038
8039
8040
8041
8042
8043
8044
8045
8046
8047
8048
8049
8050
8051
8052
8053
8054
8055
8056
8057
8058
8059
8060
8061
8062
8063
8064
8065
8066
8067
8068
8069
8070
8071
8072
8073
8074
8075
8076
8077
8078
8079
8080
8081
8082
8083
8084
8085
8086
8087
8088
8089
8090
8091
8092
8093
8094
8095
8096
8097
8098
8099
8100
8101
8102
8103
8104
8105
8106
8107
8108
8109
8110
8111
8112
8113
8114
8115
8116
8117
8118
8119
8120
8121
8122
8123
8124
8125
8126
8127
8128
8129
8130
8131
8132
8133
8134
8135
8136
8137
8138
8139
8140
8141
8142
8143
8144
8145
8146
8147
8148
8149
8150
8151
8152
8153
8154
8155
8156
8157
8158
8159
8160
8161
8162
8163
8164
8165
8166
8167
8168
8169
8170
8171
8172
8173
8174
8175
8176
8177
8178
8179
8180
8181
8182
8183
8184
8185
8186
8187
8188
8189
8190
8191
8192
8193
8194
8195
8196
8197
8198
8199
8200
8201
8202
8203
8204
8205
8206
8207
8208
8209
8210
8211
8212
8213
8214
8215
8216
8217
8218
8219
8220
8221
8222
8223
8224
8225
8226
8227
8228
8229
8230
8231
8232
8233
8234
8235
8236
8237
8238
8239
8240
8241
8242
8243
8244
8245
8246
8247
8248
8249
8250
8251
8252
8253
8254
8255
8256
8257
8258
8259
8260
8261
8262
8263
8264
8265
8266
8267
8268
8269
8270
8271
8272
8273
8274
8275
8276
8277
8278
8279
8280
8281
8282
8283
8284
8285
8286
8287
8288
8289
8290
8291
8292
8293
8294
8295
8296
8297
8298
8299
8300
8301
8302
8303
8304
8305
8306
8307
8308
8309
8310
8311
8312
8313
8314
8315
8316
8317
8318
8319
8320
8321
8322
8323
8324
8325
8326
8327
8328
8329
8330
8331
8332
8333
8334
8335
8336
8337
8338
8339
8340
8341
8342
8343
8344
8345
8346
8347
8348
8349
8350
8351
8352
8353
8354
8355
8356
8357
8358
8359
8360
8361
8362
8363
8364
8365
8366
8367
8368
8369
8370
8371
8372
8373
8374
8375
8376
8377
8378
8379
8380
8381
8382
8383
8384
8385
8386
8387
8388
8389
8390
8391
8392
8393
8394
8395
8396
8397
8398
8399
8400
8401
8402
8403
8404
8405
8406
8407
8408
8409
8410
8411
8412
8413
8414
8415
8416
8417
8418
8419
8420
8421
8422
8423
8424
8425
8426
8427
8428
8429
8430
8431
8432
8433
8434
8435
8436
8437
8438
8439
8440
8441
8442
8443
8444
8445
8446
8447
8448
8449
8450
8451
8452
8453
8454
8455
8456
8457
8458
8459
8460
8461
8462
8463
8464
8465
8466
8467
8468
8469
8470
8471
8472
8473
8474
8475
8476
8477
8478
8479
8480
8481
8482
8483
8484
8485
8486
8487
8488
8489
8490
8491
8492
8493
8494
8495
8496
8497
8498
8499
8500
8501
8502
8503
8504
8505
8506
8507
8508
8509
8510
8511
8512
8513
8514
8515
8516
8517
8518
8519
8520
8521
8522
8523
8524
8525
8526
8527
8528
8529
8530
8531
8532
8533
8534
8535
8536
8537
8538
8539
8540
8541
8542
8543
8544
8545
8546
8547
8548
8549
8550
8551
8552
8553
8554
8555
8556
8557
8558
8559
8560
8561
8562
8563
8564
8565
8566
8567
8568
8569
8570
8571
8572
8573
8574
8575
8576
8577
8578
8579
8580
8581
8582
8583
8584
8585
8586
8587
8588
8589
8590
8591
8592
8593
8594
8595
8596
8597
8598
8599
8600
8601
8602
8603
8604
8605
8606
8607
8608
8609
8610
8611
8612
8613
8614
8615
8616
8617
8618
8619
8620
8621
8622
8623
8624
8625
8626
8627
8628
8629
8630
8631
8632
8633
8634
8635
8636
8637
8638
8639
8640
8641
8642
8643
8644
8645
8646
8647
8648
8649
8650
8651
8652
8653
8654
8655
8656
8657
8658
8659
8660
8661
8662
8663
8664
8665
8666
8667
8668
8669
8670
8671
8672
8673
8674
8675
8676
8677
8678
8679
8680
8681
8682
8683
8684
8685
8686
8687
8688
8689
8690
8691
8692
8693
8694
8695
8696
8697
8698
8699
8700
8701
8702
8703
8704
8705
8706
8707
8708
8709
8710
8711
8712
8713
8714
8715
8716
8717
8718
8719
8720
8721
8722
8723
8724
8725
8726
8727
8728
8729
8730
8731
8732
8733
8734
8735
8736
8737
8738
8739
8740
8741
8742
8743
8744
8745
8746
8747
8748
8749
8750
8751
8752
8753
8754
8755
8756
8757
8758
8759
8760
8761
8762
8763
8764
8765
8766
8767
8768
8769
8770
8771
8772
8773
8774
8775
8776
8777
8778
8779
8780
8781
8782
8783
8784
8785
8786
8787
8788
8789
8790
8791
8792
8793
8794
8795
8796
8797
8798
8799
8800
8801
8802
8803
8804
8805
8806
8807
8808
8809
8810
8811
8812
8813
8814
8815
8816
8817
8818
8819
8820
8821
8822
8823
8824
8825
8826
8827
8828
8829
8830
8831
8832
8833
8834
8835
8836
8837
8838
8839
8840
8841
8842
8843
8844
8845
8846
8847
8848
8849
8850
8851
8852
8853
8854
8855
8856
8857
8858
8859
8860
8861
8862
8863
8864
8865
8866
8867
8868
8869
8870
8871
8872
8873
8874
8875
8876
8877
8878
8879
8880
8881
8882
8883
8884
8885
8886
8887
8888
8889
8890
8891
8892
8893
8894
8895
8896
8897
8898
8899
8900
8901
8902
8903
8904
8905
8906
8907
8908
8909
8910
8911
8912
8913
8914
8915
8916
8917
8918
8919
8920
8921
8922
8923
8924
8925
8926
8927
8928
8929
8930
8931
8932
8933
8934
8935
8936
8937
8938
8939
8940
8941
8942
8943
8944
8945
8946
8947
8948
8949
8950
8951
8952
8953
8954
8955
8956
8957
8958
8959
8960
8961
8962
8963
8964
8965
8966
8967
8968
8969
8970
8971
8972
8973
8974
8975
8976
8977
8978
8979
8980
8981
8982
8983
8984
8985
8986
8987
8988
8989
8990
8991
8992
8993
8994
8995
8996
8997
8998
8999
9000
9001
9002
9003
9004
9005
9006
9007
9008
9009
9010
9011
9012
9013
9014
9015
9016
9017
9018
9019
9020
9021
9022
9023
9024
9025
9026
9027
9028
9029
9030
9031
9032
9033
9034
9035
9036
9037
9038
9039
9040
9041
9042
9043
9044
9045
9046
9047
9048
9049
9050
9051
9052
9053
9054
9055
9056
9057
9058
9059
9060
9061
9062
9063
9064
9065
9066
9067
9068
9069
9070
9071
9072
9073
9074
9075
9076
9077
9078
9079
9080
9081
9082
9083
9084
9085
9086
9087
9088
9089
9090
9091
9092
9093
9094
9095
9096
9097
9098
9099
9100
9101
9102
9103
9104
9105
9106
9107
9108
9109
9110
9111
9112
9113
9114
9115
9116
9117
9118
9119
9120
9121
9122
9123
9124
9125
9126
9127
9128
9129
9130
9131
9132
9133
9134
9135
9136
9137
9138
9139
9140
9141
9142
9143
9144
9145
9146
9147
9148
9149
9150
9151
9152
9153
9154
9155
9156
9157
9158
9159
9160
9161
9162
9163
9164
9165
9166
9167
9168
9169
9170
9171
9172
9173
9174
9175
9176
9177
9178
9179
9180
9181
9182
9183
9184
9185
9186
9187
9188
9189
9190
9191
9192
9193
9194
9195
9196
9197
9198
9199
9200
9201
9202
9203
9204
9205
9206
9207
9208
9209
9210
9211
9212
9213
9214
9215
9216
9217
9218
9219
9220
9221
9222
9223
9224
9225
9226
9227
9228
9229
9230
9231
9232
9233
9234
9235
9236
9237
9238
9239
9240
9241
9242
9243
9244
9245
9246
9247
9248
9249
9250
9251
9252
9253
9254
9255
9256
9257
9258
9259
9260
9261
9262
9263
9264
9265
9266
9267
9268
9269
9270
9271
9272
9273
9274
9275
9276
9277
9278
9279
9280
9281
9282
9283
9284
9285
9286
9287
9288
9289
9290
9291
9292
9293
9294
9295
9296
9297
9298
9299
9300
9301
9302
9303
9304
9305
9306
9307
9308
9309
9310
9311
9312
9313
9314
9315
9316
9317
9318
9319
9320
9321
9322
9323
9324
9325
9326
9327
9328
9329
9330
9331
9332
9333
9334
9335
9336
9337
9338
9339
9340
9341
9342
9343
9344
9345
9346
9347
9348
9349
9350
9351
9352
9353
9354
9355
9356
9357
9358
9359
9360
9361
9362
9363
9364
9365
9366
9367
9368
9369
9370
9371
9372
9373
9374
9375
9376
9377
9378
9379
9380
9381
9382
9383
9384
9385
9386
9387
9388
9389
9390
9391
9392
9393
9394
9395
9396
9397
9398
9399
9400
9401
9402
9403
9404
9405
9406
9407
9408
9409
9410
9411
9412
9413
9414
9415
9416
9417
9418
9419
9420
9421
9422
9423
9424
9425
9426
9427
9428
9429
9430
9431
9432
9433
9434
9435
9436
9437
9438
9439
9440
9441
9442
9443
9444
9445
9446
9447
9448
9449
9450
9451
9452
9453
9454
9455
9456
9457
9458
9459
9460
9461
9462
9463
9464
9465
9466
9467
9468
9469
9470
9471
9472
9473
9474
9475
9476
9477
9478
9479
9480
9481
9482
9483
9484
9485
9486
9487
9488
9489
9490
9491
9492
9493
9494
9495
9496
9497
9498
9499
9500
9501
9502
9503
9504
9505
9506
9507
9508
9509
9510
9511
9512
9513
9514
9515
9516
9517
9518
9519
9520
9521
9522
9523
9524
9525
9526
9527
9528
9529
9530
9531
9532
9533
9534
9535
9536
9537
9538
9539
9540
9541
9542
9543
9544
9545
9546
9547
9548
9549
9550
9551
9552
9553
9554
9555
9556
9557
9558
9559
9560
9561
9562
9563
9564
9565
9566
9567
9568
9569
9570
9571
9572
9573
9574
9575
9576
9577
9578
9579
9580
9581
9582
9583
9584
9585
9586
9587
9588
9589
9590
9591
9592
9593
9594
9595
9596
9597
9598
9599
9600
9601
9602
9603
9604
9605
9606
9607
9608
9609
9610
9611
9612
9613
9614
9615
9616
9617
9618
9619
9620
9621
9622
9623
9624
9625
9626
9627
9628
9629
9630
9631
1.958413344925578 2.724912751487082 0
17.96890034695704 2.691453641167028 0
15.7640055889666 2.857673503719437 0
7.714929269509822 2.817336652366869 0
8.286079137396506 2.846086283514471 0
1.394892572967041 0.2132615069250958 0
18.50533004932462 0.2330120020260464 0
17.91255292996109 2.281010503020673 0
2.02663866182492 2.212445934883087 0
12.21310348997027 2.169658072212311 0
7.909968087469887 2.173422956097943 0
1.754718535058542 2.416074183017294 0
18.22831531377111 2.454311195163738 0
4.947694124683836 4.777414117776458 0
2.494279518678955 2.722936450350684 0
12.75242464909478 2.800228680129899 0
12.17062304516293 2.867575247942717 0
4.146320470290649 2.867036838737061 0
3.484819829846717 2.870186038645037 0
1.478822000709384 4.716739609334411 0
11.43509091144053 4.78553565451449 0
13.41197765766123 2.797943321705084 0
15.02345267987852 4.801041497722702 0
18.52586288758088 4.753816547896385 0
16.80345683879806 4.734887040941473 0
14.08183258650637 2.74791522232705 0
16.25686843263599 2.849293441415874 0
8.923034176980822 4.785235135964065 0
6.998081589200179 0.2271420987324713 0
12.86367729918703 0.2355460492333146 0
7.240194456263678 4.772582399349064 0
0.2043448734304931 3.420565153672756 0
0.2066737770146876 1.749828000102101 0
17.5727414601476 4.745943266509233 0
19.67883388588952 1.592953101275583 0
19.78185274127944 3.286477792761114 0
2.20679945874409 4.780229754257759 0
5.777363065221825 2.754238726269085 0
11.47161505639592 0.2958410115193746 0
8.3656001441298 0.2163373166407823 0
8.879857711849134 2.817657742933644 0
6.472601685771224 2.751215575612443 0
7.956685709432902 4.782050266015453 0
17.03846421560133 2.732052638121932 0
16.01643452143508 4.768615466709363 0
10.01948917478505 2.113014027423378 0
14.73012399275899 2.730339813313982 0
9.374169435900038 2.088780273776408 0
10.82467982257978 2.149881071128376 0
2.968389986784786 4.761322636960896 0
13.49823246610214 2.211016519380187 0
6.284729669792295 2.196431213109708 0
5.592721127734221 2.182531757295179 0
14.20467496711695 2.207187228426124 0
14.92639376327655 2.196359695514396 0
4.964928236054134 2.189901069565858 0
15.70580167463336 2.199951271719257 0
4.271824798541118 2.206898161725121 0
16.42576580205091 2.20838537431523 0
3.532897341981429 2.217018076750404 0
2.835260641440074 2.239443603001318 0
17.15423271551231 2.197466417062397 0
10.61905201618282 2.752628041936247 0
9.651894479688407 4.765891869754668 0
12.63143877676761 4.724901348763339 0
5.097270867583286 2.747422450198501 0
17.7721580407132 0.2291210218957098 0
2.023575372644848 0.2578297745849216 0
3.963894822673955 4.790832067653113 0
13.82868178636925 4.771668292392564 0
8.777177906494334 2.113198589727046 0
5.691754974486881 4.77757766160016 0
6.443379628761197 4.777468391282738 0
16.79259484076776 0.2638636865982966 0
3.031889038788943 0.2431994367063144 0
11.37009801085218 2.136344014655343 0
16.00460138623735 0.2346221201717436 0
3.791414170625997 0.2612184621918296 0
9.89049015787786 2.765830946118064 0
15.27113087566305 0.2418243470495369 0
4.562096096948151 0.2408268753707548 0
5.286699832016446 0.2354665445371364 0
14.53903481237664 0.3145817250765806 0
12.79504271353943 2.22287518996093 0
7.06653178151006 2.146065422240585 0
10.45049999031073 4.792363645519985 0
13.77177377944913 0.2434158634381394 0
6.021828800699994 0.2321024774093416 0
9.039091021691714 0.2482463158892338 0
10.27949391665861 0.2336542084214162 0
0.1763653150819557 2.537399855119554 0
19.75117403120271 2.314252538871198 0
19.79519943123793 0.9569187319299821 0
0.2481879859146048 1.01821989101962 0
0.2432049129348695 4.066279683278229 0
19.77349660606758 4.012182263206554 0
3.286178148607194 2.877337411881489 0
3.509185440549557 3.049009925466209 0
3.310016660514045 3.049525530522414 0
3.326029874146951 3.220993129727011 0
3.33336054968658 3.394300224085117 0
3.141021292819398 3.374192770019463 0
3.536627160749231 3.406292643784568 0
3.547404225045413 3.590738390788007 0
3.758176053467089 3.598015289933927 0
3.778462202140926 3.786120942333765 0
3.98909004615753 3.784679409371036 0
4.361387515171944 2.8622722920108 0
4.151259689069773 3.05480965032 0
3.489053973361588 4.782274086391879 0
0.1910274614328991 2.176140971647099 0
19.76442443227602 2.806427550837074 0
0.9606205579166023 0.2748313027494556 0
18.99597113026464 0.2472036858027424 0
11.92394087734096 4.775639546140374 0
15.48828499730405 4.785025992478866 0
14.54772671113943 4.804000161680523 0
8.462644327080802 4.745741576994991 0
0.9668917616523363 4.767417137777712 0
18.03641324953496 4.712858031489414 0
19.01997581851338 4.752637762505697 0
7.48373818418114 0.2298441417683854 0
10.98493432721446 0.2196146531612349 0
11.99611963207645 0.2353365284789066 0
13.11946034676727 4.720931461111684 0
4.451322336774957 4.783995798363194 0
2.535836854130196 0.2501745762610819 0
9.525517160418415 0.2421484625122465 0
11.09572298785102 2.745451052410947 0
6.510241948437297 0.2284842988489548 0
13.31729396348146 0.2566863565810449 0
17.28507878253595 0.2356279905374525 0
10.94366095465986 4.791267852936095 0
9.415473069388167 2.788152782572226 0
6.933519119285987 2.741856274114773 0
8.358436979598912 2.14605804148778 0
15.15798271085619 2.715691148085198 0
17.46493965680973 2.737770899818003 0
16.41052174986245 2.829918623023436 0
16.27779871889972 2.997489311481908 0
16.45430306121134 2.971838049022326 0
16.29412401649613 3.161230403943194 0
16.49888034977559 3.145674601051056 0
16.29584352502217 3.337327307277719 0
16.51153955436264 3.344900664120816 0
16.09705671492753 3.327150711215845 0
16.28112610360667 3.517471363238407 0
16.07964134851827 3.497930713701029 0
16.26117510489395 3.694368524768015 0
16.05681776883145 3.676926718704054 0
16.26762260999622 3.865002704598131 0
16.03090386097685 3.890136266784845 0
16.41473476674642 3.846194655825928 0
15.84698740410927 3.643979933376364 0
15.80271440505638 3.815910173746487 0
15.64002443705898 3.599532817025073 0
15.58981695488983 3.770843203597265 0
15.42951187685112 3.542522861525425 0
15.36303490581988 3.724009663859724 0
15.17793572736862 3.44296252211361 0
15.1210130151411 3.680516149442977 0
14.88979051278042 3.454054115200345 0
14.8763845105926 3.652684749657941 0
14.66427360797148 3.453023873381847 0
14.6483091394293 3.632058690963201 0
14.47176226002301 3.445491205548848 0
14.44307809796194 3.602490241372365 0
18.22863251131097 2.583869101235114 0
18.34572504806206 2.591002252365783 0
18.34411652046855 2.688152263454333 0
18.34957919970571 2.461386697499595 0
18.46233936804802 2.602384723508988 0
18.437670389767 2.727721590098423 0
18.58135635049842 2.599587124973066 0
18.60733965887239 2.765009799978775 0
18.36962635123853 2.864004468755366 0
18.51737932079496 2.944409610305667 0
18.42806063214444 3.105409127927671 0
18.32769390442105 3.259558898095976 0
18.48158438620483 3.386727378848429 0
18.34699248541734 3.463186915777364 0
18.48628626706369 3.572891750358092 0
18.23513591823545 3.408333525710732 0
18.18225940050565 3.572656226244069 0
17.99790987212826 3.543511917269084 0
17.80045495475439 3.523646813557629 0
18.75760284103016 2.67935513927554 0
18.70111290382078 2.554270892020176 0
18.67118965999581 3.430432924315682 0
18.62719085597162 3.581774554647423 0
17.77224495186832 3.719222188454589 0
17.6040301531076 3.509820195452715 0
17.57980974914562 3.699323243938971 0
17.39186389070886 3.673528505110743 0
17.33667842140177 3.838388429613341 0
18.874552339969 2.619372263940431 0
18.82689938723979 2.495153086445686 0
18.78450702856322 3.471958978533412 0
18.77459714960541 3.596592721334309 0
17.96419930434167 3.741536332121913 0
3.562586712903878 3.782648131999006 0
14.34204341011889 3.433470974181299 0
14.24104008130342 3.53815461791711 0
14.15162489975718 3.380881930330464 0
14.08443027858113 3.552161547488836 0
14.01328562137745 3.451959420379047 0
13.87977724679717 3.549642401693098 0
18.58313261335148 3.727741361605234 0
17.41234735657638 3.495843806356167 0
17.21207157607388 3.778198655821999 0
4.375734702254052 3.05475828073136 0
4.376511205985273 3.256746525159318 0
4.610000527889932 3.289840297805784 0
4.568723474734952 3.487493771177701 0
4.88153451737062 3.365490840938686 0
4.766804492184094 3.558540379728524 0
4.999893210172455 3.517335354084905 0
4.951106719833848 3.639655384895719 0
5.140770189699017 3.698029953962502 0
5.150179385585809 3.523978904199307 0
5.350296807108478 3.736158031776458 0
5.360183170173543 3.543325371197973 0
5.576038054546941 3.773773839164019 0
5.589426524729411 3.566409307762756 0
5.845071907580116 3.831408341988352 0
5.831900200739097 3.581263455245622 0
6.103022341353006 3.785201876656583 0
6.077122939862267 3.579650032289758 0
6.336853315974095 3.776929863684135 0
4.693865126841432 3.722727545606562 0
6.319169146992656 3.572650494027995 0
6.575693223170003 3.776594655778578 0
6.561675907184656 3.568700616253529 0
6.816634980833944 3.7775540581831 0
6.809049591513993 3.566676323938998 0
7.050635478147341 3.779424215276687 0
7.055777943957889 3.575618764432228 0
7.265216296873213 3.786494187891405 0
7.287980578213506 3.604960760073712 0
7.415083515951641 3.798065128932014 0
7.527269708580898 3.668643192938731 0
7.631795380288429 3.837037068956586 0
7.761377071257654 3.632399629312452 0
7.786840509183702 3.791759627177434 0
7.946135006222457 3.622517324236153 0
7.953964258500654 3.771632401601861 0
8.076167744975599 3.627930093643668 0
8.11551431621117 3.740139065229259 0
8.281036350779885 3.685859493908298 0
8.344914652214307 3.85441299304159 0
8.460704986156021 3.623078828762616 0
8.535330717747826 3.798494748807372 0
8.643966773401621 3.550093964212136 0
8.734431187758506 3.732062159522076 0
8.945176491356076 3.658645544820579 0
9.037367943600918 3.868560953235821 0
7.479438976424428 3.937071355086624 0
14.18829231733512 3.730419548404344 0
1.769116692099637 2.302578963414159 0
1.621808631276028 2.374101167267384 0
1.67506691328402 2.202591418588935 0
1.473164421852159 2.323502608537694 0
1.509109697701374 2.158369597008028 0
1.311126224003173 2.276266230257192 0
1.352350707273628 2.096149216665594 0
1.554557610281284 2.008996163763499 0
1.414290245663093 1.930187780778679 0
1.488111538406198 1.783749993366131 0
1.380588947374992 1.721573711797958 0
1.544984571570568 1.626730716231753 0
1.385125989715107 1.591625507470483 0
1.58595440072777 1.450605247063245 0
1.753035485555444 1.492877043388102 0
1.379777586155997 1.377235367364339 0
1.758044759443955 1.363778816120185 0
1.95262303454477 1.498490435351872 0
1.284906141632318 2.456337351994489 0
1.864493488518681 1.302318415969684 0
2.088785488324276 1.385575994042439 0
1.234565934376375 1.446811716122121 0
1.212838392685322 1.208060657517353 0
2.041296642004111 1.197057758046879 0
1.112777037121548 2.424323545720019 0
1.10007749600079 2.613949885632187 0
1.494649481430486 1.177722083220333 0
1.876350392505616 1.030041942806129 0
1.245912928142269 1.80279568775834 0
7.975194331684387 3.92908371151247 0
9.184358486522452 3.563569459334266 0
9.262220809525578 3.803621845680811 0
9.399234043018229 3.596728902001291 0
9.472161876508551 3.746989644142992 0
13.76455919757564 3.404773289329944 0
13.61790357519284 3.520702476675099 0
13.49525404522197 3.375419334720713 0
13.47310893760172 3.639001354694818 0
13.35257447819916 3.49124896331654 0
13.2024975943682 3.604740434759512 0
13.59564013414905 3.778910146994343 0
1.118706947449422 1.375124478682112 0
18.66886864177557 3.024211086593749 0
3.807336421769496 3.979407258185688 0
1.034711050158048 1.084353775285645 0
13.09015397621189 3.44691293525694 0
12.93106559589758 3.551892924657393 0
12.83672621051966 3.39514989465425 0
12.76700554777825 3.651098132963543 0
12.6009108066892 3.738781878617174 0
12.53478277667953 3.609699981555871 0
12.39197514746146 3.806354879769258 0
12.38973250835747 3.596182281644365 0
12.17256609691547 3.746747206496004 0
12.17794687653528 3.549284207410269 0
12.02665089249523 3.721445375075878 0
11.97257570424154 3.594197853386597 0
11.78713759349037 3.642781108166555 0
11.71398614551761 3.458595042121147 0
11.57599046534549 3.685187165224593 0
11.50506454402989 3.487252424944687 0
11.34844309666686 3.713719407763724 0
11.28438032035603 3.512538601245725 0
11.11878496006352 3.735425383142578 0
11.05788719747741 3.53354572548888 0
10.88819261528933 3.753565366470053 0
10.82853651071577 3.551515275099501 0
10.65759396594215 3.770267791689565 0
10.59767879108046 3.568374860762256 0
10.42838658203237 3.787715228387357 0
16.30673077029883 4.036787317290148 0
16.54376739035663 3.975075802063553 0
12.29569617340805 3.934589798516703 0
6.831514137393826 3.989354029281825 0
15.91005313248753 4.003419979876658 0
4.023828753400979 3.972202774618256 0
17.22880570286685 3.990956843989849 0
15.31347155633043 3.914139887480957 0
14.83450604417733 3.849562671876638 0
9.678441359745893 3.687092556610893 0
8.602502720595167 3.983025374757236 0
18.95954444658205 2.573286173561533 0
18.96054078839319 2.4681549158384 0
18.76525314983747 2.323179596909248 0
18.96142311920962 2.310345741150991 0
18.79933230921857 2.169123269619888 0
18.95489751333196 2.099613651748498 0
18.79318923778336 1.961261684985967 0
19.071683127989 1.895741593931043 0
18.88251433712459 1.801163967222577 0
18.96848548233401 1.621736558602 0
18.65454391387283 1.721731902695473 0
18.78059098571093 1.525348195588424 0
18.51290044991203 1.577135327351331 0
18.57746347704519 1.385136578817813 0
18.8823917121024 1.361614791403832 0
18.30649303409844 1.368782507839396 0
18.06722414517188 1.354661056056029 0
18.5332157984044 1.136661206622929 0
18.06632125323827 1.13079204719844 0
17.83583967129276 1.123691870180253 0
17.83671456705348 1.33995025800114 0
17.61406405809863 1.330883533643341 0
17.61119036737446 1.119481951078926 0
17.39956311348756 1.323503423343888 0
11.65181433168433 3.894325822890971 0
7.539830869862396 2.808870364299817 0
9.134375386141269 4.079221879338897 0
18.94421820785789 3.591175488684489 0
18.92208795815069 3.370668213630245 0
18.9214264931888 3.791874230913103 0
18.94013370894295 2.755362710884243 0
8.39162863960304 2.847595413449461 0
7.964241636389985 3.458666321601967 0
12.33168900695732 2.164210723871799 0
12.21666317089516 2.013191439666378 0
7.67733974562031 2.185570925719704 0
7.86779757844127 2.000914643677527 0
2.130414954848999 1.644233450167217 0
6.128137342752622 3.970653189391942 0
11.18155361220414 3.940547168176101 0
5.333315860259011 3.92936575618229 0
0.9316474472163438 2.396812589088447 0
0.9217160272573555 2.594455526931308 0
1.095675095129414 2.802309946658482 0
0.9175510377747997 2.790209362179485 0
0.9184157493501601 2.985336910186631 0
1.098167527980968 2.991278511612219 0
0.9231220768659973 3.18076255217676 0
1.106092456838647 3.182242663904128 0
1.286179586513938 3.180570142665921 0
1.305918489620915 3.369682893102611 0
1.117829849202085 3.377931659774 0
1.349053826595389 3.557125862916836 0
1.516532013977269 3.523374740796915 0
1.54746374883146 3.647299658782393 0
1.671890192981806 3.512641872677659 0
1.701255916090604 3.695259709522166 0
1.828958639023366 3.631449106567292 0
1.119960094331621 3.615751313744323 0
1.871921810155044 3.831918820056724 0
1.945057785971564 3.688585861091359 0
1.98290991172763 3.541212864432686 0
2.162813317677655 3.588857715326756 0
2.120300804886741 3.762848350748925 0
1.592459387593751 3.868391282417226 0
1.653064706233026 3.348388989864409 0
2.373043806462582 3.645212356910118 0
2.327272002062986 3.847711159338933 0
2.384567558514589 3.441104431435541 0
0.9465963894862881 2.192748713507674 0
2.267941957668559 1.213602212446761 0
2.479806197368067 1.203198137910129 0
2.515725812583794 1.418060715148709 0
2.73288312764393 1.401105590775136 0
2.699539145805937 1.185585780811295 0
2.922508276151651 1.174060795339131 0
2.953044343447943 1.391105044386923 0
3.174525576976567 1.386375984654824 0
3.147357526811493 1.169386565221038 0
3.371841917932617 1.171319447838721 0
18.4474477033484 1.828748521632866 0
4.887739462479914 3.814895041926645 0
3.351414032680931 0.9504466161498684 0
3.593797655480607 1.180647841216724 0
3.608890408744647 1.391952449838279 0
3.816809795415921 1.405327905479903 0
3.823517000179137 1.599845111883616 0
4.022200394872201 1.429795243098076 0
4.026724542446289 1.221507788928904 0
4.233162606460815 1.251177045219414 0
12.39893483738724 3.413995053780935 0
17.55660643932839 3.928297528687296 0
7.650091892664452 2.961112620732544 0
4.262971864708727 1.031606231360276 0
4.40882320855876 1.128587136908176 0
4.423639079598801 1.271426035465042 0
4.602861008431635 1.246482118458393 0
4.520380631009087 1.068362977355295 0
4.779816032776201 1.188333564146205 0
4.864456320600641 1.374592812409464 0
4.982505745685768 1.314364419408144 0
4.962671978859139 1.159831125999869 0
5.164287504337354 1.172911460120484 0
5.139910562499171 1.429958428821751 0
5.389133426825277 1.189362061210339 0
5.375570006840576 0.946988506690684 0
5.626217130914584 1.196978266718976 0
10.48807919546499 3.986469142117296 0
10.26496474270311 4.002569725846617 0
5.632198123503317 1.443997292196637 0
5.867548152822335 1.45425778948582 0
5.871692897143211 1.20300135588964 0
6.157029636794258 1.212853829152383 0
15.36213729460705 3.307174060624974 0
17.8170263709058 3.327683256598208 0
6.100509319501154 0.9362445984010377 0
6.381966617767544 1.102628522555336 0
6.315275339588236 1.336719332812063 0
6.460127350147069 1.280936222439815 0
6.509853801981462 1.4789475125938 0
6.736775449431597 1.443767767031537 0
6.688787837435306 1.168193949205087 0
6.989102016196071 1.170799878932225 0
6.993851030662637 0.9193915062581866 0
7.289966712964842 1.17163224978153 0
7.223686018677338 1.426378161637861 0
7.451807645899861 1.288988528018207 0
7.514297490218176 1.053132585342223 0
7.629085160546106 1.230045639420886 0
7.646684053276587 0.9892463296097664 0
7.762577658492843 1.058500839692734 0
7.865554959235757 0.8645758792016478 0
7.999787377275975 0.9904709949701207 0
7.951250995585976 1.174945816356296 0
8.231748942548036 1.159233494990792 0
8.209809801782708 1.383453085425648 0
8.382482038071883 1.249966208086534 0
8.422312174304771 1.038215185142543 0
8.500706155098914 1.197923545815531 0
8.595989527822285 0.9637102588912094 0
8.665791268861716 1.137014701656133 0
8.727737038201802 1.311858607903558 0
8.909028956072813 1.261123447731271 0
8.958101376511248 1.451471779707146 0
9.096826773878796 1.418367839244816 0
9.134552711570493 1.229929709469275 0
9.33196753033214 1.357363859388758 0
9.277404455743405 1.11537574301947 0
9.414800313141855 1.178866172175018 0
9.510484265232604 1.446560140078812 0
9.601661700275987 1.263996322649287 0
9.681237593203864 1.057182500189866 0
9.939321947920808 1.130208992761427 0
9.93241771399987 0.8740712946496618 0
10.1678547312357 1.04757439524358 0
10.07832844768246 1.276207908614084 0
10.23232696635538 1.23036760859635 0
10.30992868342339 1.001413611264676 0
10.46747869851527 1.128198300953458 0
10.52406891330061 0.8697252475026762 0
10.75430098117441 0.8757056165871662 0
10.76605792594592 1.123307103652433 0
11.0151918219977 1.084570800383935 0
11.06886775393346 1.30840038754374 0
11.2860436359944 1.241705566242651 0
11.23872276156528 1.034428138925165 0
11.48753958582656 1.180732103779566 0
11.44780514992038 0.9879034936372757 0
11.63290752143713 1.136094101840458 0
11.54782702702886 1.366548509492174 0
11.75183755856185 1.263427441098274 0
11.85916974310155 1.068778092047016 0
11.97104724318761 1.138948322580033 0
11.77239167674026 1.450306933192965 0
11.99029869544011 0.8897293902602075 0
12.10026757921851 1.069856784950661 0
12.15047618279545 1.253668204874631 0
12.35582001650559 1.204773704842064 0
12.31653260545304 0.9452711224140999 0
12.57162658511532 1.182996598948963 0
12.56867330105669 1.38828346400916 0
12.74479533949486 1.391770879476661 0
12.78365981699642 1.194873595834266 0
12.98397499082983 1.241114369516127 0
12.91365325827424 1.438860067904001 0
13.16298934574601 1.309920626403601 0
13.25176695560476 1.152894156263943 0
13.3463985237978 1.23474593771541 0
13.38402628539305 1.03915598122034 0
13.46125596246209 1.191679438045362 0
13.48937566500924 1.359978863569095 0
13.67498721158122 1.340209802361544 0
13.63977819423694 1.135265789050819 0
13.88299623746406 1.338768154939018 0
13.8905328128802 1.057072874837296 0
14.16600597337004 1.154149157923296 0
14.10057543473078 1.380413237528368 0
14.37588245120741 1.238658740859442 0
14.46333564663707 1.059084839621777 0
14.58806891612918 1.147564038378156 0
14.56366077407194 1.292904838781978 0
14.76208280857007 1.310751009723272 0
14.73637617116876 1.100341504365139 0
10.26970960991617 1.436420729331188 0
13.09582810380327 1.502880657465839 0
3.744176874003804 3.413884717207007 0
2.247005762820814 4.026300531740945 0
2.42526184164686 4.152045114750321 0
2.600585435850048 3.971314679830138 0
16.31513772319972 4.210058371553329 0
16.55925042846712 4.260907209971839 0
17.20152727869518 1.318748486634102 0
17.18710364459569 1.1277903263 0
17.02285646390767 1.33217986273204 0
17.04922035696258 1.464109622001124 0
16.84443219740783 1.3805136366477 0
16.7889708017485 1.18494559942055 0
16.58236522012567 1.228299814541819 0
16.53393226509299 1.019205387766776 0
16.32431051184016 1.056176411318653 0
16.36681531907971 1.267984291832297 0
16.14881530650133 1.299413275028107 0
16.1782459595472 1.516188649765916 0
15.93348584479418 1.324883660526647 0
15.89874515339137 1.117217910066159 0
8.273852929783549 2.987378089390394 0
0.9368655012211597 3.529286911281829 0
0.9505640170914909 3.794029507431208 0
12.36506058346458 2.888022916070485 0
15.57934301826097 2.858786248776812 0
15.58239802581141 3.003247700328585 0
5.854619145774451 1.699618954050791 0
15.02626403899693 1.007517079178248 0
13.68064642399663 1.537251281118685 0
10.36631658300368 3.586274852427811 0
7.432823251308641 1.438620228879982 0
14.98588633262822 1.333552133251526 0
5.735715760619907 4.026371782660381 0
7.437048410433308 2.915891391371068 0
4.363760082475853 3.447098332416693 0
4.5909605911363 3.852716958857235 0
7.82924035442114 2.987934758200406 0
7.084587929830635 3.335691807390205 0
12.07375524936973 3.387976318567807 0
19.24131847576365 1.987218362476205 0
12.69938977672833 3.916751456000569 0
0.9467622007894185 1.28261092159674 0
0.8431642470856477 0.9861495717649793 0
0.8748032305242148 1.481561018945547 0
1.151471547516934 0.8445895416499656 0
8.392713155478372 1.379242996304219 0
3.202505196195394 1.599615093252309 0
12.87570471205396 3.822132995109054 0
6.060112446466849 3.368098961309008 0
14.86430457570657 3.262410281679009 0
9.642850241728475 1.51070769203602 0
5.357084230822297 3.347278138349096 0
3.844003916690858 4.177583045803776 0
3.618875449995612 4.185088181419919 0
8.448881298991139 2.968916983603983 0
6.749418687609788 0.9089570955967587 0
16.63538806298676 3.766084846865507 0
3.139999963890721 3.216000116879054 0
15.21032861106737 1.399037674064046 0
7.464504239623849 0.8731440464971354 0
8.764407533367129 0.8997321848622415 0
15.15321457888901 1.615719017251221 0
16.93547628348799 1.550453784896541 0
16.28194585793806 0.8499354922194571 0
12.0768730362676 2.021434132213695 0
5.856068142401403 0.9508605325719794 0
0.7362239746920096 2.979775534538434 0
8.0705436519209 0.7447195950873136 0
11.13368643938911 1.515025857659639 0
13.29097658129651 0.8849605854978122 0
7.612289978477408 2.06564011700526 0
8.008498660414668 1.399319247510978 0
12.41418521269492 2.041810534671601 0
0.7621328950944068 3.615413080380576 0
16.10232560363174 3.005745863729309 0
14.29655672188205 3.325633216287024 0
19.10119106552181 2.483942409355079 0
18.28075908116888 3.013248149432828 0
11.22553995291522 3.316006337949408 0
2.609852250024827 3.463779542865065 0
12.82091833353777 1.608167970971331 0
16.74107695322807 0.9808573553305648 0
11.20411829089601 0.8259656308584138 0
9.00635322861093 1.640615778822013 0
4.011883258289414 1.631207457203401 0
12.21774555960568 1.836986805710997 0
6.544068062072624 3.360031259873954 0
13.23996214557136 3.341228766347559 0
14.82369368155541 0.8393728447695485 0
11.82405103028773 0.8387382604287612 0
19.15383396036187 3.363976677688943 0
19.17122298649581 3.15844553209252 0
13.91692075447765 3.30652969753489 0
3.582192517108527 0.9624901825418142 0
1.268129364868214 2.814248012529203 0
0.8380262629542763 3.910536537199732 0
1.102818561660635 3.957285490255455 0
0.9223715985069667 4.095536164277314 0
15.95997987633718 1.533728126314658 0
3.932644250097974 3.052169914452561 0
4.067518692117271 4.167168374817091 0
4.784597683127084 4.038920424525392 0
9.270670918563267 3.352437076490171 0
2.584539055079554 3.257620383176317 0
2.377587036109586 3.247929618714864 0
2.77233846865481 4.20659263224312 0
2.909088947050602 4.117542133811718 0
16.43152744534679 4.404287997809595 0
10.53890418630488 3.365936818558819 0
10.30482093702712 3.381880856198602 0
1.625822574624685 1.872290224605591 0
2.982137770284934 1.604276784374962 0
9.732836323443975 0.8397052250082793 0
7.603839051656007 3.112070052957697 0
10.31658510065568 4.192870165189548 0
10.10078884163388 4.197718979586735 0
10.54350747015962 4.184392569972166 0
13.41011181500296 0.8219823708865623 0
1.090742219107121 4.190151884841038 0
3.83328358204767 1.739721977680947 0
9.93076839450967 0.7224397519242138 0
10.05545674810687 4.023973349761089 0
9.941856126524064 4.193667388684537 0
10.12403282245929 4.380260767939097 0
12.32932761798083 3.056073267397685 0
12.10855007513817 3.055869682548356 0
0.7457041238525033 2.374211966604029 0
3.120266555114974 0.9472980333569829 0
8.841645161554414 3.435618644548243 0
0.6776283971114019 1.3981366665576 0
4.892149142235937 3.11901391864767 0
15.68949226032131 3.438562443217697 0
16.74680173172489 3.084703279898299 0
16.77774932846343 3.371986538530631 0
12.80966569014576 4.107984476929393 0
12.99132834805264 4.003429126858767 0
18.59881675204391 2.220387045926048 0
13.00272438725446 1.746083168542614 0
14.94772760233399 1.565754531888767 0
0.9035698138830828 0.775652063138218 0
4.190270013298107 3.778764764488288 0
11.99690433323141 1.867184347240127 0
16.27871469596481 4.380068693269344 0
10.97521862050233 1.563260112402707 0
5.631899081240983 1.688887903941668 0
5.839010168007892 1.944029037788279 0
2.31785880865859 4.242923879321546 0
11.99509925412667 0.66878168408229 0
3.23184046986473 1.809690710193959 0
16.19397977212063 1.7407770373488 0
3.65871958396659 4.387329455842995 0
3.439542370454564 4.400238534427084 0
7.843062590846715 1.811035139984745 0
6.068620334566885 0.6977608042005132 0
2.359809815619767 3.065435613867811 0
10.24581077099907 3.17556813349589 0
15.40743752885307 1.47799680850673 0
15.35135500176174 1.673399952227944 0
15.49080218616613 1.306679688831006 0
2.181900456085454 3.227236304529323 0
1.14669250080988 0.5653121454461665 0
8.406694000054305 3.156927232371205 0
8.246425557219634 3.131807565896657 0
15.05058640517989 0.7063220249762556 0
17.10323525865315 1.714543509494864 0
8.527319496051019 0.7818585189720932 0
16.68852232852424 4.484858839180002 0
6.524836950192121 1.704246384388499 0
6.75531667370273 1.683486846360938 0
2.878678474656731 2.720815940343112 0
16.91771875432249 1.808076526053262 0
0.243424730607062 0.5031584053925169 0
0.2382376164245184 4.519283759333057 0
19.50376890513751 0.2692562841883834 0
19.7618260018096 4.504315440755761 0
17.06118902446988 3.849893796257476 0
17.04788219403225 3.652501272634597 0
15.90717898269977 3.311440134134116 0
11.16824002763341 1.724629941554725 0
7.210029510508166 1.645265102197328 0
9.845283281649165 4.339463537643092 0
8.779913638725397 1.492824189354477 0
10.05632239321188 1.437114003634417 0
10.2700020552253 1.664038655203168 0
11.42990141261138 1.693114336515301 0
10.53080263216566 0.6516295365390041 0
9.446517221283129 1.637216345471054 0
9.634690875988596 1.663423977676253 0
8.704916773671277 0.7262508368256153 0
0.6309337955973522 3.868553075739378 0
2.882780959905308 3.951200176254638 0
2.173549370948968 3.05204113458708 0
1.995649858225672 3.200384424787716 0
15.26320522343466 0.9043453854645316 0
4.03033462319183 1.012880494871239 0
4.204411105102604 0.8576257102086284 0
18.99089243040916 3.145828948456754 0
19.18489971131816 2.982025078555682 0
13.29315781495338 1.541062614405347 0
13.74688318923891 0.8844925539612638 0
14.04687907226681 0.7698092942150274 0
14.84098204006428 0.6776461538047347 0
14.64689474570962 0.6300540065323672 0
3.387498036949791 4.195372248246289 0
1.327829951153923 0.769367453625478 0
0.6154724799113236 1.617212109544275 0
0.8120434809091819 1.692620198090177 0
0.5534808255203814 1.80878018937559 0
9.036676506663873 0.9571254866894203 0
9.275340969607926 0.958244427751112 0
17.01152644850195 3.112734367570306 0
17.01938543326412 3.312988527287446 0
4.516396901788745 4.114634725645653 0
10.13473344567879 3.608026179182324 0
10.06817382285574 3.40023292811671 0
5.088079496660001 4.096112257399649 0
2.173534776687561 4.18788763428377 0
6.995756244596016 0.682088719435209 0
6.759097713278839 0.6813732153106182 0
2.93434789048508 4.371861869310399 0
2.806755810092416 4.512523366863372 0
11.41150005830653 0.7857211778309281 0
7.821324583047395 0.6872255098279545 0
7.952197161407796 0.5215573570906922 0
16.25677394103538 4.564694618683033 0
7.407870994725149 3.093406025855231 0
1.221270189776604 4.130734370222681 0
1.29545564929599 4.308726544122884 0
1.475262214802123 4.281320749013652 0
0.7392550115281384 3.178260196625698 0
0.9123017656928596 4.329396727481773 0
15.58395147006983 3.138136175538243 0
4.493716737275579 3.755940242098792 0
7.622876251049152 1.831067146610013 0
4.84492505502519 4.31816975782067 0
5.104322293845395 4.323653289494406 0
2.146864115535117 4.36477067851688 0
1.887064219766819 4.320364720198897 0
1.940164522252067 4.567332223814294 0
11.80378418499542 0.6912238356021976 0
15.74756643162315 3.14640392607882 0
3.967689342727728 1.808050885894866 0
4.222129238854689 1.679395862755697 0
15.96699699711813 1.748108701833186 0
13.26915159686025 1.755913443441326 0
13.49570801954047 1.751600977185098 0
17.07023476160635 4.15748326631715 0
17.27345784850444 4.264643239764875 0
15.27938521106946 0.7263790242149755 0
15.55730712483631 0.7757971540856075 0
15.5352854425924 0.4889949773719096 0
15.81772029712272 0.7042139223014516 0
9.67504196952142 4.135135696490678 0
9.547988174182887 4.437500912035103 0
11.18172772547917 0.6258289715514833 0
5.829660760179443 0.7063442836322877 0
5.589176196617839 0.7092918551885434 0
5.561467333453344 0.4710780035651649 0
5.351707299318011 0.7084260436109457 0
2.878940958494756 3.462977328293392 0
0.5561669458891618 3.17795320703394 0
0.552884500143243 2.97693990986329 0
9.072409633874068 0.7137289305298917 0
10.50334706523052 1.671082181405507 0
10.48151037046538 1.904040568699851 0
10.5953332192153 4.383951960649091 0
10.83173714835477 4.377874323452303 0
0.5565010351334632 3.370696775120232 0
10.75283501886349 0.6504506939427652 0
13.23327643373572 0.710924819599511 0
13.05799811602135 0.7352385235447731 0
6.533159938749759 0.8938569224934267 0
6.078748302307472 1.709924820467233 0
1.829882975235449 2.754617367478729 0
1.880446823167816 2.861266025524692 0
1.717544180757429 2.80108625471532 0
16.7293666953707 1.701968907659865 0
3.422197459448065 1.599543380880109 0
15.3857960345756 2.864606795341365 0
15.4061846463231 3.012262486166114 0
4.047279811162588 0.8084566157962758 0
4.12834889581778 0.568472078802909 0
4.316205963123806 0.7701020887720298 0
16.54795904885118 2.787661266528114 0
0.6995617472042035 0.9174161916911046 0
0.6988952161577 0.7486429907656103 0
10.77523035016816 4.17418446522739 0
11.06932683261113 4.369582809166531 0
3.888055235703746 1.964011173307423 0
12.05040540923135 1.678854797456253 0
12.20257993931846 1.648683846204197 0
10.48247850901097 3.163072122106486 0
9.798065767749501 0.6517863381714339 0
9.894307787380034 0.4906742934700987 0
10.07997290721786 0.6308163836600218 0
2.335461317412889 2.891391179347681 0
6.064815390214709 1.950482650491309 0
13.16415456509503 3.885205297418446 0
13.30029377699581 4.059433225254363 0
8.26816525711361 0.6562983520955592 0
19.35949607007506 3.347512550292117 0
19.3517300835159 3.568428216062477 0
3.010587688718612 1.814964271470904 0
2.788818650126859 1.821810284303871 0
3.264611231170356 2.018384349745539 0
18.10139920183856 2.317863678622511 0
17.96163075271539 2.112537814438116 0
17.76742849392097 2.067209836375439 0
17.81405464712206 1.911233725307516 0
17.68477007304471 1.897797561832035 0
18.15550360468803 2.17124739108372 0
7.377704968729543 3.25033775553777 0
7.573698150037885 3.273151783669006 0
12.92219207377039 4.315039329072135 0
12.16710552248814 3.218755984014309 0
11.98748761720633 3.144760241892943 0
11.90076296217903 2.97871932404576 0
11.8530588617991 3.115252992609319 0
11.71396009422245 2.9080999469016 0
11.62233552452375 3.059036041370224 0
11.49742088982163 2.920468580039692 0
11.39021310489172 3.104233388134248 0
9.774726053296336 3.884140242456026 0
1.682240585313529 4.402562584924986 0
9.291533920605879 0.7365356010833697 0
7.186445802845863 2.919142371709992 0
7.20891303204485 3.095087499478458 0
8.377933579918448 3.307144959892749 0
10.04519360687941 1.660046283764553 0
0.3744625295445037 3.186975872455838 0
15.75264358384647 1.743468362339621 0
16.83374568814808 2.88855859202592 0
0.7337144324460159 1.934543291678827 0
0.5898887576988194 2.020378402770913 0
0.4838275385057429 1.959007784062316 0
12.82735389395241 1.85405939030884 0
12.66123251696287 1.777255157824581 0
9.904020405211718 4.580930542365764 0
12.54065021672129 2.905638213063821 0
12.50925690969098 3.06698288601678 0
2.347537232658892 4.376638319933168 0
16.19404374177474 1.972485924044404 0
0.6924291182057871 4.320863176887943 0
0.7073746122857791 4.542131888389607 0
10.52550313015098 0.4380747332591186 0
17.22674679695129 3.306789014587808 0
17.23177390367371 3.117129484696879 0
4.708062608148497 2.77529182718127 0
8.549646028913422 3.211498925398538 0
19.56496185547023 3.550112214397117 0
8.664344479089344 3.058028510106183 0
11.37166934119111 0.5897598509482695 0
16.97520965149434 4.00202737879313 0
17.04738965873158 4.331386891872308 0
17.17497250219584 4.420729540311321 0
17.39996834125447 4.341245590424009 0
9.460951561030669 4.204659048305828 0
9.330159422893008 4.401378824232216 0
9.410697018845054 4.619541658869236 0
9.224545207566621 4.503645075428199 0
9.061040353362261 4.369208398982146 0
1.346438283824217 0.602592577800692 0
1.575953625390055 0.6786388697114347 0
8.464990322332275 0.5842648681242195 0
8.655867347376224 0.5277636298150024 0
7.624330402491394 1.630009055477612 0
18.23164927219156 2.750083255335616 0
15.7821974507929 0.4756399013683676 0
16.03881889744176 0.6741084750791075 0
17.82522396110345 1.744466326690577 0
18.02775175938311 1.759936857146148 0
17.60104971406417 1.772063280154377 0
17.5167237319866 1.911473872836649 0
6.528822686750013 0.6804929204583214 0
13.39868188727431 0.683916600878562 0
13.77946245306298 0.7155820815303149 0
14.01740013058036 0.492972194263074 0
14.23028402841874 0.6729541309656675 0
7.376362231454216 2.030612244057171 0
12.47775793183768 3.234792398470204 0
1.729241627500286 4.575004302719741 0
10.95380068053811 1.730062022200261 0
11.17196483775522 1.941452437463288 0
1.681256171457592 4.162931280661172 0
19.03678872369323 2.971035906767042 0
19.18707701227562 2.866564262111556 0
19.3448472923986 2.942093152408375 0
19.28585881475664 2.787739672931838 0
3.24316718401736 4.445440180680869 0
3.321468296786978 4.582189423167449 0
15.60499078224196 1.393596818914439 0
0.4196453144631676 1.555970302885486 0
0.4636195578331783 1.322863806359567 0
10.64610511694875 4.586772847752551 0
1.525772700565916 4.448713003785757 0
1.357260288507989 4.496029868633785 0
12.70947885733026 3.063942552348538 0
12.86585657745897 3.17633356422404 0
12.97605186705426 3.045930140475308 0
10.15579742920724 4.581851044819896 0
8.902023677670716 4.512999488976318 0
8.713513203944144 4.385840211871355 0
8.589649771985457 4.557782295708098 0
8.484894923544299 4.248469881299962 0
8.40310642066326 4.466079886490362 0
8.232552667583549 4.246946857276074 0
8.207777353864898 4.414179999730697 0
8.087459013641471 4.250533922642441 0
8.028774741995889 4.364315286893364 0
7.878902665953417 4.290606967383884 0
7.814211959386879 4.400461540586707 0
7.723805330132919 4.222577816810658 0
7.67607320929171 4.382391723213368 0
7.784582280713666 4.07624406111507 0
7.680994889281887 4.570705150743419 0
7.457247659349825 4.566357387838549 0
7.441737747878919 4.321531536568629 0
17.24109668222412 2.925274761539413 0
11.81864233080005 2.082037669587466 0
11.72108331211321 1.923566527814247 0
1.805270381024977 2.96985158649381 0
1.613798835766639 2.992188016555404 0
1.586339464755961 2.825415360137228 0
1.444781332899582 2.997206411915342 0
7.411388939935613 1.837147563683795 0
8.745864335618835 3.210228993161282 0
17.42631614607567 3.312245483689368 0
17.44246236324596 3.122845165065251 0
17.81195469455437 2.706401925365228 0
17.90014822427084 2.812119439627371 0
1.636361299592171 3.172120543411677 0
3.118446371579934 3.966386887758134 0
3.111912545521502 3.748204930797948 0
9.411215299566438 1.854171365615548 0
9.612464774611906 1.875490710527058 0
9.193210465838645 2.046492950345674 0
13.06133081671686 0.5721819431387656 0
12.8551286049721 0.7234321992530719 0
17.14293179983867 1.963664499439128 0
16.91348809837166 1.97701534041345 0
8.137726868313175 2.157977357829679 0
8.307399048589046 1.954863364605993 0
8.512016365771798 1.934146983709867 0
8.264886374721142 1.764654358822314 0
8.461925669940101 1.741777556819461 0
8.704597456984294 1.90633590506088 0
2.155187873525367 2.884678176752365 0
17.69895568238383 2.9295157390488 0
17.82730418448998 3.020742553377415 0
15.69822676687292 0.9413698637154251 0
17.04140812277196 3.489838108639446 0
15.51748898798337 0.2415499416064955 0
6.528670203576318 1.942867609476757 0
6.768964176449888 1.924367485336564 0
7.003114664154529 1.889669060138897 0
1.814711197190793 2.121825371970581 0
1.950852751415411 2.040612657550218 0
2.190145561399481 2.127547084106754 0
2.107940565729542 1.94397464781998 0
2.374242745171367 2.063769143534224 0
14.24007686157683 0.5058508754548554 0
5.622483758563134 1.932061234507255 0
5.414977000857109 1.682327039382451 0
12.62533077745409 2.012393855479132 0
17.02910319360275 4.568174015506596 0
17.22127060479792 4.763933840023434 0
8.205463416076626 3.296475881743508 0
8.103442347598399 3.092064971182304 0
11.99527281211963 0.4606872871629917 0
12.19025004455671 0.6690629360862848 0
11.7758379065034 0.4840524802677448 0
5.42427545911926 1.915867337831179 0
5.247974852075722 1.911802947671182 0
5.26841865946114 2.078326842942048 0
8.212071061039465 0.4451156828938525 0
7.973255641786626 0.2399721272222366 0
16.03517373614718 4.555574100264176 0
16.04879470102126 4.321534652989678 0
15.8629129204466 4.549959142232218 0
15.7672424176539 4.378867875886547 0
15.59901229867235 4.542666570999097 0
15.59664894454294 4.312086102118029 0
15.48288782400237 4.410777391628079 0
15.41780365013093 4.307582601818668 0
15.29628555181345 4.56650981569198 0
15.18914499911933 4.341553593915478 0
15.02792449613332 4.473404865019456 0
14.94229725390674 4.271848261075662 0
14.86951504245827 4.448367087599433 0
14.71782878141953 4.235057854860798 0
14.65483642061077 4.423350591159422 0
14.49311492180101 4.202146399293077 0
14.43015443810995 4.397796243932489 0
14.26845203511303 4.166332732642043 0
14.20255581332619 4.369034874877469 0
14.04268897845542 4.124247070442871 0
13.97489515228099 4.335727481932482 0
13.8184950983642 4.08163620735708 0
13.74831604142934 4.298045129194439 0
14.5539031887477 4.008132188327683 0
14.13592975373697 4.575610328242585 0
13.87158315734989 3.842087191263906 0
15.54338875341115 4.115605665616948 0
17.36458845627499 1.734687182863736 0
17.94063115124484 2.979147087692313 0
15.95931173382346 1.972957700015039 0
2.315589697571482 1.816688330061881 0
10.42859292688364 2.95997348653954 0
10.1891641893559 2.968500491650366 0
8.204656504243079 4.074682265597262 0
4.029780530905493 2.044873758052953 0
15.74733627167023 4.724156271086656 0
19.1722584215743 2.688537350622351 0
19.25886952328708 2.530397830649438 0
19.31431862730461 2.345897895184422 0
8.17862387854116 4.586499527719678 0
8.098604345063968 2.878036213634623 0
10.85939382972081 2.748616938411931 0
11.12892047988518 2.934699637147237 0
10.90062689984625 2.943250781035418 0
10.94761230491221 3.138181708666163 0
17.97874610674082 3.123987910794689 0
6.044073086302848 0.4644442499239729 0
3.783339620012888 2.1627934770521 0
1.994811817501189 3.37655197164776 0
0.3692178353405389 2.979322640223911 0
0.5500089148149065 2.770512290512916 0
9.248361709927217 4.768519045484762 0
11.85649816189001 3.265160239401139 0
19.55763928087468 3.784183923295252 0
19.33908697339604 3.794975546801464 0
1.972371945231595 4.781997510566772 0
11.55789199483636 2.776609570301191 0
4.156234901042549 3.2439102026332 0
4.159038154820717 3.428630263064778 0
3.942622922397129 3.2368155901273 0
3.717813936385293 3.049995698948524 0
0.4657976529348957 4.309928189832005 0
0.1729849494769944 2.379540369126147 0
0.3279085381568052 2.307792212359978 0
0.3576742538663034 2.549836385223378 0
12.65199335771278 3.262627781165948 0
12.30602569536504 3.314395041901878 0
19.77708114387539 3.047585765239553 0
19.75261096685803 2.559015662239146 0
12.47397040389575 2.182508658071846 0
6.795011861534261 3.352369053879778 0
6.764821289628882 3.142819071576132 0
6.521730041897875 3.153284099276148 0
6.496945845124227 2.950522769552306 0
6.731627986558682 2.942426252502357 0
6.261288455814724 2.954909875575598 0
6.240487960490169 2.753575607466484 0
6.02662725808581 2.956542776096104 0
6.704087839668416 2.747213072695863 0
1.271168388151338 2.635183273682383 0
1.431765309962637 2.656561678182523 0
7.798035208730482 1.284341245368577 0
12.2136012433553 0.4547942814598005 0
12.43552037589014 0.4585294436526848 0
12.46693158324812 0.2294590404629493 0
14.94510620169479 2.722540695782994 0
15.18763456851147 2.875938709179666 0
18.00284559737582 1.938103140291299 0
18.18487209522756 1.781991702102457 0
18.24473509099184 1.962280623765642 0
18.5682494201446 1.976459324401044 0
4.354631200077502 3.6158520366141 0
8.572749402060108 2.1333006365983 0
8.88006938887353 1.868818338725742 0
8.953485517498669 2.062448839958986 0
9.044432779148083 1.835419224070228 0
1.82493342407145 3.515723960201702 0
2.568167985888429 1.828245206914317 0
2.38788688104677 1.632335884063734 0
2.587586005730086 2.039462813807453 0
2.553191646312635 3.070489637223133 0
2.746041173725956 3.066815340638017 0
2.787201748411068 3.246896550895198 0
7.624708888759178 1.439600899996413 0
12.71705341081957 1.527187353124368 0
12.58808360029411 1.57011435512895 0
12.41835679583607 1.815203845835673 0
4.698746331494079 4.780015744922967 0
4.646474008457524 4.558486612736912 0
4.401438741505133 4.568279988589454 0
4.206465797730937 4.787989656810244 0
4.16157547752451 4.577281359994632 0
3.925990069041724 4.583792410047533 0
4.114938226141689 4.369581157772203 0
3.724894922079712 4.791090507318334 0
3.47830722519563 4.588159699203842 0
3.225200364069265 4.729949285302954 0
3.076025278468331 4.531045427263475 0
4.348196595310093 4.354783992055714 0
10.75096804827789 0.4344875669188828 0
1.175236549002602 0.3145217545585881 0
15.26055751483327 4.795886596451648 0
8.231590592631926 1.575316412351421 0
9.819970061462001 1.883966573114017 0
11.68018771903061 4.781268158171688 0
11.61177372091737 4.563533439271019 0
11.37088759212701 4.571773865591454 0
11.54556450948677 4.347172349001544 0
11.78206609393108 4.333340018009447 0
11.18950654127373 4.788838187317221 0
11.48075013023448 4.132345883920467 0
8.404017795420749 4.032969612785035 0
1.484578471918176 3.354725240794242 0
10.73673868513888 1.698517999207561 0
8.662589210359151 4.79780306894915 0
9.165780624836803 2.855463418334126 0
9.101953558485899 3.092156830420246 0
11.96252158352219 1.283020802472775 0
9.330140427817884 3.010831156054802 0
9.48829804680766 2.996222116938536 0
9.527614456154684 3.199260411672205 0
9.765046176069893 3.201731020324271 0
9.712085620780126 2.986371246243539 0
6.98744105104231 1.66080013018602 0
14.7847695452573 4.806247110849726 0
11.00932867051038 4.162434445110557 0
6.300970680384284 3.365148382347054 0
6.047857390063214 2.196684955542109 0
9.798981174375982 2.109556747062853 0
0.2703604859072684 3.590775738250125 0
0.3006713266217709 3.877991310297768 0
19.74361878885388 1.401989049036873 0
19.51940593414757 1.513076728483407 0
19.47428056230353 1.333080282793891 0
19.28863576619352 1.448851681891374 0
19.27147005726354 1.184258761173331 0
19.53564623037531 1.733996773123653 0
19.15696886405387 1.319644130193172 0
19.14704727291033 1.098969706154063 0
19.35232039913827 1.016835081335635 0
19.16476248631108 0.9580513981905896 0
18.96623817914064 0.93551570868626 0
18.97478084589253 0.7191911573309397 0
19.41167124530733 0.8173850490065577 0
18.74844163038517 0.9242116449615219 0
18.74695726409408 0.7015688850035748 0
18.51539470187886 0.6916757787785339 0
18.7483859603453 1.135864054006612 0
18.98737710156839 0.4889601242541111 0
19.67222437186505 1.893520986623432 0
19.47363312421034 1.989627659086658 0
19.73996306782934 2.088229719835897 0
19.51972598267057 2.1502986509018 0
17.83933060843196 4.769340274918527 0
17.91819854276258 4.506131911696274 0
18.15235578200847 4.540402059614764 0
18.09230141855979 4.403234656942095 0
18.28327879445463 4.317361118729687 0
17.81663448109062 4.319016053272835 0
18.20917294621191 4.123946568648753 0
18.38114105991137 4.019815408294115 0
18.54043372540263 4.209253287305931 0
18.29592487794582 3.91236362122635 0
18.66954601791284 3.959939487989697 0
18.82602877296129 4.246228088071608 0
18.87550458865018 4.007356484785275 0
18.79350233604599 4.49956793053583 0
18.28690862754087 4.752624044277404 0
18.01018598178531 4.211987788928951 0
12.26038263646118 3.43509211638415 0
14.68085411552879 0.4799936007149093 0
14.83340993766113 0.4717047349959085 0
13.61723888067362 4.02139841305435 0
17.74411750891407 4.62258065878422 0
11.85062306184401 4.553214991716773 0
12.08463857870523 4.539229874575515 0
12.16516492551616 4.76720305353936 0
12.31058498086592 4.516706382230392 0
12.23077155327559 4.296140953987645 0
12.43317352792616 4.257374725220782 0
12.52541417602736 4.476549416402246 0
12.01270381269861 4.31781453533757 0
11.95438169408304 4.099156176174477 0
12.4020201204445 4.752834910121804 0
12.72802949110907 4.409639997802176 0
12.84213180397063 4.655321136454296 0
7.241408477082773 0.2273562748700928 0
7.467858804192979 0.4543717102810705 0
7.234292472263048 0.4528190962638163 0
11.63873998004921 1.544915338869832 0
18.74987355657692 0.2382399229677694 0
19.23227555478233 0.517679708744117 0
19.24731363346108 0.2611164772074774 0
19.51587956566019 0.576417255125377 0
19.64584431921265 0.746602167198454 0
1.274043339116002 2.995842244060861 0
15.88105722176922 3.473053556062858 0
1.445407038644374 2.491220437704103 0
9.218787817266996 1.831235578030229 0
15.76391556357284 4.148608625412243 0
18.74442970236406 3.268033910971301 0
11.21618455408497 0.2318330548089267 0
1.05963092012831 1.551418827132012 0
19.3987286644913 1.590384503553851 0
13.00409870392043 2.813538562344732 0
1.549891530613511 0.2166416757655742 0
18.2608487399654 0.2301921778717411 0
18.51021172196381 0.464049421839642 0
18.28130827909826 0.6859517684067211 0
18.29106721875046 0.9111687109567916 0
18.04619337010797 0.6827949330355629 0
18.03194178602711 0.4568016088659164 0
17.81177989237295 0.6819538129051494 0
18.01629313273499 0.2289810111956196 0
5.19686770543575 4.776816735777837 0
5.444643205419031 4.777269325462017 0
5.631377696662244 4.555001987487934 0
5.878977825407844 4.554072295683659 0
5.779600659504203 4.309225367076378 0
5.572310994856204 4.341145349154767 0
6.112669458684257 4.345842114185864 0
6.140326786131545 4.559453938353512 0
6.36479135663891 4.362090293110279 0
6.394446406758483 4.563905302562916 0
6.589966087955092 4.369927754067814 0
5.392055603859971 4.55532309879486 0
12.82193271566488 0.9662403354922482 0
10.97437533870443 0.4324547460694039 0
13.11727217849587 0.3116781391871348 0
6.754135639657926 0.2275762099851053 0
8.59854747256465 0.3015977803066199 0
15.50830432871749 3.389259387271867 0
13.37524060263679 3.237679152924215 0
13.28939533579319 3.138229140024108 0
13.49409524876947 3.110485394798891 0
16.50050090499608 4.763872828865257 0
16.25458967947993 4.774882306502489 0
0.4852307384414054 0.7541244234724092 0
1.774473625023427 0.2390439969578764 0
2.035822490071079 0.5586130095510895 0
2.325914605258221 0.5168136430589059 0
2.173047643418325 0.8123044123802539 0
1.871857770624834 0.7430488535767368 0
2.386078498692491 0.7606850847497606 0
2.575848404168017 0.4968721430397007 0
2.619639988212144 0.7355450029711561 0
1.77313962400693 0.4667126685743659 0
16.83481036416985 3.809049856364688 0
15.01361038169894 4.079561960514273 0
6.966733408191349 4.71896667273535 0
7.071090968796025 4.566817115399182 0
6.823022083961198 4.509337924538197 0
6.994922226939137 4.43495448702309 0
6.749094219476705 4.378519429901756 0
6.626539681743965 4.554405416633702 0
6.588759700235387 4.185248716300073 0
17.62154791506219 3.321922704719596 0
3.952531383927743 3.420061141684902 0
2.440554430750407 4.768845715532631 0
2.695859025207303 4.713970846660159 0
19.77178356295245 1.179075413764439 0
13.63829765200939 3.250407135100328 0
13.8161500121115 3.100885206855874 0
14.0020610825636 3.109534056467987 0
13.88406962143681 2.880811830686162 0
13.60723847934038 2.952592278027409 0
9.806276717823661 1.407332165962165 0
1.01629564735391 1.756360078114097 0
0.9743056947156568 1.977018916697409 0
7.697156430087375 0.4665840367501115 0
18.63143773701957 2.440149661306742 0
18.51681737826397 2.355993627342139 0
8.553402267077871 3.401428630996891 0
17.52834257303425 0.2310478433242977 0
17.31924034252109 0.4672458477445565 0
17.08399114510717 0.4820236642828077 0
17.12502137080509 0.7080837160687203 0
16.90400328400878 0.7345962354655564 0
17.35051300835226 0.692321214417595 0
17.37651752898872 0.9098783030062561 0
17.55525583157134 0.4597970227093886 0
16.84882796150981 0.5091272903169137 0
17.59880924563291 0.9044107421499499 0
3.691579986143775 1.826102209003519 0
11.96514565240917 2.841505979550801 0
11.44632571519855 3.293130412052748 0
5.821117183830085 3.36644975648182 0
6.04394678663028 3.160704908867533 0
5.808408634327215 3.159388956908775 0
5.585921082711319 3.358553533911516 0
5.576065359584193 3.154745295337426 0
5.347564817887412 3.148006001527432 0
5.33554068976406 2.948484684958482 0
5.120911090685882 3.140562373521818 0
5.563071933585658 2.953043902218718 0
10.25775746800151 1.892767033505772 0
10.46412258030028 2.124089317456146 0
11.38339325308821 1.933373282810102 0
9.217443062867581 1.57243041526515 0
6.096915250056631 1.474456539354385 0
4.888237109212731 2.747191660379541 0
4.758879830716415 2.909107209106889 0
13.34005794683731 4.669709054389287 0
13.23289679990448 4.41030269843613 0
13.59216283798816 4.746009189675377 0
1.451063537126139 0.8752581328146944 0
1.735647805744589 0.8749856588836868 0
1.608162577512712 1.017103253849052 0
11.34662549329614 1.449306178689781 0
4.905747826312842 2.928002605698051 0
14.06946840218903 3.23305318959534 0
14.22774936234098 3.171461413666842 0
14.40978238878281 3.127300918635131 0
14.34895044220253 2.94281489783258 0
14.56292978913627 2.922522995509146 0
14.6113987177857 3.102230682644675 0
14.4587289348754 3.292965655377553 0
14.64935840994527 3.277673201302154 0
14.81983515941852 3.081823832371329 0
15.0268994674943 3.058292651266161 0
14.77435561615056 2.906132499629732 0
9.28182806226677 0.2477814200304391 0
13.53925454591497 0.2433178161993816 0
6.266247434685482 0.2300572966638312 0
13.17545735002268 2.777523218020006 0
16.43672321904743 1.725479133191346 0
0.7276257231701369 0.2604059002794621 0
10.50950124043833 1.419575909996826 0
6.193519849946387 4.779017360160184 0
6.984876924865254 1.422719975280774 0
17.1597796005352 0.9234217593294809 0
9.757377872086902 0.4077979219905705 0
0.7274971573809097 4.76889954871668 0
9.65011307350488 2.772352863232289 0
4.52568597616543 3.649182570521879 0
8.558220429414703 1.355912589156649 0
19.266408015827 4.75353005999972 0
19.28382289817122 4.508036696010645 0
19.52329375884208 4.507354337024868 0
19.30270086324244 4.265202798352325 0
19.53542971206696 4.263198836040949 0
2.784489393483124 0.244932796612519 0
3.062850685682218 0.4835647115522796 0
3.307352510722551 0.4868864379724571 0
2.819756169251259 0.4868211213694025 0
2.855386894956789 0.7229092531544736 0
3.280111011956476 0.2451938768330497 0
3.556085301474988 0.4977031184922609 0
3.531611408733904 0.251136293174901 0
3.816070218458982 0.5195514731341508 0
15.65053557240087 1.136093465355377 0
15.86174900344646 0.9136734050560429 0
1.56506844478997 0.428967649224024 0
10.01985175032269 0.2882384546525611 0
1.27797588111026 3.838134376921051 0
9.830132978492925 1.661669669078067 0
15.10321269981502 1.819833464794815 0
15.29352479310122 1.88418017675234 0
14.91477274345249 1.77589672695483 0
14.70767806568202 1.748691912713511 0
14.69151512992027 1.972243137766829 0
14.48260410679684 1.717035047948371 0
15.54868260167004 1.719601265450635 0
14.52514633442961 1.494058897457734 0
14.25375948163838 1.664781048555694 0
14.16036438970811 1.931649335594889 0
13.95330272128639 1.775140118758466 0
13.96965598322594 2.043734675733766 0
13.78028556651886 1.950743799737901 0
13.74074872180186 2.213452809507941 0
13.83774361688583 1.685548764487482 0
3.33061772652759 0.7225961884954406 0
9.030942651211154 3.423554740161742 0
5.210917450559502 1.693852981953742 0
5.029455929473118 1.726513762695047 0
4.958138928709315 1.541475543641025 0
4.842219005126123 1.597972475605687 0
4.85930859481183 1.745402364082249 0
4.670494748023565 1.732924721028305 0
4.695909027225534 1.960624509096555 0
4.450910296392705 1.711516867437876 0
4.688128240716372 1.488083599404403 0
4.43105655911283 3.925559487401227 0
13.70010509641549 1.724337887218675 0
4.316331362709013 0.2533500458069615 0
4.057430368251355 0.2649081508974076 0
5.043475190252334 0.2355939645032832 0
5.084077927764064 0.4709693331433482 0
4.851699752038018 0.4707369682707743 0
4.89226032202478 0.7045670203700622 0
4.680060339274653 0.6971268037961422 0
4.626610559957304 0.4735440233639943 0
5.776615860137324 0.2339500020662002 0
5.531256455255132 0.2350890422235437 0
16.24062475309919 0.2441141783935974 0
16.23001182825713 0.4564893672950774 0
16.38437688878813 0.4680098861700137 0
16.50713846705637 0.3097160655035993 0
16.62773225267045 0.5573002048232549 0
16.43333501893838 0.6138094555112139 0
14.00962354327237 0.2495192931125318 0
10.71728476112097 3.971994541543792 0
14.04479541651836 1.594034375115066 0
14.3143004781597 1.442847259092335 0
7.457694318236816 0.6695366751085048 0
16.4084166378537 1.489835052663285 0
16.68249276970204 1.971732057158832 0
2.762648021285555 1.6125929135228 0
13.01884852188552 2.221290945645531 0
15.30070572749388 1.189817750366142 0
4.188217095976324 1.940041430071672 0
14.7363360279924 1.529847784571121 0
13.25435010970548 2.216181588912999 0
4.80217708422741 0.2365372451494521 0
16.63843411402577 1.44416484255132 0
5.147720087936507 0.9409078313182087 0
3.525686241312784 3.226891425062579 0
3.732330829634424 3.23183010219097 0
4.685426096089323 0.9463022284281966 0
3.06915489903553 2.235203934846642 0
14.44971019532217 2.202197581735942 0
15.46401922959024 2.181002849477625 0
15.18496398871179 2.132039112032791 0
4.508838217371215 2.200452173680196 0
4.744779478632116 2.199622487216548 0
17.44243603496817 2.164768643303627 0
16.18333364495449 2.208546529543391 0
5.399007814122499 1.436955932733697 0
4.229758316985439 1.459616326259096 0
3.811724874753796 1.198131761125064 0
15.75583690892358 3.003107925602602 0
15.92197775164364 3.156475783078297 0
15.72668105447629 3.28951767937839 0
13.86039535801845 1.544290897755411 0
2.281854805470951 0.258707684691196 0
6.350173144873262 3.97475863765034 0
17.0410514273392 0.2449368178019307 0
5.611543973535639 0.9512584365072714 0
15.0489951391099 0.4755839542640867 0
14.618559842446 0.8735223301210056 0
9.712436684232223 4.590483774511611 0
18.77201855031344 4.751890555693779 0
18.82372272258254 3.095943250980241 0
18.88875540671793 2.930126790729586 0
0.48107986400613 0.5056110492330679 0
15.42018489882804 0.9995185861854441 0
7.067053389853527 3.97795229968096 0
7.812976608775704 1.425557553528852 0
4.423411898893423 0.9209121930608106 0
10.81255418977726 1.423675642027608 0
14.26908721290069 0.9432275624104709 0
12.37648170272773 1.414725273742734 0
4.442973895583799 1.48080622992081 0
13.3239423851984 1.35712527901881 0
6.690825427082853 4.764587422140309 0
2.889953665867556 0.9519930622910731 0
5.320008832551264 2.750532557233305 0
2.181147512214723 3.40844201977652 0
16.16820756531548 4.195288196110542 0
5.793799920945559 2.955800642883779 0
10.20289016769066 3.809050291628727 0
3.119853348306181 3.052282668158913 0
2.934123390906117 3.05870595913039 0
3.394304260529625 1.386932040929808 0
17.45764602974661 2.928956531482168 0
3.632295113177006 1.597752008189864 0
15.08195107499008 3.230672288419462 0
15.27234486582787 3.181973694471561 0
8.841573312724348 1.071883694104022 0
2.441277563736506 0.9854549585141583 0
6.300847380323491 1.713603510191002 0
3.810112614311478 0.9843629053998859 0
10.12441144160708 0.8591092867870718 0
2.614258062707874 3.692045233896911 0
18.18740874219672 3.159226478421114 0
18.31064317391019 4.525855476945959 0
12.58881870300159 0.9508388380020287 0
13.49075169381379 1.546460911038078 0
13.08235000635108 0.9959531823830368 0
12.52304873831996 4.000584513551392 0
2.686330807909989 2.722586786168477 0
8.828515335691423 1.679457074897498 0
13.55604767916549 0.9113138095750601 0
16.90495579220659 3.503846347784287 0
16.11168466924455 1.088809624160034 0
10.77111208603811 3.350754131871637 0
5.941579909079644 4.778004838711412 0
5.08042309708682 1.93213561492348 0
5.970405906300638 3.974440452003504 0
14.37805298917918 0.7551346389855564 0
7.564529400327054 4.151361051932263 0
7.322827015683151 4.126447704744932 0
1.858302345433259 1.884904926926324 0
1.902577039087131 1.66470866070753 0
3.449927555565051 1.808416012123535 0
16.24429101973443 0.6509262020664757 0
19.77377001942854 0.514786079056756 0
9.473868509954567 0.9914486574758494 0
5.134668885859569 3.340226412169328 0
5.546910330802109 3.967271980604259 0
10.36035118442187 4.386478474807562 0
16.48635335595251 3.541629844110484 0
9.901833403099321 3.63833335508737 0
13.04331674186047 3.716143095314768 0
6.008601867189968 2.754493399334883 0
5.109090561023288 3.885052349148896 0
18.33438693819069 2.290191277632286 0
5.547666639164156 2.752869108311323 0
2.868505062526006 3.721276411235444 0
10.9863860658261 0.8575488585887807 0
6.305655983937679 1.492981824426926 0
2.304645725813177 2.721825146038232 0
1.977077449082621 4.104319071618182 0
1.741836279416271 1.705160353944409 0
15.93429482929191 2.857937785796638 0
16.09641075787782 2.856341816288915 0
17.24887744497966 2.737398643558201 0
14.44954117186432 0.5586447879592786 0
18.48131413607629 3.686470630247317 0
6.28184118509826 3.158631758304629 0
2.390830191002678 2.258520317849554 0
16.84366254584592 2.725627706685149 0
13.57665038777083 0.6873110973407894 0
8.812163596479495 3.932289155718816 0
2.099397881546736 1.031622641293701 0
10.3164546989594 0.8512555112845197 0
11.3441822027054 2.926523694204661 0
6.326452044632441 0.9064685155446199 0
0.2473636021722943 0.7577931680536711 0
6.757800266645416 0.4546984099457516 0
6.998526384746286 3.120319153148526 0
2.054283001386072 3.93072291008411 0
11.0004749327973 3.334645879024058 0
3.586003564276632 3.981961544013105 0
19.17062798021751 2.146618114727822 0
7.243160146742273 0.904822180748355 0
0.9328668761314258 0.5354412261910559 0
3.302454708282041 2.230003152944544 0
11.71891540792856 4.113082818353748 0
11.67988164719641 0.9564119854879352 0
10.94896642429804 3.957147065831292 0
18.15612913060545 3.754872786928178 0
7.275329531924648 3.957670673259318 0
9.518532008658241 0.7770713516429106 0
0.7562379016891061 1.184439640889502 0
1.111915488847714 4.332029589743273 0
11.76529719851466 1.745781327029498 0
7.364062048410808 2.720440800834808 0
8.886971130120491 0.8479071322889662 0
7.785100348396231 3.12829121665724 0
7.77056283822359 3.280389444968311 0
0.2385265543615862 1.992416721629809 0
17.82636729088669 0.9042652469331549 0
0.214376046609738 1.520497832874947 0
2.581728642399379 4.363557012273576 0
12.16533395334957 0.8260448869700192 0
8.149594013648425 0.9362976191887546 0
7.653693351180207 0.8556783280289144 0
6.527190413327572 1.047338934578872 0
0.3888518268303116 1.759523069767779 0
19.51724141448074 2.351003675328319 0
11.91694749543538 3.851639223496715 0
17.40121660725358 4.530688479796863 0
11.58770796137587 1.794273376922375 0
3.336151995639076 3.576253112855821 0
3.122940947895347 3.546383825283422 0
1.228781422883845 1.584502296708948 0
19.14128564464116 3.57956675742239 0
6.301085593430646 0.6866004519807172 0
18.5617689020339 2.506432501357058 0
7.331974324396795 3.418294630456719 0
10.97388030069244 0.6420047177956543 0
0.6739285121829237 4.10650133005757 0
9.948540397492883 4.787270277746371 0
5.328505148066976 4.128469528272786 0
4.370854179118296 3.768034436743034 0
0.9304976783000214 3.376714181058735 0
17.38994629732541 4.112690373743334 0
11.41517875426821 3.920422099576077 0
16.10371397643336 3.162737408382378 0
1.648851887458202 1.290527237099357 0
17.74778185744035 3.869190329909337 0
0.7351943318362313 2.779181080799925 0
19.36034494210048 3.135811957834234 0
1.330839032718087 1.038154504280059 0
1.443006472346244 3.725900690870637 0
10.31574889614032 0.6483555229831874 0
18.54256123944731 4.50390569054909 0
18.3420511393885 3.582355797753218 0
16.12185339865768 4.075015109406093 0
8.03204510893303 1.594747707310411 0
13.32386298161197 3.760622257614032 0
3.002247197912165 3.347924612958823 0
11.32441677121711 2.747230034329375 0
8.879992776616893 0.7031603783299167 0
9.984386236860226 3.839421859383069 0
17.60795917887066 1.542069844218028 0
4.530384026252864 0.8484998328888218 0
7.760480995323143 3.454707089526597 0
7.496746232962234 2.270914887084509 0
16.44841115913747 3.71972979306269 0
18.58249770119886 3.191965282879306 0
15.76339088621215 0.2377082312324279 0
7.117393215051298 4.177966314947494 0
0.4884482985634548 0.2542882112993743 0
16.6905452523642 0.7716915220764251 0
8.341551047653374 0.8564202052015373 0
0.486347587498237 4.765351705905132 0
17.02689999572336 2.915175467843492 0
17.18407430666061 1.499246936355052 0
19.5114275994587 4.753208055673063 0
14.3922291101124 3.778309870417007 0
19.55230052521041 1.100927677640474 0
18.74915017285797 2.871707582918867 0
15.45416346807782 3.237728623809097 0
9.583985660105233 0.5135718230463677 0
14.51316402526652 2.738803758148927 0
8.530990942924294 2.837852799847497 0
1.175411236367816 2.030655894283997 0
0.5337478168995133 1.037348098650796 0
10.20140681600739 4.790862981701591 0
11.61160226060546 0.7360066630502842 0
0.7545615909800496 2.171442736829702 0
13.5081263099386 4.483714243765803 0
1.777683582506263 3.994663267994041 0
1.653267758021084 2.060750715732004 0
0.7378021423305903 2.576818891661557 0
18.98594364897467 1.167666891394016 0
19.05242382809352 1.45775048379349 0
11.74803292133546 2.830955969501333 0
12.39732464126335 0.6875210753061021 0
7.899313349091523 2.837451122982441 0
18.0516752723013 1.568585019728201 0
13.56769087644232 0.475005106141162 0
12.15298571728031 3.912166118788902 0
3.698466108204616 2.8670916074638 0
6.961448431347612 2.930657115789932 0
12.17687152782919 1.45452901759039 0
13.02940384123298 1.997942314424211 0
7.548615386329917 3.449746550123819 0
1.207910370182535 4.755832914304913 0
1.448412511474578 4.055242965476083 0
19.47048568776669 2.620117877048032 0
18.74645022299863 1.288286365720617 0
0.7429343030637874 3.376823893112288 0
18.69665751618523 2.090389905160039 0
15.5777054572387 2.708239244882 0
16.98729041903263 1.148958155785466 0
10.6999599094421 1.927901509317566 0
18.47307072098415 2.48129919589492 0
14.29423764020178 2.747855467017038 0
10.51406169164133 0.2216801623132079 0
15.95199316801414 4.128222156458941 0
10.40360445954035 4.586844674698701 0
16.68752373876731 3.583250084346325 0
3.355551496664521 3.980180226387424 0
19.19811631108982 1.693577745104774 0
5.146816780433272 4.55222702759727 0
6.774325264696561 2.17850687229365 0
9.066182598749046 0.4876684190160336 0
15.22269381274663 3.032411145133382 0
15.56509604189635 3.262256158822052 0
16.82796290000544 4.201897939494921 0
4.896530509691017 4.552207842677918 0
15.73122874757491 1.963592967801049 0
1.593160977883443 2.530339161467705 0
17.21742199416693 3.654779446457004 0
5.537538566833226 4.148679292114235 0
7.688964915838416 3.932420146794116 0
6.854511774177222 4.236592227126248 0
7.189850520628194 4.375120666882628 0
11.56394592153189 0.5323612002902924 0
16.61227648066861 2.916880456718391 0
19.09784215059269 4.024306971825038 0
0.5243359454013845 3.552194215926789 0
2.54657577199141 4.548475104168658 0
5.349570298028091 4.337475545670952 0
5.119167996560301 0.7063989236456005 0
10.69761675869012 4.792594270642962 0
7.478209550964575 4.781752548127289 0
9.866006491886305 4.065904749608841 0
4.399768331509928 0.4941901901472079 0
4.503483538018649 2.702550380686996 0
14.10735546315927 2.977221367687761 0
17.6307016971017 4.432118807073495 0
14.69282865668969 2.205092186167659 0
11.16317603696381 2.144659004386686 0
3.921754825959984 2.867224787844587 0
3.642903018120903 1.998276668074426 0
7.91198927724654 3.13140667945225 0
0.9353121673966243 4.543166523766157 0
11.17295540456433 3.123667569333235 0
16.50540592277323 2.692293336838794 0
16.66773385105564 2.208789409351486 0
8.058474772410843 1.786367613157772 0
4.590039014947116 4.333360115176455 0
10.88771846748733 4.583641809658899 0
13.73920123722096 3.664546165757936 0
17.70024888706853 4.132388347230626 0
8.649168759174042 1.713677838250526 0
8.093267920756556 1.974625072998017 0
1.432963693735802 2.823847185300866 0
7.232072195679738 0.6766483900755536 0
10.24221058205393 2.116912384745332 0
1.576522873381109 2.677046794943548 0
11.18491168537002 0.4352915297175008 0
11.01459239783447 2.152678152534721 0
14.30869060657344 4.79673513042254 0
5.681790081316334 4.153293345815157 0
10.14486502853808 0.4556854689246181 0
8.663537754925045 2.821248037015042 0
6.282804795575368 0.459440601753919 0
1.996840446133376 3.028675391122055 0
15.76467168416269 3.977727693635443 0
7.727364966739056 0.2374011782667562 0
0.2338043796040594 1.276343652750594 0
3.966632089993086 3.601958724068424 0
2.27458543287718 1.461587155816763 0
18.52146694212995 0.9156725386177689 0
16.9082902551069 2.207294942946784 0
5.113772118846764 2.941159141222475 0
2.812918489919581 2.031197125740452 0
12.62570846216578 0.7051454064821243 0
7.42008756282052 1.637635067497178 0
2.166998885739308 4.566308533741875 0
1.821383403766838 3.355265783760751 0
19.35225118525172 2.049453529470628 0
2.715094692904562 2.893170111426686 0
13.70512982171829 2.781296963218111 0
5.915090778307291 4.101787782328326 0
8.16231276974505 2.991591807891238 0
9.568668056004848 3.942042097196193 0
3.571310585609642 0.7355624243749166 0
7.71513127339873 4.782159857003406 0
18.27110386646161 0.4591653433042424 0
13.45680852709572 3.909484668721968 0
11.58148166030353 2.126179040566534 0
17.69556464437672 2.243295619606937 0
7.233117295173521 4.568240606689983 0
2.950670658001107 4.602801049029356 0
5.406980772746603 2.147497397953486 0
7.159945257084022 2.735314467113868 0
17.3669598054307 1.935706988276184 0
6.587751493443232 3.984275016639289 0
18.67342223939626 1.893311649366074 0
15.36822776011743 2.710521993249352 0
6.12365536989455 4.149482645362029 0
15.28556686361724 0.4858735676296906 0
6.355876015084608 4.167865124654364 0
9.065997970187327 3.284299580877059 0
13.90391884429737 4.550071314245168 0
12.17008252824032 4.092428592962657 0
12.41745645128182 2.719371941736929 0
13.67760377982988 4.516402520135282 0
18.50355547128371 3.877193168077557 0
6.294630493902067 1.950774178026613 0
4.167709414770573 3.605811523467048 0
1.75207537260173 1.157644211220879 0
15.55117045202855 3.946197525081255 0
0.5548713721388978 2.349867340718294 0
3.092258444836753 0.7189291193670451 0
19.13444626814832 2.320367452519694 0
12.23203846692824 0.2298690444868434 0
13.3361395416305 3.013028471926376 0
17.44330801230294 4.838952175243044 0
14.79457423340833 0.250879652210136 0
0.4138315452560608 2.106155789824981 0
19.36618630412674 1.853227543964474 0
11.24467271746313 4.148681001305743 0
15.92859866565689 3.005792073681139 0
3.261295716213426 2.710247700130827 0
0.3929869123570295 3.504848058035928 0
0.383031131549723 3.374906162041472 0
10.71688145932815 3.150914415368715 0
19.53850317677127 2.871749547193807 0
12.66242146479041 0.4624281930959606 0
13.188407300687 0.5233720453065507 0
7.226073673158126 2.001495359520058 0
6.525149703033498 2.19137974788072 0
15.05847923279114 1.968415579316347 0
16.80779230982968 4.000859386229092 0
9.356951495264541 4.006452224834838 0
9.073025421450071 4.638553918819589 0
16.87253335585061 3.631245571913996 0
18.1553003514418 3.939715051771575 0
3.070896985751153 2.717593021714226 0
15.25863176389151 4.109135243473689 0
8.182564823300503 3.50654766424462 0
15.58171020088304 1.52904898377866 0
18.30180306171678 1.138064740214429 0
13.50308392473915 1.975584281913358 0
9.582628137082459 2.103107579699123 0
11.30759568697277 4.359301179243774 0
8.808706714648766 0.258784868136158 0
7.892781131157443 4.550612684619242 0
14.06830656501359 4.786233429048985 0
19.76773665443701 4.257479394350408 0
19.54723188856535 4.021835089855729 0
7.231120897886731 3.221559938393294 0
0.7098841486989063 0.5132165962471935 0
12.59832272059771 2.207319832748647 0
17.00878962182372 4.840649022655265 0
11.12936410956912 4.578478764299246 0
7.976952327574272 3.032219195979828 0
11.9065778008074 3.427301252344252 0
0.1899422063591896 3.212041815746304 0
11.57763397477131 1.93434575169089 0
5.802982693129388 0.468817134770823 0
9.247435139318045 4.269435215911595 0
18.1114184488721 2.929820811353913 0
2.662046971069541 0.964672277125683 0
15.0291334642105 0.2411818750274897 0
8.891015652606475 3.048130307973833 0
1.136194964981071 2.231099576580519 0
13.97179119403845 2.216405044396501 0
8.867516738794832 4.17821422104799 0
3.113759181652966 4.217425418934488 0
0.1850154888513575 2.98770351796228 0
4.045724666395007 2.209855782397456 0
1.753131392084635 0.6264977376274359 0
8.202638803521499 4.781104705541017 0
19.79581562518418 0.7424447242470058 0
1.996586955063341 1.77792602944617 0
8.2052984911395 0.2249699571175889 0
7.990800956821001 3.25135415843901 0
16.07311479506793 0.8817987503712195 0
14.25380390756931 0.2659615389951981 0
12.60092500043175 2.739337534274831 0
17.79289486898201 0.4568481970033949 0
16.68174741472439 2.741170927555444 0
18.04402648155559 3.314272610928708 0
12.69563429948882 0.2297157407309389 0
6.996573480627637 0.4538930249686794 0
15.07054530439516 3.88152282145275 0
11.6610324556601 3.273884851640642 0
7.489489336894351 2.700862706614368 0
1.740204214883493 4.773932666726819 0
11.75390105073783 0.251962680765331 0
14.36837211303104 4.595646894585194 0
8.648776328315654 4.129946795589059 0
12.35359312101619 4.065077744314615 0
7.309015356847011 2.229007677284419 0
14.77972064308987 4.043297386059693 0
8.602497619782147 1.529008327066616 0
7.828279889384739 1.614946116163917 0
13.68717252046656 3.882551964202873 0
16.43790154407355 1.9680220036445 0
19.56168825166515 3.094715678698488 0
18.7484483653893 0.4730217665980545 0
0.5764212079680942 2.155871427930016 0
7.667488250835635 0.6726637297303628 0
7.987375570095697 4.127343610393723 0
10.37674621764724 2.756812438392767 0
9.53541072291193 3.454849518125899 0
2.121650150271603 2.720228797188934 0
13.48154703416484 4.261638664216267 0
8.397641293579653 3.459468515647151 0
1.582892084783431 4.572583941345304 0
1.462338988252819 3.176217838234498 0
12.02062064448864 3.248137192889728 0
13.17381737332794 2.965956004573925 0
5.321045720004429 0.4714904735942564 0
4.234023652215886 3.95706896536528 0
4.290641270334443 4.148968732439742 0
14.33273851581139 3.968424655975213 0
2.967457381246496 3.224525552541998 0
0.4220550020370997 3.716932500046281 0
14.11380661776993 3.918410277954393 0
19.77820271712246 3.768253420917578 0
19.17822440328595 1.525793372009239 0
4.899962205363844 1.955055529590767 0
8.343176223473856 4.594370061915901 0
4.466509947908258 1.953600144396242 0
14.6077290231991 3.817111172632066 0
1.676925354167336 2.695061301803166 0
4.92684706693715 0.9389087807448364 0
11.94644150957597 1.520202265696674 0
5.815113850274217 2.192892330153208 0
18.44263377744684 2.112175609670182 0
8.454201622615317 2.751041982705853 0
10.66633119124569 2.951675068085279 0
16.01497296334511 0.4598876281677784 0
14.01314519714708 3.660418567535999 0
2.239826915803692 1.012574688100793 0
8.409340210005794 0.3752931388308838 0
19.12464167087206 3.798294455004271 0
14.59794853447094 4.611576634351927 0
19.78136867947155 3.52630494776214 0
18.03435325541331 2.813588982098636 0
0.458288512286483 3.954116436739728 0
18.07133705412478 2.708149198897444 0
19.56737045500804 3.319865834073503 0
3.09554405146549 2.884304286578299 0
7.628781961548817 2.295085458729794 0
10.13350822078497 2.761142960430429 0
15.76010570527996 1.542715465825596 0
10.03561534006941 1.887629886013563 0
18.21722763458023 2.356043376959032 0
13.13633523220432 3.160164304745087 0
12.00721696998344 2.171677547990979 0
19.32178725692865 4.026828777574058 0
12.6644763016625 2.918566848633271 0
0.2358272925222504 4.285586604477667 0
0.3648497644004198 2.764910118777659 0
0.5478100432204212 2.559964798616701 0
19.34023919675048 2.169546134316445 0
15.94343623312916 2.207058004752005 0
0.2436147968504354 4.758598300959829 0
0.2453991695685236 0.2517009732642244 0
7.212642720814062 1.851890931399055 0
19.7559227435258 0.2620361627401104 0
19.75583083419043 4.751887334772576 0
12.38725097593577 2.260609604257155 0
7.806694236630706 3.934686792388383 0
3.039410514467254 2.024951881063144 0
19.60386980977774 0.8965135993678142 0
2.605039098262384 2.246247443259656 0
17.52438135914431 4.256704776430633 0
18.09144133068035 3.081606516308944 0
13.0347535056561 4.54020828026967 0
17.3938987994234 1.119856421933033 0
7.637488978666546 4.022402843035477 0
9.467904845346791 4.854250824116489 0
18.80749254922907 2.770067678595038 0
17.386329057003 1.527909247047789 0
2.007795273160759 0.9062970324286959 0
8.762792532662289 4.673105642401691 0
9.757044910116662 0.2400365566386418 0
14.81941904330432 4.621220058120727 0
8.158834337005374 3.901092188007344 0
12.39974115127734 1.612887139382313 0
3.341862188281012 3.771577621308746 0
16.89971094188242 4.395553497813959 0
19.19915471055661 0.7534880349521376 0
13.57236904718425 2.702879098663802 0
1.748073366161455 2.594820196174878 0
18.73761832510183 3.76784606232677 0
9.823978653936805 3.422700016944679 0
17.22377724548771 3.487178108321944 0
17.81989689304536 3.146989766354614 0
12.86503321818743 2.92022943156694 0
2.9056766701323 2.889390720572549 0
3.885572217469833 4.379431818630399 0
12.98229506135923 3.298078324003017 0
1.735511717297017 1.986304722029867 0
16.94831990839038 0.9473195821578324 0
11.33543641165135 0.4479840145967149 0
1.615186325209406 4.279737273800238 0
3.482510929392525 2.009308728184604 0
1.156398560659824 4.531351686947881 0
13.92936118735785 2.741924657684912 0
17.60855489498493 1.995392130737371 0
19.06776935309933 4.260536128905771 0
12.81971641096677 2.010548924140749 0
13.78724752854907 0.483660305092001 0
13.11532749013916 4.197825572957487 0
11.70364805187882 2.719873323379696 0
15.43076808809881 3.14546389773796 0
15.50602032547031 1.937151321225007 0
1.357240279857063 0.3716606473414616 0
19.09011053938305 2.824093782412128 0
12.62401592181594 4.193884121316667 0
0.4745226545067798 4.533939677547006 0
14.98338480546505 2.890553964679929 0
4.545989744179584 2.829930137210405 0
17.82971806342045 1.550612289418556 0
16.48505405280116 0.8128655456798799 0
9.309631814132288 3.158254682811284 0
15.03658877000229 4.609742073103179 0
8.493037550292643 3.306732678408654 0
18.30548510860191 1.628943278598595 0
4.518125801800255 0.6841451532626224 0
9.046196601092559 4.860663206832419 0
2.524254032542613 2.894338622391976 0
3.695940500201919 4.587755593000307 0
10.75003286324841 0.2185059610892703 0
12.63735028758182 3.471161080677141 0
9.94927619647971 2.977447604344303 0
7.454124655041706 4.081219924839317 0
0.4617730414415089 4.102210005511413 0
5.152157615513437 2.146171258281679 0
14.45247265220565 1.956015505291856 0
10.30643571482613 0.4453116977509253 0
10.67574509466816 2.137440614485818 0
8.671778792389285 3.305562111319162 0
1.873649809707253 2.272634425895065 0
2.38602885726845 4.561886880160118 0
15.7361470136965 1.356788420300198 0
12.78203446645476 3.278082172691827 0
9.300320291493165 0.4959912389420071 0
2.24191584384484 2.265248590549104 0
19.04154250442756 4.505000661484942 0
12.92579137142971 0.4431774090050919 0
15.4731703077222 4.635472801184878 0
16.71058143897678 2.854567268813536 0
8.853113355950859 0.4953493374517532 0
8.879781917045253 3.236205228783714 0
10.00715616344391 3.189054046745868 0
14.90611539483951 1.977641618479254 0
6.52004914759174 0.456003355494917 0
0.3773601814474485 1.89846678322981 0
12.21056433835996 3.344665139680017 0
2.54837880266666 1.623495258117852 0
17.91136895190641 3.975843217708483 0
16.47105332451835 4.548829875046275 0
1.992535828009295 2.874603133694756 0
12.31560788847384 3.210864113312001 0
1.814421809767442 3.178355661178093 0
18.05778167456705 0.9072551234503552 0
0.1815894327215251 2.759083595489289 0
8.421674780170475 1.555683890728399 0
17.64141681938937 3.136098514245814 0
3.815656405684467 0.761302347895946 0
18.3567203000806 3.764270238843886 0
19.04450586468016 2.620688974207993 0
4.639726400062584 3.039542702962289 0
13.05388068008825 2.945534325438846 0
17.5792025575732 0.6845580586225601 0
13.36767510219724 0.485933085683981 0
17.67143919666908 2.725262579652857 0
13.26076062853304 1.985112131427998 0
10.93203310697114 1.989813928147756 0
9.063968854531693 1.991839633720641 0
0.595482006352519 0.5094138227401306 0
0.4847640812847924 0.3799496302662213 0
0.608037010866795 0.2573470557894182 0
0.7187549359345216 0.3868112482633279 0
0.601759508609657 0.3833804392647746 0
9.926280401352301 4.684100410056068 0
9.800217438590645 4.77658107375052 0
9.682165581960316 4.67818782213314 0
9.80822854472197 4.585707158438687 0
9.804222991656308 4.681144116094604 0
3.483680599278609 4.68521689279786 0
3.357127168715426 4.756111685847417 0
3.273334330428121 4.656069354235202 0
3.399887760991304 4.585174561185646 0
3.378507464853366 4.670643123516531 0
10.17860212260732 4.686357013260744 0
10.07497360675013 4.789066629723981 0
10.02990891720948 4.58139079359283 0
10.05244126197981 4.685228711658406 0
2.22300232621024 1.730460890114549 0
2.20250019386309 1.55291030299199 0
2.331236156961975 1.546961519940249 0
2.351738289309126 1.724512107062808 0
2.277119241586108 1.638711205027399 0
8.568916719171497 3.890760061782304 0
8.503260258007957 4.007997493771136 0
8.374466223817528 3.943691302913312 0
8.440122684981066 3.826453870924481 0
8.471691471494513 3.917225682347809 0
7.041557157288461 3.228005480269366 0
7.103719708395569 3.107703326313492 0
7.22001696496579 3.158323718935876 0
7.157854413858683 3.27862587289175 0
7.130787061127125 3.193164599602621 0
6.843012955785524 4.112973128204036 0
6.721635737206306 4.210920471713161 0
6.58825559683931 4.084761866469681 0
6.709632815418529 3.986814522960557 0
6.715634276312417 4.098867497336858 0
15.53609130319728 4.589069686091987 0
15.67317428517129 4.633411421042876 0
15.61781063448714 4.75459113178276 0
15.48072765251313 4.710249396831872 0
15.57695096884221 4.671830408937375 0
14.18803511335407 2.747885344672044 0
14.32159404120215 2.845335182424809 0
14.2281529526809 2.96001813276017 0
14.09459402483282 2.862568295007405 0
14.20809403301748 2.853951738716107 0
14.87887021080781 2.89834323215483 0
14.75223980445477 2.818236156471857 0
14.83761509722689 2.726440254548488 0
14.96424550357992 2.806547330231461 0
14.85824265401735 2.812391743351659 0
2.245324595469128 2.888034678050023 0
2.138419011898485 2.802453486970649 0
2.21314793804239 2.721026971613583 0
2.320053521613033 2.806608162692957 0
2.229236266755759 2.804530824831803 0
12.71684080598085 4.15093429912303 0
12.86592888195807 4.211511903000765 0
12.82511078243973 4.362339663437156 0
12.6760227064625 4.301762059559421 0
12.77097579421029 4.256636981280093 0
7.299078273803899 4.042059189002125 0
7.220110115367224 4.152207009846213 0
7.092223302452412 4.077959307314227 0
7.171191460889087 3.967811486470139 0
7.195650788128155 4.060009248158176 0
16.02580412879113 4.662094783486769 0
16.14597383859128 4.560134359473604 0
16.25568181025766 4.669788462592761 0
16.1355121004575 4.771748886605926 0
16.14074296952439 4.665941623039766 0
16.36391363277686 4.556762246864654 0
16.48577711475721 4.656351351955766 0
16.37754529223801 4.769377567683873 0
16.37072946250743 4.663069907274263 0
10.9156897110736 4.687454831297497 0
10.82063885667499 4.791931061789528 0
10.67186093781944 4.689683559197755 0
10.76691179221804 4.585207328705724 0
10.79377532444652 4.688569195247626 0
6.818803479477201 2.744534673405318 0
6.947483775316799 2.836256694952353 0
6.846538208953147 2.936541684146145 0
6.717857913113549 2.84481966259911 0
6.832670844215174 2.840538178775732 0
17.68740960300789 4.527349732928858 0
17.65842948453084 4.684261962646727 0
17.48697903370059 4.638315873153048 0
17.51595915217764 4.481403643435179 0
17.58719431835424 4.582832803040953 0
3.005186584476705 4.451453648286937 0
3.024053536069023 4.294643644122443 0
3.178463182835163 4.331432799807679 0
3.159596231242846 4.488242803972172 0
3.091824883655935 4.391443224047308 0
16.838704116997 2.807093149355534 0
16.94106338072363 2.72884017240354 0
17.03268210566234 2.823614052982712 0
16.93032284193572 2.901867029934706 0
16.93569311132967 2.815353601169123 0
3.000940953195052 3.504680576788407 0
3.117426746708425 3.647294378040685 0
2.990208804023754 3.734740671016696 0
2.873723010510381 3.592126869764418 0
2.995574878609403 3.619710623902551 0
12.79410641811006 0.4528028010505265 0
12.67902788213961 0.34607196691345 0
12.77965579933792 0.232630894982127 0
12.89473433530837 0.3393617291192035 0
12.78688110872399 0.3427168480163267 0
12.27667661527846 1.434627145666562 0
12.38811142700254 1.513806206562524 0
12.3011605452979 1.630785492793255 0
12.18972573357383 1.551606431897294 0
12.28891858028818 1.532706319229909 0
15.88188539655265 4.74638586889801 0
15.80512459605841 4.637057706659437 0
15.94904332829689 4.552766621248197 0
15.91546436242477 4.649576245073103 0
18.81442096755051 1.324950578562224 0
18.74741809167197 1.212075209863614 0
18.86716480465999 1.151765472700314 0
18.93416768053853 1.264640841398924 0
18.84079288610525 1.238358025631269 0
17.23391185746407 1.7246153461793 0
17.36577413085285 1.83519708556996 0
17.25494580263469 1.949685743857656 0
17.12308352924591 1.839104004466996 0
17.24442883004938 1.837150545018478 0
7.262003652747415 2.727877633974338 0
7.149091783833486 2.644452525725324 0
7.365979933491868 2.637015692585794 0
7.257535858662677 2.640734109155559 0
18.15931341820939 2.336953527790772 0
18.12845140326329 2.244555534853116 0
18.24494527143936 2.230719334358003 0
18.27580728638546 2.323117327295659 0
18.20212934482437 2.283836431074387 0
15.6743811696369 1.038731664535401 0
15.77998788515969 0.927521634385734 0
15.88024707841891 1.015445657561101 0
15.77464036289612 1.126655687710768 0
15.77731412402791 1.027088661048251 0
16.74598958366115 4.609872940060738 0
16.79411663520333 4.440206168496981 0
16.96440706774259 4.481863756660277 0
16.9162800162004 4.651530528224034 0
16.85519832570187 4.545868348360507 0
19.41578002089267 2.34845078525637 0
19.32727891202754 2.257722014750434 0
19.42998258971053 2.159922392609122 0
19.51848369857565 2.25065116311506 0
19.4228813053016 2.254186588932746 0
17.26814856476196 0.9166500311678685 0
17.38520816420606 1.014867362469645 0
17.29050122200955 1.123823374116517 0
17.17344162256544 1.02560604281474 0
17.27932489338575 1.020236702642193 0
11.41826941004514 3.198681900093498 0
11.33593283405688 3.304568375001078 0
11.19924767873978 3.219836953641322 0
11.28158425472803 3.113950478733742 0
11.30875854439246 3.20925942686741 0
10.2797009443738 4.584347859759299 0
10.42705222492554 4.689604160109343 0
10.32595340315906 4.791613313610788 0
10.30282717376643 4.687980586685043 0
7.624519645625287 1.534804977737013 0
7.522208982655957 1.633822061487395 0
7.42645540706458 1.53812764818858 0
7.528766070033909 1.439110564438197 0
7.525487526344933 1.536466312962796 0
7.698063081340309 4.676432503873412 0
7.596670412181653 4.781956202565348 0
7.4677286051572 4.67405496798292 0
7.569121274315856 4.568531269290984 0
7.582895843248755 4.675243735928166 0
5.101622962162182 0.5886841283944744 0
5.202561823884246 0.4712299033688021 0
5.33637650966122 0.5899582586026011 0
5.235437647939156 0.7074124836282731 0
5.218999735911701 0.5893211934985376 0
18.81895278978795 2.900917186824227 0
18.85623906465024 3.013035020854914 0
18.74629568217906 3.060077168786995 0
18.70900940731677 2.947959334756308 0
18.7826242359835 2.980497177805611 0
19.07145625651427 1.243655510793594 0
19.10469634607369 1.388697306993331 0
18.96740777009796 1.409682637598661 0
19.01943201330611 1.326669074196128 0
16.0128458640385 3.159606595730337 0
15.92528820865027 3.081133928379717 0
16.01546213464432 3.005768968705224 0
16.10301979003255 3.084241636055843 0
16.01415399934141 3.08268778221778 0
19.74556854951602 2.201241129353547 0
19.63420772284172 2.332628107099758 0
19.62984452524995 2.119264185368849 0
19.63202612404584 2.225946146234303 0
3.658118480997159 2.189905776901252 0
3.807438651366319 2.30460144635766 0
3.56021410919777 2.331713746206812 0
3.683826380282044 2.318157596282236 0
6.144038117692738 0.2310798870365867 0
6.274526115130425 0.3447489492088751 0
6.163438940939108 0.461942425838946 0
6.032950943501421 0.3482733636666575 0
6.153738529315923 0.3465111564377663 0
9.511840037089172 1.864831038071303 0
9.597546455847183 1.989299145113091 0
9.478398786491248 2.095943926737766 0
9.392692367733238 1.971475819695978 0
9.49511941179021 1.980387482404534 0
6.98595249461426 4.207279271036871 0
6.949283763623677 3.983653164481393 0
6.967618129118968 4.095466217759132 0
18.78276044317972 4.625729243114804 0
18.91752242023678 4.502284296010385 0
19.03075916147047 4.628819211995319 0
18.89599718441341 4.752264159099738 0
18.90675980232509 4.627274227555062 0
6.691503567135708 2.650401828516322 0
6.921048960939482 2.647723429225777 0
6.806276264037595 2.649062628871049 0
17.72351501933361 1.121586910629589 0
17.60499980650368 1.011946346614438 0
17.7125882682598 0.9043379945415524 0
17.83110348108973 1.013978558556704 0
17.71805164379671 1.012962452585571 0
8.260900051007507 4.590434794817789 0
8.402910275277328 4.670055819455446 0
8.332641565301151 4.763423141268004 0
8.190631341031329 4.683802116630348 0
8.29677080815433 4.676928968042897 0
11.88110076587303 1.806482837134813 0
11.85586935404532 1.632991796363086 0
11.99842345940366 1.599528531576464 0
12.02365487123138 1.77301957234819 0
11.93976211263835 1.703005684355638 0
18.09592691092506 2.630869891617112 0
18.02011870054091 2.699801420032236 0
17.93625093681965 2.622522112751904 0
18.01608892387236 2.626696002184508 0
18.3419830689482 2.37578898756594 0
18.42560215822733 2.323092452487213 0
18.49494404962406 2.41864641161853 0
18.41132496034493 2.471342946697257 0
18.41846355928613 2.397217699592235 0
2.984194993392393 4.880661318480448 0
3.096795175427026 4.745635961131925 0
3.237600182034632 4.864974642651477 0
3.110897587713513 4.872817980565962 0
19.21556397243069 2.609467590635895 0
19.36467760552688 2.575257853848735 0
19.37817225126167 2.703928774989935 0
19.22905861816547 2.738138511777094 0
19.29686811184618 2.656698182812915 0
11.44115438302673 2.761919802315283 0
11.32111348450073 2.650410309333078 0
11.56183550915244 2.665100077318986 0
11.44147449682658 2.657755193326031 0
0.3170106805364519 1.538234067880216 0
0.4042485706467396 1.657746686326633 0
0.2977628019224987 1.75467553493494 0
0.2105249118122128 1.635162916488524 0
0.3073867412294753 1.646454801407578 0
19.78161071037549 3.406391370261627 0
19.67316526747089 3.538208581079628 0
19.56616615523913 3.43498902423531 0
19.67461159814373 3.303171813417308 0
19.67388843280731 3.420690197248469 0
3.116102776616451 4.091906153346311 0
3.236998934122228 3.973283557072779 0
3.371524766807156 4.087776237316857 0
3.250628609301378 4.206398833590389 0
3.243813771711803 4.089841195331584 0
14.8071133436336 3.946430028968165 0
14.66681191591878 4.025714787193688 0
14.5808161059734 3.912621680479874 0
14.72111753368821 3.833336922254352 0
14.6939647248035 3.929525854724019 0
12.51975799507451 2.027102195075367 0
12.61182674902591 2.10985684411389 0
12.53614656224673 2.194914245410247 0
12.44407780829534 2.112159596371724 0
12.52795227866062 2.111008220242807 0
8.822500599149654 2.225556116538986 0
8.865331711996502 2.087823714843016 0
9.023872075471322 2.200181241654955 0
8.923186337310488 2.21286867909697 0
2.730567933315259 2.979992726032351 0
2.810385681518431 2.891280415999617 0
2.919900030519209 2.974048339851469 0
2.840082282316036 3.062760649884203 0
2.825233981917235 2.977020532941911 0
15.12479664012046 3.045351898199772 0
15.00514213647968 2.974423307973045 0
15.08550968698826 2.883246336929798 0
15.20516419062905 2.954174927156524 0
15.10515316355436 2.964299117564785 0
5.037283577436829 0.9399083060315225 0
4.909553694480964 0.8217379005574492 0
5.00571415929254 0.7054829720078315 0
5.133444042248405 0.8236533774819046 0
5.021498868364684 0.8226956390196767 0
1.074858465541737 2.003837405490704 0
0.9953006710347836 1.866689497405754 0
1.131104287748091 1.779577882936219 0
1.210662082255043 1.916725791021169 0
1.102981376644912 1.891707644213461 0
15.15013216993677 0.2415031110385133 0
15.27834886964014 0.3638489573396138 0
15.16728100136357 0.4807287609468887 0
15.0390643016602 0.3583829146457882 0
15.15870658565017 0.361115935992701 0
18.66346370178146 3.229999596925304 0
18.62568317148722 3.108088184736527 0
18.7840762124733 3.181988580975772 0
18.70487969198026 3.145038382856149 0
15.68664288472306 2.710001237972627 0
15.57573445417626 2.63091491460939 0
15.68565738319184 2.631795911154704 0
7.890944284157547 3.931885251950427 0
7.981284950890042 4.028213660953096 0
7.885978925404681 4.101793835754396 0
7.795638258672186 4.005465426751726 0
7.888461604781114 4.016839543852411 0
18.52734137026717 1.026166872620349 0
18.41750943006058 1.137362973418679 0
18.29643514023362 1.02461672558561 0
18.4062670804402 0.9134206247872803 0
18.4118882552504 1.02539179910298 0
18.51280321192134 0.5778626003090879 0
18.62933004367655 0.4685355942188485 0
18.74770281474169 0.5872953258008147 0
18.63117598298647 0.6966223318910543 0
18.63025301333151 0.5825789630549514 0
14.4559401156694 2.932668946670863 0
14.40370083273415 2.743329612582983 0
14.5380469072014 2.830663376829036 0
14.42982047420177 2.837999279626922 0
7.824676795747585 0.4940706969204021 0
7.712260698413216 0.3519926075084339 0
7.850310304262841 0.2386866527444962 0
7.962726401597211 0.3807647421564644 0
7.837493550005213 0.3663786748324491 0
19.23343008473973 1.487322526950307 0
19.11532411568973 1.491771927901365 0
19.22280231512369 1.384247906042273 0
19.16906321540671 1.438009916971819 0
15.13612107279523 4.094348601993981 0
15.04207784304705 3.980542390983511 0
15.19200843036279 3.897831354466853 0
15.28605166011097 4.011637565477323 0
15.16406475157901 3.996089978230417 0
10.14668640403546 1.890198459759668 0
10.24998402502771 2.004839709125553 0
10.13084987841949 2.114963206084355 0
10.02755225742723 2.000321956718471 0
10.13876814122747 2.002580832922011 0
7.415738251378066 1.737391315590486 0
7.312015830374837 1.844519247541425 0
7.211336115661114 1.748578016798192 0
7.315058536664342 1.641450084847253 0
7.31353718351959 1.742984666194339 0
10.57405837450043 4.792478958081473 0
10.52485478824455 4.586808761225625 0
10.54945658137249 4.689643859653549 0
19.52936173545452 4.385276586532909 0
19.65158318325199 4.260339115195679 0
19.76478132812331 4.380897417553085 0
19.64255988032584 4.505834888890314 0
19.64707153178891 4.383087002042997 0
3.947577153162436 3.328438365906101 0
3.848354128965774 3.416972929445955 0
3.738253851819113 3.322857409698988 0
3.837476876015776 3.234322846159135 0
3.842915502490775 3.325647887802545 0
7.2366558757186 4.670411503019523 0
7.345182477261673 4.567298997264266 0
7.359202003614127 4.777167473738176 0
7.352192240437899 4.672233235501221 0
18.53421206351409 4.628861119222737 0
18.66803178774665 4.50173681054246 0
18.64894071894716 4.752853551795083 0
18.65848625334691 4.627295181168771 0
8.674963654277221 2.123249613162673 0
8.542382883915952 2.033723810154084 0
8.608306911378046 1.920241444385374 0
8.740887681739315 2.009767247393963 0
8.641635282827632 2.021745528774023 0
16.54674982655327 2.208587391833358 0
16.43183367306223 2.088203688979865 0
16.5601971568878 1.969877030401666 0
16.67511331037884 2.090260733255159 0
16.55347349172054 2.089232211117512 0
14.66864270264341 2.914327747569439 0
14.62164400901275 2.734571785731454 0
14.64514335582809 2.824449766650447 0
16.55375800159846 2.622941960587787 0
16.44530038107692 2.702028283951024 0
16.46947642048953 2.627809434143902 0
1.509651579245881 2.824631272719047 0
1.43236450184922 2.740204431741695 0
1.504144091671872 2.666804236563036 0
1.581431169068534 2.751231077540388 0
1.506897835458876 2.745717754641042 0
15.74866813583512 4.862078135543328 0
16.00821726071754 4.884307733354682 0
15.87844269827633 4.873192934449005 0
15.75669544310608 0.1188541156162142 0
15.64043993709776 0.2396290864194617 0
15.50874449399169 0.1207749708032475 0
15.63271996854888 0.1198145432097308 0
17.24498706360189 2.831336702548807 0
17.13399833897374 2.920225114691452 0
17.14367083029049 2.734725640840066 0
17.13883458463211 2.827475377765759 0
6.404939686412897 2.193905480495214 0
6.289680081847181 2.073602695568161 0
6.411650348739192 1.946820893751685 0
6.526909953304908 2.067123678678739 0
6.408295017576044 2.07036318712345 0
10.97404361885475 3.236413793845111 0
11.06028385473827 3.1309246389997 0
11.11300744285626 3.325326108486733 0
11.08664564879727 3.228125373743216 0
17.46129284327817 2.833363715650085 0
17.34937135598537 2.92711564651079 0
17.35690855089469 2.737584771688102 0
17.35313995344003 2.832350209099446 0
1.876566520990952 2.359521920779143 0
1.950144235766086 2.242540180389076 0
2.075064350202604 2.329427675273153 0
1.975815435596777 2.344474798026148 0
7.494193005133269 2.358662151373864 0
7.278324163922839 2.337708546473819 0
7.402880794904623 2.249961282184464 0
7.386258584528054 2.348185348923842 0
12.52859472487105 4.225629423268725 0
12.39338332447117 4.161226234767698 0
12.43832092966808 4.032831128933004 0
12.57353233006795 4.09723431743403 0
12.48345782726956 4.129230276100865 0
15.65365215849199 4.132107145514595 0
15.54727960271985 4.030901595349102 0
15.65792106809562 3.961962609358349 0
15.76429362386777 4.063168159523843 0
15.65578661329381 4.047034877436472 0
3.235840293897953 0.9488723247534256 0
3.106262499975863 0.8331135763620141 0
3.211438085682172 0.7207626539312428 0
3.34101587960426 0.8365214023226546 0
3.223639189790061 0.8348174893423344 0
16.66145590087704 3.674667465605916 0
16.78002854730896 3.607247828130161 0
16.85367186001023 3.720147714139342 0
16.73509921357831 3.787567351615098 0
16.75756388044363 3.697407589872629 0
1.418041144608686 4.606384738984098 0
1.441516494536952 4.472371436209771 0
1.554332392674674 4.51064847256553 0
1.530857042746408 4.644661775339857 0
1.48618676864168 4.558516605774814 0
2.973822669896771 0.7209191862607593 0
3.005110110491264 0.949645547824028 0
2.872670280412173 0.8374511577227732 0
2.989466390194018 0.8352823670423937 0
5.433837735857709 2.751700832772314 0
5.555369286374907 2.852956505265021 0
5.449306311674858 2.9507642935886 0
5.327774761157662 2.849508621095894 0
5.441572023766284 2.851232563180457 0
17.6701862508866 3.032807126647307 0
17.54193959131766 3.129471839655532 0
17.45005419649629 3.02590084827371 0
17.57830085606522 2.929236135265485 0
17.56012022369144 3.029353987460508 0
13.35722191703466 4.335970681326199 0
13.17411214502182 4.304064135696809 0
13.20781063356748 4.128629399105925 0
13.39092040558032 4.160535944735315 0
13.28251627530107 4.232300040216062 0
3.549130977210577 4.393783995135039 0
3.677330042084255 4.48754252442165 0
3.587123862698775 4.587957646102074 0
3.458924797825097 4.494199116815462 0
3.568127419954676 4.490870820618557 0
17.04464515840211 3.571169690637022 0
16.96020777494143 3.641873422274296 0
16.8887445740286 3.567545959849141 0
16.97318195748928 3.496842228211867 0
16.96669486621536 3.569357825243082 0
14.34480901672057 0.5322478317070671 0
14.24694038457307 0.3859062072250268 0
14.39641935997298 0.2902716320358891 0
14.49428799212048 0.4366132565179295 0
14.37061418834677 0.4112597318714779 0
6.278167707784207 2.321420314386464 0
6.037728164766849 2.321547185602665 0
6.166293529927755 2.196558084325908 0
6.157947936275528 2.321483749994564 0
1.144206171506077 1.56796056192048 0
1.237347175513058 1.693648992233644 0
1.03796328374111 1.653889452623055 0
1.137655229627086 1.673769222428349 0
3.450964156068617 0.7290793064351786 0
3.576751551359084 0.8490263034583654 0
3.466803274894729 0.9564683993458414 0
3.458883715481672 0.84277385289051 0
9.825842829733467 0.4492361077303348 0
9.757211391101782 0.3239172393146061 0
9.888448330219676 0.2641375056456017 0
9.957079768851363 0.3894563740613299 0
9.857145579976573 0.3566868066879678 0
8.073403229845244 3.482606992923293 0
7.977521296605493 3.355010240020488 0
8.098132186448813 3.273915020091259 0
8.194014119688564 3.401511772994064 0
8.085767708147028 3.378261006507276 0
3.494526986680794 4.89113704319594 0
3.60697444772065 4.786682296855106 0
3.737447461039856 4.895545253659167 0
3.615987223860325 4.893341148427553 0
17.03126148530961 2.20238068000459 0
16.91088917673928 2.092155141680117 0
17.02820994910516 1.970339919926289 0
17.14858225767549 2.080565458250762 0
17.02973571720738 2.08636029996544 0
4.362742689597899 3.691943236678567 0
4.280562096208201 3.773399600615661 0
4.17898971403434 3.692288143977668 0
4.261170307424037 3.610831780040574 0
4.270866201816119 3.692115690328118 0
1.298016182817745 2.36630179112584 0
1.392145322927666 2.299884419397443 0
1.459285730248267 2.407361523120899 0
1.365156590138346 2.473778894849296 0
1.378650956533006 2.386831657123369 0
11.5177804889639 0.4141011059048334 0
11.61275805356688 0.273901846142353 0
11.76486947862062 0.3680075805165379 0
11.66989191401765 0.5082068402790187 0
11.64132498379226 0.3910543432106861 0
11.75869795051575 2.636731953858238 0
11.63077002335759 2.748241446840443 0
11.66026672983409 2.650916015588612 0
8.998029799215447 4.711894527391827 0
8.842913354821555 4.729170389182878 0
8.832408105166502 4.593052565689003 0
8.987524549560394 4.575776703897954 0
8.915218952190974 4.652473546540415 0
12.69071938838381 4.86245067438167 0
12.73678529036912 4.690111242608817 0
12.92106590198532 4.827660568227148 0
12.80589264518456 4.845055621304409 0
11.23655134129529 2.930611665675949 0
11.36719765379856 3.015378541169454 0
11.15093794222476 3.029183603240236 0
11.25906779801166 3.022281072204845 0
7.786888010219665 4.560658917681331 0
7.924733420295173 4.666331475317348 0
7.835908491415816 4.78210506150943 0
7.81139825081774 4.67138198959538 0
15.35155647696334 3.163718796104761 0
15.24751933928725 3.107192419802471 0
15.31443922953487 3.022336815649748 0
15.41847636721096 3.078863191952037 0
15.3329978532491 3.093027805877254 0
12.4162710042655 1.928507190253637 0
12.53979465639947 1.796229501830127 0
12.64328164720848 1.894824506651856 0
12.52977632573699 1.911665848452747 0
0.5446111539419185 3.911334756239553 0
0.379479919454127 3.916053873518748 0
0.3613631643294362 3.797461905172024 0
0.5264943988172259 3.79274278789283 0
0.4529871591356773 3.854398330705789 0
6.648817190013102 1.93361754740666 0
6.771644720573224 2.051437178815107 0
6.649737483865029 2.184943310087185 0
6.649277336939066 2.059280428746923 0
4.186880865480184 0.2591290983521848 0
4.35804984710947 0.3737701179770845 0
4.264058613663854 0.5313311344750584 0
4.092889632034567 0.4166901148501583 0
4.225469739572018 0.3952301164136216 0
8.291698497997537 3.301810420818128 0
8.387787436749051 3.38330673776995 0
8.290103058440078 3.483008089945885 0
8.290900778218807 3.392409255382007 0
4.898948484274389 3.023508262172861 0
5.009759972579803 2.934580873460263 0
5.117341604766324 3.040860757372147 0
5.00653011646091 3.129788146084744 0
5.008145044520357 3.032184509772504 0
5.678435927265609 2.954422272551248 0
5.66251485219299 2.753553917290204 0
5.785581493083692 2.855019684576432 0
5.670475389729299 2.853988094920727 0
5.910213589515685 2.956171709489941 0
5.892982466205897 2.754366062801984 0
6.017614562637889 2.855518087715494 0
5.901598027860791 2.855268886145963 0
19.50188445256875 0.1346281420941917 0
19.37554126929929 0.2651863806979304 0
19.24865681673054 0.1305582386037387 0
19.37527063464965 0.1325931903489654 0
4.085180310202446 4.789410862231678 0
3.94494244585784 4.687312238850323 0
4.043782773283117 4.580536885021083 0
4.184020637627723 4.682635508402438 0
4.064481541742782 4.68497387362638 0
13.99571254229804 2.929016599186961 0
13.90671540439733 2.811368244185537 0
14.00559688693211 2.74491994000598 0
14.00065471461507 2.836968269596471 0
8.131817850782479 1.585032059830916 0
8.248238483676534 1.669985385586868 0
8.161680573565993 1.775510985990043 0
8.045259940671937 1.690557660234091 0
8.146749212174235 1.680271522910479 0
4.626808848001666 2.200037330448372 0
4.487674082639737 2.077026159038219 0
4.581209487566896 1.957112326746398 0
4.720344252928825 2.080123498156551 0
4.604009167784282 2.078574828597385 0
1.903921667899539 3.528468412317194 0
1.823158413919144 3.435494871981226 0
1.908097610634012 3.365908877704255 0
1.988860864614409 3.458882418040223 0
1.906009639266777 3.447188645010725 0
12.51672944860606 4.738868129442571 0
12.35630255065521 4.634770646176098 0
12.41799957844664 4.496627899316319 0
12.57842647639749 4.600725382582793 0
12.46736451352635 4.617748014379446 0
9.559899662517598 4.810071346935579 0
9.358133277637004 4.811384934800626 0
9.329529364386135 4.694030352176998 0
9.531295749266731 4.692716764311951 0
9.444714513451867 4.752050849556289 0
6.379117150469476 2.952716322563952 0
6.250888208152446 2.854242741521041 0
6.356544823130696 2.752395591539464 0
6.484773765447725 2.850869172582374 0
6.367830986800086 2.852555957051708 0
11.21006987953407 2.746340543370161 0
11.08278217997561 2.649520818373864 0
11.20194783223817 2.64996556385347 0
5.351279646650086 2.296953406808353 0
5.223868068033504 2.296290336972449 0
5.210288137487288 2.112249050611863 0
5.337699716103872 2.112912120447767 0
5.280783892068689 2.204601228710108 0
15.43232100417949 3.930168706281106 0
15.40101025865133 4.112370454545318 0
15.41666563141541 4.021269580413212 0
9.354193350174357 4.237047132108712 0
9.190905262729657 4.174328547625246 0
9.245663440702906 4.042837052086868 0
9.408951528147604 4.105555636570333 0
9.299928395438631 4.13994209209779 0
17.8945314456904 2.363709959341947 0
18.00697606589983 2.299437090821592 0
18.11095798478195 2.382136547142866 0
18.00274471523618 2.372923253242406 0
4.179079981225857 4.158068553628416 0
4.319418932822268 4.251876362247728 0
4.231567410725891 4.362182574913959 0
4.09122845912948 4.268374766294647 0
4.205323695975874 4.260125564271187 0
10.30887855811977 2.964236989094953 0
10.16133620507044 2.864821726040398 0
10.2551272192161 2.758977699411598 0
10.40266957226544 2.858392962466153 0
10.28200288866794 2.861607344253275 0
12.13958656015055 2.961722465245537 0
12.0046565186586 3.017294503297058 0
11.9329543072941 2.91011265179828 0
12.06788434878605 2.854540613746759 0
12.03627043372232 2.935917558521909 0
0.821375512415166 0.5243289112191247 0
0.8441231405433705 0.2676186015144588 0
0.9467437170240132 0.4051362644702556 0
0.83274932647927 0.3959737563667916 0
0.2504467438168998 2.343666290743062 0
0.08649247473849719 2.314770184563073 0
0.09551373071644953 2.213070485823549 0
0.2594679997948521 2.241966592003538 0
0.1729802372666747 2.278368388283306 0
18.29877590072553 4.639239760611682 0
18.42660220667875 4.514880583747525 0
18.40638575756087 4.753220296086894 0
18.41649398211981 4.63405043991721 0
18.66398307663454 1.807521776030773 0
18.62083582977043 1.934885486883559 0
18.5078485617465 1.902603923016955 0
18.55099580861062 1.775240212164169 0
18.58591581919052 1.855062849523864 0
11.70006199555179 2.104108355077 0
11.57955781753742 2.030262396128712 0
11.64935864344226 1.928956139752568 0
11.76986282145663 2.002802098700856 0
11.67471031949703 2.016532247414784 0
11.88555535931152 0.472369883715368 0
11.87501034140714 0.243649604622119 0
11.99569622209804 0.3480119078209492 0
11.88028285035933 0.3580097441687435 0
8.248081923956043 2.152017699658729 0
8.115497394534867 2.066301215413848 0
8.2003334846728 1.964744218802005 0
8.332918014093979 2.050460703046886 0
8.224207704314422 2.058380959230367 0
6.588344762719819 2.749214324154153 0
6.614286915841455 2.946474511027331 0
6.601315839280637 2.847844417590742 0
7.543523331728627 2.627226645475574 0
7.42677569265258 2.710651753724588 0
7.454751632610248 2.632121169030684 0
4.370135644230563 3.351922428788006 0
4.261399118648285 3.437864297740735 0
4.157636527931633 3.336270232848989 0
4.266373053513911 3.250328363896259 0
4.263886086081098 3.344096330818497 0
16.78801205308127 2.208042176149135 0
16.79799043403685 1.974373698786141 0
16.79300124355906 2.091207937467638 0
17.40469792019944 2.050237815789905 0
17.29833437524024 2.181117530183012 0
17.27664008893746 2.065401637020334 0
17.5681894267394 2.731516739735429 0
17.68519743952645 2.827389159350829 0
17.57324514140231 2.830376437500457 0
19.49386355112371 2.485560776188176 0
19.75189249903037 2.436634100555171 0
19.61154832731236 2.589566769643589 0
19.62287802507704 2.461097438371674 0
9.786272916368489 2.223735195206889 0
9.909235174580516 2.111285387243116 0
10.00974458739253 2.225463835387152 0
9.898008751880507 2.224599515297021 0
19.70609371984719 1.990875353229665 0
19.83611218593252 1.821760493311716 0
19.86998153391467 2.044114859917948 0
19.85304685992359 1.932937676614832 0
0.2395161027285599 4.175933143877948 0
0.3524889771881892 4.084244844394821 0
0.4637853471882032 4.206069097671709 0
0.350812472728574 4.297757397154836 0
0.3516507249583825 4.191001120774828 0
7.706493164615127 2.261742284535315 0
7.793653916545098 2.179496940908823 0
7.936025006359418 2.255668299724434 0
7.821259085487272 2.258705292129874 0
19.434509572747 4.024331933714893 0
19.54133080031615 4.142516962948339 0
19.4190652876547 4.264200817196637 0
19.31224406008555 4.146015787963191 0
19.42678743020085 4.144266375455765 0
0.1169021898020297 1.263171826375297 0
0.2240902131068978 1.39842074281277 0
0.1071880233048681 1.510248916437473 0
0.1120451065534489 1.386710371406385 0
8.285449317634649 0.2206536368791854 0
8.387470177067797 0.295815227735833 0
8.310705635522631 0.4102044108623684 0
8.208684776089482 0.3350428200057207 0
8.298077476578641 0.3154290238707769 0
3.710417711140815 4.68942305015932 0
3.597049155209712 4.68731997147859 0
3.937633586247552 3.14449275228993 0
3.725072383009858 3.140912900569747 0
3.825229093241633 3.051082806700542 0
3.831352984628705 3.142702826429839 0
19.87558701560135 2.282126269435599 0
19.87278427475801 2.163120564676773 0
6.460930736192124 2.652403079974611 0
6.230044119556609 2.653583095901632 0
6.345487427874366 2.652993087938122 0
1.748411808526628 3.514182916439681 0
1.662477449607415 3.430515431271035 0
1.737224054999931 3.35182738681258 0
1.742817931763279 3.43300515162613 0
3.282317740402169 4.513814801924159 0
3.150612821268798 4.630497356283215 0
3.216465280835484 4.572156079103687 0
10.51978241089616 0.3298774477861635 0
10.63204727744487 0.2200930617012391 0
10.75050045576315 0.3264967640040766 0
10.63823558921443 0.4362811500890009 0
10.63514143332965 0.32818710589512 0
2.087979664857956 3.39249699571214 0
2.171980414946189 3.498649867551638 0
2.072861614702642 3.565035289879721 0
2.080420639780298 3.47876614279593 0
11.26663702390799 2.140501509521015 0
11.16757043735951 2.043055720924987 0
11.27767904542171 1.937412860136695 0
11.37674563197019 2.034858648732722 0
11.27215803466485 2.038957184828855 0
14.91185384880941 0.2460307636188128 0
14.94120253838552 0.4736443446299976 0
14.81399208553473 0.3612921936030222 0
14.92652819359746 0.3598375541244052 0
13.29371750384195 2.787733269862545 0
13.37405859964586 2.905485896815731 0
13.25497845747922 2.989492238250151 0
13.17463736167531 2.871739611296965 0
13.27434798066059 2.888612754056348 0
1.745102107441745 4.886966333363409 0
1.856288080057544 4.777965088646795 0
1.986185972615797 4.890998755283386 0
1.865644040028773 4.888982544323397 0
19.49667955344045 2.069963154994229 0
19.57292874803769 1.941574322855045 0
19.60138663664382 2.030419254111947 0
16.19891899646474 3.161983906162786 0
16.19006216126574 3.001617587605608 0
16.28596136769793 3.079359857712551 0
16.19449057886524 3.081800746884197 0
19.77978569829701 3.647279184339859 0
19.66792099899857 3.776218672106415 0
19.56130056817246 3.667148068846184 0
19.67054313323473 3.657213626593022 0
18.59660331952674 2.4732910813319 0
18.51741981150902 2.493865848625989 0
18.57412755764177 2.398071644324441 0
18.5457736845754 2.445968746475215 0
11.78089038524407 2.762906538154677 0
11.72584048660714 2.775414646440515 0
11.76979416787991 2.699819246006458 0
9.283689950869341 2.067636612061041 0
9.20599914155282 1.938864264187952 0
9.315001558416716 1.842703471822888 0
9.29934575464303 1.955170041941965 0
4.228232898865468 4.893994828405122 0
3.981947411336978 4.895416033826557 0
4.105090155101223 4.894705431115839 0
1.680118975057221 1.087373732534965 0
1.67190519162865 0.9460444563663695 0
1.805999099125103 0.9525138008449079 0
1.814212882553672 1.093843077013504 0
1.743059037091161 1.019943766689937 0
12.90694561771247 2.22208306780323 0
12.8073795622531 2.11671205705084 0
12.92456012609987 2.00424561928248 0
13.02412618155925 2.10961663003487 0
12.91575287190617 2.113164343542855 0
9.646330316112287 3.200495715998239 0
9.794512415003348 3.312215518634475 0
9.679694688424368 3.438774767535289 0
9.531512589533307 3.327054964899053 0
9.663012502268328 3.319635241766764 0
8.386694794062937 2.241985842419353 0
8.163122067600565 2.247945500590302 0
8.274908430831751 2.244965671504827 0
10.6610277151078 1.421625776012217 0
10.77464643745807 1.561096820617584 0
10.6200428751847 1.684800090306534 0
10.50642415283443 1.545329045701167 0
10.64053529514625 1.553212933159375 0
18.51293144379044 4.876908273948192 0
18.26845431377043 4.876312022138702 0
18.39069287878043 4.876610148043447 0
12.6446718226473 3.366894430921545 0
12.71701391208377 3.270354976928887 0
12.80938033848721 3.336616033673038 0
12.73703824905074 3.433155487665696 0
12.72702608056725 3.351755232297291 0
14.71561693860211 3.092027257508002 0
14.58716425346099 3.012376839076911 0
14.79709538778454 2.99397816600053 0
14.69212982062276 3.00317750253872 0
1.461195954607135 0.6406157237560635 0
1.35183928184064 0.4871266125710769 0
1.461154362323516 0.4003141482827428 0
1.570511035090012 0.5538032594677293 0
1.461175158465327 0.5204649360194031 0
8.792333422928911 1.887577121893311 0
8.916777453186098 1.965633589342364 0
8.828832567462706 1.987700418368163 0
12.73092437515722 1.459479116300515 0
12.65256850555684 1.548650854126659 0
12.5783784506754 1.479198909569055 0
12.65673432027577 1.390027171742911 0
12.65465141291631 1.469339012934785 0
13.71169424572594 3.026738742441641 0
13.72722383206044 3.175646170978101 0
13.56619645038943 3.18044626494961 0
13.55066686405493 3.03153883641315 0
13.63894534805769 3.103592503695626 0
10.97755840878592 2.747033995411439 0
10.84063318806842 2.651103761374356 0
10.96170768402202 2.65031228987411 0
4.469117805128604 4.344072053616085 0
4.61825651170232 4.445923363956684 0
4.523956374981328 4.563383300663183 0
4.374817668407612 4.461531990322584 0
4.496537090054966 4.453727677139634 0
10.06922019291781 2.972974047997335 0
9.919883177178786 2.871639275231184 0
10.01199918933142 2.763486953274247 0
10.04060969112461 2.868230500635791 0
17.93787192898346 4.741099153203971 0
17.79172405867302 4.695960466851373 0
17.83115802583833 4.564356285240248 0
17.97730589614877 4.609494971592844 0
17.88451497741089 4.652727719222108 0
1.551406029471599 1.097412668534693 0
1.412744257074287 1.107938293750196 0
1.390951284922114 0.956706318547377 0
1.529613057319425 0.9461806933318733 0
1.471178657196857 1.027059493541035 0
17.67906274115412 2.639426581994818 0
17.85777811061831 2.629996254851004 0
17.74169694561173 2.715832252509042 0
17.76842042588622 2.634711418422911 0
6.162893985864271 3.159668333586081 0
6.291405932741272 3.261890070325842 0
6.180541563425566 3.366623671828031 0
6.052029616548564 3.264401935088271 0
6.171717774644918 3.263146002707056 0
0.1746751322794751 2.45847011212285 0
0.3427913960115543 2.428814298791678 0
0.2670197844741296 2.543618120171466 0
0.2587332641455138 2.443642205457264 0
2.3405522397701 0.9990148233074758 0
2.206437279611009 0.9124395502405236 0
2.279563071055408 0.7864947485650071 0
2.413678031214499 0.8730700216319596 0
2.310057655412754 0.8927547859362415 0
15.84527024069919 1.968275333908044 0
15.95137398347631 2.090007852383521 0
15.82461895388126 2.203504638235631 0
15.71851521110414 2.081772119760153 0
15.83494459729022 2.085889986071837 0
6.510493044251225 4.559155359598309 0
6.65868255441341 4.659496419387006 0
6.567102527922025 4.771027906711524 0
6.418913017759841 4.670686846922828 0
6.538797786086626 4.665091633154916 0
6.58936289409524 4.277588235183943 0
6.801802996826964 4.307555828514002 0
6.669530153715899 4.374223591984785 0
6.695582945461101 4.292572031848973 0
9.025393003879508 1.738017501446121 0
8.962251084010806 1.852118781397985 0
8.854292362282477 1.77413770681162 0
8.917434282151177 1.660036426859756 0
8.939842683080991 1.75607760412887 0
4.000255221805761 4.374506488201301 0
4.138256851833099 4.473431258883418 0
3.905781143255778 4.481612114338966 0
4.022018997544438 4.477521686611192 0
11.0665837479668 4.790053020126658 0
11.21975327063687 4.894419093658611 0
10.97183047732993 4.895633926468047 0
11.0957918739834 4.895026510063328 0
11.80206429818579 4.778453852156031 0
11.64598071997399 4.672400798721354 0
11.73119839138069 4.558374215493896 0
11.88728196959249 4.664427268928574 0
11.76663134478324 4.668414033824964 0
7.713560184638294 1.257193442394732 0
7.805505908753093 1.354949399448715 0
7.718842748767441 1.432579226762632 0
7.626897024652642 1.334823269708649 0
7.716201466702868 1.344886334578682 0
7.442315448604251 1.363804378449095 0
7.540446403222983 1.259517083719547 0
7.534606236628447 1.349313824078872 0
18.10631192730533 1.770964279624303 0
18.2148035931097 1.872136162934049 0
18.12379034418383 1.950191882028471 0
18.01529867837946 1.849019998718724 0
18.11505113574458 1.860578080826387 0
2.697802286709639 0.4918466322045516 0
2.837571532104024 0.6048651872619382 0
2.737513441584467 0.7292271280628149 0
2.597744196190081 0.6162085730054283 0
2.717657864147053 0.6105368801336832 0
0.1833024607864413 2.873393556725785 0
0.09250774442567788 2.99385175898114 0
0.09079471636076164 2.754541797744645 0
0.09165123039321799 2.874196778362892 0
8.56042883485425 0.5560142489696109 0
8.437165266169036 0.4797790034775518 0
8.503943841285222 0.338445459568752 0
8.627207409970438 0.4146807050608112 0
8.532186338069737 0.4472298542691817 0
7.749321668412803 2.74490775605714 0
7.934592078580094 2.754964991364926 0
7.807121309300673 2.827393887674655 0
7.841956873496448 2.749936373711033 0
7.537942547455407 3.559194871531275 0
7.407625143397201 3.636801976506221 0
7.30997745130515 3.511627695265215 0
7.440294855363355 3.434020590290269 0
7.423959999380278 3.535411283398245 0
19.23979459412171 0.3893980929757972 0
19.50982423539885 0.4228367696568802 0
19.37407756022126 0.547048481934747 0
19.37480941476027 0.4061174313163387 0
6.92042852310331 2.162286147267117 0
6.886039420302208 1.90701827273773 0
7.034823222832294 2.01786724118974 0
6.903233971702759 2.034652210002424 0
2.959530322392947 4.682061842995126 0
3.013347968234719 4.566923238146416 0
3.055071571830872 4.65627959963917 0
12.21916475649823 3.492188161897209 0
12.32965873692421 3.424543585082542 0
12.39433367287235 3.50508866771265 0
12.28383969244637 3.572733244527317 0
12.30674921468529 3.49863841480493 0
1.185622942076064 2.624566579657285 0
1.269648876509777 2.724715643105793 0
1.181902229998814 2.808278979593843 0
1.097876295565101 2.708129916145335 0
1.183762586037439 2.716422779625564 0
5.021673645062144 4.552217435137594 0
4.870727782358103 4.435188800249295 0
4.974623674435293 4.320911523657538 0
5.125569537139333 4.437940158545838 0
4.998148659748718 4.436564479397566 0
5.461815088735802 3.151375648432429 0
5.580993221147756 3.256649414624471 0
5.471502656766808 3.352915836130306 0
5.352324524354854 3.247642069938264 0
5.466658872751306 3.252145742281368 0
2.266679593284367 3.058738374227445 0
2.368698425864676 3.156682616291338 0
2.27974374609752 3.237582961622094 0
2.177724913517211 3.139638719558202 0
2.273211669690943 3.14816066792477 0
11.89738495331485 4.325577276673508 0
12.04867119570192 4.428522204956542 0
11.96763082027462 4.546222433146144 0
11.81634457788755 4.44327750486311 0
11.93250788679473 4.435899854909827 0
2.878713234046762 4.557662207946364 0
2.870551850288749 4.442192618086885 0
2.941949909261734 4.50455792811665 0
5.511716650261107 4.555162543141397 0
5.661566335574562 4.666289824544047 0
5.568199089952956 4.777423493531089 0
5.418349404639502 4.666296212128438 0
5.539957870107033 4.666293018336242 0
7.046732188185004 2.738585370614321 0
7.035070372386484 2.64608797747555 0
0.1033368885073429 1.749914000051051 0
0.1052624559061037 1.630081458244262 0
19.87630548342901 2.529507831119573 0
19.87594624951519 2.405817050277586 0
19.7707527880757 2.927006658038313 0
19.88221221613801 2.778213775418537 0
19.88854057193769 3.023792882619777 0
19.88537639403785 2.901003329019157 0
13.43524732392938 3.306549243822464 0
13.43466792570313 3.174082273861553 0
13.56677584861568 3.31291323491052 0
13.5007218871594 3.243497754386037 0
4.230020947258721 2.073469795898397 0
4.158774732468062 2.208376972061289 0
4.03775259865025 2.127364770225205 0
4.108998813440908 1.992457594062313 0
4.133886772954486 2.100417283061801 0
19.83941694294476 1.671476550637791 0
19.71122633737171 1.497471075156228 0
19.87180939442694 1.450994524518437 0
19.85561316868585 1.561235537578114 0
15.31724108021746 3.244573877548268 0
15.27003651098783 3.375068291369292 0
15.12994340117935 3.336817405266536 0
15.17714797040898 3.206322991445512 0
15.22359224069841 3.290695641407402 0
7.627380069686109 2.813103508333343 0
7.568694098212649 2.740674612023614 0
7.659007883312726 2.742791184040377 0
18.90730757649586 3.120886099718498 0
18.95649019427993 3.2582485810435 0
18.83325883025737 3.319351062300774 0
18.87028320337662 3.220118581009635 0
15.8941181022345 3.392246845098487 0
15.78527474104526 3.455807999640277 0
15.7080866573988 3.364040061298043 0
15.81693001858803 3.300478906756253 0
15.80110237981665 3.378143453198265 0
2.80086857002322 1.926503705022161 0
2.700252247824833 2.035329969773953 0
2.577876995809257 1.933854010360885 0
2.678493318007645 1.825027745609094 0
2.689372782916239 1.930178857691523 0
6.354209331199993 1.004548519049978 0
6.429805991691101 0.9001627190190233 0
6.530175176038666 0.9705979285361495 0
6.454578515547558 1.074983728567104 0
6.442192253619329 0.9875732237930634 0
16.57978782652129 4.516844357113138 0
16.65197887189707 4.749379934903365 0
16.61588334920918 4.633112146008251 0
10.97965483295945 0.3260346996153194 0
11.10055944064971 0.2257238539850808 0
11.20054811972749 0.3335622922632138 0
11.07964351203723 0.4338731378934524 0
11.09010147634347 0.3297984959392664 0
18.10967946399861 4.167967178788853 0
18.24622587033327 4.22065384368922 0
18.18779010650721 4.360297887835891 0
18.05124370017255 4.307611222935523 0
18.14873478525291 4.264132533312372 0
7.070182936894263 3.455655285911217 0
6.932413767735941 3.571147544185613 0
6.802030726524126 3.459522688909388 0
6.939799895682448 3.344030430634992 0
6.936106831709195 3.457588987410302 0
1.55747998770174 0.3228046624947991 0
1.66218257781847 0.2278428363617255 0
1.773806624515178 0.3528783327661209 0
1.669104034398451 0.4478401588991949 0
1.665643306108461 0.3378414976304596 0
12.1264926742749 1.663769321830225 0
12.06165651870258 1.487365641643532 0
12.09407459648874 1.575567481736879 0
4.667763983459523 3.523017075453112 0
4.730334809512764 3.640633962667543 0
4.60977555150343 3.685955058064221 0
4.547204725450191 3.56833817084979 0
4.638769767481477 3.604486066758667 0
18.70780968117993 3.349233417643492 0
18.85329749335695 3.421313596081829 0
18.72784834427951 3.451195951424547 0
18.78055358726844 3.38527350686266 0
1.568821589075601 3.351557115329325 0
1.594211103479537 3.518008306737287 0
1.500555242947723 3.439049990795578 0
1.581516346277569 3.434782711033306 0
7.113914220137877 0.6793685547553814 0
6.996164862611826 0.5679908722019442 0
7.115432976445343 0.4533560606162479 0
7.233182333971393 0.5647337431696848 0
7.11467359829161 0.5663623076858144 0
18.24517860191473 1.705467490350526 0
18.37646640597515 1.728845900115731 0
18.34609139717012 1.895514572699254 0
18.29563499954243 1.80049103152489 0
19.60724005813242 1.663474937199618 0
19.46718744743331 1.662190638338752 0
19.45906729931944 1.551730616018629 0
19.59911991001855 1.553014914879495 0
19.53315367872593 1.607602776609123 0
18.12232860028413 4.47181835827843 0
18.09438451577171 4.626630045552089 0
18.00524998066118 4.454683284319184 0
18.04981724821645 4.540656664935637 0
0.9141695641315462 1.724490138102137 0
0.8434233557166984 1.587090608517862 0
0.9672170753262623 1.51648992303878 0
0.9406933197289042 1.620490030570459 0
4.440158588121466 3.632517303567989 0
4.509701356720504 3.702561406310335 0
4.432285458196938 3.761987339420913 0
4.436222023159202 3.697252321494451 0
15.92826959728224 0.6891611986902797 0
16.05596684625485 0.7779536127251636 0
15.9674318992572 0.8977360777136312 0
15.83973465028459 0.8089436636787473 0
15.94785074826972 0.7934486382019554 0
14.84206986756254 3.172117057025169 0
14.75683149282592 3.270041741490581 0
14.63037856386549 3.189951941973415 0
14.73622421571402 3.181034499499292 0
1.963983848849598 3.614899362762022 0
1.887008212497465 3.660017483829325 0
1.826946031547408 3.573586533384497 0
1.895464940198504 3.594242948073259 0
15.66475834869014 3.519047630121385 0
15.86402231293924 3.558516744719611 0
15.74350592058412 3.621756375200718 0
15.76439033081469 3.538782187420498 0
1.271086351992107 2.905045128295032 0
1.186105433548484 2.99356037783654 0
1.096921311555191 2.896794229135351 0
1.184003831773648 2.900919678715192 0
12.39085382790947 3.701268580706811 0
12.28227062218847 3.776551043132631 0
12.17525648672537 3.648015706953136 0
12.28305515731742 3.674642143829974 0
12.04801884617225 3.10031496222065 0
11.92027323950271 3.130006617251131 0
11.87691091198906 3.046986158327539 0
11.96246487908065 3.073650560274095 0
3.115179458550719 3.857295909278041 0
3.226887366901257 3.759891276053347 0
3.348706842472767 3.875878923848085 0
3.231943150511743 3.866587416563063 0
19.46377540548376 0.6969011520659674 0
19.30541297793197 0.7854365419793476 0
19.21571513266947 0.6355838718481273 0
19.33974526907662 0.6662425119570472 0
14.56801793399725 3.449257539465347 0
14.46524559744921 3.369228430463201 0
14.55404367241034 3.285319428339853 0
14.65681600895837 3.365348537342 0
14.56103080320379 3.3672884839026 0
5.142424135722689 3.432102658184318 0
5.245876558340933 3.343752275259212 0
5.35863370049792 3.445301754773535 0
5.255181277879676 3.53365213769864 0
5.250528918110305 3.438702206478926 0
15.05154445627549 2.719115921934096 0
15.17280863968383 2.795814928632432 0
15.06852707163187 2.801181129431947 0
15.76557899061337 4.263738250649395 0
15.68194568109842 4.345476989002288 0
15.57001884897704 4.213845883867489 0
15.66779891979521 4.238792067258442 0
3.68586131858099 2.774736491867977 0
3.591642969025666 2.868638823054419 0
3.460860231777726 2.776283707458596 0
3.573360775179358 2.775510099663286 0
9.022819168342968 2.836560580633885 0
8.858989826395939 2.685624163635212 0
9.125935695731854 2.704527001335453 0
8.992462761063898 2.695075582485333 0
19.50449443226898 2.74593371212092 0
19.75851769956702 2.682721606538109 0
19.65146380452364 2.83908854901544 0
19.631506065918 2.714327659329515 0
8.387597596775127 1.314604602195376 0
8.441594096585399 1.223944876951033 0
8.529463292256809 1.27691806748609 0
8.475466792446538 1.367577792730434 0
8.458530444515969 1.295761334840733 0
1.604006642939723 4.425637794355372 0
1.705741106406908 4.488783443822363 0
1.656066856141859 4.573794122032522 0
1.630036749540791 4.499715958193947 0
7.328254634992989 1.432499195258921 0
7.25682636582109 1.299005205709695 0
7.370887179432352 1.230310388899869 0
7.349570907212671 1.331404792079395 0
2.347635566516328 2.978413396607746 0
2.164368622237168 2.968359655669722 0
2.256002094376748 2.973386526138734 0
18.66627532042018 2.497210276663459 0
18.69834544342852 2.381664629107995 0
18.79607626853863 2.409166341677467 0
18.76400614553028 2.524711989232931 0
18.7311757944794 2.453188309170463 0
14.01351183692636 0.3712457436878029 0
14.13171372542084 0.2577404160538652 0
14.12873849607859 0.4994115348589645 0
14.13022611074972 0.3785759754564149 0
9.790137381422607 3.662712955849131 0
9.943109819979774 3.738877607235219 0
9.879556145078281 3.861781050919548 0
9.726583706521115 3.78561639953346 0
9.834846763250445 3.762247003384339 0
16.3388130193364 0.6323678287888448 0
16.45919453586977 0.7133375005955469 0
16.38349995536961 0.8314005189496685 0
16.26311843883624 0.7504308471429664 0
16.36115648735301 0.7318841738692565 0
1.472392051790276 0.214951591345335 0
1.322446286483521 0.1066307534625479 0
1.524945765306756 0.1083208378827871 0
1.423696025895138 0.1074757956726677 0
4.823220228088958 4.778714931349713 0
4.973847062341918 4.88870705888823 0
4.724373165747039 4.890007872461483 0
4.849110114044478 4.889357465674856 0
8.465593190829509 2.13967933904304 0
8.409707707180422 1.94450517415793 0
8.437650449004966 2.042092256600485 0
17.8674165119266 4.412573982484554 0
17.91341023143796 4.265501921100893 0
17.95933010604957 4.360092602710038 0
12.1217376829871 4.306977744662607 0
12.27067826707076 4.406423668109019 0
12.19761177978557 4.527968128402954 0
12.15967473138634 4.41747293653278 0
11.99763742217026 2.768181543179411 0
11.85658928687232 2.836230974526067 0
11.88926390370716 2.765544040667044 0
16.06822955867486 3.587428716202542 0
15.95190258647036 3.660453326040209 0
15.98034928514375 3.485492134881944 0
15.96612593580705 3.572972730461077 0
12.97847278971324 4.427623804670903 0
12.93844265481336 4.597764708361983 0
12.78508064753985 4.532480567128236 0
12.88177671862655 4.480052185899569 0
7.695831409519474 1.14427323955681 0
7.85691432703941 1.116723328024515 0
7.874643102158229 1.229643530862436 0
7.785237255838852 1.186958385209623 0
8.758146533555243 4.154080508318525 0
8.62563952445541 4.056486085173147 0
8.707333158537331 3.957657265238026 0
8.839840167637163 4.055251688383404 0
8.732739846046286 4.055868886778276 0
8.996484605546188 3.07014356919704 0
9.083975764336614 3.188228205648653 0
8.972889943616291 3.260252404830386 0
8.885398784825865 3.142167768378773 0
8.984687274581239 3.165197987013713 0
18.11571761187616 3.236749544674911 0
18.01138629414821 3.219130260861699 0
18.03509371871059 3.102797213551816 0
18.13942503643853 3.120416497365029 0
18.07540566529337 3.169773379113364 0
7.461099278930333 0.77134036080282 0
7.562591284536226 0.6711002024194337 0
7.660590801007921 0.7641710288796386 0
7.559098795402028 0.8644111872630249 0
7.560845039969127 0.7677556948412292 0
12.82922429888455 1.415315473690331 0
12.86728579590601 1.523514019437666 0
12.76898587217867 1.567677662047849 0
12.79910508553161 1.49149656786909 0
2.395155622730487 1.439823935482736 0
2.532052307625227 1.52077798663328 0
2.468132841856715 1.627915571090793 0
2.431644232293602 1.533869753286764 0
6.838944926815689 1.169496914068656 0
6.986989470530663 1.2967599271065 0
6.860826187148425 1.433243871156156 0
6.712781643433451 1.305980858118312 0
6.849885556982056 1.301370392612406 0
19.64482479254436 0.5456016670910664 0
19.78479282230636 0.628615401651881 0
19.72082997219841 0.7445234457227299 0
19.58086194243641 0.6615097111619155 0
19.68282738237139 0.6450625564068981 0
11.75049075092982 4.223211418181597 0
11.66381530170893 4.340256183505495 0
11.51315731986062 4.239759116461006 0
11.59983276908152 4.122714351137107 0
11.63182403539522 4.231485267321301 0
7.27659843754336 3.695727473982558 0
7.157925887510277 3.782959201584046 0
7.053206711052615 3.677521489854458 0
7.171879261085698 3.59028976225297 0
7.164902574297987 3.686624481918508 0
12.74107542525032 1.692711564397956 0
12.62465805862849 1.673684756476765 0
12.69682196540358 1.620681209262307 0
11.96197043867048 4.887819773070187 0
12.04455290142856 4.771421299839867 0
12.20758246275808 4.88360152676968 0
12.08477645071428 4.885710649919933 0
0.08818265754097787 2.518699927559777 0
0.08733756613973753 2.416735056061425 0
9.937663292686169 1.66085797642131 0
9.818204848158294 1.534500917520116 0
9.93129955551777 1.422223084798291 0
10.05075800004565 1.548580143699485 0
9.934481424101969 1.541540530609801 0
19.87925884978351 2.653860803269055 0
19.77946694257741 3.167031779000333 0
19.89092637063972 3.268238896380557 0
19.88973347128871 3.146015889500167 0
17.79466530421598 4.884670137459263 0
17.6613707300738 4.872971633254616 0
17.72654739437341 4.784466050052995 0
16.25229483973997 4.887441153251245 0
16.13025605022875 4.885874443302963 0
15.49414249865202 4.892512996239433 0
15.62140531724357 4.87729556589138 0
15.25527875741663 4.897943298225824 0
15.01172633993926 4.900520748861351 0
15.14200509735589 4.798464047087175 0
15.13350254867795 4.899232023543588 0
14.92336731345641 3.070058241818745 0
15.05442527124219 3.144482469842812 0
14.97312782534832 3.246541285049235 0
14.94824756940237 3.15829976343399 0
6.124544913840069 2.754034503400684 0
6.143957856950268 2.955726325835851 0
6.134251385395167 2.854880414618267 0
1.438586174303506 2.573891057943313 0
1.351466849056987 2.645872475932453 0
1.278037264891829 2.545760312838436 0
1.358311719597666 2.559825685390874 0
17.80874066283009 3.425665035077919 0
17.70224255393099 3.516733504505172 0
17.61278903408489 3.415871450086156 0
17.71928714298399 3.324802980658903 0
17.71076484845749 3.420768242582037 0
19.66036424731646 4.017008676531142 0
19.7706166302523 4.134830828778481 0
19.65597371528423 4.138673895863411 0
7.47117661226627 3.733354160935372 0
7.340149906412426 3.792279658411709 0
7.373887524904815 3.714540817458965 0
16.00211784881365 3.319295422674981 0
16.0883490317229 3.412540712458437 0
15.9912335669787 3.402393778778462 0
7.103463932227513 4.745774536042207 0
7.245097228131839 4.886291199674532 0
6.983366704095674 4.859483336367675 0
7.114231966113756 4.872887268021104 0
4.281507109514822 4.572780674292043 0
4.256537260120355 4.467481624603001 0
14.51059055328426 3.114765800639903 0
14.43425566182911 3.210133287006342 0
14.5323171128473 3.200042614489878 0
6.484990576064265 1.379941867516807 0
6.574457593791188 1.224565085822451 0
6.623314625706529 1.461357639812668 0
6.598886109748858 1.342961362817559 0
16.82130133699977 3.90495462129689 0
16.94799969431986 3.829471826311082 0
17.01819933798211 3.925960587525303 0
16.89150098066201 4.001443382511111 0
16.91975033749094 3.915457604411096 0
7.475798494187059 0.3421079260247279 0
7.351075638228013 0.4535954032724434 0
7.237850474672911 0.3400876855669548 0
7.362573330631957 0.2286002083192393 0
7.356824484429985 0.3410978057958416 0
16.77672841939903 4.867443520470736 0
16.50025045249804 4.881936414432628 0
16.63848943594854 4.874689967451682 0
15.85795436579349 4.138415390935593 0
15.83736240832511 3.990573836756051 0
15.93102315025083 4.0658210681678 0
15.8476583870593 4.064494613845822 0
11.57866911520207 4.455352894136281 0
11.69750684654481 4.449315199499695 0
2.089585701987843 4.781113632412265 0
2.228399729372045 4.890114877128879 0
2.10729285099392 4.890556816206132 0
15.53476815695505 3.571027839275249 0
15.46890810278431 3.465891124398646 0
15.5988982945194 3.413910915244782 0
15.56683322573723 3.492469377260015 0
13.69037576020606 1.63079458416868 0
13.77052089100754 1.540771089437048 0
13.84906948745214 1.614919831121447 0
13.76892435665066 1.704943325853079 0
13.7697226238291 1.622857207645063 0
4.328894067252947 4.785992727586719 0
4.475661168387479 4.891997899181597 0
4.351947033626474 4.89299636379336 0
11.71509385951531 4.890634079085844 0
11.83853214909289 4.889226926078015 0
1.28011146281497 3.088206193363391 0
1.196136021676292 3.181406403285024 0
1.102129992409807 3.086760587758173 0
1.191120727612386 3.087483390560782 0
6.97998740804695 3.025488134469229 0
6.881673837187584 3.131569112362329 0
6.748224638093782 3.042622662039244 0
6.864106023070366 3.034055398254237 0
3.810965284621822 4.585774001523919 0
3.844394872376833 4.790961287485723 0
3.827680078499327 4.688367644504821 0
6.313768819031544 0.7965344837626684 0
6.414954140090329 0.6835466862195192 0
6.530991312749886 0.7871749214758741 0
6.422380065890715 0.7918547026192713 0
13.59790655797798 1.737969432201887 0
13.49322985667713 1.649030944111588 0
13.58569905890521 1.541856096078382 0
13.5918028084416 1.639912764140134 0
4.575034334134518 4.78200577164308 0
4.426380539140045 4.676137893476325 0
4.672610169975801 4.669251178829939 0
4.549495354557923 4.672694536153132 0
0.1216024564674356 4.033139841639114 0
0.1503356633108854 3.813995655148884 0
0.2719381197783193 3.972135496787998 0
0.1359690598891596 3.923567748393999 0
18.55781706515394 2.288190336634093 0
18.68203495094069 2.271783321417648 0
18.62808125429123 2.334927482871044 0
17.4673553507029 2.645680742077391 0
17.57320904592851 2.642553662036105 0
19.34368221534241 1.519618092722613 0
19.38145816424852 1.390965982342633 0
19.49684324822555 1.423078505638649 0
19.42026273178398 1.471348299180631 0
1.899024498834137 0.2484368857713992 0
2.029698931357963 0.4082213920680058 0
1.904481057039005 0.5126628390627277 0
1.901752777936572 0.3805498624170633 0
5.970789954539822 4.889002419355706 0
6.067549879513016 4.778511099435798 0
6.221759924973194 4.889508680080092 0
6.096274939756508 4.889255549717899 0
9.532793071446523 2.780252822902258 0
9.681099347142503 2.879362054737914 0
9.600191833793893 2.991296681591038 0
9.451885558097914 2.892187449755381 0
9.566492452620208 2.885774752246648 0
3.000613665742621 3.958793532006386 0
2.875643011215658 3.836238293745041 0
2.995411234883189 3.846767101511541 0
18.39835149048856 0.6888137735926274 0
18.5184308220044 0.8036741586981515 0
18.28618774892436 0.7985602396817564 0
18.40230928546438 0.8011171991899539 0
18.01820662476748 4.856429015744707 0
18.16166093853791 4.732741037883409 0
18.14333046926896 4.866370518941705 0
11.31229872635713 4.787186920915856 0
11.46754545572026 4.892767827257245 0
11.34364936317857 4.893593460457927 0
18.74993677828846 0.1191199614838849 0
18.62760180295077 0.2356259624969077 0
18.50266502466231 0.1165060010130232 0
18.62630090147538 0.1178129812484539 0
6.933635229490642 3.778489136729894 0
6.812842286173969 3.672115191061049 0
6.933024498613292 3.674818340457753 0
0.8540100635808372 1.955781104188118 0
0.772878956677598 1.813581744884502 0
0.884089813856189 1.840135621145128 0
1.519284008263909 2.510779799585904 0
1.584841925632276 2.603692978205627 0
1.511714049967891 2.58879201807447 0
6.685362749349324 3.567688470096263 0
6.55287198462864 3.464365938063741 0
6.669539961803443 3.356200156876866 0
6.677451355576383 3.461944313486565 0
5.224656404305412 2.944821913090478 0
5.341552753825736 3.048245343242957 0
5.234237954286647 3.144284187524625 0
5.229447179296029 3.044553050307552 0
7.119745033141476 0.227249186801282 0
6.99904079460009 0.1135710493662359 0
7.245704238541387 0.1136781374350466 0
7.122372516570739 0.1136245934006412 0
18.99167411591652 0.3680819050284265 0
19.12164238186286 0.2541600815051099 0
19.10982632817537 0.503319916499114 0
19.11573435501911 0.3787399990021121 0
12.62672183356821 4.443094707102212 0
12.68175356196867 4.566602974855514 0
15.53670018530692 3.32575777304696 0
15.43522081166227 3.34821672394842 0
15.40815038134243 3.272451342217035 0
15.50962975498708 3.249992391315574 0
15.47242528332468 3.299104557631997 0
1.198967987720941 3.726942845332687 0
1.190397221385448 3.897709933588253 0
1.026691289376064 3.875657498843331 0
1.035262055711556 3.704890410587766 0
1.112829638548504 3.80130017208801 0
14.76738477262865 4.903123555424862 0
14.52386335556972 4.902000080840262 0
14.66624812819837 4.805123636265124 0
14.64562406409918 4.902561818132562 0
2.568206727978856 4.741408281096395 0
2.722929512603652 4.856985423330079 0
2.470277215375203 4.884422857766316 0
2.596603363989427 4.870704140548197 0
8.70882156400406 3.257895552240222 0
8.812823126332043 3.223217110972498 0
8.860713539299834 3.335911936665978 0
8.75671197697185 3.370590377933703 0
8.784767551651946 3.2969037444531 0
1.241155290117511 0.9413720229650124 0
1.239650749335429 0.8069784976377217 0
1.389446744140031 0.8223127932200862 0
1.315301017128771 0.8818424080925493 0
9.111898145739255 1.606523097043582 0
9.218115440067288 1.70183299664769 0
9.131610298207539 1.833327401050229 0
9.121754221973397 1.719925249046905 0
11.24015596634262 1.48216601817471 0
11.10127709666128 1.41171312260169 0
11.17745569496393 1.275052976893196 0
11.31633456464527 1.345505872466216 0
11.20880583065328 1.378609497533953 0
17.52393203056893 3.317084094204482 0
17.50818875484199 3.502832000904441 0
17.41933175132603 3.404044645022767 0
17.51606039270546 3.409958047554461 0
12.45101006022225 4.876417455060902 0
12.57086472430303 4.869434064721286 0
1.176636440912898 1.410968097402117 0
1.231673678630109 1.515657006415535 0
1.089168933788866 1.463271652907062 0
1.160421306209487 1.489464329661298 0
11.55763931523557 4.783401906343089 0
11.40298925178377 4.678654760052972 0
11.49133065652219 4.567653652431236 0
11.52448498587888 4.675527779387163 0
19.10838214312723 2.654613162415172 0
19.07284846510098 2.552315691781536 0
19.18003029440444 2.507170120002259 0
19.14420621876584 2.580891641208715 0
5.801104277636387 3.057594799896277 0
5.692236996955704 3.1570671261231 0
5.569568646584925 3.053894598778072 0
5.685336462110656 3.055744699337175 0
3.859697436188418 4.895480643742862 0
15.37442125606866 4.790456294465256 0
15.37471062803433 4.895228147232628 0
19.55243558472001 3.90300950657549 0
19.77584966159502 3.890217842062066 0
19.66414262315752 3.896613674318778 0
18.2554243699827 0.1150960889358705 0
18.1385709363502 0.2295865945336804 0
18.0081465663675 0.1144905055978098 0
18.1317854681751 0.1147932972668402 0
16.37627264611901 4.884688783841936 0
6.986158987953782 1.541760052733397 0
6.87137886237252 1.672143488273479 0
6.746046061567164 1.563627306696238 0
6.866102524760473 1.552693679714818 0
13.29626831188526 3.41623886483205 0
13.27753603628368 3.547994699038026 0
13.14632578529005 3.525826685008226 0
13.16505806089163 3.39407085080225 0
13.22129704858765 3.471032774920138 0
11.9667844133549 1.210984562526404 0
12.03565741120306 1.104402553765347 0
12.12537188100698 1.161762494912646 0
12.05649888315882 1.268344503673703 0
12.04607814718094 1.186373528719525 0
4.600017167067259 4.891002885821541 0
1.762236812511713 0.1195219984789384 0
1.643591288909235 0.1139214181808628 0
13.87169579774125 1.441529526347215 0
13.67781681778892 1.438730541740115 0
13.77899172452264 1.339488978650281 0
13.77475630776509 1.440130034043665 0
8.562616768719977 4.771772322972071 0
8.706294605179576 4.898901534474575 0
8.481322163540401 4.872870788497496 0
8.593808384359988 4.885886161486035 0
11.38826345295376 1.571210257602542 0
11.4472262601625 1.407927344090978 0
11.59328350353903 1.455731924181003 0
11.53432069633029 1.619014837692567 0
11.4907734782464 1.513471090891772 0
6.696164102001973 3.777074356980839 0
6.568684565177329 3.672647636016053 0
6.690763425675649 3.672381413538551 0
11.59131965761779 4.891700953171545 0
11.38679161091048 1.211218835011109 0
11.51768330642771 1.27364030663587 0
11.41700893553649 1.309573089551043 0
4.05578476937423 3.42434570237484 0
4.049428911719839 3.240362896380249 0
4.052606840547035 3.332354299377545 0
6.201285616997155 1.483719181890655 0
6.303251682130584 1.603292667308964 0
6.189797841315482 1.711764165329118 0
6.087831776182052 1.592190679910809 0
6.195541729156318 1.597741673609887 0
2.555842629149106 0.3735233596503913 0
2.66016312380666 0.2475536864368006 0
2.802122781367192 0.3658769589909605 0
2.678982705258149 0.3697001593206757 0
3.366063584357713 4.878055842923708 0
9.331980142075356 1.604823380368102 0
9.428866260424783 1.745693855543301 0
9.323490850246035 1.723763426095495 0
11.29907072012239 1.708872139035014 0
11.15096323351126 1.619827899607182 0
11.26961334323251 1.595519078604862 0
19.88589178147623 1.214537706882219 0
19.75770117590316 1.290532231400656 0
19.87885058795158 1.332766115700328 0
5.675955827180204 4.325185358115572 0
5.829289242456023 4.431648831380018 0
5.755177761035045 4.554537141585796 0
5.601844345759224 4.448073668321351 0
5.715566794107623 4.439861249850685 0
12.95214136100798 0.9810967589376425 0
12.83853066031849 0.8448362673726599 0
12.95656336049672 0.7293353613989226 0
13.07017406118622 0.865595852963905 0
12.95435236075235 0.8552160601682828 0
10.99246716360723 0.1098073265806176 0
11.23309227704248 0.1159165274044636 0
11.11277972032486 0.1128619269925411 0
12.4622576425185 3.602941131600118 0
12.56784679168437 3.674240930086522 0
12.49644297707533 3.772568379193216 0
12.47935030979692 3.687754755396667 0
7.033006597867581 4.500885801211136 0
7.018912188493687 4.642891894067267 0
6.894877746076274 4.614152298636774 0
6.908972155450168 4.472146205780643 0
6.963942171971928 4.557519049923955 0
5.127789988272726 3.240394392845573 0
5.24005725631379 3.244018231391919 0
4.798149858680614 2.761241743780406 0
4.660023165420857 2.664441205759025 0
4.864940169947962 2.65039112235816 0
4.762481667684409 2.657416164058593 0
11.64983229279536 1.314987975295224 0
11.56022355363185 1.158413102810012 0
11.69237253999949 1.199760771469366 0
11.6050279232136 1.236700539052618 0
4.336519767623697 1.695456365096786 0
4.225943777920063 1.569506094507397 0
4.336366106284618 1.470211278089953 0
4.446942095988252 1.596161548679343 0
4.336442936954158 1.58283382159337 0
2.832124505996045 4.737646741810527 0
2.853562252998023 4.868823370905264 0
5.223433852717875 4.888408367888919 0
5.32075545542739 4.777043030619927 0
5.472321602709515 4.888634662731008 0
5.347877727713695 4.888521515309963 0
2.48106304559457 3.252775000945591 0
2.59719565255219 3.360699963020691 0
2.497209904269708 3.452441987150303 0
2.381077297312087 3.344517025075203 0
2.489136474932138 3.352608494047947 0
17.90643596449173 4.870549576601985 0
13.29502897341865 4.834854527194643 0
13.05973017338364 4.860465730555842 0
13.22975914680229 4.695320257750486 0
13.17737957340115 4.847660128875242 0
14.26215304211151 3.248547314976933 0
14.22409081081961 3.353257573308744 0
14.1105466509731 3.306967559962902 0
14.148608882265 3.202257301631091 0
14.18634984654231 3.277757437469917 0
10.4884899694768 1.273887105475142 0
10.61676831223059 1.125752702302945 0
10.78930605786159 1.273491372840021 0
10.63889801366919 1.273689239157581 0
6.310069913688469 3.468899438187525 0
6.198146043427462 3.576150263158876 0
6.068617693164558 3.473874496799382 0
6.189343803426514 3.471386967493454 0
4.371855864937594 2.772326834141477 0
4.253853992731297 2.864654565373931 0
4.146144394872632 2.774709107504608 0
4.259000129905113 2.773517970823042 0
14.90411111256791 4.803644304286214 0
14.88955555628395 4.901822152143106 0
9.290626847112485 2.821808100453176 0
9.374766330849617 2.670871683454503 0
9.250351013290736 2.687699342394978 0
4.4333064875913 1.376116132692926 0
4.513250044015217 1.258954076961718 0
4.645494624574003 1.367282858931398 0
4.565551068150086 1.484444914662607 0
4.539400556082651 1.371699495812162 0
0.7174358848333444 4.655515718553144 0
0.6069223724395734 4.767125627310906 0
0.4804351210025075 4.649645691726069 0
0.5909486333962803 4.538035782968306 0
0.5989355029179251 4.652580705139606 0
17.43724808704621 0.4635214352269728 0
17.30215956252852 0.3514369191410047 0
17.4067106777851 0.2333379169308749 0
17.54179920230279 0.3454224330168429 0
17.42197938241566 0.3484296760789238 0
12.09960849470535 3.734096290785941 0
11.99961329836838 3.657821614231238 0
12.07526129038841 3.571741030398432 0
12.08743489254688 3.652918660592187 0
7.49186909209057 0.1149220708841927 0
7.368786665315978 0.1143001041596197 0
0.2373526796688807 3.505670445961441 0
0.1351802429536342 3.670387869125062 0
0.1021724367152466 3.460282576836378 0
0.1186763398344404 3.56533522298072 0
1.432792920286328 3.540250301856875 0
1.327486158108151 3.463404378009723 0
1.395248480769546 3.362204066948427 0
1.414020700527937 3.451227184402651 0
15.23924439090651 2.008109644392566 0
15.39977255928576 1.910665748988673 0
15.48501977753027 2.059077085351316 0
15.32449160915101 2.156520980755208 0
15.36213208421839 2.033593364871941 0
9.421225897782373 1.401961999733785 0
9.478500743257866 1.541888242774933 0
9.27470529659986 1.464897137326954 0
9.376603019928863 1.503392690050944 0
15.62776694585462 0.8585835089005163 0
15.53536023561445 1.06780602577041 0
15.48874601183217 0.8876578701355258 0
15.58156359073454 0.9631947673354631 0
13.08977802697155 2.795530890182369 0
12.9580299109556 2.683564573340756 0
13.15461766455352 2.665556901178393 0
13.05632378775456 2.674560737259574 0
11.04202978796558 1.196485593963838 0
11.12695729178149 1.05949946965455 0
11.26238319877984 1.138066852583908 0
11.15220649337271 1.167276223273873 0
2.303884705364586 0.387760663875051 0
2.18086854766465 0.5377133263049978 0
2.152715089057899 0.2582687296380586 0
2.166791818361274 0.3979910279715284 0
4.850763799968976 1.671687419843968 0
4.900178966917719 1.569724009623356 0
4.993797429091217 1.633994653168036 0
4.944382262142474 1.735958063388648 0
4.922280614530096 1.652841036506002 0
4.765937771149261 3.079278310804979 0
4.699303115389499 2.974324956034589 0
4.832313828514629 2.91855490740247 0
4.799125799831945 2.998916609103725 0
0.7388128615850675 0.130202950139731 0
0.9803102789583011 0.1374156513747278 0
0.859561570271687 0.1338093007572296 0
18.99798556513232 0.1236018429013712 0
19.12332119093143 0.127080040752555 0
6.387701344867653 1.308827777625939 0
6.236152488191246 1.274786580982223 0
6.269498127280901 1.157741175853859 0
6.421046983957307 1.191782372497575 0
6.328599736074277 1.233284476739899 0
19.11084421750569 2.976530492661362 0
19.17806134890698 3.0702353053241 0
19.08105770845249 3.152137240274636 0
19.0138405770512 3.058432427611898 0
19.09595096297909 3.064333866467999 0
5.966683724040962 1.704771887259012 0
5.861083649298394 1.576938371768306 0
5.982231701439483 1.464357164420103 0
5.974457712740223 1.584564525839557 0
16.73828010709013 0.5332137475700844 0
16.56743535986341 0.4335081351634269 0
16.64986665391207 0.286789876050948 0
16.82071140113879 0.3864954884576051 0
16.6940733805011 0.410001811810516 0
17.8942255867241 0.2290510165456645 0
17.7610790203566 0.1145605109478547 0
17.88461279336205 0.1145255082728323 0
19.60894967557871 1.367534665915382 0
19.60403479279863 1.460274790397439 0
9.540604048635863 1.650320161573654 0
9.57666725348054 1.478633916057416 0
9.638770558858536 1.587065834856137 0
9.558635651058202 1.564477038815535 0
2.323676944747248 4.774537734895196 0
2.349338472373624 4.887268867447597 0
6.632188794047612 0.2280302544170301 0
6.505120974218649 0.1142421494244772 0
6.752067819828963 0.1137881049925529 0
6.628594397023805 0.114015127208515 0
9.623577825300252 1.769457344101656 0
9.526222042862518 1.757575599822478 0
9.409219237312772 3.003526636496669 0
9.247960526327343 2.933147287194464 0
9.349923042212628 2.912667368474922 0
10.26985583257073 1.550229692267178 0
10.15759783105235 1.662042469483861 0
10.16301600156402 1.436767366482803 0
10.16030691630819 1.549404917983332 0
6.828779417637101 4.74177704743783 0
6.724780882852582 4.531871670585949 0
6.776780150244842 4.636824359011889 0
12.28359252298033 4.760018981830582 0
12.32929626149017 4.880009490915291 0
0.6435976289831977 1.871661740527208 0
0.5844766527158534 1.712996149459932 0
0.7137579804102536 1.654916153817226 0
0.6786778046967257 1.763288947172217 0
4.642412858988866 3.787722252231899 0
4.542338664205939 3.804328600478013 0
4.576057107854686 3.745141829271117 0
8.358723795563924 4.247708369288018 0
8.218604585913313 4.160814561436668 0
8.304337149831913 4.053825939191149 0
8.444456359482523 4.140719747042499 0
8.331530472697919 4.150767154239583 0
13.73457148801287 2.32993111258558 0
13.85626995792015 2.214928926952221 0
13.97209612728398 2.331407230029861 0
13.85333380764843 2.33066917130772 0
5.954511570300682 3.58045674376769 0
5.826508692284591 3.473856605863721 0
5.940614815148468 3.367274358895414 0
5.947563192724575 3.473865551331552 0
13.86653538329458 3.203707452195382 0
13.84073997602665 3.355651493432417 0
13.70142842479251 3.327590212215136 0
13.78398190404354 3.265648832205259 0
5.587673803720365 3.462481420837136 0
5.703519133270703 3.362501645196668 0
5.710663362734254 3.573836381504189 0
5.707091248002477 3.468169013350428 0
13.78934089318463 4.885834146196282 0
13.54608141899408 4.873004594837688 0
13.7104223121787 4.75883874103397 0
13.66771115608935 4.879419370516985 0
3.077554565259486 0.6012469154596625 0
3.185101598202385 0.4852255747623682 0
3.31898511862507 0.6047413132339488 0
3.198269841942277 0.6029941143468056 0
2.450881504713119 0.5068428930493032 0
2.408845829800573 0.2544411304761391 0
2.429863667256846 0.3806420117627214 0
19.78349149709519 1.067997072847211 0
19.89759971561896 0.9784593659649912 0
19.89174574854759 1.096498536423605 0
14.87704754424349 3.358232198439677 0
14.77703206037595 3.453538994291096 0
14.76693177660093 3.361790367890839 0
10.74399677268313 3.250834273620176 0
10.83224688212018 3.14454806201744 0
10.8857935094177 3.342700005447847 0
10.85902019576894 3.243624033732643 0
11.47569512961422 3.390191418498717 0
11.39472243219296 3.499895513095206 0
11.25496013663562 3.414272469597567 0
11.36532763312492 3.402231944048142 0
13.05863608924794 0.1558390695935676 0
13.02153177496279 0.3774277740961134 0
12.93183864959352 0.1177730246166573 0
12.97668521227815 0.2476003993563856 0
11.03932775156075 4.266008627138543 0
10.95053199048295 4.373728566309417 0
10.80348374926146 4.276029394339847 0
10.89227951033927 4.168309455168973 0
10.92140575041111 4.271019010739195 0
11.34389980524045 0.2638370331641506 0
11.48580752819796 0.1479205057596875 0
11.35944990262022 0.1319185165820755 0
1.81790260676714 3.266810722469422 0
1.905035833996557 3.189370042982905 0
1.995230837863431 3.288468198217738 0
1.906566722315286 3.27763946034358 0
11.85717957104202 1.273224121785524 0
11.8055036508317 1.166102766572645 0
11.91510849314458 1.103863207313525 0
11.8861440320933 1.188543664549525 0
2.011787686322424 0.1289148872924608 0
1.887012249417069 0.1242184428856996 0
13.99178583609742 1.359590696233693 0
14.07268542562457 1.487223806321717 0
13.95259538726841 1.569162636435239 0
13.97219061168291 1.464376666334466 0
14.37764282837872 3.309299435832288 0
14.31876587556189 3.149381166150987 0
14.34820435197031 3.229340300991637 0
8.549273736282325 0.1507988901533102 0
8.4328000720649 0.1081686583203911 0
8.468371956675062 0.2233070589445716 0
13.99319457833334 3.269791443565115 0
14.08245526056731 3.416420675354756 0
13.96510318792755 3.379244558956969 0
14.03782491945033 3.343106059459935 0
6.379618881698697 4.462997797836598 0
6.477378722297001 4.366009023589047 0
6.608252884849529 4.462166585350758 0
6.493935883274113 4.462582191593678 0
9.616070745750054 2.662971723784535 0
9.495418538299836 2.666921703619519 0
0.8471944595166221 4.768158343247197 0
0.9834458808261672 4.883708568888856 0
0.7387485786904548 4.88444977435834 0
0.861097229758311 4.884079171623598 0
14.92670953476392 2.638065640059887 0
15.14405621989142 2.634640866210989 0
15.03538287732767 2.636353253135438 0
14.57126942600593 2.2036448839518 0
14.45109142376391 2.079106543513899 0
14.57199389106296 1.964129321529342 0
14.69217189330498 2.088667661967244 0
14.57163165853444 2.083887102740571 0
13.51962727295749 0.1216589080996906 0
13.42827425469822 0.2500020863902135 0
13.28364698174073 0.1283431782905224 0
13.40163712734911 0.1250010431951072 0
5.175414006529337 1.561905705387746 0
5.12018669001631 1.710183372324394 0
5.049024745604243 1.485716986231388 0
5.084605717810277 1.597950179277891 0
17.80580891948747 4.054115782469554 0
17.62842766319846 4.030342937958961 0
17.65219414838437 3.898743929298317 0
17.82957540467338 3.92251677380891 0
17.72900153393592 3.976429855883936 0
10.06732542044717 1.356660956124251 0
10.15532770701892 1.253287758605217 0
10.25101828813577 1.333394168963769 0
10.15917185429147 1.34502756254401 0
8.607068676113037 2.235607139974613 0
8.496881735087987 2.238796491196982 0
7.979874828000322 1.287132531933637 0
8.091499969067005 1.167089655673544 0
8.220779372165371 1.27134329020822 0
8.109154231098689 1.391386166468313 0
8.100327100082847 1.279237911070928 0
10.49242871784795 1.787561375052679 0
10.36963391923344 1.898403801102812 0
10.2638797616134 1.77840284435447 0
10.38667456022791 1.667560418304338 0
10.37815423973068 1.782982109703575 0
2.267928562070118 3.617035036118437 0
2.282857535364656 3.42477322560603 0
2.378805682488585 3.54315839417283 0
2.275393048717387 3.520904130862234 0
8.651581487964799 4.471811253789726 0
8.496378096324358 4.511931091099229 0
8.44400067210378 4.357274883895162 0
8.599204063744221 4.317155046585659 0
8.54779108003429 4.414543068842444 0
6.876108614429053 0.2273591543587883 0
6.875554307214527 0.1136795771793944 0
13.21728307098867 0.2841822478840896 0
13.17114153549433 0.1420911239420448 0
10.38960542517725 1.427998319664007 0
10.38813999270258 1.547779368984172 0
9.724563479776069 1.459019928999093 0
9.556072982754296 1.35527823136405 0
9.703969209049824 1.335664244305726 0
9.640318231265182 1.407149080181571 0
4.896992467762787 2.837597133038796 0
4.733471219432456 2.84219951814408 0
4.815231843597622 2.839898325591438 0
19.14319191717019 4.753083911252708 0
19.16268270129939 4.506518678747794 0
19.27511545699911 4.630783378005183 0
19.15293730923479 4.629801295000251 0
17.23776718957868 0.7002024652431578 0
17.10450625795613 0.5950536901757641 0
17.20161574381413 0.4746347560136819 0
17.33487667543667 0.5797835310810757 0
17.2196914666964 0.5874186106284198 0
11.76211461765105 1.356867187145619 0
11.70556582839473 1.497611136031398 0
11.67769906059504 1.406299555663311 0
2.908189216136034 0.2440661166594165 0
3.04736986223558 0.363382074129297 0
2.941303427466739 0.4851929164608411 0
2.924746321801386 0.3646295165601288 0
3.620592760960826 1.494852229014071 0
3.527246286312535 1.598647694534987 0
3.408250859988845 1.493237710904959 0
3.501597334637136 1.389442245384044 0
3.514421810474835 1.494044969959515 0
15.30372380210987 3.492742691819518 0
15.36947230688607 3.420479707883969 0
3.803742194542489 0.3903849676629902 0
3.686077759966985 0.5086272958132059 0
3.543848355104446 0.374419705833581 0
3.66151278967995 0.2561773776833656 0
3.673795274823467 0.3824023367482856 0
5.814762909078651 3.262919356695297 0
5.926177710478747 3.160046932888154 0
5.933396262813607 3.263660645891784 0
8.305441887264079 4.440129943110529 0
8.220165010724223 4.330563428503385 0
8.332082841414001 4.343919156199274 0
6.456273269572049 3.776762259731356 0
6.328011231483375 3.674790178856065 0
6.440422527088656 3.570675555140762 0
6.448347898330352 3.673718907436059 0
14.46977161263968 1.26578178982071 0
14.54440355425078 1.393481868119856 0
14.41972340629465 1.468453078275034 0
14.34509146468356 1.340752999975888 0
14.44474750946717 1.367117434047872 0
1.453560160576201 3.08671212507492 0
1.374259287383378 3.17839399045021 0
1.359412336007793 2.996524327988102 0
1.366835811695585 3.087459159219156 0
5.45556070020533 3.051069971010515 0
19.00998790925669 4.876318881252848 0
19.2582040079135 4.87676502999986 0
19.1340959585851 4.876541955626355 0
2.833071353452912 3.354936939594296 0
2.744396604259791 3.463378435579228 0
2.68587040174531 3.252258467035758 0
2.715133503002551 3.357818451307493 0
13.90910554733755 3.10520963166193 0
14.03576474237631 3.171293623031664 0
13.95115006283545 3.187500537613523 0
2.355996551975356 0.6387493639043331 0
2.104435066744703 0.6854587109656718 0
2.230215809360029 0.6621040374350025 0
13.69123138638424 3.462737883002521 0
13.5565788102074 3.448060905697906 0
13.62900361749996 3.387825558956521 0
3.640402017376518 3.410088680495788 0
3.531156701031008 3.316592034423573 0
3.629008535473604 3.229360763626774 0
3.634705276425061 3.319724722061281 0
17.65025030687373 0.2300844326100036 0
17.51417128651713 0.1155239216621489 0
17.63762515343686 0.1150422163050018 0
17.26753939126798 0.117813995268726 0
17.39085533889255 0.1166689584654375 0
2.517918427065098 0.1250872881305409 0
2.767244696741562 0.1224663983062593 0
2.64258156190333 0.1237768432184003 0
9.160459541979243 0.2480138679598367 0
9.019545510845857 0.1241231579446169 0
9.265914031133384 0.1238907100152193 0
9.142729770989622 0.1240069339799179 0
13.46611039241273 4.707859122032332 0
13.42055519620637 4.853929561016166 0
14.37936641549267 3.035057908233855 0
14.48326533447683 3.023717373655383 0
13.14563727487854 0.723081671572142 0
13.26212650751612 0.7979427025486616 0
13.1866632938238 0.9404568839404246 0
13.16615028435117 0.8317692777562833 0
3.40586121034519 0.2481650850039756 0
3.265055505978238 0.1225969384165246 0
3.515805704366953 0.1255681465874505 0
3.390430605172595 0.1240825425019878 0
7.644323389919276 3.650521411125592 0
7.774108790220678 3.712079628244943 0
7.709317944736066 3.81439834806701 0
7.579532544434663 3.752840130947659 0
7.676820667327671 3.732459879596301 0
7.910737634595186 1.412438400519915 0
7.892690368376708 1.321040965691176 0
6.38824469156139 0.229270797756393 0
6.258123717342741 0.1150286483319158 0
6.381622345780695 0.1146353988781965 0
3.770707085312998 0.1306092310959146 0
3.643256394839975 0.1280886888416823 0
14.40690283507095 3.439481089865074 0
14.31930006600047 3.379552095234161 0
14.39227283172484 3.374390262848681 0
5.607602443148678 2.057296495901217 0
5.499850950240412 2.165014577624333 0
5.415628115932931 2.031682367892333 0
5.523379608841196 1.923964286169217 0
5.511615279540805 2.044489431896775 0
18.96277206520558 2.950581348748314 0
18.93503982085072 3.035733724233406 0
6.318449739353793 4.778242875721462 0
6.471689814380598 4.888734195641369 0
6.346724869676896 4.88912143786073 0
8.982227302561089 1.54604377926458 0
9.027464075195022 1.434919809475981 0
9.157134918373188 1.495399127254983 0
9.069681110467139 1.520721453259781 0
5.72087748724344 4.88878883080008 0
5.596599544976478 4.888711746765544 0
0.2477757940434486 0.8880065295366455 0
0.1240939929573024 1.00910994550981 0
0.1236818010861462 0.7538965840268355 0
0.1238878970217243 0.8815032647683227 0
11.40664733284979 1.813243809662702 0
11.17010243269431 1.833041189509007 0
11.28837488277205 1.823142499585854 0
10.74625755564456 4.073089503385591 0
10.83312559270951 3.964570803687542 0
10.97914754740421 4.059790755470924 0
10.86270255152439 4.066440129428258 0
17.06252128622319 0.3634802410423692 0
17.16306510493758 0.2402824041696916 0
17.18234042437585 0.357458580091687 0
12.91182136039612 1.677125569756972 0
12.91503914060343 1.800071279425727 0
12.74429320545764 1.815657274066711 0
12.82805728292688 1.746391421911841 0
17.50254458339893 1.11966918650598 0
17.48766338731082 0.907144522578103 0
17.49510398535487 1.013406854542041 0
6.995277857598419 1.775234595162458 0
6.762140425076309 1.803927165848751 0
6.878709141337364 1.789580880505605 0
10.05358833957825 1.088891694002504 0
10.20009084879554 1.138971001919965 0
10.00882519780163 1.203208450687756 0
10.10445802329859 1.17108972630386 0
16.50356923352819 0.1548580327517994 0
16.77129742038388 0.1319318432991485 0
16.63743332695604 0.143394938025474 0
14.66287179132101 1.301827924252625 0
14.74920941828123 1.420299397147196 0
14.630741181211 1.511953341014427 0
14.64680648626601 1.406890632633526 0
6.071781846261091 1.830203735479271 0
5.9519127791113 1.947255844139794 0
5.846814656891171 1.821823995919535 0
5.959298251576131 1.826013865699403 0
10.14967283349065 0.2609463315369887 0
10.00992587516135 0.1441192273262804 0
10.26474695832931 0.1168271042107083 0
10.13733641674533 0.1304731657684943 0
15.03386312007452 3.448508318656978 0
15.00349547271142 3.347524801853107 0
12.12490175211069 4.653216464057436 0
12.24060215138295 4.643993555116768 0
1.350546529302008 2.819047598915035 0
1.438872513317692 2.910526798608104 0
1.354979432654901 2.907785963451568 0
5.816667441783263 4.777791250155786 0
5.845833720891632 4.888895625077893 0
16.42256992845056 1.607657092927316 0
16.52342537593973 1.466999947607303 0
16.68390040469824 1.573066875105592 0
16.58304495720907 1.713724020425605 0
16.5532351665744 1.590361984016454 0
10.86335765977796 0.6462277058692099 0
10.75190153357068 0.542469130430824 0
10.86267169349116 0.4334711564941434 0
10.97412781969844 0.5372297319325292 0
10.86301467663456 0.5398494311816768 0
9.403672611342593 0.2449649412713431 0
9.512758580209209 0.1210742312561233 0
9.389336305671296 0.1224824706356715 0
0.3622522973065969 0.5043847273127924 0
0.4831553012237677 0.6298677363527385 0
0.3662971703068507 0.75595879576304 0
0.2453941663896781 0.6304757867230939 0
0.3642747338067238 0.6301717615379161 0
4.871980037031399 0.5876519943204181 0
4.967888839901041 0.470853150707061 0
4.98680149959679 0.5881680613574463 0
7.462776561214897 0.5619541926947877 0
7.344883256958277 0.6730925325920292 0
7.347979447593145 0.5633439679322363 0
13.38378624891958 2.675766953020932 0
13.26920195673655 2.670661927099663 0
3.015944519394472 0.1215997183531572 0
2.891594608068017 0.1220330583297082 0
5.084286803128228 2.65050651726764 0
4.992753988398009 2.747307055289021 0
4.974613486538095 2.650448819812901 0
15.68751371097952 0.7400055381935295 0
15.7337507980696 0.8337635862896318 0
16.91682313405348 0.2544002522001136 0
16.96640955330849 0.4955754772998606 0
16.94161634368098 0.3749878647499871 0
9.872799332872235 1.268770579361796 0
9.970062376659703 1.312715767743023 0
8.118276047930394 4.38924764331203 0
8.05811687781868 4.307424604767903 0
8.160005840612509 4.248740389959258 0
8.139140944271452 4.318994016635644 0
18.38308939464501 0.2316020899488938 0
18.37904469732251 0.1158010449744471 0
9.732411927240761 1.66254682337716 0
9.825051519977464 1.772818121096042 0
9.716217418036955 1.879728641820537 0
9.724314672638858 1.771137732598849 0
2.899703169422736 1.818387277887387 0
2.775733335706207 1.717201598913335 0
2.872392895785245 1.608434848948881 0
2.996362729501773 1.709620527922933 0
2.886048032603989 1.713411063418134 0
14.93125017289324 1.670825629421799 0
15.0504710906115 1.590736774569994 0
15.12821363935202 1.717776241023018 0
15.00899272163375 1.797865095874823 0
15.02973190612263 1.694300935222409 0
16.40885595386325 0.5409096708406138 0
16.44575767792224 0.3888629758368065 0
16.53053363580442 0.5855548301672344 0
16.48814565686333 0.4872089030020201 0
5.474804847451477 3.554867339480364 0
5.473153752109143 3.453891587805335 0
5.072280915059793 4.777115426777147 0
5.098640457529896 4.888557713388574 0
17.43438925466082 3.217545324377309 0
17.32653147151348 3.309517249138588 0
17.2292603503125 3.211959249642343 0
17.33711813345984 3.119987324881065 0
17.33182480248666 3.214752287009826 0
13.94653143408731 3.500800911036073 0
13.8221682221864 3.477207845511521 0
13.89363570505698 3.428226202234245 0
5.730746963285513 1.938045136147767 0
5.627191419902059 1.810474569224461 0
5.743259113507717 1.694253428996229 0
5.737003038396615 1.816149282571998 0
4.776292280658506 1.431338205906934 0
4.911297624654978 1.458034178025244 0
4.765173622921248 1.543028037505045 0
4.838235623788114 1.500531107765145 0
12.20856678993646 2.781216177375369 0
12.10310210605336 2.77469886027739 0
0.3261790498088235 2.049286255727395 0
0.3708700417064321 2.206974001092479 0
0.2147770078972435 2.084278846638454 0
0.2928235248018378 2.145626423865466 0
3.66193754966039 1.711927108596691 0
3.570753770854413 1.817259110563527 0
3.436062507506557 1.703979696501822 0
3.549000028583475 1.707953402549257 0
10.73922292295182 2.750622490174089 0
10.59647786845735 2.653109313136514 0
10.71855552826288 2.652106537255435 0
3.431718906098769 0.4922947782323588 0
3.293731761339513 0.3660401574027534 0
3.41879005822198 0.3702299316181672 0
5.63204860237215 1.566442598069152 0
5.749873138162826 1.449127540841229 0
5.746566125835272 1.571690484918729 0
8.753825338463599 1.402341398629018 0
8.818382997137308 1.286491027817415 0
8.933565166292031 1.356297613719209 0
8.869007507618322 1.472147984530812 0
8.843695252377815 1.379319506174113 0
13.65551416268205 0.2433668398187603 0
13.76088688972457 0.1217079317190697 0
13.64025708134103 0.1216834199093801 0
15.18177159497819 1.507378345657634 0
14.96680696748111 1.449653332570146 0
15.0981074718478 1.366294903657786 0
15.07428928122965 1.47851583911389 0
17.36351526867049 0.8010997587119255 0
17.14240048567014 0.8157527376991007 0
17.25295787717032 0.8084262482055131 0
13.42391426171056 3.433334149018627 0
13.30760137410407 3.289453959635887 0
13.36575781790732 3.361394054327257 0
13.86679414390263 1.862941959248183 0
14.05683355549725 1.853394727176677 0
14.06501018646703 1.987692005664327 0
13.8749707748724 1.997239237735833 0
13.96590216518483 1.925316982456255 0
15.25228479032538 1.644559484739582 0
15.30888306996022 1.438517241285388 0
15.3793962653074 1.575698380367337 0
15.2805839301428 1.541538363012485 0
10.34990283243532 1.179282954774904 0
10.36975412880629 1.303640637219456 0
15.19836874645812 1.852006820773578 0
15.32243989743148 1.778790064490142 0
15.22532676839175 1.74828315275658 0
10.65936891016389 4.179288517599779 0
10.51579333281231 4.085430856044731 0
10.60268197829298 3.979231841830543 0
10.63102544422844 4.079260179715162 0
16.70592973253637 1.836850482409348 0
16.8235427248466 1.755022716856563 0
16.91560342634708 1.892545933233356 0
16.81076657944172 1.864698207821352 0
2.607421749278961 3.831679956863524 0
2.74138156261694 3.706660822566178 0
2.741683197877679 3.961257428042388 0
2.741532380247309 3.833959125304283 0
4.028715184125677 0.1324540754487038 0
4.283165681354506 0.1266750229034805 0
4.155940432740092 0.1295645491760924 0
5.653936157696227 0.2345195221448719 0
5.515628227627566 0.117544521111772 0
5.763307930068661 0.1169750010330999 0
5.639468078848114 0.117259761072436 0
16.12261306966827 0.2393681492826705 0
16.00230069311867 0.1173110600858718 0
16.2453123765496 0.1220570891967987 0
16.12380653483413 0.1196840746413352 0
3.924422269438676 0.2630633065446188 0
3.899711134719338 0.131531653272309 0
4.682136590587781 0.2386820602601034 0
4.531048048474076 0.1204134376853774 0
4.776088542113705 0.118268622574726 0
4.653568295293891 0.1193410301300517 0
5.408978143635789 0.2352777933803401 0
5.268349916008223 0.117733272268568 0
5.391989071817894 0.11763889669017 0
6.010914400349997 0.1160512387046708 0
6.134519058846369 0.1155399435182933 0
13.89069866136075 0.2464675782753356 0
14.00481177163618 0.1247596465562659 0
13.88284933068037 0.1232337891376676 0
15.39430993182321 0.241687144328016 0
15.26056543783152 0.1209121735247685 0
15.3846549659116 0.120843572164008 0
17.0205257136696 0.1224684089009651 0
16.89591156702674 0.1272001261000568 0
4.923481033143204 1.344478615908804 0
5.061208154092469 1.372161424114948 0
4.986252889373723 1.415097801070096 0
9.728487703508415 1.560783376188126 0
18.87292234342078 0.2427218043852557 0
18.87396117171039 0.1213609021926283 0
4.439213729828582 0.2470884605888584 0
4.407106864914291 0.1235442302944287 0
9.373383921736998 1.268115015781888 0
9.50823100670892 1.221431247412153 0
9.464728452245646 1.311696623572969 0
14.84203181516319 1.547801158229944 0
14.81122540456725 1.762294319834171 0
14.72200704683721 1.639269848642316 0
14.82662860986522 1.655047739032057 0
4.691338520603917 1.217407841302299 0
4.822136176688421 1.281463188277835 0
4.733815400631212 1.324373023604617 0
5.89922233041866 0.2330262397377707 0
5.88711116520933 0.1165131198688854 0
16.19401175694769 1.856631480696602 0
16.0766777377991 1.972721812029721 0
15.9631543654708 1.860533200924113 0
16.08048838461938 1.744442869590993 0
16.07858306120924 1.858582340810357 0
5.16508751113439 0.23553025452021 0
5.021737595126167 0.1177969822516416 0
5.145043755567195 0.117765127260105 0
13.89552316908611 1.730344441622974 0
13.74019533146718 1.837540843478288 0
13.81785925027664 1.783942642550631 0
16.18611286583391 1.628482843557358 0
15.96348843672765 1.640918414073922 0
16.06911291794218 1.524958388040287 0
16.07480065128078 1.63470062881564 0
12.49391237578572 1.591500747255632 0
12.47257750189221 1.401504368875947 0
12.48324493883897 1.496502558065789 0
5.419626229988184 1.799097188606815 0
5.523438041049046 1.685607471662059 0
5.52340882494512 1.804785878915638 0
3.762431784095723 1.782912093342233 0
3.900486462387699 1.773886431787906 0
3.927872289215737 1.886031029601144 0
3.789817610923761 1.895056691155471 0
3.84515203665573 1.834471561471689 0
3.958917883304619 2.004442465680188 0
4.077953219352025 1.874046157983269 0
4.018435551328322 1.939244311831728 0
3.15600002537271 0.2441966567696818 0
3.140500012686354 0.1220983283848409 0
3.917700129234276 1.615526284543508 0
3.989786300508571 1.719629171549133 0
3.828400291113404 1.669783544782281 0
3.909093295810987 1.694706358165707 0
11.44796444225134 4.026383991748272 0
11.53349654297627 3.907373961233524 0
11.68536486980644 4.00370432062236 0
11.56666465602889 4.015044156185316 0
7.853756038740055 3.627458476774303 0
7.950049632361555 3.697074862919007 0
7.870402383842178 3.781696014389648 0
7.862079211291117 3.704577245581975 0
5.269459188310835 1.433457180777724 0
5.152099033418263 1.301434944471118 0
5.276710465581315 1.181136760665412 0
5.394070620473888 1.313158996972018 0
5.273084826946075 1.307296970721568 0
19.88688500971427 0.5073930395283779 0
19.76484638147717 0.3884111208984331 0
19.8779613717629 0.2560180813700552 0
19.88242319073859 0.3817055604492166 0
5.629207627208951 1.320487779457806 0
5.515602968812908 1.440476612465167 0
5.507675278869931 1.193170163964658 0
5.51163912384142 1.316823388214913 0
15.53976838427265 4.361431746873054 0
15.45034573706665 4.359179996723373 0
15.48059620177104 4.211594133717808 0
15.51018229302185 4.286512940295431 0
13.00761117859624 2.333850180654375 0
12.77370487127038 2.334642302812075 0
12.89065802493331 2.334246241733225 0
16.29333129870045 1.503011851214601 0
16.31535149558403 1.733128085270073 0
16.30434139714224 1.618069968242337 0
8.583248711980314 1.167469123735832 0
8.696764153531758 1.224436654779846 0
8.642978733808253 1.333885598530104 0
8.613113722894283 1.250677361132968 0
11.34326395574283 1.01116581628122 0
11.46767236787347 1.084317798708421 0
11.36502778332665 1.111192325646165 0
13.1365993157955 2.218736267279265 0
13.24736537565905 2.33129550228811 0
13.12748827712764 2.332572841471242 0
4.764901671417697 1.739163542555277 0
4.679311494369969 1.610504160216354 0
4.765037647169473 1.641095790030161 0
15.34169506113135 0.9519319858249879 0
15.27129521725206 0.8153622048397535 0
15.41834616795289 0.7510880891502913 0
15.38002061454212 0.8515100374876396 0
5.869620524982773 1.32862957268773 0
6.014361266968734 1.207927592521012 0
6.126972443425444 1.343655184253384 0
5.998296484204109 1.336142378470557 0
14.36818179421761 1.690908048252032 0
14.28402997989904 1.553814153824015 0
14.50387522061322 1.605546972703052 0
14.39395260025613 1.579680563263533 0
16.37388161007778 0.2769151219485986 0
16.37444080503889 0.1384575609742997 0
9.567996765276044 4.169897372398253 0
9.760162625585291 4.237299617066885 0
9.696635727916025 4.388482224839098 0
9.504469867606778 4.321079980170467 0
9.632316246596035 4.279189798618676 0
13.54550625639728 3.579851915684958 0
13.41284170790044 3.565125159005679 0
13.48471025905392 3.506593032351792 0
4.922826137239872 0.2360656048263676 0
4.898913068619936 0.1180328024131838 0
16.29692620958227 4.295063532411336 0
16.16375469849304 4.350801673129511 0
16.10850113316837 4.25841142455011 0
16.2416726442576 4.202673283831935 0
16.20271367137532 4.276737478480723 0
19.2142194606587 1.251951445683251 0
19.37287530978353 1.258669521983611 0
19.29783881245361 1.321458714012942 0
10.49577380590794 0.998961774228067 0
10.63918494723751 0.8727154320449211 0
10.76017945356016 0.9995063601197998 0
10.62797662973405 0.9992340671739335 0
16.38761597846671 1.378909672247791 0
16.47459026960269 1.248142053187058 0
16.61039966707572 1.33623232854657 0
16.49900782277121 1.35757100039718 0
4.786160330649716 0.7008469120831022 0
4.653335449615978 0.5853354135800681 0
4.739155155997661 0.472140495817384 0
4.76265774332369 0.5864937039502429 0
14.87398457059915 1.322151571487399 0
14.85800819288117 1.434976364858672 0
16.16353063302427 1.407800962397012 0
16.25781531279052 1.283698783430202 0
16.27557330574548 1.393355317322402 0
11.06102035408576 1.727345981877494 0
10.96450965052022 1.646661067301484 0
11.05445252994572 1.539142985031173 0
11.05773644201574 1.633244483454333 0
2.842963735545936 1.39610531758103 0
2.967591056866439 1.497690914380942 0
2.747765574464743 1.506849252148968 0
2.85767831566559 1.502270083264955 0
3.820163397797529 1.502586508681759 0
3.919505095144061 1.41756157428899 0
4.017041826580808 1.530501350150739 0
3.918602612189169 1.516543929416249 0
4.231460461723128 1.355396685739255 0
4.328400843029808 1.261301540342228 0
4.332383474657213 1.365756409216091 0
16.23531829067817 0.3503017728443374 0
16.30719435852263 0.4622496267325458 0
16.34053798430021 0.3695823743405722 0
13.00474068103876 1.47087036268492 0
13.04927624552887 1.624481913004227 0
12.95828102071744 1.573997966220946 0
4.117006248572052 1.655301659979548 0
4.205173167415506 1.809718646413684 0
4.097479733962039 1.764673908981409 0
5.406992407489804 1.559641486058074 0
5.312947225708305 1.688090010668096 0
5.291203207009571 1.56077359572291 0
7.699939269712314 4.302484770012014 0
7.558905478585315 4.351961629890999 0
7.503133574102986 4.236446294250446 0
7.644167365229986 4.186969434371461 0
7.60153642190765 4.26946553213123 0
15.94673286056568 1.429305893420653 0
16.04115057564776 1.312148467777377 0
16.05513174679497 1.418553427908832 0
13.99904906890238 1.684587246936766 0
14.14927744907837 1.62940771183538 0
14.20706193567324 1.798215192075292 0
14.10305550228781 1.741401219506029 0
13.37629128790381 2.213599054146593 0
13.49130995701019 2.328712967521703 0
13.36933766633462 2.330004234904906 0
14.59514108623943 1.732863480330941 0
14.61294113372522 1.622408410672684 0
7.402132101591509 1.112382417561877 0
7.571691325382141 1.141589112381555 0
7.471289252407247 1.185949750640712 0
12.61121925752414 3.958667984775981 0
12.75452773343704 4.012367966464981 0
12.6640300317525 4.054801141949506 0
4.972588862272453 1.237097772704006 0
5.063479741598247 1.166371293060176 0
5.062343947845358 1.269266358587562 0
2.265927402735476 0.1293538423455978 0
2.13885754452895 0.1291343648190293 0
5.697878065113204 3.259784385659884 0
5.441256526728887 0.4712842385797105 0
5.575321765035591 0.5901849293768542 0
5.470441747967925 0.7088589493997446 0
5.455849137348405 0.5900715939897276 0
14.20743795644524 1.411630248310352 0
14.13329070405041 1.267281197725832 0
14.27094421228873 1.196403949391369 0
14.23919108436698 1.30401709885086 0
3.170550811787546 0.364711115766025 0
6.720412713541426 4.882293711070155 0
6.85188970881855 4.870888523718914 0
5.519520504930977 1.563042042063613 0
15.25551716928062 1.294427712215094 0
15.39575395683 1.248248719598574 0
15.4491198575096 1.392338248668868 0
15.35231851339511 1.343382980441981 0
5.748955014028898 1.199989811304308 0
5.749414076095862 1.324558676072768 0
9.77030161569137 2.769091904675177 0
9.860243700778625 2.659710765227422 0
9.73815722326434 2.661341244505978 0
17.4154661918883 2.305589029483424 0
17.14936112900756 2.321937916362808 0
17.28241366044793 2.313763472923116 0
13.619490593952 2.212234664444064 0
13.61294072251153 2.329322040053642 0
5.336125155597491 1.91383514275118 0
5.229446151317612 1.802827964812462 0
5.324536190652898 1.800962576709638 0
13.92405927817726 1.649753539029106 0
18.76100927515672 4.87594527784689 0
18.63697035947358 4.87642677589754 0
17.01047700648782 1.761310017774063 0
17.01934347779649 1.865824968850176 0
2.845385549468637 2.342926509332269 0
2.952207770237802 2.23732376892398 0
3.084336081419183 2.340806675254931 0
2.96486081544391 2.3418665922936 0
16.83242148942934 1.626211346278203 0
17.01935577107057 1.632498647195703 0
16.92144924795858 1.693760682026133 0
2.181523984150088 3.317839162152922 0
2.281300640731088 3.331178093614062 0
5.370812950944031 4.446399322232907 0
5.460940646442147 4.33931044741286 0
5.486328648351627 4.447236495277129 0
15.03842522208841 0.8569195520772515 0
15.16498580812467 0.7163505245956157 0
15.1447346312158 0.9559312323213895 0
15.15486021967024 0.8361408784585027 0
4.12597935592882 1.444705784678586 0
4.121492802250437 1.550003722329067 0
18.8573399047629 0.9298636768238908 0
18.74769944723962 0.8128902649825482 0
18.8608690549933 0.7103800211672573 0
18.97050951251659 0.8273534330085999 0
18.85910447987811 0.8201218489955739 0
14.1783577027618 1.520518980072866 0
4.826938418132714 0.3536371067101132 0
5.063776559008199 0.3532816488233159 0
4.945357488570457 0.3534593777667148 0
8.804214487208409 1.586140632125987 0
8.893220894884749 1.566092205695284 0
3.727906056678071 1.59879856003674 0
3.712850102080283 1.398640177659091 0
3.720378079379177 1.498719368847915 0
15.54629628371436 0.6323960657287584 0
15.65874144669265 0.4823174393701386 0
15.79995887395781 0.5899269118349095 0
15.67312757883608 0.6111614887818342 0
17.14403255246879 0.1201412020848451 0
4.87124400581767 1.174082345073037 0
4.897362519480438 1.259280480490921 0
2.391922914900287 0.1272205652380691 0
4.248067235584771 1.141391638289845 0
4.335897536633744 1.080096684134226 0
4.416231144078781 1.200006586186609 0
4.332149189831775 1.170699112238227 0
14.57586484510056 1.220234438580067 0
14.66222254364897 1.123952771371647 0
14.74922948986942 1.205546257044205 0
14.66254716748499 1.212890347812136 0
14.41960904892224 1.148871790240609 0
14.52570228138313 1.103324438999966 0
14.4977369470114 1.184553114410338 0
16.17589798111737 2.327477972603305 0
16.3045497235027 2.208465951929311 0
16.4191174628184 2.327397394989225 0
16.29750772196789 2.327437683796265 0
4.024462468659245 1.32565151601349 0
4.129943574453552 1.236342417074159 0
4.127961465191186 1.340524100876373 0
4.536198159503938 2.323430794671708 0
4.776172193287206 2.323015951439884 0
4.656185176395572 2.323223373055796 0
3.601344032112626 1.286300145527501 0
3.702761265117202 1.189389801170894 0
3.814267335084859 1.301729833302483 0
3.707805683598743 1.294014989414992 0
15.18869954038475 2.289224263848006 0
15.45023056397679 2.313706132570422 0
15.31946505218077 2.301465198209214 0
14.88132010508285 1.053929291771693 0
15.00607518581258 1.170534606214887 0
14.877652337841 1.188040431629546 0
16.54189961106212 3.742907319964099 0
16.5895777266717 3.87058032446453 0
16.47925107855153 3.910635228944741 0
16.43157296294195 3.782962224444309 0
16.51057534480682 3.82677127445442 0
5.94613505909423 4.327533740631121 0
6.1264981224079 4.452648026269688 0
6.009652305769695 4.556763117018585 0
5.977893682431962 4.442148428824853 0
4.29568804693607 2.326653788694171 0
4.390331507956167 2.203675167702658 0
4.415943103220004 2.325042291682939 0
15.5849104521118 2.190477060598441 0
15.69312518965117 2.323180343691238 0
15.57167787681398 2.31844323813083 0
14.21054141697605 2.326798322044672 0
14.32719258121956 2.204692405081033 0
14.45506243423148 2.324303498699581 0
14.33280192560377 2.325550910372126 0
4.464601919783924 1.098475057131735 0
4.56162081972036 1.157422547906844 0
4.488925981899571 1.178714567046726 0
15.16348488324541 1.098667414772195 0
15.1307961775466 1.23248115921499 0
4.854853857343125 2.194761778391203 0
5.008249975151034 2.318155242614539 0
4.89221108421912 2.320585597027212 0
14.93741102451431 2.321384555588808 0
15.05567887599417 2.164199403773594 0
15.06305528244953 2.305304409718407 0
2.75130741764986 4.613247106761765 0
2.855418870021404 4.647654474878445 0
16.88995424044791 1.465483710772121 0
16.7414331557168 1.41233923959951 0
16.78692732257307 1.519275292938856 0
6.21993782866355 3.781065870170359 0
6.090072640607636 3.68242595447317 0
6.209041936045505 3.678608066664617 0
4.594353328452728 0.3571854493673747 0
4.710645873292721 0.3554112780387442 0
6.238730407661583 4.353966203648071 0
6.267386596445014 4.561679620458214 0
6.2530585020533 4.457822912053143 0
5.382351716832926 1.068175283950512 0
5.493556990188107 0.9491234715989778 0
5.618880552225111 1.074118351613123 0
5.500616134529018 1.071146817781818 0
6.576217151663916 2.651402454245467 0
5.156003796136931 1.056909645719347 0
5.261645047388542 0.9439481690044462 0
5.269177756484928 1.062542464834929 0
4.602903363549204 1.007332602891746 0
4.732621064432761 1.067317896287201 0
4.647120942076561 1.112370222097022 0
18.88549859220671 4.876132079549869 0
16.34556291545994 1.162080351575475 0
16.42912138846658 1.037690899542715 0
16.55814874260933 1.123752601154298 0
16.45185582903463 1.142916476364886 0
9.641449646739925 1.160589411419576 0
9.810279770562337 1.093695746475646 0
9.757124489806081 1.214679995390686 0
14.83233786080985 0.7585094992871415 0
14.7211267620007 0.856447587445277 0
14.63272729407781 0.7517881683266863 0
14.74393839288695 0.653850080168551 0
14.73253257744383 0.7551488338069139 0
12.16367385531232 1.354098611232511 0
12.25314809965052 1.229220954858348 0
12.36615085961666 1.309749489292399 0
12.26491235746449 1.331924050262455 0
1.33713411748907 0.6859800157130849 0
1.513508581258098 0.7769485012630646 0
1.425321349373583 0.7314642584880748 0
5.863880519772307 1.07693094423081 0
5.978288730951279 0.9435525654865087 0
6.128769478147706 1.07454921377671 0
5.996324998960007 1.07574007900376 0
4.305200588383883 4.679386700939381 0
14.66387443061921 0.5550238036236381 0
14.75713202659496 0.4758491678554089 0
14.83719598886271 0.5746754444003215 0
14.75053520974096 0.56484962401198 0
10.71353518378503 4.380913142050697 0
10.56942034468746 4.284172265310628 0
10.68645204697446 4.280100829825238 0
14.54094774454154 0.9663035848713912 0
14.67746800680738 0.9869319172430719 0
14.60158514409525 1.045128178121519 0
19.60393530112018 1.813758879873542 0
19.72167612203247 1.742617715255667 0
14.0087920653682 4.229987276187677 0
13.86160559685517 4.316886305563461 0
13.78340556989677 4.18984066827576 0
13.93059203840981 4.102941638899976 0
13.89609881763249 4.209913972231718 0
14.92497886027617 0.923444961973898 0
14.94578422262208 0.6919840893904952 0
14.93538154144913 0.8077145256821963 0
13.88676452517213 1.197920514888157 0
14.02826939312512 1.105611016380296 0
14.01002761461127 1.232600856306995 0
5.842864451290422 0.8286024081021335 0
5.949140547373164 0.7020525439164005 0
6.08456482703402 0.8170027013007755 0
5.963714639162221 0.8228025547014544 0
4.146653243950279 1.022243363115757 0
4.028529582819059 1.117194141900071 0
4.138298409201916 1.129292890094958 0
6.035287022358045 3.058623842481818 0
5.918195649997216 3.058109321189048 0
6.056346710434867 0.5811025270622432 0
6.291945194503007 0.5730205268673181 0
6.184852963998765 0.6921806280906151 0
6.174145952468937 0.5770615269647805 0
14.03213960142358 0.6313907442390507 0
14.23518044499778 0.5894025032102614 0
14.13858155034277 0.7213817125903474 0
14.13366002321068 0.6103966237246561 0
3.063784960212255 1.388740514520873 0
3.18851538658598 1.492995538953566 0
3.092321483240164 1.601945938813635 0
3.07805322172621 1.495343226667254 0
3.919224708600042 1.209819775026984 0
3.919364901872052 1.313690674657987 0
5.733806057968521 0.9510594845396254 0
5.74138053599871 1.075524647921967 0
3.217172833030062 1.704652901723134 0
3.121214079291671 1.812327490832431 0
3.106767781265918 1.707136714823033 0
16.68566801093709 1.206622706981185 0
16.81670149957817 1.282729618034125 0
16.71355058332694 1.309480973290347 0
19.29326188070683 4.386619747181485 0
19.40355832850665 4.507695516517757 0
19.41131180808068 4.385948166857197 0
1.953840130347956 0.6508309315639131 0
1.812494581354734 0.6847732956020862 0
1.763135508045782 0.546605203100901 0
1.858487819196871 0.5987180673324071 0
15.36044531316096 1.094668168275793 0
15.25258997218838 1.025299700298592 0
4.03880721717721 0.9106685553337575 0
4.125845458132597 0.8330411630024521 0
4.233691484905666 0.9446159707844521 0
4.136249351041438 0.9276422630591048 0
11.00854128852823 4.581060286979072 0
11.15943532542143 4.683658475808233 0
11.03756251824751 4.685556653552865 0
5.600360085076739 0.8302751458479074 0
5.709418478398641 0.7078180694104157 0
5.721612268183581 0.8294387769750204 0
8.714784637631345 2.230581628256799 0
4.260308534113205 0.8138638994903291 0
4.087814353490185 0.6884643472995924 0
4.222277429470793 0.6692870837874694 0
4.174061443801695 0.7511641233949609 0
7.104281471771296 1.424549068459318 0
7.139534364580458 1.171216064356877 0
7.121907918175877 1.297882566408098 0
8.220700197207318 1.479384748888535 0
8.02027188467385 1.497033477410695 0
8.120486040940584 1.488209113149615 0
14.70830999974923 2.641965198825381 0
14.81750976725658 2.640015419442634 0
4.343191881801075 0.9762592122105431 0
4.471896264951255 0.9946375852080527 0
4.403896900792499 1.037367134671139 0
4.560702522208135 1.72222079423309 0
4.563126795179111 1.603332854447848 0
15.5706688792835 1.221386577093191 0
15.46555709622223 1.158027372684492 0
14.80122343354178 0.9551884396084849 0
6.596051263961012 4.885513953355762 0
15.0497907721449 0.5909529896201713 0
14.9434933805038 0.5828142170102464 0
9.277352315229814 4.452511949830208 0
9.439073798537947 4.41943986813366 0
9.47934259651397 4.52852128545217 0
9.317621113205838 4.561593367148717 0
9.378347455871893 4.490516617641189 0
5.97404712446656 3.808305109322467 0
5.838486054159606 3.706335898616987 0
5.964279347383621 3.694380926545079 0
4.369808931008614 0.8455071409164203 0
4.301750207957141 0.895061555850436 0
14.29154174571115 3.485812796049204 0
14.1963324905303 3.459518274123787 0
14.25781627826538 3.419535184678974 0
11.0007889439119 0.9710598294863582 0
11.09525217836106 0.8417572447235973 0
11.22142052623065 0.9301968848917892 0
11.11110473507127 0.9506283571890737 0
0.6465504385113618 1.507674388050937 0
0.7762158138178084 1.439848842751573 0
0.7449868971140283 1.5473824982844 0
3.810918744532637 1.091247333262475 0
3.587995086294567 1.071569011879269 0
3.696152565710003 0.97342654397085 0
3.699456915413602 1.081408172570872 0
16.63750460916053 1.00003137154867 0
16.76502387748829 1.082901477375557 0
16.66158631004881 1.103327039264927 0
13.81870800105956 0.97078271439928 0
13.76317282115095 0.8000373177457893 0
13.91317076266489 0.7426956878726712 0
13.96870594257351 0.9134410845261618 0
13.86593938186223 0.8567392011359756 0
3.361627975306774 1.060883031994295 0
3.482819786706612 1.175983644527723 0
3.47481153080067 1.066226021936782 0
4.682743217681988 0.8217145161121695 0
4.806136581513236 0.9426055045865165 0
4.796148456081476 0.8217262083348094 0
3.413520203702177 4.297805391336686 0
3.341354777235962 4.422839357553976 0
3.29599169326867 4.314619095572183 0
17.01451232740693 0.7213399757671384 0
16.87641562275929 0.6218617628912351 0
16.99046094035771 0.6084577265334996 0
1.149082024163407 0.704950843548066 0
1.246565392317049 0.5839523616234292 0
1.243108070826239 0.6954654296305753 0
5.310485539607205 2.652061570785043 0
5.208639850067275 2.748977503715903 0
5.197386171367716 2.651284044026342 0
16.93364433065775 1.35634674968987 0
17.03603841043513 1.398144742366582 0
16.99234832022528 1.507281703448833 0
16.96299632544152 1.431814226569352 0
9.115689742724644 1.324148774357046 0
9.233260120951316 1.293646784429016 0
9.195197519662251 1.394522955842 0
10.54299027398726 3.778991510038461 0
10.68743936353156 3.871131166616678 0
10.45823288874868 3.887092185252326 0
10.57283612614012 3.879111675934502 0
14.21754659313537 1.048688360166883 0
14.36621142976888 1.001156201016124 0
14.31857782102881 1.098780075203746 0
17.0372023890556 2.642821611229356 0
17.25086662426632 2.64549461394749 0
17.14403450666096 2.644158112588423 0
10.23889170732955 1.024494003254128 0
10.38870369096933 1.064805956109067 0
10.29439726988243 1.101888479014516 0
7.62696547216023 3.03659133684512 0
7.739666123542797 2.974523689466475 0
7.807170351408686 3.058112987428823 0
7.69446970002612 3.120180634807468 0
7.717067911784458 3.047352162136971 0
6.643275665763379 3.14805158542614 0
6.509337943511051 3.051903434414227 0
6.628781290802417 3.047263048226736 0
13.65738270290908 1.237737795706181 0
13.76515550355857 1.096169331944058 0
13.7720736140406 1.217829155297169 0
12.570149943086 1.285640031479062 0
12.46372330081046 1.193885151895514 0
12.46815040135133 1.297694760385731 0
6.353024579978935 4.071311881152352 0
6.468962319158247 3.979516827144814 0
6.472317857659998 4.176556920477219 0
6.470640088409122 4.078036873811016 0
4.858955606008971 3.599097882312122 0
4.919423091156881 3.727275213411182 0
4.790802294660673 3.768811293766604 0
4.824878950334822 3.683954588039362 0
14.23550392421961 4.267683803759756 0
14.08872548280359 4.352381178404976 0
14.15557050678423 4.145289901542457 0
14.12214799479391 4.248835539973716 0
3.920223618751654 0.9986217001355624 0
3.919724163675848 1.104220737581273 0
13.47531581373567 1.275829150807229 0
13.55051707834952 1.16347261354809 0
13.58218143829523 1.35009433296532 0
13.56634925832237 1.256783473256705 0
18.29515700306164 4.071880988471435 0
18.460787392657 4.114534347800022 0
18.41185625992863 4.263307203017808 0
18.35350663149513 4.167594095744621 0
12.00609186085159 4.658821866493005 0
17.59191995112661 3.604571719695843 0
17.48583681992724 3.686425874524857 0
17.40210562364262 3.584686155733455 0
17.49701278738462 3.594628937714649 0
13.59791293670122 1.02328979931294 0
13.6514654342022 0.897903181768162 0
13.70831046888039 0.9970362568561097 0
3.745168920386897 1.690855326689486 0
1.655800715567322 0.7768122642975608 0
1.592706886443374 0.861496478814717 0
17.1230661151077 3.309888770937627 0
17.01545594088303 3.212861447428876 0
17.12165017608783 3.114931926133593 0
17.12235814559777 3.21241034853561 0
1.228955185091268 4.877916457152456 0
1.343366185445959 4.736286261819662 0
1.489411000354693 4.858369804667205 0
1.359183092722979 4.86814313090983 0
18.5433440423176 3.802467264841396 0
18.66037546922666 3.747793711966002 0
18.70358217150734 3.863892775158233 0
18.58655074459828 3.918566328033627 0
18.62346310691247 3.833180019999815 0
2.456500730966201 3.067962625545472 0
2.568865350696095 3.164055010199725 0
2.468781888280386 3.160368813245531 0
5.999271318911521 2.654041991835832 0
6.114657719234065 2.653812543868732 0
10.39735158251803 3.686995040407584 0
10.48199768704207 3.577324856595034 0
10.6276363785113 3.66932132622591 0
10.51249398051466 3.678158183316747 0
16.29498377075915 3.249278855610457 0
16.19645011997485 3.332239009246782 0
16.10038534568044 3.244944059799111 0
16.1976845582198 3.247111457704784 0
1.784160195612206 4.241648000430034 0
1.729469876981927 4.078797274327607 0
1.877380515794442 4.049491169806112 0
1.932070834424721 4.212341895908539 0
1.830770355703324 4.145569585118073 0
0.9107827156568167 1.382085970271143 0
1.03273457411942 1.328867700139426 0
0.9999758247228403 1.422678811589103 0
15.91611549909278 1.221050785296403 0
16.00521491131796 1.103013767113096 0
16.13024998787294 1.19411144959407 0
16.02318274348286 1.207581117445236 0
3.383073089231121 1.279125744384265 0
3.492208560671873 1.282712944955883 0
18.0397135158422 1.664260938437175 0
18.1785801904516 1.598764149163398 0
18.14244605887847 1.68486421439385 0
6.422519371228454 3.362589821110504 0
6.401785613498068 3.155957928790389 0
6.532899051985249 3.256657679575051 0
6.41215249236326 3.259273874950446 0
13.40665902510382 1.358552071293953 0
13.3351704544981 1.29593560836711 0
13.40382724312995 1.213212687880386 0
13.40524313411688 1.285882379587169 0
7.846557312670148 4.345534253985296 0
7.745142584339295 4.391426631900038 0
7.801353998043168 4.256592392097271 0
7.773248291191231 4.324009511998655 0
13.49006367941152 1.453219887303587 0
13.39195475438359 1.543761762721713 0
13.30855010007589 1.449093946712078 0
13.3993068897437 1.451156917007833 0
9.021790833821653 1.245526578600273 0
9.024627454508337 1.340223194038127 0
14.15798314258375 0.8565184283127492 0
14.09312626785444 0.981064722346523 0
2.937776309799797 1.282582919863027 0
3.034932901481572 1.171723680280084 0
3.16094155189403 1.277881274937931 0
3.049358930846914 1.280232097400479 0
10.25052501434124 3.597150515805068 0
10.10145363426727 3.504129553649517 0
10.18649737994143 3.391056892157656 0
10.3355687600154 3.484077854313207 0
10.21851119714133 3.494103703981362 0
12.33197254060088 4.276757839604214 0
12.47929385197676 4.366962070811514 0
12.37498605952376 4.386692869460266 0
3.259599722372055 1.17035300652988 0
3.133812040963234 1.058342299289011 0
3.247720008135004 1.059612665641653 0
9.946076238396271 3.411466472530694 0
9.886101169756902 3.195392533535069 0
10.03766499314982 3.294643487431289 0
9.916088704076586 3.303429503032882 0
9.935869830960339 1.002140143705544 0
10.02841457780348 0.8665902907183667 0
10.14613308642139 0.953341841015326 0
10.04100145869087 0.9777409923604352 0
10.52743577273314 0.7606773920208401 0
10.64181882551457 0.6510401152408847 0
10.75356800001895 0.7630781552649657 0
10.64050188637604 0.761877773642903 0
13.31597916050502 0.6974207102390366 0
13.40439685113864 0.7529494858825623 0
13.35054419814974 0.8534714781921873 0
13.33326167932738 0.7754460942156121 0
5.710554981063528 3.802591090576185 0
5.582732289638176 3.670091573463387 0
5.710609171898891 3.688213736040187 0
16.21799759054236 1.072493017739344 0
16.23790645166644 1.178095900584773 0
3.284414918753096 1.386654012792316 0
3.312351327821729 1.599579237066209 0
3.298383123287413 1.493116624929262 0
15.90801855933758 4.350201264438113 0
16.04198421858422 4.438554376626927 0
15.81507766905025 4.464413509059384 0
15.92853094381723 4.451483942843154 0
4.511008575124565 3.889138223129231 0
4.687779137131692 3.945818691691313 0
4.650497292457915 4.076777575085522 0
4.473726730450787 4.02009710652344 0
4.580752933791239 3.982957899107376 0
5.363638653079294 0.8277072751508148 0
5.481999369078016 0.8289912104993613 0
13.50065819542065 2.093300400646772 0
13.64168474562901 1.96316404082563 0
13.76051714416036 2.082098304622921 0
13.6305876697905 2.087699352634847 0
3.34088401271489 1.809053361158747 0
3.326617670268311 1.704316299112478 0
14.16273517994227 3.545158082702973 0
14.04885794997929 3.502060483933941 0
14.12259522025479 3.480789379028864 0
2.502859243452318 0.7481150438604582 0
2.476870374082718 0.6274789684548807 0
18.97609091405765 1.051591300040138 0
18.74841379536523 1.030037849484067 0
18.86225235471144 1.040814574762102 0
10.94071097185536 1.366038014785674 0
10.89062487397181 1.103938952018184 0
10.91566792291358 1.234988483401929 0
6.431470949158554 3.466632688125633 0
13.24346586547221 1.333522952711205 0
13.20737815067539 1.231407391333772 0
13.29908273970128 1.193820046989676 0
13.27127430258674 1.263671499850441 0
2.716211136724933 1.293345685793216 0
2.811023710978794 1.179823288075213 0
2.826993723262365 1.287964302828121 0
9.874651843430442 4.460197040004428 0
9.630212429207555 4.513992343273357 0
9.752432136318998 4.487094691638893 0
6.166923318038966 4.669235649256848 0
6.292918167899404 4.669961248089837 0
5.164198974581272 1.921969281297331 0
5.054939513279969 1.829324688809264 0
5.142192832298791 1.816076326810863 0
9.580754089237143 4.603354553792655 0
9.984658052054229 4.359862152791095 0
10.13991512583327 4.481055906379497 0
10.00728348463186 4.470626473191963 0
17.91241832750456 0.4568249029346556 0
18.03906757806754 0.5697982709507396 0
17.92898663124046 0.6823743729703562 0
17.80233738067748 0.5694010049542721 0
17.92070247937251 0.5695996379525059 0
13.28115470590681 1.648488028923337 0
13.38242980820036 1.753757210313212 0
13.38719228129197 1.648759486517462 0
10.16021074540499 4.013271537803853 0
10.29077492167939 4.097719945518082 0
10.20868697114478 4.195294572388141 0
10.07812279487038 4.110846164673912 0
10.18444885827488 4.104283055095998 0
13.58394024860022 1.445975214521851 0
16.23715142399578 0.5537077846807765 0
16.32300368892952 0.5473087277606952 0
13.3178966204989 1.096025068742141 0
13.42264112392757 1.115417709632851 0
13.36086193181443 1.154618878311263 0
1.765107277556986 3.663354408044729 0
1.686573054536204 3.603950791099913 0
1.756759543041806 3.588768662242205 0
3.272007320562576 1.278503509661098 0
11.8366485510058 4.106119497264112 0
11.98354275339083 4.208485355756023 0
11.86701675216032 4.21584838696881 0
11.92473421927083 0.9792537411536117 0
12.04528313732931 0.9797930876054339 0
11.98019581523694 1.041828147459479 0
19.45091626725103 1.793612158544063 0
19.28215130760828 1.773402644534624 0
19.29842248779056 1.641981124329312 0
19.3746693775208 1.717796641436688 0
6.779916575581571 3.247594062727956 0
6.65640781378341 3.252125871151503 0
10.45553571794731 3.061522804323013 0
10.36414464000502 3.169320127801188 0
10.21748748017749 3.072034312573128 0
10.3365115990624 3.066778558448071 0
1.734722921191889 4.674468484723279 0
1.609513107796438 4.745336138030614 0
1.632789981969148 4.659565130031568 0
14.46163467995548 4.299971321612783 0
14.31635512571807 4.383415559404979 0
14.38078347845702 4.18423956596756 0
14.34856930208755 4.28382756268627 0
13.16705848097792 1.07442366932349 0
13.33750143334478 0.9620582833590761 0
13.25227995716135 1.018240976341283 0
9.205978583656949 1.172652726244372 0
9.346102384442629 1.147120957597244 0
9.289681252696973 1.22038387101313 0
14.32357010103994 0.8491811006980137 0
14.49830641581259 0.814328484553281 0
14.43225892279074 0.9077423427847027 0
5.46316743082771 3.754965935470238 0
5.35523998864101 3.639741701487216 0
5.468986139139593 3.654916637475301 0
14.68633260101515 4.329204223010111 0
14.54249542936036 4.410573417545955 0
14.60547185161027 4.218602127076938 0
14.57398364048532 4.314587772311446 0
19.16252847342884 3.261211104890732 0
19.03796095925628 3.367322445659594 0
19.05950933385439 3.259729842967116 0
10.51069134765793 3.264504470332652 0
10.421862561666 3.373908837378711 0
10.2753158540131 3.278724494847246 0
10.39300360083551 3.271614482589949 0
14.30416850879896 0.714044384975612 0
14.23107582569136 0.7852814066441807 0
5.539144196908639 2.653229846324052 0
5.424814868257921 2.652645708554547 0
17.90845012224894 1.924668432799407 0
17.81963930411275 1.827850025999046 0
17.92648786024328 1.752201591918363 0
17.91746899124611 1.838435012358885 0
8.753682290793032 1.104449197880077 0
8.87530113439858 1.166503570917647 0
8.78603264396517 1.195470112848746 0
10.37652196908405 3.994519433981956 0
10.23392745519688 3.905810008737672 0
10.31563837486151 3.798382760008042 0
10.34608017197278 3.896451096994999 0
2.624304470113862 1.409583152961923 0
2.49776600497593 1.310629426529419 0
2.589672671587001 1.194391959360712 0
2.606988570850431 1.301987556161317 0
9.70703695832392 0.9484438625990723 0
9.832627018721922 0.8568882598289704 0
9.821453394642129 0.9752920031523082 0
9.507956251481172 3.097741264305371 0
9.738565898425009 3.094051133283905 0
9.62326107495309 3.095896198794638 0
2.895934953477955 4.034371155033178 0
2.840713707852706 4.162067383027419 0
2.686461952252429 4.088953656036629 0
2.791198452865192 4.061662405534904 0
6.343513230423678 3.875844250667237 0
6.239155243812942 3.972705913521141 0
6.115579842052814 3.877927533024262 0
6.229546536238246 3.87688589184575 0
9.893569704086614 4.266565463163815 0
10.02132248407897 4.195693184135636 0
10.11241083204659 4.288989873762916 0
10.0029902680666 4.277777668463365 0
15.68312735816313 4.460767223442822 0
15.74412597711077 4.54891246505113 0
15.30347432462513 4.324568097867073 0
15.38958668790791 4.488643603660029 0
15.24271527546639 4.454031704803729 0
15.34653050626652 4.406605850763551 0
14.9059061481825 4.360107674337547 0
14.76217573153452 4.435858839379428 0
14.83006301766314 4.253453057968231 0
14.79611937459883 4.344655948673829 0
18.64773713411457 2.155388475543043 0
18.52072526474537 2.166281327798115 0
18.50544159879572 2.044317467035614 0
18.63245346816491 2.033424614780542 0
18.57658936645514 2.099852971289328 0
10.00537065086376 0.6766280677921177 0
9.864417081129586 0.6871130450478238 0
9.846186777564768 0.5712303158207663 0
9.987140347298945 0.5607453385650603 0
9.925778714214266 0.6239291918064422 0
4.8361685728035 3.926907733226018 0
4.739290715896184 3.857314992728959 0
10.56829148869267 3.467155839660537 0
10.45193012435404 3.475616846986872 0
2.906230971009603 1.063026928815102 0
3.020021505986419 1.060684614052056 0
6.271564820456492 3.056770816940114 0
6.153425921407269 3.057697329710966 0
6.786058151718951 4.443928677219977 0
6.697155518284241 4.453047631285367 0
9.765451045596738 0.7457457815898567 0
9.931593054254769 0.7982555232869379 0
9.848522049925753 0.7720006524383973 0
10.87034352350025 0.8666272375879736 0
10.88048419873603 0.9852830948030791 0
0.2226001656881369 1.871122360865955 0
0.1192632771807922 1.996208360814904 0
0.1113000828440676 1.873061180432978 0
7.8140663088643 0.9615383594471911 0
7.932671168255866 0.9275234370858843 0
7.975519186430976 1.082708405663208 0
7.894792747647638 1.0221233825552 0
5.910278867243744 4.666038567197536 0
5.785922601409153 4.666164195870792 0
12.94881412455204 1.339987218710064 0
13.07348216828792 1.275517497959864 0
13.12940872477464 1.40640064193472 0
13.03911142466334 1.373193930322392 0
14.45742017899248 3.523990723460606 0
14.34205908963268 3.570322429644738 0
14.37448096235181 3.504901759754905 0
5.245533498403748 3.71709399286948 0
5.145474787642414 3.611004429080904 0
5.250357388141712 3.62537306528406 0
4.359195641276678 3.531475184515396 0
4.466241778605403 3.467296051797197 0
4.453200183363434 3.549906677682594 0
12.1258510629525 3.468630262989038 0
12.14215979386484 3.366320729123912 0
12.23547348741057 3.389878628032084 0
12.18066227518154 3.429254445510561 0
9.085614609117183 1.093527598079348 0
9.156008738135899 0.9576849572202661 0
9.276372712675665 1.036810085385291 0
9.180993660896423 1.065168841732319 0
8.023847477891531 2.165700156963811 0
7.888882832955578 2.087168799887735 0
7.980532749598913 1.987769858337772 0
8.002190113745222 2.076735007650791 0
3.322989389195257 2.338206284303882 0
3.417676025131735 2.223510614847474 0
3.441601749196513 2.334960015255347 0
10.8452696828385 1.714290010703911 0
10.8938864051398 1.493467877215157 0
10.86957804398915 1.603878943959534 0
12.201925643956 0.5619286087730426 0
12.09267464934169 0.6689223100842874 0
11.99518603312315 0.5647344856226408 0
12.10443702773746 0.4577407843113961 0
12.09855583853957 0.5633315471978415 0
1.006613066452108 2.796259654418984 0
0.9196335325160767 2.692332444555396 0
1.010896761629073 2.604202706281747 0
1.00875491404059 2.700231180350365 0
15.54095006133736 4.476721981313588 0
15.61144787121789 4.411099485157938 0
6.310465661762957 1.414850578619494 0
6.218719052594201 1.379252881436439 0
12.56487564477523 3.248710089818076 0
12.51814256248453 3.442578067229038 0
12.43834638461246 3.32439372612557 0
12.54150910362988 3.345644078523557 0
5.768822163932461 2.653914655302933 0
5.65398318042055 2.653572250813492 0
15.10853474762633 4.407479229467467 0
14.9487197692958 4.460885976309444 0
15.06572112651304 4.306700927495569 0
15.00722044790442 4.383793451902507 0
10.10219217441247 0.7449628352235469 0
10.01689261433362 0.7716091792552422 0
10.99758175090054 1.452590499908424 0
10.43004628540765 4.188631367580857 0
10.40328412724585 4.091575400781407 0
14.60994446395271 0.3972876628957449 0
14.54821795878697 0.5943493972458229 0
14.57908121136984 0.4958185300707836 0
10.52815288115832 0.5448521348990614 0
10.6400272073645 0.5436606326649427 0
4.814761369076137 4.178545091173032 0
4.936338589893543 4.06751634096252 0
5.096200895252698 4.209882773447027 0
4.955481132164418 4.19421393231003 0
9.44433441154821 1.085157414825434 0
9.577553051579216 1.024315578832858 0
9.542892029144069 1.122873413122505 0
9.05454307026897 0.8354272086096559 0
9.181971777239973 0.7251322658066308 0
9.283437445106902 0.8473900144172408 0
9.168990257687936 0.8414086115134487 0
16.14503048198658 4.135151652758317 0
16.0003939345177 4.22487840472431 0
16.03692328333591 4.101618632932517 0
16.07271220825214 4.180015028741314 0
13.47003698227927 0.9752348953976999 0
13.51027703031439 1.069353754472895 0
8.30126147863054 1.381348040864934 0
8.307115490309959 1.204599851538663 0
8.304188484470249 1.292973946201798 0
13.19449295937833 1.521971635935593 0
13.21897941242527 1.427747294323399 0
14.41379708052175 0.6568897134724176 0
14.52326218729978 0.704338940899552 0
10.71310765089812 3.559945067930878 0
10.85836456300255 3.652540320784777 0
10.77289329061574 3.76191657907981 0
10.74300047075693 3.660930823505344 0
8.079662256477199 4.781577485778235 0
8.035702504849301 4.56855610616946 0
8.05768238066325 4.675066795973848 0
6.910736866435016 3.23779977149866 0
10.16881180668473 3.708538235405525 0
10.28308169460138 3.697766637906555 0
0.9604510421009724 2.084883815102542 0
1.155803100674444 2.130877735432258 0
1.04139567723368 2.211924145044097 0
1.058127071387709 2.1078807752674 0
11.06526001825109 3.948847117003696 0
10.91857951979369 3.855356216150673 0
11.00348878767642 3.744495374806316 0
11.15016928613383 3.83798627565934 0
11.03437440296376 3.846671245905006 0
8.566835625929976 4.18920833844451 0
8.535047941968967 4.098602916107823 0
2.649616410019296 3.068652488930575 0
2.766621461068512 3.156855945766607 0
2.667743405882304 3.160455477983166 0
14.65629137370039 3.542541282172524 0
14.54569361869562 3.617274466167783 0
14.55685577634643 3.533266002816565 0
10.01828342438906 3.623179767134847 0
9.862906028518063 3.530516686016025 0
9.982179831392664 3.517323119832771 0
17.78252645484761 0.3429846094495526 0
18.02411745938105 0.342891310030768 0
17.90332195711433 0.3429379597401603 0
13.48307974708423 0.8666480902308114 0
13.4102905902145 0.9143531867949437 0
18.85076668080574 4.126792286428442 0
18.68323124918196 4.227740687688769 0
18.60498987165774 4.084596387647814 0
18.77252530328151 3.983647986387485 0
18.72787827623173 4.105694337038127 0
6.52675357688422 1.823556996932628 0
6.640076811947425 1.693866615374719 0
6.644447000980264 1.813742081390689 0
12.9335165300533 3.91278106098391 0
12.95951072695721 3.769138045211911 0
13.10373565347775 3.800674196366607 0
13.07774145657383 3.944317212138607 0
13.01862609176552 3.856727628675259 0
10.12648346722149 3.182311090120879 0
10.15649042358146 3.286683991139268 0
18.23149947795933 4.533128768280362 0
18.19658020824862 4.632934903081885 0
4.824169504777357 3.462015610333605 0
4.940713863771538 3.441413097511796 0
4.975499965003151 3.578495369490312 0
4.899834734890254 3.520255489911959 0
11.65639458431677 1.046253043664196 0
11.76952569514898 1.012595038767476 0
11.73094911757424 1.106177905118421 0
2.640843479640843 0.8501086400484197 0
2.551662267403024 0.9750636178199206 0
2.527260755427671 0.8615893308401894 0
10.71834929729049 1.813209754262563 0
10.59073513995374 1.915971039008709 0
10.60538900756922 1.800385564657621 0
16.89856738086377 3.342487532909039 0
17.03039677801804 3.401413317963446 0
16.84135256033501 3.437916443157459 0
16.93587466917652 3.419664880560453 0
5.045938454766432 3.668842669429111 0
5.075036297879132 3.520657129142106 0
5.060487376322781 3.594749899285608 0
13.03316249859046 1.118533775949582 0
13.12027032463292 1.174970583641677 0
8.561654511936652 0.8727843889316513 0
8.616118134861148 0.7540546778988544 0
8.734662153519203 0.8129915108439283 0
8.680198530594707 0.9317212218767255 0
8.648158332727927 0.8428879498877899 0
15.47296660867807 2.709380619065676 0
15.36008717506884 2.632056288793066 0
15.46791081462255 2.631485601701228 0
12.88381740391312 1.217993982675196 0
12.80279626633065 1.080556965663257 0
12.91797938246055 1.099545370806419 0
9.374604739781246 0.9748465426134807 0
9.360353562111937 1.060983750105362 0
8.802990423045738 0.9858079394831316 0
8.630890398342 1.050362480273671 0
8.716940410693869 1.018085209878401 0
8.496154909191647 0.6830616935481564 0
8.680392060523751 0.6270072333203087 0
8.588273484857698 0.6550344634342324 0
17.23643529294892 3.021202123118146 0
17.3432447447226 3.023551485695928 0
16.04386081490415 3.78353149274445 0
15.91680913301662 3.853023220265666 0
15.82485090458282 3.729945053561425 0
15.93435585974349 3.756738273152938 0
6.390451381983771 3.05433712567717 0
6.04927162452663 3.972546820697723 0
5.907738906940377 3.902924396995928 0
6.011659374496595 3.890425965010095 0
8.461509164701843 1.118069365479037 0
8.509150851063527 1.000962722016876 0
8.546199781521921 1.084215922876354 0
8.011151375599027 3.62522370893991 0
8.095841030593384 3.684034579436464 0
8.034739287355912 3.75588573341556 0
8.022945331477469 3.690554721177735 0
6.719103262522546 1.038575522400923 0
6.871634859136212 0.9141743009274728 0
6.991476523429355 1.045095692595206 0
6.85528989297595 1.041835607498064 0
6.038601092641355 4.667637108227192 0
7.216857764592752 1.535821631917595 0
7.321656585828666 1.536974640053087 0
8.011370406664348 0.6331384760890029 0
8.082134111223629 0.4833365199922723 0
8.240118159076538 0.5507070174947057 0
8.169354454517254 0.7005089735914365 0
8.125744282870443 0.5919227467918542 0
1.258362919536296 4.219730457172783 0
1.334841350625592 4.092988667849383 0
1.461837363138351 4.168281857244867 0
1.385358932049057 4.295023646568268 0
1.360100141337323 4.194006157208825 0
1.988745706620165 2.126529296216653 0
1.844180503449023 2.197229898932823 0
1.882781974303102 2.0812190147604 0
1.916463105034593 2.161879597574738 0
2.612055156366351 3.577912388380988 0
2.493650934585228 3.668628795403514 0
2.495430419427468 3.560535391276908 0
5.88404674142199 2.653978323569382 0
10.65500813617149 3.358345475215228 0
10.79982429837694 3.451134703485568 0
10.68405789353481 3.459145271573053 0
13.56634903346816 0.7993124534579248 0
13.6780564204169 0.7014465894355522 0
13.66476092730955 0.799674885601857 0
6.517345376086792 1.59159694849115 0
6.631695718826977 1.577612127593693 0
17.05453560925107 3.751197534446036 0
17.13265209409959 3.6536403595458 0
17.21474678512041 3.716489051139502 0
17.13663030027188 3.814046226039737 0
17.13464119718574 3.733843292792769 0
1.156006204441862 4.16044312753186 0
1.006556908807044 4.142844024559176 0
1.012595080083802 4.026410827266385 0
1.162044375718619 4.044009930239069 0
1.084300642262832 4.093426977399123 0
2.088775157155563 3.21381036465852 0
2.08837741100676 3.30315368018533 0
12.68395817723372 3.694940005790358 0
12.8213551299161 3.736615564036298 0
12.78754724439114 3.869442225554812 0
12.65015029170877 3.827766667308872 0
12.73575271081243 3.782191115672585 0
2.865773791413843 2.637203262339946 0
2.78250464128336 2.721701363255794 0
2.672261370450842 2.638088685252628 0
2.769017580932342 2.637645973796287 0
14.32448876275977 0.6231461083413397 0
3.503186743472702 4.190230214833104 0
3.638797516981102 4.286208818631457 0
3.526158860341639 4.292007104984071 0
13.49939597213981 1.863592629549228 0
13.61979565180349 1.850566736513758 0
7.580490771747382 1.021189457475995 0
7.704630855884715 1.02387358465125 0
7.638161090633428 1.082731348516403 0
8.93912490969411 1.014504590396721 0
8.980457871757881 1.130015584498497 0
17.72538931257606 1.335416895822241 0
17.61262721273654 1.225182742361133 0
17.83627711917312 1.231821064090696 0
17.72445216595483 1.228501903225915 0
2.399462622246066 2.722380798194458 0
2.286741654223174 2.637707865187506 0
2.478897138245694 2.638263517343732 0
2.382819396234434 2.637985691265619 0
19.25854144272467 0.9874432397631123 0
19.3118952282009 1.100546921254483 0
19.20925866508694 1.141614233663697 0
19.1559048796107 1.028510552172326 0
19.2339000539058 1.064528736713405 0
11.42965260411345 0.8868123357341018 0
11.30780917460127 0.8058434043446709 0
11.32553656517205 0.9085046103129457 0
18.76852912549871 1.761447934959025 0
18.71756744979188 1.623540049141948 0
18.87453823402247 1.573542377095212 0
18.9254999097293 1.711450262912288 0
18.82153367976059 1.667495156027119 0
10.33846814253877 4.289674319998555 0
10.24219200344058 4.38336962137333 0
10.22543948729268 4.289332096880735 0
6.213480682066798 0.9213565569728288 0
6.24148940467385 1.039548866413344 0
12.9004970190992 4.05570680189408 0
12.84402213174517 3.962574513724446 0
6.754258200444314 0.7951651554536885 0
6.877426978937427 0.6817309673729137 0
6.994803637629326 0.8007401128466978 0
6.87453091903682 0.7979526341501932 0
13.13593799205735 1.75099830599197 0
13.16521547571784 1.636484970963781 0
7.208281127113715 3.376993218923462 0
7.190080194099706 3.483641490588216 0
11.60952534477375 3.472923733532917 0
11.75056186950399 3.550688075143851 0
11.68156402941793 3.663984136695574 0
11.54052750468769 3.58621979508464 0
11.64554468709584 3.568453935114245 0
19.0664954609425 1.13331829877404 0
19.1403574608006 1.192634872228646 0
14.8830875116865 3.553369432429143 0
14.76234682501095 3.642371720310571 0
14.76968944269345 3.547955357300834 0
16.79727426818649 0.7531438787709908 0
16.65913875251732 0.6644958634498401 0
16.76777718763831 0.6431788131705376 0
7.266563429853559 1.038227215264943 0
7.353832193183061 0.8889831136227451 0
7.489400864921013 0.9631383159196794 0
7.377982147387286 1.000682765592311 0
5.341806333683745 3.832761893979374 0
5.22120321064115 3.907209052665593 0
5.124930375361153 3.791541151555699 0
5.233368354522448 3.812151522767537 0
0.1217123653035301 0.5015792026962584 0
0.12269708319484 0.627737893361547 0
17.27437499873783 3.80829354271767 0
17.28274206213431 3.914672636801595 0
17.14499736366836 3.920425320123663 0
17.20968618120309 3.864359431420667 0
12.76422757824564 1.293322237655463 0
12.85652085139884 1.316654728182764 0
9.367191343017064 3.775305744911901 0
9.223289648024014 3.683595652507538 0
9.29179626477034 3.580149180667779 0
9.43569795976339 3.671859273072141 0
9.329493803893703 3.67772746278984 0
8.067014334344879 3.915087949759907 0
8.181745420624225 3.987887226802303 0
8.096016037169388 4.101012937995492 0
8.081515185757134 4.0080504438777 0
4.589362001312442 3.388667034491743 0
4.745767522630276 3.327665569372235 0
4.7067657530449 3.425341322412674 0
10.3131916911914 0.9263345612745981 0
10.42026180613001 0.8604903793935978 0
10.40448274854967 0.9626481677513326 0
3.129926656098451 3.134141392518984 0
3.214935004410114 3.050904099340664 0
3.318023267330497 3.135259330124713 0
3.233014919018835 3.218496623303033 0
3.223974961714474 3.134700361321848 0
0.1073885039486235 2.104639423319227 0
17.1495202322366 4.0742200551535 0
17.02272220655034 4.07975532255514 0
17.08385978510935 4.000090321339401 0
11.39158469974882 0.6877405143895987 0
11.19292300818759 0.7258973012049486 0
11.27669853333514 0.6077944112498765 0
11.29225385396821 0.706818907797274 0
5.561474192674525 3.870522909884139 0
5.44011309553056 3.948318868393275 0
5.451640263179135 3.851642401931756 0
5.790393834100011 3.928890062324366 0
5.641313045711008 3.99682188163232 0
5.675934013387268 3.899706486104253 0
7.843439771141576 0.7759006945148013 0
7.886760872227595 0.6043914334593232 0
7.968049305578329 0.8046477371444807 0
7.927405088902962 0.704519585301902 0
5.008101701615095 3.352858626554007 0
4.886841829803279 3.242252379793178 0
5.007315909038002 3.241323386319376 0
7.555617178356428 3.887054212021605 0
7.447261246188035 3.867568242009319 0
7.513396895311349 3.810204186478489 0
8.089277066463062 0.2324710421699128 0
8.085705588843346 0.3579037810810926 0
2.016964167650968 4.342567699357888 0
2.075306112885091 4.146103352950976 0
2.160199446111339 4.276329156400325 0
2.04613514026803 4.244335526154432 0
7.118505588702456 0.9121068435032709 0
7.129019976641457 1.041661453930074 0
10.92411960237923 3.040716244850791 0
11.01477368986572 2.938975209091328 0
11.03752877230199 3.034949924045514 0
17.35911098748461 2.645587678012441 0
13.63488330890902 4.631205854905329 0
13.42409212838795 4.576711649077545 0
13.59286504488423 4.500058381950542 0
13.52948771864848 4.603958751991437 0
13.7795106539991 0.3635380842650702 0
13.6774692024957 0.4793327056165815 0
13.55347271117864 0.359161461170272 0
13.66649168258887 0.3613497727176709 0
10.98013318325927 0.7497767881922175 0
11.07780401308581 0.6339168446735688 0
11.08652809572343 0.7378370446985831 0
5.041568999747113 3.436757877848057 0
2.940594078203461 3.405450970626108 0
3.071634245365782 3.361058691489143 0
3.131981120357373 3.460288297651442 0
3.036287599280417 3.432869634138775 0
7.058844434000434 3.878688257478824 0
6.824074559113885 3.883454043732463 0
6.94145949655716 3.881071150605643 0
13.12290716811433 3.66044176503714 0
12.98719116887903 3.634018009986081 0
13.01060978605474 3.499402929957167 0
13.06675847708454 3.579922347497154 0
13.48766613752257 0.6856138491096757 0
13.4853729423034 0.7761309696702436 0
13.85010981677415 2.990848518771018 0
14.05470827286143 3.043377712077874 0
13.95240904481779 3.017113115424446 0
6.641289313179773 0.9014070090450927 0
6.643960200014426 0.6809330678844698 0
6.642624756597099 0.7911700384647813 0
2.590305163294472 2.72276161825958 0
2.575579254348268 2.63817610129818 0
18.29696098418241 4.421608297837823 0
18.20964479223327 4.446713328058126 0
12.45751194289071 3.903469696660325 0
12.55383111729974 3.865618181984598 0
4.998415011751601 3.849973695537771 0
5.022176733259016 3.75940818248344 0
10.22043307028324 0.8551823990357956 0
10.22966238880639 0.939838201144962 0
17.78634995331135 3.621434501006109 0
17.67602735050697 3.70927271619678 0
17.68913495221898 3.613003110350976 0
1.908489798063304 3.760252340574041 0
1.786588863122823 3.763589264789445 0
1.836798537810147 3.711803374309385 0
1.624359832461032 3.67127968415228 0
1.531997881404365 3.585337199789654 0
1.609285467970285 3.594643995444783 0
12.67764320105587 1.188935097391614 0
12.58022264405846 1.066917718475496 0
12.70537570933323 0.9585395867471385 0
12.69150945519455 1.073737342069376 0
6.40775489295957 1.485964668510363 0
6.397728118913611 1.397396223068151 0
10.47784220181858 4.385215217728327 0
10.45394424361312 4.286923292654592 0
1.913614371009443 4.443848472006595 0
1.834703074876177 4.571168263267017 0
1.784652402540175 4.361463652561941 0
1.809677738708178 4.466315957914479 0
17.95108046226552 1.127241958689346 0
18.06677269920507 1.242726551627234 0
17.95196935611268 1.347305657028585 0
17.9515249091891 1.237273807858966 0
12.66718876066582 1.289481134567263 0
4.493255866937602 3.273293411482551 0
4.479748822771501 3.370294731639874 0
10.04040447347441 1.773838084889058 0
10.15214211754391 1.776120464621764 0
3.370621269113633 4.504006959369811 0
3.185804803658785 2.232603543895593 0
3.203662735307219 2.339506479779407 0
2.141557061282198 3.67585303303784 0
2.032679295429152 3.725717105920141 0
2.052770455065899 3.645376197899931 0
2.015680225234346 4.017520990851146 0
2.150644382103443 3.978511720912528 0
2.210270269754188 4.107094083012358 0
2.112975247494267 4.062307536931751 0
16.83134393365636 2.639609145510964 0
16.93427316135598 2.64121537837016 0
2.350157904262784 3.746461758124526 0
2.223786403474863 3.805279755043929 0
2.24585748277249 3.711157395581183 0
0.6618015950724185 1.97746084722487 0
0.5368581481022812 1.989693093416614 0
0.5186541820130621 1.883893986718953 0
0.5902278885427386 1.930677416971911 0
1.927600036815949 1.581599548029701 0
1.822206659251702 1.684934507325969 0
1.747435882485856 1.599018698666255 0
1.852829260050108 1.495683739369987 0
1.837517959650905 1.590309123347978 0
6.412842165257806 1.708924947289751 0
6.410298529108688 1.597444807900057 0
3.329695211916765 3.307646676906064 0
3.237190921252989 3.38424649705229 0
3.140510628355059 3.295096443449258 0
3.235102920135912 3.301371560177661 0
7.678534049286799 4.476548436978394 0
7.449492703614371 4.443944462203589 0
7.564013376450585 4.460246449590992 0
16.18868869336461 2.090516226793897 0
16.06338493904182 2.207802267147698 0
16.07003133842046 2.09026203958871 0
5.098585028841645 3.990582303274273 0
4.967376800822572 3.958745018250146 0
4.041951969583874 3.053489782386281 0
4.153747295056161 3.1493599264766 0
4.045690440651857 3.146926339383265 0
7.605551575460098 0.2336226600175708 0
7.582507617140177 0.460477873515591 0
7.594029596300137 0.3470502667665811 0
15.38472792976783 4.600991308438429 0
15.46283899555259 4.538856644876009 0
8.327030558426403 1.098724340066668 0
8.384312327505901 1.16133460850885 0
11.75196633874207 0.8975751229583482 0
11.90717486286392 0.8642338253444843 0
11.83835027900645 0.9384144320559802 0
9.149794376563248 3.836091399458316 0
8.991272217478496 3.7636032490282 0
9.064767488939264 3.611107502077422 0
9.107280932751255 3.723599450767869 0
11.56384339855839 0.9721577395626055 0
11.56203347609512 1.065285421186309 0
8.936293906382785 3.429586692354992 0
9.107650568866802 3.493562099748003 0
8.893410826455245 3.547132094684411 0
9.000530697661024 3.520347097216208 0
17.8560514594126 2.7592606824963 0
17.93452428561394 2.7517865403972 0
17.89615119811613 2.690891397624102 0
4.77150225907427 4.555347227707415 0
4.717482034986153 4.325764936498563 0
4.744492147030212 4.440556082102988 0
12.33617631097931 1.075022413628082 0
12.45267565422731 0.9480549802080644 0
12.45819947751888 1.070970066051789 0
13.5096080685008 2.875267799866247 0
13.41511739519999 3.061756933362634 0
13.46236273185039 2.96851236661444 0
7.732565636699364 4.891079928501703 0
7.978342854716451 4.891025133007727 0
7.855454245707908 4.891052530754715 0
17.1166473318116 1.481678279178088 0
17.14365478265688 1.606895222924958 0
17.06800155144108 1.557088463186896 0
1.500517457684019 4.365016876399705 0
1.32635796890199 4.402378206378335 0
1.413437713293005 4.38369754138902 0
7.848544812821386 3.129848948054745 0
7.951395117033771 3.19138041894563 0
7.880681897522296 3.265871801703661 0
7.77783159330991 3.204340330812775 0
7.864613355171841 3.197860374879203 0
6.056336390138961 2.073583803016709 0
6.179722942058388 1.950628414258961 0
6.173008235993072 2.073593249292434 0
3.915582587585238 3.975805016401972 0
3.79289931195521 3.882764100259726 0
3.883776124149228 3.7854001758524 0
4.006459399779255 3.878441091994646 0
3.899679355867232 3.880602596127186 0
1.520435949534164 3.961817123946655 0
1.363194196292419 3.946688671198567 0
1.360491176728253 3.782017533895844 0
1.517732929969998 3.797145986643932 0
1.44046356313121 3.871917328921249 0
18.44234826559754 3.948504288185837 0
18.52366906862764 4.016550337916826 0
18.58372218189243 1.649433615023402 0
18.54518196347861 1.481135953084572 0
18.67902723137806 1.455242387203119 0
18.63137470663525 1.55233800111326 0
2.087291903136406 3.846785630416517 0
1.963102405770558 3.881320865070417 0
1.997890850599855 3.803518985495279 0
16.2677443185001 4.472381655976188 0
16.15486426854216 4.455468016301557 0
8.037417291868584 4.188938766518081 0
8.128010938890949 4.174876663977375 0
15.14947437125486 3.561739335778294 0
14.99869876286684 3.666600449550459 0
15.01628094147068 3.557554384103718 0
15.69626567997311 3.793376688671876 0
15.61492069597441 3.685188010311169 0
15.71988580027861 3.707566531936297 0
16.95410373463065 3.735672624292689 0
10.22570340800369 4.895431490850795 0
10.47524999515537 4.896181822759992 0
10.35047670157953 4.895806656805394 0
11.81391760764157 0.7649810480154793 0
11.89944171956105 0.6800027598422438 0
11.99269897478339 0.7792555371712488 0
11.90330829121248 0.7721182925933641 0
1.296049038067427 3.275126517884266 0
1.2118741694115 3.373807276438305 0
1.111961153020367 3.280087161839064 0
1.204005095543895 3.277606839861665 0
15.91457836717171 3.233957958606206 0
16.00748185642608 3.239451009202659 0
9.496200259306404 0.88426000455938 0
9.625684166051107 0.8083882883255948 0
9.601618608815162 0.9163519335792263 0
2.742889083438365 3.585019629072703 0
17.12518689920034 4.666053927765015 0
17.11503011331082 4.802291431339349 0
16.90612323031089 4.787768031798369 0
17.01565506475561 4.726910979781692 0
0.9389376486218488 1.035251673525312 0
0.8733670304843653 0.8809008174515987 0
1.027520680700007 0.8101208023940918 0
1.093091298837491 0.9644716584678052 0
0.9832291646609281 0.9226862379597018 0
13.64140632730781 3.830731055598608 0
13.65220570057009 3.951975188628611 0
13.53702370388467 3.965441540888159 0
13.52622433062238 3.844197407858156 0
13.58921501559623 3.898086298243383 0
11.78981104574941 0.5876381579349712 0
11.89249853943628 0.5761863217788057 0
10.31610179754986 0.7498055171338536 0
10.42327576415299 0.6499925297610958 0
10.4217687851415 0.7552414545773467 0
3.434993855217906 3.400296433934842 0
3.425858057729867 3.223942277394795 0
3.430425956473886 3.312119355664819 0
19.51736067915039 4.630281196348966 0
19.38891780764285 4.753369057836391 0
19.39623806807475 4.630532287177074 0
0.8012325150203914 0.7621475269519142 0
0.7713629971449265 0.9517828817280418 0
0.6992284816809509 0.8330295912283574 0
0.7862977560826607 0.856965204339978 0
2.245696792673076 4.215405756802658 0
2.332698020658741 4.309781099627357 0
2.247200674097005 4.370704499225024 0
2.246448733385041 4.293055128013841 0
14.16755241275012 3.074341390677302 0
14.2734594141214 3.054699649455578 0
0.2409961827593321 1.147281771885107 0
0.1204980913796661 1.136140885942553 0
8.839803839557291 3.695353852171328 0
8.689198980580063 3.641078061867106 0
8.742805967478017 3.49285630438019 0
8.791304903517654 3.594105078275759 0
3.955761304404064 4.172375710310433 0
3.825670169230177 4.078495151994732 0
4.045673722759124 4.069685574717674 0
3.935671945994651 4.074090363356203 0
15.47642593035486 3.747426433728494 0
15.3962733913355 3.633266262692575 0
15.50559704365496 3.659227136501872 0
3.554995468974646 3.686693261393506 0
3.652790139256251 3.594376840360967 0
3.768319127804007 3.692068116133846 0
3.670524457522402 3.784384537166385 0
3.661657298389326 3.689380688763676 0
16.64192874757404 2.647380755946112 0
16.61485323178778 2.764416097041779 0
16.5266824858122 2.739977301683454 0
16.58430561669312 2.693679028814783 0
11.1123217338681 2.840075344779092 0
10.88001036478353 2.845933859723675 0
10.99616604932582 2.843004602251384 0
8.82568933174381 0.873819658575604 0
8.961823818392183 0.9025163094891933 0
8.882407120718961 0.9441621244861622 0
8.924765770040207 3.900425054477319 0
9.085871664871092 3.973891416287359 0
9.000946062468051 4.128718050193443 0
8.962855916254128 4.014571552335381 0
2.336133802233837 4.089172823245633 0
2.371560325152725 4.197484497035934 0
2.290915297453456 4.152289290024146 0
7.098735280775237 1.653032616191674 0
7.101508376273267 1.538790842325496 0
10.68785250205513 2.032671061901692 0
10.56993383748422 2.130764965970982 0
10.47281647538283 2.014064943077999 0
10.58033448871898 2.023368002489845 0
2.463928718956517 3.909512919584536 0
2.478789826770871 3.789070857494025 0
8.0746906954622 0.9633843070794377 0
8.190671478098231 1.047765557089773 0
8.083095332264604 1.065236981376491 0
19.51329054375697 1.217003980217183 0
19.66204204408143 1.140001545702457 0
19.63549585983007 1.253768105808919 0
3.751176463735447 3.505950003570467 0
3.542015692897322 3.498515517286287 0
3.646596078316384 3.502232760428377 0
10.72380837934506 4.896297135321481 0
10.84781942833749 4.895965530894764 0
4.400955369115563 3.84679696207213 0
4.47164701666075 3.825562781275072 0
10.86685059163911 0.7564274717285917 0
8.634880952753166 3.765278454164724 0
8.773297392119 3.832175657620446 0
8.671107055645248 3.861467859701375 0
10.50703084582067 0.1108400811566037 0
10.39677780414997 0.227667185367312 0
10.38588890207498 0.113833592683656 0
1.008291638665565 2.988307710899424 0
0.9179833935624799 2.887773136183058 0
1.007452352558836 2.892283682659204 0
1.482865993441884 1.413920307213792 0
1.565469486149169 1.538667981647499 0
1.465055280642837 1.609178111851118 0
1.382451787935551 1.484430437417411 0
1.47396063704236 1.511549209532455 0
17.63148236722578 3.229010609482705 0
17.5329358109433 3.223277966930007 0
2.512923638748454 4.061679897290229 0
2.2871388824419 3.93700584553994 0
2.400031260595177 3.999342871415084 0
1.956268233741831 4.674664867190533 0
1.84549557746686 4.674566675956906 0
11.17113375891672 3.523042163367303 0
11.02918106513735 3.434095802256469 0
11.14207060088649 3.424184135927018 0
9.40503296463206 0.7568034763631402 0
9.389818852206654 0.8658250094883104 0
12.84903557183792 3.601495528810468 0
12.90427314939756 3.68531678701119 0
0.8801989307306215 4.003036350738522 0
0.8942951400228836 3.85228302231547 0
0.9534451100533428 3.939346924790927 0
18.15571474102362 3.847293919349877 0
18.25642471534302 3.759571512886032 0
18.32632258901321 3.838316930035118 0
18.22561261469381 3.926039336498962 0
18.24101866501842 3.842805424692497 0
0.5175588971872465 1.586591206214881 0
0.441632436148172 1.439417054622526 0
0.570623977472291 1.360500236458583 0
0.5440914373297669 1.473545721336732 0
10.80300944166262 3.863243691383675 0
15.24202396048049 3.702262906651351 0
15.27287388129518 3.597502799235434 0
11.33429948696125 2.836876864267018 0
11.22331061041468 2.838476104523055 0
14.18251967841253 2.069418282010506 0
14.0882330805777 2.211796136411312 0
13.97072358863219 2.130069860065134 0
14.07662163352236 2.09974407103782 0
18.35440985665666 3.05932863868025 0
18.37787726828275 3.182484013011824 0
18.25755132330888 3.209392688258545 0
18.2340839116828 3.086237313926971 0
18.30598058998277 3.134360663469397 0
18.55673856151765 3.577333152502758 0
18.60516173466155 3.654757958126329 0
18.53222337471389 3.707105995926276 0
18.48380020156999 3.629681190302705 0
18.54448096811577 3.642219574214517 0
6.199166823032781 0.8067685925317218 0
11.46221678100618 3.699453286494159 0
11.31641170851145 3.613129004504724 0
11.42846960659957 3.599674399794683 0
19.89068433973577 3.51315247388107 0
19.89080535518774 3.390695685130813 0
18.86333813452354 2.316762669030119 0
18.96098195380141 2.389250328494695 0
18.89372008781649 2.481654001142043 0
18.87852911117002 2.399208335086081 0
10.94321185409659 3.54253050029419 0
11.08833607877046 3.634485554315729 0
10.97335032088651 3.643512937550253 0
15.58317474794062 3.070691937933414 0
15.66911746736749 3.003177812965593 0
15.75170167027337 3.074755925840711 0
15.66575895084649 3.142270050808532 0
15.66743820910699 3.072723931887062 0
17.89918241344132 3.533579365413356 0
17.98105458823496 3.642524124695498 0
17.86822212810499 3.730379260288251 0
17.88370227077316 3.631979312850804 0
17.56820809423701 3.813810386313134 0
17.44664243036508 3.883342979150319 0
17.36427115605532 3.755958467362042 0
17.46623962514616 3.784884426837588 0
1.165772670067373 1.291592568099733 0
1.29630798942066 1.292648012440846 0
1.307171760266186 1.41202354174323 0
1.236472215166778 1.351808054921481 0
7.754193805423292 4.149410938962864 0
7.933139118024557 4.208975288888803 0
7.843666461723925 4.179193113925834 0
12.21016274946207 1.742835325957597 0
12.10732494641854 1.852085576475562 0
12.11690881034672 1.757927449152894 0
12.20840009233577 1.00756395368238 0
12.23077409599315 1.118392454270364 0
2.480914375450727 2.051615978670839 0
2.344916221371425 1.940228736798053 0
2.441878841729956 1.822466768488099 0
2.461396608590341 1.937041373579469 0
2.187215392789153 3.891895737978228 0
0.9907366254737333 1.183482348441192 0
1.123774721421686 1.146207216401499 0
1.078254647770553 1.237537458270463 0
1.067928553459602 0.2946765286540218 0
1.160964524906241 0.4399169500023774 0
1.039779688470652 0.5503766858186112 0
1.053854120965127 0.4225266072363163 0
5.330910504162993 4.028917642227539 0
5.208292322363489 4.112290892836217 0
5.21474776650232 4.009749972750905 0
16.28848481431442 3.427399335258063 0
16.18038372606247 3.507701038469718 0
16.18841692301866 3.41997002385825 0
0.8505789902331689 2.182095725168688 0
0.7441380117130336 2.052993014254265 0
0.8522945269070039 2.068938414678403 0
1.234506960463506 3.58643858833058 0
1.118894971766853 3.496841486759162 0
1.223190564937504 3.480122932384442 0
9.974270198746442 4.893635138873186 0
9.700947239844202 4.882945934877334 0
9.837608719295321 4.88829053687526 0
18.97709873255679 1.84845278057681 0
19.01329032066048 1.997677622839771 0
18.87404337555765 2.030437668367233 0
18.83785178745397 1.881212826104272 0
18.92557105405722 1.939445224472022 0
1.10642726656117 2.519136715676102 0
1.198841589376933 2.440330448857253 0
1.192232265726499 2.532448514257269 0
8.110068832784663 0.8405086071380341 0
8.021370000520264 0.8840160221119591 0
18.28141491132825 3.333946211903354 0
18.40463914531294 3.323143138472203 0
18.41428843581109 3.424957147312897 0
18.29106420182639 3.435760220744048 0
18.34785167356966 3.379451679608125 0
0.9182183450072543 0.655546644664637 0
1.03365018458533 0.6802487441063514 0
3.731439683343235 4.181335613611848 0
3.602439507136122 4.083524862716512 0
3.696669993023065 3.980684401099396 0
3.71405483818315 4.081010007355622 0
1.014607266852323 3.181502608040444 0
0.9207689131080787 3.083049731181695 0
1.011449452758942 3.084905159469934 0
15.45001880171589 1.69650060883929 0
15.52735146357018 1.828376293337821 0
15.42489568050083 1.803583178913982 0
7.95518832130622 3.54059182291906 0
8.129366284138051 3.567238878944144 0
8.042277302722136 3.553915350931602 0
4.034037648125317 2.867130813290824 0
4.148790079680211 2.960923244528531 0
3.927199538028979 2.959697351148574 0
4.037994808854595 2.960310297838552 0
10.86748359523143 0.2190603071252526 0
10.86507764436129 0.326265731809698 0
11.50880468699362 1.743693856718838 0
11.58267096807359 1.864309564306632 0
11.48051361392976 1.933859517250496 0
11.49465915046169 1.838776686984667 0
4.263497195661913 3.05478396552568 0
4.376122954119662 3.155752402945339 0
4.264935124587911 3.15255616471097 0
7.672130494130737 3.276770614318658 0
7.588768600846945 3.192610918313351 0
7.683300097078428 3.198475624563063 0
1.434350242890595 1.752661852582044 0
1.382857468545049 1.65659960963422 0
1.516548054988384 1.705240354798942 0
1.449702761766716 1.680919982216581 0
8.049573536979992 2.251806900157368 0
10.19786090167909 0.6395859533216046 0
10.20914698598116 0.7473841761787003 0
17.1718463050554 4.211063253041012 0
17.22421517535014 4.342686390038098 0
17.11118108046371 4.376058216091813 0
17.05881221016897 4.244435079094728 0
17.14151369275955 4.293560734566413 0
8.882284804798749 3.797889453324323 0
12.68073610752152 3.163285166757243 0
12.49350742076433 3.150887642243492 0
12.60936788351062 3.065462719182658 0
12.58712176414292 3.157086404500367 0
5.171842242934511 4.664521881687554 0
5.269436192146621 4.553775063196065 0
5.295095823787006 4.665409046907996 0
3.409601050531801 3.049267727994312 0
3.517435840931171 3.137950675264394 0
3.417729554130834 3.136605002694553 0
8.286142711655094 1.859758861714153 0
8.363406022330622 1.753215957820887 0
8.486971017855948 1.837962270264664 0
8.386556864755521 1.848860565989409 0
11.23361402836519 3.724572395453151 0
11.20237389364095 3.623807279410227 0
19.26487350185837 2.962059115482028 0
19.35259611724954 3.038952555121304 0
19.26578396429814 3.147128744963377 0
19.26532873307826 3.054593930222703 0
13.05619354962929 3.103047222610197 0
13.01496627357125 2.995732232957077 0
13.11384902670809 2.955745165006386 0
13.15507630276613 3.063060154659506 0
13.08502128816869 3.029396193808291 0
16.27115060425031 3.605919944003211 0
16.1589964368627 3.685647621736035 0
16.16969008146259 3.596674330102877 0
8.498017851951923 3.710786788784994 0
8.55233587977882 3.586586396487376 0
8.593608416265994 3.67593242532605 0
16.76227553009416 3.228344909214465 0
16.87916409011342 3.098718823734302 0
16.8888657354886 3.220603178321671 0
0.6965333453458804 3.741983078059977 0
0.8563484560929489 3.704721293905892 0
0.7344800292758151 3.889544806469555 0
0.795414242684382 3.797133050187724 0
17.6640338997454 2.344852517635079 0
17.80405878716891 2.262153061313805 0
17.7792826727179 2.354281238488513 0
17.88396766786741 2.999944820534864 0
17.76312993343691 2.975129146213108 0
17.79955195332733 2.870817589338086 0
17.92038968775784 2.895633263659843 0
17.84175981059737 2.935381204936475 0
18.20011934783993 2.066764007424681 0
18.05856717870171 2.141892602760918 0
17.9822381750456 2.025320477364708 0
18.09117876144277 2.046042242394694 0
8.429173139867837 3.541273672204884 0
8.475521780328762 3.430448573322021 0
8.598684520239747 3.475761297604514 0
8.513928830053791 3.508517484904699 0
17.33671309487946 4.302944415094442 0
17.40059247425403 4.435967035110436 0
17.28809455472471 4.475709010054092 0
17.31240382480208 4.389326712574267 0
5.827062009141054 2.068460683970744 0
5.703917489004219 2.187712043724193 0
5.717332226144865 2.062878589935981 0
7.27027291439893 3.872082430575361 0
7.164558674199682 3.875385344027093 0
16.43719407583342 4.235482790762584 0
16.49538893690695 4.332597603890717 0
16.3551210706558 4.392178345539469 0
16.39615757324461 4.313830568151026 0
16.73263653361537 3.477618311438478 0
16.58693854735991 3.562439964228405 0
16.49894645515758 3.44326525411565 0
16.64464444141303 3.358443601325724 0
16.61579149438647 3.460441782777064 0
4.403519086061594 4.131801729042698 0
4.553217958367931 4.223997420411054 0
4.436318445595099 4.237936891329391 0
16.26439885744509 3.779685614683073 0
16.14926323548654 3.877569485691488 0
16.15412983617462 3.781608553713761 0
19.31535305357762 2.864916412670106 0
19.18598836179689 2.924294670333619 0
19.23646791351613 2.827151967521697 0
19.25067070768726 2.894605541501862 0
6.607989125381438 1.10776644189198 0
6.514518054669373 1.149774407194778 0
11.97179919396531 3.786542299286296 0
11.85204254446288 3.747210165831635 0
11.87985664886596 3.618489480776576 0
11.92582792141563 3.702515890031436 0
2.065041065164193 1.291316876044659 0
2.020704261434522 1.442033214697156 0
1.908558261531725 1.400404425660778 0
1.952895065261396 1.249688087008282 0
1.986799663347959 1.345860650852719 0
13.26318028799008 3.682681346186772 0
13.2440087733535 3.82291377751624 0
13.18345797073392 3.74167777127669 0
1.203685569071851 4.320378066933078 0
1.101328853977417 4.261090737292156 0
1.179845886756857 4.240410597232469 0
1.212618274501301 0.1572608772792941 0
1.096464276729801 0.1473382643270109 0
19.34540852845597 3.681701881431971 0
19.45834596949306 3.559270215229797 0
19.44836312713536 3.789579735048358 0
19.45335454831421 3.674424975139078 0
9.691025713927367 0.5826790806089008 0
9.670681766096067 0.4606848725184691 0
9.758434271830417 0.5159575941696177 0
16.42524908032773 4.005931559676851 0
16.28717669014753 3.950895010944139 0
16.34117868837132 3.855598680212029 0
16.38321388434953 3.93076511994444 0
0.6445542374176263 2.978357722200862 0
0.7377394931100731 3.079017865582066 0
0.6477109787086501 3.178106701829819 0
0.5545257230162015 3.077446558448615 0
0.6461326080631373 3.078232212015341 0
16.31093424674928 4.123422844421738 0
16.55150890941188 4.117991506017697 0
16.43122157808057 4.120707175219717 0
0.8494991981577833 3.572349995831203 0
1.02841279777639 3.572519112513076 0
0.9423806269346695 3.638620203209484 0
16.50520995206912 3.245287632585936 0
16.62284104075025 3.115188940474678 0
16.63374274108164 3.236816270900201 0
12.32456080962272 0.4566618625562429 0
12.41642250857675 0.5730252594793934 0
12.29378734291003 0.6782920056961934 0
12.30917407626638 0.5674769341262178 0
1.012108627270287 4.330713158612523 0
0.9173366820999131 4.212466445879543 0
1.009332768038666 4.23677859158585 0
18.93315308300429 3.480921851157367 0
18.85940767873165 3.593884105009399 0
18.77955208908431 3.534275849933861 0
18.8563525860443 3.507598850545614 0
11.78438091355985 3.872982523193843 0
11.93566459475921 3.975397699835596 0
11.81051473228283 3.989551010228977 0
8.676883108079167 1.810006871655703 0
8.555547214557071 1.727727697534993 0
8.581927062967559 1.823984570960183 0
8.312975501497096 3.770136243474944 0
8.370870668467953 3.654469161335458 0
8.405496676724511 3.740461516129969 0
8.226319401760749 4.890552352770508 0
8.353820782650574 4.881711570634002 0
0.8311885441970688 3.179511374401229 0
0.8273198620210849 2.982556222362533 0
0.8292542031090768 3.081033798381881 0
3.574295138590255 3.882304838006055 0
3.683597225272733 3.88253446913289 0
8.883481953368692 0.7755337553094415 0
8.976201205245481 0.7084446544299041 0
8.969012511818832 0.8054804819595487 0
17.74941236008339 1.904515643569775 0
17.64290989355445 1.834930420993206 0
17.71313683758381 1.758264803422477 0
17.7312745988336 1.831390223496126 0
13.39848595960684 3.699811806154425 0
13.33801099794526 3.623903252596226 0
0.4711663261753465 1.784151629571684 0
0.4943626116812965 1.685371417893283 0
3.334756272662828 3.485276668470469 0
3.229546471767211 3.561318469069621 0
3.2333686965101 3.472782483060955 0
11.42080154626352 2.923496137122176 0
11.55987820717269 2.989752310704958 0
11.50627431470774 3.081634714752235 0
11.46353793048563 3.002565425937206 0
13.07710692621168 4.630569870690677 0
12.9990864140985 4.729115219458913 0
7.562764097255525 2.283000172907151 0
7.68221427257938 2.370747437196507 0
7.588203638856324 2.364704794285186 0
7.760929033290399 3.543553359419525 0
7.862361315856564 3.456686705564282 0
7.85805867729831 3.542072591169292 0
10.91450268175715 3.442615252871018 0
17.86452962331818 2.089873825406777 0
17.79074157052152 1.989221780841477 0
17.88648987278356 2.007271129103092 0
1.755540122499699 1.428327929754143 0
1.811269123981319 1.333048616044934 0
1.832049192015713 1.414366177707461 0
8.792454775144085 0.714705607577766 0
8.809072053443947 0.7942626330766847 0
12.07781632439484 0.8578871386151135 0
12.2409332794013 0.8856580046920595 0
12.14310820836531 0.9327255461487467 0
7.377384254174538 3.947371014172971 0
7.358767080293482 3.86982533629234 0
17.11219187130142 1.325464174683071 0
17.00507344147015 1.240569009258753 0
17.08719703181416 1.138374241042733 0
17.19431546164543 1.223269406467051 0
17.09969445155779 1.231919207862902 0
6.624639219280606 1.004586725468536 0
7.475701559383714 3.261744769603388 0
7.392787981727347 3.1718718906965 0
7.505855023190579 3.102738039406463 0
7.490778291287146 3.182241404504926 0
16.38373972977959 3.529550603674446 0
16.4036915396924 3.341113985699268 0
16.393715634736 3.435332294686857 0
12.17779199895314 0.747553911528152 0
12.08524548686827 0.7634047243497006 0
18.70089400278852 3.589183637990867 0
18.64919025798371 3.506103739481553 0
18.71437117353401 3.520189794707707 0
17.55888672302539 1.841768576495513 0
17.44184176870865 1.923590430556417 0
17.48281908516958 1.753375231509056 0
17.46233042693912 1.838482831032736 0
18.50527916667165 3.148687205403489 0
18.53204104370185 3.289346330863868 0
18.45495915599229 3.235915171937846 0
15.64588854818632 3.275886919100221 0
15.62239342135286 3.344898917172501 0
7.650188702228397 0.9224623288193405 0
7.759624155207982 0.8601271036152811 0
7.732127505546349 0.9420003441332656 0
8.127315946942756 2.775257536691017 0
7.998958847077747 2.857743668308532 0
8.030954012761425 2.765111264027972 0
2.282194153285424 2.095658113820489 0
2.149043063564512 2.035760865963367 0
2.211765131650512 1.880331488940931 0
2.246979642467968 1.98799480138071 0
7.569794783574705 0.9428003223695101 0
10.49789911691503 2.754720240164507 0
10.64269160371425 2.852151555010764 0
10.54746205906466 2.955824277312409 0
10.52268058798985 2.855272258738458 0
12.45285540009294 2.896830564567153 0
12.52495356320613 2.9863105495403 0
12.4192922638359 3.061528076707233 0
12.34719410072271 2.972048091734085 0
12.43607383196442 2.979179320637193 0
1.024163763751053 3.377322920416368 0
0.9268098775830094 3.278738366617747 0
1.019385515301687 3.279412764228406 0
14.26854996237704 2.650723025676909 0
14.05143900498254 2.650752903331915 0
14.15999448367979 2.650737964504412 0
0.7169331494002549 1.291288153723551 0
0.8515000512392632 1.233525281243121 0
0.8138579325285367 1.336687061997347 0
18.57638702310032 3.408580151582056 0
18.48393532663426 3.479809564603261 0
18.56656279230899 3.492956652042407 0
14.97795381780284 4.175705110794968 0
15.22388838150542 4.225344418694583 0
15.10092109965413 4.200524764744776 0
18.66195685002191 1.336711472269215 0
18.55533963772479 1.260898892720371 0
18.64080087937485 1.13626263031477 0
18.65137886469838 1.236487051291993 0
17.01921322211265 3.013954917706899 0
17.12782425753079 3.017578520412523 0
9.319886120975086 3.084542919433043 0
9.205792686309094 3.125205756615765 0
9.133867091661351 2.973810124377186 0
9.226876606318218 3.029176521905114 0
19.28659407529585 2.43814786291693 0
19.39022881320978 2.461854319552553 0
16.21429208447826 4.05590121334812 0
16.22798236436793 4.129287248590028 0
8.192341741230237 2.862061248574546 0
8.279966033590028 2.916732186452432 0
8.218082849764301 2.989484948640816 0
8.130458557404509 2.93481401076293 0
8.205212295497269 2.925773098607682 0
9.770524230703861 4.100520223049759 0
9.903931309205184 4.129786069146689 0
9.832046967395238 4.183542843106787 0
0.4942241492817274 0.1271441056496871 0
0.6165185054333975 0.1286735278947089 0
8.580359024598426 1.442460458111633 0
8.512086199976311 1.542346108897508 0
8.407193967824423 1.467463443516309 0
8.493776496211424 1.454961950813971 0
1.313250937758632 1.762184699778149 0
1.451200892034645 1.856968887072405 0
1.330101586902682 1.866491734268509 0
1.382225914896638 1.809576793425277 0
5.226946295936743 4.330564417582679 0
5.248191244041682 4.442169740389373 0
8.779353357324382 0.129392434068079 0
8.703627093606707 0.2801913242213887 0
8.664313546803353 0.1400956621106948 0
18.16919426555555 3.663764506586124 0
18.06016421747356 3.748204559525046 0
18.09008463631696 3.558084071756577 0
18.07512442689526 3.653144315640811 0
0.6166547820518584 0.9773821451709503 0
0.7997010743873769 1.085294606327241 0
0.6449928592943088 1.110893869770149 0
0.7081779282196177 1.031338375749095 0
4.476897962573143 0.8847060129748163 0
4.607905061171094 0.8974010306585092 0
4.539900663061173 0.946019307933281 0
8.22594448664813 3.214141723820082 0
8.32655977863697 3.144367399133931 0
8.392313789986375 3.232036096131977 0
8.309129138317253 3.223088909976029 0
9.462809775634694 3.974247161015516 0
9.621855012763133 4.038588896843436 0
9.515403270455369 4.072072266706884 0
8.738842047432733 1.696567456574012 0
8.765587735180821 1.792072289233662 0
12.34383566043476 3.87047233914298 0
12.22434094534418 3.923377958652803 0
12.16277590709789 3.829456662642453 0
12.25330578376632 3.849964500892717 0
2.503495242023119 4.257801063511948 0
2.464632937529135 4.370097666103372 0
2.418096631340929 4.283791081569653 0
7.738682483369528 0.1187005891333781 0
7.986627820893313 0.1199860636111181 0
7.862655152131421 0.1193433263722481 0
9.128589660185169 2.019166292033157 0
9.054200816839888 1.913629428895435 0
9.130099979196354 1.926246846541693 0
2.097905278862758 2.636909690762857 0
2.04003174759859 2.722570774338008 0
1.918948288600115 2.639251667911931 0
2.008426783731437 2.638080679337394 0
1.306953706299476 1.588063902089716 0
1.30706273328283 1.500043721916473 0
10.01992149248355 3.931697604572079 0
10.09363820227544 3.824236075505898 0
10.12692447384021 3.918753806654875 0
3.613499688467425 3.049502812207367 0
3.621254111970514 3.13943178791707 0
2.677033555527094 4.285074822258348 0
2.594978597137773 4.173377359774289 0
12.58606653213067 3.540430531116506 0
12.49020010250151 3.522759599414578 0
0.8952188499305578 1.134388477384216 0
16.90438649565203 2.326852179305002 0
16.66210489047359 2.327599412507353 0
16.78324569306281 2.327225795906177 0
14.69862506806806 2.325750800915439 0
14.57684375114977 2.32502714980751 0
10.05596081333225 3.723707921320372 0
0.4931737937491185 4.882675852952566 0
0.6159611862197867 4.883562813655454 0
0.642601623325568 2.774846685656421 0
0.7357091532641213 2.87947830766918 0
0.5514467074790748 2.873726100188103 0
0.6435779303715989 2.876602203928642 0
18.32519271620371 2.938626309094097 0
18.44350283601674 2.904207039530516 0
18.47271997646969 3.024909369116669 0
18.3989563463367 2.981767839105383 0
2.694242226245898 4.438040189568474 0
2.853343179569945 4.28922725077676 0
2.773792702907921 4.363633720172617 0
11.38181092546753 3.817070753669901 0
11.29836618323617 3.930484633876089 0
11.26599010580068 3.82752851466462 0
19.13859377582934 2.845329022261843 0
19.13118448047867 2.75631556651724 0
19.1838261969974 2.791733767019468 0
18.63495428625756 0.9199420917896455 0
18.63306513462202 0.8082822118403499 0
3.708140022294955 2.958543653206162 0
3.497002635198137 2.959597982055623 0
3.602571328746546 2.959070817630893 0
0.5094892776704594 0.8957362610616029 0
0.3909679014070591 1.027783994835208 0
0.3786325358569549 0.8918713952991242 0
11.81506253195605 2.209975656469195 0
11.58326452588829 2.23204634195873 0
11.69916352892217 2.221010999213963 0
15.88399613622475 0.2361651757020855 0
15.87949806811237 0.1180825878510428 0
11.75195052536892 0.1259813403826655 0
11.61887902678344 0.1369509230711765 0
18.59312398128527 2.984310348449708 0
18.54920157397845 3.066498776926598 0
0.4610511677418909 2.9781312750436 0
0.4653147377168327 3.182464539744889 0
0.3718401824425221 3.083149256339874 0
0.4631829527293618 3.080297907394245 0
19.015122124163 2.789728246648186 0
19.06344963153814 2.897564844589585 0
18.91444455783044 2.842744750806915 0
18.98894709468429 2.87015479769825 0
16.39650218313586 3.153452502497125 0
16.40009686141413 3.247283244098196 0
11.93957675252447 3.510749552865424 0
11.99016652508856 3.407638785456029 0
12.03271390773848 3.489689907927231 0
19.35992050608777 3.241662254063176 0
19.25666501521846 3.35574461399053 0
19.26122448975831 3.251436679476954 0
15.52638721528789 0.3652724594892023 0
15.77279416850253 0.356674066300398 0
15.64959069189521 0.3609732628948001 0
3.441778110342245 3.583495751821914 0
3.438385982780076 3.491896092878378 0
17.61101161848465 1.436476688930684 0
17.49714411793683 1.534989545632908 0
17.39294608524528 1.425706335195838 0
17.50681358579309 1.327193478493614 0
17.50197885186496 1.431091512063261 0
0.4986836873663449 1.180105952505182 0
0.6078084183832999 1.235697053114366 0
16.24732982011165 2.780528336239564 0
16.17663959525691 2.852817628852395 0
16.09339916683592 2.784052523676085 0
16.17036449347378 2.782290429957825 0
11.27613420221795 4.253991090274759 0
11.3627114238488 4.140513442613106 0
11.42658009822977 4.353236764122659 0
11.39464576103929 4.246875103367882 0
0.9266817372368497 2.495634058009878 0
1.022212242168946 2.410568067404233 0
1.016554501899011 2.50738538684299 0
3.563697943542315 0.6166327714335886 0
3.441341531083694 0.6106870423337687 0
3.054282706751392 2.130077907954893 0
3.152010872818805 2.021668115404342 0
3.283532969726199 2.124193751345041 0
3.168907838238796 2.127135829649967 0
11.61390239851491 3.789756494057782 0
11.73297247148889 3.768483329944708 0
12.4428919235427 2.636481263036854 0
12.64553462866446 2.646464059305806 0
12.50919072585678 2.72935473800588 0
12.54421327610358 2.64147266117133 0
19.50571379972935 4.876604027836532 0
19.38195890382143 4.876684528918195 0
1.495235110588851 3.686600174826515 0
1.396030149470818 3.641513276893737 0
1.46401401543759 3.613425238341695 0
3.470777530470577 3.981070885200265 0
3.486982136971639 4.085650550016684 0
8.304858152383492 0.7563592786485482 0
8.2455725306509 0.8963589121951459 0
8.207463492584077 0.7984339428932912 0
17.1020378478993 4.494451777908958 0
17.31124360602575 4.647311159910148 0
17.20664072696252 4.570881468909553 0
11.14767637257942 2.241286323868806 0
10.96016688219525 2.245295897942823 0
11.08888421739914 2.148668578460704 0
11.05392162738733 2.243291110905814 0
11.90777333201573 1.974611008413797 0
11.74319025531394 1.834673927421873 0
11.82548179366483 1.904642467917835 0
1.529290084333111 2.994697214235373 0
1.6000691502613 2.908801688346316 0
1.519470831789496 2.90966424347721 0
18.78229272952802 2.246151433264568 0
18.87711491127526 2.134368460684193 0
18.95816031627079 2.204979696449745 0
18.8702265228994 2.225565564857156 0
19.15650080187632 1.941479978203624 0
19.20597322799058 2.066918238602014 0
19.06276274677473 2.12311588323816 0
19.10963177432553 2.032297930720892 0
4.68320188762455 1.84677461506243 0
4.458710122150482 1.832558505917059 0
4.570956004887516 1.839666560489744 0
5.789799276633356 0.3513835684185116 0
5.682225013291366 0.469947569167994 0
5.546361894354238 0.3530835228943543 0
5.668080585493797 0.3522335456564329 0
11.70201858928193 1.645348332949665 0
11.67650257994526 1.770027351975937 0
11.60541163813778 1.694521094834252 0
6.125896356323587 4.060067917376985 0
6.239765692489579 4.158673885008197 0
6.23946046815126 4.065689899264669 0
17.33228930855043 4.801443007633239 0
17.47165400615147 4.919476087621522 0
17.23563530239896 4.881966920011717 0
17.35364465427521 4.900721503816619 0
10.45849663178915 2.231001480403536 0
10.23432296184647 2.227413014048129 0
10.3531665811771 2.120500851100739 0
10.34640979681781 2.229207247225832 0
0.9336815897605906 3.453000546170282 0
1.026288280763721 3.474921016464722 0
15.73712374304972 3.217960802728605 0
15.8347720916334 3.151439854578558 0
15.82585105511071 3.225959380667406 0
1.297499068595879 3.684228061113212 0
1.310102322029055 1.675124300933932 0
8.59726434892467 2.829550418431269 0
8.492596282769806 2.794447391276675 0
8.522177368936951 2.652316283521317 0
8.626845435091816 2.687419310675911 0
8.559720858930811 2.740933350976293 0
5.248541347663849 0.8256803263163599 0
1.643410425493419 1.665945535088081 0
1.683829427020477 1.788725289275 0
1.556967056515441 1.828020108985861 0
1.60018874100443 1.746982822036971 0
4.089680029727818 3.781722086929662 0
3.977861068075308 3.69331906671973 0
4.067170752381829 3.603885123767736 0
4.078425391054823 3.692803605348699 0
10.85972780792105 4.480758066555602 0
10.62071916808203 4.485362404200821 0
10.74022348800154 4.48306023537821 0
11.49785666199122 3.803413623863841 0
17.1928007926779 1.408997711494577 0
17.11441960155651 1.40357122693058 0
1.376066426412052 0.2924610771332787 0
1.466773207056896 0.3076328698140389 0
15.93863938664632 2.784850508429946 0
15.84915020912926 2.857805644758038 0
15.77979295058701 2.784718367391346 0
15.85921616861666 2.784784437910646 0
17.9305264262307 3.320977933763459 0
18.02096817684193 3.428892264098896 0
17.91485441983601 3.427278649588407 0
1.271838712701705 1.123107580898706 0
1.1824650057696 1.043789619683256 0
8.381931610979073 0.9473176951720403 0
8.286301544538652 0.9975416261309067 0
8.83651708849041 4.892617567982033 0
8.984615389036691 4.822949171398243 0
9.023098300546279 4.93033160341621 0
8.929807694518345 4.911474585699121 0
0.8023654419493234 4.325129952184858 0
0.6831788151943563 4.213682253472757 0
0.7981500553449443 4.101018747167442 0
0.8002577486471338 4.21307434967615 0
7.422459702579228 3.004648708613149 0
7.308392013384999 3.094246762666844 0
7.197679417445356 3.007114935594225 0
7.311747106639585 2.917516881540529 0
7.310069560012293 3.005881822103687 0
15.97047849673219 3.946778123330752 0
16.07637862981726 3.982575688095469 0
16.00370089003405 4.024198378131635 0
14.48892158545621 2.646197171242854 0
14.59861579260272 2.644081185034117 0
0.6524311538901379 3.987527202898475 0
0.7663150423103797 3.995281776818499 0
18.80976555450364 4.37289800930372 0
18.54149748242497 4.35657948892751 0
18.6756315184643 4.364738749115615 0
13.18814868888784 3.250696535546323 0
13.03622451878556 3.372495629629978 0
13.05931514678178 3.229121314374052 0
13.1121866038367 3.311596082588151 0
6.755967953151671 0.3411373099654282 0
6.638924707118578 0.4553508827203343 0
6.515145548014519 0.3422438271719361 0
6.635556750583095 0.3416905685686822 0
19.14755980250151 3.471771717555667 0
19.04275192624952 3.58537112305344 0
19.0403564427529 3.476346784356517 0
1.3317384656384 2.186207723461393 0
1.430730202487501 2.127259406836811 0
1.491137059776767 2.240936102772861 0
1.411437762707584 2.213571913117127 0
1.590190092452985 1.940643194184545 0
1.484423927972188 1.969591972271089 0
1.520695492243814 1.898806040628475 0
1.545224270005765 4.280529011406945 0
1.564834341466085 4.109087123068628 0
1.648221248333499 4.221334277230706 0
1.555029305735925 4.194808067237787 0
8.434435271852196 0.8191393620868153 0
8.471793061457863 0.9100510420518457 0
1.651941822756694 2.813250807426274 0
1.761407280891202 2.885468920604565 0
1.709534608395808 2.981019801524607 0
1.680738215576252 2.897135304475441 0
6.401426971583554 0.4577219786244182 0
6.394835831572472 0.3434963881904056 0
18.96004261748762 2.520720544699966 0
18.91704839327553 2.596329218750982 0
18.8507258636044 2.557262675193058 0
18.90538424054601 2.538991609946513 0
17.81846163197558 3.237336511476411 0
17.89932149989309 3.135488838574651 0
17.9149239630619 3.228233386169055 0
17.00439481091186 4.920324511327633 0
17.12001505665541 4.901145715669674 0
17.30937600009613 4.051823608866592 0
17.33170207291492 4.188666806754105 0
17.24061115257576 4.131443430953802 0
17.4732763683269 4.020493951215315 0
17.37800921523061 3.967583294008455 0
1.824802696330654 3.913291044025383 0
1.920241460782501 3.965406017438264 0
14.41765360403717 3.690400055894687 0
14.29026071372376 3.754364709410676 0
14.21466619931927 3.634287083160727 0
14.31615990167822 3.662343569527707 0
13.49483667205172 4.372676453991035 0
13.28647737337089 4.540005876412708 0
13.39065702271131 4.456341165201872 0
17.76001340465434 3.794206259181963 0
17.66411074944567 3.804008322747548 0
12.35692862335819 0.8163960988601011 0
12.26736031115567 0.7819750051941265 0
18.83149134890667 1.443481493496128 0
19.01045465521376 1.539743521197745 0
18.92097300206022 1.491612507346937 0
18.72935787242547 2.616813015647858 0
18.68247124995128 2.722182469627157 0
18.59434800468541 2.682298462475921 0
18.6412346271596 2.576929008496621 0
18.66185293855544 2.649555739061889 0
2.27126369527287 1.337594684131763 0
2.373874077518312 1.208400175178445 0
2.3845148501244 1.324112055330591 0
13.80948924200906 3.607094283725517 0
13.6785524062069 3.592624321216517 0
13.75036031419665 3.534916083364019 0
5.258196755768431 1.995064895306615 0
5.116290356300128 2.039153436602579 0
5.18724355603428 2.017109165954597 0
7.494326104965812 2.048126180531216 0
7.393875585694914 1.933879903870483 0
7.517132595492383 1.834107355146904 0
7.61758311476328 1.948353631807636 0
7.505729350229098 1.94111676783906 0
9.288797281105527 4.335407020071906 0
9.396633574356152 4.328243500121186 0
1.437213533793241 1.277478725292336 0
1.354526123247474 1.200293153095521 0
14.52350905527435 4.10513929381038 0
14.7487747122547 4.139177620460246 0
14.63614188376452 4.122158457135312 0
1.669494943141608 1.471741145225673 0
1.656452684317514 1.568843340156877 0
16.01535279358487 2.857139801042777 0
16.01601927674112 2.784451516053015 0
9.142792780464442 4.436426737205172 0
9.148785314508345 4.571099497123894 0
8.981532015516489 4.441103943979233 0
9.065158665012417 4.506101720551563 0
3.8101104670823 2.867158197654194 0
3.817669780161967 2.959120502177368 0
2.957563048681756 0.6030560513608001 0
18.41922923330369 4.389093893382666 0
18.5225050243197 2.746365695038599 0
18.45000487890751 2.665053156803706 0
18.52184785927322 2.600985924241027 0
18.52217644179646 2.673675809639813 0
17.58900590160306 0.794484400386255 0
17.69549122497308 0.6832559357638548 0
17.81907359162982 0.7931095299191522 0
17.70403974661644 0.7937969651527037 0
18.7449233769843 2.025825795073003 0
18.73330573858981 1.92728666717602 0
18.68287960337736 1.980355640978281 0
10.09998680337507 4.894533314861991 0
6.581722358306617 3.880434836208933 0
6.462617794365148 3.878139543438085 0
2.085194908541173 3.040358262854567 0
1.994688137071336 2.951639262408405 0
2.073861850767331 2.87964065522356 0
2.079528379654252 2.959999459039064 0
1.571750684444343 1.234124660159845 0
1.617403144092986 1.370566242081301 0
1.527308338943113 1.324022483686819 0
12.70217791768003 3.561129606820342 0
12.88389590320863 3.473521409655822 0
12.79303691044433 3.517325508238082 0
15.27842153332336 4.681198206071814 0
15.0300207249404 4.705391785412941 0
15.16643716090787 4.588125944397579 0
15.15422112913188 4.693294995742377 0
19.06550033272586 0.9467835534384248 0
19.06599789683418 1.040050926106233 0
18.81607759049958 2.649363701607986 0
18.79004186801494 2.587037845420458 0
11.4678076313615 0.5610605256192809 0
11.58777409106867 0.6341839316702882 0
11.51155115945599 0.760863920440606 0
11.48967939540875 0.6609622230299435 0
1.646857651842177 3.781825495969696 0
1.571046381215513 3.734212835398106 0
14.77228711670416 0.125439826105068 0
15.01456673210525 0.1205909375137448 0
14.89342692440471 0.1230153818094064 0
19.88386832721851 4.253739697175204 0
19.88674830303379 4.006091131603277 0
19.88530831512615 4.129915414389241 0
19.35561307679548 3.457970383177297 0
19.24650786407853 3.573997486742434 0
19.2515864396485 3.464871050366482 0
3.959581736960414 3.511009932876663 0
3.862404071730087 3.599987007001175 0
3.855379100347931 3.508479968223565 0
0.8263726848055164 2.784695221489705 0
0.8268462734133006 2.883625721926119 0
15.41042615310482 0.4874342725008001 0
15.40236804246402 0.364560708414408 0
16.79027370993649 2.986630935962109 0
16.90474346602457 3.000292926834504 0
6.766972311541977 2.312458143978435 0
6.520381127557627 2.31889458177197 0
6.643676719549802 2.315676362875203 0
16.35479313201571 3.707049158915352 0
16.34798591019352 3.781323919563691 0
1.703448323451077 1.327153026609771 0
1.686471633296343 1.399447085917722 0
19.45231046217434 1.058881379488055 0
19.41259288597893 1.158775450735833 0
5.105521493215026 2.844290795710488 0
5.216648127186344 2.846899708403191 0
15.28247603734335 0.606126295922333 0
15.16613340474412 0.5985396427712522 0
2.108392111612201 2.16999650949492 0
2.029396658572477 1.992293652685099 0
2.068894385092339 2.08114508109001 0
18.4141687032261 3.577623774055655 0
18.34452181240292 3.522771356765291 0
18.41422856951859 3.501290460684276 0
12.9240758194091 3.237205944113529 0
12.92095422225661 3.111131852349674 0
12.99013468451919 3.170126583361863 0
14.30059527546221 4.067378694308628 0
14.07824779811267 4.021328674198632 0
14.22327256679066 3.943417466964803 0
14.18942153678744 4.04435368425363 0
17.72366808909616 4.375567430173165 0
17.77741305746724 4.469961857706706 0
18.26215526994708 3.577506011998643 0
18.20869765937055 3.4904948759774 0
18.27660973588674 3.506633116371345 0
10.38197782198111 4.486661574753131 0
10.26094647390719 4.483858740566314 0
8.227649245569749 0.1124849785587942 0
8.107138533231531 0.1162355210849562 0
9.809475617918991 1.996761660088435 0
9.927792700765705 1.88579822956379 0
9.91851393767311 1.998541808403453 0
15.54789648420405 1.350138253872722 0
15.5933504915625 1.461322901346549 0
15.49457386486805 1.503522896142695 0
15.52123517453605 1.426830575007709 0
8.314131713485466 2.759282571630941 0
8.22072383021411 2.767270054160979 0
19.79550752821105 0.8496817280884938 0
19.89790781259209 0.7462223621235029 0
19.89775376410552 0.8623408640442469 0
7.152104131984773 4.567528861044583 0
7.127784032106144 4.656651698543395 0
12.48346579162406 0.1147295202314744 0
12.72281714974441 0.1148578703654692 0
12.58128294136847 0.2295873905969441 0
12.60314147068424 0.1147936952984718 0
8.366577789722943 0.6202816101098894 0
8.40050653078757 0.7197104860983523 0
16.18177765998239 3.966735349519804 0
11.8815379813487 3.346230745872695 0
11.93855940318932 3.256648716145434 0
12.04718794692918 3.318056755728768 0
11.96436296413894 3.332143750800732 0
2.655513411976107 1.618044085820326 0
2.639908941044985 1.513813619391124 0
2.181685460600727 1.423581574929601 0
2.041518994696885 1.571361942759545 0
2.111602227648807 1.497471758844573 0
7.732969420947933 1.821051143297379 0
7.855430084643992 1.905974891831136 0
7.74004377845934 2.033277380341393 0
7.736506599703636 1.927164261819386 0
9.960731619996587 4.044939049684965 0
9.82036627259132 3.975022496032433 0
9.920143882537435 3.953360050302257 0
7.765521916773366 3.367548267247454 0
7.65454819082653 3.452226819825208 0
7.561156768183901 3.361449166896412 0
7.663339342478634 3.364498717071933 0
18.56235948983367 2.854709705142221 0
18.40364837050277 2.795863029426894 0
18.48300393016822 2.825286367284558 0
18.13958119989552 3.36130306831972 0
18.1985662616022 3.285347878289132 0
11.52765644232899 2.848539075170442 0
11.6359260445294 2.842354758601395 0
11.6681478093731 2.983567994135912 0
11.59790212585105 2.916053534653177 0
9.554751410261824 0.3778601427793071 0
9.641281035267539 0.2410925095754441 0
9.655981400681803 0.3508886910469564 0
16.09936818075478 2.931043840009112 0
16.26733357576786 2.923391376448891 0
16.18335087826132 2.927217608229002 0
6.297738937112778 1.832188844108808 0
6.412246256998499 1.827872920520718 0
11.85941659315812 1.485254599444819 0
11.78071759122003 1.565301466197242 0
16.43731238156049 1.846750568417923 0
16.57162105704843 1.841800525413636 0
7.864276851756332 2.912692940591423 0
7.682510581087137 2.889224636549707 0
7.773393716421735 2.900958788570565 0
11.64574195390093 0.8462093242691098 0
11.53769727900719 0.8665108300016058 0
18.89846554091949 3.899615357849188 0
18.82952240914532 3.779860146619936 0
18.80102385621342 3.881754066503711 0
9.347431705491511 2.213346958563666 0
9.143734549641312 2.1922032968483 0
9.245583127566411 2.202775127705983 0
6.360333685861758 4.264977708882322 0
6.118162414289404 4.247662379773946 0
6.239248050075581 4.256320044328134 0
17.46485778296273 0.6884396365200776 0
17.47626058513677 0.7977920795490903 0
19.05465592876345 4.382768395195356 0
19.18523510817089 4.262869463629048 0
19.17395890473514 4.38469407118842 0
11.70769322280044 0.7136152493262409 0
11.72982978077125 0.8055951861422945 0
18.57156262626616 2.553009813165062 0
18.61891897334317 2.52511004491426 0
14.25190195378466 0.1329807694975988 0
14.12835686271042 0.1288702080269326 0
18.7479949127019 2.129756587389963 0
18.81101914412978 2.080097127878598 0
10.36140025020527 2.009452326101775 0
4.922112317187427 4.664810980227188 0
4.797361243581614 4.667031079528563 0
18.39089345511778 2.707936926776378 0
18.34492078426531 2.639577257910058 0
18.40403220805504 2.596693487937385 0
18.39746283158641 2.652315207356882 0
0.5920629772995518 0.7513837071190097 0
0.604358879675706 0.8643829261449802 0
1.547486526564093 2.348801887902539 0
1.592088305492698 2.180480507798482 0
1.648437772280024 2.28834629292816 0
1.569787416028396 2.26464119785051 0
12.21720436525042 1.925089122688688 0
12.14676810358138 2.017312785940037 0
12.0368886847495 1.944309239726911 0
12.12704652499996 1.9346991812078 0
12.35248026637614 3.364195047841406 0
12.31081679191944 3.26262957760694 0
12.39668291015576 3.222828255891103 0
12.37458158826595 3.293511651866255 0
14.95252567428624 3.865542746664694 0
14.8966655123944 4.061429673286983 0
14.92459559334032 3.963486209975839 0
15.15097230526472 3.125837444822642 0
7.54357015154888 2.938502006051806 0
7.52471258736973 3.020620022729135 0
12.34948502508818 0.2296640424748961 0
12.24101923346412 0.1149345222434217 0
12.36224251254409 0.1148320212374481 0
4.060634577710196 2.328132599030338 0
4.178161312323134 2.327393193862255 0
5.303872776010437 0.3534785090656962 0
5.183824667509318 0.3533800789445061 0
18.61992536244089 3.31928987425368 0
12.03496660635784 3.881902671142809 0
12.0672875505316 3.807999480964375 0
18.40919277925697 1.603039302974963 0
18.48009429393379 1.689139757569566 0
9.551258834381736 0.6453215873446392 0
9.658354939989238 0.6955336844672479 0
8.435485565105544 3.306938819150702 0
8.523219908685256 3.354080654702773 0
8.455503672717153 3.368693696236361 0
17.73149656914885 2.155252727991188 0
17.93709184133824 2.196774158729395 0
17.83429420524354 2.176013443360291 0
9.564878726902224 2.220510611525024 0
9.456155216196867 2.216928785044345 0
14.10165857756322 3.122817506854482 0
19.08330089671191 1.657657151853387 0
19.13489971953941 1.794659669517908 0
19.03019981463435 1.753054966215098 0
9.753522455058331 0.1200182783193209 0
9.63314051763377 0.1205462547877221 0
3.385498989226955 2.873761725263263 0
3.27373693241031 2.793792556006158 0
3.349098174961082 2.696314538201491 0
3.367298582094019 2.785038131732377 0
0.8297590847939738 2.585637209296432 0
0.7417531330915459 2.475515429132793 0
0.8386757855344236 2.385512277846238 0
0.8342174351641987 2.485574743571335 0
13.15283973959144 0.4175250922468425 0
13.12486905870193 0.5477769942226582 0
12.99356109407328 0.5076796760719287 0
13.07320041683236 0.4626023841593856 0
15.58087052203619 2.931016974552698 0
15.67167430361378 2.858229876248124 0
15.75992124894509 2.93039071466102 0
15.67039588549064 2.930703844606859 0
7.820628249080222 1.520251834846385 0
7.726305145938067 1.622477585820765 0
7.722573947352755 1.527528406291699 0
16.39785829462153 2.770840927043345 0
16.33369509124922 2.839606032219655 0
16.32259405736659 2.775684631641454 0
15.88298646256553 4.244308327686853 0
0.1179136462611261 4.267793302238834 0
0.1197580513642791 4.150466571938974 0
16.46738225754499 3.630679818586587 0
16.36926643089765 3.618299881294899 0
2.538722839427624 2.982414129807554 0
2.619674362723588 2.893754366909331 0
2.634645386371442 2.981203427919953 0
1.685071485050006 3.931527275205634 0
1.735830174086416 3.847558269997539 0
18.27620607277994 0.5725585558554818 0
18.39065779421271 0.461607382571942 0
18.39450464235064 0.5752105780822845 0
0.8213433898412017 4.542649206077882 0
0.9511019645244794 4.655291830771935 0
0.834268924678911 4.655403774662539 0
5.046977280060969 4.664666430957371 0
18.34368443421934 2.037228116717912 0
18.42576649798292 1.969916019867434 0
1.087401065917437 4.761625026041312 0
1.106200532958717 4.880812513020656 0
18.74672409946429 1.390096482882671 0
11.18331970542459 0.5305602506344922 0
11.07872376256152 0.5338949912835109 0
9.483952422673395 4.927125412058245 0
9.249180854963608 4.884259522742381 0
9.366566638818501 4.905692467400312 0
1.949581997075235 1.72131734507685 0
1.927444650248301 1.831415478186247 0
1.800069312424764 1.795032640435366 0
1.87482565475 1.758174992756108 0
1.808284430560207 1.229981313595282 0
1.958823517254864 1.113549850426504 0
1.883553973907535 1.171765582010893 0
1.383320476468359 2.013168498722137 0
1.531833653991329 2.083682880385763 0
1.457577065229843 2.04842568955395 0
13.65618415052933 2.86694462062276 0
13.79459972157755 2.831054396952136 0
13.75314698365174 2.928896569696889 0
4.332540105664358 3.941314226383253 0
4.262332461275165 4.053018848902511 0
4.368029595862977 4.036557977712976 0
9.403040820737598 3.403643297308035 0
9.290151366347777 3.255345879650728 0
9.418623135143486 3.178757547241745 0
9.410831977940543 3.29120042227489 0
16.36605089005553 2.984663680252117 0
16.47659170549347 3.058756325036691 0
16.3812765365957 3.069058091374621 0
10.10573714507426 2.657366772383605 0
9.982990422926443 2.658538768805514 0
13.94646122197213 3.605030484614549 0
13.94236417724849 3.751252879399953 0
13.80539219728542 3.753316678510921 0
13.87592670962878 3.679173581562735 0
14.37873577391662 2.648460098459881 0
9.30958615239506 3.905037035257825 0
9.197728908633076 3.939464225772592 0
0.8367159906819044 3.376769037085512 0
0.7410946572959638 3.277542044868993 0
0.8339522674394875 3.27814020574337 0
5.566153227296715 2.314470586479199 0
5.79935299171953 2.319650872908214 0
5.682753109508123 2.317060729693707 0
16.973550300307 4.363470194843133 0
16.86383692094393 4.29872571865444 0
16.94909883080589 4.179690602906035 0
16.96132456555645 4.271580398874584 0
0.1218073984252186 4.754299150479914 0
0.2468073984252186 4.879299150479914 0
0.1234036992126093 4.877149575239957 0
0.2476995847842609 0.1258504866321122 0
0.1226995847842609 0.2508504866321122 0
0.1238497923921305 0.1254252433160561 0
1.262619286005521 3.995349300718818 0
16.88813061039057 1.166951877603008 0
16.91088747052416 1.261649313646439 0
1.700463630029965 1.224085724160118 0
1.625934829750781 1.160749196347405 0
19.7529613717629 0.1310180813700552 0
19.87648068588145 0.1280090406850278 0
3.059221634550684 2.635591803025503 0
2.974787730203942 2.719204481028669 0
2.962497712982264 2.636397532682725 0
7.354839646563168 3.334316192997244 0
7.457998207373535 3.347882679946828 0
19.75291541709522 4.875943667386288 0
19.87791541709522 4.750943667386288 0
19.87645770854761 4.875471833693144 0
8.606995254001383 3.13476371775236 0
8.478170014483863 3.184213078884871 0
8.427787649522722 3.062922107987594 0
8.556612889040242 3.013472746855083 0
8.517391451762053 3.098842912869977 0
2.053581703995688 4.566820378778084 0
2.186899172241699 4.673269143999817 0
2.071583702991765 4.673967005595175 0
2.68079305843774 1.075129028968489 0
2.776000318468549 0.958332669708378 0
2.793512014723672 1.069077978891795 0
18.44197825557181 1.376959543328605 0
18.3041480479076 1.253423624026913 0
18.4297438428162 1.257161258373642 0
0.7043896824283031 0.630929793506402 0
0.5937724918260354 0.6303987649295704 0
2.558273394277545 1.725870232516084 0
2.455005841793335 1.725191169789446 0
0.6432344202478966 3.583803648153682 0
0.5404184902674238 3.461445495523511 0
0.6497176690986244 3.37376033411626 0
0.7525335990790971 3.496118486746432 0
0.6464760446732605 3.478781991134971 0
4.944759522898144 1.049369953372353 0
5.050381659517537 1.05313979954585 0
16.58779965258268 0.7922785338781524 0
16.55916664419355 0.6889166820226933 0
14.69959659780114 1.86046752524017 0
14.46753837950124 1.836525276620113 0
14.58356748865119 1.848496400930141 0
18.71501493182129 2.200769954403806 0
1.773713577996439 2.777851811097025 0
1.855164899201633 2.807941696501711 0
1.842858602096396 2.915558806009251 0
1.808286090046417 2.846705308553138 0
0.7364982370834099 2.677999986230741 0
0.8280658847997433 2.685166215393069 0
8.260139243501591 3.059592827643526 0
8.361367114387344 2.978147536497189 0
8.343963446512156 3.06125746781556 0
15.93394587205189 2.326733710207612 0
15.81353553085153 2.324957026949425 0
18.17442444665876 0.9092119172035735 0
18.05198752233751 0.795025028242959 0
18.16375082460311 0.684373350721142 0
18.16908763563094 0.7967926339623577 0
10.31109230548323 0.5468336103670564 0
10.11241896787797 0.54325092629232 0
10.22565037168211 0.4504985833377715 0
10.2117556366806 0.5450422683296883 0
16.69360666423628 4.23140257473338 0
16.67577985009316 3.987967594146323 0
16.81787760491756 4.101378662862006 0
16.68469325716472 4.109685084439851 0
1.607484804579736 2.452220164367545 0
1.533385267414001 2.429790843744222 0
15.12172161075147 2.050227345674569 0
15.08084596630308 1.894124522055581 0
15.16004517860479 1.951117083224073 0
0.843107594419843 3.474559516458357 0
9.69080465572922 2.106332163380988 0
9.703511036883087 1.993030402600763 0
7.035078973101545 2.296237418951902 0
6.901025642321762 2.304347781465168 0
17.3046429424379 3.664153975783874 0
17.28950897058786 3.736223759250772 0
9.227514702542859 3.458003267912218 0
9.467322382965079 3.525789210063595 0
9.347418542753969 3.491896238987907 0
15.48256952641828 2.861696522059088 0
15.49429133606725 3.00775509324735 0
15.39599034044935 2.938434640753739 0
15.48843043124277 2.934725807653219 0
6.997327534913908 0.3405175618505751 0
7.117589004793409 0.340302623708765 0
3.011424064351784 4.167483776373103 0
2.932383621960865 4.228355513574932 0
10.67752555979259 2.237677128918372 0
10.56801109579087 2.234339304660954 0
12.20042704075795 4.194284773475151 0
12.26183782462826 4.078753168638636 0
12.29690518261457 4.177755504121425 0
16.92616159619958 0.8409579088116943 0
16.84469843080922 0.9640884687441986 0
16.71581110279613 0.8762744387034949 0
16.82098634949786 0.8586161737575946 0
4.163373784795645 3.517220893265913 0
4.261284713036162 3.524348038890655 0
15.26310523548681 2.713106570667275 0
15.25207169748013 2.633348577502028 0
2.379163517944302 2.352464866756387 0
2.497934644632531 2.252383880554605 0
2.608271374726973 2.346328429461438 0
2.493717446335637 2.349396648108912 0
6.184760391686935 1.831196289794039 0
19.57808516749407 0.9987206385041443 0
19.69953462050783 0.926716165648898 0
19.68078833229463 1.033358855675677 0
15.8598202904823 1.745788532086404 0
15.74193616571069 1.853530665070335 0
15.85254526559075 1.857031932997224 0
7.796767372907204 3.863223209782908 0
7.747829576234561 3.93355346959125 0
7.660380148063423 3.884728607875351 0
7.728573760485313 3.87397590882913 0
1.134157024753769 4.431690638345577 0
1.045855364028224 4.537259105357019 0
0.9238069665447419 4.436281625623965 0
1.028981995649255 4.433986131984771 0
1.975474586467437 2.799757942590919 0
2.056946799182961 2.801105714780784 0
15.83481642924534 1.340836040413423 0
15.69334129304869 1.246440942827787 0
15.80472839607073 1.233745864062095 0
16.92029990573395 4.090566992708573 0
6.92471700055818 4.335773357074668 0
6.855387576138566 4.389851017147322 0
16.30312818488911 0.9530559517690551 0
16.50949315894708 0.9160354667233279 0
16.4063106719181 0.9345457092461915 0
18.86791273347885 0.4809909454260826 0
18.7491609609831 0.3556308447829117 0
18.87041753844981 0.3618563749056691 0
18.26597630321351 0.3446787605879917 0
18.15152282624436 0.4579834760850794 0
18.14504688129728 0.3437850353093799 0
17.39673095645548 1.221679922638461 0
17.30054519609137 1.321125954988995 0
17.29552320905046 1.222474664552756 0
10.50134849503157 4.486011989476976 0
7.315794134253556 4.348326101725629 0
7.153621867839745 4.276543490915062 0
7.382282381781035 4.223989620656781 0
7.26795212481039 4.250266555785921 0
16.43241240553689 2.900878336022881 0
16.34987299065238 2.912134856235886 0
3.248225850517543 1.914037529969749 0
3.024999101592933 1.919958076267024 0
3.136612476055237 1.916997803118387 0
11.43097796464512 2.84270796971873 0
11.80736152820074 2.94340963547368 0
11.73099650777895 2.869527958201466 0
11.83197540753653 2.889820304999873 0
11.73769719316142 3.087144516989771 0
11.77252936068108 3.015277076231726 0
17.31806230103205 3.491510957339055 0
17.2252620212195 3.396983561454876 0
17.32229688627276 3.400514103238822 0
5.554924780844715 4.244912320634501 0
5.60966432407478 4.150986318964696 0
5.730695370410269 4.231259356445767 0
5.642810075627491 4.238085838540134 0
17.56263931348577 1.95343300178701 0
17.52549546497655 2.080080387020499 0
17.4836686168426 2.001835408788458 0
14.39926327557049 4.496721569258841 0
14.252150933384 4.585628611413889 0
14.16924278353158 4.472322601560028 0
14.28425302955104 4.484522085409434 0
2.756756880026508 0.8437798988855965 0
0.5563339905113125 3.274324991077086 0
0.6487143239036364 3.27593351797304 0
19.62485706449519 0.8215578832831341 0
19.50777052754253 0.8569493241871859 0
19.54431623498947 0.7592295176745507 0
4.212146832756996 3.867916864926784 0
4.128926202808433 3.964635869991768 0
4.109303116268126 3.873178978460715 0
15.78369304460954 3.896818933690965 0
15.87708577067086 3.921798528510858 0
13.94849417569142 4.778950860720774 0
14.03415328250679 4.893116714524492 0
13.91174708784571 4.889475430360386 0
13.86630031533331 4.660869803318866 0
13.79076131206362 4.533236917190225 0
13.75059181212116 4.646037829112098 0
14.1007187572411 3.695419057970171 0
14.0487877378641 3.606290057512417 0
14.13172696859169 3.620288570336572 0
2.984852289579331 3.28622508275041 0
3.053728672568608 3.220262834710526 0
3.062681458967195 3.290660763099834 0
16.31597264292415 1.970253963844452 0
16.31026118321342 2.089359957886881 0
18.50777088564422 0.3485307119328445 0
18.38687359442886 0.3466047362604181 0
1.351006689179499 2.732460037423744 0
3.812884509997973 0.8728326266479161 0
3.693483495647055 0.7484323861354314 0
3.694818030678529 0.8609294650531407 0
15.44246577808832 3.191596260773528 0
15.37985342915289 3.218085069160898 0
7.649435790372903 3.5513741154754 0
2.253884436736126 1.113088450273777 0
2.460541880552286 1.094326548212144 0
2.357213158644206 1.103707499242961 0
2.877329564828782 3.235711051718598 0
2.908961821516121 3.320581011172353 0
7.073947117096737 2.924899743749962 0
7.088833412746153 3.016301535031727 0
16.56441907921101 3.652673642096252 0
12.26784181431376 2.877799082006601 0
12.2189388465595 3.055971474973021 0
12.24339033043663 2.966885278489811 0
17.22059961982732 3.570978777389474 0
17.31135262173497 3.577832466561464 0
5.816321726654415 0.5875807092015553 0
5.695821745845004 0.5888828192892048 0
1.996245152179524 3.114529907954886 0
2.086985032848368 3.127084313756543 0
10.59952918725021 4.896239479040736 0
19.18195859843384 0.8557697165713636 0
19.3819958222228 0.9171100651710966 0
19.28197721032832 0.8864398908712299 0
11.95448154654908 1.401611534084725 0
12.0590777009307 1.377855072658618 0
4.30655110093628 3.857356913499457 0
8.771697733387089 2.819452889974343 0
8.742917630743877 2.686521737155561 0
1.263880971820722 2.063402555474796 0
1.296991279361702 1.964947144871653 0
4.513189445733616 0.4838671067556009 0
4.476201587781098 0.3654777836722296 0
7.237616171211005 0.7907352854119543 0
7.34935772507067 0.7810378231073871 0
17.96077746684586 4.093915503318717 0
17.75844168407957 4.22570220025173 0
17.85960957546272 4.159808851785224 0
5.4587164369734 2.305711996643776 0
18.67824491586518 2.818358691448821 0
18.63568444857523 2.901334519949264 0
8.193200616203029 4.500339763725188 0
7.960777936576666 4.457463985756303 0
8.076989276389847 4.478901874740745 0
0.7501328574162756 2.272827351716866 0
0.9391219183513151 2.294780651298061 0
0.8446273878837971 2.283804001507463 0
14.66680452289248 0.2827306886433583 0
14.71196827474372 0.3792899282493836 0
0.3462077439721831 3.653854119148203 0
0.2482717036415352 3.733924887148543 0
14.80961120998312 2.200725940841028 0
14.81801804629118 2.323567678252124 0
14.15104946755253 3.824414913179369 0
14.36248381296189 3.87336726319611 0
14.25676664025721 3.848891088187739 0
19.41990971416854 1.921427601525566 0
19.51192250764436 1.867593240699554 0
1.901055413579176 2.999263488807932 0
1.80984609539621 3.074103623835951 0
1.903045623787868 3.094316765895418 0
3.713121319066896 2.080535072563263 0
3.66724150213234 1.912189438538973 0
3.835697427858317 2.063402325179761 0
3.75146946499533 1.987795881859367 0
7.489104775482287 4.890876274063645 0
7.367101001807063 4.888583736869089 0
7.944470802410406 3.081812937716039 0
7.903096340997706 3.010076977090117 0
7.875820576909546 3.069962962572431 0
14.85544527738496 3.75112371076729 0
14.6280190813142 3.724584931797633 0
14.74173217934958 3.737854321282462 0
2.169612398675214 1.022098664697247 0
2.053596577353748 0.9689598368611985 0
2.090421458289542 0.8593007224044749 0
2.130016928482378 0.9406996935508611 0
14.49997906665575 3.797710521524536 0
14.44332085227954 3.988278422151448 0
14.47164995946765 3.892994471837992 0
9.991027052037779 4.120316116910301 0
11.68879256840904 0.6109110448026298 0
14.30641852095688 1.943832420443372 0
14.31680555108822 2.074262412762203 0
8.0758713465837 1.880496343077894 0
7.950768681628779 1.798701376571258 0
7.965650715613846 1.893235617454515 0
7.304412933308137 3.235948846965532 0
7.256347030210925 3.306471032944497 0
11.36435503034311 2.237128829003134 0
11.25601570146126 2.23920757643597 0
4.32736352194229 1.946820787233957 0
4.358847514949229 2.075247977468308 0
7.853496545272161 4.475537112602975 0
7.76601529727948 4.476042774790685 0
16.62388637849568 4.372883024575921 0
16.7438616497198 4.335804371615181 0
0.1874788476052736 3.099872666854292 0
0.09497110317959567 3.231020907873152 0
0.09373942380263678 3.112436333427146 0
19.08696777822457 0.7363395961415387 0
18.98107897373046 0.6040756407925254 0
19.09839705319997 0.6198297563203261 0
15.33825323107516 3.81907477567034 0
15.09577915976813 3.781019485447864 0
15.21701619542164 3.800047130559102 0
16.54061117664599 2.327498403748289 0
4.990192651225332 1.943595572257124 0
4.879635400087837 1.850228946836508 0
4.967287456683903 1.839776817822886 0
7.187773569178535 2.187536549762501 0
7.156701568512192 2.316972982712861 0
0.6999018652457831 4.431497532638774 0
0.8118544158952634 4.43388957913137 0
14.27934530328672 4.89836756521127 0
14.42820865885644 4.800367646051532 0
14.40160432942822 4.900183823025765 0
19.15253712418292 2.233492783623758 0
19.04793469367898 2.315356596835342 0
19.05534872022686 2.219236240036751 0
3.29809740456062 2.963431471201952 0
3.397550019879377 2.961514726628788 0
9.291074176879967 0.3718863294862231 0
9.183251445121105 0.4918298289790206 0
9.052636810220379 0.3679573674526337 0
9.171855493550174 0.3699218484694287 0
5.847345718905746 4.205506574702351 0
6.019373074100921 4.125635213845177 0
5.982754066597575 4.226584477238148 0
15.57452375598309 3.200196167180148 0
15.6558237495164 3.209078484954376 0
16.53328977093997 2.944359252870359 0
16.47924039935681 2.808789944775775 0
16.58011776475989 2.852270861623253 0
16.50626508514839 2.876574598823066 0
11.21311316483363 4.044614084740922 0
11.12700069398675 4.15555772320815 0
11.09613035611892 4.052202420105923 0
18.86439089423607 0.5956854832966696 0
5.542224448817668 4.057975636359247 0
5.433021857450101 4.138574410193511 0
5.436567476490331 4.043446639293393 0
7.615275787730049 0.1168113300087854 0
7.092386373783666 4.405037576952859 0
7.211483907900858 4.471680636786306 0
7.12224525288422 4.486283218998721 0
12.32246775322734 3.133468690354843 0
12.24135670548099 3.214810048663155 0
12.13782779881315 3.137312833281332 0
12.23014777602024 3.135390761818088 0
12.40798758699583 3.142178166299168 0
7.623603326770273 1.730538101043813 0
7.835671240115727 1.712990628074331 0
7.729637283443 1.721764364559072 0
18.98667336962144 4.015831728305156 0
19.08280575184601 4.142421550365404 0
18.94689906303031 4.25338210848869 0
18.96678621632587 4.134606918396923 0
3.864788067080346 4.278507432217087 0
3.978008263104913 4.273441099255868 0
8.132877558671725 3.041828389536771 0
8.174933952409017 3.11193626853948 0
8.196508401086659 3.050710608590148 0
18.30063781171505 2.807043862045491 0
18.28788289633006 2.719117759394975 0
18.34576563341641 2.757490394410935 0
4.683989663722034 4.201271255792042 0
12.2582950168625 3.329530090790948 0
12.18883493042405 3.281710561847163 0
12.24982586117175 3.272170069727052 0
15.84221778729024 3.00444999964187 0
15.83849493946182 3.077944927110214 0
8.885436682227805 2.932894025453738 0
9.009651886944578 2.953352074915462 0
5.058542925783785 2.168036163923768 0
4.932445220708988 2.072478299578313 0
5.024367788504558 2.055815868090446 0
3.915683625082987 2.77480308205837 0
3.800772471831989 2.774769786963174 0
12.31542419179504 2.02750098716899 0
12.31805117772087 1.826095325773335 0
12.31673768475796 1.926798156471162 0
19.11781866683507 2.402154930937387 0
19.22438244772647 2.333132673852058 0
19.20220637106546 2.420151396927158 0
7.930162499158885 1.604846911737164 0
7.920450066877036 1.50864265612854 0
5.339037723047534 4.23297253697187 0
5.217619309150116 4.221427655209448 0
12.06223211116168 4.095792384568567 0
12.09198489707439 4.201385064615587 0
11.33053880354249 4.035499038244597 0
12.33198349299591 2.707114524272475 0
12.3912585173732 2.803697428903706 0
12.29991265365483 2.792456803139538 0
13.667420685685 3.721728156376139 0
13.53437453587538 3.70895575084458 0
13.60646347104114 3.650790036030549 0
16.67953910619675 3.000791868308345 0
16.57806540584511 3.029774096672518 0
16.00978717479123 0.347254874169761 0
15.898585207069 0.467763764768073 0
15.89129067164688 0.351964470235079 0
1.904577548424335 1.962758792238271 0
2.052263760396442 1.860950338633075 0
1.978420654410389 1.911854565435673 0
18.77832136104352 2.820887630756953 0
18.87381312908601 2.76271519473964 0
18.84638295943698 2.831816190781934 0
8.181007029119398 1.870127602396024 0
12.11407904950234 0.2326027864828752 0
12.22281985514177 0.3423316629733222 0
12.1092580386199 0.3451717853971359 0
2.824089565679827 2.135320364370885 0
2.720149869851229 2.242845523130487 0
2.596312551996235 2.142855128533555 0
2.710201058838031 2.13908774645222 0
0.4701601537208369 4.421933933689505 0
0.3563801354656491 4.526611718440032 0
0.2370324544733844 4.402435181905362 0
0.3535963040971097 4.412184557797434 0
10.1220337746195 2.226438424717641 0
10.08235838943038 0.3719619617885899 0
10.03474936836466 0.4663536501768251 0
18.6378775828162 1.028102361052208 0
18.0333346516741 3.957779134740029 0
18.18223664882685 4.031830810210165 0
18.07150705783636 4.062873156764441 0
18.23014089175127 2.666976178285365 0
18.28717877968652 2.587435676800448 0
18.28753083800829 2.653276718097711 0
9.048470310699241 3.353927160519401 0
9.168334444375297 3.318368328683615 0
9.13799250662105 3.40596521421581 0
13.57217063210657 0.5811581017409757 0
13.78335499080602 0.5996211933111579 0
13.6777628114563 0.590389647526067 0
3.452224450592444 3.777112876653876 0
3.461500990531512 3.87909188092707 0
18.46770504451609 2.541841959701954 0
18.51963383539112 2.547425886433508 0
17.02687381232979 2.324395047833905 0
18.03277162230077 2.220664846791255 0
10.94291689375463 1.859937975174009 0
10.81599650820662 1.958857718732661 0
10.83063309552256 1.836573864718286 0
13.39033575435384 3.835053463168 0
13.46235514511461 3.77200460700629 0
8.866553066283876 0.599254857890835 0
8.959647977349952 0.4915088782338932 0
9.069296116311557 0.6006986747729628 0
8.967924591297717 0.5999767663318989 0
7.342688794150614 2.129809960670795 0
7.146302727334093 2.073780390880322 0
7.301217952306171 2.016053801788615 0
7.244495760742353 2.101795175775558 0
12.00405413084748 3.196448717391336 0
11.85477851184455 3.190206616005229 0
11.92941632134602 3.193327666698282 0
17.68799169445295 2.031300983556405 0
17.64666248401483 1.946594846284703 0
17.71870202726817 1.96790831356309 0
5.001256980488907 2.840943964374642 0
3.873090097939658 3.692693591426788 0
19.46343326254155 3.33368919218281 0
19.4608896160173 3.446479703706304 0
3.815863312071725 0.6404269105150484 0
3.68978062780702 0.6285298409743185 0
11.99805981603823 0.1176682642394535 0
12.11953952475117 0.1163013932414376 0
7.116209904420167 0.7957376991293259 0
10.29296481574237 0.3394829530861707 0
10.18766160258638 0.3557224574373796 0
9.671697054650592 3.91309116982611 0
9.520414966256698 3.844515870669592 0
9.575301618127222 3.717041100376942 0
9.623499336388907 3.815066135101526 0
1.788978170698453 2.674718781826804 0
1.697234767462383 2.748073778259243 0
1.712499360164395 2.644940748989022 0
1.743106469080416 2.711396280043024 0
5.70875292096812 4.089832564237769 0
5.825403269463599 4.064079782494353 0
5.778049319936933 4.14766956947006 0
5.625488684892894 4.073904100298508 0
8.326632686401201 1.56550015153991 0
8.31394708251587 1.473424096202422 0
18.93282235052335 3.691524859798796 0
18.75610773735362 3.68221939183054 0
18.84446504393848 3.686872125814668 0
2.154619299836336 1.20532998524682 0
2.168152380218531 1.314455780088211 0
3.026988369606149 3.055494313644652 0
3.000610360798895 2.886847503575424 0
3.107698699885836 2.968293477368606 0
3.013799365202523 2.971170908610038 0
11.33924163954989 4.465537522417614 0
11.45895537737598 4.460445208276948 0
7.039169434198962 4.306158423994865 0
17.56900033967244 2.204032131455282 0
17.53975004581685 2.325220773559251 0
5.446981251946124 4.238942428803186 0
6.877186873636527 0.4542957174572155 0
6.876647744032789 0.3408274359080021 0
18.18685858963516 1.361721781947713 0
18.30598907135017 1.498862893218996 0
18.05944970873659 1.461623037892115 0
18.18271939004338 1.480242965555555 0
1.124486001051309 2.327711561150269 0
1.031803959701314 2.311246106224165 0
16.45129038493257 4.476558936427935 0
16.53758838171412 4.424720980501927 0
11.55367908542932 3.283507631846695 0
11.68750930058885 3.366239946880894 0
11.58160221510153 3.378215682689806 0
14.80209429428081 4.713733584485226 0
14.9280039066533 4.615481065611953 0
14.91605750961061 4.709562684949083 0
2.621217398599357 4.631222975414408 0
2.564152207195395 4.456016058221117 0
2.657729812422629 4.534631582491441 0
19.71018229635312 0.835619805685814 0
9.008727186015181 2.027144236839813 0
9.076230867828246 2.109673766844057 0
5.336912435850681 2.013373631599474 0
6.474848289978499 4.271282972033132 0
8.25187449460984 3.877752590524467 0
8.137174326608271 3.820615626618301 0
8.198275333495527 3.712999279568779 0
8.225074914052684 3.795375935046623 0
16.09239973215625 0.9853041872656267 0
16.177530326503 0.8658671212953384 0
16.19776395852268 0.9691800695173409 0
7.488439640147852 2.862380877835442 0
7.585475110617494 2.875802757192575 0
7.610835206090826 4.890978101282673 0
6.702898458710251 3.881944439970698 0
3.914532143203948 2.186324629724778 0
3.936725013254283 2.095383547702483 0
1.603912684151183 2.034873439747751 0
1.664167335652552 2.13167106716047 0
1.598000494821939 2.107676973773116 0
15.86004279080857 1.538221796070127 0
15.74812635948823 1.449751943062897 0
15.84742961002696 1.439528918241775 0
16.14155495858809 0.6625173385727916 0
16.15954264254555 0.7641922299340651 0
3.972209557138381 0.5440117759685299 0
3.948315913288528 0.4035375412565743 0
18.15763682542374 0.5711784134031106 0
12.60726358258368 0.8279921222420765 0
12.74041853356893 0.714288802867598 0
12.72289712145108 0.8364141948073682 0
11.47578983557785 2.131261527610939 0
11.4738097781157 2.234587585480932 0
17.50802473622527 4.792447720876138 0
17.56651236811263 4.896223860438069 0
2.156931500637213 4.465539606129378 0
2.035272935823329 4.454694039067986 0
18.75091743204426 1.844367301067523 0
17.40963417112551 4.719879440393143 0
8.807768440807429 4.449419850423836 0
8.676221152323873 4.615443969054894 0
8.741994796565651 4.532431909739365 0
4.453688629675764 2.846101214610602 0
4.442903876360946 2.692465878479575 0
4.524736641099117 2.766240258948701 0
4.448296253018356 2.769283546545088 0
3.562706973756715 2.003792698129515 0
3.466219242478788 1.90886237015407 0
3.566730372305564 1.910525904346521 0
10.7500164316242 0.1092529805446354 0
10.62852363872243 0.1100465308506196 0
7.519670789074169 1.733964708317149 0
0.348711968718618 1.29960372955508 0
0.3328613246275349 1.418918898717648 0
7.330488305757615 4.457812549494947 0
5.942748342303965 4.038114117165915 0
5.866571088201987 3.983502089745141 0
17.94207448272687 0.9057601851917552 0
17.93553055698366 0.7940672790810557 0
1.942072832833187 0.9681694876174123 0
2.070347261775423 1.11434019967029 0
2.006210047304306 1.041254843643851 0
12.16153412276031 4.00229735587578 0
12.04859935875976 3.988847527855688 0
15.41438616052885 0.6192611808255457 0
11.05199897236318 1.965633182805522 0
11.05650966322447 1.846489582341508 0
1.796907031365137 1.935604824478096 0
1.68066714596085 1.929297473317729 0
1.740368229192807 1.862165056876548 0
13.23222417104542 3.972319261336405 0
13.0533279190959 4.100627349908127 0
13.14277604507066 4.036473305622266 0
14.18849858579351 4.791484279735762 0
14.15674929289676 4.895742139867881 0
18.3385329689286 3.966089514760233 0
18.26038480887772 3.998960162485199 0
18.38851035781877 2.201183443651234 0
18.47316371148635 2.244686890142664 0
14.98229731381532 1.973028598897801 0
14.910444069146 1.876769172717042 0
14.99564501772454 1.885446847386312 0
7.644814862048859 2.125605521362482 0
7.766848847502219 2.106387160625109 0
12.51151655171456 0.6963332408941132 0
12.48209610297094 0.8221941105510888 0
15.57852423774983 2.783512746829405 0
15.67915859416842 2.784115557110376 0
11.47815172475381 2.032560522430717 0
12.64406496347809 0.5837867997890425 0
12.8904599882009 0.583304804129082 0
12.7672624758395 0.5835458019590622 0
1.473458730085497 3.26547153951437 0
1.384753884076462 3.270299028699318 0
0.1971435398948422 3.31630348470953 0
0.09857176994742112 3.345651742354765 0
8.338853888499774 2.846840848481966 0
8.42025496929709 2.908256198526722 0
8.350110501443559 2.912494192489577 0
4.03091400997781 2.774756094781489 0
14.57283762280519 4.707788398016225 0
14.70868378888763 4.616398346236327 0
14.687465958543 4.710760991250726 0
15.37957459291824 4.695723801451843 0
9.830680908629919 2.981909425293921 0
9.800491262160644 2.875500664984549 0
13.33231796921499 3.187954146474161 0
13.31276743871185 3.075628805975242 0
13.37371768220749 3.124855539918398 0
14.01992429901717 4.562840821243877 0
13.93940699828918 4.442899398088825 0
14.05432489091038 4.457610999824427 0
13.71295991062961 4.40722382466486 0
13.82618345445939 4.425061611376843 0
13.7521791920417 2.667443773777446 0
13.63874943445127 2.742088030940957 0
13.57489037422789 2.628234841500291 0
13.6635347831348 2.647839307638868 0
5.931485620168715 2.194788642847659 0
5.941699199640007 2.071022243493727 0
12.37293710982612 2.1030106292717 0
12.2723962484638 2.166934398042055 0
12.21488333043271 2.091424755939345 0
12.29391022012942 2.097217692605522 0
11.91292965039174 2.126857608789222 0
12.02256752236725 2.254795595670952 0
11.91881502716165 2.232385626070074 0
4.368561108712997 2.95851528637108 0
4.258675594196603 2.959719265449805 0
7.663226947252482 3.977411494914797 0
7.711035629690106 4.049323452075273 0
7.729432602962333 3.991438460833262 0
19.62984582433165 0.2656462234642469 0
19.63733530843801 0.4056239452776564 0
4.061477760878029 3.514115413071288 0
10.59967998416956 3.156993268737601 0
10.62734406017053 3.257669371976414 0
13.86562036639628 2.106084082344027 0
14.51951740618832 0.1572908625382903 0
14.64590226144624 0.1413653443216791 0
13.21084186721136 0.617148432453031 0
13.27804120144212 0.5046525654952658 0
13.38317849473577 0.5849248432812715 0
13.29701018097357 0.6010366378671512 0
11.25012585084806 4.57512631494535 0
11.2812122886026 4.681156617930602 0
16.89056161515544 4.893884015899184 0
6.034322349313776 4.04909101727145 0
5.923527889716118 0.466630692347398 0
5.936334218544641 0.5843416181318992 0
9.721110642677226 4.006805696437935 0
1.664542508737345 0.6525683036694354 0
1.666823271567896 0.5502042312843152 0
13.3819222766361 1.980348206670678 0
13.26495611269665 1.870512787434662 0
13.38217604241823 1.867052708491945 0
0.3698399350628385 1.163693862195144 0
3.339007091960044 3.673915367082284 0
3.228216919334233 3.660604872561484 0
9.932727996725937 1.77332810299255 0
12.45122597956913 0.3439942420578168 0
12.33702291735545 0.3431629525155695 0
19.56452935333659 3.207290756385996 0
19.66938469777027 3.07115072196902 0
19.671998147957 3.187161267693165 0
17.94069666786087 1.559598654573378 0
17.83321631523696 1.445281273709848 0
17.94633301198677 1.453452155800981 0
6.399274417670918 2.320157448079217 0
15.57049370345919 3.85852036433926 0
15.45437346726717 3.8387975700048 0
13.90232382956471 0.4883162496775375 0
13.89651124546273 0.3673919139764368 0
12.54897092034028 0.4604788183743227 0
12.53024373602742 0.5784060296342179 0
14.91625457905803 2.087000656996825 0
15.01898809490475 2.068614001335697 0
15.35224229163823 4.218469276206195 0
13.05966446636911 0.6537102333417693 0
13.13525316679024 0.6354293328974001 0
11.18846125979195 4.364441994205152 0
11.15773097688935 4.259999858706651 0
1.755866377005642 1.278567170102526 0
18.17441604074823 2.450360305413479 0
18.22847391254104 2.519090148199426 0
18.17457463951816 2.568729842785947 0
18.17449534013319 2.509545074099713 0
9.154237746340153 4.319321807446871 0
8.964278546078546 4.273711310015068 0
9.077591904404102 4.224019928820157 0
15.67709337403437 3.877669649015112 0
14.10211815937528 4.680921878645785 0
14.33853135980224 4.696191012503867 0
14.22032475958876 4.688556445574826 0
12.83219288354277 2.67690963223334 0
12.67667482476327 2.769783107202366 0
12.73886375610362 2.661686845769573 0
9.415000559325879 3.874776452963709 0
13.54939295741923 4.141518538635309 0
13.37855115204576 3.984458946988165 0
13.46397205473249 4.062988742811737 0
9.160693565688643 4.703536482152176 0
9.239157339447241 4.632564924650446 0
19.18817035718788 1.609685558557006 0
19.26592628626515 1.564651825639809 0
12.56512693085437 0.3450331044856334 0
15.56519640127654 1.624325124614648 0
15.47229633329197 1.600011752490992 0
12.4090489735567 1.714045492608993 0
12.5168535160926 1.693865124542879 0
8.705104407354089 3.134128751633733 0
8.610712410651352 3.25853051835885 0
8.657908409002722 3.196329634996292 0
17.13259268412984 3.488508108480695 0
17.13262238911472 3.571074234013248 0
19.0308659269575 2.47604866259674 0
19.03940031031824 2.395702629716041 0
3.373561080281441 2.013846538965072 0
3.357222546498165 1.911449950061909 0
9.675575821635357 2.222122903365957 0
13.31127996269963 3.903686362252202 0
16.70543953183573 3.88776747288071 0
11.64168399009193 3.166460446505433 0
11.52997670006853 3.182571173299465 0
1.223660594492122 2.253682903418855 0
1.243770783156423 2.158542729446826 0
17.45716382823486 4.184697575086983 0
17.46217485019939 4.298975183427321 0
17.39693846155716 4.243820995090713 0
9.215795030784983 4.38591687863854 0
8.790514971369488 4.282027216459673 0
8.886023493442988 4.361565580219453 0
8.923898868170241 0.2535155920126959 0
8.89944943408512 0.126757796006348 0
7.744406416941516 0.6799446197791585 0
7.682322340461505 0.5696238832402372 0
7.784541606344551 0.5870076583497803 0
19.8809130009048 4.50215772037788 0
19.88239066406165 4.377948708776542 0
15.37701189734652 2.787564394295358 0
15.47776806754818 2.785538570562382 0
11.8102819731625 3.442948147232699 0
11.84506931101423 3.530718814004637 0
9.295927106049522 0.6162634200126884 0
9.182611611180539 0.6084810473928257 0
12.11016022997685 2.170667810101645 0
12.04204500312552 2.096555840102337 0
12.12846416677911 2.093990298020841 0
19.255433588484 2.158082124522133 0
19.23990801810523 2.245607399187096 0
9.978216179961811 3.083250825545085 0
10.09785183006965 3.077642569059107 0
11.68088326556827 2.808884702520955 0
7.87152160668943 3.361279253633971 0
16.81069055382198 3.52258213564381 0
4.624863463976258 3.164691500384036 0
4.755852646889768 3.203471940088607 0
19.00202515563111 2.596987573884763 0
19.0164455412943 2.536518118240751 0
18.18406215747752 1.134428393706435 0
18.18546037355634 1.248075087827074 0
16.02689593039343 0.566998051623443 0
16.12249239580112 0.4581884977314279 0
16.13202367719461 0.5603529181521094 0
8.330224658817325 0.1103268184395927 0
12.30960586150939 1.728440409283295 0
10.78347904554597 2.947462924560349 0
10.76135098424889 2.849042707367219 0
5.911375110067389 0.3498284660425846 0
7.173195529964943 2.82722841941193 0
7.06033965264087 2.831742557182142 0
2.700712750407275 2.807878448797581 0
2.509266775610785 2.80863753637133 0
2.604989763009031 2.808257992584456 0
0.4697660833415931 3.372801468580852 0
0.3787468305471133 3.280941017248655 0
0.4675404105292138 3.27763300416287 0
1.722091802691828 2.252585191001547 0
1.76191761357909 2.359326573215726 0
1.688263583167284 2.395087675142339 0
1.705177692929556 2.323836433071943 0
18.28894725673841 2.457848946331666 0
18.34765212388389 2.526194474932689 0
18.28806301821246 2.522642311566057 0
8.231800587040194 3.596203579076459 0
8.163820808816789 3.640119079256461 0
15.13756608496839 0.1207515555192566 0
3.16609635098229 2.713920360922527 0
3.251759587371451 2.631919142233804 0
3.155490610961067 2.633755472629653 0
12.82732789966896 0.116315447491063 0
11.09934547109012 4.474030786732888 0
11.21929355532001 4.469784154575251 0
8.040197337586335 3.062142083581066 0
8.0471216522097 3.171709564810657 0
7.995796227310053 3.126761251263348 0
15.50735977908432 3.141800036638101 0
15.5084947670357 3.195896213976838 0
11.75876530877505 3.26952254552089 0
11.74823125096824 3.178333531255331 0
7.953838703974654 4.327461127138625 0
7.903667624623408 4.401499119870799 0
19.44167523458493 2.906921349801091 0
19.4099237429233 2.805425062395513 0
8.678675298649733 4.235617777452092 0
12.29397687689335 3.377036837936745 0
14.09131877213002 2.329102776037266 0
2.926164502193418 2.028074503401798 0
2.939186136215611 2.132699136162889 0
17.67407535027667 0.4583226098563919 0
17.6621628285752 0.3442035212331978 0
4.599093070537454 0.6906359785293823 0
4.458947066655091 0.589167671704915 0
4.556141258135534 0.5872515426424916 0
7.995627997921619 4.258199946828353 0
0.1789773739017413 2.648241725304422 0
0.08948868695086887 2.636620862652211 0
19.13296365775661 3.688930606213331 0
19.02303408203043 3.795084342958687 0
19.03289300413998 3.690227733006064 0
3.934036614538257 2.316367022693999 0
8.441800225055289 1.64873072377393 0
8.625833189478094 1.621343082658571 0
8.533816707266691 1.635036903216251 0
8.136533069428914 3.19292564431537 0
12.35946999144655 2.212410164064477 0
12.32580219616291 2.29926162380404 0
12.23872845318017 2.253785857781618 0
12.29909922231336 2.233098010923047 0
12.57765827921963 4.334362065185468 0
18.62846592331366 0.3520807783578777 0
8.1023311282386 4.890788742889118 0
17.60450444646742 1.657066562186202 0
17.71883862114555 1.546341066818292 0
17.82747101226195 1.647539308054566 0
17.71598772936468 1.652302935120384 0
2.06350095495617 1.711079739806693 0
2.137633043303342 1.795705614373812 0
19.89239641115318 0.6268077008259407 0
4.797935616294689 1.957840019343661 0
4.781418643856194 1.848501780949469 0
12.57078760857652 2.822487873669326 0
12.48102306297486 2.813092651286516 0
8.612590529733577 3.353495371158027 0
8.677698248605797 3.423175837769108 0
3.006018865047203 4.063138654189745 0
0.2936880024901072 3.397735657857114 0
0.2822023679518466 3.199508844101072 0
0.2879451852209769 3.298622250979093 0
12.68697757949638 2.991254700490904 0
12.70845047537864 2.859397764381585 0
12.80872893364111 2.86022905584842 0
12.78725603775885 2.992085991957738 0
12.74785325656875 2.925741878169662 0
14.38570967998649 0.1451358160179446 0
2.570667469495014 1.084727788590317 0
12.60256325919189 2.912102530848546 0
12.60596557135126 2.988782625015602 0
18.10142988977623 3.005713663831429 0
17.95968862899283 3.051567499243501 0
18.02602480005847 2.954483949523113 0
18.03055925938452 3.028640581537465 0
1.648713455261468 4.341149929362612 0
1.574615456472744 4.353083402881159 0
17.56722919457227 0.5721775406659744 0
17.68478328762487 0.5707892728101234 0
1.803752788184712 0.8090172562302118 0
1.734147648461029 0.7307927799498235 0
2.950790386076307 3.141615755836194 0
2.858705923572409 3.149235850801401 0
18.11483291810624 3.459693570038149 0
15.6709079530815 1.535882224802128 0
15.75637464456322 1.643091914082609 0
15.65066309275826 1.731534813895129 0
15.66078552291988 1.633708519348628 0
1.617256553898219 4.872668069015307 0
7.572549450838201 0.5657890379675126 0
13.84503912785705 3.961861699310493 0
13.71786698951891 4.051517310205716 0
13.77937783890823 3.862319577733389 0
13.74862241421357 3.956918443969553 0
11.87500517070357 0.1218248023110595 0
8.691205629253771 1.510916258210547 0
8.715023838343253 1.603741857392279 0
18.99231978681156 2.688025842546118 0
19.06175213364511 2.722170704531679 0
15.28671530154353 2.870272752260516 0
15.27491026851517 2.791689661463895 0
7.306402473346568 3.165097804816188 0
8.667092181531011 1.422400928370325 0
8.830910035299812 0.3770671027939558 0
8.941773422760097 0.3725122351232946 0
14.86336426502877 4.157441365627607 0
15.98632340528758 1.000374922413364 0
12.93456596105393 2.866883996955836 0
12.88337942229835 2.771896814594588 0
0.8113040137177787 0.6432382190855195 0
17.7221139668608 1.440878981320266 0
0.3669237340659883 0.2529945922817993 0
0.3709618670329942 0.1264972961408994 0
11.85829808210007 1.379239360615172 0
11.66293061169376 1.849491745864252 0
18.29431485282935 2.133973725537958 0
1.995550495886059 1.646339643918197 0
2.192323466542966 2.637308777975182 0
14.90111876213211 2.984200736986788 0
1.18215446542118 4.643592300626397 0
1.06662821497283 4.649442065699166 0
13.01606411424372 1.872012741483412 0
12.82353515245959 1.932304157224795 0
12.91979963335165 1.902158449354103 0
4.557733630355933 2.628070482511888 0
4.627026176164041 2.802610982195838 0
4.592379903259987 2.715340732353863 0
17.96725073984207 2.812854210863004 0
18.0728858521427 2.871704896726274 0
17.99663776995027 2.883669080193058 0
16.31566206925409 1.851691024557263 0
0.5791133855703414 4.315395683359974 0
0.5850310094833091 4.42671573316414 0
0.665491399474071 2.163657082379859 0
0.5831549828334559 2.088124915350464 0
0.6636464972732448 2.070558964802364 0
8.71269087151072 4.735454355675421 0
8.774603980000565 4.814035961828727 0
13.25755536911926 2.100646860170499 0
13.37910678226996 2.096973630408636 0
1.939826521892796 0.8246729430027164 0
2.022130794318748 0.7550658269841941 0
12.32464464721212 3.999833771415659 0
12.39107829505142 3.951651734037992 0
1.211251091934527 2.347006676138054 0
18.78254769512962 2.724711408935289 0
18.7303963054974 2.771535050192055 0
13.99269488755991 3.88024873460915 0
13.96164346298486 3.991595186754563 0
7.107878692484295 1.870779995768976 0
7.103306986629766 1.761906305980325 0
19.63362921682457 4.75254769522282 0
19.62931460841229 4.87627384761141 0
4.41716588246203 0.7271236210173262 0
4.340612248062942 0.6292273777461923 0
14.97561221857654 3.766071598107577 0
15.50082555757579 3.074777564942726 0
10.35134055634748 2.655201511364774 0
10.47390921240241 2.654155412250644 0
7.400555229422058 2.818166096102938 0
7.2868753796935 2.822697257757434 0
13.61493153779709 4.279841896705354 0
13.666399263658 4.165679603455534 0
5.425117335182337 0.3532810159800253 0
14.41205216536828 4.086258994059504 0
1.266238414429832 0.3430912009500249 0
1.25640190337344 0.4635217812867274 0
0.3649811921743371 4.761975003432481 0
0.3699905960871686 4.88098750171624 0
8.489936120957717 2.90338489172574 0
8.663941117007194 2.939638273560612 0
8.576938618982457 2.921511582643176 0
6.758448989962128 0.5680358126281848 0
6.877306926286977 0.5680133424150646 0
4.331941644782994 1.821138576165372 0
7.752015286074749 0.7700358616972198 0
0.3670337998704802 2.872116379500785 0
0.4574293396076641 2.767711204645288 0
0.4592402536747766 2.872921239844444 0
16.76270498028516 2.733399317120296 0
16.7366363406152 2.643494950728538 0
19.88910135856123 3.759126710458789 0
19.88792483079751 3.882608921031033 0
0.6502877479957014 2.362039653661161 0
0.5656462900534969 2.252869384324155 0
0.6578895737348862 2.26284836802051 0
16.1225527327347 0.3487783235070494 0
2.366783044963672 4.469262600046642 0
2.276513871503879 4.564097706950996 0
2.261857272800443 4.46740110308801 0
12.72252359421043 2.011471389809941 0
12.73340839983403 1.913564331938326 0
10.9733127524028 2.071246040341238 0
11.07044159488116 2.057150880633113 0
19.30375238994519 1.920222953220339 0
19.41294215473103 2.019540594278643 0
19.29678483050768 2.018335945973416 0
19.35834727233811 1.969881773749491 0
7.6010091894968 4.08688194748387 0
7.677601497460046 4.118146443223368 0
3.040358521087379 3.137878574177589 0
19.2193260547423 1.857441311369124 0
19.11124191073237 3.911300713414655 0
19.00485372582593 3.905458035631922 0
9.606926041328911 3.570971037368396 0
9.52131200054615 3.621415155220269 0
17.2852016818318 1.51357809170142 0
17.29287343896159 1.417352023345207 0
12.24308938498622 4.001065563645719 0
17.577541528123 4.344411791752064 0
17.61231512310642 4.194546561830629 0
17.66799160610129 4.285056996001897 0
1.775111457243906 2.054065047000224 0
1.839844502834119 2.008411919619248 0
7.940465590393832 1.701774144154211 0
1.624952913258046 4.020307199137131 0
4.826394736818907 2.076300898867432 0
13.21286528399876 3.149196722384597 0
13.26023332905142 3.219325341010242 0
5.918540578243189 2.320599029255439 0
12.6350123546822 3.617685268453432 0
19.8898928491485 3.63613959216993 0
13.72339926229662 3.792023867054764 0
4.838690293665453 1.058343924829777 0
4.524254914026559 0.7663224930757222 0
4.603499065854273 0.7940185045939456 0
15.91342740217562 0.5784624817291766 0
13.46768298931978 0.4804690959125715 0
13.47767456342117 0.5830414725111237 0
12.90951063593945 3.346614109328633 0
12.96006021099709 3.4230085196429 0
13.13382515278029 4.4752554893529 0
13.18179214979129 4.585287873551692 0
8.037778336319121 2.955127704807226 0
7.951027594037726 2.933910322699325 0
11.78452364096878 3.356235346376795 0
4.154003092017145 4.061352211810092 0
17.05404975446279 0.9353706707436567 0
17.03428104093486 0.8283553232553975 0
8.52614704953313 4.651761936351544 0
8.619418960521925 4.693608146013482 0
10.69160632528692 3.051294741726998 0
10.80786296383307 3.046005493288894 0
8.330486863454016 3.568738625640671 0
14.62639247754086 4.517463612755675 0
14.48316032375099 4.60361176446856 0
14.51282787655568 4.507092591007257 0
13.99765958597571 3.553545484274245 0
8.373141322068559 4.530224974203131 0
8.283170969135794 4.51528236896416 0
14.52283634267569 3.70749249384616 0
3.190861100036342 2.880820849229893 0
3.202898052223228 2.965862474285279 0
19.12471899666751 2.910929757461602 0
10.22853885071087 2.656284141874189 0
17.45105293500447 0.575980535873525 0
8.398192956094871 2.711760421226632 0
8.422915131109178 2.799318698077657 0
8.368523422297322 2.779300634854299 0
19.23186432213405 3.796635000902867 0
19.23918609310629 3.685316243822651 0
12.78766771739462 3.120138058286289 0
12.92054254262084 2.983079786021124 0
12.85410513000773 3.051608922153706 0
18.43013788568216 3.820731703460722 0
18.41901721807844 3.725370434545602 0
18.48118063019802 3.763918849693499 0
15.85993154064544 1.642005164078265 0
8.338641712622787 0.5152430104861287 0
0.1191188082122601 4.509641879666528 0
0.2409262066374769 4.638941030146443 0
0.1204631033187376 4.631970515073221 0
16.46227039021687 2.755409114363399 0
0.2444119500877928 0.3774296893283706 0
0.1222059750438973 0.3762148446641853 0
0.1185162272366931 4.388717590952681 0
1.894148160080514 2.739765059482905 0
1.813778299218054 2.574205390255829 0
1.853963229649285 2.656985224869367 0
9.592449831258799 4.90503567346779 0
12.43061068991576 2.2215591311645 0
12.55334147164671 2.326864624205934 0
12.44780559931573 2.353509509960187 0
12.49197608078123 2.274211877685217 0
18.40767858419999 2.534018217317322 0
19.62742291216583 0.1328231117321237 0
2.726828462097805 2.344627469396853 0
19.75882841800001 4.628101387764168 0
19.87941420900001 4.626550693882084 0
16.05492192658463 2.327105841405459 0
8.085327947495422 2.998478047171998 0
8.77768006584791 3.053079409040008 0
8.795251596089978 3.138148260006253 0
12.09386308348839 3.233446588452018 0
12.07094096483032 3.166880775336334 0
2.413291644009429 4.665366297846375 0
2.46630231462993 4.555180992164388 0
2.517254521304393 4.648294636630391 0
14.45568449130371 4.701989705260046 0
17.48906700118852 4.39018941343125 0
7.388475835362428 4.103833814792125 0
7.509327027684379 4.11629048838579 0
7.445804704732707 4.170140054521285 0
9.881724165109839 0.1320687528228008 0
2.429857674977751 2.892864900869828 0
2.443179202971976 2.98041376320765 0
0.4413899551478515 2.328829776539136 0
0.4951263766120775 2.131013608877498 0
0.4682581658799645 2.229921692708317 0
7.558463977545487 3.979737099061051 0
7.466781815733066 4.009145639962971 0
7.533895502614933 4.04801379372342 0
1.716436825436837 4.291398964896324 0
12.69668271706857 2.215097511354789 0
12.66352317145854 2.330753463509004 0
9.41392118622813 3.091142091869207 0
18.19608876502049 2.971534480393371 0
18.17153386053183 2.839952033344765 0
18.24836328836777 2.889289171219431 0
13.01875978195477 4.256432451014811 0
12.95962840052699 4.156069626454446 0
13.49217335242274 2.750411210184443 0
13.47933831157374 2.652000897260612 0
15.9314467474744 2.931864929738889 0
15.84568399820975 2.931127822199954 0
12.13064798777371 2.254290726726285 0
0.548909479017663 2.665238544564808 0
0.6428060927755048 2.568391845139129 0
0.6427038580505346 2.671619265397775 0
3.507704135686977 2.113163402467504 0
3.610412727376936 2.096849237515384 0
19.55009571421821 2.983232612946148 0
19.46101659688281 3.115263818266361 0
19.45134591573387 3.011092584033726 0
18.34938571973455 3.673313018298552 0
18.25928999264505 3.668538762442338 0
16.01540746411459 2.931454384874 0
3.395618552706588 2.118678576906273 0
17.50467908459601 1.223431332499797 0
15.3005772655392 2.946304783955132 0
9.147279155509887 4.814591126158591 0
9.136139577754944 4.907295563079295 0
14.84446704288129 4.53479357286008 0
14.73542976021108 4.526128592807877 0
18.38433542730538 3.893410609110477 0
2.162115849255775 1.113714324972034 0
13.34248453283935 0.3713097211325129 0
13.447978622009 0.3652355911513925 0
16.9678051637115 1.048138868971649 0
16.8664145205999 1.065520173173603 0
0.458661428879207 3.528521136981358 0
0.3880090219533763 3.4398771100387 0
0.4642137561104001 3.450661302781105 0
7.609422062804454 3.932232853468201 0
10.87124179761572 0.109530153562627 0
2.21603070262216 2.196397837327929 0
2.182702941212565 2.355829003106162 0
2.145547526412383 2.262912756300541 0
18.16775690072951 3.0459754888792 0
17.12782939961877 3.399198439709161 0
1.936491325588555 2.867934579609724 0
1.918773369583866 2.933599034208828 0
15.61862453652261 1.950372144513028 0
15.6017674943172 2.070424602555734 0
0.2771166620959491 2.983513079093095 0
0.2796595150238979 3.091510961597083 0
10.57357102161711 3.056408773025005 0
19.07623405547521 0.8415615747899816 0
2.667003364991876 1.72153591571471 0
13.90774729611481 0.6155059687751043 0
7.96457929509252 3.850358056557166 0
7.880673333999862 3.856790633170037 0
14.33730015758724 1.817370234347702 0
13.86429487486149 2.647757621010846 0
13.95786693992201 2.64925526217138 0
9.442152975799198 0.5047815309941874 0
9.422912793570896 0.3748732361327649 0
0.3612620091333625 2.657373252000518 0
0.2732195985609724 2.761996857133474 0
0.2701196915175537 2.65280748865247 0
2.41466014861191 2.807622849532143 0
12.975062227285 0.6185075187354254 0
2.382536468087022 2.161144730691889 0
2.489424510041628 2.151999929612722 0
0.5678507768122163 4.104355667784493 0
0.5734820811912797 4.209875675572233 0
3.772145900718211 4.383380637236697 0
3.791555592670017 4.484577319380309 0
18.06205146390266 1.019023585324398 0
17.94657747249619 1.016501071940551 0
17.03779407410315 4.428960986376046 0
17.37545875663899 1.631298214955762 0
17.4899816015532 1.644182388570982 0
5.116059021592267 2.307222789793494 0
6.524435917170877 0.5682481379766191 0
6.408190555836941 0.5706343324219687 0
1.751395950609998 2.505447189596086 0
1.67061717202245 2.562579678821292 0
1.679440377594867 2.478833676981815 0
16.61265213087161 0.8961549527134114 0
15.67056889796923 1.375192619607318 0
15.62061888862637 1.298289598350255 0
7.514660103378374 2.754866535457092 0
7.457607666400216 2.786516315780015 0
14.79881526237989 1.974942378123041 0
14.80502033347357 1.868618348978606 0
11.35355287642123 0.5188719327724922 0
11.40352573402364 0.371912513058045 0
11.43566668269257 0.4664865193386629 0
0.3645880156862926 0.3786896597972964 0
13.24766213621539 0.3944174066896777 0
10.97953663950559 4.477394426644245 0
8.985489135012994 1.939631509118899 0
10.87835646477546 2.069847499638066 0
10.75021245862397 2.143660842807097 0
10.78310448341529 2.051259280769879 0
0.3079433679045174 1.945441752429809 0
0.4305938599765966 1.928737283646063 0
0.448829541880901 2.032581786943648 0
0.3783864548927092 1.989011769686729 0
10.8652105945679 2.243897357239651 0
10.77136807718025 2.240787243079011 0
2.892177572394515 2.80510333045783 0
2.796445161400896 2.806490889627706 0
19.6380945485752 4.629191292056567 0
7.653060853584563 2.240328192224749 0
7.554518105719821 2.168277502044885 0
7.603789479652193 2.204302847134817 0
18.42558551741439 1.489999423151784 0
4.507730551158318 3.047150491846825 0
4.50049320904796 3.160221951664688 0
13.60389829134066 4.389950139327947 0
3.751792792030724 4.282358125424272 0
17.25955676964794 1.61909671894036 0
12.82394552195686 3.227207868457934 0
12.75234081473919 3.195246517607588 0
17.60277460352011 1.894181711390108 0
4.447031922517587 0.8059148169960713 0
3.447001280467344 3.680304314237895 0
15.0322566330678 4.541573469061317 0
14.93836183797455 4.538183520960699 0
0.3316736991321498 3.547811898143026 0
0.4731954737192421 3.634563357986535 0
0.4024345864256951 3.59118762806478 0
1.625080067679406 3.08215427998354 0
1.549350143922496 3.174169190823088 0
1.539320114127804 3.08443320252923 0
8.050876810850395 3.835486841587734 0
13.82944729821952 2.739406008981491 0
19.66042425114696 2.95511963549223 0
14.04670682240051 3.78783389628966 0
15.1374859542671 4.497802586932523 0
7.382930044768482 4.025602414482548 0
17.73065685621737 3.141544140300214 0
17.72497199960068 3.233173560479558 0
19.09931250620082 1.574714539877376 0
13.98420923735429 4.670895840982325 0
9.85839103919341 3.088650979414495 0
11.97490916757062 2.035583424258067 0
18.68063473600759 3.668488674978434 0
13.14508223488301 1.991527222926104 0
13.14051011347018 1.871262764459037 0
3.931468108423528 0.7848794818461109 0
3.925845863587591 0.8917505909908368 0
17.93359226405208 1.65590012324587 0
17.82360053876767 3.083866159866015 0
17.89164458388025 3.067716829554758 0
2.465467626079533 4.46263932913388 0
0.3126808508111285 3.47277377800007 0
18.90734302445598 2.687367487412337 0
18.8449453597928 2.706039448173813 0
19.46222492971218 3.224476505224586 0
12.40177389987094 2.1622848802181 0
15.63464381464043 1.840953479204078 0
8.7746888996175 2.936266149507175 0
2.316373017423759 2.261884454199329 0
2.280933229578432 2.354146934931274 0
0.4527421485433614 2.554900591920039 0
0.4550857440755127 2.661305898282663 0
0.5513407076796604 2.454916069667497 0
0.6465469203856031 2.465215749400145 0
1.256829424583906 4.513690777790833 0
1.300097805014932 4.624988519805248 0
2.299283585354591 2.178771284009909 0
7.448603449935217 2.149043731357839 0
19.48004049485844 0.9579153518376202 0
9.734916034923486 3.550743861692211 0
18.93221074163355 4.377833202249538 0
19.20981470376067 4.025567874699548 0
19.19752490596578 4.144218669164298 0
13.57417875147604 2.808677915403602 0
2.300095408125564 4.669317720923096 0
1.230257496827878 4.417034422361956 0
1.644713002912599 3.260254766638043 0
1.725391554679806 3.175238102294885 0
1.731307804839869 3.263532744553733 0
16.35951735171633 4.474470296202062 0
11.26017404851068 0.4416377721571081 0
11.26843629092291 0.5247160917034923 0
13.02898969200434 2.879536443891789 0
12.97476611731259 2.931308114956456 0
1.717463081537808 3.078128951909746 0
17.07062339313847 1.036872455893195 0
8.345019354365911 1.659358054680399 0
10.41596942248856 0.4416932155050217 0
10.41962259332077 0.5458428726330589 0
6.641442453566501 0.568141975302402 0
1.55908586649905 3.262863153076206 0
17.77062444946953 2.793324920923564 0
0.3606806638199913 4.644293360936256 0
3.083220518608321 2.800948654146262 0
3.178478725509317 2.79737060507621 0
2.987699045501418 2.803025992302046 0
1.626724113774223 2.686054048373357 0
1.648670642898338 2.624316863597324 0
18.05284515476904 2.76086909049804 0
17.99368472019149 2.75632781544762 0
16.6614289598227 2.885723862765964 0
16.77216356356243 2.871562930419728 0
16.72585133487959 2.936177399364036 0
16.69616442685059 2.79786909818449 0
16.63814109580524 2.825069979903871 0
8.521341789603031 3.259115801903596 0
8.456827789794705 3.245575949017787 0
0.5848644095325621 3.688273218023256 0
17.54279574571666 4.107520256522973 0
17.74689339482714 3.058336643256661 0
11.30203692687557 0.3527374026606291 0
15.67073842552537 1.455537422204723 0
10.40637361331927 0.3346802004361669 0
8.456425626033447 2.851351794901698 0
18.22277147417567 2.405177286061385 0
18.16686472947881 2.393656916602125 0
0.383106004138881 1.828994926498794 0
0.302853084913508 1.850058643682375 0
0.4508800930759715 1.856444456608874 0
13.14084077533926 2.105131745102685 0
1.817100883666598 2.431241799340257 0
1.815439591442324 2.502723594798043 0
8.754490351663542 0.5115564836333779 0
8.773472563403814 0.6131310456055719 0
1.694389737659051 2.023527718880936 0
1.744889055237406 2.162208395279758 0
1.719639396448228 2.092868057080347 0
1.642289915056017 1.98208545653274 0
1.639332968265458 2.749652427899816 0
17.93778412812404 3.858689774915198 0
17.84889876638919 3.82644801704858 0
0.4470660518456064 2.441865184229588 0
9.42359297021563 0.6307925036786639 0
0.5159922623571802 2.060353351147056 0
18.95468409004354 2.64217753064855 0
1.294342350456676 0.2248609772062866 0
18.41659296065227 3.651497104300629 0
13.23392187073899 3.069344480317374 0
8.566966159668304 3.306305586530812 0
17.6284960170627 2.117666557505844 0
1.915319742834535 2.803849819546315 0
18.15149316315816 2.72911622711653 0
18.11218950765043 2.800410561921402 0
19.3462451910011 2.109499831893536 0
19.42146237222078 2.089731493443883 0
19.27610920949584 2.088209035247775 0
1.872912810508948 0.8885933719238119 0
19.33043711516234 3.910902162187761 0
19.44143634994118 3.906955834381626 0
9.187063565342195 3.22178704264969 0
7.219358196986094 1.926693145459557 0
7.306616891340504 1.93028652466502 0
18.16303390133816 2.648923034951239 0
2.912933835808076 1.923230890644593 0
18.28237727156193 2.390483136813663 0
14.8042132361815 2.087834159482035 0
9.072654477362667 4.763242826775209 0
0.4600307768639951 4.02816322112557 0
0.5562309653770647 4.007845212012023 0
18.04674943457383 3.852991847132538 0
8.729058722635125 0.3958739039273835 0
7.127090709909194 1.972280193324649 0
3.951838832780954 0.6644456289073206 0
8.449644185800844 4.590993455277338 0
12.63961904197758 2.840942819025456 0
1.821383250903445 2.287606694654612 0
1.783136153070425 2.224907544967185 0
8.954591924999537 3.344919548592689 0
10.91926167348535 2.157571698790445 0
16.76743427192379 2.802481123770012 0
19.22083951294736 3.911101437801207 0
8.278105822220876 3.965789264857808 0
12.7096031556395 2.113284450582364 0
1.819242067285021 2.359424246997435 0
18.17924330206814 1.021820155455004 0
4.592858072121084 2.934736420086347 0
4.480709590417041 2.946625853228714 0
13.10181352683982 2.875638027594377 0
0.2751681303284617 2.872754968113285 0
13.07629246736753 4.365843970183856 0
0.3659844483211572 4.000149358956785 0
12.11801143867662 3.299883658787966 0
12.86672807894816 3.286910988893283 0
4.663164645776769 2.888467969115213 0
4.470028922529588 2.623028231408178 0
7.556108714970638 2.683950628749594 0
8.432180829255689 2.632675502781706 0
12.34470122912635 2.630352554304627 0
7.694353718597253 2.316244860865911 0
12.3560795078529 2.37283551973363 0
3.344330110540094 2.624952561269135 0
$EndNodes
$Elements
40 10206 1 10206
1 9 1 8
1 1 29 
2 29 30 
3 30 31 
4 31 32 
5 32 33 
6 33 34 
7 34 35 
8 35 2 
1 13 1 8
9 3 36 
10 36 37 
11 37 38 
12 38 39 
13 39 40 
14 40 41 
15 41 42 
16 42 4 
1 17 1 4
17 5 43 
18 43 44 
19 44 45 
20 45 6 
1 21 1 8
21 7 46 
22 46 47 
23 47 48 
24 48 49 
25 49 50 
26 50 51 
27 51 52 
28 52 8 
1 25 1 40
29 9 53 
30 53 54 
31 54 55 
32 55 56 
33 56 57 
34 57 58 
35 58 59 
36 59 60 
37 60 61 
38 61 62 
39 62 63 
40 63 64 
41 64 65 
42 65 66 
43 66 67 
44 67 68 
45 68 69 
46 69 70 
47 70 71 
48 71 72 
49 72 73 
50 73 74 
51 74 75 
52 75 76 
53 76 77 
54 77 78 
55 78 79 
56 79 80 
57 80 81 
58 81 82 
59 82 83 
60 83 84 
61 84 85 
62 85 86 
63 86 87 
64 87 88 
65 88 89 
66 89 90 
67 90 91 
68 91 10 
1 26 1 160
69 11 92 
70 92 93 
71 93 94 
72 94 95 
73 95 96 
74 96 97 
75 97 98 
76 98 99 
77 99 100 
78 100 101 
79 101 102 
80 102 103 
81 103 104 
82 104 105 
83 105 106 
84 106 107 
85 107 108 
86 108 109 
87 109 110 
88 110 111 
89 111 112 
90 112 113 
91 113 114 
92 114 115 
93 115 116 
94 116 117 
95 117 118 
96 118 119 
97 119 120 
98 120 121 
99 121 122 
100 122 123 
101 123 124 
102 124 125 
103 125 126 
104 126 127 
105 127 128 
106 128 129 
107 129 130 
108 130 131 
109 131 132 
110 132 133 
111 133 134 
112 134 135 
113 135 136 
114 136 137 
115 137 138 
116 138 139 
117 139 140 
118 140 141 
119 141 142 
120 142 143 
121 143 144 
122 144 145 
123 145 146 
124 146 147 
125 147 148 
126 148 149 
127 149 150 
128 150 151 
129 151 152 
130 152 153 
131 153 154 
132 154 155 
133 155 156 
134 156 157 
135 157 158 
136 158 159 
137 159 160 
138 160 161 
139 161 162 
140 162 163 
141 163 164 
142 164 165 
143 165 166 
144 166 167 
145 167 168 
146 168 169 
147 169 170 
148 170 171 
149 171 172 
150 172 173 
151 173 174 
152 174 175 
153 175 176 
154 176 177 
155 177 178 
156 178 179 
157 179 180 
158 180 181 
159 181 182 
160 182 183 
161 183 184 
162 184 185 
163 185 186 
164 186 187 
165 187 188 
166 188 189 
167 189 190 
168 190 191 
169 191 192 
170 192 193 
171 193 194 
172 194 195 
173 195 196 
174 196 197 
175 197 198 
176 198 199 
177 199 200 
178 200 201 
179 201 202 
180 202 203 
181 203 204 
182 204 205 
183 205 206 
184 206 207 
185 207 208 
186 208 209 
187 209 210 
188 210 211 
189 211 212 
190 212 213 
191 213 214 
192 214 215 
193 215 216 
194 216 217 
195 217 218 
196 218 219 
197 219 220 
198 220 221 
199 221 222 
200 222 223 
201 223 224 
202 224 225 
203 225 226 
204 226 227 
205 227 228 
206 228 229 
207 229 230 
208 230 231 
209 231 232 
210 232 233 
211 233 234 
212 234 235 
213 235 236 
214 236 237 
215 237 238 
216 238 239 
217 239 240 
218 240 241 
219 241 242 
220 242 243 
221 243 244 
222 244 245 
223 245 246 
224 246 247 
225 247 248 
226 248 249 
227 249 250 
228 250 12 
1 27 1 40
229 13 251 
230 251 252 
231 252 253 
232 253 254 
233 254 255 
234 255 256 
235 256 257 
236 257 258 
237 258 259 
238 259 260 
239 260 261 
240 261 262 
241 262 263 
242 263 264 
243 264 265 
244 265 266 
245 266 267 
246 267 268 
247 268 269 
248 269 270 
249 270 271 
250 271 272 
251 272 273 
252 273 274 
253 274 275 
254 275 276 
255 276 277 
256 277 278 
257 278 279 
258 279 280 
259 280 281 
260 281 282 
261 282 283 
262 283 284 
263 284 285 
264 285 286 
265 286 287 
266 287 288 
267 288 289 
268 289 11 
1 28 1 40
269 12 290 
270 290 291 
271 291 292 
272 292 293 
273 293 294 
274 294 295 
275 295 296 
276 296 297 
277 297 298 
278 298 299 
279 299 300 
280 300 301 
281 301 302 
282 302 303 
283 303 304 
284 304 305 
285 305 306 
286 306 307 
287 307 308 
288 308 309 
289 309 310 
290 310 311 
291 311 312 
292 312 313 
293 313 314 
294 314 315 
295 315 316 
296 316 317 
297 317 318 
298 318 319 
299 319 320 
300 320 321 
301 321 322 
302 322 323 
303 323 324 
304 324 325 
305 325 326 
306 326 327 
307 327 328 
308 328 14 
1 29 1 160
309 14 329 
310 329 330 
311 330 331 
312 331 332 
313 332 333 
314 333 334 
315 334 335 
316 335 336 
317 336 337 
318 337 338 
319 338 339 
320 339 340 
321 340 341 
322 341 342 
323 342 343 
324 343 344 
325 344 345 
326 345 346 
327 346 347 
328 347 348 
329 348 349 
330 349 350 
331 350 351 
332 351 352 
333 352 353 
334 353 354 
335 354 355 
336 355 356 
337 356 357 
338 357 358 
339 358 359 
340 359 360 
341 360 361 
342 361 362 
343 362 363 
344 363 364 
345 364 365 
346 365 366 
347 366 367 
348 367 368 
349 368 369 
350 369 370 
351 370 371 
352 371 372 
353 372 373 
354 373 374 
355 374 375 
356 375 376 
357 376 377 
358 377 378 
359 378 379 
360 379 380 
361 380 381 
362 381 382 
363 382 383 
364 383 384 
365 384 385 
366 385 386 
367 386 387 
368 387 388 
369 388 389 
370 389 390 
371 390 391 
372 391 392 
373 392 393 
374 393 394 
375 394 395 
376 395 396 
377 396 397 
378 397 398 
379 398 399 
380 399 400 
381 400 401 
382 401 402 
383 402 403 
384 403 404 
385 404 405 
386 405 406 
387 406 407 
388 407 408 
389 408 409 
390 409 410 
391 410 411 
392 411 412 
393 412 413 
394 413 414 
395 414 415 
396 415 416 
397 416 417 
398 417 418 
399 418 419 
400 419 420 
401 420 421 
402 421 422 
403 422 423 
404 423 424 
405 424 425 
406 425 426 
407 426 427 
408 427 428 
409 428 429 
410 429 430 
411 430 431 
412 431 432 
413 432 433 
414 433 434 
415 434 435 
416 435 436 
417 436 437 
418 437 438 
419 438 439 
420 439 440 
421 440 441 
422 441 442 
423 442 443 
424 443 444 
425 444 445 
426 445 446 
427 446 447 
428 447 448 
429 448 449 
430 449 450 
431 450 451 
432 451 452 
433 452 453 
434 453 454 
435 454 455 
436 455 456 
437 456 457 
438 457 458 
439 458 459 
440 459 460 
441 460 461 
442 461 462 
443 462 463 
444 463 464 
445 464 465 
446 465 466 
447 466 467 
448 467 468 
449 468 469 
450 469 470 
451 470 471 
452 471 472 
453 472 473 
454 473 474 
455 474 475 
456 475 476 
457 476 477 
458 477 478 
459 478 479 
460 479 480 
461 480 481 
462 481 482 
463 482 483 
464 483 484 
465 484 485 
466 485 486 
467 486 487 
468 487 13 
1 30 1 48
469 15 488 
470 488 489 
471 489 490 
472 490 491 
473 491 492 
474 492 493 
475 493 494 
476 494 495 
477 495 496 
478 496 497 
479 497 498 
480 498 499 
481 499 500 
482 500 501 
483 501 502 
484 502 503 
485 503 504 
486 504 505 
487 505 506 
488 506 507 
489 507 508 
490 508 509 
491 509 510 
492 510 511 
493 511 512 
494 512 513 
495 513 514 
496 514 515 
497 515 516 
498 516 517 
499 517 518 
500 518 519 
501 519 520 
502 520 521 
503 521 522 
504 522 523 
505 523 524 
506 524 525 
507 525 526 
508 526 527 
509 527 528 
510 528 529 
511 529 530 
512 530 531 
513 531 532 
514 532 533 
515 533 534 
516 534 9 
1 31 1 2
517 16 535 
518 535 9 
1 32 1 40
519 17 536 
520 536 537 
521 537 538 
522 538 539 
523 539 540 
524 540 541 
525 541 542 
526 542 543 
527 543 544 
528 544 545 
529 545 546 
530 546 547 
531 547 548 
532 548 549 
533 549 550 
534 550 551 
535 551 552 
536 552 553 
537 553 554 
538 554 555 
539 555 556 
540 556 557 
541 557 558 
542 558 559 
543 559 560 
544 560 561 
545 561 562 
546 562 563 
547 563 564 
548 564 565 
549 565 566 
550 566 567 
551 567 568 
552 568 569 
553 569 570 
554 570 571 
555 571 572 
556 572 573 
557 573 574 
558 574 16 
1 33 1 2
559 10 575 
560 575 17 
1 34 1 48
561 10 576 
562 576 577 
563 577 578 
564 578 579 
565 579 580 
566 580 581 
567 581 582 
568 582 583 
569 583 584 
570 584 585 
571 585 586 
572 586 587 
573 587 588 
574 588 589 
575 589 590 
576 590 591 
577 591 592 
578 592 593 
579 593 594 
580 594 595 
581 595 596 
582 596 597 
583 597 598 
584 598 599 
585 599 600 
586 600 601 
587 601 602 
588 602 603 
589 603 604 
590 604 605 
591 605 606 
592 606 607 
593 607 608 
594 608 609 
595 609 610 
596 610 611 
597 611 612 
598 612 613 
599 613 614 
600 614 615 
601 615 616 
602 616 617 
603 617 618 
604 618 619 
605 619 620 
606 620 621 
607 621 622 
608 622 18 
1 35 1 2
609 18 623 
610 623 19 
1 36 1 16
611 19 624 
612 624 625 
613 625 626 
614 626 627 
615 627 628 
616 628 629 
617 629 630 
618 630 631 
619 631 632 
620 632 633 
621 633 634 
622 634 635 
623 635 636 
624 636 637 
625 637 638 
626 638 8 
1 37 1 2
627 8 639 
628 639 20 
1 38 1 8
629 20 640 
630 640 641 
631 641 642 
632 642 643 
633 643 644 
634 644 645 
635 645 646 
636 646 21 
1 39 1 2
637 21 647 
638 647 7 
1 40 1 32
639 7 648 
640 648 649 
641 649 650 
642 650 651 
643 651 652 
644 652 653 
645 653 654 
646 654 655 
647 655 656 
648 656 657 
649 657 658 
650 658 659 
651 659 660 
652 660 661 
653 661 662 
654 662 663 
655 663 664 
656 664 665 
657 665 666 
658 666 667 
659 667 668 
660 668 669 
661 669 670 
662 670 671 
663 671 672 
664 672 673 
665 673 674 
666 674 675 
667 675 676 
668 676 677 
669 677 678 
670 678 6 
1 41 1 2
671 6 679 
672 679 22 
1 42 1 4
673 22 680 
674 680 681 
675 681 682 
676 682 23 
1 43 1 2
677 23 683 
678 683 5 
1 44 1 28
679 5 684 
680 684 685 
681 685 686 
682 686 687 
683 687 688 
684 688 689 
685 689 690 
686 690 691 
687 691 692 
688 692 693 
689 693 694 
690 694 695 
691 695 696 
692 696 697 
693 697 698 
694 698 699 
695 699 700 
696 700 701 
697 701 702 
698 702 703 
699 703 704 
700 704 705 
701 705 706 
702 706 707 
703 707 708 
704 708 709 
705 709 710 
706 710 4 
1 45 1 2
707 4 711 
708 711 24 
1 46 1 8
709 24 712 
710 712 713 
711 713 714 
712 714 715 
713 715 716 
714 716 717 
715 717 718 
716 718 25 
1 47 1 2
717 25 719 
718 719 3 
1 48 1 28
719 3 720 
720 720 721 
721 721 722 
722 722 723 
723 723 724 
724 724 725 
725 725 726 
726 726 727 
727 727 728 
728 728 729 
729 729 730 
730 730 731 
731 731 732 
732 732 733 
733 733 734 
734 734 735 
735 735 736 
736 736 737 
737 737 738 
738 738 739 
739 739 740 
740 740 741 
741 741 742 
742 742 743 
743 743 744 
744 744 745 
745 745 746 
746 746 2 
1 49 1 2
747 2 747 
748 747 26 
1 50 1 8
749 26 748 
750 748 749 
751 749 750 
752 750 751 
753 751 752 
754 752 753 
755 753 754 
756 754 27 
1 51 1 2
757 27 755 
758 755 1 
1 52 1 16
759 1 756 
760 756 757 
761 757 758 
762 758 759 
763 759 760 
764 760 761 
765 761 762 
766 762 763 
767 763 764 
768 764 765 
769 765 766 
770 766 767 
771 767 768 
772 768 769 
773 769 770 
774 770 28 
1 53 1 2
775 28 771 
776 771 15 
2 2 3 318
777 47 46 798 797 
778 46 7 796 798 
779 798 796 603 604 
780 797 798 604 605 
781 54 799 801 778 
782 799 39 38 801 
783 801 38 37 800 
784 778 801 800 777 
785 54 781 803 799 
786 781 774 802 803 
787 803 802 41 40 
788 799 803 40 39 
789 593 789 806 805 
790 789 772 804 806 
791 806 804 657 658 
792 805 806 658 659 
793 593 805 808 786 
794 805 659 660 808 
795 808 660 661 807 
796 786 808 807 773 
797 495 785 811 810 
798 785 776 809 811 
799 811 809 759 760 
800 810 811 760 761 
801 495 810 813 782 
802 810 761 762 813 
803 813 762 763 812 
804 782 813 812 775 
805 499 500 816 815 
806 500 501 814 816 
807 816 814 30 29 
808 815 816 29 1 
809 507 508 819 818 
810 508 509 817 819 
811 819 817 745 746 
812 818 819 746 2 
813 777 800 821 779 
814 800 37 36 821 
815 821 36 3 820 
816 779 821 820 9 
817 9 820 823 534 
818 820 3 720 823 
819 823 720 721 822 
820 534 823 822 533 
821 774 780 825 802 
822 780 56 824 825 
823 825 824 4 42 
824 802 825 42 41 
825 56 57 827 824 
826 57 58 826 827 
827 827 826 709 710 
828 824 827 710 4 
829 6 828 830 678 
830 828 10 576 830 
831 830 576 577 829 
832 678 830 829 677 
833 32 31 832 831 
834 31 30 814 832 
835 832 814 501 502 
836 831 832 502 503 
837 34 33 834 833 
838 33 32 831 834 
839 834 831 503 504 
840 833 834 504 505 
841 2 35 835 818 
842 35 34 833 835 
843 835 833 505 506 
844 818 835 506 507 
845 607 836 837 606 
846 836 49 48 837 
847 837 48 47 797 
848 606 837 797 605 
849 49 836 838 50 
850 836 607 608 838 
851 838 608 609 792 
852 50 838 792 51 
853 58 59 840 826 
854 59 60 839 840 
855 840 839 707 708 
856 826 840 708 709 
857 60 61 841 839 
858 61 62 795 841 
859 841 795 705 706 
860 839 841 706 707 
861 68 842 843 67 
862 842 703 704 843 
863 843 704 705 794 
864 67 843 794 66 
865 70 844 845 69 
866 844 701 702 845 
867 845 702 703 842 
868 69 845 842 68 
869 72 846 847 71 
870 846 699 700 847 
871 847 700 701 844 
872 71 847 844 70 
873 74 848 849 73 
874 848 697 698 849 
875 849 698 699 846 
876 73 849 846 72 
877 76 850 851 75 
878 850 695 696 851 
879 851 696 697 848 
880 75 851 848 74 
881 78 852 853 77 
882 852 693 694 853 
883 853 694 695 850 
884 77 853 850 76 
885 80 854 855 79 
886 854 691 692 855 
887 855 692 693 852 
888 79 855 852 78 
889 82 856 857 81 
890 856 689 690 857 
891 857 690 691 854 
892 81 857 854 80 
893 84 858 859 83 
894 858 687 688 859 
895 859 688 689 856 
896 83 859 856 82 
897 86 860 861 85 
898 860 685 686 861 
899 861 686 687 858 
900 85 861 858 84 
901 491 862 864 490 
902 862 767 768 864 
903 864 768 769 863 
904 490 864 863 489 
905 767 862 866 766 
906 862 491 492 866 
907 866 492 493 865 
908 766 866 865 765 
909 775 812 867 783 
910 812 763 764 867 
911 867 764 765 865 
912 783 867 865 493 
913 1 756 869 815 
914 756 757 868 869 
915 869 868 497 498 
916 815 869 498 499 
917 776 784 870 809 
918 784 497 868 870 
919 870 868 757 758 
920 809 870 758 759 
921 509 510 872 817 
922 510 511 871 872 
923 872 871 743 744 
924 817 872 744 745 
925 511 512 874 871 
926 512 513 873 874 
927 874 873 741 742 
928 871 874 742 743 
929 517 875 877 516 
930 875 737 738 877 
931 877 738 739 876 
932 516 877 876 515 
933 519 878 879 518 
934 878 735 736 879 
935 879 736 737 875 
936 518 879 875 517 
937 521 880 881 520 
938 880 733 734 881 
939 881 734 735 878 
940 520 881 878 519 
941 523 882 883 522 
942 882 731 732 883 
943 883 732 733 880 
944 522 883 880 521 
945 525 884 885 524 
946 884 729 730 885 
947 885 730 731 882 
948 524 885 882 523 
949 527 886 887 526 
950 886 727 728 887 
951 887 728 729 884 
952 526 887 884 525 
953 529 888 889 528 
954 888 725 726 889 
955 889 726 727 886 
956 528 889 886 527 
957 531 890 891 530 
958 890 723 724 891 
959 891 724 725 888 
960 530 891 888 529 
961 533 822 892 532 
962 822 721 722 892 
963 892 722 723 890 
964 532 892 890 531 
965 579 893 894 578 
966 893 675 676 894 
967 894 676 677 829 
968 578 894 829 577 
969 581 895 896 580 
970 895 673 674 896 
971 896 674 675 893 
972 580 896 893 579 
973 583 897 898 582 
974 897 671 672 898 
975 898 672 673 895 
976 582 898 895 581 
977 585 899 900 584 
978 899 669 670 900 
979 900 670 671 897 
980 584 900 897 583 
981 587 901 902 586 
982 901 667 668 902 
983 902 668 669 899 
984 586 902 899 585 
985 589 903 904 588 
986 903 665 666 904 
987 904 666 667 901 
988 588 904 901 587 
989 591 905 906 590 
990 905 663 664 906 
991 906 664 665 903 
992 590 906 903 589 
993 773 807 907 787 
994 807 661 662 907 
995 907 662 663 905 
996 787 907 905 591 
997 772 788 909 804 
998 788 595 908 909 
999 909 908 655 656 
1000 804 909 656 657 
1001 595 596 911 908 
1002 596 597 910 911 
1003 911 910 653 654 
1004 908 911 654 655 
1005 597 598 913 910 
1006 598 599 912 913 
1007 913 912 651 652 
1008 910 913 652 653 
1009 7 648 915 796 
1010 648 649 914 915 
1011 915 914 601 602 
1012 796 915 602 603 
1013 599 600 916 912 
1014 600 601 914 916 
1015 916 914 649 650 
1016 912 916 650 651 
1017 609 610 918 791 
1018 610 611 917 918 
1019 918 917 635 636 
1020 791 918 636 637 
1021 611 612 920 917 
1022 612 613 919 920 
1023 920 919 633 634 
1024 917 920 634 635 
1025 613 614 922 919 
1026 614 615 921 922 
1027 922 921 631 632 
1028 919 922 632 633 
1029 615 616 924 921 
1030 616 617 923 924 
1031 924 923 629 630 
1032 921 924 630 631 
1033 617 618 926 923 
1034 618 619 925 926 
1035 926 925 627 628 
1036 923 926 628 629 
1037 619 620 928 925 
1038 620 621 927 928 
1039 928 927 625 626 
1040 925 928 626 627 
1041 88 89 931 930 
1042 89 90 929 931 
1043 931 929 44 43 
1044 930 931 43 5 
1045 86 87 932 860 
1046 87 88 930 932 
1047 932 930 5 684 
1048 860 932 684 685 
1049 18 623 933 622 
1050 623 19 624 933 
1051 933 624 625 927 
1052 622 933 927 621 
1053 515 876 934 514 
1054 876 739 740 934 
1055 934 740 741 873 
1056 514 934 873 513 
1057 90 91 935 929 
1058 91 10 828 935 
1059 935 828 6 45 
1060 929 935 45 44 
1061 769 770 936 863 
1062 770 28 771 936 
1063 936 771 15 488 
1064 863 936 488 489 
1065 54 778 937 53 
1066 778 777 779 937 
1067 53 937 779 9 
1068 56 780 938 55 
1069 780 774 781 938 
1070 55 938 781 54 
1071 495 782 939 494 
1072 782 775 783 939 
1073 494 939 783 493 
1074 497 784 940 496 
1075 784 776 785 940 
1076 496 940 785 495 
1077 593 786 941 592 
1078 786 773 787 941 
1079 592 941 787 591 
1080 595 788 942 594 
1081 788 772 789 942 
1082 594 942 789 593 
1083 8 790 943 638 
1084 790 609 791 943 
1085 638 943 791 637 
1086 609 790 944 792 
1087 790 8 52 944 
1088 792 944 52 51 
1089 705 793 945 794 
1090 793 64 65 945 
1091 794 945 65 66 
1092 64 793 946 63 
1093 793 705 795 946 
1094 63 946 795 62 
2 3 3 16
1095 753 754 948 947 
1096 754 27 755 948 
1097 948 755 1 29 
1098 947 948 29 30 
1099 26 748 950 747 
1100 748 749 949 950 
1101 950 949 34 35 
1102 747 950 35 2 
1103 32 951 952 31 
1104 951 751 752 952 
1105 952 752 753 947 
1106 31 952 947 30 
1107 749 750 953 949 
1108 750 751 951 953 
1109 953 951 32 33 
1110 949 953 33 34 
2 4 3 16
1111 39 954 956 38 
1112 954 715 716 956 
1113 956 716 717 955 
1114 38 956 955 37 
1115 713 714 958 957 
1116 714 715 954 958 
1117 958 954 39 40 
1118 957 958 40 41 
1119 717 718 959 955 
1120 718 25 719 959 
1121 959 719 3 36 
1122 955 959 36 37 
1123 24 712 960 711 
1124 712 713 957 960 
1125 960 957 41 42 
1126 711 960 42 4 
2 5 3 8
1127 681 682 962 961 
1128 682 23 683 962 
1129 962 683 5 43 
1130 961 962 43 44 
1131 22 680 963 679 
1132 680 681 961 963 
1133 963 961 44 45 
1134 679 963 45 6 
2 6 3 32
1135 49 50 971 970 
1136 50 51 968 971 
1137 971 968 966 969 
1138 970 971 969 964 
1139 7 972 974 647 
1140 972 965 973 974 
1141 974 973 645 646 
1142 647 974 646 21 
1143 20 975 976 639 
1144 975 966 968 976 
1145 976 968 51 52 
1146 639 976 52 8 
1147 47 48 979 978 
1148 48 49 970 979 
1149 979 970 964 977 
1150 978 979 977 967 
1151 964 969 981 980 
1152 969 966 975 981 
1153 981 975 20 640 
1154 980 981 640 641 
1155 965 982 984 973 
1156 982 967 983 984 
1157 984 983 643 644 
1158 973 984 644 645 
1159 967 977 985 983 
1160 977 964 980 985 
1161 985 980 641 642 
1162 983 985 642 643 
1163 967 982 986 978 
1164 982 965 972 986 
1165 986 972 7 46 
1166 978 986 46 47 
2 7 3 80
1167 561 562 989 988 
1168 562 563 987 989 
1169 989 987 64 65 
1170 988 989 65 66 
1171 84 990 992 83 
1172 990 543 544 992 
1173 992 544 545 991 
1174 83 992 991 82 
1175 72 993 995 71 
1176 993 555 556 995 
1177 995 556 557 994 
1178 71 995 994 70 
1179 78 996 998 77 
1180 996 549 550 998 
1181 998 550 551 997 
1182 77 998 997 76 
1183 60 999 1001 59 
1184 999 567 568 1001 
1185 1001 568 569 1000 
1186 59 1001 1000 58 
1187 62 1002 1003 61 
1188 1002 565 566 1003 
1189 1003 566 567 999 
1190 61 1003 999 60 
1191 88 1004 1006 87 
1192 1004 539 540 1006 
1193 1006 540 541 1005 
1194 87 1006 1005 86 
1195 90 1007 1008 89 
1196 1007 537 538 1008 
1197 1008 538 539 1004 
1198 89 1008 1004 88 
1199 573 574 1010 1009 
1200 574 16 535 1010 
1201 1010 535 9 53 
1202 1009 1010 53 54 
1203 557 558 1012 994 
1204 558 559 1011 1012 
1205 1012 1011 68 69 
1206 994 1012 69 70 
1207 547 548 1014 1013 
1208 548 549 996 1014 
1209 1014 996 78 79 
1210 1013 1014 79 80 
1211 10 575 1015 91 
1212 575 17 536 1015 
1213 1015 536 537 1007 
1214 91 1015 1007 90 
1215 64 987 1016 63 
1216 987 563 564 1016 
1217 1016 564 565 1002 
1218 63 1016 1002 62 
1219 74 1017 1018 73 
1220 1017 553 554 1018 
1221 1018 554 555 993 
1222 73 1018 993 72 
1223 551 552 1019 997 
1224 552 553 1017 1019 
1225 1019 1017 74 75 
1226 997 1019 75 76 
1227 541 542 1020 1005 
1228 542 543 990 1020 
1229 1020 990 84 85 
1230 1005 1020 85 86 
1231 571 572 1022 1021 
1232 572 573 1009 1022 
1233 1022 1009 54 55 
1234 1021 1022 55 56 
1235 58 1000 1023 57 
1236 1000 569 570 1023 
1237 1023 570 571 1021 
1238 57 1023 1021 56 
1239 68 1011 1024 67 
1240 1011 559 560 1024 
1241 1024 560 561 988 
1242 67 1024 988 66 
1243 82 991 1025 81 
1244 991 545 546 1025 
1245 1025 546 547 1013 
1246 81 1025 1013 80 
2 8 3 8960
1247 2865 3089 3093 3092 
1248 3089 2510 3090 3093 
1249 3093 3090 2670 3091 
1250 3092 3093 3091 2392 
1251 1907 3094 3098 3097 
1252 3094 2639 3095 3098 
1253 3098 3095 1089 3096 
1254 3097 3098 3096 2506 
1255 2161 3099 3103 3102 
1256 3099 1135 3100 3103 
1257 3103 3100 2162 3101 
1258 3102 3103 3101 1959 
1259 1969 3104 3107 3106 
1260 3104 2686 3105 3107 
1261 3107 3105 2639 3094 
1262 3106 3107 3094 1907 
1263 2076 3108 3112 3111 
1264 3108 1402 3109 3112 
1265 3112 3109 2783 3110 
1266 3111 3112 3110 2144 
1267 1277 3113 3117 3116 
1268 3113 1364 3114 3117 
1269 3117 3114 2177 3115 
1270 3116 3117 3115 1275 
1271 1607 3118 3122 3121 
1272 3118 2596 3119 3122 
1273 3122 3119 1896 3120 
1274 3121 3122 3120 2864 
1275 1357 3123 3127 3126 
1276 3123 2735 3124 3127 
1277 3127 3124 2321 3125 
1278 3126 3127 3125 2809 
1279 3059 3128 3132 3131 
1280 3128 2050 3129 3132 
1281 3132 3129 2081 3130 
1282 3131 3132 3130 1141 
1283 1051 3133 3137 3136 
1284 3133 2716 3134 3137 
1285 3137 3134 2379 3135 
1286 3136 3137 3135 2749 
1287 3029 3138 3142 3141 
1288 3138 2386 3139 3142 
1289 3142 3139 1072 3140 
1290 3141 3142 3140 2131 
1291 1865 3143 3147 3146 
1292 3143 2016 3144 3147 
1293 3147 3144 2920 3145 
1294 3146 3147 3145 2577 
1295 3027 3148 3152 3151 
1296 3148 1704 3149 3152 
1297 3152 3149 1883 3150 
1298 3151 3152 3150 2250 
1299 2608 3153 3157 3156 
1300 3153 2557 3154 3157 
1301 3157 3154 2669 3155 
1302 3156 3157 3155 2512 
1303 1070 3158 3162 3161 
1304 3158 2046 3159 3162 
1305 3162 3159 1794 3160 
1306 3161 3162 3160 2302 
1307 2302 3160 3166 3165 
1308 3160 1794 3163 3166 
1309 3166 3163 3070 3164 
1310 3165 3166 3164 2301 
1311 2762 3167 3171 3170 
1312 3167 1158 3168 3171 
1313 3171 3168 2744 3169 
1314 3170 3171 3169 1963 
1315 2124 3172 3176 3175 
1316 3172 1160 3173 3176 
1317 3176 3173 2702 3174 
1318 3175 3176 3174 2120 
1319 2750 3177 3181 3180 
1320 3177 2239 3178 3181 
1321 3181 3178 1059 3179 
1322 3180 3181 3179 2628 
1323 2163 3182 3186 3185 
1324 3182 1789 3183 3186 
1325 3186 3183 2882 3184 
1326 3185 3186 3184 1958 
1327 1901 3187 3191 3190 
1328 3187 2587 3188 3191 
1329 3191 3188 1069 3189 
1330 3190 3191 3189 2674 
1331 1829 3192 3196 3195 
1332 3192 2631 3193 3196 
1333 3196 3193 2002 3194 
1334 3195 3196 3194 2574 
1335 3058 3197 3201 3200 
1336 3197 2841 3198 3201 
1337 3201 3198 2897 3199 
1338 3200 3201 3199 1055 
1339 2703 3202 3206 3205 
1340 3202 2517 3203 3206 
1341 3206 3203 2996 3204 
1342 3205 3206 3204 1860 
1343 2046 3158 3210 3209 
1344 3158 1070 3207 3210 
1345 3210 3207 2081 3208 
1346 3209 3210 3208 2048 
1347 1379 3211 3215 3214 
1348 3211 2709 3212 3215 
1349 3215 3212 2213 3213 
1350 3214 3215 3213 2693 
1351 1734 3216 3220 3219 
1352 3216 2073 3217 3220 
1353 3220 3217 2808 3218 
1354 3219 3220 3218 2008 
1355 2613 3221 3224 3223 
1356 3221 2807 3222 3224 
1357 3224 3222 723 722 
1358 3223 3224 722 721 
1359 2963 3225 3229 3228 
1360 3225 1875 3226 3229 
1361 3229 3226 1880 3227 
1362 3228 3229 3227 2572 
1363 2416 3230 3234 3233 
1364 3230 2019 3231 3234 
1365 3234 3231 2417 3232 
1366 3233 3234 3232 1589 
1367 1050 3235 3239 3238 
1368 3235 1736 3236 3239 
1369 3239 3236 2998 3237 
1370 3238 3239 3237 2034 
1371 2626 3240 3244 3243 
1372 3240 2084 3241 3244 
1373 3244 3241 2971 3242 
1374 3243 3244 3242 2218 
1375 2396 3245 3249 3248 
1376 3245 2345 3246 3249 
1377 3249 3246 2986 3247 
1378 3248 3249 3247 1577 
1379 1891 3250 3254 3253 
1380 3250 2351 3251 3254 
1381 3254 3251 1648 3252 
1382 3253 3254 3252 2757 
1383 2686 3104 3258 3257 
1384 3104 1969 3255 3258 
1385 3258 3255 2719 3256 
1386 3257 3258 3256 1111 
1387 2149 3259 3263 3262 
1388 3259 1935 3260 3263 
1389 3263 3260 2789 3261 
1390 3262 3263 3261 1600 
1391 1984 3264 3268 3267 
1392 3264 2799 3265 3268 
1393 3268 3265 2745 3266 
1394 3267 3268 3266 1985 
1395 2743 3269 3273 3272 
1396 3269 2453 3270 3273 
1397 3273 3270 2927 3271 
1398 3272 3273 3271 1828 
1399 2679 3274 3278 3277 
1400 3274 2509 3275 3278 
1401 3278 3275 2508 3276 
1402 3277 3278 3276 1326 
1403 2693 3279 3282 3214 
1404 3279 2203 3280 3282 
1405 3282 3280 2694 3281 
1406 3214 3282 3281 1379 
1407 2645 3283 3287 3286 
1408 3283 2497 3284 3287 
1409 3287 3284 2835 3285 
1410 3286 3287 3285 1644 
1411 2217 3288 3291 3290 
1412 3288 1117 3289 3291 
1413 3291 3289 2626 3243 
1414 3290 3291 3243 2218 
1415 1085 3292 3295 3294 
1416 3292 2093 3293 3295 
1417 3295 3293 503 502 
1418 3294 3295 502 501 
1419 1113 3296 3300 3299 
1420 3296 2389 3297 3300 
1421 3300 3297 2777 3298 
1422 3299 3300 3298 2092 
1423 2003 3301 3305 3304 
1424 3301 2004 3302 3305 
1425 3305 3302 2857 3303 
1426 3304 3305 3303 1073 
1427 2512 3155 3308 3307 
1428 3155 2669 3306 3308 
1429 3308 3306 2735 3123 
1430 3307 3308 3123 1357 
1431 2507 3309 3313 3312 
1432 3309 2232 3310 3313 
1433 3313 3310 3057 3311 
1434 3312 3313 3311 1146 
1435 1160 3172 3316 3315 
1436 3172 2124 3314 3316 
1437 3316 3314 727 726 
1438 3315 3316 726 725 
1439 1384 3317 3321 3320 
1440 3317 1387 3318 3321 
1441 3321 3318 2348 3319 
1442 3320 3321 3319 2618 
1443 2085 3322 3326 3325 
1444 3322 2937 3323 3326 
1445 3326 3323 1143 3324 
1446 3325 3326 3324 2886 
1447 1711 3327 3331 3330 
1448 3327 2612 3328 3331 
1449 3331 3328 2942 3329 
1450 3330 3331 3329 1859 
1451 625 624 3335 3334 
1452 624 19 3332 3335 
1453 3335 3332 2956 3333 
1454 3334 3335 3333 1027 
1455 1196 3336 3340 3339 
1456 3336 2572 3337 3340 
1457 3340 3337 2337 3338 
1458 3339 3340 3338 2715 
1459 462 463 3344 3343 
1460 463 464 3341 3344 
1461 3344 3341 1075 3342 
1462 3343 3344 3342 2162 
1463 2082 3345 3349 3348 
1464 3345 2083 3346 3349 
1465 3349 3346 2708 3347 
1466 3348 3349 3347 1957 
1467 2102 3350 3353 3352 
1468 3350 2659 3351 3353 
1469 3353 3351 687 686 
1470 3352 3353 686 685 
1471 2619 3354 3358 3357 
1472 3354 1961 3355 3358 
1473 3358 3355 2625 3356 
1474 3357 3358 3356 1058 
1475 1061 3359 3363 3362 
1476 3359 2953 3360 3363 
1477 3363 3360 1919 3361 
1478 3362 3363 3361 2957 
1479 2882 3364 3368 3367 
1480 3364 2001 3365 3368 
1481 3368 3365 2721 3366 
1482 3367 3368 3366 1773 
1483 1362 3369 3373 3372 
1484 3369 2908 3370 3373 
1485 3373 3370 2069 3371 
1486 3372 3373 3371 2939 
1487 1642 3374 3378 3377 
1488 3374 2033 3375 3378 
1489 3378 3375 2866 3376 
1490 3377 3378 3376 2115 
1491 563 564 3382 3381 
1492 564 565 3379 3382 
1493 3382 3379 1096 3380 
1494 3381 3382 3380 2140 
1495 2147 3383 3387 3386 
1496 3383 2793 3384 3387 
1497 3387 3384 3007 3385 
1498 3386 3387 3385 2528 
1499 2726 3388 3392 3391 
1500 3388 2385 3389 3392 
1501 3392 3389 3029 3390 
1502 3391 3392 3390 2132 
1503 2481 3393 3397 3396 
1504 3393 2941 3394 3397 
1505 3397 3394 2455 3395 
1506 3396 3397 3395 2743 
1507 2684 3398 3402 3401 
1508 3398 2334 3399 3402 
1509 3402 3399 2333 3400 
1510 3401 3402 3400 1312 
1511 2877 3403 3407 3406 
1512 3403 1105 3404 3407 
1513 3407 3404 2813 3405 
1514 3406 3407 3405 2504 
1515 2266 3408 3411 3410 
1516 3408 2667 3409 3411 
1517 3411 3409 1326 3276 
1518 3410 3411 3276 2508 
1519 21 3412 3414 647 
1520 3412 2712 3413 3414 
1521 3414 3413 649 648 
1522 647 3414 648 7 
1523 2979 3415 3419 3418 
1524 3415 1313 3416 3419 
1525 3419 3416 2917 3417 
1526 3418 3419 3417 1983 
1527 2784 3420 3424 3423 
1528 3420 1382 3421 3424 
1529 3424 3421 2855 3422 
1530 3423 3424 3422 2275 
1531 2212 3425 3429 3428 
1532 3425 2273 3426 3429 
1533 3429 3426 2914 3427 
1534 3428 3429 3427 2211 
1535 2380 3430 3433 3432 
1536 3430 2379 3134 3433 
1537 3433 3134 2716 3431 
1538 3432 3433 3431 2682 
1539 1793 3434 3438 3437 
1540 3434 2335 3435 3438 
1541 3438 3435 2780 3436 
1542 3437 3438 3436 2045 
1543 2200 3439 3442 3441 
1544 3439 2935 3440 3442 
1545 3442 3440 2694 3280 
1546 3441 3442 3280 2203 
1547 2852 3443 3447 3446 
1548 3443 2314 3444 3447 
1549 3447 3444 2899 3445 
1550 3446 3447 3445 1361 
1551 2962 3448 3452 3451 
1552 3448 2361 3449 3452 
1553 3452 3449 2769 3450 
1554 3451 3452 3450 1071 
1555 2789 3453 3457 3456 
1556 3453 1994 3454 3457 
1557 3457 3454 2975 3455 
1558 3456 3457 3455 1749 
1559 2744 3458 3460 3169 
1560 3458 1111 3256 3460 
1561 3460 3256 2719 3459 
1562 3169 3460 3459 1963 
1563 2404 3461 3465 3464 
1564 3461 2406 3462 3465 
1565 3465 3462 2862 3463 
1566 3464 3465 3463 1744 
1567 2105 3466 3470 3469 
1568 3466 2323 3467 3470 
1569 3470 3467 1570 3468 
1570 3469 3470 3468 2483 
1571 1056 3471 3474 3473 
1572 3471 2804 3472 3474 
1573 3474 3472 1985 3266 
1574 3473 3474 3266 2745 
1575 1049 3475 3478 3477 
1576 3475 2653 3476 3478 
1577 3478 3476 2232 3309 
1578 3477 3478 3309 2507 
1579 1096 3479 3483 3482 
1580 3479 2138 3480 3483 
1581 3483 3480 2012 3481 
1582 3482 3483 3481 2015 
1583 2759 3484 3488 3487 
1584 3484 1084 3485 3488 
1585 3488 3485 2912 3486 
1586 3487 3488 3486 2472 
1587 2386 3489 3491 3139 
1588 3489 2380 3432 3491 
1589 3491 3432 2682 3490 
1590 3139 3491 3490 1072 
1591 20 639 3494 3493 
1592 639 8 638 3494 
1593 3494 638 637 3492 
1594 3493 3494 3492 2758 
1595 1992 3495 3499 3498 
1596 3495 2767 3496 3499 
1597 3499 3496 2126 3497 
1598 3498 3499 3497 2770 
1599 362 3500 3502 361 
1600 3500 2081 3207 3502 
1601 3502 3207 1070 3501 
1602 361 3502 3501 360 
1603 215 216 3506 3505 
1604 216 217 3503 3506 
1605 3506 3503 2668 3504 
1606 3505 3506 3504 2021 
1607 2582 3507 3510 3509 
1608 3507 1987 3508 3510 
1609 3510 3508 2674 3189 
1610 3509 3510 3189 1069 
1611 2844 3511 3515 3514 
1612 3511 1077 3512 3515 
1613 3515 3512 2821 3513 
1614 3514 3515 3513 2022 
1615 2598 3516 3519 3518 
1616 3516 2090 3517 3519 
1617 3519 3517 2757 3252 
1618 3518 3519 3252 1648 
1619 1163 3520 3523 3522 
1620 3520 2530 3521 3523 
1621 3523 3521 1987 3507 
1622 3522 3523 3507 2582 
1623 489 488 3527 3526 
1624 488 15 3524 3527 
1625 3527 3524 3051 3525 
1626 3526 3527 3525 1034 
1627 2665 3528 3531 3530 
1628 3528 533 532 3531 
1629 3531 532 531 3529 
1630 3530 3531 3529 2907 
1631 3027 3532 3536 3535 
1632 3532 2245 3533 3536 
1633 3536 3533 2906 3534 
1634 3535 3536 3534 2545 
1635 2265 3537 3541 3540 
1636 3537 2072 3538 3541 
1637 3541 3538 2824 3539 
1638 3540 3541 3539 2779 
1639 1447 3542 3546 3545 
1640 3542 1697 3543 3546 
1641 3546 3543 2826 3544 
1642 3545 3546 3544 2437 
1643 1626 3547 3551 3550 
1644 3547 2720 3548 3551 
1645 3551 3548 2849 3549 
1646 3550 3551 3549 2313 
1647 1045 3552 3556 3555 
1648 3552 1965 3553 3556 
1649 3556 3553 1964 3554 
1650 3555 3556 3554 2923 
1651 2411 3557 3560 3559 
1652 3557 2826 3543 3560 
1653 3560 3543 1697 3558 
1654 3559 3560 3558 2521 
1655 2522 3561 3565 3564 
1656 3561 2573 3562 3565 
1657 3565 3562 2360 3563 
1658 3564 3565 3563 2358 
1659 2017 3566 3570 3569 
1660 3566 3077 3567 3570 
1661 3570 3567 1997 3568 
1662 3569 3570 3568 2530 
1663 2921 3571 3575 3574 
1664 3571 2369 3572 3575 
1665 3575 3572 3021 3573 
1666 3574 3575 3573 1868 
1667 1721 3576 3580 3579 
1668 3576 1720 3577 3580 
1669 3580 3577 3040 3578 
1670 3579 3580 3578 2161 
1671 2020 3581 3585 3584 
1672 3581 1746 3582 3585 
1673 3585 3582 2849 3583 
1674 3584 3585 3583 2549 
1675 2583 3586 3590 3589 
1676 3586 2030 3587 3590 
1677 3590 3587 2892 3588 
1678 3589 3590 3588 1108 
1679 1077 3591 3594 3593 
1680 3591 523 522 3594 
1681 3594 522 521 3592 
1682 3593 3594 3592 2193 
1683 2268 3595 3598 3597 
1684 3595 2632 3596 3598 
1685 3598 3596 1312 3400 
1686 3597 3598 3400 2333 
1687 1447 3545 3602 3601 
1688 3545 2437 3599 3602 
1689 3602 3599 2798 3600 
1690 3601 3602 3600 1663 
1691 1863 3603 3607 3606 
1692 3603 2397 3604 3607 
1693 3607 3604 2993 3605 
1694 3606 3607 3605 2419 
1695 2853 3608 3612 3611 
1696 3608 1397 3609 3612 
1697 3612 3609 2890 3610 
1698 3611 3612 3610 2036 
1699 458 459 3616 3615 
1700 459 460 3613 3616 
1701 3616 3613 1135 3614 
1702 3615 3616 3614 2160 
1703 1087 3617 3621 3620 
1704 3617 2785 3618 3621 
1705 3621 3618 2009 3619 
1706 3620 3621 3619 2008 
1707 2137 3622 3626 3625 
1708 3622 2641 3623 3626 
1709 3626 3623 1710 3624 
1710 3625 3626 3624 2822 
1711 1302 3627 3631 3630 
1712 3627 1289 3628 3631 
1713 3631 3628 1287 3629 
1714 3630 3631 3629 2263 
1715 2737 3632 3636 3635 
1716 3632 1064 3633 3636 
1717 3636 3633 2903 3634 
1718 3635 3636 3634 2040 
1719 5 3637 3639 684 
1720 3637 3022 3638 3639 
1721 3639 3638 2102 3352 
1722 684 3639 3352 685 
1723 2848 3640 3644 3643 
1724 3640 1053 3641 3644 
1725 3644 3641 2992 3642 
1726 3643 3644 3642 1970 
1727 384 385 3648 3647 
1728 385 386 3645 3648 
1729 3648 3645 1090 3646 
1730 3647 3648 3646 2251 
1731 2088 3649 3652 3651 
1732 3649 2592 3650 3652 
1733 3652 3650 1891 3253 
1734 3651 3652 3253 2757 
1735 2799 3264 3656 3655 
1736 3264 1984 3653 3656 
1737 3656 3653 2860 3654 
1738 3655 3656 3654 1068 
1739 3023 3657 3661 3660 
1740 3657 2533 3658 3661 
1741 3661 3658 2726 3659 
1742 3660 3661 3659 1849 
1743 1642 3662 3665 3374 
1744 3662 2152 3663 3665 
1745 3665 3663 1906 3664 
1746 3374 3665 3664 2033 
1747 1759 3666 3670 3669 
1748 3666 2955 3667 3670 
1749 3670 3667 2196 3668 
1750 3669 3670 3668 2932 
1751 2022 3671 3674 3514 
1752 3671 2023 3672 3674 
1753 3674 3672 2724 3673 
1754 3514 3674 3673 2844 
1755 2451 3675 3679 3678 
1756 3675 2450 3676 3679 
1757 3679 3676 2747 3677 
1758 3678 3679 3677 1851 
1759 2036 3680 3683 3611 
1760 3680 1897 3681 3683 
1761 3683 3681 2922 3682 
1762 3611 3683 3682 2853 
1763 1700 3684 3688 3687 
1764 3684 2375 3685 3688 
1765 3688 3685 2786 3686 
1766 3687 3688 3686 2359 
1767 2525 3689 3692 3691 
1768 3689 2360 3562 3692 
1769 3692 3562 2573 3690 
1770 3691 3692 3690 1063 
1771 2123 3693 3696 3695 
1772 3693 2525 3691 3696 
1773 3696 3691 1063 3694 
1774 3695 3696 3694 2570 
1775 245 246 3700 3699 
1776 246 247 3697 3700 
1777 3700 3697 1743 3698 
1778 3699 3700 3698 2258 
1779 2156 3701 3705 3704 
1780 3701 1094 3702 3705 
1781 3705 3702 2158 3703 
1782 3704 3705 3703 2157 
1783 2749 3706 3709 3136 
1784 3706 2330 3707 3709 
1785 3709 3707 3016 3708 
1786 3136 3709 3708 1051 
1787 2656 3710 3714 3713 
1788 3710 2168 3711 3714 
1789 3714 3711 2013 3712 
1790 3713 3714 3712 2760 
1791 2490 3715 3719 3718 
1792 3715 2489 3716 3719 
1793 3719 3716 2938 3717 
1794 3718 3719 3717 2445 
1795 1426 3720 3724 3723 
1796 3720 2142 3721 3724 
1797 3724 3721 2791 3722 
1798 3723 3724 3722 2094 
1799 1090 3725 3729 3728 
1800 3725 2249 3726 3729 
1801 3729 3726 2243 3727 
1802 3728 3729 3727 2246 
1803 1089 3730 3734 3733 
1804 3730 2988 3731 3734 
1805 3734 3731 2097 3732 
1806 3733 3734 3732 1928 
1807 2119 3735 3739 3738 
1808 3735 2121 3736 3739 
1809 3739 3736 2122 3737 
1810 3738 3739 3737 1067 
1811 689 688 3742 3741 
1812 688 687 3351 3742 
1813 3742 3351 2659 3740 
1814 3741 3742 3740 1154 
1815 2806 3743 3747 3746 
1816 3743 515 3744 3747 
1817 3747 3744 3046 3745 
1818 3746 3747 3745 2043 
1819 2852 3446 3750 3749 
1820 3446 1361 3748 3750 
1821 3750 3748 2824 3538 
1822 3749 3750 3538 2072 
1823 1926 3751 3755 3754 
1824 3751 2874 3752 3755 
1825 3755 3752 1391 3753 
1826 3754 3755 3753 2847 
1827 621 3756 3759 622 
1828 3756 1033 3757 3759 
1829 3759 3757 1875 3758 
1830 622 3759 3758 18 
1831 1670 3760 3764 3763 
1832 3760 2929 3761 3764 
1833 3764 3761 2164 3762 
1834 3763 3764 3762 2159 
1835 2077 3765 3769 3768 
1836 3765 2078 3766 3769 
1837 3769 3766 2960 3767 
1838 3768 3769 3767 2918 
1839 1042 3770 3774 3773 
1840 3770 1695 3771 3774 
1841 3774 3771 1886 3772 
1842 3773 3774 3772 2350 
1843 2602 3775 3778 3777 
1844 3775 2865 3092 3778 
1845 3778 3092 2392 3776 
1846 3777 3778 3776 1138 
1847 2109 3779 3783 3782 
1848 3779 2108 3780 3783 
1849 3783 3780 272 3781 
1850 3782 3783 3781 1136 
1851 2233 3784 3787 3786 
1852 3784 2541 3785 3787 
1853 3787 3785 2653 3475 
1854 3786 3787 3475 1049 
1855 1375 3788 3792 3791 
1856 3788 2810 3789 3792 
1857 3792 3789 2136 3790 
1858 3791 3792 3790 1445 
1859 1988 3793 3797 3796 
1860 3793 2802 3794 3797 
1861 3797 3794 2872 3795 
1862 3796 3797 3795 1989 
1863 2038 3798 3801 3800 
1864 3798 2040 3634 3801 
1865 3801 3634 2903 3799 
1866 3800 3801 3799 1149 
1867 1161 3802 3806 3805 
1868 3802 2010 3803 3806 
1869 3806 3803 2766 3804 
1870 3805 3806 3804 2011 
1871 1067 3807 3809 3738 
1872 3807 2124 3175 3809 
1873 3809 3175 2120 3808 
1874 3738 3809 3808 2119 
1875 3 3810 3812 720 
1876 3810 2901 3811 3812 
1877 3812 3811 2613 3223 
1878 720 3812 3223 721 
1879 1237 3813 3817 3816 
1880 3813 1604 3814 3817 
1881 3817 3814 2104 3815 
1882 3816 3817 3815 2103 
1883 2785 3818 3820 3618 
1884 3818 2759 3487 3820 
1885 3820 3487 2472 3819 
1886 3618 3820 3819 2009 
1887 2008 3218 3823 3620 
1888 3218 2808 3821 3823 
1889 3823 3821 2491 3822 
1890 3620 3823 3822 1087 
1891 2017 3569 3826 3825 
1892 3569 2530 3520 3826 
1893 3826 3520 1163 3824 
1894 3825 3826 3824 3085 
1895 2708 3827 3830 3829 
1896 3827 2626 3289 3830 
1897 3830 3289 1117 3828 
1898 3829 3830 3828 2114 
1899 557 3831 3834 556 
1900 3831 2194 3832 3834 
1901 3834 3832 1071 3833 
1902 556 3834 3833 555 
1903 2217 3835 3838 3837 
1904 3835 2215 3836 3838 
1905 3838 3836 303 304 
1906 3837 3838 304 305 
1907 2968 3839 3843 3842 
1908 3839 1120 3840 3843 
1909 3843 3840 3045 3841 
1910 3842 3843 3841 2107 
1911 573 574 3847 3846 
1912 574 16 3844 3847 
1913 3847 3844 1400 3845 
1914 3846 3847 3845 1036 
1915 2966 3848 3852 3851 
1916 3848 2863 3849 3852 
1917 3852 3849 2406 3850 
1918 3851 3852 3850 2405 
1919 278 279 3856 3855 
1920 279 280 3853 3856 
1921 3856 3853 2781 3854 
1922 3855 3856 3854 2619 
1923 2889 3857 3861 3860 
1924 3857 1065 3858 3861 
1925 3861 3858 2950 3859 
1926 3860 3861 3859 2044 
1927 3040 3862 3863 3578 
1928 3862 2160 3614 3863 
1929 3863 3614 1135 3099 
1930 3578 3863 3099 2161 
1931 1669 3864 3867 3866 
1932 3864 2105 3469 3867 
1933 3867 3469 2483 3865 
1934 3866 3867 3865 2106 
1935 1117 3288 3869 3868 
1936 3288 2217 3837 3869 
1937 3869 3837 305 306 
1938 3868 3869 306 307 
1939 731 730 3872 3871 
1940 730 729 3870 3872 
1941 3872 3870 1067 3737 
1942 3871 3872 3737 2122 
1943 2791 3721 3876 3875 
1944 3721 2142 3873 3876 
1945 3876 3873 1420 3874 
1946 3875 3876 3874 1430 
1947 1958 3877 3879 3185 
1948 3877 1959 3101 3879 
1949 3879 3101 2162 3878 
1950 3185 3879 3878 2163 
1951 1914 3880 3884 3883 
1952 3880 2717 3881 3884 
1953 3884 3881 3041 3882 
1954 3883 3884 3882 2165 
1955 2094 3885 3888 3723 
1956 3885 2523 3886 3888 
1957 3888 3886 1427 3887 
1958 3723 3888 3887 1426 
1959 1101 3889 3893 3892 
1960 3889 2752 3890 3893 
1961 3893 3890 1952 3891 
1962 3892 3893 3891 2363 
1963 2831 3894 3897 3896 
1964 3894 2877 3406 3897 
1965 3897 3406 2504 3895 
1966 3896 3897 3895 2237 
1967 2390 3898 3902 3901 
1968 3898 1047 3899 3902 
1969 3902 3899 2829 3900 
1970 3901 3902 3900 2926 
1971 472 473 3906 3905 
1972 473 474 3903 3906 
1973 3906 3903 2902 3904 
1974 3905 3906 3904 2101 
1975 2218 3907 3909 3290 
1976 3907 2216 3908 3909 
1977 3909 3908 2215 3835 
1978 3290 3909 3835 2217 
1979 1167 3910 3913 3912 
1980 3910 2645 3286 3913 
1981 3913 3286 1644 3911 
1982 3912 3913 3911 1165 
1983 2953 3914 3917 3360 
1984 3914 2934 3915 3917 
1985 3917 3915 2099 3916 
1986 3360 3917 3916 1919 
1987 2336 3918 3921 3920 
1988 3918 2635 3919 3921 
1989 3921 3919 2715 3338 
1990 3920 3921 3338 2337 
1991 5 683 3924 3637 
1992 683 23 3922 3924 
1993 3924 3922 2695 3923 
1994 3637 3924 3923 3022 
1995 1073 3925 3928 3304 
1996 3925 2005 3926 3928 
1997 3928 3926 2264 3927 
1998 3304 3928 3927 2003 
1999 1094 3701 3931 3930 
2000 3701 2156 3929 3931 
2001 3931 3929 454 455 
2002 3930 3931 455 456 
2003 2823 3932 3936 3935 
2004 3932 2373 3933 3936 
2005 3936 3933 2372 3934 
2006 3935 3936 3934 1311 
2007 2474 3937 3941 3940 
2008 3937 1109 3938 3941 
2009 3941 3938 3019 3939 
2010 3940 3941 3939 2704 
2011 2186 3942 3946 3945 
2012 3942 2187 3943 3946 
2013 3946 3943 3003 3944 
2014 3945 3946 3944 2919 
2015 2010 3802 3949 3948 
2016 3802 1161 3947 3949 
2017 3949 3947 569 570 
2018 3948 3949 570 571 
2019 2393 3950 3954 3953 
2020 3950 2515 3951 3954 
2021 3954 3951 2179 3952 
2022 3953 3954 3952 1833 
2023 1049 3955 3957 3786 
2024 3955 340 341 3957 
2025 3957 341 342 3956 
2026 3786 3957 3956 2233 
2027 3042 3958 3962 3961 
2028 3958 2111 3959 3962 
2029 3962 3959 3054 3960 
2030 3961 3962 3960 1331 
2031 2384 3963 3966 3965 
2032 3963 2381 3964 3966 
2033 3966 3964 2380 3489 
2034 3965 3966 3489 2386 
2035 1932 3967 3971 3970 
2036 3967 1931 3968 3971 
2037 3971 3968 3025 3969 
2038 3970 3971 3969 2418 
2039 2015 3972 3974 3482 
2040 3972 2139 3973 3974 
2041 3974 3973 2140 3380 
2042 3482 3974 3380 1096 
2043 1546 3975 3979 3978 
2044 3975 2150 3976 3979 
2045 3979 3976 2151 3977 
2046 3978 3979 3977 1545 
2047 2331 3980 3984 3983 
2048 3980 2328 3981 3984 
2049 3984 3981 2327 3982 
2050 3983 3984 3982 2300 
2051 1154 3985 3987 3741 
2052 3985 2087 3986 3987 
2053 3987 3986 691 690 
2054 3741 3987 690 689 
2055 2164 3988 3992 3991 
2056 3988 2761 3989 3992 
2057 3992 3989 2154 3990 
2058 3991 3992 3990 2155 
2059 2960 3766 3996 3995 
2060 3766 2078 3993 3996 
2061 3996 3993 3043 3994 
2062 3995 3996 3994 1104 
2063 1145 3997 4001 4000 
2064 3997 2219 3998 4001 
2065 4001 3998 2239 3999 
2066 4000 4001 3999 2220 
2067 2373 4002 4006 4005 
2068 4002 1310 4003 4006 
2069 4006 4003 2650 4004 
2070 4005 4006 4004 2371 
2071 3085 4007 4010 4009 
2072 4007 627 626 4010 
2073 4010 626 625 4008 
2074 4009 4010 4008 1998 
2075 2353 4011 4015 4014 
2076 4011 2585 4012 4015 
2077 4015 4012 2192 4013 
2078 4014 4015 4013 1618 
2079 1116 4016 4019 4018 
2080 4016 2108 3779 4019 
2081 4019 3779 2109 4017 
2082 4018 4019 4017 2110 
2083 2535 4020 4024 4023 
2084 4020 2949 4021 4024 
2085 4024 4021 2307 4022 
2086 4023 4024 4022 2309 
2087 2730 4025 4029 4028 
2088 4025 2075 4026 4029 
2089 4029 4026 2972 4027 
2090 4028 4029 4027 1082 
2091 2289 4030 4034 4033 
2092 4030 2320 4031 4034 
2093 4034 4031 2520 4032 
2094 4033 4034 4032 1098 
2095 2290 4035 4038 4037 
2096 4035 2321 3124 4038 
2097 4038 3124 2735 4036 
2098 4037 4038 4036 2319 
2099 1653 4039 4043 4042 
2100 4039 2141 4040 4043 
2101 4043 4040 2139 4041 
2102 4042 4043 4041 2547 
2103 3008 4044 4047 4046 
2104 4044 2159 4045 4047 
2105 4047 4045 2157 3703 
2106 4046 4047 3703 2158 
2107 1158 4048 4051 4050 
2108 4048 2175 4049 4051 
2109 4051 4049 398 399 
2110 4050 4051 399 400 
2111 1140 4052 4056 4055 
2112 4052 2170 4053 4056 
2113 4056 4053 2171 4054 
2114 4055 4056 4054 2240 
2115 1493 4057 4061 4060 
2116 4057 2127 4058 4061 
2117 4061 4058 2513 4059 
2118 4060 4061 4059 2149 
2119 1600 4062 4064 3262 
2120 4062 1491 4063 4064 
2121 4064 4063 1493 4060 
2122 3262 4064 4060 2149 
2123 1940 4065 4069 4068 
2124 4065 2134 4066 4069 
2125 4069 4066 2135 4067 
2126 4068 4069 4067 2133 
2127 2310 4070 4074 4073 
2128 4070 2410 4071 4074 
2129 4074 4071 2411 4072 
2130 4073 4074 4072 2311 
2131 3075 4075 4078 4077 
2132 4075 2883 4076 4078 
2133 4078 4076 266 267 
2134 4077 4078 267 268 
2135 1934 4079 4083 4082 
2136 4079 1933 4080 4083 
2137 4083 4080 2950 4081 
2138 4082 4083 4081 2296 
2139 1029 4084 4087 4086 
2140 4084 717 716 4087 
2141 4087 716 715 4085 
2142 4086 4087 4085 2697 
2143 2705 4088 4092 4091 
2144 4088 1266 4089 4092 
2145 4092 4089 1264 4090 
2146 4091 4092 4090 2636 
2147 2257 4093 4096 4095 
2148 4093 2258 3698 4096 
2149 4096 3698 1743 4094 
2150 4095 4096 4094 2259 
2151 1110 4097 4100 4099 
2152 4097 2724 3672 4100 
2153 4100 3672 2023 4098 
2154 4099 4100 4098 2024 
2155 2162 3342 4103 3878 
2156 3342 1075 4101 4103 
2157 4103 4101 2805 4102 
2158 3878 4103 4102 2163 
2159 1338 4104 4108 4107 
2160 4104 2235 4105 4108 
2161 4108 4105 1455 4106 
2162 4107 4108 4106 1336 
2163 1309 4109 4113 4112 
2164 4109 2125 4110 4113 
2165 4113 4110 1664 4111 
2166 4112 4113 4111 1408 
2167 2723 4114 4118 4117 
2168 4114 2729 4115 4118 
2169 4118 4115 1804 4116 
2170 4117 4118 4116 1805 
2171 2357 4119 4123 4122 
2172 4119 2356 4120 4123 
2173 4123 4120 2355 4121 
2174 4122 4123 4121 1621 
2175 1761 4124 4128 4127 
2176 4124 1724 4125 4128 
2177 4128 4125 1674 4126 
2178 4127 4128 4126 1729 
2179 2174 4129 4133 4132 
2180 4129 2247 4130 4133 
2181 4133 4130 2241 4131 
2182 4132 4133 4131 2240 
2183 2163 4102 4136 3182 
2184 4102 2805 4134 4136 
2185 4136 4134 1790 4135 
2186 3182 4136 4135 1789 
2187 2291 4137 4141 4140 
2188 4137 2282 4138 4141 
2189 4141 4138 1097 4139 
2190 4140 4141 4139 2281 
2191 725 724 4143 3315 
2192 724 723 3222 4143 
2193 4143 3222 2807 4142 
2194 3315 4143 4142 1160 
2195 2619 3357 4145 3855 
2196 3357 1058 4144 4145 
2197 4145 4144 276 277 
2198 3855 4145 277 278 
2199 2114 3828 4147 4146 
2200 3828 1117 3868 4147 
2201 4147 3868 307 308 
2202 4146 4147 308 309 
2203 2113 4148 4151 4150 
2204 4148 1137 4149 4151 
2205 4151 4149 311 312 
2206 4150 4151 312 313 
2207 1320 4152 4155 4154 
2208 4152 2298 4153 4155 
2209 4155 4153 2300 3982 
2210 4154 4155 3982 2327 
2211 2476 4156 4160 4159 
2212 4156 1083 4157 4160 
2213 4160 4157 2884 4158 
2214 4159 4160 4158 2080 
2215 303 4161 4164 302 
2216 4161 1060 4162 4164 
2217 4164 4162 2197 4163 
2218 302 4164 4163 301 
2219 2533 4165 4169 4168 
2220 4165 1478 4166 4169 
2221 4169 4166 1185 4167 
2222 4168 4169 4167 2532 
2223 717 4084 4172 718 
2224 4084 1029 4170 4172 
2225 4172 4170 1390 4171 
2226 718 4172 4171 25 
2227 2508 4173 4176 3410 
2228 4173 1766 4174 4176 
2229 4176 4174 1393 4175 
2230 3410 4176 4175 2266 
2231 1747 4177 4181 4180 
2232 4177 2262 4178 4181 
2233 4181 4178 1701 4179 
2234 4180 4181 4179 2498 
2235 1873 4182 4186 4185 
2236 4182 2787 4183 4186 
2237 4186 4183 2145 4184 
2238 4185 4186 4184 2143 
2239 1481 4187 4191 4190 
2240 4187 2593 4188 4191 
2241 4191 4188 1841 4189 
2242 4190 4191 4189 2624 
2243 3070 4192 4194 3164 
2244 4192 1736 3235 4194 
2245 4194 3235 1050 4193 
2246 3164 4194 4193 2301 
2247 2293 4195 4199 4198 
2248 4195 1148 4196 4199 
2249 4199 4196 2267 4197 
2250 4198 4199 4197 2771 
2251 2234 4200 4204 4203 
2252 4200 2225 4201 4204 
2253 4204 4201 2223 4202 
2254 4203 4204 4202 2222 
2255 1607 4205 4209 4208 
2256 4205 1262 4206 4209 
2257 4209 4206 1260 4207 
2258 4208 4209 4207 2116 
2259 2418 4210 4214 4213 
2260 4210 2271 4211 4214 
2261 4214 4211 2304 4212 
2262 4213 4214 4212 2312 
2263 1860 4215 4217 3205 
2264 4215 1859 3329 4217 
2265 4217 3329 2942 4216 
2266 3205 4217 4216 2703 
2267 1239 4218 4222 4221 
2268 4218 1241 4219 4222 
2269 4222 4219 1255 4220 
2270 4221 4222 4220 2400 
2271 1214 4223 4226 4225 
2272 4223 2266 4175 4226 
2273 4226 4175 1393 4224 
2274 4225 4226 4224 1223 
2275 2178 4227 4230 4229 
2276 4227 1430 3874 4230 
2277 4230 3874 1420 4228 
2278 4229 4230 4228 1418 
2279 2768 4231 4235 4234 
2280 4231 1787 4232 4235 
2281 4235 4232 2898 4233 
2282 4234 4235 4233 2254 
2283 2135 4066 4239 4238 
2284 4066 2134 4236 4239 
2285 4239 4236 3036 4237 
2286 4238 4239 4237 1445 
2287 1060 4240 4244 4243 
2288 4240 2202 4241 4244 
2289 4244 4241 2269 4242 
2290 4243 4244 4242 2198 
2291 2222 4245 4248 4247 
2292 4245 2221 4246 4248 
2293 4248 4246 1145 4000 
2294 4247 4248 4000 2220 
2295 2333 4249 4252 3597 
2296 4249 1776 4250 4252 
2297 4252 4250 1613 4251 
2298 3597 4252 4251 2268 
2299 2641 3622 4256 4255 
2300 3622 2137 4253 4256 
2301 4256 4253 2400 4254 
2302 4255 4256 4254 1802 
2303 1821 4257 4261 4260 
2304 4257 1938 4258 4261 
2305 4261 4258 2891 4259 
2306 4260 4261 4259 2417 
2307 2381 3963 4265 4264 
2308 3963 2384 4262 4265 
2309 4265 4262 1619 4263 
2310 4264 4265 4263 2383 
2311 2142 3720 4269 4268 
2312 3720 1426 4266 4269 
2313 4269 4266 1425 4267 
2314 4268 4269 4267 1422 
2315 1181 4270 4273 4272 
2316 4270 1701 4178 4273 
2317 4273 4178 2262 4271 
2318 4272 4273 4271 1179 
2319 1664 4274 4277 4111 
2320 4274 2261 4275 4277 
2321 4277 4275 1411 4276 
2322 4111 4277 4276 1408 
2323 1338 4107 4281 4280 
2324 4107 1336 4278 4281 
2325 4281 4278 1335 4279 
2326 4280 4281 4279 1337 
2327 1695 4282 4285 3771 
2328 4282 1885 4283 4285 
2329 4285 4283 1887 4284 
2330 3771 4285 4284 1886 
2331 2001 4286 4289 3365 
2332 4286 2002 4287 4289 
2333 4289 4287 2997 4288 
2334 3365 4289 4288 2721 
2335 2259 4290 4293 4095 
2336 4290 2209 4291 4293 
2337 4293 4291 2999 4292 
2338 4095 4293 4292 2257 
2339 1189 4294 4298 4297 
2340 4294 1191 4295 4298 
2341 4298 4295 2382 4296 
2342 4297 4298 4296 2383 
2343 1245 4299 4303 4302 
2344 4299 2564 4300 4303 
2345 4303 4300 1621 4301 
2346 4302 4303 4301 1247 
2347 3029 3141 4306 3390 
2348 3141 2131 4304 4306 
2349 4306 4304 1162 4305 
2350 3390 4306 4305 2132 
2351 2072 3537 4310 4309 
2352 3537 2265 4307 4310 
2353 4310 4307 2049 4308 
2354 4309 4310 4308 2051 
2355 27 754 4314 4313 
2356 754 753 4311 4314 
2357 4314 4311 2701 4312 
2358 4313 4314 4312 1044 
2359 2181 4315 4318 4317 
2360 4315 1066 4316 4318 
2361 4318 4316 707 706 
2362 4317 4318 706 705 
2363 2840 4319 4322 4321 
2364 4319 2708 3829 4322 
2365 4322 3829 2114 4320 
2366 4321 4322 4320 1137 
2367 1615 4323 4327 4326 
2368 4323 1501 4324 4327 
2369 4327 4324 1503 4325 
2370 4326 4327 4325 2401 
2371 1964 4328 4331 3554 
2372 4328 1893 4329 4331 
2373 4331 4329 1950 4330 
2374 3554 4331 4330 2923 
2375 1600 4332 4335 4062 
2376 4332 1490 4333 4335 
2377 4335 4333 1489 4334 
2378 4062 4335 4334 1491 
2379 2016 3143 4338 4337 
2380 3143 1865 4336 4338 
2381 4338 4336 1724 4124 
2382 4337 4338 4124 1761 
2383 1213 4339 4343 4342 
2384 4339 2336 4340 4343 
2385 4343 4340 1367 4341 
2386 4342 4343 4341 1222 
2387 1946 4344 4347 4346 
2388 4344 2466 4345 4347 
2389 4347 4345 2892 3587 
2390 4346 4347 3587 2030 
2391 1363 4348 4352 4351 
2392 4348 2568 4349 4352 
2393 4352 4349 2661 4350 
2394 4351 4352 4350 1892 
2395 2561 4353 4357 4356 
2396 4353 2465 4354 4357 
2397 4357 4354 3032 4355 
2398 4356 4357 4355 1633 
2399 2271 4358 4361 4360 
2400 4358 1031 4359 4361 
2401 4361 4359 101 102 
2402 4360 4361 102 103 
2403 2153 4362 4365 4364 
2404 4362 1039 4363 4365 
2405 4365 4363 448 449 
2406 4364 4365 449 450 
2407 2138 4366 4368 3480 
2408 4366 1161 3805 4368 
2409 4368 3805 2011 4367 
2410 3480 4368 4367 2012 
2411 2234 4203 4371 4370 
2412 4203 2222 4247 4371 
2413 4371 4247 2220 4369 
2414 4370 4371 4369 2224 
2415 2247 4372 4375 4130 
2416 4372 2244 4373 4375 
2417 4375 4373 2243 4374 
2418 4130 4375 4374 2241 
2419 681 4376 4378 682 
2420 4376 2350 4377 4378 
2421 4378 4377 2695 3922 
2422 682 4378 3922 23 
2423 1173 4379 4382 4381 
2424 4379 1175 4380 4382 
2425 4382 4380 1179 4271 
2426 4381 4382 4271 2262 
2427 2250 3150 4386 4385 
2428 3150 1883 4383 4386 
2429 4386 4383 2985 4384 
2430 4385 4386 4384 2251 
2431 1493 4387 4390 4057 
2432 4387 1495 4388 4390 
2433 4390 4388 1498 4389 
2434 4057 4390 4389 2127 
2435 2881 4391 4395 4394 
2436 4391 2905 4392 4395 
2437 4395 4392 1364 4393 
2438 4394 4395 4393 2589 
2439 2878 4396 4400 4399 
2440 4396 2182 4397 4400 
2441 4400 4397 2815 4398 
2442 4399 4400 4398 3062 
2443 2540 4401 4405 4404 
2444 4401 2896 4402 4405 
2445 4405 4402 2091 4403 
2446 4404 4405 4403 2984 
2447 1629 4406 4410 4409 
2448 4406 2470 4407 4410 
2449 4410 4407 2916 4408 
2450 4409 4410 4408 2623 
2451 1546 4411 4414 3975 
2452 4411 1549 4412 4414 
2453 4414 4412 1650 4413 
2454 3975 4414 4413 2150 
2455 2783 4415 4418 3110 
2456 4415 1437 4416 4418 
2457 4418 4416 3068 4417 
2458 3110 4418 4417 2144 
2459 1486 4419 4423 4422 
2460 4419 1487 4420 4423 
2461 4423 4420 2395 4421 
2462 4422 4423 4421 1485 
2463 2259 4424 4428 4427 
2464 4424 2562 4425 4428 
2465 4428 4425 2887 4426 
2466 4427 4428 4426 2260 
2467 2604 4429 4433 4432 
2468 4429 2174 4430 4433 
2469 4433 4430 2173 4431 
2470 4432 4433 4431 2176 
2471 1264 4434 4438 4437 
2472 4434 1263 4435 4438 
2473 4438 4435 1261 4436 
2474 4437 4438 4436 1262 
2475 2151 3976 4441 4440 
2476 3976 2150 4413 4441 
2477 4441 4413 1650 4439 
2478 4440 4441 4439 1906 
2479 390 391 4445 4444 
2480 391 392 4442 4445 
2481 4445 4442 1140 4443 
2482 4444 4445 4443 2242 
2483 1116 4446 4447 4016 
2484 4446 270 271 4447 
2485 4447 271 272 3780 
2486 4016 4447 3780 2108 
2487 1898 4448 4452 4451 
2488 4448 2421 4449 4452 
2489 4452 4449 2332 4450 
2490 4451 4452 4450 1752 
2491 1137 4320 4453 4149 
2492 4320 2114 4146 4453 
2493 4453 4146 309 310 
2494 4149 4453 310 311 
2495 1061 4454 4456 4455 
2496 4454 2113 4150 4456 
2497 4456 4150 313 314 
2498 4455 4456 314 315 
2499 2239 3998 4459 3178 
2500 3998 2219 4457 4459 
2501 4459 4457 346 4458 
2502 3178 4459 4458 1059 
2503 2302 4460 4461 3161 
2504 4460 358 359 4461 
2505 4461 359 360 3501 
2506 3161 4461 3501 1070 
2507 2081 3500 4463 3130 
2508 3500 362 363 4463 
2509 4463 363 364 4462 
2510 3130 4463 4462 1141 
2511 2167 4464 4467 4466 
2512 4464 366 367 4467 
2513 4467 367 368 4465 
2514 4466 4467 4465 1048 
2515 2384 4468 4471 4262 
2516 4468 2385 4469 4471 
2517 4471 4469 2532 4470 
2518 4262 4471 4470 1619 
2519 2570 4472 4474 3695 
2520 4472 2122 3736 4474 
2521 4474 3736 2121 4473 
2522 3695 4474 4473 2123 
2523 1302 3630 4478 4477 
2524 3630 2263 4475 4478 
2525 4478 4475 2126 4476 
2526 4477 4478 4476 2125 
2527 1479 4479 4483 4482 
2528 4479 1211 4480 4483 
2529 4483 4480 1217 4481 
2530 4482 4483 4481 2322 
2531 2862 3462 4486 4485 
2532 3462 2406 3849 4486 
2533 4486 3849 2863 4484 
2534 4485 4486 4484 1121 
2535 1266 4487 4489 4089 
2536 4487 1265 4488 4489 
2537 4489 4488 1263 4434 
2538 4089 4489 4434 1264 
2539 2262 4177 4492 4381 
2540 4177 1747 4490 4492 
2541 4492 4490 1171 4491 
2542 4381 4492 4491 1173 
2543 2315 4493 4496 4495 
2544 4493 1056 4494 4496 
2545 4496 4494 430 431 
2546 4495 4496 431 432 
2547 2155 4497 4498 3991 
2548 4497 2157 4045 4498 
2549 4498 4045 2159 3762 
2550 3991 4498 3762 2164 
2551 2378 4499 4501 4500 
2552 4499 2381 4264 4501 
2553 4501 4264 2383 4296 
2554 4500 4501 4296 2382 
2555 1484 4502 4505 4504 
2556 4502 1483 4503 4505 
2557 4505 4503 1486 4422 
2558 4504 4505 4422 1485 
2559 2846 4506 4510 4509 
2560 4506 2313 4507 4510 
2561 4510 4507 1745 4508 
2562 4509 4510 4508 1922 
2563 1147 4511 4515 4514 
2564 4511 2253 4512 4515 
2565 4515 4512 2254 4513 
2566 4514 4515 4513 2252 
2567 1050 4516 4518 4193 
2568 4516 354 355 4518 
2569 4518 355 356 4517 
2570 4193 4518 4517 2301 
2571 2718 4519 4522 4521 
2572 4519 2265 3540 4522 
2573 4522 3540 2779 4520 
2574 4521 4522 4520 1358 
2575 2240 4054 4524 4132 
2576 4054 2171 4523 4524 
2577 4524 4523 2173 4430 
2578 4132 4524 4430 2174 
2579 2101 4525 4527 3905 
2580 4525 1062 4526 4527 
2581 4527 4526 470 471 
2582 3905 4527 471 472 
2583 1701 4270 4531 4530 
2584 4270 1181 4528 4531 
2585 4531 4528 1183 4529 
2586 4530 4531 4529 2297 
2587 2449 4532 4536 4535 
2588 4532 1598 4533 4536 
2589 4536 4533 2499 4534 
2590 4535 4536 4534 2436 
2591 2156 4537 4539 3929 
2592 4537 1151 4538 4539 
2593 4539 4538 452 453 
2594 3929 4539 453 454 
2595 2170 4052 4541 4540 
2596 4052 1140 4442 4541 
2597 4541 4442 392 393 
2598 4540 4541 393 394 
2599 2261 4542 4545 4275 
2600 4542 1414 4543 4545 
2601 4545 4543 1413 4544 
2602 4275 4545 4544 1411 
2603 2702 4546 4549 3174 
2604 4546 2596 4547 4549 
2605 4549 4547 2117 4548 
2606 3174 4549 4548 2120 
2607 3040 4550 4552 3862 
2608 4550 2158 3702 4552 
2609 4552 3702 1094 4551 
2610 3862 4552 4551 2160 
2611 2593 4553 4556 4188 
2612 4553 2634 4554 4556 
2613 4556 4554 1943 4555 
2614 4188 4556 4555 1841 
2615 1598 4532 4560 4559 
2616 4532 2449 4557 4560 
2617 4560 4557 1815 4558 
2618 4559 4560 4558 2543 
2619 2153 4561 4564 4563 
2620 4561 1151 4562 4564 
2621 4564 4562 2155 3990 
2622 4563 4564 3990 2154 
2623 1120 4565 4568 4567 
2624 4565 258 259 4568 
2625 4568 259 260 4566 
2626 4567 4568 4566 2196 
2627 2337 4569 4571 3920 
2628 4569 1706 4570 4571 
2629 4571 4570 1367 4340 
2630 3920 4571 4340 2336 
2631 629 628 4573 4572 
2632 628 627 4007 4573 
2633 4573 4007 3085 3824 
2634 4572 4573 3824 1163 
2635 2269 4574 4577 4242 
2636 4574 2200 4575 4577 
2637 4577 4575 2199 4576 
2638 4242 4577 4576 2198 
2639 2312 4212 4581 4580 
2640 4212 2304 4578 4581 
2641 4581 4578 1093 4579 
2642 4580 4581 4579 2305 
2643 438 439 4585 4584 
2644 439 440 4582 4585 
2645 4585 4582 2552 4583 
2646 4584 4585 4583 2394 
2647 1159 4586 4590 4589 
2648 4586 2399 4587 4590 
2649 4590 4587 2188 4588 
2650 4589 4590 4588 2185 
2651 2574 3194 4593 4592 
2652 3194 2002 4286 4593 
2653 4593 4286 2001 4591 
2654 4592 4593 4591 1760 
2655 2274 4594 4597 4596 
2656 4594 2212 4595 4597 
2657 4597 4595 2784 3423 
2658 4596 4597 3423 2275 
2659 2233 3956 4600 4599 
2660 3956 342 343 4600 
2661 4600 343 344 4598 
2662 4599 4600 4598 1145 
2663 396 397 4603 4602 
2664 397 398 4049 4603 
2665 4603 4049 2175 4601 
2666 4602 4603 4601 1046 
2667 239 240 4607 4606 
2668 240 241 4604 4607 
2669 4607 4604 2256 4605 
2670 4606 4607 4605 1032 
2671 1262 4436 4610 4206 
2672 4436 1261 4608 4610 
2673 4610 4608 1259 4609 
2674 4206 4610 4609 1260 
2675 2334 4611 4613 3399 
2676 4611 1902 4612 4613 
2677 4613 4612 1776 4249 
2678 3399 4613 4249 2333 
2679 2263 4614 4616 4475 
2680 4614 2731 4615 4616 
2681 4616 4615 2770 3497 
2682 4475 4616 3497 2126 
2683 2116 4207 4620 4619 
2684 4207 1260 4617 4620 
2685 4620 4617 1258 4618 
2686 4619 4620 4618 1656 
2687 2359 3686 4624 4623 
2688 3686 2786 4621 4624 
2689 4624 4621 2358 4622 
2690 4623 4624 4622 2357 
2691 2252 4625 4628 4627 
2692 4625 1054 4626 4628 
2693 4628 4626 147 148 
2694 4627 4628 148 149 
2695 2214 4629 4632 4631 
2696 4629 1139 4630 4632 
2697 4632 4630 2258 4093 
2698 4631 4632 4093 2257 
2699 2246 4633 4634 3728 
2700 4633 2250 4385 4634 
2701 4634 4385 2251 3646 
2702 3728 4634 3646 1090 
2703 2727 4635 4639 4638 
2704 4635 2297 4636 4639 
2705 4639 4636 1478 4637 
2706 4638 4639 4637 2680 
2707 1423 4640 4644 4643 
2708 4640 2420 4641 4644 
2709 4644 4641 1666 4642 
2710 4643 4644 4642 1592 
2711 2190 4645 4648 4647 
2712 4645 370 371 4648 
2713 4648 371 372 4646 
2714 4647 4648 4646 1142 
2715 2324 4649 4652 4651 
2716 4649 2325 4650 4652 
2717 4652 4650 466 467 
2718 4651 4652 467 468 
2719 3050 4653 4657 4656 
2720 4653 1995 4654 4657 
2721 4657 4654 3062 4655 
2722 4656 4657 4655 1698 
2723 2371 4004 4661 4660 
2724 4004 2650 4658 4661 
2725 4661 4658 1614 4659 
2726 4660 4661 4659 1774 
2727 2141 4039 4665 4664 
2728 4039 1653 4662 4665 
2729 4665 4662 2364 4663 
2730 4664 4665 4663 2264 
2731 2374 4666 4670 4669 
2732 4666 1638 4667 4670 
2733 4670 4667 1528 4668 
2734 4669 4670 4668 1529 
2735 1996 4671 4674 4673 
2736 4671 2322 4481 4674 
2737 4674 4481 1217 4672 
2738 4673 4674 4672 1234 
2739 2249 3725 4676 4675 
2740 3725 1090 3645 4676 
2741 4676 3645 386 387 
2742 4675 4676 387 388 
2743 1325 4677 4680 4679 
2744 4677 1305 4678 4680 
2745 4680 4678 2632 3595 
2746 4679 4680 3595 2268 
2747 2170 4681 4684 4053 
2748 4681 1046 4682 4684 
2749 4684 4682 2172 4683 
2750 4053 4684 4683 2171 
2751 2083 3345 4688 4687 
2752 3345 2082 4685 4688 
2753 4688 4685 3080 4686 
2754 4687 4688 4686 1646 
2755 2525 4689 4692 3689 
2756 4689 2354 4690 4692 
2757 4692 4690 2356 4691 
2758 3689 4692 4691 2360 
2759 2160 4551 4693 3615 
2760 4551 1094 3930 4693 
2761 4693 3930 456 457 
2762 3615 4693 457 458 
2763 1141 4462 4695 4694 
2764 4462 364 365 4695 
2765 4695 365 366 4464 
2766 4694 4695 4464 2167 
2767 2863 4696 4698 4484 
2768 4696 2099 3915 4698 
2769 4698 3915 2934 4697 
2770 4484 4698 4697 1121 
2771 235 236 4702 4701 
2772 236 237 4699 4702 
2773 4702 4699 2272 4700 
2774 4701 4702 4700 2279 
2775 2301 4517 4703 3165 
2776 4517 356 357 4703 
2777 4703 357 358 4460 
2778 3165 4703 4460 2302 
2779 2395 4704 4707 4421 
2780 4704 2189 4705 4707 
2781 4707 4705 1738 4706 
2782 4421 4707 4706 1485 
2783 1657 4708 4712 4711 
2784 4708 1322 4709 4712 
2785 4712 4709 1323 4710 
2786 4711 4712 4710 1329 
2787 2183 4713 4717 4716 
2788 4713 1537 4714 4717 
2789 4717 4714 1540 4715 
2790 4716 4717 4715 1541 
2791 1151 4561 4718 4538 
2792 4561 2153 4364 4718 
2793 4718 4364 450 451 
2794 4538 4718 451 452 
2795 2304 4211 4720 4719 
2796 4211 2271 4360 4720 
2797 4720 4360 103 104 
2798 4719 4720 104 105 
2799 1558 4721 4724 4723 
2800 4721 2499 4533 4724 
2801 4724 4533 1598 4722 
2802 4723 4724 4722 1556 
2803 1143 4725 4728 4727 
2804 4725 2180 4726 4728 
2805 4728 4726 418 419 
2806 4727 4728 419 420 
2807 1754 4729 4733 4732 
2808 4729 2374 4730 4733 
2809 4733 4730 1534 4731 
2810 4732 4733 4731 2255 
2811 1260 4609 4736 4617 
2812 4609 1259 4734 4736 
2813 4736 4734 1257 4735 
2814 4617 4736 4735 1258 
2815 1046 4681 4737 4602 
2816 4681 2170 4540 4737 
2817 4737 4540 394 395 
2818 4602 4737 395 396 
2819 1534 4730 4740 4739 
2820 4730 2374 4669 4740 
2821 4740 4669 1529 4738 
2822 4739 4740 4738 1531 
2823 2103 3815 4743 4742 
2824 3815 2104 4741 4743 
2825 4743 4741 2323 3466 
2826 4742 4743 3466 2105 
2827 2365 4744 4748 4747 
2828 4744 2576 4745 4748 
2829 4748 4745 2536 4746 
2830 4747 4748 4746 1842 
2831 2310 4749 4752 4070 
2832 4749 1152 4750 4752 
2833 4752 4750 2407 4751 
2834 4070 4752 4751 2410 
2835 2162 3100 4753 3343 
2836 3100 1135 3613 4753 
2837 4753 3613 460 461 
2838 3343 4753 461 462 
2839 2003 3927 4756 4755 
2840 3927 2264 4663 4756 
2841 4756 4663 2364 4754 
2842 4755 4756 4754 1756 
2843 2374 4729 4759 4666 
2844 4729 1754 4757 4759 
2845 4759 4757 1748 4758 
2846 4666 4759 4758 1638 
2847 2326 4760 4762 4761 
2848 4760 299 300 4762 
2849 4762 300 301 4163 
2850 4761 4762 4163 2197 
2851 2285 4763 4767 4766 
2852 4763 2284 4764 4767 
2853 4767 4764 2283 4765 
2854 4766 4767 4765 2282 
2855 2544 4768 4772 4771 
2856 4768 2292 4769 4772 
2857 4772 4769 2007 4770 
2858 4771 4772 4770 1840 
2859 2267 4196 4775 4774 
2860 4196 1148 4773 4775 
2861 4775 4773 179 180 
2862 4774 4775 180 181 
2863 1336 4776 4779 4278 
2864 4776 1334 4777 4779 
2865 4779 4777 1333 4778 
2866 4278 4779 4778 1335 
2867 2318 4780 4784 4783 
2868 4780 2316 4781 4784 
2869 4784 4781 2315 4782 
2870 4783 4784 4782 2317 
2871 1621 4300 4786 4122 
2872 4300 2564 4785 4786 
2873 4786 4785 2359 4623 
2874 4122 4786 4623 2357 
2875 2366 4787 4790 4789 
2876 4787 1917 4788 4790 
2877 4790 4788 745 744 
2878 4789 4790 744 743 
2879 1535 4791 4794 4793 
2880 4791 1534 4739 4794 
2881 4794 4739 1531 4792 
2882 4793 4794 4792 1533 
2883 2446 4795 4799 4798 
2884 4795 1812 4796 4799 
2885 4799 4796 2494 4797 
2886 4798 4799 4797 2518 
2887 2325 4800 4801 4650 
2888 4800 1075 3341 4801 
2889 4801 3341 464 465 
2890 4650 4801 465 466 
2891 444 445 4805 4804 
2892 445 446 4802 4805 
2893 4805 4802 2280 4803 
2894 4804 4805 4803 2281 
2895 1674 4806 4810 4809 
2896 4806 1673 4807 4810 
2897 4810 4807 1649 4808 
2898 4809 4810 4808 1433 
2899 1145 4598 4811 3997 
2900 4598 344 345 4811 
2901 4811 345 346 4457 
2902 3997 4811 4457 2219 
2903 2368 4812 4815 4814 
2904 4812 382 383 4815 
2905 4815 383 384 4813 
2906 4814 4815 4813 1150 
2907 2377 4816 4820 4819 
2908 4816 1645 4817 4820 
2909 4820 4817 1229 4818 
2910 4819 4820 4818 2376 
2911 2515 3950 4824 4823 
2912 3950 2393 4821 4824 
2913 4824 4821 1523 4822 
2914 4823 4824 4822 1526 
2915 2192 4825 4828 4013 
2916 4825 1256 4826 4828 
2917 4828 4826 1253 4827 
2918 4013 4828 4827 1618 
2919 749 748 4832 4831 
2920 748 26 4829 4832 
2921 4832 4829 1133 4830 
2922 4831 4832 4830 1043 
2923 1048 4465 4834 4833 
2924 4465 368 369 4834 
2925 4834 369 370 4645 
2926 4833 4834 4645 2190 
2927 1159 4835 4837 4836 
2928 4835 2181 4317 4837 
2929 4837 4317 705 704 
2930 4836 4837 704 703 
2931 2518 4838 4842 4841 
2932 4838 1460 4839 4842 
2933 4842 4839 1461 4840 
2934 4841 4842 4840 2447 
2935 1913 4843 4847 4846 
2936 4843 2398 4844 4847 
2937 4847 4844 2673 4845 
2938 4846 4847 4845 3028 
2939 2346 4848 4852 4851 
2940 4848 2340 4849 4852 
2941 4852 4849 1157 4850 
2942 4851 4852 4850 2339 
2943 1337 4853 4856 4280 
2944 4853 1339 4854 4856 
2945 4856 4854 1340 4855 
2946 4280 4856 4855 1338 
2947 1147 4514 4858 4857 
2948 4514 2252 4627 4858 
2949 4858 4627 149 150 
2950 4857 4858 150 151 
2951 1057 4859 4862 4861 
2952 4859 2195 4860 4862 
2953 4862 4860 260 261 
2954 4861 4862 261 262 
2955 2178 4229 4866 4865 
2956 4229 1418 4863 4866 
2957 4866 4863 1417 4864 
2958 4865 4866 4864 1415 
2959 2488 4867 4871 4870 
2960 4867 2423 4868 4871 
2961 4871 4868 3024 4869 
2962 4870 4871 4869 2487 
2963 1511 4872 4875 4874 
2964 4872 1514 4873 4875 
2965 4875 4873 1756 4754 
2966 4874 4875 4754 2364 
2967 1819 4876 4879 4878 
2968 4876 2019 3230 4879 
2969 4879 3230 2416 4877 
2970 4878 4879 4877 2511 
2971 2390 4880 4883 4882 
2972 4880 2270 4881 4883 
2973 4883 4881 673 672 
2974 4882 4883 672 671 
2975 1528 4884 4887 4668 
2976 4884 1527 4885 4887 
2977 4887 4885 1530 4886 
2978 4668 4887 4886 1529 
2979 2500 4888 4891 4890 
2980 4888 2306 4889 4891 
2981 4891 4889 2305 4579 
2982 4890 4891 4579 1093 
2983 2443 4892 4896 4895 
2984 4892 2442 4893 4896 
2985 4896 4893 2441 4894 
2986 4895 4896 4894 2440 
2987 2375 3684 4900 4899 
2988 3684 1700 4897 4900 
2989 4900 4897 3081 4898 
2990 4899 4900 4898 2367 
2991 2392 4901 4903 3776 
2992 4901 97 98 4903 
2993 4903 98 99 4902 
2994 3776 4903 4902 1138 
2995 2258 4630 4905 3699 
2996 4630 1139 4904 4905 
2997 4905 4904 243 244 
2998 3699 4905 244 245 
2999 1483 4906 4910 4909 
3000 4906 1482 4907 4910 
3001 4910 4907 1477 4908 
3002 4909 4910 4908 1481 
3003 1954 4911 4915 4914 
3004 4911 1767 4912 4915 
3005 4915 4912 1661 4913 
3006 4914 4915 4913 1766 
3007 1842 4916 4919 4747 
3008 4916 1596 4917 4919 
3009 4919 4917 1475 4918 
3010 4747 4919 4918 2365 
3011 2347 4920 4924 4923 
3012 4920 2464 4921 4924 
3013 4924 4921 2463 4922 
3014 4923 4924 4922 1099 
3015 2279 4925 4927 4701 
3016 4925 1092 4926 4927 
3017 4927 4926 233 234 
3018 4701 4927 234 235 
3019 1060 4243 4929 4162 
3020 4243 2198 4576 4929 
3021 4929 4576 2199 4928 
3022 4162 4929 4928 2197 
3023 1757 4930 4933 4932 
3024 4930 1756 4873 4933 
3025 4933 4873 1514 4931 
3026 4932 4933 4931 1620 
3027 1062 4934 4935 4526 
3028 4934 2324 4651 4935 
3029 4935 4651 468 469 
3030 4526 4935 469 470 
3031 2295 4936 4939 4938 
3032 4936 1155 4937 4939 
3033 4939 4937 143 144 
3034 4938 4939 144 145 
3035 1756 4930 4941 4755 
3036 4930 1757 4940 4941 
3037 4941 4940 2004 3301 
3038 4755 4941 3301 2003 
3039 2181 4835 4944 4943 
3040 4835 1159 4589 4944 
3041 4944 4589 2185 4942 
3042 4943 4944 4942 2184 
3043 1568 4945 4948 4947 
3044 4945 1753 4946 4948 
3045 4948 4946 1898 4451 
3046 4947 4948 4451 1752 
3047 2315 4949 4951 4782 
3048 4949 2520 4031 4951 
3049 4951 4031 2320 4950 
3050 4782 4951 4950 2317 
3051 2242 4952 4953 4444 
3052 4952 2249 4675 4953 
3053 4953 4675 388 389 
3054 4444 4953 389 390 
3055 1902 4954 4957 4612 
3056 4954 1777 4955 4957 
3057 4957 4955 1775 4956 
3058 4612 4957 4956 1776 
3059 2400 4220 4960 4254 
3060 4220 1255 4958 4960 
3061 4960 4958 1605 4959 
3062 4254 4960 4959 1802 
3063 1973 4961 4965 4964 
3064 4961 1975 4962 4965 
3065 4965 4962 2079 4963 
3066 4964 4965 4963 2177 
3067 587 4966 4969 588 
3068 4966 2435 4967 4969 
3069 4969 4967 2880 4968 
3070 588 4969 4968 589 
3071 1618 4827 4973 4972 
3072 4827 1253 4970 4973 
3073 4973 4970 1251 4971 
3074 4972 4973 4971 2352 
3075 2328 4974 4977 3981 
3076 4974 1662 4975 4977 
3077 4977 4975 1318 4976 
3078 3981 4977 4976 2327 
3079 1249 4978 4981 4980 
3080 4978 2355 4979 4981 
3081 4981 4979 2352 4971 
3082 4980 4981 4971 1251 
3083 1095 4982 4985 4984 
3084 4982 378 379 4985 
3085 4985 379 380 4983 
3086 4984 4985 4983 2370 
3087 2437 3544 4989 4988 
3088 3544 2826 4986 4989 
3089 4989 4986 2408 4987 
3090 4988 4989 4987 2409 
3091 1152 4749 4992 4991 
3092 4749 2310 4990 4992 
3093 4992 4990 2306 4888 
3094 4991 4992 4888 2500 
3095 299 4760 4995 298 
3096 4760 2326 4993 4995 
3097 4995 4993 1118 4994 
3098 298 4995 4994 297 
3099 2383 4263 4998 4297 
3100 4263 1619 4996 4998 
3101 4998 4996 1187 4997 
3102 4297 4998 4997 1189 
3103 2551 4999 5002 5001 
3104 4999 2839 5000 5002 
3105 5002 5000 2090 3516 
3106 5001 5002 3516 2598 
3107 1648 3251 5006 5005 
3108 3251 2351 5003 5006 
3109 5006 5003 1344 5004 
3110 5005 5006 5004 1346 
3111 195 5007 5010 5009 
3112 5007 2294 5008 5010 
3113 5010 5008 3058 3200 
3114 5009 5010 3200 1055 
3115 2191 5011 5015 5014 
3116 5011 1857 5012 5015 
3117 5015 5012 1836 5013 
3118 5014 5015 5013 1856 
3119 1064 5016 5018 5017 
3120 5016 2267 4774 5018 
3121 5018 4774 181 182 
3122 5017 5018 182 183 
3123 2094 3722 5022 5021 
3124 3722 2791 5019 5022 
3125 5022 5019 3073 5020 
3126 5021 5022 5020 1762 
3127 2183 5023 5026 4713 
3128 5023 1535 5024 5026 
3129 5026 5024 1536 5025 
3130 4713 5026 5025 1537 
3131 1093 4578 5028 5027 
3132 4578 2304 4719 5028 
3133 5028 4719 105 106 
3134 5027 5028 106 107 
3135 1558 5029 5032 4721 
3136 5029 1561 5030 5032 
3137 5032 5030 2468 5031 
3138 4721 5032 5031 2499 
3139 2382 5033 5035 4500 
3140 5033 1645 4816 5035 
3141 5035 4816 2377 5034 
3142 4500 5035 5034 2378 
3143 159 5036 5038 5037 
3144 5036 2296 4081 5038 
3145 5038 4081 2950 3858 
3146 5037 5038 3858 1065 
3147 1662 5039 5042 5041 
3148 5039 2376 4818 5042 
3149 5042 4818 1229 5040 
3150 5041 5042 5040 1231 
3151 2320 4030 5046 5045 
3152 4030 2289 5043 5046 
3153 5046 5043 2288 5044 
3154 5045 5046 5044 2290 
3155 703 702 5048 4836 
3156 702 701 5047 5048 
3157 5048 5047 2399 4586 
3158 4836 5048 4586 1159 
3159 2398 5049 5052 5051 
3160 5049 1144 5050 5052 
3161 5052 5050 480 481 
3162 5051 5052 481 482 
3163 1162 4304 5055 5054 
3164 4304 2131 5053 5055 
3165 5055 5053 655 654 
3166 5054 5055 654 653 
3167 2751 5056 5060 5059 
3168 5056 2486 5057 5060 
3169 5060 5057 3047 5058 
3170 5059 5060 5058 2426 
3171 197 198 5064 5063 
3172 198 199 5061 5064 
3173 5064 5061 2388 5062 
3174 5063 5064 5062 1156 
3175 1468 5065 5068 5067 
3176 5065 2439 5066 5068 
3177 5068 5066 2440 4894 
3178 5067 5068 4894 2441 
3179 3069 5069 5073 5072 
3180 5069 2764 5070 5073 
3181 5073 5070 1456 5071 
3182 5072 5073 5071 2647 
3183 1752 5074 5077 4947 
3184 5074 1520 5075 5077 
3185 5077 5075 1521 5076 
3186 4947 5077 5076 1568 
3187 1161 4366 5079 3947 
3188 4366 2138 5078 5079 
3189 5079 5078 567 568 
3190 3947 5079 568 569 
3191 1641 5080 5084 5083 
3192 5080 1498 5081 5084 
3193 5084 5081 1499 5082 
3194 5083 5084 5082 1500 
3195 1833 5085 5089 5088 
3196 5085 1834 5086 5089 
3197 5089 5086 2361 5087 
3198 5088 5089 5087 1753 
3199 1431 5090 5093 5092 
3200 5090 1427 3886 5093 
3201 5093 3886 2523 5091 
3202 5092 5093 5091 1433 
3203 1971 5094 5098 5097 
3204 5094 1972 5095 5098 
3205 5098 5095 1974 5096 
3206 5097 5098 5096 1973 
3207 1054 5099 5100 4626 
3208 5099 2295 4938 5100 
3209 5100 4938 145 146 
3210 4626 5100 146 147 
3211 1156 5101 5102 5063 
3212 5101 2294 5007 5102 
3213 5102 5007 195 196 
3214 5063 5102 196 197 
3215 2393 3953 5104 5103 
3216 3953 1833 5088 5104 
3217 5104 5088 1753 4945 
3218 5103 5104 4945 1568 
3219 2332 5105 5108 5107 
3220 5105 1620 4931 5108 
3221 5108 4931 1514 5106 
3222 5107 5108 5106 1515 
3223 1917 4787 5111 5110 
3224 4787 2366 5109 5111 
3225 5111 5109 2375 4899 
3226 5110 5111 4899 2367 
3227 2402 5112 5115 5114 
3228 5112 1146 3311 5115 
3229 5115 3311 3057 5113 
3230 5114 5115 5113 2403 
3231 2344 5116 5120 5119 
3232 5116 2342 5117 5120 
3233 5120 5117 2341 5118 
3234 5119 5120 5118 2340 
3235 1535 5121 5123 4791 
3236 5121 1538 5122 5123 
3237 5123 5122 2255 4731 
3238 4791 5123 4731 1534 
3239 2410 4751 5127 5126 
3240 4751 2407 5124 5127 
3241 5127 5124 1100 5125 
3242 5126 5127 5125 2408 
3243 1449 5128 5132 5131 
3244 5128 2531 5129 5132 
3245 5132 5129 1847 5130 
3246 5131 5132 5130 2529 
3247 2297 4529 5134 4636 
3248 4529 1183 5133 5134 
3249 5134 5133 1185 4166 
3250 4636 5134 4166 1478 
3251 1103 5135 5139 5138 
3252 5135 2415 5136 5139 
3253 5139 5136 2413 5137 
3254 5138 5139 5137 2414 
3255 1618 4972 5142 4014 
3256 4972 2352 5140 5142 
3257 5142 5140 2354 5141 
3258 4014 5142 5141 2353 
3259 1973 5096 5145 4961 
3260 5096 1974 5143 5145 
3261 5145 5143 1976 5144 
3262 4961 5145 5144 1975 
3263 1258 4735 5149 5148 
3264 4735 1257 5146 5149 
3265 5149 5146 1254 5147 
3266 5148 5149 5147 1256 
3267 1562 5150 5154 5153 
3268 5150 1565 5151 5154 
3269 5154 5151 2429 5152 
3270 5153 5154 5152 2469 
3271 1993 5155 5158 5157 
3272 5155 2924 5156 5158 
3273 5158 5156 1414 4542 
3274 5157 5158 4542 2261 
3275 2357 4622 5159 4119 
3276 4622 2358 3563 5159 
3277 5159 3563 2360 4691 
3278 4119 5159 4691 2356 
3279 336 5160 5162 335 
3280 5160 1146 5112 5162 
3281 5162 5112 2402 5161 
3282 335 5162 5161 334 
3283 2148 5163 5166 5165 
3284 5163 1829 5164 5166 
3285 5166 5164 1649 4807 
3286 5165 5166 4807 1673 
3287 2376 5039 5169 5168 
3288 5039 1662 4974 5169 
3289 5169 4974 2328 5167 
3290 5168 5169 5167 2329 
3291 2305 4889 5172 5171 
3292 4889 2306 5170 5172 
3293 5172 5170 2309 4022 
3294 5171 5172 4022 2307 
3295 2327 4976 5175 4154 
3296 4976 1318 5173 5175 
3297 5175 5173 1319 5174 
3298 4154 5175 5174 1320 
3299 2483 3468 5179 5178 
3300 3468 1570 5176 5179 
3301 5179 5176 1128 5177 
3302 5178 5179 5177 2482 
3303 1092 5180 5182 4926 
3304 5180 2339 5181 5182 
3305 5182 5181 231 232 
3306 4926 5182 232 233 
3307 2339 4850 5184 5181 
3308 4850 1157 5183 5184 
3309 5184 5183 229 230 
3310 5181 5184 230 231 
3311 2407 4750 5187 5186 
3312 4750 1152 5185 5187 
3313 5187 5185 111 112 
3314 5186 5187 112 113 
3315 2387 5188 5191 5190 
3316 5188 1114 5189 5191 
3317 5191 5189 163 164 
3318 5190 5191 164 165 
3319 2370 4983 5193 5192 
3320 4983 380 381 5193 
3321 5193 381 382 4812 
3322 5192 5193 4812 2368 
3323 2381 4499 5195 3964 
3324 4499 2378 5194 5195 
3325 5195 5194 2379 3430 
3326 3964 5195 3430 2380 
3327 2544 4771 5199 5198 
3328 4771 1840 5196 5199 
3329 5199 5196 1839 5197 
3330 5198 5199 5197 1639 
3331 2414 5200 5203 5202 
3332 5200 2412 5201 5203 
3333 5203 5201 117 118 
3334 5202 5203 118 119 
3335 1266 5204 5208 5207 
3336 5204 1268 5205 5208 
3337 5208 5205 1269 5206 
3338 5207 5208 5206 1267 
3339 1498 5080 5210 4389 
3340 5080 1641 5209 5210 
3341 5210 5209 2513 4058 
3342 4389 5210 4058 2127 
3343 1155 5211 5213 4937 
3344 5211 2389 5212 5213 
3345 5213 5212 141 142 
3346 4937 5213 142 143 
3347 1103 5138 5215 5214 
3348 5138 2414 5202 5215 
3349 5215 5202 119 120 
3350 5214 5215 120 121 
3351 1645 5033 5218 5217 
3352 5033 2382 4295 5218 
3353 5218 4295 1191 5216 
3354 5217 5218 5216 1227 
3355 2031 5219 5223 5222 
3356 5219 1078 5220 5223 
3357 5223 5220 2806 5221 
3358 5222 5223 5221 2041 
3359 1766 4173 5225 4914 
3360 4173 2508 3275 5225 
3361 5225 3275 2509 5224 
3362 4914 5225 5224 1954 
3363 2394 5226 5228 4584 
3364 5226 1098 5227 5228 
3365 5228 5227 436 437 
3366 4584 5228 437 438 
3367 2364 4662 5232 5231 
3368 4662 1653 5229 5232 
3369 5232 5229 1508 5230 
3370 5231 5232 5230 1509 
3371 2281 4139 5234 4804 
3372 4139 1097 5233 5234 
3373 5234 5233 442 443 
3374 4804 5234 443 444 
3375 2594 5235 5238 5237 
3376 5235 1119 5236 5238 
3377 5238 5236 282 283 
3378 5237 5238 283 284 
3379 1754 5239 5241 4757 
3380 5239 2363 3891 5241 
3381 5241 3891 1952 5240 
3382 4757 5241 5240 1748 
3383 2191 5014 5245 5244 
3384 5014 1856 5242 5245 
3385 5245 5242 2467 5243 
3386 5244 5245 5243 2606 
3387 2340 5118 5248 4849 
3388 5118 2341 5246 5248 
3389 5248 5246 2502 5247 
3390 4849 5248 5247 1157 
3391 1906 4439 5252 5251 
3392 4439 1650 5249 5252 
3393 5252 5249 1707 5250 
3394 5251 5252 5250 1905 
3395 1387 5253 5255 3318 
3396 5253 2986 3246 5255 
3397 5255 3246 2345 5254 
3398 3318 5255 5254 2348 
3399 2189 5256 5258 4705 
3400 5256 2024 4098 5258 
3401 5258 4098 2023 5257 
3402 4705 5258 5257 1738 
3403 1517 5259 5262 5261 
3404 5259 1519 5260 5262 
3405 5262 5260 1521 5075 
3406 5261 5262 5075 1520 
3407 1099 4922 5265 5264 
3408 4922 2463 5263 5265 
3409 5265 5263 223 224 
3410 5264 5265 224 225 
3411 2429 5151 5269 5268 
3412 5151 1565 5266 5269 
3413 5269 5266 1566 5267 
3414 5268 5269 5267 2477 
3415 1596 4916 5273 5272 
3416 4916 1842 5270 5273 
3417 5273 5270 1866 5271 
3418 5272 5273 5271 1715 
3419 1115 5274 5277 5276 
3420 5274 2419 5275 5277 
3421 5277 5275 171 172 
3422 5276 5277 172 173 
3423 1185 5278 5279 4167 
3424 5278 1187 4996 5279 
3425 5279 4996 1619 4470 
3426 4167 5279 4470 2532 
3427 2249 4952 5281 3726 
3428 4952 2242 5280 5281 
3429 5281 5280 2241 4374 
3430 3726 5281 4374 2243 
3431 1993 5157 5284 5283 
3432 5157 2261 4274 5284 
3433 5284 4274 1664 5282 
3434 5283 5284 5282 2767 
3435 440 441 5286 4582 
3436 441 442 5233 5286 
3437 5286 5233 1097 5285 
3438 4582 5286 5285 2552 
3439 2391 5287 5291 5290 
3440 5287 2471 5288 5291 
3441 5291 5288 2480 5289 
3442 5290 5291 5289 1846 
3443 2637 5292 5296 5295 
3444 5292 1838 5293 5296 
3445 5296 5293 2165 5294 
3446 5295 5296 5294 2293 
3447 1153 5297 5299 5298 
3448 5297 2387 5190 5299 
3449 5299 5190 165 166 
3450 5298 5299 166 167 
3451 1741 5300 5304 5303 
3452 5300 2510 5301 5304 
3453 5304 5301 2303 5302 
3454 5303 5304 5302 2594 
3455 2743 3395 5307 3269 
3456 3395 2455 5305 5307 
3457 5307 5305 2454 5306 
3458 3269 5307 5306 2453 
3459 2768 4234 5310 5309 
3460 4234 2254 4512 5310 
3461 5310 4512 2253 5308 
3462 5309 5310 5308 2470 
3463 671 670 5312 4882 
3464 670 669 5311 5312 
3465 5312 5311 1047 3898 
3466 4882 5312 3898 2390 
3467 1100 5124 5314 5313 
3468 5124 2407 5186 5314 
3469 5314 5186 113 114 
3470 5313 5314 114 115 
3471 743 742 5317 4789 
3472 742 741 5315 5317 
3473 5317 5315 1091 5316 
3474 4789 5317 5316 2366 
3475 2417 3231 5319 4260 
3476 3231 2019 4876 5319 
3477 5319 4876 1819 5318 
3478 4260 5319 5318 1821 
3479 1099 5320 5322 4923 
3480 5320 2502 5246 5322 
3481 5322 5246 2341 5321 
3482 4923 5322 5321 2347 
3483 1517 5261 5324 5323 
3484 5261 1520 5074 5324 
3485 5324 5074 1752 4450 
3486 5323 5324 4450 2332 
3487 1975 5144 5328 5327 
3488 5144 1976 5325 5328 
3489 5328 5325 1978 5326 
3490 5327 5328 5326 1977 
3491 1032 5329 5330 4606 
3492 5329 2272 4699 5330 
3493 5330 4699 237 238 
3494 4606 5330 238 239 
3495 2004 4940 5334 5333 
3496 4940 1757 5331 5334 
3497 5334 5331 2421 5332 
3498 5333 5334 5332 2169 
3499 1872 5335 5339 5338 
3500 5335 1873 5336 5339 
3501 5339 5336 2473 5337 
3502 5338 5339 5337 1681 
3503 2424 5340 5344 5343 
3504 5340 1708 5341 5344 
3505 5344 5341 1631 5342 
3506 5343 5344 5342 2422 
3507 2465 5345 5348 5347 
3508 5345 2462 5346 5348 
3509 5348 5346 2463 4921 
3510 5347 5348 4921 2464 
3511 2355 4978 5350 4121 
3512 4978 1249 5349 5350 
3513 5350 5349 1247 4301 
3514 4121 5350 4301 1621 
3515 1039 5351 5352 4363 
3516 5351 2280 4802 5352 
3517 5352 4802 446 447 
3518 4363 5352 447 448 
3519 1997 5353 5357 5356 
3520 5353 1996 5354 5357 
3521 5357 5354 1915 5355 
3522 5356 5357 5355 1916 
3523 1662 5041 5360 4975 
3524 5041 1231 5358 5360 
3525 5360 5358 1232 5359 
3526 4975 5360 5359 1318 
3527 1596 5272 5364 5363 
3528 5272 1715 5361 5364 
3529 5364 5361 2031 5362 
3530 5363 5364 5362 1714 
3531 2447 5365 5368 5367 
3532 5365 1464 5366 5368 
3533 5368 5366 2441 4893 
3534 5367 5368 4893 2442 
3535 22 5369 5370 680 
3536 5369 1042 3773 5370 
3537 5370 3773 2350 4376 
3538 680 5370 4376 681 
3539 2617 5371 5374 5373 
3540 5371 2832 5372 5374 
3541 5374 5372 2109 3782 
3542 5373 5374 3782 1136 
3543 2531 5375 5378 5129 
3544 5375 2349 5376 5378 
3545 5378 5376 2560 5377 
3546 5129 5378 5377 1847 
3547 2087 5379 5381 3986 
3548 5379 1088 5380 5381 
3549 5381 5380 693 692 
3550 3986 5381 692 691 
3551 2414 5137 5384 5200 
3552 5137 2413 5382 5384 
3553 5384 5382 2409 5383 
3554 5200 5384 5383 2412 
3555 1714 5385 5387 5363 
3556 5385 1474 5386 5387 
3557 5387 5386 1475 4917 
3558 5363 5387 4917 1596 
3559 1751 5388 5392 5391 
3560 5388 1506 5389 5392 
3561 5392 5389 1507 5390 
3562 5391 5392 5390 1508 
3563 1112 5393 5395 5394 
3564 5393 2388 5061 5395 
3565 5395 5061 199 200 
3566 5394 5395 200 201 
3567 1628 5396 5399 5398 
3568 5396 1631 5341 5399 
3569 5399 5341 1708 5397 
3570 5398 5399 5397 1601 
3571 2344 5400 5402 5116 
3572 5400 2345 3245 5402 
3573 5402 3245 2396 5401 
3574 5116 5402 5401 2342 
3575 1320 5403 5405 4152 
3576 5403 1322 4708 5405 
3577 5405 4708 1657 5404 
3578 4152 5405 5404 2298 
3579 2434 5406 5410 5409 
3580 5406 2432 5407 5410 
3581 5410 5407 2431 5408 
3582 5409 5410 5408 2433 
3583 1727 5411 5414 5413 
3584 5411 1631 5396 5414 
3585 5414 5396 1628 5412 
3586 5413 5414 5412 1726 
3587 1568 5076 5416 5103 
3588 5076 1521 5415 5416 
3589 5416 5415 1523 4821 
3590 5103 5416 4821 2393 
3591 2423 5417 5419 5418 
3592 5417 2422 5342 5419 
3593 5419 5342 1631 5411 
3594 5418 5419 5411 1727 
3595 1856 5420 5423 5242 
3596 5420 1686 5421 5423 
3597 5423 5421 1472 5422 
3598 5242 5423 5422 2467 
3599 2009 3819 5427 5426 
3600 3819 2472 5424 5427 
3601 5427 5424 1846 5425 
3602 5426 5427 5425 1740 
3603 1573 5428 5431 5430 
3604 5428 2539 5429 5431 
3605 5431 5429 2574 4592 
3606 5430 5431 4592 1760 
3607 2450 3675 5434 5433 
3608 3675 2451 5432 5434 
3609 5434 5432 123 124 
3610 5433 5434 124 125 
3611 2458 5435 5438 5437 
3612 5435 2459 5436 5438 
3613 5438 5436 135 136 
3614 5437 5438 136 137 
3615 2460 5439 5442 5441 
3616 5439 1102 5440 5442 
3617 5442 5440 219 220 
3618 5441 5442 220 221 
3619 2451 5443 5444 5432 
3620 5443 1103 5214 5444 
3621 5444 5214 121 122 
3622 5432 5444 122 123 
3623 2479 5445 5448 5447 
3624 5445 1106 5446 5448 
3625 5448 5446 127 128 
3626 5447 5448 128 129 
3627 2459 5449 5451 5436 
3628 5449 1107 5450 5451 
3629 5451 5450 133 134 
3630 5436 5451 134 135 
3631 2389 3296 5453 5212 
3632 3296 1113 5452 5453 
3633 5453 5452 139 140 
3634 5212 5453 140 141 
3635 2466 5454 5456 5455 
3636 5454 1112 5394 5456 
3637 5456 5394 201 202 
3638 5455 5456 202 203 
3639 2021 5457 5459 3505 
3640 5457 1105 5458 5459 
3641 5459 5458 213 214 
3642 3505 5459 214 215 
3643 2502 5320 5461 5460 
3644 5320 1099 5264 5461 
3645 5461 5264 225 226 
3646 5460 5461 226 227 
3647 1468 5067 5464 5463 
3648 5067 2441 5366 5464 
3649 5464 5366 1464 5462 
3650 5463 5464 5462 1465 
3651 2332 4449 5465 5105 
3652 4449 2421 5331 5465 
3653 5465 5331 1757 4932 
3654 5105 5465 4932 1620 
3655 1139 5466 5467 4904 
3656 5466 2256 4604 5467 
3657 5467 4604 241 242 
3658 4904 5467 242 243 
3659 1106 5468 5469 5446 
3660 5468 2450 5433 5469 
3661 5469 5433 125 126 
3662 5446 5469 126 127 
3663 1511 5470 5472 4872 
3664 5470 1513 5471 5472 
3665 5472 5471 1515 5106 
3666 4872 5472 5106 1514 
3667 2477 5473 5476 5475 
3668 5473 1708 5340 5476 
3669 5476 5340 2424 5474 
3670 5475 5476 5474 2425 
3671 2447 4840 5479 5365 
3672 4840 1461 5477 5479 
3673 5479 5477 1463 5478 
3674 5365 5479 5478 1464 
3675 1113 5480 5481 5452 
3676 5480 2458 5437 5481 
3677 5481 5437 137 138 
3678 5452 5481 138 139 
3679 1719 5482 5486 5485 
3680 5482 1911 5483 5486 
3681 5486 5483 2075 5484 
3682 5485 5486 5484 1813 
3683 1107 5487 5489 5450 
3684 5487 2452 5488 5489 
3685 5489 5488 131 132 
3686 5450 5489 132 133 
3687 2449 4535 5492 5491 
3688 4535 2436 5490 5492 
3689 5492 5490 2432 5406 
3690 5491 5492 5406 2434 
3691 1587 5493 5496 5495 
3692 5493 1719 5485 5496 
3693 5496 5485 1813 5494 
3694 5495 5496 5494 1668 
3695 1545 3977 5499 5498 
3696 3977 2151 5497 5499 
3697 5499 5497 2996 3203 
3698 5498 5499 3203 2517 
3699 2041 5500 5502 5222 
3700 5500 2032 5501 5502 
3701 5502 5501 1714 5362 
3702 5222 5502 5362 2031 
3703 2349 5503 5507 5506 
3704 5503 1689 5504 5507 
3705 5507 5504 1811 5505 
3706 5506 5507 5505 1858 
3707 2476 4159 5510 5509 
3708 4159 2080 5508 5510 
3709 5510 5508 1858 5505 
3710 5509 5510 5505 1811 
3711 115 116 5512 5313 
3712 116 117 5201 5512 
3713 5512 5201 2412 5511 
3714 5313 5512 5511 1100 
3715 1451 5513 5516 5515 
3716 5513 1654 5514 5516 
3717 5516 5514 1811 5504 
3718 5515 5516 5504 1689 
3719 2604 4432 5520 5519 
3720 4432 2176 5517 5520 
3721 5520 5517 2644 5518 
3722 5519 5520 5518 1389 
3723 1268 5521 5524 5205 
3724 5521 1270 5522 5524 
3725 5524 5522 1271 5523 
3726 5205 5524 5523 1269 
3727 2493 5525 5529 5528 
3728 5525 1468 5526 5529 
3729 5529 5526 1467 5527 
3730 5528 5529 5527 1469 
3731 293 5530 5533 292 
3732 5530 2562 5531 5533 
3733 5533 5531 2976 5532 
3734 292 5533 5532 291 
3735 1471 5534 5537 5536 
3736 5534 1474 5535 5537 
3737 5537 5535 2493 5528 
3738 5536 5537 5528 1469 
3739 2072 4309 5541 5540 
3740 4309 2051 5538 5541 
3741 5541 5538 2052 5539 
3742 5540 5541 5539 2053 
3743 2474 5542 5544 3937 
3744 5542 581 580 5544 
3745 5544 580 579 5543 
3746 3937 5544 5543 1109 
3747 1587 5545 5547 5493 
3748 5545 2471 5287 5547 
3749 5547 5287 2391 5546 
3750 5493 5547 5546 1719 
3751 2401 4325 5551 5550 
3752 4325 1503 5548 5551 
3753 5551 5548 1505 5549 
3754 5550 5551 5549 1506 
3755 1529 4886 5554 4738 
3756 4886 1530 5552 5554 
3757 5554 5552 1532 5553 
3758 4738 5554 5553 1531 
3759 581 5542 5557 582 
3760 5542 2474 5555 5557 
3761 5557 5555 2478 5556 
3762 582 5557 5556 583 
3763 2443 5558 5560 4892 
3764 5558 2444 5559 5560 
3765 5560 5559 2447 5367 
3766 4892 5560 5367 2442 
3767 2511 5561 5564 4878 
3768 5561 1763 5562 5564 
3769 5564 5562 1818 5563 
3770 4878 5564 5563 1819 
3771 2365 4918 5568 5567 
3772 4918 1475 5565 5568 
3773 5568 5565 1476 5566 
3774 5567 5568 5566 1477 
3775 2427 5569 5572 5571 
3776 5569 2430 5570 5572 
3777 5572 5570 2469 5152 
3778 5571 5572 5152 2429 
3779 221 222 5574 5441 
3780 222 223 5263 5574 
3781 5574 5263 2463 5573 
3782 5441 5574 5573 2460 
3783 1926 5575 5579 5578 
3784 5575 1822 5576 5579 
3785 5579 5576 1750 5577 
3786 5578 5579 5577 1823 
3787 1322 5403 5582 5581 
3788 5403 1320 5174 5582 
3789 5582 5174 1319 5580 
3790 5581 5582 5580 1321 
3791 129 130 5584 5447 
3792 130 131 5488 5584 
3793 5584 5488 2452 5583 
3794 5447 5584 5583 2479 
3795 1574 5585 5589 5588 
3796 5585 1712 5586 5589 
3797 5589 5586 2047 5587 
3798 5588 5589 5587 2524 
3799 2203 5590 5592 3441 
3800 5590 2201 5591 5592 
3801 5592 5591 2199 4575 
3802 3441 5592 4575 2200 
3803 1526 4822 5596 5595 
3804 4822 1523 5593 5596 
3805 5596 5593 1524 5594 
3806 5595 5596 5594 1525 
3807 2471 5597 5600 5288 
3808 5597 1585 5598 5600 
3809 5600 5598 1582 5599 
3810 5288 5600 5599 2480 
3811 2455 5601 5604 5305 
3812 5601 2456 5602 5604 
3813 5604 5602 2457 5603 
3814 5305 5604 5603 2454 
3815 1566 5605 5606 5267 
3816 5605 1601 5397 5606 
3817 5606 5397 1708 5473 
3818 5267 5606 5473 2477 
3819 2471 5545 5609 5597 
3820 5545 1587 5607 5609 
3821 5609 5607 1586 5608 
3822 5597 5609 5608 1585 
3823 1638 4758 5613 5612 
3824 4758 1748 5610 5613 
3825 5613 5610 1951 5611 
3826 5612 5613 5611 1713 
3827 1438 5614 5617 5616 
3828 5614 1441 5615 5617 
3829 5617 5615 1681 5337 
3830 5616 5617 5337 2473 
3831 1654 5513 5621 5620 
3832 5513 1451 5618 5621 
3833 5621 5618 1450 5619 
3834 5620 5621 5619 1452 
3835 2518 4797 5624 4838 
3836 4797 2494 5622 5624 
3837 5624 5622 1454 5623 
3838 4838 5624 5623 1460 
3839 2461 5625 5627 5626 
3840 5625 2460 5573 5627 
3841 5627 5573 2463 5346 
3842 5626 5627 5346 2462 
3843 1549 5628 5630 4412 
3844 5628 1569 5629 5630 
3845 5630 5629 1707 5249 
3846 4412 5630 5249 1650 
3847 2476 5509 5633 5632 
3848 5509 1811 5514 5633 
3849 5633 5514 1654 5631 
3850 5632 5633 5631 1812 
3851 1468 5525 5636 5065 
3852 5525 2493 5634 5636 
3853 5636 5634 2032 5635 
3854 5065 5636 5635 2439 
3855 1981 5637 5641 5640 
3856 5637 1982 5638 5641 
3857 5641 5638 1986 5639 
3858 5640 5641 5639 2556 
3859 1668 5642 5644 5495 
3860 5642 1588 5643 5644 
3861 5644 5643 1586 5607 
3862 5495 5644 5607 1587 
3863 2431 5407 5648 5647 
3864 5407 2432 5645 5648 
3865 5648 5645 2468 5646 
3866 5647 5648 5646 2430 
3867 583 5556 5651 584 
3868 5556 2478 5649 5651 
3869 5651 5649 1076 5650 
3870 584 5651 5650 585 
3871 2477 5475 5653 5268 
3872 5475 2425 5652 5653 
3873 5653 5652 2427 5571 
3874 5268 5653 5571 2429 
3875 1493 4063 5656 5655 
3876 4063 1491 4334 5656 
3877 5656 4334 1489 5654 
3878 5655 5656 5654 1492 
3879 3027 3535 5659 3148 
3880 3535 2545 5657 5659 
3881 5659 5657 1610 5658 
3882 3148 5659 5658 1704 
3883 1468 5463 5662 5526 
3884 5463 1465 5660 5662 
3885 5662 5660 1466 5661 
3886 5526 5662 5661 1467 
3887 107 108 5664 5027 
3888 108 109 5663 5664 
3889 5664 5663 2500 4890 
3890 5027 5664 4890 1093 
3891 2356 4690 5665 4120 
3892 4690 2354 5140 5665 
3893 5665 5140 2352 4979 
3894 4120 5665 4979 2355 
3895 2927 5666 5669 3271 
3896 5666 1827 5667 5669 
3897 5669 5667 1826 5668 
3898 3271 5669 5668 1828 
3899 2469 5670 5673 5153 
3900 5670 1561 5671 5673 
3901 5673 5671 1560 5672 
3902 5153 5673 5672 1562 
3903 2408 5125 5674 4987 
3904 5125 1100 5511 5674 
3905 5674 5511 2412 5383 
3906 4987 5674 5383 2409 
3907 432 433 5676 4495 
3908 433 434 5675 5676 
3909 5676 5675 2520 4949 
3910 4495 5676 4949 2315 
3911 2032 5634 5677 5501 
3912 5634 2493 5535 5677 
3913 5677 5535 1474 5385 
3914 5501 5677 5385 1714 
3915 1726 5412 5681 5680 
3916 5412 1628 5678 5681 
3917 5681 5678 2475 5679 
3918 5680 5681 5679 1728 
3919 1474 5534 5683 5386 
3920 5534 1471 5682 5683 
3921 5683 5682 1476 5565 
3922 5386 5683 5565 1475 
3923 1104 5684 5686 5685 
3924 5684 2399 5047 5686 
3925 5686 5047 701 700 
3926 5685 5686 700 699 
3927 2491 5687 5689 3822 
3928 5687 617 616 5689 
3929 5689 616 615 5688 
3930 3822 5689 5688 1087 
3931 2435 4966 5691 5690 
3932 4966 587 586 5691 
3933 5691 586 585 5650 
3934 5690 5691 5650 1076 
3935 2041 5692 5694 5500 
3936 5692 2042 5693 5694 
3937 5694 5693 2439 5635 
3938 5500 5694 5635 2032 
3939 2499 5031 5695 4534 
3940 5031 2468 5645 5695 
3941 5695 5645 2432 5490 
3942 4534 5695 5490 2436 
3943 340 3955 5697 339 
3944 3955 1049 3477 5697 
3945 5697 3477 2507 5696 
3946 339 5697 5696 338 
3947 2009 5426 5699 3619 
3948 5426 1740 5698 5699 
3949 5699 5698 1734 3219 
3950 3619 5699 3219 2008 
3951 497 496 5703 5702 
3952 496 495 5700 5703 
3953 5703 5700 1086 5701 
3954 5702 5703 5701 2485 
3955 1846 5704 5706 5425 
3956 5704 1632 5705 5706 
3957 5706 5705 1734 5698 
3958 5425 5706 5698 1740 
3959 1729 4126 5708 5707 
3960 4126 1674 4809 5708 
3961 5708 4809 1433 5091 
3962 5707 5708 5091 2523 
3963 2282 4137 5711 4766 
3964 4137 2291 5709 5711 
3965 5711 5709 2742 5710 
3966 4766 5711 5710 2285 
3967 1597 5712 5715 5714 
3968 5712 1733 5713 5715 
3969 5715 5713 1818 5562 
3970 5714 5715 5562 1763 
3971 1452 5716 5717 5620 
3972 5716 2494 4796 5717 
3973 5717 4796 1812 5631 
3974 5620 5717 5631 1654 
3975 2207 5718 5722 5721 
3976 5718 2210 5719 5722 
3977 5722 5719 2211 5720 
3978 5721 5722 5720 2208 
3979 1561 5670 5723 5030 
3980 5670 2469 5570 5723 
3981 5723 5570 2430 5646 
3982 5030 5723 5646 2468 
3983 2453 5306 5726 5725 
3984 5306 2454 5724 5726 
3985 5726 5724 2479 5583 
3986 5725 5726 5583 2452 
3987 1653 4042 5728 5229 
3988 4042 2547 5727 5728 
3989 5728 5727 1751 5391 
3990 5229 5728 5391 1508 
3991 1450 5618 5731 5730 
3992 5618 1451 5729 5731 
3993 5731 5729 2531 5128 
3994 5730 5731 5128 1449 
3995 1819 5732 5735 5318 
3996 5732 1820 5733 5735 
3997 5735 5733 1937 5734 
3998 5318 5735 5734 1821 
3999 1157 5247 5736 5183 
4000 5247 2502 5460 5736 
4001 5736 5460 227 228 
4002 5183 5736 228 229 
4003 1464 5478 5738 5462 
4004 5478 1463 5737 5738 
4005 5738 5737 1466 5660 
4006 5462 5738 5660 1465 
4007 1152 4991 5739 5185 
4008 4991 2500 5663 5739 
4009 5739 5663 109 110 
4010 5185 5739 110 111 
4011 1460 5623 5743 5742 
4012 5623 1454 5740 5743 
4013 5743 5740 1458 5741 
4014 5742 5743 5741 1459 
4015 1565 5744 5747 5266 
4016 5744 1564 5745 5747 
4017 5747 5745 1567 5746 
4018 5266 5747 5746 1566 
4019 1565 5150 5750 5744 
4020 5150 1562 5748 5750 
4021 5750 5748 1563 5749 
4022 5744 5750 5749 1564 
4023 607 5751 5754 608 
4024 5751 2492 5752 5754 
4025 5754 5752 1084 5753 
4026 608 5754 5753 609 
4027 2494 5716 5757 5622 
4028 5716 1452 5755 5757 
4029 5757 5755 1453 5756 
4030 5622 5757 5756 1454 
4031 511 510 5760 5759 
4032 510 509 5758 5760 
4033 5760 5758 2489 3715 
4034 5759 5760 3715 2490 
4035 1449 5761 5764 5730 
4036 5761 1448 5762 5764 
4037 5764 5762 2495 5763 
4038 5730 5764 5763 1450 
4039 599 5765 5767 600 
4040 5765 2488 4870 5767 
4041 5767 4870 2487 5766 
4042 600 5767 5766 601 
4043 1566 5746 5770 5605 
4044 5746 1567 5768 5770 
4045 5770 5768 1597 5769 
4046 5605 5770 5769 1601 
4047 2666 5771 5775 5774 
4048 5771 1626 5772 5775 
4049 5775 5772 1355 5773 
4050 5774 5775 5773 1178 
4051 2284 5776 5779 4764 
4052 5776 2286 5777 5779 
4053 5779 5777 2287 5778 
4054 4764 5779 5778 2283 
4055 509 508 5782 5758 
4056 508 507 5780 5782 
4057 5782 5780 1083 5781 
4058 5758 5782 5781 2489 
4059 601 5766 5785 602 
4060 5766 2487 5783 5785 
4061 5785 5783 1082 5784 
4062 602 5785 5784 603 
4063 591 5786 5789 592 
4064 5786 1079 5787 5789 
4065 5789 5787 2486 5788 
4066 592 5789 5788 593 
4067 1460 5742 5792 4839 
4068 5742 1459 5790 5792 
4069 5792 5790 1462 5791 
4070 4839 5792 5791 1461 
4071 1628 5398 5794 5678 
4072 5398 1601 5769 5794 
4073 5794 5769 1597 5793 
4074 5678 5794 5793 2475 
4075 513 512 5797 5796 
4076 512 511 5759 5797 
4077 5797 5759 2490 5795 
4078 5796 5797 5795 1081 
4079 597 5798 5800 598 
4080 5798 1080 5799 5800 
4081 5800 5799 2488 5765 
4082 598 5800 5765 599 
4083 1790 4134 5802 5801 
4084 4134 2805 4101 5802 
4085 5802 4101 1075 4800 
4086 5801 5802 4800 2325 
4087 1580 5803 5805 5804 
4088 5803 1632 5704 5805 
4089 5805 5704 1846 5289 
4090 5804 5805 5289 2480 
4091 1256 5147 5808 4826 
4092 5147 1254 5806 5808 
4093 5808 5806 1252 5807 
4094 4826 5808 5807 1253 
4095 1106 5445 5810 5809 
4096 5445 2479 5724 5810 
4097 5810 5724 2454 5603 
4098 5809 5810 5603 2457 
4099 2286 5811 5813 5777 
4100 5811 2288 5043 5813 
4101 5813 5043 2289 5812 
4102 5777 5813 5812 2287 
4103 1469 5814 5817 5536 
4104 5814 1470 5815 5817 
4105 5817 5815 2503 5816 
4106 5536 5817 5816 1471 
4107 2124 3807 5818 3314 
4108 3807 1067 3870 5818 
4109 5818 3870 729 728 
4110 3314 5818 728 727 
4111 1469 5527 5821 5814 
4112 5527 1467 5819 5821 
4113 5821 5819 2481 5820 
4114 5814 5821 5820 1470 
4115 1461 5791 5824 5477 
4116 5791 1462 5822 5824 
4117 5824 5822 2484 5823 
4118 5477 5824 5823 1463 
4119 1146 5160 5825 3312 
4120 5160 336 337 5825 
4121 5825 337 338 5696 
4122 3312 5825 5696 2507 
4123 1585 5826 5829 5598 
4124 5826 1584 5827 5829 
4125 5829 5827 1583 5828 
4126 5598 5829 5828 1582 
4127 2332 5107 5832 5323 
4128 5107 1515 5830 5832 
4129 5832 5830 1516 5831 
4130 5323 5832 5831 1517 
4131 1771 5833 5837 5836 
4132 5833 1658 5834 5837 
4133 5837 5834 2505 5835 
4134 5836 5837 5835 1772 
4135 2703 5838 5841 3202 
4136 5838 1541 5839 5841 
4137 5841 5839 1542 5840 
4138 3202 5841 5840 2517 
4139 2371 4660 5844 5843 
4140 4660 1774 5842 5844 
4141 5844 5842 1931 3967 
4142 5843 5844 3967 1932 
4143 1477 5566 5848 5847 
4144 5566 1476 5845 5848 
4145 5848 5845 1635 5846 
4146 5847 5848 5846 1480 
4147 2157 4497 5849 3704 
4148 4497 2155 4562 5849 
4149 5849 4562 1151 4537 
4150 3704 5849 4537 2156 
4151 1772 5850 5853 5836 
4152 5850 2236 5851 5853 
4153 5853 5851 2237 5852 
4154 5836 5853 5852 1771 
4155 1856 5013 5856 5420 
4156 5013 1836 5854 5856 
4157 5856 5854 1835 5855 
4158 5420 5856 5855 1686 
4159 1563 5857 5859 5749 
4160 5857 2505 5858 5859 
4161 5859 5858 1567 5745 
4162 5749 5859 5745 1564 
4163 303 3836 5861 4161 
4164 3836 2215 5860 5861 
4165 5861 5860 2202 4240 
4166 4161 5861 4240 1060 
4167 2065 5862 5866 5865 
4168 5862 2066 5863 5866 
4169 5866 5863 2068 5864 
4170 5865 5866 5864 2067 
4171 1597 5867 5869 5712 
4172 5867 1658 5833 5869 
4173 5869 5833 1771 5868 
4174 5712 5869 5868 1733 
4175 1561 5029 5872 5671 
4176 5029 1558 5870 5872 
4177 5872 5870 1559 5871 
4178 5671 5872 5871 1560 
4179 1480 5846 5876 5875 
4180 5846 1635 5873 5876 
4181 5876 5873 1825 5874 
4182 5875 5876 5874 1723 
4183 1764 5877 5879 5878 
4184 5877 1458 5740 5879 
4185 5879 5740 1454 5756 
4186 5878 5879 5756 1453 
4187 2123 5880 5881 3693 
4188 5880 2353 5141 5881 
4189 5881 5141 2354 4689 
4190 3693 5881 4689 2525 
4191 1723 5882 5885 5884 
4192 5882 2092 3298 5885 
4193 5885 3298 2777 5883 
4194 5884 5885 5883 2634 
4195 1770 5886 5889 5888 
4196 5886 1946 4346 5889 
4197 5889 4346 2030 5887 
4198 5888 5889 5887 1947 
4199 1681 5615 5893 5892 
4200 5615 1441 5890 5893 
4201 5893 5890 1442 5891 
4202 5892 5893 5891 1616 
4203 1452 5619 5895 5755 
4204 5619 1450 5763 5895 
4205 5895 5763 2495 5894 
4206 5755 5895 5894 1453 
4207 1471 5816 5897 5682 
4208 5816 2503 5896 5897 
4209 5897 5896 1635 5845 
4210 5682 5897 5845 1476 
4211 1872 5338 5900 5899 
4212 5338 1681 5892 5900 
4213 5900 5892 1616 5898 
4214 5899 5900 5898 1718 
4215 2480 5599 5903 5804 
4216 5599 1582 5901 5903 
4217 5903 5901 1581 5902 
4218 5804 5903 5902 1580 
4219 2403 5904 5906 5905 
4220 5904 2405 3850 5906 
4221 5906 3850 2406 3461 
4222 5905 5906 3461 2404 
4223 2305 5907 5910 4580 
4224 5907 2308 5908 5910 
4225 5910 5908 2885 5909 
4226 4580 5910 5909 2312 
4227 1597 5714 5912 5793 
4228 5714 1763 5561 5912 
4229 5912 5561 2511 5911 
4230 5793 5912 5911 2475 
4231 1458 5877 5916 5915 
4232 5877 1764 5913 5916 
4233 5916 5913 1850 5914 
4234 5915 5916 5914 1765 
4235 2175 4048 5919 5918 
4236 4048 1158 3167 5919 
4237 5919 3167 2762 5917 
4238 5918 5919 5917 2868 
4239 1825 5873 5922 5921 
4240 5873 1635 5896 5922 
4241 5922 5896 2503 5920 
4242 5921 5922 5920 1826 
4243 2138 3479 5923 5078 
4244 3479 1096 3379 5923 
4245 5923 3379 565 566 
4246 5078 5923 566 567 
4247 1852 5924 5927 5926 
4248 5924 1765 5914 5927 
4249 5927 5914 1850 5925 
4250 5926 5927 5925 1851 
4251 1489 4333 5930 5929 
4252 4333 1490 5928 5930 
4253 5930 5928 2395 4420 
4254 5929 5930 4420 1487 
4255 1500 5931 5933 5083 
4256 5931 2168 3710 5933 
4257 5933 3710 2656 5932 
4258 5083 5933 5932 1641 
4259 2131 3140 5935 5053 
4260 3140 1072 5934 5935 
4261 5935 5934 657 656 
4262 5053 5935 656 655 
4263 1458 5936 5938 5741 
4264 5936 2514 5937 5938 
4265 5938 5937 1462 5790 
4266 5741 5938 5790 1459 
4267 2446 4798 5940 5939 
4268 4798 2518 4841 5940 
4269 5940 4841 2447 5559 
4270 5939 5940 5559 2444 
4271 2416 5941 5942 4877 
4272 5941 1728 5679 5942 
4273 5942 5679 2475 5911 
4274 4877 5942 5911 2511 
4275 1597 5768 5943 5867 
4276 5768 1567 5858 5943 
4277 5943 5858 2505 5834 
4278 5867 5943 5834 1658 
4279 1098 4032 5944 5227 
4280 4032 2520 5675 5944 
4281 5944 5675 434 435 
4282 5227 5944 435 436 
4283 2237 3895 5946 5852 
4284 3895 2504 5945 5946 
4285 5946 5945 1733 5868 
4286 5852 5946 5868 1771 
4287 1929 5947 5951 5950 
4288 5947 1927 5948 5951 
4289 5951 5948 1823 5949 
4290 5950 5951 5949 1928 
4291 1253 5807 5954 4970 
4292 5807 1252 5952 5954 
4293 5954 5952 1250 5953 
4294 4970 5954 5953 1251 
4295 1852 5955 5956 5924 
4296 5955 2514 5936 5956 
4297 5956 5936 1458 5915 
4298 5924 5956 5915 1765 
4299 1645 5217 5959 4817 
4300 5217 1227 5957 5959 
4301 5959 5957 1228 5958 
4302 4817 5959 5958 1229 
4303 1527 5960 5963 4885 
4304 5960 2575 5961 5963 
4305 5963 5961 1652 5962 
4306 4885 5963 5962 1530 
4307 1776 4956 5966 4250 
4308 4956 1775 5964 5966 
4309 5966 5964 1699 5965 
4310 4250 5966 5965 1613 
4311 2537 5967 5970 5969 
4312 5967 2495 5762 5970 
4313 5970 5762 1448 5968 
4314 5969 5970 5968 1663 
4315 1582 5828 5973 5901 
4316 5828 1583 5971 5973 
4317 5973 5971 1651 5972 
4318 5901 5973 5972 1581 
4319 1559 5974 5978 5977 
4320 5974 1769 5975 5978 
4321 5978 5975 1945 5976 
4322 5977 5978 5976 1770 
4323 1444 5979 5981 5980 
4324 5979 1447 3601 5981 
4325 5981 3601 1663 5968 
4326 5980 5981 5968 1448 
4327 2484 5982 5984 5983 
4328 5982 2456 5601 5984 
4329 5984 5601 2455 3394 
4330 5983 5984 3394 2941 
4331 2882 3367 5987 3184 
4332 3367 1773 5985 5987 
4333 5987 5985 1721 5986 
4334 3184 5987 5986 1958 
4335 2342 5988 5990 5117 
4336 5988 2343 5989 5990 
4337 5990 5989 2347 5321 
4338 5117 5990 5321 2341 
4339 1614 5991 5993 4659 
4340 5991 1730 5992 5993 
4341 5993 5992 1931 5842 
4342 4659 5993 5842 1774 
4343 741 740 5996 5315 
4344 740 739 5994 5996 
4345 5996 5994 2522 5995 
4346 5315 5996 5995 1091 
4347 1632 5803 6000 5999 
4348 5803 1580 5997 6000 
4349 6000 5997 1578 5998 
4350 5999 6000 5998 1579 
4351 2364 5231 6003 4874 
4352 5231 1509 6001 6003 
4353 6003 6001 1510 6002 
4354 4874 6003 6002 1511 
4355 1353 6004 6007 6006 
4356 6004 1351 6005 6007 
4357 6007 6005 2467 5422 
4358 6006 6007 5422 1472 
4359 1562 5672 6010 5748 
4360 5672 1560 6008 6010 
4361 6010 6008 2516 6009 
4362 5748 6010 6009 1563 
4363 2582 3509 6013 6012 
4364 3509 1069 6011 6013 
4365 6013 6011 633 632 
4366 6012 6013 632 631 
4367 1523 5415 6016 6015 
4368 5415 1521 5260 6016 
4369 6016 5260 1519 6014 
4370 6015 6016 6014 1522 
4371 1683 6017 6021 6020 
4372 6017 1457 6018 6021 
4373 6021 6018 1606 6019 
4374 6020 6021 6019 2615 
4375 2120 4548 6024 3808 
4376 4548 2117 6022 6024 
4377 6024 6022 2118 6023 
4378 3808 6024 6023 2119 
4379 1559 5870 6027 6026 
4380 5870 1558 4723 6027 
4381 6027 4723 1556 6025 
4382 6026 6027 6025 1557 
4383 1544 6028 6030 6029 
4384 6028 1545 5498 6030 
4385 6030 5498 2517 5840 
4386 6029 6030 5840 1542 
4387 2814 6031 6034 6033 
4388 6031 2501 6032 6034 
4389 6034 6032 2809 3125 
4390 6033 6034 3125 2321 
4391 1241 6035 6038 4219 
4392 6035 1243 6036 6038 
4393 6038 6036 1446 6037 
4394 4219 6038 6037 1255 
4395 2063 6039 6042 6041 
4396 6039 2064 6040 6042 
4397 6042 6040 2066 5862 
4398 6041 6042 5862 2065 
4399 1453 5894 6044 5878 
4400 5894 2495 5967 6044 
4401 6044 5967 2537 6043 
4402 5878 6044 6043 1764 
4403 1555 6045 6048 6047 
4404 6045 1554 6046 6048 
4405 6048 6046 1557 6025 
4406 6047 6048 6025 1556 
4407 2225 6049 6052 4201 
4408 6049 2226 6050 6052 
4409 6052 6050 2227 6051 
4410 4201 6052 6051 2223 
4411 2240 4131 6053 4055 
4412 4131 2241 5280 6053 
4413 6053 5280 2242 4443 
4414 4055 6053 4443 1140 
4415 1234 4672 6057 6056 
4416 4672 1217 6054 6057 
4417 6057 6054 1218 6055 
4418 6056 6057 6055 1219 
4419 1559 6026 6060 5974 
4420 6026 1557 6058 6060 
4421 6060 6058 2548 6059 
4422 5974 6060 6059 1769 
4423 2349 5375 6061 5503 
4424 5375 2531 5729 6061 
4425 6061 5729 1451 5515 
4426 5503 6061 5515 1689 
4427 2373 4005 6063 3933 
4428 4005 2371 5843 6063 
4429 6063 5843 1932 6062 
4430 3933 6063 6062 2372 
4431 1915 6064 6067 5355 
4432 6064 1781 6065 6067 
4433 6067 6065 1780 6066 
4434 5355 6067 6066 1916 
4435 476 477 6071 6070 
4436 477 478 6068 6071 
4437 6071 6068 2706 6069 
4438 6070 6071 6069 1045 
4439 2820 6072 6076 6075 
4440 6072 1233 6073 6076 
4441 6076 6073 3002 6074 
4442 6075 6076 6074 2229 
4443 1674 4125 6079 4806 
4444 4125 1724 6077 6079 
4445 6079 6077 2146 6078 
4446 4806 6079 6078 1673 
4447 2122 4472 6081 3871 
4448 4472 2570 6080 6081 
4449 6081 6080 733 732 
4450 3871 6081 732 731 
4451 1351 6004 6085 6084 
4452 6004 1353 6082 6085 
4453 6085 6082 1599 6083 
4454 6084 6085 6083 1352 
4455 2645 3910 6089 6088 
4456 3910 1167 6086 6089 
4457 6089 6086 1169 6087 
4458 6088 6089 6087 1171 
4459 1807 6090 6094 6093 
4460 6090 1953 6091 6094 
4461 6094 6091 2690 6092 
4462 6093 6094 6092 2578 
4463 2268 4251 6097 4679 
4464 4251 1613 6095 6097 
4465 6097 6095 1611 6096 
4466 4679 6097 6096 1325 
4467 1588 6098 6101 5643 
4468 6098 1589 6099 6101 
4469 6101 6099 2550 6100 
4470 5643 6101 6100 1586 
4471 1448 5761 6103 5980 
4472 5761 1449 5131 6103 
4473 6103 5131 2529 6102 
4474 5980 6103 6102 1444 
4475 1940 6104 6106 4065 
4476 6104 2698 6105 6106 
4477 6106 6105 3036 4236 
4478 4065 6106 4236 2134 
4479 1656 6107 6110 6109 
4480 6107 2192 4012 6110 
4481 6110 4012 2585 6108 
4482 6109 6110 6108 2118 
4483 1554 6045 6114 6113 
4484 6045 1555 6111 6114 
4485 6114 6111 2519 6112 
4486 6113 6114 6112 1552 
4487 1979 6115 6118 6117 
4488 6115 1980 6116 6118 
4489 6118 6116 1982 5637 
4490 6117 6118 5637 1981 
4491 1555 6119 6122 6111 
4492 6119 2543 6120 6122 
4493 6122 6120 1768 6121 
4494 6111 6122 6121 2519 
4495 1508 5390 6124 5230 
4496 5390 1507 6123 6124 
4497 6124 6123 1510 6001 
4498 5230 6124 6001 1509 
4499 1560 5871 6126 6008 
4500 5871 1559 5977 6126 
4501 6126 5977 1770 6125 
4502 6008 6126 6125 2516 
4503 1441 6127 6130 5890 
4504 6127 1440 6128 6130 
4505 6130 6128 1443 6129 
4506 5890 6130 6129 1442 
4507 1599 6131 6135 6134 
4508 6131 1783 6132 6135 
4509 6135 6132 1784 6133 
4510 6134 6135 6133 1679 
4511 2244 6136 6138 4373 
4512 6136 2245 6137 6138 
4513 6138 6137 2246 3727 
4514 4373 6138 3727 2243 
4515 1697 3542 6141 6140 
4516 3542 1447 5979 6141 
4517 6141 5979 1444 6139 
4518 6140 6141 6139 1443 
4519 1784 6142 6145 6144 
4520 6142 3003 3943 6145 
4521 6145 3943 2187 6143 
4522 6144 6145 6143 3063 
4523 1517 6146 6149 5259 
4524 6146 1518 6147 6149 
4525 6149 6147 2538 6148 
4526 5259 6149 6148 1519 
4527 1525 5594 6153 6152 
4528 5594 1524 6150 6153 
4529 6153 6150 1755 6151 
4530 6152 6153 6151 1838 
4531 1639 5197 6157 6156 
4532 5197 1839 6154 6157 
4533 6157 6154 1944 6155 
4534 6156 6157 6155 1687 
4535 1251 5953 6160 4980 
4536 5953 1250 6158 6160 
4537 6160 6158 1248 6159 
4538 4980 6160 6159 1249 
4539 1585 5608 6162 5826 
4540 5608 1586 6100 6162 
4541 6162 6100 2550 6161 
4542 5826 6162 6161 1584 
4543 1442 6163 6165 5891 
4544 6163 2529 5130 6165 
4545 6165 5130 1847 6164 
4546 5891 6165 6164 1616 
4547 2049 6166 6169 6168 
4548 6166 2047 6167 6169 
4549 6169 6167 2046 3209 
4550 6168 6169 3209 2048 
4551 2448 6170 6174 6173 
4552 6170 1605 6171 6174 
4553 6174 6171 1671 6172 
4554 6173 6174 6172 1782 
4555 1470 6175 6176 5815 
4556 6175 1828 5668 6176 
4557 6176 5668 1826 5920 
4558 5815 6176 5920 2503 
4559 1076 6177 6180 5690 
4560 6177 2856 6178 6180 
4561 6180 6178 2434 6179 
4562 5690 6180 6179 2435 
4563 1616 6164 6182 5898 
4564 6164 1847 5377 6182 
4565 6182 5377 2560 6181 
4566 5898 6182 6181 1718 
4567 1231 5040 6185 6184 
4568 5040 1229 5958 6185 
4569 6185 5958 1228 6183 
4570 6184 6185 6183 1230 
4571 2311 6186 6187 4073 
4572 6186 2309 5170 6187 
4573 6187 5170 2306 4990 
4574 4073 6187 4990 2310 
4575 2210 5718 6190 6189 
4576 5718 2207 6188 6190 
4577 6190 6188 2693 3213 
4578 6189 6190 3213 2213 
4579 1527 4884 6193 6192 
4580 4884 1528 6191 6193 
4581 6193 6191 2515 4823 
4582 6192 6193 4823 1526 
4583 1256 4825 6194 5148 
4584 4825 2192 6107 6194 
4585 6194 6107 1656 4618 
4586 5148 6194 4618 1258 
4587 2519 6195 6198 6112 
4588 6195 1550 6196 6198 
4589 6198 6196 1551 6197 
4590 6112 6198 6197 1552 
4591 1441 5614 6201 6127 
4592 5614 1438 6199 6201 
4593 6201 6199 1439 6200 
4594 6127 6201 6200 1440 
4595 1823 5577 6204 6203 
4596 5577 1750 6202 6204 
4597 6204 6202 1907 3097 
4598 6203 6204 3097 2506 
4599 1098 5226 6206 4033 
4600 5226 2394 6205 6206 
4601 6206 6205 2287 5812 
4602 4033 6206 5812 2289 
4603 2439 5693 6209 5066 
4604 5693 2042 6207 6209 
4605 6209 6207 2553 6208 
4606 5066 6209 6208 2440 
4607 1089 3733 6210 3096 
4608 3733 1928 5949 6210 
4609 6210 5949 1823 6203 
4610 3096 6210 6203 2506 
4611 1969 3106 6213 6212 
4612 3106 1907 6202 6213 
4613 6213 6202 1750 6211 
4614 6212 6213 6211 1693 
4615 2894 6214 6218 6217 
4616 6214 2277 6215 6218 
4617 6218 6215 2276 6216 
4618 6217 6218 6216 2278 
4619 1814 6219 6221 6220 
4620 6219 1768 6120 6221 
4621 6221 6120 2543 4558 
4622 6220 6221 4558 1815 
4623 1691 6222 6226 6225 
4624 6222 1473 6223 6226 
4625 6226 6223 1684 6224 
4626 6225 6226 6224 1685 
4627 1556 4722 6227 6047 
4628 4722 1598 4559 6227 
4629 6227 4559 2543 6119 
4630 6047 6227 6119 1555 
4631 2465 4353 6229 5345 
4632 4353 2561 6228 6229 
4633 6229 6228 2461 5626 
4634 5345 6229 5626 2462 
4635 1554 6113 6232 6231 
4636 6113 1552 6197 6232 
4637 6232 6197 1551 6230 
4638 6231 6232 6230 1553 
4639 2142 4268 6235 3873 
4640 4268 1422 6233 6235 
4641 6235 6233 1421 6234 
4642 3873 6235 6234 1420 
4643 1443 6139 6236 6129 
4644 6139 1444 6102 6236 
4645 6236 6102 2529 6163 
4646 6129 6236 6163 1442 
4647 2174 4429 6239 4129 
4648 4429 2604 6237 6239 
4649 6239 6237 2248 6238 
4650 4129 6239 6238 2247 
4651 1540 4714 6242 6241 
4652 4714 1537 5025 6242 
4653 6242 5025 1536 6240 
4654 6241 6242 6240 1539 
4655 2202 6243 6246 4241 
4656 6243 2833 6244 6246 
4657 6246 6244 2722 6245 
4658 4241 6246 6245 2269 
4659 2116 4619 6248 6247 
4660 4619 1656 6109 6248 
4661 6248 6109 2118 6022 
4662 6247 6248 6022 2117 
4663 2078 3765 6252 6251 
4664 3765 2077 6249 6252 
4665 6252 6249 1861 6250 
4666 6251 6252 6250 1725 
4667 1045 3555 6255 6254 
4668 3555 2923 4330 6255 
4669 6255 4330 1950 6253 
4670 6254 6255 6253 2902 
4671 2061 6256 6259 6258 
4672 6256 2062 6257 6259 
4673 6259 6257 2064 6039 
4674 6258 6259 6039 2063 
4675 1553 6230 6262 6261 
4676 6230 1551 6260 6262 
4677 6262 6260 2544 5198 
4678 6261 6262 5198 1639 
4679 1513 5470 6265 6264 
4680 5470 1511 6002 6265 
4681 6265 6002 1510 6263 
4682 6264 6265 6263 1512 
4683 2516 6266 6268 6009 
4684 6266 2555 6267 6268 
4685 6268 6267 2505 5857 
4686 6009 6268 5857 1563 
4687 1249 6159 6271 5349 
4688 6159 1248 6269 6271 
4689 6271 6269 1246 6270 
4690 5349 6271 6270 1247 
4691 2059 6272 6275 6274 
4692 6272 2060 6273 6275 
4693 6275 6273 2062 6256 
4694 6274 6275 6256 2061 
4695 1766 4913 6278 4174 
4696 4913 1661 6276 6278 
4697 6278 6276 1660 6277 
4698 4174 6278 6277 1393 
4699 1861 6279 6282 6250 
4700 6279 1678 6280 6282 
4701 6282 6280 1679 6281 
4702 6250 6282 6281 1725 
4703 1770 5888 6284 6125 
4704 5888 1947 6283 6284 
4705 6284 6283 2555 6266 
4706 6125 6284 6266 2516 
4707 739 738 6286 5994 
4708 738 737 6285 6286 
4709 6286 6285 2573 3561 
4710 5994 6286 3561 2522 
4711 2133 6287 6290 4068 
4712 6287 1878 6288 6290 
4713 6290 6288 1939 6289 
4714 4068 6290 6289 1940 
4715 1506 5549 6293 5389 
4716 5549 1505 6291 6293 
4717 6293 6291 2534 6292 
4718 5389 6293 6292 1507 
4719 1472 6294 6297 6006 
4720 6294 1473 6295 6297 
4721 6297 6295 2526 6296 
4722 6006 6297 6296 1353 
4723 1439 6199 6301 6300 
4724 6199 1438 6298 6301 
4725 6301 6298 1437 6299 
4726 6300 6301 6299 1436 
4727 1517 5831 6304 6146 
4728 5831 1516 6302 6304 
4729 6304 6302 1682 6303 
4730 6146 6304 6303 1518 
4731 2186 6305 6307 3942 
4732 6305 2185 4588 6307 
4733 6307 4588 2188 6306 
4734 3942 6307 6306 2187 
4735 1760 6308 6311 5430 
4736 6308 1676 6309 6311 
4737 6311 6309 1675 6310 
4738 5430 6311 6310 1573 
4739 1252 5806 6315 6314 
4740 5806 1254 6312 6315 
4741 6315 6312 2501 6313 
4742 6314 6315 6313 1403 
4743 1750 6316 6319 6211 
4744 6316 1692 6317 6319 
4745 6319 6317 1685 6318 
4746 6211 6319 6318 1693 
4747 2081 3129 6321 3208 
4748 3129 2050 6320 6321 
4749 6321 6320 2049 6168 
4750 3208 6321 6168 2048 
4751 2055 6322 6325 6324 
4752 6322 2053 5539 6325 
4753 6325 5539 2052 6323 
4754 6324 6325 6323 2054 
4755 2057 6326 6329 6328 
4756 6326 2058 6327 6329 
4757 6329 6327 2060 6272 
4758 6328 6329 6272 2059 
4759 2711 6330 6334 6333 
4760 6330 1706 6331 6334 
4761 6334 6331 2944 6332 
4762 6333 6334 6332 2136 
4763 1864 6335 6339 6338 
4764 6335 1690 6336 6339 
4765 6339 6336 1862 6337 
4766 6338 6339 6337 1863 
4767 1255 6037 6341 4958 
4768 6037 1446 6340 6341 
4769 6341 6340 1671 6171 
4770 4958 6341 6171 1605 
4771 1679 6280 6343 6134 
4772 6280 1678 6342 6343 
4773 6343 6342 1352 6083 
4774 6134 6343 6083 1599 
4775 1697 6140 6345 3558 
4776 6140 1443 6128 6345 
4777 6345 6128 1440 6344 
4778 3558 6345 6344 2521 
4779 2353 5880 6347 4011 
4780 5880 2123 4473 6347 
4781 6347 4473 2121 6346 
4782 4011 6347 6346 2585 
4783 2290 4037 6349 5045 
4784 4037 2319 6348 6349 
4785 6349 6348 2317 4950 
4786 5045 6349 4950 2320 
4787 1518 6303 6352 6351 
4788 6303 1682 6350 6352 
4789 6352 6350 1862 6336 
4790 6351 6352 6336 1690 
4791 1526 5595 6354 6192 
4792 5595 1525 6353 6354 
4793 6354 6353 2575 5960 
4794 6192 6354 5960 1527 
4795 1058 6355 6357 4144 
4796 6355 2617 6356 6357 
4797 6357 6356 274 275 
4798 4144 6357 275 276 
4799 1498 4388 6361 6360 
4800 4388 1495 6358 6361 
4801 6361 6358 1496 6359 
4802 6360 6361 6359 1497 
4803 2282 4765 6363 4138 
4804 4765 2283 6362 6363 
4805 6363 6362 2552 5285 
4806 4138 6363 5285 1097 
4807 1569 5628 6367 6366 
4808 5628 1549 6364 6367 
4809 6367 6364 1548 6365 
4810 6366 6367 6365 1550 
4811 1191 6368 6370 5216 
4812 6368 1192 6369 6370 
4813 6370 6369 1228 5957 
4814 5216 6370 5957 1227 
4815 1247 6270 6373 4302 
4816 6270 1246 6371 6373 
4817 6373 6371 1244 6372 
4818 4302 6373 6372 1245 
4819 1239 4221 6376 6375 
4820 4221 2400 4253 6376 
4821 6376 4253 2137 6374 
4822 6375 6376 6374 1604 
4823 1338 6377 6380 4104 
4824 6377 1608 6378 6380 
4825 6380 6378 3067 6379 
4826 4104 6380 6379 2235 
4827 1510 6381 6384 6263 
4828 6381 1778 6382 6384 
4829 6384 6382 1779 6383 
4830 6263 6384 6383 1512 
4831 2010 6385 6388 3803 
4832 6385 1036 6386 6388 
4833 6388 6386 1401 6387 
4834 3803 6388 6387 2766 
4835 501 500 6391 3294 
4836 500 499 6389 6391 
4837 6391 6389 2603 6390 
4838 3294 6391 6390 1085 
4839 1951 6392 6394 5611 
4840 6392 2179 3951 6394 
4841 6394 3951 2515 6393 
4842 5611 6394 6393 1713 
4843 2128 6395 6399 6398 
4844 6395 2039 6396 6399 
4845 6399 6396 1717 6397 
4846 6398 6399 6397 2038 
4847 1309 4112 6403 6402 
4848 4112 1408 6400 6403 
4849 6403 6400 1409 6401 
4850 6402 6403 6401 1407 
4851 2049 6320 6405 4308 
4852 6320 2050 6404 6405 
4853 6405 6404 2052 5538 
4854 4308 6405 5538 2051 
4855 1477 4907 6407 5567 
4856 4907 1482 6406 6407 
4857 6407 6406 2576 4744 
4858 5567 6407 4744 2365 
4859 1949 6408 6411 6410 
4860 6408 2111 3958 6411 
4861 6411 3958 3042 6409 
4862 6410 6411 6409 1455 
4863 1063 3690 6413 6412 
4864 3690 2573 6285 6413 
4865 6413 6285 737 736 
4866 6412 6413 736 735 
4867 2055 6414 6417 6416 
4868 6414 2056 6415 6417 
4869 6417 6415 2058 6326 
4870 6416 6417 6326 2057 
4871 1864 6418 6419 6335 
4872 6418 2538 6147 6419 
4873 6419 6147 1518 6351 
4874 6335 6419 6351 1690 
4875 1638 5612 6420 4667 
4876 5612 1713 6393 6420 
4877 6420 6393 2515 6191 
4878 4667 6420 6191 1528 
4879 1686 6421 6422 5421 
4880 6421 1684 6223 6422 
4881 6422 6223 1473 6294 
4882 5421 6422 6294 1472 
4883 1108 6423 6425 3589 
4884 6423 2236 5850 6425 
4885 6425 5850 1772 6424 
4886 3589 6425 6424 2583 
4887 2165 5293 6427 3883 
4888 5293 1838 6151 6427 
4889 6427 6151 1755 6426 
4890 3883 6427 6426 1914 
4891 1805 4116 6431 6430 
4892 4116 1804 6428 6431 
4893 6431 6428 1671 6429 
4894 6430 6431 6429 1785 
4895 1515 5471 6434 5830 
4896 5471 1513 6432 6434 
4897 6434 6432 2563 6433 
4898 5830 6434 6433 1516 
4899 1778 6435 6438 6382 
4900 6435 1832 6436 6438 
4901 6438 6436 1894 6437 
4902 6382 6438 6437 1779 
4903 2655 6439 6442 6441 
4904 6439 2524 5587 6442 
4905 6442 5587 2047 6440 
4906 6441 6442 6440 2718 
4907 1557 6046 6444 6058 
4908 6046 1554 6231 6444 
4909 6444 6231 1553 6443 
4910 6058 6444 6443 2548 
4911 1615 6445 6447 4323 
4912 6445 1500 5082 6447 
4913 6447 5082 1499 6446 
4914 4323 6447 6446 1501 
4915 1550 6195 6449 6366 
4916 6195 2519 6121 6449 
4917 6449 6121 1768 6448 
4918 6366 6449 6448 1569 
4919 2505 6267 6451 5835 
4920 6267 2555 6450 6451 
4921 6451 6450 2583 6424 
4922 5835 6451 6424 1772 
4923 1352 6452 6455 6084 
4924 6452 1350 6453 6455 
4925 6455 6453 1349 6454 
4926 6084 6455 6454 1351 
4927 2886 6456 6458 3325 
4928 6456 1068 3654 6458 
4929 6458 3654 2860 6457 
4930 3325 6458 6457 2085 
4931 1607 4208 6459 3118 
4932 4208 2116 6247 6459 
4933 6459 6247 2117 4547 
4934 3118 6459 4547 2596 
4935 1353 6296 6461 6082 
4936 6296 2526 6460 6461 
4937 6461 6460 1783 6131 
4938 6082 6461 6131 1599 
4939 1434 6462 6465 6464 
4940 6462 2334 3398 6465 
4941 6465 3398 2684 6463 
4942 6464 6465 6463 2879 
4943 1404 6466 6470 6469 
4944 6466 2606 6467 6470 
4945 6470 6467 1349 6468 
4946 6469 6470 6468 1347 
4947 1364 4392 6472 3114 
4948 4392 2905 6471 6472 
4949 6472 6471 1973 4964 
4950 3114 6472 4964 2177 
4951 2146 6473 6475 6078 
4952 6473 2147 6474 6475 
4953 6475 6474 2148 5165 
4954 6078 6475 5165 1673 
4955 1189 6476 6478 4294 
4956 6476 1190 6477 6478 
4957 6478 6477 1192 6368 
4958 4294 6478 6368 1191 
4959 3003 6142 6481 6480 
4960 6142 1784 6132 6481 
4961 6481 6132 1783 6479 
4962 6480 6481 6479 2568 
4963 2277 6214 6484 6483 
4964 6214 2894 6482 6484 
4965 6484 6482 1092 4925 
4966 6483 6484 4925 2279 
4967 1639 6156 6486 6261 
4968 6156 1687 6485 6486 
4969 6486 6485 2548 6443 
4970 6261 6486 6443 1553 
4971 2231 6487 6491 6490 
4972 6487 2230 6488 6491 
4973 6491 6488 2227 6489 
4974 6490 6491 6489 2229 
4975 2023 3671 6494 5257 
4976 3671 2022 6492 6494 
4977 6494 6492 1737 6493 
4978 5257 6494 6493 1738 
4979 1705 6495 6499 6498 
4980 6495 1617 6496 6499 
4981 6499 6496 2569 6497 
4982 6498 6499 6497 1867 
4983 1784 6144 6501 6133 
4984 6144 3063 6500 6501 
4985 6501 6500 1725 6281 
4986 6133 6501 6281 1679 
4987 1145 4246 6503 4599 
4988 4246 2221 6502 6503 
4989 6503 6502 2541 3784 
4990 4599 6503 3784 2233 
4991 1243 6035 6507 6506 
4992 6035 1241 6504 6507 
4993 6507 6504 1240 6505 
4994 6506 6507 6505 1242 
4995 1535 4793 6510 5024 
4996 4793 1533 6508 6510 
4997 6510 6508 2605 6509 
4998 5024 6510 6509 1536 
4999 2309 6186 6513 4023 
5000 6186 2311 6511 6513 
5001 6513 6511 2876 6512 
5002 4023 6513 6512 2535 
5003 1833 3952 6516 5085 
5004 3952 2179 6514 6516 
5005 6516 6514 2714 6515 
5006 5085 6516 6515 1834 
5007 1703 6517 6520 6519 
5008 6517 1781 6518 6520 
5009 6520 6518 2020 3584 
5010 6519 6520 3584 2549 
5011 1245 6372 6523 6522 
5012 6372 1244 6521 6523 
5013 6523 6521 1243 6506 
5014 6522 6523 6506 1242 
5015 1550 6365 6525 6196 
5016 6365 1548 6524 6525 
5017 6525 6524 2544 6260 
5018 6196 6525 6260 1551 
5019 1504 6526 6530 6529 
5020 6526 1735 6527 6530 
5021 6530 6527 1758 6528 
5022 6529 6530 6528 1630 
5023 2712 6531 6533 3413 
5024 6531 2811 6532 6533 
5025 6533 6532 651 650 
5026 3413 6533 650 649 
5027 2292 4768 6536 6535 
5028 4768 2544 6524 6536 
5029 6536 6524 1548 6534 
5030 6535 6536 6534 1547 
5031 1513 6264 6538 6432 
5032 6264 1512 6383 6538 
5033 6538 6383 1779 6537 
5034 6432 6538 6537 2563 
5035 1504 6529 6541 6540 
5036 6529 1630 6539 6541 
5037 6541 6539 2534 6291 
5038 6540 6541 6291 1505 
5039 1735 6542 6544 6527 
5040 6542 1933 4079 6544 
5041 6544 4079 1934 6543 
5042 6527 6544 6543 1758 
5043 1997 5356 6546 3568 
5044 5356 1916 6545 6546 
5045 6546 6545 1987 3521 
5046 3568 6546 3521 2530 
5047 1175 6547 6550 4380 
5048 6547 1177 6548 6550 
5049 6550 6548 1180 6549 
5050 4380 6550 6549 1179 
5051 2585 6346 6551 6108 
5052 6346 2121 3735 6551 
5053 6551 3735 2119 6023 
5054 6108 6551 6023 2118 
5055 1250 5952 6554 6553 
5056 5952 1252 6314 6554 
5057 6554 6314 1403 6552 
5058 6553 6554 6552 2554 
5059 1505 5548 6557 6540 
5060 5548 1503 6555 6557 
5061 6557 6555 1502 6556 
5062 6540 6557 6556 1504 
5063 1270 6558 6561 5522 
5064 6558 1272 6559 6561 
5065 6561 6559 1273 6560 
5066 5522 6561 6560 1271 
5067 1487 4419 6565 6564 
5068 4419 1486 6562 6565 
5069 6565 6562 1625 6563 
5070 6564 6565 6563 1488 
5071 2283 5778 6566 6362 
5072 5778 2287 6205 6566 
5073 6566 6205 2394 4583 
5074 6362 6566 4583 2552 
5075 1490 4332 6568 6567 
5076 4332 1600 3261 6568 
5077 6568 3261 2789 3456 
5078 6567 6568 3456 1749 
5079 1637 6569 6573 6572 
5080 6569 1793 6570 6573 
5081 6573 6570 2044 6571 
5082 6572 6573 6571 1869 
5083 1797 6574 6578 6577 
5084 6574 1796 6575 6578 
5085 6578 6575 2707 6576 
5086 6577 6578 6576 1798 
5087 2026 6579 6582 6581 
5088 6579 1034 3525 6582 
5089 6582 3525 3051 6580 
5090 6581 6582 6580 2025 
5091 1433 4808 6585 5092 
5092 4808 1649 6583 6585 
5093 6585 6583 2539 6584 
5094 5092 6585 6584 1431 
5095 735 734 6586 6412 
5096 734 733 6080 6586 
5097 6586 6080 2570 3694 
5098 6412 6586 3694 1063 
5099 1350 6452 6589 6588 
5100 6452 1352 6342 6589 
5101 6589 6342 1678 6587 
5102 6588 6589 6587 2551 
5103 1945 5975 6592 6591 
5104 5975 1769 6059 6592 
5105 6592 6059 2548 6590 
5106 6591 6592 6590 2588 
5107 1738 6493 6594 4706 
5108 6493 1737 6593 6594 
5109 6594 6593 1484 4504 
5110 4706 6594 4504 1485 
5111 1745 6595 6599 6598 
5112 6595 1746 6596 6599 
5113 6599 6596 2732 6597 
5114 6598 6599 6597 1235 
5115 1796 6600 6604 6603 
5116 6600 1688 6601 6604 
5117 6604 6601 1667 6602 
5118 6603 6604 6602 1666 
5119 2523 3885 6606 5707 
5120 3885 2094 5021 6606 
5121 6606 5021 1762 6605 
5122 5707 6606 6605 1729 
5123 1333 6607 6611 6610 
5124 6607 1332 6608 6611 
5125 6611 6608 1617 6609 
5126 6610 6611 6609 1610 
5127 763 762 6615 6614 
5128 762 761 6612 6615 
5129 6615 6612 1739 6613 
5130 6614 6615 6613 2546 
5131 2555 6283 6616 6450 
5132 6283 1947 5887 6616 
5133 6616 5887 2030 3586 
5134 6450 6616 3586 2583 
5135 1773 6617 6619 5985 
5136 6617 1623 6618 6619 
5137 6619 6618 1720 3576 
5138 5985 6619 3576 1721 
5139 1815 4557 6621 6620 
5140 4557 2449 5491 6621 
5141 6621 5491 2434 6178 
5142 6620 6621 6178 2856 
5143 1495 4387 6624 6623 
5144 4387 1493 5655 6624 
5145 6624 5655 1492 6622 
5146 6623 6624 6622 1494 
5147 1507 6292 6626 6123 
5148 6292 2534 6625 6626 
5149 6626 6625 1778 6381 
5150 6123 6626 6381 1510 
5151 1385 6627 6630 6629 
5152 6627 1386 6628 6630 
5153 6630 6628 1387 3317 
5154 6629 6630 3317 1384 
5155 1040 6631 6634 6633 
5156 6631 2577 6632 6634 
5157 6634 6632 767 766 
5158 6633 6634 766 765 
5159 2206 6635 6639 6638 
5160 6635 2205 6636 6639 
5161 6639 6636 2201 6637 
5162 6638 6639 6637 2204 
5163 1791 6640 6642 6641 
5164 6640 1532 5552 6642 
5165 6642 5552 1530 5962 
5166 6641 6642 5962 1652 
5167 1373 6643 6647 6646 
5168 6643 1375 6644 6647 
5169 6647 6644 1376 6645 
5170 6646 6647 6645 1374 
5171 1693 6318 6650 6649 
5172 6318 1685 6224 6650 
5173 6650 6224 1684 6648 
5174 6649 6650 6648 2566 
5175 1477 5847 6652 4908 
5176 5847 1480 6651 6652 
5177 6652 6651 2593 4187 
5178 4908 6652 4187 1481 
5179 1705 6653 6654 6495 
5180 6653 1704 5658 6654 
5181 6654 5658 1610 6609 
5182 6495 6654 6609 1617 
5183 1488 6563 6658 6657 
5184 6563 1625 6655 6658 
5185 6658 6655 1788 6656 
5186 6657 6658 6656 1787 
5187 1814 6659 6660 6219 
5188 6659 1707 5629 6660 
5189 6660 5629 1569 6448 
5190 6219 6660 6448 1768 
5191 1262 4205 6662 4437 
5192 4205 1607 6661 6662 
5193 6662 6661 2636 4090 
5194 4437 6662 4090 1264 
5195 1344 6663 6667 6666 
5196 6663 1342 6664 6667 
5197 6667 6664 1341 6665 
5198 6666 6667 6665 1343 
5199 2201 5590 6669 6637 
5200 5590 2203 3279 6669 
5201 6669 3279 2693 6668 
5202 6637 6669 6668 2204 
5203 1187 6670 6672 4997 
5204 6670 1188 6671 6672 
5205 6672 6671 1190 6476 
5206 4997 6672 6476 1189 
5207 2343 6673 6675 5989 
5208 6673 2671 6674 6675 
5209 6675 6674 2464 4920 
5210 5989 6675 4920 2347 
5211 1489 6676 6679 5654 
5212 6676 2601 6677 6679 
5213 6679 6677 1629 6678 
5214 5654 6679 6678 1492 
5215 1246 6680 6683 6371 
5216 6680 1405 6681 6683 
5217 6683 6681 2571 6682 
5218 6371 6683 6682 1244 
5219 284 285 6685 5237 
5220 285 286 6684 6685 
5221 6685 6684 1741 5303 
5222 5237 6685 5303 2594 
5223 1745 6598 6689 6688 
5224 6598 1235 6686 6689 
5225 6689 6686 1220 6687 
5226 6688 6689 6687 1360 
5227 1549 4411 6691 6364 
5228 4411 1546 6690 6691 
5229 6691 6690 1547 6534 
5230 6364 6691 6534 1548 
5231 1317 6692 6696 6695 
5232 6692 1315 6693 6696 
5233 6696 6693 1314 6694 
5234 6695 6696 6694 1316 
5235 2917 3416 6700 6699 
5236 3416 1313 6697 6700 
5237 6700 6697 2995 6698 
5238 6699 6700 6698 2079 
5239 1241 4218 6703 6504 
5240 4218 1239 6701 6703 
5241 6703 6701 1238 6702 
5242 6504 6703 6702 1240 
5243 1523 6015 6706 5593 
5244 6015 1522 6704 6706 
5245 6706 6704 2591 6705 
5246 5593 6706 6705 1524 
5247 1627 6707 6711 6710 
5248 6707 2527 6708 6711 
5249 6711 6708 1124 6709 
5250 6710 6711 6709 1125 
5251 272 273 6712 3781 
5252 273 274 6356 6712 
5253 6712 6356 2617 5373 
5254 3781 6712 5373 1136 
5255 1922 4508 6715 6714 
5256 4508 1745 6688 6715 
5257 6715 6688 1360 6713 
5258 6714 6715 6713 1816 
5259 1921 6716 6719 6718 
5260 6716 1791 6641 6719 
5261 6719 6641 1652 6717 
5262 6718 6719 6717 1824 
5263 1405 6680 6722 6721 
5264 6680 1246 6269 6722 
5265 6722 6269 1248 6720 
5266 6721 6722 6720 2565 
5267 1250 6723 6725 6158 
5268 6723 1602 6724 6725 
5269 6725 6724 2565 6720 
5270 6158 6725 6720 1248 
5271 1496 6726 6729 6728 
5272 6726 1792 6727 6729 
5273 6729 6727 1793 6569 
5274 6728 6729 6569 1637 
5275 2359 4785 6732 3687 
5276 4785 2564 6730 6732 
5277 6732 6730 1240 6731 
5278 3687 6732 6731 1700 
5279 1266 5207 6735 4487 
5280 5207 1267 6733 6735 
5281 6735 6733 1282 6734 
5282 4487 6735 6734 1265 
5283 2889 3860 6737 6736 
5284 3860 2044 6570 6737 
5285 6737 6570 1793 3437 
5286 6736 6737 3437 2045 
5287 1806 6738 6741 6740 
5288 6738 1807 6093 6741 
5289 6741 6093 2578 6739 
5290 6740 6741 6739 1786 
5291 1487 6564 6743 5929 
5292 6564 1488 6742 6743 
5293 6743 6742 2601 6676 
5294 5929 6743 6676 1489 
5295 2757 3517 6746 3651 
5296 3517 2090 6744 6746 
5297 6746 6744 2089 6745 
5298 3651 6746 6745 2088 
5299 1163 3522 6747 4572 
5300 3522 2582 6012 6747 
5301 6747 6012 631 630 
5302 4572 6747 630 629 
5303 2819 6748 6751 6750 
5304 6748 2370 5192 6751 
5305 6751 5192 2368 6749 
5306 6750 6751 6749 2689 
5307 2388 5393 6755 6754 
5308 5393 1112 6752 6755 
5309 6755 6752 3020 6753 
5310 6754 6755 6753 2699 
5311 2575 6756 6758 5961 
5312 6756 2637 6757 6758 
5313 6758 6757 1824 6717 
5314 5961 6758 6717 1652 
5315 1245 6522 6759 4299 
5316 6522 1242 6505 6759 
5317 6759 6505 1240 6730 
5318 4299 6759 6730 2564 
5319 1829 6760 6763 3192 
5320 6760 2658 6761 6763 
5321 6763 6761 1127 6762 
5322 3192 6763 6762 2631 
5323 1259 4608 6766 6765 
5324 4608 1261 6764 6766 
5325 6766 6764 2512 3307 
5326 6765 6766 3307 1357 
5327 1329 4710 6770 6769 
5328 4710 1323 6767 6770 
5329 6770 6767 2569 6768 
5330 6769 6770 6768 1330 
5331 2548 6485 6772 6590 
5332 6485 1687 6155 6772 
5333 6772 6155 1944 6771 
5334 6590 6772 6771 2588 
5335 2328 6773 6775 5167 
5336 6773 2330 3706 6775 
5337 6775 3706 2749 6774 
5338 5167 6775 6774 2329 
5339 1625 6776 6778 6655 
5340 6776 1841 4555 6778 
5341 6778 4555 1943 6777 
5342 6655 6778 6777 1788 
5343 765 764 6780 6633 
5344 764 763 6614 6780 
5345 6780 6614 2546 6779 
5346 6633 6780 6779 1040 
5347 2222 4202 6782 4245 
5348 4202 2223 6781 6782 
5349 6782 6781 2541 6502 
5350 4245 6782 6502 2221 
5351 1610 5657 6784 6610 
5352 5657 2545 6783 6784 
5353 6784 6783 1335 4778 
5354 6610 6784 4778 1333 
5355 1446 6036 6786 6785 
5356 6036 1243 6521 6786 
5357 6786 6521 1244 6682 
5358 6785 6786 6682 2571 
5359 1519 6148 6788 6014 
5360 6148 2538 6787 6788 
5361 6788 6787 2591 6704 
5362 6014 6788 6704 1522 
5363 1211 6789 6791 4480 
5364 6789 1216 6790 6791 
5365 6791 6790 1218 6054 
5366 4480 6791 6054 1217 
5367 1425 6792 6794 4267 
5368 6792 1424 6793 6794 
5369 6794 6793 1421 6233 
5370 4267 6794 6233 1422 
5371 1418 4228 6797 6796 
5372 4228 1420 6234 6797 
5373 6797 6234 1421 6795 
5374 6796 6797 6795 1419 
5375 2292 6535 6801 6800 
5376 6535 1547 6798 6801 
5377 6801 6798 1544 6799 
5378 6800 6801 6799 2542 
5379 1483 4502 6803 4906 
5380 4502 1484 6802 6803 
5381 6803 6802 2576 6406 
5382 4906 6803 6406 1482 
5383 1686 5855 6805 6421 
5384 5855 1835 6804 6805 
5385 6805 6804 2566 6648 
5386 6421 6805 6648 1684 
5387 1807 6806 6809 6808 
5388 6806 1808 6807 6809 
5389 6809 6807 1950 4329 
5390 6808 6809 4329 1893 
5391 1385 6629 6813 6812 
5392 6629 1384 6810 6813 
5393 6813 6810 1383 6811 
5394 6812 6813 6811 1381 
5395 1545 6028 6814 3978 
5396 6028 1544 6798 6814 
5397 6814 6798 1547 6690 
5398 3978 6814 6690 1546 
5399 1604 3813 6816 6375 
5400 3813 1237 6815 6816 
5401 6816 6815 1238 6701 
5402 6375 6816 6701 1239 
5403 1753 5087 6818 4946 
5404 5087 2361 3448 6818 
5405 6818 3448 2962 6817 
5406 4946 6818 6817 1898 
5407 2161 3102 6819 3579 
5408 3102 1959 3877 6819 
5409 6819 3877 1958 5986 
5410 3579 6819 5986 1721 
5411 2485 6820 6821 5702 
5412 6820 2603 6389 6821 
5413 6821 6389 499 498 
5414 5702 6821 498 497 
5415 1426 3887 6824 4266 
5416 3887 1427 6822 6824 
5417 6824 6822 1428 6823 
5418 4266 6824 6823 1425 
5419 2578 6825 6828 6739 
5420 6825 2597 6826 6828 
5421 6828 6826 1571 6827 
5422 6739 6828 6827 1786 
5423 1069 3188 6830 6011 
5424 3188 2587 6829 6830 
5425 6830 6829 635 634 
5426 6011 6830 634 633 
5427 1427 5090 6833 6822 
5428 5090 1431 6831 6833 
5429 6833 6831 1432 6832 
5430 6822 6833 6832 1428 
5431 1902 6834 6837 4954 
5432 6834 1903 6835 6837 
5433 6837 6835 1904 6836 
5434 4954 6837 6836 1777 
5435 1301 6838 6842 6841 
5436 6838 2559 6839 6842 
5437 6842 6839 2579 6840 
5438 6841 6842 6840 1298 
5439 1484 6593 6844 6802 
5440 6593 1737 6843 6844 
5441 6844 6843 2536 4745 
5442 6802 6844 4745 2576 
5443 1627 6710 6848 6847 
5444 6710 1125 6845 6848 
5445 6848 6845 1126 6846 
5446 6847 6848 6846 1127 
5447 1986 5638 6851 6850 
5448 5638 1982 6849 6851 
5449 6851 6849 1984 3267 
5450 6850 6851 3267 1985 
5451 1911 6852 6854 5483 
5452 6852 2492 6853 6854 
5453 6854 6853 2972 4026 
5454 5483 6854 4026 2075 
5455 1671 6340 6856 6429 
5456 6340 1446 6785 6856 
5457 6856 6785 2571 6855 
5458 6429 6856 6855 1785 
5459 2105 3864 6859 4742 
5460 3864 1669 6857 6859 
5461 6859 6857 1134 6858 
5462 4742 6859 6858 2103 
5463 2253 4511 6862 6861 
5464 4511 1147 6860 6862 
5465 6862 6860 2780 3435 
5466 6861 6862 3435 2335 
5467 2050 3128 6864 6404 
5468 3128 3059 6863 6864 
5469 6864 6863 2054 6323 
5470 6404 6864 6323 2052 
5471 1503 4324 6866 6555 
5472 4324 1501 6446 6866 
5473 6866 6446 1499 6865 
5474 6555 6866 6865 1502 
5475 2605 6867 6869 6509 
5476 6867 1659 6868 6869 
5477 6869 6868 1539 6240 
5478 6509 6869 6240 1536 
5479 1315 6870 6873 6693 
5480 6870 1281 6871 6873 
5481 6873 6871 1280 6872 
5482 6693 6873 6872 1314 
5483 1531 5553 6875 4792 
5484 5553 1532 6874 6875 
5485 6875 6874 2605 6508 
5486 4792 6875 6508 1533 
5487 1698 6876 6879 6878 
5488 6876 2438 6877 6879 
5489 6879 6877 1314 6872 
5490 6878 6879 6872 1280 
5491 1999 6880 6882 6881 
5492 6880 1998 4008 6882 
5493 6882 4008 625 3334 
5494 6881 6882 3334 1027 
5495 2729 6883 6885 4115 
5496 6883 2154 3989 6885 
5497 6885 3989 2761 6884 
5498 4115 6885 6884 1804 
5499 2542 6799 6888 6887 
5500 6799 1544 6029 6888 
5501 6888 6029 1542 6886 
5502 6887 6888 6886 1543 
5503 1047 6889 6891 3899 
5504 6889 2331 3983 6891 
5505 6891 3983 2300 6890 
5506 3899 6891 6890 2829 
5507 424 425 6894 6893 
5508 425 426 6892 6894 
5509 6894 6892 2799 3655 
5510 6893 6894 3655 1068 
5511 1632 5999 6897 5705 
5512 5999 1579 6895 6897 
5513 6897 6895 2675 6896 
5514 5705 6897 6896 1734 
5515 1798 6898 6900 6577 
5516 6898 1964 3553 6900 
5517 6900 3553 1965 6899 
5518 6577 6900 6899 1797 
5519 2615 6901 6905 6904 
5520 6901 2755 6902 6905 
5521 6905 6902 2890 6903 
5522 6904 6905 6903 2616 
5523 1077 3593 6908 3512 
5524 3593 2193 6906 6908 
5525 6908 6906 1866 6907 
5526 3512 6908 6907 2821 
5527 1359 6909 6913 6912 
5528 6909 1327 6910 6913 
5529 6913 6910 1131 6911 
5530 6912 6913 6911 1132 
5531 1429 6914 6918 6917 
5532 6914 2707 6915 6918 
5533 6918 6915 2420 6916 
5534 6917 6918 6916 2651 
5535 2227 6050 6920 6489 
5536 6050 2226 6919 6920 
5537 6920 6919 2820 6075 
5538 6489 6920 6075 2229 
5539 1375 6921 6924 6644 
5540 6921 1377 6922 6924 
5541 6924 6922 1378 6923 
5542 6644 6924 6923 1376 
5543 1424 6792 6927 6926 
5544 6792 1425 6823 6927 
5545 6927 6823 1428 6925 
5546 6926 6927 6925 2597 
5547 2047 5586 6929 6167 
5548 5586 1712 6928 6929 
5549 6929 6928 1794 3159 
5550 6167 6929 3159 2046 
5551 1975 5327 6931 4962 
5552 5327 1977 6930 6931 
5553 6931 6930 2917 6699 
5554 4962 6931 6699 2079 
5555 1185 6932 6934 5278 
5556 6932 1186 6933 6934 
5557 6934 6933 1188 6670 
5558 5278 6934 6670 1187 
5559 1179 6549 6937 4272 
5560 6549 1180 6935 6937 
5561 6937 6935 1182 6936 
5562 4272 6937 6936 1181 
5563 1745 4507 6938 6595 
5564 4507 2313 3549 6938 
5565 6938 3549 2849 3582 
5566 6595 6938 3582 1746 
5567 404 405 6941 6940 
5568 405 406 6939 6941 
5569 6941 6939 2686 3257 
5570 6940 6941 3257 1111 
5571 1539 6868 6945 6944 
5572 6868 1659 6942 6945 
5573 6945 6942 1809 6943 
5574 6944 6945 6943 1717 
5575 1414 6946 6949 4543 
5576 6946 1415 6947 6949 
5577 6949 6947 1416 6948 
5578 4543 6949 6948 1413 
5579 2497 3283 6951 6950 
5580 3283 2645 6088 6951 
5581 6951 6088 1171 4490 
5582 6950 6951 4490 1747 
5583 1516 6433 6954 6302 
5584 6433 2563 6952 6954 
5585 6954 6952 2609 6953 
5586 6302 6954 6953 1682 
5587 1829 3195 6955 5164 
5588 3195 2574 5429 6955 
5589 6955 5429 2539 6583 
5590 5164 6955 6583 1649 
5591 1050 3238 6959 6958 
5592 3238 2034 6956 6959 
5593 6959 6956 2035 6957 
5594 6958 6959 6957 2867 
5595 1328 6960 6964 6963 
5596 6960 1612 6961 6964 
5597 6964 6961 1709 6962 
5598 6963 6964 6962 1614 
5599 1324 6965 6969 6968 
5600 6965 2911 6966 6969 
5601 6969 6966 2238 6967 
5602 6968 6969 6967 2801 
5603 1717 6943 6971 6397 
5604 6943 1809 6970 6971 
5605 6971 6970 2040 3798 
5606 6397 6971 3798 2038 
5607 1524 6705 6974 6150 
5608 6705 2591 6972 6974 
5609 6974 6972 2652 6973 
5610 6150 6974 6973 1755 
5611 2482 5177 6977 6976 
5612 5177 1128 6975 6977 
5613 6977 6975 1126 6845 
5614 6976 6977 6845 1125 
5615 2403 5905 6980 5114 
5616 5905 2404 6978 6980 
5617 6980 6978 2676 6979 
5618 5114 6980 6979 2402 
5619 1855 6981 6984 6983 
5620 6981 1709 6961 6984 
5621 6984 6961 1612 6982 
5622 6983 6984 6982 1854 
5623 1786 6985 6988 6740 
5624 6985 1716 6986 6988 
5625 6988 6986 1910 6987 
5626 6740 6988 6987 1806 
5627 2378 5034 6990 5194 
5628 5034 2377 6989 6990 
5629 6990 6989 2749 3135 
5630 5194 6990 3135 2379 
5631 280 281 6992 3853 
5632 281 282 5236 6992 
5633 6992 5236 1119 6991 
5634 3853 6992 6991 2781 
5635 1698 6878 6996 6995 
5636 6878 1280 6993 6996 
5637 6996 6993 1279 6994 
5638 6995 6996 6994 1278 
5639 1670 6997 7000 6999 
5640 6997 1622 6998 7000 
5641 7000 6998 1327 6909 
5642 6999 7000 6909 1359 
5643 1181 6936 7003 4528 
5644 6936 1182 7001 7003 
5645 7003 7001 1184 7002 
5646 4528 7003 7002 1183 
5647 1226 7004 7008 7007 
5648 7004 1129 7005 7008 
5649 7008 7005 1130 7006 
5650 7007 7008 7006 1131 
5651 637 7009 7012 3492 
5652 7009 2895 7010 7012 
5653 7012 7010 1853 7011 
5654 3492 7012 7011 2758 
5655 1154 7013 7015 3985 
5656 7013 2088 6745 7015 
5657 7015 6745 2089 7014 
5658 3985 7015 7014 2087 
5659 1630 7016 7018 6539 
5660 7016 2614 7017 7018 
5661 7018 7017 1778 6625 
5662 6539 7018 6625 2534 
5663 2881 4394 7022 7021 
5664 4394 2589 7019 7022 
5665 7022 7019 1281 7020 
5666 7021 7022 7020 1391 
5667 1786 6827 7025 6985 
5668 6827 1571 7023 7025 
5669 7025 7023 1572 7024 
5670 6985 7025 7024 1716 
5671 2189 4704 7027 7026 
5672 4704 2395 5928 7027 
5673 7027 5928 1490 6567 
5674 7026 7027 6567 1749 
5675 1834 6515 7031 7030 
5676 6515 2714 7028 7031 
5677 7031 7028 3049 7029 
5678 7030 7031 7029 2362 
5679 1573 7032 7033 5428 
5680 7032 1432 6831 7033 
5681 7033 6831 1431 6584 
5682 5428 7033 6584 2539 
5683 1498 6360 7036 5081 
5684 6360 1497 7034 7036 
5685 7036 7034 2622 7035 
5686 5081 7036 7035 1499 
5687 2197 4928 7039 4761 
5688 4928 2199 7037 7039 
5689 7039 7037 2678 7038 
5690 4761 7039 7038 2326 
5691 1570 7040 7042 5176 
5692 7040 1130 7005 7042 
5693 7042 7005 1129 7041 
5694 5176 7042 7041 1128 
5695 400 401 7044 4050 
5696 401 402 7043 7044 
5697 7044 7043 2744 3168 
5698 4050 7044 3168 1158 
5699 1605 6170 7046 4959 
5700 6170 2448 7045 7046 
5701 7046 7045 2641 4255 
5702 4959 7046 4255 1802 
5703 1525 6152 7047 6353 
5704 6152 1838 5292 7047 
5705 7047 5292 2637 6756 
5706 6353 7047 6756 2575 
5707 1277 7048 7050 3113 
5708 7048 1279 7049 7050 
5709 7050 7049 2589 4393 
5710 3113 7050 4393 1364 
5711 173 174 7053 5276 
5712 174 175 7051 7053 
5713 7053 7051 2717 7052 
5714 5276 7053 7052 1115 
5715 1411 7054 7056 4276 
5716 7054 1410 7055 7056 
5717 7056 7055 1409 6400 
5718 4276 7056 6400 1408 
5719 1299 7057 7061 7060 
5720 7057 1297 7058 7061 
5721 7061 7058 1295 7059 
5722 7060 7061 7059 1296 
5723 2322 4671 7063 7062 
5724 4671 1996 5353 7063 
5725 7063 5353 1997 3567 
5726 7062 7063 3567 3077 
5727 1573 7064 7066 7032 
5728 7064 1572 7023 7066 
5729 7066 7023 1571 7065 
5730 7032 7066 7065 1432 
5731 1808 7067 7068 6807 
5732 7067 2101 3904 7068 
5733 7068 3904 2902 6253 
5734 6807 7068 6253 1950 
5735 1346 7069 7071 5005 
5736 7069 1348 7070 7071 
5737 7071 7070 2598 3518 
5738 5005 7071 3518 1648 
5739 2563 6537 7073 6952 
5740 6537 1779 6437 7073 
5741 7073 6437 1894 7072 
5742 6952 7073 7072 2609 
5743 1330 6768 7075 7074 
5744 6768 2569 6496 7075 
5745 7075 6496 1617 6608 
5746 7074 7075 6608 1332 
5747 1592 4642 7078 7077 
5748 4642 1666 6602 7078 
5749 7078 6602 1667 7076 
5750 7077 7078 7076 1665 
5751 2850 7079 7083 7082 
5752 7079 2607 7080 7083 
5753 7083 7080 3079 7081 
5754 7082 7083 7081 2228 
5755 1775 7084 7087 5964 
5756 7084 1961 7085 7087 
5757 7087 7085 1962 7086 
5758 5964 7087 7086 1699 
5759 1351 6454 7088 6005 
5760 6454 1349 6467 7088 
5761 7088 6467 2606 5243 
5762 6005 7088 5243 2467 
5763 1183 7002 7090 5133 
5764 7002 1184 7089 7090 
5765 7090 7089 1186 6932 
5766 5133 7090 6932 1185 
5767 2088 7013 7092 3649 
5768 7013 1154 3740 7092 
5769 7092 3740 2659 7091 
5770 3649 7092 7091 2592 
5771 2431 7093 7096 5408 
5772 7093 1079 7094 7096 
5773 7096 7094 2880 7095 
5774 5408 7096 7095 2433 
5775 1647 7097 7101 7100 
5776 7097 1203 7098 7101 
5777 7101 7098 1204 7099 
5778 7100 7101 7099 2540 
5779 1207 7102 7106 7105 
5780 7102 1215 7103 7106 
5781 7106 7103 1233 7104 
5782 7105 7106 7104 2584 
5783 1480 5875 7107 6651 
5784 5875 1723 5884 7107 
5785 7107 5884 2634 4553 
5786 6651 7107 4553 2593 
5787 1343 7108 7110 6666 
5788 7108 1345 7109 7110 
5789 7110 7109 1346 5004 
5790 6666 7110 5004 1344 
5791 315 316 7112 4455 
5792 316 317 7111 7112 
5793 7112 7111 2953 3359 
5794 4455 7112 3359 1061 
5795 1222 4341 7116 7115 
5796 4341 1367 7113 7116 
5797 7116 7113 1368 7114 
5798 7115 7116 7114 1366 
5799 1350 7117 7119 6453 
5800 7117 1348 7118 7119 
5801 7119 7118 1347 6468 
5802 6453 7119 6468 1349 
5803 1801 7120 7124 7123 
5804 7120 1595 7121 7124 
5805 7124 7121 2496 7122 
5806 7123 7124 7122 1810 
5807 1211 7125 7128 6789 
5808 7125 1210 7126 7128 
5809 7128 7126 1225 7127 
5810 6789 7128 7127 1216 
5811 1219 6055 7132 7131 
5812 6055 1218 7129 7132 
5813 7132 7129 1456 7130 
5814 7131 7132 7130 1220 
5815 1325 7133 7136 4677 
5816 7133 1306 7134 7136 
5817 7136 7134 1299 7135 
5818 4677 7136 7135 1305 
5819 1981 7137 7139 6117 
5820 7137 1983 3417 7139 
5821 7139 3417 2917 7138 
5822 6117 7139 7138 1979 
5823 1860 7140 7142 4215 
5824 7140 1655 7141 7142 
5825 7142 7141 1711 3330 
5826 4215 7142 3330 1859 
5827 1541 4715 7144 5839 
5828 4715 1540 7143 7144 
5829 7144 7143 1543 6886 
5830 5839 7144 6886 1542 
5831 2145 7145 7148 4184 
5832 7145 2029 7146 7148 
5833 7148 7146 2076 7147 
5834 4184 7148 7147 2143 
5835 1432 7065 7149 6832 
5836 7065 1571 6826 7149 
5837 7149 6826 2597 6925 
5838 6832 7149 6925 1428 
5839 1611 7150 7152 6096 
5840 7150 1328 7151 7152 
5841 7152 7151 1306 7133 
5842 6096 7152 7133 1325 
5843 1138 7153 7156 3777 
5844 7153 2166 7154 7156 
5845 7156 7154 1730 7155 
5846 3777 7156 7155 2602 
5847 1405 7157 7159 6681 
5848 7157 2640 7158 7159 
5849 7159 7158 1785 6855 
5850 6681 7159 6855 2571 
5851 1173 4491 7162 7161 
5852 4491 1171 6087 7162 
5853 7162 6087 1169 7160 
5854 7161 7162 7160 1172 
5855 1434 7163 7165 6462 
5856 7163 2688 7164 7165 
5857 7165 7164 1902 4611 
5858 6462 7165 4611 2334 
5859 1415 4864 7168 6947 
5860 4864 1417 7166 7168 
5861 7168 7166 1423 7167 
5862 6947 7168 7167 1416 
5863 1089 3095 7171 7170 
5864 3095 2639 7169 7171 
5865 7171 7169 408 409 
5866 7170 7171 409 410 
5867 1373 7172 7176 7175 
5868 7172 1372 7173 7176 
5869 7176 7173 1370 7174 
5870 7175 7176 7174 1371 
5871 2125 4109 7179 4477 
5872 4109 1309 7177 7179 
5873 7179 7177 1308 7178 
5874 4477 7179 7178 1302 
5875 1496 6728 7181 6359 
5876 6728 1637 7180 7181 
5877 7181 7180 2622 7034 
5878 6359 7181 7034 1497 
5879 1208 7182 7186 7185 
5880 7182 1204 7183 7186 
5881 7186 7183 1205 7184 
5882 7185 7186 7184 1206 
5883 1614 6962 7188 5991 
5884 6962 1709 7187 7188 
5885 7188 7187 2602 7155 
5886 5991 7188 7155 1730 
5887 1622 7189 7192 6998 
5888 7189 1623 7190 7192 
5889 7192 7190 2599 7191 
5890 6998 7192 7191 1327 
5891 1413 7193 7195 4544 
5892 7193 1412 7194 7195 
5893 7195 7194 1410 7054 
5894 4544 7195 7054 1411 
5895 1727 7196 7198 5418 
5896 7196 2428 7197 7198 
5897 7198 7197 3024 4868 
5898 5418 7198 4868 2423 
5899 1270 7199 7201 6558 
5900 7199 1397 3608 7201 
5901 7201 3608 2853 7200 
5902 6558 7201 7200 1272 
5903 2753 7202 7205 7204 
5904 7202 1043 7203 7205 
5905 7205 7203 1134 6857 
5906 7204 7205 6857 1669 
5907 2293 5294 7207 4195 
5908 5294 2165 3882 7207 
5909 7207 3882 3041 7206 
5910 4195 7207 7206 1148 
5911 1754 7208 7211 5239 
5912 7208 2629 7209 7211 
5913 7211 7209 2872 7210 
5914 5239 7211 7210 2363 
5915 2103 6858 7214 3816 
5916 6858 1134 7212 7214 
5917 7214 7212 1236 7213 
5918 3816 7214 7213 1237 
5919 1683 6020 7217 7216 
5920 6020 2615 6904 7217 
5921 7217 6904 2616 7215 
5922 7216 7217 7215 1882 
5923 1293 7218 7221 7220 
5924 7218 1294 7219 7221 
5925 7221 7219 1296 7059 
5926 7220 7221 7059 1295 
5927 571 572 7222 3948 
5928 572 573 3846 7222 
5929 7222 3846 1036 6385 
5930 3948 7222 6385 2010 
5931 2538 6418 7224 6787 
5932 6418 1864 7223 7224 
5933 7224 7223 2652 6972 
5934 6787 7224 6972 2591 
5935 1816 7225 7229 7228 
5936 7225 1817 7226 7229 
5937 7229 7226 1924 7227 
5938 7228 7229 7227 1923 
5939 1280 6871 7230 6993 
5940 6871 1281 7019 7230 
5941 7230 7019 2589 7049 
5942 6993 7230 7049 1279 
5943 1966 7231 7234 7233 
5944 7231 2111 6408 7234 
5945 7234 6408 1949 7232 
5946 7233 7234 7232 1909 
5947 2281 4803 7237 4140 
5948 4803 2280 7235 7237 
5949 7237 7235 2723 7236 
5950 4140 7237 7236 2291 
5951 2482 6976 7240 7239 
5952 6976 1125 6709 7240 
5953 7240 6709 1124 7238 
5954 7239 7240 7238 1123 
5955 2011 7241 7244 4367 
5956 7241 2013 7242 7244 
5957 7244 7242 2014 7243 
5958 4367 7244 7243 2012 
5959 1348 7069 7246 7118 
5960 7069 1346 7109 7246 
5961 7246 7109 1345 7245 
5962 7118 7246 7245 1347 
5963 1661 4912 7250 7249 
5964 4912 1767 7247 7250 
5965 7250 7247 1956 7248 
5966 7249 7250 7248 2649 
5967 2964 7251 7255 7254 
5968 7251 1968 7252 7255 
5969 7255 7252 3082 7253 
5970 7254 7255 7253 2926 
5971 1175 4379 7258 7257 
5972 4379 1173 7161 7258 
5973 7258 7161 1172 7256 
5974 7257 7258 7256 1174 
5975 1279 7048 7261 6994 
5976 7048 1277 7259 7261 
5977 7261 7259 1276 7260 
5978 6994 7261 7260 1278 
5979 1781 6517 7264 6065 
5980 6517 1703 7262 7264 
5981 7264 7262 1702 7263 
5982 6065 7264 7263 1780 
5983 1759 7265 7268 7267 
5984 7265 1643 7266 7268 
5985 7268 7266 1592 7077 
5986 7267 7268 7077 1665 
5987 1033 3756 7271 7270 
5988 3756 621 620 7271 
5989 7271 620 619 7269 
5990 7270 7271 7269 2803 
5991 2074 7272 7276 7275 
5992 7272 2018 7273 7276 
5993 7276 7273 2017 7274 
5994 7275 7276 7274 1999 
5995 2135 7277 7280 4067 
5996 7277 1880 7278 7280 
5997 7280 7278 1876 7279 
5998 4067 7280 7279 2133 
5999 1278 7260 7284 7283 
6000 7260 1276 7281 7284 
6001 7284 7281 2922 7282 
6002 7283 7284 7282 2338 
6003 1817 7285 7288 7226 
6004 7285 1925 7286 7288 
6005 7288 7286 2628 7287 
6006 7226 7288 7287 1924 
6007 2031 5361 7291 5219 
6008 5361 1715 7289 7291 
6009 7291 7289 2943 7290 
6010 5219 7291 7290 1078 
6011 1261 4435 7293 6764 
6012 4435 1263 7292 7293 
6013 7293 7292 2608 3156 
6014 6764 7293 3156 2512 
6015 1712 5585 7297 7296 
6016 5585 1574 7294 7297 
6017 7297 7294 1575 7295 
6018 7296 7297 7295 1677 
6019 1703 7298 7302 7301 
6020 7298 2720 7299 7302 
6021 7302 7299 2567 7300 
6022 7301 7302 7300 1170 
6023 2761 3988 7305 7304 
6024 3988 2164 3761 7305 
6025 7305 3761 2929 7303 
6026 7304 7305 7303 1782 
6027 1177 6547 7308 7307 
6028 6547 1175 7257 7308 
6029 7308 7257 1174 7306 
6030 7307 7308 7306 1176 
6031 1957 7309 7312 7311 
6032 7309 1956 7247 7312 
6033 7312 7247 1767 7310 
6034 7311 7312 7310 1955 
6035 1481 4190 7314 4909 
6036 4190 2624 7313 7314 
6037 7314 7313 1486 4503 
6038 4909 7314 4503 1483 
6039 1340 4854 7318 7317 
6040 4854 1339 7315 7318 
6041 7318 7315 2627 7316 
6042 7317 7318 7316 1341 
6043 1307 7319 7323 7322 
6044 7319 1304 7320 7323 
6045 7323 7320 1301 7321 
6046 7322 7323 7321 1303 
6047 1867 6497 7326 7325 
6048 6497 2569 6767 7326 
6049 7326 6767 1323 7324 
6050 7325 7326 7324 2657 
6051 1796 6574 7329 6600 
6052 6574 1797 7327 7329 
6053 7329 7327 2611 7328 
6054 6600 7329 7328 1688 
6055 1138 4902 7331 7153 
6056 4902 99 100 7331 
6057 7331 100 101 7330 
6058 7153 7331 7330 2166 
6059 2100 7332 7335 7334 
6060 7332 1871 7333 7335 
6061 7335 7333 1919 3916 
6062 7334 7335 3916 2099 
6063 1863 6337 7338 3603 
6064 6337 1862 7336 7338 
6065 7338 7336 2681 7337 
6066 3603 7338 7337 2397 
6067 1355 7339 7342 5773 
6068 7339 1354 7340 7342 
6069 7342 7340 1176 7341 
6070 5773 7342 7341 1178 
6071 1831 7343 7347 7346 
6072 7343 1636 7344 7347 
6073 7347 7344 1799 7345 
6074 7346 7347 7345 1830 
6075 1575 7294 7350 7349 
6076 7294 1574 7348 7350 
6077 7350 7348 1354 7339 
6078 7349 7350 7339 1355 
6079 1643 7351 7353 7266 
6080 7351 1591 7352 7353 
6081 7353 7352 1423 4643 
6082 7266 7353 4643 1592 
6083 1703 7301 7356 7262 
6084 7301 1170 7354 7356 
6085 7356 7354 1168 7355 
6086 7262 7356 7355 1702 
6087 2128 7357 7360 6395 
6088 7357 2129 7358 7360 
6089 7360 7358 2696 7359 
6090 6395 7360 7359 2039 
6091 1667 6601 7363 7362 
6092 6601 1688 7328 7363 
6093 7363 7328 2611 7361 
6094 7362 7363 7361 1800 
6095 1393 7364 7367 4224 
6096 7364 1392 7365 7367 
6097 7367 7365 1224 7366 
6098 4224 7367 7366 1223 
6099 2248 6237 7370 7369 
6100 6237 2604 5519 7370 
6101 7370 5519 1389 7368 
6102 7369 7370 7368 2627 
6103 2765 7371 7373 7372 
6104 7371 2015 3481 7373 
6105 7373 3481 2012 7243 
6106 7372 7373 7243 2014 
6107 1277 3116 7376 7259 
6108 3116 1275 7374 7376 
6109 7376 7374 1274 7375 
6110 7259 7376 7375 1276 
6111 420 421 7378 4727 
6112 421 422 7377 7378 
6113 7378 7377 2886 3324 
6114 4727 7378 3324 1143 
6115 1410 7194 7381 7380 
6116 7194 1412 7379 7381 
6117 7381 7379 1799 7344 
6118 7380 7381 7344 1636 
6119 1226 7007 7383 7382 
6120 7007 1131 6910 7383 
6121 7383 6910 1327 7191 
6122 7382 7383 7191 2599 
6123 1778 7017 7386 6435 
6124 7017 2614 7384 7386 
6125 7386 7384 2660 7385 
6126 6435 7386 7385 1832 
6127 1878 7387 7390 6288 
6128 7387 1879 7388 7390 
6129 7390 7388 1941 7389 
6130 6288 7390 7389 1939 
6131 1322 5581 7392 4709 
6132 5581 1321 7391 7392 
6133 7392 7391 2657 7324 
6134 4709 7392 7324 1323 
6135 1961 7084 7394 3355 
6136 7084 1775 4955 7394 
6137 7394 4955 1777 7393 
6138 3355 7394 7393 2625 
6139 2631 6762 7397 7396 
6140 6762 1127 6846 7397 
6141 7397 6846 1126 7395 
6142 7396 7397 7395 2630 
6143 2592 7398 7401 3650 
6144 7398 1890 7399 7401 
6145 7401 7399 1889 7400 
6146 3650 7401 7400 1891 
6147 384 3647 7403 4813 
6148 3647 2251 4384 7403 
6149 7403 4384 2985 7402 
6150 4813 7403 7402 1150 
6151 9 534 7406 7405 
6152 534 533 3528 7406 
6153 7406 3528 2665 7404 
6154 7405 7406 7404 2959 
6155 1397 7199 7409 7408 
6156 7199 1270 5521 7409 
6157 7409 5521 1268 7407 
6158 7408 7409 7407 2664 
6159 2551 5001 7410 6588 
6160 5001 2598 7070 7410 
6161 7410 7070 1348 7117 
6162 6588 7410 7117 1350 
6163 2133 7279 7413 6287 
6164 7279 1876 7411 7413 
6165 7413 7411 1877 7412 
6166 6287 7413 7412 1878 
6167 1303 7321 7416 7415 
6168 7321 1301 6841 7416 
6169 7416 6841 1298 7414 
6170 7415 7416 7414 1300 
6171 1630 6528 7418 7016 
6172 6528 1758 7417 7418 
6173 7418 7417 2660 7384 
6174 7016 7418 7384 2614 
6175 1539 7419 7421 6241 
6176 7419 2621 7420 7421 
6177 7421 7420 1543 7143 
6178 6241 7421 7143 1540 
6179 1263 4488 7423 7292 
6180 4488 1265 6734 7423 
6181 7423 6734 1282 7422 
6182 7292 7423 7422 2608 
6183 1576 7424 7428 7427 
6184 7424 1578 7425 7428 
6185 7428 7425 2713 7426 
6186 7427 7428 7426 1577 
6187 1841 6776 7429 4189 
6188 6776 1625 6562 7429 
6189 7429 6562 1486 7313 
6190 4189 7429 7313 2624 
6191 1882 7430 7433 7216 
6192 7430 1881 7431 7433 
6193 7433 7431 1795 7432 
6194 7216 7433 7432 1683 
6195 1170 7300 7436 7435 
6196 7300 2567 7434 7436 
6197 7436 7434 1172 7160 
6198 7435 7436 7160 1169 
6199 2039 7437 7438 6396 
6200 7437 2621 7419 7438 
6201 7438 7419 1539 6944 
6202 6396 7438 6944 1717 
6203 1214 4225 7441 7440 
6204 4225 1223 7366 7441 
6205 7441 7366 1224 7439 
6206 7440 7441 7439 1215 
6207 1941 7442 7445 7444 
6208 7442 1942 7443 7445 
6209 7445 7443 2808 3217 
6210 7444 7445 3217 2073 
6211 1203 7446 7448 7098 
6212 7446 2667 7447 7448 
6213 7448 7447 1205 7183 
6214 7098 7448 7183 1204 
6215 2297 4635 7450 4530 
6216 4635 2727 7449 7450 
6217 7450 7449 2498 4179 
6218 4530 7450 4179 1701 
6219 1495 6623 7453 6358 
6220 6623 1494 7451 7453 
6221 7453 7451 2623 7452 
6222 6358 7453 7452 1496 
6223 713 7454 7456 714 
6224 7454 2086 7455 7456 
6225 7456 7455 2697 4085 
6226 714 7456 4085 715 
6227 2076 7146 7460 7459 
6228 7146 2029 7457 7460 
6229 7460 7457 2027 7458 
6230 7459 7460 7458 2028 
6231 1492 6678 7461 6622 
6232 6678 1629 4409 7461 
6233 7461 4409 2623 7451 
6234 6622 7461 7451 1494 
6235 2918 7462 7465 3768 
6236 7462 1088 7463 7465 
6237 7465 7463 2946 7464 
6238 3768 7465 7464 2077 
6239 1593 7466 7470 7469 
6240 7466 1908 7467 7470 
6241 7470 7467 1909 7468 
6242 7469 7470 7468 1694 
6243 1412 7193 7473 7472 
6244 7193 1413 6948 7473 
6245 7473 6948 1416 7471 
6246 7472 7473 7471 2642 
6247 663 662 7476 7475 
6248 662 661 7474 7476 
6249 7476 7474 2716 3133 
6250 7475 7476 3133 1051 
6251 1613 5965 7479 6095 
6252 5965 1699 7477 7479 
6253 7479 7477 2610 7478 
6254 6095 7479 7478 1611 
6255 1205 7480 7482 7481 
6256 7480 1214 7440 7482 
6257 7482 7440 1215 7102 
6258 7481 7482 7102 1207 
6259 2057 7483 7485 6416 
6260 7483 2314 3443 7485 
6261 7485 3443 2852 7484 
6262 6416 7485 7484 2055 
6263 2213 3212 7489 7488 
6264 3212 2709 7486 7489 
6265 7489 7486 1378 7487 
6266 7488 7489 7487 1382 
6267 1987 6545 7491 3508 
6268 6545 1916 6066 7491 
6269 7491 6066 1780 7490 
6270 3508 7491 7490 2674 
6271 2181 4943 7495 7494 
6272 4943 2184 7492 7495 
6273 7495 7492 3033 7493 
6274 7494 7495 7493 2182 
6275 2708 3346 7497 3827 
6276 3346 2083 7496 7497 
6277 7497 7496 2084 3240 
6278 3827 7497 3240 2626 
6279 1574 5588 7499 7348 
6280 5588 2524 6439 7499 
6281 7499 6439 2655 7498 
6282 7348 7499 7498 1354 
6283 2086 7500 7504 7503 
6284 7500 1030 7501 7504 
6285 7504 7501 1590 7502 
6286 7503 7504 7502 2796 
6287 1750 5576 7507 6316 
6288 5576 1822 7505 7507 
6289 7507 7505 2746 7506 
6290 6316 7507 7506 1692 
6291 97 4901 7509 96 
6292 4901 2392 3091 7509 
6293 7509 3091 2670 7508 
6294 96 7509 7508 95 
6295 2401 7510 7513 4326 
6296 7510 2909 7511 7513 
6297 7513 7511 3076 7512 
6298 4326 7513 7512 1615 
6299 1312 7514 7517 7516 
6300 7514 1294 7218 7517 
6301 7517 7218 1293 7515 
6302 7516 7517 7515 1292 
6303 2291 7236 7519 5709 
6304 7236 2723 4117 7519 
6305 7519 4117 1805 7518 
6306 5709 7519 7518 2742 
6307 159 160 7522 5036 
6308 160 161 7520 7522 
6309 7522 7520 2859 7521 
6310 5036 7522 7521 2296 
6311 1209 7523 7526 7525 
6312 7523 2607 7524 7526 
6313 7526 7524 1225 7126 
6314 7525 7526 7126 1210 
6315 2685 7527 7530 7529 
6316 7527 1854 6982 7530 
6317 7530 6982 1612 7528 
6318 7529 7530 7528 2610 
6319 2484 5822 7533 7532 
6320 5822 1462 5937 7533 
6321 7533 5937 2514 7531 
6322 7532 7533 7531 2663 
6323 2036 7534 7537 3680 
6324 7534 1732 7535 7537 
6325 7537 7535 1731 7536 
6326 3680 7537 7536 1897 
6327 1822 5575 7540 7539 
6328 5575 1926 3754 7540 
6329 7540 3754 2847 7538 
6330 7539 7540 7538 2797 
6331 2547 4041 7542 7541 
6332 4041 2139 3972 7542 
6333 7542 3972 2015 7371 
6334 7541 7542 7371 2765 
6335 1335 7543 7546 4279 
6336 7543 1356 7544 7546 
6337 7546 7544 2700 7545 
6338 4279 7546 7545 1337 
6339 1910 6986 7549 7548 
6340 6986 1716 7024 7549 
6341 7549 7024 1572 7547 
6342 7548 7549 7547 2620 
6343 2045 3436 7552 7551 
6344 3436 2780 7550 7552 
6345 7552 7550 153 154 
6346 7551 7552 154 155 
6347 2264 3926 7555 4664 
6348 3926 2005 7553 7555 
6349 7555 7553 3088 7554 
6350 4664 7555 7554 2141 
6351 28 770 7559 7558 
6352 770 769 7556 7559 
6353 7559 7556 2920 7557 
6354 7558 7559 7557 1026 
6355 1299 7060 7561 7135 
6356 7060 1296 7560 7561 
6357 7561 7560 2632 4678 
6358 7135 7561 4678 1305 
6359 1473 6222 7564 6295 
6360 6222 1691 7562 7564 
6361 7564 7562 2661 7563 
6362 6295 7564 7563 2526 
6363 2483 5178 7566 3865 
6364 5178 2482 7239 7566 
6365 7566 7239 1123 7565 
6366 3865 7566 7565 2106 
6367 1573 6310 7568 7064 
6368 6310 1675 7567 7568 
6369 7568 7567 2620 7547 
6370 7064 7568 7547 1572 
6371 1336 4106 7570 4776 
6372 4106 1455 6409 7570 
6373 7570 6409 3042 7569 
6374 4776 7570 7569 1334 
6375 1328 7150 7571 6960 
6376 7150 1611 7478 7571 
6377 7571 7478 2610 7528 
6378 6960 7571 7528 1612 
6379 2785 7572 7574 3818 
6380 7572 613 612 7574 
6381 7574 612 611 7573 
6382 3818 7574 7573 2759 
6383 593 5788 7576 594 
6384 5788 2486 5056 7576 
6385 7576 5056 2751 7575 
6386 594 7576 7575 595 
6387 2568 6479 7577 4349 
6388 6479 1783 6460 7577 
6389 7577 6460 2526 7563 
6390 4349 7577 7563 2661 
6391 482 483 7579 5051 
6392 483 484 7578 7579 
6393 7579 7578 2673 4844 
6394 5051 7579 4844 2398 
6395 2096 7580 7583 7582 
6396 7580 2648 7581 7583 
6397 7583 7581 1636 7343 
6398 7582 7583 7343 1831 
6399 1647 7584 7587 7097 
6400 7584 1201 7585 7587 
6401 7587 7585 1202 7586 
6402 7097 7587 7586 1203 
6403 1789 4135 7590 7589 
6404 4135 1790 7588 7590 
6405 7590 7588 2620 7567 
6406 7589 7590 7567 1675 
6407 1347 7245 7593 6469 
6408 7245 1345 7591 7593 
6409 7593 7591 2644 7592 
6410 6469 7593 7592 1404 
6411 1957 7311 7596 3348 
6412 7311 1955 7594 7596 
6413 7596 7594 3026 7595 
6414 3348 7596 7595 2082 
6415 2211 5719 7598 3428 
6416 5719 2210 7597 7598 
6417 7598 7597 2784 4595 
6418 3428 7598 4595 2212 
6419 2701 7599 7601 4312 
6420 7599 2106 7565 7601 
6421 7601 7565 1123 7600 
6422 4312 7601 7600 1044 
6423 2594 5302 7604 5235 
6424 5302 2303 7602 7604 
6425 7604 7602 2685 7603 
6426 5235 7604 7603 1119 
6427 1988 7605 7607 3793 
6428 7605 539 540 7607 
6429 7607 540 541 7606 
6430 3793 7607 7606 2802 
6431 217 218 7609 3503 
6432 218 219 5440 7609 
6433 7609 5440 1102 7608 
6434 3503 7609 7608 2668 
6435 183 184 7611 5017 
6436 184 185 7610 7611 
6437 7611 7610 2903 3633 
6438 5017 7611 3633 1064 
6439 1326 3409 7613 7612 
6440 3409 2667 7446 7613 
6441 7613 7446 1203 7586 
6442 7612 7613 7586 1202 
6443 2095 7614 7617 7616 
6444 7614 1831 7346 7617 
6445 7617 7346 1830 7615 
6446 7616 7617 7615 1899 
6447 1395 7618 7621 7620 
6448 7618 3026 7619 7621 
6449 7621 7619 1954 5224 
6450 7620 7621 5224 2509 
6451 1170 7435 7623 7354 
6452 7435 1169 6086 7623 
6453 7623 6086 1167 7622 
6454 7354 7623 7622 1168 
6455 1338 4855 7626 6377 
6456 4855 1340 7624 7626 
6457 7626 7624 2870 7625 
6458 6377 7626 7625 1608 
6459 1660 6276 7629 7628 
6460 6276 1661 7249 7629 
6461 7629 7249 2649 7627 
6462 7628 7629 7627 1870 
6463 1820 7630 7632 5733 
6464 7630 2021 3504 7632 
6465 7632 3504 2668 7631 
6466 5733 7632 7631 1937 
6467 1128 7041 7634 6975 
6468 7041 1129 7633 7634 
6469 7634 7633 2630 7395 
6470 6975 7634 7395 1126 
6471 1386 7635 7639 7638 
6472 7635 2662 7636 7639 
6473 7639 7636 2990 7637 
6474 7638 7639 7637 1388 
6475 2685 7529 7641 7640 
6476 7529 2610 7477 7641 
6477 7641 7477 1699 7086 
6478 7640 7641 7086 1962 
6479 643 642 7645 7644 
6480 642 641 7642 7645 
6481 7645 7642 1052 7643 
6482 7644 7645 7643 2581 
6483 2858 7646 7649 7648 
6484 7646 2834 7647 7649 
6485 7649 7647 2176 4431 
6486 7648 7649 4431 2173 
6487 1407 7650 7652 6402 
6488 7650 1406 7651 7652 
6489 7652 7651 1308 7177 
6490 6402 7652 7177 1309 
6491 2409 5382 7654 4988 
6492 5382 2413 7653 7654 
6493 7654 7653 2798 3599 
6494 4988 7654 3599 2437 
6495 2603 6820 7658 7657 
6496 6820 2485 7655 7658 
6497 7658 7655 2980 7656 
6498 7657 7658 7656 1874 
6499 1343 6665 7660 7659 
6500 6665 1341 7316 7660 
6501 7660 7316 2627 7368 
6502 7659 7660 7368 1389 
6503 2818 7661 7664 7663 
6504 7661 677 676 7664 
6505 7664 676 675 7662 
6506 7663 7664 7662 2893 
6507 334 5161 7666 333 
6508 5161 2402 6979 7666 
6509 7666 6979 2676 7665 
6510 333 7666 7665 332 
6511 1418 6796 7669 4863 
6512 6796 1419 7667 7669 
6513 7669 7667 2651 7668 
6514 4863 7669 7668 1417 
6515 1623 6617 7671 7190 
6516 6617 1773 3366 7671 
6517 7671 3366 2721 7670 
6518 7190 7671 7670 2599 
6519 1637 6572 7674 7180 
6520 6572 1869 7672 7674 
6521 7674 7672 2672 7673 
6522 7180 7674 7673 2622 
6523 2034 7675 7677 6956 
6524 7675 1924 7287 7677 
6525 7677 7287 2628 7676 
6526 6956 7677 7676 2035 
6527 2752 7678 7681 7680 
6528 7678 545 546 7681 
6529 7681 546 547 7679 
6530 7680 7681 7679 2772 
6531 2612 3327 7684 7683 
6532 3327 1711 7682 7684 
6533 7684 7682 1988 3796 
6534 7683 7684 3796 1989 
6535 1991 7685 7687 7686 
6536 7685 1993 5283 7687 
6537 7687 5283 2767 3495 
6538 7686 7687 3495 1992 
6539 1367 7688 7691 7113 
6540 7688 1369 7689 7691 
6541 7691 7689 1370 7690 
6542 7113 7691 7690 1368 
6543 1372 7692 7695 7173 
6544 7692 1609 7693 7695 
6545 7695 7693 2600 7694 
6546 7173 7695 7694 1370 
6547 2444 7696 7698 5939 
6548 7696 2445 3717 7698 
6549 7698 3717 2938 7697 
6550 5939 7698 7697 2446 
6551 2459 5435 7702 7701 
6552 5435 2458 7699 7702 
6553 7702 7699 2873 7700 
6554 7701 7702 7700 1827 
6555 1754 4732 7705 7208 
6556 4732 2255 7703 7705 
6557 7705 7703 2612 7704 
6558 7208 7705 7704 2629 
6559 2812 7706 7708 7707 
6560 7706 1403 6313 7708 
6561 7708 6313 2501 6031 
6562 7707 7708 6031 2814 
6563 2035 7709 7712 7711 
6564 7709 2830 7710 7712 
6565 7712 7710 348 349 
6566 7711 7712 349 350 
6567 2362 7713 7716 7715 
6568 7713 551 552 7716 
6569 7716 552 553 7714 
6570 7715 7716 7714 2769 
6571 1423 7352 7718 7167 
6572 7352 1591 7717 7718 
6573 7718 7717 2642 7471 
6574 7167 7718 7471 1416 
6575 1747 4180 7721 6950 
6576 4180 2498 7719 7721 
6577 7721 7719 1810 7720 
6578 6950 7721 7720 2497 
6579 2420 4640 7722 6916 
6580 4640 1423 7166 7722 
6581 7722 7166 1417 7668 
6582 6916 7722 7668 2651 
6583 1312 3596 7723 7514 
6584 3596 2632 7560 7723 
6585 7723 7560 1296 7219 
6586 7514 7723 7219 1294 
6587 2776 7724 7728 7727 
6588 7724 2683 7725 7728 
6589 7728 7725 2945 7726 
6590 7727 7728 7726 709 
6591 1470 5820 7729 6175 
6592 5820 2481 3396 7729 
6593 7729 3396 2743 3272 
6594 6175 7729 3272 1828 
6595 1295 7730 7733 7220 
6596 7730 2579 7731 7733 
6597 7733 7731 1680 7732 
6598 7220 7733 7732 1293 
6599 2822 3624 7737 7736 
6600 3624 1710 7734 7737 
6601 7737 7734 1132 7735 
6602 7736 7737 7735 2782 
6603 1835 5854 7740 7739 
6604 5854 1836 7738 7740 
6605 7740 7738 2762 3170 
6606 7739 7740 3170 1963 
6607 1345 7108 7741 7591 
6608 7108 1343 7659 7741 
6609 7741 7659 1389 5518 
6610 7591 7741 5518 2644 
6611 1578 7424 7743 5998 
6612 7424 1576 7742 7743 
6613 7743 7742 2675 6895 
6614 5998 7743 6895 1579 
6615 2271 4210 7745 4358 
6616 4210 2418 3969 7745 
6617 7745 3969 3025 7744 
6618 4358 7745 7744 1031 
6619 21 646 7749 7748 
6620 646 645 7746 7749 
6621 7749 7746 2580 7747 
6622 7748 7749 7747 1028 
6623 1211 4479 7752 7125 
6624 4479 1479 7750 7752 
6625 7752 7750 2896 7751 
6626 7125 7752 7751 1210 
6627 1614 4658 7754 6963 
6628 4658 2650 7753 7754 
6629 7754 7753 1306 7151 
6630 6963 7754 7151 1328 
6631 1499 7035 7756 6865 
6632 7035 2622 7673 7756 
6633 7756 7673 2672 7755 
6634 6865 7756 7755 1502 
6635 418 7757 7760 417 
6636 7757 1053 7758 7760 
6637 7760 7758 3038 7759 
6638 417 7760 7759 416 
6639 1800 7761 7764 7362 
6640 7761 1912 7762 7764 
6641 7764 7762 2638 7763 
6642 7362 7764 7763 1667 
6643 1603 7765 7769 7768 
6644 7765 1795 7766 7769 
6645 7769 7766 1896 7767 
6646 7768 7769 7767 1895 
6647 2718 4521 7772 6441 
6648 4521 1358 7770 7772 
6649 7772 7770 1177 7771 
6650 6441 7772 7771 2655 
6651 1072 3490 7774 5934 
6652 3490 2682 7773 7774 
6653 7774 7773 659 658 
6654 5934 7774 658 657 
6655 1759 7267 7776 7775 
6656 7267 1665 7076 7776 
6657 7776 7076 1667 7763 
6658 7775 7776 7763 2638 
6659 2227 6488 7779 7778 
6660 6488 2230 7777 7779 
6661 7779 7777 2232 3476 
6662 7778 7779 3476 2653 
6663 2964 7780 7783 7782 
6664 7780 1657 4711 7783 
6665 7783 4711 1329 7781 
6666 7782 7783 7781 3009 
6667 1155 4936 7787 7786 
6668 4936 2295 7784 7787 
6669 7787 7784 2595 7785 
6670 7786 7787 7785 3065 
6671 1393 6277 7790 7364 
6672 6277 1660 7788 7790 
6673 7790 7788 2633 7789 
6674 7364 7790 7789 1392 
6675 1287 3628 7794 7793 
6676 3628 1289 7791 7794 
6677 7794 7791 1290 7792 
6678 7793 7794 7792 1288 
6679 1680 7795 7797 7732 
6680 7795 1291 7796 7797 
6681 7797 7796 1292 7515 
6682 7732 7797 7515 1293 
6683 3013 7798 7801 7800 
6684 7798 1798 6576 7801 
6685 7801 6576 2707 7799 
6686 7800 7801 7799 1953 
6687 1735 6526 7803 7802 
6688 6526 1504 6556 7803 
6689 7803 6556 1502 7755 
6690 7802 7803 7755 2672 
6691 1992 7804 7807 7686 
6692 7804 1845 7805 7807 
6693 7807 7805 1990 7806 
6694 7686 7807 7806 1991 
6695 2389 5211 7809 3297 
6696 5211 1155 7786 7809 
6697 7809 7786 3065 7808 
6698 3297 7809 7808 2777 
6699 1366 7810 7813 7115 
6700 7810 1365 7811 7813 
6701 7813 7811 1221 7812 
6702 7115 7813 7812 1222 
6703 2896 7750 7816 4402 
6704 7750 1479 7814 7816 
6705 7816 7814 3005 7815 
6706 4402 7816 7815 2091 
6707 2035 7711 7818 6957 
6708 7711 350 351 7818 
6709 7818 351 352 7817 
6710 6957 7818 7817 2867 
6711 1816 6713 7821 7225 
6712 6713 1360 7819 7821 
6713 7821 7819 2643 7820 
6714 7225 7821 7820 1817 
6715 1360 6687 7823 7819 
6716 6687 1220 7130 7823 
6717 7823 7130 1456 7822 
6718 7819 7823 7822 2643 
6719 2597 6825 7825 6926 
6720 6825 2578 6092 7825 
6721 7825 6092 2690 7824 
6722 6926 7825 7824 1424 
6723 1192 7826 7829 6369 
6724 7826 2677 7827 7829 
6725 7829 7827 1283 7828 
6726 6369 7829 7828 1228 
6727 2921 7830 7832 3571 
6728 7830 2689 6749 7832 
6729 7832 6749 2368 7831 
6730 3571 7832 7831 2369 
6731 1216 7833 7834 6790 
6732 7833 2647 5071 7834 
6733 7834 5071 1456 7129 
6734 6790 7834 7129 1218 
6735 2039 7359 7836 7437 
6736 7359 2696 7835 7836 
6737 7836 7835 1543 7420 
6738 7437 7836 7420 2621 
6739 1376 7837 7839 6645 
6740 7837 1379 3281 7839 
6741 7839 3281 2694 7838 
6742 6645 7839 7838 1374 
6743 1213 7840 7844 7843 
6744 7840 1212 7841 7844 
6745 7844 7841 1200 7842 
6746 7843 7844 7842 1199 
6747 1436 6299 7847 7846 
6748 6299 1437 4415 7847 
6749 7847 4415 2783 7845 
6750 7846 7847 7845 1435 
6751 1318 5359 7850 5173 
6752 5359 1232 7848 7850 
6753 7850 7848 2763 7849 
6754 5173 7850 7849 1319 
6755 2042 7851 7853 6207 
6756 7851 2043 3745 7853 
6757 7853 3745 3046 7852 
6758 6207 7853 7852 2553 
6759 1640 7854 7858 7857 
6760 7854 1948 7855 7858 
6761 7858 7855 1994 7856 
6762 7857 7858 7856 1803 
6763 1823 5948 7860 5578 
6764 5948 1927 7859 7860 
6765 7860 7859 2874 3751 
6766 5578 7860 3751 1926 
6767 1299 7134 7862 7861 
6768 7134 1306 7753 7862 
6769 7862 7753 2650 4003 
6770 7861 7862 4003 1310 
6771 2061 7863 7865 6274 
6772 7863 2069 3370 7865 
6773 7865 3370 2908 7864 
6774 6274 7865 7864 2059 
6775 1297 7866 7867 7058 
6776 7866 1298 6840 7867 
6777 7867 6840 2579 7730 
6778 7058 7867 7730 1295 
6779 645 644 7869 7746 
6780 644 643 7644 7869 
6781 7869 7644 2581 7868 
6782 7746 7869 7868 2580 
6783 1930 7870 7873 7872 
6784 7870 1929 7871 7873 
6785 7873 7871 2848 3643 
6786 7872 7873 3643 1970 
6787 2701 7874 7875 7599 
6788 7874 2753 7204 7875 
6789 7875 7204 1669 3866 
6790 7599 7875 3866 2106 
6791 2410 5126 7876 4071 
6792 5126 2408 4986 7876 
6793 7876 4986 2826 3557 
6794 4071 7876 3557 2411 
6795 2223 6051 7877 6781 
6796 6051 2227 7778 7877 
6797 7877 7778 2653 3785 
6798 6781 7877 3785 2541 
6799 1200 7878 7881 7842 
6800 7878 1198 7879 7881 
6801 7881 7879 1197 7880 
6802 7842 7881 7880 1199 
6803 2618 3319 7885 7884 
6804 3319 2348 7882 7885 
6805 7885 7882 3083 7883 
6806 7884 7885 7883 2278 
6807 1371 7886 7888 7887 
6808 7886 2711 6333 7888 
6809 7888 6333 2136 3789 
6810 7887 7888 3789 2810 
6811 2639 3105 7889 7169 
6812 3105 2686 6939 7889 
6813 7889 6939 406 407 
6814 7169 7889 407 408 
6815 1254 5146 7891 6312 
6816 5146 1257 7890 7891 
6817 7891 7890 2809 6032 
6818 6312 7891 6032 2501 
6819 1761 7892 7895 4337 
6820 7892 2778 7893 7895 
6821 7895 7893 3071 7894 
6822 4337 7895 7894 2016 
6823 1297 7057 7898 7897 
6824 7057 1299 7861 7898 
6825 7898 7861 1310 7896 
6826 7897 7898 7896 2646 
6827 1330 7074 7901 7900 
6828 7074 1332 7899 7901 
6829 7901 7899 3042 3961 
6830 7900 7901 3961 1331 
6831 2054 7902 7905 7904 
6832 7902 2167 4466 7905 
6833 7905 4466 1048 7903 
6834 7904 7905 7903 3034 
6835 2206 6638 7907 7906 
6836 6638 2204 6668 7907 
6837 7907 6668 2693 6188 
6838 7906 7907 6188 2207 
6839 1222 7812 7909 4342 
6840 7812 1221 7908 7909 
6841 7909 7908 1212 7840 
6842 4342 7909 7840 1213 
6843 1791 6716 7913 7912 
6844 6716 1921 7910 7913 
6845 7913 7910 2737 7911 
6846 7912 7913 7911 2687 
6847 1421 7914 7915 6795 
6848 7914 1429 6917 7915 
6849 7915 6917 2651 7667 
6850 6795 7915 7667 1419 
6851 2877 3894 7918 7917 
6852 3894 2831 7916 7918 
6853 7918 7916 209 210 
6854 7917 7918 210 211 
6855 321 322 7921 7920 
6856 322 323 7919 7921 
6857 7921 7919 2862 4485 
6858 7920 7921 4485 1121 
6859 1870 7922 7924 7628 
6860 7922 1871 7923 7924 
6861 7924 7923 2633 7788 
6862 7628 7924 7788 1660 
6863 2323 7925 7927 3467 
6864 7925 2782 7926 7927 
6865 7927 7926 1130 7040 
6866 3467 7927 7040 1570 
6867 1409 7055 7929 7928 
6868 7055 1410 7380 7929 
6869 7929 7380 1636 7581 
6870 7928 7929 7581 2648 
6871 1105 5457 7931 3404 
6872 5457 2021 7630 7931 
6873 7931 7630 1820 7930 
6874 3404 7931 7930 2813 
6875 1702 7932 7933 7263 
6876 7932 1901 3190 7933 
6877 7933 3190 2674 7490 
6878 7263 7933 7490 1780 
6879 2724 7934 7936 3673 
6880 7934 527 526 7936 
6881 7936 526 525 7935 
6882 3673 7936 7935 2844 
6883 1176 7306 7938 7341 
6884 7306 1174 7937 7938 
6885 7938 7937 2666 5774 
6886 7341 7938 5774 1178 
6887 1298 7866 7940 7414 
6888 7866 1297 7897 7940 
6889 7940 7897 2646 7939 
6890 7414 7940 7939 1300 
6891 2199 5591 7942 7037 
6892 5591 2201 6636 7942 
6893 7942 6636 2205 7941 
6894 7037 7942 7941 2678 
6895 1091 5995 7944 7943 
6896 5995 2522 3564 7944 
6897 7944 3564 2358 4621 
6898 7943 7944 4621 2786 
6899 1733 5945 7946 5713 
6900 5945 2504 3405 7946 
6901 7946 3405 2813 7945 
6902 5713 7946 7945 1818 
6903 2028 7458 7949 7948 
6904 7458 2027 7947 7949 
6905 7949 7947 1034 6579 
6906 7948 7949 6579 2026 
6907 1205 7481 7952 7184 
6908 7481 1207 7950 7952 
6909 7952 7950 2654 7951 
6910 7184 7952 7951 1206 
6911 3009 7953 7955 7782 
6912 7953 1967 7954 7955 
6913 7955 7954 1968 7251 
6914 7782 7955 7251 2964 
6915 2930 7956 7959 7958 
6916 7956 2063 6041 7959 
6917 7959 6041 2065 7957 
6918 7958 7959 7957 2933 
6919 2220 3999 7961 4369 
6920 3999 2239 3177 7961 
6921 7961 3177 2750 7960 
6922 4369 7961 7960 2224 
6923 1208 7185 7964 7963 
6924 7185 1206 7951 7964 
6925 7964 7951 2654 7962 
6926 7963 7964 7962 1209 
6927 1693 6649 7966 6212 
6928 6649 2566 7965 7966 
6929 7966 7965 2719 3255 
6930 6212 7966 3255 1969 
6931 2045 7551 7968 6736 
6932 7551 155 156 7968 
6933 7968 156 157 7967 
6934 6736 7968 7967 2889 
6935 1071 3832 7971 3451 
6936 3832 2194 7969 7971 
6937 7971 7969 2169 7970 
6938 3451 7971 7970 2962 
6939 1728 7972 7975 5680 
6940 7972 1960 7973 7975 
6941 7975 7973 2854 7974 
6942 5680 7975 7974 1726 
6943 24 7976 7977 712 
6944 7976 1030 7500 7977 
6945 7977 7500 2086 7454 
6946 712 7977 7454 713 
6947 297 4994 7980 296 
6948 4994 1118 7978 7980 
6949 7980 7978 2887 7979 
6950 296 7980 7979 295 
6951 2315 4781 7982 4493 
6952 4781 2316 7981 7982 
6953 7982 7981 2804 3471 
6954 4493 7982 3471 1056 
6955 2130 7983 7986 7985 
6956 7983 191 192 7986 
6957 7986 192 193 7984 
6958 7985 7986 7984 2897 
6959 1735 7802 7988 6542 
6960 7802 2672 7672 7988 
6961 7988 7672 1869 7987 
6962 6542 7988 7987 1933 
6963 1177 7307 7989 7771 
6964 7307 1176 7340 7989 
6965 7989 7340 1354 7498 
6966 7771 7989 7498 2655 
6967 2870 7990 7993 7625 
6968 7990 2098 7991 7993 
6969 7993 7991 2925 7992 
6970 7625 7993 7992 1608 
6971 1438 5616 7995 6298 
6972 5616 2473 7994 7995 
6973 7995 7994 3068 4416 
6974 6298 7995 4416 1437 
6975 1301 7320 7998 7997 
6976 7320 1304 7996 7998 
6977 7998 7996 2783 3109 
6978 7997 7998 3109 1402 
6979 1803 7999 8002 7857 
6980 7999 1722 8000 8002 
6981 8002 8000 1401 8001 
6982 7857 8002 8001 1640 
6983 1892 4350 8005 8004 
6984 4350 2661 7562 8005 
6985 8005 7562 1691 8003 
6986 8004 8005 8003 2746 
6987 2616 8006 8009 7215 
6988 8006 2664 8007 8009 
6989 8009 8007 2705 8008 
6990 7215 8009 8008 1882 
6991 1198 7878 8012 8011 
6992 7878 1200 8010 8012 
6993 8012 8010 1202 7585 
6994 8011 8012 7585 1201 
6995 1204 7182 8014 7099 
6996 7182 1208 8013 8014 
6997 8014 8013 2896 4401 
6998 7099 8014 4401 2540 
6999 1889 7399 8018 8017 
7000 7399 1890 8015 8018 
7001 8018 8015 2102 8016 
7002 8017 8018 8016 1888 
7003 2681 8019 8021 7337 
7004 8019 1153 8020 8021 
7005 8021 8020 2993 3604 
7006 7337 8021 3604 2397 
7007 1165 3911 8024 8023 
7008 3911 1644 8022 8024 
7009 8024 8022 2581 7643 
7010 8023 8024 7643 1052 
7011 1737 6492 8026 6843 
7012 6492 2022 3513 8026 
7013 8026 3513 2821 8025 
7014 6843 8026 8025 2536 
7015 2255 5122 8028 7703 
7016 5122 1538 8027 8028 
7017 8028 8027 2942 3328 
7018 7703 8028 3328 2612 
7019 1846 5424 8030 5290 
7020 5424 2472 3486 8030 
7021 8030 3486 2912 8029 
7022 5290 8030 8029 2391 
7023 2697 8031 8033 4086 
7024 8031 1606 6018 8033 
7025 8033 6018 1457 8032 
7026 4086 8033 8032 1029 
7027 1532 6640 8035 6874 
7028 6640 1791 7912 8035 
7029 8035 7912 2687 8034 
7030 6874 8035 8034 2605 
7031 1394 8036 8038 8037 
7032 8036 2231 6490 8038 
7033 8038 6490 2229 6074 
7034 8037 8038 6074 3002 
7035 1073 8039 8041 3925 
7036 8039 561 562 8041 
7037 8041 562 563 8040 
7038 3925 8041 8040 2005 
7039 2814 8042 8044 7707 
7040 8042 2288 5811 8044 
7041 8044 5811 2286 8043 
7042 7707 8044 8043 2812 
7043 2345 5400 8046 5254 
7044 5400 2344 8045 8046 
7045 8046 8045 3083 7882 
7046 5254 8046 7882 2348 
7047 2405 5904 8049 8048 
7048 5904 2403 5113 8049 
7049 8049 5113 3057 8047 
7050 8048 8049 8047 3018 
7051 2605 8034 8051 6867 
7052 8034 2687 8050 8051 
7053 8051 8050 1809 6942 
7054 6867 8051 6942 1659 
7055 2336 4339 8053 3918 
7056 4339 1213 7843 8053 
7057 8053 7843 1199 8052 
7058 3918 8053 8052 2635 
7059 203 204 8055 5455 
7060 204 205 8054 8055 
7061 8055 8054 2892 4345 
7062 5455 8055 4345 2466 
7063 1370 7689 8057 7174 
7064 7689 1369 8056 8057 
7065 8057 8056 2711 7886 
7066 7174 8057 7886 1371 
7067 1834 7030 8058 5086 
7068 7030 2362 7715 8058 
7069 8058 7715 2769 3449 
7070 5086 8058 3449 2361 
7071 2154 6883 8060 4563 
7072 6883 2729 8059 8060 
7073 8060 8059 1039 4362 
7074 4563 8060 4362 2153 
7075 1198 8061 8064 7879 
7076 8061 1195 8062 8064 
7077 8064 8062 1194 8063 
7078 7879 8064 8063 1197 
7079 1855 6983 8066 8065 
7080 6983 1854 7527 8066 
7081 8066 7527 2685 7602 
7082 8065 8066 7602 2303 
7083 1285 8067 8070 8069 
7084 8067 1287 7793 8070 
7085 8070 7793 1288 8068 
7086 8069 8070 8068 1286 
7087 1711 7141 8074 8073 
7088 7141 1655 8071 8074 
7089 8074 8071 1399 8072 
7090 8073 8074 8072 1634 
7091 1455 8075 8078 6410 
7092 8075 2112 8076 8078 
7093 8078 8076 3072 8077 
7094 6410 8078 8077 1949 
7095 2908 3369 8081 8080 
7096 3369 1362 8079 8081 
7097 8081 8079 2899 3444 
7098 8080 8081 3444 2314 
7099 2532 4469 8082 4168 
7100 4469 2385 3388 8082 
7101 8082 3388 2726 3658 
7102 4168 8082 3658 2533 
7103 1795 7765 8084 7432 
7104 7765 1603 8083 8084 
7105 8084 8083 1457 6017 
7106 7432 8084 6017 1683 
7107 2130 8085 8087 7983 
7108 8085 2828 8086 8087 
7109 8087 8086 189 190 
7110 7983 8087 190 191 
7111 507 506 8089 5780 
7112 506 505 8088 8089 
7113 8089 8088 2884 4157 
7114 5780 8089 4157 1083 
7115 2452 5487 8091 5725 
7116 5487 1107 8090 8091 
7117 8091 8090 2927 3270 
7118 5725 8091 3270 2453 
7119 2266 4223 8092 3408 
7120 4223 1214 7480 8092 
7121 8092 7480 1205 7447 
7122 3408 8092 7447 2667 
7123 2627 7315 8094 8093 
7124 7315 1339 4853 8094 
7125 8094 4853 1337 7545 
7126 8093 8094 7545 2700 
7127 1375 3791 8096 6921 
7128 3791 1445 4237 8096 
7129 8096 4237 3036 8095 
7130 6921 8096 8095 1377 
7131 1682 6953 8098 6350 
7132 6953 2609 8097 8098 
7133 8098 8097 2681 7336 
7134 6350 8098 7336 1862 
7135 2338 7282 8101 8100 
7136 7282 2922 3681 8101 
7137 8101 3681 1897 8099 
7138 8100 8101 8099 3035 
7139 2803 8102 8104 7270 
7140 8102 1877 7411 8104 
7141 8104 7411 1876 8103 
7142 7270 8104 8103 1033 
7143 561 8039 8106 560 
7144 8039 1073 3303 8106 
7145 8106 3303 2857 8105 
7146 560 8106 8105 559 
7147 2376 5168 8107 4819 
7148 5168 2329 6774 8107 
7149 8107 6774 2749 6989 
7150 4819 8107 6989 2377 
7151 1373 6646 8110 7172 
7152 6646 1374 8108 8110 
7153 8110 8108 2722 8109 
7154 7172 8110 8109 1372 
7155 167 168 8112 5298 
7156 168 169 8111 8112 
7157 8112 8111 2993 8020 
7158 5298 8112 8020 1153 
7159 1044 8113 8116 4313 
7160 8113 1122 8114 8116 
7161 8116 8114 2836 8115 
7162 4313 8116 8115 27 
7163 1406 7650 8120 8119 
7164 7650 1407 8117 8120 
7165 8120 8117 2692 8118 
7166 8119 8120 8118 1696 
7167 3058 5008 8124 8123 
7168 5008 2294 8121 8124 
7169 8124 8121 2842 8122 
7170 8123 8124 8122 2006 
7171 2496 7121 8128 8127 
7172 7121 1595 8125 8128 
7173 8128 8125 1594 8126 
7174 8127 8128 8126 1028 
7175 2149 4059 8131 3259 
7176 4059 2513 8129 8131 
7177 8131 8129 2910 8130 
7178 3259 8131 8130 1935 
7179 641 640 8134 7642 
7180 640 20 8132 8134 
7181 8134 8132 1164 8133 
7182 7642 8134 8133 1052 
7183 2265 4519 8135 4307 
7184 4519 2718 6440 8135 
7185 8135 6440 2047 6166 
7186 4307 8135 6166 2049 
7187 258 4565 8137 257 
7188 4565 1120 3839 8137 
7189 8137 3839 2968 8136 
7190 257 8137 8136 256 
7191 2567 8138 8139 7434 
7192 8138 2666 7937 8139 
7193 8139 7937 1174 7256 
7194 7434 8139 7256 1172 
7195 2147 6473 8142 3383 
7196 6473 2146 8140 8142 
7197 8142 8140 3039 8141 
7198 3383 8142 8141 2793 
7199 1424 7824 8144 6793 
7200 7824 2690 8143 8144 
7201 8144 8143 1429 7914 
7202 6793 8144 7914 1421 
7203 2212 4594 8147 3425 
7204 4594 2274 8145 8147 
7205 8147 8145 2800 8146 
7206 3425 8147 8146 2273 
7207 1913 8148 8150 4843 
7208 8148 2756 8149 8150 
7209 8150 8149 1144 5049 
7210 4843 8150 5049 2398 
7211 2729 4114 8151 8059 
7212 4114 2723 7235 8151 
7213 8151 7235 2280 5351 
7214 8059 8151 5351 1039 
7215 1445 3790 8153 4238 
7216 3790 2136 6332 8153 
7217 8153 6332 2944 8152 
7218 4238 8153 8152 2135 
7219 1144 8154 8155 5050 
7220 8154 2706 6068 8155 
7221 8155 6068 478 479 
7222 5050 8155 479 480 
7223 1379 7837 8156 3211 
7224 7837 1376 6923 8156 
7225 8156 6923 1378 7486 
7226 3211 8156 7486 2709 
7227 2637 5295 8158 6757 
7228 5295 2293 4198 8158 
7229 8158 4198 2771 8157 
7230 6757 8158 8157 1824 
7231 2097 3731 8161 8160 
7232 3731 2988 8159 8161 
7233 8161 8159 412 413 
7234 8160 8161 413 414 
7235 2579 6839 8165 8164 
7236 6839 2559 8162 8165 
7237 8165 8162 2888 8163 
7238 8164 8165 8163 2558 
7239 1307 7322 8168 8167 
7240 7322 1303 8166 8168 
7241 8168 8166 2823 3935 
7242 8167 8168 3935 1311 
7243 1288 7792 8171 8170 
7244 7792 1290 8169 8171 
7245 8171 8169 1292 7796 
7246 8170 8171 7796 1291 
7247 2328 3980 8174 6773 
7248 3980 2331 8172 8174 
7249 8174 8172 2794 8173 
7250 6773 8174 8173 2330 
7251 2928 8175 8177 8176 
7252 8175 2448 6173 8177 
7253 8177 6173 1782 7303 
7254 8176 8177 7303 2929 
7255 2919 8178 8181 3945 
7256 8178 1672 8179 8181 
7257 8181 8179 3033 8180 
7258 3945 8181 8180 2186 
7259 1165 8182 8184 3912 
7260 8182 1166 8183 8184 
7261 8184 8183 1168 7622 
7262 3912 8184 7622 1167 
7263 699 698 8186 5685 
7264 698 697 8185 8186 
7265 8186 8185 2960 3995 
7266 5685 8186 3995 1104 
7267 1232 8187 8190 7848 
7268 8187 2948 8188 8190 
7269 8190 8188 2071 8189 
7270 7848 8190 8189 2763 
7271 2682 3431 8191 7773 
7272 3431 2716 7474 8191 
7273 8191 7474 661 660 
7274 7773 8191 660 659 
7275 1281 6870 8193 7020 
7276 6870 1315 8192 8193 
7277 8193 8192 2847 3753 
7278 7020 8193 3753 1391 
7279 1412 7472 8196 7379 
7280 7472 2642 8194 8196 
7281 8196 8194 2710 8195 
7282 7379 8196 8195 1799 
7283 517 8197 8199 518 
7284 8197 1078 7290 8199 
7285 8199 7290 2943 8198 
7286 518 8199 8198 519 
7287 1816 7228 8203 8202 
7288 7228 1923 8200 8203 
7289 8203 8200 2998 8201 
7290 8202 8203 8201 2728 
7291 486 487 8206 8205 
7292 487 13 251 8206 
7293 8206 251 252 8204 
7294 8205 8206 8204 2973 
7295 93 8207 8209 92 
7296 8207 2974 8208 8209 
7297 8209 8208 288 289 
7298 92 8209 289 11 
7299 1666 4641 8210 6603 
7300 4641 2420 6915 8210 
7301 8210 6915 2707 6575 
7302 6603 8210 6575 1796 
7303 1580 5902 8212 5997 
7304 5902 1581 8211 8212 
7305 8212 8211 2713 7425 
7306 5997 8212 7425 1578 
7307 1310 4002 8214 7896 
7308 4002 2373 3932 8214 
7309 8214 3932 2823 8213 
7310 7896 8214 8213 2646 
7311 249 250 8216 8215 
7312 250 12 290 8216 
7313 8216 290 291 5532 
7314 8215 8216 5532 2976 
7315 761 760 8219 6612 
7316 760 759 8217 8219 
7317 8219 8217 2851 8218 
7318 6612 8219 8218 1739 
7319 2636 8220 8221 4091 
7320 8220 1881 7430 8221 
7321 8221 7430 1882 8008 
7322 4091 8221 8008 2705 
7323 327 328 8224 8223 
7324 328 14 329 8224 
7325 8224 329 330 8222 
7326 8223 8224 8222 2977 
7327 1920 8225 8229 8228 
7328 8225 1918 8226 8229 
7329 8229 8226 1731 8227 
7330 8228 8229 8227 1624 
7331 1062 4525 8232 8231 
7332 4525 2101 7067 8232 
7333 8232 7067 1808 8230 
7334 8231 8232 8230 2790 
7335 1440 6200 8235 6344 
7336 6200 1439 8233 8235 
7337 8235 8233 2876 8234 
7338 6344 8235 8234 2521 
7339 1378 8236 8238 7487 
7340 8236 1380 8237 8238 
7341 8238 8237 2855 3421 
7342 7487 8238 3421 1382 
7343 2303 5301 8240 8065 
7344 5301 2510 3089 8240 
7345 8240 3089 2865 8239 
7346 8065 8240 8239 1855 
7347 2076 3111 8242 7147 
7348 3111 2144 4417 8242 
7349 8242 4417 3068 8241 
7350 7147 8242 8241 2143 
7351 1643 8243 8247 8246 
7352 8243 2740 8244 8247 
7353 8247 8244 1837 8245 
7354 8246 8247 8245 2710 
7355 1467 5661 8249 5819 
7356 5661 1466 8248 8249 
7357 8249 8248 2941 3393 
7358 5819 8249 3393 2481 
7359 2464 6674 8251 5347 
7360 6674 2671 8250 8251 
7361 8251 8250 3032 4354 
7362 5347 8251 4354 2465 
7363 2425 8252 8254 5652 
7364 8252 2426 5058 8254 
7365 8254 5058 3047 8253 
7366 5652 8254 8253 2427 
7367 1367 4570 8255 7688 
7368 4570 1706 6330 8255 
7369 8255 6330 2711 8056 
7370 7688 8255 8056 1369 
7371 1990 7805 8259 8258 
7372 7805 1845 8256 8259 
7373 8259 8256 1843 8257 
7374 8258 8259 8257 1844 
7375 1407 6401 8261 8117 
7376 6401 1409 7928 8261 
7377 8261 7928 2648 8260 
7378 8117 8261 8260 2692 
7379 1732 8262 8264 7535 
7380 8262 1590 8263 8264 
7381 8264 8263 1624 8227 
7382 7535 8264 8227 1731 
7383 603 5784 8266 604 
7384 5784 1082 4027 8266 
7385 8266 4027 2972 8265 
7386 604 8266 8265 605 
7387 2274 4596 8270 8269 
7388 4596 2275 8267 8270 
7389 8270 8267 3074 8268 
7390 8269 8270 8268 2276 
7391 3048 8271 8274 8273 
7392 8271 2652 7223 8274 
7393 8274 7223 1864 8272 
7394 8273 8274 8272 2775 
7395 2728 8275 8278 8277 
7396 8275 1575 7349 8278 
7397 8278 7349 1355 8276 
7398 8277 8278 8276 2846 
7399 2263 3629 8280 4614 
7400 3629 1287 8067 8280 
7401 8280 8067 1285 8279 
7402 4614 8280 8279 2731 
7403 2488 8281 8283 4867 
7404 8281 2845 8282 8283 
7405 8283 8282 2422 5417 
7406 4867 8283 5417 2423 
7407 1643 8246 8284 7351 
7408 8246 2710 8194 8284 
7409 8284 8194 2642 7717 
7410 7351 8284 7717 1591 
7411 2169 7969 8286 5333 
7412 7969 2194 8285 8286 
7413 8286 8285 2857 3302 
7414 5333 8286 3302 2004 
7415 527 7934 8288 528 
7416 7934 2724 4097 8288 
7417 8288 4097 1110 8287 
7418 528 8288 8287 529 
7419 1220 6686 8290 7131 
7420 6686 1235 6597 8290 
7421 8290 6597 2732 8289 
7422 7131 8290 8289 1219 
7423 1314 8291 8293 6694 
7424 8291 1672 8178 8293 
7425 8293 8178 2919 8292 
7426 6694 8293 8292 1316 
7427 1848 8294 8297 8296 
7428 8294 1594 8125 8297 
7429 8297 8125 1595 8295 
7430 8296 8297 8295 1849 
7431 2252 4513 8299 4625 
7432 4513 2254 4233 8299 
7433 8299 4233 2898 8298 
7434 4625 8299 8298 1054 
7435 1675 6309 8301 7589 
7436 6309 1676 8300 8301 
7437 8301 8300 2882 3183 
7438 7589 8301 3183 1789 
7439 2362 7029 8303 7713 
7440 7029 3049 8302 8303 
7441 8303 8302 549 550 
7442 7713 8303 550 551 
7443 2244 8304 8306 6136 
7444 8304 2817 8305 8306 
7445 8306 8305 2906 3533 
7446 6136 8306 3533 2245 
7447 2343 8307 8310 6673 
7448 8307 3011 8308 8310 
7449 8310 8308 1651 8309 
7450 6673 8310 8309 2671 
7451 1604 6374 8312 3814 
7452 6374 2137 3625 8312 
7453 8312 3625 2822 8311 
7454 3814 8312 8311 2104 
7455 653 652 8314 5054 
7456 652 651 6532 8314 
7457 8314 6532 2811 8313 
7458 5054 8314 8313 1162 
7459 493 492 8318 8317 
7460 492 491 8315 8318 
7461 8318 8315 2586 8316 
7462 8317 8318 8316 2982 
7463 1842 4746 8319 5270 
7464 4746 2536 8025 8319 
7465 8319 8025 2821 6907 
7466 5270 8319 6907 1866 
7467 2326 7038 8322 4993 
7468 7038 2678 8320 8322 
7469 8322 8320 2981 8321 
7470 4993 8322 8321 1118 
7471 1900 8323 8325 8324 
7472 8323 1813 5484 8325 
7473 8325 5484 2075 4025 
7474 8324 8325 4025 2730 
7475 1267 5206 8329 8328 
7476 5206 1269 8326 8329 
7477 8329 8326 2979 8327 
7478 8328 8329 8327 2734 
7479 1800 7361 8333 8332 
7480 7361 2611 8330 8333 
7481 8333 8330 3015 8331 
7482 8332 8333 8331 2756 
7483 1026 7557 8335 8334 
7484 7557 2920 3144 8335 
7485 8335 3144 2016 7894 
7486 8334 8335 7894 3071 
7487 2416 3233 8338 8337 
7488 3233 1589 6098 8338 
7489 8338 6098 1588 8336 
7490 8337 8338 8336 3053 
7491 2846 4509 8339 8277 
7492 4509 1922 6714 8339 
7493 8339 6714 1816 8202 
7494 8277 8339 8202 2728 
7495 2317 6348 8341 4783 
7496 6348 2319 4036 8341 
7497 8341 4036 2735 8340 
7498 4783 8341 8340 2318 
7499 1584 8342 8344 5827 
7500 8342 1633 4355 8344 
7501 8344 4355 3032 8343 
7502 5827 8344 8343 1583 
7503 1139 4629 8347 5466 
7504 4629 2214 8345 8347 
7505 8347 8345 2914 8346 
7506 5466 8347 8346 2256 
7507 2277 6483 8350 8349 
7508 6483 2279 4700 8350 
7509 8350 4700 2272 8348 
7510 8349 8350 8348 2800 
7511 1576 7427 8353 8352 
7512 7427 1577 3247 8353 
7513 8353 3247 2986 8351 
7514 8352 8353 8351 1388 
7515 1963 3459 8354 7739 
7516 3459 2719 7965 8354 
7517 8354 7965 2566 6804 
7518 7739 8354 6804 1835 
7519 1986 8355 8358 8357 
7520 8355 2736 8356 8358 
7521 8358 8356 2669 3154 
7522 8357 8358 3154 2557 
7523 1052 8133 8360 8023 
7524 8133 1164 8359 8360 
7525 8360 8359 1166 8182 
7526 8023 8360 8182 1165 
7527 1718 8361 8363 5899 
7528 8361 1874 7656 8363 
7529 8363 7656 2980 8362 
7530 5899 8363 8362 1872 
7531 2592 7091 8364 7398 
7532 7091 2659 3350 8364 
7533 8364 3350 2102 8015 
7534 7398 8364 8015 1890 
7535 2350 3772 8367 4377 
7536 3772 1886 8365 8367 
7537 8367 8365 1888 8366 
7538 4377 8367 8366 2695 
7539 1886 4284 8369 8365 
7540 4284 1887 8368 8369 
7541 8369 8368 1889 8017 
7542 8365 8369 8017 1888 
7543 1234 8370 8372 4673 
7544 8370 3004 8371 8372 
7545 8372 8371 1915 5354 
7546 4673 8372 5354 1996 
7547 2284 4763 8376 8375 
7548 4763 2285 8373 8376 
7549 8376 8373 2733 8374 
7550 8375 8376 8374 2774 
7551 2808 7443 8379 3821 
7552 7443 1942 8377 8379 
7553 8379 8377 3017 8378 
7554 3821 8379 8378 2491 
7555 2064 6257 8383 8382 
7556 6257 2062 8380 8383 
7557 8383 8380 2904 8381 
7558 8382 8383 8381 2070 
7559 2521 8234 8384 3559 
7560 8234 2876 6511 8384 
7561 8384 6511 2311 4072 
7562 3559 8384 4072 2411 
7563 1830 7345 8386 8385 
7564 7345 1799 8195 8386 
7565 8386 8195 2710 8245 
7566 8385 8386 8245 1837 
7567 2259 4427 8389 4290 
7568 4427 2260 8387 8389 
7569 8389 8387 2981 8388 
7570 4290 8389 8388 2209 
7571 1132 7734 8392 6912 
7572 7734 1710 8390 8392 
7573 8392 8390 2928 8391 
7574 6912 8392 8391 1359 
7575 1177 7770 8394 6548 
7576 7770 1358 4520 8394 
7577 8394 4520 2779 8393 
7578 6548 8394 8393 1180 
7579 378 4982 8397 377 
7580 4982 1095 8395 8397 
7581 8397 8395 2861 8396 
7582 377 8397 8396 376 
7583 2816 8398 8400 8399 
7584 8398 1095 4984 8400 
7585 8400 4984 2370 6748 
7586 8399 8400 6748 2819 
7587 1228 7828 8403 6183 
7588 7828 1283 8401 8403 
7589 8403 8401 2948 8402 
7590 6183 8403 8402 1230 
7591 1127 6761 8406 6847 
7592 6761 2658 8404 8406 
7593 8406 8404 2931 8405 
7594 6847 8406 8405 1627 
7595 1911 8407 8408 6852 
7596 8407 2912 3485 8408 
7597 8408 3485 1084 5752 
7598 6852 8408 5752 2492 
7599 1032 8409 8410 5329 
7600 8409 2273 8146 8410 
7601 8410 8146 2800 8348 
7602 5329 8410 8348 2272 
7603 2125 4476 8411 4110 
7604 4476 2126 3496 8411 
7605 8411 3496 2767 5282 
7606 4110 8411 5282 1664 
7607 3078 8412 8414 8413 
7608 8412 2537 5969 8414 
7609 8414 5969 1663 3600 
7610 8413 8414 3600 2798 
7611 1478 4165 8416 4637 
7612 4165 2533 3657 8416 
7613 8416 3657 3023 8415 
7614 4637 8416 8415 2680 
7615 1266 4088 8417 5204 
7616 4088 2705 8007 8417 
7617 8417 8007 2664 7407 
7618 5204 8417 7407 1268 
7619 1436 7846 8420 8419 
7620 7846 1435 8418 8420 
7621 8420 8418 2949 4020 
7622 8419 8420 4020 2535 
7623 1829 5163 8422 6760 
7624 5163 2148 8421 8422 
7625 8422 8421 2931 8404 
7626 6760 8422 8404 2658 
7627 2596 4546 8424 3119 
7628 4546 2702 8423 8424 
7629 8424 8423 1895 7767 
7630 3119 8424 7767 1896 
7631 1626 5771 8425 3547 
7632 5771 2666 8138 8425 
7633 8425 8138 2567 7299 
7634 3547 8425 7299 2720 
7635 1695 3770 8428 8427 
7636 3770 1042 8426 8428 
7637 8428 8426 1593 7469 
7638 8427 8428 7469 1694 
7639 1219 8289 8430 6056 
7640 8289 2732 8429 8430 
7641 8430 8429 3004 8370 
7642 6056 8430 8370 1234 
7643 1826 5667 8432 5921 
7644 5667 1827 7700 8432 
7645 8432 7700 2873 8431 
7646 5921 8432 8431 1825 
7647 1729 6605 8434 4127 
7648 6605 1762 8433 8434 
7649 8434 8433 2778 7892 
7650 4127 8434 7892 1761 
7651 1111 3458 8435 6940 
7652 3458 2744 7043 8435 
7653 8435 7043 402 403 
7654 6940 8435 403 404 
7655 2205 6635 8438 8437 
7656 6635 2206 8436 8438 
7657 8438 8436 2999 4291 
7658 8437 8438 4291 2209 
7659 1541 5838 8440 4716 
7660 5838 2703 4216 8440 
7661 8440 4216 2942 8439 
7662 4716 8440 8439 2183 
7663 2448 8175 8441 7045 
7664 8175 2928 8390 8441 
7665 8441 8390 1710 3623 
7666 7045 8441 3623 2641 
7667 709 708 8443 7727 
7668 708 707 4316 8443 
7669 8443 4316 1066 8442 
7670 7727 8443 8442 2776 
7671 1312 7516 8445 3401 
7672 7516 1292 8169 8445 
7673 8445 8169 1290 8444 
7674 3401 8445 8444 2684 
7675 2457 8446 8447 5809 
7676 8446 2747 3676 8447 
7677 8447 3676 2450 5468 
7678 5809 8447 5468 1106 
7679 2470 4406 8449 5309 
7680 4406 1629 6677 8449 
7681 8449 6677 2601 8448 
7682 5309 8449 8448 2768 
7683 3069 8450 8452 5069 
7684 8450 2234 4370 8452 
7685 8452 4370 2224 8451 
7686 5069 8452 8451 2764 
7687 515 3743 8453 516 
7688 3743 2806 5220 8453 
7689 8453 5220 1078 8197 
7690 516 8453 8197 517 
7691 1326 7612 8455 3277 
7692 7612 1202 8010 8455 
7693 8455 8010 1200 8454 
7694 3277 8455 8454 2679 
7695 1976 8456 8458 5325 
7696 8456 2085 6457 8458 
7697 8458 6457 2860 8457 
7698 5325 8458 8457 1978 
7699 1696 8459 8461 8119 
7700 8459 2688 7163 8461 
7701 8461 7163 1434 8460 
7702 8119 8461 8460 1406 
7703 1108 8462 8463 6423 
7704 8462 2831 3896 8463 
7705 8463 3896 2237 5851 
7706 6423 8463 5851 2236 
7707 260 4860 8465 4566 
7708 4860 2195 8464 8465 
7709 8465 8464 2932 3668 
7710 4566 8465 3668 2196 
7711 1080 5798 8467 8466 
7712 5798 597 596 8467 
7713 8467 596 595 7575 
7714 8466 8467 7575 2751 
7715 2933 8468 8470 7958 
7716 8468 1283 7827 8470 
7717 8470 7827 2677 8469 
7718 7958 8470 8469 2930 
7719 2215 3908 8472 5860 
7720 3908 2216 8471 8472 
7721 8472 8471 2833 6243 
7722 5860 8472 6243 2202 
7723 1990 8473 8475 8474 
7724 8473 2778 8433 8475 
7725 8475 8433 1762 5020 
7726 8474 8475 5020 3073 
7727 2093 8476 8479 8478 
7728 8476 2754 8477 8479 
7729 8479 8477 2349 5506 
7730 8478 8479 5506 1858 
7731 1056 3473 8481 4494 
7732 3473 2745 8480 8481 
7733 8481 8480 428 429 
7734 4494 8481 429 430 
7735 2869 8482 8484 8483 
7736 8482 2755 6901 8484 
7737 8484 6901 2615 6019 
7738 8483 8484 6019 1606 
7739 1188 8485 8487 6671 
7740 8485 1362 3372 8487 
7741 8487 3372 2939 8486 
7742 6671 8487 8486 1190 
7743 2949 8488 8491 4021 
7744 8488 2590 8489 8491 
7745 8491 8489 2991 8490 
7746 4021 8491 8490 2307 
7747 2930 8469 8494 8493 
7748 8469 2677 8492 8494 
7749 8494 8492 2939 3371 
7750 8493 8494 3371 2069 
7751 1685 6317 8495 6225 
7752 6317 1692 7506 8495 
7753 8495 7506 2746 8003 
7754 6225 8495 8003 1691 
7755 2687 7911 8496 8050 
7756 7911 2737 3635 8496 
7757 8496 3635 2040 6970 
7758 8050 8496 6970 1809 
7759 2431 8497 8498 7093 
7760 8497 3047 5057 8498 
7761 8498 5057 2486 5787 
7762 7093 8498 5787 1079 
7763 2760 8499 8501 8500 
7764 8499 2766 6387 8501 
7765 8501 6387 1401 8000 
7766 8500 8501 8000 1722 
7767 1607 3121 8503 6661 
7768 3121 2864 8502 8503 
7769 8503 8502 1881 8220 
7770 6661 8503 8220 2636 
7771 545 7678 8505 544 
7772 7678 2752 3889 8505 
7773 8505 3889 1101 8504 
7774 544 8505 8504 543 
7775 2476 8506 8507 4156 
7776 8506 2938 3716 8507 
7777 8507 3716 2489 5781 
7778 4156 8507 5781 1083 
7779 1982 6116 8509 6849 
7780 6116 1980 8508 8509 
7781 8509 8508 2860 3653 
7782 6849 8509 3653 1984 
7783 1575 8275 8511 8510 
7784 8275 2728 8201 8511 
7785 8511 8201 2998 3236 
7786 8510 8511 3236 1736 
7787 264 265 8514 8513 
7788 265 266 4076 8514 
7789 8514 4076 2883 8512 
7790 8513 8514 8512 2871 
7791 2257 4292 8517 4631 
7792 4292 2999 8515 8517 
7793 8517 8515 2208 8516 
7794 4631 8517 8516 2214 
7795 1184 8518 8520 7089 
7796 8518 1361 3445 8520 
7797 8520 3445 2899 8519 
7798 7089 8520 8519 1186 
7799 609 5753 8521 610 
7800 5753 1084 3484 8521 
7801 8521 3484 2759 7573 
7802 610 8521 7573 611 
7803 2440 6208 8524 4895 
7804 6208 2553 8522 8524 
7805 8524 8522 2936 8523 
7806 4895 8524 8523 2443 
7807 529 8287 8526 530 
7808 8287 1110 8525 8526 
7809 8526 8525 2907 3529 
7810 530 8526 3529 531 
7811 1912 7761 8528 8527 
7812 7761 1800 8332 8528 
7813 8528 8332 2756 8148 
7814 8527 8528 8148 1913 
7815 374 8529 8531 373 
7816 8529 2773 8530 8531 
7817 8531 8530 1142 4646 
7818 373 8531 4646 372 
7819 1370 7694 8534 7690 
7820 7694 2600 8532 8534 
7821 8534 8532 2827 8533 
7822 7690 8534 8533 1368 
7823 1124 8535 8536 7238 
7824 8535 1122 8113 8536 
7825 8536 8113 1044 7600 
7826 7238 8536 7600 1123 
7827 1114 5188 8540 8539 
7828 5188 2387 8537 8540 
7829 8540 8537 3055 8538 
7830 8539 8540 8538 2725 
7831 2284 8541 8543 5776 
7832 8541 2795 8542 8543 
7833 8543 8542 2812 8043 
7834 5776 8543 8043 2286 
7835 2498 7449 8545 7719 
7836 7449 2727 8544 8545 
7837 8545 8544 1801 7123 
7838 7719 8545 7123 1810 
7839 2738 8546 8549 8548 
7840 8546 1166 8359 8549 
7841 8549 8359 1164 8547 
7842 8548 8549 8547 1853 
7843 2606 6466 8552 5244 
7844 6466 1404 8550 8552 
7845 8552 8550 2834 8551 
7846 5244 8552 8551 2191 
7847 2208 5720 8553 8516 
7848 5720 2211 3427 8553 
7849 8553 3427 2914 8345 
7850 8516 8553 8345 2214 
7851 2565 8554 8556 6721 
7852 8554 2733 8555 8556 
7853 8556 8555 2640 7157 
7854 6721 8556 7157 1405 
7855 151 152 8557 4857 
7856 152 153 7550 8557 
7857 8557 7550 2780 6860 
7858 4857 8557 6860 1147 
7859 2318 8558 8560 4780 
7860 8558 2736 8559 8560 
7861 8560 8559 2804 7981 
7862 4780 8560 7981 2316 
7863 1695 8427 8564 8563 
7864 8427 1694 8561 8564 
7865 8564 8561 3072 8562 
7866 8563 8564 8562 1884 
7867 1909 7232 8565 7468 
7868 7232 1949 8077 8565 
7869 8565 8077 3072 8561 
7870 7468 8565 8561 1694 
7871 1803 8566 8568 7999 
7872 8566 1935 8130 8568 
7873 8568 8130 2910 8567 
7874 7999 8568 8567 1722 
7875 2230 6487 8572 8571 
7876 6487 2231 8569 8572 
7877 8572 8569 2739 8570 
7878 8571 8572 8570 3018 
7879 2159 4044 8574 3763 
7880 4044 3008 8573 8574 
7881 8574 8573 1622 6997 
7882 3763 8574 6997 1670 
7883 2037 8575 8577 8576 
7884 8575 2796 7502 8577 
7885 8577 7502 1590 8262 
7886 8576 8577 8262 1732 
7887 1198 8011 8580 8061 
7888 8011 1201 8578 8580 
7889 8580 8578 1936 8579 
7890 8061 8580 8579 1195 
7891 1804 6884 8581 6428 
7892 6884 2761 7304 8581 
7893 8581 7304 1782 6172 
7894 6428 8581 6172 1671 
7895 3072 8076 8584 8562 
7896 8076 2112 8582 8584 
7897 8584 8582 3067 8583 
7898 8562 8584 8583 1884 
7899 1810 7122 8586 7720 
7900 7122 2496 8585 8586 
7901 8586 8585 2835 3284 
7902 7720 8586 3284 2497 
7903 2181 7494 8588 4315 
7904 7494 2182 4396 8588 
7905 8588 4396 2878 8587 
7906 4315 8588 8587 1066 
7907 3046 8589 8591 7852 
7908 8589 1081 8590 8591 
7909 8591 8590 2936 8522 
7910 7852 8591 8522 2553 
7911 753 752 8593 4311 
7912 752 751 8592 8593 
7913 8593 8592 2753 7874 
7914 4311 8593 7874 2701 
7915 1642 8594 8596 3662 
7916 8594 1399 8071 8596 
7917 8596 8071 1655 8595 
7918 3662 8596 8595 2152 
7919 2083 4687 8599 7496 
7920 4687 1646 8597 8599 
7921 8599 8597 2827 8598 
7922 7496 8599 8598 2084 
7923 1641 5932 8601 5209 
7924 5932 2656 8600 8601 
7925 8601 8600 2910 8129 
7926 5209 8601 8129 2513 
7927 1785 7158 8603 6430 
7928 7158 2640 8602 8603 
7929 8603 8602 2742 7518 
7930 6430 8603 7518 1805 
7931 2247 6238 8605 4372 
7932 6238 2248 8604 8605 
7933 8605 8604 2817 8304 
7934 4372 8605 8304 2244 
7935 1404 7592 8606 8550 
7936 7592 2644 5517 8606 
7937 8606 5517 2176 7647 
7938 8550 8606 7647 2834 
7939 1042 5369 8609 8426 
7940 5369 22 8607 8609 
7941 8609 8607 2818 8608 
7942 8426 8609 8608 1593 
7943 1321 5580 8612 8611 
7944 5580 1319 7849 8612 
7945 8612 7849 2763 8610 
7946 8611 8612 8610 1324 
7947 1166 8546 8614 8183 
7948 8546 2738 8613 8614 
7949 8614 8613 1702 7355 
7950 8183 8614 7355 1168 
7951 1937 7631 8617 8616 
7952 7631 2668 7608 8617 
7953 8617 7608 1102 8615 
7954 8616 8617 8615 2947 
7955 2026 8618 8620 7948 
7956 8618 2558 8163 8620 
7957 8620 8163 2888 8619 
7958 7948 8620 8619 2028 
7959 2679 8621 8623 3274 
7960 8621 2989 8622 8623 
7961 8623 8622 1395 7620 
7962 3274 8623 7620 2509 
7963 2766 8499 8624 3804 
7964 8499 2760 3712 8624 
7965 8624 3712 2013 7241 
7966 3804 8624 7241 2011 
7967 2038 3800 8627 6398 
7968 3800 1149 8625 8627 
7969 8627 8625 2828 8626 
7970 6398 8627 8626 2128 
7971 2787 8628 8631 4183 
7972 8628 1086 8629 8631 
7973 8631 8629 2982 8630 
7974 4183 8631 8630 2145 
7975 2968 3842 8635 8634 
7976 3842 2107 8632 8635 
7977 8635 8632 3028 8633 
7978 8634 8635 8633 1742 
7979 555 3833 8636 554 
7980 3833 1071 3450 8636 
7981 8636 3450 2769 7714 
7982 554 8636 7714 553 
7983 2419 8637 8638 3606 
7984 8637 2775 8272 8638 
7985 8638 8272 1864 6338 
7986 3606 8638 6338 1863 
7987 1382 3420 8639 7488 
7988 3420 2784 7597 8639 
7989 8639 7597 2210 6189 
7990 7488 8639 6189 2213 
7991 2225 4200 8642 8641 
7992 4200 2234 8450 8642 
7993 8642 8450 3069 8640 
7994 8641 8642 8640 2850 
7995 1936 8643 8645 8579 
7996 8643 1193 8644 8645 
7997 8645 8644 1194 8062 
7998 8579 8645 8062 1195 
7999 1314 6877 8648 8291 
8000 6877 2438 8646 8648 
8001 8648 8646 2815 8647 
8002 8291 8648 8647 1672 
8003 2588 8649 8651 6591 
8004 8649 2699 6753 8651 
8005 8651 6753 3020 8650 
8006 6591 8651 8650 1945 
8007 2599 7670 8653 7382 
8008 7670 2721 4288 8653 
8009 8653 4288 2997 8652 
8010 7382 8653 8652 1226 
8011 1199 7880 8655 8052 
8012 7880 1197 8654 8655 
8013 8655 8654 2715 3919 
8014 8052 8655 3919 2635 
8015 613 7572 8656 614 
8016 7572 2785 3617 8656 
8017 8656 3617 1087 5688 
8018 614 8656 5688 615 
8019 1880 3226 8657 7278 
8020 3226 1875 3757 8657 
8021 8657 3757 1033 8103 
8022 7278 8657 8103 1876 
8023 2179 6392 8660 6514 
8024 6392 1951 8658 8660 
8025 8660 8658 3087 8659 
8026 6514 8660 8659 2714 
8027 1321 8611 8662 7391 
8028 8611 1324 6968 8662 
8029 8662 6968 2801 8661 
8030 7391 8662 8661 2657 
8031 1832 7385 8666 8665 
8032 7385 2660 8663 8666 
8033 8666 8663 3061 8664 
8034 8665 8666 8664 2725 
8035 1948 8667 8670 8669 
8036 8667 2907 8525 8670 
8037 8670 8525 1110 8668 
8038 8669 8670 8668 2843 
8039 1887 4283 8673 8672 
8040 4283 1885 8671 8673 
8041 8673 8671 2925 7991 
8042 8672 8673 7991 2098 
8043 1878 7412 8676 7387 
8044 7412 1877 8674 8676 
8045 8676 8674 3017 8675 
8046 7387 8676 8675 1879 
8047 2366 5316 8677 5109 
8048 5316 1091 7943 8677 
8049 8677 7943 2786 3685 
8050 5109 8677 3685 2375 
8051 1131 7006 8678 6911 
8052 7006 1130 7926 8678 
8053 8678 7926 2782 7735 
8054 6911 8678 7735 1132 
8055 1871 7922 8680 7333 
8056 7922 1870 8679 8680 
8057 8680 8679 2957 3361 
8058 7333 8680 3361 1919 
8059 3078 8413 8682 8681 
8060 8413 2798 7653 8682 
8061 8682 7653 2413 5136 
8062 8681 8682 5136 2415 
8063 187 188 8684 8683 
8064 188 189 8086 8684 
8065 8684 8086 2828 8625 
8066 8683 8684 8625 1149 
8067 1488 6657 8685 6742 
8068 6657 1787 4231 8685 
8069 8685 4231 2768 8448 
8070 6742 8685 8448 2601 
8071 2419 5274 8687 8637 
8072 5274 1115 8686 8687 
8073 8687 8686 3048 8273 
8074 8637 8687 8273 2775 
8075 1363 4351 8691 8690 
8076 4351 1892 8688 8691 
8077 8691 8688 2797 8689 
8078 8690 8691 8689 1317 
8079 3001 8692 8695 8694 
8080 8692 1843 8256 8695 
8081 8695 8256 1845 8693 
8082 8694 8695 8693 2940 
8083 2284 8375 8698 8541 
8084 8375 2774 8696 8698 
8085 8698 8696 1602 8697 
8086 8541 8698 8697 2795 
8087 2733 8554 8699 8374 
8088 8554 2565 6724 8699 
8089 8699 6724 1602 8696 
8090 8374 8699 8696 2774 
8091 1500 6445 8701 5931 
8092 6445 1615 7512 8701 
8093 8701 7512 3076 8700 
8094 5931 8701 8700 2168 
8095 1392 8702 8704 7365 
8096 8702 1394 8037 8704 
8097 8704 8037 3002 8703 
8098 7365 8704 8703 1224 
8099 1307 8705 8706 7319 
8100 8705 1435 7845 8706 
8101 8706 7845 2783 7996 
8102 7319 8706 7996 1304 
8103 2527 8707 8710 8709 
8104 8707 2528 3385 8710 
8105 8710 3385 3007 8708 
8106 8709 8710 8708 2958 
8107 2171 4683 8712 4523 
8108 4683 2172 8711 8712 
8109 8712 8711 2858 7648 
8110 4523 8712 7648 2173 
8111 2735 3306 8713 8340 
8112 3306 2669 8356 8713 
8113 8713 8356 2736 8558 
8114 8340 8713 8558 2318 
8115 617 5687 8715 618 
8116 5687 2491 8714 8715 
8117 8715 8714 2803 7269 
8118 618 8715 7269 619 
8119 2285 5710 8716 8373 
8120 5710 2742 8602 8716 
8121 8716 8602 2640 8555 
8122 8373 8716 8555 2733 
8123 1054 8298 8718 5099 
8124 8298 2898 8717 8718 
8125 8718 8717 2595 7784 
8126 5099 8718 7784 2295 
8127 1381 8719 8722 8721 
8128 8719 1380 8720 8722 
8129 8722 8720 3036 6105 
8130 8721 8722 6105 2698 
8131 1406 8460 8724 7651 
8132 8460 1434 6464 8724 
8133 8724 6464 2879 8723 
8134 7651 8724 8723 1308 
8135 1575 8510 8726 7295 
8136 8510 1736 4192 8726 
8137 8726 4192 3070 8725 
8138 7295 8726 8725 1677 
8139 1344 5003 8729 6663 
8140 5003 2351 8727 8729 
8141 8729 8727 2900 8728 
8142 6663 8729 8728 1342 
8143 2190 8730 8732 4833 
8144 8730 2994 8731 8732 
8145 8732 8731 3034 7903 
8146 4833 8732 7903 1048 
8147 2325 8733 8735 5801 
8148 8733 2741 8734 8735 
8149 8735 8734 2620 7588 
8150 5801 8735 7588 1790 
8151 2887 7978 8736 4426 
8152 7978 1118 8321 8736 
8153 8736 8321 2981 8387 
8154 4426 8736 8387 2260 
8155 563 3381 8738 8040 
8156 3381 2140 8737 8738 
8157 8738 8737 3088 7553 
8158 8040 8738 7553 2005 
8159 2042 5692 8739 7851 
8160 5692 2041 5221 8739 
8161 8739 5221 2806 3746 
8162 7851 8739 3746 2043 
8163 2321 4035 8740 6033 
8164 4035 2290 5044 8740 
8165 8740 5044 2288 8042 
8166 6033 8740 8042 2814 
8167 1274 7374 8744 8743 
8168 7374 1275 8741 8744 
8169 8744 8741 2995 8742 
8170 8743 8744 8742 1273 
8171 1584 6161 8747 8342 
8172 6161 2550 8745 8747 
8173 8747 8745 2891 8746 
8174 8342 8747 8746 1633 
8175 1603 8748 8749 8083 
8176 8748 1390 4170 8749 
8177 8749 4170 1029 8032 
8178 8083 8749 8032 1457 
8179 2745 3265 8750 8480 
8180 3265 2799 6892 8750 
8181 8750 6892 426 427 
8182 8480 8750 427 428 
8183 1357 3126 8751 6765 
8184 3126 2809 7890 8751 
8185 8751 7890 1257 4734 
8186 6765 8751 4734 1259 
8187 1858 5508 8753 8478 
8188 5508 2080 4158 8753 
8189 8753 4158 2884 8752 
8190 8478 8753 8752 2093 
8191 1286 8068 8756 8755 
8192 8068 1288 8170 8756 
8193 8756 8170 1291 8754 
8194 8755 8756 8754 2691 
8195 1668 8757 8759 5642 
8196 8757 2961 8758 8759 
8197 8759 8758 3053 8336 
8198 5642 8759 8336 1588 
8199 1938 8760 8761 4258 
8200 8760 2561 4356 8761 
8201 8761 4356 1633 8746 
8202 4258 8761 8746 2891 
8203 1851 8762 8763 3678 
8204 8762 2415 5135 8763 
8205 8763 5135 1103 5443 
8206 3678 8763 5443 2451 
8207 2276 6215 8764 8269 
8208 6215 2277 8349 8764 
8209 8764 8349 2800 8145 
8210 8269 8764 8145 2274 
8211 2007 4769 8767 8766 
8212 4769 2292 6800 8767 
8213 8767 6800 2542 8765 
8214 8766 8767 8765 2788 
8215 543 8504 8769 542 
8216 8504 1101 8768 8769 
8217 8769 8768 2802 7606 
8218 542 8769 7606 541 
8219 346 347 8771 4458 
8220 347 348 7710 8771 
8221 8771 7710 2830 8770 
8222 4458 8771 8770 1059 
8223 1807 6738 8773 6806 
8224 6738 1806 8772 8773 
8225 8773 8772 2790 8230 
8226 6806 8773 8230 1808 
8227 1375 6643 8774 3788 
8228 6643 1373 7175 8774 
8229 8774 7175 1371 7887 
8230 3788 8774 7887 2810 
8231 1059 8770 8775 3179 
8232 8770 2830 7709 8775 
8233 8775 7709 2035 7676 
8234 3179 8775 7676 2628 
8235 1971 8776 8778 5094 
8236 8776 1970 3642 8778 
8237 8778 3642 2992 8777 
8238 5094 8778 8777 1972 
8239 3030 8779 8782 8781 
8240 8779 1133 4829 8782 
8241 8782 4829 26 8780 
8242 8781 8782 8780 2748 
8243 2349 8477 8785 5376 
8244 8477 2754 8783 8785 
8245 8785 8783 3014 8784 
8246 5376 8785 8784 2560 
8247 175 176 8787 7051 
8248 176 177 8786 8787 
8249 8787 8786 3041 3881 
8250 7051 8787 3881 2717 
8251 1935 8566 8788 3260 
8252 8566 1803 7856 8788 
8253 8788 7856 1994 3453 
8254 3260 8788 3453 2789 
8255 1961 3354 8790 7085 
8256 3354 2619 3854 8790 
8257 8790 3854 2781 8789 
8258 7085 8790 8789 1962 
8259 2736 8355 8791 8559 
8260 8355 1986 6850 8791 
8261 8791 6850 1985 3472 
8262 8559 8791 3472 2804 
8263 1250 6553 8793 6723 
8264 6553 2554 8792 8793 
8265 8793 8792 2795 8697 
8266 6723 8793 8697 1602 
8267 2278 6216 8795 7884 
8268 6216 2276 8268 8795 
8269 8795 8268 3074 8794 
8270 7884 8795 8794 2618 
8271 1307 8167 8798 8797 
8272 8167 1311 8796 8798 
8273 8798 8796 2991 8489 
8274 8797 8798 8489 2590 
8275 2627 8093 8800 7369 
8276 8093 2700 8799 8800 
8277 8800 8799 2817 8604 
8278 7369 8800 8604 2248 
8279 1819 5563 8801 5732 
8280 5563 1818 7945 8801 
8281 8801 7945 2813 7930 
8282 5732 8801 7930 1820 
8283 1748 5240 8803 5610 
8284 5240 1952 8802 8803 
8285 8803 8802 3087 8658 
8286 5610 8803 8658 1951 
8287 2579 8164 8806 7731 
8288 8164 2558 8804 8806 
8289 8806 8804 3010 8805 
8290 7731 8806 8805 1680 
8291 1867 8807 8809 6498 
8292 8807 1868 3573 8809 
8293 8809 3573 3021 8808 
8294 6498 8809 8808 1705 
8295 2773 8529 8811 8810 
8296 8529 374 375 8811 
8297 8811 375 376 8396 
8298 8810 8811 8396 2861 
8299 2226 6049 8813 8812 
8300 6049 2225 8641 8813 
8301 8813 8641 2850 7082 
8302 8812 8813 7082 2228 
8303 2337 3337 8815 4569 
8304 3337 2572 8814 8815 
8305 8815 8814 2944 6331 
8306 4569 8815 6331 1706 
8307 2422 8282 8818 5343 
8308 8282 2845 8816 8818 
8309 8818 8816 3064 8817 
8310 5343 8818 8817 2424 
8311 1640 8001 8820 8819 
8312 8001 1401 6386 8820 
8313 8820 6386 1036 3845 
8314 8819 8820 3845 1400 
8315 1543 7835 8822 6887 
8316 7835 2696 8821 8822 
8317 8822 8821 2788 8765 
8318 6887 8822 8765 2542 
8319 1028 8126 8824 7748 
8320 8126 1594 8823 8824 
8321 8824 8823 2712 3412 
8322 7748 8824 3412 21 
8323 2363 7210 8825 3892 
8324 7210 2872 3794 8825 
8325 8825 3794 2802 8768 
8326 3892 8825 8768 1101 
8327 2788 8826 8828 8766 
8328 8826 2841 3197 8828 
8329 8828 3197 3058 8827 
8330 8766 8828 8827 2007 
8331 1415 6946 8830 4865 
8332 6946 1414 5156 8830 
8333 8830 5156 2924 8829 
8334 4865 8830 8829 2178 
8335 262 263 8832 4861 
8336 263 264 8513 8832 
8337 8832 8513 2871 8831 
8338 4861 8832 8831 1057 
8339 1624 8263 8835 8834 
8340 8263 1590 7501 8835 
8341 8835 7501 1030 8833 
8342 8834 8835 8833 1396 
8343 1043 7202 8836 4831 
8344 7202 2753 8592 8836 
8345 8836 8592 751 750 
8346 4831 8836 750 749 
8347 1142 8837 8839 4647 
8348 8837 2952 8838 8839 
8349 8839 8838 2994 8730 
8350 4647 8839 8730 2190 
8351 2054 6863 8840 7902 
8352 6863 3059 3131 8840 
8353 8840 3131 1141 4694 
8354 7902 8840 4694 2167 
8355 2399 5684 8842 4587 
8356 5684 1104 3994 8842 
8357 8842 3994 3043 8841 
8358 4587 8842 8841 2188 
8359 2298 8843 8845 4153 
8360 8843 2299 8844 8845 
8361 8845 8844 2829 6890 
8362 4153 8845 6890 2300 
8363 2066 6040 8848 8847 
8364 6040 2064 8382 8848 
8365 8848 8382 2070 8846 
8366 8847 8848 8846 2816 
8367 2816 8399 8850 8847 
8368 8399 2819 8849 8850 
8369 8850 8849 2068 5863 
8370 8847 8850 5863 2066 
8371 667 666 8854 8853 
8372 666 665 8851 8854 
8373 8854 8851 2794 8852 
8374 8853 8854 8852 3000 
8375 1866 6906 8856 5271 
8376 6906 2193 8855 8856 
8377 8856 8855 2943 7289 
8378 5271 8856 7289 1715 
8379 1642 8857 8860 8594 
8380 8857 1398 8858 8860 
8381 8860 8858 1035 8859 
8382 8594 8860 8859 1399 
8383 1988 8861 8863 7605 
8384 8861 2965 8862 8863 
8385 8863 8862 537 538 
8386 7605 8863 538 539 
8387 1236 7212 8865 8864 
8388 7212 1134 7203 8865 
8389 8865 7203 1043 4830 
8390 8864 8865 4830 1133 
8391 2987 8866 8868 8867 
8392 8866 2734 8327 8868 
8393 8868 8327 2979 3418 
8394 8867 8868 3418 1983 
8395 2259 4094 8870 4424 
8396 4094 1743 8869 8870 
8397 8870 8869 2976 5531 
8398 4424 8870 5531 2562 
8399 2782 7925 8871 7736 
8400 7925 2323 4741 8871 
8401 8871 4741 2104 8311 
8402 7736 8871 8311 2822 
8403 1678 6279 8873 6587 
8404 6279 1861 8872 8873 
8405 8873 8872 2839 4999 
8406 6587 8873 4999 2551 
8407 2434 5409 8874 6179 
8408 5409 2433 7095 8874 
8409 8874 7095 2880 4967 
8410 6179 8874 4967 2435 
8411 207 208 8876 8875 
8412 208 209 7916 8876 
8413 8876 7916 2831 8462 
8414 8875 8876 8462 1108 
8415 1839 8877 8880 6154 
8416 8877 2842 8878 8880 
8417 8880 8878 3084 8879 
8418 6154 8880 8879 1944 
8419 1046 4601 8882 4682 
8420 4601 2175 5918 8882 
8421 8882 5918 2868 8881 
8422 4682 8882 8881 2172 
8423 354 4516 8883 353 
8424 4516 1050 6958 8883 
8425 8883 6958 2867 7817 
8426 353 8883 7817 352 
8427 1403 7706 8884 6552 
8428 7706 2812 8542 8884 
8429 8884 8542 2795 8792 
8430 6552 8884 8792 2554 
8431 1723 5874 8886 5882 
8432 5874 1825 8431 8886 
8433 8886 8431 2873 8885 
8434 5882 8886 8885 2092 
8435 1822 7539 8887 7505 
8436 7539 2797 8688 8887 
8437 8887 8688 1892 8004 
8438 7505 8887 8004 2746 
8439 2312 5909 8889 4213 
8440 5909 2885 8888 8889 
8441 8889 8888 1932 3970 
8442 4213 8889 3970 2418 
8443 1815 6620 8892 6220 
8444 6620 2856 8890 8892 
8445 8892 8890 3086 8891 
8446 6220 8892 8891 1814 
8447 1962 8789 8893 7640 
8448 8789 2781 6991 8893 
8449 8893 6991 1119 7603 
8450 7640 8893 7603 2685 
8451 2002 3193 8895 4287 
8452 3193 2631 7396 8895 
8453 8895 7396 2630 8894 
8454 4287 8895 8894 2997 
8455 2421 4448 8896 5332 
8456 4448 1898 6817 8896 
8457 8896 6817 2962 7970 
8458 5332 8896 7970 2169 
8459 2129 7357 8898 8897 
8460 7357 2128 8626 8898 
8461 8898 8626 2828 8085 
8462 8897 8898 8085 2130 
8463 2113 4454 8901 8900 
8464 4454 1061 3362 8901 
8465 8901 3362 2957 8899 
8466 8900 8901 8899 2913 
8467 1381 8721 8904 6812 
8468 8721 2698 8902 8904 
8469 8904 8902 3031 8903 
8470 6812 8904 8903 1385 
8471 523 3591 8905 524 
8472 3591 1077 3511 8905 
8473 8905 3511 2844 7935 
8474 524 8905 7935 525 
8475 1361 8518 8907 3748 
8476 8518 1184 7001 8907 
8477 8907 7001 1182 8906 
8478 3748 8907 8906 2824 
8479 1946 8908 8909 4344 
8480 8908 3020 6752 8909 
8481 8909 6752 1112 5454 
8482 4344 8909 5454 2466 
8483 2696 7358 8911 8821 
8484 7358 2129 8910 8911 
8485 8911 8910 2841 8826 
8486 8821 8911 8826 2788 
8487 3064 8816 8913 8912 
8488 8816 2845 8281 8913 
8489 8913 8281 2488 5799 
8490 8912 8913 5799 1080 
8491 2072 5540 8914 3749 
8492 5540 2053 6322 8914 
8493 8914 6322 2055 7484 
8494 3749 8914 7484 2852 
8495 1840 8915 8916 5196 
8496 8915 2006 8122 8916 
8497 8916 8122 2842 8877 
8498 5196 8916 8877 1839 
8499 2834 7646 8918 8551 
8500 7646 2858 8917 8918 
8501 8918 8917 1857 5011 
8502 8551 8918 5011 2191 
8503 2646 8213 8919 7939 
8504 8213 2823 8166 8919 
8505 8919 8166 1303 7415 
8506 7939 8919 7415 1300 
8507 18 8920 8923 623 
8508 8920 1038 8921 8923 
8509 8923 8921 1193 8922 
8510 623 8923 8922 19 
8511 1391 3752 8926 7021 
8512 3752 2874 8924 8926 
8513 8926 8924 1930 8925 
8514 7021 8926 8925 2881 
8515 1180 8393 8927 6935 
8516 8393 2779 3539 8927 
8517 8927 3539 2824 8906 
8518 6935 8927 8906 1182 
8519 2861 8928 8930 8810 
8520 8928 2070 8381 8930 
8521 8930 8381 2904 8929 
8522 8810 8930 8929 2773 
8523 673 8931 8933 674 
8524 8931 1041 8932 8933 
8525 8933 8932 2893 7662 
8526 674 8933 7662 675 
8527 2797 7538 8934 8689 
8528 7538 2847 8192 8934 
8529 8934 8192 1315 6692 
8530 8689 8934 6692 1317 
8531 2801 6967 8937 8936 
8532 6967 2238 8935 8937 
8533 8937 8935 2921 3574 
8534 8936 8937 3574 1868 
8535 1928 3732 8939 5950 
8536 3732 2097 8938 8939 
8537 8939 8938 2848 7871 
8538 5950 8939 7871 1929 
8539 2200 4574 8941 3439 
8540 4574 2269 6245 8941 
8541 8941 6245 2722 8940 
8542 3439 8941 8940 2935 
8543 2897 3198 8942 7985 
8544 3198 2841 8910 8942 
8545 8942 8910 2129 8897 
8546 7985 8942 8897 2130 
8547 2428 7196 8944 8943 
8548 7196 1727 5413 8944 
8549 8944 5413 1726 7974 
8550 8943 8944 7974 2854 
8551 1906 3663 8946 4440 
8552 3663 2152 8945 8946 
8553 8946 8945 2996 5497 
8554 4440 8946 5497 2151 
8555 1920 8947 8949 8225 
8556 8947 1995 4653 8949 
8557 8949 4653 3050 8948 
8558 8225 8949 8948 1918 
8559 1746 3581 8951 6596 
8560 3581 2020 8950 8951 
8561 8951 8950 3004 8429 
8562 6596 8951 8429 2732 
8563 1646 8952 8953 8597 
8564 8952 1366 7114 8953 
8565 8953 7114 1368 8533 
8566 8597 8953 8533 2827 
8567 1718 6181 8955 8361 
8568 6181 2560 8784 8955 
8569 8955 8784 3014 8954 
8570 8361 8955 8954 1874 
8571 2194 3831 8956 8285 
8572 3831 557 558 8956 
8573 8956 558 559 8105 
8574 8285 8956 8105 2857 
8575 1868 8807 8957 8936 
8576 8807 1867 7325 8957 
8577 8957 7325 2657 8661 
8578 8936 8957 8661 2801 
8579 2313 4506 8958 3550 
8580 4506 2846 8276 8958 
8581 8958 8276 1355 5772 
8582 3550 8958 5772 1626 
8583 2351 3250 8960 8727 
8584 3250 1891 7400 8960 
8585 8960 7400 1889 8959 
8586 8727 8960 8959 2900 
8587 1290 7791 8962 8444 
8588 7791 1289 8961 8962 
8589 8962 8961 2879 6463 
8590 8444 8962 6463 2684 
8591 1817 7820 8965 7285 
8592 7820 2643 8963 8965 
8593 8965 8963 2983 8964 
8594 7285 8965 8964 1925 
8595 1929 7870 8966 5947 
8596 7870 1930 8924 8966 
8597 8966 8924 2874 7859 
8598 5947 8966 7859 1927 
8599 1970 8776 8968 7872 
8600 8776 1971 8967 8968 
8601 8968 8967 2881 8925 
8602 7872 8968 8925 1930 
8603 1114 8969 8970 5189 
8604 8969 2859 7520 8970 
8605 8970 7520 161 162 
8606 5189 8970 162 163 
8607 1793 6727 8973 3434 
8608 6727 1792 8971 8973 
8609 8973 8971 2916 8972 
8610 3434 8973 8972 2335 
8611 1744 3463 8975 8974 
8612 3463 2862 7919 8975 
8613 8975 7919 323 324 
8614 8974 8975 324 325 
8615 2811 6531 8977 8976 
8616 6531 2712 8823 8977 
8617 8977 8823 1594 8294 
8618 8976 8977 8294 1848 
8619 1341 6664 8979 7317 
8620 6664 1342 8978 8979 
8621 8979 8978 2870 7624 
8622 7317 8979 7624 1340 
8623 1832 8665 8981 6436 
8624 8665 2725 8538 8981 
8625 8981 8538 3055 8980 
8626 6436 8981 8980 1894 
8627 1399 8859 8984 8072 
8628 8859 1035 8982 8984 
8629 8984 8982 2965 8983 
8630 8072 8984 8983 1634 
8631 2600 8985 8986 8532 
8632 8985 2971 3241 8986 
8633 8986 3241 2084 8598 
8634 8532 8986 8598 2827 
8635 1725 6500 8988 6251 
8636 6500 3063 8987 8988 
8637 8988 8987 3043 3993 
8638 6251 8988 3993 2078 
8639 1888 8016 8989 8366 
8640 8016 2102 3638 8989 
8641 8989 3638 3022 3923 
8642 8366 8989 3923 2695 
8643 2664 8006 8990 7408 
8644 8006 2616 6903 8990 
8645 8990 6903 2890 3609 
8646 7408 8990 3609 1397 
8647 1703 6519 8991 7298 
8648 6519 2549 3583 8991 
8649 8991 3583 2849 3548 
8650 7298 8991 3548 2720 
8651 1240 6702 8993 6731 
8652 6702 1238 8992 8993 
8653 8993 8992 3081 4897 
8654 6731 8993 4897 1700 
8655 1366 8952 8995 7810 
8656 8952 1646 4686 8995 
8657 8995 4686 3080 8994 
8658 7810 8995 8994 1365 
8659 1381 6811 8997 8719 
8660 6811 1383 8996 8997 
8661 8997 8996 2855 8237 
8662 8719 8997 8237 1380 
8663 2561 8760 9000 6228 
8664 8760 1938 8998 9000 
8665 9000 8998 2947 8999 
8666 6228 9000 8999 2461 
8667 159 5037 9001 158 
8668 5037 1065 3857 9001 
8669 9001 3857 2889 7967 
8670 158 9001 7967 157 
8671 1655 7140 9002 8595 
8672 7140 1860 3204 9002 
8673 9002 3204 2996 8945 
8674 8595 9002 8945 2152 
8675 2087 7014 9004 5379 
8676 7014 2089 9003 9004 
8677 9004 9003 2946 7463 
8678 5379 9004 7463 1088 
8679 2092 8885 9005 3299 
8680 8885 2873 7699 9005 
8681 9005 7699 2458 5480 
8682 3299 9005 5480 1113 
8683 1895 8423 9007 9006 
8684 8423 2702 3173 9007 
8685 9007 3173 1160 4142 
8686 9006 9007 4142 2807 
8687 2546 9008 9010 6779 
8688 9008 2793 8141 9010 
8689 9010 8141 3039 9009 
8690 6779 9010 9009 1040 
8691 1899 7615 9013 9012 
8692 7615 1830 8385 9013 
8693 9013 8385 1837 9011 
8694 9012 9013 9011 2838 
8695 1286 9014 9017 8069 
8696 9014 1284 9015 9017 
8697 9017 9015 1037 9016 
8698 8069 9017 9016 1285 
8699 1193 8921 9020 8644 
8700 8921 1038 9018 9020 
8701 9020 9018 1196 9019 
8702 8644 9020 9019 1194 
8703 1273 6559 9022 8743 
8704 6559 1272 7200 9022 
8705 9022 7200 2853 9021 
8706 8743 9022 9021 1274 
8707 211 212 9023 7917 
8708 212 213 5458 9023 
8709 9023 5458 1105 3403 
8710 7917 9023 3403 2877 
8711 2836 9024 9026 9025 
8712 9024 2851 8217 9026 
8713 9026 8217 759 758 
8714 9025 9026 758 757 
8715 195 5009 9027 194 
8716 5009 1055 3199 9027 
8717 9027 3199 2897 7984 
8718 194 9027 7984 193 
8719 2172 8881 9029 8711 
8720 8881 2868 9028 9029 
8721 9029 9028 1857 8917 
8722 8711 9029 8917 2858 
8723 2890 6902 9032 9031 
8724 6902 2755 8482 9032 
8725 9032 8482 2869 9030 
8726 9031 9032 9030 2037 
8727 2727 4638 9034 8544 
8728 4638 2680 8415 9034 
8729 9034 8415 3023 9033 
8730 8544 9034 9033 1801 
8731 1887 8672 9036 8368 
8732 8672 2098 9035 9036 
8733 9036 9035 2900 8959 
8734 8368 9036 8959 1889 
8735 1979 9037 9038 6115 
8736 9037 1978 8457 9038 
8737 9038 8457 2860 8508 
8738 6115 9038 8508 1980 
8739 2708 4319 9040 3347 
8740 4319 2840 9039 9040 
8741 9040 9039 1956 7309 
8742 3347 9040 7309 1957 
8743 2881 8967 9041 4391 
8744 8967 1971 5097 9041 
8745 9041 5097 1973 6471 
8746 4391 9041 6471 2905 
8747 1455 4105 9042 8075 
8748 4105 2235 6379 9042 
8749 9042 6379 3067 8582 
8750 8075 9042 8582 2112 
8751 1079 5786 9043 7094 
8752 5786 591 590 9043 
8753 9043 590 589 4968 
8754 7094 9043 4968 2880 
8755 2787 9044 9045 8628 
8756 9044 2980 7655 9045 
8757 9045 7655 2485 5701 
8758 8628 9045 5701 1086 
8759 2339 5180 9047 4851 
8760 5180 1092 6482 9047 
8761 9047 6482 2894 9046 
8762 4851 9047 9046 2346 
8763 2747 8446 9050 9049 
8764 8446 2457 5602 9050 
8765 9050 5602 2456 9048 
8766 9049 9050 9048 3037 
8767 1978 9037 9051 5326 
8768 9037 1979 7138 9051 
8769 9051 7138 2917 6930 
8770 5326 9051 6930 1977 
8771 270 4446 9053 269 
8772 4446 1116 9052 9053 
8773 9053 9052 3075 4077 
8774 269 9053 4077 268 
8775 1392 7789 9056 8702 
8776 7789 2633 9054 9056 
8777 9056 9054 2951 9055 
8778 8702 9056 9055 1394 
8779 2093 8752 9057 3293 
8780 8752 2884 8088 9057 
8781 9057 8088 505 504 
8782 3293 9057 504 503 
8783 2765 7372 9060 9059 
8784 7372 2014 9058 9060 
8785 9060 9058 3076 7511 
8786 9059 9060 7511 2909 
8787 1732 7534 9061 8576 
8788 7534 2036 3610 9061 
8789 9061 3610 2890 9031 
8790 8576 9061 9031 2037 
8791 1035 8858 9065 9064 
8792 8858 1398 9062 9065 
8793 9065 9062 2978 9063 
8794 9064 9065 9063 17 
8795 2245 3532 9066 6137 
8796 3532 3027 3151 9066 
8797 9066 3151 2250 4633 
8798 6137 9066 4633 2246 
8799 2273 8409 9067 3426 
8800 8409 1032 4605 9067 
8801 9067 4605 2256 8346 
8802 3426 9067 8346 2914 
8803 1068 6456 9068 6893 
8804 6456 2886 7377 9068 
8805 9068 7377 422 423 
8806 6893 9068 423 424 
8807 1941 9069 9072 7389 
8808 9069 2662 9070 9072 
8809 9072 9070 3031 9071 
8810 7389 9072 9071 1939 
8811 1402 3108 9074 9073 
8812 3108 2076 7459 9074 
8813 9074 7459 2028 8619 
8814 9073 9074 8619 2888 
8815 2562 5530 9075 4425 
8816 5530 293 294 9075 
8817 9075 294 295 7979 
8818 4425 9075 7979 2887 
8819 2444 5558 9077 7696 
8820 5558 2443 8523 9077 
8821 9077 8523 2936 9076 
8822 7696 9077 9076 2445 
8823 2893 9078 9079 7663 
8824 9078 1908 7466 9079 
8825 9079 7466 1593 8608 
8826 7663 9079 8608 2818 
8827 1278 7283 9081 6995 
8828 7283 2338 9080 9081 
8829 9081 9080 3050 4656 
8830 6995 9081 4656 1698 
8831 1760 4591 9082 6308 
8832 4591 2001 3364 9082 
8833 9082 3364 2882 8300 
8834 6308 9082 8300 1676 
8835 1899 9012 9085 9084 
8836 9012 2838 9083 9085 
8837 9085 9083 1057 8831 
8838 9084 9085 8831 2871 
8839 1966 9086 9090 9089 
8840 9086 2967 9087 9090 
8841 9090 9087 1041 9088 
8842 9089 9090 9088 3006 
8843 1108 3588 9091 8875 
8844 3588 2892 8054 9091 
8845 9091 8054 205 206 
8846 8875 9091 206 207 
8847 1436 8419 9092 6300 
8848 8419 2535 6512 9092 
8849 9092 6512 2876 8233 
8850 6300 9092 8233 1439 
8851 1908 9093 9094 7467 
8852 9093 2967 9086 9094 
8853 9094 9086 1966 7233 
8854 7467 9094 7233 1909 
8855 2875 9095 9098 9097 
8856 9095 2984 4403 9098 
8857 9098 4403 2091 9096 
8858 9097 9098 9096 2074 
8859 1893 4328 9100 9099 
8860 4328 1964 6898 9100 
8861 9100 6898 1798 7798 
8862 9099 9100 7798 3013 
8863 2278 7883 9102 6217 
8864 7883 3083 9101 9102 
8865 9102 9101 2346 9046 
8866 6217 9102 9046 2894 
8867 2308 9103 9104 5908 
8868 9103 2372 6062 9104 
8869 9104 6062 1932 8888 
8870 5908 9104 8888 2885 
8871 2528 9105 9106 3386 
8872 9105 2931 8421 9106 
8873 9106 8421 2148 6474 
8874 3386 9106 6474 2147 
8875 1209 7525 9107 7963 
8876 7525 1210 7751 9107 
8877 9107 7751 2896 8013 
8878 7963 9107 8013 1208 
8879 2428 8943 9111 9110 
8880 8943 2854 9108 9111 
8881 9111 9108 2961 9109 
8882 9110 9111 9109 1900 
8883 1045 6254 9112 6070 
8884 6254 2902 3903 9112 
8885 9112 3903 474 475 
8886 6070 9112 475 476 
8887 2470 5308 9113 4407 
8888 5308 2253 6861 9113 
8889 9113 6861 2335 8972 
8890 4407 9113 8972 2916 
8891 2071 9114 9117 9116 
8892 9114 2067 9115 9117 
8893 9117 9115 2238 6966 
8894 9116 9117 6966 2911 
8895 1149 3799 9118 8683 
8896 3799 2903 7610 9118 
8897 9118 7610 185 186 
8898 8683 9118 186 187 
8899 2547 7541 9120 5727 
8900 7541 2765 9059 9120 
8901 9120 9059 2909 9119 
8902 5727 9120 9119 1751 
8903 2082 7595 9122 4685 
8904 7595 3026 7618 9122 
8905 9122 7618 1395 9121 
8906 4685 9122 9121 3080 
8907 1848 9123 9124 8976 
8908 9123 2132 4305 9124 
8909 9124 4305 1162 8313 
8910 8976 9124 8313 2811 
8911 1881 8502 9125 7431 
8912 8502 2864 3120 9125 
8913 9125 3120 1896 7766 
8914 7431 9125 7766 1795 
8915 1506 5388 9126 5550 
8916 5388 1751 9119 9126 
8917 9126 9119 2909 7510 
8918 5550 9126 7510 2401 
8919 2725 8664 9128 8539 
8920 8664 3061 9127 9128 
8921 9128 9127 2859 8969 
8922 8539 9128 8969 1114 
8923 2314 7483 9129 8080 
8924 7483 2057 6328 9129 
8925 9129 6328 2059 7864 
8926 8080 9129 7864 2908 
8927 1589 3232 9130 6099 
8928 3232 2417 4259 9130 
8929 9130 4259 2891 8745 
8930 6099 9130 8745 2550 
8931 673 4881 9132 8931 
8932 4881 2270 9131 9132 
8933 9132 9131 3006 9088 
8934 8931 9132 9088 1041 
8935 1709 6981 9133 7187 
8936 6981 1855 8239 9133 
8937 9133 8239 2865 3775 
8938 7187 9133 3775 2602 
8939 1386 6627 9134 7635 
8940 6627 1385 8903 9134 
8941 9134 8903 3031 9070 
8942 7635 9134 9070 2662 
8943 95 7508 9136 94 
8944 7508 2670 9135 9136 
8945 9136 9135 2974 8207 
8946 94 9136 8207 93 
8947 1535 5023 9137 5121 
8948 5023 2183 8439 9137 
8949 9137 8439 2942 8027 
8950 5121 9137 8027 1538 
8951 2612 7683 9138 7704 
8952 7683 1989 3795 9138 
8953 9138 3795 2872 7209 
8954 7704 9138 7209 2629 
8955 2572 3227 9139 8814 
8956 3227 1880 7277 9139 
8957 9139 7277 2135 8152 
8958 8814 9139 8152 2944 
8959 1301 7997 9140 6838 
8960 7997 1402 9073 9140 
8961 9140 9073 2888 8162 
8962 6838 9140 8162 2559 
8963 2577 3145 9141 6632 
8964 3145 2920 7556 9141 
8965 9141 7556 769 768 
8966 6632 9141 768 767 
8967 2385 4468 9142 3389 
8968 4468 2384 3965 9142 
8969 9142 3965 2386 3138 
8970 3389 9142 3138 3029 
8971 2756 8331 9144 8149 
8972 8331 3015 9143 9144 
8973 9144 9143 2706 8154 
8974 8149 9144 8154 1144 
8975 1707 9145 9147 5250 
8976 9145 2704 3939 9147 
8977 9147 3939 3019 9146 
8978 5250 9147 9146 1905 
8979 3030 8781 9150 9149 
8980 8781 2748 9148 9150 
8981 9150 9148 745 4788 
8982 9149 9150 4788 1917 
8983 1999 9151 9153 7275 
8984 9151 2954 9152 9153 
8985 9153 9152 2875 9097 
8986 7275 9153 9097 2074 
8987 1719 5546 9154 5482 
8988 5546 2391 8029 9154 
8989 9154 8029 2912 8407 
8990 5482 9154 8407 1911 
8991 1912 8527 9156 9155 
8992 8527 1913 4846 9156 
8993 9156 4846 3028 8632 
8994 9155 9156 8632 2107 
8995 1902 7164 9159 6834 
8996 7164 2688 9157 9159 
8997 9159 9157 2915 9158 
8998 6834 9159 9158 1903 
8999 418 4726 9161 7757 
9000 4726 2180 9160 9161 
9001 9161 9160 2992 3641 
9002 7757 9161 3641 1053 
9003 1076 5649 9163 6177 
9004 5649 2478 9162 9163 
9005 9163 9162 3086 8890 
9006 6177 9163 8890 2856 
9007 2305 5171 9165 5907 
9008 5171 2307 8490 9165 
9009 9165 8490 2991 9164 
9010 5907 9165 9164 2308 
9011 1335 6783 9167 7543 
9012 6783 2545 3534 9167 
9013 9167 3534 2906 9166 
9014 7543 9167 9166 1356 
9015 1302 7178 9168 3627 
9016 7178 1308 8723 9168 
9017 9168 8723 2879 8961 
9018 3627 9168 8961 1289 
9019 1200 7841 9170 8454 
9020 7841 1212 9169 9170 
9021 9170 9169 2989 8621 
9022 8454 9170 8621 2679 
9023 2067 9114 9172 5865 
9024 9114 2071 9171 9172 
9025 9172 9171 2933 7957 
9026 5865 9172 7957 2065 
9027 1749 3455 9174 7026 
9028 3455 2975 9173 9174 
9029 9174 9173 2024 5256 
9030 7026 9174 5256 2189 
9031 332 7665 9176 331 
9032 7665 2676 9175 9176 
9033 9176 9175 2977 8222 
9034 331 9176 8222 330 
9035 1851 3677 9178 5926 
9036 3677 2747 9049 9178 
9037 9178 9049 3037 9177 
9038 5926 9178 9177 1852 
9039 1362 8485 9179 8079 
9040 8485 1188 6933 9179 
9041 9179 6933 1186 8519 
9042 8079 9179 8519 2899 
9043 1595 7120 9180 8295 
9044 7120 1801 9033 9180 
9045 9180 9033 3023 3660 
9046 8295 9180 3660 1849 
9047 1088 7462 9182 5380 
9048 7462 2918 9181 9182 
9049 9182 9181 695 694 
9050 5380 9182 694 693 
9051 1603 7768 9184 9183 
9052 7768 1895 9006 9184 
9053 9184 9006 2807 3221 
9054 9183 9184 3221 2613 
9055 2067 5864 9186 9115 
9056 5864 2068 9185 9186 
9057 9186 9185 2921 8935 
9058 9115 9186 8935 2238 
9059 1827 5666 9187 7701 
9060 5666 2927 8090 9187 
9061 9187 8090 1107 5449 
9062 7701 9187 5449 2459 
9063 2069 7863 9188 8493 
9064 7863 2061 6258 9188 
9065 9188 6258 2063 7956 
9066 8493 9188 7956 2930 
9067 1730 7154 9190 5992 
9068 7154 2166 9189 9190 
9069 9190 9189 3025 3968 
9070 5992 9190 3968 1931 
9071 484 485 9192 7578 
9072 485 486 8205 9192 
9073 9192 8205 2973 9191 
9074 7578 9192 9191 2673 
9075 1624 9193 9195 8228 
9076 9193 2683 7724 9195 
9077 9195 7724 2776 9194 
9078 8228 9195 9194 1920 
9079 1788 9196 9197 6656 
9080 9196 2595 8717 9197 
9081 9197 8717 2898 4232 
9082 6656 9197 4232 1787 
9083 1812 4795 9198 5632 
9084 4795 2446 7697 9198 
9085 9198 7697 2938 8506 
9086 5632 9198 8506 2476 
9087 1496 7452 9199 6726 
9088 7452 2623 4408 9199 
9089 9199 4408 2916 8971 
9090 6726 9199 8971 1792 
9091 1831 7614 9202 7582 
9092 7614 2095 9200 9202 
9093 9202 9200 2969 9201 
9094 7582 9202 9201 2096 
9095 637 636 9204 7009 
9096 636 635 6829 9204 
9097 9204 6829 2587 9203 
9098 7009 9204 9203 2895 
9099 1121 4697 9206 7920 
9100 4697 2934 9205 9206 
9101 9206 9205 319 320 
9102 7920 9206 320 321 
9103 2915 9157 9209 9208 
9104 9157 2688 8459 9209 
9105 9209 8459 1696 9207 
9106 9208 9209 9207 2825 
9107 2460 5625 9210 5439 
9108 5625 2461 8999 9210 
9109 9210 8999 2947 8615 
9110 5439 9210 8615 1102 
9111 1806 6987 9213 8772 
9112 6987 1910 9211 9213 
9113 9213 9211 3052 9212 
9114 8772 9213 9212 2790 
9115 1906 5251 9215 3664 
9116 5251 1905 9146 9215 
9117 9215 9146 3019 9214 
9118 3664 9215 9214 2033 
9119 2752 7680 9217 3890 
9120 7680 2772 9216 9217 
9121 9217 9216 3087 8802 
9122 3890 9217 8802 1952 
9123 1609 9218 9221 9220 
9124 9218 2833 8471 9221 
9125 9221 8471 2216 9219 
9126 9220 9221 9219 2792 
9127 1983 7137 9223 8867 
9128 7137 1981 5640 9223 
9129 9223 5640 2556 9222 
9130 8867 9223 9222 2987 
9131 2527 6707 9224 8707 
9132 6707 1627 8405 9224 
9133 9224 8405 2931 9105 
9134 8707 9224 9105 2528 
9135 1372 8109 9225 7692 
9136 8109 2722 6244 9225 
9137 9225 6244 2833 9218 
9138 7692 9225 9218 1609 
9139 2231 8036 9227 8569 
9140 8036 1394 9055 9227 
9141 9227 9055 2951 9226 
9142 8569 9227 9226 2739 
9143 1317 6695 9229 8690 
9144 6695 1316 8292 9229 
9145 9229 8292 2919 9228 
9146 8690 9229 9228 1363 
9147 1576 8352 9231 7742 
9148 8352 1388 7637 9231 
9149 9231 7637 2990 9230 
9150 7742 9231 9230 2675 
9151 2700 7544 9232 8799 
9152 7544 1356 9166 9232 
9153 9232 9166 2906 8305 
9154 8799 9232 8305 2817 
9155 2224 7960 9235 8451 
9156 7960 2750 9233 9235 
9157 9235 9233 2983 9234 
9158 8451 9235 9234 2764 
9159 2558 8618 9237 8804 
9160 8618 2026 6581 9237 
9161 9237 6581 2025 9236 
9162 8804 9237 9236 3010 
9163 2760 8500 9238 3713 
9164 8500 1722 8567 9238 
9165 9238 8567 2910 8600 
9166 3713 9238 8600 2656 
9167 2707 6914 9239 7799 
9168 6914 1429 8143 9239 
9169 9239 8143 2690 6091 
9170 7799 9239 6091 1953 
9171 2445 9076 9240 3718 
9172 9076 2936 8590 9240 
9173 9240 8590 1081 5795 
9174 3718 9240 5795 2490 
9175 2298 5404 9242 8843 
9176 5404 1657 7780 9242 
9177 9242 7780 2964 9241 
9178 8843 9242 9241 2299 
9179 2193 3592 9243 8855 
9180 3592 521 520 9243 
9181 9243 520 519 8198 
9182 8855 9243 8198 2943 
9183 1333 4777 9244 6607 
9184 4777 1334 7569 9244 
9185 9244 7569 3042 7899 
9186 6607 9244 7899 1332 
9187 2934 3914 9245 9205 
9188 3914 2953 7111 9245 
9189 9245 7111 317 318 
9190 9205 9245 318 319 
9191 2071 9116 9246 8189 
9192 9116 2911 6965 9246 
9193 9246 6965 1324 8610 
9194 8189 9246 8610 2763 
9195 1463 5823 9247 5737 
9196 5823 2484 5983 9247 
9197 9247 5983 2941 8248 
9198 5737 9247 8248 1466 
9199 2484 7532 9249 5982 
9200 7532 2663 9248 9249 
9201 9249 9248 3037 9048 
9202 5982 9249 9048 2456 
9203 1821 5734 9250 4257 
9204 5734 1937 8616 9250 
9205 9250 8616 2947 8998 
9206 4257 9250 8998 1938 
9207 2588 6771 9252 8649 
9208 6771 1944 8879 9252 
9209 9252 8879 3084 9251 
9210 8649 9252 9251 2699 
9211 1330 7900 9254 6769 
9212 7900 1331 9253 9254 
9213 9254 9253 3009 7781 
9214 6769 9254 7781 1329 
9215 2368 4814 9256 7831 
9216 4814 1150 7402 9256 
9217 9256 7402 2985 9255 
9218 7831 9256 9255 2369 
9219 1606 8031 9258 8483 
9220 8031 2697 7455 9258 
9221 9258 7455 2086 9257 
9222 8483 9258 9257 2869 
9223 2870 8978 9259 7990 
9224 8978 1342 8728 9259 
9225 9259 8728 2900 9035 
9226 7990 9259 9035 2098 
9227 2929 3760 9260 8176 
9228 3760 1670 6999 9260 
9229 9260 6999 1359 8391 
9230 8176 9260 8391 2928 
9231 2342 5401 9262 5988 
9232 5401 2396 9261 9262 
9233 9262 9261 3011 8307 
9234 5988 9262 8307 2343 
9235 1143 9263 9264 4725 
9236 9263 1972 8777 9264 
9237 9264 8777 2992 9160 
9238 4725 9264 9160 2180 
9239 2090 5000 9266 6744 
9240 5000 2839 9265 9266 
9241 9266 9265 2946 9003 
9242 6744 9266 9003 2089 
9243 2853 3682 9267 9021 
9244 3682 2922 7281 9267 
9245 9267 7281 1276 7375 
9246 9021 9267 7375 1274 
9247 2062 6273 9270 8380 
9248 6273 2060 9268 9270 
9249 9270 9268 2952 9269 
9250 8380 9270 9269 2904 
9251 1231 6184 9271 5358 
9252 6184 1230 8402 9271 
9253 9271 8402 2948 8187 
9254 5358 9271 8187 1232 
9255 2085 8456 9273 3322 
9256 8456 1976 5143 9273 
9257 9273 5143 1974 9272 
9258 3322 9273 9272 2937 
9259 2677 7826 9274 8492 
9260 7826 1192 6477 9274 
9261 9274 6477 1190 8486 
9262 8492 9274 8486 2939 
9263 1124 6708 9276 8535 
9264 6708 2527 8709 9276 
9265 9276 8709 2958 9275 
9266 8535 9276 9275 1122 
9267 1767 4911 9277 7310 
9268 4911 1954 7619 9277 
9269 9277 7619 3026 7594 
9270 7310 9277 7594 1955 
9271 2918 3767 9278 9181 
9272 3767 2960 8185 9278 
9273 9278 8185 697 696 
9274 9181 9278 696 695 
9275 2340 4848 9279 5119 
9276 4848 2346 9101 9279 
9277 9279 9101 3083 8045 
9278 5119 9279 8045 2344 
9279 1030 7976 9282 8833 
9280 7976 24 9280 9282 
9281 9282 9280 2945 9281 
9282 8833 9282 9281 1396 
9283 1871 7332 9284 7923 
9284 7332 2100 9283 9284 
9285 9284 9283 2951 9054 
9286 7923 9284 9054 2633 
9287 1967 9285 9287 7954 
9288 9285 1966 9089 9287 
9289 9287 9089 3006 9286 
9290 7954 9287 9286 1968 
9291 1233 6072 9290 7104 
9292 6072 2820 9288 9290 
9293 9290 9288 3079 9289 
9294 7104 9290 9289 2584 
9295 1813 8323 9291 5494 
9296 8323 1900 9109 9291 
9297 9291 9109 2961 8757 
9298 5494 9291 8757 1668 
9299 1869 6571 9292 7987 
9300 6571 2044 3859 9292 
9301 9292 3859 2950 4080 
9302 7987 9292 4080 1933 
9303 254 9293 9295 253 
9304 9293 1742 9294 9295 
9305 9295 9294 2973 8204 
9306 253 9295 8204 252 
9307 20 3493 9296 8132 
9308 3493 2758 7011 9296 
9309 9296 7011 1853 8547 
9310 8132 9296 8547 1164 
9311 286 287 9298 6684 
9312 287 288 8208 9298 
9313 9298 8208 2974 9297 
9314 6684 9298 9297 1741 
9315 1742 9293 9299 8634 
9316 9293 254 255 9299 
9317 9299 255 256 8136 
9318 8634 9299 8136 2968 
9319 1026 9300 9302 7558 
9320 9300 1843 8692 9302 
9321 9302 8692 3001 9301 
9322 7558 9302 9301 28 
9323 410 411 9303 7170 
9324 411 412 8159 9303 
9325 9303 8159 2988 3730 
9326 7170 9303 3730 1089 
9327 2978 9304 9307 9306 
9328 9304 2115 3376 9307 
9329 9307 3376 2866 9305 
9330 9306 9307 9305 577 
9331 1197 8063 9308 8654 
9332 8063 1194 9019 9308 
9333 9308 9019 1196 3339 
9334 8654 9308 3339 2715 
9335 247 248 9309 3697 
9336 248 249 8215 9309 
9337 9309 8215 2976 8869 
9338 3697 9309 8869 1743 
9339 495 494 9310 5700 
9340 494 493 8317 9310 
9341 9310 8317 2982 8629 
9342 5700 9310 8629 1086 
9343 325 326 9312 8974 
9344 326 327 8223 9312 
9345 9312 8223 2977 9311 
9346 8974 9312 9311 1744 
9347 2492 5751 9313 6853 
9348 5751 607 606 9313 
9349 9313 606 605 8265 
9350 6853 9313 8265 2972 
9351 2037 9030 9314 8575 
9352 9030 2869 9257 9314 
9353 9314 9257 2086 7503 
9354 8575 9314 7503 2796 
9355 3062 4654 9316 4399 
9356 4654 1995 8947 9316 
9357 9316 8947 1920 9315 
9358 4399 9316 9315 2878 
9359 1695 8563 9318 4282 
9360 8563 1884 9317 9318 
9361 9318 9317 2925 8671 
9362 4282 9318 8671 1885 
9363 2325 4649 9321 8733 
9364 4649 2324 9319 9321 
9365 9321 9319 3052 9320 
9366 8733 9321 9320 2741 
9367 2952 8837 9322 9269 
9368 8837 1142 8530 9322 
9369 9322 8530 2773 8929 
9370 9269 9322 8929 2904 
9371 2628 7286 9323 3180 
9372 7286 1925 8964 9323 
9373 9323 8964 2983 9233 
9374 3180 9323 9233 2750 
9375 1986 8357 9326 5639 
9376 8357 2557 9324 9326 
9377 9326 9324 3044 9325 
9378 5639 9326 9325 2556 
9379 2419 3605 9327 5275 
9380 3605 2993 8111 9327 
9381 9327 8111 169 170 
9382 5275 9327 170 171 
9383 1724 4336 9329 6077 
9384 4336 1865 9328 9329 
9385 9329 9328 3039 8140 
9386 6077 9329 8140 2146 
9387 2825 9330 9332 9208 
9388 9330 2109 5372 9332 
9389 9332 5372 2832 9331 
9390 9208 9332 9331 2915 
9391 1282 9333 9335 9334 
9392 9333 2987 9222 9335 
9393 9335 9222 2556 9325 
9394 9334 9335 9325 3044 
9395 1807 6808 9336 6090 
9396 6808 1893 9099 9336 
9397 9336 9099 3013 7800 
9398 6090 9336 7800 1953 
9399 1109 5543 9338 9337 
9400 5543 579 578 9338 
9401 9338 578 577 9305 
9402 9337 9338 9305 2866 
9403 2185 6305 9339 4942 
9404 6305 2186 8180 9339 
9405 9339 8180 3033 7492 
9406 4942 9339 7492 2184 
9407 1647 9340 9342 7584 
9408 9340 2875 9341 9342 
9409 9342 9341 1936 8578 
9410 7584 9342 8578 1201 
9411 1704 6653 9344 3149 
9412 6653 1705 8808 9344 
9413 9344 8808 3021 9343 
9414 3149 9344 9343 1883 
9415 669 668 9346 5311 
9416 668 667 8853 9346 
9417 9346 8853 3000 9345 
9418 5311 9346 9345 1047 
9419 1028 7747 9348 8127 
9420 7747 2580 9347 9348 
9421 9348 9347 2835 8585 
9422 8127 9348 8585 2496 
9423 17 536 9349 9064 
9424 536 537 8862 9349 
9425 9349 8862 2965 8982 
9426 9064 9349 8982 1035 
9427 2648 7580 9352 8260 
9428 7580 2096 9350 9352 
9429 9352 9350 2970 9351 
9430 8260 9352 9351 2692 
9431 2093 3292 9354 8476 
9432 3292 1085 9353 9354 
9433 9354 9353 3014 8783 
9434 8476 9354 8783 2754 
9435 2649 7248 9357 9356 
9436 7248 1956 9039 9357 
9437 9357 9039 2840 9355 
9438 9356 9357 9355 2913 
9439 1209 7962 9359 7523 
9440 7962 2654 9358 9359 
9441 9359 9358 3079 7080 
9442 7523 9359 7080 2607 
9443 2580 7868 9360 9347 
9444 7868 2581 8022 9360 
9445 9360 8022 1644 3285 
9446 9347 9360 3285 2835 
9447 1874 8954 9361 7657 
9448 8954 3014 9353 9361 
9449 9361 9353 1085 6390 
9450 7657 9361 6390 2603 
9451 1386 7638 9362 6628 
9452 7638 1388 8351 9362 
9453 9362 8351 2986 5253 
9454 6628 9362 5253 1387 
9455 1848 8296 9363 9123 
9456 8296 1849 3659 9363 
9457 9363 3659 2726 3391 
9458 9123 9363 3391 2132 
9459 2097 8160 9365 9364 
9460 8160 414 415 9365 
9461 9365 415 416 7759 
9462 9364 9365 7759 3038 
9463 2060 6327 9367 9268 
9464 6327 2058 9366 9367 
9465 9367 9366 2994 8838 
9466 9268 9367 8838 2952 
9467 2226 8812 9368 6919 
9468 8812 2228 7081 9368 
9469 9368 7081 3079 9288 
9470 6919 9368 9288 2820 
9471 1307 8797 9369 8705 
9472 8797 2590 8488 9369 
9473 9369 8488 2949 8418 
9474 8705 9369 8418 1435 
9475 2699 9251 9371 6754 
9476 9251 3084 9370 9371 
9477 9371 9370 1156 5062 
9478 6754 9371 5062 2388 
9479 1581 5972 9373 8211 
9480 5972 1651 8308 9373 
9481 9373 8308 3011 9372 
9482 8211 9373 9372 2713 
9483 2740 9374 9376 8244 
9484 9374 2837 9375 9376 
9485 9376 9375 2838 9011 
9486 8244 9376 9011 1837 
9487 1267 8328 9377 6733 
9488 8328 2734 8866 9377 
9489 9377 8866 2987 9333 
9490 6733 9377 9333 1282 
9491 1148 7206 9378 4773 
9492 7206 3041 8786 9378 
9493 9378 8786 177 178 
9494 4773 9378 178 179 
9495 2027 9379 9381 7947 
9496 9379 3056 9380 9381 
9497 9381 9380 489 3526 
9498 7947 9381 3526 1034 
9499 2875 9340 9382 9095 
9500 9340 1647 7100 9382 
9501 9382 7100 2540 4404 
9502 9095 9382 4404 2984 
9503 1781 6064 9383 6518 
9504 6064 1915 8371 9383 
9505 9383 8371 3004 8950 
9506 6518 9383 8950 2020 
9507 1990 8258 9385 8473 
9508 8258 1844 9384 9385 
9509 9385 9384 3071 7893 
9510 8473 9385 7893 2778 
9511 2730 4028 9387 9386 
9512 4028 1082 5783 9387 
9513 9387 5783 2487 4869 
9514 9386 9387 4869 3024 
9515 2095 7616 9389 9388 
9516 7616 1899 9084 9389 
9517 9389 9084 2871 8512 
9518 9388 9389 8512 2883 
9519 2077 7464 9390 6249 
9520 7464 2946 9265 9390 
9521 9390 9265 2839 8872 
9522 6249 9390 8872 1861 
9523 2207 5721 9391 7906 
9524 5721 2208 8515 9391 
9525 9391 8515 2999 8436 
9526 7906 9391 8436 2206 
9527 2143 8241 9392 4185 
9528 8241 3068 7994 9392 
9529 9392 7994 2473 5336 
9530 4185 9392 5336 1873 
9531 1770 5976 9393 5886 
9532 5976 1945 8650 9393 
9533 9393 8650 3020 8908 
9534 5886 9393 8908 1946 
9535 1313 3415 9395 9394 
9536 3415 2979 8326 9395 
9537 9395 8326 1269 5523 
9538 9394 9395 5523 1271 
9539 2430 5569 9396 5647 
9540 5569 2427 8253 9396 
9541 9396 8253 3047 8497 
9542 5647 9396 8497 2431 
9543 665 664 9398 9397 
9544 664 663 7475 9398 
9545 9398 7475 1051 3708 
9546 9397 9398 3708 3016 
9547 2387 5297 9400 8537 
9548 5297 1153 8019 9400 
9549 9400 8019 2681 9399 
9550 8537 9400 9399 3055 
9551 2110 9401 9403 4018 
9552 9401 2969 9402 9403 
9553 9403 9402 3075 9052 
9554 4018 9403 9052 1116 
9555 1865 3146 9404 9328 
9556 3146 2577 6631 9404 
9557 9404 6631 1040 9009 
9558 9328 9404 9009 3039 
9559 1840 4770 9405 8915 
9560 4770 2007 8827 9405 
9561 9405 8827 3058 8123 
9562 8915 9405 8123 2006 
9563 2029 7145 9407 9406 
9564 7145 2145 8630 9407 
9565 9407 8630 2982 8316 
9566 9406 9407 8316 2586 
9567 2107 3841 9409 9155 
9568 3841 3045 9408 9409 
9569 9409 9408 2638 7762 
9570 9155 9409 7762 1912 
9571 2158 4550 9411 4046 
9572 4550 3040 3577 9411 
9573 9411 3577 1720 9410 
9574 4046 9411 9410 3008 
9575 1384 3320 9413 6810 
9576 3320 2618 8794 9413 
9577 9413 8794 3074 9412 
9578 6810 9413 9412 1383 
9579 1924 7675 9414 7227 
9580 7675 2034 3237 9414 
9581 9414 3237 2998 8200 
9582 7227 9414 8200 1923 
9583 2662 9069 9416 7636 
9584 9069 1941 7444 9416 
9585 9416 7444 2073 9415 
9586 7636 9416 9415 2990 
9587 515 514 9417 3744 
9588 514 513 5796 9417 
9589 9417 5796 1081 8589 
9590 3744 9417 8589 3046 
9591 2634 5883 9419 4554 
9592 5883 2777 7808 9419 
9593 9419 7808 3065 9418 
9594 4554 9419 9418 1943 
9595 1285 9016 9422 8279 
9596 9016 1037 9420 9422 
9597 9422 9420 3001 9421 
9598 8279 9422 9421 2731 
9599 2671 8309 9423 8250 
9600 8309 1651 5971 9423 
9601 9423 5971 1583 8343 
9602 8250 9423 8343 3032 
9603 1728 5941 9425 7972 
9604 5941 2416 8337 9425 
9605 9425 8337 3053 9424 
9606 7972 9425 9424 1960 
9607 1603 9183 9427 8748 
9608 9183 2613 3811 9427 
9609 9427 3811 2901 9426 
9610 8748 9427 9426 1390 
9611 2425 5474 9429 8252 
9612 5474 2424 8817 9429 
9613 9429 8817 3064 9428 
9614 8252 9429 9428 2426 
9615 1064 3632 9432 9431 
9616 3632 2737 7910 9432 
9617 9432 7910 1921 9430 
9618 9431 9432 9430 3012 
9619 2510 5300 9433 3090 
9620 5300 1741 9297 9433 
9621 9433 9297 2974 9135 
9622 3090 9433 9135 2670 
9623 2294 5101 9434 8121 
9624 5101 1156 9370 9434 
9625 9434 9370 3084 8878 
9626 8121 9434 8878 2842 
9627 1836 5012 9435 7738 
9628 5012 1857 9028 9435 
9629 9435 9028 2868 5917 
9630 7738 9435 5917 2762 
9631 2139 4040 9436 3973 
9632 4040 2141 7554 9436 
9633 9436 7554 3088 8737 
9634 3973 9436 8737 2140 
9635 3049 7028 9439 9438 
9636 7028 2714 8659 9439 
9637 9439 8659 3087 9437 
9638 9438 9439 9437 1074 
9639 2832 5371 9443 9442 
9640 5371 2617 9440 9443 
9641 9443 9440 3066 9441 
9642 9442 9443 9441 1904 
9643 547 548 9445 9444 
9644 548 549 8302 9445 
9645 9445 8302 3049 9438 
9646 9444 9445 9438 1074 
9647 2793 9008 9447 3384 
9648 9008 2546 6613 9447 
9649 9447 6613 1739 9446 
9650 3384 9447 9446 3007 
9651 2404 3464 9448 6978 
9652 3464 1744 9311 9448 
9653 9448 9311 2977 9175 
9654 6978 9448 9175 2676 
9655 1640 8819 9451 9450 
9656 8819 1400 9449 9451 
9657 9451 9449 2959 7404 
9658 9450 9451 7404 2665 
9659 1378 6922 9452 8236 
9660 6922 1377 8095 9452 
9661 9452 8095 3036 8720 
9662 8236 9452 8720 1380 
9663 1237 7213 9454 6815 
9664 7213 1236 9453 9454 
9665 9454 9453 3081 8992 
9666 6815 9454 8992 1238 
9667 2819 6750 9455 8849 
9668 6750 2689 7830 9455 
9669 9455 7830 2921 9185 
9670 8849 9455 9185 2068 
9671 1623 7189 9456 6618 
9672 7189 1622 8573 9456 
9673 9456 8573 3008 9410 
9674 6618 9456 9410 1720 
9675 1734 6896 9457 3216 
9676 6896 2675 9230 9457 
9677 9457 9230 2990 9415 
9678 3216 9457 9415 2073 
9679 1966 9285 9459 7231 
9680 9285 1967 9458 9459 
9681 9459 9458 3054 3959 
9682 7231 9459 3959 2111 
9683 1941 7388 9460 7442 
9684 7388 1879 8675 9460 
9685 9460 8675 3017 8377 
9686 7442 9460 8377 1942 
9687 2514 5955 9461 7531 
9688 5955 1852 9177 9461 
9689 9461 9177 3037 9248 
9690 7531 9461 9248 2663 
9691 1129 7004 9462 7633 
9692 7004 1226 8652 9462 
9693 9462 8652 2997 8894 
9694 7633 9462 8894 2630 
9695 2058 6415 9464 9366 
9696 6415 2056 9463 9464 
9697 9464 9463 3034 8731 
9698 9366 9464 8731 2994 
9699 2195 9465 9467 8464 
9700 9465 2837 9374 9467 
9701 9467 9374 2740 9466 
9702 8464 9467 9466 2932 
9703 1991 9468 9470 7685 
9704 9468 2000 9469 9470 
9705 9470 9469 2924 5155 
9706 7685 9470 5155 1993 
9707 1271 6560 9471 9394 
9708 6560 1273 8742 9471 
9709 9471 8742 2995 6697 
9710 9394 9471 6697 1313 
9711 665 9397 9472 8851 
9712 9397 3016 3707 9472 
9713 9472 3707 2330 8173 
9714 8851 9472 8173 2794 
9715 1137 4148 9473 4321 
9716 4148 2113 8900 9473 
9717 9473 8900 2913 9355 
9718 4321 9473 9355 2840 
9719 1283 8468 9474 8401 
9720 8468 2933 9171 9474 
9721 9474 9171 2071 8188 
9722 8401 9474 8188 2948 
9723 2055 6324 9475 6414 
9724 6324 2054 7904 9475 
9725 9475 7904 3034 9463 
9726 6414 9475 9463 2056 
9727 2557 3153 9476 9324 
9728 3153 2608 7422 9476 
9729 9476 7422 1282 9334 
9730 9324 9476 9334 3044 
9731 2322 7062 9478 4482 
9732 7062 3077 9477 9478 
9733 9478 9477 3005 7814 
9734 4482 9478 7814 1479 
9735 2722 8108 9479 8940 
9736 8108 1374 7838 9479 
9737 9479 7838 2694 3440 
9738 8940 9479 3440 2935 
9739 1095 8398 9480 8395 
9740 8398 2816 8846 9480 
9741 9480 8846 2070 8928 
9742 8395 9480 8928 2861 
9743 3043 8987 9481 8841 
9744 8987 3063 6143 9481 
9745 9481 6143 2187 6306 
9746 8841 9481 6306 2188 
9747 1711 8073 9482 7682 
9748 8073 1634 8983 9482 
9749 9482 8983 2965 8861 
9750 7682 9482 8861 1988 
9751 1215 7439 9483 7103 
9752 7439 1224 8703 9483 
9753 9483 8703 3002 6073 
9754 7103 9483 6073 1233 
9755 1707 6659 9485 9145 
9756 6659 1814 8891 9485 
9757 9485 8891 3086 9484 
9758 9145 9485 9484 2704 
9759 1764 6043 9487 5913 
9760 6043 2537 8412 9487 
9761 9487 8412 3078 9486 
9762 5913 9487 9486 1850 
9763 2698 6104 9488 8902 
9764 6104 1940 6289 9488 
9765 9488 6289 1939 9071 
9766 8902 9488 9071 3031 
9767 2074 9096 9490 7272 
9768 9096 2091 7815 9490 
9769 9490 7815 3005 9489 
9770 7272 9490 9489 2018 
9771 2620 8734 9491 7548 
9772 8734 2741 9320 9491 
9773 9491 9320 3052 9211 
9774 7548 9491 9211 1910 
9775 2195 4859 9492 9465 
9776 4859 1057 9083 9492 
9777 9492 9083 2838 9375 
9778 9465 9492 9375 2837 
9779 1395 8622 9494 9493 
9780 8622 2989 9169 9494 
9781 9494 9169 1212 7908 
9782 9493 9494 7908 1221 
9783 2913 8899 9495 9356 
9784 8899 2957 8679 9495 
9785 9495 8679 1870 7627 
9786 9356 9495 7627 2649 
9787 1642 3377 9496 8857 
9788 3377 2115 9304 9496 
9789 9496 9304 2978 9062 
9790 8857 9496 9062 1398 
9791 1900 8324 9497 9110 
9792 8324 2730 9386 9497 
9793 9497 9386 3024 7197 
9794 9110 9497 7197 2428 
9795 1920 9194 9498 9315 
9796 9194 2776 8442 9498 
9797 9498 8442 1066 8587 
9798 9315 9498 8587 2878 
9799 489 9380 9500 490 
9800 9380 3056 9499 9500 
9801 9500 9499 2586 8315 
9802 490 9500 8315 491 
9803 2096 9201 9502 9350 
9804 9201 2969 9401 9502 
9805 9502 9401 2110 9501 
9806 9350 9502 9501 2970 
9807 2692 9351 9504 8118 
9808 9351 2970 9503 9504 
9809 9504 9503 2825 9207 
9810 8118 9504 9207 1696 
9811 1045 6069 9506 3552 
9812 6069 2706 9143 9506 
9813 9506 9143 3015 9505 
9814 3552 9506 9505 1965 
9815 2029 9406 9507 7457 
9816 9406 2586 9499 9507 
9817 9507 9499 3056 9379 
9818 7457 9507 9379 2027 
9819 1640 9450 9508 7854 
9820 9450 2665 3530 9508 
9821 9508 3530 2907 8667 
9822 7854 9508 8667 1948 
9823 2209 8388 9509 8437 
9824 8388 2981 8320 9509 
9825 9509 8320 2678 7941 
9826 8437 9509 7941 2205 
9827 2568 4348 9510 6480 
9828 4348 1363 9228 9510 
9829 9510 9228 2919 3944 
9830 6480 9510 3944 3003 
9831 2230 8571 9511 7777 
9832 8571 3018 8047 9511 
9833 9511 8047 3057 3310 
9834 7777 9511 3310 2232 
9835 2739 9512 9513 8570 
9836 9512 2966 3851 9513 
9837 9513 3851 2405 8048 
9838 8570 9513 8048 3018 
9839 1047 9345 9514 6889 
9840 9345 3000 8852 9514 
9841 9514 8852 2794 8172 
9842 6889 9514 8172 2331 
9843 2324 4934 9515 9319 
9844 4934 1062 8231 9515 
9845 9515 8231 2790 9212 
9846 9319 9515 9212 3052 
9847 1797 6899 9516 7327 
9848 6899 1965 9505 9516 
9849 9516 9505 3015 8330 
9850 7327 9516 8330 2611 
9851 1430 9517 9519 3875 
9852 9517 2000 9518 9519 
9853 9519 9518 3073 5019 
9854 3875 9519 5019 2791 
9855 1712 7296 9520 6928 
9856 7296 1677 8725 9520 
9857 9520 8725 3070 3163 
9858 6928 9520 3163 1794 
9859 1824 8157 9522 6718 
9860 8157 2771 9521 9522 
9861 9522 9521 3012 9430 
9862 6718 9522 9430 1921 
9863 1968 9286 9524 7252 
9864 9286 3006 9131 9524 
9865 9524 9131 2270 9523 
9866 7252 9524 9523 3082 
9867 1991 7806 9525 9468 
9868 7806 1990 8474 9525 
9869 9525 8474 3073 9518 
9870 9468 9525 9518 2000 
9871 1577 7426 9526 3248 
9872 7426 2713 9372 9526 
9873 9526 9372 3011 9261 
9874 3248 9526 9261 2396 
9875 2168 8700 9527 3711 
9876 8700 3076 9058 9527 
9877 9527 9058 2014 7242 
9878 3711 9527 7242 2013 
9879 1755 6973 9529 6426 
9880 6973 2652 8271 9529 
9881 9529 8271 3048 9528 
9882 6426 9529 9528 1914 
9883 1788 6777 9530 9196 
9884 6777 1943 9418 9530 
9885 9530 9418 3065 7785 
9886 9196 9530 7785 2595 
9887 1430 4227 9531 9517 
9888 4227 2178 8829 9531 
9889 9531 8829 2924 9469 
9890 9517 9531 9469 2000 
9891 1999 7274 9532 6880 
9892 7274 2017 3825 9532 
9893 9532 3825 3085 4009 
9894 6880 9532 4009 1998 
9895 2973 9294 9533 9191 
9896 9294 1742 8633 9533 
9897 9533 8633 3028 4845 
9898 9191 9533 4845 2673 
9899 2958 9534 9535 9275 
9900 9534 2851 9024 9535 
9901 9535 9024 2836 8114 
9902 9275 9535 8114 1122 
9903 2851 9534 9536 8218 
9904 9534 2958 8708 9536 
9905 9536 8708 3007 9446 
9906 8218 9536 9446 1739 
9907 3001 8694 9538 9421 
9908 8694 2940 9537 9538 
9909 9538 9537 2770 4615 
9910 9421 9538 4615 2731 
9911 1999 6881 9540 9151 
9912 6881 1027 3333 9540 
9913 9540 3333 2956 9539 
9914 9151 9540 9539 2954 
9915 1702 8613 9543 7932 
9916 8613 2738 9541 9543 
9917 9543 9541 3060 9542 
9918 7932 9543 9542 1901 
9919 2738 8548 9545 9541 
9920 8548 1853 7010 9545 
9921 9545 7010 2895 9544 
9922 9541 9545 9544 3060 
9923 1918 9546 9547 8226 
9924 9546 3035 8099 9547 
9925 9547 8099 1897 7536 
9926 8226 9547 7536 1731 
9927 1643 7265 9548 8243 
9928 7265 1759 3669 9548 
9929 9548 3669 2932 9466 
9930 8243 9548 9466 2740 
9931 2643 7822 9549 8963 
9932 7822 1456 5070 9549 
9933 9549 5070 2764 9234 
9934 8963 9549 9234 2983 
9935 3005 9477 9550 9489 
9936 9477 3077 3566 9550 
9937 9550 3566 2017 7273 
9938 9489 9550 7273 2018 
9939 1064 9431 9551 5016 
9940 9431 3012 9521 9551 
9941 9551 9521 2771 4197 
9942 5016 9551 4197 2267 
9943 2854 7973 9552 9108 
9944 7973 1960 9424 9552 
9945 9552 9424 3053 8758 
9946 9108 9552 8758 2961 
9947 1115 7052 9553 8686 
9948 7052 2717 3880 9553 
9949 9553 3880 1914 9528 
9950 8686 9553 9528 3048 
9951 1624 8834 9554 9193 
9952 8834 1396 9281 9554 
9953 9554 9281 2945 7725 
9954 9193 9554 7725 2683 
9955 1875 3225 9556 3758 
9956 3225 2963 9555 9556 
9957 9556 9555 1038 8920 
9958 3758 9556 8920 18 
9959 2617 6355 9558 9440 
9960 6355 1058 3356 9558 
9961 9558 3356 2625 9557 
9962 9440 9558 9557 3066 
9963 1777 6836 9559 7393 
9964 6836 1904 9441 9559 
9965 9559 9441 3066 9557 
9966 7393 9559 9557 2625 
9967 2478 5555 9560 9162 
9968 5555 2474 3940 9560 
9969 9560 3940 2704 9484 
9970 9162 9560 9484 3086 
9971 15 771 9562 9561 
9972 771 28 9301 9562 
9973 9562 9301 3001 9420 
9974 9561 9562 9420 1037 
9975 1758 6543 9564 7417 
9976 6543 1934 9563 9564 
9977 9564 9563 3061 8663 
9978 7417 9564 8663 2660 
9979 1286 8755 9567 9566 
9980 8755 2691 9565 9567 
9981 9567 9565 3010 9236 
9982 9566 9567 9236 2025 
9983 1291 7795 9568 8754 
9984 7795 1680 8805 9568 
9985 9568 8805 3010 9565 
9986 8754 9568 9565 2691 
9987 1845 7804 9569 8693 
9988 7804 1992 3498 9569 
9989 9569 3498 2770 9537 
9990 8693 9569 9537 2940 
9991 1216 7127 9571 7833 
9992 7127 1225 9570 9571 
9993 9571 9570 3069 5072 
9994 7833 9571 5072 2647 
9995 2109 9330 9572 4017 
9996 9330 2825 9503 9572 
9997 9572 9503 2970 9501 
9998 4017 9572 9501 2110 
9999 2609 7072 9573 8097 
10000 7072 1894 8980 9573 
10001 9573 8980 3055 9399 
10002 8097 9573 9399 2681 
10003 1904 6835 9574 9442 
10004 6835 1903 9158 9574 
10005 9574 9158 2915 9331 
10006 9442 9574 9331 2832 
10007 1221 7811 9575 9493 
10008 7811 1365 8994 9575 
10009 9575 8994 3080 9121 
10010 9493 9575 9121 1395 
10011 101 4359 9576 7330 
10012 4359 1031 7744 9576 
10013 9576 7744 3025 9189 
10014 7330 9576 9189 2166 
10015 1207 7105 9577 7950 
10016 7105 2584 9289 9577 
10017 9577 9289 3079 9358 
10018 7950 9577 9358 2654 
10019 2964 7254 9578 9241 
10020 7254 2926 3900 9578 
10021 9578 3900 2829 8844 
10022 9241 9578 8844 2299 
10023 1918 8948 9579 9546 
10024 8948 3050 9080 9579 
10025 9579 9080 2338 8100 
10026 9546 9579 8100 3035 
10027 1877 8102 9580 8674 
10028 8102 2803 8714 9580 
10029 9580 8714 2491 8378 
10030 8674 9580 8378 3017 
10031 1843 9300 9581 8257 
10032 9300 1026 8334 9581 
10033 9581 8334 3071 9384 
10034 8257 9581 9384 1844 
10035 2956 9582 9583 9539 
10036 9582 1936 9341 9583 
10037 9583 9341 2875 9152 
10038 9539 9583 9152 2954 
10039 2216 3907 9585 9219 
10040 3907 2218 3242 9585 
10041 9585 3242 2971 9584 
10042 9219 9585 9584 2792 
10043 1609 9220 9586 7693 
10044 9220 2792 9584 9586 
10045 9586 9584 2971 8985 
10046 7693 9586 8985 2600 
10047 2372 9103 9587 3934 
10048 9103 2308 9164 9587 
10049 9587 9164 2991 8796 
10050 3934 9587 8796 1311 
10051 2099 4696 9589 7334 
10052 4696 2863 3848 9589 
10053 9589 3848 2966 9588 
10054 7334 9589 9588 2100 
10055 2182 7493 9590 4397 
10056 7493 3033 8179 9590 
10057 9590 8179 1672 8647 
10058 4397 9590 8647 2815 
10059 1948 8669 9592 7855 
10060 8669 2843 9591 9592 
10061 9592 9591 2975 3454 
10062 7855 9592 3454 1994 
10063 1936 9582 9593 8643 
10064 9582 2956 3332 9593 
10065 9593 3332 19 8922 
10066 8643 9593 8922 1193 
10067 1873 5335 9594 4182 
10068 5335 1872 8362 9594 
10069 9594 8362 2980 9044 
10070 4182 9594 9044 2787 
10071 2572 3336 9595 3228 
10072 3336 1196 9018 9595 
10073 9595 9018 1038 9555 
10074 3228 9595 9555 2963 
10075 1080 8466 9596 8912 
10076 8466 2751 5059 9596 
10077 9596 5059 2426 9428 
10078 8912 9596 9428 3064 
10079 1053 3640 9597 7758 
10080 3640 2848 8938 9597 
10081 9597 8938 2097 9364 
10082 7758 9597 9364 3038 
10083 1759 7775 9599 3666 
10084 7775 2638 9408 9599 
10085 9599 9408 3045 9598 
10086 3666 9599 9598 2955 
10087 2607 7079 9600 7524 
10088 7079 2850 8640 9600 
10089 9600 8640 3069 9570 
10090 7524 9600 9570 1225 
10091 2296 7521 9601 4082 
10092 7521 2859 9127 9601 
10093 9601 9127 3061 9563 
10094 4082 9601 9563 1934 
10095 1110 4099 9602 8668 
10096 4099 2024 9173 9602 
10097 9602 9173 2975 9591 
10098 8668 9602 9591 2843 
10099 1851 5925 9603 8762 
10100 5925 1850 9486 9603 
10101 9603 9486 3078 8681 
10102 8762 9603 8681 2415 
10103 1143 3323 9604 9263 
10104 3323 2937 9272 9604 
10105 9604 9272 1974 5095 
10106 9263 9604 5095 1972 
10107 1908 9078 9605 9093 
10108 9078 2893 8932 9605 
10109 9605 8932 1041 9087 
10110 9093 9605 9087 2967 
10111 1286 9566 9607 9014 
10112 9566 2025 6580 9607 
10113 9607 6580 3051 9606 
10114 9014 9607 9606 1284 
10115 1698 4655 9608 6876 
10116 4655 3062 4398 9608 
10117 9608 4398 2815 8646 
10118 6876 9608 8646 2438 
10119 547 9444 9609 7679 
10120 9444 1074 9437 9609 
10121 9609 9437 3087 9216 
10122 7679 9609 9216 2772 
10123 1901 9542 9610 3187 
10124 9542 3060 9544 9610 
10125 9610 9544 2895 9203 
10126 3187 9610 9203 2587 
10127 2739 9226 9611 9512 
10128 9226 2951 9283 9611 
10129 9611 9283 2100 9588 
10130 9512 9611 9588 2966 
10131 2177 4963 9612 3115 
10132 4963 2079 6698 9612 
10133 9612 6698 2995 8741 
10134 3115 9612 8741 1275 
10135 2033 9214 9613 3375 
10136 9214 3019 3938 9613 
10137 9613 3938 1109 9337 
10138 3375 9613 9337 2866 
10139 1037 9015 9614 9561 
10140 9015 1284 9606 9614 
10141 9614 9606 3051 3524 
10142 9561 9614 3524 15 
10143 2275 3422 9615 8267 
10144 3422 2855 8996 9615 
10145 9615 8996 1383 9412 
10146 8267 9615 9412 3074 
10147 1133 8779 9617 8864 
10148 8779 3030 9616 9617 
10149 9617 9616 3081 9453 
10150 8864 9617 9453 1236 
10151 2270 4880 9618 9523 
10152 4880 2390 3901 9618 
10153 9618 3901 2926 7253 
10154 9523 9618 7253 3082 
10155 2969 9200 9619 9402 
10156 9200 2095 9388 9619 
10157 9619 9388 2883 4075 
10158 9402 9619 4075 3075 
10159 1883 9343 9620 4383 
10160 9343 3021 3572 9620 
10161 9620 3572 2369 9255 
10162 4383 9620 9255 2985 
10163 2196 3667 9621 4567 
10164 3667 2955 9598 9621 
10165 9621 9598 3045 3840 
10166 4567 9621 3840 1120 
10167 1608 7992 9622 6378 
10168 7992 2925 9317 9622 
10169 9622 9317 1884 8583 
10170 6378 9622 8583 3067 
10171 1967 7953 9623 9458 
10172 7953 3009 9253 9623 
10173 9623 9253 1331 3960 
10174 9458 9623 3960 3054 
10175 1917 5110 9624 9149 
10176 5110 2367 4898 9624 
10177 9624 4898 3081 9616 
10178 9149 9624 9616 3030 
10179 745 9148 9625 746 
10180 9148 2748 8780 9625 
10181 9625 8780 26 747 
10182 746 9625 747 2 
10183 1390 9426 9626 4171 
10184 9426 2901 3810 9626 
10185 9626 3810 3 719 
10186 4171 9626 719 25 
10187 709 7726 9627 710 
10188 7726 2945 9280 9627 
10189 9627 9280 24 711 
10190 710 9627 711 4 
10191 677 7661 9628 678 
10192 7661 2818 8607 9628 
10193 9628 8607 22 679 
10194 678 9628 679 6 
10195 1400 3844 9629 9449 
10196 3844 16 535 9629 
10197 9629 535 9 7405 
10198 9449 9629 7405 2959 
10199 577 576 9630 9306 
10200 576 10 575 9630 
10201 9630 575 17 9063 
10202 9306 9630 9063 2978 
10203 1 755 9631 756 
10204 755 27 8115 9631 
10205 9631 8115 2836 9025 
10206 756 9631 9025 757 
$EndElements
