$MeshFormat
4.1 0 8
$EndMeshFormat
$PhysicalNames
11
1 11 "Inlet"
1 12 "Outlet"
1 13 "Walls"
1 14 "SolidInterfaces"
2 1 "Fluid"
2 2 "PCB"
2 3 "Component_1"
2 4 "Component_2"
2 5 "Component_3"
2 6 "Component_4"
2 7 "Component_5"
$EndPhysicalNames
$Entities
28 33 7 0
9 3.710742458542791 2.770279968157411 0 0 
10 4.439288682462666 2.770279968157411 0 0 
13 7.565388584182109 2.770279968157411 0 0 
14 8.484621796153043 2.770279968157411 0 0 
17 11.50002248765262 2.770279968157411 0 0 
18 12.44996713201222 2.770279968157411 0 0 
21 15.64233249169509 2.770279968157411 0 0 
22 16.20763636729945 2.770279968157411 0 0 
25 8.237473678301573 2.229720031842589 0 0 
26 11.76252632169843 2.229720031842589 0 0 
27 0 0 0 0 
28 20 0 0 0 
29 0 5 0 0 
30 20 5 0 0 
31 2.100020760670305 2.229720031842589 0 0 
32 8.237473678301573 1.602177582205484 0 0 
33 11.76252632169843 1.602177582205484 0 0 
34 17.8999792393297 2.229720031842589 0 0 
35 17.8999792393297 2.770279968157411 0 0 
36 16.20763636729945 3.438435631646101 0 0 
37 15.64233249169509 3.438435631646101 0 0 
38 12.44996713201222 3.55895912647318 0 0 
39 11.50002248765262 3.55895912647318 0 0 
40 8.484621796153043 3.484769992681191 0 0 
41 7.565388584182109 3.484769992681191 0 0 
42 4.439288682462666 3.482287570011539 0 0 
43 3.710742458542791 3.482287570011539 0 0 
44 2.100020760670305 2.770279968157411 0 0 
9 3.71074235854279 2.77027986815741 -1.000000008881784e-07 4.439288782462667 2.770280068157411 1.000000008881784e-07 1 14 2 9 -10 
13 7.565388484182109 2.770279868157411 -1e-07 8.484621896153042 2.77028006815741 1e-07 1 14 2 13 -14 
17 11.50002238765262 2.770279868157411 -1e-07 12.44996723201222 2.77028006815741 1e-07 1 14 2 17 -18 
21 15.64233239169509 2.770279868157411 -1e-07 16.20763646729946 2.77028006815741 1e-07 1 14 2 21 -22 
25 8.237473578301573 2.22971993184259 -1e-07 11.76252642169843 2.229720131842589 1e-07 1 14 2 25 -26 
26 -9.99999993922529e-08 -1e-07 -1e-07 20.0000001 1e-07 1e-07 1 13 2 27 -28 
27 -1e-07 -9.999999983634211e-08 -1e-07 1e-07 5.0000001 1e-07 1 11 2 29 -27 
28 19.9999999 -9.999999983634211e-08 -1e-07 20.0000001 5.0000001 1e-07 1 12 2 28 -30 
29 -9.99999993922529e-08 4.9999999 -1e-07 20.0000001 5.0000001 1e-07 1 13 2 30 -29 
30 2.100020660670305 2.22971993184259 -1e-07 8.237473778301572 2.229720131842589 1e-07 1 14 2 31 -25 
31 8.237473578301573 1.602177482205484 -1e-07 8.237473778301572 2.229720131842589 1e-07 1 14 2 32 -25 
32 8.237473578301573 1.602177482205484 -1e-07 11.76252642169843 1.602177682205484 1e-07 1 14 2 33 -32 
33 11.76252622169843 1.602177482205484 -1e-07 11.76252642169843 2.229720131842589 1e-07 1 14 2 26 -33 
34 11.76252622169843 2.22971993184259 -1e-07 17.8999793393297 2.229720131842589 1e-07 1 14 2 26 -34 
35 17.89997913932969 2.22971993184259 -1e-07 17.8999793393297 2.77028006815741 1e-07 1 14 2 34 -35 
36 16.20763626729945 2.770279868157411 -1e-07 17.8999793393297 2.77028006815741 1e-07 1 14 2 35 -22 
37 16.20763626729945 2.770279868157411 -1e-07 16.20763646729946 3.438435731646101 1e-07 1 14 2 22 -36 
38 15.64233239169509 3.438435531646101 -1e-07 16.20763646729946 3.438435731646101 1e-07 1 14 2 36 -37 
39 15.64233239169509 2.770279868157411 -1e-07 15.64233259169509 3.438435731646101 1e-07 1 14 2 37 -21 
40 12.44996703201222 2.770279868157411 -1e-07 15.64233259169509 2.77028006815741 1e-07 1 14 2 21 -18 
41 12.44996703201222 2.770279868157411 -1e-07 12.44996723201222 3.55895922647318 1e-07 1 14 2 18 -38 
42 11.50002238765262 3.55895902647318 -1e-07 12.44996723201222 3.55895922647318 1e-07 1 14 2 38 -39 
43 11.50002238765262 2.770279868157411 -1e-07 11.50002258765262 3.55895922647318 1e-07 1 14 2 39 -17 
44 8.484621696153043 2.770279868157411 -1e-07 11.50002258765262 2.77028006815741 1e-07 1 14 2 17 -14 
45 8.484621696153043 2.770279868157411 -1e-07 8.484621896153042 3.48477009268119 1e-07 1 14 2 14 -40 
46 7.565388484182109 3.484769892681191 -1e-07 8.484621896153042 3.48477009268119 1e-07 1 14 2 40 -41 
47 7.565388484182109 2.770279868157411 -1e-07 7.56538868418211 3.48477009268119 1e-07 1 14 2 41 -13 
48 4.439288582462667 2.770279868157411 -1e-07 7.56538868418211 2.77028006815741 1e-07 1 14 2 13 -10 
49 4.439288582462666 2.770279868157411 -1e-07 4.439288782462667 3.482287670011539 1e-07 1 14 2 10 -42 
50 3.710742358542791 3.482287470011539 -1e-07 4.439288782462667 3.482287670011539 1e-07 1 14 2 42 -43 
51 3.710742358542791 2.770279868157411 -1e-07 3.71074255854279 3.482287670011539 1e-07 1 14 2 43 -9 
52 2.100020660670304 2.770279868157411 -1e-07 3.710742558542791 2.77028006815741 1e-07 1 14 2 9 -44 
53 2.100020660670305 2.22971993184259 -1e-07 2.100020860670305 2.77028006815741 1e-07 1 14 2 44 -31 
2 2.100020660670303 2.229719931842589 -1.000000008881784e-07 17.8999793393297 2.770280068157411 1.000000008881784e-07 1 2 14 53 30 25 34 35 36 -21 40 -17 44 -13 48 -9 52 
3 3.71074235854279 2.77027986815741 -1.000000008881784e-07 4.439288782462667 3.482287670011539 1.000000008881784e-07 1 3 4 9 49 50 51 
4 7.565388484182109 2.770279868157411 -1e-07 8.484621896153042 3.48477009268119 1e-07 1 4 4 13 45 46 47 
5 11.50002238765262 2.770279868157411 -1e-07 12.44996723201222 3.55895922647318 1e-07 1 5 4 17 41 42 43 
6 15.64233239169509 2.770279868157411 -1e-07 16.20763646729946 3.438435731646101 1e-07 1 6 4 21 37 38 39 
7 8.237473578301573 1.602177482205484 -1e-07 11.76252642169843 2.229720131842589 1e-07 1 7 4 25 33 32 31 
8 -9.99999993922529e-08 -9.999999983634211e-08 -1e-07 20.0000001 5.0000001 1e-07 1 1 28 26 28 29 27 -30 -53 -52 -51 -50 -49 -48 -47 -46 -45 -44 -43 -42 -41 -40 -39 -38 -37 -36 -35 -34 33 32 31 
$EndEntities
$Nodes
68 10101 1 10101
0 9 0 1
1
3.710742458542791 2.770279968157411 0
0 10 0 1
2
4.439288682462666 2.770279968157411 0
0 13 0 1
3
7.565388584182109 2.770279968157411 0
0 14 0 1
4
8.484621796153043 2.770279968157411 0
0 17 0 1
5
11.50002248765262 2.770279968157411 0
0 18 0 1
6
12.44996713201222 2.770279968157411 0
0 21 0 1
7
15.64233249169509 2.770279968157411 0
0 22 0 1
8
16.20763636729945 2.770279968157411 0
0 25 0 1
9
8.237473678301573 2.229720031842589 0
0 26 0 1
10
11.76252632169843 2.229720031842589 0
0 27 0 1
11
0 0 0
0 28 0 1
12
20 0 0
0 29 0 1
13
0 5 0
0 30 0 1
14
20 5 0
0 31 0 1
15
2.100020760670305 2.229720031842589 0
0 32 0 1
16
8.237473678301573 1.602177582205484 0
0 33 0 1
17
11.76252632169843 1.602177582205484 0
0 34 0 1
18
17.8999792393297 2.229720031842589 0
0 35 0 1
19
17.8999792393297 2.770279968157411 0
0 36 0 1
20
16.20763636729945 3.438435631646101 0
0 37 0 1
21
15.64233249169509 3.438435631646101 0
0 38 0 1
22
12.44996713201222 3.55895912647318 0
0 39 0 1
23
11.50002248765262 3.55895912647318 0
0 40 0 1
24
8.484621796153043 3.484769992681191 0
0 41 0 1
25
7.565388584182109 3.484769992681191 0
0 42 0 1
26
4.439288682462666 3.482287570011539 0
0 43 0 1
27
3.710742458542791 3.482287570011539 0
0 44 0 1
28
2.100020760670305 2.770279968157411 0
1 9 0 7
29
30
31
32
33
34
35
3.801810736532775 2.770279968157411 0
3.89287901452276 2.770279968157411 0
3.983947292512744 2.770279968157411 0
4.075015570502728 2.770279968157411 0
4.166083848492713 2.770279968157411 0
4.257152126482698 2.770279968157411 0
4.348220404472682 2.770279968157411 0
1 13 0 7
36
37
38
39
40
41
42
7.680292735678476 2.770279968157411 0
7.795196887174843 2.770279968157411 0
7.910101038671209 2.770279968157411 0
8.025005190167576 2.770279968157411 0
8.139909341663943 2.770279968157411 0
8.254813493160309 2.770279968157411 0
8.369717644656676 2.770279968157411 0
1 17 0 7
43
44
45
46
47
48
49
11.61876556819757 2.770279968157411 0
11.73750864874252 2.770279968157411 0
11.85625172928747 2.770279968157411 0
11.97499480983242 2.770279968157411 0
12.09373789037737 2.770279968157411 0
12.21248097092232 2.770279968157411 0
12.33122405146727 2.770279968157411 0
1 21 0 7
50
51
52
53
54
55
56
15.71299547614564 2.770279968157411 0
15.78365846059618 2.770279968157411 0
15.85432144504673 2.770279968157411 0
15.92498442949727 2.770279968157411 0
15.99564741394782 2.770279968157411 0
16.06631039839836 2.770279968157411 0
16.13697338284891 2.770279968157411 0
1 25 0 31
57
58
59
60
61
62
63
64
65
66
67
68
69
70
71
72
73
74
75
76
77
78
79
80
81
82
83
84
85
86
87
8.347631573407725 2.229720031842589 0
8.457789468513877 2.229720031842589 0
8.567947363620029 2.229720031842589 0
8.67810525872618 2.229720031842589 0
8.788263153832331 2.229720031842589 0
8.898421048938483 2.229720031842589 0
9.008578944044634 2.229720031842589 0
9.118736839150786 2.229720031842589 0
9.228894734256938 2.229720031842589 0
9.33905262936309 2.229720031842589 0
9.449210524469242 2.229720031842589 0
9.559368419575392 2.229720031842589 0
9.669526314681544 2.229720031842589 0
9.779684209787696 2.229720031842589 0
9.889842104893848 2.229720031842589 0
10 2.229720031842589 0
10.11015789510615 2.229720031842589 0
10.2203157902123 2.229720031842589 0
10.33047368531846 2.229720031842589 0
10.44063158042461 2.229720031842589 0
10.55078947553076 2.229720031842589 0
10.66094737063691 2.229720031842589 0
10.77110526574306 2.229720031842589 0
10.88126316084921 2.229720031842589 0
10.99142105595537 2.229720031842589 0
11.10157895106152 2.229720031842589 0
11.21173684616767 2.229720031842589 0
11.32189474127382 2.229720031842589 0
11.43205263637997 2.229720031842589 0
11.54221053148612 2.229720031842589 0
11.65236842659228 2.229720031842589 0
1 26 0 159
88
89
90
91
92
93
94
95
96
97
98
99
100
101
102
103
104
105
106
107
108
109
110
111
112
113
114
115
116
117
118
119
120
121
122
123
124
125
126
127
128
129
130
131
132
133
134
135
136
137
138
139
140
141
142
143
144
145
146
147
148
149
150
151
152
153
154
155
156
157
158
159
160
161
162
163
164
165
166
167
168
169
170
171
172
173
174
175
176
177
178
179
180
181
182
183
184
185
186
187
188
189
190
191
192
193
194
195
196
197
198
199
200
201
202
203
204
205
206
207
208
209
210
211
212
213
214
215
216
217
218
219
220
221
222
223
224
225
226
227
228
229
230
231
232
233
234
235
236
237
238
239
240
241
242
243
244
245
246
0.125 0 0
0.25 0 0
0.375 0 0
0.5 0 0
0.625 0 0
0.75 0 0
0.875 0 0
1 0 0
1.125 0 0
1.25 0 0
1.375 0 0
1.5 0 0
1.625 0 0
1.75 0 0
1.875 0 0
2 0 0
2.125 0 0
2.25 0 0
2.375 0 0
2.5 0 0
2.625 0 0
2.75 0 0
2.875 0 0
3 0 0
3.125 0 0
3.25 0 0
3.375 0 0
3.5 0 0
3.625 0 0
3.75 0 0
3.875 0 0
4 0 0
4.125 0 0
4.25 0 0
4.375 0 0
4.5 0 0
4.625 0 0
4.75 0 0
4.875 0 0
5 0 0
5.125 0 0
5.25 0 0
5.375 0 0
5.5 0 0
5.625 0 0
5.75 0 0
5.875 0 0
6 0 0
6.125 0 0
6.25 0 0
6.375 0 0
6.5 0 0
6.625 0 0
6.75 0 0
6.875 0 0
7 0 0
7.125 0 0
7.25 0 0
7.375 0 0
7.5 0 0
7.625 0 0
7.75 0 0
7.875 0 0
8 0 0
8.125 0 0
8.25 0 0
8.375 0 0
8.5 0 0
8.625 0 0
8.75 0 0
8.875 0 0
9 0 0
9.125 0 0
9.25 0 0
9.375 0 0
9.5 0 0
9.625 0 0
9.75 0 0
9.875 0 0
10 0 0
10.125 0 0
10.25 0 0
10.375 0 0
10.5 0 0
10.625 0 0
10.75 0 0
10.875 0 0
11 0 0
11.125 0 0
11.25 0 0
11.375 0 0
11.5 0 0
11.625 0 0
11.75 0 0
11.875 0 0
12 0 0
12.125 0 0
12.25 0 0
12.375 0 0
12.5 0 0
12.625 0 0
12.75 0 0
12.875 0 0
13 0 0
13.125 0 0
13.25 0 0
13.375 0 0
13.5 0 0
13.625 0 0
13.75 0 0
13.875 0 0
14 0 0
14.125 0 0
14.25 0 0
14.375 0 0
14.5 0 0
14.625 0 0
14.75 0 0
14.875 0 0
15 0 0
15.125 0 0
15.25 0 0
15.375 0 0
15.5 0 0
15.625 0 0
15.75 0 0
15.875 0 0
16 0 0
16.125 0 0
16.25 0 0
16.375 0 0
16.5 0 0
16.625 0 0
16.75 0 0
16.875 0 0
17 0 0
17.125 0 0
17.25 0 0
17.375 0 0
17.5 0 0
17.625 0 0
17.75 0 0
17.875 0 0
18 0 0
18.125 0 0
18.25 0 0
18.375 0 0
18.5 0 0
18.625 0 0
18.75 0 0
18.875 0 0
19 0 0
19.125 0 0
19.25 0 0
19.375 0 0
19.5 0 0
19.625 0 0
19.75 0 0
19.875 0 0
1 27 0 39
247
248
249
250
251
252
253
254
255
256
257
258
259
260
261
262
263
264
265
266
267
268
269
270
271
272
273
274
275
276
277
278
279
280
281
282
283
284
285
0 4.875 0
0 4.75 0
0 4.625 0
0 4.5 0
0 4.375 0
0 4.25 0
0 4.125 0
0 4 0
0 3.875 0
0 3.75 0
0 3.625 0
0 3.5 0
0 3.375 0
0 3.25 0
0 3.125 0
0 3 0
0 2.875 0
0 2.75 0
0 2.625 0
0 2.5 0
0 2.375 0
0 2.25 0
0 2.125 0
0 2 0
0 1.875 0
0 1.75 0
0 1.625 0
0 1.5 0
0 1.375 0
0 1.25 0
0 1.125 0
0 1 0
0 0.875 0
0 0.75 0
0 0.625 0
0 0.5 0
0 0.375 0
0 0.25 0
0 0.125 0
1 28 0 39
286
287
288
289
290
291
292
293
294
295
296
297
298
299
300
301
302
303
304
305
306
307
308
309
310
311
312
313
314
315
316
317
318
319
320
321
322
323
324
20 0.125 0
20 0.25 0
20 0.375 0
20 0.5 0
20 0.625 0
20 0.75 0
20 0.875 0
20 1 0
20 1.125 0
20 1.25 0
20 1.375 0
20 1.5 0
20 1.625 0
20 1.75 0
20 1.875 0
20 2 0
20 2.125 0
20 2.25 0
20 2.375 0
20 2.5 0
20 2.625 0
20 2.75 0
20 2.875 0
20 3 0
20 3.125 0
20 3.25 0
20 3.375 0
20 3.5 0
20 3.625 0
20 3.75 0
20 3.875 0
20 4 0
20 4.125 0
20 4.25 0
20 4.375 0
20 4.5 0
20 4.625 0
20 4.75 0
20 4.875 0
1 29 0 159
325
326
327
328
329
330
331
332
333
334
335
336
337
338
339
340
341
342
343
344
345
346
347
348
349
350
351
352
353
354
355
356
357
358
359
360
361
362
363
364
365
366
367
368
369
370
371
372
373
374
375
376
377
378
379
380
381
382
383
384
385
386
387
388
389
390
391
392
393
394
395
396
397
398
399
400
401
402
403
404
405
406
407
408
409
410
411
412
413
414
415
416
417
418
419
420
421
422
423
424
425
426
427
428
429
430
431
432
433
434
435
436
437
438
439
440
441
442
443
444
445
446
447
448
449
450
451
452
453
454
455
456
457
458
459
460
461
462
463
464
465
466
467
468
469
470
471
472
473
474
475
476
477
478
479
480
481
482
483
19.875 5 0
19.75 5 0
19.625 5 0
19.5 5 0
19.375 5 0
19.25 5 0
19.125 5 0
19 5 0
18.875 5 0
18.75 5 0
18.625 5 0
18.5 5 0
18.375 5 0
18.25 5 0
18.125 5 0
18 5 0
17.875 5 0
17.75 5 0
17.625 5 0
17.5 5 0
17.375 5 0
17.25 5 0
17.125 5 0
17 5 0
16.875 5 0
16.75 5 0
16.625 5 0
16.5 5 0
16.375 5 0
16.25 5 0
16.125 5 0
16 5 0
15.875 5 0
15.75 5 0
15.625 5 0
15.5 5 0
15.375 5 0
15.25 5 0
15.125 5 0
15 5 0
14.875 5 0
14.75 5 0
14.625 5 0
14.5 5 0
14.375 5 0
14.25 5 0
14.125 5 0
14 5 0
13.875 5 0
13.75 5 0
13.625 5 0
13.5 5 0
13.375 5 0
13.25 5 0
13.125 5 0
13 5 0
12.875 5 0
12.75 5 0
12.625 5 0
12.5 5 0
12.375 5 0
12.25 5 0
12.125 5 0
12 5 0
11.875 5 0
11.75 5 0
11.625 5 0
11.5 5 0
11.375 5 0
11.25 5 0
11.125 5 0
11 5 0
10.875 5 0
10.75 5 0
10.625 5 0
10.5 5 0
10.375 5 0
10.25 5 0
10.125 5 0
10 5 0
9.875 5 0
9.75 5 0
9.625 5 0
9.5 5 0
9.375 5 0
9.25 5 0
9.125 5 0
9 5 0
8.875 5 0
8.75 5 0
8.625 5 0
8.5 5 0
8.375 5 0
8.25 5 0
8.125 5 0
8 5 0
7.875 5 0
7.75 5 0
7.625 5 0
7.5 5 0
7.375 5 0
7.25 5 0
7.125 5 0
7 5 0
6.875 5 0
6.75 5 0
6.625 5 0
6.5 5 0
6.375 5 0
6.25 5 0
6.125 5 0
6 5 0
5.875 5 0
5.75 5 0
5.625 5 0
5.5 5 0
5.375 5 0
5.25 5 0
5.125 5 0
5 5 0
4.875 5 0
4.75 5 0
4.625 5 0
4.5 5 0
4.375 5 0
4.25 5 0
4.125 5 0
4 5 0
3.875 5 0
3.75 5 0
3.625 5 0
3.5 5 0
3.375 5 0
3.25 5 0
3.125 5 0
3 5 0
2.875 5 0
2.75 5 0
2.625 5 0
2.5 5 0
2.375 5 0
2.25 5 0
2.125 5 0
2 5 0
1.875 5 0
1.75 5 0
1.625 5 0
1.5 5 0
1.375 5 0
1.25 5 0
1.125 5 0
1 5 0
0.875 5 0
0.75 5 0
0.625 5 0
0.5 5 0
0.375 5 0
0.25 5 0
0.125 5 0
1 30 0 51
484
485
486
487
488
489
490
491
492
493
494
495
496
497
498
499
500
501
502
503
504
505
506
507
508
509
510
511
512
513
514
515
516
517
518
519
520
521
522
523
524
525
526
527
528
529
530
531
532
533
534
2.218048701393983 2.229720031842589 0
2.336076642117661 2.229720031842589 0
2.45410458284134 2.229720031842589 0
2.572132523565018 2.229720031842589 0
2.690160464288696 2.229720031842589 0
2.808188405012374 2.229720031842589 0
2.926216345736052 2.229720031842589 0
3.044244286459731 2.229720031842589 0
3.162272227183409 2.229720031842589 0
3.280300167907087 2.229720031842589 0
3.398328108630765 2.229720031842589 0
3.516356049354444 2.229720031842589 0
3.634383990078122 2.229720031842589 0
3.7524119308018 2.229720031842589 0
3.870439871525478 2.229720031842589 0
3.988467812249157 2.229720031842589 0
4.106495752972835 2.229720031842589 0
4.224523693696513 2.229720031842589 0
4.342551634420191 2.229720031842589 0
4.460579575143869 2.229720031842589 0
4.578607515867548 2.229720031842589 0
4.696635456591226 2.229720031842589 0
4.814663397314904 2.229720031842589 0
4.932691338038582 2.229720031842589 0
5.05071927876226 2.229720031842589 0
5.168747219485939 2.229720031842589 0
5.286775160209617 2.229720031842589 0
5.404803100933295 2.229720031842589 0
5.522831041656973 2.229720031842589 0
5.640858982380652 2.229720031842589 0
5.75888692310433 2.229720031842589 0
5.876914863828008 2.229720031842589 0
5.994942804551687 2.229720031842589 0
6.112970745275366 2.229720031842589 0
6.230998685999044 2.229720031842589 0
6.349026626722722 2.229720031842589 0
6.4670545674464 2.229720031842589 0
6.585082508170078 2.229720031842589 0
6.703110448893757 2.229720031842589 0
6.821138389617435 2.229720031842589 0
6.939166330341113 2.229720031842589 0
7.057194271064791 2.229720031842589 0
7.175222211788469 2.229720031842589 0
7.293250152512147 2.229720031842589 0
7.411278093235826 2.229720031842589 0
7.529306033959504 2.229720031842589 0
7.647333974683182 2.229720031842589 0
7.76536191540686 2.229720031842589 0
7.883389856130538 2.229720031842589 0
8.001417796854216 2.229720031842589 0
8.119445737577895 2.229720031842589 0
1 31 0 7
535
536
537
538
539
540
541
8.237473678301573 1.680620388410122 0
8.237473678301573 1.75906319461476 0
8.237473678301573 1.837506000819398 0
8.237473678301573 1.915948807024036 0
8.237473678301573 1.994391613228675 0
8.237473678301573 2.072834419433313 0
8.237473678301573 2.151277225637951 0
1 32 0 31
542
543
544
545
546
547
548
549
550
551
552
553
554
555
556
557
558
559
560
561
562
563
564
565
566
567
568
569
570
571
572
11.65236842659228 1.602177582205484 0
11.54221053148612 1.602177582205484 0
11.43205263637997 1.602177582205484 0
11.32189474127382 1.602177582205484 0
11.21173684616767 1.602177582205484 0
11.10157895106152 1.602177582205484 0
10.99142105595537 1.602177582205484 0
10.88126316084921 1.602177582205484 0
10.77110526574306 1.602177582205484 0
10.66094737063691 1.602177582205484 0
10.55078947553076 1.602177582205484 0
10.44063158042461 1.602177582205484 0
10.33047368531846 1.602177582205484 0
10.2203157902123 1.602177582205484 0
10.11015789510615 1.602177582205484 0
10 1.602177582205484 0
9.889842104893848 1.602177582205484 0
9.779684209787696 1.602177582205484 0
9.669526314681544 1.602177582205484 0
9.559368419575392 1.602177582205484 0
9.44921052446924 1.602177582205484 0
9.33905262936309 1.602177582205484 0
9.228894734256938 1.602177582205484 0
9.118736839150786 1.602177582205484 0
9.008578944044634 1.602177582205484 0
8.898421048938483 1.602177582205484 0
8.788263153832331 1.602177582205484 0
8.67810525872618 1.602177582205484 0
8.567947363620029 1.602177582205484 0
8.457789468513877 1.602177582205484 0
8.347631573407725 1.602177582205484 0
1 33 0 7
573
574
575
576
577
578
579
11.76252632169843 2.151277225637951 0
11.76252632169843 2.072834419433313 0
11.76252632169843 1.994391613228675 0
11.76252632169843 1.915948807024036 0
11.76252632169843 1.837506000819398 0
11.76252632169843 1.75906319461476 0
11.76252632169843 1.680620388410122 0
1 34 0 51
580
581
582
583
584
585
586
587
588
589
590
591
592
593
594
595
596
597
598
599
600
601
602
603
604
605
606
607
608
609
610
611
612
613
614
615
616
617
618
619
620
621
622
623
624
625
626
627
628
629
630
11.88055426242211 2.229720031842589 0
11.99858220314578 2.229720031842589 0
12.11661014386946 2.229720031842589 0
12.23463808459314 2.229720031842589 0
12.35266602531682 2.229720031842589 0
12.4706939660405 2.229720031842589 0
12.58872190676417 2.229720031842589 0
12.70674984748785 2.229720031842589 0
12.82477778821153 2.229720031842589 0
12.94280572893521 2.229720031842589 0
13.06083366965889 2.229720031842589 0
13.17886161038257 2.229720031842589 0
13.29688955110624 2.229720031842589 0
13.41491749182992 2.229720031842589 0
13.5329454325536 2.229720031842589 0
13.65097337327728 2.229720031842589 0
13.76900131400096 2.229720031842589 0
13.88702925472464 2.229720031842589 0
14.00505719544831 2.229720031842589 0
14.12308513617199 2.229720031842589 0
14.24111307689567 2.229720031842589 0
14.35914101761935 2.229720031842589 0
14.47716895834303 2.229720031842589 0
14.59519689906671 2.229720031842589 0
14.71322483979038 2.229720031842589 0
14.83125278051406 2.229720031842589 0
14.94928072123774 2.229720031842589 0
15.06730866196142 2.229720031842589 0
15.1853366026851 2.229720031842589 0
15.30336454340877 2.229720031842589 0
15.42139248413245 2.229720031842589 0
15.53942042485613 2.229720031842589 0
15.65744836557981 2.229720031842589 0
15.77547630630349 2.229720031842589 0
15.89350424702717 2.229720031842589 0
16.01153218775084 2.229720031842589 0
16.12956012847452 2.229720031842589 0
16.2475880691982 2.229720031842589 0
16.36561600992188 2.229720031842589 0
16.48364395064556 2.229720031842589 0
16.60167189136924 2.229720031842589 0
16.71969983209291 2.229720031842589 0
16.83772777281659 2.229720031842589 0
16.95575571354027 2.229720031842589 0
17.07378365426395 2.229720031842589 0
17.19181159498763 2.229720031842589 0
17.3098395357113 2.229720031842589 0
17.42786747643498 2.229720031842589 0
17.54589541715866 2.229720031842589 0
17.66392335788234 2.229720031842589 0
17.78195129860602 2.229720031842589 0
1 35 0 7
631
632
633
634
635
636
637
17.8999792393297 2.297290023881942 0
17.8999792393297 2.364860015921295 0
17.8999792393297 2.432430007960647 0
17.8999792393297 2.5 0
17.8999792393297 2.567569992039353 0
17.8999792393297 2.635139984078705 0
17.8999792393297 2.702709976118058 0
1 36 0 15
638
639
640
641
642
643
644
645
646
647
648
649
650
651
652
17.79420780982781 2.770279968157411 0
17.68843638032591 2.770279968157411 0
17.58266495082403 2.770279968157411 0
17.47689352132214 2.770279968157411 0
17.37112209182024 2.770279968157411 0
17.26535066231835 2.770279968157411 0
17.15957923281647 2.770279968157411 0
17.05380780331458 2.770279968157411 0
16.94803637381268 2.770279968157411 0
16.8422649443108 2.770279968157411 0
16.73649351480891 2.770279968157411 0
16.63072208530701 2.770279968157411 0
16.52495065580512 2.770279968157411 0
16.41917922630324 2.770279968157411 0
16.31340779680134 2.770279968157411 0
1 37 0 7
653
654
655
656
657
658
659
16.20763636729945 2.853799426093497 0
16.20763636729945 2.937318884029583 0
16.20763636729945 3.020838341965669 0
16.20763636729945 3.104357799901756 0
16.20763636729945 3.187877257837842 0
16.20763636729945 3.271396715773929 0
16.20763636729945 3.354916173710015 0
1 38 0 7
660
661
662
663
664
665
666
16.13697338284891 3.438435631646101 0
16.06631039839836 3.438435631646101 0
15.99564741394782 3.438435631646101 0
15.92498442949727 3.438435631646101 0
15.85432144504673 3.438435631646101 0
15.78365846059618 3.438435631646101 0
15.71299547614564 3.438435631646101 0
1 39 0 7
667
668
669
670
671
672
673
15.64233249169509 3.354916173710015 0
15.64233249169509 3.271396715773929 0
15.64233249169509 3.187877257837842 0
15.64233249169509 3.104357799901756 0
15.64233249169509 3.020838341965669 0
15.64233249169509 2.937318884029583 0
15.64233249169509 2.853799426093497 0
1 40 0 27
674
675
676
677
678
679
680
681
682
683
684
685
686
687
688
689
690
691
692
693
694
695
696
697
698
699
700
15.52831944313499 2.770279968157411 0
15.41430639457488 2.770279968157411 0
15.30029334601478 2.770279968157411 0
15.18628029745468 2.770279968157411 0
15.07226724889458 2.770279968157411 0
14.95825420033448 2.770279968157411 0
14.84424115177437 2.770279968157411 0
14.73022810321427 2.770279968157411 0
14.61621505465417 2.770279968157411 0
14.50220200609407 2.770279968157411 0
14.38818895753396 2.770279968157411 0
14.27417590897386 2.770279968157411 0
14.16016286041376 2.770279968157411 0
14.04614981185366 2.770279968157411 0
13.93213676329355 2.770279968157411 0
13.81812371473345 2.770279968157411 0
13.70411066617335 2.770279968157411 0
13.59009761761325 2.770279968157411 0
13.47608456905315 2.770279968157411 0
13.36207152049304 2.770279968157411 0
13.24805847193294 2.770279968157411 0
13.13404542337284 2.770279968157411 0
13.02003237481274 2.770279968157411 0
12.90601932625263 2.770279968157411 0
12.79200627769253 2.770279968157411 0
12.67799322913243 2.770279968157411 0
12.56398018057233 2.770279968157411 0
1 41 0 7
701
702
703
704
705
706
707
12.44996713201222 2.868864862946882 0
12.44996713201222 2.967449757736353 0
12.44996713201222 3.066034652525824 0
12.44996713201222 3.164619547315295 0
12.44996713201222 3.263204442104767 0
12.44996713201222 3.361789336894238 0
12.44996713201222 3.460374231683709 0
1 42 0 7
708
709
710
711
712
713
714
12.33122405146727 3.55895912647318 0
12.21248097092232 3.55895912647318 0
12.09373789037737 3.55895912647318 0
11.97499480983242 3.55895912647318 0
11.85625172928747 3.55895912647318 0
11.73750864874252 3.55895912647318 0
11.61876556819757 3.55895912647318 0
1 43 0 7
715
716
717
718
719
720
721
11.50002248765262 3.460374231683709 0
11.50002248765262 3.361789336894238 0
11.50002248765262 3.263204442104767 0
11.50002248765262 3.164619547315295 0
11.50002248765262 3.066034652525824 0
11.50002248765262 2.967449757736353 0
11.50002248765262 2.868864862946882 0
1 44 0 27
722
723
724
725
726
727
728
729
730
731
732
733
734
735
736
737
738
739
740
741
742
743
744
745
746
747
748
11.39232960581335 2.770279968157411 0
11.28463672397408 2.770279968157411 0
11.17694384213481 2.770279968157411 0
11.06925096029554 2.770279968157411 0
10.96155807845627 2.770279968157411 0
10.853865196617 2.770279968157411 0
10.74617231477773 2.770279968157411 0
10.63847943293846 2.770279968157411 0
10.53078655109918 2.770279968157411 0
10.42309366925991 2.770279968157411 0
10.31540078742064 2.770279968157411 0
10.20770790558137 2.770279968157411 0
10.1000150237421 2.770279968157411 0
9.992322141902832 2.770279968157411 0
9.884629260063562 2.770279968157411 0
9.77693637822429 2.770279968157411 0
9.66924349638502 2.770279968157411 0
9.56155061454575 2.770279968157411 0
9.453857732706478 2.770279968157411 0
9.346164850867208 2.770279968157411 0
9.238471969027938 2.770279968157411 0
9.130779087188667 2.770279968157411 0
9.023086205349397 2.770279968157411 0
8.915393323510125 2.770279968157411 0
8.807700441670853 2.770279968157411 0
8.700007559831583 2.770279968157411 0
8.592314677992313 2.770279968157411 0
1 45 0 7
749
750
751
752
753
754
755
8.484621796153043 2.859591221222883 0
8.484621796153043 2.948902474288356 0
8.484621796153043 3.038213727353828 0
8.484621796153043 3.127524980419301 0
8.484621796153043 3.216836233484773 0
8.484621796153043 3.306147486550246 0
8.484621796153043 3.395458739615718 0
1 46 0 7
756
757
758
759
760
761
762
8.369717644656676 3.484769992681191 0
8.254813493160309 3.484769992681191 0
8.139909341663943 3.484769992681191 0
8.025005190167576 3.484769992681191 0
7.910101038671209 3.484769992681191 0
7.795196887174843 3.484769992681191 0
7.680292735678476 3.484769992681191 0
1 47 0 7
763
764
765
766
767
768
769
7.565388584182109 3.395458739615718 0
7.565388584182109 3.306147486550246 0
7.565388584182109 3.216836233484773 0
7.565388584182109 3.127524980419301 0
7.565388584182109 3.038213727353828 0
7.565388584182109 2.948902474288356 0
7.565388584182109 2.859591221222883 0
1 48 0 27
770
771
772
773
774
775
776
777
778
779
780
781
782
783
784
785
786
787
788
789
790
791
792
793
794
795
796
7.453742159120701 2.770279968157411 0
7.342095734059292 2.770279968157411 0
7.230449308997883 2.770279968157411 0
7.118802883936475 2.770279968157411 0
7.007156458875066 2.770279968157411 0
6.895510033813657 2.770279968157411 0
6.783863608752249 2.770279968157411 0
6.67221718369084 2.770279968157411 0
6.560570758629432 2.770279968157411 0
6.448924333568023 2.770279968157411 0
6.337277908506614 2.770279968157411 0
6.225631483445206 2.770279968157411 0
6.113985058383797 2.770279968157411 0
6.002338633322388 2.770279968157411 0
5.89069220826098 2.770279968157411 0
5.779045783199571 2.770279968157411 0
5.667399358138162 2.770279968157411 0
5.555752933076754 2.770279968157411 0
5.444106508015345 2.770279968157411 0
5.332460082953936 2.770279968157411 0
5.220813657892528 2.770279968157411 0
5.109167232831119 2.770279968157411 0
4.99752080776971 2.770279968157411 0
4.885874382708302 2.770279968157411 0
4.774227957646893 2.770279968157411 0
4.662581532585484 2.770279968157411 0
4.550935107524076 2.770279968157411 0
1 49 0 7
797
798
799
800
801
802
803
4.439288682462666 2.859280918389177 0
4.439288682462666 2.948281868620943 0
4.439288682462666 3.037282818852709 0
4.439288682462666 3.126283769084475 0
4.439288682462666 3.215284719316241 0
4.439288682462666 3.304285669548007 0
4.439288682462666 3.393286619779773 0
1 50 0 7
804
805
806
807
808
809
810
4.348220404472682 3.482287570011539 0
4.257152126482698 3.482287570011539 0
4.166083848492713 3.482287570011539 0
4.075015570502728 3.482287570011539 0
3.983947292512744 3.482287570011539 0
3.89287901452276 3.482287570011539 0
3.801810736532775 3.482287570011539 0
1 51 0 7
811
812
813
814
815
816
817
3.710742458542791 3.393286619779773 0
3.710742458542791 3.304285669548007 0
3.710742458542791 3.215284719316241 0
3.710742458542791 3.126283769084475 0
3.710742458542791 3.037282818852709 0
3.710742458542791 2.948281868620943 0
3.710742458542791 2.859280918389177 0
1 52 0 15
818
819
820
821
822
823
824
825
826
827
828
829
830
831
832
3.61007235242576 2.770279968157411 0
3.50940224630873 2.770279968157411 0
3.408732140191699 2.770279968157411 0
3.30806203407467 2.770279968157411 0
3.207391927957639 2.770279968157411 0
3.106721821840608 2.770279968157411 0
3.006051715723578 2.770279968157411 0
2.905381609606547 2.770279968157411 0
2.804711503489518 2.770279968157411 0
2.704041397372487 2.770279968157411 0
2.603371291255456 2.770279968157411 0
2.502701185138426 2.770279968157411 0
2.402031079021395 2.770279968157411 0
2.301360972904366 2.770279968157411 0
2.200690866787335 2.770279968157411 0
1 53 0 7
833
834
835
836
837
838
839
2.100020760670305 2.702709976118058 0
2.100020760670305 2.635139984078705 0
2.100020760670305 2.567569992039353 0
2.100020760670305 2.5 0
2.100020760670305 2.432430007960647 0
2.100020760670305 2.364860015921295 0
2.100020760670305 2.297290023881942 0
2 2 0 731
840
841
842
843
844
845
846
847
848
849
850
851
852
853
854
855
856
857
858
859
860
861
862
863
864
865
866
867
868
869
870
871
872
873
874
875
876
877
878
879
880
881
882
883
884
885
886
887
888
889
890
891
892
893
894
895
896
897
898
899
900
901
902
903
904
905
906
907
908
909
910
911
912
913
914
915
916
917
918
919
920
921
922
923
924
925
926
927
928
929
930
931
932
933
934
935
936
937
938
939
940
941
942
943
944
945
946
947
948
949
950
951
952
953
954
955
956
957
958
959
960
961
962
963
964
965
966
967
968
969
970
971
972
973
974
975
976
977
978
979
980
981
982
983
984
985
986
987
988
989
990
991
992
993
994
995
996
997
998
999
1000
1001
1002
1003
1004
1005
1006
1007
1008
1009
1010
1011
1012
1013
1014
1015
1016
1017
1018
1019
1020
1021
1022
1023
1024
1025
1026
1027
1028
1029
1030
1031
1032
1033
1034
1035
1036
1037
1038
1039
1040
1041
1042
1043
1044
1045
1046
1047
1048
1049
1050
1051
1052
1053
1054
1055
1056
1057
1058
1059
1060
1061
1062
1063
1064
1065
1066
1067
1068
1069
1070
1071
1072
1073
1074
1075
1076
1077
1078
1079
1080
1081
1082
1083
1084
1085
1086
1087
1088
1089
1090
1091
1092
1093
1094
1095
1096
1097
1098
1099
1100
1101
1102
1103
1104
1105
1106
1107
1108
1109
1110
1111
1112
1113
1114
1115
1116
1117
1118
1119
1120
1121
1122
1123
1124
1125
1126
1127
1128
1129
1130
1131
1132
1133
1134
1135
1136
1137
1138
1139
1140
1141
1142
1143
1144
1145
1146
1147
1148
1149
1150
1151
1152
1153
1154
1155
1156
1157
1158
1159
1160
1161
1162
1163
1164
1165
1166
1167
1168
1169
1170
1171
1172
1173
1174
1175
1176
1177
1178
1179
1180
1181
1182
1183
1184
1185
1186
1187
1188
1189
1190
1191
1192
1193
1194
1195
1196
1197
1198
1199
1200
1201
1202
1203
1204
1205
1206
1207
1208
1209
1210
1211
1212
1213
1214
1215
1216
1217
1218
1219
1220
1221
1222
1223
1224
1225
1226
1227
1228
1229
1230
1231
1232
1233
1234
1235
1236
1237
1238
1239
1240
1241
1242
1243
1244
1245
1246
1247
1248
1249
1250
1251
1252
1253
1254
1255
1256
1257
1258
1259
1260
1261
1262
1263
1264
1265
1266
1267
1268
1269
1270
1271
1272
1273
1274
1275
1276
1277
1278
1279
1280
1281
1282
1283
1284
1285
1286
1287
1288
1289
1290
1291
1292
1293
1294
1295
1296
1297
1298
1299
1300
1301
1302
1303
1304
1305
1306
1307
1308
1309
1310
1311
1312
1313
1314
1315
1316
1317
1318
1319
1320
1321
1322
1323
1324
1325
1326
1327
1328
1329
1330
1331
1332
1333
1334
1335
1336
1337
1338
1339
1340
1341
1342
1343
1344
1345
1346
1347
1348
1349
1350
1351
1352
1353
1354
1355
1356
1357
1358
1359
1360
1361
1362
1363
1364
1365
1366
1367
1368
1369
1370
1371
1372
1373
1374
1375
1376
1377
1378
1379
1380
1381
1382
1383
1384
1385
1386
1387
1388
1389
1390
1391
1392
1393
1394
1395
1396
1397
1398
1399
1400
1401
1402
1403
1404
1405
1406
1407
1408
1409
1410
1411
1412
1413
1414
1415
1416
1417
1418
1419
1420
1421
1422
1423
1424
1425
1426
1427
1428
1429
1430
1431
1432
1433
1434
1435
1436
1437
1438
1439
1440
1441
1442
1443
1444
1445
1446
1447
1448
1449
1450
1451
1452
1453
1454
1455
1456
1457
1458
1459
1460
1461
1462
1463
1464
1465
1466
1467
1468
1469
1470
1471
1472
1473
1474
1475
1476
1477
1478
1479
1480
1481
1482
1483
1484
1485
1486
1487
1488
1489
1490
1491
1492
1493
1494
1495
1496
1497
1498
1499
1500
1501
1502
1503
1504
1505
1506
1507
1508
1509
1510
1511
1512
1513
1514
1515
1516
1517
1518
1519
1520
1521
1522
1523
1524
1525
1526
1527
1528
1529
1530
1531
1532
1533
1534
1535
1536
1537
1538
1539
1540
1541
1542
1543
1544
1545
1546
1547
1548
1549
1550
1551
1552
1553
1554
1555
1556
1557
1558
1559
1560
1561
1562
1563
1564
1565
1566
1567
1568
1569
1570
16.06799734727985 2.600168628480174 0
15.77335219588813 2.619672418382183 0
4.437148307089912 2.669857747378316 0
3.925446728393288 2.595539463778838 0
15.43336513243379 2.600158642524621 0
3.510235622690071 2.590792438446134 0
9.777846631691199 2.590093325631137 0
9.343733742315086 2.590093323243967 0
10.21191908667765 2.590093347314266 0
2.447634382116727 2.612088347925761 0
16.25323411825869 2.413590146633561 0
8.909188474623544 2.59009332301911 0
10.64605243351591 2.590093542773159 0
11.08078589792929 2.590095302422033 0
3.084850449203333 2.590986727125517 0
11.5218778872118 2.590111139908696 0
8.470140956434189 2.590093323238925 0
17.51539633047993 2.607570851400027 0
17.09680017392055 2.592730434578391 0
16.66251326314241 2.590784348355854 0
11.76048603385579 2.40996013240837 0
2.837684067956664 2.412408835729769 0
4.799068904160711 2.600955972579309 0
7.555113359351155 2.590093345897209 0
12.68080954455768 2.594321830290772 0
8.015663809185945 2.590093325490412 0
5.275204010081266 2.591442621938149 0
7.098427724697034 2.590093529609276 0
13.04977457527751 2.609435944150476 0
5.732685127877149 2.590243978293771 0
6.643186365443479 2.590095183199466 0
2.342092244543345 2.432521738292056 0
6.188046689994144 2.590110065966035 0
13.39846156898541 2.601673876263417 0
4.184212122971546 2.426751976791863 0
13.84278457182918 2.591534216335672 0
12.22650150152869 2.410388272513055 0
17.77488454421514 2.367510265017536 0
14.30259061918341 2.590298074634009 0
14.76307581730321 2.59051072872593 0
15.25668776682224 2.41355976853953 0
9.560076004514208 2.40990667838224 0
9.9974415705358 2.409906685593613 0
9.122569812737444 2.409906677604141 0
10.43481327022551 2.409906750717921 0
16.05027077016924 2.421444227550413 0
15.87745457734801 2.452480290912729 0
15.65888608148303 2.452477532417146 0
10.87238135091808 2.409907337223386 0
8.683819539506825 2.409906677604678 0
3.73547531662384 2.411762032973316 0
8.237469445263288 2.409906678338157 0
11.31166422343078 2.409912616390032 0
11.98425479255399 2.590253643045445 0
16.24660039542443 2.593671795532315 0
4.735065636584999 2.423456082042808 0
7.775252919161384 2.40990668513172 0
12.91636202316673 2.424304646359613 0
3.288816738652114 2.410384536844668 0
12.45232666255166 2.591529281872503 0
13.61569831632048 2.594323465434647 0
14.53298001537264 2.590280043214524 0
13.24485470100544 2.609436098912366 0
14.07232624129699 2.590588685995327 0
16.4692416751869 2.411207197708715 0
5.504540721717254 2.590544899960416 0
7.326315791752666 2.590093391796186 0
6.870771647519078 2.590093942974418 0
6.415619951310219 2.590098903888299 0
5.960431824572254 2.590143550516486 0
5.042312544374169 2.594065547214051 0
15.47456543814282 2.421434251261515 0
16.8798210986545 2.591099110859433 0
17.31009653002823 2.597539904231824 0
3.957786016011152 2.415415916636254 0
15.62152928005844 2.612297424453028 0
4.129579671684565 2.606059780537347 0
4.314435849226429 2.633181555709978 0
2.870339495367377 2.592592284900104 0
15.91314716917041 2.612300380940195 0
3.064006792948775 2.410800312839164 0
4.448918403430143 2.465235600298891 0
16.69213772768247 2.410598565536837 0
2.229505358722007 2.526363254274812 0
17.74019868904289 2.47451738904272 0
2.653677064310962 2.597512745466249 0
2.606117560157782 2.417370616602109 0
3.719712952085783 2.59194414818474 0
16.91764445541091 2.410917051462803 0
4.529116889116271 2.60800060086594 0
16.44823329922934 2.5913862773356 0
3.298062370611296 2.590571142463768 0
15.21769587740555 2.593641421938912 0
6.382320714897155 2.409912258474412 0
11.53392272595122 2.409924494889932 0
6.150493112379725 2.409923420902839 0
11.29938975996841 2.590099261816472 0
17.14273970296718 2.412607157415959 0
11.09155149489762 2.409908656992252 0
10.86324944386456 2.590093982657195 0
17.56579982276093 2.439677471710529 0
10.65354169395064 2.409906897315964 0
14.99206964343941 2.591295041547156 0
8.903537644296964 2.409906677535416 0
3.512687905750821 2.410606119514242 0
10.21612171584176 2.409906701845786 0
9.34136303706655 2.409906677763762 0
10.42896730479031 2.590093396133824 0
9.126583423234617 2.590093323002069 0
9.778762576963498 2.409906680155092 0
9.994882285661586 2.590093330999733 0
9.560803401567057 2.590093323783136 0
8.691028475814848 2.590093323010195 0
6.61414145898738 2.409908537743818 0
5.918623900500438 2.409956910212632 0
15.02841852786988 2.411115932744095 0
11.75078455380343 2.590146772518525 0
14.7967505102372 2.410324620643414 0
6.845980868149512 2.409907297523086 0
5.686622838059517 2.410057404309118 0
8.462475898840285 2.409906677746873 0
14.56397828193535 2.410093440616823 0
7.07788828782645 2.409906884128976 0
5.454223769861509 2.410359248913866 0
14.33091212458286 2.410111505299366 0
7.309988881505319 2.409906746336605 0
5.220628296098232 2.411269826376015 0
14.09796866980817 2.410403083208881 0
7.542458370950543 2.409906700405765 0
13.86571577966177 2.411362096278133 0
4.983420933751649 2.414071802353075 0
13.63547064729489 2.414339137730382 0
8.244664567160335 2.590093323747044 0
13.40883997286477 2.424305154542662 0
13.15899613236476 2.468498067716729 0
7.78525021729666 2.59009333054273 0
11.992219910577 2.410067072524221 0
12.69094648254313 2.414337503565826 0
12.89732601653699 2.601673357058575 0
8.007696525766651 2.409906679993583 0
12.46018130064041 2.411357162319283 0
12.2190409166262 2.59057387514508 0
2.266823158218585 2.63006873195918 0
17.36341154648934 2.418235874362589 0
17.71088942611501 2.621271149789961 0
15.76994876083479 2.500397606102204 0
16.05913405872455 2.510806428015294 0
16.15175244421397 2.417517187091986 0
16.24991725684156 2.503630971082937 0
16.15729887135214 2.596920212006244 0
16.15452565778305 2.507218699549115 0
4.483132598103092 2.638929174122128 0
4.37579207815817 2.651519651544147 0
4.381677126328286 2.549208578004435 0
4.489017646273206 2.536618100582416 0
4.432404862215688 2.594068876063281 0
10.75465093869023 2.590093762715177 0
10.64979706373327 2.500000220044562 0
10.76296152243436 2.409907117269675 0
10.86781539739132 2.50000065994029 0
10.75880623056229 2.500000439992426 0
8.687424007660837 2.500000000307436 0
8.793678591901894 2.409906677570047 0
8.906363059460254 2.500000000277263 0
8.800108475219197 2.590093323014652 0
8.796893533560546 2.50000000029235 0
11.08616869641345 2.500001979707143 0
11.2016078591642 2.409910636691142 0
11.30552699169959 2.500005939103252 0
11.19008782894885 2.590097282119252 0
11.19584784405652 2.500003959405197 0
3.404148996650683 2.590681790454951 0
3.293439554631705 2.500477839654218 0
3.400752322201468 2.410495328179455 0
3.511461764220446 2.500699278980188 0
3.402450659426075 2.500588559317203 0
3.614974287387927 2.591368293315437 0
3.62408161118733 2.411184076243779 0
3.727594134354812 2.501853090579028 0
3.619527949287629 2.501276184779608 0
10.32044319573398 2.590093371724045 0
10.21402040125971 2.500000024580026 0
10.32546749303364 2.409906726281854 0
10.43189028750791 2.500000073425873 0
10.32295534438381 2.50000004900295 0
9.12457661798603 2.500000000303105 0
9.231966424901998 2.409906677683952 0
9.342548389690819 2.500000000503865 0
9.235158582774853 2.590093323123018 0
9.233562503838424 2.500000000403485 0
8.466308427637237 2.500000000492899 0
8.357402761797262 2.590093323492985 0
8.241067006211811 2.500000001042601 0
8.349972672051788 2.409906678042515 0
8.353687716924524 2.50000000076775 0
7.780251568229022 2.500000007837225 0
7.891474722464018 2.409906682562652 0
8.011680167476298 2.500000002741998 0
7.900457013241303 2.590093328016572 0
7.89596586785266 2.500000005289611 0
15.84324968252927 2.615986399661189 0
15.77165047836146 2.560035012242194 0
15.8237016690914 2.476438948507466 0
15.89530087325921 2.532390335926462 0
15.83347567581033 2.546212674084328 0
12.78906778054733 2.597997593674673 0
12.6858780135504 2.504329666928299 0
12.80365425285493 2.41932107496272 0
12.90684401985186 2.512989001709094 0
12.79636101670113 2.508659334318696 0
9.88810207374965 2.409906682874353 0
9.996161928098692 2.500000008296673 0
9.886364458676391 2.590093328315435 0
9.778304604327349 2.500000002893115 0
9.887233266213022 2.500000005594894 0
9.669325016629127 2.590093324707136 0
9.560439703040633 2.500000001082688 0
9.669419290738853 2.409906679268666 0
9.669372153683991 2.500000001987901 0
2.394863313330037 2.522305043108908 0
2.357228770167657 2.621078539942471 0
2.248164258470297 2.578215993116996 0
2.285798801632676 2.479442496283434 0
2.321513785900167 2.550260518112952 0
12.10936070605285 2.410227672518638 0
12.22277120907744 2.500481073829067 0
12.10164785459009 2.590413759095263 0
11.98823735156549 2.500160357784833 0
12.10550428032147 2.50032071580695 0
9.450719520790379 2.409906678073001 0
9.452268571941072 2.590093323513551 0
9.451494046365726 2.500000000793276 0
10.10340068616962 2.590093339157 0
10.10678164318878 2.4099066937197 0
10.1050911646792 2.50000001643835 0
2.550655723213845 2.604800546696004 0
2.474104902350563 2.424946177447083 0
2.629897312234371 2.507441681034179 0
2.512380312782204 2.514873362071544 0
12.56656810355467 2.592925556081637 0
12.45625398159603 2.501443222095893 0
12.57556389159177 2.412847332942555 0
12.57106599757322 2.502886444512096 0
15.50699293149947 2.325577141552052 0
15.71718119389326 2.341098782129868 0
15.56672575981292 2.436955891839331 0
15.61208706269636 2.33333796184096 0
15.96386267375862 2.436962259231571 0
15.82646544182575 2.341100161377659 0
16.03090147896004 2.325582129696501 0
15.9286834603929 2.33334114553708 0
17.61314287829747 2.614421000594994 0
17.54059807662043 2.523624161555278 0
17.65299925590191 2.457097430376625 0
17.72554405757895 2.547894269416341 0
17.63307106709969 2.535759215485809 0
9.013053728517205 2.409906677569778 0
9.017885948929081 2.590093323010589 0
9.015469838723142 2.500000000290184 0
10.53750986915311 2.590093469453492 0
10.54417748208808 2.409906824016943 0
10.54084367562059 2.500000146735217 0
3.94161637220222 2.505477690207546 0
3.822579840239536 2.593741805981789 0
3.846630666317497 2.413588974804785 0
3.834605253278516 2.503665390393287 0
15.71441742115891 2.476437569259675 0
15.77044143149233 2.408768865318667 0
16.45873748720812 2.501296737522158 0
16.58068970143469 2.410902881622776 0
16.67732549541244 2.500691456946345 0
16.55537328118587 2.591085312845727 0
16.56803149131028 2.500994097234252 0
10.97201767089692 2.590094642539614 0
10.98196642290785 2.409907997107819 0
10.97699204690239 2.500001319823717 0
16.25041109372845 2.321655089238075 0
16.14065628634424 2.323618609467288 0
4.59199202000757 2.44434584117085 0
4.767067270372855 2.512206027311059 0
4.664092896638491 2.604478286722625 0
4.62804245832303 2.524412063946737 0
16.64661767422471 2.680532158256632 0
16.43370626276629 2.680833122746505 0
16.5401619684955 2.680682640501569 0
15.64020768077073 2.532387478435087 0
15.52744720624612 2.606228033488824 0
15.4539652852883 2.510796446893068 0
15.54708648302952 2.521591962664077 0
11.75563529382961 2.500053452463448 0
11.63633122050761 2.590128956213611 0
11.52790030658151 2.500017817399314 0
11.64720437990351 2.409942313649151 0
11.64176780020556 2.500035634931381 0
8.58058471612452 2.59009332312456 0
8.573147719173555 2.409906677675775 0
8.576866217649037 2.500000000400168 0
2.589125041861399 2.323545324222349 0
2.822936236484519 2.321064433786179 0
2.721900814057223 2.414889726165939 0
2.70603063917296 2.322304879004264 0
4.715850546588112 2.326588056942699 0
4.958056135895116 2.321895917097832 0
4.859243285168324 2.418763942197941 0
4.836953341241614 2.324241987020265 0
11.4106338235901 2.590105200862584 0
11.422793474691 2.409918555639982 0
11.41671364914055 2.500011878251283 0
12.92958387605097 2.327012339101101 0
13.16892887137366 2.349109049779659 0
13.03767907776575 2.446401357038171 0
13.04925637371232 2.33806069444038 0
16.47644281291623 2.320463614775652 0
16.3612378967228 2.412398672171138 0
16.36342695332234 2.321059352006864 0
15.63193088587677 2.691288696305219 0
15.69744073797329 2.615984921417605 0
15.77850532824215 2.694976193269797 0
15.70521810705946 2.693132444787508 0
15.42383576350434 2.685219305341016 0
15.52788332469055 2.688254000823117 0
11.86751967317871 2.590200207781986 0
11.97962480119321 2.680266805601428 0
11.74414660127297 2.680213370337968 0
11.86188570123309 2.680240087969698 0
8.13016418817314 2.590093324618728 0
8.12258298551497 2.40990667916587 0
8.126373586844055 2.500000001892299 0
4.454748989287006 2.34747781607074 0
4.585299767937558 2.33703293650672 0
3.74394362371282 2.320741032407953 0
3.514521977552632 2.320163075678416 0
3.629232800632726 2.320452054043184 0
7.535882202455023 2.319813366124177 0
7.770307417284123 2.319813358487155 0
7.658855645055963 2.409906692768743 0
7.653094809869573 2.319813362305666 0
3.054125539704253 2.320260172340876 0
3.284558453279601 2.320052284343629 0
3.176411765800445 2.410592424841916 0
3.169341996491927 2.320156228342253 0
3.973126914130154 2.322567974239422 0
3.858535268921488 2.321654503323687 0
11.8763529722164 2.410013602466296 0
11.87193632269755 2.500106905124141 0
4.156895897328056 2.516405878664605 0
4.027513200038927 2.600799622158092 0
4.070999069491349 2.421083946714059 0
4.049256134765137 2.510941784436076 0
16.70591877988769 2.320159298689713 0
16.59118079640196 2.320311456732683 0
12.67940138684505 2.682300899224091 0
12.45114689728194 2.680904625014957 0
12.5652741420635 2.681602762119524 0
13.41187873234735 2.327012593192626 0
13.28391805261477 2.446401611129696 0
13.2904038018605 2.338060821486143 0
4.20436790833403 2.328236004317226 0
4.088747411232092 2.325401989278324 0
4.842471643434506 2.68561797036836 0
4.595849210850877 2.689140284511675 0
4.719160427142692 2.687379127440018 0
13.60289796696687 2.682301716796029 0
13.72924144407483 2.59292884088516 0
13.83045414328132 2.680907092246541 0
13.71667605512409 2.681604404521285 0
13.38026654473923 2.685976922210414 0
13.50707994265295 2.597998670849032 0
13.49158225585305 2.684139319503221 0
14.05923802657532 2.680434327076369 0
14.1874584302402 2.590443380314668 0
14.28838326407864 2.68028902139571 0
14.17381064532698 2.680361674236039 0
14.41778531727803 2.590289058924266 0
14.51759101073336 2.680280005685967 0
14.402987137406 2.680284513540839 0
13.95755540656309 2.5910614511655 0
13.94484608492832 2.680670709661455 0
13.18945006218914 2.689858033534888 0
13.32165813499542 2.605554987587892 0
13.28485830346418 2.687917477872651 0
14.64802791633793 2.590395385970227 0
14.74665196025874 2.68039534844167 0
14.63212148549605 2.680337677063819 0
15.36562660248253 2.417497009900522 0
15.28002615511551 2.321639900191059 0
15.39350954330749 2.323608520871556 0
12.33568378958893 2.591051578508791 0
12.34334140108455 2.410872717416169 0
12.33951259533674 2.50096214796248 0
17.69966290322046 2.695775558973686 0
17.49614492590104 2.688925409778719 0
17.59790391456075 2.692350484376203 0
6.206839086719675 2.680195017061723 0
6.301833320652181 2.590104484927167 0
6.432272142439121 2.680189436022855 0
6.319555614579398 2.680192226542289 0
5.530146827397004 2.680412434058914 0
5.618612924797201 2.590394439127094 0
5.75586545553836 2.680261973225591 0
5.643006141467682 2.680337203642252 0
5.303832046517601 2.68086129504778 0
5.38987236589926 2.590993760949283 0
5.416989436957303 2.680636864553347 0
6.65770177456716 2.680187575678438 0
6.756979006481278 2.590094563086942 0
6.883140840666368 2.680186955565914 0
6.770421307616763 2.680187265622176 0
7.334205762905979 2.680186679976798 0
7.440714575551911 2.590093368846697 0
7.560250971766632 2.68018665702731 0
7.447228367336306 2.680186668502054 0
6.984599686108056 2.590093736291847 0
7.108615304316754 2.680186748883343 0
6.995878072491561 2.680186852224629 0
7.21237175822485 2.590093460702731 0
7.221410533611367 2.680186714430071 0
6.52940315837685 2.590097043543882 0
6.544986958503141 2.680188505850646 0
5.075739888602644 2.682172757685731 0
5.158758277227717 2.5927540845761 0
5.189785967560121 2.681517026366755 0
4.920690724267439 2.59751075989668 0
4.959105766018576 2.683895364027046 0
5.846558476224701 2.590193764405128 0
5.981385228947321 2.680211759336948 0
5.868625342242841 2.68023686628127 0
6.074239257283199 2.59012680824126 0
6.094112157833498 2.680203388199335 0
5.194687757792085 2.320494929109302 0
5.10202461492494 2.412670814364545 0
5.0763719468436 2.321195423103567 0
17.61486159032163 2.334698751776559 0
17.71940395104874 2.298615148430063 0
17.75754161662901 2.421013827030128 0
17.68620160347533 2.377856289403343 0
2.475167783627576 2.691184158041586 0
2.284092065561476 2.700174350058295 0
2.379629924594526 2.69567925404994 0
7.426223626227931 2.409906723371185 0
7.301619517008733 2.319813389089597 0
7.418750859731878 2.319813377606887 0
13.64322201028608 2.322029584786486 0
13.52215531007983 2.419322146136522 0
13.52755037131671 2.324521088989556 0
16.86104302148265 2.680689539508422 0
16.98831063628752 2.591914772718912 0
17.07530398861756 2.681505201367901 0
16.9681735050501 2.681097370438161 0
17.28772359617329 2.683909936194618 0
17.41274643025408 2.602555377815926 0
17.39193426103716 2.686417672986668 0
16.77116718089845 2.590941729607644 0
16.75383034785368 2.680610848882527 0
17.20344835197439 2.595135169405108 0
17.18151379239543 2.682707568781259 0
11.3167794823523 2.319816324116311 0
11.09656522297957 2.319814344417421 0
11.20667235266593 2.319815334266866 0
10.87682225588365 2.319813684532988 0
10.65724453229377 2.319813464579276 0
10.76703339408871 2.319813574556132 0
9.120653325944115 2.319813354723365 0
8.900979346617724 2.319813354689003 0
9.01081633628092 2.319813354706184 0
2.339084443330503 2.331120885067323 0
2.464104742595951 2.327333104644836 0
10.43772242532506 2.319813391280255 0
10.21821875302703 2.319813366844188 0
10.32797058917605 2.319813379062222 0
9.5597222120448 2.319813355112414 0
9.340207833214819 2.319813354803176 0
9.44996502262981 2.319813354957795 0
9.998720785267901 2.319813358718101 0
9.779223393375597 2.319813355998841 0
9.888972089321749 2.319813357358471 0
7.670181788323908 2.59009333821997 0
7.548785865150849 2.500000023151487 0
7.664518716689935 2.500000015494356 0
3.191456409907314 2.590778934794642 0
3.074428621076054 2.50089351998234 0
3.183934087853879 2.500685679818279 0
4.222007760455497 2.619620668123663 0
4.316565263200845 2.445993788545377 0
4.269286511828172 2.53280722833452 0
11.76150617777711 2.31984008212548 0
11.53806662871867 2.319822263366261 0
11.64978640324789 2.31983117274587 0
2.95084543045272 2.411604574284467 0
2.938530888094386 2.320662303063528 0
13.8763725171932 2.320541064060361 0
13.75059321347833 2.412850617004258 0
13.75979726373964 2.321285324423424 0
15.20198808743012 2.681960695048161 0
14.97516192188694 2.680787504852283 0
15.10488276042248 2.592468231743034 0
15.08857500465853 2.681374099950222 0
11.29201324197125 2.680189614986941 0
11.51095018743221 2.680195554033054 0
11.40148171470173 2.680192584509997 0
10.85855732024078 2.680186975407303 0
11.07501842911241 2.680187635289722 0
10.9667878746766 2.680187305348512 0
10.42603048702511 2.680186682145617 0
10.64226593322718 2.680186755465285 0
10.53414821012615 2.680186718805451 0
9.128681255211642 2.68018664557974 0
9.344949296591148 2.680186645700688 0
9.236815275901394 2.680186645640214 0
9.993602213782209 2.680186649578572 0
10.20981349612951 2.680186657735839 0
10.10170785495586 2.680186653657205 0
9.561177008056402 2.680186645970273 0
9.777391504957745 2.680186646894274 0
9.669284256507074 2.680186646432273 0
12.69884816501549 2.322028767704208 0
12.81421602053323 2.324520553402655 0
13.10438535382114 2.538967005933602 0
12.97355029590725 2.605554650604526 0
13.0056146868365 2.525978003821348 0
8.695518017823215 2.680186645583803 0
8.912290899066836 2.68018664558826 0
8.803904458445025 2.680186645586031 0
12.23056979306092 2.320054152177822 0
11.99540105686139 2.319893552183405 0
12.11298542496115 2.319973852180614 0
5.429513435397402 2.320039640378228 0
5.33742603297987 2.41081453764494 0
5.312100596594743 2.320267284743765 0
8.237471561782431 2.319813355090373 0
8.004557161310434 2.319813355918086 0
8.121014361546433 2.31981335550423 0
8.680962399116503 2.319813354723633 0
8.460132683677081 2.319813354794731 0
8.570547541396792 2.319813354759182 0
2.887860552486962 2.681436126528757 0
2.977594972285354 2.591789506012811 0
3.095786135521971 2.680633347641464 0
2.991823344004466 2.681034737085111 0
7.193938584665885 2.40990681523279 0
7.067541279445621 2.319813457985783 0
7.184580398227177 2.31981342353769 0
8.249739030160322 2.680186645952227 0
8.477381376293616 2.680186645698168 0
8.363560203226969 2.680186645825198 0
15.14255314734606 2.412337850641812 0
15.04786359491565 2.320417982293342 0
15.16394487501558 2.321028941242201 0
14.11052690299008 2.320061557525735 0
13.98184222473497 2.410882589743507 0
13.99344971009164 2.320301310793048 0
7.790223552235751 2.680186649350071 0
8.02033449967676 2.680186646823912 0
7.905279025956256 2.680186648086991 0
3.715227705314287 2.681112058171075 0
3.909162871458024 2.682909715968124 0
3.812195288386157 2.6820108870696 0
4.329558448810518 2.337856910193983 0
3.5098189344994 2.680536203301773 0
3.612523319906844 2.680824130736424 0
2.678859230841725 2.68389635681183 0
2.57701350723465 2.687540257426708 0
12.90167267139481 2.685976662607993 0
13.09190999932517 2.689857956153943 0
12.99679133535999 2.687917309380968 0
12.21576094377426 2.680426921651245 0
12.3334539205281 2.680665773333101 0
2.762008279839169 2.595052515183176 0
2.783359891664343 2.682666241670293 0
16.34741684732689 2.592529036433957 0
16.35432737202484 2.502463854302547 0
3.303062202342983 2.680425555310589 0
3.406440568421191 2.680480879306181 0
14.3450265711011 2.319915768570977 0
14.21444039719551 2.410257294254123 0
14.22777673704559 2.319988663048357 0
5.663740910220084 2.319888718075854 0
5.570423303960514 2.410208326611492 0
5.546627172808744 2.31996417922704 0
4.102297621093647 2.688169874347379 0
4.005730246275836 2.685539795157752 0
4.285793987854563 2.701730761933694 0
4.194045804474106 2.694950318140537 0
4.43821849477629 2.720068857767863 0
4.362006241315425 2.710899809850779 0
2.85401178166202 2.502500560314937 0
2.964220201369038 2.501697040148639 0
3.199424168932477 2.680529451476026 0
6.961934577987982 2.409907090826031 0
6.833559628883473 2.319813664682838 0
6.950550454164548 2.31981356133431 0
14.57958759050103 2.319906736229706 0
14.44744520325911 2.410102472958094 0
14.46230708080107 2.319911252400342 0
17.39563951146216 2.323977953102589 0
17.25307562472826 2.415421515889274 0
17.16727564897741 2.321163594629274 0
17.28145758021978 2.322570773865932 0
4.517033852813584 2.704604571139769 0
11.42742305553549 2.319819293741286 0
15.32553050491967 2.596900032231766 0
15.31291192546723 2.683590000194588 0
11.18351583554183 2.680188625138332 0
10.98669373943161 2.319814014475204 0
10.75041162673398 2.680186865436294 0
5.897769382164222 2.319838471027611 0
5.802623369279978 2.410007157260875 0
5.780755146192154 2.319863594551732 0
10.54748347880942 2.319813427929766 0
8.790970872867113 2.319813354706318 0
10.31792199157731 2.680186669940728 0
9.020486077139239 2.680186645584 0
17.03019207918905 2.411762104439381 0
16.93670008447559 2.320318541652696 0
17.0519878667265 2.320741068140985 0
10.10846976914747 2.319813362781145 0
9.230430579579467 2.319813354763271 0
9.885496859369978 2.680186648236423 0
9.453063152323775 2.680186645835481 0
8.586449697058416 2.680186645640986 0
9.669472802710199 2.319813355555628 0
14.81400164537563 2.320022326243002 0
14.68036439608627 2.410209030630118 0
14.69679461793833 2.319964531236354 0
14.87757273037131 2.590902885136543 0
14.86090694107284 2.680591426646977 0
6.730061163568447 2.409907917633452 0
6.599611983578729 2.319814284793204 0
6.716585806231102 2.319813974738021 0
16.80489109154669 2.41075780849982 0
16.89873277703271 2.501008081161118 0
16.78802913622257 2.500849769053732 0
17.46460568462513 2.428956673036559 0
17.5052505508919 2.329338352439574 0
3.399540215416117 2.320107680011022 0
15.23719182211389 2.503600595239221 0
15.3455785537011 2.507198521066144 0
6.169269901186934 2.500016743434437 0
6.266406913638439 2.409917839688626 0
6.398970333103687 2.500005581181356 0
6.28412011714531 2.500011162307896 0
11.62754839435259 2.680204462185511 0
14.91258451905354 2.410720276693754 0
14.93093262014564 2.320220154268172 0
15.01024408565465 2.501205487145625 0
15.12371795388427 2.502403041192423 0
8.348802122729756 2.319813354942552 0
6.498231086942267 2.409910398109115 0
6.62866391221543 2.500001860471642 0
6.513817122659558 2.500003720826499 0
2.741954546948195 2.504971120674558 0
6.131731928827545 2.319821726372714 0
6.034558506440082 2.409940165557736 0
6.014750655495884 2.319830098700163 0
5.939527862536346 2.500050230364559 0
6.054398881861641 2.500033486899498 0
17.11976993844387 2.502668795997175 0
17.00925135773829 2.501838438579147 0
11.87845361731925 2.319866817154443 0
6.365673670809938 2.319816145158501 0
6.482642827194333 2.319815214975852 0
6.248702799818741 2.319818935765607 0
6.858376257834295 2.500000620248752 0
6.743520085024863 2.500001240360197 0
14.548479148654 2.500186741915673 0
14.77991316377021 2.500417674684672 0
14.6641961562121 2.500302208300173 0
5.709653982968333 2.500150691301444 0
5.82459092275234 2.500100460833002 0
15.91906579933384 2.691290174548803 0
15.848785563788 2.6931331839093 0
15.99057225822513 2.606234504710184 0
16.06715387283911 2.685224298318792 0
15.99310983608647 2.688257236433798 0
16.82130943218164 2.320238920171205 0
7.675237262001191 2.68018665318869 0
14.31675137188314 2.500204789966687 0
14.43261526026857 2.50019576594118 0
7.088158006261743 2.500000206869126 0
6.973267132048019 2.500000413558939 0
8.13503676491854 2.680186646388069 0
5.479382245789382 2.500452074437141 0
5.594518114378857 2.500301382869293 0
14.08514745555258 2.500495884602104 0
14.20094941371786 2.500350337284396 0
13.85425017574548 2.501448156306903 0
13.96969881564903 2.500972020454503 0
7.318152336628993 2.500000069066396 0
7.203155171445368 2.500000137967761 0
5.247916153089749 2.501356224157082 0
5.363649199439566 2.500904149297111 0
5.012866739062909 2.504068674783563 0
4.889967004717882 2.508137351047311 0
12.46543763334045 2.320538597080936 0
12.58214289917797 2.321283682392572 0
16.22711838136194 2.681975881844862 0
16.33041232206411 2.681404502295684 0
12.79053702911993 2.684138780916042 0
13.62558448180769 2.504331301582515 0
13.73991732877658 2.502889728944709 0
7.887432289297278 2.31981335720262 0
7.433469100889921 2.500000046108942 0
5.130391446076329 2.502712449470322 0
13.40365077092509 2.512989515403039 0
13.51461762636639 2.508660408492777 0
13.2019254166851 2.538967083314548 0
13.14691770800514 2.614412519734246 0
17.80543433272235 2.628205566934334 0
17.79982107127508 2.699242767545872 0
12.34800371320068 2.320296374629379 0
13.30278809380509 2.525978299358794 0
16.14713612710052 2.683600090081828 0
12.09769287248373 2.680346863626337 0
14.89507862471243 2.500811580915149 0
2.183421959444445 2.632604358018943 0
2.19205641311589 2.701442163088177 0
2.221056502606825 2.398690877106676 0
2.164763059696156 2.513181627137406 0
2.19290978115149 2.455936252122041 0
17.82008896418629 2.48725869452136 0
17.83743189177242 2.366185140469415 0
17.82876042797935 2.426721917495388 0
17.33675403825878 2.507887889297207 0
17.4386760574396 2.515756025426242 0
2.174092509570301 2.572892992578174 0
17.81276164845432 2.557732130727847 0
17.22826198835132 2.505278342647191 0
15.7059290795661 2.546211245338641 0
2.219552602000403 2.314205454474632 0
17.80969159518922 2.297952586156002 0
15.97721746599188 2.521598381970878 0
2 3 0 69
1571
1572
1573
1574
1575
1576
1577
1578
1579
1580
1581
1582
1583
1584
1585
1586
1587
1588
1589
1590
1591
1592
1593
1594
1595
1596
1597
1598
1599
1600
1601
1602
1603
1604
1605
1606
1607
1608
1609
1610
1611
1612
1613
1614
1615
1616
1617
1618
1619
1620
1621
1622
1623
1624
1625
1626
1627
1628
1629
1630
1631
1632
1633
1634
1635
1636
1637
1638
1639
4.144700171901092 3.338846271043308 0
3.98074930343701 2.906085546868609 0
4.21683429865729 3.028202454320568 0
3.872556266790815 3.171129501160142 0
4.162878716460219 2.908479716425568 0
4.033067836514997 3.045173613707356 0
3.991918627693067 3.339009446034102 0
3.867808918838092 3.034994646911255 0
4.251676230114119 3.169946473335339 0
3.860469592848988 2.910701413747391 0
4.266537620443325 3.325268444460441 0
4.272197513007954 2.869205056718768 0
3.874326442359082 3.325492811558489 0
4.059224075866805 3.221630438184024 0
3.950438377676544 3.040084130309305 0
4.046145956190901 3.13340202594569 0
3.96589017132881 3.196379969672083 0
3.870182592814453 3.103062074035698 0
3.958164274502677 3.118232049990694 0
4.234255264385705 3.099074463827954 0
4.155450152990462 3.195788455759682 0
4.124951067586143 3.036688034013962 0
4.140200610288303 3.116238244886822 0
4.006908569976003 2.975629580287983 0
4.071814009948614 2.907282631647089 0
4.189856507558755 2.968341085373068 0
4.098382538767379 2.971985332830525 0
4.118947143481474 2.83937984229149 0
3.936814158979885 2.83818275751301 0
4.02788065123068 2.83878129990225 0
4.261844873463011 3.40377800723599 0
4.352913151452995 3.314777057004224 0
4.350566777962839 3.398532313507881 0
3.789275688690442 2.991638257766099 0
3.791649362666803 3.148706635122308 0
3.790462525678622 3.070172446444203 0
4.345482456288392 3.148115121209907 0
4.328061490559977 2.988242161470755 0
4.336771973424185 3.068178641340331 0
4.35574309773531 2.908743462669855 0
4.264674819745325 2.819742512438089 0
4.351981751103995 2.839511715413633 0
3.792534450450936 3.314889240553248 0
3.883602728440921 3.403890190785014 0
3.797172593491855 3.398588405282393 0
4.217538114734086 2.888842386572168 0
4.1918109816134 2.82956117736479 0
3.933122535026075 3.332251128796296 0
4.033467099097898 3.41064850802282 0
3.958534913769409 3.407269349403917 0
3.920609448142999 2.908393480308 0
3.785606025695889 2.840490690952401 0
3.861210092337887 2.839336724232705 0
4.10985787120191 3.410566920527423 0
4.205618896172208 3.332057357751875 0
4.18585137233246 3.407172463881706 0
3.86413925584354 2.972848030329323 0
3.787440857193165 2.91606447435925 0
4.259106925278722 3.24760745889789 0
4.349197803870694 3.231446089107065 0
3.873441354574948 3.248311156359315 0
3.792091906558869 3.231797937837778 0
4.272799802647032 2.938542274021462 0
4.025571351779936 3.280319942109063 0
3.949506353177442 3.264315549234189 0
3.935523912909772 2.974238805308653 0
4.101962123883949 3.280238354613666 0
4.180534524581335 3.263922906755778 0
4.067714611490923 3.345443431318243 0
2 4 0 73
1640
1641
1642
1643
1644
1645
1646
1647
1648
1649
1650
1651
1652
1653
1654
1655
1656
1657
1658
1659
1660
1661
1662
1663
1664
1665
1666
1667
1668
1669
1670
1671
1672
1673
1674
1675
1676
1677
1678
1679
1680
1681
1682
1683
1684
1685
1686
1687
1688
1689
1690
1691
1692
1693
1694
1695
1696
1697
1698
1699
1700
1701
1702
1703
1704
1705
1706
1707
1708
1709
1710
1711
1712
7.891868513407131 3.002542881278034 0
8.158141881198894 3.252507108953071 0
7.70502537323188 3.194039078503323 0
8.344985018386007 3.061010905573368 0
8.158141880730783 3.002542879902422 0
7.891868512655382 3.252507107816241 0
7.705025372304395 3.061010904709858 0
8.344985018297674 3.194039077274639 0
8.025005197257954 3.127524995022751 0
7.787867002356133 3.127524993466787 0
8.262143390569426 3.127524993303205 0
7.738217340332866 2.946756864831725 0
8.311793045934044 2.946756864706806 0
8.311793046014692 3.308293108390119 0
7.738217340373726 3.30829310843309 0
8.283303269587501 3.396531550535655 0
8.091573535683235 3.36863855081713 0
8.234967463606793 3.280400108671595 0
8.187438402635369 3.382585050676393 0
8.234967463332413 2.974649872304614 0
8.091573535449179 2.886411424029916 0
8.283303269547176 2.858518416432108 0
8.187438402498177 2.872464920231013 0
7.815042926514554 3.280400108124665 0
7.958436851411479 3.368638550248716 0
7.766707113774284 3.39653155055714 0
7.862571982592882 3.382585050402928 0
7.958436851787353 2.886411424717722 0
7.815042926869998 2.974649873054879 0
7.766707113753854 2.858518416494568 0
7.862571982770604 2.872464920606145 0
8.091573538994369 3.065033937462586 0
7.958436855332542 3.065033938150392 0
8.025005195390861 2.975722681090154 0
7.958436854956668 3.190016051419496 0
8.091573539228424 3.19001605198791 0
8.025005195319951 3.279327301118313 0
7.721621356802803 3.251166093468207 0
7.746446187794007 3.160782035985055 0
7.839867757505758 3.190016050641514 0
7.78074455715428 3.22059107205486 0
8.328389032160025 3.003883885140087 0
8.303564204477716 3.094267949438287 0
8.210142635650104 3.065033936602814 0
8.269265833905065 3.03445891087145 0
7.651802962257487 2.94782966956004 0
7.666047848967982 2.859054818858725 0
8.398207421083868 3.307220297470182 0
8.328389032156183 3.251166092832379 0
8.414803407225358 3.16078202884697 0
8.406505414154614 3.234001163158576 0
7.635206978706995 3.160782029461312 0
7.651802962277918 3.307220297491668 0
7.643504970492456 3.23400116347649 0
8.414803407269524 3.094267942996334 0
8.398207421043544 2.947829669497581 0
8.406505414156534 3.021048806246958 0
7.839867757881632 3.06503393737241 0
7.746446187330264 3.094267949088322 0
7.72162135631863 3.003883884770791 0
7.780744557100131 3.034458911071601 0
8.210142635884159 3.190016051128138 0
8.303564204433549 3.160782035288922 0
8.269265834020171 3.220591071980258 0
8.383962532850109 2.859054818827496 0
8.383962532870273 3.395995145075687 0
7.666047848978197 3.395995145086429 0
7.635206978243253 3.09426794256458 0
7.690826583018629 3.127524989274817 0
8.359183805851536 3.127524989142628 0
7.89915230641915 3.127524994395953 0
7.64350497025037 3.02104880606231 0
8.150858087439264 3.127524994295362 0
2 5 0 73
1713
1714
1715
1716
1717
1718
1719
1720
1721
1722
1723
1724
1725
1726
1727
1728
1729
1730
1731
1732
1733
1734
1735
1736
1737
1738
1739
1740
1741
1742
1743
1744
1745
1746
1747
1748
1749
1750
1751
1752
1753
1754
1755
1756
1757
1758
1759
1760
1761
1762
1763
1764
1765
1766
1767
1768
1769
1770
1771
1772
1773
1774
1775
1776
1777
1778
1779
1780
1781
1782
1783
1784
1785
12.11257956847518 3.026659904706779 0
11.83741005124147 3.302579189899966 0
12.30566510592331 3.238040129550951 0
11.6443245137825 3.091198965060787 0
11.83741005107288 3.02665990478172 0
12.11257956863934 3.302579189827063 0
11.97499480985816 3.164619547303448 0
12.30566510641368 3.091198964948594 0
11.64432451328843 3.238040129664841 0
12.22005575216768 3.164619547254138 0
11.72993386754287 3.164619547355415 0
12.27136419810974 2.965081351825097 0
12.27136419803839 3.364157742743509 0
11.67862542157693 3.364157742795447 0
11.67862542164814 2.965081351877102 0
12.0437871891538 2.898469936432095 0
12.04378718916667 3.095639726005114 0
11.90620243046552 3.095639726042584 0
11.90620243045265 2.898469936469565 0
11.97499480980966 2.997054831237339 0
11.90620243053695 3.430769158186573 0
11.90620243054982 3.233599368601706 0
12.04378718924875 3.233599368565256 0
12.04378718923588 3.430769158150122 0
11.97499480989285 3.332184263375914 0
11.75801773636051 2.995870628329411 0
11.70806703519533 2.867680660017256 0
11.80713473282399 2.883075298243411 0
12.19197188333886 3.333368466285286 0
12.24192258448036 3.461558434608344 0
12.14285488685812 3.446163796379233 0
12.24192258451603 2.867680659991254 0
12.19197188329246 2.995870628265938 0
12.14285488683492 2.883075298211674 0
12.36066566506098 2.966265554780725 0
12.34594485826413 2.868272761469068 0
12.36066566502531 3.362973539818873 0
12.34594485824629 3.460966333146027 0
11.58932395461478 3.362973539844842 0
11.70806703515973 3.461558434634314 0
11.60404476140618 3.460966333159011 0
11.58932395465038 2.966265554806728 0
11.60404476142397 2.868272761482069 0
11.7580177364092 3.333368466347706 0
11.80713473284834 3.446163796410443 0
12.16631766040351 3.233599368540601 0
12.26286042904549 3.201329838402544 0
12.28851465198085 3.30109893614723 0
12.22741615619218 3.267349152343915 0
11.78367195930788 3.095639726068568 0
11.68712919066268 3.127909256208101 0
11.66147496771532 3.028140158468945 0
11.7225734635116 3.061889942268756 0
12.16631766032143 3.095639725980458 0
12.10505242478509 3.164619547272857 0
11.78367195939217 3.23359936862769 0
11.84493719492885 3.164619547335137 0
12.28851465226171 3.028140158386845 0
12.26286042929068 3.127909256101366 0
12.22741615629157 3.061889942183652 0
11.66147496743268 3.301098936230145 0
11.68712919041565 3.201329838510128 0
11.72257346341243 3.267349152428917 0
12.37781611921295 3.127909256131944 0
12.36924089213697 3.047087405456335 0
12.37781611896776 3.201329838433123 0
12.36924089199654 3.282151689125998 0
11.57217350047053 3.201329838490068 0
11.58074872754265 3.282151689167455 0
11.57217350071756 3.127909256188041 0
11.58074872768397 3.047087405497384 0
12.32033827412922 3.164619547267244 0
11.62965134556661 3.164619547349085 0
2 6 0 73
1786
1787
1788
1789
1790
1791
1792
1793
1794
1795
1796
1797
1798
1799
1800
1801
1802
1803
1804
1805
1806
1807
1808
1809
1810
1811
1812
1813
1814
1815
1816
1817
1818
1819
1820
1821
1822
1823
1824
1825
1826
1827
1828
1829
1830
1831
1832
1833
1834
1835
1836
1837
1838
1839
1840
1841
1842
1843
1844
1845
1846
1847
1848
1849
1850
1851
1852
1853
1854
1855
1856
1857
1858
15.80450172127311 3.035803803271834 0
16.04546709861618 3.172911754284442 0
15.99365272287613 2.896538739360028 0
15.85631610834597 3.31217683044151 0
15.77222167271352 3.162339058865672 0
15.92498440556704 3.104357774046711 0
15.855999003372 2.919265351535156 0
16.07774715732869 3.046376509659915 0
15.99396982818883 3.289450218630982 0
15.96354956650658 2.985250439358897 0
15.77064428294626 2.870010237683912 0
15.88641925764717 3.223465122804795 0
16.08287500093227 2.910933030482903 0
16.0793245639967 3.338705349100004 0
15.76709384379918 3.297782553912323 0
15.7234171064841 2.986561343650709 0
15.78836169699331 3.099071431068753 0
15.7072770822043 3.133348429383714 0
15.7153470943442 3.059954886517211 0
16.12655173295781 3.222154235029185 0
16.06160712797244 3.109644131972178 0
16.14269176231408 3.075367154780836 0
16.13462174763594 3.14876069490501 0
15.76965775825635 3.230060806388998 0
15.70471316774714 3.284589634843126 0
15.70599512497572 3.20896903211342 0
16.08031107913048 2.978654770071409 0
16.14525568411586 2.924125957256243 0
16.14397372321497 2.999746556018539 0
15.77715137177122 2.820145102920661 0
15.70648838732067 2.903664560856748 0
15.70974193173315 2.836972264507079 0
16.07459269966532 2.840606499320157 0
16.14111453348238 2.847202962706827 0
16.07281748119753 3.388570490373053 0
16.14348046564808 3.305051032436967 0
16.14022692424849 3.371743332041534 0
15.77537615219768 3.368109092779212 0
15.70885432194639 3.361512633244613 0
15.98522575209161 3.138634764165576 0
15.94426698603681 3.044804106702804 0
16.02064836191764 3.015813474509406 0
16.00293705700462 3.077224119337491 0
15.97860114469136 2.940894589359463 0
16.0382638619042 2.903735884921466 0
16.02945611191092 2.959774679715436 0
15.82932046518034 3.192902090835234 0
15.87136768299657 3.267820976623153 0
15.81170497607257 3.304979692176917 0
15.82051272062646 3.248940891506075 0
15.86474306342008 3.070080788659272 0
15.9057018316071 3.163911448425753 0
15.84703176430021 3.131491439747253 0
15.81332164315913 2.894637794609534 0
15.83025036232256 2.977534577403495 0
15.76836937482162 2.940599569130121 0
16.03664719609277 3.314077783865493 0
16.0197184634025 3.231180986457712 0
16.08159946452529 3.268116009447339 0
15.90977428493929 2.952257895447027 0
15.88725867417968 3.01116934205315 0
15.940194542918 3.256457670717888 0
15.9627101475048 3.197546217441732 0
15.89049171643464 2.844772659846283 0
15.83382154410293 2.832458881383472 0
15.9593185761867 2.83340935375872 0
16.01695563792601 2.837007926539438 0
15.95947712884305 3.363942925138542 0
16.01614730502029 3.376256707755797 0
15.89065026892162 3.375306231043806 0
15.83301321055965 3.371707661911509 0
15.934546430563 2.892833624602873 0
15.91542240591981 3.315881950880847 0
2 7 0 241
1859
1860
1861
1862
1863
1864
1865
1866
1867
1868
1869
1870
1871
1872
1873
1874
1875
1876
1877
1878
1879
1880
1881
1882
1883
1884
1885
1886
1887
1888
1889
1890
1891
1892
1893
1894
1895
1896
1897
1898
1899
1900
1901
1902
1903
1904
1905
1906
1907
1908
1909
1910
1911
1912
1913
1914
1915
1916
1917
1918
1919
1920
1921
1922
1923
1924
1925
1926
1927
1928
1929
1930
1931
1932
1933
1934
1935
1936
1937
1938
1939
1940
1941
1942
1943
1944
1945
1946
1947
1948
1949
1950
1951
1952
1953
1954
1955
1956
1957
1958
1959
1960
1961
1962
1963
1964
1965
1966
1967
1968
1969
1970
1971
1972
1973
1974
1975
1976
1977
1978
1979
1980
1981
1982
1983
1984
1985
1986
1987
1988
1989
1990
1991
1992
1993
1994
1995
1996
1997
1998
1999
2000
2001
2002
2003
2004
2005
2006
2007
2008
2009
2010
2011
2012
2013
2014
2015
2016
2017
2018
2019
2020
2021
2022
2023
2024
2025
2026
2027
2028
2029
2030
2031
2032
2033
2034
2035
2036
2037
2038
2039
2040
2041
2042
2043
2044
2045
2046
2047
2048
2049
2050
2051
2052
2053
2054
2055
2056
2057
2058
2059
2060
2061
2062
2063
2064
2065
2066
2067
2068
2069
2070
2071
2072
2073
2074
2075
2076
2077
2078
2079
2080
2081
2082
2083
2084
2085
2086
2087
2088
2089
2090
2091
2092
2093
2094
2095
2096
2097
2098
2099
8.641581782933724 2.080930115702219 0
11.35951207672847 2.0809737384775 0
9.546005416507644 2.072585177350599 0
10.49799217783705 2.063625376469373 0
10.90390868357218 2.072872342390656 0
9.104677709274455 2.073119263151063 0
9.944677198953757 2.063606598447576 0
8.398093318561132 1.849378303657837 0
11.60204143833946 1.849472154656681 0
8.871698989971266 1.757837332865849 0
11.13176273674959 1.757918069783854 0
10.69080364685369 1.760645714414031 0
9.328821105836663 1.759099210835687 0
10.34071018631069 1.812911409868818 0
9.754049570849686 1.760657169040419 0
11.35979080868513 1.751421413965817 0
8.641301595537765 1.751362960488445 0
8.871748340891674 2.07431594569072 0
11.13171440459511 2.074306209505505 0
10.90391627042207 1.759179689716929 0
9.104671229256322 1.758898892456877 0
10.69080160783588 2.071326936456759 0
9.328824787195606 2.072856694276057 0
9.546007535213336 1.759343800733225 0
10.49799202432033 1.768313316982999 0
9.944678156605869 1.768308030996214 0
10.10119667270092 1.812907109854043 0
10.22088720646577 1.915960495786257 0
9.754052177935415 2.071260851258812 0
11.59967201481244 1.983630650029208 0
8.400478099730172 1.983531080017212 0
10.34071058375499 2.019014834094928 0
10.1011975699611 2.019008819908433 0
8.858044707031942 1.916140006040341 0
11.14680618970182 1.916193531755956 0
9.098749548565607 1.916034160756914 0
8.559975622652757 1.916495341909984 0
11.44039281299312 1.916652918016772 0
10.91339542833616 1.916058136781286 0
8.432306073422685 2.085492966948574 0
8.431861924694653 1.746730290193425 0
11.56837324754752 1.746768808869972 0
11.56793189496097 2.085529967419855 0
9.32458640859331 1.915989593591427 0
10.70319055434102 1.916001292029268 0
9.540476295986416 1.915970400005138 0
9.74341963443638 1.915962507949442 0
10.5222297098767 1.915977086201106 0
9.92128791221748 1.915959775249798 0
10.40268597610378 1.915967910849805 0
10.03973154812648 1.915959109821386 0
8.44504777096828 2.157606499395581 0
8.659843520829952 2.155325073772404 0
8.536943928178204 2.083211541325396 0
8.552445645899116 2.156465786583993 0
11.46372198584472 2.083251852948677 0
11.34070340900115 2.155346885160045 0
11.55507121322355 2.157624999631222 0
11.44788731111235 2.156485942395634 0
8.53658176011621 1.749046625340935 0
8.659703427131973 1.676770271346964 0
8.444825696604266 1.674453936199455 0
8.552264561868117 1.675612103773209 0
11.55529188951682 1.674473195537728 0
11.34084277497947 1.67679949808565 0
11.46408202811633 1.749095111417895 0
11.44806733224815 1.675636346811689 0
8.885084694915079 2.152017988766655 0
8.756665061912699 2.077623030696469 0
8.772464107872516 2.153671531269529 0
11.11667084390556 1.680047825994669 0
11.24577677271736 1.754669741874836 0
11.22875680944252 1.67842366204016 0
8.756500292754517 1.754600146677147 0
8.885060019454874 1.680007457535666 0
8.772381723293423 1.678388864441315 0
10.28079889511038 1.967487664940592 0
10.16104238821344 1.967484657847345 0
10.1607566800867 2.124364425875511 0
10.28051318698364 2.124367432968759 0
10.22077778759854 2.045926045408052 0
10.89258971563564 1.680678635961206 0
11.01783950358583 1.758548879750391 0
11.0046302797706 1.680363230977937 0
11.24561324066179 2.077639973991503 0
11.11664667782832 2.152013120674047 0
11.22867504341473 2.153680002917046 0
8.988185109613793 1.758368112661363 0
9.111704034203553 1.68053823733118 0
8.998382026829214 1.680272847433423 0
9.552686918041518 2.151152604596594 0
9.437415101851624 2.072720935813328 0
9.333938708279348 2.151288363059323 0
9.443312813160434 2.151220483827958 0
10.46931180237247 1.685245449594241 0
10.59439783558701 1.764479515698515 0
10.6758755087453 1.681411648309757 0
10.57259365555889 1.683328548951999 0
10.79735995863788 1.75991270206548 0
10.78423261219047 1.681045142135482 0
9.216746167546493 1.758999051646282 0
9.333936867599876 1.680638396520585 0
9.222820450901715 1.680588316925883 0
9.650028553031511 1.760000484886822 0
9.766866890318692 1.681417375622951 0
9.552687977394365 1.680760691469354 0
9.659777433856528 1.681089033546153 0
9.11170727421262 2.151419647496826 0
8.988213025083065 2.073717604420891 0
8.998395984563849 2.15171881813174 0
11.01781154408365 2.073589275948081 0
10.8925859222107 2.151296187116623 0
11.00461630001951 2.151654653895335 0
9.766868193861555 2.1504904415507 0
9.65002879722153 2.071923014304705 0
9.659777555951537 2.150821523073647 0
9.216751248235029 2.07298797871356 0
9.222822991245984 2.151354005278074 0
10.79735514570403 2.072099639423707 0
10.6758744892364 2.150523484149674 0
10.78423020572355 2.150909835633148 0
10.28079869638823 1.864435952827537 0
10.2805129882615 1.707544496037151 0
10.16075623145661 1.707542346029763 0
10.16104193958335 1.86443380282015 0
10.22077746392242 1.78598914942865 0
9.972338599476879 2.146663315145083 0
9.849364688444586 2.067433724853194 0
9.869603396669216 2.148576878347892 0
9.849363863727778 1.764482600018316 0
9.972339078302936 1.685242806600849 0
9.869602984310813 1.6833300911119 0
10.0229374146534 1.790607570425129 0
10.06654765487978 1.696392576315306 0
9.437414320524999 1.759221505784456 0
9.443312422497121 1.68069954399497 0
10.59439689283647 2.067476156463066 0
10.46931187913083 2.146672704155981 0
10.57259318418361 2.148598094152828 0
10.41935110531551 1.790612363425909 0
10.37491239531698 1.696394972815696 0
8.414977621627893 1.798054296925631 0
8.479034470606944 1.882936822783911 0
8.600638609095261 1.833929151199214 0
8.507808115361577 1.815991724062423 0
11.40009181083912 1.834037165991295 0
11.52121712566629 1.883062536336727 0
11.58520734294349 1.798120481763327 0
11.49264957689131 1.816078823877311 0
10.37169827992938 1.967491372472367 0
10.37169808120723 1.864439660359311 0
10.32624848815881 1.915963662649952 0
10.0704641104137 1.864433109837714 0
10.07046455904379 1.967483964864909 0
10.11575324931357 1.91595888384253 0
8.600778702793241 1.998712728806102 0
8.480226861191465 1.950013210963598 0
8.41639208657643 2.034512023482893 0
8.508585394684834 2.016612376144497 0
11.58380195488671 2.034580308724531 0
11.52003241390278 1.95014178402299 0
11.39995244486079 1.998813328247136 0
11.49187719987375 2.016696818485834 0
11.13926029714847 1.995249870630731 0
11.03010080901899 1.916125834268621 0
10.90865205595417 1.994465239585971 0
11.02395617655132 1.994857555108351 0
11.13928446322571 1.837055800769905 0
10.90865584937911 1.837618913249108 0
11.02397015630241 1.837337357009506 0
8.864896523961807 1.99522797586553 0
9.101713628920031 1.994576711953988 0
8.978397127798774 1.916087083398627 0
8.983305076440919 1.994902343909759 0
10.41935138079602 2.04132010528215 0
10.37491253305724 2.13552006856237 0
10.02293738445743 2.041307709178005 0
10.06654763978179 2.135513870510297 0
9.101710388910965 1.837466526606896 0
8.864871848501604 1.836988669453095 0
8.983291118706283 1.837227598029995 0
9.211667978579458 1.916011877174171 0
9.326703757214986 1.837544402213557 0
9.214207073062974 1.837505464410226 0
10.69699710059735 1.83832350322165 0
10.80829299133859 1.916029714405277 0
10.80282647498824 1.837971208235379 0
9.326705597894458 1.994423143933742 0
9.214209613407244 1.994499927943865 0
10.69699608108845 1.993664114243014 0
10.80282406852131 1.994064676914492 0
9.432531352289864 1.915979996798283 0
9.543241915599877 1.837657100369182 0
9.434972836407431 1.837600751291369 0
10.51011086709852 1.842145201592052 0
10.61271013210886 1.915989189115187 0
10.60355398384794 1.840234352406851 0
9.832353773326929 1.91596114159962 0
9.932983034411674 1.842133903123006 0
9.748734602643033 1.83830983849493 0
9.840858818527353 1.840221870808968 0
9.748735906185898 1.993611679604127 0
9.932982555585617 1.989783186848687 0
9.840859230885759 1.991697433226407 0
9.641947965211399 1.91596645397729 0
9.54324085624703 1.994277788677869 0
9.645988381216464 1.993944734140998 0
9.434973227070744 1.994350466305805 0
9.645988259121454 1.837983469432056 0
10.51011094385688 1.989801231335239 0
10.60355351247266 1.991732672789126 0
10.46245784299024 1.915972498525455 0
10.44090447415287 1.853292430975682 0
9.980509730171979 1.915959442535592 0
10.00172357241269 1.85328350648036 0
8.334889875862128 2.079163693190943 0
8.318975889015872 1.949739943520624 0
8.326932882439001 2.014451818355784 0
11.68109916825543 1.949789728526622 0
11.6652291083297 2.079182193426584 0
11.67316413829257 2.014485960976603 0
11.66544978462298 1.752916001742366 0
11.68228388001895 1.882710480840359 0
11.67386683232096 1.817813241291362 0
8.317783498431353 1.882663555340937 0
8.334667801498114 1.752896742404093 0
8.326225649964734 1.817780148872515 0
11.65879876746099 2.154451112634586 0
8.341149687452919 1.677537162304788 0
11.65890910560763 1.677546791973925 0
8.341260724634926 2.154441862516766 0
8.709010164842349 1.916317673975162 0
8.732755228798432 1.835458910326154 0
11.29359950134747 1.916423224886364 0
11.26968813703242 1.8355464833806 0
8.732837613377523 1.996970352335816 0
11.26960637100463 1.997031599438933 0
8.399005179811409 1.916338383152268 0
11.60115814696086 1.916426132431674 0
10.0017235573147 1.978633575856798 0
10.44090461189313 1.978646301903803 0
2 8 0 8002
2100
2101
2102
2103
2104
2105
2106
2107
2108
2109
2110
2111
2112
2113
2114
2115
2116
2117
2118
2119
2120
2121
2122
2123
2124
2125
2126
2127
2128
2129
2130
2131
2132
2133
2134
2135
2136
2137
2138
2139
2140
2141
2142
2143
2144
2145
2146
2147
2148
2149
2150
2151
2152
2153
2154
2155
2156
2157
2158
2159
2160
2161
2162
2163
2164
2165
2166
2167
2168
2169
2170
2171
2172
2173
2174
2175
2176
2177
2178
2179
2180
2181
2182
2183
2184
2185
2186
2187
2188
2189
2190
2191
2192
2193
2194
2195
2196
2197
2198
2199
2200
2201
2202
2203
2204
2205
2206
2207
2208
2209
2210
2211
2212
2213
2214
2215
2216
2217
2218
2219
2220
2221
2222
2223
2224
2225
2226
2227
2228
2229
2230
2231
2232
2233
2234
2235
2236
2237
2238
2239
2240
2241
2242
2243
2244
2245
2246
2247
2248
2249
2250
2251
2252
2253
2254
2255
2256
2257
2258
2259
2260
2261
2262
2263
2264
2265
2266
2267
2268
2269
2270
2271
2272
2273
2274
2275
2276
2277
2278
2279
2280
2281
2282
2283
2284
2285
2286
2287
2288
2289
2290
2291
2292
2293
2294
2295
2296
2297
2298
2299
2300
2301
2302
2303
2304
2305
2306
2307
2308
2309
2310
2311
2312
2313
2314
2315
2316
2317
2318
2319
2320
2321
2322
2323
2324
2325
2326
2327
2328
2329
2330
2331
2332
2333
2334
2335
2336
2337
2338
2339
2340
2341
2342
2343
2344
2345
2346
2347
2348
2349
2350
2351
2352
2353
2354
2355
2356
2357
2358
2359
2360
2361
2362
2363
2364
2365
2366
2367
2368
2369
2370
2371
2372
2373
2374
2375
2376
2377
2378
2379
2380
2381
2382
2383
2384
2385
2386
2387
2388
2389
2390
2391
2392
2393
2394
2395
2396
2397
2398
2399
2400
2401
2402
2403
2404
2405
2406
2407
2408
2409
2410
2411
2412
2413
2414
2415
2416
2417
2418
2419
2420
2421
2422
2423
2424
2425
2426
2427
2428
2429
2430
2431
2432
2433
2434
2435
2436
2437
2438
2439
2440
2441
2442
2443
2444
2445
2446
2447
2448
2449
2450
2451
2452
2453
2454
2455
2456
2457
2458
2459
2460
2461
2462
2463
2464
2465
2466
2467
2468
2469
2470
2471
2472
2473
2474
2475
2476
2477
2478
2479
2480
2481
2482
2483
2484
2485
2486
2487
2488
2489
2490
2491
2492
2493
2494
2495
2496
2497
2498
2499
2500
2501
2502
2503
2504
2505
2506
2507
2508
2509
2510
2511
2512
2513
2514
2515
2516
2517
2518
2519
2520
2521
2522
2523
2524
2525
2526
2527
2528
2529
2530
2531
2532
2533
2534
2535
2536
2537
2538
2539
2540
2541
2542
2543
2544
2545
2546
2547
2548
2549
2550
2551
2552
2553
2554
2555
2556
2557
2558
2559
2560
2561
2562
2563
2564
2565
2566
2567
2568
2569
2570
2571
2572
2573
2574
2575
2576
2577
2578
2579
2580
2581
2582
2583
2584
2585
2586
2587
2588
2589
2590
2591
2592
2593
2594
2595
2596
2597
2598
2599
2600
2601
2602
2603
2604
2605
2606
2607
2608
2609
2610
2611
2612
2613
2614
2615
2616
2617
2618
2619
2620
2621
2622
2623
2624
2625
2626
2627
2628
2629
2630
2631
2632
2633
2634
2635
2636
2637
2638
2639
2640
2641
2642
2643
2644
2645
2646
2647
2648
2649
2650
2651
2652
2653
2654
2655
2656
2657
2658
2659
2660
2661
2662
2663
2664
2665
2666
2667
2668
2669
2670
2671
2672
2673
2674
2675
2676
2677
2678
2679
2680
2681
2682
2683
2684
2685
2686
2687
2688
2689
2690
2691
2692
2693
2694
2695
2696
2697
2698
2699
2700
2701
2702
2703
2704
2705
2706
2707
2708
2709
2710
2711
2712
2713
2714
2715
2716
2717
2718
2719
2720
2721
2722
2723
2724
2725
2726
2727
2728
2729
2730
2731
2732
2733
2734
2735
2736
2737
2738
2739
2740
2741
2742
2743
2744
2745
2746
2747
2748
2749
2750
2751
2752
2753
2754
2755
2756
2757
2758
2759
2760
2761
2762
2763
2764
2765
2766
2767
2768
2769
2770
2771
2772
2773
2774
2775
2776
2777
2778
2779
2780
2781
2782
2783
2784
2785
2786
2787
2788
2789
2790
2791
2792
2793
2794
2795
2796
2797
2798
2799
2800
2801
2802
2803
2804
2805
2806
2807
2808
2809
2810
2811
2812
2813
2814
2815
2816
2817
2818
2819
2820
2821
2822
2823
2824
2825
2826
2827
2828
2829
2830
2831
2832
2833
2834
2835
2836
2837
2838
2839
2840
2841
2842
2843
2844
2845
2846
2847
2848
2849
2850
2851
2852
2853
2854
2855
2856
2857
2858
2859
2860
2861
2862
2863
2864
2865
2866
2867
2868
2869
2870
2871
2872
2873
2874
2875
2876
2877
2878
2879
2880
2881
2882
2883
2884
2885
2886
2887
2888
2889
2890
2891
2892
2893
2894
2895
2896
2897
2898
2899
2900
2901
2902
2903
2904
2905
2906
2907
2908
2909
2910
2911
2912
2913
2914
2915
2916
2917
2918
2919
2920
2921
2922
2923
2924
2925
2926
2927
2928
2929
2930
2931
2932
2933
2934
2935
2936
2937
2938
2939
2940
2941
2942
2943
2944
2945
2946
2947
2948
2949
2950
2951
2952
2953
2954
2955
2956
2957
2958
2959
2960
2961
2962
2963
2964
2965
2966
2967
2968
2969
2970
2971
2972
2973
2974
2975
2976
2977
2978
2979
2980
2981
2982
2983
2984
2985
2986
2987
2988
2989
2990
2991
2992
2993
2994
2995
2996
2997
2998
2999
3000
3001
3002
3003
3004
3005
3006
3007
3008
3009
3010
3011
3012
3013
3014
3015
3016
3017
3018
3019
3020
3021
3022
3023
3024
3025
3026
3027
3028
3029
3030
3031
3032
3033
3034
3035
3036
3037
3038
3039
3040
3041
3042
3043
3044
3045
3046
3047
3048
3049
3050
3051
3052
3053
3054
3055
3056
3057
3058
3059
3060
3061
3062
3063
3064
3065
3066
3067
3068
3069
3070
3071
3072
3073
3074
3075
3076
3077
3078
3079
3080
3081
3082
3083
3084
3085
3086
3087
3088
3089
3090
3091
3092
3093
3094
3095
3096
3097
3098
3099
3100
3101
3102
3103
3104
3105
3106
3107
3108
3109
3110
3111
3112
3113
3114
3115
3116
3117
3118
3119
3120
3121
3122
3123
3124
3125
3126
3127
3128
3129
3130
3131
3132
3133
3134
3135
3136
3137
3138
3139
3140
3141
3142
3143
3144
3145
3146
3147
3148
3149
3150
3151
3152
3153
3154
3155
3156
3157
3158
3159
3160
3161
3162
3163
3164
3165
3166
3167
3168
3169
3170
3171
3172
3173
3174
3175
3176
3177
3178
3179
3180
3181
3182
3183
3184
3185
3186
3187
3188
3189
3190
3191
3192
3193
3194
3195
3196
3197
3198
3199
3200
3201
3202
3203
3204
3205
3206
3207
3208
3209
3210
3211
3212
3213
3214
3215
3216
3217
3218
3219
3220
3221
3222
3223
3224
3225
3226
3227
3228
3229
3230
3231
3232
3233
3234
3235
3236
3237
3238
3239
3240
3241
3242
3243
3244
3245
3246
3247
3248
3249
3250
3251
3252
3253
3254
3255
3256
3257
3258
3259
3260
3261
3262
3263
3264
3265
3266
3267
3268
3269
3270
3271
3272
3273
3274
3275
3276
3277
3278
3279
3280
3281
3282
3283
3284
3285
3286
3287
3288
3289
3290
3291
3292
3293
3294
3295
3296
3297
3298
3299
3300
3301
3302
3303
3304
3305
3306
3307
3308
3309
3310
3311
3312
3313
3314
3315
3316
3317
3318
3319
3320
3321
3322
3323
3324
3325
3326
3327
3328
3329
3330
3331
3332
3333
3334
3335
3336
3337
3338
3339
3340
3341
3342
3343
3344
3345
3346
3347
3348
3349
3350
3351
3352
3353
3354
3355
3356
3357
3358
3359
3360
3361
3362
3363
3364
3365
3366
3367
3368
3369
3370
3371
3372
3373
3374
3375
3376
3377
3378
3379
3380
3381
3382
3383
3384
3385
3386
3387
3388
3389
3390
3391
3392
3393
3394
3395
3396
3397
3398
3399
3400
3401
3402
3403
3404
3405
3406
3407
3408
3409
3410
3411
3412
3413
3414
3415
3416
3417
3418
3419
3420
3421
3422
3423
3424
3425
3426
3427
3428
3429
3430
3431
3432
3433
3434
3435
3436
3437
3438
3439
3440
3441
3442
3443
3444
3445
3446
3447
3448
3449
3450
3451
3452
3453
3454
3455
3456
3457
3458
3459
3460
3461
3462
3463
3464
3465
3466
3467
3468
3469
3470
3471
3472
3473
3474
3475
3476
3477
3478
3479
3480
3481
3482
3483
3484
3485
3486
3487
3488
3489
3490
3491
3492
3493
3494
3495
3496
3497
3498
3499
3500
3501
3502
3503
3504
3505
3506
3507
3508
3509
3510
3511
3512
3513
3514
3515
3516
3517
3518
3519
3520
3521
3522
3523
3524
3525
3526
3527
3528
3529
3530
3531
3532
3533
3534
3535
3536
3537
3538
3539
3540
3541
3542
3543
3544
3545
3546
3547
3548
3549
3550
3551
3552
3553
3554
3555
3556
3557
3558
3559
3560
3561
3562
3563
3564
3565
3566
3567
3568
3569
3570
3571
3572
3573
3574
3575
3576
3577
3578
3579
3580
3581
3582
3583
3584
3585
3586
3587
3588
3589
3590
3591
3592
3593
3594
3595
3596
3597
3598
3599
3600
3601
3602
3603
3604
3605
3606
3607
3608
3609
3610
3611
3612
3613
3614
3615
3616
3617
3618
3619
3620
3621
3622
3623
3624
3625
3626
3627
3628
3629
3630
3631
3632
3633
3634
3635
3636
3637
3638
3639
3640
3641
3642
3643
3644
3645
3646
3647
3648
3649
3650
3651
3652
3653
3654
3655
3656
3657
3658
3659
3660
3661
3662
3663
3664
3665
3666
3667
3668
3669
3670
3671
3672
3673
3674
3675
3676
3677
3678
3679
3680
3681
3682
3683
3684
3685
3686
3687
3688
3689
3690
3691
3692
3693
3694
3695
3696
3697
3698
3699
3700
3701
3702
3703
3704
3705
3706
3707
3708
3709
3710
3711
3712
3713
3714
3715
3716
3717
3718
3719
3720
3721
3722
3723
3724
3725
3726
3727
3728
3729
3730
3731
3732
3733
3734
3735
3736
3737
3738
3739
3740
3741
3742
3743
3744
3745
3746
3747
3748
3749
3750
3751
3752
3753
3754
3755
3756
3757
3758
3759
3760
3761
3762
3763
3764
3765
3766
3767
3768
3769
3770
3771
3772
3773
3774
3775
3776
3777
3778
3779
3780
3781
3782
3783
3784
3785
3786
3787
3788
3789
3790
3791
3792
3793
3794
3795
3796
3797
3798
3799
3800
3801
3802
3803
3804
3805
3806
3807
3808
3809
3810
3811
3812
3813
3814
3815
3816
3817
3818
3819
3820
3821
3822
3823
3824
3825
3826
3827
3828
3829
3830
3831
3832
3833
3834
3835
3836
3837
3838
3839
3840
3841
3842
3843
3844
3845
3846
3847
3848
3849
3850
3851
3852
3853
3854
3855
3856
3857
3858
3859
3860
3861
3862
3863
3864
3865
3866
3867
3868
3869
3870
3871
3872
3873
3874
3875
3876
3877
3878
3879
3880
3881
3882
3883
3884
3885
3886
3887
3888
3889
3890
3891
3892
3893
3894
3895
3896
3897
3898
3899
3900
3901
3902
3903
3904
3905
3906
3907
3908
3909
3910
3911
3912
3913
3914
3915
3916
3917
3918
3919
3920
3921
3922
3923
3924
3925
3926
3927
3928
3929
3930
3931
3932
3933
3934
3935
3936
3937
3938
3939
3940
3941
3942
3943
3944
3945
3946
3947
3948
3949
3950
3951
3952
3953
3954
3955
3956
3957
3958
3959
3960
3961
3962
3963
3964
3965
3966
3967
3968
3969
3970
3971
3972
3973
3974
3975
3976
3977
3978
3979
3980
3981
3982
3983
3984
3985
3986
3987
3988
3989
3990
3991
3992
3993
3994
3995
3996
3997
3998
3999
4000
4001
4002
4003
4004
4005
4006
4007
4008
4009
4010
4011
4012
4013
4014
4015
4016
4017
4018
4019
4020
4021
4022
4023
4024
4025
4026
4027
4028
4029
4030
4031
4032
4033
4034
4035
4036
4037
4038
4039
4040
4041
4042
4043
4044
4045
4046
4047
4048
4049
4050
4051
4052
4053
4054
4055
4056
4057
4058
4059
4060
4061
4062
4063
4064
4065
4066
4067
4068
4069
4070
4071
4072
4073
4074
4075
4076
4077
4078
4079
4080
4081
4082
4083
4084
4085
4086
4087
4088
4089
4090
4091
4092
4093
4094
4095
4096
4097
4098
4099
4100
4101
4102
4103
4104
4105
4106
4107
4108
4109
4110
4111
4112
4113
4114
4115
4116
4117
4118
4119
4120
4121
4122
4123
4124
4125
4126
4127
4128
4129
4130
4131
4132
4133
4134
4135
4136
4137
4138
4139
4140
4141
4142
4143
4144
4145
4146
4147
4148
4149
4150
4151
4152
4153
4154
4155
4156
4157
4158
4159
4160
4161
4162
4163
4164
4165
4166
4167
4168
4169
4170
4171
4172
4173
4174
4175
4176
4177
4178
4179
4180
4181
4182
4183
4184
4185
4186
4187
4188
4189
4190
4191
4192
4193
4194
4195
4196
4197
4198
4199
4200
4201
4202
4203
4204
4205
4206
4207
4208
4209
4210
4211
4212
4213
4214
4215
4216
4217
4218
4219
4220
4221
4222
4223
4224
4225
4226
4227
4228
4229
4230
4231
4232
4233
4234
4235
4236
4237
4238
4239
4240
4241
4242
4243
4244
4245
4246
4247
4248
4249
4250
4251
4252
4253
4254
4255
4256
4257
4258
4259
4260
4261
4262
4263
4264
4265
4266
4267
4268
4269
4270
4271
4272
4273
4274
4275
4276
4277
4278
4279
4280
4281
4282
4283
4284
4285
4286
4287
4288
4289
4290
4291
4292
4293
4294
4295
4296
4297
4298
4299
4300
4301
4302
4303
4304
4305
4306
4307
4308
4309
4310
4311
4312
4313
4314
4315
4316
4317
4318
4319
4320
4321
4322
4323
4324
4325
4326
4327
4328
4329
4330
4331
4332
4333
4334
4335
4336
4337
4338
4339
4340
4341
4342
4343
4344
4345
4346
4347
4348
4349
4350
4351
4352
4353
4354
4355
4356
4357
4358
4359
4360
4361
4362
4363
4364
4365
4366
4367
4368
4369
4370
4371
4372
4373
4374
4375
4376
4377
4378
4379
4380
4381
4382
4383
4384
4385
4386
4387
4388
4389
4390
4391
4392
4393
4394
4395
4396
4397
4398
4399
4400
4401
4402
4403
4404
4405
4406
4407
4408
4409
4410
4411
4412
4413
4414
4415
4416
4417
4418
4419
4420
4421
4422
4423
4424
4425
4426
4427
4428
4429
4430
4431
4432
4433
4434
4435
4436
4437
4438
4439
4440
4441
4442
4443
4444
4445
4446
4447
4448
4449
4450
4451
4452
4453
4454
4455
4456
4457
4458
4459
4460
4461
4462
4463
4464
4465
4466
4467
4468
4469
4470
4471
4472
4473
4474
4475
4476
4477
4478
4479
4480
4481
4482
4483
4484
4485
4486
4487
4488
4489
4490
4491
4492
4493
4494
4495
4496
4497
4498
4499
4500
4501
4502
4503
4504
4505
4506
4507
4508
4509
4510
4511
4512
4513
4514
4515
4516
4517
4518
4519
4520
4521
4522
4523
4524
4525
4526
4527
4528
4529
4530
4531
4532
4533
4534
4535
4536
4537
4538
4539
4540
4541
4542
4543
4544
4545
4546
4547
4548
4549
4550
4551
4552
4553
4554
4555
4556
4557
4558
4559
4560
4561
4562
4563
4564
4565
4566
4567
4568
4569
4570
4571
4572
4573
4574
4575
4576
4577
4578
4579
4580
4581
4582
4583
4584
4585
4586
4587
4588
4589
4590
4591
4592
4593
4594
4595
4596
4597
4598
4599
4600
4601
4602
4603
4604
4605
4606
4607
4608
4609
4610
4611
4612
4613
4614
4615
4616
4617
4618
4619
4620
4621
4622
4623
4624
4625
4626
4627
4628
4629
4630
4631
4632
4633
4634
4635
4636
4637
4638
4639
4640
4641
4642
4643
4644
4645
4646
4647
4648
4649
4650
4651
4652
4653
4654
4655
4656
4657
4658
4659
4660
4661
4662
4663
4664
4665
4666
4667
4668
4669
4670
4671
4672
4673
4674
4675
4676
4677
4678
4679
4680
4681
4682
4683
4684
4685
4686
4687
4688
4689
4690
4691
4692
4693
4694
4695
4696
4697
4698
4699
4700
4701
4702
4703
4704
4705
4706
4707
4708
4709
4710
4711
4712
4713
4714
4715
4716
4717
4718
4719
4720
4721
4722
4723
4724
4725
4726
4727
4728
4729
4730
4731
4732
4733
4734
4735
4736
4737
4738
4739
4740
4741
4742
4743
4744
4745
4746
4747
4748
4749
4750
4751
4752
4753
4754
4755
4756
4757
4758
4759
4760
4761
4762
4763
4764
4765
4766
4767
4768
4769
4770
4771
4772
4773
4774
4775
4776
4777
4778
4779
4780
4781
4782
4783
4784
4785
4786
4787
4788
4789
4790
4791
4792
4793
4794
4795
4796
4797
4798
4799
4800
4801
4802
4803
4804
4805
4806
4807
4808
4809
4810
4811
4812
4813
4814
4815
4816
4817
4818
4819
4820
4821
4822
4823
4824
4825
4826
4827
4828
4829
4830
4831
4832
4833
4834
4835
4836
4837
4838
4839
4840
4841
4842
4843
4844
4845
4846
4847
4848
4849
4850
4851
4852
4853
4854
4855
4856
4857
4858
4859
4860
4861
4862
4863
4864
4865
4866
4867
4868
4869
4870
4871
4872
4873
4874
4875
4876
4877
4878
4879
4880
4881
4882
4883
4884
4885
4886
4887
4888
4889
4890
4891
4892
4893
4894
4895
4896
4897
4898
4899
4900
4901
4902
4903
4904
4905
4906
4907
4908
4909
4910
4911
4912
4913
4914
4915
4916
4917
4918
4919
4920
4921
4922
4923
4924
4925
4926
4927
4928
4929
4930
4931
4932
4933
4934
4935
4936
4937
4938
4939
4940
4941
4942
4943
4944
4945
4946
4947
4948
4949
4950
4951
4952
4953
4954
4955
4956
4957
4958
4959
4960
4961
4962
4963
4964
4965
4966
4967
4968
4969
4970
4971
4972
4973
4974
4975
4976
4977
4978
4979
4980
4981
4982
4983
4984
4985
4986
4987
4988
4989
4990
4991
4992
4993
4994
4995
4996
4997
4998
4999
5000
5001
5002
5003
5004
5005
5006
5007
5008
5009
5010
5011
5012
5013
5014
5015
5016
5017
5018
5019
5020
5021
5022
5023
5024
5025
5026
5027
5028
5029
5030
5031
5032
5033
5034
5035
5036
5037
5038
5039
5040
5041
5042
5043
5044
5045
5046
5047
5048
5049
5050
5051
5052
5053
5054
5055
5056
5057
5058
5059
5060
5061
5062
5063
5064
5065
5066
5067
5068
5069
5070
5071
5072
5073
5074
5075
5076
5077
5078
5079
5080
5081
5082
5083
5084
5085
5086
5087
5088
5089
5090
5091
5092
5093
5094
5095
5096
5097
5098
5099
5100
5101
5102
5103
5104
5105
5106
5107
5108
5109
5110
5111
5112
5113
5114
5115
5116
5117
5118
5119
5120
5121
5122
5123
5124
5125
5126
5127
5128
5129
5130
5131
5132
5133
5134
5135
5136
5137
5138
5139
5140
5141
5142
5143
5144
5145
5146
5147
5148
5149
5150
5151
5152
5153
5154
5155
5156
5157
5158
5159
5160
5161
5162
5163
5164
5165
5166
5167
5168
5169
5170
5171
5172
5173
5174
5175
5176
5177
5178
5179
5180
5181
5182
5183
5184
5185
5186
5187
5188
5189
5190
5191
5192
5193
5194
5195
5196
5197
5198
5199
5200
5201
5202
5203
5204
5205
5206
5207
5208
5209
5210
5211
5212
5213
5214
5215
5216
5217
5218
5219
5220
5221
5222
5223
5224
5225
5226
5227
5228
5229
5230
5231
5232
5233
5234
5235
5236
5237
5238
5239
5240
5241
5242
5243
5244
5245
5246
5247
5248
5249
5250
5251
5252
5253
5254
5255
5256
5257
5258
5259
5260
5261
5262
5263
5264
5265
5266
5267
5268
5269
5270
5271
5272
5273
5274
5275
5276
5277
5278
5279
5280
5281
5282
5283
5284
5285
5286
5287
5288
5289
5290
5291
5292
5293
5294
5295
5296
5297
5298
5299
5300
5301
5302
5303
5304
5305
5306
5307
5308
5309
5310
5311
5312
5313
5314
5315
5316
5317
5318
5319
5320
5321
5322
5323
5324
5325
5326
5327
5328
5329
5330
5331
5332
5333
5334
5335
5336
5337
5338
5339
5340
5341
5342
5343
5344
5345
5346
5347
5348
5349
5350
5351
5352
5353
5354
5355
5356
5357
5358
5359
5360
5361
5362
5363
5364
5365
5366
5367
5368
5369
5370
5371
5372
5373
5374
5375
5376
5377
5378
5379
5380
5381
5382
5383
5384
5385
5386
5387
5388
5389
5390
5391
5392
5393
5394
5395
5396
5397
5398
5399
5400
5401
5402
5403
5404
5405
5406
5407
5408
5409
5410
5411
5412
5413
5414
5415
5416
5417
5418
5419
5420
5421
5422
5423
5424
5425
5426
5427
5428
5429
5430
5431
5432
5433
5434
5435
5436
5437
5438
5439
5440
5441
5442
5443
5444
5445
5446
5447
5448
5449
5450
5451
5452
5453
5454
5455
5456
5457
5458
5459
5460
5461
5462
5463
5464
5465
5466
5467
5468
5469
5470
5471
5472
5473
5474
5475
5476
5477
5478
5479
5480
5481
5482
5483
5484
5485
5486
5487
5488
5489
5490
5491
5492
5493
5494
5495
5496
5497
5498
5499
5500
5501
5502
5503
5504
5505
5506
5507
5508
5509
5510
5511
5512
5513
5514
5515
5516
5517
5518
5519
5520
5521
5522
5523
5524
5525
5526
5527
5528
5529
5530
5531
5532
5533
5534
5535
5536
5537
5538
5539
5540
5541
5542
5543
5544
5545
5546
5547
5548
5549
5550
5551
5552
5553
5554
5555
5556
5557
5558
5559
5560
5561
5562
5563
5564
5565
5566
5567
5568
5569
5570
5571
5572
5573
5574
5575
5576
5577
5578
5579
5580
5581
5582
5583
5584
5585
5586
5587
5588
5589
5590
5591
5592
5593
5594
5595
5596
5597
5598
5599
5600
5601
5602
5603
5604
5605
5606
5607
5608
5609
5610
5611
5612
5613
5614
5615
5616
5617
5618
5619
5620
5621
5622
5623
5624
5625
5626
5627
5628
5629
5630
5631
5632
5633
5634
5635
5636
5637
5638
5639
5640
5641
5642
5643
5644
5645
5646
5647
5648
5649
5650
5651
5652
5653
5654
5655
5656
5657
5658
5659
5660
5661
5662
5663
5664
5665
5666
5667
5668
5669
5670
5671
5672
5673
5674
5675
5676
5677
5678
5679
5680
5681
5682
5683
5684
5685
5686
5687
5688
5689
5690
5691
5692
5693
5694
5695
5696
5697
5698
5699
5700
5701
5702
5703
5704
5705
5706
5707
5708
5709
5710
5711
5712
5713
5714
5715
5716
5717
5718
5719
5720
5721
5722
5723
5724
5725
5726
5727
5728
5729
5730
5731
5732
5733
5734
5735
5736
5737
5738
5739
5740
5741
5742
5743
5744
5745
5746
5747
5748
5749
5750
5751
5752
5753
5754
5755
5756
5757
5758
5759
5760
5761
5762
5763
5764
5765
5766
5767
5768
5769
5770
5771
5772
5773
5774
5775
5776
5777
5778
5779
5780
5781
5782
5783
5784
5785
5786
5787
5788
5789
5790
5791
5792
5793
5794
5795
5796
5797
5798
5799
5800
5801
5802
5803
5804
5805
5806
5807
5808
5809
5810
5811
5812
5813
5814
5815
5816
5817
5818
5819
5820
5821
5822
5823
5824
5825
5826
5827
5828
5829
5830
5831
5832
5833
5834
5835
5836
5837
5838
5839
5840
5841
5842
5843
5844
5845
5846
5847
5848
5849
5850
5851
5852
5853
5854
5855
5856
5857
5858
5859
5860
5861
5862
5863
5864
5865
5866
5867
5868
5869
5870
5871
5872
5873
5874
5875
5876
5877
5878
5879
5880
5881
5882
5883
5884
5885
5886
5887
5888
5889
5890
5891
5892
5893
5894
5895
5896
5897
5898
5899
5900
5901
5902
5903
5904
5905
5906
5907
5908
5909
5910
5911
5912
5913
5914
5915
5916
5917
5918
5919
5920
5921
5922
5923
5924
5925
5926
5927
5928
5929
5930
5931
5932
5933
5934
5935
5936
5937
5938
5939
5940
5941
5942
5943
5944
5945
5946
5947
5948
5949
5950
5951
5952
5953
5954
5955
5956
5957
5958
5959
5960
5961
5962
5963
5964
5965
5966
5967
5968
5969
5970
5971
5972
5973
5974
5975
5976
5977
5978
5979
5980
5981
5982
5983
5984
5985
5986
5987
5988
5989
5990
5991
5992
5993
5994
5995
5996
5997
5998
5999
6000
6001
6002
6003
6004
6005
6006
6007
6008
6009
6010
6011
6012
6013
6014
6015
6016
6017
6018
6019
6020
6021
6022
6023
6024
6025
6026
6027
6028
6029
6030
6031
6032
6033
6034
6035
6036
6037
6038
6039
6040
6041
6042
6043
6044
6045
6046
6047
6048
6049
6050
6051
6052
6053
6054
6055
6056
6057
6058
6059
6060
6061
6062
6063
6064
6065
6066
6067
6068
6069
6070
6071
6072
6073
6074
6075
6076
6077
6078
6079
6080
6081
6082
6083
6084
6085
6086
6087
6088
6089
6090
6091
6092
6093
6094
6095
6096
6097
6098
6099
6100
6101
6102
6103
6104
6105
6106
6107
6108
6109
6110
6111
6112
6113
6114
6115
6116
6117
6118
6119
6120
6121
6122
6123
6124
6125
6126
6127
6128
6129
6130
6131
6132
6133
6134
6135
6136
6137
6138
6139
6140
6141
6142
6143
6144
6145
6146
6147
6148
6149
6150
6151
6152
6153
6154
6155
6156
6157
6158
6159
6160
6161
6162
6163
6164
6165
6166
6167
6168
6169
6170
6171
6172
6173
6174
6175
6176
6177
6178
6179
6180
6181
6182
6183
6184
6185
6186
6187
6188
6189
6190
6191
6192
6193
6194
6195
6196
6197
6198
6199
6200
6201
6202
6203
6204
6205
6206
6207
6208
6209
6210
6211
6212
6213
6214
6215
6216
6217
6218
6219
6220
6221
6222
6223
6224
6225
6226
6227
6228
6229
6230
6231
6232
6233
6234
6235
6236
6237
6238
6239
6240
6241
6242
6243
6244
6245
6246
6247
6248
6249
6250
6251
6252
6253
6254
6255
6256
6257
6258
6259
6260
6261
6262
6263
6264
6265
6266
6267
6268
6269
6270
6271
6272
6273
6274
6275
6276
6277
6278
6279
6280
6281
6282
6283
6284
6285
6286
6287
6288
6289
6290
6291
6292
6293
6294
6295
6296
6297
6298
6299
6300
6301
6302
6303
6304
6305
6306
6307
6308
6309
6310
6311
6312
6313
6314
6315
6316
6317
6318
6319
6320
6321
6322
6323
6324
6325
6326
6327
6328
6329
6330
6331
6332
6333
6334
6335
6336
6337
6338
6339
6340
6341
6342
6343
6344
6345
6346
6347
6348
6349
6350
6351
6352
6353
6354
6355
6356
6357
6358
6359
6360
6361
6362
6363
6364
6365
6366
6367
6368
6369
6370
6371
6372
6373
6374
6375
6376
6377
6378
6379
6380
6381
6382
6383
6384
6385
6386
6387
6388
6389
6390
6391
6392
6393
6394
6395
6396
6397
6398
6399
6400
6401
6402
6403
6404
6405
6406
6407
6408
6409
6410
6411
6412
6413
6414
6415
6416
6417
6418
6419
6420
6421
6422
6423
6424
6425
6426
6427
6428
6429
6430
6431
6432
6433
6434
6435
6436
6437
6438
6439
6440
6441
6442
6443
6444
6445
6446
6447
6448
6449
6450
6451
6452
6453
6454
6455
6456
6457
6458
6459
6460
6461
6462
6463
6464
6465
6466
6467
6468
6469
6470
6471
6472
6473
6474
6475
6476
6477
6478
6479
6480
6481
6482
6483
6484
6485
6486
6487
6488
6489
6490
6491
6492
6493
6494
6495
6496
6497
6498
6499
6500
6501
6502
6503
6504
6505
6506
6507
6508
6509
6510
6511
6512
6513
6514
6515
6516
6517
6518
6519
6520
6521
6522
6523
6524
6525
6526
6527
6528
6529
6530
6531
6532
6533
6534
6535
6536
6537
6538
6539
6540
6541
6542
6543
6544
6545
6546
6547
6548
6549
6550
6551
6552
6553
6554
6555
6556
6557
6558
6559
6560
6561
6562
6563
6564
6565
6566
6567
6568
6569
6570
6571
6572
6573
6574
6575
6576
6577
6578
6579
6580
6581
6582
6583
6584
6585
6586
6587
6588
6589
6590
6591
6592
6593
6594
6595
6596
6597
6598
6599
6600
6601
6602
6603
6604
6605
6606
6607
6608
6609
6610
6611
6612
6613
6614
6615
6616
6617
6618
6619
6620
6621
6622
6623
6624
6625
6626
6627
6628
6629
6630
6631
6632
6633
6634
6635
6636
6637
6638
6639
6640
6641
6642
6643
6644
6645
6646
6647
6648
6649
6650
6651
6652
6653
6654
6655
6656
6657
6658
6659
6660
6661
6662
6663
6664
6665
6666
6667
6668
6669
6670
6671
6672
6673
6674
6675
6676
6677
6678
6679
6680
6681
6682
6683
6684
6685
6686
6687
6688
6689
6690
6691
6692
6693
6694
6695
6696
6697
6698
6699
6700
6701
6702
6703
6704
6705
6706
6707
6708
6709
6710
6711
6712
6713
6714
6715
6716
6717
6718
6719
6720
6721
6722
6723
6724
6725
6726
6727
6728
6729
6730
6731
6732
6733
6734
6735
6736
6737
6738
6739
6740
6741
6742
6743
6744
6745
6746
6747
6748
6749
6750
6751
6752
6753
6754
6755
6756
6757
6758
6759
6760
6761
6762
6763
6764
6765
6766
6767
6768
6769
6770
6771
6772
6773
6774
6775
6776
6777
6778
6779
6780
6781
6782
6783
6784
6785
6786
6787
6788
6789
6790
6791
6792
6793
6794
6795
6796
6797
6798
6799
6800
6801
6802
6803
6804
6805
6806
6807
6808
6809
6810
6811
6812
6813
6814
6815
6816
6817
6818
6819
6820
6821
6822
6823
6824
6825
6826
6827
6828
6829
6830
6831
6832
6833
6834
6835
6836
6837
6838
6839
6840
6841
6842
6843
6844
6845
6846
6847
6848
6849
6850
6851
6852
6853
6854
6855
6856
6857
6858
6859
6860
6861
6862
6863
6864
6865
6866
6867
6868
6869
6870
6871
6872
6873
6874
6875
6876
6877
6878
6879
6880
6881
6882
6883
6884
6885
6886
6887
6888
6889
6890
6891
6892
6893
6894
6895
6896
6897
6898
6899
6900
6901
6902
6903
6904
6905
6906
6907
6908
6909
6910
6911
6912
6913
6914
6915
6916
6917
6918
6919
6920
6921
6922
6923
6924
6925
6926
6927
6928
6929
6930
6931
6932
6933
6934
6935
6936
6937
6938
6939
6940
6941
6942
6943
6944
6945
6946
6947
6948
6949
6950
6951
6952
6953
6954
6955
6956
6957
6958
6959
6960
6961
6962
6963
6964
6965
6966
6967
6968
6969
6970
6971
6972
6973
6974
6975
6976
6977
6978
6979
6980
6981
6982
6983
6984
6985
6986
6987
6988
6989
6990
6991
6992
6993
6994
6995
6996
6997
6998
6999
7000
7001
7002
7003
7004
7005
7006
7007
7008
7009
7010
7011
7012
7013
7014
7015
7016
7017
7018
7019
7020
7021
7022
7023
7024
7025
7026
7027
7028
7029
7030
7031
7032
7033
7034
7035
7036
7037
7038
7039
7040
7041
7042
7043
7044
7045
7046
7047
7048
7049
7050
7051
7052
7053
7054
7055
7056
7057
7058
7059
7060
7061
7062
7063
7064
7065
7066
7067
7068
7069
7070
7071
7072
7073
7074
7075
7076
7077
7078
7079
7080
7081
7082
7083
7084
7085
7086
7087
7088
7089
7090
7091
7092
7093
7094
7095
7096
7097
7098
7099
7100
7101
7102
7103
7104
7105
7106
7107
7108
7109
7110
7111
7112
7113
7114
7115
7116
7117
7118
7119
7120
7121
7122
7123
7124
7125
7126
7127
7128
7129
7130
7131
7132
7133
7134
7135
7136
7137
7138
7139
7140
7141
7142
7143
7144
7145
7146
7147
7148
7149
7150
7151
7152
7153
7154
7155
7156
7157
7158
7159
7160
7161
7162
7163
7164
7165
7166
7167
7168
7169
7170
7171
7172
7173
7174
7175
7176
7177
7178
7179
7180
7181
7182
7183
7184
7185
7186
7187
7188
7189
7190
7191
7192
7193
7194
7195
7196
7197
7198
7199
7200
7201
7202
7203
7204
7205
7206
7207
7208
7209
7210
7211
7212
7213
7214
7215
7216
7217
7218
7219
7220
7221
7222
7223
7224
7225
7226
7227
7228
7229
7230
7231
7232
7233
7234
7235
7236
7237
7238
7239
7240
7241
7242
7243
7244
7245
7246
7247
7248
7249
7250
7251
7252
7253
7254
7255
7256
7257
7258
7259
7260
7261
7262
7263
7264
7265
7266
7267
7268
7269
7270
7271
7272
7273
7274
7275
7276
7277
7278
7279
7280
7281
7282
7283
7284
7285
7286
7287
7288
7289
7290
7291
7292
7293
7294
7295
7296
7297
7298
7299
7300
7301
7302
7303
7304
7305
7306
7307
7308
7309
7310
7311
7312
7313
7314
7315
7316
7317
7318
7319
7320
7321
7322
7323
7324
7325
7326
7327
7328
7329
7330
7331
7332
7333
7334
7335
7336
7337
7338
7339
7340
7341
7342
7343
7344
7345
7346
7347
7348
7349
7350
7351
7352
7353
7354
7355
7356
7357
7358
7359
7360
7361
7362
7363
7364
7365
7366
7367
7368
7369
7370
7371
7372
7373
7374
7375
7376
7377
7378
7379
7380
7381
7382
7383
7384
7385
7386
7387
7388
7389
7390
7391
7392
7393
7394
7395
7396
7397
7398
7399
7400
7401
7402
7403
7404
7405
7406
7407
7408
7409
7410
7411
7412
7413
7414
7415
7416
7417
7418
7419
7420
7421
7422
7423
7424
7425
7426
7427
7428
7429
7430
7431
7432
7433
7434
7435
7436
7437
7438
7439
7440
7441
7442
7443
7444
7445
7446
7447
7448
7449
7450
7451
7452
7453
7454
7455
7456
7457
7458
7459
7460
7461
7462
7463
7464
7465
7466
7467
7468
7469
7470
7471
7472
7473
7474
7475
7476
7477
7478
7479
7480
7481
7482
7483
7484
7485
7486
7487
7488
7489
7490
7491
7492
7493
7494
7495
7496
7497
7498
7499
7500
7501
7502
7503
7504
7505
7506
7507
7508
7509
7510
7511
7512
7513
7514
7515
7516
7517
7518
7519
7520
7521
7522
7523
7524
7525
7526
7527
7528
7529
7530
7531
7532
7533
7534
7535
7536
7537
7538
7539
7540
7541
7542
7543
7544
7545
7546
7547
7548
7549
7550
7551
7552
7553
7554
7555
7556
7557
7558
7559
7560
7561
7562
7563
7564
7565
7566
7567
7568
7569
7570
7571
7572
7573
7574
7575
7576
7577
7578
7579
7580
7581
7582
7583
7584
7585
7586
7587
7588
7589
7590
7591
7592
7593
7594
7595
7596
7597
7598
7599
7600
7601
7602
7603
7604
7605
7606
7607
7608
7609
7610
7611
7612
7613
7614
7615
7616
7617
7618
7619
7620
7621
7622
7623
7624
7625
7626
7627
7628
7629
7630
7631
7632
7633
7634
7635
7636
7637
7638
7639
7640
7641
7642
7643
7644
7645
7646
7647
7648
7649
7650
7651
7652
7653
7654
7655
7656
7657
7658
7659
7660
7661
7662
7663
7664
7665
7666
7667
7668
7669
7670
7671
7672
7673
7674
7675
7676
7677
7678
7679
7680
7681
7682
7683
7684
7685
7686
7687
7688
7689
7690
7691
7692
7693
7694
7695
7696
7697
7698
7699
7700
7701
7702
7703
7704
7705
7706
7707
7708
7709
7710
7711
7712
7713
7714
7715
7716
7717
7718
7719
7720
7721
7722
7723
7724
7725
7726
7727
7728
7729
7730
7731
7732
7733
7734
7735
7736
7737
7738
7739
7740
7741
7742
7743
7744
7745
7746
7747
7748
7749
7750
7751
7752
7753
7754
7755
7756
7757
7758
7759
7760
7761
7762
7763
7764
7765
7766
7767
7768
7769
7770
7771
7772
7773
7774
7775
7776
7777
7778
7779
7780
7781
7782
7783
7784
7785
7786
7787
7788
7789
7790
7791
7792
7793
7794
7795
7796
7797
7798
7799
7800
7801
7802
7803
7804
7805
7806
7807
7808
7809
7810
7811
7812
7813
7814
7815
7816
7817
7818
7819
7820
7821
7822
7823
7824
7825
7826
7827
7828
7829
7830
7831
7832
7833
7834
7835
7836
7837
7838
7839
7840
7841
7842
7843
7844
7845
7846
7847
7848
7849
7850
7851
7852
7853
7854
7855
7856
7857
7858
7859
7860
7861
7862
7863
7864
7865
7866
7867
7868
7869
7870
7871
7872
7873
7874
7875
7876
7877
7878
7879
7880
7881
7882
7883
7884
7885
7886
7887
7888
7889
7890
7891
7892
7893
7894
7895
7896
7897
7898
7899
7900
7901
7902
7903
7904
7905
7906
7907
7908
7909
7910
7911
7912
7913
7914
7915
7916
7917
7918
7919
7920
7921
7922
7923
7924
7925
7926
7927
7928
7929
7930
7931
7932
7933
7934
7935
7936
7937
7938
7939
7940
7941
7942
7943
7944
7945
7946
7947
7948
7949
7950
7951
7952
7953
7954
7955
7956
7957
7958
7959
7960
7961
7962
7963
7964
7965
7966
7967
7968
7969
7970
7971
7972
7973
7974
7975
7976
7977
7978
7979
7980
7981
7982
7983
7984
7985
7986
7987
7988
7989
7990
7991
7992
7993
7994
7995
7996
7997
7998
7999
8000
8001
8002
8003
8004
8005
8006
8007
8008
8009
8010
8011
8012
8013
8014
8015
8016
8017
8018
8019
8020
8021
8022
8023
8024
8025
8026
8027
8028
8029
8030
8031
8032
8033
8034
8035
8036
8037
8038
8039
8040
8041
8042
8043
8044
8045
8046
8047
8048
8049
8050
8051
8052
8053
8054
8055
8056
8057
8058
8059
8060
8061
8062
8063
8064
8065
8066
8067
8068
8069
8070
8071
8072
8073
8074
8075
8076
8077
8078
8079
8080
8081
8082
8083
8084
8085
8086
8087
8088
8089
8090
8091
8092
8093
8094
8095
8096
8097
8098
8099
8100
8101
8102
8103
8104
8105
8106
8107
8108
8109
8110
8111
8112
8113
8114
8115
8116
8117
8118
8119
8120
8121
8122
8123
8124
8125
8126
8127
8128
8129
8130
8131
8132
8133
8134
8135
8136
8137
8138
8139
8140
8141
8142
8143
8144
8145
8146
8147
8148
8149
8150
8151
8152
8153
8154
8155
8156
8157
8158
8159
8160
8161
8162
8163
8164
8165
8166
8167
8168
8169
8170
8171
8172
8173
8174
8175
8176
8177
8178
8179
8180
8181
8182
8183
8184
8185
8186
8187
8188
8189
8190
8191
8192
8193
8194
8195
8196
8197
8198
8199
8200
8201
8202
8203
8204
8205
8206
8207
8208
8209
8210
8211
8212
8213
8214
8215
8216
8217
8218
8219
8220
8221
8222
8223
8224
8225
8226
8227
8228
8229
8230
8231
8232
8233
8234
8235
8236
8237
8238
8239
8240
8241
8242
8243
8244
8245
8246
8247
8248
8249
8250
8251
8252
8253
8254
8255
8256
8257
8258
8259
8260
8261
8262
8263
8264
8265
8266
8267
8268
8269
8270
8271
8272
8273
8274
8275
8276
8277
8278
8279
8280
8281
8282
8283
8284
8285
8286
8287
8288
8289
8290
8291
8292
8293
8294
8295
8296
8297
8298
8299
8300
8301
8302
8303
8304
8305
8306
8307
8308
8309
8310
8311
8312
8313
8314
8315
8316
8317
8318
8319
8320
8321
8322
8323
8324
8325
8326
8327
8328
8329
8330
8331
8332
8333
8334
8335
8336
8337
8338
8339
8340
8341
8342
8343
8344
8345
8346
8347
8348
8349
8350
8351
8352
8353
8354
8355
8356
8357
8358
8359
8360
8361
8362
8363
8364
8365
8366
8367
8368
8369
8370
8371
8372
8373
8374
8375
8376
8377
8378
8379
8380
8381
8382
8383
8384
8385
8386
8387
8388
8389
8390
8391
8392
8393
8394
8395
8396
8397
8398
8399
8400
8401
8402
8403
8404
8405
8406
8407
8408
8409
8410
8411
8412
8413
8414
8415
8416
8417
8418
8419
8420
8421
8422
8423
8424
8425
8426
8427
8428
8429
8430
8431
8432
8433
8434
8435
8436
8437
8438
8439
8440
8441
8442
8443
8444
8445
8446
8447
8448
8449
8450
8451
8452
8453
8454
8455
8456
8457
8458
8459
8460
8461
8462
8463
8464
8465
8466
8467
8468
8469
8470
8471
8472
8473
8474
8475
8476
8477
8478
8479
8480
8481
8482
8483
8484
8485
8486
8487
8488
8489
8490
8491
8492
8493
8494
8495
8496
8497
8498
8499
8500
8501
8502
8503
8504
8505
8506
8507
8508
8509
8510
8511
8512
8513
8514
8515
8516
8517
8518
8519
8520
8521
8522
8523
8524
8525
8526
8527
8528
8529
8530
8531
8532
8533
8534
8535
8536
8537
8538
8539
8540
8541
8542
8543
8544
8545
8546
8547
8548
8549
8550
8551
8552
8553
8554
8555
8556
8557
8558
8559
8560
8561
8562
8563
8564
8565
8566
8567
8568
8569
8570
8571
8572
8573
8574
8575
8576
8577
8578
8579
8580
8581
8582
8583
8584
8585
8586
8587
8588
8589
8590
8591
8592
8593
8594
8595
8596
8597
8598
8599
8600
8601
8602
8603
8604
8605
8606
8607
8608
8609
8610
8611
8612
8613
8614
8615
8616
8617
8618
8619
8620
8621
8622
8623
8624
8625
8626
8627
8628
8629
8630
8631
8632
8633
8634
8635
8636
8637
8638
8639
8640
8641
8642
8643
8644
8645
8646
8647
8648
8649
8650
8651
8652
8653
8654
8655
8656
8657
8658
8659
8660
8661
8662
8663
8664
8665
8666
8667
8668
8669
8670
8671
8672
8673
8674
8675
8676
8677
8678
8679
8680
8681
8682
8683
8684
8685
8686
8687
8688
8689
8690
8691
8692
8693
8694
8695
8696
8697
8698
8699
8700
8701
8702
8703
8704
8705
8706
8707
8708
8709
8710
8711
8712
8713
8714
8715
8716
8717
8718
8719
8720
8721
8722
8723
8724
8725
8726
8727
8728
8729
8730
8731
8732
8733
8734
8735
8736
8737
8738
8739
8740
8741
8742
8743
8744
8745
8746
8747
8748
8749
8750
8751
8752
8753
8754
8755
8756
8757
8758
8759
8760
8761
8762
8763
8764
8765
8766
8767
8768
8769
8770
8771
8772
8773
8774
8775
8776
8777
8778
8779
8780
8781
8782
8783
8784
8785
8786
8787
8788
8789
8790
8791
8792
8793
8794
8795
8796
8797
8798
8799
8800
8801
8802
8803
8804
8805
8806
8807
8808
8809
8810
8811
8812
8813
8814
8815
8816
8817
8818
8819
8820
8821
8822
8823
8824
8825
8826
8827
8828
8829
8830
8831
8832
8833
8834
8835
8836
8837
8838
8839
8840
8841
8842
8843
8844
8845
8846
8847
8848
8849
8850
8851
8852
8853
8854
8855
8856
8857
8858
8859
8860
8861
8862
8863
8864
8865
8866
8867
8868
8869
8870
8871
8872
8873
8874
8875
8876
8877
8878
8879
8880
8881
8882
8883
8884
8885
8886
8887
8888
8889
8890
8891
8892
8893
8894
8895
8896
8897
8898
8899
8900
8901
8902
8903
8904
8905
8906
8907
8908
8909
8910
8911
8912
8913
8914
8915
8916
8917
8918
8919
8920
8921
8922
8923
8924
8925
8926
8927
8928
8929
8930
8931
8932
8933
8934
8935
8936
8937
8938
8939
8940
8941
8942
8943
8944
8945
8946
8947
8948
8949
8950
8951
8952
8953
8954
8955
8956
8957
8958
8959
8960
8961
8962
8963
8964
8965
8966
8967
8968
8969
8970
8971
8972
8973
8974
8975
8976
8977
8978
8979
8980
8981
8982
8983
8984
8985
8986
8987
8988
8989
8990
8991
8992
8993
8994
8995
8996
8997
8998
8999
9000
9001
9002
9003
9004
9005
9006
9007
9008
9009
9010
9011
9012
9013
9014
9015
9016
9017
9018
9019
9020
9021
9022
9023
9024
9025
9026
9027
9028
9029
9030
9031
9032
9033
9034
9035
9036
9037
9038
9039
9040
9041
9042
9043
9044
9045
9046
9047
9048
9049
9050
9051
9052
9053
9054
9055
9056
9057
9058
9059
9060
9061
9062
9063
9064
9065
9066
9067
9068
9069
9070
9071
9072
9073
9074
9075
9076
9077
9078
9079
9080
9081
9082
9083
9084
9085
9086
9087
9088
9089
9090
9091
9092
9093
9094
9095
9096
9097
9098
9099
9100
9101
9102
9103
9104
9105
9106
9107
9108
9109
9110
9111
9112
9113
9114
9115
9116
9117
9118
9119
9120
9121
9122
9123
9124
9125
9126
9127
9128
9129
9130
9131
9132
9133
9134
9135
9136
9137
9138
9139
9140
9141
9142
9143
9144
9145
9146
9147
9148
9149
9150
9151
9152
9153
9154
9155
9156
9157
9158
9159
9160
9161
9162
9163
9164
9165
9166
9167
9168
9169
9170
9171
9172
9173
9174
9175
9176
9177
9178
9179
9180
9181
9182
9183
9184
9185
9186
9187
9188
9189
9190
9191
9192
9193
9194
9195
9196
9197
9198
9199
9200
9201
9202
9203
9204
9205
9206
9207
9208
9209
9210
9211
9212
9213
9214
9215
9216
9217
9218
9219
9220
9221
9222
9223
9224
9225
9226
9227
9228
9229
9230
9231
9232
9233
9234
9235
9236
9237
9238
9239
9240
9241
9242
9243
9244
9245
9246
9247
9248
9249
9250
9251
9252
9253
9254
9255
9256
9257
9258
9259
9260
9261
9262
9263
9264
9265
9266
9267
9268
9269
9270
9271
9272
9273
9274
9275
9276
9277
9278
9279
9280
9281
9282
9283
9284
9285
9286
9287
9288
9289
9290
9291
9292
9293
9294
9295
9296
9297
9298
9299
9300
9301
9302
9303
9304
9305
9306
9307
9308
9309
9310
9311
9312
9313
9314
9315
9316
9317
9318
9319
9320
9321
9322
9323
9324
9325
9326
9327
9328
9329
9330
9331
9332
9333
9334
9335
9336
9337
9338
9339
9340
9341
9342
9343
9344
9345
9346
9347
9348
9349
9350
9351
9352
9353
9354
9355
9356
9357
9358
9359
9360
9361
9362
9363
9364
9365
9366
9367
9368
9369
9370
9371
9372
9373
9374
9375
9376
9377
9378
9379
9380
9381
9382
9383
9384
9385
9386
9387
9388
9389
9390
9391
9392
9393
9394
9395
9396
9397
9398
9399
9400
9401
9402
9403
9404
9405
9406
9407
9408
9409
9410
9411
9412
9413
9414
9415
9416
9417
9418
9419
9420
9421
9422
9423
9424
9425
9426
9427
9428
9429
9430
9431
9432
9433
9434
9435
9436
9437
9438
9439
9440
9441
9442
9443
9444
9445
9446
9447
9448
9449
9450
9451
9452
9453
9454
9455
9456
9457
9458
9459
9460
9461
9462
9463
9464
9465
9466
9467
9468
9469
9470
9471
9472
9473
9474
9475
9476
9477
9478
9479
9480
9481
9482
9483
9484
9485
9486
9487
9488
9489
9490
9491
9492
9493
9494
9495
9496
9497
9498
9499
9500
9501
9502
9503
9504
9505
9506
9507
9508
9509
9510
9511
9512
9513
9514
9515
9516
9517
9518
9519
9520
9521
9522
9523
9524
9525
9526
9527
9528
9529
9530
9531
9532
9533
9534
9535
9536
9537
9538
9539
9540
9541
9542
9543
9544
9545
9546
9547
9548
9549
9550
9551
9552
9553
9554
9555
9556
9557
9558
9559
9560
9561
9562
9563
9564
9565
9566
9567
9568
9569
9570
9571
9572
9573
9574
9575
9576
9577
9578
9579
9580
9581
9582
9583
9584
9585
9586
9587
9588
9589
9590
9591
9592
9593
9594
9595
9596
9597
9598
9599
9600
9601
9602
9603
9604
9605
9606
9607
9608
9609
9610
9611
9612
9613
9614
9615
9616
9617
9618
9619
9620
9621
9622
9623
9624
9625
9626
9627
9628
9629
9630
9631
9632
9633
9634
9635
9636
9637
9638
9639
9640
9641
9642
9643
9644
9645
9646
9647
9648
9649
9650
9651
9652
9653
9654
9655
9656
9657
9658
9659
9660
9661
9662
9663
9664
9665
9666
9667
9668
9669
9670
9671
9672
9673
9674
9675
9676
9677
9678
9679
9680
9681
9682
9683
9684
9685
9686
9687
9688
9689
9690
9691
9692
9693
9694
9695
9696
9697
9698
9699
9700
9701
9702
9703
9704
9705
9706
9707
9708
9709
9710
9711
9712
9713
9714
9715
9716
9717
9718
9719
9720
9721
9722
9723
9724
9725
9726
9727
9728
9729
9730
9731
9732
9733
9734
9735
9736
9737
9738
9739
9740
9741
9742
9743
9744
9745
9746
9747
9748
9749
9750
9751
9752
9753
9754
9755
9756
9757
9758
9759
9760
9761
9762
9763
9764
9765
9766
9767
9768
9769
9770
9771
9772
9773
9774
9775
9776
9777
9778
9779
9780
9781
9782
9783
9784
9785
9786
9787
9788
9789
9790
9791
9792
9793
9794
9795
9796
9797
9798
9799
9800
9801
9802
9803
9804
9805
9806
9807
9808
9809
9810
9811
9812
9813
9814
9815
9816
9817
9818
9819
9820
9821
9822
9823
9824
9825
9826
9827
9828
9829
9830
9831
9832
9833
9834
9835
9836
9837
9838
9839
9840
9841
9842
9843
9844
9845
9846
9847
9848
9849
9850
9851
9852
9853
9854
9855
9856
9857
9858
9859
9860
9861
9862
9863
9864
9865
9866
9867
9868
9869
9870
9871
9872
9873
9874
9875
9876
9877
9878
9879
9880
9881
9882
9883
9884
9885
9886
9887
9888
9889
9890
9891
9892
9893
9894
9895
9896
9897
9898
9899
9900
9901
9902
9903
9904
9905
9906
9907
9908
9909
9910
9911
9912
9913
9914
9915
9916
9917
9918
9919
9920
9921
9922
9923
9924
9925
9926
9927
9928
9929
9930
9931
9932
9933
9934
9935
9936
9937
9938
9939
9940
9941
9942
9943
9944
9945
9946
9947
9948
9949
9950
9951
9952
9953
9954
9955
9956
9957
9958
9959
9960
9961
9962
9963
9964
9965
9966
9967
9968
9969
9970
9971
9972
9973
9974
9975
9976
9977
9978
9979
9980
9981
9982
9983
9984
9985
9986
9987
9988
9989
9990
9991
9992
9993
9994
9995
9996
9997
9998
9999
10000
10001
10002
10003
10004
10005
10006
10007
10008
10009
10010
10011
10012
10013
10014
10015
10016
10017
10018
10019
10020
10021
10022
10023
10024
10025
10026
10027
10028
10029
10030
10031
10032
10033
10034
10035
10036
10037
10038
10039
10040
10041
10042
10043
10044
10045
10046
10047
10048
10049
10050
10051
10052
10053
10054
10055
10056
10057
10058
10059
10060
10061
10062
10063
10064
10065
10066
10067
10068
10069
10070
10071
10072
10073
10074
10075
10076
10077
10078
10079
10080
10081
10082
10083
10084
10085
10086
10087
10088
10089
10090
10091
10092
10093
10094
10095
10096
10097
10098
10099
10100
10101
1.982256283985979 2.503113948340043 0
18.00842381486285 2.460321093530415 0
1.454099022154127 4.77821641422392 0
1.476376873579161 0.2282798409854645 0
18.55163215674338 0.1994098114020515 0
18.49963629477031 4.793620890382778 0
2.226097445748546 2.94844558644376 0
2.054392641622385 2.906837398590026 0
17.75173243895239 2.898586756593028 0
17.93261177608385 2.862751822181341 0
14.58076657205789 2.970655895800685 0
2.301325221181585 2.029003970234427 0
2.096958362800847 2.057767748156939 0
17.67761858185801 2.048642869054037 0
17.87764816699305 2.080013022306646 0
17.19153699767958 2.998724981555157 0
2.13604711445328 3.116237064429453 0
1.977805530274793 3.048897847716188 0
17.82099681038352 3.034239901091897 0
17.99683855495074 2.983521341630558 0
5.455604296283025 2.986946982166494 0
6.46843608763154 3.018142198128518 0
0.2527963909965614 1.278817434126873 0
19.73081935009238 1.426099748191585 0
17.69999933459797 1.88470187813071 0
16.91724274642404 2.023543937038104 0
2.258003874411894 1.850928436618188 0
3.071430214275154 2.008393187729625 0
9.436543602219194 2.94648781300689 0
10.00443876987253 2.945686124078081 0
17.89667681981283 1.915441977494576 0
2.067141399327941 1.884126893623153 0
13.45373125346287 2.99773817897414 0
2.035559241784578 3.271577371090396 0
1.886858627407708 3.191626264225301 0
7.301069812457557 0.2063132919686179 0
12.51022433474911 0.1948727614278605 0
17.89241675660541 3.179029962259291 0
18.07570511301176 3.122042253672984 0
18.25026503877548 3.043266903571265 0
0.224057905033499 2.287252541232356 0
19.74543492436598 2.275157472795255 0
4.013082892780409 2.028019591497777 0
16.09828824292305 1.970693561585925 0
15.45389904014702 2.01782823503457 0
4.720762131708518 2.033593965477975 0
6.634508170841162 2.043765856704586 0
13.3468510079721 2.049703848782033 0
5.420289565853177 2.047089052240012 0
14.7512811186716 2.029344901217145 0
6.014250687745012 2.002974254995078 0
14.04656164406296 2.037433149259627 0
18.38732648437334 3.203579879181942 0
15.02357380278972 4.751438382760922 0
17.90509391516055 1.732677727774227 0
2.037928069117881 1.719618894970453 0
1.90266940078719 1.745255741714069 0
1.844950275961226 1.89964376592817 0
9.487914818632389 4.790469197558109 0
14.00520291488847 4.79642316147097 0
2.816056535710334 2.992692767887676 0
6.270130877685739 4.791680270740566 0
16.12460137187138 3.580978555464752 0
16.2767506127196 3.569100730380093 0
15.7018234954832 3.555641355219678 0
15.5998783930654 3.542989877613593 0
17.08736543274653 4.796268849914588 0
2.758741105506166 4.783192469182325 0
13.42442808865684 4.775139085286416 0
3.482802925134501 0.2102981923230405 0
16.57670542089659 0.2109928477151115 0
1.932911413527766 3.405759484859315 0
1.799857229329648 3.333440357230279 0
1.737330536411962 3.109533107503349 0
10.46375036430684 4.784786770104141 0
1.644159594114644 3.264164206096924 0
17.95493641993851 3.332518812735937 0
5.525035210731823 4.765543361222047 0
5.731850875066629 0.2373149796355309 0
14.32714691584047 0.2269010116391317 0
6.481282254142875 0.1972602311754219 0
13.50483641339552 0.2327890887080621 0
15.07116617281438 0.2206148969028643 0
4.97043945061947 0.2128962567108248 0
15.82442483789608 0.2222025396453033 0
4.225981094882213 0.2076564940390182 0
2.740863019651505 0.2189207413008791 0
17.30886626043895 0.1962436451115841 0
18.1299458403273 1.983768411928867 0
19.75378117094469 3.747417902779813 0
17.8885151080443 1.540029416797912 0
18.10899484511668 1.536758408256925 0
1.993213408574737 1.553767282307921 0
1.818058428238169 1.634174175570797 0
18.47975111232955 3.056404374799968 0
7.340580786761899 2.046555855326072 0
12.67105761346552 2.051813545361024 0
6.998153722555301 4.791799239281498 0
15.59828737583319 3.675415886465948 0
15.42586222448955 3.716227792486689 0
16.17468617942746 3.722302501387027 0
16.32489631574187 3.709439526621084 0
2.206307771472988 3.373340218802917 0
8.246654162496354 1.438347592004843 0
8.063281780628557 1.442887897792568 0
11.60075495761266 1.459247298144622 0
11.84428991662633 1.498953033593956 0
2.044132276037447 3.508393888905095 0
2.259426928444017 3.517359452143931 0
17.778955715623 3.373553095532646 0
2.181783646044423 1.516632294950918 0
17.67590151393043 1.544214227453493 0
17.81525723027521 3.51998093374322 0
17.68202207595391 3.52918099514337 0
4.267176800783156 3.643897753857865 0
4.516440892055819 3.607814399607899 0
18.62878802742721 3.2199167360056 0
3.675190624148467 3.642099256714514 0
3.481328202228854 3.629184231624955 0
1.474239959137796 3.186904418450218 0
10.64268450917376 2.960115828852097 0
18.6258794382763 3.042012906779067 0
17.85626061854124 1.346162671036742 0
17.6384718057569 1.356311458349718 0
2.170337895812525 1.354856574151775 0
2.305624604373858 1.360983327283318 0
1.307286919959118 3.09623408912291 0
10.04732307955247 1.390390465232223 0
9.386219581874839 1.357004496392139 0
10.70166798445008 1.411669110904066 0
11.65169597076468 1.304816907899537 0
11.86847401405165 1.340376977262566 0
8.233645896854123 1.27925713588951 0
8.048159493096048 1.292037393962843 0
8.4543239558352 3.69012953311301 0
7.747295503278569 3.685844970788624 0
7.526254450084844 3.681352743215946 0
15.52374300330151 3.828609972176988 0
15.35161016893142 3.878521613163166 0
16.21251136401695 3.858730910251299 0
16.36184520130077 3.852817887365825 0
0.2850573729931014 4.170567979516449 0
8.750214225683703 0.2241062445434019 0
2.162661129016534 3.626155684078623 0
2.31892105845087 3.722061261197708 0
17.83007999036591 3.675277467749374 0
17.58517516289447 3.672751816236397 0
18.02667837836393 3.663064526689848 0
11.14190352941107 4.733187296476631 0
18.83478470146747 3.208725920594552 0
4.46992541658943 3.821987816041672 0
4.679396251371697 3.835993839192977 0
1.569154229451318 3.437488238315643 0
3.64529872973561 3.810719151151468 0
3.449324372488908 3.797120766759027 0
16.48316323236285 3.694198976150554 0
16.52489898072633 3.843173218119023 0
1.396847983587898 2.9804114024685 0
15.22333153312309 3.677295566083811 0
15.2066799957213 3.837838867360198 0
12.29057763960824 3.760316379012148 0
12.50752201643618 3.741388367843773 0
1.193307668013526 3.27125231673031 0
11.6106483750584 3.838688001691163 0
11.44144345441409 3.772146597144702 0
18.82542865933831 3.025426752138974 0
18.82474636856118 2.841020672874757 0
7.699920366672517 3.882452804395665 0
7.489158869601752 3.877947298662538 0
11.04091767900249 0.2063443250949106 0
8.434138067334146 3.886988599388241 0
8.687005122265923 3.92727983001337 0
2.192193622183788 1.190683913216127 0
2.417094088563256 1.234898794661836 0
17.59366145955246 1.164740405246926 0
17.37375548690642 1.17762694535673 0
1.162739983162966 2.958599894019406 0
1.337607945780272 2.850739701446573 0
11.70057710638505 1.144550718548338 0
11.9124569942222 1.179992247702452 0
11.49042360093939 1.103543665953486 0
8.028780814068362 1.133738693154938 0
7.824216778741565 1.153525855867908 0
8.215908314581466 1.124398728448901 0
10.2789673116574 0.2090401621746953 0
16.22748354855281 3.99011805690333 0
7.306905504572852 3.676649496747525 0
7.272111633532856 3.866275046703482 0
9.536865649809174 0.2384831989474447 0
15.49937526214982 3.95321514040764 0
8.682446635934777 3.686809482227 0
8.942285882708223 3.86322082025874 0
3.290492891843228 3.611007265448688 0
3.25705396746909 3.777933395669814 0
17.68826250622678 3.841404984285179 0
17.4373779966473 3.851194112146784 0
2.494915653324144 3.795388890480862 0
16.64025139382525 3.670489132287369 0
4.743611086575123 3.657155445441965 0
4.867169619888257 3.857672892247242 0
12.05692457766158 1.396261529206938 0
12.1957376419843 1.243671546051246 0
7.866380225536892 1.314439158879625 0
19.0339193132978 3.190474678643801 0
18.847046174657 3.394978287646816 0
3.615205052753075 3.985126285374715 0
15.06396472067029 3.665135911752021 0
15.05325621756086 3.811452861948935 0
4.641653495046948 4.017560983308742 0
1.984792758029418 3.798125485018381 0
12.35855667062661 3.956632227225745 0
12.56710023882619 3.937542541476597 0
12.72409467990379 3.713575986009954 0
12.7859250783306 3.913505365932682 0
12.93466764918102 3.67120037070728 0
13.01134349532776 3.877579468628599 0
2.573993854574006 3.640996306266324 0
19.02395611900096 3.013309992255639 0
8.238389315466689 4.785502162332776 0
12.3760834867172 1.43956240844982 0
12.48608740517351 1.195785531827424 0
12.58724817872048 1.385820352685476 0
12.73144423411564 1.164280046542604 0
7.705702189869349 1.372043945385631 0
7.566127353995244 1.206117832151232 0
7.422728587048076 1.392115530158989 0
7.296114134207592 1.142263595312097 0
7.681635458402811 4.061707795901431 0
7.816972006252562 4.052965683700814 0
11.73112771434898 4.783553937856549 0
0.3148805692095422 1.790078699846517 0
19.76506516863052 1.882002948367656 0
18.02233435665748 0.1995290490771215 0
1.979197425283004 0.2365885957325093 0
18.99470140555999 0.2065647961906176 0
0.9911346545923259 0.2353666066793467 0
0.9669437042503937 4.784228732056009 0
18.98571431969303 4.779909785491398 0
8.815581479634094 4.10603050980787 0
14.10233157200305 2.97775611850894 0
7.091446019924277 3.668047109165955 0
7.058278717491532 3.851004673456504 0
0.3141652288938257 0.848570771771284 0
19.74738593425983 0.9643128452500189 0
8.907862526224024 3.663754699046917 0
1.034453612748255 2.773345224585135 0
1.25519845006998 2.626869955861468 0
11.90989637717613 0.9853536898189754 0
8.018625422600115 0.9658826633506634 0
16.48267963689635 2.047521229015801 0
9.976964590196729 4.78952889702936 0
5.869227478361461 2.952117000408032 0
15.65547427781446 3.941273716860967 0
6.870092045144485 0.2638971356634467 0
13.00767563592437 0.2004775338037748 0
16.69674202330877 3.821816352256162 0
16.78400514303585 3.624161593948487 0
3.542555025715329 2.022318583122613 0
8.86734439769298 1.408542719960918 0
13.14037425426695 3.611173519322946 0
13.23037888643917 3.820502405333438 0
13.43043894915372 3.762669372917611 0
13.48629956490119 3.912968371899129 0
13.62494322268106 3.738681254756981 0
13.64327435242576 3.929607003354351 0
16.55763359523722 4.002851014648472 0
17.8136810767375 1.151476438459001 0
2.046110488688612 1.187857396903987 0
7.235251787328012 1.332757476650506 0
7.063726410348343 1.107938553937379 0
12.81546796302348 1.350688962667603 0
12.96615877638485 1.138352962089558 0
18.01814741141015 4.795759600902969 0
1.989028865718822 2.322605469809284 0
18.04868730629838 2.706587339677453 0
14.9571305483934 3.662609243943809 0
14.9105415483529 3.763459339457574 0
4.933393966161634 3.694261340833658 0
5.029164181924762 3.895512957963418 0
0.2371153966472086 3.706427431872882 0
13.8262204832311 3.731986086728187 0
13.8548678537995 3.930671632658303 0
4.291950337143305 4.799199647361039 0
14.7795134711557 3.670314383344079 0
15.55926114962443 4.065084972230599 0
0.8460689128010763 2.890861844300758 0
11.53427409725325 3.969515760928161 0
11.40662127879541 3.957065781893514 0
11.24666980442758 3.757832324463955 0
11.22809032602162 3.947552145231852 0
11.04118440190708 3.752530986257493 0
11.0320647486566 3.945463072469774 0
10.82852971536143 3.747703795898123 0
10.82401467983637 3.944991707213926 0
10.60841647955688 3.741138142169799 0
10.60574951594258 3.943222140605837 0
10.38040903306823 3.730995295508609 0
10.37735450264268 3.939076562802122 0
10.14034489759763 3.714132365699502 0
10.13669350331129 3.933179005825164 0
17.61090647270954 3.997607655018221 0
17.42734052364738 4.11145401576178 0
2.440698933284034 1.007456532471153 0
2.65396734830968 1.016850462128736 0
2.659236718016648 1.191958160698282 0
2.803817360016971 1.023128525748587 0
2.849029370089406 1.143713172904239 0
3.023125180841037 1.079800632247432 0
3.065057676503685 1.200947080083479 0
3.216822343888497 1.039147726163057 0
3.212015534493093 1.210612442149776 0
3.434987526772079 1.02710162280084 0
17.54218025124919 0.9719168301572632 0
17.31937557606751 0.9851800972755893 0
17.15342982741434 1.190528052257101 0
17.09683420164136 0.9984008859462536 0
16.87701949267069 1.011623134391259 0
16.9318990149709 1.201691175342217 0
16.66690740892494 1.022639417853312 0
16.7070991051226 1.204964724910217 0
16.51321726593599 1.024200431415587 0
3.420564528045481 1.215955674280366 0
3.663271482412851 1.023770084093537 0
3.644680528358333 1.219531967378197 0
3.896694123699099 1.023780382926567 0
3.875565028835738 1.222745812444554 0
4.133214873826766 1.025603450969724 0
16.4377058438748 1.170363915011195 0
16.26186922205567 0.9778929625467967 0
16.17975176432179 1.236633541469722 0
16.08046089538076 1.034733146419693 0
15.94796417213045 1.269025718281769 0
15.86578722805477 1.064122995804774 0
2.421552377062344 3.975596279821456 0
9.123697727326764 3.634548737395308 0
17.84330004236958 4.017933210162101 0
4.966261495754563 4.001374241334175 0
5.183672525866846 3.97221780323372 0
5.296311243055142 3.800933861187908 0
5.499415711334076 3.864991550916187 0
5.585048737086681 3.662773673237031 0
5.721518736210584 3.910630746688178 0
5.79116612248524 3.706994078277813 0
5.945929130781529 3.941664739430492 0
6.001629483436865 3.743601581950439 0
6.166205067840878 3.967889046279829 0
6.21313466562402 3.774089892183896 0
6.880239729346869 3.654994962504995 0
4.110134017721417 1.226122224987261 0
4.371623651591238 1.028859417198837 0
4.346879087080118 1.230049958720635 0
4.611121434853438 1.033628383107074 0
4.584868160461738 1.234891543232569 0
4.851081652628526 1.04019150747977 0
15.73242343080782 1.282103207946945 0
15.64575990089441 1.090352089729848 0
15.54876687697178 1.307129267942363 0
15.44518559498077 1.131521522709304 0
15.27200721778459 1.181393072257397 0
15.19083698996188 1.055997392306094 0
3.104981769221018 3.588929211664417 0
15.66765696420756 4.073407858712038 0
7.575450024350774 0.9676830502281573 0
12.40616879878201 0.9964873396364582 0
4.823453871861469 1.240951114262731 0
5.090646053498971 1.048780954192669 0
5.062143190028878 1.248285761590608 0
5.328313212681162 1.059119673583114 0
5.300743407145927 1.256205006024889 0
5.561215757726869 1.068971229136222 0
15.09431492354777 1.21305956794636 0
15.0369236501312 1.043980522745764 0
14.89185781689055 1.226181510080663 0
14.8274778063334 1.04085974757926 0
14.67429738740459 1.234151947685861 0
14.60802349139718 1.0434516161328 0
2.614899813842701 4.023266275169841 0
15.3854814741108 4.064245754534268 0
19.22057675943616 3.164604764185073 0
11.97146591329538 1.712722296012227 0
8.068703386987565 1.733406503476688 0
3.818117362282957 3.993385655930651 0
5.540527701717725 1.262002041559355 0
5.784251728459008 1.070083061524788 0
5.788361666292685 1.257749955678878 0
5.981265220101011 1.039497421761642 0
6.087946518747938 1.221746987974533 0
6.238403262145694 1.078254691519293 0
14.45012241059163 1.23973029425656 0
14.38548563030061 1.047776866884949 0
14.22096742114177 1.242804896272114 0
14.16138306527167 1.050010812241541 0
13.98361586562291 1.24310818851505 0
13.9301946118932 1.043655150341573 0
7.022464861401638 1.306491742124035 0
13.04396660836187 1.323516463481772 0
6.3846592029618 3.98964377733934 0
1.898262264507174 4.712394096188143 0
16.71718249761717 3.525485114579969 0
17.47436199511064 3.480913044361764 0
3.793915979872966 4.173070040486907 0
3.584853687676183 4.166235074550267 0
12.61445269910134 3.231598800430103 0
12.40771327709748 4.149018987138491 0
15.02694097738905 3.974550968911299 0
14.84460721851777 3.922003964537403 0
8.650884321708453 3.197478818356355 0
7.385852709392951 3.205027736272976 0
3.999637782864423 4.17408794715012 0
3.541580072099187 3.191868739065231 0
12.22101268376883 4.153541242095091 0
7.232930123265715 4.050501132141903 0
0.8676390204996505 2.570372104695415 0
1.089087694493026 2.441501129278631 0
1.330874660620029 2.461121785999103 0
1.261062377473397 2.336471264708797 0
0.9826655487749729 2.253609634867507 0
1.167085891853095 2.148848458429464 0
12.8423166595635 4.124315552998559 0
16.43489333470819 4.814355525797628 0
7.714850405613515 4.221196968457622 0
15.0376296268818 3.508408233959811 0
11.53106690671496 0.1762175717667507 0
8.255562061963255 0.2074745149058308 0
4.749604514182782 4.793217233815648 0
4.588355471846 3.284103990124498 0
16.36360589173608 3.163475674455221 0
16.92185859346 3.548729231318342 0
19.20722987941052 3.002668753561021 0
19.21575028175695 2.834112026879095 0
11.30728858948175 3.246634683370698 0
19.73098212277393 4.243252501556924 0
8.737727811785401 4.773505671211628 0
2.405297760752059 1.8171440275946 0
17.55468309565762 1.859047230915865 0
10.39364211879901 3.528306808189085 0
15.49403374053293 3.181396628835944 0
9.158543081304925 3.823826330964736 0
9.321492609186635 3.601918573295097 0
9.196597282144326 4.011138067563777 0
11.4003499234661 4.125857489301963 0
11.591240569433 4.126524367845881 0
5.036830223668585 4.097189690921536 0
10.83028429620562 4.14340500510834 0
17.64015533606021 3.075854903033894 0
2.398056151422047 3.353412622066801 0
13.0485838771385 3.420509344416205 0
15.65074355672968 4.212755587897465 0
15.82479989178929 4.242508671800405 0
7.87681447838264 4.16696538443899 0
17.50853051678993 4.210754866839084 0
1.516181487629904 2.795248778116354 0
9.116713089142042 3.420875856239503 0
0.2147050464350393 2.753191301746873 0
2.569364175772948 4.206000607938012 0
7.771333078774102 0.2000188278056161 0
12.00160137949436 0.1857017921649371 0
6.912757180371331 3.477518608917642 0
7.026702626250065 4.03349558257834 0
0.863376176853448 2.099678426510124 0
1.036217320861308 1.87944611069385 0
3.070189523252496 3.754042839264579 0
14.03091520100135 3.713697747392593 0
16.16272958054855 0.8519657297164069 0
3.916981741570552 0.823127014185272 0
11.15104946054289 1.427767085822481 0
12.89720359572603 0.9530568265691632 0
13.1242564924162 0.9331129819434394 0
7.100485804006873 0.867013882629819 0
6.847548066997225 0.9001903680722705 0
15.54860278990208 0.8833194951647434 0
4.638277266801063 0.8308479123732839 0
16.74378023134372 3.993331616920149 0
16.78153983917857 4.19562450756656 0
13.64204255568284 4.140627632789082 0
5.896236990962152 4.1440380360179 0
3.205267757772411 0.8481334435614594 0
16.81064978892048 0.8218444396633253 0
14.77080501232761 0.8507887721367262 0
5.360675501554806 0.8619797499144088 0
3.775777239146663 4.358972253193032 0
3.556191712116447 4.356725587077979 0
2.477517732961059 0.8167401614284369 0
2.287846502695872 0.7779006581777548 0
17.48623813489485 0.7788987487696046 0
17.71014638942649 0.765195066001046 0
18.4165286537793 3.429043627907528 0
14.10646610026317 0.8647240651966124 0
5.935502498904849 0.9297735241293414 0
13.79380246647155 3.544372309803874 0
2.693922684837934 1.369516145715507 0
17.20546043271468 1.382772081478945 0
5.387599523229635 3.612962529098263 0
10.84135924581954 3.551475906528142 0
12.43710276774308 4.345781305356488 0
9.413102242736342 3.983680520257748 0
5.046112148145949 2.956486189081462 0
2.358536053650517 4.17463388233533 0
13.74034689519597 1.250019180201711 0
6.366388528908025 1.273485961639626 0
6.059651358353078 3.550913006107983 0
6.262795540498145 3.585157032628009 0
16.03378716613917 3.739021159766858 0
12.4928027124056 1.600206948646167 0
7.578994954537533 1.481555924434337 0
6.708177443913764 3.460487319419696 0
2.924791046217587 3.563998387758529 0
3.136034109502789 3.426167038735926 0
2.955342005271675 3.400659137163449 0
16.74805218606408 2.938018998693297 0
17.03194744942211 3.695699598104741 0
17.300013027367 4.231606818848838 0
10.15055275895024 4.150984624800357 0
19.3541502085858 3.133367286005276 0
19.25545269900841 3.33850791039788 0
3.176915595680585 1.386542636821971 0
16.75384678055061 1.406871551376861 0
11.53475728912098 4.275223466966954 0
2.761043652442122 4.228459529887828 0
12.96154701289568 4.77998678635759 0
6.299468865242792 1.477696758811736 0
13.81738188292315 1.453605291235462 0
6.538811210872289 1.480175406081176 0
13.582572550086 1.468040656397653 0
19.39360411625583 2.836437058586654 0
19.23443253696537 2.657666503842389 0
7.496330226836477 4.776681216892032 0
7.190014936890961 1.501034343893196 0
12.90154087195084 1.53113017032487 0
8.201018398048706 3.886647283078039 0
8.42046514218549 4.062429824542794 0
3.622055084366518 1.415397062072239 0
16.27599598001854 1.457082653336052 0
5.515617235812281 1.46293141253771 0
14.51985268340082 1.434225455634377 0
15.01054190614571 4.160894033238119 0
14.75991167250719 4.144544770111064 0
1.432437438436326 2.272176829311013 0
4.796766679577705 1.440592155692616 0
15.18267464236472 1.393946369434131 0
4.086509308602334 1.426045262650799 0
15.77268148305459 1.455839380029305 0
0.748230732361872 1.843015482871507 0
0.9116246844735514 1.616915305493289 0
1.22454329408027 1.657484152853363 0
1.07870556132521 1.503597753594576 0
0.8378731537382986 1.486805832763076 0
0.9132182835265059 1.337336371640671 0
1.24562416706007 1.368697365680404 0
1.115331130253693 1.203385930156504 0
1.429974693710182 1.272335836510543 0
1.340927192400827 1.036167236255642 0
0.9620425381918896 1.062324156917833 0
1.609828246425989 1.033763506501775 0
15.52008009820138 4.778970436746155 0
2.345266932515214 0.6474183436974372 0
17.6544459018523 0.574629679045777 0
3.148029026569124 2.93803904324274 0
9.91080030703651 4.156417703729711 0
12.98556260199386 3.025707148887149 0
7.201648186812617 4.218526746411715 0
7.003488178567084 4.213938013407686 0
18.40787548634294 2.952500750479728 0
6.34911200201222 4.184091238648079 0
12.227197157247 4.329426916424244 0
7.752575571991157 4.381824634464931 0
16.11604663547133 3.97387049910808 0
16.219026230669 4.131058325222303 0
1.099047719778735 0.8813702607999627 0
0.8749669176495587 0.7711958641933117 0
15.03238650640576 2.950298100138558 0
0.7734912584030109 2.203028149821239 0
9.224352819761638 4.195412382778635 0
9.079495212855109 2.991273886389974 0
12.84188430101499 0.7676080910650924 0
13.07095612680104 0.7567070411114636 0
7.004748659802081 0.6567043570807816 0
6.810993894808292 0.706465273604397 0
6.736857470734947 3.293018083875171 0
0.6938355208568101 1.318438129621543 0
11.41126901825869 4.28919003355466 0
17.17933895788328 3.608030361267779 0
17.44610252379761 4.329237342039329 0
17.62393866527547 4.377392946535345 0
4.254106157253102 3.819880643272958 0
1.471221578623569 2.443334194407976 0
2.542469004102181 4.396258879097985 0
15.8040651326532 4.41567791318135 0
6.117324935246135 3.362709732358903 0
5.924132394313029 3.321794095439532 0
16.00549857630015 4.442838538545013 0
1.601980529000672 2.226634888736326 0
18.04834107446425 2.256787603969874 0
14.55901981401485 3.995618658222451 0
14.4787632089569 4.119042890810418 0
14.5467957028405 4.256006593892094 0
13.33546314578112 0.9097493107483192 0
13.28155216306973 0.7476596146418841 0
6.659639435406866 0.9224329819568036 0
6.626144849778683 0.7511426775477088 0
2.890809906837656 3.726303281909613 0
3.030492547689215 3.921838750419184 0
19.48531250312882 3.250134898246098 0
19.2848907027667 3.539270495238381 0
9.854314687682676 3.679783343148324 0
9.952079014026415 3.464504095266863 0
6.314133031752569 3.401124093942335 0
0.2230011309039401 0.4600912496019705 0
0.2280242472553908 4.633672857939439 0
19.49650824553216 0.2337523453985604 0
1.912633472700371 2.864653732392402 0
12.0937094524785 4.154013222658822 0
6.672423564240901 3.637387045551768 0
16.77507679370723 3.398817067326442 0
19.03814329784021 2.655257946829108 0
19.05288860764191 2.470485924731475 0
18.85050916590462 2.473602217104103 0
18.85391962732084 2.289426691439465 0
18.65162398003896 2.302571093993858 0
18.8478621046898 2.101132666785484 0
19.06560228926857 2.08840701972542 0
19.05692195806817 1.896153919604516 0
19.04132129928579 1.706133746873571 0
18.81740067224547 1.713710028338746 0
18.79823126838597 1.514205146026239 0
19.02579222377776 1.514046704810852 0
19.0136873558729 1.312834176372905 0
18.77681173853394 1.307314282759794 0
18.75165852034129 1.087130775432599 0
18.50259405169949 1.098159882355386 0
18.71920839159513 0.8236453713263536 0
19.00167743382197 0.8795475115538141 0
18.44308252698331 0.8823922854970134 0
18.8261746718413 0.6663002227175951 0
18.9991515705912 0.6704376825292984 0
19.24720595647504 1.332184224716567 0
18.65603718124031 2.479589073368317 0
18.45943776071215 2.324111509141315 0
18.47515157347087 2.490828050535563 0
19.29378964988911 2.074862835870845 0
11.75396958956784 4.283553369498291 0
7.815937928925656 2.068025591775326 0
12.17096344782128 2.04759958995242 0
6.496283334058545 1.672246820353743 0
13.66023285528543 1.660939563754809 0
7.988627061409735 4.342770443386407 0
19.07147563027586 3.565413097562821 0
19.08600250483723 3.761221514175746 0
18.87896078512776 3.777667912112502 0
19.09721257888982 3.950114284835754 0
18.89601691117029 3.967866956824536 0
18.91758017925093 4.15817117254526 0
18.70255990786099 4.179028382172927 0
18.68615911820202 3.986235773564628 0
18.48474435713995 4.193550553645096 0
18.4733862971003 4.001675737175285 0
18.26698275034771 4.202462870404275 0
19.12287593698002 4.128756055902734 0
18.45877034588567 3.812300886415875 0
12.5980146748767 0.78095332770035 0
7.229130169686611 0.739624509977278 0
3.769108342725596 4.555698014399891 0
3.532815500233419 4.559794839197206 0
15.80025847295902 3.928594450689836 0
2.108644375782255 0.7202809317229084 0
2.056938038511943 0.8593059856380589 0
1.905659509989459 0.6807870368968012 0
17.8750112213519 0.5619955237732563 0
17.93017994390129 0.7480320209861147 0
18.0819724981209 0.5440488453177195 0
7.605480210227661 4.388625555972039 0
3.989592385667404 4.532420925555493 0
17.42718359469331 0.5855162769012334 0
2.50044643735114 0.6378682913562996 0
12.45623683961512 4.554452858057501 0
14.3543531617587 4.310482377345743 0
16.57256147540139 3.394818271420828 0
9.027484935168324 4.205942680353731 0
19.24814899144403 0.9049994929882568 0
19.24221892513752 0.6812644231875056 0
0.7765390399087142 0.969379943050747 0
0.6316610077812701 0.7023620714098948 0
2.98671953788564 3.24436032309418 0
2.834786422141608 3.202029947008124 0
4.853233012579198 4.171862348943506 0
4.91602322636901 4.348219135235809 0
4.699029433242409 4.413434681723031 0
5.13987646859303 4.254932524350305 0
17.46826588158806 1.555705642797235 0
2.351406777335294 1.47419564016607 0
19.25844297944065 2.472414576458963 0
1.631928778933892 1.220416724347599 0
18.53938178767775 1.312772106591648 0
6.172999097960361 3.174686905810247 0
1.685991596955466 2.408790115435777 0
12.65810834524564 4.34693386039544 0
9.23640003874357 4.382580407713727 0
9.021374551481223 4.371343876636724 0
1.559509128800441 2.106637626621057 0
18.2820583978993 2.358465924996931 0
6.981496619848573 1.491615588619621 0
6.945089580452153 1.673467520248233 0
13.12433795091211 1.507372312160797 0
12.98178760290494 1.70668709159408 0
17.15399730678436 3.842922838461018 0
3.332113272510496 4.340693408354422 0
9.4625345811094 4.381073815965262 0
6.815832555724635 4.021078258962991 0
6.790703742528549 4.20764832696292 0
6.77324780112221 4.397883373029497 0
6.547553096457426 4.392608072311517 0
8.0331876107153 4.101506962319096 0
16.93560368603843 4.139742415959638 0
16.921695258634 4.344024889521614 0
16.71257757301485 4.329896535175675 0
16.7904983853145 4.440318510027569 0
18.71779308322034 4.37611846675834 0
15.52655948062538 3.393586264053328 0
18.31095049197408 2.511765037162522 0
4.975553065444466 4.550485140571372 0
11.44521265780876 4.452729755995771 0
7.990876486846423 4.573308956256617 0
4.828730490763022 3.483555365179081 0
5.01260394233492 3.521824748549145 0
18.26809892975169 4.396112886932483 0
19.76648921468549 2.79141375310014 0
19.48533970662031 4.758411998272436 0
19.24508241934621 1.523912857339105 0
2.320182624089848 4.389400869429116 0
2.134374051279616 4.119827284228839 0
0.6973797684568872 1.492098126394622 0
12.77198519044462 1.726756307109692 0
7.169396800605329 1.670973282390798 0
10.17034520959373 4.36409536160475 0
10.40478362353794 4.359720292092379 0
18.42608723275748 2.143670570235024 0
14.41124861964495 4.517798560517923 0
9.717453688811824 3.530668238707545 0
9.767851279981349 3.406864725810452 0
9.991740444637305 3.28735466754521 0
9.605125713077493 3.344568866781546 0
9.66136209237443 3.204341788789146 0
15.02107959452781 4.34952093650272 0
15.17248341310618 4.33837950934692 0
13.50240447179815 1.271830666568838 0
6.592080157226582 1.286922369750239 0
3.16262915385521 3.265287950371106 0
6.266503535052338 1.681386656029886 0
13.8937929731581 1.650528077934857 0
15.72838027870256 3.652305361484736 0
15.6041369465386 4.373447016983307 0
11.08957682625203 2.955869641129369 0
6.553846601862501 3.266854760805201 0
2.756659547685483 3.367002079678237 0
2.653415125977573 3.269169545116504 0
6.929065278079236 2.950786044354239 0
17.17579512990483 4.361168073337652 0
19.55584419490653 3.017960693831278 0
9.239355865206264 4.579619702555769 0
9.932733080986583 4.369017371661307 0
6.940649482912727 3.30349103754266 0
18.26044258833796 4.012902057498328 0
6.721312409889625 1.67199410910112 0
13.42949381461215 1.674041938053345 0
6.762714425009499 4.59366350894855 0
15.99778330164999 4.623086472538603 0
2.043364309223236 4.380839372771693 0
1.830167808097958 4.24490516049738 0
1.759570733079755 4.370157333216802 0
1.638475629724601 4.177214273497155 0
1.700691124886198 3.991119721386806 0
1.522097113641459 3.925945264003001 0
1.399428606488152 4.11194018342595 0
1.29156824801716 3.963780462849754 0
1.156826133756329 4.156096718518319 0
1.141299027306697 3.969441090493762 0
0.9474803261824878 4.165464828605611 0
0.9424502748782082 3.986467176693825 0
0.9176640100609141 3.801590008181373 0
0.7112949571784899 3.838589739160182 0
0.8963388114461743 3.61488890421665 0
0.7917458645231505 4.160462073387988 0
1.400698595288363 4.353527485836548 0
16.6115782771627 4.524689789282546 0
19.28559944418384 1.878429437675658 0
4.911164331151805 3.31317033134154 0
5.093791867419421 3.343853184975285 0
2.495337554231231 0.4463317479382982 0
17.60020144280591 0.3844493004020091 0
1.362248881414352 3.836667538585553 0
14.33561865431225 3.878806214240476 0
0.9376419932058777 4.354474970209679 0
17.57945047231489 4.571667201318064 0
17.82907538148362 4.39248730436943 0
16.39369469197999 4.15415597243585 0
16.39733361336343 4.317777040236653 0
18.47222686988647 2.64665216779948 0
6.244408230297987 1.862861811353866 0
13.73670249701852 1.851601652775739 0
6.941486742716405 0.4662431111395762 0
13.03656222379493 0.5789775060591886 0
7.341720530208386 4.225791731993952 0
7.204682541521612 4.384678791094251 0
19.52914493743613 2.063728845116723 0
3.289738147707992 4.548961269125131 0
1.044479589889811 3.602955843533245 0
2.311974203338264 4.602203238589135 0
2.531233624635818 4.592814026812622 0
9.594823731222412 3.745370464404515 0
12.21821559634299 4.53539900186273 0
16.02574847412248 4.069377009576987 0
0.906324727621616 3.413785645451606 0
0.6847973031316137 3.414192972972954 0
2.847939197543168 3.890330738377105 0
2.986183229551475 4.092071240575001 0
15.03674334465239 4.536624385218323 0
4.022189633095973 3.997073809259033 0
4.199840093347757 4.175092876607735 0
4.180627158197717 4.34251224545153 0
4.359613852219884 4.340352819418806 0
0.6601618035166741 4.31042238854746 0
1.013760070951804 0.5105379418895604 0
1.245064880639518 0.6822474020114406 0
19.51235623274218 3.514192096415776 0
10.19427281001281 4.575712722744779 0
18.94787371554116 0.4351251584904876 0
18.74039254859791 0.5375315622646377 0
16.20727041970798 4.637964820137219 0
9.459321762195875 3.27353279514656 0
1.756686157233323 2.160497392330912 0
1.762408549673061 1.036769723966898 0
16.76262790089589 4.69255400453592 0
13.48645211127183 0.8865313792505103 0
13.50230296237259 0.7380525547639833 0
13.41116896935539 0.5964075667513331 0
13.64334844578512 0.6293036294799621 0
6.534839247730184 0.9318945746639968 0
6.466251136158462 0.8116995119692532 0
6.564613607413867 0.5729890200956189 0
6.372741610578107 0.6388744122139478 0
18.26484064216785 4.594178830172398 0
7.142690363684245 1.855302819780582 0
12.83875779859862 1.890068653559039 0
17.1597148525217 4.108409628631416 0
0.6753340313572753 3.179951458420918 0
0.4459870342679739 3.206569142695803 0
0.6470636983587656 2.953426311326954 0
9.673140578373905 4.167464894691483 0
3.765784746663575 4.7698759030565 0
1.668517640258512 2.604383141737544 0
1.64645198355454 0.8480386584685404 0
6.738707232996558 3.133480107937638 0
18.31989209602362 2.652511598248977 0
14.62741787767206 4.453545915321797 0
18.23095110627987 2.189340587742687 0
2.591698464828886 3.443210931304459 0
13.73368206553016 0.721254382408588 0
13.78218760444631 0.5613989923206331 0
6.185474832754293 0.7306713843188226 0
0.4566047673595843 3.438659266932433 0
0.2228551013793449 3.228919657116401 0
18.1455977945288 0.7227883819069088 0
18.26788080763053 0.5054290432520361 0
18.19530177803232 0.3826638357345975 0
19.48170406559709 1.368747753098798 0
1.680999134506818 2.758737542639617 0
1.732938083808309 2.885916378081328 0
0.6789432293550082 4.56904184655174 0
13.05352030030645 1.880277008323221 0
6.908087233713058 1.857545587859543 0
3.26412846334961 4.77249991046634 0
16.70410925551401 3.206860898878692 0
16.96411119784094 3.308090979733529 0
16.54050704538696 3.248183037861918 0
0.7765869482842795 2.74383203367706 0
0.6290942578834429 2.546841650307193 0
0.627307849990558 2.747549917618135 0
0.4257106624737581 2.535197641334155 0
2.880427941557261 3.099626532017633 0
17.32418871344663 3.538206318461233 0
17.22800480113111 3.391932087545436 0
17.38573585114419 3.329284735726595 0
17.29279903824901 3.170727535854401 0
17.62258668416351 3.42219673267553 0
0.4868309407781606 1.301220877891121 0
8.217625242967111 4.065157691277161 0
8.23192394842455 4.223171586511327 0
8.421097960007684 4.223491052787502 0
8.4338509105953 4.387076133006384 0
8.588500891312014 4.373867304417077 0
11.27355382155032 4.49241580466806 0
11.24098085675048 4.310445957293093 0
11.08696216552199 4.525848645753711 0
4.344811178630167 4.482838355903809 0
10.93349733452051 4.768021778184353 0
10.88259420325897 4.550079434744486 0
18.13024094954929 2.407859912724444 0
4.39555670332117 4.184774485209071 0
1.230305355247388 0.3984485200535235 0
0.698685850036874 0.4766833413203848 0
0.4492917608891656 0.4557858830239958 0
9.372333530880594 3.392070045258224 0
9.356635516089662 3.218115937309519 0
18.77688764591377 0.3271227293245857 0
19.23689471352007 0.4525130905184902 0
19.49479208054194 0.4680170495682558 0
4.050322476387694 4.741605215095553 0
12.22728380682545 4.765739296967704 0
12.47621629370083 4.774481361419594 0
11.92135406087274 1.908772774518033 0
12.08871745306147 1.880768362695856 0
12.2599326023037 1.836002635073318 0
12.16021460024474 1.690997864129163 0
12.0705673026342 1.566355186662626 0
12.41821213395663 1.786923799931545 0
8.056796596996513 1.971768943114936 0
7.907463148029834 1.892873441859431 0
7.631317303251762 1.873565846971407 0
7.88463618538766 1.721551979800466 0
7.896300286380831 1.579814325714341 0
7.677008760368619 1.698764313332056 0
19.4963431600743 0.9320193020997307 0
0.5580862491531118 0.907091183949672 0
1.487916486401025 2.618440855738115 0
15.28723291797267 4.495802481947803 0
17.04637498136133 4.48223000254773 0
11.37523766399812 1.440512496182488 0
11.2015246207199 1.25037694406534 0
10.97015412347896 1.232611154662493 0
11.01161490505727 1.041893033556075 0
10.77217340733624 1.025943430834814 0
11.04653539653098 0.8438504557306206 0
10.79548367235388 0.8276730917622679 0
11.3084145590172 0.8704871063425317 0
10.54052656425432 1.014872470798742 0
10.55568941841426 0.8180055312691841 0
10.31914044803242 1.005618881160773 0
10.3279191189505 0.812428364239643 0
10.11198860982701 0.9945353559746799 0
10.11418111822688 0.8108767594473711 0
9.928893055007194 0.9783577903546419 0
9.919794741877412 0.8177687632083712 0
9.803468292884876 0.9619248691717619 0
9.750046485586534 0.8500867751895322 0
9.596948236866702 0.9245278962525862 0
9.474019012189617 0.7595932654833639 0
9.306872813783773 0.8682855258101918 0
9.156939621706423 0.7416556336251943 0
9.085479189754567 0.8496507161659754 0
8.96209915242288 0.6753988414430816 0
8.947270805826113 0.8466351013629978 0
8.734342275801353 0.6524084839448674 0
10.80597247920936 0.6241695344648948 0
8.741345376357373 0.8508626724169681 0
8.493601095921811 0.6375540077237489 0
8.995036397178097 0.4714674594444039 0
11.34847961651719 0.6615713119650932 0
11.61692897119057 0.6997035970073318 0
9.880820832754585 0.6391163282599854 0
9.728336719434628 1.057153590509286 0
8.778233524210696 1.037723211595427 0
10.29539358196067 1.200608223446705 0
9.152848077815444 0.9594230887568871 0
8.479136849881495 0.8730014476906955 0
8.254208398982597 0.6170824198065545 0
11.39450023381532 0.4176108450352509 0
10.3218894035922 0.6165331772186584 0
11.67923599262083 0.5187592800776573 0
11.8059524610081 0.7308952421249317 0
11.96814636643006 0.6114073266110731 0
8.236337782274292 0.8076571114901407 0
8.023165566647984 0.5994949335891211 0
12.08644712540176 0.8205970642143616 0
12.34023407674282 0.7970500797525932 0
12.28772604016899 0.5950374129608125 0
0.7335432031955094 0.2380487696997537 0
6.370780359671533 3.220312176054621 0
16.20413025442366 4.46443067039627 0
8.44433981343211 1.431845880871475 0
8.652378058526716 1.421978278396268 0
8.619915953989139 1.244833542412953 0
8.999434046451313 4.563309771786235 0
17.29697032911082 3.732373756606652 0
11.27198941946734 3.563583377979478 0
18.2485224137148 3.8270976441432 0
18.43988027778455 3.622957263563781 0
18.65197592277016 3.603829648441137 0
18.64368481378866 2.652136740068455 0
11.88739042466897 4.147647414426924 0
1.858242678226416 2.478549881311379 0
18.66906931247207 3.795072401366159 0
15.27100841363713 4.762867614695189 0
0.2477832059028078 2.054333119507174 0
0.5292040330563452 1.937906152171223 0
0.543002632654062 1.696506939986931 0
0.2632006181008606 1.512119788026735 0
0.4662735264460451 2.117641128138168 0
8.979032960762446 1.00919168975635 0
8.501258329037785 0.2143006540720038 0
12.08352606947264 3.785625074832729 0
11.90195949723389 3.855017385599304 0
7.533819547291285 0.2005723677977769 0
7.562179172847461 0.3966429981435557 0
7.788241395361779 0.3973829207593811 0
7.579712915688988 0.5861695896584704 0
7.374844578644232 0.5877482089685864 0
8.011978398949907 0.2026661220289796 0
12.25573439355473 0.1926132996619536 0
18.86219771437362 3.585500869801959 0
4.515876305275498 4.804498648326167 0
11.75857346842735 0.1750617658105256 0
19.70471512764738 2.550730355703321 0
19.46671282157663 2.486852215161002 0
17.3686827618263 2.950868485537875 0
0.215815650887345 2.51901045275362 0
7.244589379887367 4.783209904459937 0
1.683973986530635 4.762549318425713 0
19.55750757475347 2.689627692875415 0
7.075576693709191 0.2219454927365661 0
12.76090499019707 0.1962615123551879 0
18.157974690687 2.915615980283708 0
1.149137447468416 3.74795921144084 0
1.287136787594903 3.552079108968984 0
1.724895762598589 0.2327766310406809 0
1.70546677264805 0.4567665640572764 0
8.484798148847457 4.779275114016356 0
19.68258105944538 1.630268834669069 0
6.424744285358019 3.799490819626121 0
7.344457564338361 0.4043310402814577 0
14.80935778857353 2.959273549535745 0
14.67464164624967 3.163634795035994 0
14.41467942597913 3.215696969109734 0
14.56393279804699 3.351695915080909 0
14.32564982803287 3.39085632617714 0
14.81370201325789 3.338654669269228 0
14.48534538605527 3.460548476178086 0
14.28654942349907 3.496156511686844 0
14.14755227779551 3.357560921491654 0
14.34213430497576 2.97933480641178 0
18.83692227513909 2.656397235017009 0
18.58991494727201 2.84612836361771 0
9.43717579230529 1.02979017853605 0
9.73237094680591 4.79070432349906 0
18.7417584586584 4.788353404576275 0
18.73120106991477 4.57951067355971 0
1.214522968355963 4.782644154107015 0
19.75704725139214 3.256111567845521 0
11.29723370569326 0.193911048951886 0
15.76204644176806 4.797219256694297 0
11.6036231284124 0.9125847525931263 0
18.22962753579738 3.643627662070152 0
13.98661408927238 3.531282051699693 0
13.75913579881369 3.362193982128083 0
13.57496706318848 3.371928532610977 0
13.71563636615697 3.176469505210954 0
13.91916499934881 3.170529994124536 0
16.95122124049084 2.940451217343109 0
13.19980536048285 4.779898754689905 0
13.3819107340694 4.566168076823866 0
13.54090242722236 4.579651914659539 0
13.37224156652416 4.346365062659444 0
13.12623012536655 4.334887280131444 0
13.61464204679028 4.733998110548192 0
13.78189260083916 4.654173329353942 0
13.85107981185754 4.803117140184293 0
13.97081475643584 4.592344450514834 0
13.91703466307986 4.373771838090355 0
13.15932924142451 4.560548654759797 0
12.92507845015813 4.560473589111083 0
12.88764543463759 4.34138355154427 0
1.187400852455486 4.567562953611482 0
6.528776368028261 4.591686197090196 0
6.318619072933844 4.3827136812637 0
5.251995836078869 2.967952719176525 0
5.365182331782664 3.189827954979388 0
5.553274504608352 3.230103121367114 0
5.470964021877465 3.423128320486957 0
5.737627926908379 3.276686075259411 0
14.89318890466629 3.14575908496685 0
15.10390585282261 3.132536181893182 0
15.24693507904493 2.937133557590903 0
12.41476530049127 2.008938692643427 0
7.582156102304268 2.053837430454136 0
18.56704735592665 1.520626170831433 0
18.5904418420137 1.724446159109162 0
18.33615454983556 1.529744667318355 0
18.35945301830977 1.737757816305982 0
18.30551950810406 1.324105786507451 0
18.61297336934328 1.924286201935593 0
18.26428302263546 1.118711338732751 0
18.83400891674841 1.908963155758916 0
7.123449052271746 3.48889487334135 0
5.279690103311839 4.475641331015569 0
5.436588033003398 4.303825176797901 0
5.565992672989594 4.537261761800607 0
5.778527401067413 4.778157064835383 0
5.812445926241653 4.560645605619532 0
6.025625692977431 4.78638288312211 0
6.054096291219485 4.575372651960109 0
19.24166230514247 0.2240875892671399 0
19.7480353159949 0.4837943349191853 0
5.262264739651414 4.759693963580052 0
4.999063964405636 4.773145328935578 0
10.8674171714955 2.96188843697218 0
10.64132463051135 3.151613328985353 0
10.42036718209182 3.142836509525449 0
10.6322134278394 3.345372630560152 0
10.86003246233727 3.355245273109794 0
10.40946168830418 3.332732574553067 0
10.20781432679819 3.13097698076482 0
10.19362311594023 3.314005105938913 0
11.05871219120067 3.559328678175453 0
10.61908538595047 3.54166575040048 0
0.2660204806388151 1.055708150806765 0
19.74358703606082 1.199543749951078 0
12.52594280774294 0.3906169511108053 0
5.64357264477002 3.028484032193098 0
9.887264443546695 3.935770789801852 0
1.834987869206389 2.291073811782576 0
9.006702117613916 0.239028208488167 0
9.272682069482697 0.2479689773945184 0
9.591572022879419 0.4717236639527909 0
10.51380529751906 1.210451654468729 0
9.894138221497197 1.145092249881242 0
9.839573484335229 1.380217250438216 0
10.08732099894423 1.185400943728592 0
10.26062266704363 1.399860675609807 0
1.482651728961198 1.410171948778599 0
1.671783870356892 1.448737034422033 0
1.520935547495821 1.635053159063959 0
1.671006729920073 1.761974973990512 0
1.38279901536448 1.784880051555809 0
1.535216896401458 1.901177641827237 0
1.28295644198386 1.906748631955089 0
1.375533252730767 1.512701448055273 0
17.98586323838065 0.9398535262010093 0
1.91104229978421 4.048860157727582 0
1.736747897146408 3.808764929181649 0
1.590839625651267 3.806105264864159 0
1.729917989975778 3.636268961732983 0
1.899847634766084 3.599930294925806 0
4.841818492053175 2.949899445584228 0
10.16624978675146 3.50611413443812 0
10.00714408400237 3.117033810345808 0
7.747862925306512 4.779949746862305 0
8.22692352027568 4.386956317459238 0
0.2527107243267608 3.940473606312905 0
19.76322087614157 2.045610621035606 0
13.0806107237843 4.102176921537028 0
3.320293899227631 3.447347575556496 0
5.81052579787688 3.089113021279881 0
5.859470028787608 3.511838175245814 0
5.98081516778947 3.137879861098924 0
6.009800529593456 2.956782496702863 0
19.74306408303212 3.991588914849417 0
19.50090325171121 3.972094667312752 0
6.635254970867027 0.1893125611646647 0
13.25431615564872 0.2124046714006997 0
11.36722676923188 4.814176239701723 0
11.51542880255872 4.807998873888517 0
11.6844895146666 4.57329727848377 0
2.60466721837795 2.970772633827987 0
17.30276108575998 4.782520527082429 0
16.56714660813149 2.924492428790098 0
19.42543682290466 4.225875498536828 0
19.4652318545962 4.510514535854829 0
3.307547311010301 2.0170296212703 0
3.336117576050606 1.807221535650452 0
3.569361919585019 1.816625839108036 0
3.366395569183315 1.602697522405105 0
3.102710097015744 1.792645446147182 0
2.868597242483223 1.770218611437514 0
2.908186815921562 1.561175976037437 0
2.829754261487054 1.992312535097938 0
2.648795514378312 1.728825974037824 0
16.69084501776853 2.035324727773282 0
16.64733852375597 1.839169527445025 0
16.44309511976581 1.865367751878671 0
16.58636500127885 1.636913140257525 0
2.987544704553202 0.2147522055996163 0
2.974616658956843 0.4286194829763246 0
3.22030564798028 0.4247527304881782 0
2.959032111799171 0.6446338841541803 0
3.235086103461078 0.2123591205165769 0
3.466670719228114 0.4201602807530005 0
3.453028949579211 0.6283743653604397 0
3.730703884170337 0.2086750153494012 0
3.712284546205494 0.4165547350955254 0
3.978397395041853 0.2077664609958929 0
3.957302514089592 0.414729637960026 0
4.20238674905754 0.4145623341273876 0
4.17918905243749 0.6200589251724751 0
4.473862391428595 0.2083664572998192 0
4.447935927353797 0.4159265319355523 0
4.721967552682386 0.2100108817653439 0
4.693912832049532 0.4189467194081389 0
4.94047863796537 0.4241546435686887 0
4.910136108396245 0.6325478578004318 0
5.219984276984403 0.2177596761819487 0
5.188166439898868 0.4327583967551503 0
5.47219173421403 0.2257020260399965 0
5.438545295592161 0.44706891461556 0
5.697777539269926 0.4721443284746041 0
5.642299133217173 0.6882075759970858 0
5.998268152625432 0.240253543055486 0
17.06629530940834 0.2002096322449924 0
17.13220703490085 0.3992765268514389 0
16.89457160931395 0.4085650481957175 0
16.9658707586315 0.6089301917380345 0
10.92606138838576 1.418565531108627 0
10.73953920132895 1.220169044532782 0
17.78684830817168 0.1920609946949856 0
2.236683997783549 0.2380988929009558 0
2.72387792978549 3.693359541604981 0
16.82206863602067 0.2049961061553884 0
16.65446851790023 0.4206022606243787 0
16.40902966644357 0.4365639730684996 0
16.50005181253442 0.6517359356954986 0
16.32808447823809 0.2171949864505902 0
16.15430174523725 0.4475634732754505 0
16.07675757971448 0.2213658737161475 0
15.89629761153591 0.4457602924606689 0
15.6429619803937 0.4415881396210999 0
15.71165545316072 0.6568399755588357 0
7.898239167086783 3.908171608019198 0
17.15468252024191 2.008890138502126 0
17.0996191186563 1.797638885026912 0
17.3191185729404 1.765812465808423 0
16.86926253038831 1.818869540089056 0
17.0389680083442 1.595195079399613 0
18.63476158113796 2.117679998891308 0
19.23293384303072 4.768752847946123 0
18.96705674164131 4.56304351770502 0
9.254700093324162 2.949907998530636 0
8.091821322117699 4.217060055336922 0
13.59815039886536 3.549358034111789 0
13.44046692494955 3.37466129520509 0
13.36664763733814 3.524393270994821 0
13.21657838557204 3.334107753904469 0
12.96206076070969 3.256478886481129 0
13.36802434650919 3.248459340119 0
12.86442815900042 3.483586748215093 0
0.2194542015369159 0.617697847202924 0
6.254887752893823 0.2224058159095859 0
9.789227171565704 0.2228579076563539 0
10.03427752479077 0.2134376144529058 0
10.77960881810222 0.2078807430908638 0
10.80039946239917 0.4165775287923901 0
10.52648228229974 0.2078104778225205 0
15.57233503653859 0.221409841193235 0
15.3923648503814 0.4417993988575386 0
7.150629163487121 2.940963667944756 0
3.376901908878476 4.149945375293671 0
5.273485414160586 1.454848654936114 0
5.48213287735349 1.664834085437689 0
5.244612987626657 1.653169739126076 0
5.723539252725888 1.685789825693427 0
5.66645343052788 1.88168120126056 0
5.853856837189729 1.933609523647934 0
5.996071620066259 1.732731463766848 0
5.034817847319333 1.447236944519022 0
5.007728655949799 1.645249842879127 0
4.770801456197301 1.639268490648977 0
4.98139895891629 1.841669995571765 0
5.216064272356242 1.848627473300518 0
14.74666985547823 1.426867598765581 0
14.59432884710601 1.630991560206976 0
14.82417905590489 1.623416307077524 0
14.36220375325244 1.636831584686871 0
14.43861278274213 1.834344929368361 0
14.20446934737001 1.839070312598524 0
14.12842272357002 1.64281110122747 0
14.96828395109932 1.415127716261582 0
15.05187335189664 1.611935084226582 0
15.28043498212743 1.593190753191538 0
15.13638338967699 1.815428531147355 0
15.37680623309232 1.354130707866964 0
15.53487917962754 1.557086594452421 0
14.90444170504418 1.823625674369159 0
15.62264260897258 1.432841787855703 0
15.77998454891859 1.619304841652539 0
15.92924788796089 1.643877559320252 0
15.81883872842232 1.798756497136519 0
15.60305047192855 1.798644905135562 0
16.01731819867281 1.51229602350654 0
16.17120816198617 1.723429924543778 0
4.55926905263131 1.435081507788227 0
4.534045354527352 1.634458554328683 0
4.32242266520857 1.430374514433798 0
4.297805165985872 1.630261124764019 0
4.062391179941164 1.626091114235583 0
4.509278221928215 1.833239596919871 0
4.273334906605652 1.830031777830435 0
6.467237949907323 3.614190787727974 0
7.229400078783716 4.572908934152808 0
3.852914386245481 1.421402591491562 0
3.828497732030858 1.621127947955635 0
3.340733513853878 2.932887143303686 0
8.863921835841317 2.945937549910549 0
8.961892233223571 3.122105456052173 0
0.3447574821902482 4.39043695809141 0
12.82434578204843 2.962487469241259 0
9.600946332453274 2.982782174185674 0
15.32140773281472 0.2209074340933723 0
15.1411900005603 0.4417149562352649 0
14.89123136619658 0.4397687899839284 0
14.95553053494751 0.6578877231936633 0
14.82157605457353 0.2203926812021377 0
14.64531416667717 0.4393174024717323 0
14.57363683948461 0.2215342794730191 0
14.40435825997571 0.4455580919820914 0
14.16847490240061 0.4643975721258768 0
14.25259199230178 0.6656332098873872 0
14.4776874213917 0.6530419672436378 0
16.33555061191936 2.049345057029349 0
3.777745642231108 2.025690130423315 0
7.137832034138429 0.4265318546584402 0
12.77661496255985 0.3902583094244867 0
8.880825354584985 3.467105973006241 0
14.07832346057106 0.2426795662104726 0
13.7950132014465 0.2895763958409145 0
7.779551212432651 1.457910978155554 0
12.20747019713106 1.509282374840212 0
14.28902315069561 1.439449534303951 0
14.05433090178142 1.444803063284021 0
6.0376154627762 1.475210036811377 0
5.769730419562825 1.470336344464457 0
10.87257927662772 3.157702730693137 0
10.42411727864286 2.955921555602177 0
9.806724687718443 2.947409700839681 0
9.095429929076612 1.388532574500482 0
3.508952998310206 3.464493417787598 0
1.393047289597753 2.061594363846923 0
10.2109230797309 2.950534473557145 0
3.170936351213484 3.103358395860978 0
18.05118070455097 4.205530011148798 0
5.591473463413879 0.8821829978922235 0
0.4916757187539886 3.884931004985624 0
17.46273904130351 3.118594477410698 0
17.25768033865576 1.574620482948113 0
4.48952823262178 4.349126130006072 0
16.59866498967654 3.534578217806108 0
0.730602296196686 1.666141494338034 0
18.55909352261776 0.6166026241183469 0
12.04128756768334 4.270329663133222 0
8.743725423423641 0.4428642657005653 0
3.86864145264656 3.648491081305543 0
7.340996145472685 1.505687972687453 0
12.68833558981159 1.561152294203931 0
10.38628645654236 4.149161934583992 0
10.63227161818924 4.353800625098254 0
2.189215788659615 0.9785571733169385 0
17.76329654228215 0.9572641013504277 0
19.56826238291893 2.826108443289612 0
16.36883404180172 3.028374051702479 0
0.955992956124577 3.142232927697707 0
2.75798425556202 3.54512843981984 0
1.444614620743108 0.7908670375509503 0
2.509974207465986 1.41427027996212 0
17.42169325164938 1.368350090157678 0
8.888828670480478 4.212046259352882 0
19.02598215714555 2.835856353835861 0
10.09648399504109 0.6216924530072363 0
12.63229191367841 3.352275018322723 0
12.61825612344435 3.076344329345395 0
13.25477051535379 0.5852200198044923 0
6.75175729256397 0.5173436774583327 0
1.966082941863732 2.623519871194658 0
5.852218513787316 4.34977698648674 0
2.696279408011261 1.545676520927505 0
7.337788778795046 3.493086636933444 0
17.71516117548 3.22623211371691 0
1.610662809002969 4.360802537009648 0
15.27801649018536 0.9226440604880217 0
15.19687369001023 3.98845432846095 0
8.257787402917817 0.4134806237653748 0
6.407626674095365 2.04359802284046 0
13.57862233310991 2.045078056081466 0
0.4342867203673233 2.976490977662564 0
17.70039396466146 1.721613953283569 0
2.219937528500925 1.683698264559022 0
19.00242621962744 1.097883938504307 0
0.8628618006889788 1.175580113220723 0
14.66876027546997 3.828085856666652 0
4.665341948941257 3.441826495839234 0
15.47173664083079 3.039583289430521 0
4.736044512196977 4.595442721487128 0
4.615586209698285 3.121466397396489 0
15.9827238669398 3.59288820464548 0
15.85094244952747 3.617767878430431 0
10.55768832993802 0.6180777146454466 0
10.61358782650045 4.147332549454863 0
2.688807689706002 0.8366147067920109 0
17.25970934156683 0.7915366379164519 0
19.4954389300555 0.7015551853256592 0
10.47920236896266 1.406094801648126 0
14.13854779478372 3.178607683625512 0
19.25860795095756 1.699280343860442 0
8.662304075207652 3.314211291851593 0
8.84229552169276 3.29259995503493 0
8.655329161896365 3.051265822035885 0
8.499125362026444 0.4264165689502986 0
5.386155339946132 4.109490089394686 0
17.0707966656176 3.465103069602001 0
18.29197746770953 0.2469064497559255 0
19.06326906573848 2.281080237351631 0
18.44642411065868 0.4408987831343101 0
8.574076660534859 1.070542798725673 0
6.847206140067544 3.836708788172395 0
7.377470745283711 3.052778676994203 0
3.415134240771249 3.970164116897993 0
15.20965653242783 3.499448539077217 0
0.7042232109364193 2.01090041923538 0
12.69005724210557 4.560265129144458 0
3.679570968753866 0.8251546441642013 0
3.515271336373242 4.775767808922185 0
1.946787110550614 1.33613107226846 0
18.0772917076585 1.335764114226947 0
12.61829972115416 4.139448694628359 0
15.16469476642444 3.315862268844334 0
15.41840816186214 4.298922526423612 0
13.19413820824863 1.113345521186888 0
6.841610859196084 1.098773297727333 0
13.64808350984752 4.419625736442812 0
7.99452094410442 4.785199602880144 0
16.85808045734101 4.816271789476964 0
18.63473034895833 3.409843306333385 0
19.05179618062417 3.373206570859956 0
12.90299802399069 3.144480981383239 0
18.15010813384551 3.28204522814908 0
5.113396345634816 3.739537575784149 0
11.75204458610413 3.982271170148565 0
14.32342241779391 4.115272846657844 0
10.70264841588766 4.779607688325497 0
12.65813164208874 0.9739017928216254 0
7.345374905372639 0.9414836685622554 0
14.82648142665087 4.384042298785525 0
4.063163738837328 3.649592490933763 0
9.175521847262321 3.157906724491805 0
2.291525208360436 3.185214414607688 0
6.994397534781833 4.397014721242476 0
16.86944323957963 3.774376401676341 0
2.220210416638904 3.906605128810347 0
2.744992416810519 4.395636701744963 0
2.890822126961466 4.38370639094993 0
7.457392260415003 4.100775090828623 0
18.02966583988299 2.58676524708421 0
8.460096103577845 4.569950471649312 0
8.57373912404168 4.070687879349698 0
13.36552481305347 4.064731723117563 0
13.87975693669302 4.146175828263544 0
12.49508259262602 1.891110783125972 0
1.995363823811992 2.421635925172291 0
7.754701771888667 4.568036070422786 0
1.837388812547182 2.978391256923728 0
2.966257362115138 2.945297096233158 0
2.675897514001269 3.118966454256635 0
2.503326134968059 3.177756075154289 0
16.41610205629463 0.9005511363258198 0
16.38438454020314 4.000081394820574 0
16.4012412788382 3.410898239921008 0
4.834295539801305 4.012906986565554 0
17.84059102501526 3.841712405556943 0
18.16388408055764 2.544289628003368 0
17.12857678381494 3.23444545271686 0
8.993407326636417 4.044309784642953 0
3.985740969968756 4.351742575867922 0
17.64309994909461 4.202543721403485 0
1.820381735715261 1.158758821075641 0
14.46570272996236 4.749084328446456 0
4.880200837116388 0.8377532904409999 0
3.540438300122761 3.045947952017456 0
18.0399879520627 0.3764616314348768 0
7.80368395609073 0.9694031909604597 0
12.14930362015433 1.009726892285304 0
19.24834281271182 1.123057974321442 0
11.30875941611247 3.080677284221434 0
19.73230173640906 4.499731717068622 0
0.7165343748006858 1.145002219599127 0
2.520007106784497 4.794770807240214 0
11.22582484193369 4.130327779686922 0
11.25617814520352 1.066249465003142 0
9.813441991679719 3.253114051731016 0
17.82638621685269 0.3785309925515929 0
16.9832078754897 1.396537859032241 0
17.54906356794926 0.193015645800457 0
2.492068822670771 0.228811509694272 0
5.198415343103339 3.564312847056477 0
2.228709389409573 0.5066903286862778 0
16.00384431712193 0.8521797623573075 0
15.3121212679105 3.981426943527443 0
19.27991100441446 2.277054556078059 0
5.66329679829028 3.468394262131484 0
3.843975603989947 3.818503540669875 0
0.4667866488505492 4.794015817615364 0
17.04077106953175 4.232821542670987 0
16.07869387213444 3.874786947849876 0
8.227694578164011 4.577127559597036 0
2.940563734499383 1.32901269274239 0
5.66429414307266 4.120048567733117 0
15.62807850947562 3.809771703429504 0
17.42941417208157 1.979933477022521 0
11.07025328936347 0.635840560118101 0
19.29531812055569 3.749764685034839 0
17.55945027509299 2.923736430475841 0
12.17115188505371 3.982389761384687 0
16.43886655257057 3.55257011319059 0
0.8114851290731941 2.334416501687874 0
6.601771975693452 4.007123977960014 0
15.9539034984388 0.6604777627669225 0
19.42130188188389 1.689141978745704 0
8.826450467182628 1.220603956143768 0
16.23653739127874 0.705620831367906 0
15.42406216103606 3.486931094441359 0
2.547900635270594 1.955005204358483 0
9.59519523843073 1.192598462046573 0
14.14334179522675 4.342734056831693 0
2.431212091796368 3.007919022228822 0
13.26879196079584 3.056881101415645 0
3.219760851514691 3.948534319933001 0
13.52928871325167 3.196885484843743 0
13.87381943590443 2.974250470430265 0
10.43127371346996 4.571178052530771 0
15.20957748813416 0.666720953200906 0
0.6317767454530721 2.348276540572425 0
19.76776334963554 3.017298627614518 0
15.46443968893123 0.6638970358033618 0
16.81232594215674 1.614340060622619 0
14.87783461802 4.531697024322543 0
18.01574982450788 2.108418347983041 0
6.212972039047647 2.978214356926852 0
8.217864185520613 3.688845808351566 0
7.801176904907818 0.779872626142867 0
15.78395529394556 0.8635324687902308 0
12.71974060863934 4.778713521124798 0
16.73362571221233 0.6253741805717017 0
0.2288894212072705 3.46849378227546 0
10.54715567044591 0.414364848971402 0
10.84932521222921 4.344045940839602 0
3.137214066530897 1.583215473455147 0
16.97174190100993 3.976368738239097 0
14.71173469819381 0.6501613095804781 0
18.03556090459937 1.136445662919988 0
0.5389939066505587 4.093193906899392 0
5.617454597562334 4.325972304936334 0
15.94557045992919 3.904297314406053 0
15.00190613141421 0.8636814823853618 0
17.03340223232739 0.805118137321003 0
10.30403283492451 0.4153560577875175 0
11.08363905168804 3.368976388865284 0
16.59613035208542 0.8467535854647372 0
9.71464277539871 4.582406691460728 0
14.32222455365808 0.8575405247741961 0
10.22126675865641 4.787578175582953 0
9.476243977730174 4.583605347279336 0
14.04328964045691 0.6859790804459964 0
3.348043041989234 3.287338258319461 0
2.933389707555234 0.8895233243101006 0
6.995377639633338 4.589296242825872 0
12.01714772423548 4.039177719024144 0
8.993207857354751 4.778663960759634 0
9.017208254874328 3.237871604517281 0
9.242999643992807 4.787049658535276 0
1.984319663995546 1.073179059417744 0
4.422309709734242 0.6220357627791977 0
4.178203840619824 4.501120917991124 0
14.18690627560676 4.557459118070133 0
2.997445071564661 3.098664865305739 0
13.10998930979204 3.160880057564457 0
6.572199490327714 4.197860677389529 0
4.156413430382889 0.8237413159288844 0
11.03522875176283 4.13708236350244 0
4.045440095178543 3.821352229717466 0
14.5445167794536 0.8511521703000944 0
15.82545170804975 4.079446163568489 0
3.20750414498502 0.6384834481645112 0
13.2027419929441 1.689361037654007 0
11.42889537714482 1.274625281904276 0
4.613938749209554 4.229629529756558 0
17.38961972607591 3.647512704929828 0
12.80390593838918 3.316888526145627 0
7.550017663915908 4.275054957540513 0
8.422536911757655 1.264788272199094 0
3.396560649313211 1.405743768840223 0
13.35188646167477 1.486697319929383 0
6.762783892252486 1.484530431647034 0
16.51495251062383 1.422480053085225 0
18.25825091749239 4.795980349513114 0
6.124417689491379 4.166088581060811 0
4.227269874013652 4.000358243883385 0
19.29055988286853 3.949780729746524 0
5.863850671504284 0.7452781646199145 0
3.443758555156404 0.8317917816581628 0
16.01522275495773 4.265560208911767 0
16.39693695232292 4.485357639478783 0
18.49216311231723 4.388968346676877 0
18.94279582340515 4.354844060988922 0
5.15471492864607 0.642907248055232 0
6.755905500052089 4.795104293794097 0
13.65795022817586 2.978821472024535 0
3.695462702102538 0.622512047011496 0
0.4802483224961165 0.2331724754110711 0
16.57216023084905 4.167234915769397 0
4.397048783267388 0.8263390188559647 0
7.428329147837441 1.640196631253527 0
12.58205683417109 1.750566999078699 0
4.666128831098165 0.6260512070105468 0
7.155294095397721 3.315924238895534 0
7.21299705404293 3.128435173907956 0
5.399224978946751 0.6595259671789457 0
19.75415879515133 3.502695295975454 0
2.421771640182322 3.533631118348502 0
13.27246286480923 1.298754776382123 0
6.805645380629712 1.294315232242244 0
0.6909380418060262 3.634142373417892 0
6.513593499232519 4.794672503560173 0
3.120948667911526 4.304643897988381 0
2.102148875646562 4.640739127556625 0
17.51279771585578 1.732381471006593 0
3.803258830113402 1.822590858124794 0
11.07035468683743 0.4199612952824689 0
2.436265608055176 1.650360812226285 0
5.797163435788097 0.9078059337695961 0
14.22481199921614 4.776382682198509 0
0.3828726291670126 0.6673829588348421 0
17.80610992391101 4.588157401880254 0
19.45611828367147 1.559031631650467 0
16.00047847518306 1.776840136732747 0
1.85733522968912 3.494419529369403 0
8.640382019519988 4.220118842629295 0
8.082933237865834 1.834302365940638 0
11.88048190396782 1.795544931310175 0
6.949405177311462 3.128809911683166 0
0.5987727367669713 1.824731823758008 0
2.139907626936045 4.800205037522489 0
0.4260197272257233 2.752968096087782 0
19.16889415320439 4.318417214302547 0
10.06747117677134 0.4220986534230264 0
9.262479552476076 3.286725355918974 0
4.742400797859642 3.289423648149191 0
4.79553734766682 3.12494671687656 0
4.522421033831993 4.622366294385563 0
3.937205443831634 0.6200725789831498 0
14.89711832803065 3.556442871312139 0
17.77839236369036 4.79196276949263 0
17.83913876005208 4.202568855797223 0
3.176610814446194 4.123686006441402 0
7.977171341232147 3.689453021773623 0
5.121677303160212 0.8477957771929634 0
11.74316985174645 1.024514969367158 0
9.530510503091381 3.523455815813335 0
15.898242215922 3.76220745026449 0
9.04100600974868 1.187752335285957 0
11.05299688147004 4.329304269298026 0
17.19652331899916 0.5963249290980752 0
0.4975875223911288 1.50480249531475 0
2.298007721016236 4.802388682196751 0
17.98270460361799 2.366832983718459 0
6.708546646291605 2.963396327335757 0
4.248891576643436 2.029847038149208 0
2.719924357806756 0.6403822478225463 0
1.819581979819727 2.739503853951438 0
4.484858921334724 2.031594483686523 0
7.389522769097603 4.342071139399897 0
17.53800107507815 4.784305291151426 0
1.824103016617318 4.503204378059604 0
18.38721167807106 1.946150036236787 0
18.49702037277169 4.589201592657298 0
4.745549986718466 1.836914500546939 0
9.372382631294986 3.78628363139769 0
0.4362904709080837 2.32248293938269 0
1.664210316561297 2.023499360692864 0
2.638621379349063 3.539359065884949 0
13.4155778078994 1.082008865430704 0
6.643293580317324 1.099428682921609 0
15.23457173332957 4.17739616461805 0
1.524432764666313 0.6504117826162705 0
2.545067451711984 3.312108115179091 0
6.636347373598372 3.8201171576312 0
7.101855218682399 2.043748836736695 0
12.89319374245151 2.057199502053346 0
19.49300617807864 1.156233289621894 0
4.956466332129342 2.036292355273108 0
18.30984299036837 2.806986414224805 0
15.90448795357741 2.005065989887065 0
6.091610808526678 1.87232177877221 0
19.42111737426557 2.66874763349026 0
13.97030507580256 1.844673040564142 0
1.740921667520491 3.477956794094509 0
1.949411018458381 0.4676347057948527 0
15.3699402310794 1.804591346442134 0
6.456175438306035 1.859104038886218 0
13.50522789739307 1.860092162760719 0
16.5793408741681 4.329625331047241 0
5.190707831171285 2.040370140035712 0
15.21997960107966 2.022161135744287 0
18.20938966876741 0.9161525237910733 0
6.194375913550804 2.039081339769412 0
13.81221316570955 2.040968056264631 0
6.510566491768756 3.435107221784576 0
5.446838419954648 1.860101231109105 0
2.552905180727293 1.532571721212412 0
14.67209108201009 1.829575507724444 0
0.5075494295069856 1.102761034473716 0
1.632008317535277 4.54978236559918 0
14.9857408324843 2.026176720229793 0
17.36728822642479 0.3913448460889239 0
2.733174942089386 0.4328537521508524 0
2.754246174851516 4.576867754744745 0
18.0496165013257 4.018779900636495 0
7.582759562309707 0.7728334387119167 0
0.2179071930805225 2.989797488354301 0
5.633691441012903 2.057794933835859 0
12.26326576672619 0.3909579505008023 0
14.51663012803297 2.03199027685318 0
16.22299093495331 4.81619304041557 0
9.642993962751547 3.955798839026281 0
11.99396543619367 0.3790048926059728 0
1.506971662510855 3.657900479413539 0
17.32664553157578 4.530203232378906 0
2.396300770247672 3.236387790660883 0
4.981642485049565 3.138302052389481 0
5.783386831038601 2.061832757723404 0
15.55328044063578 4.564473119181018 0
14.28167532306414 2.03456281013202 0
9.83322307144574 0.4387158272709959 0
15.68450053755766 2.0137741248031 0
18.04158561349541 3.837765195136358 0
14.63936734054614 3.55638227644585 0
6.86639346278152 2.043510267005066 0
13.11808388096112 2.054382659463425 0
15.35071540274255 3.301972872800498 0
1.418901499391113 4.563553257367818 0
11.29393309560311 3.377263704086479 0
2.670631299261856 3.850792453179621 0
13.65192789225259 1.013676743310449 0
6.488474175238344 1.088766611017824 0
14.97532427836339 3.330838228052436 0
15.99612689817088 4.809343063026988 0
17.99910003208894 3.4940346913998 0
19.50533428572859 2.279113340888756 0
9.695760117416281 4.375157324023636 0
3.010903190037876 4.51509543662079 0
15.78006755584338 4.600532609019906 0
7.384793443584529 1.858186496328655 0
12.63924118388747 1.895516552654428 0
9.251107158217311 1.127175253305331 0
7.362928135328743 3.322498966670103 0
8.214884276335114 0.9727771383130208 0
15.34184255299158 3.118061991802799 0
14.22181445003254 3.669254264251768 0
1.915540694662061 2.094845495523758 0
16.40059051524817 4.647185751556297 0
16.49394364259457 3.089431012270525 0
1.874750776909513 0.9030586728135419 0
13.70768428401203 0.8281842157029775 0
6.313549360981559 0.8916337733171791 0
8.675748626162367 3.488221108248531 0
9.443054049474858 4.181716841674689 0
18.03395682469031 4.594097663552205 0
6.08710693466797 4.368519288028256 0
1.172432442128438 4.356055777783959 0
17.1456584477245 4.594919794214113 0
12.66981121613253 3.52569901407492 0
7.376040392655386 0.7594207704722564 0
10.66233190393449 4.56386872501127 0
4.329856057078178 4.629310211796838 0
0.7139283227422091 4.78743080676393 0
16.53820930255507 4.654286370807487 0
1.96291580889233 2.236561307832373 0
2.802018662427526 4.059064033169487 0
1.826832982679639 2.609359276899275 0
6.679714260727286 1.858105835975097 0
13.27691681175833 1.869862570839635 0
8.830832244994008 4.324102129872561 0
1.68832536274398 0.6596699399957102 0
15.50285598901809 4.155105491929021 0
9.95467276497811 4.579282126822203 0
19.74868722324506 0.2419325999459456 0
19.74174099723449 4.752248908098409 0
8.791053614431464 3.121678751601087 0
11.60542239151507 4.391318309936183 0
13.95535486713359 0.5052337309045469 0
11.7404012437727 0.3458544148018743 0
0.2325490448610861 4.786963808793626 0
0.4010004735498427 4.588163478863162 0
0.2379738065406531 0.2368570377828187 0
18.04545063526425 4.397131629251492 0
12.5539640729579 0.586567054609737 0
11.93477137044987 4.484845798629013 0
6.592998079550801 3.145969361742483 0
16.61188005358643 4.775918071939246 0
14.07603362662191 3.913885158623622 0
4.434416206131385 4.009141766491478 0
8.066628258911269 1.590391053345776 0
11.96550078101604 1.591985154695039 0
13.89978412257588 0.8631885729335633 0
6.15220117529773 0.9729658476078804 0
18.08700560865775 2.810309681260974 0
19.57316504259568 1.826347548702133 0
14.50648554064945 3.707686192277363 0
16.65188453239757 3.087026474393997 0
11.99431751638076 1.478790283328171 0
7.897223542360822 1.449616804371937 0
6.007316687396763 0.5258158216345747 0
11.85742851328349 0.8535593208039627 0
1.94983887317761 2.748198651925737 0
1.23658652008997 0.2264791291227071 0
0.6491458860242272 2.171301340458464 0
16.86640213235403 3.141935483508945 0
11.29817194141729 2.951322322707951 0
5.173138898872407 3.159741826441309 0
9.670318697685104 0.6800289563792932 0
19.74781970748238 0.7249636157083916 0
1.431234797273625 0.4834584078038815 0
7.496458172861457 4.526732747394762 0
2.937475297096543 4.259405676221408 0
1.923770775094821 2.378477306383529 0
16.37568790220526 3.267910716179634 0
1.383727490388521 3.365082954644022 0
15.7634215851362 3.787139282234787 0
3.527451792175308 2.931200613301701 0
12.7466057162467 3.14756394365608 0
13.86074036663902 0.7075444067527663 0
6.031128852895071 0.843446372295958 0
4.037980804559144 1.826708477734459 0
12.64114284412151 2.950493594497693 0
3.529773409681159 3.305406851049981 0
15.44695232832294 2.927640290360176 0
9.34904206360177 3.075407124663954 0
7.79786350322672 0.5904662763885953 0
4.564812878065764 3.401985052304978 0
14.10893862230544 4.127614827470479 0
18.35784819837638 0.6817146102742879 0
15.50649524671517 3.287066507294567 0
11.96292847387296 2.064492597414862 0
8.030920945247102 2.079412786365185 0
16.38880116670874 2.921272231942321 0
8.673620117336194 2.93521670323381 0
8.355571592070909 0.989384198008425 0
8.720312377484124 4.516402139160149 0
4.639850196835273 2.947633487580938 0
0.9417636710025725 4.565706772399534 0
7.361136998830019 2.935197622340132 0
18.76917175586458 0.1897334712094798 0
3.397438196884364 3.112625782179668 0
1.567907076391471 2.991190431374034 0
13.01797167443462 0.3944947838624335 0
6.688743102934984 0.3293001615239763 0
13.25214544134306 0.410597391321708 0
7.188214541321194 0.6097927399807157 0
9.615288514386645 1.466461436046071 0
16.20790564108944 4.292527774349808 0
16.2663673582583 1.911899792469684 0
18.20029896984234 3.460114567868152 0
19.20912056402903 4.53678717838565 0
13.69664873047565 0.4448708753654262 0
18.45747896912708 2.761880390502964 0
3.59659908319158 1.614074543558714 0
19.37613337534988 3.004724173925093 0
6.292698234832372 0.4407724333111247 0
9.520148134373477 3.140405154842267 0
12.3204100625435 1.647208820905529 0
7.73183481438546 1.551578136603852 0
11.97406368763057 4.764757275655615 0
11.14286827696993 3.162022341207868 0
13.50685930292481 0.4675920404272427 0
6.505855627373265 0.3873411408746521 0
16.90939337974006 4.591976628887201 0
12.80241585835486 0.5807098063949783 0
8.019433672869772 0.7878963395017542 0
16.36687293492278 1.6709650322539 0
17.02794389601334 3.068197986899603 0
5.281743129589203 3.380564262209003 0
4.19350482955335 4.617601712653574 0
6.292876031230511 4.585429614908106 0
4.512352467512528 4.460832006198331 0
1.103649510274741 3.462813001282712 0
3.00920725055056 4.772326348631136 0
9.281944700546559 3.475000261602543 0
8.020320549728611 0.4033837829556415 0
9.29775276040111 0.5390277253628024 0
14.75091009558839 4.694065124564156 0
14.1639519060972 3.512800279575071 0
8.390600558788444 1.105616150061804 0
11.49229583925632 4.625225132097 0
13.95310709578992 3.354706122241006 0
9.826438552910824 3.105147173087198 0
9.701989470834659 3.102872174543363 0
0.7485836576058986 4.026849120220942 0
1.821887696041042 2.829649302159241 0
18.12681903392981 1.742836519655422 0
14.37210730998094 3.583949647296793 0
17.2950321819923 3.980600682160508 0
19.27188934561451 4.094509240253375 0
11.56300590692741 0.3073979375194629 0
17.54678464581957 3.274538241045779 0
18.18161846165806 2.670418878091589 0
18.18720449876719 2.761142160142251 0
0.4690276697071241 3.665986842286526 0
19.51662822470714 3.745948071313937 0
11.3205669621803 4.676403869421009 0
18.63349095791791 0.3749219267072115 0
12.10067374722801 4.765248286311659 0
12.23864190341272 4.882869648483852 0
11.98703184381529 4.882378637827808 0
12.112836873614 4.88262414315583 0
9.809628847061463 1.49119741632185 0
9.94344828194385 1.385303857835219 0
10.02366153977623 1.496284023718853 0
9.91664519341885 1.493740720020352 0
9.146394578789604 0.5052475924036033 0
9.000869257396007 0.3552478339662857 0
9.139692093548305 0.2434985929413429 0
9.285217414941902 0.3934983513786605 0
9.143043336168954 0.3743730926724735 0
18.52562950136881 3.419443467120456 0
18.64335313586424 3.506836477387261 0
18.54592810027735 3.613393456002459 0
18.42820446578192 3.526000445735654 0
18.53577880082308 3.516418461561458 0
12.35175005026314 4.770110329193649 0
12.48810814685041 4.887240680709797 0
12.36337502513157 4.885055164596825 0
3.757892373331787 4.88493795152825 0
3.908053611525634 4.755740559076026 0
4.025161238193848 4.870802607547777 0
3.891526805762817 4.877870279538014 0
2.817243209668659 1.349264419228948 0
2.924375275210473 1.445094334389913 0
2.802233111966411 1.553426248482471 0
2.695101046424597 1.457596333321506 0
2.809738160817535 1.451345333855709 0
17.14832417349998 1.584907781173863 0
17.01108794191695 1.495866469215927 0
17.09433415410219 1.389654970255593 0
17.23157038568522 1.478696282213529 0
17.12132916380108 1.487281375714728 0
14.02885639706626 3.174568838875024 0
14.14305003628962 3.268084302558583 0
14.05032968679272 3.35613352186633 0
13.93613604756936 3.262618058182771 0
14.03959304192949 3.265351180370677 0
10.86595970774409 4.447062687792044 0
10.77246305359673 4.556974079877879 0
10.64730176106187 4.458834675054762 0
10.74079841520923 4.348923282968928 0
10.75663073440298 4.452948681423404 0
4.818677919859997 3.037423081230394 0
4.943965320099561 2.953192817332845 0
5.013877316597757 3.047394120735471 0
4.888589916358193 3.131624384633021 0
4.916277618228877 3.042408600982933 0
10.17993645134585 3.410059620188517 0
10.30154240212221 3.32336884024599 0
10.40155190355159 3.430519691371076 0
10.27994595277524 3.517210471313603 0
10.29074417744872 3.420289655779797 0
10.4475120388884 4.677982411317457 0
10.34250856148163 4.786182472843548 0
10.20776978433461 4.681645449163866 0
10.31277326174139 4.573445387637775 0
10.32764091161151 4.679813930240661 0
8.878458171648809 0.2315672265157844 0
8.869380910300869 0.4571658625724844 0
8.746969824553672 0.3334852551219836 0
8.873919540974839 0.3443665445441342 0
2.755341968071439 3.16049820063238 0
2.745977024855801 3.055829611072156 0
2.848242238633797 3.046159649952655 0
2.857607181849435 3.150828239512879 0
2.801792103352618 3.103328925292518 0
1.754580296261262 1.961571563310517 0
1.599713606481377 1.96233850126005 0
1.603111813160766 1.831576307908874 0
1.757978502940649 1.830809369959341 0
1.678846054711013 1.896573935609696 0
5.624172767688481 3.565583967684257 0
5.761383413538944 3.490116218688649 0
5.825318075636424 3.609416126761814 0
5.68810742978596 3.684883875757422 0
5.724745421662453 3.587500047223036 0
17.7132938298293 0.3814901464768008 0
17.57463250537759 0.2887324731012333 0
17.66795593806047 0.1925383202477216 0
17.80661726251218 0.2852959936232891 0
17.69062488394488 0.2870142333622612 0
14.29696088000674 3.626601955774281 0
14.19288317806487 3.59102727191342 0
14.22525066479813 3.504478395630958 0
14.32932836674 3.540053079491819 0
14.26110577240243 3.565540175702619 0
17.51127657977089 3.761972964191591 0
17.36717416287906 3.791783934376718 0
17.34329502759336 3.68994323076824 0
17.48739744448519 3.660132260583112 0
17.42728580368212 3.725958097479915 0
16.80404022867051 4.908135894738482 0
16.68094002679321 4.887959035969623 0
16.68725397724116 4.734236038237583 0
16.81035417911846 4.754412897006442 0
16.74564710295584 4.821185966488033 0
7.096481600561638 0.6332485485307486 0
6.973117701259243 0.5614737341101788 0
7.039659388427417 0.4463874828990084 0
7.163023287729812 0.5181622973195781 0
7.068070494494528 0.5398180157148784 0
11.04994829655387 3.655929832216472 0
11.165350805334 3.561456028077465 0
11.25932961194746 3.660707851221716 0
11.14392710316733 3.755181655360723 0
11.15463895425066 3.658318841719094 0
2.476599198011327 1.886074615976542 0
2.420781684403617 1.733752419910443 0
2.542530561216743 1.689593393132054 0
2.598348074824453 1.841915589198153 0
2.509564879614034 1.787834004554298 0
2.232696693596561 0.3723946107936169 0
2.364376410227161 0.2334552012976139 0
2.493703188451001 0.3375716288162849 0
2.362023471820402 0.4765110383122879 0
2.363199941023781 0.3549831198049507 0
0.636802464425374 1.681324217162482 0
0.5202950775225954 1.60065471765084 0
0.597483645424008 1.498450310854686 0
0.7139910323267866 1.579119810366328 0
0.617143054924691 1.589887264008584 0
9.490707410152783 1.274801479219356 0
9.318663370046075 1.242089874848735 0
9.344141475261299 1.07848271592069 0
9.51618551536801 1.111194320291311 0
9.417424442707041 1.176642097570023 0
10.85069585407841 3.453360589818968 0
10.730222315885 3.546570828464311 0
10.62564940689493 3.443519190480316 0
10.74612294508834 3.350308951834973 0
10.73817263048667 3.448439890149642 0
17.28010987975294 2.974796733546516 0
17.41571090156491 3.034731481474287 0
17.37776903977626 3.14466100663255 0
17.24216801796429 3.084726258704779 0
17.3289394597646 3.059728870089533 0
1.59859031106836 2.776993160377985 0
1.502048987015463 2.706844816927234 0
1.578217063329769 2.611411998737829 0
1.674758387382665 2.68156034218858 0
1.588403687199063 2.694202579557907 0
6.690300504077333 3.548937182485732 0
6.569830757074112 3.625788916639871 0
6.48890222083804 3.524649004756275 0
6.60937196784126 3.447797270602136 0
6.589601362457686 3.536793093621004 0
16.29166213475235 3.269653715976782 0
16.38846459052173 3.339404478050321 0
16.30443882306883 3.424666935783555 0
16.29805047891059 3.347160325880168 0
9.866855852916213 1.262654750159729 0
9.990729610220711 1.165246596804917 0
10.06732203924835 1.287895704480408 0
9.967088946082281 1.275275227320068 0
1.744921149297531 1.541455604996415 0
1.74453257907912 1.698074574780654 0
1.595971138707947 1.698514066527235 0
1.596359708926357 1.541895096742996 0
1.670446144002739 1.619984835761826 0
17.06572837676581 4.042389183435256 0
17.10024296102672 4.170615585651202 0
16.98818737778509 4.186281979315313 0
16.95367279352418 4.058055577099368 0
17.02695787727545 4.114335581375284 0
11.28296125753522 3.470423541032979 0
11.07117562144435 3.464152533520368 0
11.18878607364557 3.373120046475881 0
11.17706843948979 3.467288037276673 0
10.10747920540028 3.124005395555314 0
10.00579142693745 3.031359967211944 0
10.10768092480171 2.948110298817613 0
10.20936870326454 3.040755727160983 0
10.107580065101 3.036057847186464 0
16.92564697525047 1.604767570011116 0
16.78308636135367 1.51060580599974 0
16.86852732802016 1.401704705204551 0
16.89708715163531 1.503236137607834 0
3.157064831105741 1.484879055138559 0
3.286738122496898 1.396143202831097 0
3.381478109248263 1.504220645622664 0
3.251804817857106 1.592956497930126 0
3.269271470177001 1.494549850380611 0
18.75708681857189 3.594665259121548 0
18.74088826180767 3.4024107969901 0
18.85462194451531 3.490239578724387 0
18.74898754018977 3.498538028055824 0
15.58444598616023 3.416010947849714 0
15.51652736367027 3.340326385673947 0
15.57441386920513 3.279231611534247 0
15.57942992768268 3.347621279691981 0
18.55281527530293 3.049208640789518 0
18.44381329933625 3.004452562639848 0
18.49889521680748 2.899314557048719 0
18.60789719277415 2.944070635198389 0
18.5258552460552 2.974261598919118 0
5.95247378105125 3.229836978269228 0
5.830880160610704 3.299240085349471 0
5.774076862392629 3.182899548269646 0
5.895670482833175 3.113496441189402 0
5.86327532172194 3.206368263269437 0
17.90459133241458 0.1957950218860534 0
18.03116115436009 0.2879953402559989 0
17.93318708445769 0.3774963119932346 0
17.91888920843614 0.286645666939644 0
15.82512579991952 4.160977417684447 0
15.92560009108612 4.074411586572738 0
16.02048561454011 4.167468609244377 0
15.92001132337351 4.254034440356087 0
15.92280570722981 4.164223013464412 0
17.37426637251099 1.872872971415472 0
17.41595814439809 1.749096968407508 0
17.5337404057567 1.795714350961229 0
17.4920486338696 1.919490353969193 0
17.45400338913385 1.834293661188351 0
16.69934547171779 1.625626600440072 0
16.55065875595134 1.529696596671375 0
16.63439964558722 1.414675802231043 0
16.66687255865251 1.520151201335558 0
13.64506303276518 4.280126684615946 0
13.76089974618793 4.143401730526313 0
13.89839579988644 4.25997383317695 0
13.78255908646369 4.396698787266583 0
13.77172941632581 4.270050258896449 0
3.507635668186621 4.887883904461093 0
3.640528041518408 4.772821855989342 0
3.632764020759204 4.886410927994671 0
17.42896491419411 0.1946296454560206 0
17.48374483461535 0.3878970732454663 0
17.33807724343187 0.293794245600254 0
17.45635487440473 0.2912633593507437 0
2.737018980870445 0.3258872467258658 0
2.614256248160308 0.4395927500445751 0
2.616465921161138 0.2238661254975756 0
2.615361084660723 0.3317294377710751 0
6.445991117632672 3.706840803677048 0
6.654385468919637 3.728752101591484 0
6.530545829478196 3.809803988628661 0
6.550188293276154 3.717796452634266 0
18.83083432185013 2.748708953945883 0
18.7073306579166 2.843574518246234 0
18.61679988053033 2.749132551843083 0
18.74030354446387 2.654266987542732 0
18.72381710119024 2.748920752894483 0
4.36687524898908 2.030720760917865 0
4.261113241624544 1.929939407989822 0
4.391306564266934 1.831635687375153 0
4.49706857163147 1.932417040303197 0
4.379090906628008 1.931178224146509 0
9.562667117156897 3.634413140108925 0
9.483603181258699 3.765827047901102 0
9.34693762024081 3.694101102346393 0
9.426001556139008 3.562687194554217 0
9.454802368698854 3.664257121227659 0
0.6651734289090712 0.5895227063651398 0
0.856222960494339 0.4936106416049726 0
0.9443634943006813 0.640866903041436 0
0.7533139627154135 0.7367789678016032 0
0.8047684616048763 0.6151948047032882 0
0.7465663055799219 2.922144077813856 0
0.9010309344628276 3.016547385999233 0
0.8156634937409262 3.161092193059313 0
0.6611988648580205 3.066688884873936 0
0.7811148996604249 3.041618135436584 0
13.89649221762662 3.0723902322774 0
13.98807550395374 2.976003294469602 0
14.12043968339339 3.078181901067226 0
14.00846595051 3.075286066672313 0
16.98123316408287 4.288423216096301 0
17.10828309971829 4.296994808004319 0
17.11108505563308 4.421699037942691 0
16.98403511999766 4.413127446034672 0
17.04615910985798 4.355061127019496 0
15.07000952239392 3.323350248448385 0
14.93425659151484 3.238298656509643 0
14.99854737874445 3.139147633430016 0
15.13430030962353 3.224199225368758 0
15.03427845056918 3.2312489409392 0
1.860363914512678 1.689714958642433 0
1.873809838374207 1.822449753821119 0
1.809171208726664 1.760262164300887 0
3.276933305528801 4.660730589795736 0
3.136667856950085 4.772413129548738 0
3.010055220294218 4.643710892625963 0
3.150320668872935 4.532028352872961 0
3.14349426291151 4.65222074121085 0
17.227373517257 4.044505155395962 0
17.06286960389715 3.909645788350057 0
17.22451474438833 3.911761760310763 0
17.14512156057707 3.97707547187301 0
2.506735052505604 3.48842102482648 0
2.615159922088974 3.491284998594704 0
2.606307616961534 3.590177686075637 0
2.497882747378164 3.587313712307413 0
2.556521334733569 3.539299355451059 0
6.076907132874915 3.156283383454586 0
6.145162016603248 3.268698319084575 0
6.020728664779582 3.342251913899217 0
6.048817898827249 3.249267648676901 0
6.030640420894971 3.647257294029211 0
5.896397802961053 3.725297830114126 0
5.959560693570343 3.531375590676899 0
5.927979248265698 3.628336710395512 0
7.625579972375062 4.547384408908774 0
7.75128234859759 4.673992908642545 0
7.622096576071494 4.778315481877168 0
7.496394199848966 4.651706982143397 0
7.623838274223278 4.662849945392971 0
19.12068524786436 0.6758510528584019 0
18.97351264306618 0.5527814205098931 0
19.09238421453061 0.4438191245044889 0
19.23955681932879 0.5668887568529979 0
19.10653473119748 0.5598350886814454 0
15.03015857372105 4.644031383989622 0
15.16198813131253 4.516213433583063 0
15.2791206658049 4.629335048321496 0
15.14729110821342 4.757152998728055 0
15.15463961976297 4.636683216155559 0
6.219392071924394 1.950971575561639 0
6.104313300647908 2.021027797382245 0
6.052930748135845 1.937648016883644 0
6.168009519412332 1.867591795063038 0
6.13616141003012 1.944309796222642 0
19.60626170784474 1.397423750645192 0
19.48735512183787 1.262490521360346 0
19.61829660706973 1.177888519786486 0
19.7372031930766 1.312821749071332 0
19.61227915745723 1.287656135215839 0
12.86498104710055 4.232849552271414 0
12.9614636916739 4.113246237267793 0
13.10342042457543 4.218532100834237 0
13.00693778000207 4.338135415837858 0
12.98420073583799 4.225690826552825 0
13.85350378641054 1.848137346669941 0
14.00843335993276 1.941053094911885 0
13.92938740488626 2.039200602762129 0
13.77445783136404 1.946284854520185 0
13.8914455956484 1.943668974716035 0
11.16907569234788 0.2001276870233983 0
11.34586696975429 0.3057609469935683 0
11.23242746032637 0.4187860701588599 0
11.05563618291996 0.31315281018869 0
11.20075157633712 0.3094568785911291 0
6.433086084695635 4.387660876787608 0
6.333865537473033 4.283402459955889 0
6.460655746169968 4.190975958018804 0
6.55987629339257 4.295234374850523 0
6.446870915432801 4.289318417403206 0
1.942320196397752 3.699027889972093 0
1.971989955401765 3.55416209191545 0
2.103396702526991 3.567274786491859 0
2.073726943522976 3.712140584548502 0
2.022858449462371 3.633151338231976 0
1.130380307470789 1.768465131773607 0
1.303671154722375 1.721182102204586 0
1.33287772867417 1.845814341755449 0
1.159586881422584 1.893097371324469 0
1.23162901807248 1.807139736764528 0
6.192985568504004 3.07645063136855 0
6.340704063339594 2.998178277527685 0
6.419608223651537 3.119227187091569 0
6.271889728815946 3.197499540932434 0
6.30629689607777 3.09783890923006 0
0.7161145266161917 0.3573660555100693 0
0.8623389288939176 0.2367076881895502 0
1.002447362772065 0.3729522742844535 0
0.8592809446941292 0.3651591648972614 0
10.09911567442657 4.788553536306157 0
9.96581867758742 4.684405511925782 0
10.07447278749546 4.577497424783491 0
10.08679423096102 4.683025480544824 0
5.526990503433041 2.052441993037935 0
5.433563992903913 1.953595141674558 0
5.556645925241265 1.870891216184832 0
5.650072435770392 1.96973806754821 0
5.541818214337153 1.961666604611384 0
1.787359674479571 3.043962182213538 0
1.652618806401716 3.050361769438691 0
1.650422580099889 2.938553404727681 0
1.785163448177745 2.932153817502528 0
1.71889112728973 2.99125779347061 0
4.855798788820721 4.57296393102925 0
4.717536972719693 4.504438701605079 0
4.807526329805709 4.38082690847942 0
4.945788145906738 4.44935213790359 0
4.831662559313216 4.476895419754335 0
0.9510463166239518 2.671858664640275 0
0.9402612627746656 2.832103534442946 0
0.8113279305426779 2.817346938988909 0
0.8221129843919641 2.657102069186237 0
0.8811871235833149 2.744602801814592 0
7.181813108765025 3.034699420926356 0
7.081201115677196 3.128622542795561 0
6.939235227695349 3.039797978018703 0
7.039847220783178 2.945874856149498 0
7.060524168230187 3.037248699472529 0
2.467269113382214 3.092837548691555 0
2.449813452607866 3.207071932907586 0
2.343912989304054 3.210801102634286 0
2.361368650078402 3.096566718418255 0
2.405591051343134 3.15181932566292 0
3.058739665089984 1.35777766478218 0
3.022700441226229 1.572195724746292 0
3.040720053158108 1.464986694764236 0
14.47762145538755 1.933167603110771 0
14.55535193237611 1.831960218546403 0
14.71168610034084 1.929460204470794 0
14.63395562335228 2.030667589035162 0
14.5946537778642 1.931313903790783 0
0.2594084358176882 1.167262792466819 0
0.3867849550729012 1.07923459264024 0
0.4971901851425731 1.201990956182418 0
0.3698136658873601 1.290019156008996 0
0.3782993104801307 1.184626874324618 0
7.937705254159465 3.798812314896411 0
7.79907976687965 3.895312206207431 0
7.723607934975544 3.784148887592145 0
7.862233422255358 3.687648996281124 0
7.830656594567505 3.791480601244278 0
15.64377550474311 1.906209514969331 0
15.71094460017543 1.798700701136041 0
15.86166334099986 1.901911243511792 0
15.79449424556753 2.009420057345083 0
15.75271942287148 1.904060379240561 0
12.77287688994162 4.344158705969855 0
12.6382040331999 4.2431912775119 0
12.73030819035883 4.131882123813459 0
12.75159254015022 4.238020414891658 0
1.235013451561041 3.027416991571158 0
1.250297293986321 3.18374320292661 0
1.074650312069052 3.206742622214009 0
1.059366469643772 3.050416410858556 0
1.154831881815047 3.117079806892583 0
15.88892542874668 4.611809540779254 0
15.99695509991044 4.716214767782795 0
15.87908666996947 4.803281159860642 0
15.77105699880572 4.698875932857102 0
15.88400604935808 4.707545350319949 0
19.64618290678885 2.054669733076165 0
19.5511549900159 1.945038196909428 0
19.6691151056131 1.854175248534894 0
19.76414302238605 1.963806784701631 0
19.65764900620098 1.954422490805529 0
16.10252686067899 4.630525646337911 0
16.21513067733064 4.727078930276394 0
16.1095589165621 4.812768051721279 0
16.10604288862054 4.721646849029595 0
5.567130410083872 3.44576129130922 0
5.486324130158158 3.637868101167647 0
5.42928177255355 3.51804542479261 0
5.526727270121015 3.541814696238434 0
10.61375093275367 3.641401946285139 0
10.83494448059049 3.649589851213133 0
10.71847309745915 3.744420969033961 0
10.72434770667208 3.645495898749136 0
18.18044847330358 2.086554499835777 0
18.13964609037206 2.223064095856281 0
18.03204544948607 2.182602975976458 0
18.07284783241759 2.046093379955954 0
18.10624696139483 2.134578737906117 0
2.107940711533277 0.2373437443167328 0
2.089060203933977 0.4871625172405651 0
1.964304221870693 0.352111650763681 0
2.098500457733627 0.3622531307786487 0
3.650961921479507 4.557746426798548 0
3.767446544694585 4.662786958728195 0
3.52404341830333 4.667781324059696 0
3.645744981498957 4.665284141393945 0
1.338001865790806 1.984171497901006 0
1.280066590725424 2.105221411138193 0
1.101651606357201 2.014147284561657 0
1.219826736074003 1.999159391231331 0
10.20071872136921 3.222491043351867 0
10.09268178028877 3.300679886742061 0
9.999442264319837 3.202194238945509 0
10.10008049284452 3.212342641148688 0
18.24363962287093 0.3147851427452615 0
18.11764486504751 0.3795627335847369 0
18.1571559121835 0.2232177494165235 0
18.13740038861551 0.3013902415006302 0
4.033814864137258 3.90921301948825 0
4.149773126215823 3.820616436495211 0
4.240688015633378 3.910119443578171 0
4.124729753554813 3.998716026571209 0
4.137251439885318 3.90966623153321 0
18.52369695819955 2.804004377060337 0
18.46485291950678 2.704266279151222 0
18.55795584183756 2.649394453933968 0
18.54082640001856 2.726699415497152 0
14.75045504779419 4.847032562282078 0
14.48285136498118 4.874542164223228 0
14.60830641277537 4.721574726505306 0
14.61665320638769 4.860787363252653 0
5.203386051763763 1.944498806668115 0
5.073587081650313 2.03833124765441 0
4.968932645522816 1.938981175422436 0
5.098731615636266 1.845148734436141 0
5.08615934864329 1.941739991045276 0
1.148478589144133 3.367032659006511 0
1.004987118948179 3.438299323367159 0
0.9311588418730956 3.278009286574656 0
1.039818715508616 3.322520972790584 0
0.3361464458965528 0.4579385663129831 0
0.4160821950280891 0.561584420929419 0
0.3011634153519651 0.642540403018883 0
0.2212276662204289 0.5388945484024472 0
0.318654930624259 0.5502394846659331 0
13.36888318978881 4.205548392888503 0
13.50378368436816 4.102679677953322 0
13.51016253818584 4.382995399551127 0
13.506973111277 4.242837538752225 0
0.6766845484803241 2.091100879846922 0
0.557709706235137 2.144471234298316 0
0.4977387797511952 2.027773640154695 0
0.6167136219963822 1.974403285703301 0
0.5872116641157596 2.059437260000808 0
19.49565016303705 0.3508846974834081 0
19.365843397031 0.460265070043373 0
19.23927850933126 0.338300339892815 0
19.36908527533731 0.2289199673328501 0
19.36746433618416 0.3445925186881116 0
4.817195735007451 0.421550681488414 0
4.707940192365959 0.3144788005867412 0
4.846203501650928 0.2114535692380843 0
4.95545904429242 0.3185254501397567 0
4.83169961832919 0.3165021253632485 0
12.94613904945254 1.88517283094113 0
13.08580209063378 1.967329833893323 0
13.00563881170631 2.055791080758385 0
12.86597577052507 1.973634077806192 0
12.97588893057942 1.970481955849758 0
7.122272791183322 1.949525828258638 0
6.98412434073196 2.04362955187088 0
6.887240348247289 1.950527927432304 0
7.025388798698652 1.856424203820062 0
7.004756569715306 1.950026877845471 0
2.098489561735576 2.143743889999764 0
2.199141791991217 2.043385859195683 0
2.318700931649623 2.129362001038508 0
2.2085952466926 2.136552945519136 0
17.67077096987018 2.139181450448313 0
17.77763337442553 2.064327945680342 0
17.88881370316137 2.154866527074618 0
17.77979233651578 2.147023988761465 0
18.37894360613135 4.794800619947946 0
18.26154577983012 4.695079589842756 0
18.38093050746977 4.591690211414848 0
18.498328333771 4.691411241520038 0
18.37993705680056 4.693245415681397 0
18.13819916445127 4.795869975208041 0
18.02605211805023 4.694928632227587 0
18.14939873342908 4.594138246862301 0
18.14379894894017 4.695004111035171 0
17.99556420924042 2.413577038624437 0
18.01552283904112 2.311810293844167 0
18.08929101200677 2.332323758347159 0
18.06933238220607 2.43409050312743 0
18.0424276106236 2.372950398485798 0
7.362687115173214 1.952371175827363 0
7.221218002722149 2.045152346031383 0
7.263741903634387 1.856744658054618 0
7.242479953178268 1.950948502043001 0
12.73899949124305 1.892792603106733 0
12.78212567795852 2.054506523707185 0
12.6551493986765 1.973665049007726 0
12.76056258460078 1.973649563406959 0
8.500191845532115 0.3203586115111512 0
8.37845638247213 0.4199485963578367 0
8.256674732440537 0.3104775693356028 0
8.378410195500519 0.2108875844889173 0
8.378433288986326 0.315418090423377 0
10.98477818439048 4.537964040249099 0
10.95116104684962 4.336675105068814 0
11.06997952349601 4.427576457525868 0
10.96796961562005 4.437319572658956 0
8.861560438138872 3.379852964020586 0
8.778286990373676 3.477663540627386 0
8.669026350685009 3.401216200050062 0
8.752299798450206 3.303405623443262 0
8.765293394411941 3.390534582035324 0
16.36964689697067 3.215693195317428 0
16.42877476716533 3.126453343362873 0
16.51722534399077 3.168807025066222 0
16.45809747379611 3.258046877020776 0
16.44343612048072 3.192250110191825 0
15.17818149537833 1.918794833445821 0
15.2531618103782 1.810009938794745 0
15.41191963561321 1.911209790738352 0
15.33693932061334 2.019994685389428 0
15.29505056549577 1.915002312092086 0
18.22257469747612 1.53325153778764 0
18.09314327638759 1.436261261241936 0
18.19140560788128 1.329934950367199 0
18.32083702896981 1.426925226912903 0
18.2069901526787 1.431593244077419 0
6.803268149126591 4.114363292962955 0
6.681451616428132 4.202754502176225 0
6.586985733010583 4.102492327674772 0
6.708802265709043 4.014101118461502 0
6.695126941068588 4.108427810318863 0
11.94214126737285 1.986632685966448 0
12.00503575696711 1.894770568606944 0
12.12984045044138 1.964183976324138 0
12.06694596084712 2.056046093683641 0
12.03599085890711 1.975408331145293 0
7.92342943708638 2.073719189070256 0
7.861700538477745 1.980449516817378 0
7.982129872513173 1.932321192487184 0
8.043858771121808 2.025590864740061 0
7.952779654799777 2.00302019077872 0
4.079844631573566 0.4146459860437068 0
3.967849954565722 0.3112480494779595 0
4.102189244962033 0.2077114775174556 0
4.214183921969877 0.3111094140832029 0
4.091016938267799 0.3111787317805814 0
15.10286021678198 2.02416892798704 0
14.94509126876424 1.924901197299476 0
15.02041254736059 1.819527102758257 0
15.06163638207128 1.921848015372648 0
4.735983776341193 0.1050054408826719 0
4.597914972055491 0.2091886695325815 0
4.486931195714297 0.1041832286499096 0
4.611457486027745 0.1045943347662908 0
0.4301532237965233 2.864729536875173 0
0.3260969567239229 2.983144233008432 0
0.2163061197577818 2.871494395050587 0
0.3203623868303822 2.753079698917328 0
0.3232296717771526 2.86811196596288 0
8.929751888283544 3.265235779776106 0
9.066960672008186 3.329373730378392 0
8.998769221863514 3.443990914622872 0
8.964260555073528 3.354613347199489 0
4.863474472817378 1.839292248059352 0
4.83861423191893 2.034943160375541 0
4.733156059213492 1.935254233012457 0
4.851044352368154 1.937117704217447 0
6.81880596218542 2.957091185844998 0
6.844056205154009 3.131145009810402 0
6.723626939644081 3.048438217636697 0
6.831431083669715 3.0441180978277 0
4.874334239294209 4.783181281375613 0
4.999531982202818 4.886572664467788 0
4.749802257091391 4.896608616907824 0
4.874667119647104 4.891590640687807 0
1.71044823689731 2.091998376511888 0
1.880245485311644 1.997244630725964 0
1.836113425947692 2.127671443927335 0
1.795346861104477 2.044621503618926 0
17.28839945579808 1.670216474378268 0
17.36297311012191 1.565163062872674 0
17.49053179872192 1.644043556901914 0
17.38946562726 1.657130015640091 0
11.37330087307146 1.084896565478314 0
11.28229635211036 0.9683682856728368 0
11.4560188437148 0.8915359294678291 0
11.54702336467589 1.008064209273306 0
11.41465985839313 0.9882162474730716 0
11.57148274454939 1.530712440175053 0
11.7225224371195 1.479100165869289 0
11.80340811916238 1.55056530789972 0
11.68744543185589 1.540638874037386 0
13.22306776841888 4.083454322327295 0
13.24923584594535 4.340626171395444 0
13.23615180718212 4.21204024686137 0
15.25449747896037 3.984940635994196 0
15.34880137101065 4.022836349030856 0
15.31002660372019 4.120820959576159 0
15.2157227116699 4.082925246539499 0
15.28226204134028 4.052880797785178 0
8.496363228974127 0.5319852883370237 0
8.621425392725042 0.4346404173254319 0
8.739033849612497 0.5476363748227162 0
8.613971685861582 0.644981245834308 0
8.617698539293311 0.53981083157987 0
19.26917699192755 2.374734566268511 0
19.39262264507152 2.278083948483407 0
19.48602355365261 2.382982778024879 0
19.36257790050864 2.479633395809982 0
19.37760027279008 2.378858672146695 0
19.87401765799745 0.4918971674595927 0
19.74836126961998 0.3628634674325655 0
19.87434361162253 0.2459662999729728 0
19.87418063480999 0.3689317337162827 0
19.62117987726048 3.253123233045809 0
19.75560302327174 3.379403431910487 0
19.63325751394676 3.508443696195616 0
19.4988343679355 3.382163497330937 0
19.62721869560362 3.380783464620713 0
19.36882892759651 0.6914098042565824 0
19.49511550529872 0.5847861174469575 0
19.36733616231376 0.5758374371499777 0
5.568161417431043 0.459606621545082 0
5.455368514903095 0.3363854703277784 0
5.60202130464033 0.2315085028377637 0
5.714814207168278 0.3547296540550677 0
5.585091361035686 0.3455575621914226 0
5.486095867107014 0.1128510130199984 0
5.346088005599216 0.2217308511109728 0
5.234992138492201 0.1088798380909743 0
5.360544002799609 0.1108654255554864 0
15.57870869358719 4.468960068082163 0
15.42025667930422 4.530137800564411 0
15.35282053991741 4.397362504185708 0
15.51127255420037 4.33618477170346 0
15.4657646167523 4.433161286133935 0
11.95441752904022 4.624801537142314 0
11.85259570098978 4.774155606756082 0
11.70780861450779 4.67842560817016 0
11.80963044255823 4.529071538556392 0
11.83111307177401 4.651613572656236 0
10.09965480438562 1.089968149851636 0
9.911515638252196 1.061725020117942 0
10.0204408324171 0.986446573164661 0
10.00558522131891 1.075846584984789 0
14.15575209194635 3.435180600533362 0
14.07528299768479 3.522041165637383 0
13.96986059253115 3.44299408697035 0
14.06280634223875 3.439087343751856 0
18.96683667232474 3.57545698368239 0
18.94942117764059 3.384092429253386 0
19.06163590545002 3.469309834211389 0
18.95812892498266 3.479774706467888 0
0.5340336081805788 2.335379739977558 0
0.4512819986770644 2.220062033760429 0
0.6404613157386496 2.259788940515445 0
0.5458716572078579 2.239925487137937 0
17.31470330866788 4.656361879730667 0
17.19506325925326 4.789394688498509 0
17.11651194023552 4.695594322064351 0
17.23615198965014 4.56256151329651 0
17.2156076244517 4.67597810089751 0
12.65105156490547 3.438987016198822 0
12.71809892603379 3.334581772234175 0
12.8341670486948 3.400237637180361 0
12.76711968756647 3.504642881145007 0
12.74260930680013 3.419612326689591 0
9.444662391640264 0.5053756946577965 0
9.630945360282261 0.575876310166042 0
9.572168854937361 0.7198111109313285 0
9.385885886295362 0.6493104954230833 0
9.508415623288812 0.6125934027945625 0
2.891156948912736 2.968994932060417 0
2.9818512168399 3.021980980769449 0
2.93893650656096 3.099145698661686 0
2.915046727736849 3.034070315361052 0
17.91629550770677 2.816515895169376 0
17.84217210751812 2.880669289387185 0
17.72008440963915 2.834433362375219 0
17.81818995867296 2.825474628772298 0
12.53995344035042 0.4885920028602713 0
12.65127888515139 0.390437630267646 0
12.78951541045735 0.4854840579097326 0
12.67818996565638 0.5836384305023576 0
12.66473442540389 0.4870380303850022 0
8.723183210585884 1.232718749278361 0
8.596996307262 1.157688170569313 0
8.676155092372777 1.05413300516055 0
8.802341995696661 1.129163583869598 0
8.699669151479331 1.143425877219455 0
2.409913895802184 3.443521870207652 0
2.471561801567015 3.332760368622946 0
2.568382958270435 3.377659523241775 0
2.48914842703631 3.410590696724713 0
6.665852656273679 3.139724734840061 0
6.530717083591171 3.082055779935501 0
6.588491366961573 2.990769262732138 0
6.627172011617626 3.065246998786099 0
12.11539095143947 1.628676525395894 0
12.13901874988263 1.537818780751419 0
12.26394012983728 1.57824559787287 0
12.24031233139412 1.669103342517346 0
12.18966554063838 1.603461061634382 0
7.771246195226706 3.585307481734907 0
7.636774976681707 3.683598857002285 0
7.545821517133477 3.583061367948568 0
7.658533856180091 3.584184424841738 0
0.6282010539370013 2.647195783962664 0
0.7483666391915467 2.558606877501304 0
0.7019473991374188 2.745690975647597 0
0.7251570191644809 2.65214892657445 0
1.538062945981086 3.547694358864591 0
1.655037948485905 3.457722516205076 0
1.735419828748135 3.557112877913746 0
1.618444826243316 3.647084720573261 0
1.636741387364612 3.552403618389168 0
3.206385951378715 0.7433084458629853 0
3.330266547282115 0.6334289067624754 0
3.448393752367807 0.7300830735093014 0
3.324513156464407 0.8399626126098112 0
3.327389851873262 0.7366957596861432 0
7.871191934705466 4.782574674871224 0
7.872789129367545 4.570672513339701 0
7.992698715475422 4.67925427956838 0
7.871990532036506 4.676623594105463 0
1.760601380232027 0.8755486656410412 0
1.66738867314926 0.7538542992321253 0
1.796992436366718 0.6702284884462557 0
1.890205143449485 0.7919228548551716 0
1.778796908299372 0.7728885770436484 0
2.51793965508716 2.989345828028404 0
2.640282366189609 3.044869544042311 0
2.589611824484664 3.148361264705462 0
2.553775739785912 3.068853546366933 0
16.50425761474281 4.505023714380665 0
16.39713528284317 4.401567339857719 0
16.48833724376576 4.323701185641947 0
16.5954595756654 4.427157560164893 0
16.49629742925429 4.414362450011306 0
2.022708175531913 4.08434372097821 0
1.947917528906814 3.923492821372981 0
2.10250158733416 3.852365306914364 0
2.17729223395926 4.013216206519593 0
2.062604881433037 3.968354513946287 0
12.33734895139749 1.922470663858372 0
12.33907236813016 1.811463217502431 0
12.45664736329132 1.839017291528758 0
12.45492394655864 1.950024737884699 0
12.3969981573444 1.880743977693565 0
3.989198697520926 0.1038832304979467 0
3.854550639606095 0.2082207381726473 0
3.740351942085169 0.1043375076747006 0
3.864775319803047 0.1041103690863237 0
13.8763536786375 4.623258889934388 0
13.71498805534334 4.536899532898377 0
13.94392470975785 4.483058144302595 0
13.8294563825506 4.509978838600485 0
11.03770043196579 4.750604537330492 0
10.90804576888974 4.659050606464421 0
11.11443284746653 4.629517971115171 0
11.01123930817813 4.644284288789796 0
19.52057834901767 3.134047796038688 0
19.66180377227104 3.017629660722898 0
19.76240530051384 3.136705097730019 0
19.64149182476576 3.135376446884353 0
10.49650383324086 1.308273228058428 0
10.36991251800314 1.402977738628967 0
10.27800812450215 1.300234449528256 0
10.40459943973987 1.205529938957717 0
10.3872559788715 1.304253838793342 0
13.16521855603239 1.875069789581428 0
13.31188390986521 1.959783209810834 0
13.23246744446661 2.052043254122729 0
13.1988430002495 1.963556521852079 0
6.750450816811341 2.043638061854826 0
6.657111215784224 1.950935846339842 0
6.793900747220172 1.85782571191732 0
6.772175782015756 1.950731886886073 0
1.479569032512297 2.530887525073045 0
1.371557468235501 2.622655405799791 0
1.293036555345005 2.543995870930285 0
1.401048119621798 2.452227990203539 0
1.38630279392865 2.537441698001665 0
18.25650475208959 2.273903256369809 0
18.20614967372429 2.383162918860688 0
18.17289788204818 2.303113507358484 0
12.90636194239786 4.450928570327678 0
12.80756784613185 4.560369359127771 0
12.67408279367561 4.453599494769949 0
12.79022236803673 4.452264032548813 0
11.22885138296171 1.158313204534241 0
11.4596594890421 1.189084473928881 0
11.31520999893236 1.262501112984808 0
11.34425543600191 1.173698839231561 0
17.46406651845965 2.937302458006858 0
17.5998028055766 2.999795666754867 0
17.55144718868186 3.097224690222296 0
17.50775685357075 3.017263574114577 0
17.43004892312742 3.405098890044179 0
17.46626024848188 3.301911488386187 0
17.58468566499154 3.348367486860654 0
17.54847433963708 3.451554888518647 0
17.50736729405948 3.376733188452417 0
1.643986062978069 2.317712502086051 0
1.679333343116998 2.193566140533619 0
1.795837013219856 2.225785602056744 0
1.760489733080927 2.349931963609177 0
1.719911538098962 2.271749052071398 0
4.602810526521621 2.032594224582249 0
4.62741410432334 1.835077048733405 0
4.615112315422481 1.933835636657827 0
5.995307848691462 3.047331178900893 0
6.111386284320552 2.967498426814858 0
6.094146708597733 3.061890905134721 0
3.68631037484921 1.819608348616415 0
3.5829805013883 1.715350191333375 0
3.712548407611219 1.617601245757174 0
3.81587828107213 1.721859403040215 0
3.699429391230215 1.718604797186795 0
15.34694370368393 2.932386923975539 0
15.2166076882498 2.853706762874157 0
15.43062936144891 2.848960129258793 0
15.32361852484936 2.851333446066475 0
2.263729209326456 2.859362777300585 0
2.140245043685466 2.927641492516893 0
2.077206701146345 2.838558683373718 0
2.170467955236401 2.848960730337152 0
13.92814136337301 4.799770150827631 0
13.81648620634835 4.728645234769117 0
13.98800883566216 4.694383805992902 0
13.90224752100525 4.71151452038101 0
2.494585394391234 1.591466266719349 0
2.624592294369277 1.539124121069958 0
2.672537461194787 1.637251247482664 0
2.583561427793009 1.614358757101007 0
8.139053976323213 0.4084322033605083 0
8.016149474339258 0.3030249524923105 0
8.13377023045658 0.2050703184674054 0
8.136412103389898 0.3067512609139573 0
10.626672249424 1.215310349500755 0
10.72060359288951 1.315919077718424 0
10.59043517670637 1.408881956276096 0
10.60855371306519 1.312096152888426 0
12.21334060107229 0.8088235719834773 0
12.37320143776241 0.8967687096945256 0
12.27773620946817 1.003107115960881 0
12.11787537277804 0.9151619782498326 0
12.24553840527023 0.9059653439721789 0
8.005989199474953 0.1013330610144898 0
8.252781030981627 0.1037372574529156 0
8.12938511522829 0.1025351592337027 0
1.772117137590941 2.443669998373578 0
1.842537830453027 2.543954579105327 0
1.747675311469076 2.60687120931841 0
1.677254618606989 2.50658662858666 0
1.759896224530008 2.525270603845994 0
13.84597157531894 2.872265219293838 0
14.07424069192835 2.874018043333175 0
13.96010613362365 2.873141631313506 0
18.37333234819041 1.841953926271384 0
18.25857875919918 1.964959224082827 0
18.12838243712855 1.863302465792144 0
18.24313602611979 1.740297167980702 0
18.25085739265948 1.852628196031764 0
18.77401504879991 3.786370156739331 0
18.66052261762111 3.699451024903648 0
18.87057924975069 3.681584390957231 0
18.7655509336859 3.690517707930439 0
3.166782752534347 3.184323173116042 0
3.284187274048924 3.107992089020323 0
3.372740619436799 3.199982020249564 0
3.255336097922222 3.276313104345284 0
3.269761685985573 3.192152596682803 0
13.31611790377812 1.681701487853676 0
13.1635399719281 1.598366674907402 0
13.23811220629344 1.49703481604509 0
13.39069013814346 1.580369628991364 0
13.27711505503578 1.589368151949383 0
18.29650444493669 2.435115481079726 0
18.23741728626585 2.528027332582945 0
18.14706251505346 2.476074770363907 0
18.22178347999508 2.455595125721816 0
14.39915272554856 2.0332765434926 0
14.24307233521708 1.936816561365272 0
14.32154106505607 1.836707620983443 0
14.36034689530231 1.934992082238021 0
16.04938335905305 1.873766849159336 0
16.00138809825022 1.987879775736495 0
15.90965860180269 1.787798316934633 0
15.95552335002646 1.887839046335564 0
5.760155133858804 1.907645362454247 0
5.818621834114165 1.997721140685669 0
5.708539136025752 2.059813845779632 0
5.734347134942278 1.983729604116939 0
18.97128756055058 0.3208449773405526 0
19.11818185535123 0.2153261927288788 0
19.10528303494092 0.3295726586166841 0
1.578606587789517 2.426062154921876 0
1.451829508529947 2.357755511859494 0
1.517208983718499 2.249405859023669 0
1.547907785754008 2.337734006972773 0
17.35690421976127 3.592859511695531 0
17.39927535427864 3.509559681411499 0
17.52976857900256 3.576832430299081 0
17.44333639938192 3.584845970997306 0
8.01616937105066 2.154566409103887 0
7.790649922166258 2.148872811808958 0
7.903409646608459 2.151719610456422 0
12.20280076620721 2.138659810897504 0
11.98075533850937 2.147106314628726 0
12.09177805235829 2.142883062763115 0
12.4787445742242 3.650173747158477 0
12.39904982802221 3.750852373427961 0
12.25152930526528 3.659637752742664 0
12.36513693974474 3.65490574995057 0
10.52083755807179 3.33905260255661 0
10.50636375237474 3.534986279294782 0
10.51360065522326 3.437019440925696 0
1.300038273405519 1.585092800454318 0
1.448234400113293 1.573877303559616 0
1.45186728143015 1.709966605309884 0
1.375952777417833 1.647529702882101 0
18.60170760567849 1.824366180522377 0
18.70392125712958 1.719078093723954 0
18.82570479449694 1.811336592048831 0
18.72349114304584 1.916624678847255 0
18.71370620008771 1.817851386285604 0
5.764263700533707 4.889078532417692 0
5.902076547022422 4.782269973978746 0
6.012812846488716 4.893191441561055 0
5.888538273511211 4.891134986989373 0
18.37074807930572 2.341288717069123 0
18.46729466709151 2.407469779838439 0
18.39305103272248 2.501296543849043 0
18.3818995560141 2.421292630459082 0
14.97871833318086 0.7607846027895127 0
14.88635557187091 0.8572351272610441 0
14.74126985526071 0.7504750408586021 0
14.83363261657066 0.6540245163870706 0
14.85999409422079 0.7556298218240574 0
18.93753278648965 2.655827590923058 0
19.03206272749288 2.745557150332484 0
18.92536426285337 2.838438513355309 0
18.93144852467151 2.747133052139183 0
4.349921743155404 0.2080114756694185 0
4.237990547441107 0.1038282470195089 0
4.362460871577702 0.1040057378347092 0
18.34780378407267 1.633751241812168 0
18.11790693952324 1.639797463956174 0
18.23285536179796 1.636774352884171 0
14.51110210042265 0.752097068771866 0
14.43337066655584 0.8543463475371453 0
14.28740827297993 0.7615868673307915 0
14.36513970684674 0.6593375885655126 0
14.39925518670129 0.756841968051329 0
8.125406426841206 4.083332326798129 0
8.22477459569583 4.144164638894244 0
8.161872635271123 4.220115820924125 0
8.062504466416499 4.159283508828009 0
8.143639531056165 4.151724073861127 0
7.981464272646051 1.585102689530058 0
7.896761914370827 1.514715565043139 0
7.98025266149469 1.446252351082252 0
8.064955019769913 1.516639475569172 0
7.980858467070369 1.515677520306155 0
11.90489534882119 1.545469094144497 0
11.91930371650355 1.488871658461064 0
12.03244240950748 1.522572734995399 0
12.01803404182512 1.579170170678832 0
11.96866887916433 1.534020914569948 0
5.095211863801936 0.2153279664463867 0
4.985219725309735 0.1064481283554124 0
5.110105931900968 0.1076639832231936 0
8.882882723315731 1.505360151083201 0
8.665241658626448 1.512077930300876 0
8.759861228109848 1.415260499178593 0
8.77406219097109 1.508719040692038 0
18.88748884814902 3.872767434468519 0
18.79108801468615 3.977051365194582 0
18.67761421533704 3.890654087465394 0
18.78255153174303 3.881710760966956 0
4.680020831573849 0.5224989632093429 0
4.925307373180807 0.5283512506845602 0
4.788132469747206 0.6292995324054893 0
4.802664102377328 0.5254251069469515 0
1.113860587341147 0.2309228679010271 0
1.23344593766868 0.3124638245881153 0
1.122032713099596 0.4544932309715417 0
1.117946650220372 0.3427080494362844 0
4.737974517424126 4.015233984937147 0
4.843764276190251 4.09238466775453 0
4.733585880894376 4.200745939350032 0
4.627796122128251 4.123595256532649 0
4.735780199159251 4.10798996214359 0
14.00260145744424 4.898211580735484 0
13.80053990592877 4.901558570092146 0
13.9015706816865 4.899885075413816 0
4.130987234711922 2.028933314823492 0
4.025531848669776 1.927364034616118 0
4.155657855582398 1.828370127782447 0
4.143322545147161 1.92865172130297 0
0.5328178393300487 1.004926109211694 0
0.2900928547663213 0.9521394612890246 0
0.4361257390234687 0.877830977860478 0
0.4114553470481859 0.9785327852503594 0
19.62787305102053 1.728308191685601 0
19.84129052972269 1.690134417334534 0
19.88253258431526 1.816001474183828 0
19.75520281766789 1.772154832934714 0
19.62186454716707 0.9481660736748747 0
19.74548648516033 1.081928297600548 0
19.49467466907647 1.044126295860813 0
19.6200805771184 1.06302729673068 0
1.326908564715756 3.900224000717654 0
1.216433637661929 3.966610776671758 0
1.145218237387557 3.858700150967301 0
1.255693164441384 3.792313375013197 0
1.236063401051657 3.879462075842477 0
14.23740599960807 4.888191341099255 0
14.34525736458925 4.762733505322482 0
14.36012868229462 4.881366752661242 0
8.958156802824401 4.208994469853307 0
8.852205075057288 4.159038384580376 0
8.904494403135256 4.075170147225412 0
9.010446130902372 4.125126232498342 0
8.931325602979829 4.14208230853936 0
4.504747726265363 4.207202007482815 0
4.414986454726278 4.096958125850275 0
4.538034850589167 4.013351374900109 0
4.521391288427264 4.110276691191462 0
10.94810775593236 1.32558834288556 0
10.81386468641792 1.415117321006347 0
10.85484666240395 1.226390099597637 0
10.83435567441094 1.320753710301992 0
8.229423734350116 4.305063951985282 0
8.107775290842707 4.364863380422823 0
8.040224191763716 4.279915249361665 0
8.134823963056917 4.292489600673473 0
15.6405951538898 1.294616237944654 0
15.7525524569312 1.368971293988125 0
15.69766204601359 1.444340583942504 0
15.58570474297218 1.369985527899033 0
15.66912859995169 1.369478410943579 0
1.151624427702739 1.58054095322397 0
1.16216486419264 1.43614755963749 0
1.310578709895418 1.440699406867839 0
1.23110156879908 1.510620180045904 0
15.48649535150397 1.801618125788848 0
15.56919978885234 2.015801179918835 0
15.52784757017816 1.908709652853842 0
14.69506218031571 2.964964722668215 0
14.85127334661991 3.052516317251297 0
14.78391527545798 3.154696940001422 0
14.62770410915378 3.067145345418339 0
14.73948872788684 3.059830831334818 0
13.14277968339553 4.447717967445621 0
13.04220384579132 4.56051112193544 0
13.02457081289669 4.44932326888665 0
7.965713388901041 4.004839285169147 0
8.049628782567744 3.897409445548619 0
8.20932182050791 3.9759024871776 0
8.087517604704475 3.990370886173374 0
7.976669786187612 1.727479241638577 0
8.0758183124267 1.783854434708663 0
7.995198192947834 1.863587903900034 0
7.896049666708747 1.807212710829948 0
7.985933989567723 1.795533572769306 0
4.190787900747515 0.5173106296499315 0
4.058197248134562 0.6200657520778123 0
3.947253978960613 0.5174011084715879 0
4.069020939854064 0.5173558690607596 0
5.418885137269456 0.5532974408972529 0
5.670038336243549 0.5801759522358449 0
5.520762056081962 0.6738667715880158 0
5.544461736756503 0.566736696566549 0
7.652576313032694 0.2002955978016967 0
7.779787237067941 0.2987008742824986 0
7.675210284104621 0.3970129594514686 0
7.547999360069373 0.2986076829706663 0
7.663893298568657 0.2986542786265822 0
18.35364637980023 3.819699265279537 0
18.23907497475609 3.735362653106676 0
18.33475390679097 3.633292462816966 0
18.44932531183511 3.717629074989828 0
18.3442001432956 3.726495864048252 0
1.578411825559643 2.518737076829853 0
12.06584025677006 1.701860080070695 0
12.21007360127422 1.763500249601241 0
12.17432502768258 1.858385498884587 0
12.03009168317842 1.796745329354041 0
12.12008264222632 1.780122789477641 0
18.31542129399885 2.582138317705749 0
18.47368922167867 2.568740109167522 0
18.39605948295504 2.649581883024228 0
18.39455525783875 2.575439213436635 0
4.987308514925051 4.661815234753475 0
4.74282451318988 4.694329977651389 0
4.865066514057466 4.678072606202432 0
18.55553087037555 2.313341301567586 0
18.65383058063964 2.391080083681087 0
18.56559437735559 2.48520856195194 0
18.56056262386557 2.399274931759763 0
18.92469238916963 3.019368372197307 0
18.82508751394974 2.933223712506866 0
19.02496913807325 2.92458317304575 0
18.9250283260115 2.928903442776308 0
3.358944514297789 0.2113286564198087 0
3.474736822181308 0.3152292365380207 0
3.343488183604197 0.4224565056205893 0
3.227695875720679 0.3185559255023778 0
3.351216348950994 0.3168925810201992 0
18.44276249673482 2.233891039688169 0
18.53042440694772 2.130675284563166 0
18.64319278058846 2.210125546442583 0
18.54297763866164 2.222008293065376 0
11.47073297103335 3.665552861808941 0
11.67407851190046 3.698823564082171 0
11.52604591473625 3.805417299417932 0
11.57240574146691 3.682188212945556 0
7.453318368592912 0.4004870192125067 0
7.322763688397959 0.3053221661250376 0
7.417444679874421 0.2034428298831976 0
7.435381524233666 0.3019649245478524 0
5.999134076312716 0.120126771527743 0
5.865059513846031 0.2387842613455087 0
5.740925437533315 0.1186574898177657 0
5.870029756923016 0.1193921306727543 0
10.19135729045245 1.193004583587649 0
10.15397287329805 1.395125570421015 0
10.17266508187525 1.294065077004332 0
1.39705422505288 3.604989794191261 0
1.335432138991713 3.458581031806503 0
1.476440859919919 3.401285596479832 0
1.436747542486398 3.503137695335547 0
18.4224506478909 1.318438946549549 0
18.5532145718022 1.416699138711541 0
18.4516009528811 1.525185419074894 0
18.437025800386 1.421812182812222 0
13.29161301145509 3.429250512449645 0
13.25351094580255 3.567783395158883 0
13.09447906570272 3.515841431869575 0
13.13258113135527 3.377308549160337 0
13.19304603857891 3.47254597215961 0
16.06385796822612 1.252829629875746 0
16.22787387217016 1.346858097402887 0
16.14665708934567 1.484689338421296 0
15.98264118540163 1.390660870894155 0
16.1052575287859 1.368759484148521 0
0.6371857741746609 2.850488114472545 0
0.7242568523586677 2.833917526730727 0
8.116455129785555 4.78535088260646 0
8.109285532505217 4.575218257926826 0
8.23304194681535 4.681314860964905 0
8.112870331145386 4.680284570266643 0
11.1762870406314 1.33907201494391 0
11.40206652057147 1.357568889043382 0
11.26314356227051 1.434139791002484 0
11.28917678060143 1.348320451993646 0
18.40664945541427 2.044910303235906 0
18.50009252370717 1.93521811908619 0
18.62386747524062 2.020983100413451 0
18.51525846532745 2.032946701824678 0
0.6014853379662384 3.861760372072903 0
0.7299393073921934 3.932719429690562 0
0.6437887821282295 4.060021513560168 0
0.5153348127022745 3.989062455942508 0
0.622637060047234 3.960890942816535 0
15.26050420681856 4.881433807347594 0
15.39554425591925 4.770919025720672 0
15.51004004910069 4.889485218373077 0
15.38527212795963 4.885459512860336 0
18.46607832149299 3.90698831179558 0
18.36691444271913 4.007288897336807 0
18.25448250102638 3.919999850820764 0
18.36028041125968 3.913494081308172 0
0.4220423011329437 1.86399242600887 0
0.3570283661744256 2.085987123822671 0
0.2813318875561741 1.922205909676846 0
0.3895353336536846 1.974989774915771 0
17.20936884579835 1.781725675417667 0
17.29204834616174 1.994411807762324 0
17.12715081944911 1.903264511764519 0
17.25070859598004 1.888068741589996 0
1.814882812370932 3.618099628329395 0
1.799128448604804 3.486188161731956 0
1.878591432227601 3.547174912147605 0
1.807005630487868 3.552143895030675 0
18.57874459897017 1.622536164970298 0
18.68263931215631 1.517415658428836 0
18.80781597031572 1.613957587182492 0
18.69328028464295 1.618246876076395 0
3.606753404652419 0.2094866038362211 0
3.49140146256725 0.1051490961615205 0
3.61587670232621 0.1047433019181105 0
10.24046922862797 1.501019128907645 0
10.45991697469363 1.504136191926805 0
10.3501931016608 1.502577660417225 0
16.02529967838658 0.4466618828680597 0
15.86036122471599 0.3339814160529864 0
15.95059120880528 0.2217842066807254 0
16.11552966247586 0.3344646734957992 0
15.98794544359593 0.3342230447743928 0
10.05916440038894 3.485309114852492 0
9.971909729331861 3.375929381406036 0
10.07592309033885 3.392994500797276 0
18.47494743016173 1.731101987707572 0
18.46327419152142 1.628143703391233 0
18.48751997693445 1.833160053396881 0
1.459007955882969 1.843028846691523 0
1.527489547295458 1.770771456609379 0
13.36126160712935 3.027309640194892 0
13.49150998335727 3.097311831908942 0
13.44865652988043 3.222672412481372 0
13.31840815365252 3.152670220767322 0
13.40495906850489 3.124991026338132 0
8.87863324248657 1.023457450675888 0
8.759789450284034 0.9442929420061978 0
8.844308091091742 0.8487488868899828 0
8.963151883294278 0.9279133955596737 0
8.861470666789156 0.9361031687829358 0
18.86238068072746 0.3811239439075367 0
18.77302970088918 0.2584281002670328 0
18.88193658071228 0.1981491337000487 0
18.87215863071987 0.2896365388037929 0
13.27061998774696 4.563358365791832 0
13.40316941136312 4.670653581055141 0
13.31211672456984 4.77751891998816 0
13.17956730095368 4.670223704724851 0
13.2913683561584 4.670438642889996 0
0.1316003090504303 1.506059894013368 0
0.2890405936552014 1.651099243936626 0
0.1574402846047711 1.770039349923259 0
0.1445202968276007 1.638049621968313 0
7.281529559982713 0.5987704744746511 0
7.375442485649809 0.6735844897204215 0
7.302585281170998 0.7495226402247672 0
7.208672355503903 0.6747086249789969 0
7.292057420576856 0.6741465573497092 0
14.07487787036004 0.7753515728213043 0
14.14794081637935 0.6758061451666917 0
14.21434532696063 0.8611322949854041 0
14.18114307166999 0.7684692200760479 0
14.09248612446367 4.020749993047051 0
13.99434777949923 4.136895327867012 0
13.86731239524626 4.038423730460924 0
13.9654507402107 3.922278395640963 0
13.97989925985497 4.029586861753987 0
7.275534906228779 0.103156645984309 0
7.516909773645643 0.1002861838988887 0
7.396222339937211 0.1017214149415988 0
12.63556466247309 0.1955671368915244 0
12.50511216737456 0.09743638071393024 0
12.75545249509853 0.0981307561775937 0
12.63028233123654 0.09778356844576219 0
19.72507502600667 2.412943914249288 0
19.87271746218299 2.262578736397628 0
19.85235756382369 2.52536517785166 0
19.86253751300334 2.393971957124644 0
0.1079078254436716 2.50950522637681 0
0.1120289525167486 2.268626270616178 0
0.219936777960422 2.403131496992988 0
0.1099683889802101 2.389065748496494 0
2.849175751985138 1.881265573267726 0
2.688827448378824 1.97365886972821 0
2.758696378430768 1.749522292737669 0
2.723761913404797 1.861590581232939 0
5.270977421481627 4.617667647297811 0
5.130664352028525 4.766419646257814 0
5.127621584378153 4.513063235793471 0
5.129142968203339 4.639741441025643 0
14.92087214748965 2.954785824837151 0
15.06814617961419 3.04141714101587 0
14.95970976311705 3.046966729133583 0
8.500629164518893 0.1071503270360017 0
8.376705097750261 0.1054437922444587 0
11.64482018757115 0.1756396687886381 0
11.51553345335748 0.08810878588337534 0
11.75428673421368 0.08753088290526279 0
11.63491009378558 0.08781983439431906 0
18.64986099751448 2.565862906718386 0
18.56177510959657 2.567301507942954 0
3.389699899861427 4.774133859694263 0
3.257064231674805 4.88624995523317 0
3.382349949930713 4.887066929847132 0
7.316915469637022 2.138137943584331 0
7.461368444533083 2.050196642890104 0
7.555731068131886 2.141778731148363 0
7.436323268884454 2.139958337366346 0
12.44272963326588 2.119329362243008 0
12.5429114569784 2.030376119002225 0
12.68890373047669 2.140766788601807 0
12.56581668187129 2.130048075422407 0
1.295968519046713 2.39879652535395 0
1.346749907954862 2.304324047009905 0
1.37389901378833 2.378276018606722 0
1.805866712335204 4.019989939557194 0
1.718719511016303 3.899942325284227 0
1.860770327587913 3.803445207100015 0
1.833318519961558 3.911717573328604 0
18.49981814738516 4.896810445191389 0
18.62069737671435 4.790987147479527 0
18.7458792293292 4.894176702288138 0
18.62284868835718 4.895493573739763 0
7.570946044268226 0.4914062939010133 0
7.47727874716661 0.5869588993135284 0
7.359651071491297 0.496039624625022 0
7.465298557879761 0.4937229592630175 0
1.232261484177982 4.891322077053507 0
1.334310995255045 4.780430284165467 0
1.477049511077063 4.88910820711196 0
1.354655497627522 4.890215142082734 0
0.5903574857963783 4.790723312189646 0
0.4338935612001968 4.691089648239263 0
0.5399718514524245 4.578602662707452 0
0.6964357760486095 4.678236326657835 0
0.5651646686244032 4.684662987448549 0
9.01637499779034 0.8481429087644865 0
9.119163633785005 0.9045369024614311 0
9.065940519288944 0.9843073892566183 0
9.041157758539642 0.9162251490105524 0
6.391862188459129 4.79317638715037 0
6.506796749616259 4.897336251780087 0
6.26006543884287 4.895840135370284 0
6.383431094229564 4.896588193575185 0
1.577217799659046 1.429454491600316 0
1.45631321133569 1.341253892644571 0
1.530951736322038 1.246376280429071 0
1.651856324645392 1.334576879384816 0
1.554084767990542 1.337915386014694 0
18.84371572052185 2.564999726060555 0
18.95169888677326 2.472044070917788 0
19.04551595274106 2.562871935780291 0
18.94461583663146 2.563935830920423 0
5.824136630780516 2.861198484282721 0
5.83987663811917 3.020615010843957 0
5.72704922132345 3.058798526736489 0
5.711309213984796 2.899382000175254 0
5.775592926051983 2.959998505509605 0
4.63274040972914 4.798857941070907 0
4.507938152637749 4.902249324163083 0
4.62887020486457 4.899428970535453 0
4.1711364067655 4.770402431228296 0
4.270975168571653 4.89959982368052 0
4.14806820338275 4.885201215614148 0
12.50013448406386 1.768745399505121 0
12.36931109825007 1.717066310418537 0
12.40660638747455 1.623707884775848 0
12.53742977328834 1.675386973862433 0
12.45337043576921 1.696226642140485 0
7.503662051187487 1.560876277843932 0
7.655414884461497 1.516567030519095 0
7.704421787377039 1.625171224967954 0
7.552668954103029 1.669480472292792 0
7.604041919282263 1.593023751405943 0
8.865467834570076 4.77608481598563 0
8.996603928677375 4.889331980379817 0
8.743863905892701 4.886752835605813 0
8.870233917285038 4.888042407992815 0
13.8405441685153 3.831328859693245 0
13.92856784211623 3.72284191706039 0
14.05347441381163 3.813791453008108 0
13.94700929116346 3.822560156350677 0
1.733332943561093 3.722516945457316 0
1.837826569979423 3.710772417714705 0
12.02926043965253 3.672292100652955 0
11.99274278335326 3.820321230216017 0
11.81973407298821 3.706988256036242 0
11.92449725632037 3.689640178344598 0
14.54148428907598 2.870467931979048 0
14.46145043851682 2.974995351106233 0
14.30815510697481 2.874807387284596 0
14.42481969802539 2.872637659631822 0
8.750107112841851 0.1120531222717007 0
9.003351058806958 0.1195141042440833 0
8.876729085824405 0.115783613257892 0
13.37707615029678 4.456266569741654 0
13.25992791684615 4.451992268593638 0
14.52483621332644 0.4424377472269119 0
14.36575258790809 0.3362295518106118 0
14.45039187766254 0.2242176455560756 0
14.60947550308089 0.3304258409723757 0
14.48761404549449 0.333327696391494 0
14.01110784836406 1.646669589581164 0
13.85558742804063 1.552066684585159 0
13.93585639235229 1.449204177259741 0
14.09137681267572 1.543807082255745 0
13.97348212035817 1.547936883420452 0
19.88161043807079 2.022805310517803 0
19.88207151119303 1.919403392350815 0
0.123891602951403 2.027166559753587 0
0.1406659437780871 1.898602954838423 0
17.04368271637327 4.898134424957294 0
17.27638054287999 4.891260263541215 0
17.16003162962663 4.894697344249254 0
18.65809676310585 1.310043194675721 0
18.78752150345996 1.410759714393016 0
18.67036803763107 1.413729426552279 0
19.62198366737167 3.981841791081085 0
19.73702310290302 4.117420708203171 0
19.5782094728393 4.234564000046876 0
19.46317003730794 4.09898508292479 0
19.60009657010548 4.108202895563981 0
13.62246253970432 3.186677495027348 0
13.55584074081937 2.988279825499338 0
13.68679329716642 3.077645488617744 0
13.58915164026184 3.087478660263343 0
15.64106326998472 4.788094846720226 0
15.75602322088403 4.898609628347149 0
15.63303163499236 4.894047423360113 0
9.404773859645935 0.2432260881709816 0
9.564218836344297 0.355103431450118 0
9.4247181256431 0.3743008914143893 0
0.9704092006679925 3.608922373874947 0
1.096808518679113 3.675457527487042 0
1.033400728764665 3.774774609811106 0
0.9070014107535442 3.708239456199011 0
1.00190496471633 3.691848491843027 0
4.863846437380738 2.860089706870819 0
5.077639690488533 2.863383078619436 0
4.970743063934636 2.861736392745128 0
18.75327317357246 2.476595645236209 0
18.74678835901817 2.565431316389471 0
5.645451215758365 3.253394598313263 0
5.598423574689186 3.129293576780106 0
5.686250218540907 3.156096562524876 0
13.08067618668926 4.779942770523747 0
12.9433127315269 4.670230187734337 0
13.06144001624029 4.670226946229594 0
7.370459803361921 4.779945560675985 0
7.498165113418239 4.888340608446017 0
7.247294689943684 4.891604952229969 0
7.372729901680962 4.889972780337993 0
19.49825412276608 0.1168761726992802 0
19.24583115257123 0.1120437946335699 0
19.37204263766866 0.1144599836664253 0
16.42005391570439 3.481734176555799 0
16.4869013771198 3.402858255670918 0
16.58561323253896 3.464698244613468 0
16.51876577112355 3.54357416549835 0
16.50283357412167 3.473216210584634 0
8.611262980316429 4.776390392613991 0
8.492399074423728 4.889637557008178 0
8.618131490158214 4.888195196306996 0
12.12866788652454 0.1891575459134454 0
12.00080068974718 0.09285089608246855 0
12.25286719677736 0.09630664983097681 0
12.12683394326227 0.09457877295672246 0
7.891655738862005 0.2013424749172978 0
7.760666539387051 0.100009413902808 0
7.883327869431002 0.1006712374586489 0
18.7527718036799 2.295998892716661 0
18.85221439661273 2.381514454271783 0
18.75302248862618 2.386297268976435 0
13.00532231892409 3.338494115448667 0
13.03602503525086 3.208679472022793 0
13.16328384768204 3.247493905734463 0
13.08430308330307 3.292994010591565 0
0.6068957628458129 0.2356106225554124 0
0.5739888054630207 0.4662346121721903 0
0.4647700416926419 0.3444791792175335 0
0.5904422841544168 0.3509226173638011 0
0.4120256398218309 4.13188094320792 0
0.2688840486599311 4.055520792914677 0
0.3721932215403747 3.912702305649264 0
0.3921094306811028 4.022291624428592 0
4.098321663161876 1.32608374381903 0
4.228506552400767 1.228086091853948 0
4.334650876144345 1.330212236577216 0
4.204465986905452 1.428209888542299 0
4.21648626965311 1.328147990198123 0
5.512517605365911 4.882771680611024 0
5.651781305899618 4.771850213028715 0
5.638390652949809 4.885925106514357 0
14.7697929458939 2.864776758846578 0
14.65563861748494 2.867622345412813 0
3.570522699896315 4.261480330814123 0
3.444152492313472 4.3487094977162 0
3.354507590694486 4.245319391824047 0
3.480877798277329 4.158090224921969 0
3.4625151452954 4.253399861319085 0
15.13966079272535 2.943715828864731 0
14.99532035337012 2.860289034147984 0
15.10596402080996 2.856997898511071 0
11.19595176470554 4.866593648238315 0
10.96674866726025 4.884010889092177 0
11.08135021598289 4.875302268665246 0
5.230338629991449 1.750898606213297 0
4.994563807433044 1.743459919225446 0
5.126170821788228 1.649209791002602 0
5.112451218712247 1.747179262719371 0
15.19628695281455 0.2207611654981183 0
15.35688629159806 0.3313534164754555 0
15.26677742547085 0.4417571775464015 0
15.10617808668734 0.3311649265690644 0
15.2315321891427 0.3312591715222597 0
14.68881740565244 3.345175292175068 0
14.48930611201306 3.283696442095322 0
14.5446605361144 3.189665882072864 0
14.74417182975378 3.251144732152611 0
14.61673897088342 3.267420587123966 0
5.021273251634566 1.546243393699074 0
5.15415163073996 1.451042799727568 0
5.259049200893621 1.554009197031095 0
5.140161226264094 1.550126295365085 0
7.106704363923811 0.3242386736975034 0
6.905789393930445 0.3650701234015115 0
6.972834369426838 0.2429213142000064 0
7.006246878927127 0.3446543985495074 0
15.77633301598659 1.537572110840922 0
15.8949998408637 1.484067701767922 0
15.97328304331685 1.578086791413396 0
15.85461621843974 1.631591200486395 0
15.87480802965172 1.557829451127159 0
1.791118125518905 4.737471707306928 0
1.949131132253587 4.856197048094071 0
1.716986993265317 4.881274659212856 0
1.833059062759451 4.868735853653464 0
0.1263981954982807 1.264408717063436 0
0.257998504548711 1.395468611076804 0
0.1289992522743564 1.385234305538402 0
16.59893434671925 2.847386198473754 0
16.79515856518744 2.854149483425354 0
16.65759939709778 2.931255713741697 0
16.69704645595334 2.850767840949554 0
15.16615416701204 1.60256291870906 0
15.01007865149798 1.513531400244082 0
15.07547929673202 1.404537042847857 0
15.23155481224608 1.493568561312835 0
15.12081673187203 1.503549980778458 0
19.86540967504619 1.463049874095793 0
19.87179351803041 1.224771874975539 0
19.8686015965383 1.343910874535666 0
1.669583377305401 4.08416699744198 0
1.870605053941084 4.14688265911248 0
1.734321718911279 4.211059716997267 0
1.770094215623242 4.115524828277231 0
7.188323253083374 0.214129392352592 0
7.241144799238396 0.415431447469949 0
7.214734026160885 0.3147804199112705 0
19.56205328891273 2.922034568560445 0
19.66737579880221 2.808761098194876 0
19.76712628216052 2.904356190357329 0
19.66458978553662 2.913195379458887 0
8.625736277360744 0.2192034493077029 0
8.625368138680372 0.1096017246538512 0
13.46221404432842 4.887569542643208 0
13.22490268024142 4.889949377344952 0
13.34355836228492 4.88875945999408 0
9.261341034741349 0.1239844886972592 0
9.132346046774153 0.1217492964706715 0
6.810046022572243 0.1319485678317234 0
7.037788346854596 0.110972746368283 0
6.923917184713419 0.1214606571000032 0
13.13099589578655 0.2064411026022372 0
13.00383781796218 0.1002387669018874 0
13.25215807782436 0.1062023357003499 0
13.12799794789327 0.1032205513011184 0
6.237965103061082 3.679623462405952 0
6.107382074530443 3.758845737067167 0
6.161223449425612 3.568035019367996 0
6.134302761978027 3.663440378217582 0
15.01178690139486 4.875719191380461 0
15.13614555410671 4.878576499364028 0
10.15329734217455 3.610123250068811 0
9.997329792640153 3.696957854423913 0
9.903196850854545 3.572143719207594 0
10.02824709651455 3.591133484638202 0
9.854667768501319 4.79011661026421 0
9.988482295098365 4.89476444851468 0
9.741185473402954 4.89535216174953 0
9.864833884250659 4.895058305132105 0
14.67852443243549 0.5447393560261053 0
14.59471105979275 0.651601638412058 0
14.44102284068371 0.5493000296128647 0
14.5597736365596 0.547019692819485 0
0.2359205554681534 2.170792830369765 0
0.1179602777340776 2.147896415184882 0
4.403913321209401 4.801849147843603 0
4.389456660604701 4.900924573921801 0
9.765902506159751 1.009539229840524 0
9.866180673946035 0.970141329763202 0
9.811237470465914 1.101122920195264 0
9.838709072205974 1.035632124979233 0
11.34856620263597 1.521345039193986 0
11.12631420580221 1.514972334013982 0
11.23744020421909 1.518158686603984 0
19.73560217116643 2.67107205440173 0
19.5628849788362 2.757868068082514 0
19.63111135120042 2.620179024289368 0
19.64924357500132 2.714470061242122 0
1.989598712641502 0.1182942978662549 0
2.243341998891775 0.1190494464504779 0
2.116470355766638 0.1186718721583664 0
1.737447881299294 0.1163883155203402 0
1.852046593940797 0.2346826133865951 0
1.863523296970397 0.1173413066932976 0
18.01116717832874 0.09976452453856055 0
18.27098873385476 0.123453224877963 0
18.14107795609175 0.1116088747082618 0
9.121209405730495 0.7956531748955848 0
9.231906217745099 0.8049705797176929 0
9.229860445799609 0.9138543072835394 0
9.175534925765051 0.8547537410895618 0
9.78588418824725 3.605225790927935 0
9.742652484396586 3.468766482258999 0
9.859965147003882 3.435684410538657 0
9.822924667625566 3.520455100733296 0
11.41415030620411 0.1850643103593184 0
11.27361685284663 0.09695552447594302 0
11.39457515310205 0.09253215517965918 0
7.638788156516346 0.1001477989008484 0
12.38297936415192 0.193743030544907 0
12.37898968207596 0.09687151527245375 0
19.87153204151606 3.995794457424708 0
19.7484226269884 3.869503408814615 0
19.87689058547235 3.748708951389907 0
19.8742113134942 3.872251704407307 0
17.12267240049708 2.884502474856284 0
17.31701671207233 2.860574226847643 0
17.2198445562847 2.872538350851963 0
7.699047015614962 2.060931511114731 0
7.673190495149072 2.14532577147866 0
12.29286437415628 2.028269141297923 0
12.32276519973655 2.128994586570256 0
11.88008742396085 0.1803817789877313 0
11.87754371198043 0.09019088949386544 0
7.121371551221333 4.787504571870718 0
6.999076861277651 4.895899619640749 0
7.123185775610668 4.893752285935359 0
14.85747690328878 1.420997657513582 0
14.93802620390076 1.617675695652053 0
14.78542445569156 1.525141952921552 0
14.89775155359477 1.519336676582817 0
1.556468369646364 3.86602526443358 0
1.663793761398837 3.807435097022904 0
1.611394119263828 3.958532492694903 0
1.637593940331332 3.882983794858903 0
5.204075358441635 0.3252590364685495 0
5.064322538932119 0.4284565201619195 0
5.079767201367027 0.3218922433041533 0
16.40498402734429 1.768166392066286 0
16.35473123901205 1.888633772174177 0
16.21878776012224 1.817664858506731 0
16.26904054845448 1.697197478398839 0
16.31188589373327 1.792915625286508 0
19.70670020476888 1.528184291430327 0
19.85335010238444 1.576592145715163 0
14.2222329384894 2.97854546246036 0
14.19119789945158 2.874412715308885 0
18.8409355107191 2.0050479112722 0
18.74131184291388 2.109406332838396 0
18.73240149297986 2.013015505842826 0
6.016843541421229 1.603970750289113 0
6.168542164009496 1.476453397811556 0
6.282986200147565 1.579541707420811 0
6.131287577559299 1.707059059898367 0
6.149914870784397 1.591756228854962 0
16.77452006360709 0.4145836544100483 0
16.61558696939841 0.3157975541697451 0
16.69938702845863 0.2079944769352498 0
16.85832012266731 0.306780577175553 0
16.73695354603286 0.311289065672649 0
19.88324460734275 2.77070687655007 0
19.86780108558322 2.648036027200865 0
8.846897432437803 1.314573338052343 0
8.636147006257927 1.333405910404611 0
8.741522219347866 1.323989624228477 0
13.81001147485133 3.638179198266031 0
13.89020827787196 3.537827180751784 0
14.00876464513686 3.622489899546143 0
13.90938805999409 3.630334548906087 0
7.748931462653256 4.889974873431152 0
7.623548288035748 4.889157740938584 0
8.361593732157072 4.782388638174565 0
8.244194657733344 4.892751081166388 0
8.368296866078536 4.891194319087283 0
11.74056385717449 4.891776968928275 0
11.50771440127936 4.903999436944258 0
11.62327825845385 4.795776405872533 0
11.62413912922693 4.897888202936267 0
0.3207631566805524 2.527104047043887 0
0.3301741879707905 2.304867740307523 0
0.4310005666909209 2.428840290358422 0
0.3254686723256714 2.415985893675705 0
0.1073525232175196 2.751595650873436 0
0.215260348661193 2.636100877250247 0
0.1076301743305947 2.630550438625123 0
10.21556452892971 1.000077118567726 0
10.30726701499654 1.103113552303739 0
10.20346090969108 1.096540851077688 0
1.569036504342382 4.770382866324816 0
1.597018252171189 4.885191433162408 0
16.75830052707214 1.829019533767041 0
16.89325263840617 1.92120673856358 0
16.80404388209628 2.029434332405693 0
16.66909177076225 1.937247127609154 0
16.78117220458421 1.929226933086367 0
14.88255664963201 2.862532896497281 0
17.17324705761477 2.119305085172358 0
16.93649922998215 2.126631984440346 0
17.03596263333297 2.016217037770115 0
17.05487314379846 2.122968534806352 0
17.8745798903314 0.9485588137757186 0
17.73672146585432 0.8612295836757369 0
17.8201631666639 0.7566135434935803 0
17.95802159114097 0.8439427735935618 0
17.84737152849765 0.8525861786346494 0
4.460899159391196 0.3121464946176857 0
4.325161338205668 0.4152444330314697 0
4.337541540680536 0.3116279543504445 0
6.288464286125357 3.493140563285172 0
6.088488146799607 3.456811369233443 0
6.215728983499352 3.381916913150619 0
6.188476216462482 3.474975966259307 0
5.292227959516403 2.869116343666968 0
5.149053992112409 2.962219454128993 0
5.184933825002468 2.866249711143202 0
4.521661788227783 1.733849075624277 0
4.285570036295762 1.730146451297227 0
4.415925260256612 1.632359839546351 0
4.403615912261774 1.731997763460752 0
5.256132369825707 4.879846981790026 0
5.127832176014262 4.883209823128908 0
7.156661626541688 0.107064696176296 0
12.88429031306072 0.1983695230794815 0
12.87964515653036 0.09918476153974076 0
14.78578802728677 0.1101963406010689 0
14.69760644702907 0.2209634803375784 0
14.5368184197423 0.1107671397365095 0
14.66130322351454 0.110481740168789 0
12.76875997637846 0.2932599108898373 0
12.51808357124602 0.2927448562693327 0
12.64342177381224 0.2930023835795845 0
1.429092490845981 1.461436698416936 0
1.337799430385125 1.320516601095474 0
1.383445960615553 1.390976649756205 0
13.58655873102692 3.460643283361383 0
13.48239901810175 3.536875652553305 0
13.40355728114385 3.449527283099956 0
13.50771699406902 3.373294913908034 0
13.49505800608538 3.45508528323067 0
11.82700204166901 3.918644277873935 0
11.68134648058127 3.910479585919864 0
11.75054027678474 3.808733920978053 0
11.34405662942083 3.764989460804328 0
11.38600595355998 3.561271252226329 0
11.36503129149041 3.663130356515329 0
16.28904223911904 0.1085974932252949 0
16.20242102897628 0.2192804300833688 0
16.03837878985724 0.1106829368580735 0
16.16371051448814 0.1096402150416846 0
1.488188436789581 0.1141399204927325 0
1.600636318088874 0.2305282360130727 0
1.612818159044437 0.1152641180065364 0
2.745431509825753 0.1094603706504396 0
2.993772352276601 0.1073761027998081 0
2.864203862102354 0.2168364734502477 0
2.869601931051177 0.1084182367251239 0
5.422841388150717 4.506451546408089 0
5.545513941860708 4.651402561511327 0
5.393649975191618 4.762618662401049 0
5.408245681671167 4.634535104404568 0
12.70135807087198 1.36825465767654 0
12.85850441748716 1.440909566496237 0
12.79493823088121 1.5461412322644 0
12.63779188426603 1.473486323444704 0
12.7481481508766 1.45719794497047 0
7.38186236626038 1.448901751423221 0
7.265505541181822 1.503361158290324 0
7.212633362109487 1.416895910271851 0
7.328990187188045 1.362436503404747 0
7.297247864184934 1.432898830847536 0
10.52716593088669 1.112662062633736 0
10.65634998579528 1.020407950816778 0
10.75585630433259 1.123056237683798 0
10.64151111760964 1.117859150158767 0
1.041874651092453 3.977954133593793 0
0.9300571424695612 3.894028592437599 0
1.037637689928559 3.87636437170245 0
9.610142882719149 4.790586760528585 0
9.493957409316195 4.895234598779055 0
9.617571441359575 4.895293380264292 0
1.426894716705089 2.822994239781463 0
1.296403197925127 2.73880482865402 0
1.399226092470295 2.722824822790627 0
17.00251452190271 2.85536559275026 0
16.84963671327746 2.939235108018203 0
16.89883654354507 2.854757538087807 0
1.706968609157563 2.822326960360472 0
1.542044282010687 2.893219604745194 0
1.624506445584124 2.857773282552833 0
2.882574682444696 4.545981595682767 0
2.883974178028363 4.77775940890673 0
2.75649364017884 4.680030111963535 0
2.883274430236529 4.661870502294748 0
2.818971333249713 2.111016283470263 0
2.950592237881104 2.000352861413782 0
3.057837250367442 2.119056609786107 0
2.938404291808578 2.115036446628185 0
11.30861338461594 4.907088119850862 0
11.4413277858953 4.81108755679512 0
11.40816389294765 4.90554377839756 0
8.737843826079363 0.7516355781809176 0
8.848220714112117 0.6639036626939745 0
8.954684979124497 0.7610169714030397 0
8.84626440260193 0.7563262747919786 0
14.28641658118816 0.4549778320539843 0
14.12339918148584 0.3535385691681747 0
14.20273518820577 0.2347902889248021 0
14.24457588469697 0.344884060489393 0
4.074450244271749 1.526068188443191 0
3.945444455986011 1.623609531095609 0
3.840706059138169 1.521265269723599 0
3.969711847423907 1.423723927071181 0
3.957578151704959 1.523666729083395 0
4.783784067887503 1.539930323170796 0
4.652423405362327 1.63686352248883 0
4.546657203579331 1.534770031058455 0
4.678017866104508 1.437836831740422 0
4.665220635733418 1.537350177114626 0
9.911752348178238 0.2181477610546301 0
9.769613585782853 0.111428953828177 0
10.01713876239539 0.1067188072264527 0
9.893376174089118 0.1090738805273146 0
10.65304555020098 0.2078456104566921 0
10.51324114114987 0.1039052389112602 0
10.76480440905111 0.1039403715454319 0
10.63902277510049 0.1039228052283461 0
0.7417716015977547 0.1190243848498769 0
0.9955673272961629 0.1176833033396734 0
0.8686694644469579 0.1183538440947749 0
18.99735070278 0.1032823980953088 0
19.12159092767561 0.1076630963644392 0
9.663046410687439 0.2306705533018993 0
9.518432824904588 0.1192415994737224 0
9.64402320534372 0.1153352766509497 0
10.40272479697857 0.2084253199986081 0
10.2644836558287 0.1045200810873474 0
10.38886239848929 0.1042126599993036 0
11.02045883950125 0.1031721625474553 0
11.14703784617394 0.1000638435116992 0
10.42983350614337 1.010245675979758 0
10.41721647294162 1.107887807468737 0
12.98077350644784 4.889993393178795 0
13.10283809334463 4.889971385261873 0
17.22548381794759 3.787648297533835 0
17.3662050893198 3.915897397153646 0
17.29584445363369 3.85177284734374 0
10.75505084033463 2.961002132912139 0
10.64058197105611 2.865197898504754 0
10.86064118405625 2.866084202564795 0
10.75061157755618 2.865641050534775 0
17.76842415408584 0.0960304973474928 0
17.88979566620729 0.09789751094302668 0
13.51953506772356 4.754568597917304 0
13.68232102339514 4.866999055274096 0
13.57226753386178 4.877284298958651 0
9.389886929822968 0.1216130440854908 0
9.372024303044531 0.9490378521731206 0
9.390445912986696 0.813939395646778 0
9.53548362452816 0.8420605808679751 0
9.517062014585996 0.977159037394318 0
9.453753963786346 0.8955492165205481 0
18.92936098576563 1.709921887606158 0
19.04912162867698 1.801143833239043 0
18.94546543740829 1.902558537681716 0
18.93741321158696 1.806240212643937 0
14.17167702623852 1.442126298793986 0
14.32561345197403 1.538140559495411 0
14.24531323841123 1.63982134295717 0
14.20849513232487 1.540973820875578 0
6.318939475491019 3.786790355905008 0
6.365016745202734 3.599673910177991 0
6.341978110346878 3.6932321330415 0
18.99285715984652 4.889954892745699 0
18.86373638917571 4.784131595033837 0
18.86936819458786 4.892065797516919 0
13.77886438905956 1.351812235718586 0
13.86198138040944 1.24656368435838 0
14.01897338370216 1.343955625899535 0
13.89891888638086 1.347883930809061 0
6.062780990762069 1.348478512392955 0
6.227167523827982 1.247616474807079 0
6.332928697075409 1.375591360225681 0
6.197854843918739 1.362034936309318 0
0.2449130604869847 3.823450519092893 0
0.1263553621633804 3.970236803156452 0
0.1185576983236043 3.728213715936441 0
0.1224565302434915 3.849225259546447 0
16.94418197271451 0.2026028692001907 0
17.0992511721546 0.2997430795482154 0
17.0133893221074 0.4039207875235782 0
16.97878564741096 0.303261828361884 0
19.10932408136188 4.774331316718761 0
19.24146692151536 4.884376423973062 0
19.11716204068094 4.887165658359381 0
1.090733336303177 4.783436443081511 0
0.9834718521251968 4.892114366028005 0
1.107866668151591 4.891718221540756 0
6.490641127071438 0.09863011558771095 0
6.692627485433514 0.09465628058233211 0
6.558268612504951 0.1932863961700431 0
6.591634306252475 0.09664319808502153 0
13.37957628452212 0.2225968800543807 0
13.50241820669776 0.1163945443540308 0
13.37728814226106 0.1112984400271904 0
6.912287655946447 2.860533006255825 0
7.134716023711798 2.855621818051084 0
7.023501839829122 2.858077412153454 0
17.51900053753907 4.892152645575713 0
17.42038108041907 4.783412909116928 0
17.39769054020953 4.891706454558464 0
15.08255401154084 0.6623043381972846 0
14.92338095057205 0.5488282565887959 0
15.01621068337844 0.4407418731095967 0
15.17538374434723 0.5542179547180854 0
15.04938234745964 0.5515231056534406 0
10.49441275631256 3.736066718839204 0
10.38702557593362 3.629651051848847 0
10.50038825434365 3.635526499066993 0
5.505678614679889 2.878613475161953 0
5.353800066180947 2.97744985067151 0
5.398953287098146 2.87386490941446 0
13.69997721650457 1.460822973816557 0
13.54248851094207 1.369935661483245 0
13.62137568349706 1.260924923385274 0
13.66067645000082 1.360873948600916 0
6.479234343067303 1.280204165694932 0
6.565445684049436 1.383548887915708 0
6.419140038057541 1.478936082446456 0
6.449187190562422 1.379570124070694 0
5.939514003977458 2.954449748555448 0
6.006069581457922 2.863531232430137 0
5.915103106119219 2.862364858356429 0
18.32851916951868 2.166505578988856 0
18.3496336244122 2.253897148028989 0
19.15362443981629 3.355857240628918 0
19.27017170088755 3.438889202818131 0
19.17818316652128 3.552341796400601 0
19.16590380316878 3.454099518514759 0
15.65743186427307 1.58819571805248 0
15.79941163867046 1.709030669394529 0
15.56896482577804 1.677865749793992 0
15.68418823222425 1.69344820959426 0
10.86999822406161 3.059795583832658 0
10.75695195356954 3.154658029839245 0
10.64200456984256 3.055864578918725 0
10.75600139695208 3.057830081375692 0
6.40470174415991 3.89456729848273 0
6.275432135401338 3.978766411809585 0
6.189669866732449 3.870989469231862 0
6.29718580544618 3.882778383857296 0
5.384324987595809 4.881309331200525 0
6.147878285331585 4.789031576931338 0
6.136439142665792 4.89451578846567 0
0.1330102403194076 1.027854075403382 0
0.1570826144469137 0.7992853858856419 0
0.1450464273831606 0.9135697306445123 0
1.172143072281504 2.534185542570049 0
1.175075035983213 2.388986196993714 0
1.234055795664109 2.466491033961999 0
13.69597643266846 3.546865171957831 0
13.72558185295608 3.735333670742584 0
13.61154681077321 3.644019644434385 0
13.71077914281227 3.641099421350208 0
10.91026324855236 0.2071125340928872 0
10.89263162427618 0.1035562670464434 0
3.087070155645449 1.900519316938404 0
3.219413836533175 1.799933490898817 0
3.321832443530454 1.912125578460376 0
3.189488762642727 2.012711404499963 0
3.204451299587951 1.90632244769939 0
10.72632420794383 4.889803844162748 0
10.81807287520409 4.773814733254925 0
10.84653643760204 4.886907366627463 0
5.859805436396074 1.709260644730138 0
5.746634836144357 1.578063085078942 0
5.903672941169512 1.472773190637917 0
5.881739188782793 1.591016917684028 0
5.549588470526523 3.007715507179796 0
5.608493914332342 2.888997737668603 0
4.310113915597221 1.530317819598909 0
4.180098172963518 1.628176119499801 0
4.192282079934484 1.52819300402105 0
18.57977270765116 3.993955755369957 0
18.6943595130315 4.082632077868777 0
18.59365213250047 4.186289467909011 0
18.47906532712012 4.097613145410191 0
18.58671242007581 4.090122611639484 0
10.97849699887377 2.958879039050774 0
11.07941389327379 2.863074804643389 0
10.97002753866502 2.864579503604092 0
8.486368972901653 0.7552777277072222 0
8.610241113119434 0.8619320600538318 0
8.612106399490507 0.75345665294407 0
11.86379785049489 4.887077803378041 0
3.293923739458694 2.123374826556445 0
3.175880494913068 2.121215718171276 0
10.26037696533293 3.722563830604055 0
10.27016145905408 3.619887150958829 0
18.56391982917887 3.803686643891017 0
18.57184626841502 3.898821199630487 0
10.15662241822409 0.2112388883138006 0
10.14081120911204 0.1056194441568996 0
3.244381270211501 2.935463093273213 0
3.127375424204866 2.854159505700075 0
3.324397773964273 2.851583555730548 0
3.22588659908457 2.852871530715312 0
0.1297042179088432 1.14613139623341 0
19.87369296712992 0.9821564226250095 0
19.87274324258016 1.103464148800274 0
18.37586355374383 4.198006712024686 0
18.26371266934283 4.107682463951302 0
18.37138899823147 4.102647804680746 0
0.3145123604026168 4.610918168401301 0
0.1140121236276954 4.56683642896972 0
0.1723787410951232 4.445218479045705 0
0.3728789778700445 4.489300218477286 0
0.24344555074887 4.528068323723502 0
10.13851920045446 3.823655685762333 0
10.01197897342899 3.934474897813508 0
9.870789565614686 3.807777066475088 0
10.00465438303457 3.815716376118711 0
6.252443876446911 0.1112029079547927 0
6.126577952759627 0.2313296794825357 0
6.125788976379814 0.1156648397412678 0
14.63326126943953 1.430546527199979 0
14.70925395150545 1.62720393364225 0
14.55709076525341 1.532608507920676 0
14.67125761047248 1.528875230421114 0
16.78603431801034 0.102498053077694 0
17.03314765470417 0.1001048161224962 0
16.90959098635726 0.1013014346000949 0
8.88965757967572 2.85810875903398 0
9.105137150021889 2.880776927273693 0
8.971708524348212 2.968605718150262 0
8.997397364848805 2.869442843153836 0
14.40443791704822 1.436837494969164 0
14.47826630017922 1.633911572446923 0
14.44135210861372 1.535374533708043 0
10.86630586948249 3.256474001901466 0
10.63676902917538 3.248492979772752 0
10.75153744932894 3.252483490837109 0
15.09412837078682 1.713681807686969 0
14.86431038047453 1.723520990723341 0
14.97921937563067 1.718601399205155 0
19.07873906755655 3.663317305869284 0
18.9824816449825 3.769444713144124 0
18.97465915865362 3.672450848413257 0
14.48498754699622 1.336977874945468 0
14.56220989899811 1.23694112097121 0
14.71048362144141 1.330509773225721 0
14.59773558421882 1.333743824085595 0
14.78307760214757 1.230166728883262 0
14.93007088399494 1.320654613171123 0
14.82027725271817 1.325582193198422 0
5.048480518674106 1.347761353054815 0
5.181443298587403 1.252245383807748 0
5.287114410653256 1.355526830480501 0
5.167797464663681 1.351644091767658 0
14.10229164338234 1.242956542393582 0
14.25499528591869 1.341127215288032 0
14.13698433481043 1.342541420593784 0
8.245273090628444 0.7123697656483476 0
8.373904747452205 0.6273182137651516 0
8.357737316077895 0.840329279590418 0
8.36582103176505 0.7338237466777846 0
0.7955610153766148 3.41398930921228 0
0.6800656672444454 3.297072215696936 0
0.8056122545587705 3.287540751135796 0
11.6480824819057 0.6092314385424946 0
11.82369117952544 0.5650833033443652 0
11.88704941371908 0.6711512843680025 0
11.71144071609933 0.7152994195661317 0
11.76756594781239 0.6401913614552486 0
3.242543051730539 0.1061795602582887 0
3.11131540400714 0.2135556630580968 0
3.11815770200357 0.1067778315290484 0
4.572068606546525 1.334986525510398 0
4.704161016161604 1.23792132874765 0
4.810110275719587 1.340771634977673 0
4.691089441133055 1.337879080244036 0
15.27974043772852 1.374038538650548 0
15.13849478295625 1.303502968690246 0
15.18316107066618 1.197226320101878 0
15.32440672543846 1.267761890062181 0
15.23145075419735 1.285632429376213 0
17.18758078492365 0.198226638678288 0
17.27943313021948 0.09812182255579227 0
17.15629039246182 0.09911331933914447 0
4.465873623770928 1.232470750976602 0
4.440845858919941 1.432728011111013 0
4.453359741345435 1.332599381043807 0
12.86518255415053 2.866383718699335 0
13.05980401268335 2.89799355852228 0
12.90495419202114 2.994097309064204 0
12.96249328341694 2.882188638610807 0
5.917592243405316 3.033973094872425 0
5.498875056582886 1.563882748987699 0
5.363372932490074 1.659001912281883 0
5.394551324986433 1.458890033736912 0
5.378962128738253 1.558945973009397 0
3.366972257148895 0.1056643282099046 0
16.53835271044829 0.1054964238575558 0
16.66219351422932 0.1039972384676249 0
14.2105334473512 0.565015391006632 0
14.32577814401745 0.5571577103097485 0
5.602836065039689 1.675311955565558 0
5.642673827687553 1.466633878501083 0
5.622754946363621 1.570972917033321 0
10.93485705863425 3.750117391077808 0
10.95003571851011 3.555402292351797 0
10.94244638857218 3.652759841714803 0
3.22816400436521 3.436757307146211 0
3.305393395535429 3.529177420502592 0
3.197737330532123 3.599968238556552 0
3.120507939361904 3.507548125200171 0
3.212950667448666 3.518362772851382 0
5.528072468765003 1.362466727048532 0
5.420635554431826 1.259103523792122 0
5.407593439709129 1.358996778764517 0
4.889265056073549 1.642259166764052 0
4.91579226344852 1.443914550105819 0
4.902528659761034 1.543086858434935 0
9.581248473499512 2.876531071171542 0
9.518744967336234 2.964634993596281 0
9.391354226543202 2.85838389058215 0
9.486301350021357 2.867457480876846 0
16.70527242493072 2.132522379807936 0
16.48316179377095 2.138620630429195 0
16.58676232733244 2.041422978394541 0
16.59421710935084 2.135571505118565 0
3.425051168362815 2.019674102196456 0
3.529455537534886 2.126019307482601 0
3.411689638496791 2.124697067019523 0
13.52769108591739 3.750675313837296 0
13.39854329324593 3.643531321956216 0
13.50504505200957 3.6437754831953 0
9.05951938706465 0.7085272375341378 0
9.037947192427495 0.7783350731493122 0
9.662642478150666 0.9908407433809359 0
9.673497361226618 0.8873073357210592 0
9.776757389235705 0.9060058221806471 0
9.719699933693185 0.9484232827807915 0
3.721494215187915 0.3126148752224633 0
3.589477632716804 0.418357507924263 0
3.598115518684612 0.313922055880242 0
0.1425286864965507 4.210283989758224 0
0.1344420243299655 4.090260396457339 0
15.5361675182693 0.1107049205966177 0
15.44687138467666 0.2211586376433035 0
15.28570386640736 0.1104537170466862 0
15.41093569233833 0.1105793188216513 0
2.985653669749484 1.781432028792348 0
2.968122953815294 1.890892445103065 0
14.99308637021916 1.219620539013511 0
15.03428283347559 1.312078790930684 0
4.942798530945174 1.244618437926669 0
4.929295397196848 1.344266494016244 0
15.03558308640719 0.1103074484514321 0
14.94637111369395 0.220503789052501 0
14.91068555684698 0.1102518945262507 0
2.088869180251426 4.250333328500266 0
1.936766058660597 4.312872266634537 0
1.979737117096255 4.198607993806373 0
6.342456695712051 3.310718134998478 0
6.24380935615765 3.289708227041526 0
16.82088582745644 2.129577182124141 0
19.86549106138696 4.246626250778462 0
19.86851155145151 4.121210354101585 0
9.300432472095686 2.860093983344024 0
9.167097653089636 2.970590942460305 0
9.202784811058788 2.870435455308858 0
15.45584270635993 1.455608651159693 0
15.40765708087748 1.57513867382198 0
15.343698759303 1.474588606236264 0
15.84019380146913 1.275564463114357 0
15.86759682116642 1.37981608244114 0
3.86423970754061 1.322074201968058 0
3.992849523278577 1.224434018715908 0
3.981280685351242 1.324078972893544 0
19.75432790025378 2.16038404691543 0
19.87716395012689 2.142692023457715 0
1.482377529989684 2.985800916921267 0
1.367227964684085 2.915575551957537 0
1.454636123347386 2.904397578351365 0
4.113594622481016 0.1038557387587278 0
4.860601750825464 0.1057267846190419 0
5.613510652320165 0.1157542514188821 0
6.368085003518349 0.2098330235425037 0
6.371542501759174 0.1049165117712518 0
13.64992480742102 0.2611827422744883 0
13.77250660072325 0.1447881979204571 0
13.63746240371051 0.1305913711372435 0
14.28857345792024 0.1134505058195661 0
14.41269593883127 0.1121088227780378 0
15.16064347640727 0.1103805827490594 0
15.78721241894804 0.1111012698226519 0
15.91279560440264 0.1108921033403627 0
12.95650601806946 3.45204804631565 0
13.03752095172399 3.641186945015113 0
12.89954790409072 3.577393559461187 0
12.99701348489672 3.546617495665381 0
14.04578883858244 1.046832981291557 0
14.19117524320672 1.146407854256827 0
13.95690523875805 1.143381669428311 0
14.07404024098239 1.144894761842569 0
14.42105209748085 3.793246203258919 0
14.58762290805971 3.767886024472007 0
14.61389004474241 3.911852257444552 0
14.44731923416355 3.937212436231464 0
14.51747107111163 3.852549230351736 0
2.42461292822609 1.992004587296455 0
2.560016579417805 2.092362618100536 0
2.439358755533714 2.110862309569522 0
5.891801211550318 3.416816135342673 0
5.990144679174962 3.436813752288058 0
10.90366227461749 1.510371556657055 0
11.03855542446433 1.423166308465554 0
11.01498824020985 1.512671945335519 0
2.795722984913546 3.284516013343181 0
2.705037336831528 3.318085812397371 0
2.664656319989421 3.19406799968657 0
2.730189652451483 3.239292006514875 0
18.52098791968862 1.205465994473517 0
18.62712628602039 1.092645328893993 0
18.76423512943762 1.197222529096196 0
18.64261152456312 1.201344261784857 0
2.123076913585779 0.9189315794774986 0
2.082791207147099 0.7897934586804838 0
2.198245439239063 0.7490907949503316 0
2.238531145677744 0.8782289157473466 0
2.160661176412422 0.8340111872139153 0
16.45239494956733 0.2140939170828506 0
16.41369747478367 0.1070469585414253 0
14.3355449158667 1.241267595264337 0
14.36999141645746 1.33905254511675 0
15.57876089430006 1.494964191154063 0
15.67754695514333 1.516268150997492 0
0.1097271007684579 0.683848923601462 0
0.1115005654519692 0.4800456248009852 0
0.1106138331102144 0.5819472742012237 0
13.29230136604062 3.291283547011735 0
13.40424563572937 3.311560317662045 0
13.34792932359223 3.370405415055845 0
19.49266985331015 4.879205999136218 0
19.35913677482552 4.76358242310928 0
19.36706838741276 4.88179121155464 0
13.93666833100878 0.2661279810256936 0
14.03916173028553 0.1213397831052365 0
13.90583416550439 0.1330639905128468 0
12.23359470091943 1.943327320091255 0
7.606736702778015 1.963701638712771 0
7.769390225640798 1.883219644415419 0
7.73421862062788 1.972075577765075 0
5.313355867745514 0.4399136556853551 0
5.329721936672366 0.3308222533981642 0
8.981387163384797 1.3985376472307 0
9.1070833841137 1.495355078352983 0
8.994983053714716 1.500357614718092 0
17.27609675728887 3.465069203003334 0
17.30687032613765 3.360608411636015 0
17.35307284020815 3.435084046523757 0
9.120205408234403 3.527712296817406 0
9.015780126775395 3.649151718221113 0
8.894343940404504 3.565430336026579 0
9.007274674319454 3.546571316421993 0
4.428385559588276 1.532543925328682 0
13.74907110311263 3.930139318006327 0
13.63410878755341 3.834144129055666 0
13.73732647803435 3.832736494374455 0
14.16644603547002 1.740940706912997 0
14.40040826799728 1.735588257027616 0
14.28342715173365 1.738264481970306 0
5.694996341626884 1.783735513476994 0
5.924964228627994 1.833170493707391 0
5.809980285127438 1.808453003592192 0
15.69837993721734 0.2218061904192692 0
15.66168996860867 0.1109030952096344 0
0.3149074275916739 4.280502468803929 0
0.1574537137958369 4.327751234401965 0
2.935819485860843 2.857788532195285 0
2.76004896654141 2.881486368022543 0
2.847934226201126 2.869637450108914 0
5.779046042927755 1.364043150071667 0
5.938154092520311 1.239748471826705 0
5.920913516844911 1.356260831232311 0
5.664444684005205 1.259875998619116 0
5.653559255846379 1.3632549385601 0
11.42403236660475 3.864606189519107 0
11.57246123615583 3.904101881309662 0
11.47044768802433 3.963290771410837 0
11.49824680138029 3.884354035414384 0
14.16386759410288 0.1173951444624013 0
4.570924379701665 0.4174366256718454 0
4.584419675878578 0.3133126476022134 0
1.512726099886169 1.501665897579966 0
7.164807986846742 0.8033191963035486 0
7.052617231904477 0.7618591198553002 0
7.13064479370419 0.7182838724171487 0
12.62807315848272 0.8774275602609878 0
12.71994948794584 0.7742807093827211 0
12.86954394837051 0.8603324588171279 0
12.77766761890739 0.9634793096953942 0
12.74880855342662 0.8688800095390576 0
16.29156934055878 2.139532544435969 0
16.40911512440785 2.048433143022574 0
16.38736556716487 2.139076587432582 0
1.525454908463196 4.556667811483498 0
1.409800047339738 4.458540371602183 0
1.505680702145666 4.357165011423098 0
1.621335563269124 4.455292451304413 0
1.515567805304432 4.456916411453299 0
15.35859640638268 1.156457297483351 0
15.49697623597628 1.219325395325833 0
15.46278655503205 1.330629987904663 0
15.41069148070737 1.243543642694007 0
14.85640371038506 0.3300807355930333 0
14.9812908985362 0.3306228310810488 0
8.343895340870928 4.573539015623174 0
8.47244712621265 4.674612792832834 0
8.352744536514001 4.677963826898869 0
6.517547272465418 1.57621111321746 0
6.381393434555442 1.676816738191815 0
6.400266736306492 1.577876410319135 0
13.77701291422177 1.655733820844833 0
13.62140270268572 1.564490110076231 0
13.73849506536317 1.558278397330695 0
5.305498698512231 2.043729596137862 0
5.331451346155445 1.854364352204811 0
5.318475022333838 1.949046974171337 0
15.52077372466606 1.412797089529363 0
15.76962979596481 0.4436742160408844 0
15.60764850846615 0.3314989904071677 0
15.73400486659107 0.3327402032300766 0
5.795486663654533 4.669401335227458 0
5.689219299615624 4.54895368371007 0
5.67050030275762 4.660401948369392 0
14.27343434778614 1.048893839563245 0
14.41780402044612 1.143753580570755 0
14.30448963182642 1.145080717413791 0
5.786306697375847 1.163916508601833 0
5.88275847428001 1.054790241643215 0
6.034605869424475 1.130622204868087 0
5.910456283400161 1.14726935673496 0
3.633367806362426 1.317464514725218 0
3.760122778597036 1.221138889911376 0
3.737484735305999 1.418399826781901 0
3.748803756951518 1.319769358346638 0
7.95500104454897 4.134236173379043 0
7.8468932423176 4.109965534069902 0
7.857605586669672 3.980568645860006 0
7.906303315609321 4.057402409619525 0
18.85089086600532 2.195279679112474 0
18.74704182329689 2.202702612777529 0
16.5317490921719 0.4285831168464389 0
16.69404711505628 0.5229882205980401 0
16.61683876237338 0.6385550581336001 0
16.45454073948899 0.5441499543819992 0
16.57429392727264 0.5335690874900196 0
2.888392029202393 1.665697293737475 0
2.78046474519859 1.65147427061007 0
16.7461296456622 3.462151090953205 0
16.65792374364685 3.530031666193039 0
16.67381913455431 3.396817669373635 0
16.66587143910058 3.463424667783337 0
3.660150333973219 2.024004356772964 0
3.765078786516454 2.127705081132953 0
3.64726716202567 2.126862194307777 0
14.40549760704407 3.425702401177613 0
14.370164627006 3.303276647643437 0
14.52463909205113 3.406122195629497 0
14.44740185952857 3.354699421636467 0
13.66705143100109 3.36706125736953 0
13.77646913264262 3.453283145965979 0
13.68151393183477 3.456963214663681 0
8.001088265699861 3.587111507227407 0
7.886167230463284 3.586209494481157 0
14.76827276643688 0.4395430962278306 0
14.73293960673297 0.3302532882827047 0
15.51766341538755 0.4416937692393192 0
15.4822674000321 0.3314262034413114 0
3.014886407719302 3.576463799711473 0
2.940066525744632 3.482328762460989 0
3.045688057387232 3.413413087949687 0
3.030287232553269 3.49493844383058 0
14.49675456084889 1.045614241508875 0
14.64116043940088 1.138801781909331 0
14.5294822299235 1.141277681240043 0
5.550871729722298 1.165486635347788 0
5.672733743092939 1.069527145330505 0
5.668589213549073 1.16470157197481 0
11.3284470877672 0.7660292091538126 0
11.48270429385388 0.6806374544862126 0
11.61027604980148 0.8061441748002292 0
11.46936156878434 0.7860866919770209 0
14.71775064886529 1.04215568185603 0
14.85966781161198 1.133520628829961 0
14.75041412550643 1.136161205369646 0
5.314528309913545 1.157662339804002 0
5.444764485204016 1.064045451359668 0
5.43270001981792 1.161574487575895 0
5.076394621763924 1.148533357891639 0
5.209479633090067 1.053950313887892 0
5.195461465838735 1.15309784884782 0
14.9322007282323 1.042420135162512 0
15.06561928683949 1.128520045346062 0
14.96264354922573 1.131020337088012 0
17.65230438005871 3.47568886390945 0
17.63359861942419 3.600966405689884 0
17.59103647953063 3.526260647104265 0
4.837267762244998 1.140571310871251 0
4.970863853063749 1.044486230836219 0
4.956831192004461 1.144552334381444 0
15.11388032004654 1.049988957525929 0
15.23142210387324 1.118695232281746 0
15.14852069535636 1.123607638813904 0
11.08583937209943 1.241494049363917 0
11.06219739828188 1.332330178914735 0
1.385450943055504 1.154251536383093 0
1.475377719413409 1.034965371378709 0
1.620878512679941 1.127090115424687 0
1.503164727867723 1.14067082590389 0
8.451064640972994 1.517011731538479 0
8.548358935979413 1.426912079633871 0
8.55815314979972 1.514544830919677 0
4.597994797657588 1.134259963169821 0
4.731101543740982 1.036909945293422 0
4.717631279951292 1.137415637020536 0
3.834793530147543 0.4156421865277755 0
3.844672084876818 0.3119314623502114 0
16.46288737833108 1.956444490447236 0
16.54521682176089 1.852268639661848 0
16.56598957454666 1.946845809028195 0
18.90679854521061 4.063019064684898 0
18.81007004355596 4.168599777359093 0
18.80057902912105 4.072825571276837 0
8.623580835042892 0.3269219333165676 0
3.895414267505759 2.026854860960546 0
4.000775352514783 2.128869811670183 0
3.882927069515619 2.128287446401568 0
16.28166570584041 0.4420637231719748 0
16.36855707234083 0.3268794797595449 0
16.24204336740835 0.3306720766276721 0
4.359251369335678 1.129454687959736 0
4.491372543222338 1.031243900152955 0
4.478623083496633 1.131857325564779 0
15.54547274793759 1.110936806219576 0
15.68909166585111 1.186227648838396 0
15.59303395091369 1.202776522082115 0
4.121674445774092 1.125862837978493 0
4.252419262709003 1.02723143408428 0
4.240462907554885 1.127658762969114 0
15.75577356447459 1.077237542767311 0
15.90687570009261 1.166574357043272 0
15.79798368297186 1.176401002940834 0
6.039860992098458 4.68087776754111 0
5.933271108730569 4.568009128789821 0
5.917673827876495 4.675139551384284 0
0.9739210026674296 1.74818070809357 0
0.9951651228993796 1.560256529543933 0
1.062772715185083 1.66436083065877 0
7.500861770792805 1.436835727296663 0
7.384662646655062 1.57294230197049 0
7.442762208723934 1.504889014633576 0
16.49207202086962 0.3213385169646452 0
5.410393314032845 3.088387468572941 0
5.459228418195508 3.209965538173251 0
5.504408444361015 3.108840522676523 0
0.4289416009318021 1.743292819916724 0
0.3803940702459947 1.508461141670743 0
0.4046678355888975 1.625876980793733 0
9.791830532971366 2.858844834498546 0
9.70383551008586 2.965095937512678 0
9.686539503235439 2.867687952835044 0
15.97312406171776 1.049428071112234 0
16.13010632985127 1.135683343944708 0
16.01849101497194 1.15112885049399 0
3.886129576267418 1.12326309768556 0
4.014954498762933 1.024691916948145 0
4.003902011020755 1.124562967832026 0
14.37840686547744 3.097515887760757 0
14.50305548731561 3.082330616589548 0
3.452739747817812 1.811923687379244 0
3.555958472650174 1.919472211115324 0
3.438895458090313 1.91579889478785 0
18.03788886921505 0.7354102014465118 0
17.9025955826266 0.6550137723796854 0
17.9784918597364 0.5530221845454879 0
18.11378514632485 0.6334186136123141 0
18.00819036447572 0.6442161929959997 0
17.52453178397463 0.09650782290022875 0
17.40198245709706 0.09731482272801006 0
2.496034411335385 0.114405754847136 0
2.620732960580569 0.1119330627487876 0
10.53340089390831 2.958018692227137 0
10.53084590630159 3.147224919255401 0
10.42224223036734 3.049379032563813 0
10.53212340010495 3.052621805741269 0
10.37888176785546 3.835035929155365 0
10.25702400297699 3.936127784313643 0
10.25870048415496 3.829345807458849 0
17.42864082425827 2.104826754432556 0
17.55351637696979 2.014288173038279 0
17.54970589706423 2.122004102440434 0
3.38591054703604 3.620095748536821 0
3.414623448768918 3.455920496672047 0
3.495140600269529 3.546838824706277 0
3.400266997902479 3.538008122604434 0
2.910752980013624 3.223195135051152 0
2.971030771578658 3.322509730128814 0
2.856000776478579 3.383830608420843 0
2.883376878246102 3.303512871735998 0
10.42360547395139 2.863100761879794 0
10.31752017918688 2.953228014579661 0
10.20931549265613 2.860407220857278 0
10.31646048330376 2.861753991368536 0
3.149331631678999 3.345727494553516 0
3.074674345870426 3.254824136732643 0
3.060181201628829 3.334118612341165 0
10.53209372250375 2.864149330192274 0
0.8103534501787912 4.567374309475637 0
0.9543536876264831 4.674967752227771 0
0.8404360134963014 4.785829769409969 0
0.8253947318375463 4.676602039442804 0
12.84064381076751 4.779350153741194 0
12.70489892537246 4.669489325134628 0
12.82410582844968 4.669859756434482 0
16.56170731309405 3.682344054218962 0
16.46101489246671 3.623384544670572 0
16.61945819175089 3.602533675046739 0
16.5402365421088 3.612959109858656 0
11.18025799353616 4.509132225210886 0
11.29706039186531 4.584409837044534 0
11.23123524579569 4.70479558294882 0
11.20574661966592 4.606963904079853 0
3.609327083779049 1.514735802815476 0
3.481497326187448 1.60838603298191 0
3.509307866839865 1.410570415456231 0
3.495402596513657 1.50947822421907 0
9.834920613731972 0.8339277691989517 0
9.924343898442302 0.8980632767815067 0
9.850550643839004 0.9020345494810769 0
9.240824755475725 1.372768535446311 0
9.362636105618964 1.479591039298811 0
9.234859744866331 1.487473058825897 0
16.98444082452231 1.808254212557984 0
17.01020172892764 1.91223562516405 0
15.20177684286577 3.913146597910574 0
15.11190733369964 3.981502648686125 0
15.04009859747496 3.893001915430117 0
15.12996810664108 3.824645864654567 0
15.12093772017036 3.903074256670346 0
12.02729674591591 0.7160021954127174 0
12.12793620329952 0.6032223697859429 0
12.31398005845591 0.6960437463567029 0
12.17063840218591 0.7060229708847101 0
18.28490126536976 1.221408562620101 0
18.38343853716748 1.108435610544069 0
18.40294459252919 1.213437278546809 0
10.314090754445 3.136906745145135 0
10.31580546681594 3.045067379862398 0
16.30872880409829 1.203498728240458 0
16.17116505871821 1.006313054483245 0
16.34978753296523 1.074128438778996 0
16.23994693140825 1.104905891361852 0
3.653976005385593 1.121651025735867 0
3.779982803055975 1.023775233510052 0
3.770052790826505 1.122457061710714 0
12.87688639667478 1.716721699351886 0
12.73016039012811 1.643954300656811 0
12.94166423742789 1.618908630959475 0
12.835912313778 1.631431465808143 0
10.14362313113076 4.042081815312761 0
10.03067653299338 4.153701164265034 0
9.899032375291602 4.046094246765781 0
10.02132775321118 4.044088031039271 0
14.78826639352713 1.826600591046802 0
14.86851097557795 2.027760810723469 0
14.82838868455254 1.927180700885135 0
0.9959619224258578 1.420467062617623 0
1.014274706890099 1.270361150898588 0
1.180477648656883 1.286041647918454 0
1.088219785541369 1.353254355268039 0
9.998380455887681 2.857983046117746 0
10.10384797427191 2.859195133487512 0
1.464132092999606 1.98138600283708 0
1.398504910836888 1.913600172296265 0
9.219000699869198 3.222316040205389 0
9.189596320809059 3.353800606079239 0
9.096365051068323 3.197889164504543 0
9.142980685938692 3.275844885291891 0
10.01698793005215 0.8143227613278712 0
10.11308486402694 0.9027060577110255 0
10.01871438123462 0.9003846672462661 0
2.981080681755023 0.3216858442879706 0
3.097461153468561 0.4266861067322516 0
3.104388278737851 0.3201208848951742 0
1.442172997527905 3.881306401294277 0
1.460762860064806 4.018942723714476 0
1.345498427252657 4.037860323137852 0
1.393835712390281 3.959583362216065 0
13.56478695866348 3.92128768762674 0
13.45836925702746 3.83781887240837 0
13.54623902229043 3.835981500732018 0
17.70077119989325 3.397874914104087 0
17.7971064729491 3.446767014637933 0
17.74863965311456 3.524580964443295 0
17.72470542650391 3.461227939273691 0
6.056067099311203 3.954776892855161 0
5.973779307109197 3.842633160690466 0
6.081724586920823 3.856811314961164 0
13.69826732381472 4.694085719951067 0
13.74940361487175 4.797822145021606 0
3.532622528201907 1.217743820829281 0
3.42777602740878 1.121528648540603 0
3.549129504592464 1.025435853447188 0
3.540876016397185 1.121589837138235 0
10.6813076775435 1.506923346554775 0
10.79248497608049 1.508647451605915 0
10.1320653842021 1.498651576313249 0
10.414914435198 3.237784542039258 0
10.3078165782836 3.230137792695563 0
19.12086621945125 2.834984190357478 0
19.21149008058373 2.918390390220058 0
19.11559299920574 3.00798937290833 0
19.11822960932849 2.921486781632904 0
17.65559135702269 2.911161593534434 0
17.51817189820756 2.847008199316626 0
17.61912815392336 2.840720780845923 0
13.46140658064588 4.572909995741703 0
13.57777223700632 4.656825012603866 0
13.49047082418472 4.663739296829503 0
7.107447536098011 3.578470991253652 0
6.985842874635573 3.661521035835475 0
6.8964984548591 3.566256785711318 0
7.018103116321539 3.483206741129496 0
7.001972995478556 3.572363888482486 0
18.7256540488073 3.033719829459021 0
18.71649235336195 2.938647173852627 0
4.945031618123892 4.134526019932521 0
4.900278517777934 4.007140613949865 0
5.001545859711574 4.049281966127856 0
4.922655067950913 4.070833316941193 0
18.58114545928922 0.8530188284116835 0
18.73543345596821 0.9553880733794762 0
18.4728382893414 0.9902760839261999 0
18.60413587265481 0.9728320786528382 0
1.22812916132726 1.119776583206074 0
1.282964295856193 1.220146592150774 0
1.89895183904936 2.263817559807475 0
1.939228251777195 2.165703401678066 0
1.867532632498524 2.195744501867405 0
10.22105011858869 0.8116525618435071 0
10.32352978349146 0.9090236227002082 0
10.2183073237592 0.9058648402056169 0
7.932720769896187 4.254867913912699 0
7.997612618156343 4.207075711370354 0
5.344494357117984 0.9605497117487616 0
5.476074482484343 0.8720813739033162 0
5.576344610570374 0.9755771135142228 0
5.460419483844179 0.9680634126314924 0
10.60708299774973 3.842180141387818 0
10.49155200929263 3.94114935170398 0
10.49298238280259 3.838608035271592 0
10.9353770746183 0.4182694120374295 0
10.7900041402507 0.3122291359416272 0
10.92282016158533 0.312690973065159 0
1.686118398049526 1.035266615234337 0
1.79139514269416 1.09776427252127 0
1.726155257324576 1.18958777271162 0
1.70613682768705 1.112427193972978 0
7.057243190528741 1.672220401319515 0
6.963293100150363 1.582541554433927 0
7.085755778369767 1.496324966256408 0
7.179705868748145 1.586003813141997 0
7.071499484449253 1.584272683787962 0
19.09160754186352 3.85566789950575 0
18.99661474503005 3.958990620830145 0
18.98954819500627 3.864217666987134 0
17.94669899575047 2.094215685144844 0
17.97416015689697 2.243253817906232 0
17.96042957632372 2.168734751525538 0
6.926703331642029 3.390504823230151 0
6.810467312142548 3.469002964168669 0
6.722517457324355 3.376752701647433 0
6.838753476823837 3.298254560708915 0
6.824610394483193 3.383628762438792 0
9.095002304390372 4.027723926103365 0
9.210475050952983 4.103275225171206 0
9.125918877464981 4.200677531566183 0
9.110460590927676 4.114200728834774 0
2.339359338870183 4.282017375882224 0
2.181773466656542 4.385120121100405 0
2.246455052465066 4.147230583282084 0
2.214114259560805 4.266175352191245 0
12.5905691511086 1.580679621425049 0
12.4344430995614 1.519884678547994 0
12.48166583271884 1.412691380567648 0
12.53611749191372 1.496685500996348 0
18.63915095710644 0.7201239977223501 0
18.64974303560784 0.5770670931914923 0
18.78328361021961 0.6019158924911165 0
18.77269153171821 0.7449727970219744 0
18.71121728366303 0.6610199451067333 0
6.219301761246427 2.874247162542131 0
6.112685671352175 2.868889197486134 0
9.661765978932678 1.12487602627793 0
9.589413996759337 1.051017531836123 0
17.3392674446966 3.250006135790498 0
17.50476184356154 3.196566359228239 0
17.42201464412907 3.223286247509368 0
8.526606755208178 0.9717721232081842 0
8.643198102746105 0.958032532607191 0
7.99726047205221 4.892599801440072 0
7.873095967352732 4.891287337435612 0
19.22509140936116 2.745889265360742 0
19.13628791740279 2.656462225335749 0
19.12857706842702 2.745723207846613 0
19.49723346223978 1.757744763723918 0
19.43871008277768 1.624086805198085 0
19.56934967155842 1.594650233159768 0
19.5332915668991 1.676197498441843 0
9.905581728795486 2.946547912458882 0
9.895105494429524 2.858413940308146 0
18.20411986473124 2.979441441927486 0
18.16298507589362 3.082654578622124 0
18.03627183398125 3.052781797651771 0
18.07740662281887 2.949568660957133 0
18.12019584935624 3.016111619789628 0
3.316290031269286 1.213284058215071 0
3.214418939190795 1.124880084156416 0
3.325904935330287 1.033124674481948 0
3.321097483299788 1.12320436634851 0
16.47546155490539 1.097282173213391 0
16.59006233743046 1.02341992463445 0
16.68700325702377 1.113802071381764 0
16.5724024744987 1.187664319960706 0
16.58123240596458 1.105542122297578 0
18.15908172744934 4.203996440776537 0
18.2675408400497 4.299287878668379 0
18.15677478250797 4.396622258091988 0
18.04831566990761 4.301330820200144 0
18.15792825497865 4.300309349434261 0
13.33040891779644 3.791585889125525 0
13.18537657035306 3.715837962328192 0
13.2919599317995 3.679684642142204 0
2.841387650889803 3.554563413789185 0
2.757321901623751 3.456065259749039 0
2.848694213684191 3.469197011105014 0
10.44180426868238 0.8152169477544136 0
10.54810799133429 0.9164390010339631 0
10.43581888741287 0.9127313118670859 0
6.173486161224998 4.580401133434107 0
6.281503454458125 4.688554942824336 0
6.160682223278291 4.684716355182722 0
4.551733490915667 4.289377829881316 0
4.424571042420832 4.344739474712439 0
4.377585277770526 4.262563652313938 0
4.464659384343097 4.275970741097627 0
12.88298334954943 3.286683706313378 0
12.77525582731794 3.232226234900853 0
12.8248018701187 3.146022462519659 0
12.93252939235019 3.200479933932184 0
12.85389260983406 3.216353084416519 0
1.352067451773507 3.038322745795705 0
1.250173964471619 2.904669797732989 0
1.301120708122562 2.971496271764347 0
18.70518930191584 0.3510223280158984 0
18.59256155733065 0.2871658690546317 0
18.66040195630398 0.1945716413057657 0
18.68279562910991 0.2727969846608316 0
19.4958910450649 0.8167872437126951 0
19.37224607575916 0.9185093975439937 0
19.24518395829077 0.7931319580878813 0
19.37053750167783 0.8049596009002884 0
19.06126212366837 1.992280469664968 0
18.95673219697919 2.094769843255452 0
18.95109881719374 1.998664190468584 0
15.96486318157198 1.7103588480265 0
15.88213741012122 1.709694758710514 0
10.52584173218669 3.243138760906005 0
1.518952118106377 4.144577228461553 0
1.565173118685102 4.051554860578228 0
19.585713974612 2.518791285432161 0
19.62538460504728 2.277135406842005 0
19.60554928982964 2.397963346137083 0
13.12086119088347 3.849040936981019 0
13.29795184974632 3.942617064225501 0
13.04597710955603 3.989878195082813 0
13.17196447965117 3.966247629654157 0
0.3485189290304191 0.7579768653030632 0
0.2291230148994394 0.7209128944522627 0
6.597239341568525 0.9271637783104003 0
6.500545191944322 0.8717970433166249 0
6.546197992968573 0.781421094758481 0
6.642892142592775 0.8367878297522562 0
6.571718667268549 0.8542924365344406 0
13.30850765442543 0.8287044626951017 0
13.39192756272116 0.7428560847029337 0
13.49437753682221 0.8122919670072468 0
13.41095762852647 0.8981403449994148 0
13.40144259562382 0.8204982148511741 0
19.7316419295915 4.371492109312773 0
19.59876679550263 4.505123126461726 0
19.44533433875043 4.368195017195829 0
19.58848813417096 4.369843563254301 0
9.921766694011547 4.262717537695509 0
10.16044898427199 4.257539993202554 0
10.05153914529016 4.366556366633029 0
10.04110783914177 4.260128765449031 0
12.92971728569267 1.337102713074688 0
13.08415227963699 1.415444387821285 0
13.01293941143147 1.519251241242833 0
12.97132834856207 1.428176977158761 0
7.001980740625106 1.399053665371828 0
7.128858324364826 1.319624609387271 0
7.107307051367297 1.407974787821839 0
5.209783285952435 4.365286927682937 0
5.263015904269581 4.182211306872495 0
5.411371686474765 4.206657633096293 0
5.358139068157618 4.389733253906735 0
5.310577486213599 4.285972280389615 0
3.544503606174933 4.458260213137593 0
3.411276823970706 4.55437805416117 0
3.310925710109244 4.444827338739778 0
3.427714658142088 4.451543775938685 0
10.8262721975989 3.846347751556024 0
10.71488209788947 3.944106923909882 0
10.71667759767431 3.844263946471921 0
1.611859722680869 2.06506849365696 0
1.476278209199098 2.08411599523399 0
1.537995907840237 2.02322724824702 0
5.833723933496056 3.926147743059335 0
5.756342429347912 3.808812412482995 0
5.865060868228555 3.825722786586731 0
15.36160104258306 1.027082791598663 0
15.41330964004372 0.9029817778263824 0
15.59718134539824 0.9868357924472959 0
15.47939119399065 1.00695929202298 0
6.532206546815628 3.350980991294889 0
6.645352036298723 3.279936422340186 0
6.627362002069992 3.363866846471161 0
5.70046236259933 3.372540168695448 0
5.796131787074824 3.39467815201906 0
3.087585646236757 3.671486025464498 0
2.980499715045076 3.740173060587096 0
2.907800476527621 3.64515083483407 0
2.997693061382188 3.658318430149284 0
16.77213775056641 0.7236093101175136 0
16.70339007050296 0.8342990125640313 0
16.54809108230992 0.749244760580118 0
16.66011441643816 0.7364270353488158 0
15.92510055498735 0.5531190276137958 0
15.83277947579976 0.658658869162879 0
15.67730871677721 0.5492140575899678 0
15.80120463588228 0.5511665426018815 0
18.89524954720342 1.310074229566349 0
19.01973978982533 1.413440440591879 0
18.91201174608187 1.514125925418546 0
18.90363064664264 1.412100077492447 0
16.97272294504377 4.806270319695776 0
16.92386147252189 4.903135159847889 0
5.542232224210379 3.763882612076609 0
5.397863477194609 3.832962706052048 0
5.341955383142389 3.706948195143086 0
5.442093803676384 3.735415403609847 0
6.776331646793885 3.646191004028382 0
6.793399479468217 3.557596984098525 0
16.77196345079781 1.017131276122285 0
16.90445925382079 1.106657154866738 0
16.81949906004675 1.203327950126217 0
16.79573125542228 1.110229613124251 0
3.138536605498389 1.205779761116627 0
3.044091428672361 1.140373856165455 0
3.119973762364767 1.059474179205245 0
3.129255183931577 1.132626970160936 0
0.5948736284671909 0.8047266276797833 0
0.8257529787791356 0.8702879036220295 0
0.667312644530913 0.9382355635002095 0
0.7103133036231633 0.8375072656509066 0
18.84413313206953 0.4863283603775628 0
18.91266312121625 0.6683689526234469 0
18.87839812664289 0.5773486565005048 0
6.419496373368284 0.7252869620916005 0
6.468677608995987 0.6059317161547835 0
6.595379228596276 0.6620658488216637 0
6.507437800982279 0.6936764054566322 0
9.712397547162579 0.4552197456118936 0
9.811225121505723 0.3307868674636749 0
9.68772197892501 0.3429451494568965 0
2.466956638467397 2.889099495193116 0
2.328654768772457 2.978182304336291 0
2.365342923896925 2.874231136246851 0
16.23649546747665 4.908096520207785 0
16.32894213483075 4.815274283106598 0
16.46744666735409 4.907177762898814 0
16.35197106741537 4.907637141553299 0
1.172056300209126 0.7818088314057017 0
0.9870073187141468 0.8262830624966373 0
1.129412475795661 0.5963926719505004 0
1.058209897254903 0.7113378672235688 0
10.67558654538407 0.822839311515726 0
10.78382853984506 0.9268082612985409 0
10.66596826558967 0.921623631166252 0
13.59449296853494 4.499638825551175 0
13.64638014617483 4.596862272751121 0
19.00041450220659 0.7749925970415563 0
19.124913212633 0.8922735022710353 0
19.12279923024868 0.7840622775647186 0
2.869374552190411 3.808317010143359 0
2.759285248402512 3.870561595778363 0
2.697254614523674 3.772075997392301 0
2.807343918311573 3.709831411757297 0
2.783314583357043 3.79019650376783 0
17.06929356350025 1.696416982213262 0
17.17884650964917 1.683316728295765 0
19.15566579354128 2.471450250595219 0
19.24643775820301 2.565040540150676 0
19.14597685547203 2.563956237965483 0
8.038470153582205 1.21288804355889 0
7.957269859316469 1.303238276421234 0
7.845298502139229 1.233982507373766 0
7.926498796404965 1.143632274511423 0
7.941884327860717 1.223435275466328 0
12.81412086894705 4.01891045946562 0
12.89863428682918 3.89554241728064 0
12.93004898925154 4.004394327274217 0
7.156043582144787 1.76313805108569 0
6.926588407082606 1.765506554053888 0
7.041315994613696 1.764322302569789 0
13.01765395160569 1.793482049958651 0
12.80537149452162 1.808412480334365 0
12.91151272306366 1.800947265146508 0
0.5266637886081398 2.750259006852958 0
0.5406752093630445 2.964958644494759 0
0.5336694989855921 2.857608825673859 0
3.273773429656159 3.694470330559251 0
3.163621745360793 3.765988117467197 0
3.180679537946457 3.682978178011874 0
7.230618915533396 3.490990755137397 0
7.322347141683949 3.584868066840484 0
7.199175762248564 3.67234830295674 0
7.21489733889098 3.581669529047068 0
3.609847728426498 3.473390493899569 0
3.692966541345629 3.562193413363026 0
3.57825941318866 3.635641744169734 0
3.594053570807579 3.554516119034651 0
6.150007461114567 0.4832941274728499 0
6.002792420011097 0.3830346823450306 0
6.273792993863097 0.3315891246103551 0
6.138292706937097 0.3573119034776928 0
11.67260507950042 4.205038868672085 0
11.67164257776857 4.054397768997223 0
11.81971750538655 4.064959292287744 0
11.8206800071184 4.215600391962607 0
11.74616129244349 4.134999080479915 0
9.790646635830534 3.329989388770734 0
9.902591218158511 3.270234359638113 0
9.881278182581196 3.352959385088385 0
16.62230815045049 3.227521968370305 0
16.73959302461062 3.302838983102567 0
16.55653426039418 3.321500654641373 0
16.6480636425024 3.31216981887197 0
1.278127370122242 4.134018450972134 0
1.149062580531513 4.06276890450604 0
1.247280503892085 4.050314613821946 0
15.23442674007362 0.989320726397058 0
15.29651157322815 1.072889011940204 0
6.753593751202045 0.9113116750145371 0
6.718569372293487 0.7288039755760529 0
6.829270980902758 0.8033278208383337 0
6.736081561747767 0.820057825295295 0
13.09760630960862 0.8449100115274515 0
13.17625414493539 0.7521833278766739 0
13.22985981909866 0.9214311463458793 0
13.20305698201702 0.8368072371112765 0
1.794869270588856 4.307531246857091 0
1.685116771041361 4.365479935113225 0
1.624569219363785 4.269008405253402 0
1.70971924497632 4.288269826055247 0
0.7259538340199114 4.235442230967724 0
0.8696130953528183 4.162963450996799 0
0.9425611596941827 4.259969899407644 0
0.7989018983612759 4.332448679378569 0
0.8342574968570471 4.247706065187685 0
17.1056432036527 3.65186497968626 0
17.23815464349705 3.670202058937215 0
17.09297237810324 3.769311218282879 0
17.16556351080014 3.719756638610047 0
11.17747497777409 0.857168781036576 0
11.1338965251304 1.054071249279608 0
11.02907515079412 0.9428717446433477 0
11.15568575145224 0.9556200151580923 0
18.86044291270855 0.8515964414400838 0
18.8865530169624 0.7599826970317654 0
13.38088424990101 2.139711940312311 0
13.462736670541 2.04739095243175 0
13.61479785319359 2.137399043962028 0
13.4978410515473 2.138555492137169 0
6.378326650409043 2.136659027341524 0
6.521067422468263 2.043681939772523 0
6.609795339505619 2.136742944273588 0
6.494060994957332 2.136700985807556 0
17.04266442119262 1.196109613799659 0
16.98692684715603 1.005012010168756 0
17.12513201452785 1.094464469101677 0
17.01479563417432 1.100560811984208 0
18.55492396472811 3.708540049946738 0
1.219987456089781 0.9587687485278025 0
1.038686834222791 1.132855043537169 0
1.030545128985313 0.9718472088588976 0
1.129337145156285 1.045811896032486 0
17.6822961456394 0.6699123725234115 0
17.7647285616021 0.5683126014095166 0
17.792445864133 0.6624630724515483 0
1.392770906571968 0.9135171369032964 0
1.545533302148824 0.8194528480097454 0
1.628140114990265 0.940901082485158 0
1.510455510781116 0.927209109694227 0
7.654163031810191 1.786165080151731 0
7.780822472878139 1.710158146566261 0
7.775106349259469 1.79668889549084 0
19.03355676153178 1.610090225842212 0
18.92068636592375 1.612023906512352 0
12.09414980464459 4.010783740204415 0
11.95955361073468 3.947097552311724 0
12.12733897726318 3.884007418108708 0
12.04344629399893 3.915552485210216 0
5.61046722377233 3.887811148802182 0
5.649287326779145 3.786347512279802 0
0.8747489191059259 1.551860569128183 0
0.8755457186324023 1.412071102201874 0
0.935355420765891 1.486163815872903 0
18.00907370570507 4.897879800451484 0
18.25412545874619 4.897990174756557 0
18.13159958222563 4.897934987604021 0
12.97300557225439 3.774389919667939 0
13.07919107130373 3.745113940998065 0
18.52581607837169 0.09970490570102575 0
18.42180481222645 0.2231581305789883 0
18.39840240611323 0.1115790652894946 0
1.144826031409117 2.700107590223301 0
0.9783633574963382 2.505936616987023 0
1.061594694452728 2.603022103605162 0
4.477864787259243 3.545050984809719 0
4.391808846419488 3.625856076732882 0
4.262164463632927 3.563092661934702 0
4.370014625446084 3.55407182337221 0
0.5606605328126246 3.19326030055836 0
0.4401368773176486 3.091530060179184 0
0.5506678710878354 3.07910947252656 0
9.024429743324774 4.288643278495227 0
9.230376429252605 4.288996395246181 0
9.128887295112396 4.376962142175225 0
9.127403086288689 4.288819836870704 0
11.8316904871458 0.7922272814644473 0
11.73052582084794 0.8830720366985445 0
11.72098326847364 0.7991857281323385 0
0.8692907890503019 1.01585204998429 0
0.9281490538822244 0.9210675562404635 0
11.03662457528184 3.848997029363633 0
10.92803971424648 3.94522738984185 0
10.93144838644037 3.847672390459829 0
2.740931092673755 3.619243990712411 0
2.824365784600689 3.632197412773241 0
12.4628284547264 3.947087384351171 0
12.32456715511743 3.858474303118947 0
12.53731112763118 3.839465454660185 0
12.43093914137431 3.848969878889566 0
11.32612493750459 4.299817995423877 0
11.42824083803372 4.370959894775215 0
11.35938323967954 4.472572780331916 0
11.2572673391504 4.401430880980577 0
11.34275408859206 4.386195387877896 0
1.21813711753166 3.650019160204912 0
1.434610271962605 3.747284008999546 0
1.326373694747133 3.698651584602229 0
19.11004425793492 4.039435170369244 0
19.02022805811547 4.143463614223997 0
19.00842140157276 4.051227117527072 0
0.8922240266115899 1.861230796782679 0
0.739416514279279 1.75457848860477 0
0.8211134903351187 1.641528399915662 0
0.8566687584733543 1.75137959834917 0
7.890468235884246 1.650683152757403 0
8.067665822949417 1.661898778411232 0
7.979067029416831 1.656290965584317 0
11.96848334715571 1.652353725353633 0
12.04193714929759 1.640515125374764 0
19.13543732156199 1.518979781074979 0
19.13044665617397 1.322509200544736 0
19.24614418791062 1.428048541027836 0
19.13294198886798 1.420744490809857 0
16.84079423627252 1.716604800355838 0
16.95504389988639 1.70651089128455 0
0.6956076446568495 1.405268128008083 0
0.803526902191658 1.327887250631107 0
0.767626461097592 1.489451979578849 0
0.7855766816446241 1.408669615104978 0
6.907871277305187 0.6815848153425894 0
6.974016935502048 0.8836021253510449 0
6.940944106403617 0.7825934703468169 0
13.01073004407112 0.9430849042563012 0
12.95642021390801 0.762157566088278 0
12.98357512898957 0.8526212351722897 0
1.098596797955611 2.86597255930227 0
1.197499997940369 2.802388693978145 0
9.301718654866596 3.53845941744882 0
9.327139115713576 3.433535153430383 0
9.451422016985989 3.45776293053578 0
9.376570335926292 3.4981111739923 0
3.465326287358881 3.713152499191991 0
3.353189169978998 3.78752708121442 0
3.369549858507519 3.703811414875621 0
7.507706659843298 3.779650020939242 0
7.594539618137135 3.880200051529101 0
7.61565729740942 3.781899454265694 0
7.015095402408575 4.123716797993013 0
6.897095960547816 4.210793170185303 0
6.92126759098735 4.027286920770665 0
6.909181775767582 4.119040045477984 0
3.671421225583359 0.9244623641288692 0
3.798276355162209 0.8241408291747367 0
3.906837932634826 0.9234536985559194 0
3.789129579109092 0.9239580313423943 0
12.18705185454044 3.772970726922439 0
12.14039487245891 3.665964926697809 0
11.31735580240852 3.952308963562682 0
11.2373800652246 3.852692234847903 0
11.33070621591467 3.858649212183505 0
1.344839750691314 0.7365572197811954 0
1.282413603390546 0.8476629841544989 0
12.22410492050792 4.241484079259667 0
12.13424236246517 4.299878289778733 0
12.06749851008092 4.212171442896022 0
12.15736106812367 4.153777232376957 0
12.14580171529442 4.226827761077844 0
14.88724194918905 4.722751753662539 0
14.88112097459453 4.86137587683127 0
1.052153229969409 4.160780773561965 0
0.9449653005303489 4.075966002649718 0
1.047013940530931 4.069367453577879 0
17.48370847322944 1.171183675301828 0
17.34656553148697 1.081403521316159 0
17.43077791365835 0.9785484637164261 0
17.56792085540082 1.068328617702095 0
17.4572431934439 1.074866069509127 0
2.538165403289952 1.213428477680059 0
2.428896510923645 1.121177663566494 0
2.547333140796857 1.012153497299945 0
2.656602033163164 1.104404311413509 0
2.542749272043404 1.112790987490001 0
18.43353879835145 3.129992126990955 0
18.31879576157441 3.123423391376604 0
18.32907026255921 2.997883827025497 0
18.38130453045533 3.063937977008226 0
1.074875720314033 2.201229046648486 0
0.9230208628142105 2.176644030688816 0
0.9497967488573771 1.989562268601987 0
1.012336234585703 2.095395657625236 0
9.301871078462966 3.012657561597295 0
9.262281955432046 3.116656924577879 0
9.127508530058716 3.07459030544089 0
9.214689804260841 3.043623933519092 0
12.82938116454241 3.692388178358617 0
12.69695294801816 3.619637500042437 0
12.79825042605444 3.598515529751812 0
2.754133044053027 1.16783566680126 0
2.728892354163326 1.019989493938662 0
2.826423365053189 1.083420849326413 0
2.741512699108176 1.093912580369961 0
17.26359265716038 1.184077498806915 0
17.20810488885444 0.9917904916109215 0
17.23584877300741 1.087933995208918 0
11.37148992516625 0.5395910785001721 0
11.53686811321807 0.4681850625564543 0
11.50978620353598 0.5744112585213337 0
8.560571594800034 3.907134214700806 0
8.444231011584673 3.788559066250625 0
8.568385295884987 3.688469507670005 0
8.68472587910035 3.807044656120185 0
8.564478445342511 3.797801861185405 0
16.84974823542191 0.6171521861548681 0
16.99963649547944 0.7070241645295188 0
16.92202601062394 0.8134812884921643 0
16.88588712302293 0.7153167373235163 0
19.37038260106862 3.294321404321989 0
19.39862346775443 3.526731295827079 0
19.38450303441152 3.410526350074534 0
16.9575534452303 1.299114517187229 0
16.73047294283661 1.305918138143539 0
16.84401319403345 1.302516327665384 0
17.5408147482728 0.5800729779735052 0
17.59819226216067 0.7720469073853253 0
17.45671086479408 0.682207512835419 0
17.56950350521674 0.6760599426794154 0
2.488982085156099 0.7273042263923681 0
2.382682117828465 0.7973204098030959 0
2.316556717605543 0.712659500937596 0
2.422856684933177 0.6426433175268684 0
2.402769401380821 0.7199818636649824 0
4.869947410957414 3.398362848260311 0
5.002478099285613 3.328511758158412 0
5.05319790487717 3.432838966762215 0
4.920667216548971 3.502690056864113 0
4.961572657917291 3.415600907511263 0
3.057143194342132 2.941668069737949 0
3.159482688891304 3.020698719551859 0
3.084190711389073 3.101011630583358 0
3.070666952865601 3.021339850160654 0
11.13007753733911 3.946507608850813 0
11.13700232025322 3.850844632105768 0
2.654354307875218 2.870526300992699 0
2.70016566636551 2.963177956032427 0
12.39460428723456 0.3907874508058038 0
12.25950008014046 0.2917856250813777 0
12.38879182569324 0.2922652406753556 0
2.459108333122547 0.912098346949795 0
2.314957360971825 0.9930068528940457 0
2.348819739400145 0.8951636313485707 0
19.17126070112601 1.887291678640087 0
19.28969454703648 1.976646136773251 0
19.17969596957884 2.081634927798132 0
19.17547833535242 1.984463303219109 0
10.89189415619676 1.033918232195444 0
10.99088451426811 1.137252094109284 0
10.87337040930035 1.130154165896541 0
10.92100953444243 0.8357617737464442 0
10.90645184531959 0.9348400029709443 0
12.61580834816999 3.727482176926864 0
12.7550098791172 3.813540675971318 0
12.67651265857839 3.925523953704639 0
12.64616050337419 3.826503065315752 0
14.6576608958906 0.8509704712184103 0
14.62618597784168 0.751286054815234 0
17.82266861032056 3.597629200746297 0
17.70762757663019 3.674014641992886 0
17.72813361487237 3.59929780321809 0
12.86400772568579 3.793965297819629 0
2.361359346468557 1.297941060972577 0
2.237981250093191 1.357919950717547 0
2.181265758998157 1.272770243683951 0
2.304643855373522 1.212791353938981 0
2.271312552733358 1.285355652328264 0
17.83497084763938 1.248819554747871 0
17.74736621214907 1.35123706469323 0
17.61606663265468 1.260525931798322 0
17.70367126814498 1.158108421852963 0
17.72551874014702 1.254672743273097 0
17.65273839676567 0.9645904657538455 0
17.51420919307202 0.8754077894634338 0
17.62546532946317 0.8683186865695856 0
17.57208369775924 1.549959935125364 0
17.44497956661872 1.462027866477456 0
17.53008252870314 1.362330774253698 0
17.65718665984367 1.450262842901606 0
17.55108311323119 1.456145354689531 0
13.42591218897733 3.988850047508346 0
13.37816055338689 3.890217968316935 0
10.38182047959252 4.044119248693057 0
10.2684196077463 4.150073279692174 0
10.26272180536164 4.043100532002908 0
19.28736348401097 3.148986025095175 0
19.41973135585731 3.191751092125687 0
19.23801472922228 3.251556337291476 0
19.3288730425398 3.221653714708582 0
4.786170788669072 3.570355405310523 0
4.972998954248277 3.608043044691402 0
4.838502526368378 3.675708393137811 0
4.879584871458674 3.589199225000962 0
3.069328732663823 0.86882838393578 0
2.946210909677203 0.7670786042321405 0
3.083268128392096 0.6415586661593458 0
3.076298430527959 0.7551935250475628 0
18.12815295708065 3.65334609438 0
18.1450540136051 3.832431419639779 0
18.03413199592967 3.750414860913103 0
18.13660348534288 3.742888757009889 0
10.67377756642254 0.415471188881896 0
10.53681897637282 0.311087663396961 0
10.66341155831176 0.3116583996692941 0
14.27661361038143 3.197152326367623 0
14.24942327443542 3.087848894413991 0
1.412742364017038 2.166885596578968 0
1.214074134663246 2.24265986156913 0
1.313408249340142 2.204772729074049 0
10.39553504004015 4.254441113338185 0
10.28756441656584 4.361907826848565 0
10.27799201215607 4.25599055327037 0
8.120727564892778 4.89267544130323 0
13.04777595589295 3.093293603225803 0
13.20141869208434 2.913580534786528 0
13.18939063529394 3.108880579490051 0
13.12459732398865 3.003437069006165 0
15.42840226965632 0.5528482173304501 0
15.3370085885327 0.665308994502134 0
15.30189300700177 0.553533086024268 0
3.459849834403663 0.5242673230567201 0
3.213904896482649 0.5316180893263447 0
3.336877365443156 0.5279427061915325 0
0.5707010352455981 3.426426119952693 0
0.4512959008137791 3.322614204814118 0
0.5656807840291123 3.309843210255527 0
3.194465565086839 1.298577539485873 0
3.002810705501534 1.264979886412934 0
3.098638135294187 1.281778712949404 0
5.934053762467371 1.968291889321506 0
6.043841214296469 1.802526621269529 0
5.988947488381919 1.885409255295518 0
12.22274970158422 4.650569149415217 0
12.33722621797905 4.544925929960115 0
12.46622656665797 4.664467109738547 0
12.3444881341211 4.657518129576882 0
17.17944513006451 1.286650066868023 0
17.06849928764741 1.292882292027626 0
8.317578232691426 3.88681794123314 0
8.427301604759819 3.974709211965517 0
8.319045192576301 4.063793757909977 0
8.318311712633864 3.975305849571559 0
18.87704236998437 1.092507356968453 0
19.00805678775017 1.205359057438606 0
18.88614595859389 1.201290793267401 0
12.222706376795 4.432412959143487 0
12.33214996249504 4.337604110890366 0
12.4466698036791 4.450117081706995 0
12.33468809023705 4.441265020425241 0
10.57061232611857 1.50552976924079 0
17.78848880950983 1.054370269904714 0
17.67820483245533 1.061349443803405 0
1.400063600888258 4.232733834631249 0
1.512316410126022 4.250871119942325 0
13.26816133921176 0.6664398172231882 0
13.33296974235459 0.5908137932779127 0
13.45673596586399 0.6672300607576582 0
13.36244865253787 0.6668349389904231 0
10.23563337932821 4.893789087791477 0
10.48187518215342 4.89239338505207 0
10.35875428074081 4.893091236421773 0
2.190704705421702 1.084620543266533 0
2.309800608172674 1.102899103416514 0
18.84912890577804 4.571277095632365 0
18.72449707656756 4.477814570159025 0
18.83029445331275 4.365481263873631 0
18.95492628252323 4.458943789346971 0
18.8397116795454 4.468379179752999 0
13.08014849231674 1.125849241638223 0
12.93168118605544 1.045704894329361 0
13.15919735033242 1.023229251565164 0
13.04543926819393 1.034467072947262 0
6.844579463096655 0.9994818328998016 0
7.082106107177608 0.987476218283599 0
6.952668634772214 1.103355925832356 0
6.963342785137131 0.9934790255917005 0
7.236994729335541 4.678059419306374 0
6.99676568109432 4.690547741053685 0
7.112388859208527 4.58110258848934 0
7.11688020521493 4.684303580180029 0
6.781975771825379 4.302765849996208 0
6.660400448789817 4.395245722670508 0
6.670926032608974 4.299000112423366 0
11.56275733334312 4.048020064387021 0
11.49579524644955 4.126190928573922 0
11.40348560113076 4.041461635597738 0
11.48312146723694 4.04474084999238 0
6.781375593686131 0.611904475531365 0
6.846622017640187 0.4917933942989543 0
6.877246647472687 0.5866891048207719 0
8.978567774800489 0.5734331504437429 0
8.858800812206493 0.5605347626332295 0
13.48578455941586 4.477952697646415 0
19.87707939757567 3.501347647987727 0
19.87852362569607 3.25305578392276 0
19.87780151163587 3.377201715955244 0
8.326510954216117 4.223331319649414 0
8.420781551096587 4.142960438665147 0
8.32277807339621 4.143562538779696 0
17.86694606778075 3.353035954134291 0
17.7470584455515 3.299892604624778 0
17.8037889660427 3.2026310379881 0
17.92367658827196 3.255774387497614 0
17.83536751691173 3.277833496061196 0
6.538164732242843 4.492147134700857 0
6.767981113065854 4.495773440989024 0
6.64574539651888 4.592674853019373 0
6.653072922654348 4.49396028784494 0
0.7943699757163571 1.565490189747255 0
16.75059382032651 3.574823354264228 0
16.71212826843055 3.647325363117928 0
16.6850260060387 3.588678514655483 0
13.14566636957436 0.5820987629318406 0
13.05375917529799 0.6678422735853262 0
13.16096025725487 0.6671410454042572 0
6.658185449988919 0.5451663487769758 0
6.688377411141204 0.6369851621765146 0
9.900307787315999 0.7284425457341783 0
9.988652413897835 0.6304043906336108 0
10.10533255663398 0.7162846062273038 0
10.00282017197499 0.722363575980741 0
12.31436298043316 4.151280114616791 0
12.42240802242028 4.24740014624749 0
12.3232564714641 4.244442112753578 0
0.9998138662092195 2.941259972650752 0
1.905635918406453 1.593970728939359 0
2.015570738846309 1.636693088639187 0
1.970298734952536 1.732437318342261 0
1.937967326679495 1.66320402364081 0
12.19608228441127 4.06796550173989 0
12.05542858835699 4.096595470841483 0
12.12575543638413 4.082280486290686 0
10.20918669931664 0.6191128151129472 0
10.32490426127135 0.7144807707291507 0
10.21511840895267 0.7153826884782273 0
8.255997900950206 0.5152815217859645 0
8.376180564962167 0.5236334050614941 0
2.894796552294395 1.236362932823314 0
2.676579701427291 1.280737153206894 0
2.785688126860842 1.258550043015104 0
3.050341035470856 3.837940794841881 0
2.939215872616192 3.906084744398145 0
2.959857793830634 3.82312890249262 0
17.63671883456063 3.757078400260788 0
17.64958448946816 3.9195063196517 0
17.52414223467842 3.924400883582503 0
17.58043053461952 3.840739641921646 0
13.6426584540543 4.035117318071716 0
13.75498542465028 4.03677052426632 0
9.010019485255562 1.098472012521153 0
8.933728238465653 1.204178145714863 0
8.906180740476112 1.113817798195376 0
15.50026449362405 3.234231568065255 0
15.56818311611401 3.14287721436885 0
15.57129849265957 3.211054412951548 0
9.010404298966268 4.467326824211479 0
9.237877951974918 4.481100055134748 0
9.119394955828788 4.571464737171002 0
9.124141125470592 4.474213439673114 0
7.252520878399286 3.958388089422693 0
7.12981637475789 4.041998357360121 0
7.042490671870799 3.942250128017422 0
7.165195175512194 3.858639860079993 0
7.147505775135042 3.950319108720057 0
19.88388167481777 3.008649313807259 0
19.88120265025692 3.130852548865009 0
10.49993714152141 4.148247242019427 0
10.62292972234485 4.250566587276558 0
10.51852762086359 4.356760458595317 0
10.5092323811925 4.252503850307372 0
12.77345609856956 1.257484504605104 0
12.84880150525024 1.151316504316081 0
13.00506269237336 1.230934712785665 0
12.88925939547146 1.244209608695384 0
7.043095635874991 1.207215148030707 0
7.179920272277968 1.125101074624738 0
7.265682960767803 1.237510535981301 0
7.154389298321397 1.222362842006004 0
8.469472875994121 3.5874497628971 0
8.580185211157705 3.486495550464861 0
8.679097631048572 3.587515295237766 0
8.574285253521346 3.587482529067433 0
19.02893771614938 3.10189233544972 0
18.93435200738263 3.199600299619176 0
18.83010668040288 3.117076336366763 0
18.92952219827613 3.109484335908241 0
1.54890564408106 3.732002872138849 0
1.641119293821076 3.727259908798083 0
19.25184518515189 1.611596600599773 0
19.14996462512168 1.702707045367006 0
19.14270097334183 1.610843413220993 0
12.59797845117009 4.776597441272196 0
12.73487030431967 4.889356760562399 0
12.61148922558504 4.888298720636098 0
16.47249942545795 3.330452566345847 0
19.21390331942334 3.083636758873047 0
19.12724803636698 3.177539721414437 0
19.12142051778635 3.092764547161384 0
1.035876621633999 2.347555382073069 0
1.124975378148623 2.2951076218211 0
2.60194844615196 1.391893212838813 0
2.463534148014621 1.324584537311978 0
2.570056924720956 1.302660845259436 0
17.3977243692779 1.272988517757204 0
17.31357684218203 1.375561085818311 0
17.2885847496712 1.279819292312613 0
18.73178636444734 3.214321328300076 0
18.62733373285176 3.130964821392334 0
18.72872020662732 3.124020578879549 0
0.2258722612933077 3.34870671969593 0
0.1144447106036353 3.48424689113773 0
0.1114275506896725 3.2394598285582 0
0.1129361306466539 3.361853359847965 0
4.010913707980198 4.085580878204577 0
3.896776881368694 4.173578993818514 0
3.806016671077962 4.083227848208779 0
3.920153497689466 3.995229732594842 0
3.90846518952908 4.084404363206678 0
7.217289155039166 4.134513939276809 0
7.102568182689851 4.216232379909701 0
7.116192278723871 4.129115368634912 0
16.84846769358362 3.473773149322392 0
16.85293186824793 3.586445412633414 0
16.79953075695506 3.52429825179331 0
4.2701205052088 4.341432532435168 0
4.190233625772738 4.258802561029633 0
4.297698398334464 4.179933680908403 0
4.283909451771632 4.260683106671785 0
14.23660105291419 3.374208623834397 0
14.25660733164781 3.28568047510101 0
7.34516119184036 4.075638111485263 0
7.399556395311695 4.163283411411287 0
7.271684358510502 4.222159239202834 0
7.308422775175431 4.148898675344048 0
8.140902694975086 1.285647264926177 0
8.240150029675238 1.358802363947176 0
8.154967971562456 1.440617744898705 0
8.055720636862302 1.367462645877705 0
8.147935333268769 1.363132504912441 0
11.85638196533899 1.419665005428261 0
11.62622546418867 1.382032103022079 0
11.76008499240817 1.322596942581052 0
11.74130371476383 1.40084855422517 0
7.749303732327687 4.057336739801123 0
7.690777912537664 3.972080300148548 0
7.774191749603669 3.976324473004277 0
15.89389980553374 0.8578561155737692 0
16.04215260625134 0.9434564543885005 0
15.82487126100017 0.9638277322975024 0
15.93351193362575 0.9536420933430014 0
2.390044215356431 4.075115081078393 0
2.518226095452523 3.999431277495649 0
2.592131994807825 4.114633441553926 0
2.463950114711732 4.190317245136671 0
2.491088105082127 4.09487426131616 0
7.795832441998077 4.194081176448305 0
7.698242932008163 4.141452382179526 0
7.772568087162882 4.125708958124714 0
2.232867349958503 3.445349835473424 0
2.211044028730276 3.571757568111277 0
2.125220023755218 3.440867053854006 0
2.168132026242747 3.506312310982642 0
15.0289114695901 4.443072660860521 0
15.096781503817 4.343950222924819 0
15.22985816553943 4.417090995647362 0
15.12938481756476 4.430081828253941 0
8.427474435301493 4.305283592896943 0
8.33038721543549 4.387016225232811 0
8.328449084825804 4.305173772441113 0
11.4058094708624 4.207523761428312 0
11.56299892927699 4.200873917406417 0
11.47301315368983 4.282206750260807 0
11.48440420006969 4.204198839417364 0
8.227309049219846 4.482041938528137 0
8.446973507086572 4.478513302327848 0
8.33714127815321 4.480277620427993 0
5.088353346130807 4.17606110763592 0
5.02794984748102 4.301575829793056 0
4.884628119474104 4.260040742089657 0
4.986490732802455 4.218050924862789 0
8.925074204466124 3.763487759652828 0
8.814645502487073 3.895250325136055 0
8.7951545810794 3.675282090636959 0
8.804900041783236 3.785266207886507 0
15.44416873156444 4.109675623231644 0
15.46063207544011 4.227014009176316 0
15.32648994759586 4.238159345520831 0
15.38532933958015 4.173917484376238 0
12.02959999866523 0.9975402910521396 0
11.88366244522981 0.9194565053114689 0
11.97193781934262 0.8370781925091622 0
12.00076890900393 0.9173092417806505 0
4.71150366897341 3.746574642317471 0
4.574660833980564 3.828990827617324 0
4.493183154322624 3.714901107824785 0
4.63002598931547 3.632484922524932 0
4.602343411648017 3.730737875071128 0
0.7216309372631322 2.341346521130149 0
0.8395620747864214 2.452394303191644 0
0.6304355016682575 2.447559095439809 0
0.7349987882273386 2.449976699315727 0
19.00205182672471 0.9887157250290608 0
18.86874264134646 0.9720518992042684 0
1.843357928368679 3.26253331072779 0
1.722008411722147 3.298802281663601 0
1.690745065263304 3.186848656800136 0
1.812094581909836 3.150579685864325 0
1.767051496815991 3.224690983763963 0
16.36829460190658 0.6786783835317023 0
16.50611620419003 0.8736523608952784 0
16.32631972378669 0.8030859838468629 0
16.4372054030483 0.7761653722134905 0
13.55212788822008 3.28440700872736 0
13.73738608248533 3.269331743669518 0
13.6447569853527 3.276869376198439 0
5.512119263242909 3.326615720927036 0
5.60629081292112 3.349577944811242 0
14.65946574326102 4.070081714166758 0
14.65335368767385 4.200275682001579 0
14.5127794558987 4.187524742351256 0
14.51889151148587 4.057330774516434 0
14.58612259957986 4.128803228259007 0
0.8880400421077432 1.256458242430697 0
0.9124521694404351 1.118952135069278 0
0.9633634381652669 1.194656642983933 0
7.581236238999348 0.6795015141851937 0
7.479399977482546 0.7661271045920865 0
7.478339362324578 0.6765430019528078 0
2.05856250318157 1.345493823210117 0
1.996448799619614 1.261994234586223 0
2.119152055436199 1.189270655060057 0
2.088857279308885 1.267382239135087 0
2.421603913987041 4.597508632700879 0
2.316078413714056 4.495802054009125 0
2.431325814096015 4.392829874263551 0
2.536851314369 4.494536452955304 0
2.426464864041528 4.495169253482215 0
2.555916589937565 4.301129743517999 0
2.447637964403874 4.291573559700112 0
7.416579977328848 3.679001119981735 0
7.451588681488578 3.488928314807317 0
7.434084329408713 3.583964717394526 0
2.052534734222911 1.801872894296803 0
1.956045837644584 1.891885329775661 0
1.963172286298562 1.812161324058961 0
8.433438362594883 1.348317076535284 0
8.521226432873396 1.254810907306024 0
8.534792684426405 1.340861493469947 0
9.141120404315846 3.729187534180022 0
9.050414482006575 3.843523575611738 0
9.033097304390985 3.746337646916425 0
10.43978886676511 0.6173054459320526 0
10.55668887417614 0.7180416229573154 0
10.44079656772374 0.7162611968432331 0
2.328515690854576 1.417589483724694 0
2.43069049240064 1.444232960064095 0
2.396024919434598 1.371087010518336 0
17.50689550096629 1.266757224777763 0
18.50805725590028 3.211748307593771 0
18.5304362656016 3.130478474191644 0
7.380635251567304 3.87211117268301 0
7.289508569052854 3.771462271725503 0
7.398607614448077 3.775556146332373 0
5.077785715929586 4.407319532793263 0
10.60966867122152 4.04527734503035 0
10.49574457540702 4.044698296861704 0
12.53666779194699 1.29080294225645 0
12.60876581964457 1.180032789185014 0
12.65506194525828 1.274143723430777 0
7.431120744101418 1.174190713731664 0
7.494427970521659 1.29911668115511 0
7.380055465644731 1.268313608568206 0
1.984235327656172 3.338668427974856 0
1.866384321428708 3.369599921044797 0
1.961208934596144 3.231601817657849 0
1.913796628012427 3.300600869351323 0
12.57314704086034 4.55735899360098 0
12.58556274601522 4.666978217436588 0
14.51933324865851 4.48567223791986 0
14.38280089070183 4.414140468931833 0
14.4505744322996 4.283244485618918 0
14.58710679025628 4.354776254606946 0
14.48495384047905 4.384458361769389 0
8.729020094634762 4.644953905185888 0
8.859873211967718 4.539855955473192 0
8.996320951903032 4.670986866272933 0
8.862670523268896 4.657970385729412 0
1.055037217667158 4.355265373996819 0
1.179916647291961 4.46180936569772 0
1.064582261729029 4.566634863005508 0
0.9397028321042242 4.460090871304606 0
1.059809739698093 4.460950118501163 0
17.14940073337436 3.428517578573718 0
17.01745393172927 3.386597024667765 0
17.04634399082794 3.271268216225195 0
17.17829079247302 3.313188770131148 0
17.09787236210115 3.349892897399457 0
2.966824385378008 0.5366266835652524 0
3.090364640930328 0.5341223864457989 0
3.88076023358466 3.565389325658541 0
3.771916038397514 3.645295169010028 0
3.786863387465144 3.563791369510783 0
0.3344210678236585 3.217744399906102 0
0.2203811472299328 3.109358572735351 0
0.3302590122737907 3.100444316457267 0
16.61082050201755 3.832494785187593 0
16.50403110654459 3.768686097134789 0
16.66849670856701 3.746152742271766 0
16.5862639075558 3.757419419703277 0
17.25176383566496 3.573118339864506 0
17.12506781175044 3.53656671543489 0
17.20058228451965 3.500817959219112 0
6.823628119912899 1.196544264984788 0
6.698862768928147 1.290618800996242 0
6.617686868771953 1.193175526335924 0
6.742452219756704 1.099100990324471 0
6.720657494342426 1.194859895660356 0
13.30485800807401 1.097677193308796 0
13.45899113984877 1.176919765999771 0
13.38743366830369 1.28529272147548 0
13.23330053652893 1.206050148784505 0
13.34614583818885 1.191484957392138 0
3.400488361916066 4.664255956927716 0
4.997712838839663 3.948443599648797 0
5.106418353895804 3.933865380598569 0
5.110251374767715 4.034703747077629 0
5.053982106803689 3.991573673363213 0
7.074862368707904 3.759525891311229 0
7.182185468880379 3.765494081518366 0
2.266595211689858 1.495413967558494 0
2.176060770928474 1.435744434551347 0
2.252288230891525 1.42666695913802 0
2.406918355887507 3.758725075839285 0
2.370346349316597 3.627846189773105 0
2.534454753949075 3.718192598373593 0
2.452400551632836 3.673019394073349 0
11.48799631080539 1.449879897163555 0
11.46002447359268 1.526028739684519 0
18.3692007891841 0.343902616445118 0
18.3571524591446 0.4731639131931731 0
18.23159129283142 0.4440464394933166 0
18.30039604100777 0.3939745279692173 0
17.28954245881717 0.8883583675960205 0
17.37297373823084 0.7852176933430282 0
17.4018758259446 0.8818830785297271 0
2.58316271133353 0.8266774341102239 0
2.671387519007841 0.9267325844603738 0
2.565247926065194 0.9194154657050846 0
10.58319939009725 4.782197229214819 0
10.60409969504863 4.89109861460741 0
1.809285490453753 1.392434053345247 0
1.883584423132938 1.247444946672051 0
1.767720373889166 1.291010913028433 0
7.870601316700446 4.362297538925669 0
7.733712988802335 4.301510801461276 0
7.833216879349261 4.278189357686987 0
13.54486333494879 1.667490750904077 0
13.46722950588039 1.477368988163518 0
13.50604642041459 1.572429869533797 0
6.650797551562388 1.482352918864105 0
6.742048151071055 1.578262270374077 0
6.608797871974085 1.672120464727431 0
6.629797711768236 1.577236691795768 0
4.069089654670028 3.565940030472651 0
3.965902595741944 3.649041786119652 0
3.974924944127344 3.565664678065596 0
14.80225944551248 4.033274367324233 0
14.93577409795341 3.948277466724351 0
15.01874144176738 4.067722501074709 0
14.88522678932645 4.152719401674592 0
14.91050044363993 4.050498434199471 0
14.87757438343534 3.842731651997488 0
14.98189888295688 3.787456100703255 0
14.95883649045514 3.867866783713803 0
18.29354896435893 2.065732401535842 0
18.95859434652966 2.285253464395548 0
19.05807883669019 2.375783081041553 0
18.95514661665146 2.378648767656668 0
19.17159003507647 2.279067396714845 0
19.16362791430888 2.375258823655032 0
4.213554983680705 4.08772556024556 0
4.09973893810609 4.174590411878928 0
4.112234345830452 4.086653219225068 0
16.97690302144106 3.622214414711542 0
16.9963276295388 3.506916150460172 0
17.05098541659575 3.579390565073216 0
17.46793552021866 4.161104441300433 0
17.47731652029377 4.269996104439207 0
17.3730577755823 4.280422080444083 0
17.36367677550719 4.171530417305309 0
17.42049664790048 4.220763260872258 0
0.4901241612480582 0.1165862377055356 0
0.6159478814229065 0.117805311277706 0
2.99208230472515 3.171512594199959 0
3.079432528629749 3.177917883658 0
2.120933506628783 3.322458794946657 0
1.988521844782607 3.457076686882205 0
2.054727675705696 3.389767740914431 0
17.6776582557701 3.151043508375401 0
17.73057607322187 3.055047402062895 0
17.85670678349446 3.106634931675594 0
17.76718251963229 3.128839220025498 0
17.87238786329277 1.443096043917327 0
17.78220831098736 1.542121822125703 0
17.76478726156822 1.446679443409466 0
19.2721036975707 1.78885489076805 0
19.16061266312384 1.794999362003546 0
7.635914771932296 1.289080888768431 0
7.642348572203441 1.426799934909984 0
7.568388271362551 1.362958308032547 0
3.660244676942039 3.726409203932991 0
3.547311551112259 3.803919958955247 0
3.56278548215046 3.719780851562491 0
11.89046550413692 1.260184612482509 0
11.67613653857486 1.224683813223938 0
11.80651705030363 1.162271483125395 0
11.78330102135589 1.242434212853223 0
1.657991152032956 4.656165842012446 0
1.43650026077262 4.670884835795869 0
1.547245706402787 4.663525338904157 0
10.82714948802099 4.044198356161132 0
10.72193606135304 4.145368777281601 0
10.71840907962126 4.044737850595741 0
10.68183040457369 0.6211236245551706 0
10.80072807578162 0.7259213131135813 0
10.67870847497888 0.7219814680354482 0
15.74274097803969 3.49703849343289 0
15.6508509442743 3.549315616416636 0
15.62110544238024 3.490712754629847 0
15.68192321020997 3.493875624031368 0
14.4010928133754 4.117157868734131 0
14.32952053605308 3.99703953044916 0
14.42420602376948 4.027185152482797 0
4.165170269810242 3.646745122395814 0
4.165627059151477 3.564516346203677 0
15.14364812689669 3.671215738917916 0
15.05079717377605 3.586772072855916 0
15.12364307965482 3.503928386518514 0
15.21649403277546 3.588372052580514 0
15.13364560327575 3.587572062718215 0
14.75668374699387 3.875044910602027 0
14.70807474512744 3.972563312384392 0
3.031597455032854 2.85597401894768 0
16.99837940624329 4.694122739400894 0
16.9778841805507 4.537103315717465 0
17.09601671454292 4.538574898380921 0
17.04719806039311 4.616348818890908 0
3.408562588679346 1.310849721560294 0
3.520965197520885 1.314157118142756 0
11.96433899617616 4.208988538780073 0
11.95226907445223 4.093412566725534 0
12.00988379226657 4.152792004810778 0
19.06443567750352 2.184743628538525 0
19.28685032715178 2.175958695974452 0
19.17564300232765 2.180351162256489 0
6.952742428779538 3.84385673081445 0
6.863722934707206 3.745851875338695 0
6.969292651707555 3.752688883324963 0
16.39547424532118 1.439781353210638 0
16.47661896810082 1.653939086255713 0
16.32143445747066 1.564023842794976 0
16.436046606711 1.546860219733176 0
6.831519347896089 3.928893523567693 0
6.937005009883444 3.935571825792557 0
16.40402977405236 3.701819251385819 0
16.44337209101355 3.847995552742424 0
16.34337075852132 3.781128706993455 0
16.42370093253296 3.774907402064122 0
5.293007433166487 3.58863768807737 0
5.240079236346271 3.47243855463274 0
5.376353575733334 3.40184629134798 0
5.334680504449911 3.495241989712675 0
4.26064147901813 3.731889198565411 0
4.362015786921266 3.820934229657315 0
4.376912316670377 3.723395153195098 0
16.47632917724931 1.29642198404821 0
16.35210152470973 1.321640040725548 0
8.530739989763836 4.221804947708399 0
8.614441455416001 4.296993073523186 0
8.511175900953656 4.38047171871173 0
8.520957945358747 4.301138333210065 0
2.510003553392249 4.897385403620107 0
2.639374106145332 4.788981638211269 0
2.754370552753083 4.891596234591162 0
2.632187053072665 4.894490819105634 0
3.879350364196499 4.544059469977692 0
4.019957431027549 4.637013070325523 0
3.893701987861068 4.649900014526859 0
3.600029370214629 4.075680679962491 0
3.716661207518016 3.989255970652683 0
3.689384833774574 4.169652557518587 0
3.703023020646295 4.079454264085635 0
3.665984475631555 4.357848920135505 0
3.772442790936129 4.457335133796462 0
3.658473198555532 4.457797673467027 0
14.8450275097543 3.716886861400827 0
14.72413687331283 3.749200120005366 0
14.80085562837409 3.795965886001427 0
3.11996208177332 1.687930459801164 0
3.004177055487856 1.67681387676932 0
12.69478793810219 1.069090919682115 0
12.81323456207882 1.057397907005738 0
7.222930354689756 0.9042487755960371 0
7.320744519790115 1.041873631937176 0
7.201425313483862 1.014674925110387 0
16.24219349000953 3.503768181013097 0
16.20067599229549 3.575039642922422 0
16.09545588513487 3.509707093555426 0
16.1688246875722 3.506737637284262 0
12.51300649912582 4.144233840883425 0
12.54760555649436 4.346357582875964 0
12.53030602781009 4.245295711879694 0
12.59269997999017 4.038495618052478 0
12.70341042446861 4.028703038759049 0
16.33898563917515 0.9392220494363084 0
16.46465966111531 0.9623757838707034 0
16.40722359704027 1.018252111324849 0
3.784846609509815 4.26602114683997 0
3.677684654703065 4.263750738827047 0
5.734836555674825 4.337874645711537 0
5.640874370317498 4.223010436334725 0
5.780265567017406 4.132043301875509 0
5.874227752374734 4.246907511252321 0
5.757551061346117 4.234958973793523 0
1.356481696834566 0.2273794850540858 0
1.243293260044986 0.1132395645613533 0
1.365740848417282 0.1136897425270429 0
13.53428532151581 4.011983682790031 0
5.204853794344979 3.770235718486028 0
5.155905844369078 3.651925211420313 0
5.248930613755734 3.679436703281699 0
5.442785525640105 3.987240820155436 0
5.284913932906489 4.040853946314203 0
5.239991884460994 3.886575832210814 0
5.34138870505055 3.936908326183125 0
19.04285774696098 3.281840624751879 0
18.84091543806223 3.301852104120684 0
18.94188659251161 3.291846364436281 0
1.970000259562676 1.444949177288191 0
1.857460704430103 1.493202391142303 0
18.75958587793229 0.0948667356047399 0
18.64270097815199 0.09728582065288283 0
13.87518403429005 0.3974050633727306 0
13.86877123578995 0.53331636161259 0
13.73941816746098 0.5031349338430298 0
13.74583096596108 0.3672236356031702 0
13.80730110087551 0.45026999860788 0
4.590891420498538 3.524820447723566 0
4.74703621985214 3.462690930509157 0
4.688531104583805 3.547587926517044 0
18.17492665287571 0.5247389442848778 0
18.0609802250918 0.4602552383762983 0
18.14628575896161 0.4521508389348075 0
12.38313497386205 4.052825607182118 0
12.48791747692611 4.045660612617298 0
5.83050705364619 0.8265420491947553 0
5.694318449600988 0.8949944658309099 0
5.616886298315526 0.7851952869446546 0
5.753074902360728 0.7167428703085001 0
5.723696675980858 0.8058686680697051 0
4.900281793024945 3.77596711654045 0
4.773282935629977 3.846833365720109 0
4.805892730999178 3.76127087942896 0
19.48093324958738 2.831272750938133 0
19.4073607452607 2.752592346038457 0
19.48931247450952 2.679187663182837 0
19.48512286204845 2.755230207060485 0
16.93022118397272 0.5087476199668761 0
16.8121341495145 0.5158679202824585 0
9.201977618016377 1.043299171031109 0
9.287000960530454 0.9961685116021148 0
18.95766327175442 2.1900116538255 0
15.20352757321788 4.257887836982485 0
15.27817405656764 4.327625170584096 0
0.7837996938949345 2.055289422872752 0
0.7262269716491456 1.926957951053443 0
0.838011860253264 1.958260109827715 0
16.01036066562894 4.35419937372839 0
15.90478185447667 4.429258225863181 0
15.81443251222125 4.329093292490878 0
15.91239658892509 4.341646333109634 0
16.20570033706582 4.551197745266744 0
16.00164093897507 4.532962505541808 0
16.1048144153619 4.453634604470642 0
16.10367063802044 4.542080125404276 0
9.724569209452545 3.712576903776419 0
9.623982095951604 3.52706202726044 0
9.674275652702073 3.61981946551843 0
17.98406093480858 3.150536107966137 0
17.90891768266713 3.008880621361228 0
17.94648930873786 3.079708364663682 0
12.53220991555678 3.198109173872699 0
12.62337230638987 3.291936909376413 0
12.54112952284532 3.357032177608481 0
12.53666971920105 3.27757067574059 0
14.13392458276742 0.9573674387190767 0
14.35385509197935 0.9526586958295726 0
14.24388983737338 0.9550130672743244 0
17.7983380772054 1.900071927812643 0
17.70019664962972 1.803157915707139 0
17.802743939911 1.727145840528898 0
17.90088536748669 1.824059852634401 0
17.8005410085582 1.81360888417077 0
16.30393046747807 4.642575285846759 0
16.41774192497818 4.730770638676963 0
16.31643630115441 4.728924784476678 0
17.99875497658049 1.538393912527419 0
17.96677616309987 1.340963392631844 0
17.98276556984018 1.439678652579631 0
2.08749852730958 1.53519978862942 0
2.073030515245573 1.440346805919769 0
16.86959399577408 3.353454023529985 0
16.93296081265644 3.430185086995079 0
14.7991414093305 0.9458242598579931 0
15.01941489077271 0.953831002565563 0
14.90927815005161 0.9498276312117779 0
5.071280263779789 3.817525266873783 0
5.155636074120391 3.852050549542299 0
12.56037629867735 4.451858288238472 0
17.51912349817847 4.05453083539 0
17.36118635281984 4.046027348961144 0
17.44266429374913 3.985214116271823 0
19.12538451616963 1.110470956412875 0
19.24777438459343 1.227621099519005 0
19.1279155861718 1.216490078478805 0
8.242063920398962 1.520262587105163 0
8.345496987964232 1.435096736438159 0
8.346564280685978 1.518637159321821 0
17.78636462466795 2.966413328842463 0
17.69308371512228 2.983104497798665 0
4.624699350827251 0.9322381477401787 0
4.759239051958726 0.8343006014071419 0
4.865641244872457 0.9389723989603849 0
4.745170297849854 0.9356052733502818 0
1.932332078841251 3.120262055970745 0
2.056926322364037 3.082567456072821 0
2.08580317811893 3.193907217759925 0
2.00906762848009 3.157084636865335 0
5.186633639518648 4.108457526975062 0
11.90091798242028 1.852158852914104 0
11.9259739086316 1.754133613661201 0
11.96550483279935 1.824452091134072 0
10.41802866850395 4.465449172311575 0
10.18230900980327 4.469904042174765 0
10.30016883915361 4.46767660724317 0
0.705184947828748 1.231720174610335 0
0.7896980877448314 1.160291166409925 0
0.7966124949682474 1.244089208520516 0
2.128932798809403 1.701658579764737 0
2.23897070145641 1.767313350588605 0
2.162572636869918 1.867527665120671 0
2.14575271783966 1.784593122442704 0
11.6220519069622 3.979249825153442 0
13.93204902448033 1.7476005592495 0
13.69846767615198 1.756270608265274 0
13.81525835031615 1.751935583757387 0
3.927093592701093 0.7215997965842109 0
3.687516835428202 0.7238333455878485 0
3.816334072967086 0.6212923129973229 0
3.807305214064647 0.7227165710860297 0
16.72026112732625 3.907573984588156 0
16.65070691329047 3.998091315784311 0
16.54126628798178 3.923012116383748 0
16.63076370765401 3.915293050485952 0
17.21068791103197 3.202586494285631 0
17.25877911858481 3.281597452960823 0
19.14043623809163 3.266698481021677 0
9.352838789845716 3.146761530986736 0
9.30955753428287 3.252420646614246 0
9.285919744857457 3.184538785596063 0
19.86615086820453 4.499865858534311 0
19.86582096479574 4.373246054656386 0
1.580744828900556 2.166636257678691 0
1.496743596458799 2.16676092712883 0
19.24824590207792 1.014028733654849 0
19.12514886440131 1.001372229341955 0
12.28591056435075 1.341616977250533 0
12.3409125235789 1.219728538939335 0
12.41128917814887 1.316209959753492 0
1.453805835426394 0.355869124394673 0
1.330770076260507 0.4409534639287025 0
1.343625886547539 0.3341664744913939 0
14.33888778977631 4.212877612001793 0
14.4258336228375 4.200201177176525 0
7.695172066368404 1.17982184400957 0
7.78604120770312 1.343241552132628 0
7.740606637035762 1.261531698071099 0
12.13219738739632 1.452771952023575 0
12.12633110982294 1.319966537629092 0
12.29177684192413 1.474422391645016 0
12.20905397587353 1.397194464637054 0
3.856308528318253 3.733497310987709 0
3.744637166862779 3.814611345910671 0
3.758276602630146 3.72995325746035 0
9.633243902725962 3.274455327785346 0
9.737402042027075 3.228727920260082 0
9.686488496529421 3.375716796295999 0
9.711945269278248 3.30222235827804 0
2.320881396850623 3.941100704315902 0
2.283668224657845 4.044165643798993 0
15.97887390778036 0.7563287625621151 0
15.74780537355314 0.7601862221745332 0
15.86333964066675 0.7582574923683238 0
8.122344564324914 1.129068710801919 0
8.224777105717795 1.201827932169206 0
8.131623629649999 1.207357987864048 0
0.7465367073547 1.057191081324937 0
0.8294944383975675 1.088071608197107 0
9.532223737636684 3.309050830964053 0
9.567818108084438 3.434012341297441 0
9.415827646538235 3.332801420202392 0
9.491822877311336 3.383406880749916 0
18.63175918819277 3.314880021169492 0
18.40192756907631 3.316311753544735 0
18.51684337863454 3.315595887357114 0
18.7363373131275 3.308366062645088 0
16.95069534450087 3.735037999890541 0
16.82672419130774 3.699268997812414 0
16.9018136063744 3.660741706261978 0
16.7010383312386 4.482504149655058 0
16.64595922359148 4.329760933111459 0
16.75153797916468 4.385107522601622 0
16.67349877741504 4.406132541383258 0
6.690381914991223 2.866838147746583 0
6.458680210599781 2.894211083142964 0
6.574531062795502 2.880524615444774 0
16.19541956825799 0.5765921523216782 0
16.32498015387349 0.5603710533518382 0
18.11290662342864 3.202043740911032 0
18.05252227689201 3.307282020442509 0
18.01829160585029 3.228909064204323 0
3.790502236172255 1.924140494274055 0
3.673230354411214 1.92180635269469 0
17.30094394093652 2.112065919802457 0
15.64177639364504 3.875522710145235 0
15.69575004730591 3.798455492832145 0
15.78184002904761 3.857866866462311 0
15.72786637538674 3.934934083775401 0
15.71180821134632 3.866694788303773 0
16.30053360337329 4.474894154937527 0
16.20601794775655 4.37847922237304 0
16.30261962722643 4.305152407293231 0
16.30157661529986 4.390023281115379 0
12.05409731810325 1.211831896876849 0
11.96269929585661 1.368319253234752 0
12.00839830697993 1.290075575055801 0
2.689493956333759 2.1016894507854 0
16.7830926314442 3.798096376966251 0
16.74761044993738 3.72271087004209 0
16.85161754890628 4.269824698544086 0
16.8585717626085 4.167683461763099 0
16.91990246334569 4.228053338929699 0
18.14992196361742 1.12757850082637 0
18.01071207149001 1.038149594560499 0
18.09762645357403 0.9280030249960411 0
18.23683634570144 1.017431931261912 0
18.12377420859573 1.027790762911206 0
6.998942856674458 4.305476367325081 0
6.883822667952021 4.397449047135987 0
6.890459314249918 4.304121108660644 0
16.85609682197425 4.392171699774591 0
16.74705870609671 4.262760521371117 0
16.80157776403548 4.327466110572854 0
5.832332220014485 4.455211296053136 0
5.591723635275964 4.431617033368471 0
5.712027927645225 4.443414164710804 0
6.994887587207586 4.493155482034174 0
7.099540038151722 4.390846756168363 0
7.217041310152664 4.47879386262353 0
7.105964448680124 4.485974672328852 0
16.09522044485877 0.6830492970674142 0
16.06026006162267 0.564855589967737 0
0.8970753389240826 2.29401306827769 0
0.7924881937381016 2.268722325754556 0
0.8184337176282295 2.151353288165682 0
0.8577545282761552 2.222683178221686 0
2.016099085948589 2.977867623153107 0
1.907597171410988 3.013644552319958 0
1.875011142623777 2.921522494658065 0
1.983513057161378 2.885745565491214 0
1.945555114286183 2.949695058905586 0
16.63151888050518 0.9346965016590245 0
16.54808927081024 0.948536142764864 0
14.08738721158629 1.841871676581333 0
14.16411848356355 2.035997979695824 0
14.12575284757492 1.938934828138578 0
11.88963555806062 4.006028422299734 0
6.619059674645912 3.913620567795607 0
6.493215589327626 3.998383877649677 0
6.51188070940291 3.904093933139169 0
2.240791093733702 3.674108472638165 0
2.269565737544887 3.814333195004028 0
2.171646340533931 3.763236889776265 0
2.978257444198135 0.9846619782787664 0
3.211045050830454 0.943640584862258 0
3.094651247514295 0.9641512815705124 0
2.286988160962394 0.5770543361918574 0
2.497891995791186 0.5421000196472989 0
2.39244007837679 0.5595771779195782 0
8.20944129178466 3.787746545714803 0
8.336094070677905 3.689487670732288 0
8.326836151684667 3.788152805982714 0
5.92108306087184 4.042851387724196 0
5.692906439641622 4.015339657210648 0
5.806994750256731 4.029095522467422 0
15.12255681973764 4.169145098928084 0
15.11723207671864 4.075323873807104 0
16.61685176251741 1.738041333851275 0
16.72882299939496 1.727323067103556 0
0.3427470942834283 3.453576524603946 0
0.3385840810535434 3.335660462255024 0
7.203165364167115 4.301602768752983 0
7.101054110420786 4.303539568039032 0
0.4258651948497416 2.644082868710969 0
0.3205627717554673 2.640091872980607 0
3.396018074824863 4.060054746095832 0
3.515169646762162 3.977645201136354 0
3.498023722519745 4.067867713029162 0
14.1150074570523 4.786402921834739 0
14.12000372852615 4.89320146091737 0
11.05839434294723 0.7398455079243607 0
11.20936645294033 0.6487059360415972 0
11.19342071535721 0.7529373585390866 0
12.44612810197776 1.096136435731941 0
12.53215022043538 0.9851945662290418 0
12.57045802003997 1.082613677707028 0
7.460412464861706 0.9545833593952064 0
7.570788689173009 1.086900441189695 0
7.445766604481562 1.064387036563435 0
2.582773476293 3.823090671830241 0
2.648935892179749 3.667177923935653 0
2.615854684236374 3.745134297882947 0
16.28562112951777 3.133916737178489 0
16.28864163213506 3.201785226577635 0
7.569513859408907 4.081241443365027 0
7.473275565008377 3.989361194745581 0
7.58202673877302 3.980720747447065 0
5.023395155898225 3.716899458308903 0
4.948166900906509 3.87659292510533 0
4.985781028402367 3.796746191707117 0
7.139371573834733 3.402409556118442 0
7.259111115363232 3.319211602782818 0
7.350358457061894 3.407792801801773 0
7.244865015448314 3.405101178960107 0
14.79319654957903 4.264293534448295 0
14.72694965216146 4.418794107053661 0
14.69015166991765 4.30953489452762 0
6.412349761760662 3.418115657863456 0
6.462313480767017 3.243583468429911 0
6.437331621263839 3.330849563146683 0
10.97183575701265 3.362110830987539 0
10.96093573776138 3.458756561669668 0
17.64647796903024 0.09626916012386078 0
2.369688205113579 0.1167276006488067 0
17.85069871910229 0.4702632581624249 0
17.6273236723291 0.4795394897238929 0
17.7390111957157 0.4749013739431591 0
2.458234015193244 3.885492585151159 0
2.363899876369064 3.849912890077593 0
3.880759104557709 4.355357414530477 0
3.98766667781808 4.442081750711708 0
3.880054734377104 4.449708442254084 0
3.00460362527528 4.886163174315568 0
3.130833928475043 4.886206564774369 0
18.26871730910943 3.242812553665511 0
18.21585119250152 3.162733566143818 0
16.08328694883524 0.8520727460368573 0
16.2122994013021 0.9149293461316019 0
16.12722600377672 0.9291929002600512 0
1.896457962271686 2.616439574046967 0
1.957960907520672 2.685859261560197 0
1.884710426498668 2.743851252938587 0
1.823207481249682 2.674431565425357 0
1.890584194385177 2.680145413492777 0
4.758175721457883 1.738091495597958 0
4.876369764445464 1.740775707411702 0
3.630251891244343 3.897922718263091 0
3.432229306630079 3.88364244182851 0
3.53124059893721 3.8907825800458 0
0.8144794836197029 3.820089873670777 0
0.7011164994922581 3.736366056289037 0
0.7936384266260994 3.624515638817271 0
0.8040589551229012 3.722302756244024 0
2.853895800523114 0.4307366175635883 0
2.859049831312733 0.323786545506918 0
6.879046032321418 4.591479875887211 0
6.877029611303695 4.793451766537798 0
6.759309962530794 4.694383901371324 0
6.878037821812557 4.692465821212505 0
6.779417574039735 0.2965986485937115 0
6.720250197749477 0.4233219194911544 0
6.813019795839962 0.3941960214463327 0
13.25345797834842 0.4979087055631002 0
13.02726694911478 0.486736144960811 0
13.13505855788884 0.4025460875920706 0
13.1403624637316 0.4923224252619556 0
0.1089535965402604 2.994898744177151 0
0.1101905736149664 3.117179286367675 0
18.05642630612893 1.236104888573468 0
18.17066378574934 1.228756725596784 0
4.384336217429313 0.9275992180274006 0
4.517663025034226 0.8285934656146243 0
4.504517784128282 0.9299186828837898 0
5.464485648654069 1.762467658273397 0
5.579740995140476 1.773101585875195 0
2.75301803462632 4.312048115816395 0
2.64373071045635 4.395947790421475 0
2.665203914107535 4.21723006891292 0
2.654467312281943 4.306588929667197 0
14.92378051058934 4.366781617644122 0
15.01581075033676 4.25520748487042 0
14.90450364995789 4.259750509659357 0
14.93383604837315 3.713034291700692 0
15.01054763453184 3.663872577847915 0
15.05861046911557 3.738294386850478 0
14.99622325874436 3.725664339275585 0
11.23340284934208 4.220386868490007 0
11.31308738269989 4.128092634494442 0
11.31960616010224 4.21395531495916 0
15.24379698915976 0.7946825068444638 0
15.13996131079978 0.8931627714366916 0
15.11125766117031 0.7777335548169879 0
2.302181961447518 3.36337642043486 0
2.34059928431317 3.525495285246216 0
2.321390622880344 3.444435852840538 0
17.76442676562102 3.841558694921061 0
17.84194553369242 3.929822807859522 0
17.72710325753956 4.007770432590161 0
17.74576501158029 3.924664563755611 0
17.24974763066282 0.3953106864701814 0
17.21866420779323 0.2967686625742347 0
6.87214025605053 1.488073010133327 0
6.833200995170889 1.672730814674676 0
6.85267062561071 1.580401912404002 0
13.09226479792452 1.698024064624043 0
13.052602104678 1.608637652933439 0
14.63320996455805 1.73028353396571 0
14.51680911627766 1.732935895496663 0
17.95583947209705 0.4652592482693616 0
2.168676882595914 0.6134856302045932 0
2.242616800100729 0.6630725655710945 0
3.831046483136452 3.905944598300263 0
3.944707849584246 3.81992788519367 0
3.932430673636855 3.907578808894256 0
16.09426318032949 1.617862974025159 0
16.08584331858462 1.750135030638263 0
16.02956318095073 1.664110911025829 0
17.94108831925534 3.839738800346651 0
17.83533550769058 3.758494936653158 0
17.92837918436491 3.669170997219611 0
17.93473375181012 3.754454898783131 0
7.755693013409056 1.504744557379703 0
7.838387377396737 1.453763891263746 0
7.814067550383146 1.565696231159096 0
7.826227463889941 1.509730061211421 0
15.62744025163414 4.293101302440386 0
15.73777172425949 4.227632129848935 0
15.7041010395959 4.394562465082329 0
15.72093638192769 4.311097297465633 0
15.66333382726788 3.663860623975341 0
15.5990828844493 3.60920288203977 0
15.71510188709289 3.603973358352206 0
15.65709238577109 3.606588120195988 0
16.07089755479691 4.021623754342533 0
16.17176509201207 3.981994278005705 0
16.22325488961091 4.060588191062816 0
16.12238735239574 4.100217667399646 0
16.1470762222039 4.041105972702676 0
17.92462099066844 1.143961050689494 0
17.94569857688415 1.242462221660669 0
5.790707582123552 0.9889444976471919 0
5.866332967346473 0.9187897289494686 0
5.958383859502931 0.9846354729454916 0
5.874545720813241 0.9867899852963418 0
0.7319641613711045 4.893715403381965 0
0.8577180067481507 4.892914884704985 0
17.41759430513995 2.853791213082134 0
9.71738436138298 1.286407856242394 0
9.764310915924446 1.193765388218829 0
15.613459056916 4.069246415471318 0
15.52931820588713 4.00915005631912 0
15.57742476998214 3.947244428634304 0
15.66156562101101 4.007340787786502 0
15.59544191344907 4.008245422052811 0
19.47528578060825 4.634463267063633 0
19.22102720352988 4.652770013165886 0
19.33717620931261 4.523650857120239 0
19.34815649206907 4.643616640114759 0
2.936077275465221 1.111756902575836 0
2.969443990483378 1.188368394494385 0
16.28717828265886 3.855774398808562 0
16.19359877172221 3.790516705819163 0
16.24979124758467 3.715871014004056 0
16.26848476512177 3.785822706406309 0
2.213786161406858 3.150725739518571 0
2.248916489916713 3.279277316705303 0
2.167359834017821 3.236592267232614 0
17.57581523294228 4.206649294121284 0
17.63351930718504 4.289968333969415 0
17.53502059453653 4.353315144287337 0
17.5554179137394 4.27998221920431 0
16.14964377564942 3.651640528425889 0
16.30082346423074 3.639270128500589 0
16.22523361994008 3.645455328463239 0
7.362898221703832 3.973874642084136 0
2.560655473171309 2.879812898092907 0
4.083184064083237 4.347127410659726 0
3.992689376416589 4.262915261509021 0
4.091461501094663 4.260858911269327 0
15.47480261389553 3.772418882331838 0
15.51155913272567 3.890912556292314 0
15.42549271554062 3.915868376785403 0
15.38873619671048 3.797374702824928 0
15.45014766471807 3.844143629558621 0
17.6273412151278 1.871874554523288 0
17.68880895822799 1.966672373592373 0
17.59042879604879 1.943081363780783 0
2.27966454779674 1.939966203426308 0
2.331650817581977 1.834036232106394 0
2.378131872904033 1.913020409701425 0
17.95420152709627 2.480160546765207 0
18.01904482737292 2.523543170307312 0
17.96482253960635 2.610952615581458 0
17.95951203335131 2.545556581173332 0
5.525224741509396 4.114769328563902 0
5.527021315282866 4.314898740867117 0
5.526123028396132 4.21483403471551 0
15.32518760660341 1.698891049816836 0
15.20965798869512 1.706286428751902 0
2.181072280100913 3.032341325436606 0
2.271220465089658 3.064454021927431 0
16.05366261940559 3.586933380055116 0
15.95385414821853 3.51566191814579 0
16.0246550166767 3.512684505850608 0
17.89960044049992 1.046259932232606 0
17.92003337430066 4.59112753271623 0
17.81759265269731 4.490322353124842 0
17.93726300837394 4.394809466810461 0
18.03970372997728 4.495614646401848 0
17.9286481913373 4.492968499763345 0
6.47622938618229 1.76567542961998 0
6.350291834302011 1.860982925120042 0
6.255455882675162 1.772124233691876 0
6.365842634428725 1.768899831655928 0
8.967846604672321 3.953765302450847 0
9.177570181724626 3.917482199264256 0
9.072708393198473 3.935623750857552 0
15.91683315823363 3.605328041537955 0
15.81730045506183 3.528101755038267 0
15.88557730164018 3.521881836592029 0
11.10986794861491 1.147782649321762 0
17.22986393994435 4.170008223740127 0
17.23790407863592 4.296387446093245 0
17.16907351983132 4.233501515872224 0
8.567753058930748 3.162501899387828 0
8.656594198458052 3.255845055103975 0
8.573462935680347 3.310179389200919 0
8.570607997305547 3.236340644294374 0
7.989751774128079 4.458039699821512 0
7.753638671939912 4.474930352443859 0
7.871695223033996 4.466485026132686 0
6.36688560248701 4.086867507993709 0
6.2367648457518 4.175089909854445 0
6.145311378666128 4.066988813670321 0
6.256098490576569 4.076928160832015 0
2.041138522328142 2.501556974170021 0
1.988810053898986 2.462374936756167 0
2.047692292241148 2.393247970546793 0
2.044415407284645 2.447402472358407 0
17.89680451160243 1.63635357228607 0
17.68814773929595 1.632914090368531 0
17.79247612544918 1.6346338313273 0
15.92190633792559 3.833252382335271 0
15.96601469103059 3.750614305015674 0
16.05624051913681 3.806904053808367 0
16.01213216603182 3.889542131127964 0
15.9890734285312 3.820078218071819 0
17.16436517695001 0.4978007279747572 0
17.08119703881533 0.6026275604180549 0
17.04729318046136 0.5032741739708169 0
19.62259773438861 0.237842472672253 0
19.62141369826842 0.4759056922437206 0
19.62200571632852 0.356874082457987 0
2.200860587272674 1.60016527975497 0
2.108215663059491 1.618429184197078 0
5.106161678329592 0.9482883656928163 0
5.241176402357508 0.8548877635536862 0
5.225328017723788 0.9544190387207891 0
0.5024596428534611 4.350429673319435 0
0.5995778550836164 4.201808147723426 0
0.4572426413376469 4.241155308263678 0
19.7476028208711 0.8446382304792053 0
19.87390985374119 0.7374818078541958 0
19.87380141043555 0.8598191152396026 0
17.94645827184765 4.018356555399298 0
18.05039860293834 4.112154955892646 0
17.94515973230153 4.20404943347301 0
17.84121940121084 4.110251032979662 0
17.94580900207459 4.111202994436153 0
1.859845876660412 3.082112119092141 0
1.559199776626219 3.225534312273571 0
1.521073517764634 3.089047424912126 0
1.605909291513969 3.137948040856131 0
15.21500576442219 3.757567216722005 0
15.13680811676888 3.747930801786242 0
2.08676772632758 1.025868116367341 0
1.929535220452529 0.9881188661156428 0
1.965844407710728 0.8811823292258003 0
2.026306067019153 0.9535252227965705 0
13.8561214473018 3.358450052184544 0
13.87316486258688 3.448138616468164 0
2.098585683024751 3.005104474294857 0
4.472719248239297 2.130657257764556 0
4.708698794149872 2.131656998660282 0
4.590709021194584 2.131157128212419 0
8.630372123153801 3.998983854681534 0
8.497102133113586 4.066558851946246 0
8.52883686395681 3.986846533323526 0
19.29010441166119 3.64451759013661 0
19.19066031269646 3.755493099605293 0
19.18442173960887 3.653917448002947 0
8.786720785726539 3.576472815632172 0
10.93811288428642 0.630005047291498 0
10.92956120936442 0.732883410518971 0
5.567845982640863 4.001290238683042 0
8.751293300950008 4.016655169910621 0
8.859569952811164 3.985210236180733 0
12.26485427784016 3.969510994305216 0
12.2259530661903 3.871240860613828 0
16.92059257029478 3.875372569957719 0
17.00678247419901 3.822341894120299 0
17.73602717112561 3.757786668456974 0
15.27914508232636 3.858180240261682 0
15.32459687880632 3.69676167928525 0
15.30187098056634 3.777470959773466 0
17.9647251655173 2.92313658190595 0
17.87554489509263 2.944774955374206 0
4.946403408100685 3.225736191865511 0
4.826782564505724 3.301296989745365 0
4.768969072763231 3.207185182512875 0
4.857686240431958 3.216460687189193 0
9.765129203149121 3.945784814414066 0
9.618908846986979 3.850584651715398 0
9.744849206300833 3.829180859095243 0
13.3910723545757 1.864977366800177 0
13.54192511525149 1.952585109421092 0
13.42690451255835 1.956184159615963 0
6.4319010562007 1.951351030863339 0
6.56794484951666 1.858604937430657 0
6.544506135992462 1.95114343860159 0
4.850732579844781 3.935289939406398 0
4.924222709342222 3.941866769527597 0
6.843765926199477 2.136615149423827 0
6.726780632852548 2.136679046848708 0
13.14847274567184 2.142051345653007 0
13.26467849778643 2.140881642982659 0
11.67969599054145 4.337435839717237 0
11.84437048000885 4.384199584063652 0
11.64495595309083 4.482307794209976 0
11.74466321654984 4.433253689136814 0
16.47100906772018 4.001466204734523 0
16.37311487075196 3.926449641093199 0
16.45719057936687 3.924730878738473 0
15.95801007066413 2.117393010864827 0
16.17293815606062 2.100206796714257 0
16.06547411336237 2.108799903789542 0
3.730649187190397 3.901933658281677 0
13.47818676197472 3.297983663194703 0
17.88716249340294 1.997727499900611 0
17.78798572581547 1.982199936746492 0
2.082049881064394 1.970947320890046 0
2.180857214430567 1.955456762158177 0
5.94558277578651 2.116347143418834 0
6.153673329413084 2.134400685806001 0
6.049628052599797 2.125373914612417 0
13.84962121021709 2.13534404405361 0
14.08482339011748 2.133576590551108 0
13.96722230016728 2.134460317302359 0
12.56716188825674 1.8933136678902 0
12.61064900902928 1.823041775866563 0
12.5336481861603 1.831029533697661 0
7.406561295710985 1.749191563791091 0
7.508055373418146 1.865876171650031 0
7.530362163760588 1.767678321971411 0
18.50275881663822 0.5287507036263284 0
18.45847086049707 0.6491586171963175 0
18.31286450300345 0.593571826763162 0
18.40781165982084 0.5611612651947455 0
16.18232780059067 1.941296677027804 0
16.30095898508883 1.980622424749516 0
16.23694857057473 2.040414610731887 0
5.179727525328612 2.135045085939151 0
5.412546333393236 2.138404542041301 0
5.296136929360924 2.136724813990226 0
15.26167207224422 2.125940583793438 0
15.49665973250157 2.123774133438579 0
15.3791659023729 2.124857358616008 0
18.48845373472859 4.291259450160986 0
18.38013102103446 4.39254061680468 0
18.37799728738914 4.295273664414683 0
3.439373040964242 0.9294467022295012 0
3.561664761955135 0.828473212911182 0
3.5553971332738 0.9269545331791851 0
17.06511821698438 0.9017595116336283 0
17.14655578694711 0.7983273876187273 0
17.17733033790078 0.8950589396148243 0
15.8729144664441 3.916445882547944 0
15.8308319005291 3.774673366249639 0
15.8518731834866 3.845559624398792 0
5.105509642719129 3.543068797802811 0
5.064452399308678 3.629984128055857 0
12.28960862913666 4.060395554461003 0
19.88356314108026 2.889678095178664 0
6.096395760075528 0.6282436029766987 0
6.108301842824682 0.7870588783073904 0
5.947489762199677 0.7943622684579363 0
5.935583679450524 0.6355469931272446 0
6.021942761137602 0.7113029357173177 0
5.13819611590314 0.7453515126240977 0
5.000939070138299 0.8427745338169816 0
4.895168472756317 0.7351505741207158 0
5.032425518521157 0.6377275529278319 0
5.016682294329729 0.7402510433724068 0
9.434595098987623 3.10790613975311 0
9.489734948284676 3.206968974994413 0
9.407978639142769 3.245824366228039 0
9.421286869065197 3.176865252990575 0
13.40790138697796 2.884009073565776 0
13.30466003953115 2.898794804176152 0
17.62700321090208 4.100075688210852 0
17.54746936556037 4.130590064755642 0
12.91974468380944 3.369365876314514 0
4.527437446080476 3.123875083240482 0
4.601970840772142 3.202785193760493 0
4.513822077154333 3.294194829836252 0
4.520629761617404 3.209034956538367 0
19.36445501103606 1.350465988907682 0
19.46891117463428 1.463889692374632 0
19.35060035150884 1.541472244494786 0
19.35752768127245 1.445969116701234 0
0.4922092315846456 1.403011686602935 0
0.3751038680666774 1.39924014883987 0
11.22695758397765 4.038939962459387 0
11.31522159255421 4.040200799028563 0
4.660524873209322 3.926777411250859 0
4.755628726527052 3.931033675328628 0
14.55591351354984 2.130855154347885 0
14.79126694959283 2.129532466529867 0
14.67359023157133 2.130193810438876 0
11.03364675020972 4.041272717986107 0
10.93275652398423 4.14024368430539 0
10.93039811911536 4.04273553707362 0
9.590755113373953 3.172373471815707 0
9.56148942550532 3.24071215138988 0
5.830150847433304 2.145776394782997 0
5.882102304950337 2.057034142052252 0
12.85782190538376 4.889675076870597 0
2.811098698630618 0.8630690155510559 0
2.868603533786103 0.9563259250293439 0
2.769995526396972 0.9415292547448586 0
15.45934448457687 2.983611789895348 0
15.40678959691119 3.07882264061666 0
15.29438881601825 3.027597774696851 0
15.37686665029756 3.0056047822961 0
3.888767992963202 4.264468204174495 0
9.118103750673779 4.782856809647454 0
9.246499821996403 4.893524829267638 0
9.121551875336889 4.891428404823727 0
19.74934361162253 0.1209662999729728 0
19.87467180581127 0.1229831499864864 0
0.9377193482102104 2.399974842632357 0
15.65920026046862 4.143081723304752 0
15.74655433612866 4.076427011140263 0
15.74216303019407 4.1520295704946 0
16.67799689395579 3.146943686636344 0
16.69996835923082 3.012522736543647 0
16.80722715920905 3.039977241101121 0
16.78525569393402 3.174398191193819 0
16.74261202658242 3.093460463868733 0
6.301001293823084 2.041339681304936 0
6.325646564062548 1.951161303212489 0
13.69541774940973 2.043023056173048 0
13.6209651972058 1.855846907768229 0
13.65819147330776 1.949434981970638 0
16.19963348591364 0.7787932805421565 0
16.2693095625444 0.8590076649892324 0
19.74587049861725 4.876124454049204 0
19.87087049861725 4.751124454049204 0
19.87293524930863 4.875562227024602 0
6.338990985923104 2.884229122842548 0
14.30609962576597 3.443506418931992 0
14.23092585885616 3.439343509732677 0
19.05584498830477 4.336630637645735 0
18.93018800132804 4.256507616767092 0
19.14588504509221 4.22358663510264 0
19.03803652321012 4.240047125934866 0
14.89451314581064 3.334746448660832 0
14.83921421063431 3.244721694331127 0
15.53668026941858 4.671721777963587 0
15.40790046761174 4.650528413142541 0
0.2330024089272396 3.587460607074171 0
0.1165012044636189 3.606230303537085 0
4.409679246500815 0.7241873908175811 0
4.544219270416203 0.6240434848948722 0
4.652203048949614 0.7284495596919154 0
4.530941147725216 0.7263184752547482 0
7.362929125822586 4.549820840773785 0
7.366694464592253 4.664883200724885 0
7.679027891109409 4.385225095218486 0
7.577748937071785 4.331840256756276 0
7.632434034764711 4.248125962999067 0
7.65573096293706 4.316675529108776 0
2.033051851267018 2.629329927636681 0
1.974169612924856 2.56331690976735 0
2.03709518679758 2.565443450903352 0
3.334168470608432 3.367342916937979 0
3.241750051143717 3.356535205745747 0
19.62162931876894 0.7132594005170254 0
19.621746932968 0.8307127370959502 0
15.58804757104597 0.6603685056810988 0
15.55285549321676 0.551031137460209 0
18.97638553066717 4.671476651598208 0
18.73647976428659 4.683932039067993 0
18.85643264747688 4.677704345333101 0
18.32623609787536 0.8992724046440435 0
18.35483731752142 1.003854007594056 0
3.31744754614297 3.959349218415497 0
3.23840740949189 3.863233857801407 0
3.335318358060984 3.873438149814959 0
12.17252063106931 1.126699219168275 0
12.30932436652354 1.111417827450108 0
7.689566990220751 0.9685431205943085 0
7.813950367416147 1.061464523414184 0
7.692369528294578 1.074182482301939 0
16.10423667278332 3.730661830576942 0
16.00825551653949 3.665954682206169 0
16.07894964609445 3.658797605316029 0
15.78966136411502 3.635036619957583 0
15.76620117107736 3.566037556695236 0
3.35125657261696 1.704959529027779 0
3.23560932719514 1.696444994414471 0
8.590204240530984 4.543176305404731 0
8.600733610423706 4.659783349009361 0
9.222595168256699 3.618233655345203 0
9.265462856299957 3.805054981181213 0
9.244029012278327 3.711644318263208 0
3.125126699601953 3.935186535176093 0
3.144374222481373 3.850587326321644 0
14.8143723568042 4.612881074443349 0
14.95728898133619 4.534160704770432 0
14.92226546526262 4.628456229216486 0
10.54680280870222 4.567523388771021 0
10.53266521478291 4.462141923683169 0
3.574245825840874 0.6254432061859678 0
3.567955293898005 0.7269582095485749 0
11.39697779162787 3.369526520490358 0
11.39149187259392 3.465398886358344 0
15.50652123941666 0.7736082654840526 0
15.37515911428821 0.784145386164258 0
0.5072668184741413 0.6848725151223685 0
0.5406278119685801 0.5755535636472795 0
1.303151175923301 4.56555810548965 0
1.2865655187084 4.354791631810254 0
1.294858347315849 4.460174868649952 0
13.56919000176221 0.9501040612804799 0
13.60499362319231 0.7831183852334804 0
13.67980608813231 0.9209304795067135 0
13.58709181247726 0.86661122325698 0
6.401011768109951 0.9902001921675012 0
6.38990024857001 0.8516666426432162 0
6.511656711484264 1.01033059284091 0
6.450778480027138 0.9309986177420631 0
7.911154689345422 0.9676429271555615 0
8.02370311833424 1.049810678252801 0
7.918826742875194 1.055637600833492 0
18.38366097974772 2.784433402363885 0
18.31486754319599 2.729749006236891 0
18.38986023135138 2.717007642694056 0
16.09737025380289 3.924328723478978 0
16.1456026180757 3.866758929050587 0
16.21999745628488 3.924424483577314 0
16.15868385504389 3.924376603528146 0
16.47797388742011 2.922882330366209 0
16.40399019650599 2.845776100049866 0
16.50146227161262 2.84658114926181 0
7.360707649014012 0.8504522195172559 0
7.262757817930377 0.8268857079104022 0
12.46912437580976 0.7890017037264716 0
12.50063729812257 0.8870981349777569 0
0.1162745224305439 4.768481904396813 0
0.2412745224305439 4.893481904396813 0
0.120637261215272 4.884240952198406 0
4.740834344444224 2.948766466582582 0
4.651215864710379 2.858956727869174 0
4.757531151045558 2.859523217369996 0
0.9013317695338952 3.514337274834128 0
1.074064550082277 3.532884422407978 0
0.9876981598080867 3.523610848621053 0
15.57591075638857 3.819190837803245 0
15.57666776318535 3.883217633218774 0
13.99932225379525 0.5956064056752717 0
13.95201500354797 0.6967617435993814 0
13.82146398554266 0.6344716995366997 0
13.91039311966896 0.6150390526059857 0
18.01331133007006 1.949605194711722 0
17.98000516291026 2.021910439928283 0
15.2228742029071 3.12529908684799 0
15.18126749781622 3.03450745785636 0
1.827438895553215 0.4622006349260648 0
1.715181267623318 0.3447715975489789 0
1.839742744747005 0.3484416241563304 0
0.2439869032703257 0.1184285188914096 0
0.1189869032703257 0.2434285188914096 0
0.1219934516351628 0.1217142594457048 0
12.55988917407238 3.54232907027405 0
12.55050934845885 3.449680623941265 0
16.30593404437798 3.995099725861952 0
16.38903961609157 4.077118683628212 0
16.30636046132449 4.142607148829077 0
16.30614725285124 4.068853437345514 0
19.32777495561547 2.663207068666325 0
19.30467719900638 2.835274542732874 0
19.31622607731093 2.749240805699599 0
11.91117668569917 1.082672968760714 0
12.04184865838424 1.104686093964494 0
15.66627904192382 0.873425981977487 0
15.7110263031992 0.9753317623723992 0
7.904280972545195 0.4003833518575113 0
7.8979683557036 0.3008629133874048 0
19.18900735861671 4.427602196344099 0
19.08808865283517 4.549915348045334 0
19.07196682056997 4.443272992845534 0
7.29523389966332 3.09060692545108 0
7.47142966473291 3.090151828706752 0
7.47562064678753 3.166276358346138 0
7.299424881717941 3.166731455090466 0
7.385427273225425 3.128441641898609 0
8.152050968606421 1.59628431777563 0
8.153509470084439 1.518451031337167 0
8.576824073419026 3.39833746983289 0
4.656484091225982 4.321532105739794 0
4.770556105350042 4.290786423914725 0
14.80095269150377 0.5467838063074506 0
13.76588483204015 2.9765359712274 0
13.62402392289455 2.874550720090973 0
13.73499774910675 2.873407969692405 0
4.43512281854402 0.5189811473573749 0
4.300749381085867 0.6210473439758364 0
4.312955359645767 0.5181458885036534 0
0.5903332308174853 1.309829503756332 0
0.5939084381207458 1.404139907305509 0
9.365457231312599 4.788759428046692 0
9.370228615656298 4.894379714023346 0
16.29655616351842 3.925437062335257 0
8.108530411673962 4.470040819174825 0
12.94428031299228 3.085094065135194 0
12.99015267412157 3.146886768578994 0
3.008337888620344 4.006954995497092 0
2.8941009459895 4.075567636872243 0
2.824978929985347 3.974697385773296 0
2.916658409302846 3.990826190635195 0
13.37552047684026 0.9958790880895116 0
13.26735891358634 1.009554169827338 0
6.651466507862095 1.010930832439206 0
6.748022985479374 1.005206332669504 0
8.23633883934046 3.586807900516378 0
8.352905857667292 3.587128831706739 0
1.195393148934823 3.507446055125848 0
1.146100833806969 3.591451791306445 0
15.12692081542316 0.9715758644813104 0
3.519363203995683 3.384950134418789 0
3.620257934111975 3.304846260298994 0
3.615052831269237 3.389118377099281 0
18.03917657309069 2.646676293380831 0
17.97433327281404 2.738433653917432 0
17.96957790621019 2.674693134749444 0
12.02562104702117 1.437525906267555 0
12.0823198984519 1.487672343509487 0
7.881801883948857 1.382027981625781 0
7.742626701151 1.414977461770592 0
7.812214292549928 1.398502721698187 0
9.500754048130741 1.411732966219105 0
9.587328466981019 1.534319509125778 0
9.474982286299991 1.506955274212294 0
1.902350699855404 1.115968940246693 0
1.818579663291288 0.9699141983902202 0
1.860465181573346 1.042941569318456 0
12.9194890410749 0.5798436562270834 0
12.89729331849724 0.3923765466434599 0
12.90839117978607 0.4861101014352718 0
4.050185992250154 1.726399795985021 0
3.920619817336273 1.824649667929627 0
3.933032136661142 1.724129599512618 0
10.11205783721329 4.894276768153079 0
15.34627897786707 3.210017432301648 0
15.2577050845835 3.308917570822416 0
15.2402896437453 3.217108328835203 0
11.14698886911026 4.319875113295559 0
11.04411281661644 4.233193316400233 0
11.13052679684826 4.133705071594681 0
11.13875783297926 4.226790092445121 0
16.84383464079558 0.916733787027292 0
16.95447642888998 0.9092466493304605 0
16.85776106617683 3.984850177579623 0
16.82042684881051 3.891473277272937 0
4.605690950377468 4.437133343960681 0
4.500940350067154 4.404979068102201 0
4.578712220646567 4.363255586920998 0
12.82215007968493 0.6741589487300352 0
12.93795462749146 0.6710006111576807 0
6.202863003800907 4.375616484645978 0
6.305747552082178 4.484071648085902 0
6.070601612943728 4.471945969994183 0
6.188174582512953 4.478008809040043 0
4.179415499408771 4.421816581721327 0
4.083898113143614 4.516770921773309 0
4.083541088613425 4.431949166216517 0
18.61411072134323 4.584356133108505 0
18.49459174254446 4.489084969667088 0
18.60497809776879 4.382543406717609 0
18.60954440955601 4.483449769913056 0
18.09677496022032 2.565527437543789 0
18.08305367121319 2.499808970335609 0
14.85215802233543 4.457869661554034 0
14.94053474596277 4.450471161207277 0
15.6271633064849 0.7668972438292929 0
16.73767676065038 0.9257151443431584 0
19.50876573820918 3.859021369313345 0
19.63520469782591 3.746682987046875 0
19.62859418259879 3.86426238906398 0
0.8455169662420534 4.006658148457383 0
0.829998224930879 3.91337401106408 0
1.895123321608443 3.450089507114359 0
1.933556638505104 3.502125799514904 0
1.47783378096997 0.566935095210076 0
1.484523692704711 0.7206394100836104 0
1.338149838956571 0.5828529049076612 0
1.41133676583064 0.6517461574956358 0
9.146056583982995 1.157463794295644 0
9.10599855163597 1.070885591776131 0
13.24084600066728 3.200082063250893 0
16.35780858264508 3.560835421785342 0
16.38091917834872 3.63132733658558 0
2.839478234802964 0.6425080659883633 0
2.726549649948071 0.5366179999866993 0
2.846687017663039 0.5366223417759759 0
9.227346191053766 0.6403416794939982 0
9.308896052020231 0.7271405375703881 0
7.351616366444656 2.852738795248772 0
7.25588308115857 2.938080645142445 0
7.243166195078227 2.854180306649928 0
16.089253696847 0.7675610215521358 0
9.333703434618247 4.188564612226662 0
9.452794315292129 4.281395328819976 0
9.349467309926485 4.381827111839494 0
9.341585372272366 4.285195862033078 0
2.924844743287291 3.161170416856419 0
14.57627013542539 0.9473018932164472 0
14.46506261370237 0.94998029452301 0
2.902340404625662 1.03404141380259 0
17.45304800194534 4.550935216848485 0
17.55872577369652 4.677986246234745 0
17.43671454118221 4.667174062982706 0
11.50386232090752 4.716612002992759 0
11.58839267696146 4.599261205290386 0
11.60583546770765 4.69751880558146 0
9.469389279419788 4.482339581622299 0
9.357799921468219 4.581612524917553 0
9.353633615697353 4.481719818378523 0
9.710182591635819 0.7650578657844127 0
9.775569765219846 0.6595726423196393 0
9.80524518947591 0.7467502057592956 0
2.024929816923957 2.759239310041574 0
2.028990834095488 2.694284618839128 0
14.68770577237794 0.9465630765372199 0
15.31685934673194 3.493189816759288 0
15.4249621927628 3.601579443464024 0
15.32072811276913 3.594975748022269 0
17.94134192147384 2.365846499819877 0
17.95775103918541 2.304550158863054 0
4.036697585976721 0.8234341650570782 0
4.144814152104828 0.924672383449304 0
4.025826042369826 0.9240630410026116 0
6.634749499642304 4.794888398677136 0
6.752952750026044 4.897552146897048 0
6.629874749821152 4.897444199338568 0
18.06784645747807 2.758448510469213 0
18.0098086923708 2.836530751721158 0
17.99207098259242 2.787482202819294 0
2.698302817455541 3.542243752852395 0
2.673619354817644 3.604710838394023 0
5.474931351716792 4.410675143637603 0
10.80318597080427 0.5203735316286424 0
10.55242200019196 0.5162212818084244 0
10.67780398549811 0.5182974067185331 0
15.51207480016137 3.695821839476318 0
15.51197027705073 3.514960486027476 0
15.51202253860605 3.605391162751897 0
15.33186571842096 3.929974278345305 0
15.26682128064336 3.92156043812794 0
17.90717863118208 3.50700781257151 0
18.01288920522644 3.578549609044824 0
17.9177789077735 3.58808940489556 0
11.39909721453496 2.959386040222152 0
11.29140433269568 2.860801145432681 0
11.39571341017415 2.864833004189781 0
6.476935667748797 4.09467991783424 0
11.98802946906661 4.377587730881118 0
11.9043547380925 4.296594061421862 0
0.6735017345644216 1.833873653314758 0
0.5708876847105167 1.760619381872469 0
0.6551520994948969 1.75759893523862 0
6.876014805651847 4.896725883268899 0
0.5274024601785996 2.541019645820674 0
0.5270331243933715 2.645639326336816 0
17.74111935457335 4.202556288600354 0
17.83410707076785 4.297528080083326 0
17.72650702337954 4.384940125452387 0
17.73381318897644 4.29374820702637 0
9.705201446407495 4.478782007742182 0
9.595443376564443 4.583006019370032 0
9.57914734926284 4.378115569994449 0
9.587295362913641 4.480560794682241 0
7.464158359755427 3.314323226610174 0
7.457873520622002 3.401625770708746 0
16.76266003526115 4.094478062243354 0
16.85816641439266 4.076266819671361 0
8.989550244048949 3.179988530284727 0
9.02069372303934 3.056689671221074 0
9.058529387053833 3.127289417862808 0
0.4628162185333551 3.552323054609479 0
0.3530715331771663 3.686207137079704 0
0.3479093137302964 3.569891830841825 0
3.301514076883091 1.304713630523084 0
15.98565946702584 3.98683716199152 0
16.04151486041436 3.955582942735249 0
18.01595647454518 1.737757123714824 0
18.00735572556284 1.638075518121122 0
1.164629287942383 4.256076248151139 0
1.282346444415321 4.244405041391194 0
2.274003860508119 4.901194341098376 0
2.409007413900367 4.798579744718483 0
2.392003706950184 4.899289872359241 0
11.13030216709369 4.040106340222748 0
16.60340106004296 1.301170061095874 0
9.482079398181282 4.687037272418722 0
9.241177754599535 4.683334680545522 0
9.361628576390409 4.685185976482122 0
16.12491964542951 3.798710379813765 0
14.92712443821203 3.609526057627974 0
14.96737397745623 3.532425552635975 0
14.98896080599404 3.598149065241945 0
14.04924752997517 1.744270633081249 0
15.44242836813031 4.008730447470954 0
15.38714704327564 3.969352362908129 0
7.047971789155224 3.309707638219097 0
7.033037452738382 3.396457189674297 0
11.00772377679882 3.159862535950502 0
11.11325366432898 3.265499365036576 0
10.98977976690574 3.260986683469021 0
19.4659887851282 3.011342433878186 0
19.38486874580286 2.920580616255873 0
19.47346101735779 2.921307592408159 0
17.65819671938425 4.788134030322029 0
17.76419618184518 4.895981384746316 0
17.64159835969213 4.894067015161014 0
19.36514179196784 3.069045729965184 0
19.44286007049276 3.101546763001936 0
0.5307180341795892 2.438199692899116 0
3.14877974117886 4.214164952214892 0
3.276756361662335 4.136815690867537 0
3.226530970211011 4.322668653171402 0
3.251643665936673 4.229742172019469 0
6.149648548485816 1.787325427480703 0
15.61318294265441 3.742593794947726 0
15.54399277827497 3.757506338639782 0
18.12249014967238 2.862962830772341 0
18.04360765759484 2.893049706339145 0
5.171440684272469 0.5378328224051911 0
5.048374028726638 0.5330920365448755 0
17.29752943162916 3.631530785316373 0
6.573422340706651 3.206412061273842 0
6.496515282179093 3.162819624182706 0
18.37697180306568 4.897400309973973 0
2.072756592434899 4.510789250164159 0
2.000205570076869 4.676566611872383 0
1.861182640562246 4.607799237123873 0
1.933733662920277 4.442021875415649 0
1.966969616498572 4.559294243644016 0
8.019029547734943 0.8768895014262088 0
8.127885727572032 0.7977767254959476 0
8.225611029304703 0.8902171249015809 0
8.116754849467615 0.9693299008318421 0
8.122320288519823 0.8835533131638948 0
10.83980475421741 4.243725472973971 0
10.73136723828113 4.247146030125265 0
7.369303872056865 2.993988149667168 0
7.275558490410946 3.014343785296762 0
5.212567367475637 3.063847272808917 0
5.077390691960986 3.149021939415395 0
5.113222342036697 3.055620696772194 0
13.51596265493626 2.879279896828374 0
3.619097125359049 2.939741240961322 0
3.518427019242019 2.850740290729556 0
3.614584738892406 2.855010604559366 0
6.010327340226766 4.155063308539356 0
6.033197219768985 4.054920100697258 0
16.56489691304314 4.085042965208935 0
16.48292746141452 4.160695444102624 0
16.47696826456735 4.081080824418573 0
11.11622255161098 3.058945991168618 0
10.9931103878363 3.059370787500638 0
11.99778340784401 0.2823533423854547 0
12.12861560145993 0.3849814215533875 0
12.12864174399224 0.2870694837334167 0
3.703873624154015 0.5195333910535107 0
3.581861729278838 0.5219003570551153 0
17.33827497615197 1.470362074345493 0
19.42938224338976 1.852388493188895 0
19.41146729366262 2.069295840493784 0
19.42042476852619 1.96084216684134 0
14.24884747849272 4.326608217088717 0
14.29907744762586 4.537628839294028 0
14.16512403541675 4.450096587450913 0
14.27396246305929 4.432118528191372 0
18.61740404902879 4.687671640294016 0
3.325209045897347 0.9365436435458798 0
2.015215076342079 1.130518228160865 0
2.102959890881891 1.107569385713699 0
17.07826033991414 3.151321719808232 0
17.10974044684646 3.03346148422738 0
17.16021417893922 3.118023989256506 0
3.438908225835196 3.296372554684721 0
3.426765837302057 3.376146525678384 0
12.65956803662697 2.860386781327552 0
12.54555498806687 2.958971676117023 0
12.5547675843196 2.864625822137217 0
4.352212515425025 4.411595587661307 0
4.261507509624995 4.491979636947466 0
4.265814007416898 4.416706084691318 0
18.71017649554067 4.277573424465634 0
18.59931511513463 4.28441643731331 0
1.606656911782981 3.350826222206283 0
1.428983724763158 3.27599368654712 0
1.517820318273067 3.313409954376702 0
11.57008984031802 4.333270888451568 0
11.62134745990922 4.269154878561827 0
15.66667399823958 4.582502864100462 0
15.65386863411215 4.685298855410344 0
19.2916816273802 3.003696463743057 0
19.29817941319329 2.919485503237965 0
14.0788605160213 4.574901784292483 0
14.20585913741145 4.66692090013432 0
14.0969339865368 4.680652353063611 0
19.29293900171211 3.849772707390682 0
19.19388623087917 3.949947507291139 0
19.19227327178782 3.852720303448216 0
4.502050780264215 3.442136311158258 0
4.61507741350351 3.421905774072106 0
4.546471100381376 3.483478379440912 0
11.54029567395475 1.289721094901906 0
11.51414599238007 1.369800496032731 0
8.768770976588755 2.94057712657218 0
8.686813838583888 2.85274833569561 0
8.788235709129804 2.855428547364795 0
17.89826988755025 4.793861185197799 0
17.88663494377513 4.8969305925989 0
2.397178460834859 3.294900206363842 0
2.323047475375787 3.287088761534573 0
0.343601277072608 2.195427432065097 0
15.81285509050438 4.004020307129162 0
15.7372103557577 4.005680547457832 0
11.59550035366222 1.124047192250912 0
11.56789801380848 1.206884143576409 0
2.531439694096639 1.473421000587266 0
2.613270370260619 1.465508666954386 0
11.67339649007943 0.9685498609801422 0
11.72187347906575 1.084532843957748 0
11.63444842187082 1.046298526615527 0
7.503704962165456 4.187915024184568 0
7.600973947086809 4.164683703182047 0
4.557571825058934 0.5207400552833588 0
14.85541017064427 3.447548770290684 0
15.0064769526226 3.419623231006123 0
14.93094356163343 3.433586000648404 0
18.82018224843435 4.267040520616362 0
18.09969950096564 3.477074629633976 0
17.97701822601373 3.413276752067868 0
18.17520355184392 3.371079898008616 0
18.07611088892882 3.392178325038242 0
14.0301882291533 4.358252947461024 0
14.0545243725873 4.466577365876754 0
19.58780568970158 1.49603699190248 0
15.57679977287388 4.183930539913243 0
15.54403616353713 4.260057655808351 0
8.328091404305889 1.272022704044302 0
8.33679419613506 1.35355972024123 0
6.163174890446816 1.150000839746913 0
6.363438718692018 1.083510651268558 0
6.427431352073184 1.181126286328725 0
6.29530312126 1.165563563037819 0
13.69613739372428 1.13184796175608 0
13.79106125207289 1.028665946826011 0
13.82652131624117 1.137614815592196 0
4.276731106825139 0.8250401673924246 0
4.26457518476707 0.9261358007383522 0
3.198185832980442 4.036110163187201 0
3.297101953902652 4.048082454641517 0
2.599241288844778 3.290638830147797 0
2.524196793340021 3.24493209516669 0
2.594426556664722 3.21950004742663 0
17.60169456879518 4.474530073926704 0
17.38637402768669 4.429720287209117 0
17.49403429824094 4.452125180567911 0
10.31296111925836 0.515944617503088 0
10.42559425268521 0.4148604533794598 0
10.43269155972516 0.5160829496557562 0
2.121028251291303 4.720472082539557 0
2.069953813468023 4.900102518761244 0
2.035079691772445 4.788334565316815 0
4.054301917007935 3.735472360325614 0
3.955305222663094 3.734484835656661 0
1.645596532898933 2.129317317095289 0
1.495539320804484 3.806654636716563 0
4.519148669553745 4.713432471355865 0
4.310903197110742 4.714254929578939 0
4.426138545455085 4.6258382530912 0
4.415025933332243 4.713843700467402 0
1.728055667076298 4.526493371829392 0
1.7595868962976 4.63198253956816 0
0.5639883849116583 1.881318987964615 0
0.4964649929217302 1.81230590394067 0
11.8669961174969 1.657449939108855 0
11.82150411283312 1.777304062962467 0
11.84425011516501 1.717377001035661 0
9.72350686110231 4.686555507479894 0
9.602793129641796 4.686796389949309 0
18.21496325281986 3.551871114969152 0
18.11392622902315 3.565210362006987 0
19.75396998304801 3.625056599377634 0
19.876984991524 3.625028299688817 0
13.81740068275289 3.173499749667744 0
13.79164275739652 3.075017860447573 0
8.579120956744617 2.942059588761083 0
8.585717817368465 2.856169778459247 0
9.819940272295272 3.179130612409107 0
9.681675781604545 3.153606981666255 0
9.764214011872742 3.104009673815281 0
9.750808026949908 3.166368797037681 0
6.88143435013672 4.494464461511599 0
2.006249528731454 2.076306621840348 0
2.031468284781317 2.233140669837481 0
2.018858906756385 2.154723645838915 0
2.674179006257184 3.405106505491348 0
2.636710147550982 3.347872667819573 0
14.68916398663023 4.573805519942977 0
14.77066100448283 4.515837590748506 0
1.949399749737509 1.188981587416458 0
8.153088532644569 1.746234849045724 0
8.160203458083704 1.875125586482337 0
8.156645995364137 1.81068021776403 0
5.379950240250778 0.7607528585466774 0
5.498418269283152 0.772974072745666 0
11.07030398810045 0.5279009277002848 0
10.93674497945236 0.5241372296644637 0
6.945027330112095 3.216150474612913 0
6.737782351865752 3.213249095906404 0
6.841404840988923 3.214699785259659 0
9.118749353251284 4.677160773409228 0
18.23390884052768 2.861301197254257 0
18.35885923835565 2.879743582352267 0
18.28148955154344 2.929592512139877 0
16.33112370285696 3.492751178784448 0
2.290695189023436 3.599801878942191 0
4.167801241410189 0.7219001205506799 0
4.047447417055642 0.7217499585674454 0
5.969662724227644 4.359148137257498 0
5.951466916479107 4.46357863302366 0
8.735607132256998 4.272110486250929 0
8.727981749577042 4.163074676218583 0
8.859830457737242 4.268074194612722 0
8.793906103657143 4.215574435415652 0
18.04560105741056 3.928272547886427 0
17.94377329555149 3.929047677872974 0
13.15821473658555 1.311135619931947 0
13.312174663242 1.392726048155753 0
13.1981634714395 1.404085217988519 0
6.784214636441099 1.389422831944639 0
6.914055121015675 1.300403487183139 0
6.893097688533102 1.394238248658233 0
7.298862974221384 1.655584956822163 0
7.282184257701603 1.579473057556243 0
12.67702101230785 1.738661653094195 0
12.63379508170822 1.659670637259622 0
4.288740243955504 0.7230437556841305 0
14.70944040585092 3.613348329894965 0
14.57292644059779 3.632034234361607 0
14.64853165695531 3.690617177183486 0
0.6878676724688191 3.524167673195423 0
0.7945997210013562 3.519252474014775 0
3.065925928974702 4.409869667304585 0
3.188425819541973 4.427348503022182 0
5.683526096346963 0.9822608055807072 0
4.53956943964897 2.94795767810094 0
4.545252273586522 2.859118823129176 0
7.463262791506065 2.942050048314244 0
7.458502475313383 2.856165008235827 0
19.40597317263142 3.747856378174388 0
19.39573156728987 3.960937698529638 0
19.40085236996065 3.854397038352013 0
7.469770216506755 4.308563048470205 0
7.365621649652994 4.283931435696925 0
7.434663305909226 4.235923229940746 0
9.791970442705207 4.161941299210596 0
9.658067270562725 4.061631866858882 0
9.778549822927165 4.053863056812332 0
17.69278019811295 4.579912301599159 0
17.70964361074625 4.482426213525773 0
9.317406541678334 3.339397700588599 0
9.362692590410552 3.292611033408319 0
16.29821876700409 2.929295557985952 0
16.30581328190272 2.849787763071681 0
11.54703640682119 0.2418077546431068 0
11.47875307037136 0.3625043912773567 0
11.44645168828774 0.2737843508183375 0
6.597299365154125 0.358320651199314 0
6.535234617393566 0.4801650804851354 0
6.627742407571522 0.4517434999881451 0
13.4590141361401 0.5319998035892879 0
13.37950237213393 0.4390947158744751 0
13.35623605724426 0.5149542545761938 0
14.0619148847671 0.4848156515152118 0
14.10492785057322 0.5803108983409517 0
3.825563801557315 0.5184672497625491 0
2.207061539492413 4.62147118307288 0
2.194417503074478 4.503295652086642 0
4.70387137340045 3.365625071994212 0
4.786909392178932 3.381993960127261 0
17.22811633028299 0.6939307835072634 0
17.11387641288122 0.7004774740183912 0
3.369085855369121 3.022756462741677 0
3.264284272130213 3.021727591146768 0
2.704366023756379 0.7384984773072785 0
2.82528846671679 0.7527885407697092 0
0.6451076782804019 1.90413846950903 0
12.73274431308497 2.956490531869476 0
12.76237529538875 2.863385250013443 0
10.29150007329095 0.3121981099811064 0
10.41415952483189 0.3116428866890333 0
9.655235296240512 3.451389411778219 0
0.471696278748805 0.7813517464914232 0
13.11918161445114 1.218492430785085 0
6.933361877893944 1.201879706507747 0
10.18575200584793 0.418727355605272 0
10.05087435078106 0.3177681339379661 0
10.171187212036 0.3149831219595365 0
9.814246599201432 4.372087347842472 0
9.943702922982347 4.474149749241755 0
9.834657770188409 4.580844409141466 0
9.824452184694922 4.476465878491968 0
8.876472923827517 3.12189210382663 0
8.82748772513639 3.033808150755818 0
8.924090724087865 3.045248910988446 0
17.60659584025862 1.726997712145081 0
17.58933976900893 1.638478823635222 0
16.67685003501381 4.181429711667978 0
16.66377847415214 4.089760513726144 0
5.98331567589996 0.8866099482126497 0
6.0916650140964 0.9082061099519192 0
6.066733197699371 1.006231634684761 0
6.025024436799665 0.9464207914487055 0
2.393836192695234 1.562278226196177 0
2.328101568278051 1.667029538392653 0
2.297348389983954 1.581221752975574 0
19.4439150979211 2.577799924325631 0
19.53751322456077 2.598989474307499 0
4.705561778682553 3.123206557136525 0
4.627718203266779 3.034549942488713 0
4.723198061563388 3.035986511859553 0
9.857021952100164 0.5389160777654907 0
9.743983656191212 0.5573961939657663 0
12.42084505656345 0.5908022337852747 0
12.27549590344759 0.4929976817308073 0
12.40772467189901 0.4907948422955393 0
13.0128236551795 0.2974861588331041 0
12.89079181577898 0.2953730348614707 0
9.727430999360937 1.423339343242144 0
9.60906920475686 1.34907041123075 0
4.157471698013032 3.733680779445513 0
9.068217969412647 1.28814245489322 0
8.957557700925225 1.301357896472781 0
11.22089695663335 0.5337460031002286 0
15.47531082083072 3.440258679247343 0
15.54820813160548 3.465485716938595 0
4.985901461601024 0.9436303823266003 0
16.51091789493085 1.75310386295878 0
16.52338669414731 4.795136798868437 0
16.57419334707365 4.897568399434219 0
16.83601064031798 4.64226531671156 0
16.90436679268088 4.724267818203668 0
0.7701647610645246 4.093655596804465 0
0.6848713080740705 4.147731872263946 0
12.34919161469934 1.549065138210432 0
7.699020792806248 1.465772246144844 0
3.434092653014593 2.932043878302693 0
3.421412396603146 2.851161923230052 0
6.410826199629386 4.588557905999151 0
6.52118493363039 4.693179350325185 0
6.401344194044257 4.69086714657476 0
4.773685760852967 0.7318000669063156 0
3.46711853700263 1.710154860180577 0
15.79206634424829 4.508105261100628 0
15.89685364161168 4.520533883321218 0
14.12614020876609 4.235174442151086 0
14.01226800432627 4.247574137664017 0
15.10966916177732 4.256547660926453 0
8.775572311239067 4.420252134516355 0
8.926103398237615 4.347723003254643 0
8.892988305102666 4.443789479363917 0
4.236707635169974 2.129783534995899 0
4.118741493842379 2.129326673333041 0
6.801334785468835 2.863685577001204 0
8.816674568062112 3.207139353318009 0
8.903112406055531 3.193563941801368 0
11.84194019128559 1.912360790771034 0
11.83172215205935 1.844832426866751 0
8.147135137649043 1.943858875069487 0
8.071166665298438 1.90372338948476 0
14.83831589959317 3.613378627328109 0
14.88607597398316 3.6632064595144 0
4.639918754842833 1.735970285611117 0
13.50584785816017 0.3501905645676526 0
13.60175401670023 0.4562314578963345 0
13.62583941206062 0.3587071000854114 0
7.793052449294249 0.4939245985739884 0
7.688788209457854 0.5883179330235329 0
7.681999246781237 0.4926654462375009 0
11.34389686570609 4.745290054561366 0
11.26992431520581 4.80594185139984 0
18.15502954483183 4.015840979067411 0
18.15004177921847 3.924136199353595 0
11.16362343132321 4.414503669253222 0
6.399276931102818 0.4140567870928882 0
6.332719922705239 0.5398234227625363 0
6.433977270049403 0.5099942516238358 0
13.57510387435496 0.5484478349536024 0
13.57282570407885 0.6836780921219727 0
13.51591992010948 0.6078389478556305 0
6.49356894075807 0.2923006860250368 0
6.383680967310584 0.3119449053176959 0
18.15705563614058 4.109918709921974 0
4.354713441704637 2.130220396380227 0
2.950862658499672 4.44940091378536 0
2.914148712029005 4.321556033585669 0
3.029211982504035 4.282024787104895 0
2.990037320501853 4.365712850445127 0
14.72653467690202 3.447518472857539 0
14.5623563633007 3.508465376311968 0
14.62558688447657 3.426820334243518 0
10.08197758590621 0.5218955532151313 0
10.19746935258229 0.5189200853591096 0
1.200961910405724 4.675103553859248 0
1.318731085589171 4.672994194827558 0
6.741776756832958 3.828412972901797 0
6.725289511271 3.92125704568165 0
18.30841381181082 3.44457909788784 0
18.32158385930089 3.538935780352403 0
0.1081530598788909 2.873247197525294 0
16.84994588252728 4.516147569457384 0
16.6871030890293 4.608621896909233 0
16.76852448577829 4.562384733183309 0
2.749619295831017 4.486252228244854 0
2.642739899743667 4.584840890778684 0
2.643235305100009 4.490394340600079 0
8.097517763376381 3.689149415062595 0
8.118713552520161 3.586959703871893 0
14.43847567480366 4.633441444482189 0
14.32216740610755 4.650181172308255 0
4.629232773014484 4.608904507936345 0
4.51738675067226 4.541599150291946 0
4.617461861695976 4.523018925948513 0
11.19387438383466 2.95359598191866 0
11.18540911298474 2.861937975038035 0
4.630986591371812 4.703881224503626 0
15.44707621619073 1.688378399805414 0
7.079524744873595 2.136734434289642 0
7.198220107255309 2.137436188936987 0
12.91799973569336 2.143459766947968 0
12.80345173308502 2.142113277774887 0
4.944578835083962 2.133006193557849 0
4.826638814616917 2.132331596109065 0
3.081397021998835 4.107878623508201 0
3.103261860800394 4.021532579342147 0
6.388683253481698 3.508894784020724 0
13.46736085600261 1.767067050407032 0
13.5829142660773 1.761668829336153 0
8.607060571780835 4.145403360989497 0
8.513921061438712 4.144181899827323 0
2.007151942885857 0.7005339843098548 0
1.986498175298292 0.7908581567678277 0
18.17749373164811 0.8194704528489911 0
18.06775766139454 0.8317066132212765 0
19.37067449539523 1.139645631971668 0
19.36756475321565 1.245055810439675 0
6.105762312079674 4.267303934544533 0
6.219813924776354 4.275353197250212 0
16.57575055250857 4.248430123408319 0
16.66140462930264 4.255595322389718 0
17.94777172428506 2.423003523292542 0
5.34741213932276 1.756683132243347 0
15.53105856932126 4.11009523207981 0
15.48674346872578 4.059412839775382 0
14.74876017251629 1.726902262344526 0
11.92949361653085 0.7541147384385825 0
7.184145574720326 3.222179706401745 0
7.06458645241621 3.219165090507329 0
0.6695525164358411 4.4397321175496 0
0.5212157471529419 4.464516168013444 0
17.61696852769321 1.799436133334184 0
9.392742437015663 3.884982075827719 0
9.304849762440334 3.997409293910762 0
9.285156309370144 3.901232137545987 0
1.791836874848537 4.436680855638203 0
1.864301466754567 4.37477656113637 0
5.062153180206288 2.1340256397485 0
2.30499096217725 4.702295960392943 0
2.525620365710157 4.693792417026418 0
2.415305663943704 4.69804418870968 0
6.265999989911063 2.135529856573763 0
13.73220953170534 2.136371544007819 0
19.51723961158235 2.171421093002739 0
19.63578375591807 2.165902569959085 0
4.452170811360408 3.915564791266575 0
4.330843040072519 4.004750005187431 0
4.346429413496893 3.912842117422373 0
12.78547574914757 3.055025706448669 0
12.86487803106992 3.070059885791931 0
11.82653311446129 1.004934329593067 0
11.81652508238246 1.083602906359231 0
12.5759893739173 0.6837601911550435 0
12.4449847161866 0.6899019687558732 0
8.720968968069958 3.159578784978721 0
8.736634383260082 3.231492204210991 0
0.6120419021538357 1.123881627036422 0
0.6011875664856596 1.216855565396377 0
17.39723591055905 0.4884305614950786 0
17.31185345684624 0.5909206029996543 0
17.28080054375453 0.4931156447349179 0
1.981147683188018 1.984095975808005 0
15.02652474722286 2.127948376036191 0
14.90889584840784 2.128740421283029 0
2.329876192930014 1.750532885249524 0
2.686240911856363 3.473675129171871 0
15.14409840973354 2.126944479914815 0
11.86272739778569 2.068663508424088 0
11.8716408301039 2.149191770133339 0
8.134197311774338 2.076123602899249 0
8.126821524676116 2.152921817370919 0
15.99806344908544 4.904671531513494 0
16.11727945828105 4.906384025860639 0
9.950347124108541 0.4304072403470114 0
9.93104973614339 0.3242775007008207 0
13.91498936723454 0.953421861637568 0
14.00312511141952 0.8639563190650879 0
14.02445697500098 0.9553946501783224 0
6.195302218721712 1.025610269563586 0
6.114954044073093 1.078116237215837 0
6.700513335308456 1.765049972538108 0
6.813550871195531 1.765278263295998 0
13.23982940235121 1.779611804246821 0
13.12874167697846 1.786546927102736 0
1.879379322150605 2.334775559083052 0
1.975972337305576 2.279583388820829 0
1.956399820406823 2.350541388096406 0
1.927675829728091 2.30717947395194 0
7.297102655309606 4.363374965247074 0
7.284393506910054 4.292767102224953 0
15.72998842193058 2.121747078322845 0
15.84399924629735 2.119570044593836 0
18.26646978595977 4.495145858552441 0
18.38053076425211 4.492115414109763 0
5.637275211696777 2.143757482839225 0
5.524910772545006 2.141081012440262 0
2.641057002944498 4.686911264494976 0
1.606379063705146 0.6550408613059904 0
1.575956182926985 0.7372468546578679 0
4.167878014272958 1.728273123641124 0
19.37146028557719 1.029077514757831 0
17.34241359753854 0.6880691481713412 0
7.281302438927886 1.75616480743839 0
12.70801025177545 1.815727128100464 0
14.12636482551694 3.691476005822181 0
14.10082391160087 3.606758585729781 0
5.73371302956504 2.14476693881111 0
14.32040817034174 2.132141420987304 0
14.20261578022961 2.132859005769206 0
15.87704333498474 4.901640579930321 0
14.43816084194579 2.131498287667595 0
15.61332407721608 2.122760605880712 0
6.640247448080592 4.693781625848255 0
19.34517642806205 2.571420232238153 0
13.0332362406826 2.142755556300488 0
6.961645335536535 2.136674791856735 0
16.53054512536303 3.006961720530311 0
16.43138884219815 3.058902531986502 0
16.37881760425523 2.9748231418224 0
16.45468136480913 2.990892431176356 0
1.770389448425069 3.405698575662394 0
1.832756385016756 3.427894041388377 0
2.610185397578949 0.639125269589423 0
2.596674054456239 0.7329013518498235 0
1.688523180104028 3.378262398934339 0
2.462637943395936 1.517849613391722 0
9.684450347895092 4.271311109357559 0
9.80310852095332 4.267014323526534 0
2.21895767397614 4.801296859859621 0
2.171978836988071 4.900648429929809 0
18.25075527884083 2.661465238170283 0
18.17275127110785 2.607354253047479 0
18.24408628255335 2.594746285376614 0
6.759054201813422 3.737301988465089 0
2.642765556552279 3.937029364174731 0
2.550499785872761 3.911260974662945 0
1.891006726660619 2.428513593847454 0
1.825748229870772 2.389222778728315 0
0.6396772733423735 1.031058595268316 0
8.679176936365421 4.081029265450058 0
17.29552514638209 4.108017786350636 0
15.3873887818893 3.394451983620928 0
15.18717564942613 3.407655403960775 0
15.28728221565772 3.401053693790852 0
8.021299619758878 0.6936956365454376 0
8.13868698281529 0.6082886766978377 0
8.133286355193661 0.7030327010968929 0
17.73411130605646 4.105163360595258 0
2.708459238135113 4.041165154169664 0
2.733872243268813 3.955863374974014 0
19.33995491642073 1.694211161303073 0
19.34527763396478 1.617841702898929 0
1.931236172938991 2.80642619215907 0
2.004221437042668 2.822492437766394 0
15.89925727876511 3.995428734560341 0
19.73702136682178 4.625990312583515 0
19.86851068341089 4.625495156291757 0
6.661999036901006 0.2593063613443203 0
6.736022529736625 0.1956274645880218 0
13.25323079849589 0.3115010313612041 0
13.13302722683769 0.3044935950971537 0
17.51227979144408 0.4839850256094858 0
2.612220822869627 0.5393590098169991 0
16.21346593587922 4.211793049786055 0
16.11156419802359 4.279043991630788 0
16.11697577520966 4.189630829515217 0
1.390763439548458 3.141569253786564 0
1.436570484769071 3.063685085353915 0
1.706586219058831 4.445986653471309 0
13.68851525565764 0.675279005944275 0
13.7206831747711 0.7747192990557827 0
13.64675443942497 0.7291986955888776 0
6.249512096867926 0.811152578818001 0
6.2791082216662 0.6847728982663852 0
6.334504235118105 0.7682197704548008 0
12.55503667261757 1.961844893446213 0
7.484711908975615 1.958036407270067 0
16.98958256825209 3.004324602121356 0
17.05612748437458 2.94441353848882 0
11.30061084254243 3.311949193728589 0
11.40365553856719 3.205627115342997 0
11.40031666509753 3.287576817916678 0
19.29716548805453 4.272146356419688 0
19.31717084868357 4.397898606769964 0
18.25172299645259 0.7022514960905983 0
18.40046536267985 0.7820534478856507 0
18.28897954716398 0.8007619503673209 0
16.39876373378554 4.566271695517541 0
16.57489378985889 4.589488080045017 0
16.46939990890162 4.650736061181892 0
16.48682876182222 4.577879887781279 0
5.852547113333344 0.4989800750545896 0
5.802811007847037 0.6078614726815448 0
2.817907271885993 4.389671546347447 0
2.850240977165345 4.467826571015108 0
18.51980815989315 0.7510887228040004 0
5.27696995379641 0.6512166076170889 0
5.259073178076959 0.7530521855853876 0
9.193440669729361 1.265116164870977 0
2.879487089014181 4.888879704453365 0
14.43929642531519 3.645817919787078 0
14.2787165521724 3.774030239246122 0
14.35900648874379 3.7099240795166 0
1.230091276028084 0.5186730679396014 0
12.58784876112118 3.634905623600457 0
19.74792751173865 0.6043789753137885 0
19.62152150851868 0.5945825463803731 0
17.25122033074031 4.445685652858279 0
17.31213905316131 4.363053866651181 0
13.99929160788794 0.3754718162704527 0
11.98105590131186 0.4952061096085227 0
12.12827590237973 0.4941018956696652 0
15.41793814676226 3.149729310319371 0
15.42860532472886 3.294519690047532 0
15.42327173574556 3.222124500183452 0
5.295162910770962 0.545565131651222 0
5.858803313589688 0.3688821682000492 0
5.269160615327536 3.174784890710348 0
5.311480340754241 3.076117370690929 0
1.568350784960838 0.4701124859305787 0
1.584493551524856 0.3503203609718257 0
9.844662769344865 4.685480509702838 0
0.4833933244252755 4.897007908807682 0
0.6076787428981909 4.895361656094823 0
8.073573272972062 3.793279430305606 0
12.68243091984553 3.111954136500737 0
12.62969948378293 3.013418961921544 0
12.70758761646525 3.034222334185107 0
0.8046276742700336 4.449911494427103 0
0.2304874687222966 0.3484741436923944 0
0.3591110645183839 0.2350147565969447 0
0.3476287552074702 0.3464766614549641 0
0.1152437343611474 0.3617370718461972 0
1.723359889140777 0.9554076404376888 0
12.68052920767402 3.189581372043091 0
12.6993140668539 3.262081572138634 0
2.781531157434824 4.143761781528657 0
2.686831576121323 4.129197611541292 0
0.2302866460582393 4.710318333366533 0
0.1151433230291197 4.667659166683267 0
1.92753526422392 0.5742108713458269 0
1.696896067696015 0.5582182520264933 0
1.812215665959965 0.5662145616861602 0
17.88706234948141 3.430021883352901 0
9.969499769003189 0.5304058154903109 0
19.62379886719431 0.1189212363361265 0
6.674830160245268 1.386485859930173 0
13.42733158709204 1.381330854819499 0
19.6135403519274 4.755330453185422 0
19.6192701759637 4.877665226592711 0
6.655602346286202 3.209830578590124 0
15.55703456626294 3.071970544666139 0
15.54464241000901 2.932479587194879 0
15.55083848813598 3.002225065930509 0
7.261337179610555 0.5071009609723003 0
7.442990470979529 4.434401943397329 0
7.330015890566097 4.456597903010429 0
4.665378134852821 3.286763819136844 0
4.685469956767687 3.204985188136685 0
2.048106073409917 0.5938482507752099 0
10.94195878541693 4.238459394687101 0
9.558097313924382 4.174590868183086 0
9.4280781461056 4.082698680966218 0
9.528048102743943 3.969739679642014 0
9.543072708334162 4.07216527391255 0
5.323462730685934 3.285196108594195 0
5.417790996964422 3.305905914760616 0
11.22507843322584 3.204328512289282 0
11.20693225343571 3.288724279382582 0
16.39551415267171 4.235966506336251 0
16.48563235259014 4.242198314872285 0
1.119430293670575 0.1154614339505136 0
17.63097291064978 3.250385177381344 0
17.59121004966582 3.17380493380182 0
4.428581823071347 4.47183518105107 0
4.426576432746089 4.408287327881754 0
13.37953932832803 0.3308457979644284 0
6.577783988829538 0.2758035236846785 0
14.20582614046708 3.896345686432049 0
14.16609548299201 3.793910846127114 0
18.15308675796852 4.495380252477144 0
19.40204496936707 2.173689894488596 0
9.392792832910482 3.010947468835421 0
9.346612652503083 2.935520726089722 0
1.077657799016103 4.675035653043509 0
16.30223203542568 4.558734720392143 0
1.053595223818284 4.258023073779392 0
3.469509134491775 3.152247260622449 0
3.535676740890173 3.248637795057606 0
3.454208680163486 3.224309907653585 0
16.38192318170995 1.968533457598376 0
9.31927659852929 4.092986953068712 0
8.723191388163915 3.086472286818486 0
8.66447463961628 2.993241262634847 0
8.745981182376335 3.013524706695333 0
19.87396375586932 0.6146894876568942 0
0.711318572213619 2.187164745139851 0
0.7164747547383747 2.264255633135 0
19.09870636709852 4.662123332382047 0
15.09682630102437 3.413639317483449 0
18.87846829035614 0.09907456685002414 0
2.849259474769332 4.243932603054618 0
2.833583373327662 4.316802074701032 0
16.20784881890008 1.590943408410068 0
8.215396295458291 1.048587933380961 0
8.119549706896265 1.049199305816881 0
13.83676106502735 3.265974900926144 0
3.725016571458609 1.518000536269537 0
10.06300596639281 4.472026895708259 0
7.96876126040558 1.374745313751743 0
11.94100150618008 1.428595455847908 0
10.68249015991108 4.671738206668383 0
10.79526796440041 4.665394406566402 0
9.560547233413375 3.06159366451397 0
9.476670033161929 3.036270566674696 0
3.533945046149034 2.988574282659579 0
3.468938248503562 3.079286867098562 0
3.451515450759078 3.005665372700628 0
13.71276802511571 0.5953513109002975 0
13.79721121608459 0.7143993945806772 0
13.75498962060015 0.6548753527404876 0
2.213009606734277 4.71138402146625 0
15.68538751891774 4.488532664591395 0
1.777412889924676 2.857782840120285 0
1.867260584370706 2.847151517275821 0
1.826212016274226 2.889652667389175 0
18.21332482466415 0.6134952201877379 0
1.750290557163272 2.749120698295527 0
1.748982934316173 2.677995953806968 0
9.698478657021241 1.512758462723814 0
8.021743058188298 0.5014393582723813 0
8.138870479569253 0.5083604400291732 0
9.62283310808199 0.8035592233261939 0
12.07649348339643 4.510122400245871 0
12.1053679229308 4.405000345012303 0
7.374390422360847 3.263763351471539 0
7.469889503271478 3.240299792478156 0
11.52531752466191 4.422024032965977 0
11.49916533917587 4.352115391613392 0
14.4287263480181 3.522249061737439 0
14.36741298689204 3.482877740334716 0
15.74590093191938 3.719722321859761 0
15.87459233272473 3.689987664347461 0
15.81024663232206 3.704854993103611 0
17.79225114380068 4.690060085686443 0
17.6754884587486 4.684023165960594 0
11.70981861819676 0.432306847439766 0
11.86718333998319 0.3624296537039235 0
11.84543725975431 0.4637564785241444 0
9.651467901643967 3.042827174364518 0
9.62111150750896 3.107600323090113 0
15.94142392463211 3.677971173276815 0
9.199328894844299 3.447938058921023 0
9.210962031550499 3.533085857133113 0
2.96182926332401 4.175738458398204 0
2.871680210379417 4.159750119963431 0
11.30346567876488 3.015999803464693 0
11.2258138465412 3.121349812714651 0
11.20984411518793 3.037472897316655 0
18.68694175325791 0.4562267444859245 0
18.77466121699269 0.4186753441967306 0
7.57910479333024 0.8702582444700369 0
7.691968233608762 0.7763530324273917 0
7.802430430499273 0.8746379085516633 0
7.690767611914756 0.8724480765108502 0
0.4803516942305563 3.775458923636075 0
0.3626323773587696 3.799454721364484 0
8.40656873527305 1.185202211130449 0
8.482338609661651 1.088079474393739 0
8.501782521267524 1.171445190849881 0
13.65726102090797 0.5257913843983157 0
13.53375285007599 1.047842804370577 0
13.57756426678653 1.154383863877926 0
6.565883877777834 1.094097646969716 0
6.522559110422568 1.187150906332324 0
12.69906972680111 0.6789595699425393 0
6.214557841390384 0.5840335128696172 0
19.60615357371502 4.630226789823574 0
9.916791318456596 3.111090491716503 0
9.909691268307554 3.190662425677308 0
8.417354220976202 0.9311928228495603 0
8.285227934203011 0.9810806681607229 0
8.321482625140453 0.9107049738755708 0
7.910305288888795 0.7838844828223106 0
7.799520204067269 0.6851694512657311 0
7.910514534937352 0.5949806049888582 0
7.910409911913074 0.6894325439055846 0
4.576584174955881 3.343044521214738 0
4.640227774178165 3.354334796604475 0
7.469906221172127 0.8603552319936467 0
1.288517579201024 3.318167635687166 0
1.339640509374739 3.229868444736865 0
4.185854335086587 4.559361315322349 0
4.121913652970522 4.679603463874563 0
4.102905883057068 4.598187192823936 0
8.942130100531008 4.278358736553974 0
16.91525666509748 3.225013231621237 0
16.82742484485405 3.263926107361902 0
10.56500109939974 4.67486030899292 0
4.556347842284866 3.921171101258717 0
3.626161265320989 3.159076254074852 0
3.623209599716482 3.231961257186923 0
9.816581620314633 3.02627843696344 0
9.734024760979301 3.034552805663979 0
11.74948735610002 0.2604580903061997 0
11.65170357535005 0.3266261761606684 0
11.6482618814606 0.2511329224746532 0
18.01463390230762 1.843681159213273 0
6.421956142162511 4.48810939139338 0
7.797445011630642 1.637927188862679 0
12.28969234976214 1.740283280009889 0
5.989995032227204 4.257105722898427 0
9.911186523626041 3.028819202087692 0
17.90915163092546 4.692494358957014 0
18.53995753428829 0.4079103549207606 0
18.48088117325737 0.3155342427498748 0
15.59512941489494 4.12658847769228 0
4.314270719203492 4.092341843047917 0
19.51449222872466 3.630070083864857 0
19.63423110588634 3.627563341621245 0
0.8575650307974385 4.084810799727092 0
15.536480926572 2.851379777676145 0
15.4874863565126 3.110849927492755 0
16.28823520455059 3.066365925802117 0
16.35850498585796 3.096409634582495 0
12.08858361531222 4.637685343278765 0
9.102956982927127 0.6068874149688703 0
0.7475591330542777 2.121227084006302 0
19.28952255569559 3.076341244419116 0
11.87363538197202 0.2714057163458277 0
12.53411162772829 3.120481938330345 0
12.53983330789758 3.039726807223684 0
4.507936428709274 3.368165570497256 0
16.10818930669274 4.366339298050715 0
0.3496678468558176 4.790489813204495 0
0.3320901036292163 4.700703990802898 0
19.19738264129727 4.111632648078055 0
19.34866308425959 4.160192369395102 0
19.2472740646759 4.191889502248872 0
8.373086075429677 1.047500174035114 0
8.449846415318927 1.00963614862165 0
0.579982855756576 3.650064607852209 0
0.5753419455010871 3.538245363902451 0
7.550969191544559 4.457679151683401 0
7.510369704025657 4.383121100076803 0
11.40643140071831 4.650814500759004 0
11.4238795933068 4.730951028777062 0
11.40439095188255 3.122648415768365 0
11.31473469255419 3.163488464028824 0
11.59428584428406 0.3974056193585613 0
3.625590379332776 3.086115860550965 0
3.622343752345913 3.012928550756143 0
7.279267998540586 3.242971528936642 0
0.3623339234279079 4.895244906602247 0
11.40174408320875 3.041017227995258 0
8.152569750625496 1.671259583410677 0
11.88594573315904 1.601459516626676 0
7.652303931742235 4.46630475206363 0
18.59485028494807 0.4924887240561264 0
1.920249481106197 2.490831914825711 0
1.908353721688941 2.553635744436339 0
17.66587205527152 3.324130045742716 0
8.654406634398068 4.445134721788613 0
8.55069007074232 4.461824012058231 0
19.40229832019293 3.637293837000734 0
14.56381983071694 4.603623482212583 0
8.569975479024704 3.089395401227593 0
8.574548217884661 3.015727494994338 0
16.29322698577734 2.997830741894035 0
5.133465383145914 3.251797505708296 0
5.187767498504313 3.362208723592144 0
5.228464056915924 3.268496807151246 0
8.645472223547332 3.124487093103157 0
4.533503442864723 3.035916380670711 0
2.044524813194563 2.343732742865289 0
2.03799654898794 2.288436706351385 0
18.13710505371247 2.785725920701612 0
18.24852374456778 2.784064287183528 0
18.18550694712007 2.823513558977934 0
3.547549756912275 3.119181560586707 0
16.30449004427546 4.223879778061153 0
19.28122461424152 4.02214498499995 0
19.19563443608822 4.030790077684597 0
3.908017042421016 1.925752264445086 0
12.60732041770115 3.155031655186718 0
14.21618052004968 4.121443837064161 0
14.21100333025838 4.008894761748105 0
15.45195807277979 3.367389184647438 0
7.467346228119488 3.016100938510498 0
9.568622331593611 4.276353219088767 0
16.91699050126248 4.464637507746028 0
16.94717301418368 3.105066735204274 0
16.99675850250581 3.188167475714735 0
19.38466857990525 1.773299827245984 0
11.46875424853254 4.538977444046385 0
11.38290732019892 4.56169364054546 0
11.85233379453564 1.990512149597561 0
8.140666224711691 2.009991238984368 0
16.13408555958765 1.845715853833033 0
14.2325139992712 4.224026027076439 0
4.261680443315765 4.623455962225206 0
4.216408425040633 4.696929196726751 0
16.57291408749607 3.088228743332261 0
16.61525674229692 3.009742228536979 0
16.89840486373057 3.022150921611239 0
6.588371360745373 1.765362701079044 0
18.28856556046012 3.343695825776676 0
14.78242528824759 3.530448550092824 0
17.17361852264161 4.4921302756196 0
9.258367718261317 3.393667879754811 0
15.67954193728689 3.731158058403744 0
13.88026224460745 0.7853664898431649 0
13.97757005748375 0.7803590313322346 0
5.146638570611721 3.452638760697477 0
4.337333617854172 4.556074283850323 0
4.427360184263216 4.548836717071135 0
9.505825642001321 3.867783363771558 0
13.35359512917691 1.773339427326927 0
8.695006883327533 4.358622604019771 0
16.59761111897328 3.157875355851283 0
2.46068762708744 3.269916150765266 0
13.47235523930123 0.9729915746849958 0
6.581561609673179 1.010630712640058 0
7.910729989117108 0.875763704988936 0
17.94121137033773 4.299429450141735 0
0.367055532259192 0.1175073782984724 0
1.820734837930384 2.78457657805534 0
1.875985505434688 2.795501385107205 0
19.37219732577473 4.060565033962369 0
5.906911364773075 0.8565759987037025 0
1.763851723543974 2.803451769207906 0
1.959567299453408 2.40005661577791 0
1.939908390279802 2.44544426530181 0
13.80373420329396 0.8456863943182704 0
13.79739772768342 0.9371761705721406 0
6.232875268139645 0.9322998104625297 0
6.298156993415832 1.007905230865544 0
2.002046056323985 2.3718946793216 0
16.57504467807075 4.715102221373367 0
16.49639330152446 4.722936430025165 0
3.055304502251435 4.194951705306548 0
18.11515288397822 2.688503108884521 0
18.10596392209927 2.627015273214155 0
7.690378221533308 0.6823354827254624 0
11.77852946765462 0.9440031831458056 0
4.26159397647038 4.557717799586336 0
1.587364924332991 0.5625766736182847 0
0.5907340968614072 3.755912489962556 0
8.303254436684956 1.115007439255352 0
8.315672920495421 1.193515071649827 0
5.039934395623298 3.238766848786904 0
7.907397753741273 0.4976819784231847 0
16.63107388355002 4.661862059141299 0
13.80047270968927 0.7800428944494737 0
6.170588555482164 0.8596793443849602 0
8.294241185443983 1.048044053708038 0
18.4412780982776 2.841873979706302 0
18.18441148021262 2.71578051911692 0
18.24963951170431 2.722764762676905 0
14.50082639430795 3.577141648049523 0
11.55685510081168 4.510642619128181 0
1.241955364067923 3.412806845406507 0
18.12612896884535 2.737114514793066 0
$EndNodes
$Elements
40 10744 1 10744
1 9 1 8
1 1 29 
2 29 30 
3 30 31 
4 31 32 
5 32 33 
6 33 34 
7 34 35 
8 35 2 
1 13 1 8
9 3 36 
10 36 37 
11 37 38 
12 38 39 
13 39 40 
14 40 41 
15 41 42 
16 42 4 
1 17 1 8
17 5 43 
18 43 44 
19 44 45 
20 45 46 
21 46 47 
22 47 48 
23 48 49 
24 49 6 
1 21 1 8
25 7 50 
26 50 51 
27 51 52 
28 52 53 
29 53 54 
30 54 55 
31 55 56 
32 56 8 
1 25 1 32
33 9 57 
34 57 58 
35 58 59 
36 59 60 
37 60 61 
38 61 62 
39 62 63 
40 63 64 
41 64 65 
42 65 66 
43 66 67 
44 67 68 
45 68 69 
46 69 70 
47 70 71 
48 71 72 
49 72 73 
50 73 74 
51 74 75 
52 75 76 
53 76 77 
54 77 78 
55 78 79 
56 79 80 
57 80 81 
58 81 82 
59 82 83 
60 83 84 
61 84 85 
62 85 86 
63 86 87 
64 87 10 
1 26 1 160
65 11 88 
66 88 89 
67 89 90 
68 90 91 
69 91 92 
70 92 93 
71 93 94 
72 94 95 
73 95 96 
74 96 97 
75 97 98 
76 98 99 
77 99 100 
78 100 101 
79 101 102 
80 102 103 
81 103 104 
82 104 105 
83 105 106 
84 106 107 
85 107 108 
86 108 109 
87 109 110 
88 110 111 
89 111 112 
90 112 113 
91 113 114 
92 114 115 
93 115 116 
94 116 117 
95 117 118 
96 118 119 
97 119 120 
98 120 121 
99 121 122 
100 122 123 
101 123 124 
102 124 125 
103 125 126 
104 126 127 
105 127 128 
106 128 129 
107 129 130 
108 130 131 
109 131 132 
110 132 133 
111 133 134 
112 134 135 
113 135 136 
114 136 137 
115 137 138 
116 138 139 
117 139 140 
118 140 141 
119 141 142 
120 142 143 
121 143 144 
122 144 145 
123 145 146 
124 146 147 
125 147 148 
126 148 149 
127 149 150 
128 150 151 
129 151 152 
130 152 153 
131 153 154 
132 154 155 
133 155 156 
134 156 157 
135 157 158 
136 158 159 
137 159 160 
138 160 161 
139 161 162 
140 162 163 
141 163 164 
142 164 165 
143 165 166 
144 166 167 
145 167 168 
146 168 169 
147 169 170 
148 170 171 
149 171 172 
150 172 173 
151 173 174 
152 174 175 
153 175 176 
154 176 177 
155 177 178 
156 178 179 
157 179 180 
158 180 181 
159 181 182 
160 182 183 
161 183 184 
162 184 185 
163 185 186 
164 186 187 
165 187 188 
166 188 189 
167 189 190 
168 190 191 
169 191 192 
170 192 193 
171 193 194 
172 194 195 
173 195 196 
174 196 197 
175 197 198 
176 198 199 
177 199 200 
178 200 201 
179 201 202 
180 202 203 
181 203 204 
182 204 205 
183 205 206 
184 206 207 
185 207 208 
186 208 209 
187 209 210 
188 210 211 
189 211 212 
190 212 213 
191 213 214 
192 214 215 
193 215 216 
194 216 217 
195 217 218 
196 218 219 
197 219 220 
198 220 221 
199 221 222 
200 222 223 
201 223 224 
202 224 225 
203 225 226 
204 226 227 
205 227 228 
206 228 229 
207 229 230 
208 230 231 
209 231 232 
210 232 233 
211 233 234 
212 234 235 
213 235 236 
214 236 237 
215 237 238 
216 238 239 
217 239 240 
218 240 241 
219 241 242 
220 242 243 
221 243 244 
222 244 245 
223 245 246 
224 246 12 
1 27 1 40
225 13 247 
226 247 248 
227 248 249 
228 249 250 
229 250 251 
230 251 252 
231 252 253 
232 253 254 
233 254 255 
234 255 256 
235 256 257 
236 257 258 
237 258 259 
238 259 260 
239 260 261 
240 261 262 
241 262 263 
242 263 264 
243 264 265 
244 265 266 
245 266 267 
246 267 268 
247 268 269 
248 269 270 
249 270 271 
250 271 272 
251 272 273 
252 273 274 
253 274 275 
254 275 276 
255 276 277 
256 277 278 
257 278 279 
258 279 280 
259 280 281 
260 281 282 
261 282 283 
262 283 284 
263 284 285 
264 285 11 
1 28 1 40
265 12 286 
266 286 287 
267 287 288 
268 288 289 
269 289 290 
270 290 291 
271 291 292 
272 292 293 
273 293 294 
274 294 295 
275 295 296 
276 296 297 
277 297 298 
278 298 299 
279 299 300 
280 300 301 
281 301 302 
282 302 303 
283 303 304 
284 304 305 
285 305 306 
286 306 307 
287 307 308 
288 308 309 
289 309 310 
290 310 311 
291 311 312 
292 312 313 
293 313 314 
294 314 315 
295 315 316 
296 316 317 
297 317 318 
298 318 319 
299 319 320 
300 320 321 
301 321 322 
302 322 323 
303 323 324 
304 324 14 
1 29 1 160
305 14 325 
306 325 326 
307 326 327 
308 327 328 
309 328 329 
310 329 330 
311 330 331 
312 331 332 
313 332 333 
314 333 334 
315 334 335 
316 335 336 
317 336 337 
318 337 338 
319 338 339 
320 339 340 
321 340 341 
322 341 342 
323 342 343 
324 343 344 
325 344 345 
326 345 346 
327 346 347 
328 347 348 
329 348 349 
330 349 350 
331 350 351 
332 351 352 
333 352 353 
334 353 354 
335 354 355 
336 355 356 
337 356 357 
338 357 358 
339 358 359 
340 359 360 
341 360 361 
342 361 362 
343 362 363 
344 363 364 
345 364 365 
346 365 366 
347 366 367 
348 367 368 
349 368 369 
350 369 370 
351 370 371 
352 371 372 
353 372 373 
354 373 374 
355 374 375 
356 375 376 
357 376 377 
358 377 378 
359 378 379 
360 379 380 
361 380 381 
362 381 382 
363 382 383 
364 383 384 
365 384 385 
366 385 386 
367 386 387 
368 387 388 
369 388 389 
370 389 390 
371 390 391 
372 391 392 
373 392 393 
374 393 394 
375 394 395 
376 395 396 
377 396 397 
378 397 398 
379 398 399 
380 399 400 
381 400 401 
382 401 402 
383 402 403 
384 403 404 
385 404 405 
386 405 406 
387 406 407 
388 407 408 
389 408 409 
390 409 410 
391 410 411 
392 411 412 
393 412 413 
394 413 414 
395 414 415 
396 415 416 
397 416 417 
398 417 418 
399 418 419 
400 419 420 
401 420 421 
402 421 422 
403 422 423 
404 423 424 
405 424 425 
406 425 426 
407 426 427 
408 427 428 
409 428 429 
410 429 430 
411 430 431 
412 431 432 
413 432 433 
414 433 434 
415 434 435 
416 435 436 
417 436 437 
418 437 438 
419 438 439 
420 439 440 
421 440 441 
422 441 442 
423 442 443 
424 443 444 
425 444 445 
426 445 446 
427 446 447 
428 447 448 
429 448 449 
430 449 450 
431 450 451 
432 451 452 
433 452 453 
434 453 454 
435 454 455 
436 455 456 
437 456 457 
438 457 458 
439 458 459 
440 459 460 
441 460 461 
442 461 462 
443 462 463 
444 463 464 
445 464 465 
446 465 466 
447 466 467 
448 467 468 
449 468 469 
450 469 470 
451 470 471 
452 471 472 
453 472 473 
454 473 474 
455 474 475 
456 475 476 
457 476 477 
458 477 478 
459 478 479 
460 479 480 
461 480 481 
462 481 482 
463 482 483 
464 483 13 
1 30 1 52
465 15 484 
466 484 485 
467 485 486 
468 486 487 
469 487 488 
470 488 489 
471 489 490 
472 490 491 
473 491 492 
474 492 493 
475 493 494 
476 494 495 
477 495 496 
478 496 497 
479 497 498 
480 498 499 
481 499 500 
482 500 501 
483 501 502 
484 502 503 
485 503 504 
486 504 505 
487 505 506 
488 506 507 
489 507 508 
490 508 509 
491 509 510 
492 510 511 
493 511 512 
494 512 513 
495 513 514 
496 514 515 
497 515 516 
498 516 517 
499 517 518 
500 518 519 
501 519 520 
502 520 521 
503 521 522 
504 522 523 
505 523 524 
506 524 525 
507 525 526 
508 526 527 
509 527 528 
510 528 529 
511 529 530 
512 530 531 
513 531 532 
514 532 533 
515 533 534 
516 534 9 
1 31 1 8
517 16 535 
518 535 536 
519 536 537 
520 537 538 
521 538 539 
522 539 540 
523 540 541 
524 541 9 
1 32 1 32
525 17 542 
526 542 543 
527 543 544 
528 544 545 
529 545 546 
530 546 547 
531 547 548 
532 548 549 
533 549 550 
534 550 551 
535 551 552 
536 552 553 
537 553 554 
538 554 555 
539 555 556 
540 556 557 
541 557 558 
542 558 559 
543 559 560 
544 560 561 
545 561 562 
546 562 563 
547 563 564 
548 564 565 
549 565 566 
550 566 567 
551 567 568 
552 568 569 
553 569 570 
554 570 571 
555 571 572 
556 572 16 
1 33 1 8
557 10 573 
558 573 574 
559 574 575 
560 575 576 
561 576 577 
562 577 578 
563 578 579 
564 579 17 
1 34 1 52
565 10 580 
566 580 581 
567 581 582 
568 582 583 
569 583 584 
570 584 585 
571 585 586 
572 586 587 
573 587 588 
574 588 589 
575 589 590 
576 590 591 
577 591 592 
578 592 593 
579 593 594 
580 594 595 
581 595 596 
582 596 597 
583 597 598 
584 598 599 
585 599 600 
586 600 601 
587 601 602 
588 602 603 
589 603 604 
590 604 605 
591 605 606 
592 606 607 
593 607 608 
594 608 609 
595 609 610 
596 610 611 
597 611 612 
598 612 613 
599 613 614 
600 614 615 
601 615 616 
602 616 617 
603 617 618 
604 618 619 
605 619 620 
606 620 621 
607 621 622 
608 622 623 
609 623 624 
610 624 625 
611 625 626 
612 626 627 
613 627 628 
614 628 629 
615 629 630 
616 630 18 
1 35 1 8
617 18 631 
618 631 632 
619 632 633 
620 633 634 
621 634 635 
622 635 636 
623 636 637 
624 637 19 
1 36 1 16
625 19 638 
626 638 639 
627 639 640 
628 640 641 
629 641 642 
630 642 643 
631 643 644 
632 644 645 
633 645 646 
634 646 647 
635 647 648 
636 648 649 
637 649 650 
638 650 651 
639 651 652 
640 652 8 
1 37 1 8
641 8 653 
642 653 654 
643 654 655 
644 655 656 
645 656 657 
646 657 658 
647 658 659 
648 659 20 
1 38 1 8
649 20 660 
650 660 661 
651 661 662 
652 662 663 
653 663 664 
654 664 665 
655 665 666 
656 666 21 
1 39 1 8
657 21 667 
658 667 668 
659 668 669 
660 669 670 
661 670 671 
662 671 672 
663 672 673 
664 673 7 
1 40 1 28
665 7 674 
666 674 675 
667 675 676 
668 676 677 
669 677 678 
670 678 679 
671 679 680 
672 680 681 
673 681 682 
674 682 683 
675 683 684 
676 684 685 
677 685 686 
678 686 687 
679 687 688 
680 688 689 
681 689 690 
682 690 691 
683 691 692 
684 692 693 
685 693 694 
686 694 695 
687 695 696 
688 696 697 
689 697 698 
690 698 699 
691 699 700 
692 700 6 
1 41 1 8
693 6 701 
694 701 702 
695 702 703 
696 703 704 
697 704 705 
698 705 706 
699 706 707 
700 707 22 
1 42 1 8
701 22 708 
702 708 709 
703 709 710 
704 710 711 
705 711 712 
706 712 713 
707 713 714 
708 714 23 
1 43 1 8
709 23 715 
710 715 716 
711 716 717 
712 717 718 
713 718 719 
714 719 720 
715 720 721 
716 721 5 
1 44 1 28
717 5 722 
718 722 723 
719 723 724 
720 724 725 
721 725 726 
722 726 727 
723 727 728 
724 728 729 
725 729 730 
726 730 731 
727 731 732 
728 732 733 
729 733 734 
730 734 735 
731 735 736 
732 736 737 
733 737 738 
734 738 739 
735 739 740 
736 740 741 
737 741 742 
738 742 743 
739 743 744 
740 744 745 
741 745 746 
742 746 747 
743 747 748 
744 748 4 
1 45 1 8
745 4 749 
746 749 750 
747 750 751 
748 751 752 
749 752 753 
750 753 754 
751 754 755 
752 755 24 
1 46 1 8
753 24 756 
754 756 757 
755 757 758 
756 758 759 
757 759 760 
758 760 761 
759 761 762 
760 762 25 
1 47 1 8
761 25 763 
762 763 764 
763 764 765 
764 765 766 
765 766 767 
766 767 768 
767 768 769 
768 769 3 
1 48 1 28
769 3 770 
770 770 771 
771 771 772 
772 772 773 
773 773 774 
774 774 775 
775 775 776 
776 776 777 
777 777 778 
778 778 779 
779 779 780 
780 780 781 
781 781 782 
782 782 783 
783 783 784 
784 784 785 
785 785 786 
786 786 787 
787 787 788 
788 788 789 
789 789 790 
790 790 791 
791 791 792 
792 792 793 
793 793 794 
794 794 795 
795 795 796 
796 796 2 
1 49 1 8
797 2 797 
798 797 798 
799 798 799 
800 799 800 
801 800 801 
802 801 802 
803 802 803 
804 803 26 
1 50 1 8
805 26 804 
806 804 805 
807 805 806 
808 806 807 
809 807 808 
810 808 809 
811 809 810 
812 810 27 
1 51 1 8
813 27 811 
814 811 812 
815 812 813 
816 813 814 
817 814 815 
818 815 816 
819 816 817 
820 817 1 
1 52 1 16
821 1 818 
822 818 819 
823 819 820 
824 820 821 
825 821 822 
826 822 823 
827 823 824 
828 824 825 
829 825 826 
830 826 827 
831 827 828 
832 828 829 
833 829 830 
834 830 831 
835 831 832 
836 832 28 
1 53 1 8
837 28 833 
838 833 834 
839 834 835 
840 835 836 
841 836 837 
842 837 838 
843 838 839 
844 839 15 
2 2 3 880
845 840 986 990 989 
846 986 885 987 990 
847 990 987 850 988 
848 989 990 988 894 
849 929 991 995 994 
850 991 842 992 995 
851 995 992 917 993 
852 994 995 993 921 
853 939 996 1000 999 
854 996 852 997 1000 
855 1000 997 941 998 
856 999 1000 998 888 
857 952 1001 1005 1004 
858 1001 889 1002 1005 
859 1005 1002 943 1003 
860 1004 1005 1003 851 
861 853 1006 1010 1009 
862 1006 938 1007 1010 
863 1010 1007 892 1008 
864 1009 1010 1008 936 
865 845 1011 1015 1014 
866 1011 931 1012 1015 
867 1015 1012 898 1013 
868 1014 1015 1013 944 
869 927 1016 1019 1018 
870 1016 845 1014 1019 
871 1019 1014 944 1017 
872 1018 1019 1017 890 
873 947 1020 1024 1023 
874 1020 848 1021 1024 
875 1024 1021 945 1022 
876 1023 1024 1022 884 
877 948 1025 1029 1028 
878 1025 883 1026 1029 
879 1029 1026 946 1027 
880 1028 1029 1027 847 
881 960 1030 1034 1033 
882 1030 856 1031 1034 
883 1034 1031 972 1032 
884 1033 1034 1032 891 
885 975 1035 1039 1038 
886 1035 896 1036 1039 
887 1039 1036 979 1037 
888 1038 1039 1037 865 
889 919 1040 1044 1043 
890 1040 841 1041 1044 
891 1044 1041 985 1042 
892 1043 1044 1042 886 
893 978 1045 1049 1048 
894 1045 864 1046 1049 
895 1049 1046 977 1047 
896 1048 1049 1047 897 
897 949 1050 1054 1053 
898 1050 882 1051 1054 
899 1054 1051 950 1052 
900 1053 1054 1052 846 
901 949 1053 1058 1057 
902 1053 846 1055 1058 
903 1058 1055 951 1056 
904 1057 1058 1056 881 
905 871 1059 1063 1062 
906 1059 849 1060 1063 
907 1063 1060 982 1061 
908 1062 1063 1061 923 
909 976 1064 1068 1067 
910 1064 876 1065 1068 
911 1068 1065 981 1066 
912 1067 1068 1066 893 
913 946 1069 1071 1027 
914 1069 881 1056 1071 
915 1071 1056 951 1070 
916 1027 1071 1070 847 
917 945 1021 1074 1073 
918 1021 848 1072 1074 
919 1074 1072 950 1051 
920 1073 1074 1051 882 
921 925 1075 1078 1077 
922 1075 849 1059 1078 
923 1078 1059 871 1076 
924 1077 1078 1076 926 
925 977 1046 1082 1081 
926 1046 864 1079 1082 
927 1082 1079 899 1080 
928 1081 1082 1080 980 
929 911 1083 1086 1085 
930 1083 611 612 1086 
931 1086 612 613 1084 
932 1085 1086 1084 887 
933 885 1087 1090 1089 
934 1087 886 1088 1090 
935 1090 1088 613 614 
936 1089 1090 614 615 
937 984 1091 1095 1094 
938 1091 857 1092 1095 
939 1095 1092 940 1093 
940 1094 1095 1093 924 
941 943 1096 1098 1003 
942 1096 883 1025 1098 
943 1098 1025 948 1097 
944 1003 1098 1097 851 
945 941 997 1101 1100 
946 997 852 1099 1101 
947 1101 1099 947 1023 
948 1100 1101 1023 884 
949 914 1102 1105 1104 
950 1102 843 1103 1105 
951 1105 1103 927 1018 
952 1104 1105 1018 890 
953 613 1088 1107 1084 
954 1088 886 1042 1107 
955 1107 1042 985 1106 
956 1084 1107 1106 887 
957 930 1108 1112 1111 
958 1108 904 1109 1112 
959 1112 1109 922 1110 
960 1111 1112 1110 859 
961 938 1006 1115 1114 
962 1006 853 1113 1115 
963 1115 1113 939 999 
964 1114 1115 999 888 
965 850 987 1117 1116 
966 987 885 1089 1117 
967 1117 1089 615 616 
968 1116 1117 616 617 
969 921 1118 1121 994 
970 1118 895 1119 1121 
971 1121 1119 862 1120 
972 994 1121 1120 929 
973 859 1122 1124 1111 
974 1122 649 650 1124 
975 1124 650 651 1123 
976 1111 1124 1123 930 
977 911 1085 1128 1127 
978 1085 887 1125 1128 
979 1128 1125 915 1126 
980 1127 1128 1126 844 
981 860 1129 1133 1132 
982 1129 956 1130 1133 
983 1133 1130 855 1131 
984 1132 1133 1131 934 
985 952 1134 1136 1001 
986 1134 856 1030 1136 
987 1136 1030 960 1135 
988 1001 1136 1135 889 
989 926 1137 1140 1139 
990 1137 487 488 1140 
991 1140 488 489 1138 
992 1139 1140 1138 861 
993 895 1141 1144 1143 
994 1141 505 506 1144 
995 1144 506 507 1142 
996 1143 1144 1142 970 
997 934 1131 1147 1146 
998 1131 855 1145 1147 
999 1147 1145 936 1008 
1000 1146 1147 1008 892 
1001 897 1148 1151 1150 
1002 1148 589 590 1151 
1003 1151 590 591 1149 
1004 1150 1151 1149 974 
1005 617 618 1154 1116 
1006 618 619 1152 1154 
1007 1154 1152 904 1153 
1008 1116 1154 1153 850 
1009 7 1155 1158 50 
1010 1155 915 1156 1158 
1011 1158 1156 841 1157 
1012 50 1158 1157 51 
1013 675 1159 1160 674 
1014 1159 844 1126 1160 
1015 1160 1126 915 1155 
1016 674 1160 1155 7 
1017 956 1161 1164 1163 
1018 1161 893 1162 1164 
1019 1164 1162 46 45 
1020 1163 1164 45 44 
1021 972 1165 1167 1032 
1022 1165 865 1037 1167 
1023 1167 1037 979 1166 
1024 1032 1167 1166 891 
1025 505 1141 1169 504 
1026 1141 895 1118 1169 
1027 1169 1118 921 1168 
1028 504 1169 1168 503 
1029 497 1170 1172 496 
1030 1170 890 1017 1172 
1031 1172 1017 944 1171 
1032 496 1172 1171 495 
1033 968 1173 1176 1175 
1034 1173 529 530 1176 
1035 1176 530 531 1174 
1036 1175 1176 1174 896 
1037 920 1177 1180 1179 
1038 1177 491 492 1180 
1039 1180 492 493 1178 
1040 1179 1180 1178 898 
1041 890 1170 1182 1104 
1042 1170 497 498 1182 
1043 1182 498 499 1181 
1044 1104 1182 1181 914 
1045 956 1129 1184 1161 
1046 1129 860 1183 1184 
1047 1184 1183 976 1067 
1048 1161 1184 1067 893 
1049 874 1185 1188 1187 
1050 1185 916 1186 1188 
1051 1188 1186 843 1102 
1052 1187 1188 1102 914 
1053 922 1109 1190 1189 
1054 1109 904 1152 1190 
1055 1190 1152 619 620 
1056 1189 1190 620 621 
1057 899 1079 1193 1192 
1058 1079 864 1191 1193 
1059 1193 1191 699 700 
1060 1192 1193 700 6 
1061 593 1194 1196 592 
1062 1194 973 1195 1196 
1063 1196 1195 974 1149 
1064 592 1196 1149 591 
1065 501 1197 1198 500 
1066 1197 874 1187 1198 
1067 1198 1187 914 1181 
1068 500 1198 1181 499 
1069 929 1120 1201 1200 
1070 1120 862 1199 1201 
1071 1201 1199 793 794 
1072 1200 1201 794 795 
1073 691 1202 1205 690 
1074 1202 900 1203 1205 
1075 1205 1203 875 1204 
1076 690 1205 1204 689 
1077 693 1206 1208 692 
1078 1206 873 1207 1208 
1079 1208 1207 900 1202 
1080 692 1208 1202 691 
1081 687 1209 1212 686 
1082 1209 903 1210 1212 
1083 1212 1210 878 1211 
1084 686 1212 1211 685 
1085 685 1211 1215 684 
1086 1211 878 1213 1215 
1087 1215 1213 901 1214 
1088 684 1215 1214 683 
1089 689 1204 1217 688 
1090 1204 875 1216 1217 
1091 1217 1216 903 1209 
1092 688 1217 1209 687 
1093 695 1218 1220 694 
1094 1218 902 1219 1220 
1095 1220 1219 873 1206 
1096 694 1220 1206 693 
1097 683 1214 1223 682 
1098 1214 901 1221 1223 
1099 1223 1221 879 1222 
1100 682 1223 1222 681 
1101 611 1083 1226 610 
1102 1083 911 1224 1226 
1103 1226 1224 880 1225 
1104 610 1226 1225 609 
1105 980 1080 1229 1228 
1106 1080 899 1227 1229 
1107 1229 1227 981 1065 
1108 1228 1229 1065 876 
1109 984 1230 1232 1091 
1110 1230 639 640 1232 
1111 1232 640 641 1231 
1112 1091 1232 1231 857 
1113 779 780 1236 1235 
1114 780 781 1233 1236 
1115 1236 1233 872 1234 
1116 1235 1236 1234 908 
1117 785 786 1240 1239 
1118 786 787 1237 1240 
1119 1240 1237 905 1238 
1120 1239 1240 1238 869 
1121 787 788 1243 1237 
1122 788 789 1241 1243 
1123 1243 1241 866 1242 
1124 1237 1243 1242 905 
1125 775 776 1247 1246 
1126 776 777 1244 1247 
1127 1247 1244 870 1245 
1128 1246 1247 1245 907 
1129 3 770 1251 1250 
1130 770 771 1248 1251 
1131 1251 1248 906 1249 
1132 1250 1251 1249 863 
1133 773 774 1254 1253 
1134 774 775 1246 1254 
1135 1254 1246 907 1252 
1136 1253 1254 1252 867 
1137 771 772 1256 1248 
1138 772 773 1253 1256 
1139 1256 1253 867 1255 
1140 1248 1256 1255 906 
1141 777 778 1258 1244 
1142 778 779 1235 1258 
1143 1258 1235 908 1257 
1144 1244 1258 1257 870 
1145 789 790 1261 1241 
1146 790 791 1259 1261 
1147 1261 1259 910 1260 
1148 1241 1261 1260 866 
1149 791 792 1263 1259 
1150 792 793 1199 1263 
1151 1263 1199 862 1262 
1152 1259 1263 1262 910 
1153 783 784 1266 1265 
1154 784 785 1239 1266 
1155 1266 1239 869 1264 
1156 1265 1266 1264 909 
1157 781 782 1268 1233 
1158 782 783 1265 1268 
1159 1268 1265 909 1267 
1160 1233 1268 1267 872 
1161 509 1269 1271 508 
1162 1269 966 1270 1271 
1163 1271 1270 970 1142 
1164 508 1271 1142 507 
1165 924 1093 1275 1274 
1166 1093 940 1272 1275 
1167 1275 1272 629 1273 
1168 1274 1275 1273 877 
1169 982 1060 1278 1277 
1170 1060 849 1276 1278 
1171 1278 1276 829 830 
1172 1277 1278 830 831 
1173 529 1173 1281 528 
1174 1173 968 1279 1281 
1175 1281 1279 965 1280 
1176 528 1281 1280 527 
1177 595 1282 1284 594 
1178 1282 971 1283 1284 
1179 1284 1283 973 1194 
1180 594 1284 1194 593 
1181 647 1285 1288 646 
1182 1285 912 1286 1288 
1183 1288 1286 858 1287 
1184 646 1288 1287 645 
1185 643 1289 1291 642 
1186 1289 913 1290 1291 
1187 1291 1290 857 1231 
1188 642 1291 1231 641 
1189 649 1122 1293 648 
1190 1122 859 1292 1293 
1191 1293 1292 912 1285 
1192 648 1293 1285 647 
1193 645 1287 1295 644 
1194 1287 858 1294 1295 
1195 1295 1294 913 1289 
1196 644 1295 1289 643 
1197 84 1296 1298 83 
1198 1296 892 1007 1298 
1199 1298 1007 938 1297 
1200 83 1298 1297 82 
1201 80 1299 1301 79 
1202 1299 888 998 1301 
1203 1301 998 941 1300 
1204 79 1301 1300 78 
1205 64 1302 1304 63 
1206 1302 883 1096 1304 
1207 1304 1096 943 1303 
1208 63 1304 1303 62 
1209 871 1305 1306 1076 
1210 1305 485 486 1306 
1211 1306 486 487 1137 
1212 1076 1306 1137 926 
1213 76 1307 1309 75 
1214 1307 884 1022 1309 
1215 1309 1022 945 1308 
1216 75 1309 1308 74 
1217 68 1310 1312 67 
1218 1310 881 1069 1312 
1219 1312 1069 946 1311 
1220 67 1312 1311 66 
1221 72 1313 1315 71 
1222 1313 882 1050 1315 
1223 1315 1050 949 1314 
1224 71 1315 1314 70 
1225 968 1175 1318 1317 
1226 1175 896 1035 1318 
1227 1318 1035 975 1316 
1228 1317 1318 1316 863 
1229 920 1179 1321 1320 
1230 1179 898 1012 1321 
1231 1321 1012 931 1319 
1232 1320 1321 1319 854 
1233 921 993 1324 1323 
1234 993 917 1322 1324 
1235 1324 1322 916 1185 
1236 1323 1324 1185 874 
1237 10 1325 1327 87 
1238 1325 860 1132 1327 
1239 1327 1132 934 1326 
1240 87 1327 1326 86 
1241 491 1177 1329 490 
1242 1177 920 1328 1329 
1243 1329 1328 861 1138 
1244 490 1329 1138 489 
1245 597 1330 1332 596 
1246 1330 969 1331 1332 
1247 1332 1331 971 1282 
1248 596 1332 1282 595 
1249 932 1333 1336 1335 
1250 1333 677 678 1336 
1251 1336 678 679 1334 
1252 1335 1336 1334 942 
1253 5 722 1339 1338 
1254 722 723 1337 1339 
1255 1339 1337 936 1145 
1256 1338 1339 1145 855 
1257 725 726 1342 1341 
1258 726 727 1340 1342 
1259 1342 1340 939 1113 
1260 1341 1342 1113 853 
1261 729 730 1345 1344 
1262 730 731 1343 1345 
1263 1345 1343 947 1099 
1264 1344 1345 1099 852 
1265 741 742 1348 1347 
1266 742 743 1346 1348 
1267 1348 1346 948 1028 
1268 1347 1348 1028 847 
1269 733 734 1351 1350 
1270 734 735 1349 1351 
1271 1351 1349 950 1072 
1272 1350 1351 1072 848 
1273 737 738 1354 1353 
1274 738 739 1352 1354 
1275 1354 1352 951 1055 
1276 1353 1354 1055 846 
1277 589 1148 1356 588 
1278 1148 897 1047 1356 
1279 1356 1047 977 1355 
1280 588 1356 1355 587 
1281 974 1357 1359 1150 
1282 1357 868 1358 1359 
1283 1359 1358 978 1048 
1284 1150 1359 1048 897 
1285 745 746 1362 1361 
1286 746 747 1360 1362 
1287 1362 1360 952 1004 
1288 1361 1362 1004 851 
1289 583 1363 1365 582 
1290 1363 876 1064 1365 
1291 1365 1064 976 1364 
1292 582 1365 1364 581 
1293 511 1366 1368 510 
1294 1366 963 1367 1368 
1295 1368 1367 966 1269 
1296 510 1368 1269 509 
1297 9 1369 1371 534 
1298 1369 891 1166 1371 
1299 1371 1166 979 1370 
1300 534 1371 1370 533 
1301 60 1372 1374 59 
1302 1372 889 1135 1374 
1303 1374 1135 960 1373 
1304 59 1374 1373 58 
1305 823 824 1378 1377 
1306 824 825 1375 1378 
1307 1378 1375 918 1376 
1308 1377 1378 1376 854 
1309 527 1280 1381 526 
1310 1280 965 1379 1381 
1311 1381 1379 962 1380 
1312 526 1381 1380 525 
1313 4 42 1384 1383 
1314 42 41 1382 1384 
1315 1384 1382 972 1031 
1316 1383 1384 1031 856 
1317 609 1225 1387 608 
1318 1225 880 1385 1387 
1319 1387 1385 955 1386 
1320 608 1387 1386 607 
1321 599 1388 1390 598 
1322 1388 967 1389 1390 
1323 1390 1389 969 1330 
1324 598 1390 1330 597 
1325 39 38 1393 1392 
1326 38 37 1391 1393 
1327 1393 1391 975 1038 
1328 1392 1393 1038 865 
1329 30 29 1396 1395 
1330 29 1 1394 1396 
1331 1396 1394 927 1103 
1332 1395 1396 1103 843 
1333 874 1197 1397 1323 
1334 1197 501 502 1397 
1335 1397 502 503 1168 
1336 1323 1397 1168 921 
1337 1 818 1399 1394 
1338 818 819 1398 1399 
1339 1399 1398 845 1016 
1340 1394 1399 1016 927 
1341 827 828 1401 1400 
1342 828 829 1276 1401 
1343 1401 1276 849 1075 
1344 1400 1401 1075 925 
1345 695 696 1404 1403 
1346 696 697 1402 1404 
1347 1404 1402 978 1358 
1348 1403 1404 1358 868 
1349 6 49 1406 1192 
1350 49 48 1405 1406 
1351 1406 1405 981 1227 
1352 1192 1406 1227 899 
1353 825 826 1408 1375 
1354 826 827 1400 1408 
1355 1408 1400 925 1407 
1356 1375 1408 1407 918 
1357 894 988 1410 1409 
1358 988 850 1153 1410 
1359 1410 1153 904 1108 
1360 1409 1410 1108 930 
1361 819 820 1412 1398 
1362 820 821 1411 1412 
1363 1412 1411 931 1011 
1364 1398 1412 1011 845 
1365 601 1413 1415 600 
1366 1413 964 1414 1415 
1367 1415 1414 967 1388 
1368 600 1415 1388 599 
1369 513 1416 1418 512 
1370 1416 959 1417 1418 
1371 1418 1417 963 1366 
1372 512 1418 1366 511 
1373 32 31 1420 1419 
1374 31 30 1395 1420 
1375 1420 1395 843 1186 
1376 1419 1420 1186 916 
1377 34 33 1422 1421 
1378 33 32 1419 1422 
1379 1422 1419 916 1322 
1380 1421 1422 1322 917 
1381 2 35 1424 1423 
1382 35 34 1421 1424 
1383 1424 1421 917 992 
1384 1423 1424 992 842 
1385 854 1376 1426 1320 
1386 1376 918 1425 1426 
1387 1426 1425 861 1328 
1388 1320 1426 1328 920 
1389 854 1319 1427 1377 
1390 1319 931 1411 1427 
1391 1427 1411 821 822 
1392 1377 1427 822 823 
1393 525 1380 1430 524 
1394 1380 962 1428 1430 
1395 1430 1428 958 1429 
1396 524 1430 1429 523 
1397 603 1431 1433 602 
1398 1431 961 1432 1433 
1399 1433 1432 964 1413 
1400 602 1433 1413 601 
1401 625 626 1437 1436 
1402 626 627 1434 1437 
1403 1437 1434 983 1435 
1404 1436 1437 1435 937 
1405 795 796 1438 1200 
1406 796 2 1423 1438 
1407 1438 1423 842 991 
1408 1200 1438 991 929 
1409 892 1296 1439 1146 
1410 1296 84 85 1439 
1411 1439 85 86 1326 
1412 1146 1439 1326 934 
1413 844 1159 1441 1440 
1414 1159 675 676 1441 
1415 1441 676 677 1333 
1416 1440 1441 1333 932 
1417 853 1009 1442 1341 
1418 1009 936 1337 1442 
1419 1442 1337 723 724 
1420 1341 1442 724 725 
1421 888 1299 1443 1114 
1422 1299 80 81 1443 
1423 1443 81 82 1297 
1424 1114 1443 1297 938 
1425 852 996 1444 1344 
1426 996 939 1340 1444 
1427 1444 1340 727 728 
1428 1344 1444 728 729 
1429 515 1445 1447 514 
1430 1445 954 1446 1447 
1431 1447 1446 959 1416 
1432 514 1447 1416 513 
1433 884 1307 1448 1100 
1434 1307 76 77 1448 
1435 1448 77 78 1300 
1436 1100 1448 1300 941 
1437 889 1372 1449 1002 
1438 1372 60 61 1449 
1439 1449 61 62 1303 
1440 1002 1449 1303 943 
1441 848 1020 1450 1350 
1442 1020 947 1343 1450 
1443 1450 1343 731 732 
1444 1350 1450 732 733 
1445 851 1097 1451 1361 
1446 1097 948 1346 1451 
1447 1451 1346 743 744 
1448 1361 1451 744 745 
1449 623 624 1454 1453 
1450 624 625 1436 1454 
1451 1454 1436 937 1452 
1452 1453 1454 1452 928 
1453 882 1313 1455 1073 
1454 1313 72 73 1455 
1455 1455 73 74 1308 
1456 1073 1455 1308 945 
1457 883 1302 1456 1026 
1458 1302 64 65 1456 
1459 1456 65 66 1311 
1460 1026 1456 1311 946 
1461 846 1052 1457 1353 
1462 1052 950 1349 1457 
1463 1457 1349 735 736 
1464 1353 1457 736 737 
1465 847 1070 1458 1347 
1466 1070 951 1352 1458 
1467 1458 1352 739 740 
1468 1347 1458 740 741 
1469 856 1134 1459 1383 
1470 1134 952 1360 1459 
1471 1459 1360 747 748 
1472 1383 1459 748 4 
1473 881 1310 1460 1057 
1474 1310 68 69 1460 
1475 1460 69 70 1314 
1476 1057 1460 1314 949 
1477 605 1461 1463 604 
1478 1461 957 1462 1463 
1479 1463 1462 961 1431 
1480 604 1463 1431 603 
1481 681 1222 1465 680 
1482 1222 879 1464 1465 
1483 1465 1464 942 1334 
1484 680 1465 1334 679 
1485 523 1429 1468 522 
1486 1429 958 1466 1468 
1487 1468 1466 953 1467 
1488 522 1468 1467 521 
1489 859 1110 1471 1292 
1490 1110 922 1469 1471 
1491 1471 1469 928 1470 
1492 1292 1471 1470 912 
1493 629 1272 1473 628 
1494 1272 940 1472 1473 
1495 1473 1472 983 1434 
1496 628 1473 1434 627 
1497 898 1178 1474 1013 
1498 1178 493 494 1474 
1499 1474 494 495 1171 
1500 1013 1474 1171 944 
1501 844 1440 1476 1127 
1502 1440 932 1475 1476 
1503 1476 1475 880 1224 
1504 1127 1476 1224 911 
1505 908 1234 1480 1479 
1506 1234 872 1477 1480 
1507 1480 1477 935 1478 
1508 1479 1480 1478 933 
1509 44 43 1481 1163 
1510 43 5 1338 1481 
1511 1481 1338 855 1130 
1512 1163 1481 1130 956 
1513 607 1386 1483 606 
1514 1386 955 1482 1483 
1515 1483 1482 957 1461 
1516 606 1483 1461 605 
1517 932 1335 1485 1475 
1518 1335 942 1484 1485 
1519 1485 1484 955 1385 
1520 1475 1485 1385 880 
1521 891 1369 1486 1033 
1522 1369 9 57 1486 
1523 1486 57 58 1373 
1524 1033 1486 1373 960 
1525 870 1257 1489 1488 
1526 1257 908 1479 1489 
1527 1489 1479 933 1487 
1528 1488 1489 1487 953 
1529 926 1139 1490 1077 
1530 1139 861 1425 1490 
1531 1490 1425 918 1407 
1532 1077 1490 1407 925 
1533 517 1491 1493 516 
1534 1491 935 1492 1493 
1535 1493 1492 954 1445 
1536 516 1493 1445 515 
1537 872 1267 1495 1477 
1538 1267 909 1494 1495 
1539 1495 1494 954 1492 
1540 1477 1495 1492 935 
1541 912 1470 1497 1286 
1542 1470 928 1452 1497 
1543 1497 1452 937 1496 
1544 1286 1497 1496 858 
1545 860 1325 1498 1183 
1546 1325 10 580 1498 
1547 1498 580 581 1364 
1548 1183 1498 1364 976 
1549 521 1467 1500 520 
1550 1467 953 1487 1500 
1551 1500 1487 933 1499 
1552 520 1500 1499 519 
1553 519 1499 1501 518 
1554 1499 933 1478 1501 
1555 1501 1478 935 1491 
1556 518 1501 1491 517 
1557 907 1245 1503 1502 
1558 1245 870 1488 1503 
1559 1503 1488 953 1466 
1560 1502 1503 1466 958 
1561 879 1221 1506 1505 
1562 1221 901 1504 1506 
1563 1506 1504 961 1462 
1564 1505 1506 1462 957 
1565 909 1264 1508 1494 
1566 1264 869 1507 1508 
1567 1508 1507 959 1446 
1568 1494 1508 1446 954 
1569 51 1157 1510 52 
1570 1157 841 1040 1510 
1571 1510 1040 919 1509 
1572 52 1510 1509 53 
1573 53 1509 1513 54 
1574 1509 919 1511 1513 
1575 1513 1511 840 1512 
1576 54 1513 1512 55 
1577 621 622 1514 1189 
1578 622 623 1453 1514 
1579 1514 1453 928 1469 
1580 1189 1514 1469 922 
1581 863 1316 1515 1250 
1582 1316 975 1391 1515 
1583 1515 1391 37 36 
1584 1250 1515 36 3 
1585 901 1213 1517 1504 
1586 1213 878 1516 1517 
1587 1517 1516 964 1432 
1588 1504 1517 1432 961 
1589 867 1252 1519 1518 
1590 1252 907 1502 1519 
1591 1519 1502 958 1428 
1592 1518 1519 1428 962 
1593 865 1165 1520 1392 
1594 1165 972 1382 1520 
1595 1520 1382 41 40 
1596 1392 1520 40 39 
1597 869 1238 1522 1507 
1598 1238 905 1521 1522 
1599 1522 1521 963 1417 
1600 1507 1522 1417 959 
1601 878 1210 1524 1516 
1602 1210 903 1523 1524 
1603 1524 1523 967 1414 
1604 1516 1524 1414 964 
1605 903 1216 1526 1523 
1606 1216 875 1525 1526 
1607 1526 1525 969 1389 
1608 1523 1526 1389 967 
1609 906 1255 1528 1527 
1610 1255 867 1518 1528 
1611 1528 1518 962 1379 
1612 1527 1528 1379 965 
1613 905 1242 1530 1521 
1614 1242 866 1529 1530 
1615 1530 1529 966 1367 
1616 1521 1530 1367 963 
1617 895 1143 1532 1119 
1618 1143 970 1531 1532 
1619 1532 1531 910 1262 
1620 1119 1532 1262 862 
1621 587 1355 1534 586 
1622 1355 977 1081 1534 
1623 1534 1081 980 1533 
1624 586 1534 1533 585 
1625 8 1535 1536 652 
1626 1535 894 1409 1536 
1627 1536 1409 930 1123 
1628 652 1536 1123 651 
1629 864 1045 1537 1191 
1630 1045 978 1402 1537 
1631 1537 1402 697 698 
1632 1191 1537 698 699 
1633 875 1203 1539 1525 
1634 1203 900 1538 1539 
1635 1539 1538 971 1331 
1636 1525 1539 1331 969 
1637 896 1174 1540 1036 
1638 1174 531 532 1540 
1639 1540 532 533 1370 
1640 1036 1540 1370 979 
1641 863 1249 1541 1317 
1642 1249 906 1527 1541 
1643 1541 1527 965 1279 
1644 1317 1541 1279 968 
1645 866 1260 1542 1529 
1646 1260 910 1531 1542 
1647 1542 1531 970 1270 
1648 1529 1542 1270 966 
1649 900 1207 1544 1538 
1650 1207 873 1543 1544 
1651 1544 1543 973 1283 
1652 1538 1544 1283 971 
1653 695 1403 1546 1218 
1654 1403 868 1357 1546 
1655 1546 1357 974 1545 
1656 1218 1546 1545 902 
1657 639 1230 1548 638 
1658 1230 984 1547 1548 
1659 1548 1547 636 637 
1660 638 1548 637 19 
1661 876 1363 1549 1228 
1662 1363 583 584 1549 
1663 1549 584 585 1533 
1664 1228 1549 1533 980 
1665 873 1219 1550 1543 
1666 1219 902 1545 1550 
1667 1550 1545 974 1195 
1668 1543 1550 1195 973 
1669 55 1512 1551 56 
1670 1512 840 989 1551 
1671 1551 989 894 1535 
1672 56 1551 1535 8 
1673 893 1066 1552 1162 
1674 1066 981 1405 1552 
1675 1552 1405 48 47 
1676 1162 1552 47 46 
1677 957 1482 1553 1505 
1678 1482 955 1484 1553 
1679 1553 1484 942 1464 
1680 1505 1553 1464 879 
1681 831 832 1555 1277 
1682 832 28 833 1555 
1683 1555 833 834 1554 
1684 1277 1555 1554 982 
1685 838 1556 1558 837 
1686 1556 871 1062 1558 
1687 1558 1062 923 1557 
1688 837 1558 1557 836 
1689 632 633 1561 1560 
1690 633 634 1559 1561 
1691 1561 1559 924 1274 
1692 1560 1561 1274 877 
1693 913 1562 1563 1290 
1694 1562 983 1472 1563 
1695 1563 1472 940 1092 
1696 1290 1563 1092 857 
1697 836 1557 1564 835 
1698 1557 923 1061 1564 
1699 1564 1061 982 1554 
1700 835 1564 1554 834 
1701 634 635 1565 1559 
1702 635 636 1547 1565 
1703 1565 1547 984 1094 
1704 1559 1565 1094 924 
1705 858 1496 1566 1294 
1706 1496 937 1435 1566 
1707 1566 1435 983 1562 
1708 1294 1566 1562 913 
1709 841 1156 1567 1041 
1710 1156 915 1125 1567 
1711 1567 1125 887 1106 
1712 1041 1567 1106 985 
1713 485 1305 1568 484 
1714 1305 871 1556 1568 
1715 1568 1556 838 839 
1716 484 1568 839 15 
1717 629 630 1569 1273 
1718 630 18 631 1569 
1719 1569 631 632 1560 
1720 1273 1569 1560 877 
1721 885 986 1570 1087 
1722 986 840 1511 1570 
1723 1570 1511 919 1043 
1724 1087 1570 1043 886 
2 3 3 84
1725 1578 1585 1589 1588 
1726 1585 1576 1586 1589 
1727 1589 1586 1584 1587 
1728 1588 1589 1587 1574 
1729 1573 1590 1593 1592 
1730 1590 1579 1591 1593 
1731 1593 1591 1584 1586 
1732 1592 1593 1586 1576 
1733 1573 1592 1597 1596 
1734 1592 1576 1594 1597 
1735 1597 1594 1572 1595 
1736 1596 1597 1595 1575 
1737 30 31 1600 1599 
1738 31 32 1598 1600 
1739 1600 1598 1575 1595 
1740 1599 1600 1595 1572 
1741 805 1601 1603 804 
1742 1601 1581 1602 1603 
1743 1603 1602 802 803 
1744 804 1603 803 26 
1745 816 1604 1606 815 
1746 1604 1578 1588 1606 
1747 1606 1588 1574 1605 
1748 815 1606 1605 814 
1749 798 799 1609 1608 
1750 799 800 1607 1609 
1751 1609 1607 1579 1590 
1752 1608 1609 1590 1573 
1753 34 35 1612 1611 
1754 35 2 797 1612 
1755 1612 797 798 1610 
1756 1611 1612 1610 1582 
1757 809 810 1615 1614 
1758 810 27 811 1615 
1759 1615 811 812 1613 
1760 1614 1615 1613 1583 
1761 32 33 1617 1598 
1762 33 34 1611 1617 
1763 1617 1611 1582 1616 
1764 1598 1617 1616 1575 
1765 807 808 1620 1619 
1766 808 809 1614 1620 
1767 1620 1614 1583 1618 
1768 1619 1620 1618 1577 
1769 1 29 1623 1622 
1770 29 30 1599 1623 
1771 1623 1599 1572 1621 
1772 1622 1623 1621 1580 
1773 807 1624 1626 806 
1774 1624 1571 1625 1626 
1775 1626 1625 1581 1601 
1776 806 1626 1601 805 
1777 1 1622 1628 817 
1778 1622 1580 1627 1628 
1779 1628 1627 1578 1604 
1780 817 1628 1604 816 
1781 800 801 1630 1607 
1782 801 802 1602 1630 
1783 1630 1602 1581 1629 
1784 1607 1630 1629 1579 
1785 814 1605 1632 813 
1786 1605 1574 1631 1632 
1787 1632 1631 1583 1613 
1788 813 1632 1613 812 
1789 798 1608 1633 1610 
1790 1608 1573 1596 1633 
1791 1633 1596 1575 1616 
1792 1610 1633 1616 1582 
1793 1584 1634 1635 1587 
1794 1634 1577 1618 1635 
1795 1635 1618 1583 1631 
1796 1587 1635 1631 1574 
1797 1576 1585 1636 1594 
1798 1585 1578 1627 1636 
1799 1636 1627 1580 1621 
1800 1594 1636 1621 1572 
1801 1584 1591 1638 1637 
1802 1591 1579 1629 1638 
1803 1638 1629 1581 1625 
1804 1637 1638 1625 1571 
1805 807 1619 1639 1624 
1806 1619 1577 1634 1639 
1807 1639 1634 1584 1637 
1808 1624 1639 1637 1571 
2 4 3 88
1809 1653 1655 1658 1657 
1810 1655 757 758 1658 
1811 1658 758 759 1656 
1812 1657 1658 1656 1641 
1813 1652 1659 1662 1661 
1814 1659 1644 1660 1662 
1815 1662 1660 39 40 
1816 1661 1662 40 41 
1817 1654 1663 1666 1665 
1818 1663 1645 1664 1666 
1819 1666 1664 759 760 
1820 1665 1666 760 761 
1821 39 1667 1670 38 
1822 1667 1640 1668 1670 
1823 1670 1668 1651 1669 
1824 38 1670 1669 37 
1825 39 1660 1673 1667 
1826 1660 1644 1671 1673 
1827 1673 1671 1648 1672 
1828 1667 1673 1672 1640 
1829 759 1664 1676 1656 
1830 1664 1645 1674 1676 
1831 1676 1674 1648 1675 
1832 1656 1676 1675 1641 
1833 1654 1677 1680 1663 
1834 1677 1642 1678 1680 
1835 1680 1678 1649 1679 
1836 1663 1680 1679 1645 
1837 1652 1681 1684 1659 
1838 1681 1643 1682 1684 
1839 1684 1682 1650 1683 
1840 1659 1684 1683 1644 
1841 37 1669 1686 36 
1842 1669 1651 1685 1686 
1843 1686 1685 768 769 
1844 36 1686 769 3 
1845 752 753 1690 1689 
1846 753 754 1687 1690 
1847 1690 1687 1653 1688 
1848 1689 1690 1688 1647 
1849 766 1691 1693 765 
1850 1691 1642 1677 1693 
1851 1693 1677 1654 1692 
1852 765 1693 1692 764 
1853 752 1694 1696 751 
1854 1694 1643 1681 1696 
1855 1696 1681 1652 1695 
1856 751 1696 1695 750 
1857 1651 1668 1700 1699 
1858 1668 1640 1697 1700 
1859 1700 1697 1649 1698 
1860 1699 1700 1698 1646 
1861 1653 1657 1703 1688 
1862 1657 1641 1701 1703 
1863 1703 1701 1650 1702 
1864 1688 1703 1702 1647 
1865 41 42 1704 1661 
1866 42 4 749 1704 
1867 1704 749 750 1695 
1868 1661 1704 1695 1652 
1869 757 1655 1705 756 
1870 1655 1653 1687 1705 
1871 1705 1687 754 755 
1872 756 1705 755 24 
1873 761 762 1706 1665 
1874 762 25 763 1706 
1875 1706 763 764 1692 
1876 1665 1706 1692 1654 
1877 766 1707 1708 1691 
1878 1707 1646 1698 1708 
1879 1708 1698 1649 1678 
1880 1691 1708 1678 1642 
1881 752 1689 1709 1694 
1882 1689 1647 1702 1709 
1883 1709 1702 1650 1682 
1884 1694 1709 1682 1643 
1885 1645 1679 1710 1674 
1886 1679 1649 1697 1710 
1887 1710 1697 1640 1672 
1888 1674 1710 1672 1648 
1889 766 767 1711 1707 
1890 767 768 1685 1711 
1891 1711 1685 1651 1699 
1892 1707 1711 1699 1646 
1893 1644 1683 1712 1671 
1894 1683 1650 1701 1712 
1895 1712 1701 1641 1675 
1896 1671 1712 1675 1648 
2 5 3 88
1897 46 1728 1732 1731 
1898 1728 1713 1729 1732 
1899 1732 1729 1719 1730 
1900 1731 1732 1730 1717 
1901 711 1733 1737 1736 
1902 1733 1714 1734 1737 
1903 1737 1734 1719 1735 
1904 1736 1737 1735 1718 
1905 46 1731 1740 45 
1906 1731 1717 1738 1740 
1907 1740 1738 1727 1739 
1908 45 1740 1739 44 
1909 711 1736 1743 710 
1910 1736 1718 1741 1743 
1911 1743 1741 1725 1742 
1912 710 1743 1742 709 
1913 46 47 1746 1728 
1914 47 48 1744 1746 
1915 1746 1744 1724 1745 
1916 1728 1746 1745 1713 
1917 48 49 1748 1744 
1918 49 6 701 1748 
1919 1748 701 702 1747 
1920 1744 1748 1747 1724 
1921 709 1742 1750 708 
1922 1742 1725 1749 1750 
1923 1750 1749 706 707 
1924 708 1750 707 22 
1925 713 714 1753 1752 
1926 714 23 715 1753 
1927 1753 715 716 1751 
1928 1752 1753 1751 1726 
1929 44 1739 1755 43 
1930 1739 1727 1754 1755 
1931 1755 1754 720 721 
1932 43 1755 721 5 
1933 711 712 1757 1733 
1934 712 713 1752 1757 
1935 1757 1752 1726 1756 
1936 1733 1757 1756 1714 
1937 1725 1741 1761 1760 
1938 1741 1718 1758 1761 
1939 1761 1758 1722 1759 
1940 1760 1761 1759 1715 
1941 1727 1738 1765 1764 
1942 1738 1717 1762 1765 
1943 1765 1762 1723 1763 
1944 1764 1765 1763 1716 
1945 1718 1735 1767 1758 
1946 1735 1719 1729 1767 
1947 1767 1729 1713 1766 
1948 1758 1767 1766 1722 
1949 1717 1730 1769 1762 
1950 1730 1719 1734 1769 
1951 1769 1734 1714 1768 
1952 1762 1769 1768 1723 
1953 1724 1770 1772 1745 
1954 1770 1720 1771 1772 
1955 1772 1771 1722 1766 
1956 1745 1772 1766 1713 
1957 1726 1773 1775 1756 
1958 1773 1721 1774 1775 
1959 1775 1774 1723 1768 
1960 1756 1775 1768 1714 
1961 704 1776 1777 703 
1962 1776 1720 1770 1777 
1963 1777 1770 1724 1747 
1964 703 1777 1747 702 
1965 704 705 1779 1778 
1966 705 706 1749 1779 
1967 1779 1749 1725 1760 
1968 1778 1779 1760 1715 
1969 718 1780 1781 717 
1970 1780 1721 1773 1781 
1971 1781 1773 1726 1751 
1972 717 1781 1751 716 
1973 718 719 1783 1782 
1974 719 720 1754 1783 
1975 1783 1754 1727 1764 
1976 1782 1783 1764 1716 
1977 704 1778 1784 1776 
1978 1778 1715 1759 1784 
1979 1784 1759 1722 1771 
1980 1776 1784 1771 1720 
1981 718 1782 1785 1780 
1982 1782 1716 1763 1785 
1983 1785 1763 1723 1774 
1984 1780 1785 1774 1721 
2 6 3 88
1985 672 1801 1804 671 
1986 1801 1786 1802 1804 
1987 1804 1802 1790 1803 
1988 671 1804 1803 670 
1989 658 1805 1808 657 
1990 1805 1787 1806 1808 
1991 1808 1806 1793 1807 
1992 657 1808 1807 656 
1993 670 1803 1811 669 
1994 1803 1790 1809 1811 
1995 1811 1809 1800 1810 
1996 669 1811 1810 668 
1997 656 1807 1814 655 
1998 1807 1793 1812 1814 
1999 1814 1812 1798 1813 
2000 655 1814 1813 654 
2001 672 673 1817 1816 
2002 673 7 50 1817 
2003 1817 50 51 1815 
2004 1816 1817 1815 1796 
2005 654 1813 1819 653 
2006 1813 1798 1818 1819 
2007 1819 1818 55 56 
2008 653 1819 56 8 
2009 658 659 1822 1821 
2010 659 20 660 1822 
2011 1822 660 661 1820 
2012 1821 1822 1820 1799 
2013 668 1810 1824 667 
2014 1810 1800 1823 1824 
2015 1824 1823 665 666 
2016 667 1824 666 21 
2017 1787 1825 1828 1806 
2018 1825 1791 1826 1828 
2019 1828 1826 1795 1827 
2020 1806 1828 1827 1793 
2021 1798 1812 1831 1830 
2022 1812 1793 1827 1831 
2023 1831 1827 1795 1829 
2024 1830 1831 1829 1788 
2025 1800 1809 1835 1834 
2026 1809 1790 1832 1835 
2027 1835 1832 1797 1833 
2028 1834 1835 1833 1789 
2029 1786 1836 1838 1802 
2030 1836 1791 1837 1838 
2031 1838 1837 1797 1832 
2032 1802 1838 1832 1790 
2033 672 1816 1841 1801 
2034 1816 1796 1839 1841 
2035 1841 1839 1792 1840 
2036 1801 1841 1840 1786 
2037 658 1821 1844 1805 
2038 1821 1799 1842 1844 
2039 1844 1842 1794 1843 
2040 1805 1844 1843 1787 
2041 1791 1836 1846 1826 
2042 1836 1786 1840 1846 
2043 1846 1840 1792 1845 
2044 1826 1846 1845 1795 
2045 1791 1825 1848 1837 
2046 1825 1787 1843 1848 
2047 1848 1843 1794 1847 
2048 1837 1848 1847 1797 
2049 53 1849 1850 52 
2050 1849 1792 1839 1850 
2051 1850 1839 1796 1815 
2052 52 1850 1815 51 
2053 53 54 1852 1851 
2054 54 55 1818 1852 
2055 1852 1818 1798 1830 
2056 1851 1852 1830 1788 
2057 663 1853 1854 662 
2058 1853 1794 1842 1854 
2059 1854 1842 1799 1820 
2060 662 1854 1820 661 
2061 663 664 1856 1855 
2062 664 665 1823 1856 
2063 1856 1823 1800 1834 
2064 1855 1856 1834 1789 
2065 53 1851 1857 1849 
2066 1851 1788 1829 1857 
2067 1857 1829 1795 1845 
2068 1849 1857 1845 1792 
2069 663 1855 1858 1853 
2070 1855 1789 1833 1858 
2071 1858 1833 1797 1847 
2072 1853 1858 1847 1794 
2 7 3 280
2073 1898 1910 1913 1912 
2074 1910 58 59 1913 
2075 1913 59 60 1911 
2076 1912 1913 1911 1859 
2077 1901 1914 1917 1916 
2078 1914 1860 1915 1917 
2079 1917 1915 84 85 
2080 1916 1917 85 86 
2081 1899 1918 1921 1920 
2082 1918 1875 1919 1921 
2083 1921 1919 569 570 
2084 1920 1921 570 571 
2085 1900 1922 1925 1924 
2086 1922 543 544 1925 
2087 1925 544 545 1923 
2088 1924 1925 1923 1874 
2089 1859 1911 1928 1927 
2090 1911 60 61 1928 
2091 1928 61 62 1926 
2092 1927 1928 1926 1876 
2093 1874 1923 1931 1930 
2094 1923 545 546 1931 
2095 1931 546 547 1929 
2096 1930 1931 1929 1869 
2097 1875 1932 1934 1919 
2098 1932 1868 1933 1934 
2099 1934 1933 567 568 
2100 1919 1934 568 569 
2101 1890 1935 1939 1938 
2102 1935 1886 1936 1939 
2103 1939 1936 1891 1937 
2104 1938 1939 1937 74 
2105 1869 1929 1942 1941 
2106 1929 547 548 1942 
2107 1942 548 549 1940 
2108 1941 1942 1940 1878 
2109 1860 1943 1945 1915 
2110 1943 1877 1944 1945 
2111 1945 1944 82 83 
2112 1915 1945 83 84 
2113 1868 1946 1948 1933 
2114 1946 1879 1947 1948 
2115 1948 1947 565 566 
2116 1933 1948 566 567 
2117 68 1949 1952 67 
2118 1949 1861 1950 1952 
2119 1952 1950 1881 1951 
2120 67 1952 1951 66 
2121 553 1953 1956 552 
2122 1953 1883 1954 1956 
2123 1956 1954 1870 1955 
2124 552 1956 1955 551 
2125 1878 1940 1958 1957 
2126 1940 549 550 1958 
2127 1958 550 551 1955 
2128 1957 1958 1955 1870 
2129 1879 1959 1961 1947 
2130 1959 1871 1960 1961 
2131 1961 1960 563 564 
2132 1947 1961 564 565 
2133 1882 1962 1965 1964 
2134 1962 1873 1963 1965 
2135 1965 1963 559 560 
2136 1964 1965 560 561 
2137 1876 1926 1968 1967 
2138 1926 62 63 1968 
2139 1968 63 64 1966 
2140 1967 1968 1966 1864 
2141 1877 1969 1971 1944 
2142 1969 1863 1970 1971 
2143 1971 1970 80 81 
2144 1944 1971 81 82 
2145 70 1972 1974 69 
2146 1972 1887 1973 1974 
2147 1974 1973 1861 1949 
2148 69 1974 1949 68 
2149 1864 1966 1976 1975 
2150 1966 64 65 1976 
2151 1976 65 66 1951 
2152 1975 1976 1951 1881 
2153 1863 1977 1979 1970 
2154 1977 1880 1978 1979 
2155 1979 1978 78 79 
2156 1970 1979 79 80 
2157 1886 1980 1984 1983 
2158 1980 1872 1981 1984 
2159 1984 1981 555 1982 
2160 1983 1984 1982 1885 
2161 1887 1972 1987 1986 
2162 1972 70 71 1987 
2163 1987 71 72 1985 
2164 1986 1987 1985 1865 
2165 1873 1988 1990 1963 
2166 1988 1884 1989 1990 
2167 1990 1989 557 558 
2168 1963 1990 558 559 
2169 555 556 1992 1982 
2170 556 557 1989 1992 
2171 1992 1989 1884 1991 
2172 1982 1992 1991 1885 
2173 561 562 1994 1964 
2174 562 563 1960 1994 
2175 1994 1960 1871 1993 
2176 1964 1994 1993 1882 
2177 1880 1995 1997 1978 
2178 1995 1862 1996 1997 
2179 1997 1996 76 77 
2180 1978 1997 77 78 
2181 555 1981 1999 554 
2182 1981 1872 1998 1999 
2183 1999 1998 1883 1953 
2184 554 1999 1953 553 
2185 1899 2000 2003 1918 
2186 2000 1866 2001 2003 
2187 2003 2001 1895 2002 
2188 1918 2003 2002 1875 
2189 1900 1924 2007 2006 
2190 1924 1874 2004 2007 
2191 2007 2004 1896 2005 
2192 2006 2007 2005 1867 
2193 1872 1980 2010 2009 
2194 1980 1886 1935 2010 
2195 2010 1935 1890 2008 
2196 2009 2010 2008 1908 
2197 1885 2011 2013 1983 
2198 2011 1909 2012 2013 
2199 2013 2012 1891 1936 
2200 1983 2013 1936 1886 
2201 1898 1912 2017 2016 
2202 1912 1859 2014 2017 
2203 2017 2014 1895 2015 
2204 2016 2017 2015 1889 
2205 1901 2018 2021 1914 
2206 2018 1888 2019 2021 
2207 2021 2019 1896 2020 
2208 1914 2021 2020 1860 
2209 1863 1969 2025 2024 
2210 1969 1877 2022 2025 
2211 2025 2022 1893 2023 
2212 2024 2025 2023 1897 
2213 1893 2026 2028 2023 
2214 2026 1869 1941 2028 
2215 2028 1941 1878 2027 
2216 2023 2028 2027 1897 
2217 1892 2029 2032 2031 
2218 2029 1876 1967 2032 
2219 2032 1967 1864 2030 
2220 2031 2032 2030 1894 
2221 74 75 2034 1938 
2222 75 76 1996 2034 
2223 2034 1996 1862 2033 
2224 1938 2034 2033 1890 
2225 74 1937 2036 73 
2226 1937 1891 2035 2036 
2227 2036 2035 1865 1985 
2228 73 2036 1985 72 
2229 1892 2031 2039 2038 
2230 2031 1894 2037 2039 
2231 2039 2037 1879 1946 
2232 2038 2039 1946 1868 
2233 1871 1959 2042 2041 
2234 1959 1879 2037 2042 
2235 2042 2037 1894 2040 
2236 2041 2042 2040 1902 
2237 1897 2027 2045 2044 
2238 2027 1878 1957 2045 
2239 2045 1957 1870 2043 
2240 2044 2045 2043 1903 
2241 1894 2030 2047 2040 
2242 2030 1864 1975 2047 
2243 2047 1975 1881 2046 
2244 2040 2047 2046 1902 
2245 1897 2044 2049 2024 
2246 2044 1903 2048 2049 
2247 2049 2048 1880 1977 
2248 2024 2049 1977 1863 
2249 1902 2050 2052 2041 
2250 2050 1904 2051 2052 
2251 2052 2051 1882 1993 
2252 2041 2052 1993 1871 
2253 1883 2053 2055 1954 
2254 2053 1906 2054 2055 
2255 2055 2054 1903 2043 
2256 1954 2055 2043 1870 
2257 1905 2056 2059 2058 
2258 2056 1907 2057 2059 
2259 2059 2057 1884 1988 
2260 2058 2059 1988 1873 
2261 1905 2060 2062 2056 
2262 2060 1887 1986 2062 
2263 2062 1986 1865 2061 
2264 2056 2062 2061 1907 
2265 1887 2060 2065 1973 
2266 2060 1905 2063 2065 
2267 2065 2063 1904 2064 
2268 1973 2065 2064 1861 
2269 1902 2046 2066 2050 
2270 2046 1881 1950 2066 
2271 2066 1950 1861 2064 
2272 2050 2066 2064 1904 
2273 1873 1962 2067 2058 
2274 1962 1882 2051 2067 
2275 2067 2051 1904 2063 
2276 2058 2067 2063 1905 
2277 1862 1995 2069 2068 
2278 1995 1880 2048 2069 
2279 2069 2048 1903 2054 
2280 2068 2069 2054 1906 
2281 1906 2053 2071 2070 
2282 2053 1883 1998 2071 
2283 2071 1998 1872 2009 
2284 2070 2071 2009 1908 
2285 1907 2072 2073 2057 
2286 2072 1909 2011 2073 
2287 2073 2011 1885 1991 
2288 2057 2073 1991 1884 
2289 538 539 2076 2075 
2290 539 540 2074 2076 
2291 2076 2074 1898 2016 
2292 2075 2076 2016 1889 
2293 576 2077 2079 575 
2294 2077 1888 2018 2079 
2295 2079 2018 1901 2078 
2296 575 2079 2078 574 
2297 576 577 2082 2081 
2298 577 578 2080 2082 
2299 2082 2080 1900 2006 
2300 2081 2082 2006 1867 
2301 538 2083 2085 537 
2302 2083 1866 2000 2085 
2303 2085 2000 1899 2084 
2304 537 2085 2084 536 
2305 86 87 2086 1916 
2306 87 10 573 2086 
2307 2086 573 574 2078 
2308 1916 2086 2078 1901 
2309 571 572 2087 1920 
2310 572 16 535 2087 
2311 2087 535 536 2084 
2312 1920 2087 2084 1899 
2313 543 1922 2088 542 
2314 1922 1900 2080 2088 
2315 2088 2080 578 579 
2316 542 2088 579 17 
2317 58 1910 2089 57 
2318 1910 1898 2074 2089 
2319 2089 2074 540 541 
2320 57 2089 541 9 
2321 1868 1932 2091 2038 
2322 1932 1875 2002 2091 
2323 2091 2002 1895 2090 
2324 2038 2091 2090 1892 
2325 1869 2026 2093 1930 
2326 2026 1893 2092 2093 
2327 2093 2092 1896 2004 
2328 1930 2093 2004 1874 
2329 1876 2029 2094 1927 
2330 2029 1892 2090 2094 
2331 2094 2090 1895 2014 
2332 1927 2094 2014 1859 
2333 1877 1943 2095 2022 
2334 1943 1860 2020 2095 
2335 2095 2020 1896 2092 
2336 2022 2095 2092 1893 
2337 538 2075 2096 2083 
2338 2075 1889 2015 2096 
2339 2096 2015 1895 2001 
2340 2083 2096 2001 1866 
2341 576 2081 2097 2077 
2342 2081 1867 2005 2097 
2343 2097 2005 1896 2019 
2344 2077 2097 2019 1888 
2345 1907 2061 2098 2072 
2346 2061 1865 2035 2098 
2347 2098 2035 1891 2012 
2348 2072 2098 2012 1909 
2349 1906 2070 2099 2068 
2350 2070 1908 2008 2099 
2351 2099 2008 1890 2033 
2352 2068 2099 2033 1862 
2 8 3 8392
2353 3964 4003 4006 4005 
2354 4003 3007 4004 4006 
2355 4006 4004 386 387 
2356 4005 4006 387 388 
2357 559 4007 4010 558 
2358 4007 3224 4008 4010 
2359 4010 4008 2227 4009 
2360 558 4010 4009 557 
2361 3981 4011 4015 4014 
2362 4011 3055 4012 4015 
2363 4015 4012 3219 4013 
2364 4014 4015 4013 3220 
2365 2586 4016 4020 4019 
2366 4016 3526 4017 4020 
2367 4020 4017 3086 4018 
2368 4019 4020 4018 3085 
2369 3007 4021 4023 4004 
2370 4021 3008 4022 4023 
2371 4023 4022 384 385 
2372 4004 4023 385 386 
2373 452 453 4027 4026 
2374 453 454 4024 4027 
2375 4027 4024 2948 4025 
2376 4026 4027 4025 3006 
2377 2590 4028 4032 4031 
2378 4028 3598 4029 4032 
2379 4032 4029 3272 4030 
2380 4031 4032 4030 3469 
2381 3439 4033 4037 4036 
2382 4033 3329 4034 4037 
2383 4037 4034 3584 4035 
2384 4036 4037 4035 2591 
2385 3155 4038 4042 4041 
2386 4038 3496 4039 4042 
2387 4042 4039 3137 4040 
2388 4041 4042 4040 3986 
2389 3638 4043 4047 4046 
2390 4043 2995 4044 4047 
2391 4047 4044 3865 4045 
2392 4046 4047 4045 3450 
2393 3740 4048 4052 4051 
2394 4048 3241 4049 4052 
2395 4052 4049 2596 4050 
2396 4051 4052 4050 3821 
2397 3242 4053 4057 4056 
2398 4053 3210 4054 4057 
2399 4057 4054 3208 4055 
2400 4056 4057 4055 2535 
2401 3622 4058 4062 4061 
2402 4058 2174 4059 4062 
2403 4062 4059 3653 4060 
2404 4061 4062 4060 2924 
2405 2242 4063 4066 4065 
2406 4063 3219 4012 4066 
2407 4066 4012 3055 4064 
2408 4065 4066 4064 3445 
2409 2783 4067 4071 4070 
2410 4067 3556 4068 4071 
2411 4071 4068 2160 4069 
2412 4070 4071 4069 2978 
2413 2157 4072 4076 4075 
2414 4072 3771 4073 4076 
2415 4076 4073 3232 4074 
2416 4075 4076 4074 3230 
2417 2440 4077 4081 4080 
2418 4077 3592 4078 4081 
2419 4081 4078 3251 4079 
2420 4080 4081 4079 2442 
2421 3583 4082 4086 4085 
2422 4082 2888 4083 4086 
2423 4086 4083 3585 4084 
2424 4085 4086 4084 3311 
2425 3992 4087 4091 4090 
2426 4087 3850 4088 4091 
2427 4091 4088 3983 4089 
2428 4090 4091 4089 3136 
2429 2246 4092 4096 4095 
2430 4092 2295 4093 4096 
2431 4096 4093 3082 4094 
2432 4095 4096 4094 3679 
2433 3525 4097 4101 4100 
2434 4097 350 4098 4101 
2435 4101 4098 3891 4099 
2436 4100 4101 4099 2931 
2437 3950 4102 4106 4105 
2438 4102 2676 4103 4106 
2439 4106 4103 2899 4104 
2440 4105 4106 4104 3416 
2441 2390 4107 4111 4110 
2442 4107 3211 4108 4111 
2443 4111 4108 3083 4109 
2444 4110 4111 4109 2388 
2445 3614 4112 4116 4115 
2446 4112 2533 4113 4116 
2447 4116 4113 3721 4114 
2448 4115 4116 4114 3274 
2449 3588 4117 4121 4120 
2450 4117 3312 4118 4121 
2451 4121 4118 3586 4119 
2452 4120 4121 4119 2887 
2453 3442 4122 4126 4125 
2454 4122 3094 4123 4126 
2455 4126 4123 3755 4124 
2456 4125 4126 4124 2830 
2457 3615 4127 4131 4130 
2458 4127 2228 4128 4131 
2459 4131 4128 3846 4129 
2460 4130 4131 4129 3141 
2461 3207 4132 4136 4135 
2462 4132 2593 4133 4136 
2463 4136 4133 3212 4134 
2464 4135 4136 4134 3206 
2465 2115 4137 4141 4140 
2466 4137 3113 4138 4141 
2467 4141 4138 3438 4139 
2468 4140 4141 4139 2982 
2469 2965 4142 4146 4145 
2470 4142 2551 4143 4146 
2471 4146 4143 3023 4144 
2472 4145 4146 4144 2949 
2473 2605 4147 4151 4150 
2474 4147 2712 4148 4151 
2475 4151 4148 3393 4149 
2476 4150 4151 4149 3799 
2477 20 659 4155 4154 
2478 659 658 4152 4155 
2479 4155 4152 3918 4153 
2480 4154 4155 4153 3560 
2481 3224 4156 4159 4008 
2482 4156 3223 4157 4159 
2483 4159 4157 3225 4158 
2484 4008 4159 4158 2227 
2485 3228 4160 4164 4163 
2486 4160 2193 4161 4164 
2487 4164 4161 3230 4162 
2488 4163 4164 4162 3229 
2489 3640 4165 4169 4168 
2490 4165 2943 4166 4169 
2491 4169 4166 3595 4167 
2492 4168 4169 4167 2812 
2493 3833 4170 4173 4172 
2494 4170 3083 4108 4173 
2495 4173 4108 3211 4171 
2496 4172 4173 4171 3649 
2497 3209 4174 4178 4177 
2498 4174 3243 4175 4178 
2499 4178 4175 2129 4176 
2500 4177 4178 4176 3433 
2501 3584 4034 4182 4181 
2502 4034 3329 4179 4182 
2503 4182 4179 3627 4180 
2504 4181 4182 4180 2616 
2505 3639 4183 4187 4186 
2506 4183 2615 4184 4187 
2507 4187 4184 3683 4185 
2508 4186 4187 4185 3269 
2509 3108 4188 4191 4190 
2510 4188 3086 4017 4191 
2511 4191 4017 3526 4189 
2512 4190 4191 4189 2304 
2513 21 4192 4195 667 
2514 4192 2817 4193 4195 
2515 4195 4193 3934 4194 
2516 667 4195 4194 668 
2517 2221 4196 4200 4199 
2518 4196 2194 4197 4200 
2519 4200 4197 2662 4198 
2520 4199 4200 4198 3140 
2521 3252 4201 4205 4204 
2522 4201 2689 4202 4205 
2523 4205 4202 3177 4203 
2524 4204 4205 4203 3250 
2525 3583 4085 4209 4208 
2526 4085 3311 4206 4209 
2527 4209 4206 2332 4207 
2528 4208 4209 4207 3572 
2529 2548 4210 4214 4213 
2530 4210 3674 4211 4214 
2531 4214 4211 2910 4212 
2532 4213 4214 4212 3693 
2533 3601 4215 4219 4218 
2534 4215 3327 4216 4219 
2535 4219 4216 3718 4217 
2536 4218 4219 4217 2534 
2537 3627 4220 4223 4180 
2538 4220 3278 4221 4223 
2539 4223 4221 3686 4222 
2540 4180 4223 4222 2616 
2541 3523 4224 4228 4227 
2542 4224 2574 4225 4228 
2543 4228 4225 3550 4226 
2544 4227 4228 4226 3166 
2545 454 455 4231 4024 
2546 455 456 4229 4231 
2547 4231 4229 3515 4230 
2548 4024 4231 4230 2948 
2549 2187 4232 4235 4234 
2550 4232 3585 4083 4235 
2551 4235 4083 2888 4233 
2552 4234 4235 4233 3806 
2553 2186 4236 4239 4238 
2554 4236 3807 4237 4239 
2555 4239 4237 2887 4119 
2556 4238 4239 4119 3586 
2557 3127 4240 4243 4242 
2558 4240 3393 4148 4243 
2559 4243 4148 2712 4241 
2560 4242 4243 4241 3778 
2561 3139 4244 4248 4247 
2562 4244 2266 4245 4248 
2563 4248 4245 3140 4246 
2564 4247 4248 4246 3087 
2565 3762 4249 4253 4252 
2566 4249 3759 4250 4253 
2567 4253 4250 3392 4251 
2568 4252 4253 4251 3391 
2569 3750 4254 4258 4257 
2570 4254 2908 4255 4258 
2571 4258 4255 3769 4256 
2572 4257 4258 4256 2538 
2573 2781 4259 4263 4262 
2574 4259 2999 4260 4263 
2575 4263 4260 2921 4261 
2576 4262 4263 4261 2669 
2577 2946 4264 4268 4267 
2578 4264 2385 4265 4268 
2579 4268 4265 3455 4266 
2580 4267 4268 4266 2944 
2581 3496 4038 4272 4271 
2582 4038 3155 4269 4272 
2583 4272 4269 3621 4270 
2584 4271 4272 4270 2339 
2585 2813 4273 4277 4276 
2586 4273 3595 4274 4277 
2587 4277 4274 2856 4275 
2588 4276 4277 4275 3025 
2589 3519 4278 4282 4281 
2590 4278 3837 4279 4282 
2591 4282 4279 3178 4280 
2592 4281 4282 4280 3179 
2593 2157 4075 4285 4284 
2594 4075 3230 4161 4285 
2595 4285 4161 2193 4283 
2596 4284 4285 4283 2156 
2597 2904 4286 4290 4289 
2598 4286 2970 4287 4290 
2599 4290 4287 3978 4288 
2600 4289 4290 4288 3842 
2601 3993 4291 4294 4293 
2602 4291 2943 4165 4294 
2603 4294 4165 3640 4292 
2604 4293 4294 4292 2804 
2605 3711 4295 4299 4298 
2606 4295 2955 4296 4299 
2607 4299 4296 3772 4297 
2608 4298 4299 4297 2316 
2609 2689 4201 4303 4302 
2610 4201 3252 4300 4303 
2611 4303 4300 2793 4301 
2612 4302 4303 4301 2688 
2613 2600 4304 4307 4306 
2614 4304 2444 4305 4307 
2615 4307 4305 2442 4079 
2616 4306 4307 4079 3251 
2617 3915 4308 4312 4311 
2618 4308 3553 4309 4312 
2619 4312 4309 3244 4310 
2620 4311 4312 4310 2626 
2621 2779 4313 4317 4316 
2622 4313 2734 4314 4317 
2623 4317 4314 2925 4315 
2624 4316 4317 4315 3004 
2625 2153 4318 4322 4321 
2626 4318 2915 4319 4322 
2627 4322 4319 3024 4320 
2628 4321 4322 4320 3091 
2629 2897 4323 4327 4326 
2630 4323 3797 4324 4327 
2631 4327 4324 2150 4325 
2632 4326 4327 4325 3785 
2633 2123 4328 4332 4331 
2634 4328 2964 4329 4332 
2635 4332 4329 3781 4330 
2636 4331 4332 4330 3214 
2637 3169 4333 4337 4336 
2638 4333 2518 4334 4337 
2639 4337 4334 3248 4335 
2640 4336 4337 4335 3161 
2641 2898 4338 4342 4341 
2642 4338 3787 4339 4342 
2643 4342 4339 2151 4340 
2644 4341 4342 4340 3798 
2645 2269 4343 4347 4346 
2646 4343 3147 4344 4347 
2647 4347 4344 3065 4345 
2648 4346 4347 4345 3720 
2649 2810 4348 4352 4351 
2650 4348 3172 4349 4352 
2651 4352 4349 2663 4350 
2652 4351 4352 4350 3669 
2653 2309 4353 4357 4356 
2654 4353 3240 4354 4357 
2655 4357 4354 2207 4355 
2656 4356 4357 4355 2243 
2657 2560 4358 4362 4361 
2658 4358 2644 4359 4362 
2659 4362 4359 3231 4360 
2660 4361 4362 4360 3233 
2661 2793 4363 4367 4366 
2662 4363 3630 4364 4367 
2663 4367 4364 2121 4365 
2664 4366 4367 4365 3076 
2665 2921 4260 4371 4370 
2666 4260 2999 4368 4371 
2667 4371 4368 3075 4369 
2668 4370 4371 4369 2335 
2669 3653 4372 4375 4060 
2670 4372 2350 4373 4375 
2671 4375 4373 3877 4374 
2672 4060 4375 4374 2924 
2673 3812 4376 4380 4379 
2674 4376 2148 4377 4380 
2675 4380 4377 3800 4378 
2676 4379 4380 4378 3357 
2677 3554 4381 4385 4384 
2678 4381 2173 4382 4385 
2679 4385 4382 3946 4383 
2680 4384 4385 4383 2966 
2681 2819 4386 4390 4389 
2682 4386 3486 4387 4390 
2683 4390 4387 2786 4388 
2684 4389 4390 4388 2785 
2685 2512 4391 4395 4394 
2686 4391 2345 4392 4395 
2687 4395 4392 2385 4393 
2688 4394 4395 4393 2974 
2689 3351 4396 4400 4399 
2690 4396 3708 4397 4400 
2691 4400 4397 3732 4398 
2692 4399 4400 4398 2855 
2693 3617 4401 4405 4404 
2694 4401 3557 4402 4405 
2695 4405 4402 3820 4403 
2696 4404 4405 4403 3539 
2697 3598 4406 4408 4029 
2698 4406 2615 4183 4408 
2699 4408 4183 3639 4407 
2700 4029 4408 4407 3272 
2701 3814 4409 4413 4412 
2702 4409 3369 4410 4413 
2703 4413 4410 3802 4411 
2704 4412 4413 4411 2149 
2705 2122 4414 4418 4417 
2706 4414 3213 4415 4418 
2707 4418 4415 3803 4416 
2708 4417 4418 4416 2984 
2709 3747 4419 4423 4422 
2710 4419 3324 4420 4423 
2711 4423 4420 2267 4421 
2712 4422 4423 4421 2235 
2713 3826 4424 4428 4427 
2714 4424 3383 4425 4428 
2715 4428 4425 3382 4426 
2716 4427 4428 4426 3784 
2717 2518 4333 4432 4431 
2718 4333 3169 4429 4432 
2719 4432 4429 2795 4430 
2720 4431 4432 4430 3518 
2721 2276 4433 4437 4436 
2722 4433 2226 4434 4437 
2723 4437 4434 2262 4435 
2724 4436 4437 4435 3455 
2725 3843 4438 4442 4441 
2726 4438 2865 4439 4442 
2727 4442 4439 3838 4440 
2728 4441 4442 4440 3148 
2729 3247 4443 4447 4446 
2730 4443 2903 4444 4447 
2731 4447 4444 3899 4445 
2732 4446 4447 4445 2331 
2733 2865 4448 4451 4439 
2734 4448 2927 4449 4451 
2735 4451 4449 3815 4450 
2736 4439 4451 4450 3838 
2737 3176 4452 4455 4454 
2738 4452 3592 4077 4455 
2739 4455 4077 2440 4453 
2740 4454 4455 4453 2592 
2741 2394 4456 4459 4458 
2742 4456 3212 4133 4459 
2743 4459 4133 2593 4457 
2744 4458 4459 4457 2392 
2745 2188 4460 4464 4463 
2746 4460 2954 4461 4464 
2747 4464 4461 2692 4462 
2748 4463 4464 4462 3629 
2749 2333 4465 4468 4467 
2750 4465 3312 4117 4468 
2751 4468 4117 3588 4466 
2752 4467 4468 4466 3789 
2753 2762 4469 4472 4471 
2754 4469 2761 4470 4472 
2755 4472 4470 2948 4230 
2756 4471 4472 4230 3515 
2757 2560 4361 4476 4475 
2758 4361 3233 4473 4476 
2759 4476 4473 3432 4474 
2760 4475 4476 4474 2517 
2761 3209 4477 4480 4174 
2762 4477 3210 4478 4480 
2763 4480 4478 2839 4479 
2764 4174 4480 4479 3243 
2765 3504 4481 4484 4483 
2766 4481 2963 4482 4484 
2767 4484 4482 3572 4207 
2768 4483 4484 4207 2332 
2769 2916 4485 4489 4488 
2770 4485 3672 4486 4489 
2771 4489 4486 2684 4487 
2772 4488 4489 4487 3689 
2773 3087 4246 4493 4492 
2774 4246 3140 4490 4493 
2775 4493 4490 3957 4491 
2776 4492 4493 4491 2896 
2777 3982 4494 4497 4496 
2778 4494 366 367 4497 
2779 4497 367 368 4495 
2780 4496 4497 4495 3569 
2781 3364 4498 4502 4501 
2782 4498 3794 4499 4502 
2783 4502 4499 3782 4500 
2784 4501 4502 4500 3363 
2785 3455 4435 4506 4505 
2786 4435 2262 4503 4506 
2787 4506 4503 3977 4504 
2788 4505 4506 4504 2911 
2789 2707 4507 4511 4510 
2790 4507 3000 4508 4511 
2791 4511 4508 3724 4509 
2792 4510 4511 4509 3342 
2793 3160 4512 4515 4514 
2794 4512 3549 4513 4515 
2795 4515 4513 2574 4224 
2796 4514 4515 4224 3523 
2797 3512 4516 4520 4519 
2798 4516 3908 4517 4520 
2799 4520 4517 3096 4518 
2800 4519 4520 4518 3093 
2801 2709 4521 4525 4524 
2802 4521 3005 4522 4525 
2803 4525 4522 3004 4523 
2804 4524 4525 4523 3199 
2805 3296 4526 4530 4529 
2806 4526 3295 4527 4530 
2807 4530 4527 3294 4528 
2808 4529 4530 4528 2183 
2809 2942 4531 4535 4534 
2810 4531 2968 4532 4535 
2811 4535 4532 3830 4533 
2812 4534 4535 4533 3780 
2813 2941 4536 4540 4539 
2814 4536 3779 4537 4540 
2815 4540 4537 3829 4538 
2816 4539 4540 4538 2969 
2817 485 484 4544 4543 
2818 484 15 4541 4544 
2819 4544 4541 2112 4542 
2820 4543 4544 4542 2111 
2821 629 4545 4548 630 
2822 4545 2113 4546 4548 
2823 4548 4546 2114 4547 
2824 630 4548 4547 18 
2825 2105 4549 4553 4552 
2826 4549 3687 4550 4553 
2827 4553 4550 2940 4551 
2828 4552 4553 4551 3767 
2829 3687 4554 4557 4550 
2830 4554 2372 4555 4557 
2831 4557 4555 3859 4556 
2832 4550 4557 4556 2940 
2833 2101 4558 4562 4561 
2834 4558 3757 4559 4562 
2835 4562 4559 2692 4560 
2836 4561 4562 4560 2996 
2837 3844 4563 4566 4565 
2838 4563 2195 4564 4566 
2839 4566 4564 3779 4536 
2840 4565 4566 4536 2941 
2841 3845 4567 4570 4569 
2842 4567 2942 4534 4570 
2843 4570 4534 3780 4568 
2844 4569 4570 4568 2196 
2845 3098 4571 4575 4574 
2846 4571 3501 4572 4575 
2847 4575 4572 3475 4573 
2848 4574 4575 4573 2523 
2849 2992 4576 4579 4578 
2850 4576 2995 4043 4579 
2851 4579 4043 3638 4577 
2852 4578 4579 4577 3753 
2853 3499 4580 4584 4583 
2854 4580 3418 4581 4584 
2855 4584 4581 3857 4582 
2856 4583 4584 4582 3498 
2857 3918 4585 4589 4588 
2858 4585 2526 4586 4589 
2859 4589 4586 3853 4587 
2860 4588 4589 4587 2973 
2861 3795 4590 4594 4593 
2862 4590 3375 4591 4594 
2863 4594 4591 3790 4592 
2864 4593 4594 4592 2144 
2865 3185 4595 4599 4598 
2866 4595 2191 4596 4599 
2867 4599 4596 3517 4597 
2868 4598 4599 4597 3187 
2869 2807 4600 4604 4603 
2870 4600 2808 4601 4604 
2871 4604 4601 3669 4602 
2872 4603 4604 4602 3608 
2873 3935 4605 4609 4608 
2874 4605 3009 4606 4609 
2875 4609 4606 3010 4607 
2876 4608 4609 4607 2742 
2877 3936 4610 4614 4613 
2878 4610 2741 4611 4614 
2879 4614 4611 3016 4612 
2880 4613 4614 4612 3015 
2881 3290 4615 4619 4618 
2882 4615 3289 4616 4619 
2883 4619 4616 3288 4617 
2884 4618 4619 4617 2185 
2885 3795 4620 4623 4590 
2886 4620 3805 4621 4623 
2887 4623 4621 3378 4622 
2888 4590 4623 4622 3375 
2889 125 4624 4627 124 
2890 4624 3294 4625 4627 
2891 4627 4625 3292 4626 
2892 124 4627 4626 123 
2893 3735 4628 4632 4631 
2894 4628 3478 4629 4632 
2895 4632 4629 3811 4630 
2896 4631 4632 4630 2553 
2897 3499 4633 4636 4580 
2898 4633 3661 4634 4636 
2899 4636 4634 2552 4635 
2900 4580 4636 4635 3418 
2901 3768 4637 4640 4639 
2902 4637 3363 4500 4640 
2903 4640 4500 3782 4638 
2904 4639 4640 4638 2145 
2905 3758 4641 4644 4643 
2906 4641 2855 4398 4644 
2907 4644 4398 3732 4642 
2908 4643 4644 4642 2951 
2909 2524 4645 4648 4647 
2910 4645 3202 4646 4648 
2911 4648 4646 444 445 
2912 4647 4648 445 446 
2913 2929 4649 4652 4651 
2914 4649 3771 4072 4652 
2915 4652 4072 2157 4650 
2916 4651 4652 4650 3851 
2917 3718 4216 4656 4655 
2918 4216 3327 4653 4656 
2919 4656 4653 3439 4654 
2920 4655 4656 4654 2788 
2921 2280 4657 4661 4660 
2922 4657 3581 4658 4661 
2923 4661 4658 3033 4659 
2924 4660 4661 4659 3149 
2925 543 4662 4665 542 
2926 4662 2205 4663 4665 
2927 4665 4663 2206 4664 
2928 542 4665 4664 17 
2929 3161 4335 4668 4667 
2930 4335 3248 4666 4668 
2931 4668 4666 3549 4512 
2932 4667 4668 4512 3160 
2933 3474 4669 4673 4672 
2934 4669 3590 4670 4673 
2935 4673 4670 2477 4671 
2936 4672 4673 4671 3775 
2937 3054 4674 4678 4677 
2938 4674 3501 4675 4678 
2939 4678 4675 3445 4676 
2940 4677 4678 4676 3051 
2941 2790 4679 4683 4682 
2942 4679 3591 4680 4683 
2943 4683 4680 3840 4681 
2944 4682 4683 4681 3112 
2945 289 4684 4687 288 
2946 4684 3200 4685 4687 
2947 4687 4685 3878 4686 
2948 288 4687 4686 287 
2949 2702 4688 4692 4691 
2950 4688 3146 4689 4692 
2951 4692 4689 3710 4690 
2952 4691 4692 4690 2923 
2953 3494 4693 4695 4694 
2954 4693 2779 4316 4695 
2955 4695 4316 3004 4522 
2956 4694 4695 4522 3005 
2957 3302 4696 4700 4699 
2958 4696 3301 4697 4700 
2959 4700 4697 3300 4698 
2960 4699 4700 4698 2178 
2961 131 4701 4704 130 
2962 4701 3300 4702 4704 
2963 4704 4702 3298 4703 
2964 130 4704 4703 129 
2965 2850 4705 4709 4708 
2966 4705 3823 4706 4709 
2967 4709 4706 3024 4707 
2968 4708 4709 4707 3520 
2969 3889 4710 4714 4713 
2970 4710 3964 4711 4714 
2971 4714 4711 2329 4712 
2972 4713 4714 4712 3260 
2973 3038 4715 4718 4717 
2974 4715 3225 4157 4718 
2975 4718 4157 3223 4716 
2976 4717 4718 4716 3040 
2977 3986 4040 4722 4721 
2978 4040 3137 4719 4722 
2979 4722 4719 3983 4720 
2980 4721 4722 4720 3151 
2981 2746 4723 4726 4725 
2982 4723 3108 4190 4726 
2983 4726 4190 2304 4724 
2984 4725 4726 4724 3527 
2985 3624 4727 4730 4729 
2986 4727 3770 4728 4730 
2987 4730 4728 3096 4517 
2988 4729 4730 4517 3908 
2989 3819 4731 4735 4734 
2990 4731 3262 4732 4735 
2991 4735 4732 2166 4733 
2992 4734 4735 4733 3862 
2993 3863 4736 4740 4739 
2994 4736 3463 4737 4740 
2995 4740 4737 3680 4738 
2996 4739 4740 4738 3341 
2997 3981 4741 4745 4744 
2998 4741 3221 4742 4745 
2999 4745 4742 3912 4743 
3000 4744 4745 4743 3045 
3001 2160 4746 4749 4069 
3002 4746 3555 4747 4749 
3003 4749 4747 3667 4748 
3004 4069 4749 4748 2978 
3005 639 638 4753 4752 
3006 638 19 4750 4753 
3007 4753 4750 2109 4751 
3008 4752 4753 4751 2108 
3009 3888 4754 4758 4757 
3010 4754 3215 4755 4758 
3011 4758 4755 3417 4756 
3012 4757 4758 4756 3969 
3013 3611 4759 4763 4762 
3014 4759 3080 4760 4763 
3015 4763 4760 3507 4761 
3016 4762 4763 4761 3060 
3017 3711 4764 4767 4295 
3018 4764 2545 4765 4767 
3019 4767 4765 3777 4766 
3020 4295 4767 4766 2955 
3021 2951 4768 4771 4643 
3022 4768 3890 4769 4771 
3023 4771 4769 2121 4770 
3024 4643 4771 4770 3758 
3025 3012 4772 4776 4775 
3026 4772 3013 4773 4776 
3027 4776 4773 3422 4774 
3028 4775 4776 4774 3962 
3029 761 4777 4780 762 
3030 4777 2235 4778 4780 
3031 4780 4778 2236 4779 
3032 762 4780 4779 25 
3033 2976 4781 4784 4783 
3034 4781 2975 4782 4784 
3035 4784 4782 2512 4394 
3036 4783 4784 4394 2974 
3037 3818 4785 4789 4788 
3038 4785 2252 4786 4789 
3039 4789 4786 3788 4787 
3040 4788 4789 4787 3239 
3041 2576 4790 4794 4793 
3042 4790 3675 4791 4794 
3043 4794 4791 3285 4792 
3044 4793 4794 4792 3692 
3045 3524 4795 4798 4797 
3046 4795 3244 4309 4798 
3047 4798 4309 3553 4796 
3048 4797 4798 4796 2821 
3049 3854 4799 4803 4802 
3050 4799 2950 4800 4803 
3051 4803 4800 3875 4801 
3052 4802 4803 4801 2766 
3053 3617 4804 4807 4401 
3054 4804 3261 4805 4807 
3055 4807 4805 3556 4806 
3056 4401 4807 4806 3557 
3057 2883 4808 4812 4811 
3058 4808 3694 4809 4812 
3059 4812 4809 2895 4810 
3060 4811 4812 4810 3793 
3061 2829 4813 4817 4816 
3062 4813 3236 4814 4817 
3063 4817 4814 2309 4815 
3064 4816 4817 4815 3542 
3065 3181 4818 4822 4821 
3066 4818 3011 4819 4822 
3067 4822 4819 3014 4820 
3068 4821 4822 4820 3551 
3069 119 4823 4826 118 
3070 4823 3288 4824 4826 
3071 4826 4824 3286 4825 
3072 118 4826 4825 117 
3073 3165 4827 4830 4829 
3074 4827 3163 4828 4830 
3075 4830 4828 3523 4227 
3076 4829 4830 4227 3166 
3077 2248 4831 4834 4833 
3078 4831 2994 4832 4834 
3079 4834 4832 2995 4576 
3080 4833 4834 4576 2992 
3081 2702 4835 4838 4688 
3082 4835 2857 4836 4838 
3083 4838 4836 3625 4837 
3084 4688 4838 4837 3146 
3085 3222 4839 4843 4842 
3086 4839 3495 4840 4843 
3087 4843 4840 3226 4841 
3088 4842 4843 4841 3061 
3089 3830 4532 4847 4846 
3090 4532 2968 4844 4847 
3091 4847 4844 3873 4845 
3092 4846 4847 4845 2147 
3093 3829 4848 4851 4538 
3094 4848 2146 4849 4851 
3095 4851 4849 3872 4850 
3096 4538 4851 4850 2969 
3097 2685 4852 4856 4855 
3098 4852 3023 4853 4856 
3099 4856 4853 2346 4854 
3100 4855 4856 4854 2514 
3101 2692 4461 4859 4560 
3102 4461 2954 4857 4859 
3103 4859 4857 2799 4858 
3104 4560 4859 4858 2996 
3105 3169 4860 4863 4429 
3106 4860 3168 4861 4863 
3107 4863 4861 3513 4862 
3108 4429 4863 4862 2795 
3109 3027 4864 4867 4866 
3110 4864 3581 4657 4867 
3111 4867 4657 2280 4865 
3112 4866 4867 4865 3677 
3113 3113 4868 4871 4138 
3114 4868 3604 4869 4871 
3115 4871 4869 2544 4870 
3116 4138 4871 4870 3438 
3117 2499 4872 4876 4875 
3118 4872 2981 4873 4876 
3119 4876 4873 3996 4874 
3120 4875 4876 4874 2983 
3121 2794 4877 4881 4880 
3122 4877 2691 4878 4881 
3123 4881 4878 2929 4879 
3124 4880 4881 4879 3218 
3125 3768 4639 4884 4883 
3126 4639 2145 4882 4884 
3127 4884 4882 3762 4252 
3128 4883 4884 4252 3391 
3129 3630 4363 4887 4886 
3130 4363 2793 4300 4887 
3131 4887 4300 3252 4885 
3132 4886 4887 4885 3253 
3133 3719 4888 4892 4891 
3134 4888 3268 4889 4892 
3135 4892 4889 3958 4890 
3136 4891 4892 4890 3396 
3137 3928 4893 4896 4895 
3138 4893 3180 4894 4896 
3139 4896 4894 677 676 
3140 4895 4896 676 675 
3141 831 4897 4900 832 
3142 4897 2106 4898 4900 
3143 4900 4898 2107 4899 
3144 832 4900 4899 28 
3145 2159 4901 4904 4903 
3146 4901 3164 4902 4904 
3147 4904 4902 3163 4827 
3148 4903 4904 4827 3165 
3149 3721 4905 4908 4114 
3150 4905 3801 4906 4908 
3151 4908 4906 3469 4907 
3152 4114 4908 4907 3274 
3153 2523 4573 4912 4911 
3154 4573 3475 4909 4912 
3155 4912 4909 3980 4910 
3156 4911 4912 4910 3106 
3157 3495 4839 4916 4915 
3158 4839 3222 4913 4916 
3159 4916 4913 3310 4914 
3160 4915 4916 4914 2229 
3161 3072 4917 4921 4920 
3162 4917 3073 4918 4921 
3163 4921 4918 2463 4919 
3164 4920 4921 4919 3574 
3165 2523 4911 4924 4923 
3166 4911 3106 4922 4924 
3167 4924 4922 151 152 
3168 4923 4924 152 153 
3169 2794 4925 4929 4928 
3170 4925 3089 4926 4929 
3171 4929 4926 3871 4927 
3172 4928 4929 4927 2949 
3173 2339 4270 4932 4931 
3174 4270 3621 4930 4932 
3175 4932 4930 689 688 
3176 4931 4932 688 687 
3177 3186 4933 4937 4936 
3178 4933 3766 4934 4937 
3179 4937 4934 2188 4935 
3180 4936 4937 4935 3991 
3181 2748 4938 4941 4940 
3182 4938 3090 4939 4941 
3183 4941 4939 3086 4188 
3184 4940 4941 4188 3108 
3185 2846 4942 4946 4945 
3186 4942 3434 4943 4946 
3187 4946 4943 3945 4944 
3188 4945 4946 4944 3656 
3189 2863 4947 4951 4950 
3190 4947 3676 4948 4951 
3191 4951 4948 2802 4949 
3192 4950 4951 4949 3684 
3193 2799 4952 4955 4858 
3194 4952 2818 4953 4955 
3195 4955 4953 3563 4954 
3196 4858 4955 4954 2996 
3197 3814 4956 4959 4409 
3198 4956 3824 4957 4959 
3199 4959 4957 3370 4958 
3200 4409 4959 4958 3369 
3201 3727 4960 4963 4962 
3202 4960 2143 4961 4963 
3203 4963 4961 3784 4426 
3204 4962 4963 4426 3382 
3205 3812 4379 4967 4966 
3206 4379 3357 4964 4967 
3207 4967 4964 3358 4965 
3208 4966 4967 4965 3822 
3209 2925 4968 4970 4315 
3210 4968 2334 4969 4970 
3211 4970 4969 3199 4523 
3212 4315 4970 4523 3004 
3213 2794 4971 4974 4877 
3214 4971 2685 4972 4974 
3215 4974 4972 2637 4973 
3216 4877 4974 4973 2691 
3217 2246 4095 4978 4977 
3218 4095 3679 4975 4978 
3219 4978 4975 2979 4976 
3220 4977 4978 4976 2499 
3221 3936 4979 4981 4610 
3222 4979 533 532 4981 
3223 4981 532 531 4980 
3224 4610 4981 4980 2741 
3225 3935 4608 4984 4983 
3226 4608 2742 4982 4984 
3227 4984 4982 583 582 
3228 4983 4984 582 581 
3229 709 708 4988 4987 
3230 708 22 4985 4988 
3231 4988 4985 2261 4986 
3232 4987 4988 4986 2260 
3233 2535 4055 4991 4990 
3234 4055 3208 4989 4991 
3235 4991 4989 3206 4134 
3236 4990 4991 4134 3212 
3237 2644 4992 4995 4359 
3238 4992 3234 4993 4995 
3239 4995 4993 3229 4994 
3240 4359 4995 4994 3231 
3241 3188 4996 5000 4999 
3242 4996 3184 4997 5000 
3243 5000 4997 2723 4998 
3244 4999 5000 4998 3190 
3245 436 437 5004 5003 
3246 437 438 5001 5004 
3247 5004 5001 3195 5002 
3248 5003 5004 5002 3197 
3249 2818 4952 5008 5007 
3250 4952 2799 5005 5008 
3251 5008 5005 2737 5006 
3252 5007 5008 5006 2738 
3253 3406 5009 5013 5012 
3254 5009 3646 5010 5013 
3255 5013 5010 2578 5011 
3256 5012 5013 5011 3641 
3257 2266 4244 5017 5016 
3258 4244 3139 5014 5017 
3259 5017 5014 2714 5015 
3260 5016 5017 5015 3461 
3261 123 4626 5020 122 
3262 4626 3292 5018 5020 
3263 5020 5018 2185 5019 
3264 122 5020 5019 121 
3265 3185 5021 5023 4595 
3266 5021 3186 4936 5023 
3267 5023 4936 3991 5022 
3268 4595 5023 5022 2191 
3269 3413 5024 5028 5027 
3270 5024 3673 5025 5028 
3271 5028 5025 3652 5026 
3272 5027 5028 5026 3412 
3273 2811 5029 5033 5032 
3274 5029 2985 5030 5033 
3275 5033 5030 2986 5031 
3276 5032 5033 5031 3334 
3277 3894 5034 5038 5037 
3278 5034 3019 5035 5038 
3279 5038 5035 3903 5036 
3280 5037 5038 5036 2204 
3281 3895 5039 5043 5042 
3282 5039 2206 5040 5043 
3283 5043 5040 3902 5041 
3284 5042 5043 5041 3013 
3285 129 4703 5046 128 
3286 4703 3298 5044 5046 
3287 5046 5044 2183 5045 
3288 128 5046 5045 127 
3289 2358 5047 5050 5049 
3290 5047 567 568 5050 
3291 5050 568 569 5048 
3292 5049 5050 5048 3079 
3293 2748 5051 5054 4938 
3294 5051 2750 5052 5054 
3295 5054 5052 2753 5053 
3296 4938 5054 5053 3090 
3297 3706 5055 5058 5057 
3298 5055 3295 4526 5058 
3299 5058 4526 3296 5056 
3300 5057 5058 5056 3297 
3301 2921 4370 5062 5061 
3302 4370 2335 5059 5062 
3303 5062 5059 3907 5060 
3304 5061 5062 5060 2998 
3305 2308 5063 5067 5066 
3306 5063 3561 5064 5067 
3307 5067 5064 2784 5065 
3308 5066 5067 5065 3678 
3309 2159 5068 5070 4901 
3310 5068 372 373 5070 
3311 5070 373 374 5069 
3312 4901 5070 5069 3164 
3313 3759 5071 5074 4250 
3314 5071 2142 5072 5074 
3315 5074 5072 3925 5073 
3316 4250 5074 5073 3392 
3317 3022 5075 5078 5077 
3318 5075 3803 4415 5078 
3319 5078 4415 3213 5076 
3320 5077 5078 5076 2342 
3321 3899 5079 5082 4445 
3322 5079 3126 5080 5082 
3323 5082 5080 299 5081 
3324 4445 5082 5081 2331 
3325 3021 5083 5086 5085 
3326 5083 2343 5084 5086 
3327 5086 5084 3214 4330 
3328 5085 5086 4330 3781 
3329 2889 5087 5091 5090 
3330 5087 2873 5088 5091 
3331 5091 5088 2875 5089 
3332 5090 5091 5089 3121 
3333 370 5092 5094 369 
3334 5092 3723 5093 5094 
3335 5094 5093 3569 4495 
3336 369 5094 4495 368 
3337 2777 5095 5099 5098 
3338 5095 3460 5096 5099 
3339 5099 5096 2338 5097 
3340 5098 5099 5097 3565 
3341 3678 5100 5103 5066 
3342 5100 2997 5101 5103 
3343 5103 5101 3893 5102 
3344 5066 5103 5102 2308 
3345 3028 5104 5107 5106 
3346 5104 3309 5105 5107 
3347 5107 5105 2229 4914 
3348 5106 5107 4914 3310 
3349 2986 5108 5111 5031 
3350 5108 3245 5109 5111 
3351 5111 5109 2745 5110 
3352 5031 5111 5110 3334 
3353 2456 5112 5116 5115 
3354 5112 2454 5113 5116 
3355 5116 5113 2641 5114 
3356 5115 5116 5114 3379 
3357 2644 5117 5120 4992 
3358 5117 2645 5118 5120 
3359 5120 5118 2648 5119 
3360 4992 5120 5119 3234 
3361 3790 5121 5123 4592 
3362 5121 3383 4424 5123 
3363 5123 4424 3826 5122 
3364 4592 5123 5122 2144 
3365 2110 5124 5128 5127 
3366 5124 3129 5125 5128 
3367 5128 5125 3178 5126 
3368 5127 5128 5126 3130 
3369 3168 4860 5131 5130 
3370 4860 3169 4336 5131 
3371 5131 4336 3161 5129 
3372 5130 5131 5129 3167 
3373 2985 5029 5135 5134 
3374 5029 2811 5132 5135 
3375 5135 5132 3324 5133 
3376 5134 5135 5133 2629 
3377 3018 5136 5140 5139 
3378 5136 2480 5137 5140 
3379 5140 5137 3730 5138 
3380 5139 5140 5138 3016 
3381 3290 5141 5144 4615 
3382 5141 3291 5142 5144 
3383 5144 5142 3742 5143 
3384 4615 5144 5143 3289 
3385 3709 5145 5148 5147 
3386 5145 3301 4696 5148 
3387 5148 4696 3302 5146 
3388 5147 5148 5146 3303 
3389 3101 5149 5153 5152 
3390 5149 2555 5150 5153 
3391 5153 5150 3103 5151 
3392 5152 5153 5151 3102 
3393 2758 5154 5158 5157 
3394 5154 3084 5155 5158 
3395 5158 5155 3150 5156 
3396 5157 5158 5156 3085 
3397 3023 4852 5159 4144 
3398 4852 2685 4971 5159 
3399 5159 4971 2794 4928 
3400 4144 5159 4928 2949 
3401 2479 5160 5164 5163 
3402 5160 3012 5161 5164 
3403 5164 5161 3011 5162 
3404 5163 5164 5162 3010 
3405 2952 5165 5168 5167 
3406 5165 2818 5007 5168 
3407 5168 5007 2738 5166 
3408 5167 5168 5166 2896 
3409 2819 5169 5171 4386 
3410 5169 3202 4645 5171 
3411 5171 4645 2524 5170 
3412 4386 5171 5170 3486 
3413 2738 5006 5175 5174 
3414 5006 2737 5172 5175 
3415 5175 5172 2718 5173 
3416 5174 5175 5173 2736 
3417 2317 5176 5179 5178 
3418 5176 2265 5177 5179 
3419 5179 5177 2266 5016 
3420 5178 5179 5016 3461 
3421 3283 5180 5184 5183 
3422 5180 2169 5181 5184 
3423 5184 5181 3284 5182 
3424 5183 5184 5182 3281 
3425 2718 5172 5188 5187 
3426 5172 2737 5185 5188 
3427 5188 5185 2835 5186 
3428 5187 5188 5186 3330 
3429 2264 5189 5192 5191 
3430 5189 23 714 5192 
3431 5192 714 713 5190 
3432 5191 5192 5190 2263 
3433 3102 5193 5196 5152 
3434 5193 3128 5194 5196 
3435 5196 5194 2135 5195 
3436 5152 5196 5195 3101 
3437 135 5197 5200 134 
3438 5197 3304 5198 5200 
3439 5200 5198 2178 5199 
3440 134 5200 5199 133 
3441 2227 4158 5203 5202 
3442 4158 3225 5201 5203 
3443 5203 5201 3061 4841 
3444 5202 5203 4841 3226 
3445 3818 5204 5207 4785 
3446 5204 3122 5205 5207 
3447 5207 5205 3919 5206 
3448 4785 5207 5206 2252 
3449 3187 5208 5211 4598 
3450 5208 2792 5209 5211 
3451 5211 5209 3183 5210 
3452 4598 5211 5210 3185 
3453 3338 5212 5216 5215 
3454 5212 3337 5213 5216 
3455 5216 5213 2359 5214 
3456 5215 5216 5214 2546 
3457 2431 5217 5221 5220 
3458 5217 2429 5218 5221 
3459 5221 5218 2632 5219 
3460 5220 5221 5219 3384 
3461 2385 4264 5223 4393 
3462 4264 2946 5222 5223 
3463 5223 5222 2976 4783 
3464 4393 5223 4783 2974 
3465 2318 5224 5227 5226 
3466 5224 3524 4797 5227 
3467 5227 4797 2821 5225 
3468 5226 5227 5225 3597 
3469 2565 5228 5231 5230 
3470 5228 3027 4866 5231 
3471 5231 4866 3677 5229 
3472 5230 5231 5229 3026 
3473 3330 5186 5235 5234 
3474 5186 2835 5232 5235 
3475 5235 5232 3766 5233 
3476 5234 5235 5233 3188 
3477 3437 5236 5240 5239 
3478 5236 2879 5237 5240 
3479 5240 5237 3989 5238 
3480 5239 5240 5238 3643 
3481 360 361 5244 5243 
3482 361 362 5241 5244 
3483 5244 5241 3091 5242 
3484 5243 5244 5242 2654 
3485 2758 5245 5248 5154 
3486 5245 2755 5246 5248 
3487 5248 5246 2861 5247 
3488 5154 5248 5247 3084 
3489 2330 5249 5252 5251 
3490 5249 3093 4518 5252 
3491 5252 4518 3096 5250 
3492 5251 5252 5250 3092 
3493 3326 5253 5256 5255 
3494 5253 3327 4215 5256 
3495 5256 4215 3601 5254 
3496 5255 5256 5254 3325 
3497 3240 5257 5260 5259 
3498 5257 3239 4787 5260 
3499 5260 4787 3788 5258 
3500 5259 5260 5258 3728 
3501 3184 5261 5264 4997 
3502 5261 3183 5262 5264 
3503 5264 5262 2724 5263 
3504 4997 5264 5263 2723 
3505 117 4825 5267 116 
3506 4825 3286 5265 5267 
3507 5267 5265 2169 5266 
3508 116 5267 5266 115 
3509 555 5268 5270 554 
3510 5268 3226 4840 5270 
3511 5270 4840 3495 5269 
3512 554 5270 5269 553 
3513 3319 5271 5275 5274 
3514 5271 3321 5272 5275 
3515 5275 5272 2184 5273 
3516 5274 5275 5273 3320 
3517 3210 4053 5278 4478 
3518 4053 3242 5276 5278 
3519 5278 5276 2705 5277 
3520 4478 5278 5277 2839 
3521 3186 5021 5280 5279 
3522 5021 3185 5210 5280 
3523 5280 5210 3183 5261 
3524 5279 5280 5261 3184 
3525 3766 4933 5281 5233 
3526 4933 3186 5279 5281 
3527 5281 5279 3184 4996 
3528 5233 5281 4996 3188 
3529 3229 4162 5283 4994 
3530 4162 3230 4074 5283 
3531 5283 4074 3232 5282 
3532 4994 5283 5282 3231 
3533 3618 5284 5288 5287 
3534 5284 2132 5285 5288 
3535 5288 5285 3620 5286 
3536 5287 5288 5286 3340 
3537 3097 5289 5293 5292 
3538 5289 3060 5290 5293 
3539 5293 5290 3053 5291 
3540 5292 5293 5291 3050 
3541 2925 5294 5297 4968 
3542 5294 3003 5295 5297 
3543 5297 5295 3944 5296 
3544 4968 5297 5296 2334 
3545 3167 5298 5302 5301 
3546 5298 3158 5299 5302 
3547 5302 5299 2168 5300 
3548 5301 5302 5300 3157 
3549 274 5303 5306 273 
3550 5303 3095 5304 5306 
3551 5306 5304 2330 5305 
3552 273 5306 5305 272 
3553 3950 5307 5311 5310 
3554 5307 3105 5308 5311 
3555 5311 5308 3864 5309 
3556 5310 5311 5309 2760 
3557 2587 5312 5315 5314 
3558 5312 3655 5313 5315 
3559 5315 5313 3412 5026 
3560 5314 5315 5026 3652 
3561 3892 5316 5320 5319 
3562 5316 3932 5317 5320 
3563 5320 5317 3550 5318 
3564 5319 5320 5318 2381 
3565 3101 5195 5323 5322 
3566 5195 2135 5321 5323 
3567 5323 5321 145 146 
3568 5322 5323 146 147 
3569 3119 5324 5327 5326 
3570 5324 2136 5325 5327 
3571 5327 5325 187 188 
3572 5326 5327 188 189 
3573 3111 5328 5331 5330 
3574 5328 2141 5329 5331 
3575 5331 5329 303 304 
3576 5330 5331 304 305 
3577 3114 5332 5335 5334 
3578 5332 266 267 5335 
3579 5335 267 268 5333 
3580 5334 5335 5333 2140 
3581 3271 5336 5339 5338 
3582 5336 3273 5337 5339 
3583 5339 5337 3614 4115 
3584 5338 5339 4115 3274 
3585 3192 5340 5343 5342 
3586 5340 3201 5341 5343 
3587 5343 5341 3202 5169 
3588 5342 5343 5169 2819 
3589 3179 4280 5346 5345 
3590 4280 3178 5125 5346 
3591 5346 5125 3129 5344 
3592 5345 5346 5344 2670 
3593 3098 4574 5348 5347 
3594 4574 2523 4923 5348 
3595 5348 4923 153 154 
3596 5347 5348 154 155 
3597 3110 5349 5352 5351 
3598 5349 2522 5350 5352 
3599 5352 5350 179 180 
3600 5351 5352 180 181 
3601 2896 5166 5354 4492 
3602 5166 2738 5174 5354 
3603 5354 5174 2736 5353 
3604 4492 5354 5353 3087 
3605 2970 5355 5357 5356 
3606 5355 3515 4229 5357 
3607 5357 4229 456 457 
3608 5356 5357 457 458 
3609 527 5358 5361 528 
3610 5358 2195 5359 5361 
3611 5361 5359 3182 5360 
3612 528 5361 5360 529 
3613 587 586 5365 5364 
3614 586 585 5362 5365 
3615 5365 5362 3181 5363 
3616 5364 5365 5363 2196 
3617 2685 4855 5368 4972 
3618 4855 2514 5366 5368 
3619 5368 5366 2515 5367 
3620 4972 5368 5367 2637 
3621 2309 4814 5372 5371 
3622 4814 3236 5369 5372 
3623 5372 5369 2870 5370 
3624 5371 5372 5370 3237 
3625 336 5373 5376 335 
3626 5373 2105 5374 5376 
3627 5376 5374 3143 5375 
3628 335 5376 5375 334 
3629 3128 5193 5380 5379 
3630 5193 3102 5377 5380 
3631 5380 5377 3104 5378 
3632 5379 5380 5378 3105 
3633 472 473 5384 5383 
3634 473 474 5381 5384 
3635 5384 5381 3145 5382 
3636 5383 5384 5382 2102 
3637 3867 5385 5389 5388 
3638 5385 3594 5386 5389 
3639 5389 5386 3885 5387 
3640 5388 5389 5387 2967 
3641 3050 5390 5393 5292 
3642 5390 3048 5391 5393 
3643 5393 5391 3062 5392 
3644 5292 5393 5392 3097 
3645 2161 5394 5397 5396 
3646 5394 3715 5395 5397 
3647 5397 5395 432 433 
3648 5396 5397 433 434 
3649 3228 5398 5402 5401 
3650 5398 3227 5399 5402 
3651 5402 5399 2650 5400 
3652 5401 5402 5400 2791 
3653 3139 5403 5406 5014 
3654 5403 2716 5404 5406 
3655 5406 5404 2715 5405 
3656 5014 5406 5405 2714 
3657 785 5407 5411 5410 
3658 5407 2351 5408 5411 
3659 5411 5408 3250 5409 
3660 5410 5411 5409 3216 
3661 3109 5412 5414 5413 
3662 5412 2524 4647 5414 
3663 5414 4647 446 447 
3664 5413 5414 447 448 
3665 3006 5415 5417 4026 
3666 5415 2382 5416 5417 
3667 5417 5416 450 451 
3668 4026 5417 451 452 
3669 3705 5418 5422 5421 
3670 5418 3014 5419 5422 
3671 5422 5419 3962 5420 
3672 5421 5422 5420 2603 
3673 3704 5423 5427 5426 
3674 5423 2604 5424 5427 
3675 5427 5424 3963 5425 
3676 5426 5427 5425 3020 
3677 2532 5428 5431 5430 
3678 5428 3660 5429 5431 
3679 5431 5429 412 413 
3680 5430 5431 413 414 
3681 3892 5319 5435 5434 
3682 5319 2381 5432 5435 
3683 5435 5432 2380 5433 
3684 5434 5435 5433 2562 
3685 2309 5371 5437 4353 
3686 5371 3237 5436 5437 
3687 5437 5436 3239 5257 
3688 4353 5437 5257 3240 
3689 713 712 5441 5440 
3690 712 711 5438 5441 
3691 5441 5438 3099 5439 
3692 5440 5441 5439 3100 
3693 685 684 5445 5444 
3694 684 683 5442 5445 
3695 5445 5442 2110 5443 
3696 5444 5445 5443 3138 
3697 3219 4063 5448 5447 
3698 4063 2242 5446 5448 
3699 5448 5446 157 158 
3700 5447 5448 158 159 
3701 3167 5129 5450 5298 
3702 5129 3161 4667 5450 
3703 5450 4667 3160 5449 
3704 5298 5450 5449 3158 
3705 3408 5451 5455 5454 
3706 5451 3410 5452 5455 
3707 5455 5452 2179 5453 
3708 5454 5455 5453 3409 
3709 3371 5456 5460 5459 
3710 5456 2848 5457 5460 
3711 5460 5457 2621 5458 
3712 5459 5460 5458 3424 
3713 3247 4446 5462 5461 
3714 4446 2331 5081 5462 
3715 5462 5081 299 300 
3716 5461 5462 300 301 
3717 3092 5463 5464 5251 
3718 5463 270 271 5464 
3719 5464 271 272 5305 
3720 5251 5464 5305 2330 
3721 348 5465 5467 347 
3722 5465 2166 4732 5467 
3723 5467 4732 3262 5466 
3724 347 5467 5466 346 
3725 2792 5468 5470 5209 
3726 5468 2727 5469 5470 
3727 5470 5469 2724 5262 
3728 5209 5470 5262 3183 
3729 3255 5471 5475 5474 
3730 5471 3254 5472 5475 
3731 5475 5472 2531 5473 
3732 5474 5475 5473 3264 
3733 3154 5476 5479 5478 
3734 5476 3620 5285 5479 
3735 5479 5285 2132 5477 
3736 5478 5479 5477 3699 
3737 2654 5480 5482 5243 
3738 5480 3148 5481 5482 
3739 5482 5481 358 359 
3740 5243 5482 359 360 
3741 3981 4014 5485 4741 
3742 4014 3220 5483 5485 
3743 5485 5483 2288 5484 
3744 4741 5485 5484 3221 
3745 2880 5486 5490 5489 
3746 5486 2905 5487 5490 
3747 5490 5487 3121 5488 
3748 5489 5490 5488 2878 
3749 3241 5491 5493 4049 
3750 5491 793 792 5493 
3751 5493 792 791 5492 
3752 4049 5493 5492 2596 
3753 3087 5353 5495 4247 
3754 5353 2736 5494 5495 
3755 5495 5494 2716 5403 
3756 4247 5495 5403 3139 
3757 3177 5496 5498 4203 
3758 5496 3175 5497 5498 
3759 5498 5497 3216 5409 
3760 4203 5498 5409 3250 
3761 3157 5499 5501 5301 
3762 5499 2619 5500 5501 
3763 5501 5500 3168 5130 
3764 5301 5501 5130 3167 
3765 3115 5502 5505 5504 
3766 5502 2626 5503 5505 
3767 5505 5503 424 425 
3768 5504 5505 425 426 
3769 241 242 5508 5507 
3770 242 243 5506 5508 
3771 5508 5506 2709 4524 
3772 5507 5508 4524 3199 
3773 3606 5509 5513 5512 
3774 5509 3560 5510 5513 
3775 5513 5510 2776 5511 
3776 5512 5513 5511 3441 
3777 3125 5514 5516 5515 
3778 5514 2532 5430 5516 
3779 5516 5430 414 415 
3780 5515 5516 415 416 
3781 3107 5517 5520 5519 
3782 5517 2556 5518 5520 
3783 5520 5518 183 184 
3784 5519 5520 184 185 
3785 3106 5521 5523 4922 
3786 5521 2555 5522 5523 
3787 5523 5522 149 150 
3788 4922 5523 150 151 
3789 2736 5173 5526 5494 
3790 5173 2718 5524 5526 
3791 5526 5524 2717 5525 
3792 5494 5526 5525 2716 
3793 2546 5527 5530 5215 
3794 5527 3339 5528 5530 
3795 5530 5528 3668 5529 
3796 5215 5530 5529 3338 
3797 3701 5531 5534 5533 
3798 5531 3075 4368 5534 
3799 5534 4368 2999 5532 
3800 5533 5534 5532 3000 
3801 3437 5239 5538 5537 
3802 5239 3643 5535 5538 
3803 5538 5535 2241 5536 
3804 5537 5538 5536 3246 
3805 2640 5539 5543 5542 
3806 5539 2448 5540 5543 
3807 5543 5540 2450 5541 
3808 5542 5543 5541 3388 
3809 438 439 5546 5001 
3810 439 440 5544 5546 
3811 5546 5544 2177 5545 
3812 5001 5546 5545 3195 
3813 3129 5124 5548 5547 
3814 5124 2110 5442 5548 
3815 5548 5442 683 682 
3816 5547 5548 682 681 
3817 2501 5549 5553 5552 
3818 5549 2581 5550 5553 
3819 5553 5550 2805 5551 
3820 5552 5553 5551 3352 
3821 3180 5554 5556 4894 
3822 5554 2670 5555 5556 
3823 5556 5555 679 678 
3824 4894 5556 678 677 
3825 2994 4831 5559 5558 
3826 4831 2248 5557 5559 
3827 5559 5557 394 395 
3828 5558 5559 395 396 
3829 3355 5560 5563 5562 
3830 5560 3364 4501 5563 
3831 5563 4501 3363 5561 
3832 5562 5563 5561 3361 
3833 2182 5564 5568 5567 
3834 5564 3403 5565 5568 
3835 5568 5565 3350 5566 
3836 5567 5568 5566 3404 
3837 3134 5569 5573 5572 
3838 5569 3132 5570 5573 
3839 5573 5570 3131 5571 
3840 5572 5573 5571 3130 
3841 3361 5574 5577 5562 
3842 5574 3360 5575 5577 
3843 5577 5575 3353 5576 
3844 5562 5577 5576 3355 
3845 3118 5578 5581 5580 
3846 5578 3416 4104 5581 
3847 5581 4104 2899 5579 
3848 5580 5581 5579 2353 
3849 3380 5582 5586 5585 
3850 5582 2641 5583 5586 
3851 5586 5583 3384 5584 
3852 5585 5586 5584 3381 
3853 3116 5587 5590 5589 
3854 5587 2497 5588 5590 
3855 5590 5588 468 469 
3856 5589 5590 469 470 
3857 3095 5303 5593 5592 
3858 5303 274 275 5593 
3859 5593 275 276 5591 
3860 5592 5593 5591 2122 
3861 3263 5594 5597 5596 
3862 5594 649 648 5597 
3863 5597 648 647 5595 
3864 5596 5597 5595 2609 
3865 3374 5598 5602 5601 
3866 5598 3373 5599 5602 
3867 5602 5599 3372 5600 
3868 5601 5602 5600 2639 
3869 297 5603 5605 296 
3870 5603 2123 4331 5605 
3871 5605 4331 3214 5604 
3872 296 5605 5604 295 
3873 2869 5606 5609 5608 
3874 5606 2870 5369 5609 
3875 5609 5369 3236 5607 
3876 5608 5609 5607 2867 
3877 3118 5610 5612 5578 
3878 5610 2135 5194 5612 
3879 5612 5194 3128 5611 
3880 5578 5612 5611 3416 
3881 2857 5613 5616 4836 
3882 5613 3453 5614 5616 
3883 5616 5614 2825 5615 
3884 4836 5616 5615 3625 
3885 2242 5617 5618 5446 
3886 5617 3098 5347 5618 
3887 5618 5347 155 156 
3888 5446 5618 156 157 
3889 3157 5300 5621 5620 
3890 5300 2168 5619 5621 
3891 5621 5619 376 377 
3892 5620 5621 377 378 
3893 3220 4013 5623 5622 
3894 4013 3219 5447 5623 
3895 5623 5447 159 160 
3896 5622 5623 160 161 
3897 3118 5580 5626 5625 
3898 5580 2353 5624 5626 
3899 5626 5624 141 142 
3900 5625 5626 142 143 
3901 3257 5627 5630 5629 
3902 5627 2354 5628 5630 
3903 5630 5628 191 192 
3904 5629 5630 192 193 
3905 2601 5631 5634 5633 
3906 5631 2446 5632 5634 
3907 5634 5632 2444 4304 
3908 5633 5634 4304 2600 
3909 2153 4321 5636 5635 
3910 4321 3091 5241 5636 
3911 5636 5241 362 363 
3912 5635 5636 363 364 
3913 3242 5637 5640 5276 
3914 5637 2398 5638 5640 
3915 5640 5638 2704 5639 
3916 5276 5640 5639 2705 
3917 3142 5641 5644 5643 
3918 5641 2350 5642 5644 
3919 5644 5642 404 405 
3920 5643 5644 405 406 
3921 3410 5451 5648 5647 
3922 5451 3408 5645 5648 
3923 5648 5645 3641 5646 
3924 5647 5648 5646 3413 
3925 2140 5333 5650 5649 
3926 5333 268 269 5650 
3927 5650 269 270 5463 
3928 5649 5650 5463 3092 
3929 2382 5651 5652 5416 
3930 5651 3109 5413 5652 
3931 5652 5413 448 449 
3932 5416 5652 449 450 
3933 3059 5653 5656 5655 
3934 5653 3042 5654 5656 
3935 5656 5654 3040 4716 
3936 5655 5656 4716 3223 
3937 3026 5657 5659 5230 
3938 5657 545 546 5659 
3939 5659 546 547 5658 
3940 5230 5659 5658 2565 
3941 3111 5660 5663 5662 
3942 5660 2825 5614 5663 
3943 5663 5614 3453 5661 
3944 5662 5663 5661 3117 
3945 2333 5664 5666 4465 
3946 5664 103 104 5666 
3947 5666 104 105 5665 
3948 4465 5666 5665 3312 
3949 3123 5667 5669 5668 
3950 5667 101 102 5669 
3951 5669 102 103 5664 
3952 5668 5669 5664 2333 
3953 3504 4483 5672 5671 
3954 4483 2332 5670 5672 
3955 5672 5670 231 232 
3956 5671 5672 232 233 
3957 3062 5391 5676 5675 
3958 5391 3048 5673 5676 
3959 5676 5673 3047 5674 
3960 5675 5676 5674 3046 
3961 2704 5677 5680 5639 
3962 5677 2837 5678 5680 
3963 5680 5678 2838 5679 
3964 5639 5680 5679 2705 
3965 2522 5681 5683 5350 
3966 5681 3147 5682 5683 
3967 5683 5682 177 178 
3968 5350 5683 178 179 
3969 2555 5149 5684 5522 
3970 5149 3101 5322 5684 
3971 5684 5322 147 148 
3972 5522 5684 148 149 
3973 2136 5685 5686 5325 
3974 5685 3107 5519 5686 
3975 5686 5519 185 186 
3976 5325 5686 186 187 
3977 315 316 5690 5689 
3978 316 317 5687 5690 
3979 5690 5687 3254 5688 
3980 5689 5690 5688 2189 
3981 3113 4137 5693 5692 
3982 4137 2115 5691 5693 
3983 5693 5691 645 644 
3984 5692 5693 644 643 
3985 2741 4980 5695 5694 
3986 4980 531 530 5695 
3987 5695 530 529 5360 
3988 5694 5695 5360 3182 
3989 2742 5696 5697 4982 
3990 5696 3181 5362 5697 
3991 5697 5362 585 584 
3992 4982 5697 584 583 
3993 2556 5698 5699 5518 
3994 5698 3110 5351 5699 
3995 5699 5351 181 182 
3996 5518 5699 182 183 
3997 2197 5700 5702 5701 
3998 5700 3115 5504 5702 
3999 5702 5504 426 427 
4000 5701 5702 427 428 
4001 3365 5703 5706 5705 
4002 5703 3372 5599 5706 
4003 5706 5599 3373 5704 
4004 5705 5706 5704 3367 
4005 2871 5707 5710 5709 
4006 5707 3238 5708 5710 
4007 5710 5708 3237 5370 
4008 5709 5710 5370 2870 
4009 2183 5044 5713 4529 
4010 5044 3298 5711 5713 
4011 5713 5711 3299 5712 
4012 4529 5713 5712 3296 
4013 3971 5714 5718 5717 
4014 5714 3277 5715 5718 
4015 5718 5715 3953 5716 
4016 5717 5718 5716 3385 
4017 2123 5603 5720 5719 
4018 5603 297 298 5720 
4019 5720 298 299 5080 
4020 5719 5720 5080 3126 
4021 3138 5721 5722 5444 
4022 5721 2339 4931 5722 
4023 5722 4931 687 686 
4024 5444 5722 686 685 
4025 3188 4999 5725 5234 
4026 4999 3190 5723 5725 
4027 5725 5723 2719 5724 
4028 5234 5725 5724 3330 
4029 3359 5726 5730 5729 
4030 5726 3425 5727 5730 
4031 5730 5727 2620 5728 
4032 5729 5730 5728 2847 
4033 3307 5731 5735 5734 
4034 5731 3315 5732 5735 
4035 5735 5732 2170 5733 
4036 5734 5735 5733 3314 
4037 2825 5660 5737 5736 
4038 5660 3111 5330 5737 
4039 5737 5330 305 306 
4040 5736 5737 306 307 
4041 3080 4759 5740 5739 
4042 4759 3611 5738 5740 
4043 5740 5738 2358 5049 
4044 5739 5740 5049 3079 
4045 2562 5433 5744 5743 
4046 5433 2380 5741 5744 
4047 5744 5741 2589 5742 
4048 5743 5744 5742 3151 
4049 2626 4310 5746 5503 
4050 4310 3244 5745 5746 
4051 5746 5745 422 423 
4052 5503 5746 423 424 
4053 2318 5747 5749 5748 
4054 5747 3125 5515 5749 
4055 5749 5515 416 417 
4056 5748 5749 417 418 
4057 2329 5750 5753 5752 
4058 5750 390 391 5753 
4059 5753 391 392 5751 
4060 5752 5753 5751 3259 
4061 2977 5754 5757 5756 
4062 5754 3114 5334 5757 
4063 5757 5334 2140 5755 
4064 5756 5757 5755 3770 
4065 2553 5758 5760 5759 
4066 5758 264 265 5760 
4067 5760 265 266 5332 
4068 5759 5760 5332 3114 
4069 3225 4715 5763 5201 
4070 4715 3038 5761 5763 
4071 5763 5761 3036 5762 
4072 5201 5763 5762 3061 
4073 2102 5764 5765 5383 
4074 5764 3116 5589 5765 
4075 5765 5589 470 471 
4076 5383 5765 471 472 
4077 3276 5766 5770 5769 
4078 5766 3328 5767 5770 
4079 5770 5767 2125 5768 
4080 5769 5770 5768 3275 
4081 2670 5344 5771 5555 
4082 5344 3129 5547 5771 
4083 5771 5547 681 680 
4084 5555 5771 680 679 
4085 3325 5772 5775 5774 
4086 5772 625 624 5775 
4087 5775 624 623 5773 
4088 5774 5775 5773 2125 
4089 3235 5776 5780 5779 
4090 5776 3452 5777 5780 
4091 5780 5777 2585 5778 
4092 5779 5780 5778 2768 
4093 2185 5018 5783 4618 
4094 5018 3292 5781 5783 
4095 5783 5781 3293 5782 
4096 4618 5783 5782 3290 
4097 2706 5784 5787 5786 
4098 5784 2601 5633 5787 
4099 5787 5633 2600 5785 
4100 5786 5787 5785 2688 
4101 2596 5492 5790 5789 
4102 5492 791 790 5790 
4103 5790 790 789 5788 
4104 5789 5790 5788 3173 
4105 3387 5791 5794 5793 
4106 5791 3391 4251 5794 
4107 5794 4251 3392 5792 
4108 5793 5794 5792 3389 
4109 3202 5341 5796 4646 
4110 5341 3201 5795 5796 
4111 5796 5795 442 443 
4112 4646 5796 443 444 
4113 2135 5610 5797 5321 
4114 5610 3118 5625 5797 
4115 5797 5625 143 144 
4116 5321 5797 144 145 
4117 2354 5798 5799 5628 
4118 5798 3119 5326 5799 
4119 5799 5326 189 190 
4120 5628 5799 190 191 
4121 203 204 5803 5802 
4122 204 205 5800 5803 
4123 5803 5800 3407 5801 
4124 5802 5803 5801 3409 
4125 3119 5804 5806 5324 
4126 5804 3417 4755 5806 
4127 5806 4755 3215 5805 
4128 5324 5806 5805 2136 
4129 2650 5399 5809 5808 
4130 5399 3227 5807 5809 
4131 5809 5807 3234 5119 
4132 5808 5809 5119 2648 
4133 3153 5810 5814 5813 
4134 5810 3335 5811 5814 
4135 5814 5811 3337 5812 
4136 5813 5814 5812 3336 
4137 713 5440 5817 5190 
4138 5440 3100 5815 5817 
4139 5817 5815 3531 5816 
4140 5190 5817 5816 2263 
4141 23 5189 5820 5819 
4142 5189 2264 5818 5820 
4143 5820 5818 2388 4109 
4144 5819 5820 4109 3083 
4145 215 216 5824 5823 
4146 216 217 5821 5824 
4147 5824 5821 3318 5822 
4148 5823 5824 5822 3320 
4149 2103 5825 5827 5826 
4150 5825 99 100 5827 
4151 5827 100 101 5667 
4152 5826 5827 5667 3123 
4153 2186 5828 5831 5830 
4154 5828 109 110 5831 
4155 5831 110 111 5829 
4156 5830 5831 5829 3279 
4157 3201 5340 5835 5834 
4158 5340 3192 5832 5835 
4159 5835 5832 3194 5833 
4160 5834 5835 5833 2177 
4161 2321 5836 5840 5839 
4162 5836 2370 5837 5840 
4163 5840 5837 2628 5838 
4164 5839 5840 5838 3448 
4165 2325 5841 5845 5844 
4166 5841 3447 5842 5845 
4167 5845 5842 2627 5843 
4168 5844 5845 5843 2368 
4169 3222 5846 5849 4913 
4170 5846 3034 5847 5849 
4171 5849 5847 3030 5848 
4172 4913 5849 5848 3310 
4173 3121 5089 5852 5488 
4174 5089 2875 5850 5852 
4175 5852 5850 2877 5851 
4176 5488 5852 5851 2878 
4177 2158 5853 5855 5854 
4178 5853 3142 5643 5855 
4179 5855 5643 406 407 
4180 5854 5855 407 408 
4181 2551 5856 5858 4143 
4182 5856 2277 5857 5858 
4183 5858 5857 2346 4853 
4184 4143 5858 4853 3023 
4185 2609 5595 5861 5860 
4186 5595 647 646 5861 
4187 5861 646 645 5859 
4188 5860 5861 5859 3156 
4189 2965 5862 5864 4142 
4190 5862 2966 4383 5864 
4191 5864 4383 3946 5863 
4192 4142 5864 5863 2551 
4193 3808 5865 5868 5867 
4194 5865 3842 4288 5868 
4195 5868 4288 3978 5866 
4196 5867 5868 5866 2167 
4197 491 490 5872 5871 
4198 490 489 5869 5872 
4199 5872 5869 3273 5870 
4200 5871 5872 5870 2127 
4201 3259 5751 5875 5874 
4202 5751 392 393 5875 
4203 5875 393 394 5873 
4204 5874 5875 5873 3258 
4205 3053 5876 5879 5291 
4206 5876 3051 5877 5879 
4207 5879 5877 3049 5878 
4208 5291 5879 5878 3050 
4209 3410 5880 5883 5452 
4210 5880 3411 5881 5883 
4211 5883 5881 3419 5882 
4212 5452 5883 5882 2179 
4213 2640 5884 5888 5887 
4214 5884 3390 5885 5888 
4215 5888 5885 3396 5886 
4216 5887 5888 5886 3395 
4217 2638 5889 5893 5892 
4218 5889 3362 5890 5893 
4219 5893 5890 3387 5891 
4220 5892 5893 5891 3386 
4221 3345 5894 5897 5896 
4222 5894 3344 5895 5897 
4223 5897 5895 165 166 
4224 5896 5897 166 167 
4225 3346 5898 5901 5900 
4226 5898 3348 5899 5901 
4227 5901 5899 171 172 
4228 5900 5901 172 173 
4229 3075 5902 5904 4369 
4230 5902 93 94 5904 
4231 5904 94 95 5903 
4232 4369 5904 5903 2335 
4233 3199 4969 5906 5507 
4234 4969 2334 5905 5906 
4235 5906 5905 239 240 
4236 5507 5906 240 241 
4237 3344 5907 5909 5895 
4238 5907 2288 5908 5909 
4239 5909 5908 163 164 
4240 5895 5909 164 165 
4241 3348 5910 5912 5899 
4242 5910 2284 5911 5912 
4243 5912 5911 169 170 
4244 5899 5912 170 171 
4245 3147 4343 5914 5682 
4246 4343 2269 5913 5914 
4247 5914 5913 175 176 
4248 5682 5914 176 177 
4249 3061 5762 5916 4842 
4250 5762 3036 5915 5916 
4251 5916 5915 3034 5846 
4252 4842 5916 5846 3222 
4253 2619 5499 5918 5917 
4254 5499 3157 5620 5918 
4255 5918 5620 378 379 
4256 5917 5918 379 380 
4257 2804 5919 5921 4293 
4258 5919 3082 4093 5921 
4259 5921 4093 2295 5920 
4260 4293 5921 5920 3993 
4261 3203 5922 5925 5924 
4262 5922 2220 5923 5925 
4263 5925 5923 729 728 
4264 5924 5925 728 727 
4265 2332 4206 5927 5670 
4266 4206 3311 5926 5927 
4267 5927 5926 229 230 
4268 5670 5927 230 231 
4269 374 375 5930 5929 
4270 375 376 5619 5930 
4271 5930 5619 2168 5928 
4272 5929 5930 5928 3162 
4273 2288 5483 5931 5908 
4274 5483 3220 5622 5931 
4275 5931 5622 161 162 
4276 5908 5931 162 163 
4277 3141 5932 5936 5935 
4278 5932 3046 5933 5936 
4279 5936 5933 3045 5934 
4280 5935 5936 5934 3044 
4281 3190 4998 5940 5939 
4282 4998 2723 5937 5940 
4283 5940 5937 2722 5938 
4284 5939 5940 5938 2721 
4285 3424 5941 5944 5459 
4286 5941 3423 5942 5944 
4287 5944 5942 3368 5943 
4288 5459 5944 5943 3371 
4289 3393 4240 5947 5946 
4290 4240 3127 5945 5947 
4291 5947 5945 2446 5631 
4292 5946 5947 5631 2601 
4293 2337 5948 5950 5949 
4294 5948 332 333 5950 
4295 5950 333 334 5375 
4296 5949 5950 5375 3143 
4297 3424 5458 5954 5953 
4298 5458 2621 5951 5954 
4299 5954 5951 2598 5952 
4300 5953 5954 5952 2492 
4301 3425 5955 5958 5727 
4302 5955 2486 5956 5958 
4303 5958 5956 2599 5957 
4304 5727 5958 5957 2620 
4305 2379 5959 5962 5961 
4306 5959 3246 5960 5962 
4307 5962 5960 254 255 
4308 5961 5962 255 256 
4309 3314 5963 5966 5734 
4310 5963 3305 5964 5966 
4311 5966 5964 3306 5965 
4312 5734 5966 5965 3307 
4313 332 5948 5969 331 
4314 5948 2337 5967 5969 
4315 5969 5967 3331 5968 
4316 331 5969 5968 330 
4317 2336 5970 5972 5971 
4318 5970 3145 5381 5972 
4319 5972 5381 474 475 
4320 5971 5972 475 476 
4321 2180 5973 5976 5975 
4322 5973 139 140 5976 
4323 5976 140 141 5974 
4324 5975 5976 5974 3256 
4325 2181 5977 5979 5978 
4326 5977 3257 5629 5979 
4327 5979 5629 193 194 
4328 5978 5979 194 195 
4329 3351 4399 5982 5981 
4330 4399 2855 5980 5982 
4331 5982 5980 775 774 
4332 5981 5982 774 773 
4333 3764 5983 5985 5984 
4334 5983 344 345 5985 
4335 5985 345 346 5466 
4336 5984 5985 5466 3262 
4337 3623 5986 5990 5989 
4338 5986 3406 5987 5990 
4339 5990 5987 3405 5988 
4340 5989 5990 5988 3404 
4341 3212 4456 5993 4990 
4342 4456 2394 5991 5993 
4343 5993 5991 2396 5992 
4344 4990 5993 5992 2535 
4345 3173 5788 5996 5995 
4346 5788 789 788 5996 
4347 5996 788 787 5994 
4348 5995 5996 5994 2120 
4349 2621 5997 6000 5951 
4350 5997 2623 5998 6000 
4351 6000 5998 2844 5999 
4352 5951 6000 5999 2598 
4353 2620 5957 6004 6003 
4354 5957 2599 6001 6004 
4355 6004 6001 2845 6002 
4356 6003 6004 6002 2622 
4357 3253 6005 6007 6006 
4358 6005 2351 5407 6007 
4359 6007 5407 785 784 
4360 6006 6007 784 783 
4361 2954 6008 6009 4857 
4362 6008 2835 5185 6009 
4363 6009 5185 2737 5005 
4364 4857 6009 5005 2799 
4365 3527 6010 6013 4725 
4366 6010 2614 6011 6013 
4367 6013 6011 2703 6012 
4368 4725 6013 6012 2746 
4369 3377 6014 6017 6016 
4370 6014 3380 6015 6017 
4371 6017 6015 3382 4425 
4372 6016 6017 4425 3383 
4373 2220 5922 6021 6020 
4374 5922 3203 6018 6021 
4375 6021 6018 3427 6019 
4376 6020 6021 6019 3204 
4377 3127 6022 6025 5945 
4378 6022 2496 6023 6025 
4379 6025 6023 2445 6024 
4380 5945 6025 6024 2446 
4381 3201 5834 6026 5795 
4382 5834 2177 5544 6026 
4383 6026 5544 440 441 
4384 5795 6026 441 442 
4385 3197 6027 6028 5003 
4386 6027 2161 5396 6028 
4387 6028 5396 434 435 
4388 5003 6028 435 436 
4389 3213 6029 6031 5076 
4390 6029 278 279 6031 
4391 6031 279 280 6030 
4392 5076 6031 6030 2342 
4393 2346 6032 6034 4854 
4394 6032 2513 6033 6034 
4395 6034 6033 2515 5366 
4396 4854 6034 5366 2514 
4397 3335 6035 6038 6037 
4398 6035 2589 5741 6038 
4399 6038 5741 2380 6036 
4400 6037 6038 6036 2363 
4401 2269 6039 6040 5913 
4402 6039 3346 5900 6040 
4403 6040 5900 173 174 
4404 5913 6040 174 175 
4405 2127 6041 6045 6044 
4406 6041 3270 6042 6045 
4407 6045 6042 3267 6043 
4408 6044 6045 6043 3266 
4409 396 397 6048 5558 
4410 397 398 6046 6048 
4411 6048 6046 3533 6047 
4412 5558 6048 6047 2994 
4413 3425 5726 6052 6051 
4414 5726 3359 6049 6052 
4415 6052 6049 3356 6050 
4416 6051 6052 6050 3426 
4417 785 5410 6054 786 
4418 5410 3216 6053 6054 
4419 6054 6053 2120 5994 
4420 786 6054 5994 787 
4421 3388 6055 6057 5542 
4422 6055 3389 6056 6057 
4423 6057 6056 3390 5884 
4424 5542 6057 5884 2640 
4425 2755 6058 6062 6061 
4426 6058 2753 6059 6062 
4427 6062 6059 2752 6060 
4428 6061 6062 6060 2754 
4429 2851 6063 6065 6064 
4430 6063 3203 5924 6065 
4431 6065 5924 727 726 
4432 6064 6065 726 725 
4433 3063 6066 6068 6067 
4434 6066 3054 4677 6068 
4435 6068 4677 3051 5876 
4436 6067 6068 5876 3053 
4437 3964 4005 6069 4711 
4438 4005 388 389 6069 
4439 6069 389 390 5750 
4440 4711 6069 5750 2329 
4441 2127 6044 6071 5871 
4442 6044 3266 6070 6071 
4443 6071 6070 493 492 
4444 5871 6071 492 491 
4445 2398 5637 6073 6072 
4446 5637 3242 4056 6073 
4447 6073 4056 2535 5992 
4448 6072 6073 5992 2396 
4449 2755 5245 6075 6058 
4450 5245 2758 6074 6075 
4451 6075 6074 3090 5053 
4452 6058 6075 5053 2753 
4453 2284 6076 6077 5911 
4454 6076 3345 5896 6077 
4455 6077 5896 167 168 
4456 5911 6077 168 169 
4457 3397 6078 6081 6080 
4458 6078 2657 6079 6081 
4459 6081 6079 823 822 
4460 6080 6081 822 821 
4461 2122 5591 6082 4414 
4462 5591 276 277 6082 
4463 6082 277 278 6029 
4464 4414 6082 6029 3213 
4465 2343 6083 6084 5084 
4466 6083 293 294 6084 
4467 6084 294 295 5604 
4468 5084 6084 5604 3214 
4469 2861 5246 6087 6086 
4470 5246 2755 6061 6087 
4471 6087 6061 2754 6085 
4472 6086 6087 6085 2756 
4473 3885 6088 6092 6091 
4474 6088 2708 6089 6092 
4475 6092 6089 250 6090 
4476 6091 6092 6090 3400 
4477 2398 6093 6096 5638 
4478 6093 2399 6094 6096 
4479 6096 6094 3217 6095 
4480 5638 6096 6095 2704 
4481 3304 5197 6099 6098 
4482 5197 135 136 6099 
4483 6099 136 137 6097 
4484 6098 6099 6097 3343 
4485 2634 6100 6103 6102 
4486 6100 3365 5705 6103 
4487 6103 5705 3367 6101 
4488 6102 6103 6101 3366 
4489 3305 5963 6106 6105 
4490 5963 3314 6104 6106 
4491 6106 6104 221 222 
4492 6105 6106 222 223 
4493 3398 6107 6110 6109 
4494 6107 745 744 6110 
4495 6110 744 743 6108 
4496 6109 6110 6108 2673 
4497 3423 6111 6113 5942 
4498 6111 2634 6102 6113 
4499 6113 6102 3366 6112 
4500 5942 6113 6112 3368 
4501 3427 6114 6116 6019 
4502 6114 3207 4135 6116 
4503 6116 4135 3206 6115 
4504 6019 6116 6115 3204 
4505 3367 5704 6119 6118 
4506 5704 3373 6117 6119 
4507 6119 6117 3375 4622 
4508 6118 6119 4622 3378 
4509 3108 4723 6122 4940 
4510 4723 2746 6120 6122 
4511 6122 6120 2747 6121 
4512 4940 6122 6121 2748 
4513 3365 6100 6126 6125 
4514 6100 2634 6123 6126 
4515 6126 6123 2488 6124 
4516 6125 6126 6124 2474 
4517 3372 5703 6129 6128 
4518 5703 3365 6125 6129 
4519 6129 6125 2474 6127 
4520 6128 6129 6127 2472 
4521 3360 6130 6133 5575 
4522 6130 2466 6131 6133 
4523 6133 6131 2468 6132 
4524 5575 6133 6132 3353 
4525 2492 6134 6136 5953 
4526 6134 2490 6135 6136 
4527 6136 6135 3423 5941 
4528 5953 6136 5941 3424 
4529 3070 6137 6140 6139 
4530 6137 3064 6138 6140 
4531 6140 6138 3054 6066 
4532 6139 6140 6066 3063 
4533 3455 4505 6143 4266 
4534 4505 2911 6141 6143 
4535 6143 6141 2912 6142 
4536 4266 6143 6142 2944 
4537 3057 6144 6148 6147 
4538 6144 3067 6145 6148 
4539 6148 6145 3069 6146 
4540 6147 6148 6146 3068 
4541 113 6149 6151 112 
4542 6149 3283 6150 6151 
4543 6151 6150 3279 5829 
4544 112 6151 5829 111 
4545 3386 6152 6155 5892 
4546 6152 2452 6153 6155 
4547 6155 6153 2464 6154 
4548 5892 6155 6154 2638 
4549 3376 6156 6160 6159 
4550 6156 2639 6157 6160 
4551 6160 6157 2470 6158 
4552 6159 6160 6158 2458 
4553 2187 6161 6163 6162 
4554 6161 3305 6105 6163 
4555 6163 6105 223 224 
4556 6162 6163 224 225 
4557 3388 5541 6166 6165 
4558 5541 2450 6164 6166 
4559 6166 6164 2452 6152 
4560 6165 6166 6152 3386 
4561 3401 6167 6170 6169 
4562 6167 697 696 6170 
4563 6170 696 695 6168 
4564 6169 6170 6168 2659 
4565 3253 4885 6171 6005 
4566 4885 3252 4204 6171 
4567 6171 4204 3250 5408 
4568 6005 6171 5408 2351 
4569 2633 6172 6175 6174 
4570 6172 3354 6173 6175 
4571 6175 6173 3355 5576 
4572 6174 6175 5576 3353 
4573 3283 6149 6176 5180 
4574 6149 113 114 6176 
4575 6176 114 115 5266 
4576 5180 6176 5266 2169 
4577 3314 5733 6178 6104 
4578 5733 2170 6177 6178 
4579 6178 6177 219 220 
4580 6104 6178 220 221 
4581 3411 5880 6180 6179 
4582 5880 3410 5647 6180 
4583 6180 5647 3413 5027 
4584 6179 6180 5027 3412 
4585 3426 6050 6183 6182 
4586 6050 3356 6181 6183 
4587 6183 6181 3354 6172 
4588 6182 6183 6172 2633 
4589 3211 4107 6186 6185 
4590 4107 2390 6184 6186 
4591 6186 6184 2392 4457 
4592 6185 6186 4457 2593 
4593 2607 6187 6191 6190 
4594 6187 3249 6188 6191 
4595 6191 6188 2292 6189 
4596 6190 6191 6189 2460 
4597 2482 6192 6194 6193 
4598 6192 2633 6174 6194 
4599 6194 6174 3353 6132 
4600 6193 6194 6132 2468 
4601 3360 5574 6197 6196 
4602 5574 3361 6195 6197 
4603 6197 6195 3362 5889 
4604 6196 6197 5889 2638 
4605 741 740 6201 6200 
4606 740 739 6198 6201 
4607 6201 6198 3402 6199 
4608 6200 6201 6199 2128 
4609 3275 6202 6205 6204 
4610 6202 621 620 6205 
4611 6205 620 619 6203 
4612 6204 6205 6203 2349 
4613 3266 6206 6208 6070 
4614 6206 2357 6207 6208 
4615 6208 6207 495 494 
4616 6070 6208 494 493 
4617 3337 5811 6211 6210 
4618 5811 3335 6037 6211 
4619 6211 6037 2363 6209 
4620 6210 6211 6209 2361 
4621 3050 5878 6213 5390 
4622 5878 3049 6212 6213 
4623 6213 6212 3047 5673 
4624 5390 6213 5673 3048 
4625 3059 6214 6217 5653 
4626 6214 3044 6215 6217 
4627 6217 6215 3043 6216 
4628 5653 6217 6216 3042 
4629 2169 5265 6220 5181 
4630 5265 3286 6218 6220 
4631 6220 6218 3287 6219 
4632 5181 6220 6219 3284 
4633 3246 5536 6222 5960 
4634 5536 2241 6221 6222 
4635 6222 6221 252 253 
4636 5960 6222 253 254 
4637 209 210 6226 6225 
4638 210 211 6223 6226 
4639 6226 6223 3349 6224 
4640 6225 6226 6224 3403 
4641 3270 6041 6228 6227 
4642 6041 2127 5870 6228 
4643 6228 5870 3273 5336 
4644 6227 6228 5336 3271 
4645 2472 6229 6230 6128 
4646 6229 2470 6157 6230 
4647 6230 6157 2639 5600 
4648 6128 6230 5600 3372 
4649 2466 6130 6232 6231 
4650 6130 3360 6196 6232 
4651 6232 6196 2638 6154 
4652 6231 6232 6154 2464 
4653 205 206 6235 5800 
4654 206 207 6233 6235 
4655 6235 6233 2182 6234 
4656 5800 6235 6234 3407 
4657 3236 4813 6238 5607 
4658 4813 2829 6236 6238 
4659 6238 6236 2866 6237 
4660 5607 6238 6237 2867 
4661 2688 4301 6240 5786 
4662 4301 2793 4366 6240 
4663 6240 4366 3076 6239 
4664 5786 6240 6239 2706 
4665 2125 5773 6241 5768 
4666 5773 623 622 6241 
4667 6241 622 621 6202 
4668 5768 6241 6202 3275 
4669 2531 5472 6243 6242 
4670 5472 3254 5687 6243 
4671 6243 5687 317 318 
4672 6242 6243 318 319 
4673 2673 6108 6246 6245 
4674 6108 743 742 6246 
4675 6246 742 741 6244 
4676 6245 6246 6244 3333 
4677 2639 6156 6249 5601 
4678 6156 3376 6247 6249 
4679 6249 6247 3377 6248 
4680 5601 6249 6248 3374 
4681 3384 5583 6251 5220 
4682 5583 2641 5113 6251 
4683 6251 5113 2454 6250 
4684 5220 6251 6250 2431 
4685 3395 6252 6254 5887 
4686 6252 2425 6253 6254 
4687 6254 6253 2448 5539 
4688 5887 6254 5539 2640 
4689 2141 6255 6256 5329 
4690 6255 3247 5461 6256 
4691 6256 5461 301 302 
4692 5329 6256 302 303 
4693 2277 5856 6259 6258 
4694 5856 2551 5863 6259 
4695 6259 5863 3946 6257 
4696 6258 6259 6257 2257 
4697 3288 4823 6260 4617 
4698 4823 119 120 6260 
4699 6260 120 121 5019 
4700 4617 6260 5019 2185 
4701 3294 4624 6261 4528 
4702 4624 125 126 6261 
4703 6261 126 127 5045 
4704 4528 6261 5045 2183 
4705 3300 4701 6262 4698 
4706 4701 131 132 6262 
4707 6262 132 133 5199 
4708 4698 6262 5199 2178 
4709 3343 6097 6264 6263 
4710 6097 137 138 6264 
4711 6264 138 139 5973 
4712 6263 6264 5973 2180 
4713 3420 6265 6267 6266 
4714 6265 2181 5978 6267 
4715 6267 5978 195 196 
4716 6266 6267 196 197 
4717 3409 5453 6269 5802 
4718 5453 2179 6268 6269 
4719 6269 6268 201 202 
4720 5802 6269 202 203 
4721 3403 5564 6270 6225 
4722 5564 2182 6233 6270 
4723 6270 6233 207 208 
4724 6225 6270 208 209 
4725 3320 5273 6272 5823 
4726 5273 2184 6271 6272 
4727 6272 6271 213 214 
4728 5823 6272 214 215 
4729 3341 6273 6276 6275 
4730 6273 2546 5214 6276 
4731 6276 5214 2359 6274 
4732 6275 6276 6274 2314 
4733 2493 6277 6280 6279 
4734 6277 2491 6278 6280 
4735 6280 6278 2490 6134 
4736 6279 6280 6134 2492 
4737 2890 6281 6285 6284 
4738 6281 3900 6282 6285 
4739 6285 6282 3483 6283 
4740 6284 6285 6283 2693 
4741 2111 6286 6288 4543 
4742 6286 3614 6287 6288 
4743 6288 6287 487 486 
4744 4543 6288 486 485 
4745 3251 6289 6290 4306 
4746 6289 2689 4302 6290 
4747 6290 4302 2688 5785 
4748 4306 6290 5785 2600 
4749 2565 5658 6293 6292 
4750 5658 547 548 6293 
4751 6293 548 549 6291 
4752 6292 6293 6291 3309 
4753 3556 4067 6297 6296 
4754 4067 2783 6294 6297 
4755 6297 6294 2853 6295 
4756 6296 6297 6295 2854 
4757 2792 6298 6301 5468 
4758 6298 2729 6299 6301 
4759 6301 6299 2728 6300 
4760 5468 6301 6300 2727 
4761 3451 6302 6306 6305 
4762 6302 2765 6303 6306 
4763 6306 6303 2764 6304 
4764 6305 6306 6304 2583 
4765 217 218 6308 5821 
4766 218 219 6177 6308 
4767 6308 6177 2170 6307 
4768 5821 6308 6307 3318 
4769 2490 6309 6310 6135 
4770 6309 2488 6123 6310 
4771 6310 6123 2634 6111 
4772 6135 6310 6111 3423 
4773 2641 5582 6312 5114 
4774 5582 3380 6014 6312 
4775 6312 6014 3377 6311 
4776 5114 6312 6311 3379 
4777 2707 4510 6315 6314 
4778 4510 3342 6313 6315 
4779 6315 6313 280 281 
4780 6314 6315 281 282 
4781 3337 5212 6318 5812 
4782 5212 3338 6316 6318 
4783 6318 6316 3340 6317 
4784 5812 6318 6317 3336 
4785 2826 6319 6321 6320 
4786 6319 328 329 6321 
4787 6321 329 330 5968 
4788 6320 6321 5968 3331 
4789 3419 6322 6324 6323 
4790 6322 3420 6266 6324 
4791 6324 6266 197 198 
4792 6323 6324 198 199 
4793 3181 5696 6325 4818 
4794 5696 2742 4607 6325 
4795 6325 4607 3010 5162 
4796 4818 6325 5162 3011 
4797 3182 6326 6328 5694 
4798 6326 3017 6327 6328 
4799 6328 6327 3016 4611 
4800 5694 6328 4611 2741 
4801 3301 6329 6330 4697 
4802 6329 3299 5711 6330 
4803 6330 5711 3298 4702 
4804 4697 6330 4702 3300 
4805 567 5047 6333 566 
4806 5047 2358 6331 6333 
4807 6333 6331 3430 6332 
4808 566 6333 6332 565 
4809 2499 4976 6336 4872 
4810 4976 2979 6334 6336 
4811 6336 6334 2980 6335 
4812 4872 6336 6335 2981 
4813 3418 4635 6340 6339 
4814 4635 2552 6337 6340 
4815 6340 6337 2434 6338 
4816 6339 6340 6338 2344 
4817 3389 6055 6341 5793 
4818 6055 3388 6165 6341 
4819 6341 6165 3386 5891 
4820 5793 6341 5891 3387 
4821 2381 6342 6344 5432 
4822 6342 2364 6343 6344 
4823 6344 6343 2363 6036 
4824 5432 6344 6036 2380 
4825 3369 4958 6347 6346 
4826 4958 3370 6345 6347 
4827 6347 6345 3371 5943 
4828 6346 6347 5943 3368 
4829 3357 6348 6350 4964 
4830 6348 3356 6049 6350 
4831 6350 6049 3359 6349 
4832 4964 6350 6349 3358 
4833 211 212 6352 6223 
4834 212 213 6271 6352 
4835 6352 6271 2184 6351 
4836 6223 6352 6351 3349 
4837 2241 6353 6354 6221 
4838 6353 3400 6090 6354 
4839 6354 6090 250 251 
4840 6221 6354 251 252 
4841 827 826 6357 6356 
4842 826 825 6355 6357 
4843 6357 6355 3555 4746 
4844 6356 6357 4746 2160 
4845 3426 6358 6360 6051 
4846 6358 2484 6359 6360 
4847 6360 6359 2486 5955 
4848 6051 6360 5955 3425 
4849 2484 6358 6362 6361 
4850 6358 3426 6182 6362 
4851 6362 6182 2633 6192 
4852 6361 6362 6192 2482 
4853 2387 6363 6366 6365 
4854 6363 2264 5191 6366 
4855 6366 5191 2263 6364 
4856 6365 6366 6364 2386 
4857 2179 5882 6367 6268 
4858 5882 3419 6323 6367 
4859 6367 6323 199 200 
4860 6268 6367 200 201 
4861 3295 6368 6369 4527 
4862 6368 3293 5781 6369 
4863 6369 5781 3292 4625 
4864 4527 6369 4625 3294 
4865 3228 4163 6370 5398 
4866 4163 3229 4993 6370 
4867 6370 4993 3234 5807 
4868 5398 6370 5807 3227 
4869 3950 5310 6373 4102 
4870 5310 2760 6371 6373 
4871 6373 6371 2568 6372 
4872 4102 6373 6372 2676 
4873 3534 6374 6378 6377 
4874 6374 2759 6375 6378 
4875 6378 6375 2674 6376 
4876 6377 6378 6376 2566 
4877 2349 6203 6381 6380 
4878 6203 619 618 6381 
4879 6381 618 617 6379 
4880 6380 6381 6379 3414 
4881 3804 6382 6386 6385 
4882 6382 3832 6383 6386 
4883 6386 6383 2882 6384 
4884 6385 6386 6384 3472 
4885 3376 6159 6390 6389 
4886 6159 2458 6387 6390 
4887 6390 6387 2457 6388 
4888 6389 6390 6388 2456 
4889 3404 5988 6392 5567 
4890 5988 3405 6391 6392 
4891 6392 6391 3407 6234 
4892 5567 6392 6234 2182 
4893 3597 6393 6395 5226 
4894 6393 3547 6394 6395 
4895 6395 6394 3125 5747 
4896 5226 6395 5747 2318 
4897 2622 6396 6398 6003 
4898 6396 2743 6397 6398 
4899 6398 6397 2847 5728 
4900 6003 6398 5728 2620 
4901 2623 5997 6401 6400 
4902 5997 2621 5457 6401 
4903 6401 5457 2848 6399 
4904 6400 6401 6399 2744 
4905 3800 4377 6404 6403 
4906 4377 2148 6402 6404 
4907 6404 6402 3794 4498 
4908 6403 6404 4498 3364 
4909 2456 5115 6405 6389 
4910 5115 3379 6311 6405 
4911 6405 6311 3377 6247 
4912 6389 6405 6247 3376 
4913 3321 6406 6408 5272 
4914 6406 3322 6407 6408 
4915 6408 6407 3349 6351 
4916 5272 6408 6351 2184 
4917 3196 6409 6411 6410 
4918 6409 3195 5545 6411 
4919 6411 5545 2177 5833 
4920 6410 6411 5833 3194 
4921 2488 6309 6414 6413 
4922 6309 2490 6278 6414 
4923 6414 6278 2491 6412 
4924 6413 6414 6412 2489 
4925 2486 6359 6418 6417 
4926 6359 2484 6415 6418 
4927 6418 6415 2483 6416 
4928 6417 6418 6416 2485 
4929 2631 6419 6422 6421 
4930 6419 2423 6420 6422 
4931 6422 6420 2425 6252 
4932 6421 6422 6252 3395 
4933 3324 5132 6426 6425 
4934 5132 2811 6423 6426 
4935 6426 6423 2549 6424 
4936 6425 6426 6424 2328 
4937 3330 5724 6428 5187 
4938 5724 2719 6427 6428 
4939 6428 6427 2717 5524 
4940 5187 6428 5524 2718 
4941 3316 6429 6433 6432 
4942 6429 3315 6430 6433 
4943 6433 6430 3635 6431 
4944 6432 6433 6431 3317 
4945 3274 4907 6435 5338 
4946 4907 3469 4030 6435 
4947 6435 4030 3272 6434 
4948 5338 6435 6434 3271 
4949 2713 6436 6439 6438 
4950 6436 2498 6437 6439 
4951 6439 6437 3441 5511 
4952 6438 6439 5511 2776 
4953 2357 6440 6442 6207 
4954 6440 3415 6441 6442 
4955 6442 6441 497 496 
4956 6207 6442 496 495 
4957 3135 6443 6446 6445 
4958 6443 3133 6444 6446 
4959 6446 6444 3131 5570 
4960 6445 6446 5570 3132 
4961 3335 5810 6449 6035 
4962 5810 3153 6447 6449 
4963 6449 6447 3152 6448 
4964 6035 6449 6448 2589 
4965 2235 4777 6451 4422 
4966 4777 761 760 6451 
4967 6451 760 759 6450 
4968 4422 6451 6450 3747 
4969 3405 6452 6453 6391 
4970 6452 3408 5454 6453 
4971 6453 5454 3409 5801 
4972 6391 6453 5801 3407 
4973 3322 6454 6455 6407 
4974 6454 3350 5565 6455 
4975 6455 5565 3403 6224 
4976 6407 6455 6224 3349 
4977 2460 6456 6459 6190 
4978 6456 2606 6457 6459 
4979 6459 6457 2608 6458 
4980 6190 6459 6458 2607 
4981 2474 6124 6462 6461 
4982 6124 2488 6413 6462 
4983 6462 6413 2489 6460 
4984 6461 6462 6460 2475 
4985 2484 6361 6465 6415 
4986 6361 2482 6463 6465 
4987 6465 6463 2469 6464 
4988 6415 6465 6464 2483 
4989 3149 4659 6469 6468 
4990 4659 3033 6466 6469 
4991 6469 6466 3056 6467 
4992 6468 6469 6467 3057 
4993 2472 6127 6472 6471 
4994 6127 2474 6461 6472 
4995 6472 6461 2475 6470 
4996 6471 6472 6470 2473 
4997 2482 6193 6475 6463 
4998 6193 2468 6473 6475 
4999 6475 6473 2467 6474 
5000 6463 6475 6474 2469 
5001 2468 6131 6478 6473 
5002 6131 2466 6476 6478 
5003 6478 6476 2465 6477 
5004 6473 6478 6477 2467 
5005 2470 6229 6481 6480 
5006 6229 2472 6471 6481 
5007 6481 6471 2473 6479 
5008 6480 6481 6479 2471 
5009 2983 6482 6484 4875 
5010 6482 2213 6483 6484 
5011 6484 6483 2246 4977 
5012 4875 6484 4977 2499 
5013 2466 6231 6487 6476 
5014 6231 2464 6485 6487 
5015 6487 6485 2453 6486 
5016 6476 6487 6486 2465 
5017 2458 6158 6490 6489 
5018 6158 2470 6480 6490 
5019 6490 6480 2471 6488 
5020 6489 6490 6488 2459 
5021 3309 5104 6492 6292 
5022 5104 3028 6491 6492 
5023 6492 6491 3027 5228 
5024 6292 6492 5228 2565 
5025 2791 5400 6496 6495 
5026 5400 2650 6493 6496 
5027 6496 6493 2651 6494 
5028 6495 6496 6494 2653 
5029 3079 5048 6499 6498 
5030 5048 569 570 6499 
5031 6499 570 571 6497 
5032 6498 6499 6497 3078 
5033 2464 6153 6502 6485 
5034 6153 2452 6500 6502 
5035 6502 6500 2451 6501 
5036 6485 6502 6501 2453 
5037 3289 6503 6504 4616 
5038 6503 3287 6218 6504 
5039 6504 6218 3286 4824 
5040 4616 6504 4824 3288 
5041 3275 6204 6507 5769 
5042 6204 2349 6505 6507 
5043 6507 6505 3277 6506 
5044 5769 6507 6506 3276 
5045 2753 5052 6510 6059 
5046 5052 2750 6508 6510 
5047 6510 6508 2751 6509 
5048 6059 6510 6509 2752 
5049 3445 4675 6511 4065 
5050 4675 3501 4571 6511 
5051 6511 4571 3098 5617 
5052 4065 6511 5617 2242 
5053 3415 6512 6514 6441 
5054 6512 2142 6513 6514 
5055 6514 6513 499 498 
5056 6441 6514 498 497 
5057 3316 6515 6517 6516 
5058 6515 3319 5274 6517 
5059 6517 5274 3320 5822 
5060 6516 6517 5822 3318 
5061 2452 6164 6520 6500 
5062 6164 2450 6518 6520 
5063 6520 6518 2449 6519 
5064 6500 6520 6519 2451 
5065 2454 5112 6523 6522 
5066 5112 2456 6388 6523 
5067 6523 6388 2457 6521 
5068 6522 6523 6521 2455 
5069 2450 5540 6526 6518 
5070 5540 2448 6524 6526 
5071 6526 6524 2426 6525 
5072 6518 6526 6525 2449 
5073 2431 6250 6529 6528 
5074 6250 2454 6522 6529 
5075 6529 6522 2455 6527 
5076 6528 6529 6527 2432 
5077 3198 6530 6532 6531 
5078 6530 3197 5002 6532 
5079 6532 5002 3195 6409 
5080 6531 6532 6409 3196 
5081 2560 6533 6535 4358 
5082 6533 2643 6534 6535 
5083 6535 6534 2645 5117 
5084 4358 6535 5117 2644 
5085 2325 6536 6538 5841 
5086 6536 2604 5423 6538 
5087 6538 5423 3704 6537 
5088 5841 6538 6537 3447 
5089 3315 6429 6539 5732 
5090 6429 3316 6516 6539 
5091 6539 6516 3318 6307 
5092 5732 6539 6307 2170 
5093 3174 6540 6542 6541 
5094 6540 2120 6053 6542 
5095 6542 6053 3216 5497 
5096 6541 6542 5497 3175 
5097 3755 4123 6545 6544 
5098 4123 3094 6543 6545 
5099 6545 6543 2330 5304 
5100 6544 6545 5304 3095 
5101 739 738 6548 6198 
5102 738 737 6546 6548 
5103 6548 6546 3429 6547 
5104 6198 6548 6547 3402 
5105 2429 5217 6551 6550 
5106 5217 2431 6528 6551 
5107 6551 6528 2432 6549 
5108 6550 6551 6549 2430 
5109 2448 6253 6554 6524 
5110 6253 2425 6552 6554 
5111 6554 6552 2424 6553 
5112 6524 6554 6553 2426 
5113 3130 5571 6556 5127 
5114 5571 3131 6555 6556 
5115 6556 6555 3138 5443 
5116 5127 6556 5443 2110 
5117 3266 6043 6559 6206 
5118 6043 3267 6557 6559 
5119 6559 6557 3268 6558 
5120 6206 6559 6558 2357 
5121 2961 6560 6564 6563 
5122 6560 2768 6561 6564 
5123 6564 6561 2767 6562 
5124 6563 6564 6562 2769 
5125 225 226 6566 6162 
5126 226 227 6565 6566 
5127 6566 6565 3585 4232 
5128 6162 6566 4232 2187 
5129 109 5828 6568 108 
5130 5828 2186 4238 6568 
5131 6568 4238 3586 6567 
5132 108 6568 6567 107 
5133 3428 6569 6572 6571 
5134 6569 2220 6020 6572 
5135 6572 6020 3204 6570 
5136 6571 6572 6570 3205 
5137 2396 6573 6575 6072 
5138 6573 2397 6574 6575 
5139 6575 6574 2399 6093 
5140 6072 6575 6093 2398 
5141 2113 4545 6578 6577 
5142 4545 629 628 6578 
5143 6578 628 627 6576 
5144 6577 6578 6576 3601 
5145 2218 6579 6582 6581 
5146 6579 2292 6188 6582 
5147 6582 6188 3249 6580 
5148 6581 6582 6580 3431 
5149 2853 6294 6586 6585 
5150 6294 2783 6583 6586 
5151 6586 6583 2782 6584 
5152 6585 6586 6584 2608 
5153 733 732 6590 6589 
5154 732 731 6587 6590 
5155 6590 6587 3428 6588 
5156 6589 6590 6588 3433 
5157 2846 6591 6593 6592 
5158 6591 2607 6458 6593 
5159 6593 6458 2608 6584 
5160 6592 6593 6584 2782 
5161 2220 6569 6594 5923 
5162 6569 3428 6587 6594 
5163 6594 6587 731 730 
5164 5923 6594 730 729 
5165 3867 5388 6598 6597 
5166 5388 2967 6595 6598 
5167 6598 6595 3942 6596 
5168 6597 6598 6596 2336 
5169 3513 4861 6601 6600 
5170 4861 3168 5500 6601 
5171 6601 5500 2619 6599 
5172 6600 6601 6599 3634 
5173 2297 6602 6605 6604 
5174 6602 2255 6603 6605 
5175 6605 6603 3606 5512 
5176 6604 6605 5512 3441 
5177 2992 6606 6609 4833 
5178 6606 2990 6607 6609 
5179 6609 6607 4001 6608 
5180 4833 6609 6608 2248 
5181 2631 6610 6613 6612 
5182 6610 3958 6611 6613 
5183 6613 6611 3269 4185 
5184 6612 6613 4185 3683 
5185 3040 5654 6616 6615 
5186 5654 3042 6216 6616 
5187 6616 6216 3043 6614 
5188 6615 6616 6614 3041 
5189 565 6332 6619 564 
5190 6332 3430 6617 6619 
5191 6619 6617 2228 6618 
5192 564 6619 6618 563 
5193 3325 5774 6621 5255 
5194 5774 2125 5767 6621 
5195 6621 5767 3328 6620 
5196 5255 6621 6620 3326 
5197 2259 6622 6626 6625 
5198 6622 3474 6623 6626 
5199 6626 6623 2504 6624 
5200 6625 6626 6624 2307 
5201 3073 4917 6630 6629 
5202 4917 3072 6627 6630 
5203 6630 6627 3069 6628 
5204 6629 6630 6628 3074 
5205 2729 6298 6633 6632 
5206 6298 2792 5208 6633 
5207 6633 5208 3187 6631 
5208 6632 6633 6631 3189 
5209 3205 6634 6635 6571 
5210 6634 3209 4177 6635 
5211 6635 4177 3433 6588 
5212 6571 6635 6588 3428 
5213 2427 6636 6639 6638 
5214 6636 2429 6550 6639 
5215 6639 6550 2430 6637 
5216 6638 6639 6637 2428 
5217 2425 6420 6642 6552 
5218 6420 2423 6640 6642 
5219 6642 6640 2422 6641 
5220 6552 6642 6641 2424 
5221 2803 6643 6646 6645 
5222 6643 2831 6644 6646 
5223 6646 6644 3448 5838 
5224 6645 6646 5838 2628 
5225 3217 6094 6650 6649 
5226 6094 2399 6647 6650 
5227 6650 6647 2612 6648 
5228 6649 6650 6648 2658 
5229 3802 6651 6653 4411 
5230 6651 3378 4621 6653 
5231 6653 4621 3805 6652 
5232 4411 6653 6652 2149 
5233 2645 6654 6657 5118 
5234 6654 2647 6655 6657 
5235 6657 6655 2649 6656 
5236 5118 6657 6656 2648 
5237 3433 4176 6659 6589 
5238 4176 2129 6658 6659 
5239 6659 6658 735 734 
5240 6589 6659 734 733 
5241 3432 4473 6661 6660 
5242 4473 3233 4360 6661 
5243 6661 4360 3231 5282 
5244 6660 6661 5282 3232 
5245 3538 6662 6665 6664 
5246 6662 3738 6663 6665 
5247 6665 6663 2552 4634 
5248 6664 6665 4634 3661 
5249 3038 4717 6668 6667 
5250 4717 3040 6615 6668 
5251 6668 6615 3041 6666 
5252 6667 6668 6666 3039 
5253 3280 6669 6671 6670 
5254 6669 3279 6150 6671 
5255 6671 6150 3283 5183 
5256 6670 6671 5183 3281 
5257 2889 6672 6675 5087 
5258 6672 2871 6673 6675 
5259 6675 6673 2872 6674 
5260 5087 6675 6674 2873 
5261 2361 6209 6678 6677 
5262 6209 2363 6343 6678 
5263 6678 6343 2364 6676 
5264 6677 6678 6676 2362 
5265 2983 6679 6682 6482 
5266 6679 2209 6680 6682 
5267 6682 6680 2212 6681 
5268 6482 6682 6681 2213 
5269 2446 6024 6685 5632 
5270 6024 2445 6683 6685 
5271 6685 6683 2443 6684 
5272 5632 6685 6684 2444 
5273 374 5929 6687 5069 
5274 5929 3162 6686 6687 
5275 6687 6686 3163 4902 
5276 5069 6687 4902 3164 
5277 2423 6688 6691 6640 
5278 6688 2421 6689 6691 
5279 6691 6689 2411 6690 
5280 6640 6691 6690 2422 
5281 3309 6291 6693 5105 
5282 6291 549 550 6693 
5283 6693 550 551 6692 
5284 5105 6693 6692 2229 
5285 3226 5268 6694 5202 
5286 5268 555 556 6694 
5287 6694 556 557 4009 
5288 5202 6694 4009 2227 
5289 3205 6695 6696 6634 
5290 6695 3208 4054 6696 
5291 6696 4054 3210 4477 
5292 6634 6696 4477 3209 
5293 3461 6697 6700 5178 
5294 6697 2529 6698 6700 
5295 6700 6698 2528 6699 
5296 5178 6700 6699 2317 
5297 2108 6701 6703 4752 
5298 6701 3604 6702 6703 
5299 6703 6702 641 640 
5300 4752 6703 640 639 
5301 3158 6704 6706 5299 
5302 6704 3159 6705 6706 
5303 6706 6705 3162 5928 
5304 5299 6706 5928 2168 
5305 3191 6707 6711 6710 
5306 6707 2340 6708 6711 
5307 6711 6708 2447 6709 
5308 6710 6711 6709 2557 
5309 3140 4245 6713 4199 
5310 4245 2266 5177 6713 
5311 6713 5177 2265 6712 
5312 4199 6713 6712 2221 
5313 2542 6714 6717 6716 
5314 6714 2784 5064 6717 
5315 6717 5064 3561 6715 
5316 6716 6717 6715 2436 
5317 2732 6718 6721 6720 
5318 6718 2730 6719 6721 
5319 6721 6719 2728 6299 
5320 6720 6721 6299 2729 
5321 2648 6656 6723 5808 
5322 6656 2649 6722 6723 
5323 6723 6722 2651 6493 
5324 5808 6723 6493 2650 
5325 3869 6724 6726 6725 
5326 6724 3218 4879 6726 
5327 6726 4879 2929 4651 
5328 6725 6726 4651 3851 
5329 3036 5761 6729 6728 
5330 5761 3038 6667 6729 
5331 6729 6667 3039 6727 
5332 6728 6729 6727 3037 
5333 2811 5032 6731 6423 
5334 5032 3334 5110 6731 
5335 6731 5110 2745 6730 
5336 6423 6731 6730 2549 
5337 2469 6474 6735 6734 
5338 6474 2467 6732 6735 
5339 6735 6732 2579 6733 
5340 6734 6735 6733 3436 
5341 2394 6736 6738 5991 
5342 6736 2395 6737 6738 
5343 6738 6737 2397 6573 
5344 5991 6738 6573 2396 
5345 3346 6039 6741 6740 
5346 6039 2269 4346 6741 
5347 6741 4346 3720 6739 
5348 6740 6741 6739 3347 
5349 2653 6742 6745 6495 
5350 6742 2930 6743 6745 
5351 6745 6743 3568 6744 
5352 6495 6745 6744 2791 
5353 2832 6746 6750 6749 
5354 6746 2801 6747 6750 
5355 6750 6747 2800 6748 
5356 6749 6750 6748 2627 
5357 2750 5051 6753 6752 
5358 5051 2748 6121 6753 
5359 6753 6121 2747 6751 
5360 6752 6753 6751 2749 
5361 18 4547 6756 6755 
5362 4547 2114 6754 6756 
5363 6756 6754 3629 4462 
5364 6755 6756 4462 2692 
5365 2860 6757 6761 6760 
5366 6757 2557 6758 6761 
5367 6761 6758 2605 6759 
5368 6760 6761 6759 2678 
5369 3565 6762 6765 5098 
5370 6762 2539 6763 6765 
5371 6765 6763 2672 6764 
5372 5098 6765 6764 2777 
5373 2597 6766 6769 6768 
5374 6766 2828 6767 6769 
5375 6769 6767 2866 6236 
5376 6768 6769 6236 2829 
5377 3448 6770 6773 5839 
5378 6770 2603 6771 6773 
5379 6773 6771 2319 6772 
5380 5839 6773 6772 2321 
5381 2730 6774 6778 6777 
5382 6774 3443 6775 6778 
5383 6778 6775 2926 6776 
5384 6777 6778 6776 2733 
5385 783 782 6780 6006 
5386 782 781 6779 6780 
5387 6780 6779 3630 4886 
5388 6006 6780 4886 3253 
5389 3044 6214 6782 5935 
5390 6214 3059 6781 6782 
5391 6782 6781 3615 4130 
5392 5935 6782 4130 3141 
5393 3996 4873 6785 6784 
5394 4873 2981 6783 6785 
5395 6785 6783 2982 4139 
5396 6784 6785 4139 3438 
5397 3060 4761 6787 5290 
5398 4761 3507 6786 6787 
5399 6787 6786 3063 6067 
5400 5290 6787 6067 3053 
5401 3244 4795 6789 5745 
5402 4795 3524 6788 6789 
5403 6789 6788 420 421 
5404 5745 6789 421 422 
5405 2625 6790 6792 6791 
5406 6790 2529 6697 6792 
5407 6792 6697 3461 5015 
5408 6791 6792 5015 2714 
5409 3899 6793 6796 5079 
5410 6793 3610 6794 6796 
5411 6796 6794 3726 6795 
5412 5079 6796 6795 3126 
5413 737 736 6798 6546 
5414 736 735 6658 6798 
5415 6798 6658 2129 6797 
5416 6546 6798 6797 3429 
5417 3120 6799 6803 6802 
5418 6799 2139 6800 6803 
5419 6803 6800 2138 6801 
5420 6802 6803 6801 2119 
5421 2421 6804 6807 6689 
5422 6804 2410 6805 6807 
5423 6807 6805 2409 6806 
5424 6689 6807 6806 2411 
5425 2427 6808 6812 6811 
5426 6808 2420 6809 6812 
5427 6812 6809 2418 6810 
5428 6811 6812 6810 2419 
5429 3435 6813 6817 6816 
5430 6813 2756 6814 6817 
5431 6817 6814 2824 6815 
5432 6816 6817 6815 3887 
5433 3337 6210 6820 5213 
5434 6210 2361 6818 6820 
5435 6820 6818 2360 6819 
5436 5213 6820 6819 2359 
5437 2606 6821 6823 6457 
5438 6821 3456 6822 6823 
5439 6823 6822 2853 6585 
5440 6457 6823 6585 2608 
5441 3034 5915 6826 6825 
5442 5915 3036 6728 6826 
5443 6826 6728 3037 6824 
5444 6825 6826 6824 3035 
5445 3197 6530 6829 6027 
5446 6530 3198 6827 6829 
5447 6829 6827 3975 6828 
5448 6027 6829 6828 2161 
5449 3678 6830 6833 5100 
5450 6830 3440 6831 6833 
5451 6833 6831 2919 6832 
5452 5100 6833 6832 2997 
5453 3339 6834 6838 6837 
5454 6834 3680 6835 6838 
5455 6838 6835 3922 6836 
5456 6837 6838 6836 3528 
5457 2277 6258 6841 6840 
5458 6258 2257 6839 6841 
5459 6841 6839 2226 4433 
5460 6840 6841 4433 2276 
5461 3944 5295 6845 6844 
5462 5295 3003 6842 6845 
5463 6845 6842 4002 6843 
5464 6844 6845 6843 2104 
5465 3494 6846 6849 4693 
5466 6846 3021 6847 6849 
5467 6849 6847 2778 6848 
5468 4693 6849 6848 2779 
5469 3190 5939 6852 5723 
5470 5939 2721 6850 6852 
5471 6852 6850 2720 6851 
5472 5723 6852 6851 2719 
5473 3380 5585 6854 6015 
5474 5585 3381 6853 6854 
5475 6854 6853 3727 4962 
5476 6015 6854 4962 3382 
5477 3204 6115 6855 6570 
5478 6115 3206 4989 6855 
5479 6855 4989 3208 6695 
5480 6570 6855 6695 3205 
5481 2870 5606 6857 5709 
5482 5606 2869 6856 6857 
5483 6857 6856 2872 6673 
5484 5709 6857 6673 2871 
5485 3111 6858 6860 5328 
5486 6858 3112 4681 6860 
5487 6860 4681 3840 6859 
5488 5328 6860 6859 2141 
5489 2315 6861 6864 6863 
5490 6861 2360 6862 6864 
5491 6864 6862 3549 4666 
5492 6863 6864 4666 3248 
5493 280 6313 6866 6030 
5494 6313 3342 4509 6866 
5495 6866 4509 3724 6865 
5496 6030 6866 6865 2342 
5497 2698 6867 6871 6870 
5498 6867 2936 6868 6871 
5499 6871 6868 2937 6869 
5500 6870 6871 6869 2699 
5501 2696 6872 6876 6875 
5502 6872 2697 6873 6876 
5503 6876 6873 2933 6874 
5504 6875 6876 6874 2932 
5505 3264 5473 6880 6879 
5506 5473 2531 6877 6880 
5507 6880 6877 3577 6878 
5508 6879 6880 6878 3265 
5509 2859 6881 6884 6883 
5510 6881 2658 6648 6884 
5511 6884 6648 2612 6882 
5512 6883 6884 6882 2833 
5513 2370 6885 6888 5837 
5514 6885 2495 6886 6888 
5515 6888 6886 2802 6887 
5516 5837 6888 6887 2628 
5517 2368 5843 6891 6890 
5518 5843 2627 6748 6891 
5519 6891 6748 2800 6889 
5520 6890 6891 6889 2494 
5521 3192 6892 6896 6895 
5522 6892 2787 6893 6896 
5523 6896 6893 3502 6894 
5524 6895 6896 6894 3193 
5525 2581 6897 6900 5550 
5526 6897 2762 6898 6900 
5527 6900 6898 2904 6899 
5528 5550 6900 6899 2805 
5529 2392 6901 6903 4458 
5530 6901 2393 6902 6903 
5531 6903 6902 2395 6736 
5532 4458 6903 6736 2394 
5533 3432 6660 6906 6905 
5534 6660 3232 4073 6906 
5535 6906 4073 3771 6904 
5536 6905 6906 6904 2798 
5537 2444 6684 6909 4305 
5538 6684 2443 6907 6909 
5539 6909 6907 2441 6908 
5540 4305 6909 6908 2442 
5541 2455 6521 6913 6912 
5542 6521 2457 6910 6913 
5543 6913 6910 3473 6911 
5544 6912 6913 6911 2570 
5545 3799 6914 6916 4150 
5546 6914 2852 6915 6916 
5547 6916 6915 2678 6759 
5548 4150 6916 6759 2605 
5549 2689 6289 6918 4202 
5550 6289 3251 4078 6918 
5551 6918 4078 3592 6917 
5552 4202 6918 6917 3177 
5553 2460 6919 6922 6456 
5554 6919 2561 6920 6922 
5555 6922 6920 2700 6921 
5556 6456 6922 6921 2606 
5557 3317 6431 6926 6925 
5558 6431 3635 6923 6926 
5559 6926 6923 2577 6924 
5560 6925 6926 6924 3650 
5561 3322 6406 6930 6929 
5562 6406 3321 6927 6930 
5563 6930 6927 3609 6928 
5564 6929 6930 6928 3323 
5565 2727 6931 6934 5469 
5566 6931 2726 6932 6934 
5567 6934 6932 2725 6933 
5568 5469 6934 6933 2724 
5569 350 4097 6936 349 
5570 4097 3525 6935 6936 
5571 6936 6935 2166 5465 
5572 349 6936 5465 348 
5573 2592 4453 6940 6939 
5574 4453 2440 6937 6940 
5575 6940 6937 2439 6938 
5576 6939 6940 6938 2438 
5577 2557 6709 6942 6758 
5578 6709 2447 6941 6942 
5579 6942 6941 2712 4147 
5580 6758 6942 4147 2605 
5581 2419 6810 6946 6945 
5582 6810 2418 6943 6946 
5583 6946 6943 2416 6944 
5584 6945 6946 6944 2417 
5585 2410 6947 6950 6805 
5586 6947 2408 6948 6950 
5587 6950 6948 2407 6949 
5588 6805 6950 6949 2409 
5589 3022 6951 6954 6953 
5590 6951 2781 4262 6954 
5591 6954 4262 2669 6952 
5592 6953 6954 6952 2780 
5593 2926 6955 6957 6776 
5594 6955 2925 4314 6957 
5595 6957 4314 2734 6956 
5596 6776 6957 6956 2733 
5597 2699 6869 6961 6960 
5598 6869 2937 6958 6961 
5599 6961 6958 2939 6959 
5600 6960 6961 6959 2938 
5601 3825 6962 6964 6963 
5602 6962 3221 5484 6964 
5603 6964 5484 2288 5907 
5604 6963 6964 5907 3344 
5605 2106 4897 6967 6966 
5606 4897 831 830 6967 
5607 6967 830 829 6965 
5608 6966 6967 6965 3617 
5609 352 353 6971 6970 
5610 353 354 6968 6971 
5611 6971 6968 3815 6969 
5612 6970 6971 6969 2519 
5613 2922 6972 6975 6974 
5614 6972 2668 6973 6975 
5615 6975 6973 2669 4261 
5616 6974 6975 4261 2921 
5617 3030 5847 6978 6977 
5618 5847 3034 6825 6978 
5619 6978 6825 3035 6976 
5620 6977 6978 6976 3032 
5621 3162 6705 6980 6686 
5622 6705 3159 6979 6980 
5623 6980 6979 3523 4828 
5624 6686 6980 4828 3163 
5625 2731 6981 6983 6982 
5626 6981 2734 4313 6983 
5627 6983 4313 2779 6848 
5628 6982 6983 6848 2778 
5629 2700 6984 6988 6987 
5630 6984 2913 6985 6988 
5631 6988 6985 3834 6986 
5632 6987 6988 6986 3313 
5633 3327 5253 6990 4653 
5634 5253 3326 6989 6990 
5635 6990 6989 3329 4033 
5636 4653 6990 4033 3439 
5637 2714 5405 6993 6791 
5638 5405 2715 6991 6993 
5639 6993 6991 2790 6992 
5640 6791 6993 6992 2625 
5641 2281 6994 6998 6997 
5642 6994 2233 6995 6998 
5643 6998 6995 2302 6996 
5644 6997 6998 6996 2282 
5645 3248 4334 7001 6863 
5646 4334 2518 6999 7001 
5647 7001 6999 2313 7000 
5648 6863 7001 7000 2315 
5649 2832 7002 7004 6746 
5650 7002 2941 4539 7004 
5651 7004 4539 2969 7003 
5652 6746 7004 7003 2801 
5653 2831 6643 7007 7006 
5654 6643 2803 7005 7007 
5655 7007 7005 2968 4531 
5656 7006 7007 4531 2942 
5657 3735 7008 7010 4628 
5658 7008 2976 5222 7010 
5659 7010 5222 2946 7009 
5660 4628 7010 7009 3478 
5661 2292 7011 7013 6189 
5662 7011 2293 7012 7013 
5663 7013 7012 2561 6919 
5664 6189 7013 6919 2460 
5665 2340 6707 7017 7016 
5666 6707 3191 7014 7017 
5667 7017 7014 3470 7015 
5668 7016 7017 7015 2286 
5669 3431 7018 7021 6581 
5670 7018 27 7019 7021 
5671 7021 7019 2217 7020 
5672 6581 7021 7020 2218 
5673 3960 7022 7025 7024 
5674 7022 3904 7023 7025 
5675 7025 7023 3304 6098 
5676 7024 7025 6098 3343 
5677 2740 7026 7030 7029 
5678 7026 2541 7027 7030 
5679 7030 7027 3531 7028 
5680 7029 7030 7028 3088 
5681 2705 5679 7033 5277 
5682 5679 2838 7031 7033 
5683 7033 7031 3582 7032 
5684 5277 7033 7032 2839 
5685 2973 7034 7037 7036 
5686 7034 2971 7035 7037 
5687 7037 7035 2713 6438 
5688 7036 7037 6438 2776 
5689 2875 5088 7040 7039 
5690 5088 2873 6674 7040 
5691 7040 6674 2872 7038 
5692 7039 7040 7038 2874 
5693 2458 6489 7042 6387 
5694 6489 2459 7041 7042 
5695 7042 7041 3473 6910 
5696 6387 7042 6910 2457 
5697 2569 7043 7046 7045 
5698 7043 2698 6870 7046 
5699 7046 6870 2699 7044 
5700 7045 7046 7044 2677 
5701 2567 7047 7050 7049 
5702 7047 2675 7048 7050 
5703 7050 7048 2697 6872 
5704 7049 7050 6872 2696 
5705 2867 7051 7054 5608 
5706 7051 2868 7052 7054 
5707 7054 7052 3472 7053 
5708 5608 7054 7053 2869 
5709 2920 7055 7059 7058 
5710 7055 2881 7056 7059 
5711 7059 7056 2876 7057 
5712 7058 7059 7057 2891 
5713 2610 7060 7063 7062 
5714 7060 2681 7061 7063 
5715 7063 7061 3082 5919 
5716 7062 7063 5919 2804 
5717 3031 7064 7067 7066 
5718 7064 3033 4658 7067 
5719 7067 4658 3581 7065 
5720 7066 7067 7065 3029 
5721 2730 6777 7069 7068 
5722 6777 2733 6956 7069 
5723 7069 6956 2734 6981 
5724 7068 7069 6981 2731 
5725 595 594 7073 7072 
5726 594 593 7070 7073 
5727 7073 7070 2147 7071 
5728 7072 7073 7071 3477 
5729 519 7074 7077 520 
5730 7074 3476 7075 7077 
5731 7077 7075 2146 7076 
5732 520 7077 7076 521 
5733 2414 7078 7081 7080 
5734 7078 2417 6944 7081 
5735 7081 6944 2416 7079 
5736 7080 7081 7079 2415 
5737 3085 4018 7082 5157 
5738 4018 3086 4939 7082 
5739 7082 4939 3090 6074 
5740 5157 7082 6074 2758 
5741 2668 7083 7086 7085 
5742 7083 2651 6722 7086 
5743 7086 6722 2649 7084 
5744 7085 7086 7084 2652 
5745 2768 5778 7089 6561 
5746 5778 2585 7087 7089 
5747 7089 7087 2656 7088 
5748 6561 7089 7088 2767 
5749 2651 7090 7093 6494 
5750 7090 3457 7091 7093 
5751 7093 7091 2950 7092 
5752 6494 7093 7092 2653 
5753 3016 6327 7096 5139 
5754 6327 3017 7094 7096 
5755 7096 7094 3020 7095 
5756 5139 7096 7095 3018 
5757 2723 5263 7098 5937 
5758 5263 2724 6933 7098 
5759 7098 6933 2725 7097 
5760 5937 7098 7097 2722 
5761 3605 7099 7102 7101 
5762 7099 3659 7100 7102 
5763 7102 7100 3100 5439 
5764 7101 7102 5439 3099 
5765 2442 6908 7104 4080 
5766 6908 2441 7103 7104 
5767 7104 7103 2439 6937 
5768 4080 7104 6937 2440 
5769 2647 6654 7107 7106 
5770 6654 2645 6534 7107 
5771 7107 6534 2643 7105 
5772 7106 7107 7105 2646 
5773 340 7108 7110 339 
5774 7108 2372 4554 7110 
5775 7110 4554 3687 7109 
5776 339 7110 7109 338 
5777 2314 6274 7112 7111 
5778 6274 2359 6819 7112 
5779 7112 6819 2360 6861 
5780 7111 7112 6861 2315 
5781 233 234 7115 5671 
5782 234 235 7113 7115 
5783 7115 7113 2104 7114 
5784 5671 7115 7114 3504 
5785 2513 6032 7118 7117 
5786 6032 2346 7116 7118 
5787 7118 7116 2345 4391 
5788 7117 7118 4391 2512 
5789 805 804 7122 7121 
5790 804 26 7119 7122 
5791 7122 7119 2215 7120 
5792 7121 7122 7120 2214 
5793 2944 7123 7125 4267 
5794 7123 2945 7124 7125 
5795 7125 7124 3478 7009 
5796 4267 7125 7009 2946 
5797 2797 7126 7129 7128 
5798 7126 2777 6764 7129 
5799 7129 6764 2672 7127 
5800 7128 7129 7127 2796 
5801 3057 6147 7132 6468 
5802 6147 3068 7130 7132 
5803 7132 7130 3905 7131 
5804 6468 7132 7131 3149 
5805 2780 6952 7134 7133 
5806 6952 2669 6973 7134 
5807 7134 6973 2668 7085 
5808 7133 7134 7085 2652 
5809 2390 7135 7137 6184 
5810 7135 2391 7136 7137 
5811 7137 7136 2393 6901 
5812 6184 7137 6901 2392 
5813 3313 7138 7139 6987 
5814 7138 3456 6821 7139 
5815 7139 6821 2606 6921 
5816 6987 7139 6921 2700 
5817 2311 7140 7143 7142 
5818 7140 2310 7141 7143 
5819 7143 7141 2260 4986 
5820 7142 7143 4986 2261 
5821 2991 7144 7148 7147 
5822 7144 2680 7145 7148 
5823 7148 7145 2820 7146 
5824 7147 7148 7146 2990 
5825 3121 7149 7151 5090 
5826 7149 3122 5204 7151 
5827 7151 5204 3818 7150 
5828 5090 7151 7150 2889 
5829 2750 6752 7154 6508 
5830 6752 2749 7152 7154 
5831 7154 7152 2757 7153 
5832 6508 7154 7153 2751 
5833 2560 7155 7158 6533 
5834 7155 2642 7156 7158 
5835 7158 7156 3442 7157 
5836 6533 7158 7157 2643 
5837 3018 7159 7161 5136 
5838 7159 3019 5034 7161 
5839 7161 5034 3894 7160 
5840 5136 7161 7160 2480 
5841 3012 5160 7163 4772 
5842 5160 2479 7162 7163 
5843 7163 7162 3895 5042 
5844 4772 7163 5042 3013 
5845 2827 7164 7167 7166 
5846 7164 2725 6932 7167 
5847 7167 6932 2726 7165 
5848 7166 7167 7165 2735 
5849 3326 6620 7169 6989 
5850 6620 3328 7168 7169 
5851 7169 7168 3627 4179 
5852 6989 7169 4179 3329 
5853 2830 7170 7173 7172 
5854 7170 2679 7171 7173 
5855 7173 7171 2647 7106 
5856 7172 7173 7106 2646 
5857 2677 7174 7176 7045 
5858 7174 2676 6372 7176 
5859 7176 6372 2568 7175 
5860 7045 7176 7175 2569 
5861 2675 7047 7179 7178 
5862 7047 2567 7177 7179 
5863 7179 7177 2566 6376 
5864 7178 7179 6376 2674 
5865 2346 5857 7181 7116 
5866 5857 2277 6840 7181 
5867 7181 6840 2276 7180 
5868 7116 7181 7180 2345 
5869 3750 4257 7185 7184 
5870 4257 2538 7182 7185 
5871 7185 7182 3979 7183 
5872 7184 7185 7183 3001 
5873 2218 7186 7188 6579 
5874 7186 2254 7187 7188 
5875 7188 7187 2293 7011 
5876 6579 7188 7011 2292 
5877 2268 7189 7191 7190 
5878 7189 2236 4778 7191 
5879 7191 4778 2235 4421 
5880 7190 7191 4421 2267 
5881 2558 7192 7195 7194 
5882 7192 2661 7193 7195 
5883 7195 7193 2808 4600 
5884 7194 7195 4600 2807 
5885 2424 6641 7199 7198 
5886 6641 2422 7196 7199 
5887 7199 7196 3514 7197 
5888 7198 7199 7197 2564 
5889 711 710 7201 5438 
5890 710 709 4987 7201 
5891 7201 4987 2260 7200 
5892 5438 7201 7200 3099 
5893 2264 6363 7204 5818 
5894 6363 2387 7202 7204 
5895 7204 7202 2389 7203 
5896 5818 7204 7203 2388 
5897 2922 7205 7206 6972 
5898 7205 3457 7090 7206 
5899 7206 7090 2651 7083 
5900 6972 7206 7083 2668 
5901 2510 7207 7211 7210 
5902 7207 2664 7208 7211 
5903 7211 7208 3444 7209 
5904 7210 7211 7209 2711 
5905 364 365 7213 5635 
5906 365 366 4494 7213 
5907 7213 4494 3982 7212 
5908 5635 7213 7212 2153 
5909 2877 5850 7216 7215 
5910 5850 2875 7039 7216 
5911 7216 7039 2874 7214 
5912 7215 7216 7214 2876 
5913 2274 7217 7221 7220 
5914 7217 2275 7218 7221 
5915 7221 7218 2413 7219 
5916 7220 7221 7219 2412 
5917 2404 7222 7226 7225 
5918 7222 2273 7223 7226 
5919 7226 7223 2402 7224 
5920 7225 7226 7224 2403 
5921 2662 4197 7230 7229 
5922 4197 2194 7227 7230 
5923 7230 7227 2152 7228 
5924 7229 7230 7228 2139 
5925 2560 4475 7234 7233 
5926 4475 2517 7231 7234 
5927 7234 7231 2516 7232 
5928 7233 7234 7232 2559 
5929 2673 6245 7238 7237 
5930 6245 3333 7235 7238 
5931 7238 7235 3929 7236 
5932 7237 7238 7236 3538 
5933 2314 7239 7241 6275 
5934 7239 2312 7240 7241 
5935 7241 7240 3863 4739 
5936 6275 7241 4739 3341 
5937 2406 7242 7245 7244 
5938 7242 2404 7225 7245 
5939 7245 7225 2403 7243 
5940 7244 7245 7243 2405 
5941 2275 7246 7248 7218 
5942 7246 2414 7080 7248 
5943 7248 7080 2415 7247 
5944 7218 7248 7247 2413 
5945 3067 6144 7251 7250 
5946 6144 3057 6467 7251 
5947 7251 6467 3056 7249 
5948 7250 7251 7249 3065 
5949 2271 7252 7256 7255 
5950 7252 2270 7253 7256 
5951 7256 7253 2234 7254 
5952 7255 7256 7254 2290 
5953 3635 7257 7260 6923 
5954 7257 3308 7258 7260 
5955 7260 7258 3647 7259 
5956 6923 7260 7259 2577 
5957 2614 7261 7263 6011 
5958 7261 2702 4691 7263 
5959 7263 4691 2923 7262 
5960 6011 7263 7262 2703 
5961 2419 6945 7266 7265 
5962 6945 2417 7264 7266 
5963 7266 7264 3584 4181 
5964 7265 7266 4181 2616 
5965 2772 7267 7270 7269 
5966 7267 2656 7087 7270 
5967 7270 7087 2585 7268 
5968 7269 7270 7268 2584 
5969 2773 7271 7275 7274 
5970 7271 2582 7272 7275 
5971 7275 7272 2583 7273 
5972 7274 7275 7273 2655 
5973 2822 7276 7280 7279 
5974 7276 2885 7277 7280 
5975 7280 7277 2886 7278 
5976 7279 7280 7278 2823 
5977 3555 7281 7284 4747 
5978 7281 2657 7282 7284 
5979 7284 7282 3434 7283 
5980 4747 7284 7283 3667 
5981 2388 7203 7286 4110 
5982 7203 2389 7285 7286 
5983 7286 7285 2391 7135 
5984 4110 7286 7135 2390 
5985 827 6356 7288 7287 
5986 6356 2160 4068 7288 
5987 7288 4068 3556 4805 
5988 7287 7288 4805 3261 
5989 2136 5805 7291 5685 
5990 5805 3215 7289 7291 
5991 7291 7289 3813 7290 
5992 5685 7291 7290 3107 
5993 2582 7292 7294 7272 
5994 7292 2402 7293 7294 
5995 7294 7293 3451 6305 
5996 7272 7294 6305 2583 
5997 2720 6850 7298 7297 
5998 6850 2721 7295 7298 
5999 7298 7295 2884 7296 
6000 7297 7298 7296 2739 
6001 3310 5848 7301 5106 
6002 5848 3030 7299 7301 
6003 7301 7299 3029 7300 
6004 5106 7301 7300 3028 
6005 3032 7302 7303 6977 
6006 7302 3031 7066 7303 
6007 7303 7066 3029 7299 
6008 6977 7303 7299 3030 
6009 2261 7304 7307 7142 
6010 7304 2312 7305 7307 
6011 7307 7305 2313 7306 
6012 7142 7307 7306 2311 
6013 3641 5011 7309 5646 
6014 5011 2578 7308 7309 
6015 7309 7308 3673 5024 
6016 5646 7309 5024 3413 
6017 2246 6483 7312 7311 
6018 6483 2213 6681 7312 
6019 7312 6681 2212 7310 
6020 7311 7312 7310 2245 
6021 2312 7239 7313 7305 
6022 7239 2314 7111 7313 
6023 7313 7111 2315 7000 
6024 7305 7313 7000 2313 
6025 2273 7314 7318 7317 
6026 7314 2225 7315 7318 
6027 7318 7315 2224 7316 
6028 7317 7318 7316 2272 
6029 2366 7319 7323 7322 
6030 7319 2222 7320 7323 
6031 7323 7320 2223 7321 
6032 7322 7323 7321 2274 
6033 2584 7268 7326 7325 
6034 7268 2585 5777 7326 
6035 7326 5777 3452 7324 
6036 7325 7326 7324 2412 
6037 2211 7327 7331 7330 
6038 7327 2788 7328 7331 
6039 7331 7328 3459 7329 
6040 7330 7331 7329 2223 
6041 2361 6677 7333 6818 
6042 6677 2362 7332 7333 
6043 7333 7332 3549 6862 
6044 6818 7333 6862 2360 
6045 2399 6574 7336 6647 
6046 6574 2397 7334 7336 
6047 7336 7334 3449 7335 
6048 6647 7336 7335 2612 
6049 2478 7337 7340 7339 
6050 7337 2613 7338 7340 
6051 7340 7338 2702 7261 
6052 7339 7340 7261 2614 
6053 2298 7341 7344 7343 
6054 7341 2822 7279 7344 
6055 7344 7279 2823 7342 
6056 7343 7344 7342 2377 
6057 3675 4790 7348 7347 
6058 4790 2576 7345 7348 
6059 7348 7345 3657 7346 
6060 7347 7348 7346 3282 
6061 2247 7349 7352 7351 
6062 7349 3150 5155 7352 
6063 7352 5155 3084 7350 
6064 7351 7352 7350 3827 
6065 3347 7353 7355 6740 
6066 7353 3637 7354 7355 
6067 7355 7354 3348 5898 
6068 6740 7355 5898 3346 
6069 2339 5721 7357 4271 
6070 5721 3138 6555 7357 
6071 7357 6555 3131 7356 
6072 4271 7357 7356 3496 
6073 2517 4474 7360 7359 
6074 4474 3432 7358 7360 
6075 7360 7358 2637 5367 
6076 7359 7360 5367 2515 
6077 2833 6882 7363 7362 
6078 6882 2612 7335 7363 
6079 7363 7335 3449 7361 
6080 7362 7363 7361 2834 
6081 418 419 7364 5748 
6082 419 420 6788 7364 
6083 7364 6788 3524 5224 
6084 5748 7364 5224 2318 
6085 3668 7365 7368 7367 
6086 7365 2659 6168 7368 
6087 7368 6168 695 7366 
6088 7367 7368 7366 3618 
6089 3404 5566 7371 5989 
6090 5566 3350 7369 7371 
6091 7371 7369 3626 7370 
6092 5989 7371 7370 3623 
6093 3284 7372 7374 5182 
6094 7372 3285 4791 7374 
6095 7374 4791 3675 7373 
6096 5182 7374 7373 3281 
6097 2944 6142 7377 7123 
6098 6142 2912 7375 7377 
6099 7377 7375 2959 7376 
6100 7123 7377 7376 2945 
6101 2410 7378 7380 6947 
6102 7378 2615 4406 7380 
6103 7380 4406 3598 7379 
6104 6947 7380 7379 2408 
6105 2150 7381 7383 4325 
6106 7381 3358 6349 7383 
6107 7383 6349 3359 7382 
6108 4325 7383 7382 3785 
6109 3008 4021 7387 7386 
6110 4021 3007 7384 7387 
6111 7387 7384 2909 7385 
6112 7386 7387 7385 2774 
6113 2414 7388 7389 7078 
6114 7388 2591 4035 7389 
6115 7389 4035 3584 7264 
6116 7078 7389 7264 2417 
6117 2985 5134 7393 7392 
6118 5134 2629 7390 7393 
6119 7393 7390 2270 7391 
6120 7392 7393 7391 2630 
6121 2727 6300 7396 6931 
6122 6300 2728 7394 7396 
6123 7396 7394 3481 7395 
6124 6931 7396 7395 2726 
6125 2909 7397 7400 7385 
6126 7397 2664 7398 7400 
6127 7400 7398 2594 7399 
6128 7385 7400 7399 2774 
6129 553 5269 7401 552 
6130 5269 3495 4915 7401 
6131 7401 4915 2229 6692 
6132 552 7401 6692 551 
6133 2366 7322 7403 7402 
6134 7322 2274 7220 7403 
6135 7403 7220 2412 7324 
6136 7402 7403 7324 3452 
6137 2869 7053 7405 6856 
6138 7053 3472 6384 7405 
6139 7405 6384 2882 7404 
6140 6856 7405 7404 2872 
6141 2933 6873 7409 7408 
6142 6873 2697 7406 7409 
6143 7409 7406 3465 7407 
6144 7408 7409 7407 2934 
6145 400 401 7412 7411 
6146 401 402 7410 7412 
6147 7412 7410 3653 4059 
6148 7411 7412 4059 2174 
6149 2273 7317 7414 7223 
6150 7317 2272 7413 7414 
6151 7414 7413 3451 7293 
6152 7223 7414 7293 2402 
6153 3332 7415 7419 7418 
6154 7415 3144 7416 7419 
6155 7419 7416 2816 7417 
6156 7418 7419 7417 3696 
6157 3521 7420 7423 7422 
6158 7420 2371 7421 7423 
6159 7423 7421 2566 7177 
6160 7422 7423 7177 2567 
6161 3522 7424 7427 7426 
6162 7424 2569 7175 7427 
6163 7427 7175 2568 7425 
6164 7426 7427 7425 2369 
6165 3394 7428 7431 7430 
6166 7428 3115 5700 7431 
6167 7431 5700 2197 7429 
6168 7430 7431 7429 3658 
6169 3669 4601 7434 4351 
6170 4601 2808 7432 7434 
6171 7434 7432 2809 7433 
6172 4351 7434 7433 2810 
6173 2387 6365 7438 7437 
6174 6365 2386 7435 7438 
6175 7438 7435 2541 7436 
6176 7437 7438 7436 2540 
6177 2676 7174 7441 4103 
6178 7174 2677 7439 7441 
6179 7441 7439 3466 7440 
6180 4103 7441 7440 2899 
6181 3051 4676 7443 5877 
6182 4676 3445 4064 7443 
6183 7443 4064 3055 7442 
6184 5877 7443 7442 3049 
6185 3158 5449 7444 6704 
6186 5449 3160 4514 7444 
6187 7444 4514 3523 6979 
6188 6704 7444 6979 3159 
6189 311 312 7447 7446 
6190 312 313 7445 7447 
6191 7447 7445 3710 4689 
6192 7446 7447 4689 3146 
6193 2987 7448 7450 7449 
6194 7448 2986 5030 7450 
6195 7450 5030 2985 7392 
6196 7449 7450 7392 2630 
6197 2176 7451 7455 7454 
6198 7451 2209 7452 7455 
6199 7455 7452 3471 7453 
6200 7454 7455 7453 2137 
6201 3171 7456 7459 7458 
6202 7456 2810 7433 7459 
6203 7459 7433 2809 7457 
6204 7458 7459 7457 2864 
6205 2643 7157 7460 7105 
6206 7157 3442 4125 7460 
6207 7460 4125 2830 7172 
6208 7105 7460 7172 2646 
6209 3441 6437 7463 6604 
6210 6437 2498 7461 7463 
6211 7463 7461 2356 7462 
6212 6604 7463 7462 2297 
6213 2900 7464 7466 7465 
6214 7464 3465 7406 7466 
6215 7466 7406 2697 7048 
6216 7465 7466 7048 2675 
6217 2938 7467 7468 6960 
6218 7467 3466 7439 7468 
6219 7468 7439 2677 7044 
6220 6960 7468 7044 2699 
6221 3039 6666 7472 7471 
6222 6666 3041 7469 7472 
6223 7472 7469 3058 7470 
6224 7471 7472 7470 3462 
6225 2664 7207 7475 7398 
6226 7207 2510 7473 7475 
6227 7475 7473 2503 7474 
6228 7398 7475 7474 2594 
6229 3455 4265 7476 4436 
6230 4265 2385 4392 7476 
6231 7476 4392 2345 7180 
6232 4436 7476 7180 2276 
6233 2193 7477 7480 4283 
6234 7477 2192 7478 7480 
6235 7480 7478 2155 7479 
6236 4283 7480 7479 2156 
6237 3659 7099 7483 7482 
6238 7099 3605 7481 7483 
6239 7483 7481 2510 7210 
6240 7482 7483 7210 2711 
6241 3037 6727 7486 7485 
6242 6727 3039 7471 7486 
6243 7486 7471 3462 7484 
6244 7485 7486 7484 3066 
6245 3475 4572 7488 7487 
6246 4572 3501 4674 7488 
6247 7488 4674 3054 6138 
6248 7487 7488 6138 3064 
6249 2404 7242 7491 7490 
6250 7242 2406 7489 7491 
6251 7491 7489 3598 4028 
6252 7490 7491 4028 2590 
6253 2561 7492 7494 6920 
6254 7492 2701 7493 7494 
6255 7494 7493 2913 6984 
6256 6920 7494 6984 2700 
6257 2246 7495 7498 4092 
6258 7495 2294 7496 7498 
6259 7498 7496 2400 7497 
6260 4092 7498 7497 2295 
6261 2381 5318 7500 6342 
6262 5318 3550 4225 7500 
6263 7500 4225 2574 7499 
6264 6342 7500 7499 2364 
6265 3060 5289 7503 4762 
6266 5289 3097 7501 7503 
6267 7503 7501 3752 7502 
6268 4762 7503 7502 3611 
6269 3934 7504 7506 4194 
6270 7504 2536 7505 7506 
6271 7506 7505 670 669 
6272 4194 7506 669 668 
6273 3081 7507 7510 7509 
6274 7507 2797 7128 7510 
6275 7510 7128 2796 7508 
6276 7509 7510 7508 2858 
6277 2287 7511 7515 7514 
6278 7511 2511 7512 7515 
6279 7515 7512 2558 7513 
6280 7514 7515 7513 2341 
6281 3146 4837 7517 7446 
6282 4837 3625 7516 7517 
6283 7517 7516 309 310 
6284 7446 7517 310 311 
6285 2834 7361 7521 7520 
6286 7361 3449 7518 7521 
6287 7521 7518 3491 7519 
6288 7520 7521 7519 3450 
6289 2495 6885 7525 7524 
6290 6885 2370 7522 7525 
6291 7525 7522 2322 7523 
6292 7524 7525 7523 2371 
6293 2494 7526 7529 6890 
6294 7526 2369 7527 7529 
6295 7529 7527 2326 7528 
6296 6890 7529 7528 2368 
6297 2234 7530 7533 7254 
6298 7530 24 7531 7533 
6299 7533 7531 3857 7532 
6300 7254 7533 7532 2290 
6301 2317 7534 7537 5176 
6302 7534 2303 7535 7537 
6303 7537 7535 2249 7536 
6304 5176 7537 7536 2265 
6305 3237 5708 7539 5436 
6306 5708 3238 7538 7539 
6307 7539 7538 3818 4788 
6308 5436 7539 4788 3239 
6309 2827 7540 7542 7164 
6310 7540 3497 7541 7542 
6311 7542 7541 2722 7097 
6312 7164 7542 7097 2725 
6313 3008 7543 7545 4022 
6314 7543 3634 7544 7545 
6315 7545 7544 382 383 
6316 4022 7545 383 384 
6317 3918 4588 7546 4153 
6318 4588 2973 7036 7546 
6319 7546 7036 2776 5510 
6320 4153 7546 5510 3560 
6321 2528 7547 7549 6699 
6322 7547 2478 7548 7549 
6323 7549 7548 2303 7534 
6324 6699 7549 7534 2317 
6325 2517 7359 7551 7231 
6326 7359 2515 6033 7551 
6327 7551 6033 2513 7550 
6328 7231 7551 7550 2516 
6329 2590 7552 7554 7490 
6330 7552 3458 7553 7554 
6331 7554 7553 2273 7222 
6332 7490 7554 7222 2404 
6333 2591 7388 7557 7556 
6334 7388 2414 7246 7557 
6335 7557 7246 2275 7555 
6336 7556 7557 7555 3459 
6337 2265 7536 7560 6712 
6338 7536 2249 7558 7560 
6339 7560 7558 2216 7559 
6340 6712 7560 7559 2221 
6341 2960 7561 7564 7563 
6342 7561 3636 7562 7564 
6343 7564 7562 258 259 
6344 7563 7564 259 260 
6345 2916 7565 7569 7568 
6346 7565 2508 7566 7569 
6347 7569 7566 2500 7567 
6348 7568 7569 7567 2481 
6349 2511 7570 7572 7512 
6350 7570 2660 7571 7572 
6351 7572 7571 2661 7192 
6352 7512 7572 7192 2558 
6353 2713 7573 7575 6436 
6354 7573 2527 7574 7575 
6355 7575 7574 2356 7461 
6356 6436 7575 7461 2498 
6357 2997 6832 7579 7578 
6358 6832 2919 7576 7579 
6359 7579 7576 2918 7577 
6360 7578 7579 7577 2917 
6361 3131 6444 7581 7356 
6362 6444 3133 7580 7581 
6363 7581 7580 3137 4039 
6364 7356 7581 4039 3496 
6365 2660 7570 7585 7584 
6366 7570 2511 7582 7585 
6367 7585 7582 3545 7583 
6368 7584 7585 7583 2901 
6369 2233 7586 7590 7589 
6370 7586 2232 7587 7590 
6371 7590 7587 2203 7588 
6372 7589 7590 7588 2204 
6373 2231 7591 7594 7593 
6374 7591 2206 4663 7594 
6375 7594 4663 2205 7592 
6376 7593 7594 7592 2230 
6377 3324 6425 7597 4420 
6378 6425 2328 7595 7597 
6379 7597 7595 2327 7596 
6380 4420 7597 7596 2267 
6381 3633 7598 7601 7600 
6382 7598 3589 7599 7601 
6383 7601 7599 2430 6549 
6384 7600 7601 6549 2432 
6385 2597 7602 7606 7605 
6386 7602 2433 7603 7606 
6387 7606 7603 2476 7604 
6388 7605 7606 7604 2554 
6389 2549 7607 7609 6424 
6390 7607 2520 7608 7609 
6391 7609 7608 2327 7595 
6392 6424 7609 7595 2328 
6393 2202 7610 7613 7612 
6394 7610 2208 7611 7613 
6395 7613 7611 2243 4355 
6396 7612 7613 4355 2207 
6397 3024 4319 7617 7616 
6398 4319 2915 7614 7617 
6399 7617 7614 2842 7615 
6400 7616 7617 7615 2843 
6401 3245 5108 7620 7619 
6402 5108 2986 7448 7620 
6403 7620 7448 2987 7618 
6404 7619 7620 7618 2988 
6405 2680 7621 7624 7623 
6406 7621 2540 7436 7624 
6407 7624 7436 2541 7622 
6408 7623 7624 7622 2617 
6409 3597 7625 7627 6393 
6410 7625 3245 7619 7627 
6411 7627 7619 2988 7626 
6412 6393 7627 7626 3547 
6413 2784 6714 7631 7630 
6414 6714 2542 7628 7631 
6415 7631 7628 2787 7629 
6416 7630 7631 7629 2785 
6417 2344 7632 7635 7634 
6418 7632 2291 7633 7635 
6419 7635 7633 2271 7255 
6420 7634 7635 7255 2290 
6421 3775 4671 7639 7638 
6422 4671 2477 7636 7639 
6423 7639 7636 3876 7637 
6424 7638 7639 7637 3520 
6425 3574 7640 7643 4920 
6426 7640 2347 7641 7643 
6427 7643 7641 3905 7642 
6428 4920 7643 7642 3072 
6429 2298 7644 7648 7647 
6430 7644 2251 7645 7648 
6431 7648 7645 2250 7646 
6432 7647 7648 7646 2215 
6433 3624 7649 7652 7651 
6434 7649 3607 7650 7652 
6435 7652 7650 2512 4782 
6436 7651 7652 4782 2975 
6437 2730 7068 7654 6719 
6438 7068 2731 7653 7654 
6439 7654 7653 3481 7394 
6440 6719 7654 7394 2728 
6441 2134 7655 7659 7658 
6442 7655 2172 7656 7659 
6443 7659 7656 2175 7657 
6444 7658 7659 7657 2173 
6445 3612 7660 7663 7662 
6446 7660 3317 6925 7663 
6447 7663 6925 3650 7661 
6448 7662 7663 7661 3558 
6449 3152 6447 7666 7665 
6450 6447 3153 7664 7666 
6451 7666 7664 3620 5476 
6452 7665 7666 5476 3154 
6453 3175 5496 7668 7667 
6454 5496 3177 6917 7668 
6455 7668 6917 3592 4452 
6456 7667 7668 4452 3176 
6457 2693 7669 7673 7672 
6458 7669 2636 7670 7673 
6459 7673 7670 2695 7671 
6460 7672 7673 7671 2694 
6461 2647 7674 7676 6655 
6462 7674 3482 7675 7676 
6463 7676 7675 2652 7084 
6464 6655 7676 7084 2649 
6465 3104 7677 7679 5378 
6466 7677 3810 7678 7679 
6467 7679 7678 3864 5308 
6468 5378 7679 5308 3105 
6469 2272 7316 7683 7682 
6470 7316 2224 7680 7683 
6471 7683 7680 3516 7681 
6472 7682 7683 7681 2367 
6473 2907 7684 7688 7687 
6474 7684 2906 7685 7688 
6475 7688 7685 2828 7686 
6476 7687 7688 7686 2686 
6477 2828 6766 7690 7686 
6478 6766 2597 7605 7690 
6479 7690 7605 2554 7689 
6480 7686 7690 7689 2686 
6481 25 4779 7693 7692 
6482 4779 2236 7691 7693 
6483 7693 7691 2286 7015 
6484 7692 7693 7015 3470 
6485 2157 4284 7696 7695 
6486 4284 2156 7479 7696 
6487 7696 7479 2155 7694 
6488 7695 7696 7694 2131 
6489 3079 6498 7699 5739 
6490 6498 3078 7697 7699 
6491 7699 7697 3682 7698 
6492 5739 7699 7698 3080 
6493 2434 7700 7702 6338 
6494 7700 2537 7701 7702 
6495 7702 7701 2291 7632 
6496 6338 7702 7632 2344 
6497 3035 6824 7705 7704 
6498 6824 3037 7485 7705 
6499 7705 7485 3066 7703 
6500 7704 7705 7703 3490 
6501 2789 7706 7708 7707 
6502 7706 2225 7314 7708 
6503 7708 7314 2273 7553 
6504 7707 7708 7553 3458 
6505 2274 7321 7709 7217 
6506 7321 2223 7329 7709 
6507 7709 7329 3459 7555 
6508 7217 7709 7555 2275 
6509 2221 7559 7711 4196 
6510 7559 2216 7710 7711 
6511 7711 7710 2152 7227 
6512 4196 7711 7227 2194 
6513 2236 7189 7714 7691 
6514 7189 2268 7712 7714 
6515 7714 7712 2287 7713 
6516 7691 7714 7713 2286 
6517 3192 5342 7715 6892 
6518 5342 2819 4389 7715 
6519 7715 4389 2785 7629 
6520 6892 7715 7629 2787 
6521 2397 6737 7717 7334 
6522 6737 2395 7716 7717 
6523 7717 7716 3491 7518 
6524 7334 7717 7518 3449 
6525 2370 5836 7720 7522 
6526 5836 2321 7718 7720 
6527 7720 7718 2320 7719 
6528 7522 7720 7719 2322 
6529 2368 7528 7723 5844 
6530 7528 2326 7721 7723 
6531 7723 7721 2324 7722 
6532 5844 7723 7722 2325 
6533 2133 7724 7727 7726 
6534 7724 2171 7725 7727 
6535 7727 7725 2172 7655 
6536 7726 7727 7655 2134 
6537 3634 7543 7729 6600 
6538 7543 3008 7386 7729 
6539 7729 7386 2774 7728 
6540 6600 7729 7728 3513 
6541 2953 7730 7734 7733 
6542 7730 2836 7731 7734 
6543 7734 7731 2775 7732 
6544 7733 7734 7732 2695 
6545 3660 5428 7738 7737 
6546 5428 2532 7735 7738 
6547 7738 7735 3940 7736 
6548 7737 7738 7736 3081 
6549 2891 7739 7743 7742 
6550 7739 3861 7740 7743 
6551 7743 7740 3170 7741 
6552 7742 7743 7741 3942 
6553 2980 7744 7748 7747 
6554 7744 3503 7745 7748 
6555 7748 7745 2972 7746 
6556 7747 7748 7746 3564 
6557 3280 6670 7750 7749 
6558 6670 3281 7373 7750 
6559 7750 7373 3675 7347 
6560 7749 7750 7347 3282 
6561 27 810 7753 7019 
6562 810 809 7751 7753 
6563 7753 7751 3446 7752 
6564 7019 7753 7752 2217 
6565 3811 4629 7756 7755 
6566 4629 3478 7124 7756 
6567 7756 7124 2945 7754 
6568 7755 7756 7754 2960 
6569 2355 7757 7760 7759 
6570 7757 2256 7758 7760 
6571 7760 7758 2255 6602 
6572 7759 7760 6602 2297 
6573 2979 7761 7763 6334 
6574 7761 2681 7762 7763 
6575 7763 7762 3503 7744 
6576 6334 7763 7744 2980 
6577 3522 7764 7768 7767 
6578 7764 3713 7765 7768 
6579 7768 7765 2845 7766 
6580 7767 7768 7766 3774 
6581 3521 7769 7773 7772 
6582 7769 3773 7770 7773 
6583 7773 7770 2844 7771 
6584 7772 7773 7771 3712 
6585 3515 5355 7774 4471 
6586 5355 2970 4286 7774 
6587 7774 4286 2904 6898 
6588 4471 7774 6898 2762 
6589 2542 6716 7778 7777 
6590 6716 2436 7775 7778 
6591 7778 7775 2378 7776 
6592 7777 7778 7776 2437 
6593 2286 7713 7780 7016 
6594 7713 2287 7514 7780 
6595 7780 7514 2341 7779 
6596 7016 7780 7779 2340 
6597 2789 7781 7783 7706 
6598 7781 2210 7782 7783 
6599 7783 7782 2224 7315 
6600 7706 7783 7315 2225 
6601 2296 7784 7787 7786 
6602 7784 2244 7785 7787 
6603 7787 7785 3711 4298 
6604 7786 7787 4298 2316 
6605 545 5657 7789 544 
6606 5657 3026 7788 7789 
6607 7789 7788 2205 4662 
6608 544 7789 4662 543 
6609 3504 7790 7793 4481 
6610 7790 3506 7791 7793 
6611 7793 7791 2962 7792 
6612 4481 7793 7792 2963 
6613 2412 7219 7796 7325 
6614 7219 2413 7794 7796 
6615 7796 7794 3493 7795 
6616 7325 7796 7795 2584 
6617 2402 7292 7799 7224 
6618 7292 2582 7797 7799 
6619 7799 7797 3492 7798 
6620 7224 7799 7798 2403 
6621 2174 7800 7801 7411 
6622 7800 3533 6046 7801 
6623 7801 6046 398 399 
6624 7411 7801 399 400 
6625 3516 7802 7804 7803 
6626 7802 3228 5401 7804 
6627 7804 5401 2791 6744 
6628 7803 7804 6744 3568 
6629 2745 7805 7807 6730 
6630 7805 2665 7806 7807 
6631 7807 7806 2520 7607 
6632 6730 7807 7607 2549 
6633 2744 7808 7810 6400 
6634 7808 2863 4950 7810 
6635 7810 4950 3684 7809 
6636 6400 7810 7809 2623 
6637 2743 6396 7814 7813 
6638 6396 2622 7811 7814 
6639 7814 7811 3685 7812 
6640 7813 7814 7812 2862 
6641 809 808 7817 7751 
6642 808 807 7815 7817 
6643 7817 7815 3537 7816 
6644 7751 7817 7816 3446 
6645 2636 7818 7822 7821 
6646 7818 2505 7819 7822 
6647 7822 7819 2504 7820 
6648 7821 7822 7820 2635 
6649 2307 6624 7825 7824 
6650 6624 2504 7819 7825 
6651 7825 7819 2505 7823 
6652 7824 7825 7823 2376 
6653 2188 4934 7826 4460 
6654 4934 3766 5232 7826 
6655 7826 5232 2835 6008 
6656 4460 7826 6008 2954 
6657 2716 5525 7829 5404 
6658 5525 2717 7827 7829 
6659 7829 7827 3505 7828 
6660 5404 7829 7828 2715 
6661 3591 4679 7831 7830 
6662 4679 2790 6991 7831 
6663 7831 6991 2715 7828 
6664 7830 7831 7828 3505 
6665 2508 7565 7834 7833 
6666 7565 2916 4488 7834 
6667 7834 4488 3689 7832 
6668 7833 7834 7832 2917 
6669 2610 7835 7837 7060 
6670 7835 2527 7836 7837 
6671 7837 7836 3503 7762 
6672 7060 7837 7762 2681 
6673 2401 7838 7842 7841 
6674 7838 2550 7839 7842 
6675 7842 7839 2682 7840 
6676 7841 7842 7840 2611 
6677 93 5902 7844 92 
6678 5902 3075 5531 7844 
6679 7844 5531 3701 7843 
6680 92 7844 7843 91 
6681 3434 4942 7846 7283 
6682 4942 2846 6592 7846 
6683 7846 6592 2782 7845 
6684 7283 7846 7845 3667 
6685 2133 7847 7849 7724 
6686 7847 2202 7612 7849 
6687 7849 7612 2207 7848 
6688 7724 7849 7848 2171 
6689 2137 7453 7853 7852 
6690 7453 3471 7850 7853 
6691 7853 7850 2544 7851 
6692 7852 7853 7851 2118 
6693 2223 7320 7856 7330 
6694 7320 2222 7854 7856 
6695 7856 7854 2190 7855 
6696 7330 7856 7855 2211 
6697 2722 7541 7858 5938 
6698 7541 3497 7857 7858 
6699 7858 7857 2884 7295 
6700 5938 7858 7295 2721 
6701 2604 6536 7861 7860 
6702 6536 2325 7722 7861 
6703 7861 7722 2324 7859 
6704 7860 7861 7859 2323 
6705 2254 7186 7864 7863 
6706 7186 2218 7020 7864 
6707 7864 7020 2217 7862 
6708 7863 7864 7862 2253 
6709 2279 7865 7868 7867 
6710 7865 2231 7593 7868 
6711 7868 7593 2230 7866 
6712 7867 7868 7866 2278 
6713 3832 6382 7871 7870 
6714 6382 3804 7869 7871 
6715 7871 7869 3116 5764 
6716 7870 7871 5764 2102 
6717 2395 6902 7874 7716 
6718 6902 2393 7872 7874 
6719 7874 7872 2543 7873 
6720 7716 7874 7873 3491 
6721 3032 6976 7877 7876 
6722 6976 3035 7704 7877 
6723 7877 7704 3490 7875 
6724 7876 7877 7875 3052 
6725 665 7878 7881 666 
6726 7878 2164 7879 7881 
6727 7881 7879 2165 7880 
6728 666 7881 7880 21 
6729 2693 7672 7884 6284 
6730 7672 2694 7882 7884 
6731 7884 7882 3532 7883 
6732 6284 7884 7883 2890 
6733 807 806 7886 7815 
6734 806 805 7121 7886 
6735 7886 7121 2214 7885 
6736 7815 7886 7885 3537 
6737 2258 7887 7891 7890 
6738 7887 2306 7888 7891 
6739 7891 7888 2521 7889 
6740 7890 7891 7889 3511 
6741 2636 7669 7893 7818 
6742 7669 2693 6283 7893 
6743 7893 6283 3483 7892 
6744 7818 7893 7892 2505 
6745 2657 7281 7894 6079 
6746 7281 3555 6355 7894 
6747 7894 6355 825 824 
6748 6079 7894 824 823 
6749 2166 7895 7898 4733 
6750 7895 3968 7896 7898 
6751 7898 7896 3025 7897 
6752 4733 7898 7897 3862 
6753 2423 6419 7900 6688 
6754 6419 2631 6612 7900 
6755 7900 6612 3683 7899 
6756 6688 7900 7899 2421 
6757 3444 7901 7903 7209 
6758 7901 3088 7902 7903 
6759 7903 7902 3659 7482 
6760 7209 7903 7482 2711 
6761 3591 7830 7906 7905 
6762 7830 3505 7904 7906 
6763 7906 7904 2720 7297 
6764 7905 7906 7297 2739 
6765 2340 7779 7909 6708 
6766 7779 2341 7907 7909 
6767 7909 7907 3508 7908 
6768 6708 7909 7908 2447 
6769 2632 7910 7913 7912 
6770 7910 3686 4221 7913 
6771 7913 4221 3278 7911 
6772 7912 7913 7911 3971 
6773 2807 7914 7915 7194 
6774 7914 3508 7907 7915 
6775 7915 7907 2341 7513 
6776 7194 7915 7513 2558 
6777 2201 7916 7919 7918 
6778 7916 2255 7758 7919 
6779 7919 7758 2256 7917 
6780 7918 7919 7917 2240 
6781 2592 7920 7923 4454 
6782 7920 3587 7921 7923 
6783 7923 7921 3973 7922 
6784 4454 7923 7922 3176 
6785 2684 7924 7926 7925 
6786 7924 2214 7120 7926 
6787 7926 7120 2215 7646 
6788 7925 7926 7646 2250 
6789 2429 6636 7928 5218 
6790 6636 2427 7927 7928 
6791 7928 7927 3686 7910 
6792 5218 7928 7910 2632 
6793 2988 7618 7932 7931 
6794 7618 2987 7929 7932 
6795 7932 7929 3729 7930 
6796 7931 7932 7930 2989 
6797 464 7933 7936 463 
6798 7933 3579 7934 7936 
6799 7936 7934 2167 7935 
6800 463 7936 7935 462 
6801 3006 4025 7939 7938 
6802 4025 2948 4470 7939 
6803 7939 4470 2761 7937 
6804 7938 7939 7937 2771 
6805 2501 7940 7943 7942 
6806 7940 2305 7941 7943 
6807 7943 7941 2481 7567 
6808 7942 7943 7567 2500 
6809 2762 6897 7946 4469 
6810 6897 2581 7944 7946 
6811 7946 7944 2580 7945 
6812 4469 7946 7945 2761 
6813 2383 7947 7949 7948 
6814 7947 2376 7823 7949 
6815 7949 7823 2505 7892 
6816 7948 7949 7892 3483 
6817 3271 6434 7951 6227 
6818 6434 3272 4407 7951 
6819 7951 4407 3639 7950 
6820 6227 7951 7950 3270 
6821 2371 7523 7953 7421 
6822 7523 2322 7952 7953 
6823 7953 7952 3534 6377 
6824 7421 7953 6377 2566 
6825 2369 7425 7956 7527 
6826 7425 2568 7954 7956 
6827 7956 7954 3535 7955 
6828 7527 7956 7955 2326 
6829 661 660 7960 7959 
6830 660 20 7957 7960 
6831 7960 7957 2163 7958 
6832 7959 7960 7958 2162 
6833 2594 7474 7963 7962 
6834 7474 2503 7961 7963 
6835 7963 7961 3518 4430 
6836 7962 7963 4430 2795 
6837 2518 4431 7965 6999 
6838 4431 3518 7964 7965 
6839 7965 7964 2311 7306 
6840 6999 7965 7306 2313 
6841 2427 6638 7968 6808 
6842 6638 2428 7966 7968 
6843 7968 7966 3558 7967 
6844 6808 7968 7967 2420 
6845 2581 5549 7970 7944 
6846 5549 2501 7942 7970 
6847 7970 7942 2500 7969 
6848 7944 7970 7969 2580 
6849 3468 7971 7975 7974 
6850 7971 3644 7972 7975 
6851 7975 7972 3599 7973 
6852 7974 7975 7973 2575 
6853 99 5825 7978 98 
6854 5825 2103 7976 7978 
6855 7978 7976 3907 7977 
6856 98 7978 7977 97 
6857 2364 7499 7979 6676 
6858 7499 2574 4513 7979 
6859 7979 4513 3549 7332 
6860 6676 7979 7332 2362 
6861 2438 7980 7982 6939 
6862 7980 3530 7981 7982 
6863 7982 7981 3587 7920 
6864 6939 7982 7920 2592 
6865 2438 6938 7986 7985 
6866 6938 2439 7983 7986 
6867 7986 7983 3502 7984 
6868 7985 7986 7984 2437 
6869 2249 7535 7989 7988 
6870 7535 2303 7987 7989 
6871 7989 7987 3527 4724 
6872 7988 7989 4724 2304 
6873 3228 7802 7991 4160 
6874 7802 3516 7990 7991 
6875 7991 7990 2192 7477 
6876 4160 7991 7477 2193 
6877 235 236 7993 7113 
6878 236 237 7992 7993 
6879 7993 7992 3944 6844 
6880 7113 7993 6844 2104 
6881 3420 7994 7998 7997 
6882 7994 3882 7995 7998 
6883 7998 7995 2957 7996 
6884 7997 7998 7996 3956 
6885 2822 7341 8001 8000 
6886 7341 2298 7647 8001 
6887 8001 7647 2215 7999 
6888 8000 8001 7999 3484 
6889 2962 8002 8004 7792 
6890 8002 2769 8003 8004 
6891 8004 8003 3572 4482 
6892 7792 8004 4482 2963 
6893 2310 7140 8006 8005 
6894 7140 2311 7964 8006 
6895 8006 7964 3518 7961 
6896 8005 8006 7961 2503 
6897 3691 8007 8011 8010 
6898 8007 3722 8008 8011 
6899 8011 8008 3436 8009 
6900 8010 8011 8009 3303 
6901 2377 8012 8014 7343 
6902 8012 2299 8013 8014 
6903 8014 8013 2251 7644 
6904 7343 8014 7644 2298 
6905 3453 8015 8018 5661 
6906 8015 2624 8016 8018 
6907 8018 8016 3786 8017 
6908 5661 8018 8017 3117 
6909 3308 7257 8020 8019 
6910 7257 3635 6430 8020 
6911 8020 6430 3315 5731 
6912 8019 8020 5731 3307 
6913 3046 5932 8022 5675 
6914 5932 3141 4129 8022 
6915 8022 4129 3846 8021 
6916 5675 8022 8021 3062 
6917 2719 6851 8023 6427 
6918 6851 2720 7904 8023 
6919 8023 7904 3505 7827 
6920 6427 8023 7827 2717 
6921 3024 7616 8025 4707 
6922 7616 2843 8024 8025 
6923 8025 8024 3775 7638 
6924 4707 8025 7638 3520 
6925 2560 7233 8028 7155 
6926 7233 2559 8026 8028 
6927 8028 8026 3512 8027 
6928 7155 8028 8027 2642 
6929 3693 8029 8032 4213 
6930 8029 2690 8030 8032 
6931 8032 8030 2687 8031 
6932 4213 8032 8031 2548 
6933 3077 8033 8036 8035 
6934 8033 2927 4448 8036 
6935 8036 4448 2865 8034 
6936 8035 8036 8034 2690 
6937 2704 8037 8039 5677 
6938 8037 2908 4254 8039 
6939 8039 4254 3750 8038 
6940 5677 8039 8038 2837 
6941 2138 8040 8042 6801 
6942 8040 2137 7852 8042 
6943 8042 7852 2118 8041 
6944 6801 8042 8041 2119 
6945 704 8043 8046 705 
6946 8043 2502 8044 8046 
6947 8046 8044 3463 8045 
6948 705 8046 8045 706 
6949 2491 8047 8049 6412 
6950 8047 2587 5314 8049 
6951 8049 5314 3652 8048 
6952 6412 8049 8048 2489 
6953 2130 8050 8054 8053 
6954 8050 2124 8051 8054 
6955 8054 8051 3479 8052 
6956 8053 8054 8052 2154 
6957 2519 6969 8057 8056 
6958 6969 3815 4449 8057 
6959 8057 4449 2927 8055 
6960 8056 8057 8055 3852 
6961 2191 8058 8060 4596 
6962 8058 2190 7854 8060 
6963 8060 7854 2222 8059 
6964 4596 8060 8059 3517 
6965 2210 8061 8062 7782 
6966 8061 2192 7990 8062 
6967 8062 7990 3516 7680 
6968 7782 8062 7680 2224 
6969 2972 7745 8064 8063 
6970 7745 3503 7836 8064 
6971 8064 7836 2527 7573 
6972 8063 8064 7573 2713 
6973 2473 8065 8067 6479 
6974 8065 2578 5010 8067 
6975 8067 5010 3646 8066 
6976 6479 8067 8066 2471 
6977 2437 7776 8069 7985 
6978 7776 2378 8068 8069 
6979 8069 8068 3530 7980 
6980 7985 8069 7980 2438 
6981 2795 4862 8070 7962 
6982 4862 3513 7728 8070 
6983 8070 7728 2774 7399 
6984 7962 8070 7399 2594 
6985 2400 8071 8073 7497 
6986 8071 2401 8072 8073 
6987 8073 8072 3993 5920 
6988 7497 8073 5920 2295 
6989 2726 7395 8076 7165 
6990 7395 3481 8074 8076 
6991 8076 8074 3575 8075 
6992 7165 8076 8075 2735 
6993 16 8077 8079 572 
6994 8077 2203 8078 8079 
6995 8079 8078 3078 6497 
6996 572 8079 6497 571 
6997 3604 6701 8081 4869 
6998 6701 2108 8080 8081 
6999 8081 8080 2118 7851 
7000 4869 8081 7851 2544 
7001 2453 6501 8085 8084 
7002 6501 2451 8082 8085 
7003 8085 8082 2571 8083 
7004 8084 8085 8083 3570 
7005 2134 8086 8089 7726 
7006 8086 2117 8087 8089 
7007 8089 8087 2116 8088 
7008 7726 8089 8088 2133 
7009 2787 7628 8090 6893 
7010 7628 2542 7777 8090 
7011 8090 7777 2437 7984 
7012 6893 8090 7984 3502 
7013 2479 5163 8093 8092 
7014 5163 3010 4606 8093 
7015 8093 4606 3009 8091 
7016 8092 8093 8091 3731 
7017 2833 7362 8096 8095 
7018 7362 2834 8094 8096 
7019 8096 8094 3622 4061 
7020 8095 8096 4061 2924 
7021 2647 7171 8099 7674 
7022 7171 2679 8097 8099 
7023 8099 8097 3578 8098 
7024 7674 8099 8098 3482 
7025 2131 7694 8103 8102 
7026 7694 2155 8100 8103 
7027 8103 8100 3480 8101 
7028 8102 8103 8101 2126 
7029 2541 7435 8104 7027 
7030 7435 2386 6364 8104 
7031 8104 6364 2263 5816 
7032 7027 8104 5816 3531 
7033 2744 6399 8107 8106 
7034 6399 2848 8105 8107 
7035 8107 8105 3787 4338 
7036 8106 8107 4338 2898 
7037 3742 8108 8111 8110 
7038 8108 2564 7197 8111 
7039 8111 7197 3514 8109 
7040 8110 8111 8109 3700 
7041 2256 7757 8115 8114 
7042 7757 2355 8112 8115 
7043 8115 8112 2572 8113 
7044 8114 8115 8113 2365 
7045 2981 6335 8117 6783 
7046 6335 2980 7747 8117 
7047 8117 7747 3564 8116 
7048 6783 8117 8116 2982 
7049 2614 6010 8118 7339 
7050 6010 3527 7987 8118 
7051 8118 7987 2303 7548 
7052 7339 8118 7548 2478 
7053 3738 6662 8121 8120 
7054 6662 3538 7236 8121 
7055 8121 7236 3929 8119 
7056 8120 8121 8119 3002 
7057 319 320 8123 6242 
7058 320 321 8122 8123 
7059 8123 8122 3577 6877 
7060 6242 8123 6877 2531 
7061 2691 4973 8125 8124 
7062 4973 2637 7358 8125 
7063 8125 7358 3432 6905 
7064 8124 8125 6905 2798 
7065 2731 6982 8127 7653 
7066 6982 2778 8126 8127 
7067 8127 8126 3575 8074 
7068 7653 8127 8074 3481 
7069 2321 6772 8130 7718 
7070 6772 2319 8128 8130 
7071 8130 8128 2301 8129 
7072 7718 8130 8129 2320 
7073 3907 7976 8133 5060 
7074 7976 2103 8131 8133 
7075 8133 8131 3914 8132 
7076 5060 8133 8132 2998 
7077 2695 7732 8135 7671 
7078 7732 2775 8134 8135 
7079 8135 8134 3532 7882 
7080 7671 8135 7882 2694 
7081 2324 8136 8138 7859 
7082 8136 2282 6996 8138 
7083 8138 6996 2302 8137 
7084 7859 8138 8137 2323 
7085 3422 8139 8142 8141 
7086 8139 2300 8140 8142 
7087 8142 8140 2301 8128 
7088 8141 8142 8128 2319 
7089 3446 8143 8145 7752 
7090 8143 3593 8144 8145 
7091 8145 8144 2253 7862 
7092 7752 8145 7862 2217 
7093 2840 8146 8149 8148 
7094 8146 2841 8147 8149 
7095 8149 8147 3582 7031 
7096 8148 8149 7031 2838 
7097 2829 4816 8151 6768 
7098 4816 3542 8150 8151 
7099 8151 8150 2433 7602 
7100 6768 8151 7602 2597 
7101 3609 8152 8154 6928 
7102 8152 3589 7598 8154 
7103 8154 7598 3633 8153 
7104 6928 8154 8153 3323 
7105 2233 6994 8157 7586 
7106 6994 2281 8155 8157 
7107 8157 8155 2283 8156 
7108 7586 8157 8156 2232 
7109 2652 7675 8159 7133 
7110 7675 3482 8098 8159 
7111 8159 8098 3578 8158 
7112 7133 8159 8158 2780 
7113 2928 8160 8163 8162 
7114 8160 2840 8161 8163 
7115 8163 8161 3750 7184 
7116 8162 8163 7184 3001 
7117 2152 7710 8166 8165 
7118 7710 2216 8164 8166 
7119 8166 8164 3526 4016 
7120 8165 8166 4016 2586 
7121 2304 4189 8167 7988 
7122 4189 3526 8164 8167 
7123 8167 8164 2216 7558 
7124 7988 8167 7558 2249 
7125 2527 7835 8170 7574 
7126 7835 2610 8168 8170 
7127 8170 8168 3541 8169 
7128 7574 8170 8169 2356 
7129 2815 8171 8174 8173 
7130 8171 2883 4811 8174 
7131 8174 4811 3793 8172 
7132 8173 8174 8172 2814 
7133 779 778 8177 8176 
7134 778 777 8175 8177 
7135 8177 8175 3758 4770 
7136 8176 8177 4770 2121 
7137 3317 7660 8179 6432 
7138 7660 3612 8178 8179 
7139 8179 8178 3319 6515 
7140 6432 8179 6515 3316 
7141 2137 8040 8182 7454 
7142 8040 2138 8180 8182 
7143 8182 8180 3529 8181 
7144 7454 8182 8181 2176 
7145 2357 6558 8184 6440 
7146 6558 3268 4888 8184 
7147 8184 4888 3719 8183 
7148 6440 8184 8183 3415 
7149 625 5772 8185 626 
7150 5772 3325 5254 8185 
7151 8185 5254 3601 6576 
7152 626 8185 6576 627 
7153 2352 8186 8190 8189 
7154 8186 3600 8187 8190 
7155 8190 8187 3920 8188 
7156 8189 8190 8188 2763 
7157 3694 8191 8194 4809 
7158 8191 3077 8192 8194 
7159 8194 8192 3952 8193 
7160 4809 8194 8193 2895 
7161 2231 7865 8197 8196 
7162 7865 2279 8195 8197 
7163 8197 8195 2301 8140 
7164 8196 8197 8140 2300 
7165 489 488 8198 5869 
7166 488 487 6287 8198 
7167 8198 6287 3614 5337 
7168 5869 8198 5337 3273 
7169 2297 7462 8200 7759 
7170 7462 2356 8169 8200 
7171 8200 8169 3541 8199 
7172 7759 8200 8199 2355 
7173 3595 4273 8203 4167 
7174 4273 2813 8201 8203 
7175 8203 8201 2573 8202 
7176 4167 8203 8202 2812 
7177 3189 8204 8208 8207 
7178 8204 3642 8205 8208 
7179 8208 8205 3235 8206 
7180 8207 8208 8206 3796 
7181 2808 7193 8211 7432 
7182 7193 2661 8209 8211 
7183 8211 8209 3540 8210 
7184 7432 8211 8210 2809 
7185 2573 8201 8214 8213 
7186 8201 2813 8212 8214 
7187 8214 8212 2815 8173 
7188 8213 8214 8173 2814 
7189 3468 8215 8217 7971 
7190 8215 3196 6410 8217 
7191 8217 6410 3194 8216 
7192 7971 8217 8216 3644 
7193 3394 7430 8221 8220 
7194 7430 3658 8218 8221 
7195 8221 8218 3540 8219 
7196 8220 8221 8219 2902 
7197 3321 5271 8223 6927 
7198 5271 3319 8178 8223 
7199 8223 8178 3612 8222 
7200 6927 8223 8222 3609 
7201 2559 7232 8227 8226 
7202 7232 2516 8224 8227 
7203 8227 8224 3607 8225 
7204 8226 8227 8225 2671 
7205 2107 8228 8232 8231 
7206 8228 2117 8229 8232 
7207 8232 8229 3554 8230 
7208 8231 8232 8230 2710 
7209 3558 7661 8234 7967 
7210 7661 3650 8233 8234 
7211 8234 8233 2418 6809 
7212 7967 8234 6809 2420 
7213 3787 8235 8237 4339 
7214 8235 3370 4957 8237 
7215 8237 4957 3824 8236 
7216 4339 8237 8236 2151 
7217 3088 7028 8238 7902 
7218 7028 3531 5815 8238 
7219 8238 5815 3100 7100 
7220 7902 8238 7100 3659 
7221 3778 8239 8241 4242 
7222 8239 3608 8240 8241 
7223 8241 8240 2496 6022 
7224 4242 8241 6022 3127 
7225 2243 8242 8244 4356 
7226 8242 2244 8243 8244 
7227 8244 8243 3542 4815 
7228 4356 8244 4815 2309 
7229 2409 6949 8247 8246 
7230 6949 2407 8245 8247 
7231 8247 8245 3657 7345 
7232 8246 8247 7345 2576 
7233 2773 7274 8250 8249 
7234 7274 2655 8248 8250 
7235 8250 8248 3588 4120 
7236 8249 8250 4120 2887 
7237 2270 7390 8253 7253 
7238 7390 2629 8251 8253 
7239 8253 8251 3631 8252 
7240 7253 8253 8252 2234 
7241 2443 8254 8256 6907 
7242 8254 2575 7973 8256 
7243 8256 7973 3599 8255 
7244 6907 8256 8255 2441 
7245 2504 6623 8258 7820 
7246 6623 3474 4672 8258 
7247 8258 4672 3775 8257 
7248 7820 8258 8257 2635 
7249 3278 4220 8260 8259 
7250 4220 3627 7168 8260 
7251 8260 7168 3328 5766 
7252 8259 8260 5766 3276 
7253 2945 7376 8262 7754 
7254 7376 2959 8261 8262 
7255 8262 8261 3636 7561 
7256 7754 8262 7561 2960 
7257 2661 7571 8264 8209 
7258 7571 2660 8263 8264 
7259 8264 8263 2902 8219 
7260 8209 8264 8219 3540 
7261 2977 8265 8266 5754 
7262 8265 3735 4631 8266 
7263 8266 4631 2553 5759 
7264 5754 8266 5759 3114 
7265 3352 8267 8269 5552 
7266 8267 3510 8268 8269 
7267 8269 8268 2305 7940 
7268 5552 8269 7940 2501 
7269 372 5068 8271 371 
7270 5068 2159 8270 8271 
7271 8271 8270 3723 5092 
7272 371 8271 5092 370 
7273 3033 7064 8274 6466 
7274 7064 3031 8272 8274 
7275 8274 8272 3602 8273 
7276 6466 8274 8273 3056 
7277 2322 7719 8277 7952 
7278 7719 2320 8275 8277 
7279 8277 8275 2463 8276 
7280 7952 8277 8276 3534 
7281 2326 7955 8280 7721 
7282 7955 3535 8278 8280 
7283 8280 8278 2462 8279 
7284 7721 8280 8279 2324 
7285 3313 6986 8283 8282 
7286 6986 3834 8281 8283 
7287 8283 8281 2296 7786 
7288 8282 8283 7786 2316 
7289 656 8284 8285 657 
7290 8284 2526 4585 8285 
7291 8285 4585 3918 4152 
7292 657 8285 4152 658 
7293 2267 7596 8288 7190 
7294 7596 2327 8286 8288 
7295 8288 8286 3545 8287 
7296 7190 8288 8287 2268 
7297 2299 8012 8291 8290 
7298 8012 2377 8289 8291 
7299 8291 8289 3530 8068 
7300 8290 8291 8068 2378 
7301 3191 8292 8295 7014 
7302 8292 3707 8293 8295 
7303 8295 8293 3847 8294 
7304 7014 8295 8294 3470 
7305 2953 7733 8298 8297 
7306 7733 2695 7670 8298 
7307 8298 7670 2636 8296 
7308 8297 8298 8296 3536 
7309 2852 6914 8301 8300 
7310 6914 3799 8299 8301 
7311 8301 8299 2706 6239 
7312 8300 8301 6239 3076 
7313 2593 4132 8303 6185 
7314 4132 3207 8302 8303 
7315 8303 8302 3649 4171 
7316 6185 8303 4171 3211 
7317 3311 4084 8304 5926 
7318 4084 3585 6565 8304 
7319 8304 6565 227 228 
7320 5926 8304 228 229 
7321 3312 5665 8305 4118 
7322 5665 105 106 8305 
7323 8305 106 107 6567 
7324 4118 8305 6567 3586 
7325 2888 4082 8308 8307 
7326 4082 3583 8306 8308 
7327 8308 8306 2767 7088 
7328 8307 8308 7088 2656 
7329 2296 8309 8310 7784 
7330 8309 2433 8150 8310 
7331 8310 8150 3542 8243 
7332 7784 8310 8243 2244 
7333 2761 7945 8313 7937 
7334 7945 2580 8311 8313 
7335 8313 8311 3566 8312 
7336 7937 8313 8312 2771 
7337 2970 5356 8315 4287 
7338 5356 458 459 8315 
7339 8315 459 460 8314 
7340 4287 8315 8314 3978 
7341 2139 7228 8317 6800 
7342 7228 2152 8316 8317 
7343 8317 8316 3529 8180 
7344 6800 8317 8180 2138 
7345 2428 6637 8320 8319 
7346 6637 2430 7599 8320 
7347 8320 7599 3589 8318 
7348 8319 8320 8318 2563 
7349 3871 8321 8325 8324 
7350 8321 3467 8322 8325 
7351 8325 8322 3906 8323 
7352 8324 8325 8323 3761 
7353 3361 5561 8327 6195 
7354 5561 3363 4637 8327 
7355 8327 4637 3768 8326 
7356 6195 8327 8326 3362 
7357 2253 8328 8330 7863 
7358 8328 2305 8268 8330 
7359 8330 8268 3510 8329 
7360 7863 8330 8329 2254 
7361 2878 8331 8334 5489 
7362 8331 2879 8332 8334 
7363 8334 8332 3714 8333 
7364 5489 8334 8333 2880 
7365 3279 6669 8336 5830 
7366 6669 3280 8335 8336 
7367 8336 8335 3807 4236 
7368 5830 8336 4236 2186 
7369 2864 8337 8340 8339 
7370 8337 3658 7429 8340 
7371 8340 7429 2197 8338 
7372 8339 8340 8338 3698 
7373 3948 8341 8343 8342 
7374 8341 2353 5579 8343 
7375 8343 5579 2899 7440 
7376 8342 8343 7440 3466 
7377 3949 8344 8347 8346 
7378 8344 3465 7464 8347 
7379 8347 7464 2900 8345 
7380 8346 8347 8345 3947 
7381 2960 7563 8349 7755 
7382 7563 260 261 8349 
7383 8349 261 262 8348 
7384 7755 8349 8348 3811 
7385 3517 8350 8351 4597 
7386 8350 3642 8204 8351 
7387 8351 8204 3189 6631 
7388 4597 8351 6631 3187 
7389 2451 6519 8354 8082 
7390 6519 2449 8352 8354 
7391 8354 8352 3703 8353 
7392 8082 8354 8353 2571 
7393 3356 6348 8356 6181 
7394 6348 3357 4378 8356 
7395 8356 4378 3800 8355 
7396 6181 8356 8355 3354 
7397 2618 8357 8360 8359 
7398 8357 3543 8358 8360 
7399 8360 8358 2686 7689 
7400 8359 8360 7689 2554 
7401 2842 8361 8363 8362 
7402 8361 3536 8296 8363 
7403 8363 8296 2636 7821 
7404 8362 8363 7821 2635 
7405 2376 8364 8367 7824 
7406 8364 2375 8365 8367 
7407 8367 8365 2306 8366 
7408 7824 8367 8366 2307 
7409 2991 8368 8370 7144 
7410 8368 3580 8369 8370 
7411 8370 8369 2540 7621 
7412 7144 8370 7621 2680 
7413 3623 8371 8373 5986 
7414 8371 3473 8372 8373 
7415 8373 8372 3646 5009 
7416 5986 8373 5009 3406 
7417 2202 8374 8376 7610 
7418 8374 2545 4764 8376 
7419 8376 4764 3711 8375 
7420 7610 8376 8375 2208 
7421 2400 7496 8380 8379 
7422 7496 2294 8377 8380 
7423 8380 8377 3562 8378 
7424 8379 8380 8378 2435 
7425 3305 6161 8382 5964 
7426 6161 2187 4234 8382 
7427 8382 4234 3806 8381 
7428 5964 8382 8381 3306 
7429 3685 8383 8385 7812 
7430 8383 2800 6747 8385 
7431 8385 6747 2801 8384 
7432 7812 8385 8384 2862 
7433 2628 6887 8387 6645 
7434 6887 2802 4948 8387 
7435 8387 4948 3676 8386 
7436 6645 8387 8386 2803 
7437 3368 6112 8389 6346 
7438 6112 3366 8388 8389 
7439 8389 8388 3802 4410 
7440 6346 8389 4410 3369 
7441 2769 6562 8390 8003 
7442 6562 2767 8306 8390 
7443 8390 8306 3583 4208 
7444 8003 8390 4208 3572 
7445 2583 6304 8392 7273 
7446 6304 2764 8391 8392 
7447 8392 8391 3588 8248 
7448 7273 8392 8248 2655 
7449 2481 8393 8395 7568 
7450 8393 3593 8394 8395 
7451 8395 8394 3672 4485 
7452 7568 8395 4485 2916 
7453 3384 8396 8398 5584 
7454 8396 3385 8397 8398 
7455 8398 8397 3727 6853 
7456 5584 8398 6853 3381 
7457 3827 8399 8402 7351 
7458 8399 3562 8400 8402 
7459 8402 8400 2245 8401 
7460 7351 8402 8401 2247 
7461 3963 8403 8406 8405 
7462 8403 3421 8404 8406 
7463 8406 8404 3903 5035 
7464 8405 8406 5035 3019 
7465 2850 8407 8410 8409 
7466 8407 2547 8408 8410 
7467 8410 8408 2548 8031 
7468 8409 8410 8031 2687 
7469 2849 8411 8414 8413 
7470 8411 2198 8412 8414 
7471 8414 8412 2165 7879 
7472 8413 8414 7879 2164 
7473 2910 8415 8419 8418 
7474 8415 2666 8416 8419 
7475 8419 8416 2285 8417 
7476 8418 8419 8417 2667 
7477 2222 7319 8421 8059 
7478 7319 2366 8420 8421 
7479 8421 8420 3642 8350 
7480 8059 8421 8350 3517 
7481 2485 6416 8425 8424 
7482 6416 2483 8422 8425 
7483 8425 8422 3722 8423 
7484 8424 8425 8423 2588 
7485 476 477 8427 5971 
7486 477 478 8426 8427 
7487 8427 8426 3867 6597 
7488 5971 8427 6597 2336 
7489 643 642 8428 5692 
7490 642 641 6702 8428 
7491 8428 6702 3604 4868 
7492 5692 8428 4868 3113 
7493 3223 4156 8430 5655 
7494 4156 3224 8429 8430 
7495 8430 8429 3615 6781 
7496 5655 8430 6781 3059 
7497 2461 8431 8435 8434 
7498 8431 2384 8432 8435 
7499 8435 8432 2289 8433 
7500 8434 8435 8433 2352 
7501 3265 8436 8439 8438 
7502 8436 2826 6320 8439 
7503 8439 6320 3331 8437 
7504 8438 8439 8437 3955 
7505 2407 6948 8441 8440 
7506 6948 2408 7379 8441 
7507 8441 7379 3598 7489 
7508 8440 8441 7489 2406 
7509 2240 8442 8445 7918 
7510 8442 2239 8443 8445 
7511 8445 8443 2200 8444 
7512 7918 8445 8444 2201 
7513 2116 8446 8448 8088 
7514 8446 3539 8447 8448 
7515 8448 8447 2202 7847 
7516 8088 8448 7847 2133 
7517 2682 7839 8452 8451 
7518 7839 2550 8449 8452 
7519 8452 8449 3567 8450 
7520 8451 8452 8450 2683 
7521 2201 8444 8455 8454 
7522 8444 2200 8453 8455 
7523 8455 8453 2162 7958 
7524 8454 8455 7958 2163 
7525 2268 8287 8456 7712 
7526 8287 3545 7582 8456 
7527 8456 7582 2511 7511 
7528 7712 8456 7511 2287 
7529 827 7287 8457 828 
7530 7287 3261 4804 8457 
7531 8457 4804 3617 6965 
7532 828 8457 6965 829 
7533 2917 7577 8460 7833 
7534 7577 2918 8458 8460 
7535 8460 8458 3566 8459 
7536 7833 8460 8459 2508 
7537 2199 8461 8465 8464 
7538 8461 2237 8462 8465 
7539 8465 8462 2289 8463 
7540 8464 8465 8463 2238 
7541 3601 4218 8468 6577 
7542 4218 2534 8466 8468 
7543 8468 8466 2124 8467 
7544 6577 8468 8467 2113 
7545 3614 6286 8471 4112 
7546 6286 2111 8469 8471 
7547 8471 8469 2126 8470 
7548 4112 8471 8470 2533 
7549 636 635 8475 8474 
7550 635 634 8472 8475 
7551 8475 8472 2101 8473 
7552 8474 8475 8473 3546 
7553 3502 8476 8478 6894 
7554 8476 3599 7972 8478 
7555 8478 7972 3644 8477 
7556 6894 8478 8477 3193 
7557 3373 5598 8480 6117 
7558 5598 3374 8479 8480 
7559 8480 8479 3790 4591 
7560 6117 8480 4591 3375 
7561 3617 4404 8482 6966 
7562 4404 3539 8446 8482 
7563 8482 8446 2116 8481 
7564 6966 8482 8481 2106 
7565 663 662 8485 8484 
7566 662 661 7959 8485 
7567 8485 7959 2162 8483 
7568 8484 8485 8483 3488 
7569 3452 5776 8486 7402 
7570 5776 3235 8205 8486 
7571 8486 8205 3642 8420 
7572 7402 8486 8420 2366 
7573 3859 8487 8491 8490 
7574 8487 3725 8488 8491 
7575 8491 8488 2893 8489 
7576 8490 8491 8489 3887 
7577 2847 6397 8495 8494 
7578 6397 2743 8492 8495 
7579 8495 8492 3791 8493 
7580 8494 8495 8493 2897 
7581 2539 6762 8498 8497 
7582 6762 3565 8496 8498 
7583 8498 8496 2291 7701 
7584 8497 8498 7701 2537 
7585 665 664 8501 8500 
7586 664 663 8484 8501 
7587 8501 8484 3488 8499 
7588 8500 8501 8499 3489 
7589 3028 7300 8502 6491 
7590 7300 3029 7065 8502 
7591 8502 7065 3581 4864 
7592 6491 8502 4864 3027 
7593 2943 8503 8505 4166 
7594 8503 2611 8504 8505 
7595 8505 8504 2856 4274 
7596 4166 8505 4274 3595 
7597 752 8506 8509 753 
7598 8506 2506 8507 8509 
7599 8509 8507 3498 8508 
7600 753 8509 8508 754 
7601 2745 8510 8512 7805 
7602 8510 2821 4796 8512 
7603 8512 4796 3553 8511 
7604 7805 8512 8511 2665 
7605 2496 8513 8516 6023 
7606 8513 2663 8514 8516 
7607 8516 8514 3688 8515 
7608 6023 8516 8515 2445 
7609 838 837 8520 8519 
7610 837 836 8517 8520 
7611 8520 8517 2100 8518 
7612 8519 8520 8518 3552 
7613 2190 8521 8523 7855 
7614 8521 2154 8052 8523 
7615 8523 8052 3479 8522 
7616 7855 8523 8522 2211 
7617 3645 8524 8528 8527 
7618 8524 3751 8525 8528 
7619 8528 8525 2602 8526 
7620 8527 8528 8526 3596 
7621 3307 5965 8531 8019 
7622 5965 3306 8529 8531 
7623 8531 8529 3754 8530 
7624 8019 8531 8530 3308 
7625 3005 4521 8534 8533 
7626 4521 2709 8532 8534 
7627 8534 8532 3878 4685 
7628 8533 8534 4685 3200 
7629 2192 8061 8536 7478 
7630 8061 2210 8535 8536 
7631 8536 8535 3480 8100 
7632 7478 8536 8100 2155 
7633 2467 6477 8539 6732 
7634 6477 2465 8537 8539 
7635 8539 8537 3748 8538 
7636 6732 8539 8538 2579 
7637 2920 8540 8542 8541 
7638 8540 3400 6353 8542 
7639 8542 6353 2241 5535 
7640 8541 8542 5535 3643 
7641 293 6083 8545 292 
7642 6083 2343 8543 8545 
7643 8545 8543 3913 8544 
7644 292 8545 8544 291 
7645 2435 8546 8550 8549 
7646 8546 3809 8547 8550 
7647 8550 8547 3435 8548 
7648 8549 8550 8548 3745 
7649 2173 4381 8551 7658 
7650 4381 3554 8229 8551 
7651 8551 8229 2117 8086 
7652 7658 8551 8086 2134 
7653 2175 8552 8554 7657 
7654 8552 2219 8553 8554 
7655 8554 8553 3946 4382 
7656 7657 8554 4382 2173 
7657 2258 8555 8556 7887 
7658 8555 2259 6625 8556 
7659 8556 6625 2307 8366 
7660 7887 8556 8366 2306 
7661 3451 8557 8560 6302 
7662 8557 3663 8558 8560 
7663 8560 8558 3854 8559 
7664 6302 8560 8559 2765 
7665 2589 6448 8562 5742 
7666 6448 3152 8561 8562 
7667 8562 8561 3986 4721 
7668 5742 8562 4721 3151 
7669 2117 8228 8563 8087 
7670 8228 2107 4898 8563 
7671 8563 4898 2106 8481 
7672 8087 8563 8481 2116 
7673 505 504 8566 8565 
7674 504 503 8564 8566 
7675 8566 8564 3762 4882 
7676 8565 8566 4882 2145 
7677 2271 8567 8569 7252 
7678 8567 3548 8568 8569 
7679 8569 8568 2630 7391 
7680 7252 8569 7391 2270 
7681 2746 6012 8572 6120 
7682 6012 2703 8570 8572 
7683 8572 8570 3603 8571 
7684 6120 8572 8571 2747 
7685 2344 7634 8573 6339 
7686 7634 2290 7532 8573 
7687 8573 7532 3857 4581 
7688 6339 8573 4581 3418 
7689 3052 8574 8575 7876 
7690 8574 3602 8272 8575 
7691 8575 8272 3031 7302 
7692 7876 8575 7302 3032 
7693 3502 7983 8576 8476 
7694 7983 2439 7103 8576 
7695 8576 7103 2441 8255 
7696 8476 8576 8255 3599 
7697 2271 7633 8578 8577 
7698 7633 2291 8496 8578 
7699 8578 8496 3565 5097 
7700 8577 8578 5097 2338 
7701 3099 7200 8580 7101 
7702 7200 2260 7141 8580 
7703 8580 7141 2310 8579 
7704 7101 8580 8579 3605 
7705 2610 7062 8582 8168 
7706 7062 2804 4292 8582 
7707 8582 4292 3640 8581 
7708 8168 8582 8581 3541 
7709 2246 7311 8583 7495 
7710 7311 2245 8400 8583 
7711 8583 8400 3562 8377 
7712 7495 8583 8377 2294 
7713 2199 8464 8586 8585 
7714 8464 2238 8584 8586 
7715 8586 8584 2259 8555 
7716 8585 8586 8555 2258 
7717 2119 8041 8588 8587 
7718 8041 2118 8080 8588 
7719 8588 8080 2108 4751 
7720 8587 8588 4751 2109 
7721 3821 8589 8592 4051 
7722 8589 2885 8590 8592 
7723 8592 8590 3739 8591 
7724 4051 8592 8591 3740 
7725 2704 6095 8595 8037 
7726 6095 3217 8593 8595 
7727 8595 8593 3816 8594 
7728 8037 8595 8594 2908 
7729 3477 7071 8598 8597 
7730 7071 2147 4845 8598 
7731 8598 4845 3873 8596 
7732 8597 8598 8596 3792 
7733 3476 8599 8601 7075 
7734 8599 3791 8600 8601 
7735 8601 8600 3872 4849 
7736 7075 8601 4849 2146 
7737 2378 7775 8603 8290 
7738 7775 2436 6715 8603 
7739 8603 6715 3561 8602 
7740 8290 8603 8602 2299 
7741 521 7076 8605 522 
7742 7076 2146 4848 8605 
7743 8605 4848 3829 8604 
7744 522 8605 8604 523 
7745 593 592 8607 7070 
7746 592 591 8606 8607 
7747 8607 8606 3830 4846 
7748 7070 8607 4846 2147 
7749 3881 8608 8611 8610 
7750 8608 2740 8609 8611 
7751 8611 8609 3889 4713 
7752 8610 8611 4713 3260 
7753 2240 7917 8614 8613 
7754 7917 2256 8114 8614 
7755 8614 8114 2365 8612 
7756 8613 8614 8612 3559 
7757 617 616 8617 8616 
7758 616 615 8615 8617 
7759 8617 8615 3784 4961 
7760 8616 8617 4961 2143 
7761 2305 8328 8618 7941 
7762 8328 2253 8144 8618 
7763 8618 8144 3593 8393 
7764 7941 8618 8393 2481 
7765 3340 5286 8619 6317 
7766 5286 3620 7664 8619 
7767 8619 7664 3153 5813 
7768 6317 8619 5813 3336 
7769 2130 8620 8621 8050 
7770 8620 2114 4546 8621 
7771 8621 4546 2113 8467 
7772 8050 8621 8467 2124 
7773 2131 8102 8623 8622 
7774 8102 2126 8469 8623 
7775 8623 8469 2111 4542 
7776 8622 8623 4542 2112 
7777 515 8624 8626 516 
7778 8624 2150 4324 8626 
7779 8626 4324 3797 8625 
7780 516 8626 8625 517 
7781 599 598 8629 8628 
7782 598 597 8627 8629 
7783 8629 8627 3798 4340 
7784 8628 8629 4340 2151 
7785 3845 8630 8632 8631 
7786 8630 3551 4820 8632 
7787 8632 4820 3014 5418 
7788 8631 8632 5418 3705 
7789 3844 8633 8635 8634 
7790 8633 3704 5426 8635 
7791 8635 5426 3020 7094 
7792 8634 8635 7094 3017 
7793 3506 8636 8639 7791 
7794 8636 3443 8637 8639 
7795 8639 8637 3933 8638 
7796 7791 8639 8638 2962 
7797 617 8616 8642 6379 
7798 8616 2143 8640 8642 
7799 8642 8640 3953 8641 
7800 6379 8642 8641 3414 
7801 511 510 8645 8644 
7802 510 509 8643 8645 
7803 8645 8643 3794 6402 
7804 8644 8645 6402 2148 
7805 611 610 8648 8647 
7806 610 609 8646 8648 
7807 8648 8646 3795 4593 
7808 8647 8648 4593 2144 
7809 2756 6085 8651 6814 
7810 6085 2754 8649 8651 
7811 8651 8649 3695 8650 
7812 6814 8651 8650 2824 
7813 2422 6690 8654 7196 
7814 6690 2411 8652 8654 
7815 8654 8652 3692 8653 
7816 7196 8654 8653 3514 
7817 2413 7247 8657 7794 
7818 7247 2415 8655 8657 
7819 8657 8655 3647 8656 
7820 7794 8657 8656 3493 
7821 3645 8658 8660 8524 
7822 8658 2763 8188 8660 
7823 8660 8188 3920 8659 
7824 8524 8660 8659 3751 
7825 2377 7342 8662 8289 
7826 7342 2823 8661 8662 
7827 8662 8661 3587 7981 
7828 8289 8662 7981 3530 
7829 2503 7473 8663 8005 
7830 7473 2510 7481 8663 
7831 8663 7481 3605 8579 
7832 8005 8663 8579 2310 
7833 307 308 8664 5736 
7834 308 309 7516 8664 
7835 8664 7516 3625 5615 
7836 5736 8664 5615 2825 
7837 3904 8665 8669 8668 
7838 8665 2958 8666 8669 
7839 8669 8666 3924 8667 
7840 8668 8669 8667 3691 
7841 3697 8670 8674 8673 
7842 8670 3748 8671 8674 
7843 8674 8671 3570 8672 
7844 8673 8674 8672 3297 
7845 3002 8119 8678 8677 
7846 8119 3929 8675 8678 
7847 8678 8675 3961 8676 
7848 8677 8678 8676 2928 
7849 2132 5284 8680 8679 
7850 5284 3618 7366 8680 
7851 8680 7366 695 694 
7852 8679 8680 694 693 
7853 2401 8071 8682 7838 
7854 8071 2400 8681 8682 
7855 8682 8681 3567 8449 
7856 7838 8682 8449 2550 
7857 2546 6273 8683 5527 
7858 6273 3341 4738 8683 
7859 8683 4738 3680 6834 
7860 5527 8683 6834 3339 
7861 802 801 8687 8686 
7862 801 800 8684 8687 
7863 8687 8684 3487 8685 
7864 8686 8687 8685 2525 
7865 2735 8688 8691 7166 
7866 8688 2964 8689 8691 
7867 8691 8689 3726 8690 
7868 7166 8691 8690 2827 
7869 2984 8692 8693 4417 
7870 8692 3755 6544 8693 
7871 8693 6544 3095 5592 
7872 4417 8693 5592 2122 
7873 2389 7202 8695 8694 
7874 7202 2387 7437 8695 
7875 8695 7437 2540 8369 
7876 8694 8695 8369 3580 
7877 2308 8696 8697 5063 
7878 8696 2251 8013 8697 
7879 8697 8013 2299 8602 
7880 5063 8697 8602 3561 
7881 605 604 8700 8699 
7882 604 603 8698 8700 
7883 8700 8698 3814 4412 
7884 8699 8700 4412 2149 
7885 2393 7136 8703 7872 
7886 7136 2391 8701 8703 
7887 8703 8701 3671 8702 
7888 7872 8703 8702 2543 
7889 2840 8160 8705 8146 
7890 8160 2928 8676 8705 
7891 8705 8676 3961 8704 
7892 8146 8705 8704 2841 
7893 3358 7381 8707 4965 
7894 7381 2150 8624 8707 
7895 8707 8624 515 8706 
7896 4965 8707 8706 3822 
7897 380 381 8708 5917 
7898 381 382 7544 8708 
7899 8708 7544 3634 6599 
7900 5917 8708 6599 2619 
7901 2403 7798 8711 7243 
7902 7798 3492 8709 8711 
7903 8711 8709 3657 8710 
7904 7243 8711 8710 2405 
7905 3928 8712 8715 4893 
7906 8712 3485 8713 8715 
7907 8715 8713 3849 8714 
7908 4893 8715 8714 3180 
7909 2508 8459 8716 7566 
7910 8459 3566 8311 8716 
7911 8716 8311 2580 7969 
7912 7566 8716 7969 2500 
7913 410 411 8719 8718 
7914 411 412 5429 8719 
7915 8719 5429 3660 8717 
7916 8718 8719 8717 3662 
7917 245 246 8721 8720 
7918 246 12 286 8721 
7919 8721 286 287 4686 
7920 8720 8721 4686 3878 
7921 2512 7650 8722 7117 
7922 7650 3607 8224 8722 
7923 8722 8224 2516 7550 
7924 7117 8722 7550 2513 
7925 2547 8723 8725 8408 
7926 8723 2461 8724 8725 
7927 8725 8724 3674 4210 
7928 8408 8725 4210 2548 
7929 2971 8726 8730 8729 
7930 8726 3901 8727 8730 
7931 8730 8727 2609 8728 
7932 8729 8730 8728 3909 
7933 3797 4323 8732 8731 
7934 4323 2897 8493 8732 
7935 8732 8493 3791 8599 
7936 8731 8732 8599 3476 
7937 3798 8733 8735 4341 
7938 8733 3477 8597 8735 
7939 8735 8597 3792 8734 
7940 4341 8735 8734 2898 
7941 2428 8319 8737 7966 
7942 8319 2563 8736 8737 
7943 8737 8736 3612 7662 
7944 7966 8737 7662 3558 
7945 326 8738 8740 325 
7946 8738 3879 8739 8740 
7947 8740 8739 323 324 
7948 325 8740 324 14 
7949 781 780 8741 6779 
7950 780 779 8176 8741 
7951 8741 8176 2121 4364 
7952 6779 8741 4364 3630 
7953 3133 8742 8743 7580 
7954 8742 3136 4089 8743 
7955 8743 4089 3983 4719 
7956 7580 8743 4719 3137 
7957 3736 8744 8747 8746 
7958 8744 3696 8745 8747 
7959 8747 8745 2751 7153 
7960 8746 8747 7153 2757 
7961 3130 5126 8749 5572 
7962 5126 3178 4279 8749 
7963 8749 4279 3837 8748 
7964 5572 8749 8748 3134 
7965 3091 4320 8751 5242 
7966 4320 3024 4706 8751 
7967 8751 4706 3823 8750 
7968 5242 8751 8750 2654 
7969 256 257 8753 5961 
7970 257 258 7562 8753 
7971 8753 7562 3636 8752 
7972 5961 8753 8752 2379 
7973 3703 8754 8757 8353 
7974 8754 3664 8755 8757 
7975 8757 8755 3706 8756 
7976 8353 8757 8756 2571 
7977 3115 7428 8759 5502 
7978 7428 3394 8758 8759 
7979 8759 8758 3915 4311 
7980 5502 8759 4311 2626 
7981 2665 8760 8763 7806 
7982 8760 2770 8761 8763 
7983 8763 8761 3681 8762 
7984 7806 8763 8762 2520 
7985 836 835 8766 8517 
7986 835 834 8764 8766 
7987 8766 8764 3467 8765 
7988 8517 8766 8765 2100 
7989 2607 6591 8768 6187 
7990 6591 2846 4945 8768 
7991 8768 4945 3656 8767 
7992 6187 8768 8767 3249 
7993 3021 6846 8770 5083 
7994 6846 3494 8769 8770 
7995 8770 8769 3913 8543 
7996 5083 8770 8543 2343 
7997 3350 6454 8772 7369 
7998 6454 3322 6929 8772 
7999 8772 6929 3323 8771 
8000 7369 8772 8771 3626 
8001 3332 8773 8775 7415 
8002 8773 2337 5949 8775 
8003 8775 5949 3143 8774 
8004 7415 8775 8774 3144 
8005 2729 6632 8777 6720 
8006 6632 3189 8207 8777 
8007 8777 8207 3796 8776 
8008 6720 8777 8776 2732 
8009 2254 8329 8780 7187 
8010 8329 3510 8778 8780 
8011 8780 8778 3619 8779 
8012 7187 8780 8779 2293 
8013 2320 8129 8782 8275 
8014 8129 2301 8781 8782 
8015 8782 8781 3574 4919 
8016 8275 8782 4919 2463 
8017 2324 8279 8785 8136 
8018 8279 2462 8783 8785 
8019 8785 8783 3573 8784 
8020 8136 8785 8784 2282 
8021 2200 8786 8788 8453 
8022 8786 2602 8787 8788 
8023 8788 8787 3488 8483 
8024 8453 8788 8483 2162 
8025 665 8500 8790 7878 
8026 8500 3489 8789 8790 
8027 8790 8789 2849 8413 
8028 7878 8790 8413 2164 
8029 3269 8791 8792 4186 
8030 8791 3267 6042 8792 
8031 8792 6042 3270 7950 
8032 4186 8792 7950 3639 
8033 3125 6394 8794 5514 
8034 6394 3547 8793 8794 
8035 8794 8793 3940 7735 
8036 5514 8794 7735 2532 
8037 2434 8795 8797 7700 
8038 8795 2538 4256 8797 
8039 8797 4256 3769 8796 
8040 7700 8797 8796 2537 
8041 2701 7492 8799 8798 
8042 7492 2561 7012 8799 
8043 8799 7012 2293 8779 
8044 8798 8799 8779 3619 
8045 2915 4318 8802 8801 
8046 4318 2153 7212 8802 
8047 8802 7212 3982 8800 
8048 8801 8802 8800 3628 
8049 3865 8803 8804 4045 
8050 8803 3622 8094 8804 
8051 8804 8094 2834 7520 
8052 4045 8804 7520 3450 
8053 3700 8109 8806 8805 
8054 8109 3514 8653 8806 
8055 8806 8653 3692 4792 
8056 8805 8806 4792 3285 
8057 3083 4170 8808 5819 
8058 4170 3833 8807 8808 
8059 8808 8807 716 715 
8060 5819 8808 715 23 
8061 3626 8809 8810 7370 
8062 8809 2570 6911 8810 
8063 8810 6911 3473 8371 
8064 7370 8810 8371 3623 
8065 2999 4259 8812 5532 
8066 4259 2781 8811 8812 
8067 8812 8811 3724 4508 
8068 5532 8812 4508 3000 
8069 3832 8813 8815 6383 
8070 8813 3170 7740 8815 
8071 8815 7740 3861 8814 
8072 6383 8815 8814 2882 
8073 3835 8816 8819 8818 
8074 8816 2932 6874 8819 
8075 8819 6874 2933 8817 
8076 8818 8819 8817 3855 
8077 3836 8820 8823 8822 
8078 8820 3856 8821 8823 
8079 8823 8821 2937 6868 
8080 8822 8823 6868 2936 
8081 2281 6997 8826 8825 
8082 6997 2282 8784 8826 
8083 8826 8784 3573 8824 
8084 8825 8826 8824 2348 
8085 2896 4491 8829 5167 
8086 4491 3957 8827 8829 
8087 8829 8827 3783 8828 
8088 5167 8829 8828 2952 
8089 2285 8416 8833 8832 
8090 8416 2666 8830 8833 
8091 8833 8830 3596 8831 
8092 8832 8833 8831 2239 
8093 649 5594 8836 650 
8094 5594 3263 8834 8836 
8095 8836 8834 3937 8835 
8096 650 8836 8835 651 
8097 2568 6371 8838 7954 
8098 6371 2760 5309 8838 
8099 8838 5309 3864 8837 
8100 7954 8838 8837 3535 
8101 3073 8839 8840 4918 
8102 8839 2759 6374 8840 
8103 8840 6374 3534 8276 
8104 4918 8840 8276 2463 
8105 248 8841 8843 247 
8106 8841 3884 8842 8843 
8107 8843 8842 482 483 
8108 247 8843 483 13 
8109 793 5491 8846 794 
8110 5491 3241 8844 8846 
8111 8846 8844 3941 8845 
8112 794 8846 8845 795 
8113 2880 8847 8849 5486 
8114 8847 2911 4504 8849 
8115 8849 4504 3977 8848 
8116 5486 8849 8848 2905 
8117 2289 8462 8851 8433 
8118 8462 2237 8850 8851 
8119 8851 8850 3600 8186 
8120 8433 8851 8186 2352 
8121 3882 8852 8855 7995 
8122 8852 3655 8853 8855 
8123 8855 8853 3923 8854 
8124 7995 8855 8854 2957 
8125 2114 8620 8857 6754 
8126 8620 2130 8856 8857 
8127 8857 8856 2188 4463 
8128 6754 8857 4463 3629 
8129 2670 5554 8859 5345 
8130 5554 3180 8714 8859 
8131 8859 8714 3849 8858 
8132 5345 8859 8858 3179 
8133 3123 5668 8862 8861 
8134 5668 2333 4467 8862 
8135 8862 4467 3789 8860 
8136 8861 8862 8860 3124 
8137 284 285 8865 8864 
8138 285 11 88 8865 
8139 8865 88 89 8863 
8140 8864 8865 8863 3886 
8141 706 8045 8867 707 
8142 8045 3463 4736 8867 
8143 8867 4736 3863 8866 
8144 707 8867 8866 22 
8145 2667 8417 8871 8870 
8146 8417 2285 8868 8871 
8147 8871 8868 3559 8869 
8148 8870 8871 8869 2894 
8149 2529 6790 8874 8873 
8150 6790 2625 8872 8874 
8151 8874 8872 3786 8016 
8152 8873 8874 8016 2624 
8153 2347 7640 8876 8875 
8154 7640 3574 8781 8876 
8155 8876 8781 2301 8195 
8156 8875 8876 8195 2279 
8157 2570 8877 8878 6912 
8158 8877 3633 7600 8878 
8159 8878 7600 2432 6527 
8160 6912 8878 6527 2455 
8161 2555 5521 8880 5150 
8162 5521 3106 4910 8880 
8163 8880 4910 3980 8879 
8164 5150 8880 8879 3103 
8165 3696 8744 8883 7418 
8166 8744 3736 8881 8883 
8167 8883 8881 3955 8882 
8168 7418 8883 8882 3332 
8169 3708 8884 8888 8887 
8170 8884 3509 8885 8888 
8171 8888 8885 766 8886 
8172 8887 8888 8886 2507 
8173 2203 8077 8890 7588 
8174 8077 16 8889 8890 
8175 8890 8889 3894 5037 
8176 7588 8890 5037 2204 
8177 754 8508 8891 755 
8178 8508 3498 4582 8891 
8179 8891 4582 3857 7531 
8180 755 8891 7531 24 
8181 2785 4388 8893 7630 
8182 4388 2786 8892 8893 
8183 8893 8892 3678 5065 
8184 7630 8893 5065 2784 
8185 3406 5012 8894 5987 
8186 5012 3641 5645 8894 
8187 8894 5645 3408 6452 
8188 5987 8894 6452 3405 
8189 691 690 8897 8896 
8190 690 689 4930 8897 
8191 8897 4930 3621 8895 
8192 8896 8897 8895 3699 
8193 3293 8898 8900 5782 
8194 8898 3664 8899 8900 
8195 8900 8899 3291 5141 
8196 5782 8900 5141 3290 
8197 2679 7170 8902 8901 
8198 7170 2830 4124 8902 
8199 8902 4124 3755 8692 
8200 8901 8902 8692 2984 
8201 408 409 8904 5854 
8202 409 410 8718 8904 
8203 8904 8718 3662 8903 
8204 5854 8904 8903 2158 
8205 2239 8442 8905 8832 
8206 8442 2240 8613 8905 
8207 8905 8613 3559 8868 
8208 8832 8905 8868 2285 
8209 3245 7625 8906 5109 
8210 7625 3597 5225 8906 
8211 8906 5225 2821 8510 
8212 5109 8906 8510 2745 
8213 3339 6837 8908 5528 
8214 6837 3528 8907 8908 
8215 8908 8907 2659 7365 
8216 5528 8908 7365 3668 
8217 2701 8909 8912 7493 
8218 8909 2914 8910 8912 
8219 8912 8910 3870 8911 
8220 7493 8912 8911 2913 
8221 2567 7049 8914 7422 
8222 7049 2696 8913 8914 
8223 8914 8913 3773 7769 
8224 7422 8914 7769 3521 
8225 2569 7424 8916 7043 
8226 7424 3522 7767 8916 
8227 8916 7767 3774 8915 
8228 7043 8916 8915 2698 
8229 24 7530 8918 756 
8230 7530 2234 8252 8918 
8231 8918 8252 3631 8917 
8232 756 8918 8917 757 
8233 3121 5487 8920 7149 
8234 5487 2905 8848 8920 
8235 8920 8848 3977 8919 
8236 7149 8920 8919 3122 
8237 3473 7041 8921 8372 
8238 7041 2459 6488 8921 
8239 8921 6488 2471 8066 
8240 8372 8921 8066 3646 
8241 3431 8922 8924 7018 
8242 8922 3927 8923 8924 
8243 8924 8923 812 811 
8244 7018 8924 811 27 
8245 19 637 8927 8926 
8246 637 636 8474 8927 
8247 8927 8474 3546 8925 
8248 8926 8927 8925 2374 
8249 3013 5041 8929 4773 
8250 5041 3902 8928 8929 
8251 8929 8928 2300 8139 
8252 4773 8929 8139 3422 
8253 2323 8137 8932 8931 
8254 8137 2302 8930 8932 
8255 8932 8930 3903 8404 
8256 8931 8932 8404 3421 
8257 563 6618 8935 562 
8258 6618 2228 8933 8935 
8259 8935 8933 3951 8934 
8260 562 8935 8934 561 
8261 3854 8558 8938 8937 
8262 8558 3663 8936 8938 
8263 8938 8936 3568 6743 
8264 8937 8938 6743 2930 
8265 3947 8345 8941 8940 
8266 8345 2900 8939 8941 
8267 8941 8939 3969 4756 
8268 8940 8941 4756 3417 
8269 3390 8942 8944 5885 
8270 8942 3925 8943 8944 
8271 8944 8943 3719 4891 
8272 5885 8944 4891 3396 
8273 2350 4372 8945 5642 
8274 4372 3653 7410 8945 
8275 8945 7410 402 403 
8276 5642 8945 403 404 
8277 3519 4281 8948 8947 
8278 4281 3179 8858 8948 
8279 8948 8858 3849 8946 
8280 8947 8948 8946 3831 
8281 3580 8368 8952 8951 
8282 8368 2991 8949 8952 
8283 8952 8949 3753 8950 
8284 8951 8952 8950 3671 
8285 2577 7259 8954 8953 
8286 7259 3647 8655 8954 
8287 8954 8655 2415 7079 
8288 8953 8954 7079 2416 
8289 2355 8199 8956 8112 
8290 8199 3541 8581 8956 
8291 8956 8581 3640 8955 
8292 8112 8956 8955 2572 
8293 3678 8892 8959 6830 
8294 8892 2786 8957 8959 
8295 8959 8957 3976 8958 
8296 6830 8959 8958 3440 
8297 2675 7178 8961 7465 
8298 7178 2674 8960 8961 
8299 8961 8960 3969 8939 
8300 7465 8961 8939 2900 
8301 3860 8962 8965 8964 
8302 8962 3172 8963 8965 
8303 8965 8963 3975 6827 
8304 8964 8965 6827 3198 
8305 2918 8966 8968 8458 
8306 8966 3665 8967 8968 
8307 8968 8967 2771 8312 
8308 8458 8968 8312 3566 
8309 2816 7416 8972 8971 
8310 7416 3144 8969 8972 
8311 8972 8969 3767 8970 
8312 8971 8972 8970 3695 
8313 2996 4954 8974 4561 
8314 4954 3563 8973 8974 
8315 8974 8973 3546 8473 
8316 4561 8974 8473 2101 
8317 3536 8361 8976 8975 
8318 8361 2842 7614 8976 
8319 8976 7614 2915 8801 
8320 8975 8976 8801 3628 
8321 2570 8809 8977 8877 
8322 8809 3626 8771 8977 
8323 8977 8771 3323 8153 
8324 8877 8977 8153 3633 
8325 2416 6943 8978 8953 
8326 6943 2418 8233 8978 
8327 8978 8233 3650 6924 
8328 8953 8978 6924 2577 
8329 3254 5471 8981 5688 
8330 5471 3255 8979 8981 
8331 8981 8979 4000 8980 
8332 5688 8981 8980 2189 
8333 2878 5851 8983 8331 
8334 5851 2877 8982 8983 
8335 8983 8982 3989 5237 
8336 8331 8983 5237 2879 
8337 3240 5259 8985 4354 
8338 5259 3728 8984 8985 
8339 8985 8984 2171 7848 
8340 4354 8985 7848 2207 
8341 3914 8986 8989 8988 
8342 8986 3776 8987 8989 
8343 8989 8987 3457 7205 
8344 8988 8989 7205 2922 
8345 3097 5392 8991 7501 
8346 5392 3062 8021 8991 
8347 8991 8021 3846 8990 
8348 7501 8991 8990 3752 
8349 3618 5287 8992 7367 
8350 5287 3340 6316 8992 
8351 8992 6316 3338 5529 
8352 7367 8992 5529 3668 
8353 2255 7916 8994 6603 
8354 7916 2201 8454 8994 
8355 8994 8454 2163 8993 
8356 6603 8994 8993 3606 
8357 3282 8995 8997 7749 
8358 8995 3760 8996 8997 
8359 8997 8996 3807 8335 
8360 7749 8997 8335 3280 
8361 3046 5674 8999 5933 
8362 5674 3047 8998 8999 
8363 8999 8998 3981 4744 
8364 5933 8999 4744 3045 
8365 773 772 9002 5981 
8366 772 771 9000 9002 
8367 9002 9000 3943 9001 
8368 5981 9002 9001 3351 
8369 3612 8736 9003 8222 
8370 8736 2563 8318 9003 
8371 9003 8318 3589 8152 
8372 8222 9003 8152 3609 
8373 2796 7127 9007 9006 
8374 7127 2672 9004 9007 
8375 9007 9004 3858 9005 
8376 9006 9007 9005 2806 
8377 2783 4070 9008 6583 
8378 4070 2978 4748 9008 
8379 9008 4748 3667 7845 
8380 6583 9008 7845 2782 
8381 2489 8048 9010 6460 
8382 8048 3652 5025 9010 
8383 9010 5025 3673 9009 
8384 6460 9010 9009 2475 
8385 2406 7244 9011 8440 
8386 7244 2405 8710 9011 
8387 9011 8710 3657 8245 
8388 8440 9011 8245 2407 
8389 3764 5984 9014 9013 
8390 5984 3262 4731 9014 
8391 9014 4731 3819 9012 
8392 9013 9014 9012 2892 
8393 2329 5752 9017 4712 
8394 5752 3259 9015 9017 
8395 9017 9015 3985 9016 
8396 4712 9017 9016 3260 
8397 2858 7508 9020 9019 
8398 7508 2796 9006 9020 
8399 9020 9006 2806 9018 
8400 9019 9020 9018 3654 
8401 3041 6614 9023 7469 
8402 6614 3043 9021 9023 
8403 9023 9021 3912 9022 
8404 7469 9023 9022 3058 
8405 834 833 9025 8764 
8406 833 28 9024 9025 
8407 9025 9024 3906 8322 
8408 8764 9025 8322 3467 
8409 2578 8065 9026 7308 
8410 8065 2473 6470 9026 
8411 9026 6470 2475 9009 
8412 7308 9026 9009 3673 
8413 3511 9027 9029 7890 
8414 9027 3613 9028 9029 
8415 9029 9028 2199 8585 
8416 7890 9029 8585 2258 
8417 2692 4559 9031 6755 
8418 4559 3757 9030 9031 
8419 9031 9030 632 631 
8420 6755 9031 631 18 
8421 2426 6553 9034 9033 
8422 6553 2424 7198 9034 
8423 9034 7198 2564 9032 
8424 9033 9034 9032 3670 
8425 430 431 9037 9036 
8426 431 432 5395 9037 
8427 9037 5395 3715 9035 
8428 9036 9037 9035 3698 
8429 2109 4750 9040 9039 
8430 4750 19 8926 9040 
8431 9040 8926 2374 9038 
8432 9039 9040 9038 3898 
8433 2316 4297 9042 8282 
8434 4297 3772 9041 9042 
8435 9042 9041 3456 7138 
8436 8282 9042 7138 3313 
8437 3192 6895 9043 5832 
8438 6895 3193 8477 9043 
8439 9043 8477 3644 8216 
8440 5832 9043 8216 3194 
8441 3347 9044 9046 7353 
8442 9044 3052 7875 9046 
8443 9046 7875 3490 9045 
8444 7353 9046 9045 3637 
8445 2198 9047 9049 8412 
8446 9047 2199 9028 9049 
8447 9049 9028 3613 9048 
8448 8412 9049 9048 2165 
8449 3474 6622 9051 4669 
8450 6622 2259 8584 9051 
8451 9051 8584 2238 9050 
8452 4669 9051 9050 3590 
8453 2245 7310 9054 8401 
8454 7310 2212 9052 9054 
8455 9054 9052 3839 9053 
8456 8401 9054 9053 2247 
8457 723 722 9057 9056 
8458 722 5 721 9057 
8459 9057 721 720 9055 
8460 9056 9057 9055 3910 
8461 3608 4602 9058 8240 
8462 4602 3669 4350 9058 
8463 9058 4350 2663 8513 
8464 8240 9058 8513 2496 
8465 3088 7901 9060 7029 
8466 7901 3444 9059 9060 
8467 9060 9059 3889 8609 
8468 7029 9060 8609 2740 
8469 3094 4122 9063 9062 
8470 4122 3442 7156 9063 
8471 9063 7156 2642 9061 
8472 9062 9063 9061 3733 
8473 428 429 9064 5701 
8474 429 430 9036 9064 
8475 9064 9036 3698 8338 
8476 5701 9064 8338 2197 
8477 2975 4781 9066 9065 
8478 4781 2976 7008 9066 
8479 9066 7008 3735 8265 
8480 9065 9066 8265 2977 
8481 2683 8450 9070 9069 
8482 8450 3567 9067 9070 
8483 9070 9067 3745 9068 
8484 9069 9070 9068 2893 
8485 3841 9071 9074 9073 
8486 9071 3651 9072 9074 
8487 9074 9072 3654 9018 
8488 9073 9074 9018 2806 
8489 764 763 9076 9075 
8490 763 25 7692 9076 
8491 9076 7692 3470 8294 
8492 9075 9076 8294 3847 
8493 2573 9077 9078 8202 
8494 9077 2572 8955 9078 
8495 9078 8955 3640 4168 
8496 8202 9078 4168 2812 
8497 2673 7237 9081 9080 
8498 7237 3538 6664 9081 
8499 9081 6664 3661 9079 
8500 9080 9081 9079 3399 
8501 2959 9082 9084 8261 
8502 9082 3999 9083 9084 
8503 9084 9083 2379 8752 
8504 8261 9084 8752 3636 
8505 2615 7378 9085 4184 
8506 7378 2410 6804 9085 
8507 9085 6804 2421 7899 
8508 4184 9085 7899 3683 
8509 3596 8830 9087 8527 
8510 8830 2666 8415 9087 
8511 9087 8415 2910 9086 
8512 8527 9087 9086 3645 
8513 2190 8058 9089 8521 
8514 8058 2191 5022 9089 
8515 9089 5022 3991 9088 
8516 8521 9089 9088 2154 
8517 2872 7404 9091 7038 
8518 7404 2882 8814 9091 
8519 9091 8814 3861 9090 
8520 7038 9091 9090 2874 
8521 3579 7933 9094 9093 
8522 7933 464 465 9094 
8523 9094 465 466 9092 
8524 9093 9094 9092 3756 
8525 3580 8951 9095 8694 
8526 8951 3671 8701 9095 
8527 9095 8701 2391 7285 
8528 8694 9095 7285 2389 
8529 2616 4222 9096 7265 
8530 4222 3686 7927 9096 
8531 9096 7927 2427 6811 
8532 7265 9096 6811 2419 
8533 2858 9019 9099 9098 
8534 9019 3654 9097 9099 
8535 9099 9097 2158 8903 
8536 9098 9099 8903 3662 
8537 2602 8786 9100 8526 
8538 8786 2200 8443 9100 
8539 9100 8443 2239 8831 
8540 8526 9100 8831 3596 
8541 2306 8365 9103 7888 
8542 8365 2375 9101 9103 
8543 9103 9101 3743 9102 
8544 7888 9103 9102 2521 
8545 3370 8235 9104 6345 
8546 8235 3787 8105 9104 
8547 9104 8105 2848 5456 
8548 6345 9104 5456 3371 
8549 2238 8463 9106 9050 
8550 8463 2289 9105 9106 
8551 9106 9105 2477 4670 
8552 9050 9106 4670 3590 
8553 2557 6757 9108 6710 
8554 6757 2860 9107 9108 
8555 9108 9107 3707 8292 
8556 6710 9108 8292 3191 
8557 3207 6114 9111 8302 
8558 6114 3427 9109 9111 
8559 9111 9109 3965 9110 
8560 8302 9111 9110 3649 
8561 2624 8015 9114 9113 
8562 8015 3453 5613 9114 
8563 9114 5613 2857 9112 
8564 9113 9114 9112 3959 
8565 344 5983 9117 343 
8566 5983 3764 9115 9117 
8567 9117 9115 3744 9116 
8568 343 9117 9116 342 
8569 2702 7338 9119 4835 
8570 7338 2613 9118 9119 
8571 9119 9118 3959 9112 
8572 4835 9119 9112 2857 
8573 2975 9065 9120 7651 
8574 9065 2977 5756 9120 
8575 9120 5756 3770 4727 
8576 7651 9120 4727 3624 
8577 3716 9121 9124 9123 
8578 9121 3746 9122 9124 
8579 9124 9122 3352 5551 
8580 9123 9124 5551 2805 
8581 2897 4326 9125 8494 
8582 4326 3785 7382 9125 
8583 9125 7382 3359 5729 
8584 8494 9125 5729 2847 
8585 2199 9047 9127 8461 
8586 9047 2198 9126 9127 
8587 9127 9126 3600 8850 
8588 8461 9127 8850 2237 
8589 2119 8587 9129 6802 
8590 8587 2109 9039 9129 
8591 9129 9039 3898 9128 
8592 6802 9129 9128 3120 
8593 3297 5056 9131 8673 
8594 5056 3296 5712 9131 
8595 9131 5712 3299 9130 
8596 8673 9131 9130 3697 
8597 2979 4975 9132 7761 
8598 4975 3679 4094 9132 
8599 9132 4094 3082 7061 
8600 7761 9132 7061 2681 
8601 2121 4769 9134 4365 
8602 4769 3890 9133 9134 
8603 9134 9133 2852 8300 
8604 4365 9134 8300 3076 
8605 2105 5373 9135 4549 
8606 5373 336 337 9135 
8607 9135 337 338 7109 
8608 4549 9135 7109 3687 
8609 2866 9136 9140 9139 
8610 9136 3717 9137 9140 
8611 9140 9137 2497 9138 
8612 9139 9140 9138 3765 
8613 2348 9141 9145 9144 
8614 9141 3970 9142 9145 
8615 9145 9142 3070 9143 
8616 9144 9145 9143 3848 
8617 2543 9146 9147 7873 
8618 9146 3638 4046 9147 
8619 9147 4046 3450 7519 
8620 7873 9147 7519 3491 
8621 3708 4396 9149 8884 
8622 4396 3351 9001 9149 
8623 9149 9001 3943 9148 
8624 8884 9149 9148 3509 
8625 3173 9150 9152 5789 
8626 9150 3911 9151 9152 
8627 9152 9151 3821 4050 
8628 5789 9152 4050 2596 
8629 693 692 9153 8679 
8630 692 691 8896 9153 
8631 9153 8896 3699 5477 
8632 8679 9153 5477 2132 
8633 819 818 9156 9155 
8634 818 1 817 9156 
8635 9156 817 816 9154 
8636 9155 9156 9154 3921 
8637 2575 8254 9158 9157 
8638 8254 2443 6683 9158 
8639 9158 6683 2445 8515 
8640 9157 9158 8515 3688 
8641 2365 9159 9161 8612 
8642 9159 3702 9160 9161 
8643 9161 9160 2894 8869 
8644 8612 9161 8869 3559 
8645 3203 6063 9163 6018 
8646 6063 2851 9162 9163 
8647 9163 9162 3965 9109 
8648 6018 9163 9109 3427 
8649 3817 9164 9166 9165 
8650 9164 2556 5517 9166 
8651 9166 5517 3107 7290 
8652 9165 9166 7290 3813 
8653 3285 7372 9168 8805 
8654 7372 3284 6219 9168 
8655 9168 6219 3287 9167 
8656 8805 9168 9167 3700 
8657 3459 7328 9169 7556 
8658 7328 2788 4654 9169 
8659 9169 4654 3439 4036 
8660 7556 9169 4036 2591 
8661 2739 7296 9172 9171 
8662 7296 2884 9170 9172 
8663 9172 9170 3899 4444 
8664 9171 9172 4444 2903 
8665 3616 9173 9176 9175 
8666 9173 2775 7731 9176 
8667 9176 7731 2836 9174 
8668 9175 9176 9174 3666 
8669 3143 5374 9177 8774 
8670 5374 2105 4552 9177 
8671 9177 4552 3767 8969 
8672 8774 9177 8969 3144 
8673 2576 4793 9178 8246 
8674 4793 3692 8652 9178 
8675 9178 8652 2411 6806 
8676 8246 9178 6806 2409 
8677 2272 7682 9180 7413 
8678 7682 2367 9179 9180 
8679 9180 9179 3663 8557 
8680 7413 9180 8557 3451 
8681 2982 8116 9183 4140 
8682 8116 3564 9181 9183 
8683 9183 9181 3972 9182 
8684 4140 9183 9182 2115 
8685 3249 8767 9185 6580 
8686 8767 3656 9184 9185 
8687 9185 9184 3927 8922 
8688 6580 9185 8922 3431 
8689 699 9186 9188 700 
8690 9186 3926 9187 9188 
8691 9188 9187 702 701 
8692 700 9188 701 6 
8693 2919 9189 9191 7576 
8694 9189 2993 9190 9191 
8695 9191 9190 3665 8966 
8696 7576 9191 8966 2918 
8697 2816 8971 9193 9192 
8698 8971 3695 8649 9193 
8699 9193 8649 2754 6060 
8700 9192 9193 6060 2752 
8701 2175 9194 9196 8552 
8702 9194 2252 5206 9196 
8703 9196 5206 3919 9195 
8704 8552 9196 9195 2219 
8705 2541 7026 9198 7622 
8706 7026 2740 8608 9198 
8707 9198 8608 3881 9197 
8708 7622 9198 9197 2617 
8709 2654 8750 9200 5480 
8710 8750 3823 9199 9200 
8711 9200 9199 3843 4441 
8712 5480 9200 4441 3148 
8713 2529 8873 9202 6698 
8714 8873 2624 9113 9202 
8715 9202 9113 3959 9201 
8716 6698 9202 9201 2528 
8717 3165 9203 9205 4903 
8718 9203 3666 9204 9205 
8719 9205 9204 3723 8270 
8720 4903 9205 8270 2159 
8721 3603 9206 9208 8571 
8722 9206 3690 9207 9208 
8723 9208 9207 2749 6751 
8724 8571 9208 6751 2747 
8725 2215 7119 9211 7999 
8726 7119 26 9209 9211 
8727 9211 9209 3931 9210 
8728 7999 9211 9210 3484 
8729 3026 5229 9213 7788 
8730 5229 3677 9212 9213 
8731 9213 9212 2230 7592 
8732 7788 9213 7592 2205 
8733 745 6107 9216 746 
8734 6107 3398 9214 9216 
8735 9216 9214 3938 9215 
8736 746 9216 9215 747 
8737 342 9116 9218 341 
8738 9116 3744 9217 9218 
8739 9218 9217 2372 7108 
8740 341 9218 7108 340 
8741 2202 8447 9220 8374 
8742 8447 3539 4403 9220 
8743 9220 4403 3820 9219 
8744 8374 9220 9219 2545 
8745 3092 5250 9221 5649 
8746 5250 3096 4728 9221 
8747 9221 4728 3770 5755 
8748 5649 9221 5755 2140 
8749 2352 8189 9223 8434 
8750 8189 2763 9222 9223 
8751 9223 9222 3674 8724 
8752 8434 9223 8724 2461 
8753 2278 7866 9225 9224 
8754 7866 2230 9212 9225 
8755 9225 9212 3677 4865 
8756 9224 9225 4865 2280 
8757 3458 7552 9227 9226 
8758 7552 2590 4031 9227 
8759 9227 4031 3469 4906 
8760 9226 9227 4906 3801 
8761 3149 9228 9230 4660 
8762 9228 3749 9229 9230 
8763 9230 9229 2278 9224 
8764 4660 9230 9224 2280 
8765 3545 8286 9232 9231 
8766 8286 2327 7608 9232 
8767 9232 7608 2520 8762 
8768 9231 9232 8762 3681 
8769 3664 8898 9233 8755 
8770 8898 3293 6368 9233 
8771 9233 6368 3295 5055 
8772 8755 9233 5055 3706 
8773 2521 9102 9236 9235 
8774 9102 3743 9234 9236 
8775 9236 9234 3134 8748 
8776 9235 9236 8748 3837 
8777 2752 6509 9237 9192 
8778 6509 2751 8745 9237 
8779 9237 8745 3696 7417 
8780 9192 9237 7417 2816 
8781 3954 9238 9241 9240 
8782 9238 3839 9239 9241 
8783 9241 9239 2176 8181 
8784 9240 9241 8181 3529 
8785 3166 9242 9243 4829 
8786 9242 3616 9175 9243 
8787 9243 9175 3666 9203 
8788 4829 9243 9203 3165 
8789 2964 4328 9244 8689 
8790 4328 2123 5719 9244 
8791 9244 5719 3126 6795 
8792 8689 9244 6795 3726 
8793 2547 8407 9246 9245 
8794 8407 2850 4708 9246 
8795 9246 4708 3520 7637 
8796 9245 9246 7637 3876 
8797 3078 8078 9248 7697 
8798 8078 2203 7587 9248 
8799 9248 7587 2232 9247 
8800 7697 9248 9247 3682 
8801 2486 9249 9252 5956 
8802 9249 2487 9250 9252 
8803 9252 9250 3836 9251 
8804 5956 9252 9251 2599 
8805 2492 5952 9255 6279 
8806 5952 2598 9253 9255 
8807 9255 9253 3835 9254 
8808 6279 9255 9254 2493 
8809 3670 9256 9257 9033 
8810 9256 3703 8352 9257 
8811 9257 8352 2449 6525 
8812 9033 9257 6525 2426 
8813 3510 8267 9259 8778 
8814 8267 3352 9122 9259 
8815 9259 9122 3746 9258 
8816 8778 9259 9258 3619 
8817 3556 6296 9262 4806 
8818 6296 2854 9260 9262 
8819 9262 9260 3777 9261 
8820 4806 9262 9261 3557 
8821 2683 9263 9265 8451 
8822 9263 2892 9012 9265 
8823 9265 9012 3819 9264 
8824 8451 9265 9264 2682 
8825 3066 9266 9268 7703 
8826 9266 3648 9267 9268 
8827 9268 9267 3637 9045 
8828 7703 9268 9045 3490 
8829 468 5588 9271 9270 
8830 5588 2497 9137 9271 
8831 9271 9137 3717 9269 
8832 9270 9271 9269 3734 
8833 3593 8143 9273 8394 
8834 8143 3446 7816 9273 
8835 9273 7816 3537 9272 
8836 8394 9273 9272 3672 
8837 2691 8124 9274 4878 
8838 8124 2798 6904 9274 
8839 9274 6904 3771 4649 
8840 4878 9274 4649 2929 
8841 2871 6672 9275 5707 
8842 6672 2889 7150 9275 
8843 9275 7150 3818 7538 
8844 5707 9275 7538 3238 
8845 3741 9276 9279 9278 
8846 9276 3109 5651 9279 
8847 9279 5651 2382 9277 
8848 9278 9279 9277 3866 
8849 2497 5587 9281 9138 
8850 5587 3116 7869 9281 
8851 9281 7869 3804 9280 
8852 9138 9281 9280 3765 
8853 2330 6543 9283 5249 
8854 6543 3094 9062 9283 
8855 9283 9062 3733 9282 
8856 5249 9283 9282 3093 
8857 17 9284 9286 579 
8858 9284 2479 8092 9286 
8859 9286 8092 3731 9285 
8860 579 9286 9285 578 
8861 3142 5853 9288 9287 
8862 5853 2158 9097 9288 
8863 9288 9097 3654 9072 
8864 9287 9288 9072 3651 
8865 2247 9053 9290 7349 
8866 9053 3839 9238 9290 
8867 9290 9238 3954 9289 
8868 7349 9290 9289 3150 
8869 2189 9291 9292 5689 
8870 9291 3710 7445 9292 
8871 9292 7445 313 314 
8872 5689 9292 314 315 
8873 3155 9293 9294 4269 
8874 9293 3154 5478 9294 
8875 9294 5478 3699 8895 
8876 4269 9294 8895 3621 
8877 747 9215 9296 748 
8878 9215 3938 9295 9296 
8879 9296 9295 750 749 
8880 748 9296 749 4 
8881 3987 9297 9300 9299 
8882 9297 3582 8147 9300 
8883 9300 8147 2841 9298 
8884 9299 9300 9298 3988 
8885 2864 7457 9301 8337 
8886 7457 2809 8210 9301 
8887 9301 8210 3540 8218 
8888 8337 9301 8218 3658 
8889 3851 9302 9304 6725 
8890 9302 2112 4541 9304 
8891 9304 4541 15 9303 
8892 6725 9304 9303 3869 
8893 2853 9305 9306 6295 
8894 9305 2955 4766 9306 
8895 9306 4766 3777 9260 
8896 6295 9306 9260 2854 
8897 3536 8975 9308 8297 
8898 8975 3628 8800 9308 
8899 9308 8800 3982 9307 
8900 8297 9308 9307 2953 
8901 3516 7803 9309 7681 
8902 7803 3568 8936 9309 
8903 9309 8936 3663 9179 
8904 7681 9309 9179 2367 
8905 2480 9310 9312 5137 
8906 9310 536 537 9312 
8907 9312 537 538 9311 
8908 5137 9312 9311 3730 
8909 3303 8009 9314 5147 
8910 8009 3436 6733 9314 
8911 9314 6733 2579 9313 
8912 5147 9314 9313 3709 
8913 3052 9044 9316 8574 
8914 9044 3347 6739 9316 
8915 9316 6739 3720 9315 
8916 8574 9316 9315 3602 
8917 2951 4642 9319 9318 
8918 4642 3732 9317 9319 
8919 9319 9317 2860 6760 
8920 9318 9319 6760 2678 
8921 3081 7509 9320 7737 
8922 7509 2858 9098 9320 
8923 9320 9098 3662 8717 
8924 7737 9320 8717 3660 
8925 2139 6799 9323 7229 
8926 6799 3120 9321 9323 
8927 9323 9321 3783 9322 
8928 7229 9323 9322 2662 
8929 20 4154 9324 7957 
8930 4154 3560 5509 9324 
8931 9324 5509 3606 8993 
8932 7957 9324 8993 2163 
8933 2243 7611 9325 8242 
8934 7611 2208 8375 9325 
8935 9325 8375 3711 7785 
8936 8242 9325 7785 2244 
8937 3291 9326 9327 5142 
8938 9326 3670 9032 9327 
8939 9327 9032 2564 8108 
8940 5142 9327 8108 3742 
8941 3196 8215 9329 6531 
8942 8215 3468 9328 9329 
8943 9329 9328 3860 8964 
8944 6531 9329 8964 3198 
8945 3874 9330 9333 9332 
8946 9330 3729 9331 9333 
8947 9333 9331 2338 5096 
8948 9332 9333 5096 3460 
8949 3827 9334 9335 8399 
8950 9334 3809 8546 9335 
8951 9335 8546 2435 8378 
8952 8399 9335 8378 3562 
8953 2495 9336 9338 6886 
8954 9336 3712 9337 9338 
8955 9338 9337 3684 4949 
8956 6886 9338 4949 2802 
8957 2494 6889 9341 9340 
8958 6889 2800 8383 9341 
8959 9341 8383 3685 9339 
8960 9340 9341 9339 3713 
8961 2627 5842 9343 6749 
8962 5842 3447 6537 9343 
8963 9343 6537 3704 9342 
8964 6749 9343 9342 2832 
8965 2603 6770 9345 5421 
8966 6770 3448 6644 9345 
8967 9345 6644 2831 9344 
8968 5421 9345 9344 3705 
8969 3670 9326 9346 9256 
8970 9326 3291 8899 9346 
8971 9346 8899 3664 8754 
8972 9256 9346 8754 3703 
8973 3828 9347 9349 9348 
8974 9347 2383 7948 9349 
8975 9349 7948 3483 6282 
8976 9348 9349 6282 3900 
8977 2911 8847 9351 6141 
8978 8847 2880 8333 9351 
8979 9351 8333 3714 9350 
8980 6141 9351 9350 2912 
8981 3842 9352 9353 4289 
8982 9352 3716 9123 9353 
8983 9353 9123 2805 6899 
8984 4289 9353 6899 2904 
8985 3436 8008 9354 6734 
8986 8008 3722 8422 9354 
8987 9354 8422 2483 6464 
8988 6734 9354 6464 2469 
8989 795 8845 9356 796 
8990 8845 3941 9355 9356 
8991 9356 9355 798 797 
8992 796 9356 797 2 
8993 771 770 9358 9000 
8994 770 3 769 9358 
8995 9358 769 768 9357 
8996 9000 9358 9357 3943 
8997 3690 9206 9361 9360 
8998 9206 3603 9359 9361 
8999 9361 9359 4000 8979 
9000 9360 9361 8979 3255 
9001 3545 9231 9364 7583 
9002 9231 3681 9362 9364 
9003 9364 9362 3763 9363 
9004 7583 9364 9363 2901 
9005 2658 9365 9367 6649 
9006 9365 2947 9366 9367 
9007 9367 9366 3816 8593 
9008 6649 9367 8593 3217 
9009 2683 9069 9369 9263 
9010 9069 2893 8488 9369 
9011 9369 8488 3725 9368 
9012 9263 9369 9368 2892 
9013 2928 8162 9371 8677 
9014 8162 3001 9370 9371 
9015 9371 9370 3738 8120 
9016 8677 9371 8120 3002 
9017 651 8835 9373 652 
9018 8835 3937 9372 9373 
9019 9373 9372 654 653 
9020 652 9373 653 8 
9021 3065 4344 9376 9375 
9022 4344 3147 5681 9376 
9023 9376 5681 2522 9374 
9024 9375 9376 9374 3995 
9025 3967 9377 9379 9378 
9026 9377 3948 8342 9379 
9027 9379 8342 3466 7467 
9028 9378 9379 7467 2938 
9029 3966 9380 9382 9381 
9030 9380 2934 7407 9382 
9031 9382 7407 3465 8344 
9032 9381 9382 8344 3949 
9033 3412 5313 9384 6179 
9034 5313 3655 8852 9384 
9035 9384 8852 3882 9383 
9036 6179 9384 9383 3411 
9037 3700 9167 9385 8110 
9038 9167 3287 6503 9385 
9039 9385 6503 3289 5143 
9040 8110 9385 5143 3742 
9041 2866 6767 9387 9136 
9042 6767 2828 7685 9387 
9043 9387 7685 2906 9386 
9044 9136 9387 9386 3717 
9045 3484 9388 9389 8000 
9046 9388 3739 8590 9389 
9047 9389 8590 2885 7276 
9048 8000 9389 7276 2822 
9049 3493 8656 9391 9390 
9050 8656 3647 7258 9391 
9051 9391 7258 3308 8530 
9052 9390 9391 8530 3754 
9053 2657 6078 9393 7282 
9054 6078 3397 9392 9393 
9055 9393 9392 3945 4943 
9056 7282 9393 4943 3434 
9057 3492 9394 9395 8709 
9058 9394 3760 8995 9395 
9059 9395 8995 3282 7346 
9060 8709 9395 7346 3657 
9061 3093 9282 9396 4519 
9062 9282 3733 9061 9396 
9063 9396 9061 2642 8027 
9064 4519 9396 8027 3512 
9065 697 6167 9398 698 
9066 6167 3401 9397 9398 
9067 9398 9397 3926 9186 
9068 698 9398 9186 699 
9069 2284 5910 9400 9399 
9070 5910 3348 7354 9400 
9071 9400 7354 3637 9267 
9072 9399 9400 9267 3648 
9073 2838 5678 9401 8148 
9074 5678 2837 8038 9401 
9075 9401 8038 3750 8161 
9076 8148 9401 8161 2840 
9077 2342 6865 9402 5077 
9078 6865 3724 8811 9402 
9079 9402 8811 2781 6951 
9080 5077 9402 6951 3022 
9081 2371 7420 9403 7524 
9082 7420 3521 7772 9403 
9083 9403 7772 3712 9336 
9084 7524 9403 9336 2495 
9085 2369 7526 9404 7426 
9086 7526 2494 9340 9404 
9087 9404 9340 3713 7764 
9088 7426 9404 7764 3522 
9089 3345 6076 9407 9406 
9090 6076 2284 9399 9407 
9091 9407 9399 3648 9405 
9092 9406 9407 9405 3737 
9093 3841 9408 9411 9071 
9094 9408 2859 9409 9411 
9095 9411 9409 3877 9410 
9096 9071 9411 9410 3651 
9097 2673 9080 9414 6109 
9098 9080 3399 9412 9414 
9099 9414 9412 3880 9413 
9100 6109 9414 9413 3398 
9101 2211 8522 9416 7327 
9102 8522 3479 9415 9416 
9103 9416 9415 3718 4655 
9104 7327 9416 4655 2788 
9105 2572 9077 9418 8113 
9106 9077 2573 9417 9418 
9107 9418 9417 3702 9159 
9108 8113 9418 9159 2365 
9109 2485 8424 9422 9421 
9110 8424 2588 9419 9422 
9111 9422 9419 3924 9420 
9112 9421 9422 9420 3897 
9113 2210 7781 9425 8535 
9114 7781 2789 9423 9425 
9115 9425 9423 3721 9424 
9116 8535 9425 9424 3480 
9117 3111 5662 9427 6858 
9118 5662 3117 8017 9427 
9119 9427 8017 3786 9426 
9120 6858 9427 9426 3112 
9121 3941 8844 9430 9429 
9122 8844 3241 4048 9430 
9123 9430 4048 3740 9428 
9124 9429 9430 9428 3487 
9125 3825 9431 9432 6962 
9126 9431 3058 9022 9432 
9127 9432 9022 3912 4742 
9128 6962 9432 4742 3221 
9129 3813 7289 9435 9434 
9130 7289 3215 4754 9435 
9131 9435 4754 3888 9433 
9132 9434 9435 9433 3074 
9133 3417 5804 9437 8940 
9134 5804 3119 5798 9437 
9135 9437 5798 2354 9436 
9136 8940 9437 9436 3947 
9137 2228 4127 9439 8933 
9138 4127 3615 8429 9439 
9139 9439 8429 3224 9438 
9140 8933 9439 9438 3951 
9141 2214 7924 9440 7885 
9142 7924 2684 4486 9440 
9143 9440 4486 3672 9272 
9144 7885 9440 9272 3537 
9145 3611 7502 9442 5738 
9146 7502 3752 9441 9442 
9147 9442 9441 3430 6331 
9148 5738 9442 6331 2358 
9149 3602 9315 9443 8273 
9150 9315 3720 4345 9443 
9151 9443 4345 3065 7249 
9152 8273 9443 7249 3056 
9153 21 7880 9445 4192 
9154 7880 2165 9048 9445 
9155 9445 9048 3613 9444 
9156 4192 9445 9444 2817 
9157 3570 8671 9446 8084 
9158 8671 3748 8537 9446 
9159 9446 8537 2465 6486 
9160 8084 9446 6486 2453 
9161 3276 6506 9447 8259 
9162 6506 3277 5714 9447 
9163 9447 5714 3971 7911 
9164 8259 9447 7911 3278 
9165 350 351 9449 4098 
9166 351 352 6970 9449 
9167 9449 6970 2519 9448 
9168 4098 9449 9448 3891 
9169 2166 6935 9451 7895 
9170 6935 3525 4100 9451 
9171 9451 4100 2931 9450 
9172 7895 9451 9450 3968 
9173 2920 8541 9453 7055 
9174 8541 3643 5238 9453 
9175 9453 5238 3989 9452 
9176 7055 9453 9452 2881 
9177 2319 6771 9454 8141 
9178 6771 2603 5420 9454 
9179 9454 5420 3962 4774 
9180 8141 9454 4774 3422 
9181 2323 8931 9455 7860 
9182 8931 3421 8403 9455 
9183 9455 8403 3963 5424 
9184 7860 9455 5424 2604 
9185 821 820 9457 6080 
9186 820 819 9155 9457 
9187 9457 9155 3921 9456 
9188 6080 9457 9456 3397 
9189 3715 5394 9460 9459 
9190 5394 2161 6828 9460 
9191 9460 6828 3975 9458 
9192 9459 9460 9458 3171 
9193 3297 8672 9461 5057 
9194 8672 3570 8083 9461 
9195 9461 8083 2571 8756 
9196 5057 9461 8756 3706 
9197 3267 8791 9462 6557 
9198 8791 3269 6611 9462 
9199 9462 6611 3958 4889 
9200 6557 9462 4889 3268 
9201 2690 8034 9464 8030 
9202 8034 2865 4438 9464 
9203 9464 4438 3843 9463 
9204 8030 9464 9463 2687 
9205 3616 9242 9466 9465 
9206 9242 3166 4226 9466 
9207 9466 4226 3550 5317 
9208 9465 9466 5317 3932 
9209 2842 8362 9467 7615 
9210 8362 2635 8257 9467 
9211 9467 8257 3775 8024 
9212 7615 9467 8024 2843 
9213 2797 7507 9470 9469 
9214 7507 3081 7736 9470 
9215 9470 7736 3940 9468 
9216 9469 9470 9468 3874 
9217 2142 5071 9472 6513 
9218 5071 3759 9471 9472 
9219 9472 9471 501 500 
9220 6513 9472 500 499 
9221 2855 4641 9473 5980 
9222 4641 3758 8175 9473 
9223 9473 8175 777 776 
9224 5980 9473 776 775 
9225 3661 4633 9475 9079 
9226 4633 3499 9474 9475 
9227 9475 9474 3880 9412 
9228 9079 9475 9412 3399 
9229 578 9285 9477 577 
9230 9285 3731 8091 9477 
9231 9477 8091 3009 9476 
9232 577 9477 9476 576 
9233 3016 5138 9479 4612 
9234 5138 3730 9311 9479 
9235 9479 9311 538 9478 
9236 4612 9479 9478 3015 
9237 2376 7947 9481 8364 
9238 7947 2383 9480 9481 
9239 9481 9480 3743 9101 
9240 8364 9481 9101 2375 
9241 3391 5791 9482 4883 
9242 5791 3387 5890 9482 
9243 9482 5890 3362 8326 
9244 4883 9482 8326 3768 
9245 3966 9483 9485 9484 
9246 9483 2181 6265 9485 
9247 9485 6265 3420 7997 
9248 9484 9485 7997 3956 
9249 3102 5151 9488 5377 
9250 5151 3103 9486 9488 
9251 9488 9486 3930 9487 
9252 5377 9488 9487 3104 
9253 394 5557 9490 5873 
9254 5557 2248 6608 9490 
9255 9490 6608 4001 9489 
9256 5873 9490 9489 3258 
9257 3809 9334 9492 9491 
9258 9334 3827 7350 9492 
9259 9492 7350 3084 5247 
9260 9491 9492 5247 2861 
9261 2990 6606 9493 7147 
9262 6606 2992 4578 9493 
9263 9493 4578 3753 8949 
9264 7147 9493 8949 2991 
9265 3960 9494 9496 9495 
9266 9494 3967 9378 9496 
9267 9496 9378 2938 6959 
9268 9495 9496 6959 2939 
9269 2933 7408 9499 9498 
9270 7408 2934 9380 9499 
9271 9499 9380 3966 9497 
9272 9498 9499 9497 2935 
9273 3967 9494 9501 9500 
9274 9494 3960 7024 9501 
9275 9501 7024 3343 6263 
9276 9500 9501 6263 2180 
9277 2756 6813 9502 6086 
9278 6813 3435 8547 9502 
9279 9502 8547 3809 9491 
9280 6086 9502 9491 2861 
9281 503 502 9503 8564 
9282 502 501 9471 9503 
9283 9503 9471 3759 4249 
9284 8564 9503 4249 3762 
9285 3842 9504 9507 9352 
9286 9504 3544 9505 9507 
9287 9507 9505 3916 9506 
9288 9352 9507 9506 3716 
9289 3134 9508 9510 5569 
9290 9508 3828 9509 9510 
9291 9510 9509 3135 6445 
9292 5569 9510 6445 3132 
9293 3648 9266 9512 9405 
9294 9266 3066 7484 9512 
9295 9512 7484 3462 9511 
9296 9405 9512 9511 3737 
9297 3170 8813 9514 9513 
9298 8813 3832 7870 9514 
9299 9514 7870 2102 5382 
9300 9513 9514 5382 3145 
9301 3508 7914 9516 9515 
9302 7914 2807 4603 9516 
9303 9516 4603 3608 8239 
9304 9515 9516 8239 3778 
9305 2586 4019 9518 9517 
9306 4019 3085 5156 9518 
9307 9518 5156 3150 9289 
9308 9517 9518 9289 3954 
9309 264 5758 9519 263 
9310 5758 2553 4630 9519 
9311 9519 4630 3811 8348 
9312 263 9519 8348 262 
9313 2883 8171 9522 9521 
9314 8171 2815 9520 9522 
9315 9522 9520 3968 9450 
9316 9521 9522 9450 2931 
9317 2686 8358 9525 7687 
9318 8358 3543 9523 9525 
9319 9525 9523 3808 9524 
9320 7687 9525 9524 2907 
9321 757 8917 9527 758 
9322 8917 3631 9526 9527 
9323 9527 9526 3747 6450 
9324 758 9527 6450 759 
9325 3666 9174 9529 9204 
9326 9174 2836 9528 9529 
9327 9529 9528 3569 5093 
9328 9204 9529 5093 3723 
9329 2786 4387 9532 8957 
9330 4387 3486 9530 9532 
9331 9532 9530 3741 9531 
9332 8957 9532 9531 3976 
9333 725 724 9534 6064 
9334 724 723 9056 9534 
9335 9534 9056 3910 9533 
9336 6064 9534 9533 2851 
9337 3109 9276 9535 5412 
9338 9276 3741 9530 9535 
9339 9535 9530 3486 5170 
9340 5412 9535 5170 2524 
9341 3383 5121 9536 6016 
9342 5121 3790 8479 9536 
9343 9536 8479 3374 6248 
9344 6016 9536 6248 3377 
9345 2195 5358 9538 4564 
9346 5358 527 526 9538 
9347 9538 526 525 9537 
9348 4564 9538 9537 3779 
9349 2196 4568 9540 5364 
9350 4568 3780 9539 9540 
9351 9540 9539 589 588 
9352 5364 9540 588 587 
9353 2145 4638 9542 8565 
9354 4638 3782 9541 9542 
9355 9542 9541 507 506 
9356 8565 9542 506 505 
9357 3619 9258 9544 8798 
9358 9258 3746 9543 9544 
9359 9544 9543 2914 8909 
9360 8798 9544 8909 2701 
9361 2601 5784 9545 5946 
9362 5784 2706 8299 9545 
9363 9545 8299 3799 4149 
9364 5946 9545 4149 3393 
9365 2898 8734 9547 8106 
9366 8734 3792 9546 9547 
9367 9547 9546 2863 7808 
9368 8106 9547 7808 2744 
9369 2630 8568 9549 7449 
9370 8568 3548 9548 9549 
9371 9549 9548 3729 7929 
9372 7449 9549 7929 2987 
9373 2764 6303 9551 9550 
9374 6303 2765 8559 9551 
9375 9551 8559 3854 4802 
9376 9550 9551 4802 2766 
9377 2768 6560 9553 5779 
9378 6560 2961 9552 9553 
9379 9553 9552 3796 8206 
9380 5779 9553 8206 3235 
9381 2735 8075 9555 8688 
9382 8075 3575 9554 9555 
9383 9555 9554 3781 4329 
9384 8688 9555 4329 2964 
9385 3172 8962 9557 4349 
9386 8962 3860 9556 9557 
9387 9557 9556 3688 8514 
9388 4349 9557 8514 2663 
9389 2573 8213 9559 9417 
9390 8213 2814 8172 9559 
9391 9559 8172 3793 9558 
9392 9417 9559 9558 3702 
9393 634 633 9560 8472 
9394 633 632 9030 9560 
9395 9560 9030 3757 4558 
9396 8472 9560 4558 2101 
9397 3364 5560 9561 6403 
9398 5560 3355 6173 9561 
9399 9561 6173 3354 8355 
9400 6403 9561 8355 3800 
9401 2289 8432 9563 9105 
9402 8432 2384 9562 9563 
9403 9563 9562 3876 7636 
9404 9105 9563 7636 2477 
9405 3378 6651 9564 6118 
9406 6651 3802 8388 9564 
9407 9564 8388 3366 6101 
9408 6118 9564 6101 3367 
9409 3069 6627 9565 6146 
9410 6627 3072 7642 9565 
9411 9565 7642 3905 7130 
9412 6146 9565 7130 3068 
9413 3732 4397 9567 9317 
9414 4397 3708 9566 9567 
9415 9567 9566 3707 9107 
9416 9317 9567 9107 2860 
9417 3400 8540 9569 6091 
9418 8540 2920 9568 9569 
9419 9569 9568 2967 5387 
9420 6091 9569 5387 3885 
9421 2124 8466 9570 8051 
9422 8466 2534 4217 9570 
9423 9570 4217 3718 9415 
9424 8051 9570 9415 3479 
9425 2539 8497 9573 9572 
9426 8497 2537 8796 9573 
9427 9573 8796 3769 9571 
9428 9572 9573 9571 2595 
9429 2867 6237 9575 7051 
9430 6237 2866 9139 9575 
9431 9575 9139 3765 9574 
9432 7051 9575 9574 2868 
9433 509 508 9576 8643 
9434 508 507 9541 9576 
9435 9576 9541 3782 4499 
9436 8643 9576 4499 3794 
9437 3579 9093 9579 9578 
9438 9093 3756 9577 9579 
9439 9579 9577 2906 7684 
9440 9578 9579 7684 2907 
9441 3476 7074 9580 8731 
9442 7074 519 518 9580 
9443 9580 518 517 8625 
9444 8731 9580 8625 3797 
9445 3477 8733 9581 7072 
9446 8733 3798 8627 9581 
9447 9581 8627 597 596 
9448 7072 9581 596 595 
9449 2903 4443 9583 9582 
9450 4443 3247 6255 9583 
9451 9583 6255 2141 6859 
9452 9582 9583 6859 3840 
9453 2250 9584 9586 7925 
9454 9584 3893 9585 9586 
9455 9586 9585 3689 4487 
9456 7925 9586 4487 2684 
9457 2659 8907 9588 6169 
9458 8907 3528 6836 9588 
9459 9588 6836 3922 9587 
9460 6169 9588 9587 3401 
9461 2279 7867 9590 8875 
9462 7867 2278 9229 9590 
9463 9590 9229 3749 9589 
9464 8875 9590 9589 2347 
9465 3073 6629 9592 8839 
9466 6629 3074 9433 9592 
9467 9592 9433 3888 9591 
9468 8839 9592 9591 2759 
9469 3498 8507 9594 4583 
9470 8507 2506 9593 9594 
9471 9594 9593 3880 9474 
9472 4583 9594 9474 3499 
9473 2679 8901 9596 8097 
9474 8901 2984 4416 9596 
9475 9596 4416 3803 9595 
9476 8097 9596 9595 3578 
9477 3306 8381 9599 8529 
9478 8381 3806 9597 9599 
9479 9599 9597 2772 9598 
9480 8529 9599 9598 3754 
9481 2112 9302 9600 8622 
9482 9302 3851 4650 9600 
9483 9600 4650 2157 7695 
9484 8622 9600 7695 2131 
9485 2149 6652 9602 8699 
9486 6652 3805 9601 9602 
9487 9602 9601 607 606 
9488 8699 9602 606 605 
9489 2126 8101 9603 8470 
9490 8101 3480 9424 9603 
9491 9603 9424 3721 4113 
9492 8470 9603 4113 2533 
9493 2955 9305 9604 4296 
9494 9305 2853 6822 9604 
9495 9604 6822 3456 9041 
9496 4296 9604 9041 3772 
9497 609 608 9605 8646 
9498 608 607 9601 9605 
9499 9605 9601 3805 4620 
9500 8646 9605 4620 3795 
9501 581 580 9607 4983 
9502 580 10 573 9607 
9503 9607 573 574 9606 
9504 4983 9607 9606 3935 
9505 533 4979 9609 534 
9506 4979 3936 9608 9609 
9507 9609 9608 540 541 
9508 534 9609 541 9 
9509 3838 4450 9611 9610 
9510 4450 3815 6968 9611 
9511 9611 6968 354 355 
9512 9610 9611 355 356 
9513 3344 5894 9613 6963 
9514 5894 3345 9406 9613 
9515 9613 9406 3737 9612 
9516 6963 9613 9612 3825 
9517 2587 8047 9616 9615 
9518 8047 2491 6277 9616 
9519 9616 6277 2493 9614 
9520 9615 9616 9614 3896 
9521 2486 6417 9618 9249 
9522 6417 2485 9421 9618 
9523 9618 9421 3897 9617 
9524 9249 9618 9617 2487 
9525 2801 7003 9620 8384 
9526 7003 2969 4850 9620 
9527 9620 4850 3872 9619 
9528 8384 9620 9619 2862 
9529 2803 8386 9622 7005 
9530 8386 3676 9621 9622 
9531 9622 9621 3873 4844 
9532 7005 9622 4844 2968 
9533 3917 9623 9626 9625 
9534 9623 3218 6724 9626 
9535 9626 6724 3869 9624 
9536 9625 9626 9624 2373 
9537 2660 7584 9628 8263 
9538 7584 2901 9363 9628 
9539 9628 9363 3763 9627 
9540 8263 9628 9627 2902 
9541 615 614 9630 8615 
9542 614 613 9629 9630 
9543 9630 9629 3826 4427 
9544 8615 9630 4427 3784 
9545 3695 8970 9632 8650 
9546 8970 3767 4551 9632 
9547 9632 4551 2940 9631 
9548 8650 9632 9631 2824 
9549 2148 4376 9634 8644 
9550 4376 3812 9633 9634 
9551 9634 9633 513 512 
9552 8644 9634 512 511 
9553 2167 7934 9635 5867 
9554 7934 3579 9578 9635 
9555 9635 9578 2907 9524 
9556 5867 9635 9524 3808 
9557 3875 4800 9637 9636 
9558 4800 2950 7091 9637 
9559 9637 7091 3457 8987 
9560 9636 9637 8987 3776 
9561 3389 5792 9638 6056 
9562 5792 3392 5073 9638 
9563 9638 5073 3925 8942 
9564 6056 9638 8942 3390 
9565 2778 6847 9639 8126 
9566 6847 3021 5085 9639 
9567 9639 5085 3781 9554 
9568 8126 9639 9554 3575 
9569 2584 7795 9640 7269 
9570 7795 3493 9390 9640 
9571 9640 9390 3754 9598 
9572 7269 9640 9598 2772 
9573 3704 8633 9641 9342 
9574 8633 3844 4565 9641 
9575 9641 4565 2941 7002 
9576 9342 9641 7002 2832 
9577 3705 9344 9642 8631 
9578 9344 2831 7006 9642 
9579 9642 7006 2942 4567 
9580 8631 9642 4567 3845 
9581 3850 9643 9644 4088 
9582 9643 2562 5743 9644 
9583 9644 5743 3151 4720 
9584 4088 9644 4720 3983 
9585 515 514 9645 8706 
9586 514 513 9633 9645 
9587 9645 9633 3812 4966 
9588 8706 9645 4966 3822 
9589 2151 8236 9647 8628 
9590 8236 3824 9646 9647 
9591 9647 9646 601 600 
9592 8628 9647 600 599 
9593 3148 4440 9648 5481 
9594 4440 3838 9610 9648 
9595 9648 9610 356 357 
9596 5481 9648 357 358 
9597 603 602 9649 8698 
9598 602 601 9646 9649 
9599 9649 9646 3824 4956 
9600 8698 9649 4956 3814 
9601 2144 5122 9650 8647 
9602 5122 3826 9629 9650 
9603 9650 9629 613 612 
9604 8647 9650 612 611 
9605 3171 7458 9651 9459 
9606 7458 2864 8339 9651 
9607 9651 8339 3698 9035 
9608 9459 9651 9035 3715 
9609 3112 9426 9652 4682 
9610 9426 3786 8872 9652 
9611 9652 8872 2625 6992 
9612 4682 9652 6992 2790 
9613 3780 4533 9653 9539 
9614 4533 3830 8606 9653 
9615 9653 8606 591 590 
9616 9539 9653 590 589 
9617 3779 9537 9654 4537 
9618 9537 525 524 9654 
9619 9654 524 523 8604 
9620 4537 9654 8604 3829 
9621 3937 8834 9658 9657 
9622 8834 3263 9655 9658 
9623 9658 9655 3853 9656 
9624 9657 9658 9656 3454 
9625 2171 8984 9660 7725 
9626 8984 3728 5258 9660 
9627 9660 5258 3788 9659 
9628 7725 9660 9659 2172 
9629 2582 7271 9662 7797 
9630 7271 2773 9661 9662 
9631 9662 9661 3760 9394 
9632 7797 9662 9394 3492 
9633 2252 9194 9663 4786 
9634 9194 2175 7656 9663 
9635 9663 7656 2172 9659 
9636 4786 9663 9659 3788 
9637 3721 9423 9664 4905 
9638 9423 2789 7707 9664 
9639 9664 7707 3458 9226 
9640 4905 9664 9226 3801 
9641 2658 6881 9666 9365 
9642 6881 2859 9408 9666 
9643 9666 9408 3841 9665 
9644 9365 9666 9665 2947 
9645 468 9270 9668 467 
9646 9270 3734 9667 9668 
9647 9668 9667 3756 9092 
9648 467 9668 9092 466 
9649 2818 5165 9671 4953 
9650 5165 2952 9669 9671 
9651 9671 9669 3997 9670 
9652 4953 9671 9670 3563 
9653 2447 7908 9672 6941 
9654 7908 3508 9515 9672 
9655 9672 9515 3778 4241 
9656 6941 9672 4241 2712 
9657 2433 8309 9674 7603 
9658 8309 2296 8281 9674 
9659 9674 8281 3834 9673 
9660 7603 9674 9673 2476 
9661 2794 4880 9676 4925 
9662 4880 3218 9623 9676 
9663 9676 9623 3917 9675 
9664 4925 9676 9675 3089 
9665 2780 8158 9677 6953 
9666 8158 3578 9595 9677 
9667 9677 9595 3803 5075 
9668 6953 9677 5075 3022 
9669 2271 8577 9678 8567 
9670 8577 2338 9331 9678 
9671 9678 9331 3729 9548 
9672 8567 9678 9548 3548 
9673 2611 8503 9679 7841 
9674 8503 2943 4291 9679 
9675 9679 4291 3993 8072 
9676 7841 9679 8072 2401 
9677 3519 8947 9682 9681 
9678 8947 3831 9680 9682 
9679 9682 9680 3613 9027 
9680 9681 9682 9027 3511 
9681 3064 6137 9685 9684 
9682 6137 3070 9142 9685 
9683 9685 9142 3970 9683 
9684 9684 9685 9683 3071 
9685 2400 8379 9686 8681 
9686 8379 2435 8549 9686 
9687 9686 8549 3745 9067 
9688 8681 9686 9067 3567 
9689 2913 8911 9688 6985 
9690 8911 3870 9687 9688 
9691 9688 9687 2476 9673 
9692 6985 9688 9673 3834 
9693 3497 7540 9690 9689 
9694 7540 2827 8690 9690 
9695 9690 8690 3726 6794 
9696 9689 9690 6794 3610 
9697 28 4899 9692 9024 
9698 4899 2107 8231 9692 
9699 9692 8231 2710 9691 
9700 9024 9692 9691 3906 
9701 2763 8658 9693 9222 
9702 8658 3645 9086 9693 
9703 9693 9086 2910 4211 
9704 9222 9693 4211 3674 
9705 321 322 9695 8122 
9706 322 323 8739 9695 
9707 9695 8739 3879 9694 
9708 8122 9695 9694 3577 
9709 141 5624 9697 5974 
9710 5624 2353 8341 9697 
9711 9697 8341 3948 9696 
9712 5974 9697 9696 3256 
9713 3947 9436 9699 8346 
9714 9436 2354 5627 9699 
9715 9699 5627 3257 9698 
9716 8346 9699 9698 3949 
9717 2656 7267 9700 8307 
9718 7267 2772 9597 9700 
9719 9700 9597 3806 4233 
9720 8307 9700 4233 2888 
9721 3760 9661 9701 8996 
9722 9661 2773 8249 9701 
9723 9701 8249 2887 4237 
9724 8996 9701 4237 3807 
9725 2667 9702 9704 8418 
9726 9702 3952 9703 9704 
9727 9704 9703 3693 4212 
9728 8418 9704 4212 2910 
9729 2226 6839 9706 9705 
9730 6839 2257 6257 9706 
9731 9706 6257 3946 8553 
9732 9705 9706 8553 2219 
9733 3765 9280 9707 9574 
9734 9280 3804 6385 9707 
9735 9707 6385 3472 7052 
9736 9574 9707 7052 2868 
9737 2935 9708 9710 9498 
9738 9708 2956 9709 9710 
9739 9710 9709 3855 8817 
9740 9498 9710 8817 2933 
9741 2939 6958 9713 9712 
9742 6958 2937 8821 9713 
9743 9713 8821 3856 9711 
9744 9712 9713 9711 2958 
9745 3181 4821 9714 5363 
9746 4821 3551 8630 9714 
9747 9714 8630 3845 4569 
9748 5363 9714 4569 2196 
9749 3182 5359 9715 6326 
9750 5359 2195 4563 9715 
9751 9715 4563 3844 8634 
9752 6326 9715 8634 3017 
9753 645 5691 9717 5859 
9754 5691 2115 9182 9717 
9755 9717 9182 3972 9716 
9756 5859 9717 9716 3156 
9757 718 717 9720 9719 
9758 717 716 8807 9720 
9759 9720 8807 3833 9718 
9760 9719 9720 9718 2530 
9761 3264 6879 9722 9721 
9762 6879 3265 8438 9722 
9763 9722 8438 3955 8881 
9764 9721 9722 8881 3736 
9765 2732 8776 9725 9724 
9766 8776 3796 9552 9725 
9767 9725 9552 2961 9723 
9768 9724 9725 9723 3933 
9769 3852 9726 9729 9728 
9770 9726 3694 4808 9729 
9771 9729 4808 2883 9727 
9772 9728 9729 9727 3868 
9773 3303 5146 9731 8010 
9774 5146 3302 9730 9731 
9775 9731 9730 3904 8668 
9776 8010 9731 8668 3691 
9777 3842 5865 9733 9504 
9778 5865 3808 9523 9733 
9779 9733 9523 3543 9732 
9780 9504 9733 9732 3544 
9781 2730 6718 9734 6774 
9782 6718 2732 9724 9734 
9783 9734 9724 3933 8637 
9784 6774 9734 8637 3443 
9785 3748 8670 9736 8538 
9786 8670 3697 9735 9736 
9787 9736 9735 3709 9313 
9788 8538 9736 9313 2579 
9789 3752 8990 9737 9441 
9790 8990 3846 4128 9737 
9791 9737 4128 2228 6617 
9792 9441 9737 6617 3430 
9793 462 7935 9738 461 
9794 7935 2167 5866 9738 
9795 9738 5866 3978 8314 
9796 461 9738 8314 460 
9797 3992 9739 9741 4087 
9798 9739 3900 6281 9741 
9799 9741 6281 2890 9740 
9800 4087 9741 9740 3850 
9801 2921 5061 9742 6974 
9802 5061 2998 8132 9742 
9803 9742 8132 3914 8988 
9804 6974 9742 8988 2922 
9805 22 8866 9743 4985 
9806 8866 3863 7240 9743 
9807 9743 7240 2312 7304 
9808 4985 9743 7304 2261 
9809 3005 8533 9745 4694 
9810 8533 3200 9744 9745 
9811 9745 9744 3913 8769 
9812 4694 9745 8769 3494 
9813 2611 7840 9747 8504 
9814 7840 2682 9264 9747 
9815 9747 9264 3819 9746 
9816 8504 9747 9746 2856 
9817 3420 6322 9748 7994 
9818 6322 3419 5881 9748 
9819 9748 5881 3411 9383 
9820 7994 9748 9383 3882 
9821 3813 9434 9750 9165 
9822 9434 3074 6628 9750 
9823 9750 6628 3069 9749 
9824 9165 9750 9749 3817 
9825 3849 9751 9753 8946 
9826 9751 2536 7504 9753 
9827 9753 7504 3934 9752 
9828 8946 9753 9752 3831 
9829 3301 5145 9754 6329 
9830 5145 3709 9735 9754 
9831 9754 9735 3697 9130 
9832 6329 9754 9130 3299 
9833 2178 5198 9755 4699 
9834 5198 3304 7023 9755 
9835 9755 7023 3904 9730 
9836 4699 9755 9730 3302 
9837 2120 6540 9757 5995 
9838 6540 3174 9756 9757 
9839 9757 9756 3911 9150 
9840 5995 9757 9150 3173 
9841 3123 8861 9759 5826 
9842 8861 3124 9758 9759 
9843 9759 9758 3914 8131 
9844 5826 9759 8131 2103 
9845 3142 9287 9760 5641 
9846 9287 3651 9410 9760 
9847 9760 9410 3877 4373 
9848 5641 9760 4373 2350 
9849 3594 5385 9762 9761 
9850 5385 3867 8426 9762 
9851 9762 8426 478 479 
9852 9761 9762 479 480 
9853 3324 4419 9763 5133 
9854 4419 3747 9526 9763 
9855 9763 9526 3631 8251 
9856 5133 9763 8251 2629 
9857 3922 9764 9766 9587 
9858 9764 3464 9765 9766 
9859 9766 9765 3926 9397 
9860 9587 9766 9397 3401 
9861 2920 7058 9767 9568 
9862 7058 2891 7742 9767 
9863 9767 7742 3942 6595 
9864 9568 9767 6595 2967 
9865 3000 4507 9770 5533 
9866 4507 2707 9768 9770 
9867 9770 9768 3886 9769 
9868 5533 9770 9769 3701 
9869 282 283 9771 6314 
9870 283 284 8864 9771 
9871 9771 8864 3886 9768 
9872 6314 9771 9768 2707 
9873 2653 7092 9772 6742 
9874 7092 2950 4799 9772 
9875 9772 4799 3854 8937 
9876 6742 9772 8937 2930 
9877 3463 8044 9774 4737 
9878 8044 2502 9773 9774 
9879 9774 9773 3922 6835 
9880 4737 9774 6835 3680 
9881 2554 7604 9776 8359 
9882 7604 2476 9687 9776 
9883 9776 9687 3870 9775 
9884 8359 9776 9775 2618 
9885 250 6089 9778 249 
9886 6089 2708 9777 9778 
9887 9778 9777 3884 8841 
9888 249 9778 8841 248 
9889 3789 9779 9781 8860 
9890 9779 2766 4801 9781 
9891 9781 4801 3875 9780 
9892 8860 9781 9780 3124 
9893 2209 7451 9782 6680 
9894 7451 2176 9239 9782 
9895 9782 9239 3839 9052 
9896 6680 9782 9052 2212 
9897 3737 9511 9783 9612 
9898 9511 3462 7470 9783 
9899 9783 7470 3058 9431 
9900 9612 9783 9431 3825 
9901 243 244 9784 5506 
9902 244 245 8720 9784 
9903 9784 8720 3878 8532 
9904 5506 9784 8532 2709 
9905 2622 6002 9785 7811 
9906 6002 2845 7765 9785 
9907 9785 7765 3713 9339 
9908 7811 9785 9339 3685 
9909 2623 7809 9786 5998 
9910 7809 3684 9337 9786 
9911 9786 9337 3712 7771 
9912 5998 9786 7771 2844 
9913 328 6319 9788 327 
9914 6319 2826 9787 9788 
9915 9788 9787 3879 8738 
9916 327 9788 8738 326 
9917 2678 6915 9789 9318 
9918 6915 2852 9133 9789 
9919 9789 9133 3890 4768 
9920 9318 9789 4768 2951 
9921 670 9790 9792 671 
9922 9790 3485 8712 9792 
9923 9792 8712 3928 9791 
9924 671 9792 9791 672 
9925 3105 5307 9793 5379 
9926 5307 3950 4105 9793 
9927 9793 4105 3416 5611 
9928 5379 9793 5611 3128 
9929 2902 9627 9795 8220 
9930 9627 3763 9794 9795 
9931 9795 9794 3915 8758 
9932 8220 9795 8758 3394 
9933 3487 9428 9797 8685 
9934 9428 3740 8591 9797 
9935 9797 8591 3739 9796 
9936 8685 9797 9796 2525 
9937 2766 9779 9798 9550 
9938 9779 3789 4466 9798 
9939 9798 4466 3588 8391 
9940 9550 9798 8391 2764 
9941 3671 8950 9799 8702 
9942 8950 3753 4577 9799 
9943 9799 4577 3638 9146 
9944 8702 9799 9146 2543 
9945 2947 9800 9803 9366 
9946 9800 3858 9801 9803 
9947 9803 9801 2595 9802 
9948 9366 9803 9802 3816 
9949 3175 7667 9805 6541 
9950 7667 3176 7922 9805 
9951 9805 7922 3973 9804 
9952 6541 9805 9804 3174 
9953 3833 4172 9807 9718 
9954 4172 3649 9110 9807 
9955 9807 9110 3965 9806 
9956 9718 9807 9806 2530 
9957 2895 9808 9809 4810 
9958 9808 2894 9160 9809 
9959 9809 9160 3702 9558 
9960 4810 9809 9558 3793 
9961 2335 5903 9810 5059 
9962 5903 95 96 9810 
9963 9810 96 97 7977 
9964 5059 9810 7977 3907 
9965 3438 4870 9812 6784 
9966 4870 2544 7850 9812 
9967 9812 7850 3471 9811 
9968 6784 9812 9811 3996 
9969 2919 6831 9814 9189 
9970 6831 3440 8958 9814 
9971 9814 8958 3976 9813 
9972 9189 9814 9813 2993 
9973 3949 9698 9815 9381 
9974 9698 3257 5977 9815 
9975 9815 5977 2181 9483 
9976 9381 9815 9483 3966 
9977 3948 9377 9816 9696 
9978 9377 3967 9500 9816 
9979 9816 9500 2180 5975 
9980 9696 9816 5975 3256 
9981 2562 9643 9818 5434 
9982 9643 3850 9740 9818 
9983 9818 9740 2890 9817 
9984 5434 9818 9817 3892 
9985 2824 9631 9819 6815 
9986 9631 2940 4556 9819 
9987 9819 4556 3859 8490 
9988 6815 9819 8490 3887 
9989 2739 9171 9820 7905 
9990 9171 2903 9582 9820 
9991 9820 9582 3840 4680 
9992 7905 9820 4680 3591 
9993 741 6200 9822 6244 
9994 6200 2128 9821 9822 
9995 9822 9821 3929 7235 
9996 6244 9822 7235 3333 
9997 3145 5970 9823 9513 
9998 5970 2336 6596 9823 
9999 9823 6596 3942 7741 
10000 9513 9823 7741 3170 
10001 2927 8033 9824 8055 
10002 8033 3077 8191 9824 
10003 9824 8191 3694 9726 
10004 8055 9824 9726 3852 
10005 2891 7057 9825 7739 
10006 7057 2876 7214 9825 
10007 9825 7214 2874 9090 
10008 7739 9825 9090 3861 
10009 3945 9826 9828 4944 
10010 9826 2509 9827 9828 
10011 9828 9827 3927 9184 
10012 4944 9828 9184 3656 
10013 2349 6380 9829 6505 
10014 6380 3414 8641 9829 
10015 9829 8641 3953 5715 
10016 6505 9829 5715 3277 
10017 2539 9572 9830 6763 
10018 9572 2595 9801 9830 
10019 9830 9801 3858 9004 
10020 6763 9830 9004 2672 
10021 3938 9214 9833 9832 
10022 9214 3398 9413 9833 
10023 9833 9413 3880 9831 
10024 9832 9833 9831 3500 
10025 3200 4684 9834 9744 
10026 4684 289 290 9834 
10027 9834 290 291 8544 
10028 9744 9834 8544 3913 
10029 3607 7649 9836 8225 
10030 7649 3624 4729 9836 
10031 9836 4729 3908 9835 
10032 8225 9836 9835 2671 
10033 2337 8773 9837 5967 
10034 8773 3332 8882 9837 
10035 9837 8882 3955 8437 
10036 5967 9837 8437 3331 
10037 3511 7889 9838 9681 
10038 7889 2521 9235 9838 
10039 9838 9235 3837 4278 
10040 9681 9838 4278 3519 
10041 2334 5296 9839 5905 
10042 5296 3944 7992 9839 
10043 9839 7992 237 238 
10044 5905 9839 238 239 
10045 3543 8357 9841 9732 
10046 8357 2618 9840 9841 
10047 9841 9840 3916 9505 
10048 9732 9841 9505 3544 
10049 3384 5219 9842 8396 
10050 5219 2632 7912 9842 
10051 9842 7912 3971 5717 
10052 8396 9842 5717 3385 
10053 2348 9144 9844 8825 
10054 9144 3848 9843 9844 
10055 9844 9843 2283 8155 
10056 8825 9844 8155 2281 
10057 3154 9293 9845 7665 
10058 9293 3155 4041 9845 
10059 9845 4041 3986 8561 
10060 7665 9845 8561 3152 
10061 3395 5886 9846 6421 
10062 5886 3396 4890 9846 
10063 9846 4890 3958 6610 
10064 6421 9846 6610 2631 
10065 2859 6883 9847 9409 
10066 6883 2833 8095 9847 
10067 9847 8095 2924 4374 
10068 9409 9847 4374 3877 
10069 2204 5036 9848 7589 
10070 5036 3903 8930 9848 
10071 9848 8930 2302 6995 
10072 7589 9848 6995 2233 
10073 2206 7591 9849 5040 
10074 7591 2231 8196 9849 
10075 9849 8196 2300 8928 
10076 5040 9849 8928 3902 
10077 2994 6047 9851 4832 
10078 6047 3533 9850 9851 
10079 9851 9850 3865 4044 
10080 4832 9851 4044 2995 
10081 3929 9821 9853 8675 
10082 9821 2128 6199 9853 
10083 9853 6199 3402 9852 
10084 8675 9853 9852 3961 
10085 3945 9392 9856 9855 
10086 9392 3397 9456 9856 
10087 9856 9456 3921 9854 
10088 9855 9856 9854 3571 
10089 2935 9857 9859 9708 
10090 9857 2957 8854 9859 
10091 9859 8854 3923 9858 
10092 9708 9859 9858 2956 
10093 3756 9667 9860 9577 
10094 9667 3734 9269 9860 
10095 9860 9269 3717 9386 
10096 9577 9860 9386 2906 
10097 3823 4705 9861 9199 
10098 4705 2850 8409 9861 
10099 9861 8409 2687 9463 
10100 9199 9861 9463 3843 
10101 2710 8230 9864 9863 
10102 8230 3554 4384 9864 
10103 9864 4384 2966 9862 
10104 9863 9864 9862 3990 
10105 2769 8002 9865 6563 
10106 8002 2962 8638 9865 
10107 9865 8638 3933 9723 
10108 6563 9865 9723 2961 
10109 2965 4145 9867 9866 
10110 4145 2949 4927 9867 
10111 9867 4927 3871 8324 
10112 9866 9867 8324 3761 
10113 3224 4007 9868 9438 
10114 4007 559 560 9868 
10115 9868 560 561 8934 
10116 9438 9868 8934 3951 
10117 3064 9684 9870 7487 
10118 9684 3071 9869 9870 
10119 9870 9869 3980 4909 
10120 7487 9870 4909 3475 
10121 3044 5934 9871 6215 
10122 5934 3045 4743 9871 
10123 9871 4743 3912 9021 
10124 6215 9871 9021 3043 
10125 2664 7397 9873 7208 
10126 7397 2909 9872 9873 
10127 9873 9872 3889 9059 
10128 7208 9873 9059 3444 
10129 766 765 9875 8886 
10130 765 764 9075 9875 
10131 9875 9075 3847 9874 
10132 8886 9875 9874 2507 
10133 2680 7623 9877 7145 
10134 7623 2617 9197 9877 
10135 9877 9197 3881 9876 
10136 7145 9877 9876 2820 
10137 3133 6443 9879 8742 
10138 6443 3135 9878 9879 
10139 9879 9878 3992 4090 
10140 8742 9879 4090 3136 
10141 3920 9880 9882 8659 
10142 9880 2849 8789 9882 
10143 9882 8789 3489 9881 
10144 8659 9882 9881 3751 
10145 3764 9013 9884 9115 
10146 9013 2892 9368 9884 
10147 9884 9368 3725 9883 
10148 9115 9884 9883 3744 
10149 3817 9749 9887 9886 
10150 9749 3069 6145 9887 
10151 9887 6145 3067 9885 
10152 9886 9887 9885 3883 
10153 2841 8704 9889 9298 
10154 8704 3961 9852 9889 
10155 9889 9852 3402 9888 
10156 9298 9889 9888 3988 
10157 3489 8499 9890 9881 
10158 8499 3488 8787 9890 
10159 9890 8787 2602 8525 
10160 9881 9890 8525 3751 
10161 2552 9891 9892 6337 
10162 9891 3979 7182 9892 
10163 9892 7182 2538 8795 
10164 6337 9892 8795 2434 
10165 2914 9893 9894 8910 
10166 9893 3916 9840 9894 
10167 9894 9840 2618 9775 
10168 8910 9894 9775 3870 
10169 3965 9162 9897 9896 
10170 9162 2851 9533 9897 
10171 9897 9533 3910 9895 
10172 9896 9897 9895 3576 
10173 2925 6955 9899 5294 
10174 6955 2926 9898 9899 
10175 9899 9898 4002 6842 
10176 5294 9899 6842 3003 
10177 2462 9900 9903 8783 
10178 9900 3810 9901 9903 
10179 9903 9901 3632 9902 
10180 8783 9903 9902 3573 
10181 3246 5959 9905 5537 
10182 5959 2379 9083 9905 
10183 9905 9083 3999 9904 
10184 5537 9905 9904 3437 
10185 3682 9906 9908 7698 
10186 9906 3984 9907 9908 
10187 9908 9907 3507 4760 
10188 7698 9908 4760 3080 
10189 3966 9484 9909 9497 
10190 9484 3956 7996 9909 
10191 9909 7996 2957 9857 
10192 9497 9909 9857 2935 
10193 2598 5999 9911 9253 
10194 5999 2844 7770 9911 
10195 9911 7770 3773 9910 
10196 9253 9911 9910 3835 
10197 2599 9251 9913 6001 
10198 9251 3836 9912 9913 
10199 9913 9912 3774 7766 
10200 6001 9913 7766 2845 
10201 3888 4757 9914 9591 
10202 4757 3969 8960 9914 
10203 9914 8960 2674 6375 
10204 9591 9914 6375 2759 
10205 3904 7022 9915 8665 
10206 7022 3960 9495 9915 
10207 9915 9495 2939 9712 
10208 8665 9915 9712 2958 
10209 3265 6878 9916 8436 
10210 6878 3577 9694 9916 
10211 9916 9694 3879 9787 
10212 8436 9916 9787 2826 
10213 2839 7032 9918 4479 
10214 7032 3582 9297 9918 
10215 9918 9297 3987 9917 
10216 4479 9918 9917 3243 
10217 3063 9919 9921 6139 
10218 9919 3939 9920 9921 
10219 9921 9920 3848 9143 
10220 6139 9921 9143 3070 
10221 3071 9683 9925 9924 
10222 9683 3970 9922 9925 
10223 9925 9922 3632 9923 
10224 9924 9925 9923 3930 
10225 3484 9210 9927 9388 
10226 9210 3931 9926 9927 
10227 9927 9926 2525 9796 
10228 9388 9927 9796 3739 
10229 3810 9900 9928 7678 
10230 9900 2462 8278 9928 
10231 9928 8278 3535 8837 
10232 7678 9928 8837 3864 
10233 2226 9705 9930 4434 
10234 9705 2219 9195 9930 
10235 9930 9195 3919 9929 
10236 4434 9930 9929 2262 
10237 2771 8967 9933 7938 
10238 8967 3665 9931 9933 
10239 9933 9931 3974 9932 
10240 7938 9933 9932 3006 
10241 2777 7126 9934 5095 
10242 7126 2797 9469 9934 
10243 9934 9469 3874 9332 
10244 5095 9934 9332 3460 
10245 2713 7035 9936 8063 
10246 7035 2971 8729 9936 
10247 9936 8729 3909 9935 
10248 8063 9936 9935 2972 
10249 3533 7800 9937 9850 
10250 7800 2174 4058 9937 
10251 9937 4058 3622 8803 
10252 9850 9937 8803 3865 
10253 2251 8696 9938 7645 
10254 8696 2308 5102 9938 
10255 9938 5102 3893 9584 
10256 7645 9938 9584 2250 
10257 814 813 9940 9939 
10258 813 812 8923 9940 
10259 9940 8923 3927 9827 
10260 9939 9940 9827 2509 
10261 3402 6547 9942 9888 
10262 6547 3429 9941 9942 
10263 9942 9941 3987 9299 
10264 9888 9942 9299 3988 
10265 3110 9943 9945 5349 
10266 9943 3883 9944 9945 
10267 9945 9944 3995 9374 
10268 5349 9945 9374 2522 
10269 2130 8053 9946 8856 
10270 8053 2154 9088 9946 
10271 9946 9088 3991 4935 
10272 8856 9946 4935 2188 
10273 2810 7456 9947 4348 
10274 7456 3171 9458 9947 
10275 9947 9458 3975 8963 
10276 4348 9947 8963 3172 
10277 3019 7159 9948 8405 
10278 7159 3018 7095 9948 
10279 9948 7095 3020 5425 
10280 8405 9948 5425 3963 
10281 3011 5161 9949 4819 
10282 5161 3012 4775 9949 
10283 9949 4775 3962 5419 
10284 4819 9949 5419 3014 
10285 2575 9157 9950 7974 
10286 9157 3688 9556 9950 
10287 9950 9556 3860 9328 
10288 7974 9950 9328 3468 
10289 3243 9917 9951 4175 
10290 9917 3987 9941 9951 
10291 9951 9941 3429 6797 
10292 4175 9951 6797 2129 
10293 3744 9883 9952 9217 
10294 9883 3725 8487 9952 
10295 9952 8487 3859 4555 
10296 9217 9952 4555 2372 
10297 3504 7114 9954 7790 
10298 7114 2104 6843 9954 
10299 9954 6843 4002 9953 
10300 7790 9954 9953 3506 
10301 2461 8723 9955 8431 
10302 8723 2547 9245 9955 
10303 9955 9245 3876 9562 
10304 8431 9955 9562 2384 
10305 2917 7832 9956 7578 
10306 7832 3689 9585 9956 
10307 9956 9585 3893 5101 
10308 7578 9956 5101 2997 
10309 2189 8980 9958 9291 
10310 8980 4000 9957 9958 
10311 9958 9957 2923 4690 
10312 9291 9958 4690 3710 
10313 2876 7056 9959 7215 
10314 7056 2881 9452 9959 
10315 9959 9452 3989 8982 
10316 7215 9959 8982 2877 
10317 675 674 9960 4895 
10318 674 7 673 9960 
10319 9960 673 672 9791 
10320 4895 9960 9791 3928 
10321 670 7505 9961 9790 
10322 7505 2536 9751 9961 
10323 9961 9751 3849 8713 
10324 9790 9961 8713 3485 
10325 656 9962 9963 8284 
10326 9962 3454 9656 9963 
10327 9963 9656 3853 4586 
10328 8284 9963 4586 2526 
10329 3889 9872 9964 4710 
10330 9872 2909 7384 9964 
10331 9964 7384 3007 4003 
10332 4710 9964 4003 3964 
10333 3049 7442 9965 6212 
10334 7442 3055 4011 9965 
10335 9965 4011 3981 8998 
10336 6212 9965 8998 3047 
10337 2559 8226 9966 8026 
10338 8226 2671 9835 9966 
10339 9966 9835 3908 4516 
10340 8026 9966 4516 3512 
10341 2478 7547 9967 7337 
10342 7547 2528 9201 9967 
10343 9967 9201 3959 9118 
10344 7337 9967 9118 2613 
10345 2556 9164 9968 5698 
10346 9164 3817 9886 9968 
10347 9968 9886 3883 9943 
10348 5698 9968 9943 3110 
10349 704 703 9970 9969 
10350 703 702 9187 9970 
10351 9970 9187 3926 9765 
10352 9969 9970 9765 3464 
10353 26 803 9971 9209 
10354 803 802 8686 9971 
10355 9971 8686 2525 9926 
10356 9209 9971 9926 3931 
10357 2690 8029 9972 8035 
10358 8029 3693 9703 9972 
10359 9972 9703 3952 8192 
10360 8035 9972 8192 3077 
10361 3885 5386 9974 6088 
10362 5386 3594 9973 9974 
10363 9974 9973 3884 9777 
10364 6088 9974 9777 2708 
10365 2757 9975 9977 8746 
10366 9975 3994 9976 9977 
10367 9977 9976 3264 9721 
10368 8746 9977 9721 3736 
10369 3063 6786 9979 9919 
10370 6786 3507 9907 9979 
10371 9979 9907 3984 9978 
10372 9919 9979 9978 3939 
10373 2912 9350 9981 7375 
10374 9350 3714 9980 9981 
10375 9981 9980 3999 9082 
10376 7375 9981 9082 2959 
10377 3681 8761 9983 9362 
10378 8761 2770 9982 9983 
10379 9983 9982 3915 9794 
10380 9362 9983 9794 3763 
10381 3259 5874 9985 9015 
10382 5874 3258 9489 9985 
10383 9985 9489 4001 9984 
10384 9015 9985 9984 3985 
10385 718 9719 9987 9986 
10386 9719 2530 9806 9987 
10387 9987 9806 3965 9896 
10388 9986 9987 9896 3576 
10389 3883 9885 9988 9944 
10390 9885 3067 7250 9988 
10391 9988 7250 3065 9375 
10392 9944 9988 9375 3995 
10393 814 9989 9990 815 
10394 9989 3571 9854 9990 
10395 9990 9854 3921 9154 
10396 815 9990 9154 816 
10397 3708 8887 9991 9566 
10398 8887 2507 9874 9991 
10399 9991 9874 3847 8293 
10400 9566 9991 8293 3707 
10401 480 481 9992 9761 
10402 481 482 8842 9992 
10403 9992 8842 3884 9973 
10404 9761 9992 9973 3594 
10405 718 9986 9993 719 
10406 9986 3576 9895 9993 
10407 9993 9895 3910 9055 
10408 719 9993 9055 720 
10409 536 9310 9994 535 
10410 9310 2480 7160 9994 
10411 9994 7160 3894 8889 
10412 535 9994 8889 16 
10413 2206 5039 9995 4664 
10414 5039 3895 7162 9995 
10415 9995 7162 2479 9284 
10416 4664 9995 9284 17 
10417 2665 8511 9996 8760 
10418 8511 3553 4308 9996 
10419 9996 4308 3915 9982 
10420 8760 9996 9982 2770 
10421 3443 8636 9997 6775 
10422 8636 3506 9953 9997 
10423 9997 9953 4002 9898 
10424 6775 9997 9898 2926 
10425 3089 9998 9999 4926 
10426 9998 2100 8765 9999 
10427 9999 8765 3467 8321 
10428 4926 9999 8321 3871 
10429 2209 6679 10000 7452 
10430 6679 2983 4874 10000 
10431 10000 4874 3996 9811 
10432 7452 10000 9811 3471 
10433 2988 7931 10002 7626 
10434 7931 2989 10001 10002 
10435 10002 10001 3940 8793 
10436 7626 10002 8793 3547 
10437 2703 7262 10003 8570 
10438 7262 2923 9957 10003 
10439 10003 9957 4000 9359 
10440 8570 10003 9359 3603 
10441 2836 7730 10004 9528 
10442 7730 2953 9307 10004 
10443 10004 9307 3982 4496 
10444 9528 10004 4496 3569 
10445 752 751 10006 10005 
10446 751 750 9295 10006 
10447 10006 9295 3938 9832 
10448 10005 10006 9832 3500 
10449 656 655 10007 9962 
10450 655 654 9372 10007 
10451 10007 9372 3937 9657 
10452 9962 10007 9657 3454 
10453 2886 10008 10010 10009 
10454 10008 3911 9756 10010 
10455 10010 9756 3174 9804 
10456 10009 10010 9804 3973 
10457 752 10005 10011 8506 
10458 10005 3500 9831 10011 
10459 10011 9831 3880 9593 
10460 8506 10011 9593 2506 
10461 800 799 10012 8684 
10462 799 798 9355 10012 
10463 10012 9355 3941 9429 
10464 8684 10012 9429 3487 
10465 838 10013 10014 839 
10466 10013 2373 9624 10014 
10467 10014 9624 3869 9303 
10468 839 10014 9303 15 
10469 3783 9321 10017 10016 
10470 9321 3120 9128 10017 
10471 10017 9128 3898 10015 
10472 10016 10017 10015 3998 
10473 814 9939 10018 9989 
10474 9939 2509 9826 10018 
10475 10018 9826 3945 9855 
10476 9989 10018 9855 3571 
10477 2894 9808 10019 8870 
10478 9808 2895 8193 10019 
10479 10019 8193 3952 9702 
10480 8870 10019 9702 2667 
10481 2749 9207 10021 7152 
10482 9207 3690 10020 10021 
10483 10021 10020 3994 9975 
10484 7152 10021 9975 2757 
10485 3415 8183 10022 6512 
10486 8183 3719 8943 10022 
10487 10022 8943 3925 5072 
10488 6512 10022 5072 2142 
10489 704 9969 10023 8043 
10490 9969 3464 9764 10023 
10491 10023 9764 3922 9773 
10492 8043 10023 9773 2502 
10493 2890 7883 10025 9817 
10494 7883 3532 10024 10025 
10495 10025 10024 3932 5316 
10496 9817 10025 5316 3892 
10497 3934 4193 10026 9752 
10498 4193 2817 9444 10026 
10499 10026 9444 3613 9680 
10500 9752 10026 9680 3831 
10501 766 8885 10027 767 
10502 8885 3509 9148 10027 
10503 10027 9148 3943 9357 
10504 767 10027 9357 768 
10505 2806 9005 10028 9073 
10506 9005 3858 9800 10028 
10507 10028 9800 2947 9665 
10508 9073 10028 9665 3841 
10509 2813 4276 10029 8212 
10510 4276 3025 7896 10029 
10511 10029 7896 3968 9520 
10512 8212 10029 9520 2815 
10513 3909 10030 10031 9935 
10514 10030 3972 9181 10031 
10515 10031 9181 3564 7746 
10516 9935 10031 7746 2972 
10517 3497 9689 10032 7857 
10518 9689 3610 6793 10032 
10519 10032 6793 3899 9170 
10520 7857 10032 9170 2884 
10521 2990 7146 10034 6607 
10522 7146 2820 10033 10034 
10523 10034 10033 3985 9984 
10524 6607 10034 9984 4001 
10525 576 9476 10035 575 
10526 9476 3009 4605 10035 
10527 10035 4605 3935 9606 
10528 575 10035 9606 574 
10529 538 539 10036 9478 
10530 539 540 9608 10036 
10531 10036 9608 3936 4613 
10532 9478 10036 4613 3015 
10533 2143 4960 10037 8640 
10534 4960 3727 8397 10037 
10535 10037 8397 3385 5716 
10536 8640 10037 5716 3953 
10537 2775 9173 10038 8134 
10538 9173 3616 9465 10038 
10539 10038 9465 3932 10024 
10540 8134 10038 10024 3532 
10541 3006 9932 10040 5415 
10542 9932 3974 10039 10040 
10543 10040 10039 3866 9277 
10544 5415 10040 9277 2382 
10545 2609 8727 10042 5596 
10546 8727 3901 10041 10042 
10547 10042 10041 3853 9655 
10548 5596 10042 9655 3263 
10549 2609 5860 10043 8728 
10550 5860 3156 9716 10043 
10551 10043 9716 3972 10030 
10552 8728 10043 10030 3909 
10553 2743 7813 10044 8492 
10554 7813 2862 9619 10044 
10555 10044 9619 3872 8600 
10556 8492 10044 8600 3791 
10557 2152 8165 10045 8316 
10558 8165 2586 9517 10045 
10559 10045 9517 3954 9240 
10560 8316 10045 9240 3529 
10561 3134 9234 10046 9508 
10562 9234 3743 9480 10046 
10563 10046 9480 2383 9347 
10564 9508 10046 9347 3828 
10565 3025 4275 10047 7897 
10566 4275 2856 9746 10047 
10567 10047 9746 3819 4734 
10568 7897 10047 4734 3862 
10569 2552 6663 10048 9891 
10570 6663 3738 9370 10048 
10571 10048 9370 3001 7183 
10572 9891 10048 7183 3979 
10573 2198 8411 10049 9126 
10574 8411 2849 9880 10049 
10575 10049 9880 3920 8187 
10576 9126 10049 8187 3600 
10577 3896 10050 10051 9615 
10578 10050 3923 8853 10051 
10579 10051 8853 3655 5312 
10580 9615 10051 5312 2587 
10581 2823 7278 10052 8661 
10582 7278 2886 10009 10052 
10583 10052 10009 3973 7921 
10584 8661 10052 7921 3587 
10585 3866 10053 10054 9278 
10586 10053 2993 9813 10054 
10587 10054 9813 3976 9531 
10588 9278 10054 9531 3741 
10589 2908 8594 10055 4255 
10590 8594 3816 9802 10055 
10591 10055 9802 2595 9571 
10592 4255 10055 9571 3769 
10593 3792 8596 10056 9546 
10594 8596 3873 9621 10056 
10595 10056 9621 3676 4947 
10596 9546 10056 4947 2863 
10597 3729 9330 10057 7930 
10598 9330 3874 9468 10057 
10599 10057 9468 3940 10001 
10600 7930 10057 10001 2989 
10601 2971 7034 10058 8726 
10602 7034 2973 4587 10058 
10603 10058 4587 3853 10041 
10604 8726 10058 10041 3901 
10605 2545 9219 10059 4765 
10606 9219 3820 4402 10059 
10607 10059 4402 3557 9261 
10608 4765 10059 9261 3777 
10609 2696 6875 10060 8913 
10610 6875 2932 8816 10060 
10611 10060 8816 3835 9910 
10612 8913 10060 9910 3773 
10613 2698 8915 10061 6867 
10614 8915 3774 9912 10061 
10615 10061 9912 3836 8822 
10616 6867 10061 8822 2936 
10617 3573 9902 10062 8824 
10618 9902 3632 9922 10062 
10619 10062 9922 3970 9141 
10620 8824 10062 9141 2348 
10621 3435 6816 10063 8548 
10622 6816 3887 8489 10063 
10623 10063 8489 2893 9068 
10624 8548 10063 9068 3745 
10625 91 7843 10064 90 
10626 7843 3701 9769 10064 
10627 10064 9769 3886 8863 
10628 90 10064 8863 89 
10629 3906 9691 10066 8323 
10630 9691 2710 9863 10066 
10631 10066 9863 3990 10065 
10632 8323 10066 10065 3761 
10633 3264 9976 10067 5474 
10634 9976 3994 10020 10067 
10635 10067 10020 3690 9360 
10636 5474 10067 9360 3255 
10637 3722 8007 10068 8423 
10638 8007 3691 8667 10068 
10639 10068 8667 3924 9419 
10640 8423 10068 9419 2588 
10641 2966 5862 10069 9862 
10642 5862 2965 9866 10069 
10643 10069 9866 3761 10065 
10644 9862 10069 10065 3990 
10645 2100 9998 10071 8518 
10646 9998 3089 9675 10071 
10647 10071 9675 3917 10070 
10648 8518 10071 10070 3552 
10649 3835 8818 10073 9254 
10650 8818 3855 10072 10073 
10651 10073 10072 3896 9614 
10652 9254 10073 9614 2493 
10653 3836 9250 10075 8820 
10654 9250 2487 9617 10075 
10655 10075 9617 3897 10074 
10656 8820 10075 10074 3856 
10657 838 8519 10076 10013 
10658 8519 3552 10070 10076 
10659 10076 10070 3917 9625 
10660 10013 10076 9625 2373 
10661 3852 9728 10078 8056 
10662 9728 3868 10077 10078 
10663 10078 10077 3891 9448 
10664 8056 10078 9448 2519 
10665 3746 9121 10079 9543 
10666 9121 3716 9506 10079 
10667 10079 9506 3916 9893 
10668 9543 10079 9893 2914 
10669 3563 9670 10081 8973 
10670 9670 3997 10080 10081 
10671 10081 10080 2374 8925 
10672 8973 10081 8925 3546 
10673 3810 7677 10082 9901 
10674 7677 3104 9487 10082 
10675 10082 9487 3930 9923 
10676 9901 10082 9923 3632 
10677 3149 7131 10083 9228 
10678 7131 3905 7641 10083 
10679 10083 7641 2347 9589 
10680 9228 10083 9589 3749 
10681 3866 10039 10084 10053 
10682 10039 3974 9931 10084 
10683 10084 9931 3665 9190 
10684 10053 10084 9190 2993 
10685 3914 9758 10085 8986 
10686 9758 3124 9780 10085 
10687 10085 9780 3875 9636 
10688 8986 10085 9636 3776 
10689 2879 5236 10086 8332 
10690 5236 3437 9904 10086 
10691 10086 9904 3999 9980 
10692 8332 10086 9980 3714 
10693 2232 8156 10088 9247 
10694 8156 2283 10087 10088 
10695 10088 10087 3984 9906 
10696 9247 10088 9906 3682 
10697 2885 8589 10089 7277 
10698 8589 3821 9151 10089 
10699 10089 9151 3911 10008 
10700 7277 10089 10008 2886 
10701 3103 8879 10090 9486 
10702 8879 3980 9869 10090 
10703 10090 9869 3071 9924 
10704 9486 10090 9924 3930 
10705 2883 9521 10091 9727 
10706 9521 2931 4099 10091 
10707 10091 4099 3891 10077 
10708 9727 10091 10077 3868 
10709 3923 10050 10092 9858 
10710 10050 3896 10072 10092 
10711 10092 10072 3855 9709 
10712 9858 10092 9709 2956 
10713 3924 8666 10093 9420 
10714 8666 2958 9711 10093 
10715 10093 9711 3856 10074 
10716 9420 10093 10074 3897 
10717 3984 10087 10094 9978 
10718 10087 2283 9843 10094 
10719 10094 9843 3848 9920 
10720 9978 10094 9920 3939 
10721 3140 4198 10095 4490 
10722 4198 2662 9322 10095 
10723 10095 9322 3783 8827 
10724 4490 10095 8827 3957 
10725 3783 10016 10097 8828 
10726 10016 3998 10096 10097 
10727 10097 10096 3997 9669 
10728 8828 10097 9669 2952 
10729 3828 9348 10098 9509 
10730 9348 3900 9739 10098 
10731 10098 9739 3992 9878 
10732 9509 10098 9878 3135 
10733 3260 9016 10099 8610 
10734 9016 3985 10033 10099 
10735 10099 10033 2820 9876 
10736 8610 10099 9876 3881 
10737 3122 8919 10100 5205 
10738 8919 3977 4503 10100 
10739 10100 4503 2262 9929 
10740 5205 10100 9929 3919 
10741 3898 9038 10101 10015 
10742 9038 2374 10080 10101 
10743 10101 10080 3997 10096 
10744 10015 10101 10096 3998 
$EndElements
