$MeshFormat
4.1 0 8
$EndMeshFormat
$PhysicalNames
11
1 11 "Inlet"
1 12 "Outlet"
1 13 "Walls"
1 14 "SolidInterfaces"
2 1 "Fluid"
2 2 "PCB"
2 3 "Component_1"
2 4 "Component_2"
2 5 "Component_3"
2 6 "Component_4"
2 7 "Component_5"
$EndPhysicalNames
$Entities
28 33 7 0
9 5.209164247333844 2.962404563440941 0 0 
10 5.591868766725224 2.962404563440941 0 0 
13 7.444009712192268 2.962404563440941 0 0 
14 7.956506794837265 2.962404563440941 0 0 
17 9.712094698811642 2.962404563440941 0 0 
18 10.28790530118836 2.962404563440941 0 0 
21 12.13217921904877 2.962404563440941 0 0 
22 12.46730427392169 2.962404563440941 0 0 
25 14.37264735915904 2.962404563440941 0 0 
26 14.82631962678189 2.962404563440941 0 0 
27 0 0 0 0 
28 20 0 0 0 
29 0 5 0 0 
30 20 5 0 0 
31 4.250645633786917 2.037595436559059 0 0 
32 15.74935436621308 2.037595436559059 0 0 
33 15.74935436621308 2.962404563440941 0 0 
34 14.82631962678189 4.202465378225154 0 0 
35 14.37264735915904 4.202465378225154 0 0 
36 12.46730427392169 4.139171649527887 0 0 
37 12.13217921904877 4.139171649527887 0 0 
38 10.28790530118836 4.161514487262505 0 0 
39 9.712094698811642 4.161514487262505 0 0 
40 7.956506794837265 3.936603973469953 0 0 
41 7.444009712192268 3.936603973469953 0 0 
42 5.591868766725224 4.11261662404557 0 0 
43 5.209164247333844 4.11261662404557 0 0 
44 4.250645633786917 2.962404563440941 0 0 
9 5.209164147333842 2.962404463440941 -1.000000008881784e-07 5.591868866725225 2.962404663440942 1.000000008881784e-07 1 14 2 9 -10 
13 7.444009612192267 2.962404463440941 -1.000000008881784e-07 7.956506894837267 2.962404663440942 1.000000008881784e-07 1 14 2 13 -14 
17 9.712094598811642 2.962404463440941 -1e-07 10.28790540118836 2.962404663440941 1e-07 1 14 2 17 -18 
21 12.13217911904877 2.962404463440941 -1e-07 12.46730437392169 2.962404663440941 1e-07 1 14 2 21 -22 
25 14.37264725915904 2.962404463440941 -1e-07 14.82631972678189 2.962404663440941 1e-07 1 14 2 25 -26 
26 -9.99999993922529e-08 -1e-07 -1e-07 20.0000001 1e-07 1e-07 1 13 2 27 -28 
27 -1e-07 -9.999999983634211e-08 -1e-07 1e-07 5.0000001 1e-07 1 11 2 29 -27 
28 19.9999999 -9.999999983634211e-08 -1e-07 20.0000001 5.0000001 1e-07 1 12 2 28 -30 
29 -9.99999993922529e-08 4.9999999 -1e-07 20.0000001 5.0000001 1e-07 1 13 2 30 -29 
30 4.250645533786916 2.037595336559059 -1e-07 15.74935446621308 2.037595536559059 1e-07 1 14 2 31 -32 
31 15.74935426621308 2.037595336559059 -1e-07 15.74935446621308 2.962404663440941 1e-07 1 14 2 32 -33 
32 14.82631952678189 2.962404463440941 -1e-07 15.74935446621308 2.962404663440941 1e-07 1 14 2 33 -26 
33 14.82631952678189 2.962404463440941 -1e-07 14.82631972678189 4.202465478225155 1e-07 1 14 2 26 -34 
34 14.37264725915904 4.202465278225154 -1e-07 14.82631972678189 4.202465478225155 1e-07 1 14 2 34 -35 
35 14.37264725915904 2.962404463440941 -1e-07 14.37264745915904 4.202465478225155 1e-07 1 14 2 35 -25 
36 12.4673041739217 2.962404463440941 -1e-07 14.37264745915904 2.962404663440941 1e-07 1 14 2 25 -22 
37 12.4673041739217 2.962404463440941 -1e-07 12.46730437392169 4.139171749527887 1e-07 1 14 2 22 -36 
38 12.13217911904877 4.139171549527886 -1e-07 12.46730437392169 4.139171749527887 1e-07 1 14 2 36 -37 
39 12.13217911904877 2.962404463440941 -1e-07 12.13217931904877 4.139171749527887 1e-07 1 14 2 37 -21 
40 10.28790520118836 2.962404463440941 -1e-07 12.13217931904877 2.962404663440941 1e-07 1 14 2 21 -18 
41 10.28790520118836 2.962404463440941 -1e-07 10.28790540118836 4.161514587262505 1e-07 1 14 2 18 -38 
42 9.712094598811642 4.161514387262504 -1e-07 10.28790540118836 4.161514587262505 1e-07 1 14 2 38 -39 
43 9.712094598811642 2.962404463440941 -1e-07 9.712094798811641 4.161514587262505 1e-07 1 14 2 39 -17 
44 7.956506694837265 2.962404463440941 -1e-07 9.712094798811641 2.962404663440941 1e-07 1 14 2 17 -14 
45 7.956506694837265 2.962404463440941 -1e-07 7.956506894837266 3.936604073469953 1e-07 1 14 2 14 -40 
46 7.444009612192268 3.936603873469954 -1e-07 7.956506894837266 3.936604073469953 1e-07 1 14 2 40 -41 
47 7.444009612192268 2.962404463440941 -1e-07 7.444009812192268 3.936604073469953 1e-07 1 14 2 41 -13 
48 5.591868666725223 2.962404463440941 -1e-07 7.444009812192269 2.962404663440941 1e-07 1 14 2 13 -10 
49 5.591868666725223 2.962404463440941 -1e-07 5.591868866725224 4.11261672404557 1e-07 1 14 2 10 -42 
50 5.209164147333843 4.11261652404557 -1e-07 5.591868866725224 4.11261672404557 1e-07 1 14 2 42 -43 
51 5.209164147333843 2.962404463440941 -1e-07 5.209164347333844 4.11261672404557 1e-07 1 14 2 43 -9 
52 4.250645533786916 2.962404463440941 -1e-07 5.209164347333844 2.962404663440941 1e-07 1 14 2 9 -44 
53 4.250645533786916 2.037595336559059 -1e-07 4.250645733786917 2.962404663440941 1e-07 1 14 2 44 -31 
2 4.250645533786916 2.037595336559058 -1.000000008881784e-07 15.74935446621308 2.962404663440942 1.000000008881784e-07 1 2 14 53 30 31 32 -25 36 -21 40 -17 44 -13 48 -9 52 
3 5.209164147333842 2.962404463440941 -1.000000008881784e-07 5.591868866725225 4.112616724045571 1.000000008881784e-07 1 3 4 9 49 50 51 
4 7.444009612192267 2.962404463440941 -1.000000008881784e-07 7.956506894837267 3.936604073469954 1.000000008881784e-07 1 4 4 13 45 46 47 
5 9.712094598811642 2.962404463440941 -1e-07 10.28790540118836 4.161514587262505 1e-07 1 5 4 17 41 42 43 
6 12.13217911904877 2.962404463440941 -1e-07 12.46730437392169 4.139171749527887 1e-07 1 6 4 21 37 38 39 
7 14.37264725915904 2.962404463440941 -1e-07 14.82631972678189 4.202465478225155 1e-07 1 7 4 25 33 34 35 
8 -9.99999993922529e-08 -9.999999983634211e-08 -1e-07 20.0000001 5.0000001 1e-07 1 1 28 26 28 29 27 -30 -53 -52 -51 -50 -49 -48 -47 -46 -45 -44 -43 -42 -41 -40 -39 -38 -37 -36 -35 -34 -33 -32 -31 
$EndEntities
$Nodes
68 9005 1 9005
0 9 0 1
1
5.209164247333844 2.962404563440941 0
0 10 0 1
2
5.591868766725224 2.962404563440941 0
0 13 0 1
3
7.444009712192268 2.962404563440941 0
0 14 0 1
4
7.956506794837265 2.962404563440941 0
0 17 0 1
5
9.712094698811642 2.962404563440941 0
0 18 0 1
6
10.28790530118836 2.962404563440941 0
0 21 0 1
7
12.13217921904877 2.962404563440941 0
0 22 0 1
8
12.46730427392169 2.962404563440941 0
0 25 0 1
9
14.37264735915904 2.962404563440941 0
0 26 0 1
10
14.82631962678189 2.962404563440941 0
0 27 0 1
11
0 0 0
0 28 0 1
12
20 0 0
0 29 0 1
13
0 5 0
0 30 0 1
14
20 5 0
0 31 0 1
15
4.250645633786917 2.037595436559059 0
0 32 0 1
16
15.74935436621308 2.037595436559059 0
0 33 0 1
17
15.74935436621308 2.962404563440941 0
0 34 0 1
18
14.82631962678189 4.202465378225154 0
0 35 0 1
19
14.37264735915904 4.202465378225154 0
0 36 0 1
20
12.46730427392169 4.139171649527887 0
0 37 0 1
21
12.13217921904877 4.139171649527887 0
0 38 0 1
22
10.28790530118836 4.161514487262505 0
0 39 0 1
23
9.712094698811642 4.161514487262505 0
0 40 0 1
24
7.956506794837265 3.936603973469953 0
0 41 0 1
25
7.444009712192268 3.936603973469953 0
0 42 0 1
26
5.591868766725224 4.11261662404557 0
0 43 0 1
27
5.209164247333844 4.11261662404557 0
0 44 0 1
28
4.250645633786917 2.962404563440941 0
1 9 0 3
29
30
31
5.304840377181689 2.962404563440941 0
5.400516507029534 2.962404563440941 0
5.496192636877378 2.962404563440941 0
1 13 0 7
32
33
34
35
36
37
38
7.508071847522893 2.962404563440941 0
7.572133982853518 2.962404563440941 0
7.636196118184142 2.962404563440941 0
7.700258253514766 2.962404563440941 0
7.764320388845391 2.962404563440941 0
7.828382524176016 2.962404563440941 0
7.892444659506641 2.962404563440941 0
1 17 0 7
39
40
41
42
43
44
45
9.784071024108732 2.962404563440941 0
9.85604734940582 2.962404563440941 0
9.92802367470291 2.962404563440941 0
10 2.962404563440941 0
10.07197632529709 2.962404563440941 0
10.14395265059418 2.962404563440941 0
10.21592897589127 2.962404563440941 0
1 21 0 3
46
47
48
12.215960482767 2.962404563440941 0
12.29974174648523 2.962404563440941 0
12.38352301020346 2.962404563440941 0
1 25 0 3
49
50
51
14.48606542606475 2.962404563440941 0
14.59948349297047 2.962404563440941 0
14.71290155987618 2.962404563440941 0
1 26 0 159
52
53
54
55
56
57
58
59
60
61
62
63
64
65
66
67
68
69
70
71
72
73
74
75
76
77
78
79
80
81
82
83
84
85
86
87
88
89
90
91
92
93
94
95
96
97
98
99
100
101
102
103
104
105
106
107
108
109
110
111
112
113
114
115
116
117
118
119
120
121
122
123
124
125
126
127
128
129
130
131
132
133
134
135
136
137
138
139
140
141
142
143
144
145
146
147
148
149
150
151
152
153
154
155
156
157
158
159
160
161
162
163
164
165
166
167
168
169
170
171
172
173
174
175
176
177
178
179
180
181
182
183
184
185
186
187
188
189
190
191
192
193
194
195
196
197
198
199
200
201
202
203
204
205
206
207
208
209
210
0.125 0 0
0.25 0 0
0.375 0 0
0.5 0 0
0.625 0 0
0.75 0 0
0.875 0 0
1 0 0
1.125 0 0
1.25 0 0
1.375 0 0
1.5 0 0
1.625 0 0
1.75 0 0
1.875 0 0
2 0 0
2.125 0 0
2.25 0 0
2.375 0 0
2.5 0 0
2.625 0 0
2.75 0 0
2.875 0 0
3 0 0
3.125 0 0
3.25 0 0
3.375 0 0
3.5 0 0
3.625 0 0
3.75 0 0
3.875 0 0
4 0 0
4.125 0 0
4.25 0 0
4.375 0 0
4.5 0 0
4.625 0 0
4.75 0 0
4.875 0 0
5 0 0
5.125 0 0
5.25 0 0
5.375 0 0
5.5 0 0
5.625 0 0
5.75 0 0
5.875 0 0
6 0 0
6.125 0 0
6.25 0 0
6.375 0 0
6.5 0 0
6.625 0 0
6.75 0 0
6.875 0 0
7 0 0
7.125 0 0
7.25 0 0
7.375 0 0
7.5 0 0
7.625 0 0
7.75 0 0
7.875 0 0
8 0 0
8.125 0 0
8.25 0 0
8.375 0 0
8.5 0 0
8.625 0 0
8.75 0 0
8.875 0 0
9 0 0
9.125 0 0
9.25 0 0
9.375 0 0
9.5 0 0
9.625 0 0
9.75 0 0
9.875 0 0
10 0 0
10.125 0 0
10.25 0 0
10.375 0 0
10.5 0 0
10.625 0 0
10.75 0 0
10.875 0 0
11 0 0
11.125 0 0
11.25 0 0
11.375 0 0
11.5 0 0
11.625 0 0
11.75 0 0
11.875 0 0
12 0 0
12.125 0 0
12.25 0 0
12.375 0 0
12.5 0 0
12.625 0 0
12.75 0 0
12.875 0 0
13 0 0
13.125 0 0
13.25 0 0
13.375 0 0
13.5 0 0
13.625 0 0
13.75 0 0
13.875 0 0
14 0 0
14.125 0 0
14.25 0 0
14.375 0 0
14.5 0 0
14.625 0 0
14.75 0 0
14.875 0 0
15 0 0
15.125 0 0
15.25 0 0
15.375 0 0
15.5 0 0
15.625 0 0
15.75 0 0
15.875 0 0
16 0 0
16.125 0 0
16.25 0 0
16.375 0 0
16.5 0 0
16.625 0 0
16.75 0 0
16.875 0 0
17 0 0
17.125 0 0
17.25 0 0
17.375 0 0
17.5 0 0
17.625 0 0
17.75 0 0
17.875 0 0
18 0 0
18.125 0 0
18.25 0 0
18.375 0 0
18.5 0 0
18.625 0 0
18.75 0 0
18.875 0 0
19 0 0
19.125 0 0
19.25 0 0
19.375 0 0
19.5 0 0
19.625 0 0
19.75 0 0
19.875 0 0
1 27 0 39
211
212
213
214
215
216
217
218
219
220
221
222
223
224
225
226
227
228
229
230
231
232
233
234
235
236
237
238
239
240
241
242
243
244
245
246
247
248
249
0 4.875 0
0 4.75 0
0 4.625 0
0 4.5 0
0 4.375 0
0 4.25 0
0 4.125 0
0 4 0
0 3.875 0
0 3.75 0
0 3.625 0
0 3.5 0
0 3.375 0
0 3.25 0
0 3.125 0
0 3 0
0 2.875 0
0 2.75 0
0 2.625 0
0 2.5 0
0 2.375 0
0 2.25 0
0 2.125 0
0 2 0
0 1.875 0
0 1.75 0
0 1.625 0
0 1.5 0
0 1.375 0
0 1.25 0
0 1.125 0
0 1 0
0 0.875 0
0 0.75 0
0 0.625 0
0 0.5 0
0 0.375 0
0 0.25 0
0 0.125 0
1 28 0 39
250
251
252
253
254
255
256
257
258
259
260
261
262
263
264
265
266
267
268
269
270
271
272
273
274
275
276
277
278
279
280
281
282
283
284
285
286
287
288
20 0.125 0
20 0.25 0
20 0.375 0
20 0.5 0
20 0.625 0
20 0.75 0
20 0.875 0
20 1 0
20 1.125 0
20 1.25 0
20 1.375 0
20 1.5 0
20 1.625 0
20 1.75 0
20 1.875 0
20 2 0
20 2.125 0
20 2.25 0
20 2.375 0
20 2.5 0
20 2.625 0
20 2.75 0
20 2.875 0
20 3 0
20 3.125 0
20 3.25 0
20 3.375 0
20 3.5 0
20 3.625 0
20 3.75 0
20 3.875 0
20 4 0
20 4.125 0
20 4.25 0
20 4.375 0
20 4.5 0
20 4.625 0
20 4.75 0
20 4.875 0
1 29 0 159
289
290
291
292
293
294
295
296
297
298
299
300
301
302
303
304
305
306
307
308
309
310
311
312
313
314
315
316
317
318
319
320
321
322
323
324
325
326
327
328
329
330
331
332
333
334
335
336
337
338
339
340
341
342
343
344
345
346
347
348
349
350
351
352
353
354
355
356
357
358
359
360
361
362
363
364
365
366
367
368
369
370
371
372
373
374
375
376
377
378
379
380
381
382
383
384
385
386
387
388
389
390
391
392
393
394
395
396
397
398
399
400
401
402
403
404
405
406
407
408
409
410
411
412
413
414
415
416
417
418
419
420
421
422
423
424
425
426
427
428
429
430
431
432
433
434
435
436
437
438
439
440
441
442
443
444
445
446
447
19.875 5 0
19.75 5 0
19.625 5 0
19.5 5 0
19.375 5 0
19.25 5 0
19.125 5 0
19 5 0
18.875 5 0
18.75 5 0
18.625 5 0
18.5 5 0
18.375 5 0
18.25 5 0
18.125 5 0
18 5 0
17.875 5 0
17.75 5 0
17.625 5 0
17.5 5 0
17.375 5 0
17.25 5 0
17.125 5 0
17 5 0
16.875 5 0
16.75 5 0
16.625 5 0
16.5 5 0
16.375 5 0
16.25 5 0
16.125 5 0
16 5 0
15.875 5 0
15.75 5 0
15.625 5 0
15.5 5 0
15.375 5 0
15.25 5 0
15.125 5 0
15 5 0
14.875 5 0
14.75 5 0
14.625 5 0
14.5 5 0
14.375 5 0
14.25 5 0
14.125 5 0
14 5 0
13.875 5 0
13.75 5 0
13.625 5 0
13.5 5 0
13.375 5 0
13.25 5 0
13.125 5 0
13 5 0
12.875 5 0
12.75 5 0
12.625 5 0
12.5 5 0
12.375 5 0
12.25 5 0
12.125 5 0
12 5 0
11.875 5 0
11.75 5 0
11.625 5 0
11.5 5 0
11.375 5 0
11.25 5 0
11.125 5 0
11 5 0
10.875 5 0
10.75 5 0
10.625 5 0
10.5 5 0
10.375 5 0
10.25 5 0
10.125 5 0
10 5 0
9.875 5 0
9.75 5 0
9.625 5 0
9.5 5 0
9.375 5 0
9.25 5 0
9.125 5 0
9 5 0
8.875 5 0
8.75 5 0
8.625 5 0
8.5 5 0
8.375 5 0
8.25 5 0
8.125 5 0
8 5 0
7.875 5 0
7.75 5 0
7.625 5 0
7.5 5 0
7.375 5 0
7.25 5 0
7.125 5 0
7 5 0
6.875 5 0
6.75 5 0
6.625 5 0
6.5 5 0
6.375 5 0
6.25 5 0
6.125 5 0
6 5 0
5.875 5 0
5.75 5 0
5.625 5 0
5.5 5 0
5.375 5 0
5.25 5 0
5.125 5 0
5 5 0
4.875 5 0
4.75 5 0
4.625 5 0
4.5 5 0
4.375 5 0
4.25 5 0
4.125 5 0
4 5 0
3.875 5 0
3.75 5 0
3.625 5 0
3.5 5 0
3.375 5 0
3.25 5 0
3.125 5 0
3 5 0
2.875 5 0
2.75 5 0
2.625 5 0
2.5 5 0
2.375 5 0
2.25 5 0
2.125 5 0
2 5 0
1.875 5 0
1.75 5 0
1.625 5 0
1.5 5 0
1.375 5 0
1.25 5 0
1.125 5 0
1 5 0
0.875 5 0
0.75 5 0
0.625 5 0
0.5 5 0
0.375 5 0
0.25 5 0
0.125 5 0
1 30 0 91
448
449
450
451
452
453
454
455
456
457
458
459
460
461
462
463
464
465
466
467
468
469
470
471
472
473
474
475
476
477
478
479
480
481
482
483
484
485
486
487
488
489
490
491
492
493
494
495
496
497
498
499
500
501
502
503
504
505
506
507
508
509
510
511
512
513
514
515
516
517
518
519
520
521
522
523
524
525
526
527
528
529
530
531
532
533
534
535
536
537
538
4.37563159826981 2.037595436559059 0
4.500617562752703 2.037595436559059 0
4.625603527235596 2.037595436559059 0
4.75058949171849 2.037595436559059 0
4.875575456201382 2.037595436559059 0
5.000561420684275 2.037595436559059 0
5.125547385167168 2.037595436559059 0
5.250533349650062 2.037595436559059 0
5.375519314132955 2.037595436559059 0
5.500505278615848 2.037595436559059 0
5.625491243098741 2.037595436559059 0
5.750477207581634 2.037595436559059 0
5.875463172064528 2.037595436559059 0
6.00044913654742 2.037595436559059 0
6.125435101030313 2.037595436559059 0
6.250421065513207 2.037595436559059 0
6.3754070299961 2.037595436559059 0
6.500392994478993 2.037595436559059 0
6.625378958961886 2.037595436559059 0
6.75036492344478 2.037595436559059 0
6.875350887927672 2.037595436559059 0
7.000336852410565 2.037595436559059 0
7.125322816893458 2.037595436559059 0
7.250308781376352 2.037595436559059 0
7.375294745859245 2.037595436559059 0
7.500280710342138 2.037595436559059 0
7.625266674825031 2.037595436559059 0
7.750252639307924 2.037595436559059 0
7.875238603790817 2.037595436559059 0
8.00022456827371 2.037595436559059 0
8.125210532756604 2.037595436559059 0
8.250196497239497 2.037595436559059 0
8.375182461722389 2.037595436559059 0
8.500168426205283 2.037595436559059 0
8.625154390688177 2.037595436559059 0
8.750140355171069 2.037595436559059 0
8.875126319653962 2.037595436559059 0
9.000112284136854 2.037595436559059 0
9.125098248619748 2.037595436559059 0
9.250084213102642 2.037595436559059 0
9.375070177585535 2.037595436559059 0
9.500056142068427 2.037595436559059 0
9.625042106551319 2.037595436559059 0
9.750028071034214 2.037595436559059 0
9.875014035517108 2.037595436559059 0
10 2.037595436559059 0
10.12498596448289 2.037595436559059 0
10.24997192896579 2.037595436559059 0
10.37495789344868 2.037595436559059 0
10.49994385793157 2.037595436559059 0
10.62492982241447 2.037595436559059 0
10.74991578689736 2.037595436559059 0
10.87490175138025 2.037595436559059 0
10.99988771586315 2.037595436559059 0
11.12487368034604 2.037595436559059 0
11.24985964482893 2.037595436559059 0
11.37484560931182 2.037595436559059 0
11.49983157379472 2.037595436559059 0
11.62481753827761 2.037595436559059 0
11.7498035027605 2.037595436559059 0
11.8747894672434 2.037595436559059 0
11.99977543172629 2.037595436559059 0
12.12476139620918 2.037595436559059 0
12.24974736069208 2.037595436559059 0
12.37473332517497 2.037595436559059 0
12.49971928965786 2.037595436559059 0
12.62470525414076 2.037595436559059 0
12.74969121862365 2.037595436559059 0
12.87467718310654 2.037595436559059 0
12.99966314758944 2.037595436559059 0
13.12464911207233 2.037595436559059 0
13.24963507655522 2.037595436559059 0
13.37462104103811 2.037595436559059 0
13.49960700552101 2.037595436559059 0
13.6245929700039 2.037595436559059 0
13.74957893448679 2.037595436559059 0
13.87456489896969 2.037595436559059 0
13.99955086345258 2.037595436559059 0
14.12453682793547 2.037595436559059 0
14.24952279241837 2.037595436559059 0
14.37450875690126 2.037595436559059 0
14.49949472138415 2.037595436559059 0
14.62448068586705 2.037595436559059 0
14.74946665034994 2.037595436559059 0
14.87445261483283 2.037595436559059 0
14.99943857931573 2.037595436559059 0
15.12442454379862 2.037595436559059 0
15.24941050828151 2.037595436559059 0
15.3743964727644 2.037595436559059 0
15.4993824372473 2.037595436559059 0
15.62436840173019 2.037595436559059 0
1 31 0 7
539
540
541
542
543
544
545
15.74935436621308 2.153196577419294 0
15.74935436621308 2.268797718279529 0
15.74935436621308 2.384398859139765 0
15.74935436621308 2.5 0
15.74935436621308 2.615601140860235 0
15.74935436621308 2.731202281720471 0
15.74935436621308 2.846803422580706 0
1 32 0 7
546
547
548
549
550
551
552
15.63397502378418 2.962404563440941 0
15.51859568135528 2.962404563440941 0
15.40321633892639 2.962404563440941 0
15.28783699649749 2.962404563440941 0
15.17245765406859 2.962404563440941 0
15.05707831163969 2.962404563440941 0
14.94169896921079 2.962404563440941 0
1 33 0 11
553
554
555
556
557
558
559
560
561
562
563
14.82631962678189 3.065742964672959 0
14.82631962678189 3.169081365904977 0
14.82631962678189 3.272419767136995 0
14.82631962678189 3.375758168369012 0
14.82631962678189 3.47909656960103 0
14.82631962678189 3.582434970833048 0
14.82631962678189 3.685773372065066 0
14.82631962678189 3.789111773297083 0
14.82631962678189 3.892450174529101 0
14.82631962678189 3.995788575761119 0
14.82631962678189 4.099126976993137 0
1 34 0 3
564
565
566
14.71290155987618 4.202465378225154 0
14.59948349297047 4.202465378225154 0
14.48606542606475 4.202465378225154 0
1 35 0 11
567
568
569
570
571
572
573
574
575
576
577
14.37264735915904 4.099126976993137 0
14.37264735915904 3.995788575761119 0
14.37264735915904 3.892450174529101 0
14.37264735915904 3.789111773297083 0
14.37264735915904 3.685773372065066 0
14.37264735915904 3.582434970833048 0
14.37264735915904 3.47909656960103 0
14.37264735915904 3.375758168369012 0
14.37264735915904 3.272419767136995 0
14.37264735915904 3.169081365904977 0
14.37264735915904 3.065742964672959 0
1 36 0 15
578
579
580
581
582
583
584
585
586
587
588
589
590
591
592
14.25356341633171 2.962404563440941 0
14.13447947350437 2.962404563440941 0
14.01539553067704 2.962404563440941 0
13.8963115878497 2.962404563440941 0
13.77722764502237 2.962404563440941 0
13.65814370219504 2.962404563440941 0
13.5390597593677 2.962404563440941 0
13.41997581654037 2.962404563440941 0
13.30089187371303 2.962404563440941 0
13.1818079308857 2.962404563440941 0
13.06272398805837 2.962404563440941 0
12.94364004523103 2.962404563440941 0
12.8245561024037 2.962404563440941 0
12.70547215957636 2.962404563440941 0
12.58638821674903 2.962404563440941 0
1 37 0 11
593
594
595
596
597
598
599
600
601
602
603
12.46730427392169 3.06046848728152 0
12.46730427392169 3.158532411122099 0
12.46730427392169 3.256596334962678 0
12.46730427392169 3.354660258803257 0
12.46730427392169 3.452724182643835 0
12.46730427392169 3.550788106484414 0
12.46730427392169 3.648852030324993 0
12.46730427392169 3.746915954165571 0
12.46730427392169 3.84497987800615 0
12.46730427392169 3.943043801846729 0
12.46730427392169 4.041107725687308 0
1 38 0 3
604
605
606
12.38352301020346 4.139171649527887 0
12.29974174648523 4.139171649527887 0
12.215960482767 4.139171649527887 0
1 39 0 11
607
608
609
610
611
612
613
614
615
616
617
12.13217921904877 4.041107725687308 0
12.13217921904877 3.943043801846729 0
12.13217921904877 3.84497987800615 0
12.13217921904877 3.746915954165571 0
12.13217921904877 3.648852030324993 0
12.13217921904877 3.550788106484414 0
12.13217921904877 3.452724182643835 0
12.13217921904877 3.354660258803257 0
12.13217921904877 3.256596334962678 0
12.13217921904877 3.158532411122099 0
12.13217921904877 3.06046848728152 0
1 40 0 15
618
619
620
621
622
623
624
625
626
627
628
629
630
631
632
12.01691209918249 2.962404563440941 0
11.90164497931622 2.962404563440941 0
11.78637785944994 2.962404563440941 0
11.67111073958367 2.962404563440941 0
11.55584361971739 2.962404563440941 0
11.44057649985112 2.962404563440941 0
11.32530937998484 2.962404563440941 0
11.21004226011856 2.962404563440941 0
11.09477514025229 2.962404563440941 0
10.97950802038601 2.962404563440941 0
10.86424090051974 2.962404563440941 0
10.74897378065346 2.962404563440941 0
10.63370666078719 2.962404563440941 0
10.51843954092091 2.962404563440941 0
10.40317242105463 2.962404563440941 0
1 41 0 11
633
634
635
636
637
638
639
640
641
642
643
10.28790530118836 3.062330390426072 0
10.28790530118836 3.162256217411202 0
10.28790530118836 3.262182044396332 0
10.28790530118836 3.362107871381462 0
10.28790530118836 3.462033698366592 0
10.28790530118836 3.561959525351723 0
10.28790530118836 3.661885352336853 0
10.28790530118836 3.761811179321983 0
10.28790530118836 3.861737006307114 0
10.28790530118836 3.961662833292244 0
10.28790530118836 4.061588660277375 0
1 42 0 7
644
645
646
647
648
649
650
10.21592897589127 4.161514487262505 0
10.14395265059418 4.161514487262505 0
10.07197632529709 4.161514487262505 0
10 4.161514487262505 0
9.92802367470291 4.161514487262505 0
9.85604734940582 4.161514487262505 0
9.784071024108732 4.161514487262505 0
1 43 0 11
651
652
653
654
655
656
657
658
659
660
661
9.712094698811642 4.061588660277375 0
9.712094698811642 3.961662833292244 0
9.712094698811642 3.861737006307114 0
9.712094698811642 3.761811179321983 0
9.712094698811642 3.661885352336853 0
9.712094698811642 3.561959525351723 0
9.712094698811642 3.462033698366593 0
9.712094698811642 3.362107871381462 0
9.712094698811642 3.262182044396332 0
9.712094698811642 3.162256217411202 0
9.712094698811642 3.062330390426071 0
1 44 0 15
662
663
664
665
666
667
668
669
670
671
672
673
674
675
676
9.602370454813244 2.962404563440941 0
9.492646210814845 2.962404563440941 0
9.382921966816447 2.962404563440941 0
9.273197722818047 2.962404563440941 0
9.163473478819649 2.962404563440941 0
9.05374923482125 2.962404563440941 0
8.944024990822852 2.962404563440941 0
8.834300746824454 2.962404563440941 0
8.724576502826055 2.962404563440941 0
8.614852258827657 2.962404563440941 0
8.505128014829259 2.962404563440941 0
8.39540377083086 2.962404563440941 0
8.28567952683246 2.962404563440941 0
8.175955282834062 2.962404563440941 0
8.066231038835664 2.962404563440941 0
1 45 0 7
677
678
679
680
681
682
683
7.956506794837265 3.084179489694568 0
7.956506794837265 3.205954415948194 0
7.956506794837265 3.327729342201821 0
7.956506794837265 3.449504268455447 0
7.956506794837265 3.571279194709074 0
7.956506794837265 3.6930541209627 0
7.956506794837265 3.814829047216327 0
1 46 0 7
684
685
686
687
688
689
690
7.892444659506641 3.936603973469953 0
7.828382524176016 3.936603973469953 0
7.764320388845391 3.936603973469953 0
7.700258253514766 3.936603973469953 0
7.636196118184142 3.936603973469953 0
7.572133982853518 3.936603973469953 0
7.508071847522893 3.936603973469953 0
1 47 0 7
691
692
693
694
695
696
697
7.444009712192268 3.814829047216327 0
7.444009712192268 3.6930541209627 0
7.444009712192268 3.571279194709074 0
7.444009712192268 3.449504268455447 0
7.444009712192268 3.327729342201821 0
7.444009712192268 3.205954415948194 0
7.444009712192268 3.084179489694568 0
1 48 0 15
698
699
700
701
702
703
704
705
706
707
708
709
710
711
712
7.328250903100578 2.962404563440941 0
7.212492094008889 2.962404563440941 0
7.0967332849172 2.962404563440941 0
6.980974475825509 2.962404563440941 0
6.865215666733818 2.962404563440941 0
6.749456857642127 2.962404563440941 0
6.633698048550436 2.962404563440941 0
6.517939239458746 2.962404563440941 0
6.402180430367057 2.962404563440941 0
6.286421621275366 2.962404563440941 0
6.170662812183675 2.962404563440941 0
6.054904003091984 2.962404563440941 0
5.939145194000293 2.962404563440941 0
5.823386384908604 2.962404563440941 0
5.707627575816915 2.962404563440941 0
1 49 0 11
713
714
715
716
717
718
719
720
721
722
723
5.591868766725224 3.058255568491327 0
5.591868766725224 3.154106573541713 0
5.591868766725224 3.249957578592098 0
5.591868766725224 3.345808583642484 0
5.591868766725224 3.44165958869287 0
5.591868766725224 3.537510593743256 0
5.591868766725224 3.633361598793641 0
5.591868766725224 3.729212603844027 0
5.591868766725224 3.825063608894413 0
5.591868766725224 3.920914613944799 0
5.591868766725224 4.016765618995184 0
1 50 0 3
724
725
726
5.496192636877378 4.11261662404557 0
5.400516507029534 4.11261662404557 0
5.304840377181689 4.11261662404557 0
1 51 0 11
727
728
729
730
731
732
733
734
735
736
737
5.209164247333844 4.016765618995184 0
5.209164247333844 3.920914613944798 0
5.209164247333844 3.825063608894413 0
5.209164247333844 3.729212603844027 0
5.209164247333844 3.633361598793641 0
5.209164247333844 3.537510593743256 0
5.209164247333844 3.44165958869287 0
5.209164247333844 3.345808583642484 0
5.209164247333844 3.249957578592098 0
5.209164247333844 3.154106573541712 0
5.209164247333844 3.058255568491327 0
1 52 0 7
738
739
740
741
742
743
744
5.089349420640477 2.962404563440941 0
4.969534593947111 2.962404563440941 0
4.849719767253747 2.962404563440941 0
4.729904940560381 2.962404563440941 0
4.610090113867015 2.962404563440941 0
4.490275287173649 2.962404563440941 0
4.370460460480283 2.962404563440941 0
1 53 0 7
745
746
747
748
749
750
751
4.250645633786917 2.846803422580706 0
4.250645633786917 2.731202281720471 0
4.250645633786917 2.615601140860235 0
4.250645633786917 2.5 0
4.250645633786917 2.384398859139765 0
4.250645633786917 2.268797718279529 0
4.250645633786917 2.153196577419294 0
2 2 0 889
752
753
754
755
756
757
758
759
760
761
762
763
764
765
766
767
768
769
770
771
772
773
774
775
776
777
778
779
780
781
782
783
784
785
786
787
788
789
790
791
792
793
794
795
796
797
798
799
800
801
802
803
804
805
806
807
808
809
810
811
812
813
814
815
816
817
818
819
820
821
822
823
824
825
826
827
828
829
830
831
832
833
834
835
836
837
838
839
840
841
842
843
844
845
846
847
848
849
850
851
852
853
854
855
856
857
858
859
860
861
862
863
864
865
866
867
868
869
870
871
872
873
874
875
876
877
878
879
880
881
882
883
884
885
886
887
888
889
890
891
892
893
894
895
896
897
898
899
900
901
902
903
904
905
906
907
908
909
910
911
912
913
914
915
916
917
918
919
920
921
922
923
924
925
926
927
928
929
930
931
932
933
934
935
936
937
938
939
940
941
942
943
944
945
946
947
948
949
950
951
952
953
954
955
956
957
958
959
960
961
962
963
964
965
966
967
968
969
970
971
972
973
974
975
976
977
978
979
980
981
982
983
984
985
986
987
988
989
990
991
992
993
994
995
996
997
998
999
1000
1001
1002
1003
1004
1005
1006
1007
1008
1009
1010
1011
1012
1013
1014
1015
1016
1017
1018
1019
1020
1021
1022
1023
1024
1025
1026
1027
1028
1029
1030
1031
1032
1033
1034
1035
1036
1037
1038
1039
1040
1041
1042
1043
1044
1045
1046
1047
1048
1049
1050
1051
1052
1053
1054
1055
1056
1057
1058
1059
1060
1061
1062
1063
1064
1065
1066
1067
1068
1069
1070
1071
1072
1073
1074
1075
1076
1077
1078
1079
1080
1081
1082
1083
1084
1085
1086
1087
1088
1089
1090
1091
1092
1093
1094
1095
1096
1097
1098
1099
1100
1101
1102
1103
1104
1105
1106
1107
1108
1109
1110
1111
1112
1113
1114
1115
1116
1117
1118
1119
1120
1121
1122
1123
1124
1125
1126
1127
1128
1129
1130
1131
1132
1133
1134
1135
1136
1137
1138
1139
1140
1141
1142
1143
1144
1145
1146
1147
1148
1149
1150
1151
1152
1153
1154
1155
1156
1157
1158
1159
1160
1161
1162
1163
1164
1165
1166
1167
1168
1169
1170
1171
1172
1173
1174
1175
1176
1177
1178
1179
1180
1181
1182
1183
1184
1185
1186
1187
1188
1189
1190
1191
1192
1193
1194
1195
1196
1197
1198
1199
1200
1201
1202
1203
1204
1205
1206
1207
1208
1209
1210
1211
1212
1213
1214
1215
1216
1217
1218
1219
1220
1221
1222
1223
1224
1225
1226
1227
1228
1229
1230
1231
1232
1233
1234
1235
1236
1237
1238
1239
1240
1241
1242
1243
1244
1245
1246
1247
1248
1249
1250
1251
1252
1253
1254
1255
1256
1257
1258
1259
1260
1261
1262
1263
1264
1265
1266
1267
1268
1269
1270
1271
1272
1273
1274
1275
1276
1277
1278
1279
1280
1281
1282
1283
1284
1285
1286
1287
1288
1289
1290
1291
1292
1293
1294
1295
1296
1297
1298
1299
1300
1301
1302
1303
1304
1305
1306
1307
1308
1309
1310
1311
1312
1313
1314
1315
1316
1317
1318
1319
1320
1321
1322
1323
1324
1325
1326
1327
1328
1329
1330
1331
1332
1333
1334
1335
1336
1337
1338
1339
1340
1341
1342
1343
1344
1345
1346
1347
1348
1349
1350
1351
1352
1353
1354
1355
1356
1357
1358
1359
1360
1361
1362
1363
1364
1365
1366
1367
1368
1369
1370
1371
1372
1373
1374
1375
1376
1377
1378
1379
1380
1381
1382
1383
1384
1385
1386
1387
1388
1389
1390
1391
1392
1393
1394
1395
1396
1397
1398
1399
1400
1401
1402
1403
1404
1405
1406
1407
1408
1409
1410
1411
1412
1413
1414
1415
1416
1417
1418
1419
1420
1421
1422
1423
1424
1425
1426
1427
1428
1429
1430
1431
1432
1433
1434
1435
1436
1437
1438
1439
1440
1441
1442
1443
1444
1445
1446
1447
1448
1449
1450
1451
1452
1453
1454
1455
1456
1457
1458
1459
1460
1461
1462
1463
1464
1465
1466
1467
1468
1469
1470
1471
1472
1473
1474
1475
1476
1477
1478
1479
1480
1481
1482
1483
1484
1485
1486
1487
1488
1489
1490
1491
1492
1493
1494
1495
1496
1497
1498
1499
1500
1501
1502
1503
1504
1505
1506
1507
1508
1509
1510
1511
1512
1513
1514
1515
1516
1517
1518
1519
1520
1521
1522
1523
1524
1525
1526
1527
1528
1529
1530
1531
1532
1533
1534
1535
1536
1537
1538
1539
1540
1541
1542
1543
1544
1545
1546
1547
1548
1549
1550
1551
1552
1553
1554
1555
1556
1557
1558
1559
1560
1561
1562
1563
1564
1565
1566
1567
1568
1569
1570
1571
1572
1573
1574
1575
1576
1577
1578
1579
1580
1581
1582
1583
1584
1585
1586
1587
1588
1589
1590
1591
1592
1593
1594
1595
1596
1597
1598
1599
1600
1601
1602
1603
1604
1605
1606
1607
1608
1609
1610
1611
1612
1613
1614
1615
1616
1617
1618
1619
1620
1621
1622
1623
1624
1625
1626
1627
1628
1629
1630
1631
1632
1633
1634
1635
1636
1637
1638
1639
1640
7.576243965935465 2.833771463105641 0
7.233458040012351 2.813578808051036 0
10.02410428427677 2.826853901802709 0
9.720128294423446 2.802188807750738 0
10.32724720486322 2.799945884476449 0
7.841831745975521 2.84397608505374 0
12.47690930825325 2.797337233391925 0
5.254997095677046 2.781009646984776 0
12.08801224152711 2.787486386690169 0
5.636986816769364 2.782447455847668 0
8.045134892187125 2.241051124760697 0
8.598325065535199 2.765452633206164 0
9.303047971512498 2.78171531880961 0
10.7274560011954 2.760547831548787 0
6.63888811556954 2.76034299922591 0
14.62375542402946 2.773322602415607 0
11.07119113997119 2.752837299995591 0
15.09072504201712 2.761461596574509 0
6.103199172182498 2.72329419071128 0
11.63438533425041 2.780925540270088 0
14.17165149925102 2.78242511624132 0
4.85837214780519 2.717429367178163 0
12.88044401199059 2.761305040915469 0
13.35901723701288 2.721352730481932 0
7.643601076394561 2.282698922872746 0
13.80916798825872 2.783032537964135 0
10.17016942811989 2.258210307330776 0
8.935833131101445 2.212535610351948 0
7.210215854178061 2.278529407158219 0
12.50654814179368 2.257319761703215 0
5.20850625649795 2.23858640357643 0
12.02089610567739 2.256507273042724 0
9.441000175767138 2.226725541818722 0
5.926194835918453 2.263330095467821 0
10.93986930133435 2.280770213474825 0
6.430836487856473 2.249339595285887 0
11.4142623844609 2.272013957764963 0
14.92512066747097 2.226860424222119 0
15.3502001169182 2.21524369682737 0
4.626733288487275 2.230653231484571 0
13.27579272001765 2.262595652933863 0
14.23461777598878 2.228199458798353 0
13.76010516709231 2.242659590042435 0
4.48144341344058 2.569759896185956 0
15.54571875363429 2.627105807669963 0
7.874521070986184 2.224185710586311 0
7.813978772283672 2.354190662978005 0
7.589835388516747 2.422205024996069 0
7.704247854908825 2.539336961272142 0
7.921522567604055 2.593591122346616 0
8.008222871227964 2.431747039001042 0
8.069265915916603 2.681422182252795 0
8.272528714362988 2.546856927258191 0
8.356795893243083 2.778167274888122 0
8.595650469606417 2.558637685485804 0
8.859116427619131 2.576678306965608 0
8.627680170148052 2.361608502627121 0
7.449178569007572 2.25699438221875 0
7.437883873027456 2.449409580803198 0
7.215883135446739 2.490124058023721 0
6.898883139188978 2.329390061198582 0
6.955736711126891 2.589626765578795 0
6.657022924812905 2.511427148727858 0
7.980649019500993 2.838867675587769 0
10.51931800425985 2.78006123779976 0
10.50865558215389 2.59986781164227 0
10.70363299899284 2.552792419056498 0
10.48842467955398 2.465245342829861 0
10.34140886856948 2.465010273364431 0
7.036027903201962 2.80721005876119 0
11.12223269242221 2.490894051026536 0
11.26302232744771 2.609519251349487 0
12.26234057256015 2.247681827585523 0
12.27180797941014 2.443439203382562 0
12.49815038645863 2.46197457961518 0
12.05253981114176 2.445293839885441 0
11.88422768748699 2.462709843849051 0
12.76166249343367 2.270317585173287 0
12.76372060780236 2.534067846555339 0
12.6315185401204 2.659853475516916 0
13.05848855379912 2.506591859174349 0
11.7329855418373 2.317803287081415 0
13.02204544217532 2.271042632969323 0
13.31032132876233 2.489049476550533 0
11.57590411168224 2.56829867540272 0
9.926840618608651 2.24761969828922 0
10.09371160511847 2.50433811860758 0
9.849390452317746 2.451135010525603 0
10.15809816424985 2.677853366275058 0
9.945305021714297 2.67661322567375 0
9.684408557667055 2.235042769913815 0
9.620768447294346 2.427998088190923 0
9.386383901998045 2.41432960431567 0
9.339878587441218 2.599355708451229 0
9.193067567991557 2.220044272554436 0
9.143585439916682 2.403515799088196 0
11.86812507053763 2.780677463454325 0
13.52055584888524 2.252733460947943 0
13.77271663298202 2.44582305455603 0
13.99489665896849 2.427605119269625 0
4.928399524319463 2.280791831600151 0
5.023064493820505 2.418355494402256 0
5.176377797553385 2.416092159313334 0
5.442570222314195 2.237231157590022 0
5.382157030053587 2.426062148503678 0
5.125710077794333 2.582444375960074 0
5.678273492801427 2.250216147308204 0
5.594561686105799 2.450568697168267 0
5.828563894677185 2.523891443666465 0
6.184037566048347 2.260812083754939 0
6.391669023095246 2.45178349271177 0
4.766603643007781 2.470321844298281 0
8.344444579798875 2.264694235683402 0
15.11087003126781 2.264683112154682 0
15.03516744274458 2.392042265272219 0
14.88289519419692 2.399989841765741 0
15.27459189090108 2.341009795249432 0
14.70515291350115 2.222759262990426 0
14.67080279179048 2.405011696951377 0
14.47162877043655 2.224489977044335 0
14.44606251255869 2.409995870778149 0
5.85139707690257 2.75408264854696 0
11.18020105014146 2.267487142008072 0
13.95936012214696 2.787322604520403 0
13.58483965042077 2.68909698327235 0
13.11642889270881 2.737603020149432 0
14.85456306139469 2.76531510734773 0
12.28642342971004 2.793067408417833 0
6.411648326173065 2.683866345206416 0
14.39665733102004 2.778164087338271 0
5.447835396702901 2.790204874055339 0
9.076148859174562 2.775448673941557 0
12.48011619005803 2.63683793185887 0
7.474052384362158 2.645853025950903 0
7.422287003056276 2.819458381591325 0
8.842067356911144 2.769351056081593 0
14.21917471627555 2.416561737629951 0
9.773223595680509 2.635504528651741 0
10.16389120739631 2.81826942150189 0
9.885044012441067 2.818251204030681 0
7.709382074698878 2.841643119174896 0
15.46761166026133 2.413337547412048 0
4.548937046277894 2.389526114446461 0
4.620015495214736 2.776214578081406 0
15.32028087833391 2.76951938578558 0
12.27804468073988 2.622512047484217 0
13.99744181306797 2.234141703219667 0
6.840149875770214 2.788991295592072 0
10.62959668137312 2.301537889900283 0
10.32799885956698 2.637765570578613 0
10.40534359790091 2.264117025185044 0
12.07215280208037 2.615682089002659 0
8.889388770856533 2.390275200858579 0
11.39765415212123 2.783964341089918 0
5.318071749954334 2.604142944027682 0
12.67028644291816 2.788126311337223 0
7.238785959207908 2.66207362247291 0
10.91685734527426 2.518679052297057 0
7.862948552927671 2.725663981847474 0
7.711987336060661 2.71677524642439 0
6.654455622877149 2.257858566741914 0
5.510217098578924 2.625425521108396 0
5.649480917002235 2.650931561249767 0
9.104853911684447 2.588805086927433 0
11.29343137021207 2.453461247427543 0
5.051913991382071 2.762963856748204 0
6.1362499061766 2.489181098846567 0
7.970635839680805 2.749035182665976 0
14.42190783782691 2.594208626299823 0
13.98826022608521 2.612022595827349 0
11.85905912581883 2.598853723616148 0
15.5363212217744 2.766030558166809 0
10.04417206884126 2.722607789434945 0
14.1999095182151 2.601127785103998 0
15.5129834741366 2.232179253409925 0
4.466236568567403 2.762287379552751 0
8.646764172073144 2.207147705499732 0
9.521512603743396 2.789838596384238 0
4.478462831832834 2.170978874530691 0
9.564131933626729 2.612895720435024 0
14.64617673945452 2.587293169032912 0
15.38141631463947 2.587091903553733 0
13.54673500598653 2.468514256167607 0
14.87053954916234 2.574476294677012 0
13.78908855283775 2.642150294854872 0
4.678878935801634 2.643475648155722 0
15.12940439174222 2.528334453290688 0
8.146697316723621 2.811867380546886 0
7.588543489025792 2.735423479659359 0
11.38579610245646 2.656754280621042 0
6.739327107341596 2.613891676574989 0
6.57195967869648 2.411635777912751 0
10.93123856523379 2.746450274216067 0
4.9485901192405 2.540035723134592 0
7.083394887625788 2.690054985603785 0
8.512306606939948 2.161741250227911 0
13.14891908109648 2.266819142951593 0
13.29305702438999 2.375822564742198 0
13.18440494128072 2.497820667862441 0
13.04026699798722 2.388817246071836 0
13.1666620111886 2.382319905407017 0
6.949609995799771 2.18349274887882 0
6.776669381033064 2.293624313970248 0
6.702410273160964 2.147727001650486 0
6.826010134480368 2.165609875264654 0
11.15121687128184 2.379190596517303 0
11.01954501884824 2.504786551661796 0
10.92836332330431 2.399724632885941 0
11.0600351757379 2.274128677741448 0
11.03979009729307 2.389457614701622 0
12.82208230989648 2.647686443735404 0
12.77536522745438 2.774715676126346 0
12.65090249151928 2.72398989342707 0
12.69761957396138 2.596960661036127 0
12.73649240070788 2.685838168581236 0
11.35384687733648 2.362737602596253 0
11.5736239631491 2.294908622423189 0
11.65444482675977 2.443050981242068 0
11.43466774094716 2.510879961415132 0
11.50414585204813 2.40289429191916 0
7.443531221017514 2.353201981510974 0
7.326883504237097 2.469766819413459 0
7.213049494812401 2.38432673259097 0
7.329697211592817 2.267761894688485 0
7.328290357914957 2.368764357050972 0
11.48085010706935 2.612526478011882 0
11.32440921495208 2.633136765985265 0
11.27822684882989 2.531490249388515 0
11.37953847794962 2.572008363700198 0
7.844249921634928 2.289188186782158 0
7.959827981586654 2.232618417673504 0
8.026678881707545 2.33639908188087 0
7.911100821755818 2.392968850989523 0
7.935464401671236 2.312793634331514 0
13.3346692828876 2.605201103516233 0
13.23772306486085 2.729477875315682 0
13.08745872325396 2.62209743966189 0
13.21106400307078 2.613649271589062 0
5.80223416435994 2.256773121388012 0
5.877379365297819 2.393610769567143 0
5.711562790391492 2.487230070417366 0
5.636417589453613 2.350392422238235 0
5.756898477375715 2.372001595902689 0
6.257423749177781 2.703580267958848 0
6.119724539179549 2.606237644778924 0
6.263959464635922 2.470482295779169 0
6.401658674634156 2.567824918959094 0
6.260691606906851 2.587031281869009 0
11.45704697912781 2.154804697162011 0
11.7413945222989 2.177699361820237 0
11.59922075071336 2.166252029491124 0
4.722741289404707 2.556898746227002 0
4.85759688112414 2.505178783716437 0
4.903481133522845 2.628732545156378 0
4.768625541803413 2.680452507666943 0
4.813111211463776 2.59281564569169 0
10.13194051661918 2.381274212969178 0
10.2877565130104 2.26116366625791 0
10.3733762332352 2.364563649274738 0
10.21756023684398 2.484674195986006 0
10.25265837492719 2.372918931121958 0
12.55581736508922 2.648345703687893 0
12.57359787558571 2.792731772364574 0
12.47851274915564 2.717087582625397 0
12.56470762033746 2.720538738026233 0
10.16099468582308 2.748061393888474 0
10.24304851190841 2.657809468426835 0
10.3276230322151 2.718855727527531 0
10.24556920612976 2.809107652989169 0
10.24430885901909 2.733458560708002 0
7.964872719416009 2.512669080673829 0
8.140375792795476 2.489301983129617 0
8.170897315139793 2.614139554755492 0
7.995394241760328 2.637506652299705 0
8.067885017277902 2.563404317714661 0
7.81288521125644 2.566464041809379 0
7.759113313596249 2.446763812125074 0
7.861993016506129 2.479716446399451 0
6.217229315780777 2.149203760156999 0
6.055116200983401 2.26207108961138 0
5.963321986232937 2.15046276601344 0
6.090275651006857 2.149833263085219 0
7.230262317777207 2.158062421858639 0
7.474729639674855 2.147294909388904 0
7.352495978726031 2.152678665623772 0
9.811307023999127 2.543319769588672 0
9.668677764653619 2.624200124543382 0
9.592450190460537 2.520446904312974 0
9.735079449806046 2.439566549358263 0
9.701878607229832 2.531883336950823 0
13.51008142720312 2.145164448753501 0
13.39817428445144 2.257664556940903 0
13.26271389828644 2.150095544746461 0
13.38639766274478 2.147629996749981 0
9.6525885024807 2.331520429052369 0
9.805624588137853 2.241331234101518 0
9.888115535463198 2.349377354407412 0
9.770352018971948 2.340448891729891 0
10.66661484018298 2.427165154478391 0
10.78473299135374 2.291154051687554 0
10.81024517213355 2.535735735676778 0
10.79748908174364 2.413444893682166 0
7.728789924339116 2.318444792925376 0
7.696926857851243 2.160147179715902 0
7.812386855147054 2.130890573572685 0
7.770588389743085 2.22466768324903 0
9.915174517077682 2.747432214852216 0
9.994738545277782 2.699610507554348 0
10.03413817655902 2.774730845618827 0
9.954574148358919 2.822552552916695 0
9.974656346818351 2.761081530235522 0
7.433148357624272 2.890931472516133 0
7.49926548449587 2.826614922348483 0
7.574188974394491 2.898088013273291 0
7.503668666009381 2.894509742894712 0
8.297320538519186 2.15114483612123 0
8.506237516572615 2.099668343393485 0
8.428375593369411 2.213217742955657 0
8.401779027545901 2.125406589757358 0
13.42852816737443 2.47878186635907 0
13.53364542743589 2.360623858557775 0
13.41335122591294 2.368223211649987 0
8.194789735993 2.25287268022205 0
8.022679730230418 2.139323280659878 0
8.160000134374801 2.145234058390554 0
5.471537750465021 2.137413297074541 0
5.71437535019153 2.143905791933631 0
5.560421857557811 2.243723652449113 0
5.592956550328276 2.140659544504086 0
12.75567685602866 2.153956510866172 0
13.01085429488238 2.154319034764191 0
12.89185396780449 2.270680109071304 0
12.88326557545552 2.154137772815182 0
5.488359358079693 2.438315422835972 0
5.412363626183891 2.33164665304685 0
5.524390607818752 2.341019537642543 0
7.546389822701067 2.269846652545748 0
7.58582824876305 2.153721044552404 0
10.21007067854284 2.147902871944917 0
10.04850502336427 2.252915002809998 0
9.963420309304325 2.14260756742414 0
10.08674549392358 2.145255219684528 0
7.647041621712786 2.480770993134106 0
7.616718232455653 2.352451973934407 0
7.687915773025951 2.39960789302974 0
5.099721145686945 2.417223826857795 0
4.975732009069985 2.349573663001203 0
5.068452890408707 2.25968911758829 0
5.192442027025667 2.327339281444882 0
5.084087018047826 2.338456472223043 0
12.48913328825833 2.549406255737025 0
12.63093549713049 2.49802121308526 0
12.59337643110986 2.573183458386576 0
12.25604396662611 2.142638632072291 0
12.50313371572577 2.147457599131137 0
12.38444435717691 2.252500794644368 0
12.37958884117594 2.145048115601714 0
14.24207028420357 2.132897447678706 0
14.48556174591035 2.131042706801697 0
14.35312327321267 2.226344717921344 0
14.36381601505696 2.131970077240201 0
12.14161833911877 2.252094550314124 0
12.26707427598515 2.345560515484042 0
12.16217389527595 2.444366521634001 0
12.03671795840958 2.350900556464083 0
12.15189611719736 2.348230535974063 0
8.96797270761915 2.125065523455504 0
9.221575890547099 2.128819854556748 0
9.064450349546501 2.216289941453192 0
9.094774299083124 2.126942689006126 0
10.55901068046355 2.383391616365072 0
10.41491677406173 2.465127808097146 0
10.51747013963702 2.282827457542663 0
10.46619345684937 2.373977632819905 0
13.64033050798878 2.247696525495189 0
13.76641090003717 2.344241322299232 0
13.65972581948428 2.457168655361818 0
13.65002816373653 2.352432590428504 0
7.917533292688736 2.135106927116281 0
12.91110458080074 2.520329852864844 0
12.76269155061802 2.402192715864313 0
12.90147927430262 2.395504980968074 0
5.982406900426892 2.506536271256516 0
5.977298124542534 2.73868841962912 0
5.839980485789877 2.638987046106712 0
5.979852512484713 2.622612345442818 0
12.9984364523497 2.74945403053245 0
12.95477051657522 2.634891941698647 0
15.19273096108445 2.302846453702057 0
15.18014026977466 2.15113927435687 0
15.29980531259985 2.126419566693214 0
15.31239600390964 2.278126746038401 0
15.24626813684215 2.214633010197636 0
5.325538239406072 2.237908780583226 0
5.229519803074005 2.138090920067744 0
5.350528776769513 2.137752108571143 0
9.971551028718109 2.477736564566592 0
10.01002802604119 2.365325783688295 0
8.611665319877234 2.460123094056462 0
8.434089591984701 2.552747306371997 0
8.308486647080931 2.405775581470797 0
8.486062374973464 2.313151369155262 0
8.460075983479083 2.432949337763629 0
4.964480472501869 2.159193634079605 0
5.097000137787937 2.148642277073674 0
12.50234926412616 2.359647170659197 0
12.38497918293439 2.452706891498871 0
12.38471177005565 2.35260384307162 0
10.01950831341638 2.590475672140665 0
9.859264308697403 2.656058877162746 0
9.915407668707756 2.566897720864669 0
12.63410531761368 2.263818673438251 0
12.62940528587722 2.150707054998655 0
12.01033576870184 2.147051354800892 0
11.87694082375735 2.28715528006207 0
11.87586514550037 2.162375358310564 0
12.11009573028794 2.874945475065555 0
12.18721783561858 2.790276897554001 0
12.29308258809764 2.877735985929387 0
12.20158915919279 2.876340730497471 0
7.05454949668352 2.303959734178401 0
7.08993615678849 2.17077758536873 0
9.802586153432257 2.810220005890709 0
9.746675945051978 2.718846668201239 0
9.83092523106483 2.733139441526728 0
14.72730978192554 2.130177349774743 0
14.58839084196885 2.223624620017381 0
14.60643576391795 2.13061002828822 0
6.411252755475859 2.350561543998829 0
6.160143736112474 2.374996591300753 0
6.307437026952409 2.255075839520413 0
6.285698245794165 2.362779067649791 0
9.470528158917784 2.13216048918889 0
9.717218314350635 2.136319103236437 0
9.562704366717098 2.230884155866268 0
9.593873236634209 2.134239796212664 0
4.587835167382584 2.310089672965516 0
4.777566406403369 2.255722531542361 0
4.847501583663622 2.375556837949216 0
4.657770344642838 2.429923979372371 0
4.717668375523104 2.342823255457366 0
5.838848668212234 2.147184278973536 0
9.503576174646195 2.421163846253297 0
9.413692038882592 2.320527573067196 0
9.533140270681645 2.326024001059783 0
12.13318986766398 2.144844993436591 0
9.84031931182748 2.139463335330289 0
4.688661390102882 2.134124334021815 0
4.826570931302375 2.14665898405071 0
15.07301873700619 2.32836268871345 0
14.95903131847075 2.39601605351898 0
14.90400793083394 2.31342513299393 0
15.01799534936939 2.2457717681884 0
14.98851333392007 2.32089391085369 0
13.99616923601823 2.330873411244646 0
13.88380664597526 2.436714086912827 0
13.87877349008014 2.238400646631051 0
13.8812900680277 2.337557366771939 0
6.018761550705147 2.384303680433948 0
9.222366249562834 2.594080397689331 0
9.321463279476857 2.69053551363042 0
9.18959841534353 2.778581996375583 0
9.090501385429505 2.682126880434495 0
9.205982332453182 2.686331197032457 0
5.279267413803486 2.421077153908506 0
5.302402826604778 2.329492967245866 0
10.33470386406823 2.551387921971522 0
10.12590488468416 2.591095742441319 0
10.23030437437619 2.571241832206421 0
7.085809923286814 2.539875411801258 0
6.927309925157934 2.459508413388689 0
7.070179709985167 2.421917572989829 0
11.21503034748519 2.152541289283565 0
11.29723171730118 2.269750549886517 0
11.3360386633065 2.153672993222788 0
6.465614741167733 2.143467515922473 0
6.341422028474255 2.146335638039736 0
9.317033871879348 2.223384907186579 0
9.34605202473244 2.130490171872819 0
14.96227962339335 2.132227930390589 0
15.071209946584 2.14168360237373 0
14.81513679048606 2.224809843606273 0
14.84479470265945 2.131202640082666 0
10.96987850859875 2.159182825016942 0
11.09245442804197 2.155862057150253 0
13.75484205078955 2.140127513300747 0
13.63246173899634 2.142645981027124 0
13.1367840965844 2.152207289755326 0
5.424175951866218 2.87630471874814 0
5.542411106736132 2.786326164951503 0
5.614427791747294 2.872426009644305 0
5.519301871806755 2.874365364196223 0
7.892235560265863 2.659627552097045 0
7.787467944494166 2.721219614135932 0
7.708117595484743 2.628056103848266 0
7.800176577875303 2.643841827972656 0
7.22297506701062 2.887991685745989 0
7.327872521534314 2.816518594821181 0
7.328061712317446 2.889461579131061 0
4.580161174621107 2.606617772170839 0
4.515190229859237 2.479643005316208 0
4.618965759631973 2.518270875771605 0
14.68797785264582 2.313885479970902 0
14.7768489929937 2.402500769358559 0
14.79599289173988 2.313655306482416 0
7.008501189513735 2.884807311101065 0
7.134742971607157 2.810394433406113 0
7.115738128262178 2.886399498423527 0
11.75125520239402 2.780801501862207 0
11.88488502492693 2.871541013447633 0
11.65274803691704 2.871665051855515 0
11.76881653092198 2.871603032651574 0
8.727383448612773 2.567657996225706 0
8.850591892265138 2.6730146815236 0
8.720196211223172 2.767401844643879 0
8.596987767570807 2.662045159345984 0
8.723789829917973 2.667529920434792 0
8.477560479389142 2.771809954047143 0
8.314662303803035 2.662512101073156 0
8.455825035686921 2.66227863020957 0
13.92783585499833 2.874863583980672 0
13.73365584522688 2.872718550702538 0
13.88426405520284 2.785177571242269 0
13.83074585011261 2.873791067341605 0
12.91204202861081 2.861854802178205 0
12.68787930124726 2.875265437389082 0
12.79996066492904 2.868560119783643 0
6.079051587637241 2.842849377076111 0
5.837391730905587 2.85824360599395 0
5.958221659271413 2.85054649153503 0
14.1530654863777 2.87241483984113 0
14.28415441513554 2.780294601789795 0
14.38465234508954 2.870284325389606 0
14.26885891573362 2.871349582615368 0
14.45884564149762 2.317242923911242 0
14.55843265217458 2.407503783864763 0
14.57341174707172 2.315564201941072 0
10.62338700272763 2.770304534674274 0
10.73821489092443 2.861476197494864 0
10.51887877259038 2.871232900620351 0
10.62854683175741 2.866354549057608 0
5.479026247640912 2.707815197581868 0
5.351416246189974 2.785607260520057 0
5.28653442281569 2.692576295506229 0
5.414144424266629 2.614784232568039 0
5.382780335228301 2.700195746544048 0
13.14911841179725 2.850003791795186 0
13.38949652677663 2.841878646961437 0
13.26930746928694 2.845941219378312 0
13.03058022020403 2.855929296986696 0
13.47192844371683 2.705224856877141 0
13.6214916763079 2.825750773356646 0
13.50549410154226 2.833814710159041 0
5.153455543529558 2.77198675186649 0
5.088812034588202 2.672704116354139 0
5.221890913874334 2.593293659993878 0
5.187673228701946 2.682640205930184 0
14.33261861441712 2.41327880420405 0
14.22689624613216 2.322380598214152 0
14.34287094381489 2.319811761062697 0
9.16832650395412 2.311780035821316 0
9.264984670957364 2.408922701701933 0
9.291009271418355 2.316153804444256 0
10.60614429057336 2.576330115349384 0
10.49854013085393 2.532556577236066 0
10.58257748551846 2.479860865857228 0
14.06550581069899 2.784873860380861 0
14.04045067068802 2.873639211910901 0
10.51398679320687 2.689964524721015 0
10.71554450009412 2.656670125302643 0
10.6147656466505 2.673317325011829 0
11.96838374931438 2.454001841867246 0
11.80860661466215 2.390256565465233 0
11.92266228653586 2.370578560964658 0
14.61161945849996 2.867863582928274 0
14.73915924271208 2.769318854881668 0
14.84044134408829 2.863859835394336 0
14.72603040129413 2.865861709161305 0
6.349034973724216 2.823135454323679 0
6.525268220871302 2.722104672216163 0
6.578413677514144 2.861373781333425 0
6.463724325619181 2.842254617828552 0
6.214043280680729 2.832992415699895 0
14.97264405170591 2.763388351961119 0
15.0739016768284 2.861933080007725 0
14.95717151045835 2.86289645770103 0
11.0967119161967 2.621865675511063 0
11.00121485260249 2.749643787105828 0
10.92404795525403 2.632564663256562 0
11.01037993572536 2.627215169383812 0
8.838184051867799 2.865877809761267 0
8.606588662181428 2.863928598323553 0
8.722386357024615 2.86490320404241 0
13.99849633826027 2.135868569889363 0
13.87666919452491 2.137998041595055 0
10.45264372791624 2.150856230872051 0
10.68975623413524 2.169566663229671 0
10.57119998102574 2.160211447050861 0
14.51020637752475 2.775743344876939 0
14.49813590179475 2.86907395415894 0
5.037150098517417 2.561240049547333 0
4.955143069593631 2.740196611963183 0
4.996146584055523 2.650718330755258 0
5.232080671505445 2.871707105212858 0
5.328128311685831 2.874005911980499 0
15.25541035319084 2.55771317842221 0
15.35084859648669 2.678305644669656 0
15.20550296017552 2.765490491180044 0
15.11006471687967 2.644898024932598 0
15.23045665668318 2.661601834801127 0
9.064949046997906 2.868926618691249 0
9.288122847165273 2.872059941125276 0
9.176535947081589 2.870493279908263 0
14.11602979452837 2.23117058100901 0
14.10703568762202 2.422083428449788 0
14.1115327410752 2.326627004729399 0
5.744191946835967 2.768265052197314 0
5.725909761326442 2.865334807819128 0
8.959108108042853 2.772399865011575 0
8.951566549432853 2.867402214226258 0
12.63252040737209 2.380919943261755 0
6.689107611455569 2.687117337900449 0
6.847531909234243 2.601759221076892 0
6.897943293448552 2.689309030585433 0
6.739518995669878 2.774667147408991 0
6.793525452452061 2.688213184242942 0
4.794138544182786 2.839916965309552 0
5.010724292664591 2.862684210094573 0
4.902431418423689 2.851300587702062 0
6.79480336670617 2.875697929516507 0
6.686608522110157 2.868535855424966 0
12.38166636898165 2.795202320904878 0
12.47210679108747 2.879870898416433 0
12.38259468959256 2.87880344217291 0
7.513859630772101 2.435807302899633 0
7.530124726736585 2.352826977722691 0
7.968577907169129 2.900636119514355 0
8.063673168112308 2.825367528067328 0
8.161326299778842 2.887135971993914 0
8.064952103473985 2.893886045754134 0
7.589150119635491 2.592594993611522 0
7.455968128694806 2.54763130337705 0
7.551504875203797 2.514201148255578 0
8.167582764394238 2.371087331675833 0
10.10113511654556 2.700230577855002 0
10.06032171498097 2.645353124997833 0
15.4245139874504 2.50021472548289 0
15.6084830132372 2.456668773706024 0
15.64753655992368 2.563552903834981 0
15.46356753413688 2.607098855611848 0
15.53602527368704 2.531883814658936 0
4.366044523613748 2.534879948092978 0
4.399791340032405 2.329161916362995 0
4.382917931823077 2.432020932227986 0
11.97806865603237 2.784081925072247 0
11.99749037760743 2.873243244256594 0
9.124219675800566 2.496160443007815 0
9.363131244719632 2.50684265638345 0
9.243675460260098 2.501501549695632 0
8.758534470502292 2.37594185174285 0
8.874252599237833 2.483476753912094 0
8.742958959557534 2.471799923984278 0
12.37908043539895 2.629674989671543 0
12.27492633007501 2.532975625433389 0
12.38202980916667 2.541190940585207 0
7.23612199961013 2.737826215261973 0
7.356419171785033 2.653963324211907 0
7.448169693709216 2.732655703771114 0
7.342145846659673 2.735240959516544 0
10.41832722086043 2.618816691110442 0
10.41662199746108 2.541972249603794 0
4.674960217887559 2.869309570761174 0
4.649447215508186 2.709845113118564 0
4.721792879845486 2.774881039214058 0
14.12028331123192 2.134383008784035 0
6.938088889486088 2.798100677176631 0
6.901652278109953 2.880252620308786 0
13.78090259290989 2.543986674705451 0
13.68696410162926 2.665623639063611 0
13.56578732820365 2.578805619719978 0
13.67334496055677 2.561396147212715 0
9.452005260533973 2.606125714443126 0
9.542822268685063 2.701367158409631 0
9.412280287627947 2.785776957596924 0
9.43214277408096 2.695951336020025 0
15.3040589374157 2.865961974613261 0
15.18898030712205 2.863947527310493 0
10.33135720322954 2.149379551408484 0
14.99997197045228 2.55140537398385 0
14.86255130527852 2.669895701012371 0
14.98630801107909 2.657396862972484 0
11.41911532598617 2.87318445226543 0
11.51601974318582 2.782444940680003 0
11.5359316814516 2.872424752060472 0
8.376099832036971 2.870285919164532 0
8.4913442471092 2.867107258744042 0
5.121402482085018 2.867195657653715 0
12.28223405522496 2.707789727951025 0
12.3803734021903 2.712438655288211 0
10.82981737136699 2.164374744123307 0
15.52745845156484 2.864217560803875 0
15.64283779399374 2.74861641994364 0
15.63840640888896 2.85551049169229 0
14.53404228864072 2.590750897666367 0
14.4339851751928 2.502102248538986 0
14.6584897656225 2.496152432992145 0
14.54623747040765 2.499127340765565 0
15.63116892017484 2.250488485844727 0
15.50618295569195 2.134887344984492 0
15.62776866095251 2.144041961201893 0
11.20783203131714 2.472177649227039 0
11.16710673370945 2.681178275672539 0
11.1874693825133 2.576677962449789 0
4.35844110117716 2.746744830636611 0
4.478255927870526 2.862345971496846 0
4.364450780828721 2.854574697038776 0
7.161090423416848 2.676064304038348 0
7.059711395413875 2.748632522182487 0
7.147916697512002 2.74322936872223 0
5.35011439000396 2.51510254626568 0
5.552389392342361 2.537997109138332 0
5.451251891173161 2.526549827702006 0
10.9553732928099 2.854427418828504 0
11.14061670004488 2.857620931718266 0
11.04799499642739 2.856024175273385 0
10.8293472832146 2.753499052882427 0
10.81979622767408 2.644617394279602 0
12.08008252180374 2.701584237846414 0
12.17509874141012 2.619097068243438 0
12.18115828851435 2.704686982898719 0
14.87671737167963 2.487233068221377 0
15.0822859172434 2.460188359281454 0
14.97950164446151 2.473710713751415 0
11.60514472296633 2.674612107836404 0
11.71748161875054 2.583576199509435 0
11.86359209817823 2.689765593535237 0
11.73436841057228 2.682188850685821 0
8.251746604983353 2.795017327717504 0
8.107981616320112 2.74664478139984 0
8.211321960061573 2.704578441236498 0
4.985827306530503 2.479195608768424 0
4.916664445097062 2.42737622335882 0
4.489540197292769 2.104287155544875 0
4.364554232809875 2.21988829640511 0
4.370092915539843 2.128741866482085 0
9.016487105386608 2.396895499973387 0
8.912610950978989 2.301405405605264 0
9.040468727466555 2.30659272071329 0
10.01205214213839 2.894629232621825 0
10.09399774583654 2.822561661652299 0
10.15392192899524 2.890336992471416 0
10.08298703556681 2.89248311254662 0
10.30757625302579 2.881175223958695 0
10.23074909101052 2.885756108215055 0
9.870545680923444 2.890327883735811 0
9.716111496617543 2.882296685595839 0
9.793328588770494 2.886312284665825 0
7.64281302031717 2.837707291140269 0
7.704820164106822 2.902023841307919 0
7.639504569250656 2.900055927290605 0
7.775606910337199 2.842809602114318 0
7.835107135075768 2.90319032424734 0
7.769963649591295 2.90260708277763 0
10.42328260456154 2.790003561138104 0
10.42080491271098 2.704410126124273 0
6.542646055366811 2.2535990810139 0
6.613207650786815 2.334747172327332 0
6.481814350895863 2.431709635312261 0
6.512230203131337 2.342654358163081 0
5.151043937673859 2.499268267636704 0
5.25057916383891 2.507185406951192 0
8.698452263622107 2.122371571029396 0
8.579535389506546 2.184444477863822 0
8.602344890097362 2.111019957211441 0
11.23442264604621 2.768400820542754 0
11.27986601301552 2.865402691991848 0
7.227334547327324 2.576098840248315 0
7.341651338011065 2.561865071812683 0
8.637222171110599 2.284378104063427 0
8.791298651587296 2.20984165792584 0
8.774916561044794 2.292891754834345 0
11.9656059639496 2.607267906309404 0
11.97183730999099 2.695674915690826 0
9.477790717590084 2.513644780348212 0
9.507079407279122 2.876121579912589 0
9.620820449083421 2.796013702067488 0
9.611595451948332 2.879209132754215 0
13.45022830554563 2.592003361618106 0
6.614491301754692 2.461531463320305 0
6.534335625492985 2.597646746967138 0
6.508074988194424 2.514678191139699 0
14.63496608174199 2.680307885724259 0
14.40928258442348 2.686186356819047 0
14.52212433308274 2.683247121271653 0
15.20199814132165 2.43467212427006 0
15.3711017755812 2.37717367133074 0
15.31325606438602 2.467443424876475 0
12.06234630661107 2.53048796444405 0
11.87164340665291 2.5307817837326 0
11.96699485663199 2.530634874088325 0
10.41322751280808 2.876204062289523 0
9.941298911530914 2.892478558178818 0
12.16863631834304 2.53173179493872 0
4.552598060160054 2.200816053007631 0
4.589100793697825 2.119205744783345 0
15.4315917955274 2.223711475118647 0
15.4029941341459 2.130653455838853 0
4.54312603189107 2.769250978817078 0
4.576608072879043 2.86582777112901 0
6.584012507164349 2.145597258786479 0
15.13750843916392 2.381517406491755 0
11.25253187430916 2.370964099556778 0
5.643233866885799 2.716689508548717 0
5.73902240583971 2.587411502458115 0
5.741607176337838 2.677838277327715 0
12.57999304616737 2.877568167902758 0
8.833212485620628 2.123718547242449 0
13.79912827054824 2.712591416409503 0
13.71030997342807 2.769171094883074 0
15.42830105005416 2.767774971976194 0
15.41575869449027 2.865089767708568 0
6.698175016077251 2.562659412651424 0
6.611721618474277 2.642382042433793 0
11.76304411670634 2.486916382487334 0
8.019950877798703 2.715228682459385 0
7.916792196304238 2.737349582256725 0
7.956093219032283 2.687428117278215 0
8.268713065907907 2.878710945579223 0
6.777953032000941 2.42040860496322 0
6.812742470617592 2.511083913020056 0
7.019565799376339 2.63984087559129 0
7.123450173351831 2.607969857919803 0
8.981985169651789 2.58274169694652 0
8.970546638847322 2.677570780979048 0
15.54101998770434 2.696568182918385 0
15.64518717695871 2.65608466188931 0
9.397601127222197 2.874090760518933 0
14.09408487215016 2.606575190465673 0
13.99157844252685 2.519813857548487 0
14.20954211724532 2.508844761366975 0
14.10056027988609 2.514329309457731 0
14.18578050873306 2.691776450672659 0
14.31090867802101 2.59766820570191 0
14.29753154657827 2.688981403745853 0
11.39172512728885 2.72035931085548 0
11.49843492512759 2.697485709345942 0
13.97381017411609 2.699672600173876 0
14.07979534142457 2.695724525423267 0
7.911240382738257 2.841421880320754 0
7.901842521122449 2.901913221880848 0
4.473839991003992 2.666023637869353 0
4.362242812395454 2.640812389364794 0
14.32176364621906 2.50547350495298 0
15.49029756719896 2.322758400410986 0
15.61982596670602 2.353578629775375 0
5.068435622102181 2.489231938202564 0
10.84679409186717 2.857951808161684 0
15.4013467855543 2.300442573224693 0
5.579849007790579 2.638178541179081 0
5.561130057263356 2.712252353065292 0
8.999236137519199 2.489818598459954 0
4.47619470009623 2.264988984685313 0
4.561643603256089 2.687934375493959 0
9.64474910686852 2.710106913305435 0
5.645705899091035 2.562704305798224 0
6.695580341393878 2.377577888645276 0
15.44593429209552 2.687436913794021 0
13.88867438946148 2.62708644534111 0
13.88624051771837 2.531900266126969 0
7.710684705379769 2.779209182799643 0
7.852390149451596 2.784820033450607 0
7.781537427415683 2.782014608125125 0
6.978827344431213 2.71897077638396 0
7.531297936693974 2.690638252805131 0
7.582393727480628 2.7845974713825 0
7.515281710594922 2.758626587576807 0
10.09756643119105 2.761396119753651 0
13.88646922233216 2.706132008291689 0
11.27941593049915 2.700768793264009 0
7.975642429590899 2.793951429126873 0
8.041812022955504 2.770298105263357 0
14.75835814430843 2.580884731854962 0
14.74875869351025 2.675101793368315 0
7.914016289521247 2.78938573128874 0
8.532798882240005 2.248797923509542 0
14.76760356865107 2.491692750606761 0
7.650265412543226 2.726099363041875 0
7.646539216430199 2.781903327091072 0
7.619707766089359 2.659347178326699 0
2 3 0 45
1641
1642
1643
1644
1645
1646
1647
1648
1649
1650
1651
1652
1653
1654
1655
1656
1657
1658
1659
1660
1661
1662
1663
1664
1665
1666
1667
1668
1669
1670
1671
1672
1673
1674
1675
1676
1677
1678
1679
1680
1681
1682
1683
1684
1685
5.400520619790997 3.287636914913683 0
5.400531836400688 3.860940039464089 0
5.400545296334143 3.513712934269569 0
5.400685129955336 3.644598323397052 0
5.323979435495225 3.953846472786543 0
5.477058439098454 3.139563656342379 0
5.323976631341848 3.139563656345909 0
5.477061243251534 3.953846472799517 0
5.30484243356242 3.316722749278084 0
5.40053295806257 3.400674924591626 0
5.304854771833993 3.525611764006412 0
5.304848602698207 3.421167256642248 0
5.304924688644589 3.68690546362054 0
5.496276948340279 3.68690546362054 0
5.496200301562956 3.795076321654058 0
5.304848041867266 3.795076321654058 0
5.400562495103773 3.740990892637299 0
5.400615213144739 3.57915562883331 0
5.496207031529683 3.525611764006412 0
5.496241989934981 3.606258613813476 0
5.49619469325811 3.316722749278084 0
5.438789529444725 3.213600285628031 0
5.534463602911839 3.146835114942046 0
5.515329148084975 3.231778932110065 0
5.362255635947957 3.907393256125316 0
5.266571841414534 3.937380543365671 0
5.2857099416409 3.866228432509864 0
5.304889730239291 3.606258613813476 0
5.496200862393897 3.421167256642248 0
5.438787473063994 3.05098410989166 0
5.515328119894609 3.054619839191494 0
5.362247971262379 4.033231548416056 0
5.285706109298111 4.024998583705621 0
5.534465004988379 3.937380543372158 0
5.438796539826111 3.907393256131803 0
5.515332653275667 3.866228432513108 0
5.266570439337846 3.146835114943811 0
5.362248625566423 3.213600285629796 0
5.285706436450133 3.231778932110947 0
5.362246569185691 3.050984109893425 0
5.285705408259767 3.054619839192376 0
5.438788875140533 4.033231548422544 0
5.515328820932878 4.024998583708864 0
5.400522255544245 3.97031240227393 0
5.400518049315208 3.132292197760728 0
2 4 0 53
1686
1687
1688
1689
1690
1691
1692
1693
1694
1695
1696
1697
1698
1699
1700
1701
1702
1703
1704
1705
1706
1707
1708
1709
1710
1711
1712
1713
1714
1715
1716
1717
1718
1719
1720
1721
1722
1723
1724
1725
1726
1727
1728
1729
1730
1731
1732
1733
1734
1735
1736
1737
1738
7.796351560509542 3.060508424135849 0
7.600903255608094 3.371145298792973 0
7.796351782970964 3.838500116925328 0
7.785417364335191 3.527860368681723 0
7.65671125477684 3.054062060763818 0
7.669347876714473 3.843451598007098 0
7.696372377783247 3.451643630997263 0
7.716983623203811 3.682591021882847 0
7.641417345627826 3.216524444906704 0
7.614422618815179 3.00823331210238 0
7.550360483484554 3.00823331210238 0
7.678484754145804 3.00823331210238 0
7.620740929783995 3.890027785738526 0
7.55667879445337 3.890027785738526 0
7.68480306511462 3.890027785738526 0
7.836745209020538 3.687822571422774 0
7.751200493769502 3.605225695282285 0
7.870962079586228 3.488682318568585 0
7.853853644303383 3.58825244499568 0
7.542713528910047 3.211239430427449 0
7.62116030061796 3.293834871849838 0
7.522456483900181 3.41032478362421 0
7.532585006405114 3.31078210702583 0
7.648637816695671 3.411394464895118 0
7.570191044987758 3.572348875979982 0
7.54632376444397 3.491336829802096 0
7.740894871059218 3.489751999839493 0
7.826439586310256 3.328799023472729 0
7.848700832948242 3.408740671020657 0
7.58049666769804 3.687822571422774 0
7.66069576937863 3.588787285631133 0
7.812367042342779 3.011456493788395 0
7.726531407643192 3.057285242449833 0
7.745425898244291 3.009844902945388 0
7.732849829842719 3.840975857466213 0
7.81236715357349 3.887552045197641 0
7.748585109344055 3.888789915468083 0
7.798962070232546 3.211239430427449 0
7.723799943464108 3.311316947661283 0
7.876429288904115 3.765777118944014 0
7.693165749959141 3.763021309944973 0
7.784797519431629 3.764399214444493 0
7.649064300202333 3.135293252835261 0
7.876429177673404 3.133231420042021 0
7.762746738937869 3.134262336438641 0
7.546537006197301 3.109736371264915 0
7.884436918590023 3.047817991741481 0
7.884436974205378 3.851190546206984 0
7.568587731075705 3.78892517858065 0
7.557618316607542 2.992957062548567 0
7.643034497048376 2.992957062548567 0
7.561830523920086 3.905553181649001 0
7.647246704360919 3.905553181649001 0
2 5 0 101
1739
1740
1741
1742
1743
1744
1745
1746
1747
1748
1749
1750
1751
1752
1753
1754
1755
1756
1757
1758
1759
1760
1761
1762
1763
1764
1765
1766
1767
1768
1769
1770
1771
1772
1773
1774
1775
1776
1777
1778
1779
1780
1781
1782
1783
1784
1785
1786
1787
1788
1789
1790
1791
1792
1793
1794
1795
1796
1797
1798
1799
1800
1801
1802
1803
1804
1805
1806
1807
1808
1809
1810
1811
1812
1813
1814
1815
1816
1817
1818
1819
1820
1821
1822
1823
1824
1825
1826
1827
1828
1829
1830
1831
1832
1833
1834
1835
1836
1837
1838
1839
10.14285207392535 3.294857057663832 0
9.857185140353295 3.829092734631345 0
9.940997480900341 3.111066045450097 0
10.05921310353907 4.013998970366523 0
10.09563734292943 3.681585033385885 0
9.9043922875523 3.442422708938262 0
10.09586971131773 3.44230036151229 0
9.904158653367171 3.681684457896009 0
10.14234200014236 3.828507668841571 0
9.857704060676946 3.295602628421573 0
10.06151301860629 3.104725855488931 0
9.938622043514108 4.018969171025235 0
9.999809190815052 3.747902805669896 0
10.00023188610296 3.376125689468562 0
10.00001309030241 3.56199438476084 0
10.00049686470883 3.231615538379682 0
9.999575236767489 3.892495767190037 0
9.845971925024608 3.993317864283103 0
9.84653112039428 3.131765952847887 0
10.15406279663856 3.130584992383495 0
10.15351766271397 3.992391986366771 0
10.22098404891346 3.146420604897348 0
10.21537868755686 3.328482464522648 0
10.14845743528196 3.212721025023664 0
10.21818136823516 3.237451534709998 0
9.779033311918125 3.977490348787673 0
9.784639919582469 3.795451956976664 0
9.851578532688952 3.911205299457224 0
9.781836615750297 3.886471152882169 0
10.14792983142816 3.910449827604171 0
10.21512365066536 3.795159424081777 0
10.22071148195116 3.977027409829507 0
10.21791756630826 3.886093416955642 0
9.852117590535613 3.21368429063473 0
9.784899379744294 3.328855249901518 0
9.779312909602961 3.147011085129544 0
9.782106144673627 3.237933167515531 0
9.808126676089406 3.621821991623866 0
9.880671896860232 3.755388596263677 0
9.796383297835938 3.708636974300265 0
10.1189896715359 3.755046351113728 0
10.1917713220589 3.621772279368804 0
10.20344748636213 3.708465851725291 0
10.19188750625304 3.502129943432006 0
10.11936089262154 3.368578709588061 0
10.20363309690495 3.415306203977327 0
9.881048174114623 3.369012668679917 0
9.808243493181971 3.502191117144992 0
9.796571436463132 3.415523183523255 0
10.10636538312652 4.003195478366647 0
10.02939417015328 3.95324736877828 0
10.07095861845492 3.860501718015804 0
10.08866200079072 3.931848598191225 0
9.893764300647311 3.121415999148992 0
9.970747172804586 3.171340791914889 0
9.929100462692888 3.263609083400627 0
9.9114323816701 3.19251254127481 0
9.952085871834788 3.621839421328425 0
10.04782521661592 3.621789709073362 0
10.04772326687224 3.71474391952789 0
9.951983922091111 3.714793631782952 0
9.999904569353516 3.668291670428157 0
10.04794140081007 3.502147373136565 0
10.11985636143448 3.561959826252684 0
9.952202688927352 3.502208546849551 0
9.880164682508379 3.562015269236709 0
9.95231208682763 3.409274199203412 0
10.04805079871035 3.409213025490426 0
10.00012674381885 3.455710786169989 0
9.928380188560393 3.860794250910691 0
9.969098640140798 3.955732469107636 0
9.892296984269358 4.006143517654169 0
9.910338586414875 3.93346888428243 0
10.07167446931709 3.263236298021757 0
10.03100494165756 3.168170696934307 0
10.10778790762243 3.117655423936213 0
10.08973118846976 3.190445860978985 0
10.14900772361637 3.046494777912218 0
10.03075650930315 3.033565209464936 0
10.08988211645976 3.040029993688577 0
9.851009637215215 4.077416175772804 0
9.969311021757054 4.09024182914387 0
9.910160329486134 4.083829002458337 0
10.02960655176953 4.087756728814513 0
10.14873515665407 4.076953236814638 0
10.0891708542118 4.082354982814576 0
9.97049874045017 3.036735304445519 0
9.851289234900051 3.047085258144414 0
9.910893987675109 3.041910281294967 0
9.781691966855846 3.054707824285242 0
10.21832022892121 4.069270948546006 0
10.21845651240236 3.054412584169145 0
9.781552168013429 4.069502418025089 0
9.99969221379127 3.820199286429967 0
10.05934094266358 3.787622818771847 0
10.0003643754059 3.303870613924122 0
9.940706274760259 3.33644164130202 0
9.940182055325751 3.787793941346822 0
10.05986263401372 3.336224661756092 0
9.999352595955166 4.021744598961075 0
10.00075184105387 3.102453000689913 0
2 6 0 37
1840
1841
1842
1843
1844
1845
1846
1847
1848
1849
1850
1851
1852
1853
1854
1855
1856
1857
1858
1859
1860
1861
1862
1863
1864
1865
1866
1867
1868
1869
1870
1871
1872
1873
1874
1875
1876
12.29974174648523 3.340734021098091 0
12.29974174648523 3.469551719870922 0
12.29974174648523 3.760842191870749 0
12.29974174648523 3.632024493097916 0
12.29974174648523 3.156211371504572 0
12.29974174648523 3.94536484146426 0
12.29974174648523 3.059307967472757 0
12.215960482767 3.157371891313336 0
12.215960482767 3.059888227377138 0
12.29974174648523 4.042268245496073 0
12.38352301020346 3.944204321655495 0
12.38352301020346 4.041687985591691 0
12.38352301020346 3.347697139950674 0
12.38352301020346 3.510169913177668 0
12.29974174648523 3.405142870484506 0
12.38352301020346 3.428933526564171 0
12.215960482767 3.75387907301816 0
12.215960482767 3.591406299791165 0
12.29974174648523 3.696433342484332 0
12.215960482767 3.672642686404663 0
12.38352301020346 3.591406299791165 0
12.215960482767 3.510169913177668 0
12.29974174648523 3.550788106484416 0
12.38352301020346 3.75387907301816 0
12.38352301020346 3.672642686404663 0
12.215960482767 3.347697139950674 0
12.215960482767 3.428933526564171 0
12.29974174648523 3.248472696301332 0
12.38352301020346 3.157371891313336 0
12.38352301020346 3.252534515632004 0
12.29974174648523 3.853103516667505 0
12.215960482767 3.944204321655495 0
12.215960482767 3.849041697336828 0
12.38352301020346 3.849041697336828 0
12.215960482767 3.252534515632004 0
12.38352301020346 3.059888227377138 0
12.215960482767 4.041687985591691 0
2 7 0 61
1877
1878
1879
1880
1881
1882
1883
1884
1885
1886
1887
1888
1889
1890
1891
1892
1893
1894
1895
1896
1897
1898
1899
1900
1901
1902
1903
1904
1905
1906
1907
1908
1909
1910
1911
1912
1913
1914
1915
1916
1917
1918
1919
1920
1921
1922
1923
1924
1925
1926
1927
1928
1929
1930
1931
1932
1933
1934
1935
1936
1937
14.67448596588316 3.259241628861862 0
14.6750850507427 3.64716062806744 0
14.52442549845212 3.905655068162965 0
14.52386288332916 3.517718493758083 0
14.53029852598681 4.041891429335452 0
14.66840155327765 3.123107135250532 0
14.67501872154301 3.449193389730197 0
14.6747802002794 3.841527304743225 0
14.52392793538035 3.715686347441777 0
14.52415042017291 3.323360160905366 0
14.66941815176455 4.039335679728198 0
14.52954883277447 3.125534261297811 0
14.59944080243609 3.48345594174414 0
14.52400665175103 3.420539327331724 0
14.59931819302803 3.291300894883614 0
14.67475234371309 3.354217509296029 0
14.59937949773206 3.387378418313877 0
14.59960284936576 3.873591186453095 0
14.52417671691624 3.810670707802371 0
14.59950649306152 3.681423487754608 0
14.67493262551105 3.744343966405332 0
14.59955467121364 3.777507337103851 0
14.67505188614285 3.548177008898818 0
14.52389540935475 3.61670242059993 0
14.5994736477488 3.582439714749374 0
14.75066917416245 3.412475779049605 0
14.75040279633253 3.214161497383419 0
14.75053598524749 3.313318638216512 0
14.75054991353064 3.815319539020154 0
14.75070233876229 3.614797799450244 0
14.75062612614647 3.715058669235199 0
14.4482876472697 3.75239906036943 0
14.44853642880558 3.950721821962042 0
14.44841203803764 3.851560441165736 0
14.44839888966597 3.349559164637189 0
14.4482551212441 3.550076732295565 0
14.44832700545504 3.449817948466377 0
14.56451616287247 3.043969412369376 0
14.45109809596675 3.147307813601394 0
14.46858176101575 3.054856188521168 0
14.63445082236751 4.120900528976676 0
14.74786888927322 4.017562127744658 0
14.7303852245747 4.110013752984906 0
14.67144375958041 3.191174382056197 0
14.74736059002977 3.042755849345737 0
14.74888169318115 3.128458673364578 0
14.52736201221947 3.973773248749209 0
14.45147294257292 4.122178403780303 0
14.45000468568925 4.036450112871173 0
14.75068575646237 3.513636789249924 0
14.4482713842569 3.651237896332498 0
14.52684962647369 3.224447211101589 0
14.59897519302606 3.124320698274172 0
14.59914669302705 3.207810796578893 0
14.67209917602197 3.940431492235711 0
14.59985833887568 4.040613554531825 0
14.59973059412072 3.95710237049246 0
14.54296188247022 4.12153946637849 0
14.65593837645112 3.043362630857557 0
14.74920940140193 3.916440833382406 0
14.44974849281636 3.248433489119292 0
2 8 0 7068
1938
1939
1940
1941
1942
1943
1944
1945
1946
1947
1948
1949
1950
1951
1952
1953
1954
1955
1956
1957
1958
1959
1960
1961
1962
1963
1964
1965
1966
1967
1968
1969
1970
1971
1972
1973
1974
1975
1976
1977
1978
1979
1980
1981
1982
1983
1984
1985
1986
1987
1988
1989
1990
1991
1992
1993
1994
1995
1996
1997
1998
1999
2000
2001
2002
2003
2004
2005
2006
2007
2008
2009
2010
2011
2012
2013
2014
2015
2016
2017
2018
2019
2020
2021
2022
2023
2024
2025
2026
2027
2028
2029
2030
2031
2032
2033
2034
2035
2036
2037
2038
2039
2040
2041
2042
2043
2044
2045
2046
2047
2048
2049
2050
2051
2052
2053
2054
2055
2056
2057
2058
2059
2060
2061
2062
2063
2064
2065
2066
2067
2068
2069
2070
2071
2072
2073
2074
2075
2076
2077
2078
2079
2080
2081
2082
2083
2084
2085
2086
2087
2088
2089
2090
2091
2092
2093
2094
2095
2096
2097
2098
2099
2100
2101
2102
2103
2104
2105
2106
2107
2108
2109
2110
2111
2112
2113
2114
2115
2116
2117
2118
2119
2120
2121
2122
2123
2124
2125
2126
2127
2128
2129
2130
2131
2132
2133
2134
2135
2136
2137
2138
2139
2140
2141
2142
2143
2144
2145
2146
2147
2148
2149
2150
2151
2152
2153
2154
2155
2156
2157
2158
2159
2160
2161
2162
2163
2164
2165
2166
2167
2168
2169
2170
2171
2172
2173
2174
2175
2176
2177
2178
2179
2180
2181
2182
2183
2184
2185
2186
2187
2188
2189
2190
2191
2192
2193
2194
2195
2196
2197
2198
2199
2200
2201
2202
2203
2204
2205
2206
2207
2208
2209
2210
2211
2212
2213
2214
2215
2216
2217
2218
2219
2220
2221
2222
2223
2224
2225
2226
2227
2228
2229
2230
2231
2232
2233
2234
2235
2236
2237
2238
2239
2240
2241
2242
2243
2244
2245
2246
2247
2248
2249
2250
2251
2252
2253
2254
2255
2256
2257
2258
2259
2260
2261
2262
2263
2264
2265
2266
2267
2268
2269
2270
2271
2272
2273
2274
2275
2276
2277
2278
2279
2280
2281
2282
2283
2284
2285
2286
2287
2288
2289
2290
2291
2292
2293
2294
2295
2296
2297
2298
2299
2300
2301
2302
2303
2304
2305
2306
2307
2308
2309
2310
2311
2312
2313
2314
2315
2316
2317
2318
2319
2320
2321
2322
2323
2324
2325
2326
2327
2328
2329
2330
2331
2332
2333
2334
2335
2336
2337
2338
2339
2340
2341
2342
2343
2344
2345
2346
2347
2348
2349
2350
2351
2352
2353
2354
2355
2356
2357
2358
2359
2360
2361
2362
2363
2364
2365
2366
2367
2368
2369
2370
2371
2372
2373
2374
2375
2376
2377
2378
2379
2380
2381
2382
2383
2384
2385
2386
2387
2388
2389
2390
2391
2392
2393
2394
2395
2396
2397
2398
2399
2400
2401
2402
2403
2404
2405
2406
2407
2408
2409
2410
2411
2412
2413
2414
2415
2416
2417
2418
2419
2420
2421
2422
2423
2424
2425
2426
2427
2428
2429
2430
2431
2432
2433
2434
2435
2436
2437
2438
2439
2440
2441
2442
2443
2444
2445
2446
2447
2448
2449
2450
2451
2452
2453
2454
2455
2456
2457
2458
2459
2460
2461
2462
2463
2464
2465
2466
2467
2468
2469
2470
2471
2472
2473
2474
2475
2476
2477
2478
2479
2480
2481
2482
2483
2484
2485
2486
2487
2488
2489
2490
2491
2492
2493
2494
2495
2496
2497
2498
2499
2500
2501
2502
2503
2504
2505
2506
2507
2508
2509
2510
2511
2512
2513
2514
2515
2516
2517
2518
2519
2520
2521
2522
2523
2524
2525
2526
2527
2528
2529
2530
2531
2532
2533
2534
2535
2536
2537
2538
2539
2540
2541
2542
2543
2544
2545
2546
2547
2548
2549
2550
2551
2552
2553
2554
2555
2556
2557
2558
2559
2560
2561
2562
2563
2564
2565
2566
2567
2568
2569
2570
2571
2572
2573
2574
2575
2576
2577
2578
2579
2580
2581
2582
2583
2584
2585
2586
2587
2588
2589
2590
2591
2592
2593
2594
2595
2596
2597
2598
2599
2600
2601
2602
2603
2604
2605
2606
2607
2608
2609
2610
2611
2612
2613
2614
2615
2616
2617
2618
2619
2620
2621
2622
2623
2624
2625
2626
2627
2628
2629
2630
2631
2632
2633
2634
2635
2636
2637
2638
2639
2640
2641
2642
2643
2644
2645
2646
2647
2648
2649
2650
2651
2652
2653
2654
2655
2656
2657
2658
2659
2660
2661
2662
2663
2664
2665
2666
2667
2668
2669
2670
2671
2672
2673
2674
2675
2676
2677
2678
2679
2680
2681
2682
2683
2684
2685
2686
2687
2688
2689
2690
2691
2692
2693
2694
2695
2696
2697
2698
2699
2700
2701
2702
2703
2704
2705
2706
2707
2708
2709
2710
2711
2712
2713
2714
2715
2716
2717
2718
2719
2720
2721
2722
2723
2724
2725
2726
2727
2728
2729
2730
2731
2732
2733
2734
2735
2736
2737
2738
2739
2740
2741
2742
2743
2744
2745
2746
2747
2748
2749
2750
2751
2752
2753
2754
2755
2756
2757
2758
2759
2760
2761
2762
2763
2764
2765
2766
2767
2768
2769
2770
2771
2772
2773
2774
2775
2776
2777
2778
2779
2780
2781
2782
2783
2784
2785
2786
2787
2788
2789
2790
2791
2792
2793
2794
2795
2796
2797
2798
2799
2800
2801
2802
2803
2804
2805
2806
2807
2808
2809
2810
2811
2812
2813
2814
2815
2816
2817
2818
2819
2820
2821
2822
2823
2824
2825
2826
2827
2828
2829
2830
2831
2832
2833
2834
2835
2836
2837
2838
2839
2840
2841
2842
2843
2844
2845
2846
2847
2848
2849
2850
2851
2852
2853
2854
2855
2856
2857
2858
2859
2860
2861
2862
2863
2864
2865
2866
2867
2868
2869
2870
2871
2872
2873
2874
2875
2876
2877
2878
2879
2880
2881
2882
2883
2884
2885
2886
2887
2888
2889
2890
2891
2892
2893
2894
2895
2896
2897
2898
2899
2900
2901
2902
2903
2904
2905
2906
2907
2908
2909
2910
2911
2912
2913
2914
2915
2916
2917
2918
2919
2920
2921
2922
2923
2924
2925
2926
2927
2928
2929
2930
2931
2932
2933
2934
2935
2936
2937
2938
2939
2940
2941
2942
2943
2944
2945
2946
2947
2948
2949
2950
2951
2952
2953
2954
2955
2956
2957
2958
2959
2960
2961
2962
2963
2964
2965
2966
2967
2968
2969
2970
2971
2972
2973
2974
2975
2976
2977
2978
2979
2980
2981
2982
2983
2984
2985
2986
2987
2988
2989
2990
2991
2992
2993
2994
2995
2996
2997
2998
2999
3000
3001
3002
3003
3004
3005
3006
3007
3008
3009
3010
3011
3012
3013
3014
3015
3016
3017
3018
3019
3020
3021
3022
3023
3024
3025
3026
3027
3028
3029
3030
3031
3032
3033
3034
3035
3036
3037
3038
3039
3040
3041
3042
3043
3044
3045
3046
3047
3048
3049
3050
3051
3052
3053
3054
3055
3056
3057
3058
3059
3060
3061
3062
3063
3064
3065
3066
3067
3068
3069
3070
3071
3072
3073
3074
3075
3076
3077
3078
3079
3080
3081
3082
3083
3084
3085
3086
3087
3088
3089
3090
3091
3092
3093
3094
3095
3096
3097
3098
3099
3100
3101
3102
3103
3104
3105
3106
3107
3108
3109
3110
3111
3112
3113
3114
3115
3116
3117
3118
3119
3120
3121
3122
3123
3124
3125
3126
3127
3128
3129
3130
3131
3132
3133
3134
3135
3136
3137
3138
3139
3140
3141
3142
3143
3144
3145
3146
3147
3148
3149
3150
3151
3152
3153
3154
3155
3156
3157
3158
3159
3160
3161
3162
3163
3164
3165
3166
3167
3168
3169
3170
3171
3172
3173
3174
3175
3176
3177
3178
3179
3180
3181
3182
3183
3184
3185
3186
3187
3188
3189
3190
3191
3192
3193
3194
3195
3196
3197
3198
3199
3200
3201
3202
3203
3204
3205
3206
3207
3208
3209
3210
3211
3212
3213
3214
3215
3216
3217
3218
3219
3220
3221
3222
3223
3224
3225
3226
3227
3228
3229
3230
3231
3232
3233
3234
3235
3236
3237
3238
3239
3240
3241
3242
3243
3244
3245
3246
3247
3248
3249
3250
3251
3252
3253
3254
3255
3256
3257
3258
3259
3260
3261
3262
3263
3264
3265
3266
3267
3268
3269
3270
3271
3272
3273
3274
3275
3276
3277
3278
3279
3280
3281
3282
3283
3284
3285
3286
3287
3288
3289
3290
3291
3292
3293
3294
3295
3296
3297
3298
3299
3300
3301
3302
3303
3304
3305
3306
3307
3308
3309
3310
3311
3312
3313
3314
3315
3316
3317
3318
3319
3320
3321
3322
3323
3324
3325
3326
3327
3328
3329
3330
3331
3332
3333
3334
3335
3336
3337
3338
3339
3340
3341
3342
3343
3344
3345
3346
3347
3348
3349
3350
3351
3352
3353
3354
3355
3356
3357
3358
3359
3360
3361
3362
3363
3364
3365
3366
3367
3368
3369
3370
3371
3372
3373
3374
3375
3376
3377
3378
3379
3380
3381
3382
3383
3384
3385
3386
3387
3388
3389
3390
3391
3392
3393
3394
3395
3396
3397
3398
3399
3400
3401
3402
3403
3404
3405
3406
3407
3408
3409
3410
3411
3412
3413
3414
3415
3416
3417
3418
3419
3420
3421
3422
3423
3424
3425
3426
3427
3428
3429
3430
3431
3432
3433
3434
3435
3436
3437
3438
3439
3440
3441
3442
3443
3444
3445
3446
3447
3448
3449
3450
3451
3452
3453
3454
3455
3456
3457
3458
3459
3460
3461
3462
3463
3464
3465
3466
3467
3468
3469
3470
3471
3472
3473
3474
3475
3476
3477
3478
3479
3480
3481
3482
3483
3484
3485
3486
3487
3488
3489
3490
3491
3492
3493
3494
3495
3496
3497
3498
3499
3500
3501
3502
3503
3504
3505
3506
3507
3508
3509
3510
3511
3512
3513
3514
3515
3516
3517
3518
3519
3520
3521
3522
3523
3524
3525
3526
3527
3528
3529
3530
3531
3532
3533
3534
3535
3536
3537
3538
3539
3540
3541
3542
3543
3544
3545
3546
3547
3548
3549
3550
3551
3552
3553
3554
3555
3556
3557
3558
3559
3560
3561
3562
3563
3564
3565
3566
3567
3568
3569
3570
3571
3572
3573
3574
3575
3576
3577
3578
3579
3580
3581
3582
3583
3584
3585
3586
3587
3588
3589
3590
3591
3592
3593
3594
3595
3596
3597
3598
3599
3600
3601
3602
3603
3604
3605
3606
3607
3608
3609
3610
3611
3612
3613
3614
3615
3616
3617
3618
3619
3620
3621
3622
3623
3624
3625
3626
3627
3628
3629
3630
3631
3632
3633
3634
3635
3636
3637
3638
3639
3640
3641
3642
3643
3644
3645
3646
3647
3648
3649
3650
3651
3652
3653
3654
3655
3656
3657
3658
3659
3660
3661
3662
3663
3664
3665
3666
3667
3668
3669
3670
3671
3672
3673
3674
3675
3676
3677
3678
3679
3680
3681
3682
3683
3684
3685
3686
3687
3688
3689
3690
3691
3692
3693
3694
3695
3696
3697
3698
3699
3700
3701
3702
3703
3704
3705
3706
3707
3708
3709
3710
3711
3712
3713
3714
3715
3716
3717
3718
3719
3720
3721
3722
3723
3724
3725
3726
3727
3728
3729
3730
3731
3732
3733
3734
3735
3736
3737
3738
3739
3740
3741
3742
3743
3744
3745
3746
3747
3748
3749
3750
3751
3752
3753
3754
3755
3756
3757
3758
3759
3760
3761
3762
3763
3764
3765
3766
3767
3768
3769
3770
3771
3772
3773
3774
3775
3776
3777
3778
3779
3780
3781
3782
3783
3784
3785
3786
3787
3788
3789
3790
3791
3792
3793
3794
3795
3796
3797
3798
3799
3800
3801
3802
3803
3804
3805
3806
3807
3808
3809
3810
3811
3812
3813
3814
3815
3816
3817
3818
3819
3820
3821
3822
3823
3824
3825
3826
3827
3828
3829
3830
3831
3832
3833
3834
3835
3836
3837
3838
3839
3840
3841
3842
3843
3844
3845
3846
3847
3848
3849
3850
3851
3852
3853
3854
3855
3856
3857
3858
3859
3860
3861
3862
3863
3864
3865
3866
3867
3868
3869
3870
3871
3872
3873
3874
3875
3876
3877
3878
3879
3880
3881
3882
3883
3884
3885
3886
3887
3888
3889
3890
3891
3892
3893
3894
3895
3896
3897
3898
3899
3900
3901
3902
3903
3904
3905
3906
3907
3908
3909
3910
3911
3912
3913
3914
3915
3916
3917
3918
3919
3920
3921
3922
3923
3924
3925
3926
3927
3928
3929
3930
3931
3932
3933
3934
3935
3936
3937
3938
3939
3940
3941
3942
3943
3944
3945
3946
3947
3948
3949
3950
3951
3952
3953
3954
3955
3956
3957
3958
3959
3960
3961
3962
3963
3964
3965
3966
3967
3968
3969
3970
3971
3972
3973
3974
3975
3976
3977
3978
3979
3980
3981
3982
3983
3984
3985
3986
3987
3988
3989
3990
3991
3992
3993
3994
3995
3996
3997
3998
3999
4000
4001
4002
4003
4004
4005
4006
4007
4008
4009
4010
4011
4012
4013
4014
4015
4016
4017
4018
4019
4020
4021
4022
4023
4024
4025
4026
4027
4028
4029
4030
4031
4032
4033
4034
4035
4036
4037
4038
4039
4040
4041
4042
4043
4044
4045
4046
4047
4048
4049
4050
4051
4052
4053
4054
4055
4056
4057
4058
4059
4060
4061
4062
4063
4064
4065
4066
4067
4068
4069
4070
4071
4072
4073
4074
4075
4076
4077
4078
4079
4080
4081
4082
4083
4084
4085
4086
4087
4088
4089
4090
4091
4092
4093
4094
4095
4096
4097
4098
4099
4100
4101
4102
4103
4104
4105
4106
4107
4108
4109
4110
4111
4112
4113
4114
4115
4116
4117
4118
4119
4120
4121
4122
4123
4124
4125
4126
4127
4128
4129
4130
4131
4132
4133
4134
4135
4136
4137
4138
4139
4140
4141
4142
4143
4144
4145
4146
4147
4148
4149
4150
4151
4152
4153
4154
4155
4156
4157
4158
4159
4160
4161
4162
4163
4164
4165
4166
4167
4168
4169
4170
4171
4172
4173
4174
4175
4176
4177
4178
4179
4180
4181
4182
4183
4184
4185
4186
4187
4188
4189
4190
4191
4192
4193
4194
4195
4196
4197
4198
4199
4200
4201
4202
4203
4204
4205
4206
4207
4208
4209
4210
4211
4212
4213
4214
4215
4216
4217
4218
4219
4220
4221
4222
4223
4224
4225
4226
4227
4228
4229
4230
4231
4232
4233
4234
4235
4236
4237
4238
4239
4240
4241
4242
4243
4244
4245
4246
4247
4248
4249
4250
4251
4252
4253
4254
4255
4256
4257
4258
4259
4260
4261
4262
4263
4264
4265
4266
4267
4268
4269
4270
4271
4272
4273
4274
4275
4276
4277
4278
4279
4280
4281
4282
4283
4284
4285
4286
4287
4288
4289
4290
4291
4292
4293
4294
4295
4296
4297
4298
4299
4300
4301
4302
4303
4304
4305
4306
4307
4308
4309
4310
4311
4312
4313
4314
4315
4316
4317
4318
4319
4320
4321
4322
4323
4324
4325
4326
4327
4328
4329
4330
4331
4332
4333
4334
4335
4336
4337
4338
4339
4340
4341
4342
4343
4344
4345
4346
4347
4348
4349
4350
4351
4352
4353
4354
4355
4356
4357
4358
4359
4360
4361
4362
4363
4364
4365
4366
4367
4368
4369
4370
4371
4372
4373
4374
4375
4376
4377
4378
4379
4380
4381
4382
4383
4384
4385
4386
4387
4388
4389
4390
4391
4392
4393
4394
4395
4396
4397
4398
4399
4400
4401
4402
4403
4404
4405
4406
4407
4408
4409
4410
4411
4412
4413
4414
4415
4416
4417
4418
4419
4420
4421
4422
4423
4424
4425
4426
4427
4428
4429
4430
4431
4432
4433
4434
4435
4436
4437
4438
4439
4440
4441
4442
4443
4444
4445
4446
4447
4448
4449
4450
4451
4452
4453
4454
4455
4456
4457
4458
4459
4460
4461
4462
4463
4464
4465
4466
4467
4468
4469
4470
4471
4472
4473
4474
4475
4476
4477
4478
4479
4480
4481
4482
4483
4484
4485
4486
4487
4488
4489
4490
4491
4492
4493
4494
4495
4496
4497
4498
4499
4500
4501
4502
4503
4504
4505
4506
4507
4508
4509
4510
4511
4512
4513
4514
4515
4516
4517
4518
4519
4520
4521
4522
4523
4524
4525
4526
4527
4528
4529
4530
4531
4532
4533
4534
4535
4536
4537
4538
4539
4540
4541
4542
4543
4544
4545
4546
4547
4548
4549
4550
4551
4552
4553
4554
4555
4556
4557
4558
4559
4560
4561
4562
4563
4564
4565
4566
4567
4568
4569
4570
4571
4572
4573
4574
4575
4576
4577
4578
4579
4580
4581
4582
4583
4584
4585
4586
4587
4588
4589
4590
4591
4592
4593
4594
4595
4596
4597
4598
4599
4600
4601
4602
4603
4604
4605
4606
4607
4608
4609
4610
4611
4612
4613
4614
4615
4616
4617
4618
4619
4620
4621
4622
4623
4624
4625
4626
4627
4628
4629
4630
4631
4632
4633
4634
4635
4636
4637
4638
4639
4640
4641
4642
4643
4644
4645
4646
4647
4648
4649
4650
4651
4652
4653
4654
4655
4656
4657
4658
4659
4660
4661
4662
4663
4664
4665
4666
4667
4668
4669
4670
4671
4672
4673
4674
4675
4676
4677
4678
4679
4680
4681
4682
4683
4684
4685
4686
4687
4688
4689
4690
4691
4692
4693
4694
4695
4696
4697
4698
4699
4700
4701
4702
4703
4704
4705
4706
4707
4708
4709
4710
4711
4712
4713
4714
4715
4716
4717
4718
4719
4720
4721
4722
4723
4724
4725
4726
4727
4728
4729
4730
4731
4732
4733
4734
4735
4736
4737
4738
4739
4740
4741
4742
4743
4744
4745
4746
4747
4748
4749
4750
4751
4752
4753
4754
4755
4756
4757
4758
4759
4760
4761
4762
4763
4764
4765
4766
4767
4768
4769
4770
4771
4772
4773
4774
4775
4776
4777
4778
4779
4780
4781
4782
4783
4784
4785
4786
4787
4788
4789
4790
4791
4792
4793
4794
4795
4796
4797
4798
4799
4800
4801
4802
4803
4804
4805
4806
4807
4808
4809
4810
4811
4812
4813
4814
4815
4816
4817
4818
4819
4820
4821
4822
4823
4824
4825
4826
4827
4828
4829
4830
4831
4832
4833
4834
4835
4836
4837
4838
4839
4840
4841
4842
4843
4844
4845
4846
4847
4848
4849
4850
4851
4852
4853
4854
4855
4856
4857
4858
4859
4860
4861
4862
4863
4864
4865
4866
4867
4868
4869
4870
4871
4872
4873
4874
4875
4876
4877
4878
4879
4880
4881
4882
4883
4884
4885
4886
4887
4888
4889
4890
4891
4892
4893
4894
4895
4896
4897
4898
4899
4900
4901
4902
4903
4904
4905
4906
4907
4908
4909
4910
4911
4912
4913
4914
4915
4916
4917
4918
4919
4920
4921
4922
4923
4924
4925
4926
4927
4928
4929
4930
4931
4932
4933
4934
4935
4936
4937
4938
4939
4940
4941
4942
4943
4944
4945
4946
4947
4948
4949
4950
4951
4952
4953
4954
4955
4956
4957
4958
4959
4960
4961
4962
4963
4964
4965
4966
4967
4968
4969
4970
4971
4972
4973
4974
4975
4976
4977
4978
4979
4980
4981
4982
4983
4984
4985
4986
4987
4988
4989
4990
4991
4992
4993
4994
4995
4996
4997
4998
4999
5000
5001
5002
5003
5004
5005
5006
5007
5008
5009
5010
5011
5012
5013
5014
5015
5016
5017
5018
5019
5020
5021
5022
5023
5024
5025
5026
5027
5028
5029
5030
5031
5032
5033
5034
5035
5036
5037
5038
5039
5040
5041
5042
5043
5044
5045
5046
5047
5048
5049
5050
5051
5052
5053
5054
5055
5056
5057
5058
5059
5060
5061
5062
5063
5064
5065
5066
5067
5068
5069
5070
5071
5072
5073
5074
5075
5076
5077
5078
5079
5080
5081
5082
5083
5084
5085
5086
5087
5088
5089
5090
5091
5092
5093
5094
5095
5096
5097
5098
5099
5100
5101
5102
5103
5104
5105
5106
5107
5108
5109
5110
5111
5112
5113
5114
5115
5116
5117
5118
5119
5120
5121
5122
5123
5124
5125
5126
5127
5128
5129
5130
5131
5132
5133
5134
5135
5136
5137
5138
5139
5140
5141
5142
5143
5144
5145
5146
5147
5148
5149
5150
5151
5152
5153
5154
5155
5156
5157
5158
5159
5160
5161
5162
5163
5164
5165
5166
5167
5168
5169
5170
5171
5172
5173
5174
5175
5176
5177
5178
5179
5180
5181
5182
5183
5184
5185
5186
5187
5188
5189
5190
5191
5192
5193
5194
5195
5196
5197
5198
5199
5200
5201
5202
5203
5204
5205
5206
5207
5208
5209
5210
5211
5212
5213
5214
5215
5216
5217
5218
5219
5220
5221
5222
5223
5224
5225
5226
5227
5228
5229
5230
5231
5232
5233
5234
5235
5236
5237
5238
5239
5240
5241
5242
5243
5244
5245
5246
5247
5248
5249
5250
5251
5252
5253
5254
5255
5256
5257
5258
5259
5260
5261
5262
5263
5264
5265
5266
5267
5268
5269
5270
5271
5272
5273
5274
5275
5276
5277
5278
5279
5280
5281
5282
5283
5284
5285
5286
5287
5288
5289
5290
5291
5292
5293
5294
5295
5296
5297
5298
5299
5300
5301
5302
5303
5304
5305
5306
5307
5308
5309
5310
5311
5312
5313
5314
5315
5316
5317
5318
5319
5320
5321
5322
5323
5324
5325
5326
5327
5328
5329
5330
5331
5332
5333
5334
5335
5336
5337
5338
5339
5340
5341
5342
5343
5344
5345
5346
5347
5348
5349
5350
5351
5352
5353
5354
5355
5356
5357
5358
5359
5360
5361
5362
5363
5364
5365
5366
5367
5368
5369
5370
5371
5372
5373
5374
5375
5376
5377
5378
5379
5380
5381
5382
5383
5384
5385
5386
5387
5388
5389
5390
5391
5392
5393
5394
5395
5396
5397
5398
5399
5400
5401
5402
5403
5404
5405
5406
5407
5408
5409
5410
5411
5412
5413
5414
5415
5416
5417
5418
5419
5420
5421
5422
5423
5424
5425
5426
5427
5428
5429
5430
5431
5432
5433
5434
5435
5436
5437
5438
5439
5440
5441
5442
5443
5444
5445
5446
5447
5448
5449
5450
5451
5452
5453
5454
5455
5456
5457
5458
5459
5460
5461
5462
5463
5464
5465
5466
5467
5468
5469
5470
5471
5472
5473
5474
5475
5476
5477
5478
5479
5480
5481
5482
5483
5484
5485
5486
5487
5488
5489
5490
5491
5492
5493
5494
5495
5496
5497
5498
5499
5500
5501
5502
5503
5504
5505
5506
5507
5508
5509
5510
5511
5512
5513
5514
5515
5516
5517
5518
5519
5520
5521
5522
5523
5524
5525
5526
5527
5528
5529
5530
5531
5532
5533
5534
5535
5536
5537
5538
5539
5540
5541
5542
5543
5544
5545
5546
5547
5548
5549
5550
5551
5552
5553
5554
5555
5556
5557
5558
5559
5560
5561
5562
5563
5564
5565
5566
5567
5568
5569
5570
5571
5572
5573
5574
5575
5576
5577
5578
5579
5580
5581
5582
5583
5584
5585
5586
5587
5588
5589
5590
5591
5592
5593
5594
5595
5596
5597
5598
5599
5600
5601
5602
5603
5604
5605
5606
5607
5608
5609
5610
5611
5612
5613
5614
5615
5616
5617
5618
5619
5620
5621
5622
5623
5624
5625
5626
5627
5628
5629
5630
5631
5632
5633
5634
5635
5636
5637
5638
5639
5640
5641
5642
5643
5644
5645
5646
5647
5648
5649
5650
5651
5652
5653
5654
5655
5656
5657
5658
5659
5660
5661
5662
5663
5664
5665
5666
5667
5668
5669
5670
5671
5672
5673
5674
5675
5676
5677
5678
5679
5680
5681
5682
5683
5684
5685
5686
5687
5688
5689
5690
5691
5692
5693
5694
5695
5696
5697
5698
5699
5700
5701
5702
5703
5704
5705
5706
5707
5708
5709
5710
5711
5712
5713
5714
5715
5716
5717
5718
5719
5720
5721
5722
5723
5724
5725
5726
5727
5728
5729
5730
5731
5732
5733
5734
5735
5736
5737
5738
5739
5740
5741
5742
5743
5744
5745
5746
5747
5748
5749
5750
5751
5752
5753
5754
5755
5756
5757
5758
5759
5760
5761
5762
5763
5764
5765
5766
5767
5768
5769
5770
5771
5772
5773
5774
5775
5776
5777
5778
5779
5780
5781
5782
5783
5784
5785
5786
5787
5788
5789
5790
5791
5792
5793
5794
5795
5796
5797
5798
5799
5800
5801
5802
5803
5804
5805
5806
5807
5808
5809
5810
5811
5812
5813
5814
5815
5816
5817
5818
5819
5820
5821
5822
5823
5824
5825
5826
5827
5828
5829
5830
5831
5832
5833
5834
5835
5836
5837
5838
5839
5840
5841
5842
5843
5844
5845
5846
5847
5848
5849
5850
5851
5852
5853
5854
5855
5856
5857
5858
5859
5860
5861
5862
5863
5864
5865
5866
5867
5868
5869
5870
5871
5872
5873
5874
5875
5876
5877
5878
5879
5880
5881
5882
5883
5884
5885
5886
5887
5888
5889
5890
5891
5892
5893
5894
5895
5896
5897
5898
5899
5900
5901
5902
5903
5904
5905
5906
5907
5908
5909
5910
5911
5912
5913
5914
5915
5916
5917
5918
5919
5920
5921
5922
5923
5924
5925
5926
5927
5928
5929
5930
5931
5932
5933
5934
5935
5936
5937
5938
5939
5940
5941
5942
5943
5944
5945
5946
5947
5948
5949
5950
5951
5952
5953
5954
5955
5956
5957
5958
5959
5960
5961
5962
5963
5964
5965
5966
5967
5968
5969
5970
5971
5972
5973
5974
5975
5976
5977
5978
5979
5980
5981
5982
5983
5984
5985
5986
5987
5988
5989
5990
5991
5992
5993
5994
5995
5996
5997
5998
5999
6000
6001
6002
6003
6004
6005
6006
6007
6008
6009
6010
6011
6012
6013
6014
6015
6016
6017
6018
6019
6020
6021
6022
6023
6024
6025
6026
6027
6028
6029
6030
6031
6032
6033
6034
6035
6036
6037
6038
6039
6040
6041
6042
6043
6044
6045
6046
6047
6048
6049
6050
6051
6052
6053
6054
6055
6056
6057
6058
6059
6060
6061
6062
6063
6064
6065
6066
6067
6068
6069
6070
6071
6072
6073
6074
6075
6076
6077
6078
6079
6080
6081
6082
6083
6084
6085
6086
6087
6088
6089
6090
6091
6092
6093
6094
6095
6096
6097
6098
6099
6100
6101
6102
6103
6104
6105
6106
6107
6108
6109
6110
6111
6112
6113
6114
6115
6116
6117
6118
6119
6120
6121
6122
6123
6124
6125
6126
6127
6128
6129
6130
6131
6132
6133
6134
6135
6136
6137
6138
6139
6140
6141
6142
6143
6144
6145
6146
6147
6148
6149
6150
6151
6152
6153
6154
6155
6156
6157
6158
6159
6160
6161
6162
6163
6164
6165
6166
6167
6168
6169
6170
6171
6172
6173
6174
6175
6176
6177
6178
6179
6180
6181
6182
6183
6184
6185
6186
6187
6188
6189
6190
6191
6192
6193
6194
6195
6196
6197
6198
6199
6200
6201
6202
6203
6204
6205
6206
6207
6208
6209
6210
6211
6212
6213
6214
6215
6216
6217
6218
6219
6220
6221
6222
6223
6224
6225
6226
6227
6228
6229
6230
6231
6232
6233
6234
6235
6236
6237
6238
6239
6240
6241
6242
6243
6244
6245
6246
6247
6248
6249
6250
6251
6252
6253
6254
6255
6256
6257
6258
6259
6260
6261
6262
6263
6264
6265
6266
6267
6268
6269
6270
6271
6272
6273
6274
6275
6276
6277
6278
6279
6280
6281
6282
6283
6284
6285
6286
6287
6288
6289
6290
6291
6292
6293
6294
6295
6296
6297
6298
6299
6300
6301
6302
6303
6304
6305
6306
6307
6308
6309
6310
6311
6312
6313
6314
6315
6316
6317
6318
6319
6320
6321
6322
6323
6324
6325
6326
6327
6328
6329
6330
6331
6332
6333
6334
6335
6336
6337
6338
6339
6340
6341
6342
6343
6344
6345
6346
6347
6348
6349
6350
6351
6352
6353
6354
6355
6356
6357
6358
6359
6360
6361
6362
6363
6364
6365
6366
6367
6368
6369
6370
6371
6372
6373
6374
6375
6376
6377
6378
6379
6380
6381
6382
6383
6384
6385
6386
6387
6388
6389
6390
6391
6392
6393
6394
6395
6396
6397
6398
6399
6400
6401
6402
6403
6404
6405
6406
6407
6408
6409
6410
6411
6412
6413
6414
6415
6416
6417
6418
6419
6420
6421
6422
6423
6424
6425
6426
6427
6428
6429
6430
6431
6432
6433
6434
6435
6436
6437
6438
6439
6440
6441
6442
6443
6444
6445
6446
6447
6448
6449
6450
6451
6452
6453
6454
6455
6456
6457
6458
6459
6460
6461
6462
6463
6464
6465
6466
6467
6468
6469
6470
6471
6472
6473
6474
6475
6476
6477
6478
6479
6480
6481
6482
6483
6484
6485
6486
6487
6488
6489
6490
6491
6492
6493
6494
6495
6496
6497
6498
6499
6500
6501
6502
6503
6504
6505
6506
6507
6508
6509
6510
6511
6512
6513
6514
6515
6516
6517
6518
6519
6520
6521
6522
6523
6524
6525
6526
6527
6528
6529
6530
6531
6532
6533
6534
6535
6536
6537
6538
6539
6540
6541
6542
6543
6544
6545
6546
6547
6548
6549
6550
6551
6552
6553
6554
6555
6556
6557
6558
6559
6560
6561
6562
6563
6564
6565
6566
6567
6568
6569
6570
6571
6572
6573
6574
6575
6576
6577
6578
6579
6580
6581
6582
6583
6584
6585
6586
6587
6588
6589
6590
6591
6592
6593
6594
6595
6596
6597
6598
6599
6600
6601
6602
6603
6604
6605
6606
6607
6608
6609
6610
6611
6612
6613
6614
6615
6616
6617
6618
6619
6620
6621
6622
6623
6624
6625
6626
6627
6628
6629
6630
6631
6632
6633
6634
6635
6636
6637
6638
6639
6640
6641
6642
6643
6644
6645
6646
6647
6648
6649
6650
6651
6652
6653
6654
6655
6656
6657
6658
6659
6660
6661
6662
6663
6664
6665
6666
6667
6668
6669
6670
6671
6672
6673
6674
6675
6676
6677
6678
6679
6680
6681
6682
6683
6684
6685
6686
6687
6688
6689
6690
6691
6692
6693
6694
6695
6696
6697
6698
6699
6700
6701
6702
6703
6704
6705
6706
6707
6708
6709
6710
6711
6712
6713
6714
6715
6716
6717
6718
6719
6720
6721
6722
6723
6724
6725
6726
6727
6728
6729
6730
6731
6732
6733
6734
6735
6736
6737
6738
6739
6740
6741
6742
6743
6744
6745
6746
6747
6748
6749
6750
6751
6752
6753
6754
6755
6756
6757
6758
6759
6760
6761
6762
6763
6764
6765
6766
6767
6768
6769
6770
6771
6772
6773
6774
6775
6776
6777
6778
6779
6780
6781
6782
6783
6784
6785
6786
6787
6788
6789
6790
6791
6792
6793
6794
6795
6796
6797
6798
6799
6800
6801
6802
6803
6804
6805
6806
6807
6808
6809
6810
6811
6812
6813
6814
6815
6816
6817
6818
6819
6820
6821
6822
6823
6824
6825
6826
6827
6828
6829
6830
6831
6832
6833
6834
6835
6836
6837
6838
6839
6840
6841
6842
6843
6844
6845
6846
6847
6848
6849
6850
6851
6852
6853
6854
6855
6856
6857
6858
6859
6860
6861
6862
6863
6864
6865
6866
6867
6868
6869
6870
6871
6872
6873
6874
6875
6876
6877
6878
6879
6880
6881
6882
6883
6884
6885
6886
6887
6888
6889
6890
6891
6892
6893
6894
6895
6896
6897
6898
6899
6900
6901
6902
6903
6904
6905
6906
6907
6908
6909
6910
6911
6912
6913
6914
6915
6916
6917
6918
6919
6920
6921
6922
6923
6924
6925
6926
6927
6928
6929
6930
6931
6932
6933
6934
6935
6936
6937
6938
6939
6940
6941
6942
6943
6944
6945
6946
6947
6948
6949
6950
6951
6952
6953
6954
6955
6956
6957
6958
6959
6960
6961
6962
6963
6964
6965
6966
6967
6968
6969
6970
6971
6972
6973
6974
6975
6976
6977
6978
6979
6980
6981
6982
6983
6984
6985
6986
6987
6988
6989
6990
6991
6992
6993
6994
6995
6996
6997
6998
6999
7000
7001
7002
7003
7004
7005
7006
7007
7008
7009
7010
7011
7012
7013
7014
7015
7016
7017
7018
7019
7020
7021
7022
7023
7024
7025
7026
7027
7028
7029
7030
7031
7032
7033
7034
7035
7036
7037
7038
7039
7040
7041
7042
7043
7044
7045
7046
7047
7048
7049
7050
7051
7052
7053
7054
7055
7056
7057
7058
7059
7060
7061
7062
7063
7064
7065
7066
7067
7068
7069
7070
7071
7072
7073
7074
7075
7076
7077
7078
7079
7080
7081
7082
7083
7084
7085
7086
7087
7088
7089
7090
7091
7092
7093
7094
7095
7096
7097
7098
7099
7100
7101
7102
7103
7104
7105
7106
7107
7108
7109
7110
7111
7112
7113
7114
7115
7116
7117
7118
7119
7120
7121
7122
7123
7124
7125
7126
7127
7128
7129
7130
7131
7132
7133
7134
7135
7136
7137
7138
7139
7140
7141
7142
7143
7144
7145
7146
7147
7148
7149
7150
7151
7152
7153
7154
7155
7156
7157
7158
7159
7160
7161
7162
7163
7164
7165
7166
7167
7168
7169
7170
7171
7172
7173
7174
7175
7176
7177
7178
7179
7180
7181
7182
7183
7184
7185
7186
7187
7188
7189
7190
7191
7192
7193
7194
7195
7196
7197
7198
7199
7200
7201
7202
7203
7204
7205
7206
7207
7208
7209
7210
7211
7212
7213
7214
7215
7216
7217
7218
7219
7220
7221
7222
7223
7224
7225
7226
7227
7228
7229
7230
7231
7232
7233
7234
7235
7236
7237
7238
7239
7240
7241
7242
7243
7244
7245
7246
7247
7248
7249
7250
7251
7252
7253
7254
7255
7256
7257
7258
7259
7260
7261
7262
7263
7264
7265
7266
7267
7268
7269
7270
7271
7272
7273
7274
7275
7276
7277
7278
7279
7280
7281
7282
7283
7284
7285
7286
7287
7288
7289
7290
7291
7292
7293
7294
7295
7296
7297
7298
7299
7300
7301
7302
7303
7304
7305
7306
7307
7308
7309
7310
7311
7312
7313
7314
7315
7316
7317
7318
7319
7320
7321
7322
7323
7324
7325
7326
7327
7328
7329
7330
7331
7332
7333
7334
7335
7336
7337
7338
7339
7340
7341
7342
7343
7344
7345
7346
7347
7348
7349
7350
7351
7352
7353
7354
7355
7356
7357
7358
7359
7360
7361
7362
7363
7364
7365
7366
7367
7368
7369
7370
7371
7372
7373
7374
7375
7376
7377
7378
7379
7380
7381
7382
7383
7384
7385
7386
7387
7388
7389
7390
7391
7392
7393
7394
7395
7396
7397
7398
7399
7400
7401
7402
7403
7404
7405
7406
7407
7408
7409
7410
7411
7412
7413
7414
7415
7416
7417
7418
7419
7420
7421
7422
7423
7424
7425
7426
7427
7428
7429
7430
7431
7432
7433
7434
7435
7436
7437
7438
7439
7440
7441
7442
7443
7444
7445
7446
7447
7448
7449
7450
7451
7452
7453
7454
7455
7456
7457
7458
7459
7460
7461
7462
7463
7464
7465
7466
7467
7468
7469
7470
7471
7472
7473
7474
7475
7476
7477
7478
7479
7480
7481
7482
7483
7484
7485
7486
7487
7488
7489
7490
7491
7492
7493
7494
7495
7496
7497
7498
7499
7500
7501
7502
7503
7504
7505
7506
7507
7508
7509
7510
7511
7512
7513
7514
7515
7516
7517
7518
7519
7520
7521
7522
7523
7524
7525
7526
7527
7528
7529
7530
7531
7532
7533
7534
7535
7536
7537
7538
7539
7540
7541
7542
7543
7544
7545
7546
7547
7548
7549
7550
7551
7552
7553
7554
7555
7556
7557
7558
7559
7560
7561
7562
7563
7564
7565
7566
7567
7568
7569
7570
7571
7572
7573
7574
7575
7576
7577
7578
7579
7580
7581
7582
7583
7584
7585
7586
7587
7588
7589
7590
7591
7592
7593
7594
7595
7596
7597
7598
7599
7600
7601
7602
7603
7604
7605
7606
7607
7608
7609
7610
7611
7612
7613
7614
7615
7616
7617
7618
7619
7620
7621
7622
7623
7624
7625
7626
7627
7628
7629
7630
7631
7632
7633
7634
7635
7636
7637
7638
7639
7640
7641
7642
7643
7644
7645
7646
7647
7648
7649
7650
7651
7652
7653
7654
7655
7656
7657
7658
7659
7660
7661
7662
7663
7664
7665
7666
7667
7668
7669
7670
7671
7672
7673
7674
7675
7676
7677
7678
7679
7680
7681
7682
7683
7684
7685
7686
7687
7688
7689
7690
7691
7692
7693
7694
7695
7696
7697
7698
7699
7700
7701
7702
7703
7704
7705
7706
7707
7708
7709
7710
7711
7712
7713
7714
7715
7716
7717
7718
7719
7720
7721
7722
7723
7724
7725
7726
7727
7728
7729
7730
7731
7732
7733
7734
7735
7736
7737
7738
7739
7740
7741
7742
7743
7744
7745
7746
7747
7748
7749
7750
7751
7752
7753
7754
7755
7756
7757
7758
7759
7760
7761
7762
7763
7764
7765
7766
7767
7768
7769
7770
7771
7772
7773
7774
7775
7776
7777
7778
7779
7780
7781
7782
7783
7784
7785
7786
7787
7788
7789
7790
7791
7792
7793
7794
7795
7796
7797
7798
7799
7800
7801
7802
7803
7804
7805
7806
7807
7808
7809
7810
7811
7812
7813
7814
7815
7816
7817
7818
7819
7820
7821
7822
7823
7824
7825
7826
7827
7828
7829
7830
7831
7832
7833
7834
7835
7836
7837
7838
7839
7840
7841
7842
7843
7844
7845
7846
7847
7848
7849
7850
7851
7852
7853
7854
7855
7856
7857
7858
7859
7860
7861
7862
7863
7864
7865
7866
7867
7868
7869
7870
7871
7872
7873
7874
7875
7876
7877
7878
7879
7880
7881
7882
7883
7884
7885
7886
7887
7888
7889
7890
7891
7892
7893
7894
7895
7896
7897
7898
7899
7900
7901
7902
7903
7904
7905
7906
7907
7908
7909
7910
7911
7912
7913
7914
7915
7916
7917
7918
7919
7920
7921
7922
7923
7924
7925
7926
7927
7928
7929
7930
7931
7932
7933
7934
7935
7936
7937
7938
7939
7940
7941
7942
7943
7944
7945
7946
7947
7948
7949
7950
7951
7952
7953
7954
7955
7956
7957
7958
7959
7960
7961
7962
7963
7964
7965
7966
7967
7968
7969
7970
7971
7972
7973
7974
7975
7976
7977
7978
7979
7980
7981
7982
7983
7984
7985
7986
7987
7988
7989
7990
7991
7992
7993
7994
7995
7996
7997
7998
7999
8000
8001
8002
8003
8004
8005
8006
8007
8008
8009
8010
8011
8012
8013
8014
8015
8016
8017
8018
8019
8020
8021
8022
8023
8024
8025
8026
8027
8028
8029
8030
8031
8032
8033
8034
8035
8036
8037
8038
8039
8040
8041
8042
8043
8044
8045
8046
8047
8048
8049
8050
8051
8052
8053
8054
8055
8056
8057
8058
8059
8060
8061
8062
8063
8064
8065
8066
8067
8068
8069
8070
8071
8072
8073
8074
8075
8076
8077
8078
8079
8080
8081
8082
8083
8084
8085
8086
8087
8088
8089
8090
8091
8092
8093
8094
8095
8096
8097
8098
8099
8100
8101
8102
8103
8104
8105
8106
8107
8108
8109
8110
8111
8112
8113
8114
8115
8116
8117
8118
8119
8120
8121
8122
8123
8124
8125
8126
8127
8128
8129
8130
8131
8132
8133
8134
8135
8136
8137
8138
8139
8140
8141
8142
8143
8144
8145
8146
8147
8148
8149
8150
8151
8152
8153
8154
8155
8156
8157
8158
8159
8160
8161
8162
8163
8164
8165
8166
8167
8168
8169
8170
8171
8172
8173
8174
8175
8176
8177
8178
8179
8180
8181
8182
8183
8184
8185
8186
8187
8188
8189
8190
8191
8192
8193
8194
8195
8196
8197
8198
8199
8200
8201
8202
8203
8204
8205
8206
8207
8208
8209
8210
8211
8212
8213
8214
8215
8216
8217
8218
8219
8220
8221
8222
8223
8224
8225
8226
8227
8228
8229
8230
8231
8232
8233
8234
8235
8236
8237
8238
8239
8240
8241
8242
8243
8244
8245
8246
8247
8248
8249
8250
8251
8252
8253
8254
8255
8256
8257
8258
8259
8260
8261
8262
8263
8264
8265
8266
8267
8268
8269
8270
8271
8272
8273
8274
8275
8276
8277
8278
8279
8280
8281
8282
8283
8284
8285
8286
8287
8288
8289
8290
8291
8292
8293
8294
8295
8296
8297
8298
8299
8300
8301
8302
8303
8304
8305
8306
8307
8308
8309
8310
8311
8312
8313
8314
8315
8316
8317
8318
8319
8320
8321
8322
8323
8324
8325
8326
8327
8328
8329
8330
8331
8332
8333
8334
8335
8336
8337
8338
8339
8340
8341
8342
8343
8344
8345
8346
8347
8348
8349
8350
8351
8352
8353
8354
8355
8356
8357
8358
8359
8360
8361
8362
8363
8364
8365
8366
8367
8368
8369
8370
8371
8372
8373
8374
8375
8376
8377
8378
8379
8380
8381
8382
8383
8384
8385
8386
8387
8388
8389
8390
8391
8392
8393
8394
8395
8396
8397
8398
8399
8400
8401
8402
8403
8404
8405
8406
8407
8408
8409
8410
8411
8412
8413
8414
8415
8416
8417
8418
8419
8420
8421
8422
8423
8424
8425
8426
8427
8428
8429
8430
8431
8432
8433
8434
8435
8436
8437
8438
8439
8440
8441
8442
8443
8444
8445
8446
8447
8448
8449
8450
8451
8452
8453
8454
8455
8456
8457
8458
8459
8460
8461
8462
8463
8464
8465
8466
8467
8468
8469
8470
8471
8472
8473
8474
8475
8476
8477
8478
8479
8480
8481
8482
8483
8484
8485
8486
8487
8488
8489
8490
8491
8492
8493
8494
8495
8496
8497
8498
8499
8500
8501
8502
8503
8504
8505
8506
8507
8508
8509
8510
8511
8512
8513
8514
8515
8516
8517
8518
8519
8520
8521
8522
8523
8524
8525
8526
8527
8528
8529
8530
8531
8532
8533
8534
8535
8536
8537
8538
8539
8540
8541
8542
8543
8544
8545
8546
8547
8548
8549
8550
8551
8552
8553
8554
8555
8556
8557
8558
8559
8560
8561
8562
8563
8564
8565
8566
8567
8568
8569
8570
8571
8572
8573
8574
8575
8576
8577
8578
8579
8580
8581
8582
8583
8584
8585
8586
8587
8588
8589
8590
8591
8592
8593
8594
8595
8596
8597
8598
8599
8600
8601
8602
8603
8604
8605
8606
8607
8608
8609
8610
8611
8612
8613
8614
8615
8616
8617
8618
8619
8620
8621
8622
8623
8624
8625
8626
8627
8628
8629
8630
8631
8632
8633
8634
8635
8636
8637
8638
8639
8640
8641
8642
8643
8644
8645
8646
8647
8648
8649
8650
8651
8652
8653
8654
8655
8656
8657
8658
8659
8660
8661
8662
8663
8664
8665
8666
8667
8668
8669
8670
8671
8672
8673
8674
8675
8676
8677
8678
8679
8680
8681
8682
8683
8684
8685
8686
8687
8688
8689
8690
8691
8692
8693
8694
8695
8696
8697
8698
8699
8700
8701
8702
8703
8704
8705
8706
8707
8708
8709
8710
8711
8712
8713
8714
8715
8716
8717
8718
8719
8720
8721
8722
8723
8724
8725
8726
8727
8728
8729
8730
8731
8732
8733
8734
8735
8736
8737
8738
8739
8740
8741
8742
8743
8744
8745
8746
8747
8748
8749
8750
8751
8752
8753
8754
8755
8756
8757
8758
8759
8760
8761
8762
8763
8764
8765
8766
8767
8768
8769
8770
8771
8772
8773
8774
8775
8776
8777
8778
8779
8780
8781
8782
8783
8784
8785
8786
8787
8788
8789
8790
8791
8792
8793
8794
8795
8796
8797
8798
8799
8800
8801
8802
8803
8804
8805
8806
8807
8808
8809
8810
8811
8812
8813
8814
8815
8816
8817
8818
8819
8820
8821
8822
8823
8824
8825
8826
8827
8828
8829
8830
8831
8832
8833
8834
8835
8836
8837
8838
8839
8840
8841
8842
8843
8844
8845
8846
8847
8848
8849
8850
8851
8852
8853
8854
8855
8856
8857
8858
8859
8860
8861
8862
8863
8864
8865
8866
8867
8868
8869
8870
8871
8872
8873
8874
8875
8876
8877
8878
8879
8880
8881
8882
8883
8884
8885
8886
8887
8888
8889
8890
8891
8892
8893
8894
8895
8896
8897
8898
8899
8900
8901
8902
8903
8904
8905
8906
8907
8908
8909
8910
8911
8912
8913
8914
8915
8916
8917
8918
8919
8920
8921
8922
8923
8924
8925
8926
8927
8928
8929
8930
8931
8932
8933
8934
8935
8936
8937
8938
8939
8940
8941
8942
8943
8944
8945
8946
8947
8948
8949
8950
8951
8952
8953
8954
8955
8956
8957
8958
8959
8960
8961
8962
8963
8964
8965
8966
8967
8968
8969
8970
8971
8972
8973
8974
8975
8976
8977
8978
8979
8980
8981
8982
8983
8984
8985
8986
8987
8988
8989
8990
8991
8992
8993
8994
8995
8996
8997
8998
8999
9000
9001
9002
9003
9004
9005
15.97644831656426 2.692873766204075 0
4.024455939425186 2.619410954794181 0
19.78308825505011 2.058284332980637 0
0.2445539875629983 2.213802763362175 0
2.183170538623508 4.816474961077704 0
17.76092437559899 4.77690464691801 0
17.55647438048027 0.2524236434131395 0
2.014714620422777 0.1990817118371035 0
19.77972807429701 3.009529815896393 0
0.2488880998410394 3.215320537250252 0
9.558217701422473 4.13444287362431 0
18.51669043357548 0.203444116697963 0
17.05939348575937 4.748008757497129 0
2.937697558821707 4.806816364098661 0
0.230931390668351 1.488332563187153 0
2.74290239685214 0.2012987476890102 0
15.90149644438948 2.043186045034903 0
5.806542650675931 4.019065272028032 0
10.4555630186087 4.101083331117477 0
16.72508397355067 0.249010289861535 0
18.75907902027564 4.754540305435225 0
1.317292417161728 4.780086287404624 0
12.73319312100864 4.083836552766485 0
11.91419130642165 4.082116262784683 0
16.00897708046985 2.969929945818541 0
16.26014198913756 2.82994580960581 0
1.333778173588033 0.2091854922618066 0
19.78346844026893 1.410397455446777 0
5.05129334271728 4.057755261036116 0
8.11438147235086 3.800168751606994 0
3.483831756577816 0.2081464587311701 0
3.673583795993768 4.764047560391651 0
15.86886880325642 1.900951800889594 0
16.07017162220586 2.000747211260367 0
14.17930805099578 3.787555926059851 0
16.19876179621824 3.169340754276501 0
16.38773947034639 3.004797380513599 0
7.312482471812819 3.815679911664021 0
4.27863062716645 1.835800703592332 0
4.12447879883271 1.836110689281417 0
9.782148864330582 1.834752477486656 0
10.53196822699121 1.834972707232926 0
9.032687879900854 1.834403706800223 0
11.28193029379446 1.835171849894296 0
8.284595543760135 1.83357075156079 0
12.03199789693827 1.835430835141839 0
7.540567052815086 1.830760284612467 0
12.78223922009717 1.836178778638392 0
6.804792078299651 1.81549093710372 0
13.53125144527592 1.839057513164527 0
6.001166711743718 1.814185558476767 0
14.26926150527909 1.846464797794052 0
5.274505161088259 1.813258882466475 0
14.98613733917385 1.832542316628023 0
15.97556451301931 1.817127963733237 0
16.26882512716177 1.943813528675053 0
15.02153736089812 4.059227538309202 0
15.53758527562748 0.2262196383146144 0
19.75830954991658 3.76246182424745 0
0.3385156114001635 3.886405227202178 0
4.732765411174433 0.2243139691295917 0
16.35682842998742 3.336763727328063 0
16.53606703477173 3.179130913351436 0
4.262378177887553 1.655175696214857 0
4.074196220734257 1.708679723376995 0
16.17753449173873 1.672085446150654 0
16.46795096368151 1.665751102968243 0
14.53633841594845 0.2137961016365066 0
5.809728054844131 0.2434617593215735 0
13.78403645376052 0.2092905400673395 0
6.549244403206883 0.2124592762414497 0
13.03358363042351 0.2064345209181351 0
7.291424368751771 0.2050079952051505 0
12.28312111390578 0.2055009043700511 0
8.035998307308256 0.2039181250964162 0
11.53289388068328 0.2051960773313843 0
8.783636275325055 0.2042950378180088 0
10.78285923870244 0.204996247900346 0
9.53319153935627 0.2046374328570106 0
16.18650290223309 3.504041333456789 0
6.681919243272221 4.684275407467343 0
3.890389910284671 1.77759458638637 0
3.822513493995089 1.603916291197245 0
3.687172547528218 1.83899438366319 0
3.632729840027396 1.655179782212155 0
3.474393404037802 1.888208746189775 0
3.418270623281599 1.696484145724131 0
3.266360679055866 1.941849324665831 0
3.197660333469169 1.752837148929191 0
2.990809246536976 1.819487422877324 0
3.059538448089257 2.004740320980133 0
2.844103260468811 2.074910200126556 0
2.933024181245741 2.263492626631208 0
2.730297193700668 2.341593396288192 0
2.629705671708114 2.162947436857334 0
2.443870104227221 2.26783618469757 0
2.541937436979138 2.429354262428721 0
2.313312032423955 2.140912352490427 0
2.281978606422014 2.35495342570346 0
2.354360437362604 2.513751234382338 0
2.155271028767754 2.579719447598166 0
2.214829618066107 2.776548151316687 0
1.9797771050085 2.826007251519458 0
1.943838885398229 2.627047359683771 0
2.443935320694397 2.698580966090522 0
2.266017680363023 3.00020844699335 0
2.587415743782254 2.937814803754511 0
1.753263515551865 2.863638037823895 0
1.72537903561374 2.66556508154288 0
8.931063956990934 3.159237511205855 0
2.560806703632811 3.23785715172011 0
2.835873036589271 3.261241328645884 0
15.78912335189173 1.633965767875947 0
11.06072805829928 3.186708643785699 0
16.50147094264727 3.494668253469658 0
16.67309344412894 3.353877332335998 0
16.7256007688231 3.0336947892743 0
16.85472548126149 3.218100415579762 0
16.9152307725054 2.909840343841736 0
17.03685088013383 3.084905761888099 0
17.07953692462133 2.799378640167509 0
17.20545271015526 2.945681159354471 0
17.19829594690394 2.679947941094677 0
17.34465151887929 2.78766042157551 0
17.44546366401624 2.604644742774329 0
17.65201080743562 2.697236988622013 0
17.72430746112998 2.460469486450958 0
17.53120736713831 2.924071317617507 0
17.957573693913 2.511107622662938 0
17.99342535696881 2.266468899649929 0
16.97908358951895 3.397868621449742 0
18.22276996938929 2.285636427772462 0
18.23405514757232 2.054393564607571 0
18.01940783295615 2.037800750525882 0
18.24336079475006 1.84238599213907 0
18.0431790974944 1.823015870065103 0
18.25625653830138 1.652998573021866 0
18.07244808645043 1.621682971902187 0
1.53597505044748 2.900294944728456 0
1.557885575206907 3.088004982752473 0
13.30539636742397 3.157276221184497 0
16.46100221513992 1.422277444184782 0
13.46814477315677 4.761960997827208 0
6.482652016160849 3.208357226625078 0
4.212882598924894 1.474748227854853 0
4.421947960533862 1.422129209394668 0
15.79276352158219 4.753560774524656 0
4.477705292740468 3.224668961744589 0
4.199701946347242 3.290258365209646 0
4.322211167621004 3.475597133304779 0
4.034255404931466 3.53934794361558 0
4.262457896180994 3.680693480361309 0
3.916763596969425 3.72877716056439 0
18.4244393843999 1.653297340974856 0
18.40782868096161 1.528184845906305 0
1.504010413342133 2.706216205839021 0
1.367707473281767 3.109866970190028 0
1.559804076355146 3.278399419272312 0
8.873638686559673 4.791941066133528 0
11.2404119067381 4.778332490594858 0
7.62799253091756 4.079473326286802 0
2.803806728721539 3.498934155767411 0
4.506778494692686 4.745090439916976 0
1.360322332760402 3.273982050616667 0
3.380552489254284 1.491831013144402 0
3.084887615776427 1.530127697506701 0
1.543081847550569 3.479916563636503 0
16.70940757289362 1.661979891465249 0
16.698269499642 1.425021781881594 0
16.46230413198872 1.195155233522648 0
1.700741650975969 2.467476371220671 0
2.892763833223299 3.024536891593913 0
8.264468397521965 4.774100855684971 0
18.59707106938335 1.606816727138384 0
18.50978818874898 1.441125944783835 0
1.475325429887828 2.502259161989471 0
1.686280780154721 2.266326759689155 0
4.380996303990758 1.256262436919395 0
4.521595795860968 1.240958610136857 0
11.92584290093156 3.736685363782006 0
4.080378089885144 3.853323080314484 0
3.819415947599673 3.877115929413101 0
12.62160147384026 3.696317493336958 0
7.232754588187046 4.701365946677187 0
8.11392386267662 3.923445460704766 0
8.262478264350884 3.904501341622575 0
9.525785086809748 3.766610048092472 0
7.956006605808206 4.086646232034714 0
10.45428609069587 3.76070093761554 0
1.456610664141662 2.290704004837341 0
1.446430086115937 2.073512237103484 0
1.238615361729916 2.546240140722326 0
1.323556566457331 3.460554228643428 0
5.767738553079961 3.638038533035945 0
9.57248475630279 4.247065700423966 0
9.409576842115603 4.163706024505813 0
16.25647367857782 4.749765910077014 0
16.26283120494725 0.2115083788859513 0
15.03656074094967 0.2156651749381329 0
18.05693315911694 0.229388886034616 0
17.80488522343092 2.006682109633067 0
0.2372467076876745 1.014478954588961 0
19.7823806529066 2.533949688888481 0
18.9765503065152 0.222886279802581 0
19.73813917218471 1.019921245819587 0
0.8567149376193282 0.2582195888697418 0
19.23556512707604 4.775525295548317 0
0.8768355246671167 4.687459428955632 0
5.236654829613939 0.2514853482939916 0
10.03294090705113 0.2047930828374733 0
6.856311119615997 3.145093997993505 0
18.36337688425691 1.326215646083393 0
18.46260977314383 1.142742163893694 0
18.20687442804099 2.537901509054077 0
18.45474556283981 2.282748019486081 0
18.46065153452336 2.533964073269036 0
18.70694637555653 2.502865823348839 0
18.74230086790062 2.759302784068776 0
18.47469996018137 2.811919411175617 0
18.81025900600822 3.017090981516719 0
18.51479674199461 3.156940621965064 0
18.69185937763925 3.329966237092865 0
18.40653500904471 3.467981952045241 0
18.64438409530863 3.516638467941299 0
18.35232931475868 3.733280327582397 0
18.1165461778002 3.695104754568183 0
16.62725862774863 3.647241687499157 0
16.4816056602639 3.767583975670552 0
16.57585362681114 3.892806241113976 0
1.775781377366828 3.485377475793389 0
1.758880747545806 3.706436777368525 0
2.009070261964803 3.713229580426846 0
10.46490425288687 4.203907059218764 0
10.60268577615665 4.098246357360916 0
16.68061823539611 1.19619334305618 0
16.9372859231393 1.421691878518806 0
15.04548684042202 3.601978396586571 0
16.40100640941792 2.73985252596097 0
5.041484879321073 3.694156277190328 0
3.769941343443751 1.478134191262553 0
1.20609049911037 2.096552065137638 0
1.196125914510482 1.869618116523963 0
1.440080444438586 1.85093271636825 0
1.431969311929846 1.622176094360985 0
1.687123379108849 1.610954631016512 0
1.416217007525072 1.388292004973611 0
1.68018295477196 1.371022410406447 0
1.164898273087909 1.410892218651049 0
16.49355896650348 1.908547836360058 0
9.825835632190969 4.300567588837407 0
3.904381669828444 3.215063691050881 0
17.27191971246885 2.531813047153019 0
3.118514483364245 1.260833734978509 0
2.854397110535069 1.226097392321349 0
10.07784544287848 4.301186245113431 0
4.39122767899802 1.082768264811592 0
4.160840493237951 1.079653855976389 0
16.91108077960621 1.176432555470576 0
11.98445886585032 4.230460145112177 0
11.7969075390066 4.163158282434946 0
12.68086645435754 4.249933730633891 0
12.91964824504343 4.200070907804289 0
18.86236522610003 3.550866065430413 0
18.83214949407102 3.783877205895093 0
13.72707349016336 3.180137558871498 0
6.200480473363505 4.74366425679257 0
1.386541248443351 1.151531041040581 0
1.658278723015044 1.12221345581157 0
17.18430581023642 1.432095728671515 0
3.13932737302912 2.188874603102892 0
4.585690373771581 1.12505652166058 0
18.801809641765 1.532628526752665 0
18.8584174490212 1.760533012920192 0
1.990750024726095 3.945760816321837 0
2.254966965903931 3.953942701271974 0
1.73589834854598 3.932690883577044 0
18.9794138017758 2.687344864745353 0
18.25197328764126 1.046637478605399 0
5.074652549461259 4.213737164303293 0
4.905844604209798 4.209555993840711 0
1.188227047866333 3.242142304753258 0
8.595573993227461 3.162026311415167 0
14.03234157375161 4.75692882865885 0
16.47199235940585 3.952595286489229 0
0.3145408699074039 2.719529819792464 0
16.46196165008052 0.9975777623819986 0
3.947444948080612 3.981881130499577 0
3.759075616511434 3.971495303367087 0
18.0540084128807 3.905416292119519 0
17.92115631699834 3.842489133265893 0
3.728173627648008 3.644114772311079 0
8.301604430836274 4.035825463949723 0
8.399989585369623 3.988021950188522 0
4.740650105822311 1.219464143239227 0
4.876633519142024 1.094467739503331 0
0.9542579645878 1.89287791644834 0
7.639728092398425 4.79288386117214 0
15.38578719649038 4.80149894310603 0
1.607022082120061 0.8721233613236756 0
1.937827130673208 0.8090751558558948 0
1.337275078316877 0.9158070439094501 0
17.19639536434309 1.13241997797412 0
17.47405570776176 1.23185223681447 0
9.476254839079658 4.309951321823757 0
9.242106539238913 4.223947532989707 0
9.196650607285786 4.037062724040792 0
9.034882172395179 4.058290252252269 0
9.042081946360137 3.929564726056928 0
1.115627164966281 3.416686317840798 0
8.403019934576928 3.886590218943807 0
17.17265552322716 1.678687045228777 0
19.09856973981329 1.70563154438145 0
19.0428534968176 1.460164403741076 0
19.1240874441178 1.948092298121564 0
10.56343529447283 4.237585811170279 0
10.7563781986936 4.128010677754666 0
10.82106225556084 3.940365839593087 0
10.94284469612635 4.044069637425599 0
10.99735019911705 3.838823818193521 0
11.09553677961134 4.010709053391002 0
10.49444902288491 4.364886487150271 0
11.14467371693401 3.753513707501459 0
16.63114822909557 4.041266010672844 0
16.80679085524565 3.973340937293827 0
18.58479199447162 0.9146270554432432 0
19.75843911997848 4.276195521589184 0
0.2325072686396865 4.295821108228257 0
4.217010576752893 4.006989824968551 0
11.82136350286346 4.292557724419938 0
11.47322400198689 3.155176658303779 0
5.575489780979141 4.349615868100007 0
12.79908310409311 4.369544161027417 0
13.03242518660259 4.275859670791347 0
13.04997395136336 4.06718957441765 0
13.18836142815207 4.216871321052412 0
13.19363893862568 3.933006928718246 0
13.32495390087362 4.063982894627115 0
16.99601813452603 2.656600604504573 0
4.499745353302451 3.665002818591968 0
15.51533296541857 3.200555267323495 0
1.959190290212685 1.36301967379227 0
11.24358404694127 3.887422612300806 0
11.2306472532129 4.0781289846831 0
8.390178035094699 4.157177786411378 0
13.34170277580137 3.801818128168308 0
13.46505232095048 3.940691538666551 0
13.44320461008719 4.187761215336054 0
4.07017319836948 4.126076972651028 0
4.177397758095523 0.8673035610883069 0
2.479925911756066 1.9414017553488 0
16.23866349129944 1.170849383981723 0
16.26757034157324 0.96129298038816 0
15.99486999586232 1.131654818071003 0
16.03249413602886 0.888377797721174 0
15.7253804468599 1.104583872375947 0
2.900822022066973 1.006872608500666 0
3.14973435542174 1.035411060526211 0
3.056010235946247 3.521099745404779 0
3.03275738914752 3.739629702341518 0
11.27458789892242 3.67270911169768 0
2.663403070192042 0.962047908982935 0
4.929406132465497 4.386016985358184 0
4.96299285445515 1.194511950585913 0
5.052786317138017 1.007863590898652 0
17.92873744657758 4.069965584765653 0
17.80304580517694 3.928882771307765 0
17.71147135316092 3.758520254834573 0
18.28542822659261 4.031932426614488 0
19.0692261248132 3.56587239236002 0
19.05787172342705 3.792666706828887 0
19.0804197561322 3.400581144983092 0
3.927806210209923 0.8595888262073015 0
5.109980823108152 1.174635999219743 0
5.246436570365715 0.9349375315160815 0
5.362301570135138 1.12925331724376 0
5.492226364292937 0.9867644745845348 0
5.616583203270544 1.191549108472147 0
5.653627382542585 1.001094098554951 0
5.841408616157048 1.223500721501348 0
5.875722275471467 1.027240089457996 0
6.059510135268583 1.256544464345638 0
6.105757790895462 1.063549904655179 0
6.267870157966119 1.297124486686496 0
6.326035748782441 1.11157033489514 0
18.3237424868049 0.8359621007223603 0
18.0362701024393 0.9711961963275351 0
11.37631657700116 3.78698648578921 0
5.786541785856349 4.203797762778722 0
6.003013471593995 4.102050582949381 0
13.06023423642461 3.808511700010183 0
6.524351030448798 1.162559752267769 0
6.565191460161456 1.034770167043216 0
6.717385536962913 1.1926798101352 0
6.71773056028661 1.021214457793295 0
6.92736075262038 1.204178232165146 0
6.929932980589951 1.015191153540425 0
6.680714039016113 0.840720938202749 0
1.96413383222496 4.184276625280765 0
2.242635858442616 4.199736426459594 0
3.741017485430696 2.037370904673928 0
7.15271094413752 1.210565375160744 0
7.156615076782813 1.013963134457686 0
7.386407412592637 1.214719510155699 0
7.390989060636506 1.014492213375308 0
7.625251302884379 1.217602508514987 0
7.629856954179055 1.015599707307809 0
7.38106031790236 0.8141654062642671 0
16.46181915127934 0.8636882473510203 0
7.867452028089357 1.219683346222513 0
7.871922492113086 1.016809319898376 0
8.111881604846291 1.221226573171625 0
8.116495312230221 1.017923839240197 0
8.35806599919098 1.222388384549317 0
8.362531296658137 1.018877210298893 0
8.109518996452239 0.8146560394098104 0
8.251738927105835 4.258084759697125 0
13.46969861376193 3.717042787455879 0
8.605452117562852 1.223268270120806 0
8.609767636701109 1.019664721995846 0
8.853585873005649 1.223936501559417 0
8.858041088006098 1.020301237281047 0
8.852003942469956 0.8165143877370256 0
9.102436090290009 1.224453412439619 0
9.106471465697147 1.020796416649098 0
4.740495401089314 4.375200019064685 0
0.9640948796506663 2.123487592030173 0
9.351768781816682 1.224860769538886 0
9.35589676451605 1.021208463049494 0
9.601307768050425 1.225188553320079 0
9.605603232711113 1.021548291492441 0
9.851105717675786 1.225467298526416 0
9.855395701681148 1.021835285566576 0
0.9246414972880252 3.340772109303722 0
0.7147505577508113 1.918127526676773 0
12.59861527508369 4.440577691157953 0
10.1009502562794 1.225711047939819 0
10.10519325351226 1.022086380446335 0
10.35070129903934 1.225929809040333 0
10.35488947540613 1.022311546441715 0
10.09875392959658 0.8181244989969814 0
10.60063063656457 1.226141921780458 0
10.60471019374915 1.02252795296227 0
10.85062958223365 1.226348533171572 0
10.8547924516604 1.022745616230114 0
11.10054555426193 1.226547980225797 0
11.10472159811249 1.022953091242454 0
10.84849491908639 0.8187451969087216 0
11.35063636914602 1.226754570156972 0
11.3546976616488 1.023163237531381 0
11.60081806870148 1.226972940528714 0
11.60492445709278 1.023392694982773 0
11.85085638453123 1.227211040453071 0
11.85500298932573 1.023643878756443 0
11.59860743953694 0.8193567980535523 0
12.10102240769336 1.227513610623238 0
12.105167318332 1.023961060008042 0
5.771474993241207 4.396981158581827 0
16.46497777377541 4.072612904766153 0
16.29987566954571 4.04744279691361 0
12.35144289133365 1.227946841065462 0
12.35566528228275 1.024416977843061 0
12.60184568349436 1.228602202970586 0
12.60608595586831 1.025100339004767 0
12.34932004721025 0.820341827008753 0
12.8523201236683 1.229639877329771 0
12.85659208963042 1.026171822139206 0
17.33080607291792 0.9643905012181357 0
3.265213728426776 3.756054095536471 0
3.256985525645495 3.956420543112329 0
5.11945253386327 4.379075077763909 0
16.86643693299937 4.161588402130867 0
17.77091660623614 4.212986010173099 0
3.003069720985641 2.446497761242822 0
3.263343794620141 2.391410252808761 0
13.1028573756682 1.231304925399506 0
13.10733310696118 1.027875961589584 0
13.35295530124345 1.23395234388567 0
13.35775393161281 1.030555843513138 0
13.10092502399536 0.8235732888903069 0
13.60239999562558 1.23810726056948 0
13.60782018144341 1.034704032961946 0
14.97930936697742 4.25781019616197 0
15.20857787451503 4.120732207738463 0
14.92603230353122 4.447035279067127 0
13.85080369550761 1.244589090018184 0
13.85755719523379 1.041061314754456 0
14.09728675189501 1.254782655641603 0
14.10663355504308 1.050793416222816 0
13.85302382425856 0.8350461884316243 0
14.34160538762553 1.271407189200205 0
14.35653950549935 1.065752137095634 0
1.685502117582768 1.84067589181681 0
2.284253711231072 3.241549919463576 0
13.59057501964855 4.079817430070946 0
13.72645163782557 4.247858688675032 0
14.58527377810616 1.301839797882348 0
14.61249159133528 1.088831755332649 0
14.86219197064995 1.385186274102459 0
2.785924409599841 3.728593334307112 0
9.321184407942411 4.401774982734318 0
18.68575345371605 2.259235196778729 0
1.031455494957214 3.167209871869615 0
14.18791954582745 3.466719953366877 0
0.7803020763727009 3.549027728622936 0
1.037893945505546 3.627447342381891 0
16.11915803424373 2.20890788586293 0
13.01572079617799 4.404219338796413 0
8.875506364832049 4.01771444846673 0
8.945253209200601 3.863905008509972 0
8.813004963820084 4.192666173471208 0
10.91445256602429 3.685075999552514 0
2.590211368022308 1.1712702329641 0
14.61306403356626 0.8651844487043818 0
14.87426998765839 0.8740681109430628 0
9.053917001984548 3.717789187263658 0
8.925376266208607 3.659745180838441 0
9.065762235101008 3.544060226188686 0
10.70492226582235 4.286572787762992 0
14.50977596968601 4.787585997429627 0
17.51186975143376 3.870677639054907 0
4.897200370715437 1.315061465091852 0
2.93719715559951 0.802999060083857 0
3.178336149953272 0.8226581574668195 0
4.731630011187868 4.200026770074632 0
19.28008022918873 3.549943999130724 0
9.599330756381004 0.8176294412117946 0
17.53756474790762 0.9763680994753945 0
9.99125632835247 4.799827745807205 0
1.769082925835596 0.5636819571134708 0
2.145385763327873 0.6317296217363682 0
4.197749738395578 0.6514640915576195 0
4.452130850272001 0.6616401103255209 0
19.3545720884968 1.91721389387675 0
19.3567962339934 2.144290609523579 0
15.70890865938985 0.7942495483236527 0
17.05890122841268 0.8804493203186212 0
5.655653098743646 0.7822116091595308 0
9.417476222237843 4.559495462838317 0
5.165310655589751 0.7713455881239715 0
19.23651227022366 3.330132739119168 0
0.745948458164829 3.250250676474117 0
17.70511550449973 1.303578377070188 0
11.36389103450328 3.616012118707392 0
12.25092002132625 4.74359180334159 0
11.71845631689599 4.752479858476146 0
4.89481143960584 3.23987893156264 0
18.56251512233703 0.7140869313426017 0
18.81584311171604 0.8077905286382103 0
12.93641114705052 3.176133129463667 0
6.022419201711763 3.155269279624466 0
16.21983458207641 4.264397782965645 0
16.04619505477113 4.13429245651129 0
10.56773185210491 3.178215182687 0
18.09083807248742 0.7581896937621138 0
9.315528354214425 3.179029367414382 0
17.89603635240407 4.356788151328353 0
0.2351482978603592 0.4673668020852055 0
19.48157361582203 0.2434601660251583 0
3.295576151773896 3.550242604394978 0
5.981875342495194 4.27408712546598 0
6.175684779413265 4.16230663707606 0
6.207480941505538 4.029946469439601 0
6.311513278272711 4.082878725633913 0
6.283138499029498 3.915390442883099 0
6.40119667957306 4.028959516033179 0
6.389372828196763 3.78678044767134 0
6.570110616371997 3.933630298243112 0
6.617360302426058 4.135076196749392 0
6.770940952745747 3.974738883797714 0
6.817817057663545 3.836441360076266 0
6.767105114078292 4.129006571658721 0
6.224802405644144 3.691976998843056 0
6.912191552895065 3.99250142897338 0
6.329285325656276 4.188784136220957 0
6.918319128059202 4.137969292512949 0
7.066571334402448 4.134668077947948 0
6.507241009010345 3.605350028400294 0
6.302749802987144 3.554226370690134 0
3.20159629495373 0.6155941757346015 0
7.090022615820529 4.298804855959293 0
7.241002598132148 4.28211350160392 0
16.13485065993834 3.978660495147332 0
15.93857889356827 4.056818275361232 0
15.93221167073111 4.28087803395765 0
15.77568011792755 4.117921039179908 0
15.79588909824105 3.9003447782495 0
3.018796039951698 2.626519171005777 0
3.245966220502384 2.640494748340756 0
3.534527874851196 2.448247242717525 0
17.4529695738213 0.7440504705774458 0
1.903809848727871 2.250963740424129 0
13.53144514563513 4.327025672398933 0
18.16092471363621 3.133064014670146 0
0.9416722227944252 1.663191071263981 0
19.13824181368341 2.18204586824293 0
19.36667739372379 2.366462981568792 0
18.80945167804472 4.024726682436602 0
19.0441465968386 4.033353390419908 0
19.27926636950939 4.03610348937147 0
19.26890125154863 4.290836916272585 0
3.205048059972327 2.85681707556764 0
15.44399325932982 1.105320239279136 0
15.4687653589723 1.360287179765255 0
2.183813374432546 1.870277770143634 0
13.82609321524577 4.111630775959173 0
13.93309223468867 4.303617230668157 0
3.402046587941814 1.054061249444618 0
18.79040267620891 4.267091947474622 0
0.8635665934161452 3.06829814762315 0
4.954073492367355 4.577310995000769 0
8.349537487597321 4.389849134067097 0
4.715006094268276 0.922005958755548 0
17.40786593878703 3.662789010852546 0
17.62676656099047 3.544756535423033 0
3.464953682201364 3.961048439277407 0
3.272788589027093 4.155547851779278 0
3.042113191740238 4.165880629305054 0
2.26744239183544 3.717590914768103 0
3.460011721746397 2.895732165385521 0
3.399462530845319 3.118332213870419 0
16.46445550784756 4.259023097081516 0
11.80756333418015 3.950662373317343 0
2.499777331017527 1.655559889657407 0
6.767649269549483 4.283047529475448 0
13.77083325907149 3.948770406223038 0
15.09425272492157 4.515361150665344 0
5.805196593184467 1.418521731509835 0
6.470439948901308 1.340812129798811 0
7.129556977367375 1.409778206256959 0
18.70195224071535 0.6242462572475804 0
19.0274609890005 0.7142521174322458 0
18.90381276703874 1.006402020515242 0
19.1289228925845 0.9186078931692527 0
19.21906197534418 1.144019031373561 0
19.19555847968698 0.6447803493708502 0
7.849138383976425 1.42304951206034 0
15.23524687694 3.974559829539078 0
8.588555417491134 1.426776557244671 0
19.51259080335568 3.518975667840671 0
12.03959786403262 4.403710653547559 0
9.33542299985189 1.428223112790648 0
3.911010740423 1.08084490916446 0
15.02374872418407 3.288866597547366 0
10.08465064667376 1.428953936170791 0
11.9144924533634 3.350492054836185 0
4.371346311198593 4.168304300217343 0
4.200636128290209 4.292889459472283 0
3.910915118140083 4.224058887320333 0
17.19930251559185 3.779630680505743 0
17.2963554782011 3.990444140794208 0
3.426019644594169 0.8383266586791192 0
10.83440758662411 1.429493949563168 0
0.6928476943412978 2.961985340205459 0
0.8000956667469339 2.826701830845061 0
7.280878941886472 4.441794588635711 0
7.415757706629925 4.415095953389645 0
11.58462783609757 1.430028786519008 0
12.33505537486822 1.430882638160366 0
0.7040663383186256 1.686124299373089 0
0.690524334268904 1.456465140300505 0
13.08596065124938 1.433861832184659 0
7.046742779496184 3.98080344871568 0
3.946656176887359 0.6433995726168642 0
13.83209316482142 1.445483510504701 0
3.483632465238618 4.1423816420182 0
3.310960230855158 4.357881673590049 0
3.530918610482408 4.33322255474104 0
11.20122760500278 3.542550205278653 0
14.54161475527104 1.488423364422445 0
16.12843632046647 0.6683299840292027 0
7.189334159548407 3.339067029917629 0
14.55673763045809 4.392080436466676 0
14.34143945478739 4.375729206637477 0
1.912565527219549 4.420384980931582 0
2.224894375288013 4.49283969109257 0
1.661426878517286 4.381993560993893 0
2.525601128801617 4.193215850448015 0
2.55692112686492 4.428198512516511 0
15.84845609288644 3.204147895513658 0
11.47333912917462 3.666777815119701 0
12.19521366859859 4.348503258433968 0
19.60810898150439 4.783668334050351 0
0.4623335106606685 4.774383616806489 0
0.4767822221410007 1.944498683518546 0
9.284380731231495 4.636977327756679 0
9.130295531113342 4.549029164129452 0
0.7591546083405447 3.753327236013555 0
0.9360499777066256 3.89628477396181 0
1.239331579332113 3.906370436117878 0
1.004814246967349 4.171694965708026 0
1.229069850162025 4.133616934328852 0
0.5254764707591306 3.614359937028886 0
15.49182084355579 1.830554294694318 0
1.059924863748471 4.324389524400859 0
1.215208467604141 4.33611590243909 0
17.29501134300133 3.457258161667573 0
11.50817086517815 3.515163522814034 0
3.365975239630092 4.566223757956953 0
8.711861598702043 3.950152444067367 0
2.462071459189433 0.8818865529283668 0
2.552883781269824 0.7647233441972643 0
5.966933520967812 4.465872088448918 0
10.65439551193464 4.76836255881781 0
4.030080951140629 4.412107731948588 0
2.869114955360846 2.619572039010127 0
11.64041297985134 4.3270384601579 0
8.177193267995133 3.405122224359253 0
1.159968865961078 3.030819866664952 0
2.13000038513387 2.075396616543435 0
19.14257465689177 3.125940956620206 0
19.34346767870093 2.995434139262421 0
2.759309125793802 1.668377127591612 0
7.38365707047789 4.26326241021791 0
7.555820153483811 4.401530056112633 0
7.575646654656689 4.549544707560113 0
7.709104949842885 4.392318289190561 0
19.15777434981296 2.407550182435893 0
19.37743479789563 2.578044399887878 0
4.429345109169867 4.325222491056478 0
8.236795937755776 4.452012281212201 0
8.093054027100518 4.378265060957945 0
8.062614429595182 4.581163420568583 0
6.106326153552088 3.630398976041203 0
5.167627937290126 4.57311430183138 0
15.86162950998282 0.4956243831985296 0
15.5365848551966 0.6165019311996083 0
12.77526973409296 4.776460910362738 0
17.76775663050076 1.095893095282697 0
14.85212492693015 0.6490495583188864 0
14.59580005469322 0.6453155060772284 0
2.283228946982396 1.075101148065714 0
8.536479844255094 4.303822843098645 0
8.551891713943842 4.469029265182799 0
4.758366444207406 1.802145586238998 0
14.87519895625586 4.581808134134617 0
11.44045804379572 4.353724216180088 0
2.960577716780068 0.6047118920514902 0
5.334470434478819 1.374386013909149 0
15.43933966178969 4.159116089768518 0
15.37370447247914 3.936569311754019 0
15.34630446230373 4.393566457649528 0
17.76871258990998 4.435019451469204 0
17.63932542731576 4.370392037071944 0
17.56651602830505 4.561398332936098 0
17.34387610641345 4.532939387717818 0
11.87411406326561 4.474525167268943 0
11.45908328025375 4.555765020413505 0
11.24025629077746 4.369809336944274 0
14.15971931079655 4.162813821922188 0
8.92981715821929 3.532008858726872 0
8.767654589598363 3.536312708975985 0
9.078996860622286 3.428548746050934 0
9.196402473612872 3.554273613263545 0
3.965190291960229 0.42836562888965 0
4.431178329746444 4.027624553098351 0
5.671848759106652 4.763933102490608 0
15.10610853931588 0.6477286118148491 0
4.233123655899798 0.2168490650114916 0
1.834641279900399 4.632662360814819 0
15.13748392183059 0.8741138374381661 0
6.134296742172389 3.517785114287205 0
17.91842896271508 1.371119502664166 0
17.6576349608729 1.524827470413422 0
19.51752818605798 4.030650320901984 0
1.16635265218088 4.532044744987905 0
19.51852713221144 3.776050588509773 0
7.714684182091741 4.55058280944201 0
8.772513296286885 3.347327098239589 0
8.583075105287149 3.549674380024062 0
2.009051573622152 0.4390481820033463 0
2.285484716586307 0.54488781820573 0
2.379842920269996 4.706586701072489 0
2.62145871295904 4.641189317257032 0
19.57384256622089 2.330477941976405 0
19.57142353428213 2.558133890965175 0
19.56580386441125 1.89221511602215 0
19.56860609754317 1.73762371492582 0
1.606515362919955 4.594545471105928 0
4.009321185672101 2.24720203586257 0
6.488766676615443 3.446452700100421 0
6.677950745598564 3.500207451449087 0
6.595182839989155 3.372071468193336 0
6.774914015101826 3.430193580305341 0
19.51321383659518 4.293399639638975 0
6.170965603401257 4.3242110369511 0
6.351750568161429 4.347404725195268 0
6.551842967138297 4.354445809321793 0
3.125850480072455 4.585647086366411 0
9.527247680890129 4.745778393151967 0
9.649436223801015 4.60212717435779 0
19.39149692052309 0.7743875195809995 0
11.50005810219892 3.918506215130018 0
5.323166767559962 4.324829577611032 0
19.45772043691296 0.4894167355617247 0
7.211582917791709 4.120907848106218 0
8.198554558284057 3.601375631922153 0
8.392819498054898 3.565720647577544 0
15.80169131796156 4.489747347114483 0
0.4606278945614779 1.474459336177867 0
0.672697639260452 1.232638046376603 0
0.6474799228033881 1.02129550338266 0
0.8596731824942001 0.9900530079167011 0
0.8036921229504745 0.7739215806198119 0
1.028070896004023 0.7282314946615767 0
0.5987445363952553 0.8252030801835333 0
0.9502651897118746 0.4996989714742517 0
1.184350502471457 0.4581563288993409 0
0.4523724980827897 1.246149955540945 0
11.40991804201194 4.170199555872875 0
0.5200241379794139 3.159343817950722 0
0.5299353491669816 2.849362839270507 0
0.705912330378121 2.65119441104064 0
19.77358206447111 1.837736531604751 0
19.75741330549354 3.504601036050896 0
3.649273197694001 3.164166605964811 0
3.718790123490741 2.941675837473724 0
3.581129495775158 3.382795501479659 0
7.493116558009708 4.74888721011402 0
18.5359180706853 0.4333663255169369 0
18.73273446537456 0.364786908036991 0
18.326550096655 0.37152003464394 0
6.911164982267918 3.89004735633323 0
6.91380788745025 3.717201795195414 0
15.18381687942956 1.364239461824186 0
14.95623326423855 1.624618337991838 0
9.538960394643965 3.963521252693785 0
9.310183805427783 3.771413930611431 0
7.005675732973698 3.839064060473023 0
7.052434518262 3.570140089076769 0
7.129366812214506 4.477854702363368 0
12.36236644328392 4.314999115025027 0
12.4227177105801 4.495441104357762 0
6.965714838027077 4.723548028183864 0
17.97563605973721 1.171161688005638 0
8.550389834836688 4.72787623449795 0
16.05954185077749 0.3811320891369245 0
17.82927031629916 0.9074938675712001 0
17.86069323812083 0.7113895708417983 0
16.27951615510731 0.452848756842982 0
16.48107940171834 0.3836016046271569 0
8.577169162951881 3.734253384328261 0
7.88171769598402 4.389029986974156 0
16.25345807726645 4.51202938525495 0
11.98854820950223 4.698663314123302 0
10.98826498796965 4.774443171964012 0
11.01349467028981 4.55769585427427 0
1.805570020149524 0.3280340284819667 0
6.436247377670091 4.746347741471804 0
10.45239824250322 3.941751266876307 0
10.61703345893942 3.761658418941659 0
10.62307265184207 3.59232584903849 0
11.47923737842129 4.772304765667225 0
19.78201790086689 2.775083088796237 0
7.867464827835201 4.19872465910654 0
4.699305217051283 3.216007886905935 0
4.685819559895119 3.448345112691376 0
4.872653304443297 3.461751302419532 0
4.869167947743474 3.66857569219244 0
4.875076629256022 3.860009067871989 0
4.702074380850456 3.850355758911531 0
4.4849459423908 3.45594667972196 0
19.72027705405776 0.7623646252787737 0
19.4742231009156 1.066436548587007 0
19.53874830802319 1.301091330487902 0
4.97737074744335 4.784095534860777 0
4.743910587185719 4.56461445512813 0
5.915868428049984 4.699903282447231 0
3.342724627956377 3.337156714911935 0
6.942529273020044 4.489939887916574 0
6.746671681525562 4.452180914891653 0
0.4689590173699578 1.708485255302309 0
0.2388047699894269 1.971919239766647 0
10.21450085300249 4.79023804742801 0
9.97997200691098 4.612580444360346 0
10.17229782716467 4.589603220143284 0
10.43814669265337 4.778884572945103 0
19.24974531410992 4.541734397894866 0
13.74683717302215 4.698967512578572 0
13.8743429217279 4.479751659580073 0
14.08177020657898 4.538488735373845 0
13.60863388035441 4.488764275264923 0
13.41877775573412 4.553484373444235 0
13.23282244986762 4.783760125331179 0
13.00334299328676 4.787958064402299 0
14.27543823058235 4.779368250036606 0
13.15386783725469 3.162692747609425 0
12.94517127413155 3.394099747221194 0
12.69445558337648 3.428388769395478 0
12.78091336248633 3.633092487295124 0
13.16532076584888 3.368114254225525 0
13.36028401180056 3.305718435069754 0
13.19512645848924 3.618787170335442 0
13.53373908165795 3.223522045219137 0
13.59634816928993 3.376467411247142 0
13.75954015161364 3.387967926923865 0
13.74391702720914 3.628891262612497 0
13.98654638516961 3.602748405287514 0
13.94490837122265 3.164115447306178 0
7.844243518391151 4.750878879040587 0
6.24014360402775 3.168985242888194 0
3.823497286072048 4.494997324685736 0
8.751767056423773 4.365216657787772 0
14.73820232434332 4.781665468704026 0
1.655306898875059 0.3732436919997002 0
11.26371136235618 3.162997556386451 0
10.86690490452346 3.251801532781503 0
10.66986047973757 3.383581822030442 0
10.45853402500338 3.386702880312775 0
5.387227374298318 4.561347764078326 0
11.70202565501453 3.536303531819806 0
11.70136309002487 3.344908453631438 0
2.22257892799135 1.631559871034601 0
17.51158304282819 3.31546610875631 0
6.473434670313127 4.169624243086917 0
0.5050593269415842 2.583238809408814 0
0.727992732925685 2.384493704596536 0
0.4289410260708539 2.987543088289298 0
19.78500685887079 2.292586426488426 0
15.48522418209384 1.605377110193735 0
17.97179363703779 4.537718729830287 0
18.24175896346771 4.442728348199497 0
18.24948990497163 4.744108697810695 0
18.52667105881326 4.493003795367985 0
12.66277699373489 3.874375710762363 0
12.83512669555896 3.794870058669014 0
11.31095473033988 3.349296106304447 0
2.826381826967328 4.396983809049694 0
10.82491182437568 3.53898379403144 0
19.61320765212812 3.012645264752809 0
4.36477795308836 3.904712803259947 0
12.52195137478261 4.714531951081163 0
17.8703386480842 3.458182135161365 0
15.59889525664031 4.729729520976639 0
15.43902724736924 4.6636165645041 0
15.27350672639746 4.587704807410784 0
15.23562926395465 4.784765761572205 0
9.064740983080108 4.791823077418861 0
4.504598716795746 1.818557158019137 0
19.75837717438297 4.017403436378515 0
16.37314917699931 3.894594686507944 0
16.22201777478955 3.807039012852177 0
15.9686494429255 3.924889600886703 0
15.82404178879235 3.761185834582156 0
16.00711385132766 3.704371739352307 0
15.84978641393793 3.516187888972154 0
15.70430863217645 3.671326808826864 0
6.047386705333818 3.949233457425183 0
5.852664502601705 3.854116431021984 0
6.676171910728147 3.746261658530631 0
3.507452275571479 2.668401059867403 0
3.781026763404177 2.459480130508751 0
3.545354809116617 2.253061464390598 0
16.01920933198238 3.347231088826097 0
11.07233791272197 4.191839906060326 0
3.478869266594622 3.7797231657094 0
3.520834316626875 3.588723937628024 0
1.267810709970806 0.6849333039864076 0
16.01927240989807 4.754637889475584 0
15.23573442676831 1.826092188359709 0
17.40762474922209 4.250952590951709 0
2.774762686703276 2.731716339709089 0
14.18381824704858 3.601226974969335 0
0.9899147966968442 2.59218476672997 0
15.28453612064805 0.2188763231556266 0
9.139786701434918 3.222507063382909 0
0.8981067277703367 1.209707705547803 0
2.975977321410916 0.4049639522792718 0
3.220036263047398 0.4104491352791677 0
3.642188086788432 3.966814406234246 0
19.56992600932651 2.105575528465014 0
2.521911788577582 3.955687581645164 0
2.781660331057465 3.954234713917081 0
3.331158548739753 2.11980307524184 0
17.8078118604608 0.2433899881893118 0
17.60879137306694 0.4928252239446556 0
17.37789152842816 0.5240489984941727 0
17.30508771659212 0.274072860038185 0
17.15972767520997 0.5875582437799001 0
17.01004834495262 0.3284350289704432 0
16.88083786906375 0.5074387925851713 0
16.7654387196105 0.7388333484868046 0
15.98583972439545 1.371559833103331 0
16.50348425824701 4.730093884623674 0
16.79741301349636 4.679695354231201 0
16.94969724343557 4.510873363449269 0
16.70957750322796 4.428789515412555 0
2.021674019454458 3.484352916690721 0
2.27891810132384 3.482273808606092 0
1.782854534121203 3.271634654155917 0
15.79014371055505 0.2254054735995417 0
2.499314721489194 0.2009183802394601 0
2.255860824195306 0.2034246139421256 0
2.495996060777337 0.3990978966967171 0
2.733357549828062 0.4025471540079462 0
1.462323344752711 4.14093264157598 0
4.169473707983018 1.284162369387734 0
1.682836779077316 2.058822288098615 0
1.093678507182524 0.2307469477239552 0
0.7295870556409643 0.5526532785812872 0
0.5215079773845979 0.6231448485822315 0
0.638575945839392 0.3142120969736513 0
17.77049482351023 2.230431495836835 0
17.55683850252676 2.187956381565681 0
17.59050423404472 1.969112177645875 0
17.35064561529979 2.149465870263766 0
17.3760246902234 1.933821646867109 0
17.14814472462508 2.123206338830159 0
17.13341472007908 2.32166279780168 0
16.94467880707501 2.112860882156081 0
16.9477478881236 2.315451265551779 0
17.11713309776189 2.493881939281756 0
16.95835960612743 2.498057953051967 0
16.75417437719302 2.328215492910055 0
16.77635359798069 2.530070638639294 0
16.55401558189045 2.352027684575635 0
16.82369117134528 2.725604641603557 0
16.57733540972697 2.561563183074409 0
16.38302331374072 2.588002534320827 0
16.18887915892937 2.635340932147713 0
17.83574887433979 1.788564585731304 0
4.483307353725484 0.2199124943444142 0
4.716269049910535 0.4447943102656757 0
4.958539381779821 0.4559751739984512 0
19.76843167765796 1.251833304709977 0
3.386346554134214 2.248515311393523 0
18.14010269896377 3.434856846311251 0
9.52438330151775 3.565649384925542 0
1.915108397116644 2.437965536281165 0
3.524374768348228 2.072605534088762 0
17.31743631763258 2.351626683097917 0
14.78674383148577 0.2147945987819133 0
5.019704502519838 1.803581500639301 0
18.89112247064663 1.989964111044213 0
18.18493971130467 2.821269836341565 0
4.98263116581524 0.2345835531589109 0
5.217174004381261 0.5076757375142993 0
5.419636148142449 0.4756454514347803 0
18.64120700952043 1.80823166101492 0
14.10333934771949 0.8428271189698682 0
14.08947188314301 0.63259224475872 0
13.83738786603795 0.6272905098584134 0
14.06495541564117 0.4217344832345677 0
14.34093531359736 0.6390940159329346 0
5.526987245175394 0.3022726446845803 0
5.67919064252932 0.5130118829761101 0
5.875604863086385 0.4587614454429736 0
6.055842582463236 0.2243007998999409 0
6.105594841732082 0.4407972537638392 0
0.2579006882610404 3.447939918237729 0
0.2772915878468307 3.676539675455731 0
0.2923711563523455 0.7474301950423234 0
19.00335720470764 4.763300489683906 0
19.01375951814333 4.523149331353163 0
18.77276456240576 4.509894893904299 0
18.5521932143205 4.254240576286149 0
6.301472860114255 0.2168903021213642 0
6.348172215078037 0.4325099924162092 0
6.594319068600783 0.4248344441204779 0
6.386473128697637 0.6509664099602162 0
6.796364461365807 0.2090926532027746 0
6.839598815865541 0.4175017640479473 0
19.22570569513751 0.2365783797419074 0
14.07586851159923 1.454153984677136 0
0.2377825611178892 4.131648518196797 0
0.6232721713431992 4.775697278562451 0
0.4603658911949804 4.546794716767739 0
0.6742170732379549 4.59920662329057 0
13.3351793042093 1.436205879316901 0
13.58360262482961 1.439890954256638 0
13.80688655767347 1.644029548894566 0
12.58483716934526 1.431449328605707 0
12.83470392942093 1.432374307388019 0
13.06105034185218 1.635610720806917 0
11.83409675777866 1.430212970968894 0
12.0837875092535 1.43046454334189 0
12.31061237049971 1.633369382233947 0
11.33394673739999 1.429819528692059 0
11.56033417485647 1.632728996345983 0
11.0833721495544 1.429624913418018 0
10.58392404765221 1.429301579781769 0
10.81020241765055 1.632341758181464 0
10.33349167189924 1.429106598091014 0
9.834291861233167 1.428730062290944 0
10.06038659247778 1.631952752601836 0
9.584018081225629 1.428477016830467 0
9.085532387645557 1.427849305740627 0
9.310996926245727 1.631418148587869 0
8.836031071840893 1.427371086016431 0
9.782745471145478 0.2047093559921769 0
9.562141148165802 0.4091543306718961 0
9.312216740972408 0.4089655752210204 0
9.334776676970442 0.6132319138360873 0
9.282481386584811 0.204515724946543 0
9.062061701809835 0.408733889751804 0
9.811257110477214 0.4092909183301776 0
10.06111379836271 0.4094327023791982 0
10.28250941794763 0.204850212898759 0
10.3111479023541 0.409568710990909 0
10.53231175901764 0.2049105945087315 0
10.56111947247178 0.4096952855494034 0
10.81113732375212 0.409819777809322 0
10.58340682055819 0.6142461636561958 0
11.03249477237763 0.2050474831485691 0
11.06112089803997 0.4099414206099041 0
11.28231797127015 0.2051050878830329 0
11.31112795410042 0.4100644565516478 0
11.56120590933238 0.41019643651441 0
11.33340971308465 0.6147528061448939 0
11.78257532795581 0.2052586705622885 0
11.81127733884792 0.4103445789724987 0
12.0324628602623 0.2053484296194665 0
12.06140603374185 0.4105317261723647 0
12.31164140184849 0.410791368912073 0
12.08379501095487 0.6154053943841926 0
12.53289854270971 0.2056825045843076 0
12.56189548247662 0.4111723772729508 0
12.7828697621178 0.2059775644553197 0
12.81219465102127 0.4117584549361784 0
13.062524876713 0.412651564322323 0
12.83489616949378 0.6171565040685247 0
13.28333088194715 0.2070987183204918 0
13.31267941102274 0.4139855061860569 0
13.53323236429888 0.2080551623549738 0
13.56271658045396 0.4159162304659638 0
9.032410360949632 0.2043967334537746 0
8.812990064091425 0.4084916064832855 0
8.564241946072555 0.4082183381074294 0
8.587765175270343 0.6121549086304341 0
8.533486001115934 0.2041367328325259 0
8.315267819351019 0.4079217312001329 0
8.284047275082511 0.2039979822074427 0
8.067594997096375 0.4076982059297296 0
7.820621366521781 0.4076720163479837 0
7.846842853347612 0.6110418538330791 0
7.786761694467948 0.2039441338063126 0
7.57384624486423 0.4080993047501638 0
7.538379686354611 0.204247046674308 0
7.32861513689062 0.4094110593911422 0
7.083839231422266 0.4123080804531249 0
7.11813021363651 0.6159967193816995 0
8.340372833344363 1.425919075876974 0
8.563283231314527 1.630316792458423 0
8.093317210293593 1.424738556386894 0
7.605444093469086 1.420514867497607 0
7.821220334093621 1.627211339173332 0
14.50780388396473 1.846922911849416 0
14.74423745505702 1.841925852909527 0
6.271868208102712 1.755184798452468 0
6.154582653867057 1.609753045774385 0
6.555788523637002 1.798032334506597 0
7.049117531407529 1.823966086419851 0
6.856335083344284 1.601172181134607 0
7.293963492595228 1.828366754202037 0
5.521389128103798 1.820272708098471 0
5.762922251704184 1.823119408227473 0
13.35087139242182 0.8260052796496673 0
9.847971544579723 0.8178587416678378 0
7.364640178410754 1.416537862454158 0
13.60066758811964 0.8297142424760737 0
3.380123791381594 1.274217619510806 0
1.239200470631442 3.127988106944317 0
17.4278770504356 1.471250886494923 0
14.31417930053423 1.467509938344788 0
17.10402905976794 2.610012049889674 0
7.043029533321298 0.2066170491631572 0
12.79966864889975 4.579024183191391 0
17.6305329182306 4.0597376021173 0
5.903253978058866 0.832408650654727 0
1.276079052858428 3.673975099566464 0
1.775159696714097 3.065063288165213 0
5.442246340043463 4.778753931339432 0
18.73651631446815 1.063067114604251 0
0.6694320301235575 4.02497458921132 0
5.574881661596242 1.395092496268244 0
18.40465704652611 0.6351686861519006 0
17.79465221616424 3.122407973296546 0
5.430960355834207 0.8580120785710612 0
4.009261830850227 2.816537008526622 0
4.018516188537497 2.466696221082023 0
16.34588845047774 3.644036633298533 0
18.92051244951801 0.4749767359703991 0
14.35412396404049 0.8534754381780003 0
0.4480157757188774 1.030435197576807 0
17.51145683802054 2.401603872283077 0
0.6687983632696213 3.392286294809474 0
18.91247940973724 3.289155908406484 0
2.110884402347056 2.405981041502864 0
18.15221123906245 0.4930367122278447 0
15.93090479031833 2.244151549669408 0
19.2846502800538 3.788406066676516 0
18.59698048843044 3.764789072334054 0
1.516965651518742 3.695062493057028 0
13.98778044704831 3.786459400558889 0
17.90556072725992 3.693671646364303 0
17.09453451309559 3.583547633869704 0
16.9045568741094 3.699049436888653 0
3.44764332473447 0.6263083351273868 0
1.183725709013174 1.641271595390901 0
19.39231829064583 1.648672954094064 0
18.6977167878224 1.274811793914101 0
0.92390836333478 1.434932046123395 0
2.229995342824256 2.247695432828815 0
18.44896485042719 2.050550582327209 0
18.4394196308625 1.837859871345218 0
18.28958047087609 1.486673658212302 0
16.58042597094017 2.811156411474101 0
16.94158345843439 1.664428529740561 0
17.3591454443654 3.112607288832117 0
4.60238132536487 1.343345685585468 0
2.812722014734873 2.504494574570618 0
18.0728055026099 4.22535279313758 0
1.91256571609668 2.056463004705038 0
2.64053777949272 2.594949021337242 0
2.772913173552884 1.875699594827099 0
19.04533088341712 2.912981950773446 0
16.31780873596023 2.16916173825348 0
16.22050705554824 1.400948233958028 0
19.24603346334017 2.811916194781491 0
2.010031863847329 3.037483173428162 0
17.90043820318823 2.780153091441058 0
5.098281593248558 1.359390729345115 0
5.776458585768034 3.511730272197079 0
16.79603132976465 3.52456858801655 0
17.16759454307478 3.264009959118749 0
4.426988270761493 0.8821724952967354 0
4.974064965826497 0.8378322064276726 0
6.126460864939211 3.81599952732076 0
13.59554378685063 3.805518364729433 0
1.332584112848798 2.947997358324536 0
1.134787325630827 1.181561862006719 0
1.489475955696433 3.918568378958931 0
2.712723198562977 0.78030727628345 0
3.149145034456543 3.07504232998167 0
2.969356922921567 2.812563425212515 0
16.33462949192539 0.7850936657005878 0
16.64709874367703 0.9891282582697967 0
15.95248952666107 2.463655516700523 0
16.66800923424248 4.222244792490612 0
1.950121050864972 1.612711043591986 0
18.91387730614898 2.222194934346768 0
18.97439582603738 1.222558100669207 0
7.041882356161373 3.17507654047063 0
6.947405389452854 3.349280786184298 0
2.937921641665361 1.679435353593365 0
19.72317144293669 1.653112522338057 0
3.18585222324961 4.7933228821166 0
5.791173863851408 3.337501301582303 0
1.089745888610128 0.9541480496961809 0
4.008548477860263 1.536411260581665 0
2.024146773349051 3.258430173706096 0
1.27768014055669 2.761015798982915 0
10.91247797476472 4.166307113980459 0
3.611712499935053 1.477075999770915 0
1.705369704172087 4.159956540287595 0
8.790998563879594 3.156385283245992 0
15.02523161380636 3.461460643667271 0
15.25459856783488 3.579494794146425 0
3.096281643798112 3.298322279282116 0
15.73827339718213 1.360711846704641 0
3.629118000081307 1.284502822766981 0
15.98292937329518 1.548061216424903 0
1.012060559980851 2.85525739614025 0
15.09102100744505 3.839105829754104 0
7.2556733071836 3.506168553931171 0
3.814912980850349 3.444444544431345 0
16.05373261949982 4.363722333817734 0
7.440163942831129 4.562588604719635 0
2.097647825950484 2.245653886033381 0
11.6888334829172 3.154538734412525 0
19.29667363103372 1.383049991696016 0
13.98376780830932 3.961826681976961 0
8.039358344300251 4.779840832663607 0
18.66685986340832 2.026932906256655 0
1.52091740341198 0.636150617502182 0
17.12358169400873 4.302536773172291 0
2.54271014329436 3.485767433949754 0
8.789918293585966 3.747143053955557 0
11.91622157571452 3.546541024515578 0
4.351938324153394 4.44150570410847 0
8.639814795819852 4.118259511059297 0
5.926056291682233 3.688400362488693 0
13.19729150796095 4.403979824890031 0
13.33926927180328 4.262867008224834 0
1.218547460514952 2.322310516017906 0
1.428339340041498 4.355828613614755 0
2.529234007608935 3.721962308357677 0
18.9392759474668 2.455506829711308 0
1.932230448167891 1.844524764813178 0
4.211768556363203 4.665293283532323 0
3.818927016000484 4.07113665008046 0
9.020673940481522 4.287953539487963 0
2.800868434755179 1.452572806678532 0
10.56624701240014 4.573131403141607 0
0.9728397760912344 2.357191549146562 0
4.478894495815613 1.608253382736113 0
0.7234635732624284 2.151285225788575 0
15.31336304903664 0.4316473173564734 0
1.423729610103624 0.4185706399290776 0
4.528074648326843 3.857259674547206 0
15.40276589858122 0.8586537626594981 0
3.028269948396881 3.954085483048096 0
2.533300124050656 1.408868606440551 0
11.05743624131771 3.607465075376324 0
8.388047054825547 3.171692203106344 0
15.68847907033562 3.369296254951696 0
16.46439964219459 0.6455594842061994 0
1.949291263264501 1.102835097826695 0
2.794159637176134 4.177842433203131 0
3.732539886998717 4.292262066276329 0
15.25504727231438 3.163768611603758 0
15.40018580258183 3.371751079613519 0
7.7598718549939 4.056020071113148 0
7.678921028518832 4.231344345408843 0
7.488291553561767 4.092732086718948 0
2.248880676677889 1.374784792282501 0
2.177149610812839 0.8798454878231456 0
19.39929359026371 4.786091768761181 0
17.52990658987941 4.77636040672269 0
19.18781889495491 2.620217905020825 0
3.076404414387122 4.376557997794819 0
10.25861196455006 4.347360057002625 0
10.12018220837091 4.414883389954999 0
9.606088644021954 4.447739426259532 0
9.805412797408286 4.451177930394691 0
9.968691384295091 4.446992743648562 0
2.297324263928379 0.7676635962528118 0
9.77088751259477 4.794407309749324 0
3.92031470194036 4.733349240884285 0
8.428114331274012 4.532943264612265 0
11.93970598499754 3.872585426570879 0
7.188289586676207 3.959723104377009 0
14.17908016385071 3.292298061951568 0
16.66438673092532 0.501548141969167 0
4.562466887520761 4.187160543772964 0
9.522222819735852 3.36738863501111 0
19.38057025600221 2.733071862762103 0
14.31594927582954 0.4253932386526773 0
5.04398857010294 3.884487806260577 0
19.72568110459948 0.5015261504192656 0
7.351491826682876 4.105456607523015 0
14.88009388777935 1.11076804424597 0
5.958553079996427 3.506269489096551 0
4.757746047243804 1.526846120121914 0
6.786960085038242 3.611904949995723 0
19.76629673253528 4.530487380929356 0
0.232583781845987 4.524515253479258 0
0.4683514387309469 4.310565216613336 0
19.62579860290673 1.491703263975825 0
3.895941817269224 1.335348524707076 0
16.15330000016647 2.423071581446973 0
12.59896718414843 0.8209714547914775 0
12.92407001251583 3.93734649116645 0
5.997159199207122 1.619548174794666 0
11.84795473105912 0.8195687534754403 0
15.07042303837662 0.4307842637236181 0
16.72830995404334 3.803479161458243 0
6.621128226806051 1.576735738596954 0
3.598305666800744 4.540057578709046 0
8.692497288522384 4.532317710810583 0
11.1347154915315 3.381920074790347 0
11.09769251217255 0.8189118395218302 0
8.550181098228798 3.901469372448431 0
14.82039112240269 0.4306030246265209 0
14.56775708227658 0.4286972858009359 0
15.30915597725241 3.761320203797357 0
12.95915463976798 3.596313593944875 0
10.34782348465143 0.818312756792017 0
8.035636711403018 1.833013347277502 0
2.461597856810696 4.859693937802778 0
16.73676724306956 2.118015021733088 0
2.877570201645959 4.607190014017174 0
9.365225173568932 3.989253285264393 0
3.655582735306005 1.070378107633428 0
14.28440278894536 0.2124880377631051 0
19.76605667529136 3.249385890869319 0
10.8040859832147 4.517447293419798 0
2.034255475439346 4.708141726470723 0
8.782704547581739 1.834201844475069 0
16.99688514997388 3.88464883440792 0
14.03363421452756 0.2108705161752003 0
16.35271098616427 2.383876908900285 0
6.651045161132885 4.255225169314357 0
1.772647989408147 4.819432848518044 0
13.81278947905697 0.4185522027287387 0
9.099713874620837 0.8169291080472509 0
14.52646815724172 4.585100710724141 0
5.052137489863445 1.572286577892136 0
6.366267795463966 3.399607343130423 0
9.531878250581917 1.834648355909328 0
17.07480843627378 4.086782471404929 0
3.667980277528068 4.11947094314761 0
14.12934465109156 4.345548334762197 0
13.58505337105572 0.6233075036302145 0
14.3065195608217 4.569953677811434 0
3.715306251117523 0.4227470578741745 0
3.676580362495016 0.8507996651987311 0
8.35511663698235 0.8153227342348055 0
13.33437223137121 0.6204269925667023 0
13.08393302284549 0.6184495878737035 0
0.4848735455854278 2.180655339674719 0
10.28162542569843 1.834891416213815 0
8.492854364557441 4.042182543979043 0
5.302689445089701 1.592436610905247 0
12.84853243537289 0.821979281981559 0
1.379269703870875 4.566173637591103 0
16.5256450272094 2.137129687425057 0
7.620720232423561 0.8137194157589474 0
12.09440677953295 4.537249070335575 0
12.58319581471467 0.6162889259092283 0
11.04834745400116 4.362731235711477 0
3.666173229570758 3.815340106044302 0
11.03153839397578 1.835089634336247 0
12.33269664311891 0.6157287591386438 0
1.089515335325023 4.752433128244905 0
8.234993360278725 3.763068000741232 0
5.989401078545043 3.338466318291999 0
0.7578587998814985 4.31100674441496 0
10.61862744424546 3.934866221245072 0
6.909809679372877 0.823196540485325 0
5.544965912081611 1.606425157436508 0
12.09723950719285 0.8198453995733752 0
17.85137062575584 0.4858248040313371 0
11.78157902710528 1.835309993232618 0
11.83235968545883 0.6150927875242325 0
3.696501086356287 0.6356410824114276 0
4.537643495527009 4.528525347528825 0
11.58210196480483 0.6148781493183459 0
5.778527766502053 1.61699506856454 0
0.4538946660863026 0.8738186392309257 0
6.138605853560385 0.8610629054008749 0
12.53177539847158 1.835802769508952 0
6.66297783698555 3.154003385910976 0
6.016326571937203 1.440748653138617 0
15.63348440090025 4.57203773687835 0
14.72995680928685 1.653555568753069 0
11.34678350294754 0.8190733633690344 0
11.08213757654046 0.6145335149062905 0
10.83200282125927 0.614362810258996 0
6.207780228494597 1.477373372498977 0
16.72108604224498 1.895478276851468 0
17.25680552640312 0.8042762860869273 0
13.28156903681992 1.837676295443641 0
11.23858138503309 4.565605302538387 0
6.878526019135248 3.486083313638747 0
10.59679073473871 0.8184820975637284 0
6.401026987812461 1.531639145635039 0
10.33220611374339 0.6140290473266319 0
6.678631100487233 1.376167803492404 0
5.054674022913938 3.273771066417539 0
14.02561504104766 1.843767630403865 0
6.898568295048578 1.397956908052845 0
9.583278142607567 0.6134523333742448 0
15.58035807437547 3.859940026914991 0
10.08215257445605 0.6138436391039768 0
4.706731748541188 0.6650095402350773 0
9.831969106197933 0.6136375979836313 0
0.5858493224054229 3.812409098846949 0
7.092540142477147 1.614127405904708 0
7.575722315275461 1.624901682856912 0
3.769681139147403 2.247075673778306 0
11.67951430789768 3.762994826988282 0
18.5071385168459 4.744710958206833 0
16.94250371095325 1.895164940822013 0
8.835251650246329 0.6125418549912709 0
7.33229730887489 1.621044228994975 0
9.348061165455158 0.8172689937236852 0
9.083474728855775 0.6128741673505249 0
4.216016179035642 0.4341597194633762 0
0.4995902521272697 3.409800349200566 0
8.067065659591799 1.628671846304915 0
7.327248793923982 4.561537116598243 0
7.786948945822999 1.832159282035009 0
11.67616314188157 4.528123418084556 0
8.314260619831213 1.629633663943373 0
8.091728205581994 0.611275684835547 0
15.59920763724308 4.047422502342078 0
0.3838696611867949 0.2272576402536175 0
18.17704961005131 1.243669469879981 0
4.467213343944154 0.4397844036895742 0
8.338250077121931 0.611679451784942 0
8.6015275223595 0.8159222075326737 0
13.21368271610031 4.582571124799562 0
3.982832684844126 0.2140651208374869 0
12.70255182155738 3.177038379957011 0
9.06098674203688 1.631136554520255 0
19.20640960585006 0.4705866056665013 0
8.811323037679621 1.63077374783562 0
7.358367558771842 0.6126349449177964 0
9.186674490929866 3.674163242256455 0
8.532682818590359 1.833923445793804 0
3.431128426028078 4.781046611926032 0
3.732986062059454 0.2111869534725992 0
17.16012142631504 1.907981373712508 0
7.600734821836886 0.6113319272347002 0
18.36997733416113 4.243677743980376 0
7.862636082184332 0.814043188051053 0
5.754828462133584 4.542154037476456 0
7.178167188616808 3.766082157622258 0
15.15978789721082 4.318963238020602 0
9.810025829555723 1.631786821558421 0
4.887526651731739 4.038284443519347 0
9.559811909319397 1.631601092974306 0
6.634813280094209 0.6377601366739249 0
9.281428219183926 1.834517292207899 0
8.124982481399805 4.110123771513161 0
17.6800004498222 0.8595925155631698 0
17.39955450975935 1.708027152315645 0
4.941899515793273 0.6551527713303016 0
7.142096788109013 0.8166052593952193 0
6.876516395303106 0.6235235796488203 0
10.55974600964086 1.632199505612127 0
7.590089924254458 4.655250639412178 0
5.209614287590009 4.784209335604251 0
13.84116746327026 3.788691050894459 0
0.2581143476541392 2.454296874707852 0
10.30940030291316 1.632057893593828 0
10.03105698233099 1.834798601616174 0
5.102844228531993 0.6504314553105759 0
0.2291751484223035 1.250177297817005 0
13.73663567142362 4.418028476294007 0
13.47506374610952 3.525371012382239 0
14.98779757912845 4.730048806839422 0
11.30975083998117 1.63257247356277 0
5.340086449481919 0.6934023179361599 0
6.137599481060303 0.6518846902430335 0
4.689373620431402 3.658225307332619 0
7.878122876009256 4.565917686167408 0
11.05930384659608 1.632430189785197 0
5.510545651383755 0.6030346063415355 0
5.911121316404108 0.6470414475793715 0
6.422100032252938 0.9021917977356644 0
10.78092322575583 1.835000507462748 0
5.754156069321215 0.6419389932967747 0
7.326164355897455 3.942348203133342 0
9.144894906130217 3.874759225694489 0
12.05992277938767 1.633063888166823 0
15.63178286020718 4.316884867604991 0
17.62103149844011 1.747498208500972 0
18.56957789046181 4.015136844576005 0
3.82118811995193 2.702110752627581 0
16.91302488229569 4.359671912380867 0
11.80949296002292 1.632848907586967 0
10.77042776902282 3.743395789876526 0
11.53093332142673 1.835202188739567 0
12.81046367964539 1.634501069464438 0
10.45076131928131 3.254152859486336 0
15.45621579270468 3.723843405769933 0
17.87149097440034 1.576578937778114 0
15.55369580685759 0.4512012631910043 0
16.84949321496052 0.9476052243013084 0
12.55994145826394 1.63379121220312 0
13.55896017496062 1.640052230475692 0
8.386460608190431 3.375084653642317 0
12.28105009140041 1.835549952652948 0
16.48380132505639 4.48126854004035 0
14.73083963456955 4.589035033693627 0
11.63390646411339 4.104629076839927 0
18.1154254822336 1.431220360975084 0
13.30975873692619 1.637371594297609 0
18.74241759065485 0.2075658331260768 0
13.03115263095443 1.836764109486019 0
8.400924346247292 3.738015195106103 0
16.49037580968395 0.2201528087430624 0
6.177183115713514 4.516511058867156 0
14.05052464801907 1.649797981047279 0
15.21174187654011 1.603986297339672 0
13.77841748485109 1.84113593041267 0
0.234579430231582 1.729627208058851 0
18.29077276219727 0.2112661019032713 0
14.28879214453291 1.657204602189186 0
9.184710600671254 3.398415976070105 0
14.51516192890889 1.663551075611906 0
0.4530192181348749 4.069762460044367 0
6.529553154925962 4.520690989087457 0
10.45920860398262 3.572740443266649 0
7.845860141096109 4.025611868796651 0
9.972530119673252 4.30080875669956 0
4.745583635586132 4.774430198727581 0
16.03822844132194 4.524009212187998 0
3.466695165217157 0.4168241494649263 0
17.11411050226361 4.520425582100831 0
13.36888189632784 4.380877791250088 0
17.65034416710304 0.7090634020629294 0
16.58294460721535 0.8086615875480063 0
14.02023474108594 3.384580222094276 0
19.49610739233159 3.215132021149213 0
3.23562944765752 0.2053544505656619 0
7.061549726888498 3.409403503257987 0
9.79206619621103 4.613419530221719 0
2.988540216466387 0.2029844816758501 0
12.95652407326555 3.732057011366916 0
11.34259619637249 4.017467983234279 0
12.58690529560024 3.565070145618646 0
19.02888395435074 4.278592924650389 0
7.526432889499286 4.247549143284133 0
6.928755552493836 4.301205669865475 0
10.63467448287126 4.446409790916585 0
13.96713321411903 4.133255682331342 0
16.03081236332197 0.2153088156080107 0
2.691495013340406 4.827417270803998 0
12.23657546457625 4.531802864954209 0
2.72619432127104 0.5981859289373439 0
5.044820524275853 3.493138348033409 0
14.174235866935 3.977265916156615 0
4.006099437275022 1.984638847900796 0
17.99785519434467 4.761211988692608 0
11.49904152800032 3.341067005423189 0
9.275056403724809 4.788142542601925 0
7.284919918814457 3.640686498768203 0
12.64858478648872 4.567747094552076 0
15.15952001183012 1.115407444374799 0
7.223444634732784 3.105644900316051 0
8.584612472835436 3.358185325513658 0
1.93123275460265 4.833801831841811 0
0.2528270448065637 2.987706502923332 0
17.76673514121865 4.573931499203071 0
8.894415482828258 4.421516715429772 0
15.71586557590453 3.115065721893545 0
8.251385516187112 4.57969859498144 0
11.23615075095388 4.197158732179069 0
19.5071935107058 4.598872674377789 0
4.718166962687087 4.028647169069806 0
19.7393654805453 0.2482922895779693 0
19.77133899995425 4.768945500013585 0
0.2375057441247463 4.762047424254806 0
14.70381998702422 1.515915209673136 0
10.73761824608422 3.620041896500408 0
15.49681823401277 3.542810052628528 0
8.934242293741701 4.606582234078084 0
15.51792201968608 4.488156605294766 0
0.2233536917500665 0.2323929311998647 0
10.39090082693586 4.53294289178602 0
10.96789737094219 3.446588513006726 0
15.72206900360817 1.859046569060725 0
8.174200646915686 3.186643442823655 0
5.198323220391013 4.205744545087383 0
4.561353966870386 4.350479821503224 0
9.347278358470545 3.56190837495035 0
9.510433061793437 3.167161014866004 0
15.03785397245395 3.153525945772706 0
0.9753346172938606 4.464076401729292 0
5.602591106575171 4.552899228644568 0
14.16033518420985 3.155077374723609 0
11.90926808141932 3.156367896978721 0
5.807138971419312 3.152307805913819 0
1.550487480746527 4.798902770402927 0
4.553896413470229 4.026970807031542 0
8.971203670277678 3.331777254400663 0
6.185508705711162 3.356177784934625 0
13.00572806783756 4.586769540280985 0
10.47064749085139 3.087195767894138 0
12.53939588543845 4.281446838785291 0
2.469223627135545 0.6164052048206421 0
15.18930935168605 3.373661888429461 0
2.296572691304249 4.895432150026112 0
10.86806261792521 4.33260503744541 0
15.3500731209784 0.6381103705093787 0
5.086649589853174 3.147626362322535 0
8.028958142516082 4.234231368065411 0
6.766883368499284 3.28226331081092 0
17.29567373497888 4.766365688871567 0
9.342578924214124 3.37691438954701 0
19.53755739519973 2.820037603991608 0
9.677428004986002 4.280907578904808 0
10.38046611852057 4.265745945312961 0
11.34590446364359 3.509117822114609 0
2.268470940788127 0.4017220755754334 0
6.382777948959445 4.530788450160008 0
0.4949895347664182 2.411593250536651 0
3.973801760286513 2.979874030805168 0
1.786252283652377 0.1872858569306648 0
0.4419921671231144 0.3996712894003833 0
1.565005647224451 0.1904956744203874 0
7.689517070185018 4.696981280691642 0
14.75502430178308 4.407357745510597 0
16.95959795120964 0.6673989984699145 0
6.757160475537522 4.367614222183551 0
6.649257324331929 4.403313362106723 0
6.60144406413559 4.304835489318075 0
6.709347215341183 4.269136349394904 0
6.679302269836557 4.336224855750814 0
7.941800931345701 4.765359855852097 0
7.861183197200203 4.658398282603997 0
7.970368652802219 4.573540553367995 0
8.050986386947717 4.680502126616094 0
7.95608479207396 4.669450204610046 0
6.844600477272803 4.471060401404114 0
6.954122055523561 4.606743958050219 0
6.823817040649649 4.703911717825603 0
6.714295462398892 4.568228161179498 0
6.834208758961227 4.587486059614859 0
19.75786142770506 3.633531430149173 0
19.87870665274677 3.502300518025448 0
19.87915477495829 3.756230912123725 0
19.87893071385253 3.629265715074586 0
7.099234713107062 4.712456987430525 0
7.035948042617275 4.483897295139971 0
7.181060700200776 4.589610324520278 0
7.067591377862168 4.598177141285248 0
13.53262120030628 3.761280576092656 0
13.47238117993572 3.621206899919059 0
13.60949038665933 3.577131137497369 0
13.66973040702988 3.717204813670965 0
13.5710557934828 3.669205856795013 0
11.23820352086567 4.283484034561671 0
11.14430187238931 4.366270286327875 0
11.06034268336156 4.277285570885902 0
11.15424433183792 4.194499319119698 0
11.14927310211362 4.280384802723787 0
18.00595308108825 1.071178942166586 0
17.87169634511899 1.133527391644167 0
17.79851347339996 1.001693481426949 0
17.93277020936923 0.9393450319493675 0
17.90223327724411 1.036436211796767 0
0.2325455252428377 4.410168180853757 0
0.3504293536853176 4.303193162420796 0
0.4643586649629636 4.428679966690537 0
0.3464748365204837 4.535654985123498 0
0.3484520951028998 4.419424073772147 0
14.5416028938499 4.488590573595409 0
14.41649385903171 4.577527194267788 0
14.32397950780455 4.472841442224455 0
14.44908854262274 4.383904821552076 0
14.43279120082722 4.480716007909932 0
12.50335007968008 4.210309244156589 0
12.45088116436118 4.298222976905159 0
12.33105409488457 4.227085382276456 0
12.41720208728232 4.218697313216523 0
4.955326413532274 3.681365984691384 0
4.870910626093385 3.565163497305986 0
4.958736914359575 3.47744482522647 0
5.043152701798463 3.593647312611868 0
4.957031663945924 3.579405404958927 0
5.689205276290787 4.158207193412146 0
5.779008389548778 4.300389460680274 0
5.673482387110174 4.373298513340917 0
5.583679273852182 4.231116246072789 0
5.681343831700481 4.265752853376531 0
19.76173499039245 3.376993463460108 0
19.88302833764568 3.24969294543466 0
19.88086749519622 3.375996731730054 0
19.88679103223555 1.793868265802375 0
19.7483767537039 1.745424526971404 0
19.86158572146834 1.576556261169028 0
19.87418837685195 1.685212263485702 0
3.550981906201017 3.485759719553841 0
3.698021238312753 3.413620022955502 0
3.771543304249178 3.544279658371212 0
3.624503972137441 3.616419354969551 0
3.661262605225097 3.515019688962527 0
8.490003022608928 4.500986264897533 0
8.622194501233114 4.500673487996691 0
8.621443561679536 4.630096972654266 0
8.48925208305535 4.630409749555107 0
8.555723292144231 4.565541618775899 0
0.6131051193062227 4.310785980514147 0
0.7160379365597258 4.455106683852765 0
0.5672914822164685 4.573000670029154 0
0.5901983007613438 4.441893325271652 0
5.260744993975488 4.265287061349208 0
5.203743733862428 4.159180584566476 0
5.361841637294748 4.218723100828301 0
5.282792685578588 4.188951842697389 0
16.25496587792213 4.630897647665981 0
16.13787304423794 4.752201899776299 0
16.02875042561001 4.639323550831791 0
16.1458432592942 4.518019298721474 0
16.14185815176607 4.635110599248886 0
12.16369644382368 4.243837453980927 0
12.11740576631561 4.376106955990764 0
12.01202836494147 4.317085399329868 0
12.05831904244954 4.184815897320032 0
12.08786240438257 4.280461426655398 0
16.57273306632183 0.4425748732981618 0
16.48572760570115 0.3018772066851096 0
16.60772989161731 0.2345815493022987 0
16.69473535223799 0.3752792159153508 0
16.59023147896957 0.3385782113002302 0
4.021486063981341 2.543053587938102 0
3.922822029688558 2.660760853710881 0
3.801107441678054 2.580795441568166 0
3.899771475970837 2.463088175795387 0
3.911296752829698 2.561924514753134 0
14.10555742883527 4.442018535068021 0
14.23539205293948 4.360638770699836 0
14.19414488370034 4.554221206592639 0
14.21476846831991 4.457429988646238 0
19.51537101132658 4.162024980270479 0
19.63795268022048 4.02402687864025 0
19.75840814718072 4.14679947898385 0
19.63582647828683 4.284797580614079 0
19.63688957925365 4.154412229627164 0
19.76236792625688 4.40334145125927 0
19.63674512162054 4.564680027653573 0
19.51020367365049 4.446136157008381 0
19.63628579995369 4.424738804133826 0
4.640777041356364 4.546569901328477 0
4.744747111385926 4.669522326927856 0
4.626181065139409 4.759760319322279 0
4.522210995109847 4.6368078937229 0
4.633479053247886 4.653165110325379 0
8.588147320037473 4.211041177078972 0
8.726409879819968 4.155462842265252 0
8.782386010121929 4.27894141562949 0
8.644123450339434 4.334519750443208 0
8.685266665079702 4.244991296354231 0
11.46916032933752 4.664034893040364 0
11.56762321106766 4.54194421924903 0
11.69730972938878 4.640301638280351 0
11.59884684765864 4.762392312071685 0
11.58323502936315 4.652168265660357 0
0.747645441729361 0.2862158429216963 0
0.569287972919696 0.1571060484868259 0
0.803357468809665 0.1291097944348709 0
0.6863227208646805 0.1431079214608486 0
5.884208564175772 4.238942444122351 0
5.974404431731504 4.369979606957449 0
5.86920425710451 4.431426623515373 0
5.876706410640141 4.335184533818862 0
19.58227345546496 1.396397297231864 0
19.65358999284058 1.27646231759894 0
19.77595005896345 1.331115380078377 0
19.70463352158783 1.451050359711301 0
19.67911175721421 1.36375633865512 0
12.90740195013555 4.386881749911915 0
13.01072443200777 4.4954944395387 0
12.90269835836866 4.582896861736188 0
12.79937587649643 4.474284172109403 0
12.9050501542521 4.484889305824051 0
19.89154412752506 2.029142166490319 0
19.77833515976061 1.948010432292694 0
19.8891675798803 1.911505216146347 0
19.56786493686888 1.998895322243582 0
19.66969296444118 1.86497582381345 0
19.67650713218831 2.081929930722826 0
19.67310004831474 1.973452877268138 0
19.77289237479419 3.129457853382856 0
19.63108203381147 3.232258956009266 0
19.55465752222985 3.113888642951011 0
19.69646786321256 3.011087540324601 0
19.66377494851202 3.121673248166934 0
11.92103223832304 3.641613194148792 0
11.80267860441462 3.749840095385144 0
11.69076998145611 3.649649179404044 0
11.80912361536452 3.541422278167692 0
11.80590110988957 3.645631186776418 0
17.49334145074755 0.5084371112194142 0
17.62956777008499 0.6009443130037924 0
17.55165687046217 0.7265569363201876 0
17.41543055112473 0.6340497345358092 0
17.52249916060486 0.6174970237698005 0
14.86299995173588 4.755857137771724 0
14.73452097945643 4.685350251198827 0
14.8030192954127 4.585421583914122 0
14.93149826769215 4.655928470487019 0
14.83300962357429 4.670639360842923 0
11.7016943725197 3.440605992725622 0
11.80792777169413 3.347700254233812 0
11.91535701453896 3.448516539675881 0
11.80852569352933 3.444561266200752 0
19.57263305025151 2.44430591647079 0
19.67942471254585 2.311532184232415 0
19.7836937558887 2.413268057688454 0
19.67690209359436 2.546041789926828 0
19.6781634030701 2.428786987079622 0
9.974331695603036 4.529786594004454 0
9.886019101561004 4.612999987291033 0
9.798739496809658 4.532298730308206 0
9.887052090851688 4.449085337021627 0
9.886535596206347 4.53104266215633 0
18.1045721990897 0.3612127991312306 0
18.17385296065711 0.2203274939689437 0
18.30866142942613 0.2913930682736057 0
18.23938066785873 0.4322783734358921 0
18.20661681425792 0.3263029337024177 0
11.95685596364912 4.439117910408251 0
11.84773878306453 4.383541445844441 0
11.90291118435689 4.261508934766058 0
11.929883574003 4.350313422587154 0
0.4501941369008335 1.138292576558876 0
0.3407738232525475 1.248163626678975 0
0.233210928054989 1.132328126202983 0
0.3426312417032769 1.022457076082884 0
0.3417025324779139 1.135310351380929 0
5.35519707092914 4.443088670844679 0
5.277427655794222 4.567231032954853 0
5.143540235576697 4.476094689797645 0
5.221309650711616 4.351952327687471 0
5.249368653252919 4.459591680321162 0
6.261358085781343 4.335807881073184 0
6.367264258560437 4.439096587677639 0
6.279980532336479 4.523649754513583 0
6.174074359557386 4.420361047909128 0
6.270669309058911 4.429728817793384 0
15.04102515202501 4.622704978752383 0
15.18387972565951 4.551532979038064 0
15.25456799517606 4.686235284491494 0
15.11171342154155 4.757407284205813 0
15.14779657360053 4.654470131621938 0
14.9711853017062 1.728580327309931 0
15.08398757038933 1.614302317665755 0
15.22373815165421 1.715039242849691 0
15.11093588297108 1.829317252493866 0
15.0974617266802 1.72180978507981 0
19.88986403714851 3.004764907948196 0
19.78087298758195 2.892306452346315 0
19.89100895043345 2.762541544398119 0
19.89043649379097 2.883653226173158 0
3.859647325339397 3.329754117741113 0
3.61520134673458 3.273481053722235 0
3.776827433761222 3.189615148507846 0
3.737424336036987 3.301617585731674 0
0.98317542999607 4.719946278600268 0
0.9260850709804878 4.575767915342462 0
1.07084363473737 4.498060573358599 0
1.127933993752951 4.642238936616405 0
1.027009532366719 4.609003425979433 0
9.120295746457208 3.695976214760056 0
9.248429148178825 3.722788586433943 0
9.227539355779001 3.82308657815296 0
9.099405954057382 3.796274206479073 0
9.173917551118103 3.759531396456508 0
1.348281060516301 4.673129962497864 0
1.203403876243375 4.766259707824765 0
1.272811178025878 4.549109191289504 0
1.238107527134625 4.657684449557134 0
1.30404005628754 0.438363484414209 0
1.13901450482699 0.3444516383116483 0
1.213728340385279 0.2199662199928811 0
1.378753891845829 0.3138780660954419 0
1.258884198336409 0.3291648522035451 0
19.43286001071935 0.9204120340840032 0
19.55588698729042 0.7683760724298865 0
19.72920811312123 0.8911429355491802 0
19.60618113655016 1.043178897203297 0
19.58103406192029 0.9057774848165914 0
0.4069395668684717 0.6852875218122776 0
0.2637597271063523 0.6073984985637644 0
0.3385702324917368 0.4335190457427944 0
0.4817500722538561 0.5114080689913074 0
0.3727548996801051 0.5594032837775358 0
1.291889086794017 0.1045927461309031 0
1.046839253591262 0.1153734738619776 0
1.169364170192638 0.109983109996441 0
8.487947301671024 3.557697513800803 0
8.580122134119515 3.641963882176162 0
8.489046754599586 3.736134289717183 0
8.396871922151094 3.651867921341824 0
8.488497028135304 3.646915901758993 0
0.8399261226764203 0.5261761250277694 0
0.6840815007401773 0.4334326877774695 0
0.9034900636656005 0.3789592801719968 0
0.7937857822028889 0.4061959839747331 0
3.475263460897486 0.3124853040980482 0
3.343365714132277 0.413636642372047 0
3.227832855352458 0.307901792922415 0
3.359730602117668 0.2067504546484162 0
3.351548158124972 0.3101935485102314 0
13.28308670214439 4.39242880807006 0
13.39382982603098 4.467181082347162 0
13.31623023591722 4.568027749121899 0
13.20548711203063 4.493275474844797 0
13.2996584690308 4.480228278595979 0
7.455044979988588 4.255405776751022 0
7.367574448580383 4.184359508870463 0
7.419891690122322 4.099094347120982 0
7.507362221530526 4.170140615001541 0
7.437468335055454 4.177250061936002 0
1.492892533395416 4.580359554348515 0
1.578501421833241 4.696724120754427 0
1.433889948954128 4.789494528903775 0
1.463391241174772 4.684927041626145 0
3.061774891035659 4.800069623107631 0
3.217926111624806 4.8966614410583 0
2.968848779410854 4.903408182049331 0
3.09338744551783 4.900034811553815 0
13.57003951299477 4.407894973831928 0
13.51370581804427 4.521124324354579 0
13.45016352098148 4.353951731824511 0
13.48193466951287 4.437538028089545 0
16.74829597931878 0.9683667412855526 0
16.61502167544619 0.8988949229089016 0
16.67419166341293 0.7737474680174055 0
16.80746596728551 0.8432192863940564 0
16.71124382136585 0.871057104651479 0
0.2675961380539356 3.56223979684673 0
0.3787454701941542 3.428870133719148 0
0.5125333614432002 3.512080143114726 0
0.4013840293029816 3.645449806242309 0
0.3900647497485679 3.537159969980728 0
19.17399243396434 1.031313462271407 0
19.26020990655379 0.8464977063751262 0
19.34664253812989 1.105227789980284 0
19.30342622234184 0.9758627481777054 0
0.2351449148787879 4.213734813212527 0
0.3454008896263829 4.100705489120582 0
0.4606853284329109 4.190163838328852 0
0.3479151216558485 4.201949325770689 0
19.89173422013447 1.455198727723388 0
19.67448502292171 1.572407893156941 0
19.78310962152809 1.513803310440165 0
11.03092106214548 4.460213544992873 0
11.23941883790528 4.467707319741331 0
11.12603802766145 4.561650578406328 0
11.13516995002538 4.463960432367102 0
15.30990559435059 4.490635632530156 0
15.4321132409949 4.440861531472147 0
15.47847463352766 4.575886584899433 0
15.35626698688335 4.625660685957442 0
15.39419011393912 4.533261108714795 0
18.82662345744628 0.4198818220036951 0
18.7375760280147 0.2861763705815337 0
18.85948394858502 0.2152260564643287 0
18.9485313780166 0.3489315078864901 0
18.84305370301565 0.3175539392340121 0
6.541974758302299 3.409262084146878 0
6.427517236039704 3.423030021615422 0
6.424459905812407 3.303982284877751 0
6.538917428075002 3.290214347409207 0
6.483217332057353 3.356622184512315 0
18.42750305852721 4.023534635595246 0
18.56088555239116 4.134688710431076 0
18.46108527424082 4.248959160133262 0
18.32770278037687 4.137805085297432 0
18.44429416638402 4.136246897864255 0
2.907633880233833 4.707003189057917 0
3.001710340859207 4.596418550191792 0
3.155851351661033 4.689484984241505 0
3.031742615947433 4.698244086649711 0
9.815624214799628 4.375872759616049 0
9.70575072071512 4.449458678327112 0
9.641758324503979 4.364323502582169 0
9.751631818588486 4.290737583871107 0
9.728691269651803 4.370098131099109 0
7.183228387646508 3.862902630999633 0
7.117516183086196 3.970263276546344 0
7.026209256234941 3.909933754594351 0
7.091921460795253 3.80257310904764 0
7.104718821940724 3.886418192796993 0
0.7012183296728658 0.7995623304016726 0
0.5601262568899266 0.7241739643828824 0
0.625547516512782 0.5878990635817594 0
0.7666395892957194 0.6632874296005495 0
0.6633829230928221 0.6937306969917161 0
3.75534931228905 2.142223289226117 0
3.873558461352859 2.011004876287362 0
4.007710311473561 2.115920441881683 0
3.889501162409752 2.247138854820438 0
3.881529811881306 2.1290718655539 0
6.25248505253477 4.175545386648508 0
6.340517946908852 4.268094430708112 0
6.173325191407261 4.24325883701358 0
6.256921569158056 4.255676633860847 0
8.035444133594062 3.746611436284847 0
8.114152667513739 3.86180710615588 0
8.035215328756943 3.93002471708736 0
8.035329731175503 3.838318076686103 0
7.226292757961929 4.201510674855069 0
7.281537372237292 4.113182227814617 0
7.312329834305019 4.272687955910915 0
7.296933603271156 4.192935091862767 0
19.86013852702888 0.7561823126393867 0
19.72297907932862 0.6319453878490195 0
19.86284055229974 0.5007630752096328 0
19.86148953966431 0.6284726939245098 0
3.499851791610748 3.684223551668712 0
3.697173428609383 3.72972743917769 0
3.57252124808269 3.797531635876851 0
3.598512610110067 3.706975495423201 0
19.8911903264533 2.516974844444241 0
19.8925034294354 2.271293213244213 0
19.89184687794435 2.394134028844227 0
8.631021348465421 3.925810908257899 0
8.675838197260948 4.034205977563332 0
8.566334580188647 4.08022102751917 0
8.52151773139312 3.971825958213737 0
8.598677964327035 4.003015967888534 0
2.749514457302499 4.624189665637103 0
2.814596286081056 4.81711681745133 0
2.656476863149723 4.734303294030515 0
2.782055371691778 4.720653241544216 0
19.4696470263675 0.3664384507934413 0
19.33206502138151 0.4800016706141133 0
19.21605765049378 0.3535824927042044 0
19.35363965547977 0.2400192728835329 0
19.34285233843064 0.3600104717488231 0
15.91995987964175 4.506878279651241 0
15.90601796574013 4.75409933200012 0
15.79722741977188 4.621654060819569 0
15.91298892269094 4.63048880582568 0
8.07783422834785 4.479714240763264 0
7.879920285996638 4.477473836570782 0
7.987385861542268 4.383647523966051 0
7.978877257172244 4.478594038667023 0
13.90371757820828 4.391684445124115 0
14.03121844289011 4.324582782715177 0
13.97805656415344 4.509120197476959 0
14.00463750352178 4.416851490096068 0
3.308490324638845 4.787184747021316 0
3.465564213014039 4.890523305963016 0
3.341745162319422 4.893592373510658 0
13.11808272157719 4.785859094866739 0
13.24141122493381 4.89188006266559 0
13.00167149664338 4.89397903220115 0
13.12154136078859 4.89292954743337 0
17.73008099941138 0.4893250139879965 0
17.85603193193833 0.5986071874365677 0
17.75551870261193 0.7102264864523637 0
17.74279985101166 0.5997757502201799 0
3.408205234200386 3.569483271011501 0
3.319150389865136 3.443699659653456 0
3.461927061865768 3.359976108195797 0
3.435066148033076 3.464729689603649 0
13.63040628591065 3.201829802045317 0
13.7433068208885 3.284052742897681 0
13.67794416045179 3.382217669085503 0
13.56504362547394 3.29999472823314 0
13.65417522318122 3.29202373556541 0
0.4744825820251339 3.07344345312001 0
0.4794381876189178 2.918452963779902 0
0.6113915217541397 2.905674089737983 0
0.6064359161603559 3.06066457907809 0
0.5429370518896377 2.989558771428996 0
8.683543728268923 3.740698219141909 0
8.750889946144007 3.848647749011462 0
8.563675130590338 3.817861378388346 0
8.657282538367172 3.833254563699904 0
8.389640053122665 3.470402650609931 0
8.485536540512934 3.366634989577988 0
8.583843789061293 3.45392985276886 0
8.486741921091978 3.462166251689395 0
0.3844561189102258 3.187332177600487 0
0.2508575723238025 3.101513520086792 0
0.3408840354387088 2.987624795606315 0
0.3626700771744673 3.087478486603401 0
15.76846758161103 3.286722075232677 0
15.93383271243441 3.275689492169878 0
15.93449787296016 3.431709488899126 0
15.76913274213678 3.442742071961925 0
15.85148272728559 3.359215782065901 0
4.710120671768771 3.939501463990668 0
4.636031688078658 4.027808988050674 0
4.540985530898536 3.942115240789374 0
4.615074514588649 3.853807716729369 0
4.625553101333653 3.940808352390021 0
1.730438459512293 0.3506388602408332 0
1.610156273049755 0.2818696832100436 0
1.675628965438413 0.1888907656755263 0
1.795911151900951 0.257659942706316 0
1.703033712475353 0.2697648129581798 0
10.044436796333 4.43093806680178 0
10.14624001776779 4.502243305049141 0
10.07613491703782 4.601091832251815 0
10.06028585668541 4.516014949526798 0
17.03190387284959 4.51564947277505 0
16.93136106286563 4.435272637915068 0
17.01830328815221 4.331104342776579 0
17.11884609813617 4.411481177636561 0
17.0251035805009 4.423376907775815 0
10.19339934008358 4.689920633785647 0
10.28159932705026 4.561273055964652 0
10.41452375979461 4.655913732365562 0
10.32632377282793 4.784561310186557 0
10.3039615499391 4.672917183075604 0
19.40158870613262 3.782228327593145 0
19.51802765913471 3.903350454705878 0
19.39839727778368 4.033376905136727 0
19.28195832478159 3.912254778023993 0
19.39999299195815 3.907802616364936 0
11.93133113638392 4.586594240696122 0
11.85350226319911 4.725571586299724 0
11.77513860257359 4.50132429267675 0
11.81432043288635 4.613447939488237 0
19.87921955998924 4.263097760794592 0
19.87918858719149 4.008701718189258 0
19.87920407359036 4.135899739491924 0
7.338828091290165 4.023902405328179 0
7.199936252233958 4.040315476241613 0
7.257226971286832 3.951035653755175 0
7.269382171762062 4.032108940784896 0
15.02300442503975 1.374712867963323 0
15.19777937798483 1.484112879581929 0
14.90921261744425 1.504902306047149 0
15.05349599771454 1.494507592814539 0
12.88930636368986 4.782209487382518 0
12.76263486704648 4.888230455181369 0
12.88215318184493 4.89110474369126 0
6.979467166195624 3.98665243884453 0
6.911678267581491 3.941274392653305 0
6.958420357620808 3.864555708403126 0
6.968943761908216 3.925604073623828 0
11.74353882103891 3.856828600152812 0
11.72073489914677 4.027645725078635 0
11.56698228315616 4.011567645984973 0
11.5897862050483 3.84075052105915 0
11.65526055209753 3.934198123068892 0
8.861031260435265 3.157811397225924 0
8.951133813634307 3.245507382803259 0
8.871858483282281 3.339552176320126 0
8.781755930083239 3.251856190742791 0
8.866444871858773 3.248681786773025 0
15.82588661026893 0.3605149283990357 0
15.91047803693851 0.220357144603776 0
16.04517710704973 0.2982204523724676 0
15.96058568038015 0.4383782361677273 0
15.93553185865933 0.3293676903857516 0
14.0851823161091 3.601987690128424 0
14.00339056312778 3.493664313690895 0
14.1040771434567 3.425650087730577 0
14.18586889643802 3.533973464168106 0
14.0946297297829 3.5138188889295 0
4.797058328328562 3.227943409234288 0
4.883732372024569 3.350815116991086 0
4.779236432169208 3.455048207555454 0
4.692562388473201 3.332176499798655 0
4.788147380248885 3.341495808394871 0
11.52191225306267 4.137414316356401 0
11.37625711919221 4.093833769553577 0
11.4213271492857 3.967987099182149 0
11.47161970117419 4.052700707769275 0
9.985614167631725 4.706204095083776 0
10.10287859067748 4.795032896617608 0
10.08950675385765 4.698062364434712 0
11.93277444296455 3.804635395176443 0
11.87363465958884 3.911623899944111 0
11.83815663200173 3.830731997664627 0
8.295687028169477 3.583548139749849 0
8.317958853263008 3.750541597923668 0
8.21677395928139 3.682221816331692 0
8.306822940716243 3.667044868836758 0
18.53943213656688 4.373622185827067 0
18.6712979452647 4.260666261880385 0
18.78158361930733 4.388493420689461 0
18.64971781060951 4.501449344636142 0
18.66050787793711 4.381057803258264 0
10.86968219519998 3.612029896791976 0
10.89640459765893 3.492786153519083 0
11.01266680612995 3.527026794191525 0
10.985944403671 3.646270537464419 0
10.94117450066497 3.569528345491751 0
3.975509500950446 3.634062552089985 0
3.822468612308716 3.686445966437734 0
3.924584192890908 3.491896244023462 0
3.873526402599812 3.589171105230598 0
13.0451394921526 3.169412938536546 0
13.15959430155179 3.265403500917475 0
13.05524601999021 3.38110700072336 0
12.94079121059103 3.28511643834243 0
13.05019275607141 3.275259969629953 0
18.7659217913407 4.632217599669762 0
18.63310876856077 4.749625631821029 0
18.51690478782958 4.618857376787409 0
18.64141328958514 4.625537488228585 0
12.58087992864909 3.391524514099367 0
12.58492804773954 3.167785395539555 0
12.69850370246693 3.302713574676245 0
12.58290398819431 3.279654954819461 0
17.75463538306068 0.883543191567185 0
17.66517230846262 0.7843279588130496 0
17.84498177721 0.8094417192064993 0
17.75507704283631 0.7968848390097745 0
2.379697861558906 0.8247750745905893 0
2.372650203085914 0.9784938504970404 0
2.230189278897617 0.9774733179444297 0
2.237236937370609 0.8237545420379786 0
2.304943570228261 0.9011241962675094 0
7.349841509687934 3.477836411193309 0
7.364464815503363 3.666870309865452 0
7.270296612999029 3.573427526349687 0
7.357153162595648 3.57235336052938 0
19.46336112165996 2.124933068994296 0
19.5718842877737 2.218026735220709 0
19.47025997997234 2.348470461772599 0
19.36173681385859 2.255376795546185 0
19.46681055081615 2.236701765383447 0
8.813369791132041 4.569449972444334 0
8.72213217247308 4.448767184299177 0
8.823091269626016 4.393366686608772 0
8.914328888284979 4.514049474753929 0
8.818230530379029 4.481408329526553 0
7.802865998045004 4.040815969954899 0
7.900933373452157 4.056129050415683 0
7.911735716821704 4.142685445570628 0
7.813668341414551 4.127372365109844 0
7.857300857433354 4.091750707762763 0
14.14740732885711 3.058740969082275 0
14.05262177771625 3.159596411014893 0
13.92060997953618 3.063260005373559 0
14.03400865419664 3.061000487227918 0
19.63841834106401 3.769256206378611 0
19.75834336214978 3.889932630312982 0
19.63818551064224 3.89664154250943 0
11.00087982912973 4.66606951311914 0
11.2394966458856 4.671968896566622 0
11.11433844735388 4.776387831279435 0
11.12018823750766 4.669019204842882 0
10.61879616592124 3.280898502358721 0
10.65835281637919 3.07030987306397 0
10.80793934258846 3.107103048111222 0
10.76838269213052 3.317691677405973 0
10.71336775425485 3.194000775234972 0
13.00453553056216 4.687363802341642 0
13.10970539196894 4.584670332540274 0
13.22325258298397 4.683165625065371 0
13.11389405677306 4.685264713703506 0
0.3957674147675192 3.978083843623272 0
0.4621824669027923 3.849407163024563 0
0.627640676264491 3.918691844029135 0
0.5612256241292162 4.047368524627844 0
0.5117040455160051 3.948387843826204 0
10.64646656578982 3.487953835534466 0
10.54114062791235 3.582533146152569 0
10.458871314493 3.479721661789712 0
10.56419725237047 3.385142351171609 0
10.55266894014141 3.483837748662089 0
7.566422325204067 4.770885535643081 0
7.694864046199212 4.89644193058607 0
7.496558279004854 4.87444360505701 0
7.595711162602033 4.88544276782154 0
8.525194917418343 4.863938117248975 0
8.257234198760983 4.887050427842485 0
8.407429116179326 4.75098854509146 0
8.391214558089663 4.87549427254573 0
7.241377294093523 4.850682973338594 0
6.982857419013539 4.861774014091932 0
7.11211735655353 4.856228493715263 0
10.71938023304298 4.481928542168191 0
10.72924074757467 4.642904926118804 0
10.61032126216739 4.670746980979708 0
10.6004607476357 4.509770597029096 0
10.66485074760518 4.576337761573949 0
13.67773552668828 4.593865893921747 0
13.60749097308946 4.73046425520289 0
13.44346126444544 4.657722685635721 0
13.56059839556686 4.625794289778734 0
13.47685744909916 3.09296330433004 0
13.6926085961792 3.07127106115622 0
13.58473302263918 3.082117182743129 0
17.1578533774079 0.8423628032027741 0
17.00924958981116 0.7739241593942678 0
17.0596628132098 0.6274786211249073 0
17.20826660080654 0.6959172649334135 0
17.10875809530885 0.7349207121638408 0
9.532372740726856 3.865065650393129 0
9.452092784106449 3.976387268979089 0
9.337704489498359 3.880333607937912 0
9.417984446118766 3.769011989351952 0
9.435038615112607 3.87269962916552 0
4.687596590163261 3.553285210011997 0
4.779270784087438 3.663400499762529 0
4.779253608128323 3.559224353658991 0
7.632462551663348 4.396924172651597 0
7.541126521491548 4.324539599698383 0
7.602676959009059 4.239446744346488 0
7.694012989180859 4.311831317299702 0
7.617569755336203 4.318185458499043 0
16.09680837678038 3.604206536404548 0
16.26619567635542 3.574038983377661 0
16.28395311263364 3.725537823075355 0
16.1145658130586 3.755705376102242 0
16.19038074470701 3.664872179739952 0
10.37321966309587 3.374405375847119 0
10.36933331023483 3.208204538448769 0
10.45464767214234 3.320427869899556 0
10.37127648666535 3.291304957147944 0
1.954240776738594 1.232927385809483 0
2.116260105123448 1.088968122946205 0
2.266054811830142 1.224942970174108 0
2.104035483445287 1.368902233037386 0
2.110147794284368 1.228935177991795 0
15.9284501326328 3.610279814162231 0
16.10285611710773 3.425636211141443 0
16.01565312487027 3.517958012651837 0
12.47233454268136 4.604986527719462 0
12.5106664928319 4.468009397757857 0
12.62360003078621 4.504162392855014 0
12.58526808063566 4.641139522816619 0
12.54796728673378 4.554574460287238 0
4.381101624741722 3.672848149476638 0
4.513910000814647 3.761131246569587 0
4.446426300707602 3.880986238903577 0
4.313617924634677 3.792703141810628 0
4.413763962724662 3.776917194190108 0
16.97718887032673 2.57732927877827 0
16.90985465293565 2.691102623054065 0
16.80002238466299 2.627837640121426 0
16.86735660205406 2.514064295845631 0
16.88860562749485 2.602583459449848 0
17.19477292804847 3.520402897768638 0
17.03680905130727 3.490708127659723 0
17.07333906629686 3.330939290284246 0
17.23130294303806 3.360634060393161 0
17.13405599717266 3.425671094026442 0
16.48017936173385 2.574782858697618 0
16.57888069033357 2.686359797274255 0
16.49071619017905 2.775504468717536 0
16.39201486157932 2.663927530140898 0
16.48544777595644 2.675143663707577 0
5.070661806383556 3.210698714370037 0
4.974742731259889 3.25682499899009 0
4.932173016776476 3.10114174750179 0
5.028092091900143 3.055015462881738 0
5.001417411580015 3.155920230935914 0
12.11973411541424 4.721127558732446 0
12.25046001066312 4.871795901670795 0
11.99427410475112 4.849331657061651 0
12.12236705770712 4.860563779366223 0
6.559083310471156 4.715311574469573 0
6.71595962163611 4.842137703733671 0
6.468123688835045 4.873173870735902 0
6.592041655235578 4.857655787234787 0
16.9995456936025 3.641298535379178 0
16.85029410193703 3.611809012452601 0
16.8875574596418 3.461218604733146 0
16.94355157662215 3.551258570056162 0
16.10898556410031 3.258285921551299 0
15.92871658667815 3.0870389206661 0
16.10386943834405 3.069635350047522 0
16.01885107538923 3.1726624211087 0
3.684031660592371 3.052921221719267 0
3.846295941888627 2.960774934139446 0
3.939091715057478 3.097468860928024 0
3.811561687824924 3.075195041323646 0
6.401359997984701 4.179204189653937 0
6.512638818725712 4.262035026204355 0
6.451796767649863 4.35092526725853 0
6.426578382817282 4.265064728456234 0
10.54627110229401 4.773623565881457 0
10.70219775596732 4.884181279408905 0
10.46907334632669 4.889442286472551 0
10.585635551147 4.886811782940728 0
19.5064857044694 1.183763939537454 0
19.75328542492134 1.135877275264782 0
19.62988556469537 1.159820607401118 0
12.02318526273521 4.012580032315705 0
11.8608773203009 4.016389318051013 0
12.03594260202315 3.907814614208804 0
11.94840996116203 3.962101966129909 0
18.90964331527982 4.272842436062506 0
19.02132173624704 4.400871128001776 0
18.89326204027454 4.516522112628731 0
18.90145267777718 4.394682274345618 0
11.24520595336905 4.889166245297429 0
10.99413249398483 4.887221585982006 0
11.11966922367694 4.888193915639717 0
7.280001691055514 4.631451531637715 0
7.383706368377554 4.562062860658939 0
7.466640250420419 4.655737907416828 0
7.362935573098377 4.725126578395604 0
7.373320970737966 4.643594719527272 0
13.81059004737503 4.589359586079323 0
14.05705589016529 4.647708782016348 0
13.88958937338688 4.727948170618712 0
13.93382296877016 4.618534184047836 0
14.0161707868758 4.878464414329425 0
14.15388990216698 4.768148539347728 0
14.26271911529118 4.889684125018303 0
14.13944495108349 4.884074269673864 0
11.73422815844799 4.876239929238073 0
11.48961868921064 4.886152382833613 0
11.61192342382932 4.881196156035843 0
12.64861055443778 4.745496430721951 0
12.5109756873913 4.857265975540582 0
12.63680527721889 4.872748215360975 0
7.368967786549188 4.862563289197801 0
17.40329719291476 3.386362135211941 0
17.26336999372009 3.188308623975433 0
17.43536424359679 3.214036698794213 0
17.33333359331743 3.287335379593687 0
11.23339900208339 4.137643858431084 0
11.28662172479269 4.047798483958689 0
11.32303439648291 4.183679144025972 0
11.3048280606378 4.115738813992331 0
4.714605078805832 3.089206225173438 0
4.823389047791155 3.095173986337614 0
10.23225042650124 4.895119023714004 0
10.35066188641397 4.892280655093279 0
7.485788930056867 4.40831300475114 0
7.399707388553908 4.339179181803778 0
7.470416955022728 4.331859390751081 0
15.51896125200477 4.696673042740369 0
15.54944762832016 4.86486476048832 0
15.44289359824519 4.900749471553015 0
15.41240722192981 4.732557753805064 0
15.48092742512498 4.798711257146692 0
17.54821130909223 4.668879369829393 0
17.41279016242915 4.771363047797128 0
17.31977492069617 4.649652538294692 0
17.45519606735925 4.547168860326957 0
17.4339931148942 4.659265954062043 0
13.26841461714531 3.710302649251875 0
13.33509510229938 3.57207909135884 0
13.40570069478165 3.759430457812094 0
13.37039789854052 3.665754774585468 0
8.811819343279836 4.895970533066764 0
8.712014260698179 4.759908650315739 0
8.66850713034909 4.87995432515787 0
6.058174450706744 4.721783769619901 0
6.225240236681753 4.871832128396285 0
5.957934214024992 4.849951641223615 0
6.091587225353372 4.86089188480995 0
4.588505254895876 3.220338424325262 0
4.585382751142959 3.452145896206668 0
4.481325617565634 3.340307820733274 0
4.586944003019417 3.336242160265965 0
13.35048361151219 4.772860561579193 0
13.48407238657838 4.880980498913604 0
13.3627418057561 4.886430280789597 0
9.995628164176235 4.899913872903602 0
10.11393929533874 4.897516448308804 0
12.94002559614077 3.069268846452304 0
12.81948148430395 3.176585754710339 0
12.70401199056687 3.069721471698976 0
12.82201879335382 3.06949515907564 0
6.849408520324825 4.851955858912802 0
7.056657056949316 4.057735763331814 0
6.992445231230825 4.136318685230449 0
6.915255340477133 4.065235360743165 0
6.985956198713224 4.06148556203749 0
13.07714054912861 3.607550382140158 0
12.95216295694977 3.495206670583034 0
13.18022361216906 3.493450712280483 0
13.06619328455941 3.494328691431759 0
8.187873913139594 3.503248928140703 0
8.077530676560661 3.647214876442427 0
8.066850031416198 3.42731324640735 0
8.072190353988431 3.537264061424889 0
4.483990289957058 3.093536762592765 0
4.338703619543855 3.257463663477118 0
4.225173790067079 3.126331464325294 0
4.354582040012069 3.10993411345903 0
3.175793193860072 3.535671174899878 0
3.07614593987218 3.409711012343447 0
3.219503135877245 3.317739497097025 0
3.197648164868658 3.426705335998452 0
15.63717376699279 1.619671439034841 0
15.47699477053307 1.482832144979495 0
15.60351937807721 1.360499513234948 0
15.76369837453693 1.497338807290294 0
15.620346572535 1.490085476134895 0
13.74841858651108 4.849483756289287 0
13.88229468669344 4.863974085309356 0
12.60425338472025 3.630693819477802 0
12.64068043948836 3.496729457507062 0
12.73768447293141 3.530740628345301 0
12.7012574181633 3.664704990316041 0
12.67096892882583 3.580717223911551 0
14.39260710013418 4.783477123733117 0
14.50488798484301 4.893792998714813 0
14.38380355006709 4.891738561866559 0
8.019679172150125 4.889920416331803 0
7.797121759195575 4.875439439520294 0
7.90840046567285 4.882679927926048 0
10.82133024995215 4.771402865390911 0
10.84816512497607 4.885701432695456 0
12.80802002902265 3.713981272982069 0
12.74895184464693 3.834622884715689 0
12.64218923378758 3.785346602049661 0
12.72510463140511 3.749663937515865 0
11.65828806086646 4.427580939121228 0
11.7308882413574 4.309798092288919 0
11.75301342196549 4.405561192482834 0
13.97545051121417 4.047541182154151 0
14.07900183762216 3.969546299066788 0
14.16697758886577 4.070039869039401 0
14.06342626245779 4.148034752126764 0
14.07121405003997 4.058790525596776 0
11.16221971032773 3.174853100086075 0
11.02011803934265 3.07455660361332 0
11.23687681123737 3.062701059913696 0
11.12849742529001 3.068628831763508 0
9.096767968128084 3.092455813411925 0
9.055495185856298 3.277142158891786 0
8.992406595906093 3.060821037323398 0
9.023950890881196 3.168981598107592 0
0.3457796426149145 1.48139594968251 0
0.2300532695453263 1.369254930502079 0
0.4565001963221338 1.360304645859406 0
0.343276732933731 1.364779788180742 0
9.760443756297384 4.897203654874662 0
9.881071920473621 4.797117527778265 0
9.87803596023681 4.898558763889133 0
3.098006792229157 0.40770654377922 0
2.982258768938651 0.303974216977561 0
3.112084832061954 0.204169466120756 0
3.105045812145555 0.3059380049499878 0
16.41374705537082 3.705810304484543 0
16.4273774186316 3.831089331089248 0
16.29758347589443 3.85081684968006 0
16.35566526563262 3.778313577082301 0
17.65311762949622 3.218937041026428 0
17.44517640575186 3.018339303224812 0
17.66292979165128 3.023239645457026 0
17.54914701762404 3.11863817212562 0
13.1678378840702 3.062548655525183 0
13.36268609198217 3.05984039231272 0
13.22963210233933 3.159984484396961 0
13.26526198802618 3.061194523918951 0
6.263282612651558 3.065694903164568 0
6.500295627809797 3.08538089503301 0
6.361397810094299 3.188671234756636 0
6.381789120230678 3.075537899098788 0
11.86425113159956 4.862785793149862 0
6.841566252820406 3.983620156385547 0
6.794379005204645 3.90559012193699 0
6.864491019965731 3.863244358204748 0
6.853028636393068 3.923432257295147 0
2.783792370328653 3.841414024112096 0
2.651786059817524 3.954961147781122 0
2.525572898093259 3.83882494500142 0
2.657579208604387 3.725277821332394 0
2.654682634210955 3.840119484556758 0
8.812649655352024 3.059394923343467 0
8.902528125629058 3.060107980333433 0
10.91740113773283 3.349195022894115 0
10.74738615205662 3.461282808030941 0
10.83239364489473 3.405238915462528 0
11.3598246425797 4.775318628131042 0
11.36741232128985 4.88765931406552 0
7.165512606976339 4.290459178781607 0
7.078296975111488 4.216736466953621 0
7.139077126097078 4.127787963027084 0
7.152294866536709 4.209123570904344 0
17.13891643576263 2.739663290631093 0
17.03777752957367 2.727989622336041 0
17.05002359714698 2.633306327197124 0
17.15116250333594 2.644979995492176 0
17.09447001645481 2.686484808914108 0
4.290894264920627 3.955851314114249 0
4.148694333319018 3.930156452641517 0
4.171417993033069 3.767008280337896 0
4.231156128976848 3.861429797226073 0
13.33284018961226 3.231497328127126 0
13.26280238882472 3.33691634464764 0
13.24621724558203 3.2484504145223 0
6.318363925516798 4.745005999132188 0
6.346681962758399 4.872502999566094 0
2.729775935549551 0.500366541472645 0
2.597708974203292 0.607295566878993 0
2.482609843956441 0.5077515507586796 0
2.614676805302699 0.4008225253523316 0
2.606192889752996 0.5040590461156622 0
19.88421583882898 1.250916652354989 0
19.86906958609235 1.009960622909793 0
19.87664271246067 1.130438637632391 0
8.96918983481989 4.791882071776195 0
9.032370491540053 4.895911538709431 0
8.922094917409945 4.895941035888097 0
5.793858593578318 4.731918192468919 0
5.710924379553326 4.881966551245304 0
5.83442929678916 4.86595909623446 0
16.86756615925164 0.2887226594159893 0
16.94544310700818 0.417936910777807 0
16.77261229999453 0.504493467277169 0
16.82008922962309 0.3966080633465792 0
16.05175005143192 3.951775048017018 0
16.09052285735473 4.056476475829311 0
15.9923869741697 4.095555365936262 0
15.95361416824689 3.990853938123968 0
16.02206851280081 4.02366520697664 0
18.4702875586057 0.5342675058344186 0
18.27843414279428 0.5641026991898728 0
18.43123408367015 0.4024431800804384 0
18.35483411323222 0.4832729396351558 0
13.05393174010548 3.065908750988743 0
4.599297684381446 3.091371493883102 0
16.82041577066425 2.971767566558018 0
16.65301336988163 2.922425600374201 0
16.70205857114273 2.768380526538829 0
16.86946097192534 2.817722492722647 0
16.76123717090349 2.870074046548424 0
4.294178443975743 4.087647062592948 0
4.397978141417402 3.966168678179149 0
4.401262320472519 4.097964426657848 0
4.346078292696572 4.026907870386048 0
19.78404755696045 2.175435379734532 0
19.67796592236708 2.196731057477621 0
13.835990930693 3.172126503088838 0
13.80660928785769 3.067265533264889 0
17.19452640511537 2.512847493217388 0
17.23510782968639 2.605880494123848 0
17.11058107876492 2.551946994585715 0
17.17284445422565 2.578913744354781 0
13.61624548654473 4.865232127601445 0
15.24281463197733 4.892382880786102 0
15.31070823022252 4.793132352339118 0
15.34285411511126 4.896566176169559 0
16.67684450385383 2.545816910856852 0
16.68945153749828 2.65709871869784 0
2.022910396401754 3.371391545198409 0
2.154200242290061 3.249990046584836 0
2.281585906277456 3.361911864034834 0
2.150296060389149 3.483313362648407 0
2.152248151339606 3.366651704616621 0
17.28610501649326 1.693357098772211 0
17.38778959999138 1.820924399591377 0
17.26807305826922 1.920901510289808 0
17.1663884747711 1.793334209470642 0
17.27708903738124 1.80712930453101 0
18.00522067352398 3.446519490736308 0
17.83249543212422 3.290295054228955 0
17.97778846490022 3.127735993983346 0
18.15051370629999 3.283960430490699 0
17.9915045692121 3.287127742359827 0
15.85712950574791 4.08736965727057 0
15.7857846080843 4.009132908714705 0
15.88226927058328 3.912617189568101 0
15.8696993881656 3.999993423419336 0
14.62398914701466 4.784625733066827 0
14.74410116217166 4.890832734352013 0
14.62449457350733 4.892312866533413 0
4.403578555005902 3.465771906513369 0
4.260956556984123 3.382927749257213 0
4.371141087274879 3.361617784995244 0
6.038661602401874 3.058836921532704 0
6.131281402869757 3.16212726125633 0
6.150972107526716 3.062265912348636 0
11.36846768217153 3.159087107345115 0
11.456900250919 3.05879061087236 0
11.34688853107819 3.060745835393028 0
7.011428415993441 3.068740551955786 0
6.949096737888685 3.160085269232067 0
6.802883988629062 3.053749280717223 0
6.907156202311251 3.061244916336504 0
16.87355512846596 4.595284358840235 0
16.75349525836216 4.554242434821878 0
16.81130119276183 4.394230713896711 0
16.84242816061389 4.494757536368473 0
10.96381648141137 3.219255088283601 0
10.91402869096556 3.090829825862271 0
3.58078297578301 1.863601564926482 0
3.714095016479456 1.938182644168559 0
3.632696126889462 2.054988219381345 0
3.499384086193015 1.980407140139268 0
3.606739551336236 1.959294892153914 0
18.04268895724645 2.800711463891312 0
18.17293221247044 2.977166925505855 0
17.84754520967623 2.951280532368802 0
18.01023871107333 2.964223728937329 0
4.492345647846625 3.560474749156964 0
4.292334531900999 3.578145306833044 0
4.392340089873812 3.569310027995004 0
16.17843421736394 3.892849753999754 0
15.98788164712658 3.814630670119505 0
16.08315793224526 3.85374021205963 0
19.41771096952846 1.342070661091959 0
19.25786780318895 1.263534511534789 0
19.38217675382918 1.223649225536122 0
6.865812472556898 3.77682157763584 0
6.959741810211974 3.778132927834219 0
6.912116415088852 3.820688643019483 0
18.12832443838198 3.564980800439717 0
18.01105345253006 3.694388200466243 0
17.88794968767206 3.575926890762834 0
18.00813706302702 3.570453845601276 0
6.320399301964493 4.135831430927436 0
6.356354978922885 4.055919120833546 0
6.437315674943093 4.099291879560048 0
6.378857488453793 4.117561655243741 0
18.52630425213039 0.31840522110745 0
18.62955401211516 0.2055049749120199 0
18.63432626802993 0.3990766167769637 0
18.63194014007254 0.3022907958444918 0
9.618939892810696 3.764210613707228 0
9.625527546727804 3.962592042993014 0
9.62223371976925 3.863401328350121 0
10.51918967147815 3.132705475290569 0
10.49454351588615 3.02480016566754 0
10.57644816613267 3.047555019365755 0
15.7713817607911 4.876780387262328 0
15.69582938911125 4.741645147750647 0
15.66041469455563 4.870822573875324 0
16.1695290029424 0.4169904229899535 0
16.14682178413461 0.213408597246981 0
16.27117368002728 0.3321785678644664 0
16.15817539353851 0.3151995101184673 0
16.21736316474203 4.013051646030471 0
16.25985512581106 4.155920289939628 0
16.13301481842377 4.199345119738468 0
16.1751889915829 4.10619838288447 0
3.575806371383344 4.130926292582905 0
3.474293073719991 4.051715040647803 0
3.553570884494898 3.963931422755826 0
3.65508418215825 4.043142674690928 0
3.56468862793912 4.047428857669366 0
12.38643569805443 4.729061877211376 0
12.38071784902721 4.864530938605689 0
2.931060378072432 2.918550158403214 0
2.740089788502777 2.981175847674212 0
2.681089215242765 2.834765571731801 0
2.872059804812421 2.772139882460802 0
2.806074796657599 2.876657865067507 0
1.213510483463502 0.9349775468028154 0
1.058908392307075 0.8411897721788788 0
1.147940802987414 0.7065823993239921 0
1.302542894143841 0.800370173947929 0
1.180725643225458 0.820779973063404 0
3.915224975401079 2.759323880577102 0
3.99153179556837 2.898205519665895 0
3.769989121721336 2.821893295050653 0
3.880760458644853 2.860049407358274 0
3.52436786426966 3.141249409917615 0
3.429737126295858 3.00703218962797 0
3.589400922618569 2.918704001429623 0
3.556884393444115 3.029976705673619 0
15.98438454884532 1.459810524764117 0
15.88602636259346 1.591013492150425 0
15.86205656078879 1.366135839903986 0
15.87404146169112 1.478574666027205 0
16.3365124232725 3.971018741710777 0
16.25747332031823 3.931934247855266 0
6.485653647972528 3.981294907138146 0
6.342167589301279 3.972174979458139 0
6.33625566361313 3.85108544527722 0
6.47974172228438 3.860205372957226 0
6.410954655792829 3.916190176207683 0
3.372041497510699 3.767888630622936 0
3.280394940100336 3.653148349965725 0
3.390123365855542 3.668685950817218 0
11.94932508613599 4.15628820394843 0
12.04075215259238 4.09869796481787 0
3.483731998658938 2.782066612626462 0
3.332529890859362 2.87627462047658 0
3.225507140237356 2.748655911954198 0
3.376709248036931 2.65444790410408 0
3.354619569448147 2.76536126229033 0
17.03774635194466 2.495969946166861 0
17.04388497454582 2.564638136681992 0
1.954655670538829 1.487865358692128 0
2.235729802334619 1.503172331658551 0
2.086349989428161 1.622135457313293 0
2.095192736436724 1.49551884517534 0
4.594559486866927 3.661614062962293 0
4.695724000640929 3.754290533122075 0
4.604817000727788 3.757710889845831 0
3.324845174377177 2.319962782101142 0
3.465850681625415 2.250788387892061 0
3.539941341983907 2.350654353554062 0
3.398935834735669 2.419828747763143 0
3.432393258180542 2.335308567827602 0
3.654180658179595 3.891077256139274 0
3.471911474397993 3.870385802493403 0
3.563046066288795 3.880731529316339 0
15.8099654435167 3.830765306415828 0
15.91557782006001 3.732778786967232 0
15.89892354532164 3.822697988267667 0
17.12527390892048 2.407772368541718 0
17.22542551885583 2.336644740449799 0
17.29467801505072 2.441719865125468 0
17.2099759619856 2.424746116833593 0
6.47124564183941 0.4286722182683436 0
6.324822537596146 0.3247001472687865 0
6.425358631660568 0.2146747891814069 0
6.571781735903833 0.318646860180964 0
6.448302136749989 0.3216735037248752 0
3.254655007561263 2.515952500574759 0
3.520990075211337 2.558324151292464 0
3.3878225413863 2.537138325933612 0
4.747791817793066 4.88721509936379 0
4.861477191514741 4.779262866794179 0
4.988685373721674 4.892047767430388 0
4.86823859575737 4.889631433397089 0
15.77704752305719 3.593757348899509 0
15.7641752104844 3.716256321704511 0
15.8463126715586 3.66326806793337 0
16.33057419927774 2.78489916778339 0
16.22451057403346 2.732643370876761 0
16.28595123633504 2.61167173323427 0
16.30826271780639 2.69828545050883 0
2.707650233097998 2.663332680523166 0
2.515675532238326 2.818197884922516 0
2.542236550093559 2.646764993713882 0
2.611662882668162 2.740765282722841 0
16.00963620494903 4.877318944737792 0
15.89050898287006 4.87704966600006 0
17.27754385829606 0.1370364300190925 0
17.15756803077237 0.3012539445043139 0
17.00502417247631 0.1642175144852214 0
17.14128401538618 0.1506269722521569 0
17.14077972235208 2.22243456831592 0
17.24939516996243 2.136336104546962 0
17.33404096646619 2.250546276680841 0
17.23741034440913 2.236490422498381 0
3.42776665854399 2.096204304665301 0
3.298759613897809 2.030826199953835 0
3.370377041546835 1.915029035427803 0
3.399071850045413 2.005616670046551 0
17.04058130410134 2.31855703167673 0
16.9462133475993 2.21415607385393 0
17.04641176585005 2.11803361049312 0
17.04349653497569 2.218295321084925 0
7.348318324258198 4.428445271012678 0
7.26094077000931 4.361954045119815 0
7.330324079281608 4.350566613461797 0
16.95305374712552 2.406754609301873 0
16.76526398758686 2.429143065774674 0
16.85096113265831 2.321833379230917 0
16.85915886735619 2.417948837538274 0
2.27318024657964 3.599932361687098 0
2.138256326900121 3.715410247597475 0
2.01537214070963 3.598791248558784 0
2.144276193644634 3.599361805122941 0
3.358752551436983 2.184159193317681 0
3.534864788732422 2.16283349923968 0
3.446808670084703 2.17349634627868 0
6.178657721288745 0.2205955510106525 0
6.027921291231618 0.1121503999499707 0
6.275736430057128 0.1084451510606819 0
6.151828860644373 0.1102977755053263 0
5.777397752807852 0.4858866642095419 0
5.603088943852357 0.4076422638303452 0
5.668357650009762 0.2728672020030771 0
5.842666458965258 0.3511116023822733 0
5.722877701408807 0.3793769331063093 0
3.552356111010923 4.772547086158841 0
3.711791897996884 4.882023780195826 0
3.588678055505461 4.886273543079421 0
18.90249988839781 2.10607952269549 0
18.79981537993252 2.240715065562748 0
18.67630665856219 2.143084051517692 0
18.77899116702748 2.008448508650434 0
18.78940327348 2.124581787106592 0
15.33348760855293 4.70939651914828 0
12.39254207693201 4.405220109691395 0
12.56900558026107 4.361012264971622 0
12.48077382859654 4.383116187331508 0
16.56567549580871 2.456795433825022 0
16.65409497954174 2.340121588742845 0
16.66546974169778 2.442969249799848 0
16.5017421291235 4.865046942311837 0
16.25323683928891 4.874882955038506 0
16.37997896841241 4.739929897350343 0
16.37748948420621 4.869964948675172 0
2.738129973340101 0.3019229508484784 0
2.497655391133265 0.3000081384680886 0
2.621108559170667 0.2011085639642349 0
2.617892682236683 0.3009655446582835 0
6.524622201603441 0.1062296381207251 0
6.400179315830284 0.1073373945907035 0
17.02969674287969 4.874004378748564 0
16.77370650674818 4.839847677115601 0
16.92840324962787 4.713852055864165 0
16.90170162481393 4.856926027932083 0
16.73754198677533 0.1245051449307675 0
16.87128307962582 0.1443613297079942 0
15.66386449309126 0.2258125559570781 0
15.51879263781374 0.113109819157307 0
15.77007185527752 0.1127027367997711 0
15.64443224654563 0.112906277978539 0
1.908187782412275 2.153713372564583 0
2.021283050615274 2.065929810624237 0
2.113824105542177 2.160525251288408 0
2.000728837339178 2.248308813228755 0
2.011005943977226 2.157119311926496 0
3.796949248967064 4.748698400637968 0
3.96015735097018 4.866674620442143 0
3.835974624483532 4.874349200318984 0
17.75725857916893 3.843701513071169 0
17.71678936170377 3.994310186712532 0
17.57120133483218 3.965207620586104 0
17.61167055229734 3.81459894694474 0
17.66422995700055 3.904454566828636 0
3.099432910559189 2.096807462041513 0
3.162949563572562 1.973294822822982 0
3.235242960884436 2.154338839172366 0
3.199096262228499 2.063816830997674 0
1.213713759248886 3.185065205848787 0
1.303453971956603 3.118927538567172 0
1.364014903021085 3.191924510403348 0
1.274274690313367 3.258062177684963 0
1.288864331134985 3.188494858126067 0
17.88196009023952 2.248450197743382 0
17.78769002347058 2.118556802734951 0
17.91214652819354 2.022241430079474 0
18.00641659496248 2.152134825087906 0
17.89705330921653 2.135345813911429 0
8.040494543604005 4.098385001773938 0
7.956256700322736 4.011625102752333 0
8.119453172038213 4.016784616108963 0
8.037854936180475 4.014204859430649 0
17.68214312047053 0.2479068158012256 0
17.52823719024013 0.12621182170657 0
17.7789059302304 0.1216949940946561 0
17.65357156023526 0.123953407900613 0
2.384118493622116 4.196476138453805 0
2.248801412173274 4.076839563865784 0
2.388439377240756 3.954815141458569 0
2.5237564586896 4.074451716046589 0
2.386278935431436 4.075645639956187 0
17.3519901137116 4.120698365872959 0
17.40411261481743 3.930560889924558 0
17.51907883372635 4.155345096534504 0
17.46159572427189 4.042952993229531 0
4.358215504812641 0.2183807796779531 0
4.241561827949899 0.1084245325057456 0
4.491653676862742 0.1099562471722071 0
4.36660775240632 0.1091903898389761 0
3.201335583824631 2.290142427955827 0
3.280044067630808 2.237150810636754 0
16.27779511310283 3.253052240802282 0
16.27166566611026 3.420402530392426 0
16.19032561510528 3.339344225971863 0
3.65751797413201 2.250068569084452 0
3.645107050510735 2.152528394232899 0
16.13143652211897 4.87610094988815 0
1.834608960505985 2.646306220613326 0
1.713060343294854 2.566520726381775 0
1.807925024046305 2.452720953750918 0
1.929473641257436 2.532506447982468 0
1.821266992276144 2.549513587182122 0
6.259497109889124 4.056412597536758 0
6.245309720267518 3.97266845616135 0
6.300832349595202 4.014293788497449 0
15.98920336275112 4.207585245234471 0
15.85394589432933 4.199399536568779 0
15.92316643424952 4.14747745125252 0
17.4598678451104 3.766733324953726 0
17.51731624988875 3.603772773137789 0
17.6691189570757 3.651638395128803 0
17.56449340109305 3.709185860041265 0
1.443255265277262 1.962222476735867 0
1.562791281010677 1.84580430409253 0
1.684169448330042 1.949749089957712 0
1.564633432596626 2.066167262601049 0
1.563712356803652 1.95598578334679 0
3.148985558787148 3.747841898938995 0
3.044383812546883 3.630364723873148 0
3.16238937632361 3.641756536919436 0
16.65044863587168 4.704894619427437 0
16.63772431793584 4.852447309713718 0
5.779864027422065 0.1217308796607868 0
5.513493622587697 0.1511363223422899 0
5.646678825004882 0.1364336010015386 0
19.89202377848023 2.150217689867266 0
3.360969603923429 3.958734491194868 0
3.261099627036136 3.8562373193244 0
3.366505550717065 3.863311560908901 0
2.37758777284225 0.2021714970907929 0
2.252930412097653 0.1017123069710628 0
2.499657360744597 0.10045919011973 0
2.376293886421124 0.1010857485453962 0
17.41444657782656 2.376615277690497 0
17.45374205891327 2.168711125914724 0
17.53414767027365 2.294780126924379 0
17.43409431836992 2.27266320180261 0
0.2416793787762117 2.09286100156441 0
0.1222769937814991 2.231901381681087 0
0.1194023849947143 1.985959619883323 0
0.1208396893881059 2.108930500782205 0
6.961719023643903 0.4149049222505363 0
6.817981638615674 0.3132972086253609 0
6.919696997343552 0.2078548511829661 0
7.063434382371781 0.309462564808141 0
6.940708010493728 0.3113798867167512 0
2.541261127833269 4.310707181482263 0
2.390907751076467 4.46051910180454 0
2.233765116865314 4.346288058776082 0
2.387513122349292 4.328497620129172 0
18.27331885400424 3.451419399178246 0
18.3794321619017 3.600631139813819 0
18.23443774627944 3.71419254107529 0
18.25387830014184 3.582805970126768 0
18.33376298128218 2.535932791161557 0
18.46767574735237 2.672941742222326 0
18.32981983574302 2.816594623758591 0
18.19590706967283 2.679585672697821 0
18.3317914085126 2.676263707460074 0
13.53029805390055 3.873104951697992 0
13.68318852296106 3.877144385476236 0
13.68070413936002 4.014293918146993 0
13.52781367029952 4.010254484368749 0
13.60550109663029 3.943699434922492 0
18.33786072781541 3.145002318317605 0
18.46066587551966 3.312461287005152 0
18.30558979090982 3.298210858747925 0
0.9060781133638933 2.840979613492656 0
0.7530039985625265 2.738948120942851 0
0.8479135635374817 2.621689588885305 0
1.000987678338848 2.72372108143511 0
0.8769958384506875 2.73133460118898 0
15.16054843079886 0.2172707490468797 0
15.01828037047484 0.1078325874690664 0
15.26726806032402 0.1094381615778133 0
15.14277421539943 0.1086353745234399 0
5.471123170021731 4.889376965669716 0
5.557047549575057 4.77134351691502 0
5.591023774787529 4.88567175845751 0
17.43078104853619 0.2632482517256625 0
17.40289052426809 0.1316241258628312 0
2.726629897113797 2.54972179795393 0
2.84091848504786 2.562033306790373 0
2.821938821032061 2.675644189359609 0
2.774284359072929 2.612682993656769 0
1.558844825781026 3.183202201012393 0
1.666522635960501 3.076534135458843 0
1.779007115417649 3.168348971160565 0
1.671329305238174 3.275017036714114 0
1.668925970599336 3.175775586086479 0
1.693511215565344 2.366901565454913 0
1.795045314441296 2.258645250056642 0
1.909459122922257 2.344464638352647 0
1.801485169243801 2.35568310190378 0
18.49474835108799 2.984430016570341 0
18.33384028177921 2.980798471038098 0
2.918136414458186 4.171861531254093 0
2.7879099841168 4.066038573560106 0
2.904965139727173 3.954160098482588 0
3.035191570068559 4.059983056176575 0
2.911550777092678 4.06301081486834 0
3.132381130227041 2.633506959673266 0
3.010932880468669 2.536508466124299 0
3.133206757802891 2.418954007025791 0
3.132793944014966 2.526230483349529 0
15.00587695474449 0.8740909741906144 0
14.86319745729427 0.7615588346309745 0
14.97911673312301 0.6483890850668677 0
15.12179623057323 0.7609212246265076 0
14.99249684393375 0.7612400296287409 0
2.96804695111569 2.354995193937015 0
3.03617577713743 2.22618361486705 0
3.08469126747016 2.322568810946421 0
7.021514766660649 0.1033085245815784 0
6.773182230682903 0.1045463266013873 0
6.897348498671776 0.1039274255914835 0
15.41106069813776 0.2225479807351203 0
15.39303034906888 0.1112739903675601 0
16.11676674358088 1.151252101026363 0
16.22958527342384 1.285898808969876 0
16.10317338997185 1.386254033530679 0
15.99035486012889 1.251607325587167 0
16.10997006677636 1.268753067278521 0
4.754477967962948 1.919870511399028 0
4.889035473363622 1.802863543439149 0
5.010132961602057 1.92058846859918 0
4.882305464782503 1.920229489999104 0
4.608036382449958 0.2221132317370031 0
4.741382705587217 0.1121569845647956 0
4.61651819122498 0.1110566158685016 0
2.746451198426071 0.1006493738445053 0
2.623054279585334 0.1005542819821175 0
17.36333515276159 2.041643758565437 0
17.48326446213406 1.951466912256492 0
17.57367136828574 2.078534279605778 0
17.46850326052367 2.060089019085608 0
5.904778061134963 4.060557927488707 0
5.829603576638818 3.936590851525008 0
5.950025603967761 3.901674944223583 0
6.025200088463906 4.025642020187282 0
5.927401832551362 3.981116435856145 0
19.78219927688674 2.654516388842359 0
19.89109963844337 2.63975819442118 0
1.436024878184217 1.736554405364617 0
1.559546345519347 1.616565362688748 0
1.686312748345809 1.725815261416661 0
1.561168813265013 1.731184833390639 0
14.59888268472072 1.195335776607499 0
14.46343958286585 1.286623493541277 0
14.34907244656244 1.168579663147919 0
14.48451554841732 1.077291946214141 0
14.47397756564158 1.181957719877709 0
2.864318434906285 3.142889110119898 0
2.698339870111042 3.249549240182997 0
2.574111223707533 3.087835977737311 0
2.719214829306908 3.115362543928605 0
17.93237250978887 0.2363894371119639 0
18.02846657955847 0.1146944430173082 0
17.90368625489443 0.1181947185559826 0
19.24265522059298 4.658629846721592 0
19.11946116589184 4.769412892616112 0
19.00855836142549 4.643224910518534 0
19.13175241612662 4.532441864624015 0
19.12560679100923 4.650927378620063 0
17.6636666630185 2.209193938701258 0
17.69769472873782 1.987897143639471 0
17.68068069587816 2.098545541170365 0
18.88121811249164 4.758920397559566 0
18.88724007638309 4.637721255094148 0
17.98758236493952 3.873952712692705 0
17.91335852212913 3.768080389815098 0
18.08527729534045 3.800260523343851 0
17.99931790873479 3.784170456579474 0
14.91165228621772 0.2152298868600231 0
14.76837191574289 0.1073972993909567 0
14.89332614310886 0.1076149434300118 0
10.45334216659954 3.851226102245923 0
10.37015177184579 3.951707050084275 0
10.37109569594211 3.761256058468762 0
10.37062373389395 3.856481554276519 0
2.135287722309041 0.2012531628896146 0
2.007357310211388 0.09954085591855177 0
2.13014386115452 0.1006265814448075 0
7.795411322913452 4.390674138082359 0
7.773192928177017 4.215034502257692 0
7.874591261909611 4.293877323040348 0
7.784302125545235 4.302854320170026 0
5.109642997714589 0.2430344507264515 0
4.99131558290762 0.1172917765794557 0
5.24332741480697 0.1257426741469958 0
5.117321498857295 0.1215172253632257 0
3.134124419392992 1.14812239775236 0
3.275890471681777 1.044736154985414 0
3.391085189661704 1.164139434477712 0
3.24931913737292 1.267525677244657 0
3.262604804527349 1.156130916115036 0
10.90879032675225 4.537571573847034 0
10.8650602883522 4.654487219618972 0
17.039163828023 2.407263488921795 0
19.15846601317793 3.36535694205113 0
18.99644958293472 3.344868526694788 0
19.02752703331451 3.207548432513345 0
19.18954346355772 3.228036847869688 0
19.09299652324622 3.286452687282238 0
16.42257076820258 3.923594986498586 0
16.46848506659063 4.01260409562769 0
16.38242672166056 4.060027850839882 0
16.40249874493156 3.991811418669234 0
6.672804432286345 0.2107759647221119 0
6.716958942233163 0.4211681040842126 0
6.694881687259753 0.3159720344031625 0
13.98209537513843 1.045927365488636 0
13.85529050974617 0.9380537515930398 0
13.97818158598903 0.8389366537007463 0
14.10498645138128 0.9468102675963421 0
13.98013848056373 0.942432009594691 0
9.227657527824672 3.200768215398646 0
9.294363038516236 3.070716965427661 0
9.195565503322161 3.081586389419793 0
0.253394394051039 3.331630227743991 0
0.1289503441305193 3.473969959118865 0
0.1244440499205197 3.232660268625126 0
0.1266971970255195 3.353315113871995 0
5.932785318653684 0.233881279610757 0
6.080718712097659 0.3325490268318898 0
5.990599852409233 0.4497793496034062 0
5.961692585531459 0.3418303146070816 0
1.883975504755306 3.709833178897686 0
1.767331062456318 3.595907126580957 0
1.898727698410642 3.484865196242055 0
1.891351601582974 3.59734918756987 0
17.35143864089418 3.560023586260059 0
17.56917480190933 3.430111322089671 0
17.46030672140176 3.495067454174865 0
14.22873165587999 0.8481512785739342 0
14.09640561543125 0.7377096818642941 0
14.21520359837019 0.6358431303458274 0
14.34752963881892 0.7462847270554676 0
14.22196762712509 0.741997204459881 0
19.88644618739709 3.127228926691428 0
4.502608139774225 1.928076297289098 0
4.631482580501576 1.810351372129067 0
4.628543053868586 1.923973404344063 0
17.86210106108764 3.885685952286829 0
17.99137292972914 3.987690938442585 0
17.86589162587726 3.999424178036708 0
17.92673699540839 3.936688445364707 0
5.2269144169976 0.3795805429041454 0
5.087856693080541 0.4818254557563755 0
4.97058527379753 0.3452793635786811 0
5.098749845397565 0.3624299532414135 0
2.626419542654475 1.908550675087949 0
2.489851621386796 1.798480822503103 0
2.629543228405664 1.66196850862451 0
2.766111149673343 1.772038361209355 0
2.627981385530069 1.785259591856229 0
16.99738384856336 2.854609492004623 0
16.95361925074951 2.772856057529344 0
14.21944606976027 1.263094922420904 0
14.10196015346904 1.15278803593221 0
14.23158653027121 1.058272776659225 0
14.22551630001574 1.160683849540064 0
1.299817809657879 3.567264664104946 0
1.156986499181986 3.650711220974177 0
1.076760555235914 3.522066830111345 0
1.219591865711806 3.438620273242113 0
1.188289182446894 3.544665747108145 0
0.1386457939234162 3.713269837727865 0
0.1337980690269678 3.593619898423365 0
5.26251925536916 1.925427159512767 0
5.147104831804048 1.808420191552888 0
5.136326108485608 1.923007814055973 0
19.88797502948172 1.353057690039188 0
0.6487446222905771 4.68745195092651 0
0.542802841001933 4.77504044768447 0
0.4613497009278245 4.660589166787114 0
0.5550471616092008 4.674020558856812 0
17.52347508826893 4.310672314011827 0
17.60292072781041 4.465895185004021 0
17.37575042781777 4.391945989334763 0
17.48933557781409 4.428920587169392 0
12.18652371779517 0.4106615475422188 0
12.04693444700207 0.3079400778959158 0
12.15779198708404 0.2054246669947588 0
12.29738125787713 0.3081461366410618 0
12.1721578524396 0.3080431072684888 0
0.1461855781761727 0.7487150975211616 0
0.26480893202001 0.8809545748156422 0
0.1186233538438373 1.007239477294481 0
0.132404466010005 0.8779772874078211 0
12.93735976386714 0.4122050096292504 0
12.79753220656954 0.308868009695749 0
12.90822669627066 0.2062060426867274 0
13.04805425356825 0.3095430426202288 0
12.9227932300689 0.3092055261579891 0
5.510947203359823 1.928934072328765 0
5.642155689903991 1.821696058162972 0
5.756699729642909 1.930357422393266 0
5.633823466501366 1.929645747361015 0
13.97404522370131 1.249685872829894 0
13.8541804453707 1.14282520238632 0
13.97807029941987 1.147806619159265 0
17.70072476223337 4.136361806145199 0
17.70512101677595 4.291689023622522 0
17.61209992525115 4.223517060078513 0
11.4361669317164 0.4101304465330289 0
11.29672296268529 0.3075847722173402 0
11.40760592597672 0.2051505826072084 0
11.54704989500783 0.3076962569228971 0
11.42188642884656 0.3076405145701187 0
12.26656055695289 0.1027504521850258 0
12.01623143013115 0.102674214809733 0
12.14139599354202 0.1027123334973794 0
1.779317955744016 3.378506064974653 0
1.659431612458699 3.482647019714946 0
1.551442961952858 3.379157991454408 0
1.665380458848439 3.37883202821453 0
13.01679181521176 0.1032172604590675 0
12.7664348810589 0.1029887822276598 0
12.89161334813533 0.1031030213433639 0
2.426716712072638 2.96901162537393 0
2.240423649214565 2.888378299155018 0
2.329382469380252 2.737564558703604 0
2.378049590726445 2.853288092038767 0
12.65788415241375 0.2058300345198134 0
12.51644927135485 0.102841252292154 0
12.64144207620688 0.1029150172599067 0
11.90751909410905 0.2053035500908775 0
11.76628766397791 0.1026293352811445 0
11.89125954705453 0.1026517750454388 0
13.76701822688026 0.1046452700336697 0
13.6586344090297 0.2086728512111566 0
13.51661618214944 0.1040275811774869 0
13.64181720451485 0.1043364256055783 0
13.40828162312301 0.2075769403377326 0
13.26666544097358 0.1035493591602457 0
13.39164081156151 0.1037884701688663 0
0.7854021835153944 1.221172875962203 0
0.66008878103192 1.126966774879632 0
0.753576552648795 1.005674255649681 0
0.8788899551322693 1.099880356732252 0
0.7694893680820947 1.113423565805942 0
11.51644694034164 0.1025980386656924 0
11.26615898563508 0.1025525439415165 0
11.39130296298836 0.1025752913036042 0
19.10112800082635 0.2297323297722444 0
18.9882751532576 0.1114431399012905 0
19.23785284756875 0.1182891898709535 0
19.11306400041317 0.1148661648861218 0
19.86460405656062 0.8830714677745903 0
0.975196722400927 0.2444832682968485 0
0.9250983612004635 0.1222416341484243 0
0.7755262989525349 4.6433330261231 0
0.8134177623335574 4.843729714477816 0
0.6866360856715996 4.887848639281225 0
0.7310811923120664 4.765590832702163 0
11.15740637182389 0.2050762855158013 0
11.01624738618882 0.1025237415742843 0
11.14120318591195 0.1025381427579006 0
7.414902027553191 0.204627520939729 0
7.556112965609421 0.3061731757122361 0
7.451230690877425 0.408755182070653 0
7.310019752821195 0.3072095272981463 0
7.433066359215308 0.306691351505191 0
2.261204678869685 3.835766808020038 0
2.122858495315013 3.949851758796906 0
1.999910143345449 3.829495198374342 0
2.130557411107567 3.83263100319719 0
10.65758549886004 0.2049534212045385 0
10.79699828122728 0.3074080128548342 0
10.68612839811195 0.4097575316793627 0
10.54671561574471 0.3073029400290674 0
10.671856948486 0.307355476441951 0
19.49078680791101 0.1217300830125794 0
19.36431982773988 0.1200096364417664 0
19.24278256353802 4.887762647774158 0
19.00167860235382 4.881650244841953 0
19.12223058294592 4.884706446308055 0
8.160022791195383 0.2039580536519292 0
8.299657547216766 0.3059598567037876 0
8.191431408223696 0.4078099685649312 0
8.051796652202315 0.3058081655130729 0
8.17572709970954 0.30588401110843 0
8.908023318137342 0.2043458856358917 0
9.047236031379732 0.3065653116027893 0
8.937525882950631 0.4086127481175446 0
8.798313169708241 0.3063933221506474 0
8.922774600543987 0.3064793168767181 0
18.75453951013782 4.877270152717612 0
18.87810905624582 4.879460198779783 0
19.87917168107489 3.882466315156491 0
0.3079035996234971 3.781472451328954 0
0.1692578057000809 3.943202613601089 0
0.1539517998117486 3.828236225664477 0
1.109841271411774 3.204676088311436 0
1.095712180459145 3.099014869267283 0
1.199584668296261 3.079403986804635 0
1.154712969854016 3.142040037558036 0
0.1188912805589446 4.065824259098399 0
0.2573293476632319 4.021954051360836 0
6.261144636807959 1.896390117505764 0
6.413828365869858 1.776608566479533 0
6.528090759057998 1.917813885532828 0
6.394617697932978 1.907102001519295 0
0.1175741489301796 0.4836834010426028 0
0.1318798635531753 0.6161992492818822 0
14.50364930267444 1.942259174204237 0
14.62602066951088 1.844424382379471 0
14.74685205270348 1.939760644734293 0
14.62525067768896 1.941009909469265 0
0.4811667553303351 4.887191808403244 0
0.5839014205009683 4.887520223842236 0
6.000807924145569 1.925890497517913 0
5.882044481723951 1.81865248335212 0
5.87875382689424 1.928123959955589 0
10.40741058848264 0.2048804037037453 0
10.26625470897381 0.1024251064493793 0
10.51615587950882 0.102455297254366 0
10.39120529424132 0.1024402018518726 0
10.43613368741294 0.4096319982701564 0
10.29682866015087 0.3072094619448338 0
10.42177213794779 0.3072562009869504 0
13.7326886883386 1.037882673858201 0
13.60424388478153 0.9322091377190098 0
13.7268457061891 0.8323802154538491 0
13.72976719726385 0.9351314446560248 0
6.226883528405059 0.4366536230900242 0
6.202770624846902 0.3286245870503377 0
9.343595890834287 1.326541941164767 0
9.476538274933553 1.225024661429482 0
9.592662924638027 1.326832785075273 0
9.459720540538759 1.428350064810558 0
9.468129407736157 1.32668736312002 0
10.09280045147658 1.327332492055305 0
10.22582577765937 1.225820428490076 0
10.34209648546929 1.327518203565673 0
10.2090711592865 1.429030267130903 0
10.21744846847293 1.327425347810489 0
10.84251858442888 1.32792124136737 0
10.97558756824779 1.226448256698685 0
11.09195885190817 1.328086446821908 0
10.95888986808926 1.429559431490593 0
10.96723871816852 1.328003844094639 0
8.597003767526992 1.325022413682738 0
8.72951899528425 1.223602385840111 0
8.844808472423271 1.325653793787924 0
8.712293244666013 1.427073821630551 0
8.720906119975131 1.325338103735331 0
10.76642961935122 0.102498123950173 0
10.64129274943002 0.1024767106022697 0
12.40800982830774 0.2055917044771793 0
12.54739701259316 0.3084274409286292 0
12.43676844216255 0.4109818730925117 0
12.42238913523515 0.3082867887848457 0
13.15845725618533 0.2067666196193132 0
13.29800514648495 0.3105421122532741 0
13.18760214386787 0.4133185352541897 0
13.1730297000266 0.3100425774367515 0
7.768380847233974 0.1019720669031563 0
7.66257069041128 0.2040955902403105 0
7.519189843177306 0.1021235233371538 0
7.643785345205639 0.1020477951201553 0
8.516743000557966 0.1020683664162627 0
8.408766638099223 0.2040673575199845 0
8.267023637541255 0.1019989911037213 0
8.391883319049612 0.1020336787599927 0
7.85829520603289 1.321366429141427 0
7.989666816467824 1.220454959697069 0
8.102599407569942 1.322982564779259 0
7.971227797135009 1.423894034223617 0
7.980447306801416 1.322174496960343 0
9.686699129321507 0.4092226245010369 0
9.547666343761035 0.3068958817644534 0
9.657968505250874 0.204673394424594 0
9.797001290811346 0.307000137161177 0
9.672333817286191 0.3069480094628156 0
11.65773460431955 0.2052273739468364 0
11.79692633340187 0.3078016247673938 0
11.68624162409015 0.4102705077434541 0
11.67198811420485 0.307748940845145 0
9.266240693292406 0.1022578624732713 0
9.157445873767221 0.2044562292001588 0
9.016205180474817 0.1021983667268875 0
9.141222936883612 0.1022281146000794 0
9.907843189098305 0.2047512194148249 0
10.04702735270692 0.3071128926083357 0
9.936185454419963 0.4093618103546879 0
9.922014321759134 0.3070565148847564 0
13.59300131022759 1.338999107413059 0
13.72660184556659 1.241348175293832 0
13.84144843016451 1.345036300261442 0
13.70784789482551 1.442687232380669 0
13.71722487019605 1.34201770383725 0
13.09440901345879 1.332583378792083 0
13.22790633845583 1.232628634642588 0
13.34406730272638 1.335079111601286 0
13.21056997772934 1.43503385575078 0
13.21923815809259 1.333831245196684 0
12.84351202654462 1.331007092358895 0
12.97758874966825 1.230472401364638 0
12.96033229033516 1.433118069786339 0
12.9689605200017 1.331795235575489 0
12.34324913310093 1.329414739612914 0
12.476644287414 1.228274522018024 0
12.59334142641981 1.330025765788146 0
12.45994627210674 1.431165983383037 0
12.46829527976037 1.32972025270053 0
12.09240495847343 1.328989076982564 0
12.22623264951351 1.22773022584435 0
12.20942144206086 1.430673590751128 0
12.21782704578718 1.329201908297739 0
11.59272295239952 1.328500863523861 0
11.72583722661635 1.227091990490893 0
11.84247657115494 1.328712005710982 0
11.70936229693811 1.430120878743951 0
11.71759976177723 1.328606434617422 0
11.22559096170398 1.226651275191385 0
11.34229155327301 1.328287049424516 0
11.2086594434772 1.429722221055039 0
11.21712520259059 1.328186748123212 0
10.47566596780195 1.226035865410395 0
10.59227734210839 1.327721750781113 0
10.45870785977572 1.429204088936391 0
10.46718691378884 1.327619977173393 0
0.1162536343198433 4.272910554114128 0
0.1175724574393939 4.169367406606264 0
9.726206742863106 1.225327925923247 0
9.842698789454477 1.32709868040868 0
9.709154971229399 1.428603539560705 0
9.717680857046252 1.326965732741976 0
8.978010981647829 1.224194956999518 0
9.093984238967783 1.326151359090123 0
8.960781729743225 1.427610195878529 0
8.969396355695526 1.325902576439024 0
8.234973802018636 1.22180747886047 0
8.349219416267672 1.324153730213145 0
8.216845021818978 1.425328816131934 0
8.225909411918806 1.323568147496202 0
13.45939096451946 1.43804841678677 0
13.47767764843451 1.236029802227575 0
13.46853430647698 1.337039109507172 0
12.7097705493831 1.431911817996863 0
12.72708290358133 1.229121040150178 0
12.71842672648221 1.330516429073521 0
11.95894213351608 1.430338757155392 0
11.9759393961123 1.227362325538154 0
11.96744076481419 1.328850541346773 0
9.210477693748723 1.428036209265637 0
9.227102436053347 1.224657090989253 0
9.218790064901034 1.326346650127445 0
11.45928728674878 1.429924157605534 0
11.47572721892375 1.226863755342843 0
11.46750725283627 1.328393956474189 0
10.70916581713816 1.429397764672468 0
10.72563010939911 1.226245227476015 0
10.71739796326863 1.327821496074242 0
9.959471253953462 1.428841999230868 0
9.976027986977595 1.225589173233117 0
9.967749620465529 1.327215586231993 0
8.481759058376916 1.222828327335061 0
8.464464125417749 1.426347816560823 0
8.473111591897332 1.324588071947942 0
5.381821037394666 0.2768789964892857 0
5.378410518697335 0.1384394982446429 0
5.903892659326842 0.1169406398053789 0
6.648902216143172 0.105387982361056 0
7.270712184375886 0.1025039976025752 0
7.394951013776596 0.1023137604698645 0
8.017999153654127 0.1019590625482083 0
8.142511395597692 0.1019790268259646 0
8.766818137662527 0.1021475189090042 0
8.891511659068671 0.1021729428179459 0
9.516595769678135 0.1023187164285053 0
9.766372735572739 0.1023546779960887 0
9.641484252625437 0.102336697212297 0
10.90767700554004 0.2050218655244578 0
10.89133850277002 0.1025109327622289 0
11.64136730215977 0.1026136869734184 0
12.39150491415387 0.1027958522385903 0
13.14172862809266 0.1033833098096566 0
14.66154112371711 0.21429535020921 0
14.51816920797422 0.1068980508182533 0
14.64327056185856 0.107147675104605 0
11.0468078352088 0.3074944518792364 0
10.93612911089605 0.4098805992096128 0
10.92190305821804 0.3074512323670353 0
7.944108181809077 0.4076851111388566 0
7.803691530494865 0.3058080750771479 0
7.911380000888102 0.2039311294513642 0
7.92774409134859 0.3058081202951102 0
10.15772516249938 0.2048216478681164 0
10.01647045352557 0.1023965414187367 0
10.14136258124969 0.1024108239340586 0
7.893190000444051 0.1019655647256821 0
8.658561138220493 0.2042158853252674 0
8.641780569110248 0.1021079426626335 0
9.891421594549152 0.1023756097074129 0
9.40783646297054 0.2045765789017766 0
9.39141823148527 0.1022882894508883 0
13.60511008853449 1.136405646765713 0
13.72964526695259 1.139615424576016 0
7.024727191909046 1.930780761489455 0
7.171540512001378 1.826166420310944 0
7.27213613698579 1.932981095380548 0
7.148431664447418 1.931880928435001 0
6.777578500872215 1.926543186831389 0
6.680290300968327 1.806761635805158 0
6.652834629965106 1.922178536182109 0
8.68861600508199 0.4083549722953572 0
8.548863973594244 0.3061775354699776 0
8.673588571651242 0.3062854288103125 0
14.99278795924479 1.935068876593541 0
14.86518739711544 1.837234084768775 0
14.86982000597414 1.937414760663917 0
12.68704506674895 0.4114654161045648 0
12.67246460958135 0.3086477253121886 0
13.43769799573835 0.4149508683260104 0
13.54797447237642 0.3119856964104688 0
13.42298980943068 0.3112639043318715 0
11.93634168629488 0.4104381525724317 0
11.92193039020197 0.3078708513316553 0
9.437178944569105 0.4090599529464582 0
9.29734906377861 0.3067406500837819 0
9.422507703769822 0.3068182659241172 0
10.18613085035841 0.4095007066850536 0
10.17192800642889 0.3071611772765852 0
7.417265272705157 1.829563519407252 0
7.520423881578612 1.934177860585763 0
7.396280009282201 1.933579477983155 0
11.1861244260702 0.4100029385807762 0
11.17176539894704 0.3075396120482883 0
13.35535461642813 1.132254093699404 0
13.48278705652811 1.032629938237542 0
13.48023235248131 1.134329870232558 0
13.10509524131469 1.129590443494545 0
13.232543519287 1.029215902551361 0
13.23022492887141 1.130922268596974 0
12.85445610664936 1.127905849734488 0
12.9819625982958 1.027023891864395 0
12.97977567398203 1.128748146614516 0
12.60396581968133 1.126851270987676 0
12.73133902274937 1.025636080571986 0
12.72921096316535 1.127378560361082 0
12.3535540868082 1.126181909454262 0
12.48087561907553 1.024758658423914 0
12.47875995324477 1.126516590220969 0
12.10309486301268 1.12573733531564 0
12.23041630030738 1.024189018925551 0
12.22832447491044 1.125959622384951 0
11.85292968692848 1.125427459604757 0
11.98008515382886 1.023802469382243 0
11.97801227497058 1.125582397460199 0
11.60287126289713 1.125182817755744 0
11.72996372320925 1.023518286869608 0
11.7279004749128 1.12530513868025 0
11.35266701539741 1.124958903844177 0
11.47981105937079 1.023277966257077 0
11.47776913914727 1.12507086079996 0
11.10263357618721 1.124750535734126 0
11.22970962988065 1.023058164386918 0
11.22765029579231 1.124854719789151 0
10.85271101694702 1.124547074700843 0
10.97975702488644 1.022849353736284 0
10.97767229656711 1.124648805217484 0
9.187139221391121 0.408849732486412 0
9.172292547579172 0.3066529808432854 0
10.60267041515686 1.124334937371364 0
10.72975132270477 1.022636784596192 0
10.72769071605194 1.124441006036103 0
10.35279538722273 1.124120677741024 0
10.47979983457764 1.022419749701993 0
10.4777329011898 1.124227807556194 0
8.439754882711787 0.4080700346537811 0
8.424260760405504 0.306068696086883 0
10.10307175489583 1.123898714193077 0
10.23004136445919 1.022198963444025 0
10.22793357105928 1.12400969596705 0
9.853250709678468 1.123651292046496 0
9.980294477596706 1.021960833006456 0
9.978161232287151 1.123775003119787 0
9.603455500380768 1.12336842240626 0
9.730499467196131 1.021691788529509 0
9.728353105029619 1.123509857226378 0
9.353832773166367 1.12303461629419 0
9.480749998613582 1.021378377270967 0
9.478644136773568 1.123201519350225 0
7.727291238722755 1.421782189778974 0
7.615347698176732 1.319058688006297 0
7.746351665486868 1.21864292736875 0
7.736821452104811 1.320212558573862 0
7.697233805693005 0.4078856605490735 0
7.679902248052143 0.305990625394692 0
7.141133960752448 1.310171790708852 0
7.269559178365078 1.212642442658222 0
7.375523795501696 1.315628686304929 0
7.247098577889065 1.413158034355559 0
7.258328878127072 1.31290023850689 0
9.104453777993578 1.122624914544359 0
9.231184115106599 1.021002439849296 0
9.229143275579972 1.122829765419274 0
8.855813480505873 1.122118869420232 0
8.982256276851622 1.020548826965073 0
8.980133629249726 1.122371891982295 0
8.607609877131981 1.121466496058326 0
8.733904362353604 1.019982979638447 0
8.731711678818927 1.121792682739279 0
14.25939214884873 1.942030117176555 0
14.38853269462191 1.846693854821734 0
14.38152072576158 1.942144645690396 0
5.397947144596028 1.816765795282473 0
5.386733229364491 1.927180615920766 0
6.136517459923216 1.784685178464618 0
6.130976280476764 1.911140307511838 0
15.24257246752491 1.931843812459384 0
15.11768021338485 1.933456344526462 0
6.926954804853589 1.819728511761786 0
6.90115284639063 1.928661974160422 0
8.360298647924559 1.120632797424105 0
8.486149466679624 1.01927096614737 0
8.48395426252827 1.121049646741215 0
8.114188458538255 1.119575206205911 0
8.239513304444179 1.018400524769545 0
8.237243553231409 1.120104001815008 0
7.869687260101221 1.118246333060444 0
7.994208902171653 1.017366579569286 0
7.991937859319739 1.118910769633177 0
13.10412906547827 0.9257246252399454 0
13.22589820820859 0.8247892842699871 0
13.35431266201731 0.9282805615814027 0
13.22922086374779 0.927002593410674 0
9.602466994546058 0.9195888663521179 0
9.723651150480364 0.8177440914398162 0
9.851683623130436 0.919847013617207 0
9.727075308838247 0.9197179399846624 0
9.973362737088152 0.8179916203324096 0
10.10197359155442 0.9201054397216581 0
9.976828607342428 0.9199762266694325 0
14.08657763174712 1.354468320159369 0
13.95398083821032 1.449818747590918 0
13.96401303095582 1.349752310210406 0
7.627554128531717 1.116601107911398 0
7.75088972314607 1.016204513603092 0
7.748620694316469 1.117423720485921 0
7.485042135939921 1.418526364975883 0
7.505829357738508 1.216161009335343 0
7.495435746839213 1.317343687155613 0
7.388698236614571 1.114605861765503 0
7.51042300740778 1.015045960341559 0
7.508126182573144 1.115603484838451 0
17.58958560613075 1.267715306942329 0
17.68137523268632 1.414202923741805 0
17.54275600565425 1.498039178454173 0
17.45096637909868 1.351551561654696 0
17.5661708058925 1.382877242698251 0
7.154663010460166 1.112264254809215 0
7.273802068709659 1.014227673916497 0
7.271680623537368 1.11343505828736 0
5.473311696658921 0.3889590480596805 0
5.318405076261855 0.4916605944745398 0
5.350113056828261 0.384269795481913 0
1.903500653735126 3.265032413931007 0
1.901114176072884 3.374948805086531 0
7.040035848378951 1.207371803662945 0
6.928646866605165 1.109684692852786 0
7.043274028686382 1.014577143999056 0
7.041654938532666 1.110974473831001 0
13.47576949027073 0.8278597610628706 0
13.47927827339942 0.9302448496502063 0
15.58468685309486 1.104952055827542 0
15.73182692202102 1.232647859540294 0
15.45637930915106 1.232803709522196 0
15.59410311558604 1.232725784531245 0
6.822373144791646 1.198429021150173 0
6.717558048624761 1.106947133964248 0
6.82383177043828 1.01820280566686 0
6.823102457614963 1.108315913408517 0
7.167226951036534 0.2058125221841536 0
7.146113475518267 0.1029062610920768 0
6.620868283705855 1.177619781201484 0
6.544771245305127 1.098664959655492 0
6.641461010224033 1.027992312418256 0
6.631164646964944 1.10280604680987 0
18.14412169504028 1.008916837466467 0
18.06355408746336 0.8646929450448244 0
18.20729027964616 0.7970758972422369 0
18.28785788722308 0.9412997896638795 0
18.17570598734322 0.9029963673543517 0
7.206227184156442 0.4108595699221338 0
7.186727067596488 0.3083360460531437 0
14.32789234407988 1.369458563772496 0
14.19502390606673 1.460831961510962 0
14.2072349879135 1.361963441965933 0
13.84520584514825 0.7311683491450189 0
13.96342987459048 0.6299413773085667 0
13.97080573028975 0.7344390155046565 0
17.97576565530413 0.734789632301956 0
17.95426793233668 0.8370673321256619 0
6.369155053433714 1.318968308242654 0
6.29695295337428 1.204347410790818 0
6.42519338961562 1.137065043581454 0
6.497395489675053 1.25168594103329 0
6.397174221524667 1.228016675912054 0
17.34148962251014 0.3990609292661791 0
17.5826328767736 0.3726244336788973 0
17.46206124964187 0.3858426814725382 0
19.14800808174819 2.294798025339411 0
19.24751902383841 2.163168238883254 0
19.26222587176837 2.387006582002343 0
19.25487244780339 2.275087410442798 0
10.53565977481765 3.7611796782786 0
10.61783045159244 3.848262320093366 0
10.53551284337434 3.93830874406069 0
10.53558630909599 3.849744211169645 0
6.163690146617351 1.276834475516067 0
6.082633963082023 1.160047184500408 0
6.215896769838951 1.087560119775159 0
6.189793458228151 1.182197297645613 0
14.35533173476992 0.9596137876368172 0
14.48359399880338 0.8593299434411912 0
14.61277781245077 0.9770081020185153 0
14.48405477361035 0.9683109448276663 0
17.24782899689647 3.885037410649976 0
17.30358422718944 3.721209845679144 0
17.35384842100343 3.825885367801851 0
14.5634442666886 1.395131581152397 0
14.42789702790263 1.477966651383616 0
14.44566830538424 1.382295072462446 0
14.46836768414529 0.6422047610050816 0
14.60443204412974 0.7552499773908052 0
14.47598084147433 0.7507673522231366 0
0.9869719616060859 3.76186605817185 0
1.25770531609527 3.790172767842171 0
1.08769077851937 3.901327605039844 0
1.122338638850678 3.776019413007011 0
2.819839882655405 3.380087742206648 0
2.966077340193692 3.279781803964 0
2.929908482333893 3.510016950586095 0
2.947992911263793 3.394899377275047 0
4.168287199310905 1.681927709795926 0
4.270504402527001 1.745488199903594 0
4.20155471299958 1.835955696436874 0
4.099337509783483 1.772395206329206 0
4.184920956155242 1.7589417031164 0
5.950459375712815 1.240022592923493 0
5.858565445814257 1.125370405479672 0
5.990740033183464 1.045394997056587 0
5.970599704448139 1.14270879499004 0
16.70383853626781 1.543500836673422 0
16.81777771139065 1.4233568302002 0
16.93943469078685 1.543060204129683 0
16.825495515664 1.663204210602905 0
16.82163661352733 1.543280520401553 0
4.857698288494836 0.2294487611442513 0
4.866349144247419 0.1147243805721256 0
17.26880960181906 0.5558036211370365 0
17.08488801008129 0.4579966363751717 0
17.21318881629571 0.428528782820675 0
0.9891680428579477 0.6139652330679142 0
1.067307846091666 0.4789276501867965 0
1.226080606221132 0.5715448164428742 0
1.10762432453954 0.5927550247553945 0
1.116942048564688 4.152655950018439 0
0.9704321123369866 4.033989869834918 0
1.234200714747068 4.019993685223366 0
1.102316413542029 4.026991777529142 0
1.683653166940404 1.490988520711479 0
1.424093159727459 1.505234049667298 0
1.548199981148516 1.379657207690029 0
1.553873163333932 1.498111285189389 0
17.74855260453733 3.501469335292199 0
17.80851604021042 3.726095950599438 0
17.77853432237388 3.613782642945818 0
18.92165205035827 0.7610213230352281 0
19.0781919407925 0.8164300053007492 0
19.01636782981162 0.9625049568422472 0
18.85982793937739 0.9070962745767259 0
18.96900994008494 0.8617631399387378 0
18.70031755309383 0.8612087920407268 0
18.82016454075345 1.034734567559746 0
18.66065415446989 0.988847085023747 0
18.76024104692364 0.9479716798002364 0
1.137566665676307 4.330252713419974 0
1.03236955535791 4.248042245054442 0
1.222139158883083 4.234866418383971 0
1.127254357120496 4.241454331719207 0
1.669230838893501 1.246617933109008 0
1.40137912798421 1.269911523007096 0
1.522409985729198 1.136872248426075 0
1.535304983438856 1.258264728058052 0
19.42460867871802 0.6319021275713621 0
19.59170077075622 0.4954714429904952 0
19.57379387902332 0.6319237577101908 0
0.9110075455525575 1.322319875835599 0
0.8072163488018411 1.44569859321195 0
0.681610986764678 1.344551593338554 0
0.7963092661586177 1.333435734587076 0
5.889488126765166 0.9298243700563615 0
6.020929915809626 0.8467357780278011 0
6.122181822227923 0.962306405028027 0
6.005834974496545 0.9460653875421943 0
5.779453538401256 0.8073101299071288 0
5.764674829007026 1.014167094006474 0
5.654640240643116 0.891652853857241 0
5.772064183704141 0.9107386119568011 0
0.9327902930646026 1.549061558693688 0
1.044403318211344 1.422912132387222 0
1.174311991050541 1.526081907020975 0
1.062698965903799 1.652231333327441 0
1.053551142057572 1.537571732857332 0
18.61913903945189 1.707524194076652 0
18.69944035557418 1.569722626945524 0
18.8301135453931 1.646580769836429 0
18.74981222927082 1.784382336967556 0
18.7246262924225 1.67705248195654 0
5.728995909713795 1.207524914986748 0
5.635105292906564 1.096321603513549 0
5.746835369360411 1.110846004496611 0
0.9158815094772486 0.7510765376406943 0
0.8779038160768344 0.6386263313342317 0
2.276977828687217 0.4733049468905817 0
2.21543523995709 0.5883087199710491 0
2.077218668475012 0.5353889018698572 0
2.13876125720514 0.4203851287893898 0
2.177098248581115 0.5043469243802194 0
3.059258803063679 4.271219313549937 0
2.951393120677225 4.386770903422256 0
2.81027073207173 4.287413121126413 0
2.934764767567705 4.279316217338174 0
2.049554957082991 2.603383403640969 0
2.01299639973185 2.421973288892014 0
2.133077715557405 2.492850244550515 0
2.031275678407422 2.512678346266492 0
18.87476995983391 1.875248561982203 0
18.97849359441724 1.733082278650822 0
19.11132859196554 1.826861921251507 0
19.00760495738221 1.969028204582889 0
18.99304927589973 1.851055241616855 0
1.81862221498691 1.611832837304249 0
1.819686622492323 1.367021042099358 0
1.819154418739616 1.489426939701804 0
2.888563720857276 2.169201413378882 0
2.951820854279034 2.039825260553345 0
2.993998315708232 2.133004437710198 0
3.164035252687506 0.9290346089965151 0
3.302177897273721 0.8304924080729692 0
3.414033116267992 0.9461939540618682 0
3.289034184477749 0.9376142815291917 0
0.9475110441866796 3.117754009746382 0
0.9780484961226197 3.253990990586669 0
0.8352949777264271 3.295511392888919 0
0.8047575257904871 3.159274412048633 0
0.8914030109565534 3.206632701317651 0
17.84982702640686 4.141475797469376 0
17.78330819405532 4.067892992090954 0
1.808866282875329 1.842600328314994 0
1.922398082132286 1.950493884759108 0
1.797701247586998 2.057642646401827 0
1.803283765231164 1.95012148735841 0
19.13116462890061 2.065069083182247 0
19.2393297663073 1.932653095999157 0
19.3556841612451 2.030752251700164 0
19.24342439507285 2.047910667441205 0
0.7464716805441149 2.89434358552526 0
0.6179238397725513 2.750278625155574 0
0.6821977601583331 2.822311105340417 0
17.74740114232011 2.345450491143897 0
17.61788214957526 2.431036679367018 0
17.64077440629688 2.320115309034138 0
0.4098000984244941 2.651384314600639 0
0.6054858286598517 2.617216610224728 0
0.4222381095371937 2.784446329531486 0
0.5138619690985227 2.700831469878107 0
17.82031704888536 1.897623347682186 0
17.93946398591709 1.805790227898204 0
18.03129346522527 1.930408310295493 0
17.92580525705532 1.914015828988839 0
14.2301590930756 0.9532120276165794 0
19.11150973434374 0.6795162334015479 0
19.29352770010503 0.7095839344759249 0
19.18585982044877 0.7630069698883368 0
4.724517230542483 0.3345541396976337 0
4.837404215845178 0.4503847421320635 0
4.847551252170007 0.3399167516381572 0
1.614694724477935 2.685890643690951 0
1.489667921614981 2.604237683914246 0
1.588033540431898 2.484867766605071 0
1.601364132454918 2.585379205148011 0
5.823302604670758 1.321011226505592 0
5.690039127390355 1.406807113889039 0
5.595732432433393 1.293320802370195 0
5.709517518552074 1.307166014437893 0
0.6231122295993217 0.9232492917830968 0
0.8316826527223373 0.8819872942682565 0
0.7273974411608286 0.9026182930256768 0
16.09466482822479 2.104827548561649 0
16.16949837468381 1.97228036996771 0
16.293316931561 2.056487633464266 0
16.21848338510198 2.189034812058205 0
16.19399087989289 2.080657591012957 0
5.489442386702841 1.160401212857954 0
5.427263967214037 1.058008895914148 0
5.572926873417761 0.9939292865697431 0
5.5311846300603 1.077165249713848 0
12.56504063382829 3.908709756304546 0
12.54445287388098 3.721616723751265 0
12.55474675385464 3.815163240027906 0
5.461593360063572 0.922388276577798 0
5.543306727288927 0.8201118438652961 0
5.558116800353345 0.9070205652175196 0
2.103384845333787 4.19200652587018 0
1.977441928475528 4.065018720801302 0
2.113121670324401 4.070929142333543 0
17.73643606750025 1.199735736176442 0
17.94703251122614 1.271140595334902 0
17.81177223360741 1.337348939867177 0
17.8417342893632 1.235438165755672 0
1.021252284246295 0.361705459241823 0
19.39105754407191 4.29211827795578 0
19.27408381052901 4.163470202822028 0
19.39472741092779 4.162747591546253 0
14.74366701061233 0.8696262798237222 0
14.72396249081168 0.6471825321980575 0
14.73381475071201 0.7584044060108899 0
14.29097889570203 4.67466096392402 0
14.17401739293366 4.661184872970184 0
17.50581022783469 1.104110168144932 0
17.65266068920419 1.036130597379046 0
17.62112314766747 1.151922952160687 0
0.5865126778442917 1.697304777337699 0
0.7094084480347185 1.802125913024931 0
0.595766389945906 1.93131310509766 0
0.4728706197554793 1.826491969410428 0
0.5911395338950989 1.814308941217679 0
2.500650816614518 4.67388800916476 0
2.302368647779005 4.599713196082529 0
2.589189919911981 4.534693914886772 0
2.445779283845493 4.56720355548465 0
1.684558779616019 2.162574523893885 0
1.571445722148191 2.278515382263248 0
1.4515203751288 2.182108120970413 0
1.568039577372407 2.172341322432149 0
17.83530855064902 3.805890951443133 0
0.5755761144151919 1.465462238239186 0
0.5625350686716217 1.239394000958774 0
0.5690555915434068 1.35242811959898 0
9.52508419416375 3.666129716509007 0
9.618239000164696 3.563804455138632 0
9.618589446487695 3.66400753442293 0
2.068729951253781 4.456612336012077 0
1.938349679722254 4.302330803106174 0
2.086057398293784 4.324309430941128 0
0.4647934559657187 1.591472295740088 0
0.6972953362937648 1.571294719836797 0
0.5810443961297427 1.581383507788443 0
18.57365355840432 0.8143569933929224 0
18.63223368152619 0.6691665942950911 0
18.7588976762157 0.7160183929428954 0
18.66627561731001 0.7651876931679089 0
19.2582962497062 3.440038369124946 0
19.17465317700096 3.557908195745372 0
19.0748229404727 3.483226768671556 0
19.16655959508945 3.461632568898251 0
17.14691851434372 3.681589157187724 0
17.24917857761895 3.620806371723892 0
19.46018797645402 1.90471450494945 0
19.46177454905699 2.014823786971873 0
18.608500414041 2.785611097622197 0
18.77627993695442 2.888196882792748 0
18.66252787400141 3.087015801740892 0
18.6355141440212 2.936313449681544 0
1.345696597457369 4.137274787952416 0
1.364403767514272 3.912469407538405 0
1.475899650224573 4.029750510267456 0
1.355050182485821 4.02487209774541 0
5.45467604803753 1.384739255088696 0
5.348386002306978 1.251819665576455 0
5.472059217370186 1.272570233973325 0
1.11426507921338 2.569212453726148 0
1.258147751143303 2.653627969852621 0
1.144870350268771 2.808136597561583 0
1.129567714741077 2.688674525643865 0
1.151927106416306 3.329414311297028 0
1.020134331127153 3.37872921357226 0
1.064987801269464 3.291702650941848 0
18.14326994612223 1.832700931102087 0
18.23870797116119 1.948389778373321 0
18.12673149026423 2.046097157566726 0
18.13500071819323 1.939399044334407 0
18.88742231791864 3.420010986918449 0
18.75337466070433 3.533752266685856 0
18.66812173647394 3.423302352517082 0
18.80216939368825 3.309561072749675 0
18.77777202719629 3.421656669717765 0
4.872122288499748 3.764292380032214 0
4.788575505053239 3.85518241339176 0
4.783923144570339 3.759291456577145 0
0.8476022930235843 3.824806004987682 0
0.7697283423566219 3.651177482318245 0
0.9090980109391236 3.588237535502413 0
0.8783501519813548 3.706521770245048 0
17.47846025101839 2.503124307528703 0
17.35869168824254 2.568228894963674 0
17.38656913303456 2.472422086327086 0
0.8345042611693057 1.905502721562556 0
0.8228692805565245 1.674657685318536 0
0.9479650936911135 1.778034493856161 0
0.828686770862916 1.790080203440546 0
1.465968047014744 2.396481583413406 0
1.579739631290042 2.381691574434159 0
3.378210527132856 4.148964746898739 0
3.264887057336294 4.055984197445803 0
3.369590065528143 4.053849619046804 0
5.304369070250426 1.032095424379921 0
5.338698463099961 0.8964748050435714 0
5.382981215156999 0.9772418504788594 0
18.94501060874904 3.78827195636199 0
19.05100916013283 3.913010048624398 0
18.92679913744166 4.029040036428255 0
18.82080058605787 3.904301944165848 0
18.93590487309535 3.908655996395122 0
19.51555896778356 3.647513128175222 0
19.63500205442461 3.511788351945783 0
19.63671019774431 3.640522279162197 0
18.60332805981693 3.243453429528965 0
18.52545955217667 3.49231020999327 0
18.5643938059968 3.367881819761117 0
1.546930312827193 2.994149963740464 0
1.644619282999672 2.881966491276176 0
1.764211606132982 2.964350662994554 0
1.655570959480087 2.979250313367509 0
18.86136920787273 3.153123444961602 0
18.73234863384483 3.198288437245283 0
1.326260292613153 2.085032151120561 0
1.201108206810426 1.9830850908308 0
1.318103179474534 1.860275416446106 0
1.322181736043841 1.972653783783334 0
1.863324186636039 3.939225849949441 0
1.747389548045893 3.819563830472784 0
1.873649845695674 3.824529514423563 0
18.96579567545661 3.558369228895216 0
18.98112262919567 3.451618877795002 0
0.852471786830364 3.444899918963329 0
0.9646161710331391 3.483483374537337 0
1.341939449608866 3.367268139630048 0
1.246933278012587 3.348341225463538 0
0.6329862980721224 3.204797247212419 0
0.7782071438787206 3.015141743914304 0
0.7055967209754215 3.109969495563362 0
4.165157100610484 1.181908112682061 0
4.276034086117986 1.08121106039399 0
4.386111991494388 1.169515350865493 0
4.275235005986888 1.270212403153565 0
4.275634546052435 1.175711731773778 0
4.14835665055623 3.610020711988444 0
4.116978675639354 3.414803154412613 0
4.204656603770176 3.496474230622828 0
8.281826938092783 3.390103439000785 0
8.28875698313113 3.486825789375317 0
18.9223315692913 1.496396465246871 0
19.07071161831544 1.582897974061263 0
18.95041258185427 1.614739371948846 0
3.025173847313116 1.912113871928729 0
3.094234790003073 1.786162285903258 0
3.232010506262517 1.847343236797511 0
3.128592176787817 1.87972855436312 0
1.016447026700583 1.195634783777261 0
1.149842799359368 1.296227040328884 0
1.030425172455963 1.309273458082241 0
19.47442916608889 2.568089145426526 0
19.37205609580971 2.472253690728335 0
19.47234457303061 2.458279803599563 0
18.45426724063826 0.8752945780828019 0
18.52370088380773 1.028684609668469 0
18.35729153039255 1.094689821249546 0
18.4057793855154 0.9849921996661739 0
18.81123234511668 0.5496114966089898 0
18.97398671925925 0.5946144267013225 0
18.86644219773747 0.6553164098221091 0
1.433319207003951 3.470235396139965 0
1.460063204557773 3.27619073494449 0
1.446691205780862 3.373213065542228 0
0.9591764221192332 2.008182754239257 0
1.075191939549141 1.881248016486151 0
1.085092689380518 2.110019828583905 0
1.08014231446483 1.995633922535028 0
19.06354892412012 3.679269549594454 0
18.84725736008552 3.667371635662753 0
18.95540314210282 3.673320592628603 0
18.58379895503994 2.518414948308937 0
18.72462362172857 2.631084303708807 0
18.59614968454047 2.652013022965567 0
0.5477478492611318 1.025865350479734 0
0.5551414589663768 1.132629675719254 0
1.462796524244336 3.098935976471251 0
1.461429864401055 3.18756335570787 0
17.83347647932011 4.284887080750726 0
17.83237447115702 4.395903801398779 0
17.70401900861287 4.402705744270573 0
17.76874774396649 4.343796412510651 0
18.48358608443156 0.674627808747251 0
18.61893515570032 0.5288062913822587 0
18.55126062006595 0.6017170500647548 0
18.31887877067565 3.882606377098443 0
18.16971831973666 3.968674359367003 0
18.20207803300805 3.841433450221147 0
1.873603403559974 4.526523670873201 0
1.720578321410176 4.613603915960373 0
1.63397112071862 4.48826951604991 0
1.786996202868417 4.401189270962738 0
1.753787262139296 4.507396593461555 0
18.7227793065733 0.4743440566929769 0
2.185050323416931 2.678133799457426 0
2.254815733065179 2.546735340990252 0
2.399147879028501 2.60616610023643 0
2.292099101222716 2.642149949846928 0
18.3641997666655 0.7355653934371305 0
18.46892666253491 0.7749611934150265 0
18.1643523123759 1.637340772462027 0
18.24980866652572 1.747692282580468 0
18.05781359197241 1.722349420983646 0
18.15381112924906 1.735020851782057 0
1.739321275582803 2.764601559683387 0
1.519992731894806 2.803255575283739 0
1.629657003738807 2.783928567483563 0
1.796373281014146 2.158143948229234 0
18.22841255848081 2.170014996190017 0
18.10809766317905 2.276052663711196 0
18.11741457672164 2.161074910638961 0
18.41613403268076 1.590741093440581 0
18.4588084348553 1.48465539534507 0
18.55342962906617 1.523971335961109 0
18.51075522689163 1.63005703405662 0
18.48478183087346 1.557356214700845 0
18.54031332019147 1.823045766180069 0
18.4319295076312 1.745578606160037 0
18.52553427354155 1.726551400118344 0
19.09672890069078 1.183288566021384 0
18.93910429653806 1.114480060592224 0
19.0565483652512 1.072896761431816 0
5.104131208178355 1.267013364282429 0
4.997740981981997 1.337226097218484 0
4.930096612585293 1.254786707838882 0
5.03648683878165 1.184573974902828 0
5.017113910381823 1.260900036060656 0
18.082224060977 2.524504565858507 0
17.97549952544091 2.388788261156433 0
18.21482219871514 2.41176896841327 0
18.09516086207802 2.400278614784852 0
1.961807995203365 2.726527305601615 0
1.866520310280183 2.844822644671677 0
1.850564635393084 2.745564432642501 0
1.853455028254402 0.6863785564846827 0
1.889067249728875 0.5013650695584086 0
2.04160644700054 0.7204023887961315 0
1.965336848364707 0.61088372917727 0
18.69634991463629 2.381050510063784 0
18.45769854868159 2.408356046377559 0
18.57024950827793 2.270991608132405 0
18.57702423165894 2.394703278220671 0
3.919408475316462 0.9702168676858807 0
4.052601984152723 0.8634461936478042 0
4.169119125666738 0.9734787085323477 0
4.035925616830475 1.080249382570424 0
4.044263800491599 0.9718477881091139 0
1.907310796885838 0.3835411052426565 0
1.712194912355328 0.4684628245565854 0
1.809752854620584 0.4260019648996209 0
17.84094057752149 2.485788554556948 0
17.86145033388051 2.367119376150165 0
0.8150428146791846 1.560178139265243 0
3.420939420668782 4.345552114165544 0
3.291874409941125 4.256714762684664 0
3.507275537860513 4.237802098379619 0
3.399574973900819 4.247258430532142 0
2.097303361537303 2.801277701418072 0
2.073429159310147 2.702330552529521 0
17.70083511701677 3.360203188159313 0
2.196431504384535 2.380467233603162 0
2.318169521892309 2.434352330042899 0
2.225623618724857 2.463601287296707 0
1.361908163380114 1.033669042475016 0
1.47214858021847 0.8939652026165628 0
1.632650402567553 0.9971684085676227 0
1.497279282973834 1.015418725521319 0
4.96470991814002 1.051165665200992 0
4.795819806705151 1.008236849129439 0
4.844535530047386 0.8799190825916103 0
5.013425641482257 0.9228478986631625 0
4.904622724093704 0.9655423738963009 0
1.637923199532274 3.700749635212777 0
1.530023749534656 3.587489528346766 0
1.648677405995485 3.591698327463861 0
2.907895867860256 2.47549616790672 0
2.943955497656273 2.623045605007952 0
2.925925682758264 2.549270886457336 0
18.33875776611455 2.284192223629272 0
18.33626037369837 2.410062507395414 0
18.62068229186954 3.640713770137676 0
18.47465490159456 3.749034699958226 0
18.50005722688562 3.620672454975748 0
2.398338199722188 3.71977661156289 0
2.393388788481472 3.837295876510729 0
0.7245502198211611 3.470657011716205 0
0.7073734107172243 3.321268485641795 0
0.7799225987737941 3.383084202302562 0
0.9747095355521651 0.972100528806441 0
0.9452955225147051 0.8615885332235675 0
1.396522352188585 3.684518796311746 0
1.414920779596267 3.577377096225856 0
17.14249481738829 2.87252989976099 0
17.12115179514455 3.015293460621285 0
16.97604082631962 2.997373052864917 0
17.05926782185396 2.934951476312954 0
17.17848066673179 1.555391386950146 0
17.05711949083077 1.671557787484669 0
17.06079586668787 1.42689380359516 0
17.05895767875932 1.549225795539915 0
1.189925811761828 1.755444855957432 0
1.068945452726471 1.766739674906796 0
5.236141196621645 1.151944658231752 0
5.081383570123084 1.091249795059198 0
5.149611443751866 0.9714005612073668 0
5.192876320186755 1.061672609719559 0
16.94578818069766 3.15150308873393 0
16.79016312504229 3.125897602427031 0
16.88310197568096 3.061635327645974 0
2.362924355324617 2.311394805200515 0
2.49290377060318 2.348595223563145 0
2.44814893717087 2.47155274840553 0
2.405536646247743 2.391473776803022 0
2.55481579173209 2.052174596103067 0
2.536787887967668 2.215391810777452 0
2.378591068325588 2.204374268593999 0
2.39661897209001 2.041157053919614 0
2.466703430028839 2.128274432348533 0
1.307847510471511 1.631723844875943 0
1.312975344973022 1.745999630661024 0
1.503220803607586 3.80681543600798 0
1.612687152121207 3.925629631267987 0
1.625305175826742 3.813189633240382 0
18.12152465577494 0.6256132029949792 0
18.24286221122022 0.6805892982160548 0
19.28236525462126 3.66917503290362 0
19.39633551627221 3.534459833485697 0
19.39896211120242 3.658344080539421 0
2.680001432704391 2.252270416572763 0
2.636117315339903 2.385473829358456 0
2.586452601653786 2.300432820067954 0
18.34870457591886 1.507429252059304 0
18.3264786775665 1.406444652147848 0
18.43658253650295 1.383670795433614 0
18.3926435562109 1.445550023746459 0
2.156906879783207 1.972837193343535 0
2.331869643094306 1.905839762746217 0
2.221656208778912 2.108154484516931 0
2.276762925936609 2.006997123631574 0
19.17126100174043 3.790536386752701 0
19.16170648317399 4.034728439895689 0
19.16648374245721 3.912632413324196 0
18.71711655114528 1.168939454259176 0
18.58016328048311 1.208776978903897 0
18.6204087174765 1.098812031963822 0
3.620415250008181 1.380789411268948 0
3.496132494594669 1.484453506457659 0
3.380338140317939 1.383024316327604 0
3.504620895731451 1.279360221138893 0
3.500376695163059 1.381906863798276 0
18.71456499125073 3.774333139114574 0
18.73396982597753 3.654042702900215 0
19.17295708937069 3.674222291249037 0
2.831660687473205 2.3025430114597 0
2.736904466088463 2.118928818491945 0
2.784282576780834 2.210735914975823 0
19.00862466142749 1.341361252205142 0
18.7497632147937 1.403720160333383 0
18.83605630692989 1.248684947291654 0
18.8791939381106 1.372540706269262 0
2.203196151211948 1.750918820589117 0
2.361178129504438 1.643559880346004 0
2.346523886299372 1.77469982154611 0
17.39505759144777 2.696152582174919 0
17.27147373289161 2.733804181335093 0
17.31508271056708 2.651016538149384 0
17.30609143033601 1.451673307583219 0
17.19035058728976 1.282257853322818 0
17.33522553605243 1.182136107394295 0
17.32065848319422 1.316904707488757 0
17.54873723572593 2.650940865698171 0
17.6881591342828 2.578853237536486 0
17.58330969265059 2.540988772532594 0
17.59160908728697 2.81065415311976 0
17.4379294430088 2.855865869596508 0
17.49333333936737 2.75340336764734 0
2.562737264690737 0.921967230955651 0
2.626807219107175 1.066659070973518 0
2.436720157502352 1.123185690514907 0
2.499728711096544 1.022576460735279 0
2.422530207431942 3.239703535591842 0
2.275135695797047 3.120879183228463 0
2.42462345975229 3.104357580482887 0
1.29055764030649 1.39959211181233 0
1.299202575389 1.515657978344136 0
19.37344518957131 1.782943423985407 0
19.4804621940945 1.693148334509942 0
19.56720498097721 1.814919415473985 0
19.47032508527426 1.798931419729696 0
16.63083390179741 3.106412851312868 0
16.76390946269521 3.28598887395788 0
16.60458023945033 3.266504122843717 0
16.69737168224631 3.196200862635374 0
15.12702031106619 4.417162194342973 0
15.25304617975728 4.356264847835066 0
15.21846295270839 4.453898913436564 0
19.24544401522955 1.677152249237757 0
19.24238689076843 1.804902672618457 0
9.513623840445065 4.872889196575984 0
9.262528201862406 4.894071271300962 0
9.401152042307469 4.766960467876946 0
9.388076021153735 4.883480233938473 0
18.60375248828569 1.357968869348968 0
18.65159642192993 1.463845748147246 0
18.92779494471267 2.965036466145082 0
19.09395277015444 3.019461453696826 0
18.97766098901359 3.086292449329214 0
1.994904484427915 2.93174521247381 0
1.892595780280713 3.051273230796687 0
1.879558045280447 2.948047937734182 0
16.01368206594559 1.010016307896089 0
16.15003223880105 0.924835389054667 0
16.25311691643634 1.066071182184942 0
16.13339949119096 1.038043745040515 0
16.55443214400626 3.707412831584855 0
16.42367969656251 3.569352443384096 0
16.56436478519795 3.570954970484408 0
16.48905592028439 3.638382637484475 0
17.26360071863051 1.048405239596128 0
17.43418541041277 0.9703793003467651 0
17.3847054732326 1.07625770387053 0
3.307965478375384 1.724660647326661 0
3.446332013659701 1.792346445956953 0
3.339171259961109 1.819844841377232 0
19.14568217337864 2.862449072777468 0
19.29475057102055 2.903675167021956 0
19.24302116779635 3.060687547941314 0
19.1943516705875 2.961568310359391 0
17.27505211451728 2.86667079046499 0
17.20698427513995 2.803167040548042 0
18.41299332870037 1.234478904988543 0
18.50837290849303 1.296223887168756 0
18.65403343646438 1.917582283635788 0
18.76440169814914 1.896415422808995 0
17.09919506514125 4.19465962228861 0
17.18558195723744 4.038613306099569 0
17.26560322161541 4.276744682062 0
17.22559258942643 4.157678994080785 0
2.591237608235929 2.512151641882982 0
2.771509604217771 2.423043985429405 0
2.68137360622685 2.467597813656193 0
2.90934089937368 3.734111518324315 0
2.79486556916069 3.613763745037261 0
2.919624690853786 3.622064234455205 0
4.137550786606051 2.675306618257326 0
4.134580911162207 2.483348110541011 0
4.136065848884129 2.579327364399169 0
2.869778277666731 2.38901958968321 0
16.35048381164408 1.183002308752186 0
16.36476599582688 0.9794353713850792 0
16.46213289103462 1.096366497952323 0
16.35762490373548 1.081218840068632 0
18.86085733483821 2.723323824407065 0
19.01237234259646 2.800163407759399 0
18.89432613977544 2.844180145276073 0
15.86012522136111 1.118119345223475 0
15.71714455312488 0.9494167103497997 0
15.87070139770935 0.8413136730224133 0
15.86541330953523 0.9797165091229441 0
16.38119204683262 1.926180682517555 0
16.22317980945025 1.807949487412853 0
16.32274272771012 1.668918274559449 0
16.48075496509249 1.787149469664151 0
16.35196738727137 1.797549478538502 0
0.937813576698499 2.9617777718817 0
0.842142628621307 2.92806067870348 0
2.808508217010847 1.975304897476828 0
2.88186121004493 1.847593508852211 0
2.916841032161981 1.943709384702778 0
3.025278188744356 1.021141834513438 0
2.919009588833242 0.9049358342922613 0
3.057766652776391 0.8128286087753382 0
3.041522420760374 0.9169852216443886 0
18.34034796135064 1.653147956998361 0
18.27291850458873 1.569836115617084 0
18.34452626863474 1.580288604528832 0
15.86290134138867 2.712038023962273 0
15.99271269851706 2.831401856011309 0
15.87916572334147 2.966167254629741 0
15.87103353236507 2.839102639296007 0
2.255986974623135 2.301324429266137 0
2.271653687624106 2.194303892659621 0
2.317289021474362 2.252849348930068 0
8.867585751393284 3.805524031232765 0
8.910379787016325 3.940809728488351 0
8.793683981767046 3.983933446267049 0
8.830634866580166 3.894728738749906 0
2.01708931859819 3.147956673567129 0
2.138024772105176 3.018845810210756 0
2.146112507197618 3.134417928397796 0
1.246276489404938 2.989408612494744 0
1.086014712970965 2.943038631402601 0
1.305132126702745 2.854506578653725 0
1.195573419836855 2.898772605028163 0
4.143591887561186 4.06653339880979 0
4.008809073225046 4.053979051575302 0
4.013911518982878 3.91760210540703 0
4.078751703272032 3.99206775210841 0
3.141273974622798 1.641482423217946 0
3.232720052515356 1.510979355325551 0
3.399411556267942 1.594157579434267 0
3.27034276544537 1.617820001326106 0
18.34150999899976 2.05247207346739 0
18.4518552066335 2.166649300906645 0
18.34013388255715 2.168332148548331 0
3.081087005866899 0.6101530338930459 0
3.189966222453501 0.7191261666007105 0
2.948887436189789 0.7038554760676736 0
3.069426829321645 0.7114908213341922 0
16.52872964353752 3.830195108392264 0
16.52392299310849 3.922700763801602 0
16.47565020587005 3.876895047445425 0
5.216376013863688 1.366888371627132 0
5.226258605242667 1.259416514929442 0
4.072202957641469 0.6474318320872419 0
4.187573748245551 0.7593838263229631 0
3.937231193548641 0.751494199412083 0
4.062402470897096 0.755439012867523 0
2.495192743632214 2.559158871059706 0
3.101701049570336 1.395480716242605 0
3.241019594944138 1.389252516285104 0
16.92418335137276 1.299062216994691 0
17.05373807197465 1.154426266722348 0
17.05726696933126 1.290660035158754 0
16.34075463534408 1.411612839071405 0
16.46165317356432 1.308716338853715 0
16.34561922349408 1.297307573911795 0
2.986455796949657 1.243465563649929 0
2.877609566301021 1.116485000411007 0
3.005866992847007 1.132303699081683 0
2.11766406682124 2.910061755814414 0
2.782112546129508 0.9844602587418003 0
2.722304239278689 1.198683812642725 0
2.752208392704098 1.091572035692262 0
1.350145793065282 3.028932164257282 0
1.274865230680771 3.054168075530958 0
4.919813186798587 1.144489845044622 0
5.000598378460834 1.11786982005191 0
1.720634026359033 4.046323711932319 0
1.583846524462398 4.150444590931787 0
1.598266838291803 4.038037111099888 0
1.260664287037088 1.16654645152365 0
1.112266607120478 1.06785495585145 0
1.237087385250296 1.050761999163233 0
16.20397623778689 0.5605893704360922 0
15.99503291522464 0.5819771836138661 0
16.08228095908352 0.49948380330191 0
15.78526908468634 0.6449369657610911 0
16.08046522824766 0.7783538908751884 0
15.932867156467 0.7116454283181395 0
3.525500231654497 1.675831963968143 0
3.659951193777807 1.747087082937672 0
3.553141603718754 1.769716764447313 0
16.46190325255906 3.091964146932518 0
16.48408272064328 2.90797689599385 0
16.55745831122034 3.007194873653359 0
3.210816279000564 0.5130216555068845 0
2.968277519095492 0.5048379221653811 0
3.089546899048027 0.508929788836133 0
17.92900594855061 2.645630357051998 0
18.06245650911172 2.66260801487491 0
5.069687810708125 0.8045888972758219 0
5.205873612977733 0.8531415598200265 0
5.109649627229995 0.8879947292415942 0
1.434279581648138 2.924146151526496 0
1.448538052946237 3.011541063998873 0
18.34139021280628 1.840122931742144 0
18.34086908707846 1.746635444370253 0
16.13455953480371 2.899937877712176 0
16.08266373774681 2.664107349175894 0
16.10861163627526 2.782022613444035 0
18.17911686460126 4.128642609876034 0
18.00077147459374 4.147659188951616 0
18.0852448971652 4.05816677415931 0
15.85092194643708 2.481827758350262 0
15.96446892161266 2.578264641452299 0
15.85691164391287 2.596932891156267 0
16.32394072974197 2.917371595059705 0
16.40732845996051 2.84643803188862 0
5.699205708700577 3.969989942986416 0
5.722266634663464 3.791664517433005 0
5.710736171682021 3.88082723020971 0
8.151913370911108 4.776970844174288 0
8.138456685455553 4.888485422087144 0
3.788781228906444 1.80829448502478 0
3.727621667011242 1.6295480367047 0
3.85645170213988 1.690755438791808 0
3.758201447958843 1.71892126086474 0
4.818925238268874 1.267262804165539 0
4.808641812482168 1.156965941371279 0
4.869369212533732 1.205876324605081 0
4.264638130476683 1.936698070075695 0
4.391614671981098 1.827178930805734 0
4.383623135125454 1.932387183682396 0
17.28229907726033 3.029144224093294 0
17.36011426013457 2.942505046844901 0
1.275610963671788 1.28306928166799 0
16.58728219338811 3.424272792902828 0
16.42914968631735 3.415715990398861 0
16.44644773237957 3.25794732033975 0
16.51686496288384 3.341110056621289 0
17.93391499472093 4.44725344057932 0
17.98442092750699 4.291070472232967 0
18.15728223303881 4.334040570668538 0
18.10677630025275 4.490223539014892 0
18.04559861387987 4.390647005623929 0
16.46447658941072 1.544014273576513 0
16.19902077364349 1.536516840054341 0
16.3317486815271 1.540265556815427 0
18.44419224064485 1.944205226836213 0
18.34145010590302 1.946297502604767 0
16.29325063328231 3.08706906739505 0
16.36984918283094 3.1725081938674 0
1.941175749516432 1.728617904202582 0
1.813744248931121 1.727216582809622 0
3.371093579400848 3.227744464391177 0
3.493147463067714 3.250612759056706 0
17.91712397695692 4.216273134851171 0
4.663170239796946 1.172260332449903 0
4.650348234019928 1.023531240208064 0
4.729495023251048 1.090248590789671 0
17.77622450531192 2.738695040031536 0
17.80858254141671 2.612241797294242 0
15.82542540530128 2.040390740796981 0
15.9162006173539 2.143668797352156 0
15.8401295782657 2.256474633974469 0
15.83277749178349 2.148432687385725 0
19.0260595599162 2.202120401294849 0
19.0168322586492 2.085574302938868 0
16.21390508404301 2.993503472553613 0
16.02286806761258 1.908937587496802 0
16.07654950237902 1.744606704941945 0
16.12302393853142 1.858443537454828 0
4.013918687104798 2.356949128472296 0
4.129983409729508 2.257999877071049 0
4.132282160445857 2.37067399380603 0
4.553643084816274 1.183007565898719 0
4.451296049925863 1.248610523528126 0
4.488459026384801 1.103912393236086 0
4.46987753815533 1.176261458382106 0
3.3246198098441 0.6209512554309942 0
3.436831484664319 0.7323174969032529 0
3.31339885355891 0.7257218317519816 0
16.68944386751906 1.310607562468887 0
16.79584950750116 1.186312949263378 0
16.80681360944591 1.304834889731789 0
1.380463059851428 3.798494101925075 0
16.57146118369241 1.195674288289414 0
16.57963585739096 1.423649613033188 0
16.57554852054169 1.309661950661301 0
3.087202491446947 2.834690250390077 0
2.994076481436633 2.719541298109146 0
3.109791810836994 2.734098605031672 0
16.58867926828756 1.663865497216746 0
16.58415756283926 1.543757555124967 0
3.482140453215418 4.553140668332999 0
3.338467735242626 4.462052715773501 0
3.564612138641576 4.436640066725043 0
3.451539936942099 4.449346391249271 0
11.67997211125043 3.058471648926733 0
11.58102874245205 3.154857696358152 0
11.56843618108472 3.058631129899546 0
2.68166200437147 2.013739746789947 0
16.34767268133638 3.494877486888261 0
15.9416971584897 2.353903533184966 0
15.84552576235139 2.369151196162365 0
1.095693618303093 2.339751032582234 0
1.228581411122434 2.434275328370116 0
0.9813772863940393 2.474688157938266 0
1.104979348758237 2.454481743154191 0
16.60350092795336 3.96703612589341 0
16.54806300143549 4.056939457719499 0
16.53599299727199 3.98982011076055 0
15.88518262382295 1.972068922962248 0
15.92221665813786 1.859039882311415 0
15.98583403329767 2.021966628147635 0
15.95402534571777 1.940503255229525 0
2.908007651234347 2.697592743734377 0
14.18156314902218 3.694391450514593 0
14.27823280310381 3.591830972901191 0
14.27597770507741 3.788333849678467 0
14.27710525409061 3.690082411289829 0
8.778786441592166 3.641727881465771 0
8.848735873908826 3.534160783851429 0
8.927596712213948 3.595877019782656 0
8.857647279897288 3.703444117396999 0
8.853191576903058 3.618802450624214 0
4.052041808087843 3.252661028130264 0
3.988313000489375 3.372278636076863 0
19.04852514863988 2.431528506073601 0
18.92657662680789 2.338850882029038 0
19.03729235427804 2.316824453684225 0
17.7195771484816 2.880967342744281 0
5.41473685717089 4.670050847708879 0
5.325930313816736 4.781481633471842 0
5.188621112440067 4.678661818717815 0
5.301678984805479 4.674356333213347 0
6.670525784558872 3.954184591020413 0
6.623141263550072 3.839945978386871 0
6.746994484195846 3.791351509303448 0
6.708760134377359 3.87276805016193 0
1.683398291344687 4.270975050640744 0
1.834751768198522 4.172116582784181 0
1.810873985533469 4.286652926873459 0
16.46471664081149 4.165818000923835 0
16.34214504496199 4.261710440023581 0
16.36228588331127 4.160869145431731 0
0.9955782811263738 1.083867656291851 0
2.848615383729582 1.673906240592488 0
2.964365444101169 1.749461388235344 0
2.865238296887256 1.76074987472235 0
16.02503141228103 2.226529717766169 0
16.00543272278935 2.124248172956902 0
17.10222271160431 3.174457860503424 0
17.19226089443232 3.101801042298359 0
14.08354424902205 3.78700766330937 0
13.98716341610896 3.694603902923201 0
14.08436328256557 3.694497676718898 0
18.82811042384167 1.1417097574257 0
19.64588877023993 1.695368118631938 0
19.65779086734056 1.780171971222694 0
1.390845276949412 2.733616002410968 0
1.412562429298777 2.828881076968732 0
9.635156200117057 4.147978680443407 0
9.548589048033218 4.048982063159047 0
9.630341873422431 4.055285361718211 0
13.44701154672926 3.264620240144446 0
13.40484881935571 3.162230316228583 0
16.91690453539022 3.307984518514752 0
17.00956362349726 3.241221189509088 0
6.076420472948226 4.29914908120854 0
5.992444407044594 4.188068854207682 0
6.08934912550363 4.132178610012721 0
6.082884799225928 4.215663845610631 0
16.73456238694679 3.439222960176274 0
16.82573346116851 3.373603739345513 0
4.671515715593591 1.281404914412347 0
4.561988560612919 1.292152147861163 0
4.612579400204933 1.232206240155533 0
1.356970395808872 2.524249651355898 0
1.373907836379141 2.628932826883433 0
4.409107974879756 0.9824703800541637 0
4.570997182514884 0.9020892270261416 0
4.529728104449843 1.003000810131114 0
4.302193014428508 0.874738028192521 0
4.289113550273246 0.9779745442932557 0
3.011404628720895 1.604781525550033 0
3.052819709361984 1.695471905726645 0
7.11560825785489 3.25707178519413 0
7.125441943218453 3.374235266587808 0
7.004477558170676 3.379342144721143 0
6.994643872807114 3.262178663327464 0
7.060042908012782 3.318206964957636 0
6.191582860459402 4.096126553257831 0
6.255991081211947 4.115978992092633 0
4.512164642949366 1.382737447490068 0
4.40147213226231 1.339195823157031 0
4.481730346437614 1.315673985509097 0
3.274303782650931 3.096687271926045 0
3.177096547214435 2.965929702774655 0
3.303416836755146 2.986480946201312 0
5.09349251751668 4.784152435232514 0
5.229807143795004 4.892104667802125 0
5.10924625875834 4.892076217616257 0
2.507477620229628 0.8233049485628157 0
2.6328034899164 0.7725153102403572 0
2.68806313437751 0.8711775926331926 0
2.597770377303569 0.8472412705980041 0
4.324940294333789 0.6565521009415702 0
4.439559560516747 0.7719063028111282 0
4.31356665438115 0.7656450645670454 0
6.086923785136515 3.882616492372971 0
5.889360397141969 3.771258396755338 0
6.026258578310722 3.752199944904726 0
5.988142091139242 3.826937444564154 0
16.71164497875664 3.585905137757853 0
16.64946358607237 3.505088965330341 0
1.898048217007918 3.158152822363847 0
14.99389878956422 4.865024403419711 0
14.86899997586794 4.877928568885862 0
2.824960177081244 0.7916531681836534 0
2.803536361605376 0.8880567134627269 0
19.28262684642527 2.599131152454351 0
19.17279662238393 2.513884043728359 0
19.27242635909682 2.493068867228347 0
1.803784993139772 1.112524276819133 0
1.811735807816049 1.239772659459245 0
15.86109089107495 1.242127592563731 0
8.693286278553527 3.159205797330579 0
8.605213126027559 3.062215437428054 0
8.708931390689791 3.06080518038576 0
4.317415279729378 1.44843871862476 0
4.191178153453956 1.379455298621294 0
4.296325142858134 1.359325560889162 0
1.539518254489341 0.3959071659643891 0
1.645000164623788 0.5999162873078263 0
1.472323506757803 0.5273606287156298 0
1.592259209556566 0.4979117266361075 0
6.204799681984355 3.86569498510193 0
6.127433823419678 3.989589963432392 0
6.166116752702017 3.927642474267161 0
16.55453019687878 0.9933530103258976 0
16.66385848953657 1.092660800662988 0
16.56299569028559 1.094513649307656 0
16.23153290619593 0.7267118248648954 0
16.30109991674932 0.873193323044374 0
16.19078257249849 0.8257736069597812 0
11.08393734616666 4.101274479725664 0
11.16309201641212 4.044419019037051 0
11.15866817412502 4.119459169078374 0
4.281853440258298 4.553399493820397 0
4.444790909840201 4.485015525818648 0
4.359273525527945 4.70519186172465 0
4.402032217684073 4.595103693771648 0
12.02901105999016 3.741800658973789 0
12.02420039738164 3.548664565499996 0
12.0266057286859 3.645232612236893 0
0.9684673278709504 2.240339570588367 0
1.212318979812661 2.209431290577772 0
1.090393153841806 2.22488543058307 0
16.39822432160237 0.8243909565258041 0
16.46189040067993 0.9306330048665095 0
16.38149515871462 0.9019131639554416 0
2.16382158438737 2.246674659431098 0
2.19273889658314 2.177414571974015 0
2.377354171860926 0.580646511513186 0
2.382233500782732 0.4004099861360753 0
2.379793836321829 0.490528248824631 0
1.84903797741728 4.055671216366811 0
1.394364056691394 0.6605419607442948 0
1.56396974276602 0.7541369894129288 0
1.43325631845493 0.7772535816804287 0
3.122713339127328 3.186682304631893 0
3.020954433839921 3.049789610787791 0
2.993515887016806 3.164785707375896 0
3.054078462643434 2.942239930588934 0
8.675364847442756 3.542993544500024 0
8.67945428785584 3.641845881820966 0
4.285991219744401 4.230596879844814 0
4.135404663329844 4.209483216061656 0
4.214791553652795 4.148565139327301 0
13.79846323715863 4.030200591091106 0
13.77627242653567 4.179744732317102 0
13.65851332873706 4.163838059372988 0
13.72848828294785 4.097019325232047 0
14.57811056171428 4.297272907345915 0
14.35704340697322 4.289097292431316 0
14.46757698434375 4.293185099888616 0
1.016762878578822 3.030396320574492 0
2.10426611414877 2.325817463768122 0
2.180126544385952 2.31357094651713 0
3.246903459264089 3.207213384511535 0
1.337579062328306 2.306507260427624 0
1.347274729068589 2.415378455891761 0
16.13678360078811 4.314060058391689 0
15.99297214511546 4.322300183887692 0
16.06299348176962 4.260822651813079 0
1.544883109279393 4.368911087304324 0
1.445331342397104 4.248380627595368 0
1.564364816870896 4.259677839118056 0
2.535972075451648 3.603864871153716 0
2.673258436007949 3.492350794858583 0
2.665418822306169 3.608814308095488 0
16.83661389412251 4.067464669712347 0
16.76722308362092 4.19191659731074 0
16.64957873166902 4.131755401581728 0
16.71896954217061 4.007303473983336 0
16.74309631289577 4.099610035647038 0
2.691651476916125 4.412591160783102 0
2.659880382988876 4.185529141825572 0
2.675765929952499 4.299060151304337 0
13.26767085721352 3.867412528443277 0
13.12693658752514 3.870759314364214 0
13.12768034745693 3.713649435172812 0
13.19767560233523 3.790530981808045 0
6.108391474461654 4.060884286722557 0
2.551758423463586 3.361812292834932 0
2.4108141223091 3.484020621277923 0
2.416672164870521 3.361862078434883 0
13.39500311091205 4.002337216646833 0
13.51688981486787 4.1337893227035 0
13.3840792554804 4.125872054981585 0
13.45594646288996 4.068063269675166 0
3.998570843427284 3.791050120439436 0
4.073463746991758 3.70053541621394 0
8.401504759973276 3.937306084566164 0
8.350797008102949 4.011923707069123 0
8.28204134759358 3.970163402786149 0
8.332749099463907 3.895545780283191 0
8.341773053783427 3.953734743676157 0
16.56623237104502 4.240633944786063 0
16.55714768624026 4.148786701252781 0
4.129953732318572 2.773869645123547 0
4.026387881003566 2.717315249417214 0
19.16976356392566 1.421607197718546 0
19.34449596083977 1.51586147289504 0
19.20760378957761 1.549379723478152 0
4.40034571018423 4.246763395636911 0
4.39064171666163 4.383364097582475 0
4.276287226221801 4.367197581790377 0
4.338316468203016 4.306980488713645 0
1.32177390382282 4.345972258026922 0
1.333735250640093 4.241623522989669 0
3.622221169981224 1.566127890991535 0
3.510816363124583 1.580142735212901 0
2.058021911300218 1.857401267478406 0
2.039652480957747 1.961665539051321 0
5.79654221826614 4.111431517403377 0
5.694205492495682 4.064098568199281 0
3.915530985927676 1.570163775889455 0
4.04137234929726 1.62254549197933 0
3.982293065509464 1.743137154881683 0
3.94891202571857 1.656650465385569 0
14.74629273955732 1.09979989978931 0
14.87114292921465 1.247977159174215 0
14.72373287437805 1.343513035992404 0
14.73501280696768 1.221656467890857 0
18.82311116151166 2.479186326530074 0
18.81146327072209 2.359950696046411 0
4.230884278181602 4.832646641766162 0
4.503389247346343 4.872545219958488 0
4.367136762763972 4.852595930862325 0
14.73709713217194 1.747740710831298 0
14.8430950367627 1.639086953372454 0
14.85414121693907 1.738160519070614 0
3.883430447840142 3.929498529956339 0
3.868089772284549 3.802946544988746 0
3.941000645633713 3.860274325197888 0
5.679803659902593 3.683625568439986 0
5.846897422381097 3.663219447762319 0
5.784582028522281 3.727441982597662 0
13.75172858941139 3.508429594768181 0
13.53570595769972 3.450919211814691 0
13.64371727355556 3.479674403291436 0
2.006862618535514 2.335141051060384 0
10.478573919668 4.553037147463813 0
10.512422510981 4.663330356672635 0
8.955194268613614 4.0380023503595 0
8.993667577780368 3.89673486728345 0
9.038482059377658 3.993927489154598 0
8.974430923196991 3.967368608821475 0
1.772424606396633 0.8405992585897852 0
1.708712385510211 0.7202577729488058 0
18.55791235691776 2.038741744291932 0
18.54911283855461 1.930893755236 0
16.08023193251696 1.610073331287779 0
16.0917026612444 1.498163682409229 0
19.13324623230822 1.302447881869965 0
7.222503733366004 3.4226177919244 0
7.316671935870338 3.272510722932911 0
7.333256722779137 3.37517356706311 0
2.685799153059495 3.37095001752079 0
6.498003842812894 3.525901364250358 0
6.636566792793859 3.436139459821211 0
6.592595877304454 3.55277873992469 0
6.567285317803377 3.481020412035784 0
18.56408093259785 2.154866676212169 0
6.175631635291677 3.753988263081908 0
6.307087616920453 3.739378723257198 0
6.255943649452404 3.802536854179563 0
4.110715538392578 1.505579744218259 0
4.237630388406224 1.564961962034855 0
4.139501368851743 1.593753727007093 0
15.36377763516205 1.828323241527014 0
15.49560164040154 1.934074865626688 0
15.36908705396323 1.932959339043036 0
3.690826921689402 1.477605095516734 0
3.79622741871942 1.541025241229899 0
3.709224294350323 1.553576566110717 0
2.404576161015644 3.601898616420407 0
8.491810524026505 3.166859257260756 0
8.391725412828203 3.067048383273643 0
8.498469269427881 3.064631910350848 0
1.349202056489467 0.549452722579252 0
2.561755746036482 1.290069419702326 0
2.391090400364272 1.391826699361526 0
2.413905278933312 1.257506194938217 0
12.69798505737177 3.979106131764424 0
12.60024869746517 4.111504101147186 0
12.58264466564673 4.010106928725866 0
3.157450890383665 4.160714240542166 0
3.142627737021188 3.955253013080212 0
3.150039313702425 4.057983626811189 0
3.0305136687722 3.846857592694807 0
2.907153019550426 3.844135808403451 0
7.128296654591637 4.049025619786714 0
1.331919677470729 2.195769705774092 0
13.25929641974965 3.99849491167268 0
13.40337754837592 3.87125483341743 0
13.33133698406279 3.934874872545055 0
15.6019060178771 3.284925761137595 0
15.5926486521742 3.456053153790112 0
15.4485020182973 3.457280566121023 0
15.4577593840002 3.286153173468507 0
15.5252040180872 3.371103163629309 0
2.78008878027449 1.560474967135072 0
2.942878025265803 1.491350252092616 0
2.895746704497692 1.582628246342552 0
11.60020230901259 3.342987729527314 0
11.4861327649936 3.248121831863484 0
11.69509828647104 3.249723594021982 0
11.59061552573232 3.248922712942733 0
5.684163676246628 3.524620432970167 0
5.772098569423997 3.574884402616512 0
5.681983668074611 3.604123000705076 0
3.635944731397256 4.652052569550349 0
3.710901476436396 4.51752745169739 0
3.871905994006204 4.614173282785011 0
3.75392536270173 4.63311292616768 0
11.16956041327631 3.949065832845904 0
11.0464434893642 3.924766435792261 0
11.07101195802553 3.79616876284749 0
11.19412888193764 3.820468159901133 0
11.12028618565092 3.872617297846697 0
6.826720017118537 3.458138446972044 0
6.770898691800555 3.35622844555813 0
6.857144378976069 3.315772048497609 0
6.91296570429405 3.417682049911523 0
6.841932198047303 3.386955247734826 0
18.9593448746213 2.57142584722833 0
18.84198424817493 2.601255075468569 0
15.86695149434634 4.385312690536066 0
15.71673708908437 4.403316107359737 0
15.70373148906737 4.217402953392449 0
15.78534149170685 4.301357821964258 0
13.82508867254746 0.5229213562935762 0
13.93887244734907 0.4201433429816532 0
14.07721364939209 0.5271633639966438 0
13.95115116096977 0.52504236014511 0
11.42482785308789 3.726882150454456 0
11.32545223796179 3.729847798743445 0
11.31923946671285 3.644360615202536 0
11.41861508183895 3.641394966913547 0
11.37203365990037 3.685621382828496 0
11.30995031197122 3.837204549045008 0
11.20963080792822 3.713111409599569 0
11.25979055994972 3.775157979322289 0
3.970498034640356 4.31808330963446 0
3.990544158254782 4.175067929985681 0
4.11535853971542 4.352498595710436 0
4.052951348985101 4.263783262848058 0
2.07218595036419 1.73976836239585 0
13.4679993743411 3.816267704755043 0
14.28028345249325 3.421239060867945 0
14.27925812779853 3.506535016884568 0
3.926789118606338 4.453552528317162 0
4.120924753751916 4.538700507740455 0
4.066041629151782 4.699321262208304 0
3.99641537387906 4.576436895262733 0
2.827632772645124 1.33933509949994 0
2.667084279402918 1.430720706559542 0
2.694694259340803 1.314702259601133 0
13.25665766451284 4.140427107839765 0
13.11916768975771 4.142030447735031 0
13.12180644499452 4.000098251567948 0
13.18923205475368 4.070262679703855 0
6.769023033412019 4.051872727728218 0
6.692232708252175 4.132041384204056 0
6.593735459399028 4.034353247496252 0
6.681379246405523 4.043112987612234 0
0.8504162545084597 2.370842626871549 0
0.7169525316519021 2.517844057818588 0
0.8491649090229707 2.496266107878427 0
0.8437792264565473 2.137386408909374 0
0.7191070655066198 2.034706376232674 0
0.8391417438129256 2.021444565235965 0
15.40652206713441 4.047842700761269 0
15.32395876815236 4.139924148753491 0
15.22191237572751 4.047646018638771 0
15.30447567470957 3.955564570646549 0
15.31421722143097 4.04774435970002 0
8.989646634096578 3.688767184051049 0
8.999585105592574 3.790847097886815 0
8.928616192744931 3.747145607641907 0
12.98481109820339 4.13363024111097 0
13.11039330737733 4.24636549592188 0
12.97603671582301 4.237965289297818 0
13.04760220279036 4.189997868516425 0
8.997789696660149 3.538034542457779 0
9.059839618542778 3.630924706726172 0
8.993718165378363 3.613400863254414 0
15.88234393245552 1.725546865804592 0
15.98128793248624 1.667810098546185 0
2.964666911107731 1.367407907871273 0
16.86251833541007 0.7031161734783595 0
16.9541972216866 0.9140272723099647 0
16.90835777854834 0.8085717228941622 0
4.65092468397985 4.362839920283955 0
4.742202994137516 4.469907237096407 0
4.549498731198698 4.439502584516024 0
4.645850862668107 4.454704910806216 0
11.01919073786885 4.027389345408301 0
10.88195347584359 3.992217738509343 0
10.90920622733895 3.889594828893304 0
10.9641984826039 3.958492087150802 0
3.883185982040548 4.026508890290018 0
3.789001316255959 4.021315976723773 0
3.789245782055554 3.924305616390094 0
3.836215882048051 3.975407253340056 0
6.842712121068747 4.133487932085835 0
6.842139186944577 4.058554044235692 0
11.34035716728659 4.361766776562181 0
11.44977066202474 4.454744618296796 0
11.34883233264342 4.560685161475946 0
11.34459474996501 4.461225969019063 0
11.57642671853615 3.714886321053992 0
11.43818733960004 3.852746350459614 0
11.50730702906809 3.783816335756803 0
6.811597244057641 3.213678654402212 0
6.903120558432377 3.237928658864838 0
4.032707762626121 1.309755447047405 0
3.903476278846112 1.208096716935768 0
4.034316689728298 1.195002414808915 0
3.245912859851273 4.575935422161681 0
3.101127447229789 4.481102542080615 0
3.193682322621139 4.367219835692434 0
3.219797591236207 4.471577628927058 0
6.165564279598116 3.661187987442129 0
6.120311447862239 3.574092045164204 0
6.218523272579766 3.53600574248867 0
6.263776104315644 3.623101684766595 0
6.192043776088941 3.598596864965399 0
16.92021791013669 0.5874188955275428 0
16.71491272526791 0.6201907452279858 0
16.8175653177023 0.6038048203777644 0
3.864921067070283 4.147597768700397 0
3.936865070147665 4.10078841013785 0
5.887843482854588 1.618271621679603 0
5.99916295547542 1.716866866635716 0
5.770725009103119 1.720057238396006 0
5.884943982289269 1.718462052515861 0
15.5451403310271 0.5338515971953064 0
15.4433289880875 0.6273061508544935 0
15.33171808500752 0.5348788439329262 0
15.43352942794712 0.4414242902737389 0
15.43842920801731 0.5343652205641161 0
15.42337957895552 0.9819870009693172 0
15.55583727898553 0.8264516554915753 0
15.5702620660402 0.9657018556595585 0
15.29474757713394 3.37270648402149 0
15.37570840092383 3.561152423387477 0
15.22195395976046 3.476578341287944 0
15.33522798902888 3.466929453704483 0
16.37195789865095 0.5492041205245908 0
16.39951456705999 0.7153265749533935 0
16.30174540242344 0.6379579726947431 0
4.450421228174737 1.51519129606539 0
4.370636336851582 1.631714539475485 0
4.34402580829048 1.540076629050123 0
14.94540708038966 0.4306936441750695 0
15.08826578884625 0.5392564377692337 0
14.83625802466642 0.5398262914727037 0
14.96226190675633 0.5395413646209684 0
3.145806647904168 3.851547456009603 0
8.188201063513752 3.91397340116367 0
8.21329345611804 4.072974617731442 0
8.200747259815897 3.993474009447556 0
4.491746606305679 1.713405270377625 0
4.38112550441634 1.72944673514061 0
4.198605989986858 4.452949044765417 0
9.523303060626802 3.466519009968326 0
9.617158759273748 3.364748253196286 0
9.617698879719221 3.464276354167459 0
3.778018586535383 4.393629695481033 0
3.8217275025694 4.258160476798331 0
3.874258310587869 4.355856502557746 0
6.01619122261716 3.659399669264948 0
6.095911428954419 3.706693966173428 0
2.516538727534091 1.532214248048979 0
2.648313753904291 1.546344607592026 0
5.042736724712007 3.789322041725452 0
4.959532599679481 3.872248437066283 0
4.957429506605877 3.776807210878833 0
1.943559196968854 0.9559551268412951 0
1.788104799768202 0.9765617677044589 0
10.99240794374334 4.179073510020393 0
10.92766133544553 4.10518837570303 0
11.00579934080609 4.103231427714347 0
2.057488370743023 0.8444603218395201 0
2.086874237933236 0.9667142223928622 0
4.680063686304337 1.435095902853691 0
4.618320271529708 1.567549751429013 0
4.565242457239536 1.475143599459541 0
14.92392849384001 4.02750805703516 0
15.00042336393777 4.158518867235586 0
14.90281449687966 4.230137787193563 0
14.91337149535983 4.128822922114361 0
5.449328274269551 4.33722272285552 0
5.472760455573464 4.224919673450545 0
10.83442808672916 4.147158895867562 0
10.78872022712722 4.034188258673876 0
10.85819078128638 4.069688317188453 0
2.655833221403199 4.070245144803348 0
13.62894839173035 4.287442180536982 0
13.48732487786116 4.257393443867493 0
13.57291910329911 4.210615751620241 0
0.7257281530940567 2.267889465192556 0
0.8470977404825035 2.254114517890462 0
10.45398063055596 4.021417298996893 0
10.37173415989853 4.131298909189991 0
10.37094296587216 4.041502979637134 0
15.51696432338693 3.081479915382218 0
15.38519011886648 3.182161939463627 0
15.27144213440593 3.063086587522349 0
15.39420322889643 3.072283251452284 0
9.472361951563986 4.652636927995142 0
9.511782433129898 4.503617444548924 0
9.627762433911483 4.524933300308661 0
9.588341952345571 4.673952783754879 0
9.550062192737736 4.588785114151902 0
14.92577562029412 3.418609406018142 0
15.03535922711419 3.531719520126921 0
14.93590323360196 3.592206683709809 0
14.93083942694804 3.505408044863976 0
13.39123694094524 4.225314111780444 0
13.26381534997767 4.239869164638623 0
13.32394730272904 4.182870609810104 0
15.06825392393354 3.720542113170337 0
14.95867031711347 3.814108801525594 0
14.94728677535771 3.703157742617702 0
6.404995405998744 3.579788199545214 0
6.448306918603554 3.696065238035817 0
6.356041511459599 3.659583461401206 0
0.5263196012407789 0.8495108597072294 0
0.373132911219324 0.8106244171366246 0
0.4666295840546244 0.7673991907597535 0
2.221355013628126 0.69969660899459 0
2.139421692185574 0.7720784654170549 0
1.449391910406241 0.1998405833410972 0
1.494455082447789 0.2978738746527432 0
13.41767387895504 3.415544723725997 0
13.29894874556205 3.45449771800324 0
16.65208179042724 3.84814270128611 0
16.7675504046445 3.888410049376035 0
16.68552566629893 3.927723087634723 0
14.15901850173646 0.2116792769691527 0
14.01681710726378 0.1054352580876001 0
14.26720139447268 0.1062440188815525 0
14.14200925086823 0.1058396384845763 0
15.05627918417159 3.949166684031653 0
14.94129940547674 3.920808429280377 0
1.900483452037577 0.1931837843838844 0
2.011883097022464 0.3190649469202249 0
1.903897124461707 0.2883624448132709 0
19.31742935866988 4.780808532154749 0
19.44964679513186 4.893045884380591 0
19.34621467933493 4.890404266077374 0
2.376134264934356 1.517693289853765 0
4.818737307698832 4.204791381957672 0
4.917625368337648 4.297786489599448 0
4.834950766777405 4.380608502211435 0
4.736062706138591 4.287613394569659 0
4.82684403723812 4.292699942084553 0
2.108713007031427 4.762308343774214 0
2.129574925363679 4.600490708781646 0
2.281506729446752 4.761530831075097 0
2.205540827405216 4.681010769928371 0
14.69407410233963 0.4296501552137286 0
14.5817785684849 0.5370063959390823 0
14.70901829657566 0.5384163437058933 0
8.172396477103177 4.318174910327535 0
8.300638207351579 4.323966946882111 0
8.293166712676548 4.420930707639648 0
8.164924982428147 4.415138671085073 0
8.232781594889863 4.369552808983592 0
6.706217347313839 3.058203974675958 0
6.5728149265732 3.181180306268027 0
6.603256487561818 3.071792434854484 0
19.37900252694892 2.655558131324991 0
19.31330185967118 2.772494028771797 0
19.21692617914753 2.716067049901158 0
19.29796435304823 2.685812590613074 0
8.443008665926207 4.346835988582871 0
8.320958481100268 4.207631273054251 0
8.463328939674897 4.230500314755012 0
8.381983573513239 4.277233630818561 0
17.75546218779949 4.888452323459004 0
17.5149532949397 4.888180203361345 0
17.6454154827392 4.776632526820349 0
17.6352077413696 4.888316263410175 0
19.50905844677628 1.570188109034945 0
19.46338470815237 1.456129385063452 0
5.894493312655367 4.149750185805529 0
12.02333583620608 3.352576156819721 0
12.02376811679386 3.450620361159858 0
19.08361634836535 2.653781384883088 0
19.06607074850261 2.542654945478345 0
17.82959124310832 0.3646073961103244 0
17.70611205994096 0.3686159148946109 0
19.114649260872 2.758115228830278 0
13.20915262710835 0.6194382902202029 0
13.07322894977924 0.5155505760980132 0
13.32352582119698 0.5172062493763796 0
13.19837738548811 0.5163784127371964 0
6.545397486369593 4.152350219918154 0
6.515525567171061 4.06682256352815 0
11.42518804290383 4.261961886026482 0
11.63715972198237 4.215833768498913 0
11.54043551182353 4.340381338168994 0
11.5311738824431 4.238897827262697 0
9.21937857326235 4.130505128515249 0
9.131390239860217 4.255950536238835 0
9.027778056438351 4.173121895870116 0
9.115766389840482 4.04767648814653 0
9.12357831485035 4.151813512192683 0
4.095520814575891 4.849660631104152 0
14.14453198094405 4.254181078342192 0
14.26618333497779 4.182639600073671 0
14.25078769395864 4.271639185386753 0
4.758056245725605 1.664495853180456 0
4.624901426015642 1.68895056177904 0
15.11505761770658 4.089979873023832 0
15.16313394219253 3.906832829646591 0
15.13909577994955 3.998406351335212 0
9.7814768544029 4.703913419985522 0
9.883545511017314 4.705058757534649 0
5.691521315288316 3.341654942612394 0
5.783816224809721 3.424615786889691 0
5.687842495767472 3.43313768779128 0
3.175566606502403 4.2639670381173 0
2.851976014306643 4.502086911533434 0
2.976551730768216 4.491594726807024 0
1.044757667662513 4.876216564122453 0
0.929087714998035 4.859973139300134 0
12.45794622891679 0.6160088425239361 0
12.3221690224837 0.5132600640253584 0
12.57254564859564 0.5137306515910895 0
12.44735733553967 0.5134953578082235 0
16.81643341407637 3.751264299173448 0
16.67778429089599 3.7253604244787 0
16.7640391964165 3.668584718465651 0
14.44185317905306 0.4270452622268066 0
14.32844229471345 0.5322436272928059 0
14.45511043159917 0.5346250116159443 0
12.8795983540374 3.866108274917732 0
12.82863156676223 4.010591521966467 0
12.78879170570458 3.922607203341078 0
14.90061562989354 4.514421706600872 0
15.01014251422639 4.481198214866236 0
14.97082039095927 4.568563342676627 0
19.65978764803331 2.797560346393922 0
19.55449046474093 2.689085747478391 0
19.66834487081384 2.671801068160375 0
18.40373159788638 0.2073551093006172 0
18.41748284077826 0.3048991446905278 0
3.657777319127686 2.453863686613138 0
3.664320197761705 2.685255906247492 0
3.661048758444695 2.569559796430315 0
14.51812206346386 4.686343354076884 0
14.40455047958294 4.680502159000452 0
12.03247683100666 3.824807636591296 0
3.80219328635247 0.8551942457030162 0
3.686540724425651 0.7432203738050793 0
3.821578631621823 0.6395203275141459 0
3.811885958987146 0.7473572866085814 0
5.024429333164383 4.382546031561047 0
4.990248576835528 4.211646579072002 0
5.097052541662265 4.296406121033601 0
5.007338954999956 4.297096305316524 0
4.965722119905353 4.680703264930773 0
4.848992039776537 4.570962725064449 0
4.855234615645639 4.675112795929314 0
0.351769223800769 1.71905623168058 0
0.2327554104499665 1.608979885623002 0
0.34877443320784 1.600226090681545 0
8.174687416314793 3.781618376174113 0
8.126109046437726 3.71441662630827 0
11.70723082513183 0.6149854684212892 0
11.57165393706861 0.5125372929163778 0
11.82181851215338 0.5127186832483654 0
11.69673622461099 0.5126279880823716 0
0.8665967085876787 4.387541573072125 0
0.881336523424423 4.241350855061493 0
1.017629740521166 4.394232963065075 0
0.9494831319727943 4.317791909063284 0
0.2836839573569847 2.853618161357898 0
0.3815610724879512 2.8860355625689 0
6.37406789051769 1.006881066315402 0
6.280352942906662 0.8816273515682695 0
6.248124856372806 0.9845937356717145 0
14.19045234573535 0.4235638609436227 0
14.20282797205277 0.5297034956447251 0
0.3577934960652129 1.958208961642596 0
0.4808278838632134 2.062577011596633 0
0.3647137665742122 2.197229051518447 0
0.3612536313197126 2.077719006580522 0
10.95707019889987 0.6144481625826432 0
10.8215700725057 0.5120912940341591 0
11.07162923729021 0.5122374677580974 0
10.94659965489796 0.512164380896128 0
6.037918353602892 1.348646558742127 0
6.237825193230358 1.387248929592737 0
6.112053400215899 1.459061012818797 0
6.137871773416625 1.367947744167432 0
6.591706459869246 3.675805843465462 0
6.535724091076813 3.768005608211344 0
10.95590138257067 3.761949908873017 0
11.10105497912586 3.680489391438892 0
11.02847818084826 3.721219650155954 0
8.844255664326067 4.105190310968968 0
8.760046930793507 4.06969814426615 0
9.64906759674245 4.770092851450646 0
9.637033798371226 4.885046425725323 0
17.41371578009748 1.589639019405284 0
17.29609822341463 1.572515203177715 0
2.383273945531962 0.6920344005367269 0
2.299354592744526 0.6401715602538882 0
5.126576408718392 3.902701210102688 0
5.125324563327458 3.711684440517177 0
5.125950486022925 3.807192825309933 0
5.06085071482874 4.575212648416074 0
4.941739812416426 4.481663990179476 0
5.042640023996562 4.478879339988561 0
6.698008318725073 1.284423806813802 0
6.912964523834479 1.301067570108995 0
6.788599697767906 1.387062355772624 0
6.805486421279777 1.292745688461399 0
16.05289476341377 2.443363549073748 0
16.17108957954792 2.529206256797343 0
16.06777925058029 2.553735449124821 0
5.07717161617271 4.679682541824294 0
13.02407299139029 4.34003950479388 0
12.85936567456827 4.284807534415853 0
12.94171933297928 4.312423519604867 0
16.25300549316537 2.403474245173629 0
16.36786714995249 2.485939721610555 0
16.26947836475021 2.507572989203949 0
9.70762362440275 0.613544965678938 0
9.572709645386684 0.5113033320230704 0
9.821613108337573 0.5114642581569044 0
9.697161376862129 0.5113837950899875 0
3.741493031029727 0.1055934767362996 0
3.608408909318635 0.2096667061018849 0
3.491915878288908 0.1040732293655848 0
3.616704454659319 0.1048333530509424 0
2.720582967109312 4.518390413210103 0
14.87718193771887 0.9924180775945166 0
14.74497987508482 0.984713089806516 0
11.22283511093569 3.365608090547397 0
11.09772177491539 3.284314359288023 0
11.28733304634803 3.256146831345449 0
11.19252741063171 3.270230595316736 0
11.12933192316024 3.575007640327488 0
11.2379077519626 3.607629658488166 0
11.16948136554423 3.644059524963529 0
3.551300003544593 0.8445631619389251 0
3.666081548900511 0.9605888864160792 0
3.52881466162391 1.062219678539023 0
3.540057332584252 0.9533914202389737 0
18.37831421090876 4.744409828008764 0
18.50356925842295 4.872355479103416 0
18.24974495248581 4.872054348905348 0
18.37665710545438 4.872204914004381 0
8.44151619982607 4.09968016519521 0
8.514831759931772 4.155360671137091 0
11.5540293614456 4.441162778709012 0
7.348468743642822 1.518791045724567 0
7.590583204372273 1.522708275177259 0
7.454009812075175 1.622972955925943 0
7.469525974007547 1.520749660450913 0
8.959363189551052 0.612708011170898 0
8.824120857168877 0.5105167307372782 0
9.072768215332804 0.5108040285511644 0
8.948444536250841 0.5106603796442211 0
18.21451144884628 1.14515347424269 0
18.07634283489426 1.207415578942809 0
18.11023226496727 1.108166208204638 0
16.3766035073156 0.2158305938145069 0
16.38029777841282 0.4182251807350692 0
16.37845064286421 0.3170278872747878 0
10.45674734733924 3.666720690441094 0
10.62005305539075 3.676992133990074 0
10.538400201365 3.671856412215584 0
8.188360704252821 4.184104265605143 0
8.345891232965489 4.096501625180551 0
8.267125968609154 4.140302945392847 0
17.29380579966052 0.8843333936525315 0
17.35488755011221 0.7741633783321866 0
17.49526716086446 0.86020928502642 0
17.39453648026249 0.8722713393394756 0
18.14623754614245 1.337444915427532 0
18.27021324715411 1.284942557981687 0
18.20250297655485 1.458947009593693 0
18.23635811185448 1.37194478378769 0
19.88314836626764 4.515243690464678 0
19.88118396312844 4.389170725629635 0
0.1162918909229944 4.512257626739629 0
0.1162727626214188 4.392584090426879 0
8.080191434942696 1.526705201345904 0
8.327316726587789 1.527776369910173 0
8.190663139711507 1.629152755124144 0
8.203754080765242 1.527240785628039 0
12.06700232178279 4.470479861941567 0
12.04147749451759 4.617956192229439 0
11.99916672908335 4.528537051318845 0
8.214989141351962 0.6114775683102445 0
8.079661601339184 0.5094869453826383 0
8.326758948236476 0.5098005914925374 0
8.20321027478783 0.5096437684375879 0
0.6725019653729838 3.782868167430252 0
0.5556628965822767 3.713384517937918 0
0.6528892735659149 3.581693832825911 0
0.6626956194694493 3.682281000128082 0
13.34262181189652 0.7232161361081848 0
13.45971280121346 0.6218672480984584 0
13.59286047958768 0.7265108730531442 0
13.4677411457421 0.7248635045806644 0
18.24562443421967 4.593418523005096 0
18.12367254965815 4.752660343251652 0
17.98482441569124 4.649465359261447 0
18.11522442495545 4.621441941133272 0
13.19282646805651 4.310425572971222 0
13.10650615206947 4.404099581843222 0
13.1084497297234 4.325232538882551 0
3.742794588585215 3.846228017728702 0
3.700631851649933 3.969154854800666 0
3.721713220117574 3.907691436264684 0
16.95072101204164 3.791849135648286 0
16.90183800260976 3.928994885850873 0
16.85913570834307 3.840129592512161 0
13.09242902342042 0.7210114383820052 0
13.21752541765847 0.7221137872450949 0
7.479551190304363 0.6119834360762484 0
7.343491347831231 0.5110230021544693 0
7.587290533350558 0.5097156159924321 0
7.465390940590894 0.5103693090734507 0
8.823677054760257 1.529072416926025 0
9.073259564841219 1.529492930130441 0
8.936154889858251 1.630955151177937 0
8.948468309800738 1.529282673528233 0
8.476600516402863 3.894029795696119 0
8.401972140412109 3.812302707024955 0
8.482823635501225 3.815082042706651 0
19.5774736085081 1.632778113833442 0
12.27879005594125 4.331751186729497 0
12.24737526935413 4.235461418128692 0
12.3524926647465 0.9223794024259071 0
12.47414361567934 0.8206566409001153 0
12.60252657000837 0.923035896898122 0
12.47750961737744 0.9227076496620146 0
11.80913552093503 4.227858003427441 0
11.85554942271413 4.122637272609814 0
11.87923030353551 4.192073103687935 0
4.12837253553097 2.011117142229927 0
4.065289118053866 1.910374768591106 0
4.164963624265275 1.923536419333401 0
19.20098404276852 0.5576834775186756 0
19.31279636074327 0.5947928025450189 0
5.130228795025562 4.085185942540843 0
5.04764095641011 3.971121533648346 0
5.128402601871977 3.993943576321765 0
5.94230468583933 3.597334925792622 0
6.046424911084408 3.512027301691878 0
6.031308066850785 3.585713485478413 0
16.1362290172051 2.315989733654952 0
16.0389630878474 2.334946633419959 0
4.904941768553624 1.549566349007025 0
5.035920996191642 1.687934039265718 0
4.896988620958624 1.676214946223087 0
3.952245147564744 1.435879892644371 0
4.07171165050935 1.407667595632832 0
18.38421501114049 4.467866071783741 0
18.30586814881442 4.343203046089936 0
18.42265014269065 4.358412615958501 0
9.571914995272513 1.530039054902387 0
9.822158845394446 1.530258441924683 0
9.68491886943756 1.631693957266364 0
9.697036920333479 1.530148748413534 0
12.72374980976066 0.8214753683865181 0
12.85256226250165 0.9240755520603825 0
12.72754441625501 0.923555724479252 0
0.1290571738270696 2.477148437353926 0
0.2863276087807716 2.586913347250158 0
0.157270434953702 2.734764909896232 0
0.1431638043903849 2.605956673625079 0
3.832941580356488 1.406741357984814 0
3.874236283142082 1.488452566937135 0
12.82642068302603 4.141953730285387 0
12.73997477922532 4.309738945830654 0
12.70702978768309 4.166885141700187 0
12.78319773112568 4.22584633805802 0
4.827473208979621 1.420953792606883 0
4.749494462286606 1.351179353509615 0
8.916839452150803 4.240309856479585 0
8.936016860382209 4.139156103419542 0
17.87938978497183 4.769058317805309 0
17.76382975840882 4.67541807306054 0
17.86926438912822 4.555825114516678 0
17.87432708705003 4.662441716160994 0
3.762529908675265 1.309925673737029 0
3.726678415182334 1.393765384626881 0
10.3214459874062 1.530582245842421 0
10.57183502864653 1.530750542696948 0
10.43457315627701 1.632128699602978 0
10.44664050802637 1.530666394269685 0
0.1145875742111517 1.250088648908502 0
0.1154656953341764 1.494166281593576 0
0.1150266347726649 1.372127465251039 0
14.30017603238745 0.3189406382078914 0
14.41037060244691 0.2131420696998059 0
14.55204774911251 0.3212466937187211 0
14.42611189074998 0.3200936659633062 0
6.731565997883195 3.679083304263177 0
6.850383986244246 3.664553372595568 0
6.798689235220046 3.727952440949508 0
6.075870926537089 1.614650610284525 0
6.213225430984885 1.682468922113427 0
6.106194193230152 1.699667894374572 0
10.67953198742512 4.113128517557791 0
10.73065023225797 4.207291732758829 0
10.63417878014759 4.262079299466635 0
10.58306053531474 4.167916084265597 0
10.65685538378635 4.187603908512213 0
17.03584679312383 3.985715652906424 0
17.09809383278286 3.832139757456832 0
17.14183789501015 3.9353765317782 0
11.05130643123684 3.414254293898537 0
11.00756145632411 3.316754691091069 0
4.459672097108077 0.5507122570075476 0
4.20688295871561 0.5428119055104978 0
4.341614761489899 0.4369720615764754 0
4.333277527911844 0.5467620812590228 0
6.755664837698657 0.6306418581613726 0
6.614566174347496 0.5312972903972013 0
6.858057605584324 0.5205126718483837 0
6.73631188996591 0.5259049811227923 0
15.19189304370663 0.4312157905400458 0
15.05349188966315 0.3232247193308755 0
15.29894958484234 0.32526182025605 0
15.17622073725274 0.3242432697934627 0
0.5841943076984464 3.40104332200502 0
0.6185417906321806 3.491368577415465 0
11.07133799807524 1.531027551601608 0
11.32184878869058 1.531196001127415 0
11.18452734328862 1.632501331673984 0
11.19659339338291 1.531111776364511 0
15.61618982877028 4.650883628927494 0
15.71758785943091 4.530892541996416 0
15.70670862427108 4.636268844873532 0
17.60878259886491 0.9179803075192821 0
17.70364803613244 0.9598368944731153 0
5.177413467476573 1.582361594398692 0
5.28859730308898 1.702847746685861 0
5.162259149640311 1.69539089297579 0
19.57538252366393 2.916341434372208 0
19.67812775562293 2.904323943359262 0
16.49518790484198 0.1100764043715312 0
16.25641560247363 0.1057541894429757 0
16.3758017536578 0.1079152969072532 0
11.60176594831486 0.921374746518163 0
11.72328108529803 0.8194627757644963 0
11.85147886019242 0.9216063161159418 0
11.72662240425364 0.9214905313170525 0
10.42268518570372 4.234826502265863 0
10.51416977367985 4.220746435194521 0
10.52894215867887 4.301236149160275 0
10.43745757070274 4.315316216231616 0
10.4758136721913 4.268031325713069 0
7.333727173462526 3.155799658132123 0
7.217968364370837 3.034024731878496 0
7.330989038281552 3.059102110786532 0
11.82179485890079 1.53153093927793 0
12.07185514432058 1.531764215754356 0
11.93470786970529 1.632956397876895 0
11.94682500161069 1.531647577516143 0
13.88988744634979 3.38627407450907 0
13.86523170618938 3.615819833950006 0
13.87755957626958 3.501046954229538 0
15.57570321029316 4.530097171086558 0
15.54733223114897 4.613385106913464 0
18.68951478425327 4.019931763506303 0
18.79992717712681 4.145909314955611 0
18.68040636475899 4.140299012693344 0
4.591741196927345 0.4422893569776249 0
4.475260348834819 0.3298484490169944 0
4.59988878968865 0.332201294357314 0
6.726432380350195 3.465200515877214 0
6.832743052086744 3.548994131817235 0
6.732455415318403 3.556056200722404 0
6.77958771621847 3.507097323847225 0
10.61065661020105 4.016556289302994 0
10.52912439738267 4.099664844239197 0
10.53231862037851 4.018986794149943 0
5.423827678585656 1.599430884170878 0
5.533177520092704 1.71334893276749 0
5.410887411590842 1.708098339726675 0
5.86750583288223 3.508999880646815 0
5.857201627631664 3.586109664204566 0
12.5723893138046 1.532620270404414 0
12.82258380453316 1.533437688426228 0
12.68520256895467 1.634146140833779 0
12.69748655916888 1.533028979415321 0
16.45336328402736 2.36795229673796 0
16.4667713228806 2.471367577717789 0
14.62865389590563 4.587067872208884 0
14.62632152146015 4.685846802637855 0
5.661746839291832 1.611710113000524 0
5.65195126459791 1.716703085581748 0
11.97259711912598 0.8197070765244079 0
12.10120341276242 0.9219032297907086 0
11.97634113647742 0.9217547729533251 0
2.865721306659264 0.2021416146824304 0
2.854667435619489 0.403755553143609 0
2.860194371139377 0.3029485839130195 0
13.32246902056774 1.536788736807255 0
13.57128139989512 1.539971592366165 0
13.4343594559434 1.63871191238665 0
13.44687521023143 1.53838016458671 0
3.642350367693656 1.177440465200204 0
3.783296737864503 1.075611508398944 0
3.772913323269884 1.192768591067986 0
13.67263477588901 4.453396375779465 0
13.80548929657576 4.44889006793704 0
13.74161241163202 4.521377980929394 0
16.56439318655995 0.5735538130876832 0
16.47234548248639 0.4958894969113765 0
6.588458375221527 1.687384036551775 0
6.738731655075168 1.58895395986578 0
6.830563580821968 1.708331559119163 0
6.709510978021748 1.697857797835469 0
18.74620879532742 0.1037829165630386 0
18.50834521678774 0.1017220583489813 0
18.62727700605758 0.10275248745601 0
18.27038638109864 0.1056330509516359 0
18.14942648032855 0.1101637469844716 0
14.80356747694423 0.3226988117042171 0
14.92852968330369 0.3229617655175461 0
2.994270108233193 0.1014922408379251 0
2.870360653329632 0.1010708073412152 0
4.841971403276971 4.475785613637942 0
9.44291584059763 4.236828673164784 0
9.398719623511035 4.355863152279037 0
9.281645473590661 4.312861257862012 0
9.325841690677258 4.19382677874776 0
9.362280657094146 4.274844965513399 0
15.78216083439548 3.159606808703602 0
15.73260997105881 3.038735142667243 0
15.83066327886848 3.062887031666671 0
10.85164368537339 0.9207454065694178 0
10.97309371562947 0.8188285182152759 0
11.10120705514252 0.9209324653821422 0
10.97642537025795 0.9208389359757803 0
16.01540618166099 0.1076544078040054 0
15.89273901846926 0.110178572301888 0
8.544185779099468 4.386426054140722 0
8.633158975786273 4.41759661921995 0
15.48852251282482 1.717965702444026 0
15.75559617774995 1.746506168468336 0
15.60694492358198 1.844800431877521 0
15.62205934528738 1.732235935456181 0
2.262165882491717 0.3025733447587795 0
2.379910636812491 0.3012907416134341 0
16.60325696721675 3.777777766435483 0
6.336447597957587 1.643411972043753 0
6.511077607309256 1.554187442115996 0
6.462452986589557 1.665398004297764 0
18.58327918944613 3.889962958455029 0
18.45107898006089 3.886284667776736 0
9.369330315090126 4.480635222786317 0
9.541171741550805 4.378845374041644 0
9.455251028320466 4.42974029841398 0
6.605736199099091 4.602483198277399 0
6.540698061032129 4.437568399204625 0
6.62749676171551 4.502898280192062 0
8.248735812314806 3.833784671181903 0
8.181444239914272 3.847795888668892 0
12.59108149943155 0.7186301903503529 0
12.70904599210422 0.6167227149888765 0
12.84171430243333 0.719567893025042 0
12.71639790093244 0.7190990416876977 0
11.22223800756005 0.8189926014454323 0
11.35074058229817 0.9211183004502077 0
11.22597381872035 0.921025382916175 0
14.67780761302837 0.3219727527114689 0
12.98702198193959 4.002268032792051 0
12.90672133248281 4.072110881538719 0
12.81981342875401 3.411244258308336 0
12.87003400112716 3.614703040619999 0
12.84492371494059 3.512973649464167 0
10.46023363574779 4.152495195168122 0
10.52164708553126 4.160205639716859 0
6.662080937593824 3.615931022093934 0
16.74547081013129 2.223115257321571 0
16.53983030454992 2.244578686000346 0
16.63120613513948 2.127572354579073 0
16.64265055734061 2.233846971660959 0
4.129177972630239 2.134558509650488 0
12.21589456658742 4.440153061694089 0
12.1654911220546 4.534525967644892 0
12.1414484441851 4.455316461817827 0
13.71122061854683 0.625299006744314 0
13.71903316236796 0.7288396110990816 0
0.5098071950533409 3.284572083575644 0
0.38160079455219 3.308101155659817 0
17.17753361036913 4.757187223184348 0
17.27283686748944 4.883182844435783 0
17.15126680518456 4.878593611592175 0
19.41978753551626 3.105283080205817 0
19.36630983127763 3.272632380134191 0
19.30466549953699 3.166659964037752 0
0.4509552209025891 0.9521269184038665 0
0.3578820764612978 0.9165407466097544 0
16.84072302507229 2.115437951944585 0
16.8458420788653 2.218635665587751 0
10.22328870712401 0.8182186278944992 0
10.35135648002878 0.9203121516168662 0
10.2266650357916 0.9202087956692622 0
19.14889260294969 4.284714920461487 0
19.25932328282927 4.416285657083725 0
19.14032250953816 4.408578392542751 0
17.99892759717234 4.880605994346304 0
18.12433627482908 4.876330171625826 0
11.29309012165688 3.952445297767543 0
11.2280910690345 3.998432158402297 0
8.017930639838365 1.93530439191828 0
8.160116127581578 1.833292049419146 0
8.267396020499817 1.935583094059925 0
8.142663330169091 1.935443742989102 0
9.075484735797431 4.418491351808707 0
9.225739969527876 4.475402073431885 0
9.178565104694046 4.36567630483536 0
0.1264135224032827 2.993853251461666 0
0.1254287861619012 3.113256760043396 0
3.631729248740562 4.312742310508685 0
3.67131536258848 4.415134881103038 0
3.948244673779847 1.881116717143583 0
3.831169845129652 1.909649680656071 0
19.03651527559467 4.155973157535149 0
18.91822122636074 4.15094123624538 0
1.403804521956186 4.461001125602929 0
1.518887821337405 4.47463532082642 0
9.565351228862632 4.190754287024138 0
9.524369797691223 4.278508511123862 0
9.483897271769038 4.149074449065061 0
9.50413353473013 4.213791480094461 0
11.79905078216826 3.155453315695623 0
11.91188026739136 3.253429975907453 0
11.8034892769312 3.251576784964717 0
11.84015720825897 0.7173307704998364 0
11.95807734820685 0.6152490909542125 0
12.09051725907386 0.717625396978784 0
11.96533723366642 0.7174780837393102 0
14.04929481508436 0.316302499704884 0
14.17473542373591 0.3176215689563877 0
1.532502823612226 0.0952478372101937 0
1.412195955203121 0.09992029167054817 0
19.86968274027265 0.2491461447889849 0
19.74468274027265 0.1241461447889849 0
19.87234137013633 0.1245730723944924 0
19.76066949997713 4.884472750006792 0
19.88566949997713 4.759472750006792 0
19.88033474998856 4.879736375003397 0
0.1187528720623732 4.756023712127403 0
0.2437528720623732 4.881023712127403 0
0.1218764360311866 4.878011856063702 0
16.88028699728336 1.062018889885942 0
16.77207274340997 1.077339845274465 0
8.446421974963533 4.015102247083782 0
8.461511245683198 3.954566021389951 0
7.070828836942337 1.71904674616228 0
7.212418725676018 1.617585817449841 0
7.313130400735059 1.724705491598506 0
7.191979618838698 1.721876118880393 0
15.37641950977981 0.7483820665844383 0
15.62274675729323 0.7053757397616305 0
15.49958313353652 0.7268789031730343 0
7.558144684045273 1.727830983734689 0
7.435637542390165 1.726268237666598 0
18.38126461102463 4.606137949896252 0
10.47230710969507 0.8183974271778727 0
10.60075046424393 0.9205050252629992 0
10.47605347213635 0.9204085884399327 0
14.39268530122345 0.1065710348499027 0
5.79186217984326 1.517758400037187 0
5.910761582560835 1.429635192324226 0
6.006742885572162 1.530148413966641 0
5.899302532707711 1.523953407001915 0
11.35432848761156 4.668001894803494 0
12.97472872968413 0.8227762854359328 0
12.97834566398996 0.9249000886501639 0
8.388825909435667 4.46139619933968 0
8.466505844267568 4.423911126740202 0
14.27344161304702 3.986527245958867 0
14.26981247401241 4.084583423016269 0
1.934448377669872 4.670402043642771 0
2.001589164461826 4.563507189827424 0
17.04881976319268 3.736719146418005 0
10.37355695258549 3.567349984309186 0
10.37338830784068 3.470877680078152 0
16.68879336873522 4.325517153951584 0
16.59668941414218 4.455029027726452 0
16.47412841645198 4.370145818560933 0
16.5814608925936 4.347831486256258 0
7.768600792565461 1.934877359297034 0
7.911292828613009 1.832586314656256 0
7.893265716201913 1.935090875607657 0
15.11835671077078 4.878703642102907 0
8.766422451376405 1.935898640517064 0
8.907696213741296 1.834302775637646 0
9.016400082018855 1.935999571679641 0
8.891411266697629 1.935949106098352 0
13.90883533414404 0.2100805281212699 0
13.89191766707202 0.1050402640606349 0
9.093488426245177 3.902161975875708 0
9.046536765918876 3.846504536881262 0
17.76772386556431 4.504475475336137 0
17.85081943014262 4.475864457957728 0
3.700260082263393 4.20586650471197 0
3.743453646764276 4.095303796614035 0
3.782590574666838 4.176732136706184 0
7.205122877050489 4.459824645499539 0
7.109694714017518 4.388329779161331 0
7.185317742013414 4.375141912140573 0
16.33525986106225 2.276519323576882 0
16.23574443913367 2.296254528615917 0
13.79841296640874 0.3139213713980391 0
13.92385389074655 0.3151119355514616 0
12.22327977720155 0.8200936132910641 0
12.22684803875446 0.9221413161083079 0
7.711894565967313 4.471450549316286 0
7.645165418374215 4.550063758501061 0
7.56573340407025 4.475537381836372 0
7.638813985018782 4.47349396557633 0
16.52238187924734 0.8361749174495134 0
16.53845603806306 0.9147639638877056 0
9.350928476734669 4.598236395297498 0
9.207338131172419 4.593003245943065 0
9.288334223131272 4.536819234364691 0
11.0899150443565 0.7167226772140602 0
11.20777364481255 0.6146431605255922 0
11.3400966080161 0.716913084756964 0
11.2150058261863 0.7168178809855119 0
17.22899330433853 4.526682484909324 0
17.24729826297697 4.401713583485662 0
13.68775302975546 0.4172342165973513 0
13.67319371939258 0.312953533904254 0
8.855022515238026 0.9184078125090365 0
8.975858908545396 0.8167217478921383 0
9.103092670158993 0.9188627623481744 0
8.97905759269851 0.9186352874286055 0
15.22217831200021 3.268715250016609 0
15.33996884800021 3.277434211742558 0
6.435733468356885 1.436225637716925 0
6.574535524694271 1.358489966645607 0
6.649879663646642 1.476451771044679 0
6.542806566001763 1.456338704380802 0
11.47269547124224 0.8192150807112935 0
11.47625326530652 0.9212465234841856 0
12.52710478476097 3.55792912605153 0
12.55399235670503 3.474726820075449 0
5.075209541556001 1.465838653618626 0
4.951341375267811 1.443396223112754 0
9.515967196325173 1.936121896234194 0
9.657013557456249 1.834700416697992 0
9.766088467682398 1.936173957022858 0
9.641027832003784 1.936147926628526 0
9.970610751984172 4.373900750174061 0
10.02518778127587 4.300997500906496 0
10.0990138256247 4.358034817534215 0
10.03481228880444 4.365967783854138 0
9.839970325388828 0.7157481698257344 0
9.957060840326994 0.6137406185438041 0
10.09045325202632 0.7159840690504791 0
9.965211788707572 0.7158661194381066 0
0.2366768458750332 0.1161964655999324 0
0.1116768458750332 0.2411964655999324 0
0.1183384229375175 0.1205982327999662 0
15.39282206204671 4.276341273709023 0
15.18418288586293 4.219847722879534 0
15.28850247395482 4.248094498294279 0
15.15004270412845 3.590736595366498 0
15.28187727254364 3.670407498971891 0
15.20008849234873 3.80021301677573 0
15.17506559823859 3.695474806071114 0
8.516425622397822 1.935759441176431 0
8.65769368308605 1.834062645134436 0
8.641424036887113 1.935829040846748 0
17.08675199401149 4.63421716979898 0
17.20326345735383 4.641934854046836 0
10.72264282691255 0.8186136472362251 0
10.72619707480866 0.9206252159162087 0
9.591304449494285 0.7155408872930198 0
9.715637387441557 0.7156445285593771 0
4.589971119004943 3.556879979584481 0
3.51671777867768 1.170789949838958 0
10.34001479919741 0.7161709020593245 0
10.45780646715079 0.6141376054914138 0
10.59009877764845 0.716364130609962 0
10.46505678842293 0.7162675163346433 0
13.87730053369041 3.9552985441 0
13.8966132146824 4.122443229145257 0
13.8869568741864 4.038870886622629 0
9.720751210006023 4.607773352289755 0
9.684909403374236 4.688933101870201 0
11.90545653036777 3.059386230209831 0
11.7927143208091 3.058928939568282 0
16.50960199685644 2.022838761892557 0
16.60732250437423 1.902013056605763 0
16.72892664265727 2.006746649292278 0
16.61926431975686 2.014792705592417 0
0.4317832481028869 3.747428484633436 0
5.049747273594895 3.383454707225474 0
4.966739822809732 3.36713491210828 0
8.113007154341229 0.9162899393250035 0
8.232317816717295 0.8149893868223079 0
8.358823966820244 0.9170999722668494 0
8.235915560580736 0.9166949557959265 0
3.603767810061953 4.221834301545795 0
11.71540700156 4.133893679637437 0
11.78814216093045 4.075141498844225 0
3.457169244975813 0.5215662422961564 0
3.333992761988188 0.5172939489015205 0
15.68744387758531 4.082671770760994 0
15.58978285580927 3.953681264628535 0
15.68812358630826 3.880142402582245 0
15.68778373194679 3.981407086671619 0
13.57388497575484 0.5196118670480891 0
13.44870539847591 0.5184090582122343 0
18.00179093240914 0.4894307581295907 0
17.98877829385663 0.6121101952157735 0
2.843386019025553 0.6014489104944172 0
2.849026727322521 0.5026022318190131 0
7.507905298743909 4.556066656139873 0
7.427960824730526 4.488842279054641 0
7.496847114400388 4.482189830445506 0
9.223887520037998 0.8170990508854681 0
9.351978964985605 0.9192387283865893 0
9.227535817572299 0.919050745367382 0
5.763151727687395 4.469567598029141 0
5.678709784354377 4.547526633060512 0
5.589040443777156 4.451257548372288 0
5.676096085732276 4.460412573200714 0
16.42172688158481 2.153145712839268 0
16.43754508280608 2.260549004788614 0
12.95941459616963 0.6178030459711141 0
12.82354541025752 0.5144574795023515 0
12.94838718001838 0.5150040278001824 0
6.848202411021659 4.292126599670461 0
6.93564241275694 4.395572778891024 0
6.846401444147231 4.381593500537288 0
15.34143022486577 3.848944757775688 0
15.25228208352915 3.877888793711139 0
16.36862970116142 4.496648962647649 0
16.4936427916517 4.605681212332012 0
16.37430433478692 4.618289429998997 0
10.26579867733211 1.936243426386437 0
10.40679682634482 1.834932061723371 0
10.51595604246139 1.936284071895992 0
10.39087735989675 1.936263749141215 0
16.23664632967143 4.388213584110297 0
16.04598053041088 4.443865773002866 0
16.14131343004115 4.416039678556581 0
9.47369596091808 0.8174492174677399 0
9.477222979765831 0.9194137973693537 0
4.492537371608337 4.027297680064946 0
4.558181650495495 4.107065675402253 0
4.466906599359676 4.177732421995154 0
4.479721985484007 4.10251505103005 0
15.30175663557997 1.110363841826968 0
15.14850196683036 0.9947606409064826 0
15.2701249102059 0.866383800048832 0
15.28594077289294 0.9883738209378996 0
15.60056343309461 3.607068430727696 0
15.68484808761569 3.52490525134481 0
9.265756216143284 1.936056364383479 0
9.406653234882922 1.834582824058614 0
9.390861706234228 1.936089130308836 0
7.80408463995831 1.729685310604171 0
7.94414299684271 1.627941592739123 0
8.05135118549741 1.730842596791208 0
7.92771791272786 1.730263953697689 0
8.175077964874875 3.074524003132298 0
8.065353720876477 3.196298929385925 0
8.06579237985607 3.079351746413433 0
8.605647579530306 0.91779346476426 0
8.726765732414728 0.8162182976348498 0
8.730335047384166 0.9181006386366484 0
17.00255296010899 0.522707765951357 0
8.39615660396451 4.055801936132166 0
7.386024689269433 0.9143288098197877 0
7.50089027516296 0.8139424110116074 0
7.625288593301308 0.9146595615333784 0
7.50565664128537 0.9144941856765831 0
7.948211485175642 4.216478013585975 0
8.0610060848083 4.306248214511678 0
7.967798673358955 4.300062768776013 0
12.69804552942658 0.5140940655467205 0
12.34100834516458 0.7180352930736984 0
12.46604492229807 0.7183327417120258 0
3.792745012108486 0.9654028770509799 0
11.01571305491946 1.936342535447653 0
11.15673434388512 1.835130742115272 0
11.2658949693117 1.936383643226677 0
11.14080401211558 1.936363089337165 0
15.73571168491062 1.948321002809892 0
15.61565666265608 1.94119793421829 0
12.20824582703689 0.6155670767614181 0
12.07260052234836 0.5129685602782788 0
12.19738477241603 0.5131143121518185 0
13.7925422452397 3.708791156753478 0
13.80600036117088 3.868730728558749 0
13.73786538410038 3.792967771114857 0
8.478322079670926 0.8156224708837396 0
8.482235773175274 0.9174467185155548 0
7.867279287148709 0.9154262539747142 0
7.986077539318286 0.8143496137304318 0
7.99014322074497 0.9158580966498588 0
9.28093789042736 4.013158004652592 0
9.170772756708002 3.955910974867641 0
9.254238623103181 3.918122291402776 0
0.604168559423929 2.165970282731647 0
0.5999674746849166 2.048641693914653 0
9.899182875932111 4.300688172768483 0
9.893117483391899 4.374886754895055 0
1.283646208580864 4.890043143702313 0
1.164201938121689 4.883129853912383 0
5.835348445091784 4.621028659961843 0
5.941400974508898 4.582887685448075 0
5.852276351098148 4.526227641738608 0
9.279718567478152 4.712559935179302 0
9.169898693402459 4.789982810010393 0
9.097518257096725 4.670426120774157 0
9.18861841228744 4.69149302797673 0
9.091594301738306 0.7149016376988879 0
9.209125702913109 0.6130530405933061 0
9.341418921212799 0.7152504537798863 0
9.216506611475554 0.715076045739387 0
2.719458759917009 0.6892466026103969 0
2.834173098053398 0.6965510393390353 0
15.79546890343229 1.879999184975159 0
15.81044715436678 1.96019496288607 0
5.31857993978426 1.483411312407198 0
5.196894740670131 1.474624983012911 0
17.96708172109901 0.3629100976207775 0
6.334508799225555 3.476916856910279 0
6.416256321019224 3.501409110580318 0
11.32842959699174 3.429206964209528 0
11.4049981291701 3.345181555863818 0
11.50360619658923 3.428115264118611 0
11.42703766441087 3.512140672464321 0
11.41601789679049 3.42866111416407 0
3.722042749207104 4.032229325707351 0
5.494909240436744 4.557123496361447 0
5.472118757353149 4.447173109608483 0
7.149355932445912 0.9152841969264529 0
7.261578553005687 0.8153853328297433 0
7.267690310857673 0.9148065033731205 0
8.547983024952444 1.732120119126113 0
8.687303134497075 1.630545270147021 0
8.797013792630681 1.732487796155344 0
8.672498408791562 1.732303957640729 0
17.31184857596564 0.6649834997346116 0
19.06346102768403 0.47278167081845 0
19.08229451425519 0.3512570002953472 0
0.713645415002528 4.16799066681314 0
0.8027410039150915 3.960629681586565 0
0.8420387636697573 4.100990268324029 0
16.40145946420872 2.039663197678412 0
6.699222299651361 0.9309676979980221 0
6.795261859194495 0.8319587393440369 0
6.919871329981413 0.9191938470128751 0
6.809546814816388 0.9250807725054484 0
6.974437612910716 1.607649793519657 0
6.950696208882152 1.713689152640721 0
10.0155284911655 1.936197019087617 0
10.15634120401471 1.834845008914995 0
10.1406635842488 1.936220222737027 0
1.190780559892509 4.434080323713498 0
1.297292540924349 4.447540724658213 0
3.782631600446965 3.766336992083218 0
5.559923786838926 1.500758826852376 0
5.439251863311593 1.492085069629787 0
9.387401007842268 4.076479654885103 0
9.303389790552309 4.103492391700176 0
11.76569126493289 1.936452714895838 0
11.90678846202178 1.835370414187228 0
12.01588666433228 1.936513135850449 0
11.89078896463259 1.936482925373144 0
11.94720951725087 0.5128436217633221 0
8.346683357052139 0.7135010930098737 0
8.463007626196138 0.6119171802076879 0
8.594646348814923 0.7140385580815538 0
8.470664852933531 0.7137698255457137 0
11.45775583894474 0.6148154777316199 0
11.32226883359253 0.5124086313482707 0
11.44696138533057 0.5124729621323243 0
6.181181441180827 1.543563209136681 0
6.093962163376494 1.536855811551661 0
16.94359125901413 2.004012911489047 0
17.05131256863415 1.901573157267261 0
17.15413307547006 2.015593856271334 0
17.0488621672421 2.009803383880191 0
7.741678157303946 0.8138813019050002 0
7.746283940225009 0.9150429077540463 0
9.296212572714827 1.732967720397884 0
9.435404417782562 1.631509620781088 0
9.545845079950658 1.733124724441817 0
9.421028826332742 1.733046222419851 0
0.1172897151157919 1.739813604029426 0
0.2366921001105045 1.850773223912749 0
0.1183460500552513 1.862886611956375 0
3.572072205545378 0.6309747087694073 0
3.561686104544984 0.7377689353541661 0
5.675892983341093 1.509258613444782 0
17.25873411411582 2.028618807418385 0
7.664622581291722 4.744932570931891 0
7.766880294288084 4.723930079866114 0
7.730872170243648 4.810186005226091 0
7.663757999319043 1.831459783323738 0
7.644512337072038 1.934527609941398 0
11.59035470217089 0.7171174736859491 0
11.71525595521493 0.7172241220928928 0
0.6114911338460516 2.398043477566593 0
0.4899315401759239 2.296124295105685 0
0.6078298466349903 2.28200688014912 0
4.495349538020127 4.337851156279851 0
4.470070223930163 4.41143334104925 0
12.51574734406472 1.936699103034006 0
12.65700730928438 1.835990774073673 0
12.76596521936041 1.936887107598726 0
12.64085628171257 1.936793105316366 0
6.493645746207197 0.9684809823894402 0
6.551407035634526 0.8714563679692067 0
6.596434022929279 0.9497243401937312 0
3.77535395127579 2.353277902143528 0
3.894636319190295 2.355113515307912 0
9.611263880302539 3.164708616138602 0
9.501539636304141 3.064782789153472 0
9.606817167557892 3.063556589789772 0
0.5370337252509554 0.9376881050934815 0
7.610727527130223 0.7125256714968238 0
7.723788837592249 0.6111868905338897 0
7.854739467765972 0.7125425209420659 0
7.732733497448097 0.7125340962194451 0
10.76541950632659 1.936297972010903 0
10.9062308098658 1.835045070899498 0
10.89056628062303 1.936320253729278 0
5.930610479136826 1.33482889262386 0
5.914779086565538 3.153788542769143 0
5.815262678163958 3.05735618467738 0
5.926962140282916 3.058096553105042 0
16.98015356123873 4.614750764319608 0
15.04746614204682 3.057965254606824 0
14.93208679961792 3.161303655838841 0
14.93689288441435 3.061854109639891 0
14.95267083525432 4.352422737614549 0
15.06954863209412 4.288386717091287 0
15.03984557316026 4.38479246597876 0
11.19694903544137 0.5123230495531841 0
10.04572178740439 1.733375677109005 0
10.18489344769547 1.632005323097832 0
10.2955128643058 1.733474654903822 0
10.17061732585509 1.733425166006414 0
13.73154365462459 4.332943582484519 0
13.82977193625712 4.275737959671595 0
13.81763061641644 4.362314013804317 0
12.81964745652898 3.293915006509337 0
8.408639181175248 1.833747098677297 0
8.391910821448819 1.935671267618178 0
10.70770482090873 0.6143044869575958 0
10.57226314651499 0.5119707246027996 0
10.69691660951034 0.5120310093184792 0
6.138102667310344 0.7564737978219542 0
6.26203630487897 0.6514255501016248 0
6.404286580475288 0.7765791038479404 0
6.271194623892816 0.7665264508349474 0
3.955923234423794 0.5358826007532571 0
3.705903668736905 0.5291940701428011 0
3.840248271538876 0.4255563433819125 0
3.830913451580349 0.5325383354480291 0
5.126992385804848 3.515324470888332 0
5.126158474566153 3.613504455702754 0
7.025953233740945 0.8199008999402722 0
7.034613631213664 0.917239021969664 0
7.056992122575249 3.489771796167378 0
6.965480268698624 3.528111701357758 0
6.98497891343465 3.45372692303945 0
4.107978170371962 0.2154570929244892 0
3.991416342422063 0.1070325604187436 0
4.116489085185981 0.1077285464622446 0
7.600063256885539 4.008038649878378 0
7.558142042239663 4.086102706502875 0
7.466150632877017 4.014668030094451 0
7.533106944881278 4.011353339986414 0
9.157058049542391 1.834460499504061 0
9.14107814908107 1.93602796803156 0
13.26560205668757 1.93763586600135 0
13.40641024104792 1.838366904304084 0
13.51542922539846 1.938326474861793 0
13.39051564104302 1.937981170431571 0
2.480798928405348 4.929846968901389 0
2.576546435075551 4.843555604303388 0
2.720747506670203 4.913708635401999 0
2.600773217537775 4.921777802151694 0
8.770083942942623 3.441819903607787 0
8.950510414248484 3.431893056563768 0
8.860297178595554 3.436856480085777 0
16.7152468075693 1.778729084158358 0
16.5980008863309 1.782939276911254 0
11.60509826009634 3.52573352731692 0
11.49075499717638 3.590970668966868 0
11.59076248931625 3.620309924185456 0
10.79556282170319 1.733671132822106 0
10.93475313212331 1.632385973983331 0
11.04542112028593 1.733759912060722 0
10.92049197099456 1.733715522441414 0
2.273286345652124 4.947716075013056 0
2.379085274057473 4.877563043914445 0
2.377042637028736 4.938781521957223 0
9.467995027937743 4.062730859022075 0
17.12764829637788 1.006434649146371 0
17.2107270480192 0.9453840213994513 0
6.877451689196432 1.499564544593726 0
6.763665676421537 1.488008157819202 0
11.51538244761072 1.936398812649313 0
11.65625617426601 1.835256090986092 0
11.64053685627181 1.936425763772576 0
9.906602923330786 1.834775539551415 0
9.890808479423946 1.936185488055237 0
14.17677195896539 3.882410921108233 0
13.98577412767881 3.874143041267925 0
14.0812730433221 3.878276981188079 0
6.893163037337992 0.7233600600670727 0
6.997323304469809 0.61976014951526 0
7.130113500872762 0.7163009893884595 0
7.011638269105377 0.7198305247277661 0
15.64233335327596 3.765633417870927 0
15.72614939839633 3.798199362143378 0
16.97062268463657 4.124185436767898 0
16.93623034362317 4.026590161309386 0
15.57485243994663 4.402520736449879 0
15.64622014968877 4.466706639223148 0
10.32167700804874 0.5117988791587704 0
10.44697007728186 0.5118848018807851 0
6.597701904200063 1.268054873923546 0
6.459419567911408 1.052773012985447 0
14.01258295225012 1.940681533481462 0
14.14743827316338 1.845116214098958 0
14.13598755054942 1.941355825329008 0
10.65644572637352 1.834986607347837 0
10.64068777439399 1.936291021953448 0
11.27356603432319 3.525834013696631 0
11.16797154826714 3.4622351400345 0
11.24820057262944 3.445721052122014 0
19.44051253695033 2.907735871627014 0
19.49758502959009 3.010812257289013 0
1.761323994704075 4.909716424259022 0
1.851940372005398 4.826617340179927 0
1.965616377301325 4.916900915920905 0
1.863470186002697 4.913308670089964 0
11.5456337481416 1.733965592542775 0
11.6849135674397 1.632788951966475 0
11.7955359935641 1.734079450409792 0
11.67058487085285 1.734022521476284 0
10.84024887017283 0.7165540035838589 0
10.96508195726467 0.7166383403989594 0
7.014062636207977 1.403867557154902 0
7.027049242293463 1.305619680408924 0
10.71984484990315 3.937616030419079 0
10.69968841866414 4.025372273988435 0
15.34848302931697 1.604681703766703 0
15.32629111920093 1.362263320794721 0
15.33738707425895 1.483472512280712 0
8.903940490150687 4.699261650105806 0
9.03226891242752 4.577805699103768 0
9.000729373623706 4.684843885439982 0
1.525243740373263 4.899451385201464 0
1.661567735077337 4.809167809460486 0
1.643283867538669 4.904583904730243 0
11.4064318076106 1.835187019316932 0
11.39063870846121 1.936391227937995 0
9.459027409789005 0.6133421236051659 0
9.323496708971426 0.511098744528554 0
9.448103177179055 0.5112010382758121 0
10.20717934409972 0.6139363432153044 0
10.07163318640938 0.5116381707415876 0
10.19665509722906 0.511718524950179 0
4.22456991746772 0.3255043922374341 0
4.349915133151271 0.3276764206272142 0
14.26649127168444 3.162079370314293 0
14.26002734400808 3.062241966877617 0
15.7076626584202 0.4734128231947672 0
15.54564054124253 0.3387104507528091 0
15.68576357575573 0.3496126895759222 0
12.26539872604624 1.936572694606003 0
12.406412744936 1.83567636108095 0
12.39057303505548 1.936635898820004 0
0.8210615037701068 4.515437299597613 0
6.634202731779471 4.195150683031875 0
6.767377191813887 4.206027050567084 0
6.700789961796679 4.20058886679948 0
12.15652399416934 1.835490393897393 0
12.14064269518926 1.936542915228226 0
9.162248651053085 3.310461519726507 0
9.131853730646769 3.413482361060519 0
9.025100265449982 3.380163000225799 0
9.093674458251535 3.345312259976152 0
12.29583123095006 1.734459667443447 0
12.43527691438183 1.633580297218534 0
12.54585842836776 1.734796990856036 0
12.42084482965891 1.734628329149742 0
9.946623147373478 0.511551214449246 0
12.99215212447022 3.872929095588316 0
13.05697928473237 3.936513673578133 0
6.188831794538509 4.630087657829863 0
6.409512663314768 4.638568095815907 0
6.299172228926638 4.634327876822885 0
12.9066959255258 1.836471444062206 0
13.01540788927193 1.937179773022539 0
12.89068655431617 1.937033440310632 0
3.657647646629847 2.351966127848795 0
0.7376214846440377 3.871748924508409 0
6.573420775252591 4.228592854618115 0
16.94204358469382 1.779796735281287 0
16.83179487659912 1.89532160883674 0
16.82864519613156 1.779262909719823 0
6.072058318340662 4.491191573658037 0
6.065116384523703 4.60648767163897 0
12.02072365023404 3.15745015405041 0
12.01881787470827 3.059927358745675 0
7.835179359035022 1.525130425616836 0
7.69847132468454 1.626056511015122 0
7.712881281703648 1.523919350397048 0
5.890287471198226 3.337983809937151 0
5.973977079270735 3.422367903694275 0
5.878896652040228 3.423491845291983 0
18.62905438428039 4.874812815910515 0
8.711508412758336 0.6123483818108526 0
8.576003560671449 0.5101866233689316 0
8.700062208920162 0.5103516770531049 0
13.65483446506351 1.840096721788599 0
13.76399820966894 1.939365683485865 0
13.6397137175337 1.938846079173829 0
7.111048559922262 1.511952806080833 0
7.229758651782542 1.5153719259027 0
5.350465156908368 4.890740816735921 0
15.14645062238416 3.158647278688232 0
15.15945413822638 3.060525921064587 0
13.04610148640331 1.736187415146468 0
13.18540453938918 1.636491157552263 0
13.29566388687305 1.737523944870625 0
13.15636083388718 1.83722020246483 0
13.17088268663818 1.736855680008547 0
11.35489774907343 3.562564970411001 0
11.42282637312491 3.576767819688934 0
9.198132462152115 0.5109513865398592 0
6.024360398732205 0.6494630689112024 0
5.893363089745247 0.5529014465111726 0
6.121597161396192 0.5463409720034362 0
6.007480125570719 0.5496212092573045 0
13.14050497297975 1.937407819511944 0
4.579431299406594 0.663324825280299 0
4.710868921404732 0.7935077494953127 0
4.575214240960739 0.7827070261532203 0
17.60576786624241 1.858305193073424 0
17.72839018638995 1.768031397116138 0
17.71304245756389 1.877964270377805 0
5.832638692862662 0.6444902204380731 0
5.716673355925268 0.5774754381364424 0
5.805018222835258 0.5651884423238076 0
10.21523402561186 0.7160774855549017 0
2.420720388540346 4.783140319437633 0
2.538598625845035 4.758721806734075 0
15.42229506304244 0.3319861355044296 0
13.79265202126228 1.742582739653618 0
13.92870560284627 1.646913764970923 0
14.03806984453337 1.746782805725572 0
13.90201626294938 1.842451780408267 0
13.91536093289782 1.744682772689595 0
19.50434909784363 3.367053844494942 0
19.63304204411804 3.372023653977525 0
5.136487884926137 4.209740854695339 0
5.178898767818876 4.280846591191405 0
7.957685396988859 1.52591781348137 0
8.575919324402831 1.528546674851547 0
8.438771925572869 1.629975228200898 0
8.451618025495309 1.52816152238086 0
5.699503869072268 3.153207189727766 0
5.703565722444591 3.057805876584354 0
4.090603235497936 0.4312626741765131 0
4.081403096569702 0.5393472531318775 0
5.594868146956538 0.5580232446588229 0
5.465090899763102 0.5393400288881578 0
5.53408992180773 0.4734911463592519 0
7.969285529464803 0.611158769334313 0
7.833732109934696 0.5093569350905314 0
7.95669685563694 0.5094219402365849 0
8.299428081795675 1.731602207752082 0
8.175389633646542 1.731222402271645 0
4.711500399225861 0.5549019252503764 0
4.950219448786547 0.5555639726643764 0
4.824315632167231 0.6600811557826893 0
4.830859924006204 0.5552329489573764 0
7.385087034044862 3.939476088301648 0
7.402489362083592 4.019285217711315 0
13.3333569237147 4.670444155350546 0
15.1072704827462 3.417561266048367 0
15.12865659343733 3.504148930707432 0
7.730065054254333 3.99631202229155 0
7.69393219295573 4.067746698699974 0
7.665064155569936 4.002175336084964 0
0.6085903028852844 3.30292028460872 0
18.31375238877333 1.189816189615617 0
17.85361992437007 1.682571761754709 0
17.97196953042539 1.599130954840151 0
17.95571675817124 1.702460591369177 0
9.624956380644397 4.263986639664386 0
9.5830640610976 4.321416006853015 0
8.451381254453961 0.5099936074307343 0
13.88829058095953 1.940023608483663 0
9.131082354356941 3.549166919726115 0
9.191538482271369 3.61421842776 0
9.125689050407074 3.622571567243086 0
5.425316050432837 0.6482184621388476 0
5.27863022693159 0.6005390277252296 0
5.371860563347346 0.5699395283066937 0
15.10652903793506 3.331264242988414 0
15.03080134831901 3.221196271660036 0
15.12648983015961 3.244955760838323 0
9.323209963048807 1.529820630689259 0
9.185991834141303 1.631277351554062 0
9.198234763945013 1.52965678040985 0
8.699798189581543 1.528809545888786 0
7.238248886204176 0.6143158321497479 0
7.100984722529388 0.5141523999174122 0
7.222238035180309 0.5125877010359408 0
2.239871614963878 4.855953555551908 0
2.330296001752112 4.819546937494771 0
19.08748538101388 0.5761489521099989 0
13.69948682415115 0.5212666116708327 0
16.8362589508357 2.005379780390662 0
3.85790937345179 0.2126260371550428 0
3.866454686725895 0.1063130185775218 0
7.710511321642628 0.5095362755414814 0
14.279026824906 1.751834699991619 0
14.4019770367209 1.660377838900546 0
14.51148290643681 1.755236993730661 0
14.3952548656714 1.75353584686114 0
16.62356902500693 4.579961823576944 0
14.62255936909787 1.658553322182487 0
14.62429001930438 1.75148885228098 0
10.07251861957577 1.530453344386314 0
9.935206211016752 1.631869787080129 0
9.947338732485107 1.530355893155498 0
13.49135875221449 3.357769725979568 0
6.510643204395922 0.6443632733170706 0
6.367322671887837 0.5417382011882128 0
6.490944423117666 0.5365177457927071 0
4.96940999722451 4.048019852277732 0
4.881301640493881 3.949146755695669 0
4.964471298451995 3.960134144672008 0
5.160009116456627 0.5790535964124377 0
5.022371872162633 0.6527921133204386 0
5.055114282621587 0.5673087845384068 0
9.046837310968867 1.732770130660239 0
8.921925551799774 1.732628963407792 0
9.447562479160661 1.529929842795823 0
6.456165551942703 4.525739719623733 0
6.50762443120693 4.620525647046653 0
7.245324830214813 3.79088103464314 0
7.319323413855138 3.879014057398682 0
7.251275900750822 3.870958344199158 0
10.50924658569311 3.216184021086668 0
10.53672191903179 3.300663186129138 0
3.398551832829085 4.673635184941492 0
3.277201592245059 4.681560084591499 0
18.24249250670784 4.235922827982986 0
18.09393678434201 1.526451666438636 0
18.18342764446538 1.54814389102786 0
17.05421602973246 1.786565472375965 0
3.626860560190138 2.801979953838558 0
1.982744115020997 4.770971779156267 0
1.803644634654272 4.726047604666432 0
1.893194374837636 4.74850969191135 0
6.979521164056856 0.517332535882898 0
10.82230500213733 1.530917853872316 0
10.6849742136457 1.632270631896795 0
10.69707001539193 1.530834198284632 0
4.957982240809885 0.746492488878987 0
4.834425581107308 0.7700001191871497 0
13.91447395515928 3.787575225726674 0
13.88985283067433 3.70169752983834 0
8.843627796358142 0.7145281213641481 0
8.967611049048223 0.7147148795315181 0
15.61559927066155 3.15781049460852 0
15.69203342613629 3.222266284920599 0
11.60265028455446 3.434360628422117 0
10.19698230349098 1.530517795114368 0
0.2513341676085687 2.334049819035013 0
0.1256670838042844 2.354524909517507 0
1.691073028243757 4.711385862710429 0
0.1166054640274954 1.128664063101491 0
12.96707166292688 0.7202896657035236 0
11.57248100547702 1.531378891432496 0
11.43504250741882 1.632650734954377 0
11.4471648970838 1.531287446279955 0
6.005910140128403 3.246867798958233 0
5.79915641763536 3.244904553748061 0
5.902533278881881 3.245886176353147 0
6.983121202856125 3.643670942136092 0
6.907932127471435 3.596332536976663 0
6.244459916642015 0.5440395865958245 0
9.796087346943153 1.733269649522539 0
9.670966213446905 1.733197186982178 0
7.304063867905226 4.501665852616977 0
7.242562284053001 4.545638088568627 0
9.147449346701229 4.894991405005197 0
5.252698552535835 0.7323739530300657 0
5.385523402658063 0.7757071982536106 0
5.295698507817898 0.8144243790368184 0
10.75402300755352 3.681718843188467 0
10.78126503522995 3.579512845265924 0
10.84244016752355 3.71423589471452 0
10.81185260137675 3.646874369990222 0
5.134077442060873 0.7108885217172736 0
5.20635383449623 0.6557137747212516 0
8.175696957455409 3.295882833591454 0
8.066101876146337 3.311806087896637 0
10.94682150010629 1.530972702736962 0
15.22809083014714 0.6429194911621139 0
15.20999193692689 0.5370676408510797 0
5.70490458403243 0.7120753012281527 0
5.583099375063701 0.6926231077505332 0
5.649886365494485 0.6350492729434878 0
7.1540539127228 3.53815432150397 0
7.139747927970626 3.456194794045889 0
5.907187647231487 0.7397250491170493 0
6.022645157270915 0.7480994234695018 0
15.09230312490035 4.18918329505756 0
5.046029841435379 0.7286905052981301 0
5.484311388860881 0.7341651530020719 0
6.159902723941776 3.436981449610915 0
6.275888250587564 3.377892564032524 0
6.247205761583665 3.456949153260597 0
5.806046115631959 0.7259001751726009 0
12.72412671769424 4.573385638871733 0
12.6988491895884 4.405060926092684 0
12.71148795364132 4.489223282482209 0
12.32283387268397 1.532126010197157 0
12.18526757494369 1.633216635200385 0
12.19734450850227 1.531945112975757 0
13.89588724442484 3.871436884913336 0
3.517248282113171 4.662843877245921 0
3.974011488402178 0.3212153748635682 0
3.724146156588489 0.3169670056733871 0
3.849078822495334 0.3190911902684777 0
12.78746919149636 4.677742546777065 0
12.68636863606601 4.659441034796842 0
8.100623601017116 0.7129658621226787 0
8.223653479034628 0.7132334775662763 0
13.35407558406556 4.321872399737462 0
13.42070023096336 4.289632921802477 0
10.6697983743468 4.366491289339789 0
10.78649244187378 4.309588912604202 0
10.83607430056995 4.425026165432604 0
10.75293633745838 4.395758727386196 0
15.4770312734273 3.898254669334505 0
15.51927364951638 4.103269296055299 0
15.49815246147184 4.000761982694902 0
10.33418570985446 4.213630216287733 0
10.39720967280112 4.183062705727927 0
17.63933322965651 1.636162839457197 0
17.76456296763663 1.550703204095768 0
17.74647657701329 1.659367300605953 0
11.6971379321889 1.531454915355213 0
18.702039887752 3.897132451310438 0
10.20128230757212 4.254437272132565 0
10.18939708646048 4.381121723478811 0
10.11089904673633 4.231350366187968 0
10.15014806659841 4.30623604483339 0
13.07350549655078 1.534736276495788 0
12.93575701074878 1.635055895135678 0
12.94804465054197 1.534086982461008 0
15.53556126099843 4.238000478686755 0
15.61150256929188 4.160336124723875 0
19.73252329257238 0.3749092199986173 0
19.86626164628619 0.3749546099993086 0
10.68034544896314 3.606183872769448 0
10.71386580050988 3.533733340400195 0
4.896685627970768 4.12392021868003 0
5.062972946089269 4.135746212669704 0
4.979829287030019 4.129833215674867 0
10.44267492491038 4.448914689468145 0
10.56456175287808 4.405648139033428 0
10.52156783627304 4.479342643248621 0
9.412980708003932 3.173095191140193 0
9.39795133741019 3.067749877290567 0
17.89495996855771 1.47384922022114 0
17.78816760062202 1.444026071981473 0
12.21576280211922 0.7178303450262411 0
7.653456779718196 4.155408835847823 0
7.733562560566373 4.141390600478832 0
10.54585711831604 1.733586106422526 0
10.42068499131092 1.733530380663174 0
7.366012346317876 4.495254065835809 0
6.304403608153529 1.504506259067008 0
6.258814519569206 1.593487590590217 0
6.923537340276519 4.219587481189212 0
6.845457266045202 4.212807265878149 0
12.44761159324428 1.532373140300785 0
13.81948986124744 1.544756529699634 0
13.68292336631704 1.642040889685129 0
13.69538563057128 1.542364061032899 0
18.01692722247434 1.401169931819625 0
17.99444837644986 1.500150443329888 0
0.3547813599329892 1.838632596661588 0
11.7231476214587 4.221845885963177 0
17.00396764683062 1.034226769516156 0
15.66520470785672 0.5893942814781987 0
13.65079158380968 4.370419278158224 0
7.3697139383371 0.7134001755910317 0
7.490220732733661 0.7129629235439281 0
9.10462740804283 3.97491923201112 0
16.88973090764753 4.260630157255868 0
16.78926213819138 4.293073655603726 0
4.561910427195573 4.268820182638094 0
4.481128068689902 4.257791789137503 0
16.99446298639439 4.227644889772239 0
9.986265059836626 4.231161621981032 0
10.04858205328648 4.2312559940845 0
13.19798725855926 1.535762506651522 0
18.86724197429251 0.1076130282321648 0
10.69373061398112 3.752527104409092 0
10.79574501229183 3.841880814734806 0
10.70678773194214 3.845071567414086 0
18.0466350286843 1.304292755381217 0
16.3553873730617 4.379179701335615 0
13.98257155615429 3.274347834700227 0
13.8629391885214 3.279200288798954 0
11.29584056688782 1.733872161728533 0
11.17063084358687 1.733816036894628 0
11.46522565509349 0.7170152792214566 0
8.67856288456116 3.352756211876624 0
8.676963866001959 3.447874878188323 0
16.61636494580866 0.1172907746511496 0
9.376040259521069 4.682598431587222 0
19.45906382560097 2.776554733376855 0
19.37690719831076 2.840114950199406 0
14.79067196428249 4.304911561867875 0
14.65588096612059 4.399719090988637 0
14.68439126299838 4.301092234606896 0
7.115300853439404 3.668111123349514 0
7.037521331825689 3.723122025591866 0
12.24374774295125 4.6376973341479 0
12.32964658757817 4.513621984655986 0
12.3580411428163 4.621341930933681 0
14.06319657980915 1.551975982862208 0
13.9413432205283 1.548366256280921 0
19.37846941240786 4.570303536136327 0
19.38476347823988 4.431210907046053 0
7.796403529050498 4.558250247804709 0
7.795907425981976 4.474462192943534 0
10.87582319743125 3.801915361803911 0
7.009389084157182 4.300005262912384 0
7.022668563387229 4.391951279026177 0
0.1163777052249841 1.616989942811501 0
18.38936579894319 0.1036775546503086 0
16.52367212470497 0.7271105358771028 0
16.61929242498644 0.6736506405525444 0
8.387253831507989 3.273388428374331 0
8.59009323303145 3.260105818464413 0
8.488673532269718 3.266747123419372 0
15.35613033223951 1.716502472646858 0
6.657763659555161 0.7392405374383371 0
6.775463348446577 0.7313002987527049 0
12.610131169898 4.26569028470959 0
12.6544901797432 4.335375605401138 0
14.78300597883708 1.450550741887797 0
14.62271737114763 1.502169287047791 0
14.67322512276284 1.422841161520097 0
14.30148572253357 1.562357270266987 0
14.16965839627599 1.653501291618233 0
14.18234115117136 1.557166626564597 0
14.52838834208996 1.575987220017175 0
14.41493703231177 1.569172245142081 0
4.625590532569705 4.879880159661139 0
6.074239395644445 4.395170327433289 0
9.840941490798395 4.231041038049955 0
9.913603275317511 4.231101330015494 0
12.04596033816297 1.734247361654331 0
11.92074816586354 1.734163406032062 0
11.38673290567082 3.252134331604466 0
10.71517382391064 0.7164590670969104 0
6.336779330793622 1.411737283654831 0
7.582868289455574 4.602397673486145 0
7.541603241132083 4.7020689247631 0
7.524754269937995 4.629067790451487 0
11.36563873062846 3.902595824113578 0
17.51029300409973 1.727762680408308 0
17.49677873311689 1.8396147963324 0
10.3723263242638 3.664303021388974 0
3.24281472382876 0.102677225282831 0
3.367365301058834 0.1033752273242081 0
12.30421832175971 4.422686585692741 0
9.072379547861647 3.48630448611981 0
9.190556537142063 3.476344794666825 0
9.131468042501856 3.481324640393317 0
19.38132267377492 3.403546106809944 0
8.339749923730562 4.556320929796852 0
8.244090726971443 4.51585543809682 0
8.316458318203555 4.48862581871825 0
3.118542416030976 0.1020847330603778 0
9.329053639214274 3.277971878480696 0
9.263644762442688 3.387665182808557 0
9.24565114513368 3.294216699103601 0
4.724898486937477 4.114336969572219 0
4.802846807209413 4.033465806294577 0
4.810792057454123 4.119128594126124 0
12.79635144987128 1.735339924051415 0
12.67110493911952 1.735068457453726 0
8.95754471165489 4.354735127458867 0
8.869965360888409 4.316838271544178 0
2.844798143040528 4.908558408725665 0
0.5871653717177185 4.179077252570996 0
19.76881786624477 4.649716440471471 0
19.88440893312238 4.637358220235735 0
0.2350447629853676 4.643281338867032 0
0.1175223814926838 4.634140669433516 0
14.71688839815554 1.584735389213102 0
14.62263837012275 1.580361304615139 0
19.15529954306184 4.159721680178588 0
7.837121332636062 3.981107921133302 0
7.896689016479399 3.996366511942818 0
12.53577882932097 3.639772924901397 0
15.01980694980474 1.113087744310385 0
15.01284195227461 0.9935893592504996 0
6.994250124559346 1.50575867533728 0
16.13591089206731 0.1067042986234905 0
15.62478714722287 3.060107529024731 0
14.27470965906222 3.887430547818667 0
11.33169578188475 4.272722960294077 0
4.023791091781665 1.826755961736394 0
15.95646601237861 4.414589231769466 0
9.466361685353544 0.715395670536453 0
17.87719489248592 4.884529158902654 0
13.54510581011827 1.73955487182011 0
13.42038484849566 1.738539408345367 0
6.212826154869456 3.262581513911409 0
6.318643030340931 3.28328189939458 0
0.3765519412102787 2.432945062622251 0
0.3706328538922463 2.315087057070349 0
19.45324355048476 4.692482221569485 0
19.34794938553886 4.675556034145538 0
7.132663495447079 3.140360720393341 0
7.11469839018214 3.051382641917141 0
2.091585269311754 4.908237480538852 0
2.037164692166376 4.839604629847559 0
5.131919135123891 3.309789825030012 0
5.12945576046437 3.412557147959172 0
9.328731081949163 3.66666115278089 0
9.435830829994147 3.563778879937946 0
9.426907638056456 3.666395434644949 0
12.89600236102926 4.682553174559354 0
0.1418419786784924 2.864309080678949 0
7.231543553715632 3.703384328195231 0
7.192798733219217 3.620769324849601 0
0.5402840564812532 0.3569416931870171 0
0.5829157864970149 0.4724203783843883 0
8.156999972891146 4.580431007775011 0
8.160962477659647 4.497784839430041 0
7.681114662001792 1.72875814716943 0
4.58558624816697 0.5528070911289622 0
14.09965745246833 3.338439142022922 0
14.27586376150488 3.33402811516029 0
14.18997045248079 3.379839101445433 0
10.95820503596318 4.347668136578443 0
10.89027029634497 4.249456075712935 0
10.97530648985326 4.263370823299418 0
19.5576512461051 4.69127050421407 0
19.5540544907522 4.891834167025175 0
19.50364902061848 4.79215819429733 0
17.66662558476185 4.567664916069584 0
17.65602053375052 4.672148721444967 0
16.46094822315367 0.7757507462014535 0
6.453981159796284 4.438332493441131 0
0.2292509948052128 0.3498798666425351 0
0.1146254974026064 0.3624399333212676 0
8.257926956854538 4.676899725333205 0
8.373589519954944 4.653654737444156 0
13.95011272440385 4.218436456499749 0
13.86319257546976 4.199090594408426 0
17.68532229668736 4.485185330170079 0
19.61046954818366 0.2458762278015638 0
19.61773477409183 0.1229381139007817 0
19.68972399072932 4.776306917031968 0
19.65736199536466 4.888153458515983 0
0.3499196273927083 4.768215520530648 0
0.3624598136963542 4.884107760265324 0
14.15854833471968 1.749308752858595 0
15.17166844562984 1.239823453099493 0
15.31402387739045 1.236313581310844 0
8.719137072586532 0.714283339722851 0
8.154456671901128 4.678700925974649 0
5.637219932840912 4.658416165567588 0
5.525978395005902 4.664233506638233 0
15.47651701335873 3.63332672919923 0
15.38268588497854 3.742581804783645 0
15.37919714295118 3.651867114085561 0
8.685924581557344 3.255981004603602 0
4.099290702934949 0.3233598835505012 0
3.59100070816734 0.4197856036695504 0
3.599704808742987 0.3147261548857179 0
13.27345102606103 4.316148986354341 0
8.281123850870618 3.179167822965 0
8.281475394481699 3.284635630982892 0
14.74293196817632 4.498196389602112 0
14.64226743101311 4.49339348159876 0
8.076970311957943 4.172177569789286 0
7.994353014389823 4.157431507679957 0
10.68703803147213 3.679355488589271 0
8.423705553374059 1.731861163439097 0
7.224667715658708 3.206435721663126 0
1.104205150206838 4.414156643389286 0
7.977681534391545 0.7127541915323721 0
1.404444974477062 4.894747264451888 0
2.13702448975709 0.3108191458395022 0
2.182435807481939 4.927976777775954 0
15.24910787017652 0.7546516456054728 0
9.516327940764645 3.267274824938557 0
9.432400871974988 3.37215151227906 0
9.42269078998946 3.272623351709626 0
10.32475639574296 4.440151474394323 0
10.23549820675537 4.471197389721732 0
7.783593193445197 3.988709971712426 0
19.60108515946994 0.3706738353960288 0
12.14261261873442 4.627826763188668 0
15.83890641794391 1.802773025389875 0
4.112223697036715 2.971139297123055 0
4.082132752562279 3.111900162626659 0
9.171524941841847 1.732868925529062 0
17.39389508121457 4.885681523898564 0
9.713250965360571 4.528616015308433 0
0.3036116764684316 0.2298252857267409 0
0.4129309141549555 0.3134644648270006 0
0.3210909544800842 0.3316721657347683 0
4.647048449354314 4.193593656923798 0
4.648986566667082 4.278216788603876 0
19.46674649584493 2.672321939401691 0
15.51828693354007 3.791891716342462 0
15.42985857920292 3.820418237059075 0
7.249913719604931 0.7148505824897455 0
4.121088714677644 2.872504471123301 0
7.000917157694003 4.218161974071417 0
1.768126141826189 0.09364292846533218 0
1.887741726018788 0.09659189219194175 0
1.650314482719207 0.09444538283776271 0
10.59937026651284 4.333863719250032 0
0.5000244308540012 2.497416029972733 0
0.6084884812529516 2.507630043895661 0
9.694761351898823 4.221211033083656 0
9.630056290380727 4.205982660053897 0
8.283401688851539 3.070786193202971 0
4.641540068716486 4.110701322487236 0
9.920904567173769 1.733322663315772 0
19.66323455617493 4.67049347234277 0
0.3481972319565969 4.651935252827073 0
14.92503417548298 3.33231238295819 0
14.92856048755045 3.246808019398515 0
13.00837915484508 3.770284355688549 0
12.95783935651677 3.664185302655896 0
13.04275985198685 3.688917368914354 0
10.37927639601988 3.12472599265267 0
10.39122440853725 3.043565278046806 0
12.89582538441226 3.763463535017965 0
12.88292969276971 3.689083287818983 0
9.011444981055066 3.459098771341789 0
15.02140568742225 1.243900306136854 0
14.16970767403028 3.223687718337588 0
14.07613961509229 3.249017776518908 0
6.531025120015224 0.7579098206431389 0
5.13335833997585 4.14746339861809 0
10.93349768135772 4.442619855212738 0
10.67070997000961 1.733628619622316 0
9.344928641342333 3.46941138224868 0
9.434115850984568 3.467965196108503 0
8.325353976363457 3.823043689103429 0
17.52652450487699 1.61290092943124 0
4.469481836157969 3.954141959484261 0
7.70210062613838 4.623782045066825 0
7.639803497219738 4.676115960051909 0
7.642484457796977 4.613089859276485 0
6.68103310424422 3.327167389502128 0
6.703732742297207 3.396183952689671 0
12.60518993368158 4.188597192928389 0
11.09031917719854 3.494630967113013 0
5.147906918593509 3.150866467932124 0
5.118628169616993 3.056635515686533 0
12.02202974322006 3.255013155435065 0
11.42073715751471 1.733918877135654 0
5.695512592180291 3.24743106617008 0
3.581536456856359 0.5253801562194789 0
9.614211319788144 3.264728434667444 0
14.27117751659466 3.248053742737292 0
7.580409500624361 4.162774725424681 0
15.01615232911459 3.374936824503278 0
14.84052830265715 4.427196512288862 0
14.8716713997684 4.328667149741213 0
11.29640275051802 3.585097314449583 0
2.511053704202684 0.6905642745089531 0
2.445375782880795 0.7576696745497711 0
12.94398875444124 3.818196315303141 0
14.04732235267395 4.236308767420971 0
17.58021973466354 0.8222686219197348 0
12.17089578455651 1.734353514548889 0
8.994906812041206 4.466270413281318 0
7.378246092002543 3.754367016313361 0
7.304894822859088 3.728875672254295 0
12.92122646813729 1.735763669598942 0
10.81046026430147 4.228373904235882 0
4.795711156131326 3.944324109843168 0
13.66887891569028 1.741068805736864 0
15.48383725099667 4.339431005079451 0
14.81305050779989 1.544818847630125 0
8.762692025915111 4.664679311380036 0
7.603112911211903 4.723500747847495 0
5.736284188966348 4.639722412764716 0
5.139913026858699 3.230328146481068 0
14.82177379903493 4.506309048101492 0
0.4419348305933966 0.1136288201268085 0
0.3393058382342176 0.1149126428633704 0
6.714930602742417 3.218133348360948 0
6.62692401540871 3.254173847885077 0
13.1081057720192 4.494384957191748 0
6.75890729568574 3.135941314539085 0
6.087454892128102 3.347322051613312 0
6.066939901606256 3.429674676652595 0
0.4911094435373258 0.2352852566569128 0
2.615256232059847 0.6899054385596748 0
9.76785142134861 4.226126035566806 0
15.55942518331734 3.699480073535079 0
9.271840416041709 3.558090994106947 0
9.260134782110267 3.640439790270445 0
6.109368147498929 3.254724656434821 0
0.3931760198173873 2.542164688611445 0
9.267742589242198 3.472878088457752 0
10.44426149085649 3.170455006869669 0
10.31953904153531 4.306553001157793 0
10.26773400871329 4.234033744210149 0
8.12468339453056 4.245176240058411 0
10.38110698322285 4.377733845312969 0
7.781641911669291 4.641090163835411 0
7.381666563023703 3.846921552307504 0
12.58565813224428 3.065094979490248 0
$EndNodes
$Elements
40 9560 1 9560
1 9 1 4
1 1 29 
2 29 30 
3 30 31 
4 31 2 
1 13 1 8
5 3 32 
6 32 33 
7 33 34 
8 34 35 
9 35 36 
10 36 37 
11 37 38 
12 38 4 
1 17 1 8
13 5 39 
14 39 40 
15 40 41 
16 41 42 
17 42 43 
18 43 44 
19 44 45 
20 45 6 
1 21 1 4
21 7 46 
22 46 47 
23 47 48 
24 48 8 
1 25 1 4
25 9 49 
26 49 50 
27 50 51 
28 51 10 
1 26 1 160
29 11 52 
30 52 53 
31 53 54 
32 54 55 
33 55 56 
34 56 57 
35 57 58 
36 58 59 
37 59 60 
38 60 61 
39 61 62 
40 62 63 
41 63 64 
42 64 65 
43 65 66 
44 66 67 
45 67 68 
46 68 69 
47 69 70 
48 70 71 
49 71 72 
50 72 73 
51 73 74 
52 74 75 
53 75 76 
54 76 77 
55 77 78 
56 78 79 
57 79 80 
58 80 81 
59 81 82 
60 82 83 
61 83 84 
62 84 85 
63 85 86 
64 86 87 
65 87 88 
66 88 89 
67 89 90 
68 90 91 
69 91 92 
70 92 93 
71 93 94 
72 94 95 
73 95 96 
74 96 97 
75 97 98 
76 98 99 
77 99 100 
78 100 101 
79 101 102 
80 102 103 
81 103 104 
82 104 105 
83 105 106 
84 106 107 
85 107 108 
86 108 109 
87 109 110 
88 110 111 
89 111 112 
90 112 113 
91 113 114 
92 114 115 
93 115 116 
94 116 117 
95 117 118 
96 118 119 
97 119 120 
98 120 121 
99 121 122 
100 122 123 
101 123 124 
102 124 125 
103 125 126 
104 126 127 
105 127 128 
106 128 129 
107 129 130 
108 130 131 
109 131 132 
110 132 133 
111 133 134 
112 134 135 
113 135 136 
114 136 137 
115 137 138 
116 138 139 
117 139 140 
118 140 141 
119 141 142 
120 142 143 
121 143 144 
122 144 145 
123 145 146 
124 146 147 
125 147 148 
126 148 149 
127 149 150 
128 150 151 
129 151 152 
130 152 153 
131 153 154 
132 154 155 
133 155 156 
134 156 157 
135 157 158 
136 158 159 
137 159 160 
138 160 161 
139 161 162 
140 162 163 
141 163 164 
142 164 165 
143 165 166 
144 166 167 
145 167 168 
146 168 169 
147 169 170 
148 170 171 
149 171 172 
150 172 173 
151 173 174 
152 174 175 
153 175 176 
154 176 177 
155 177 178 
156 178 179 
157 179 180 
158 180 181 
159 181 182 
160 182 183 
161 183 184 
162 184 185 
163 185 186 
164 186 187 
165 187 188 
166 188 189 
167 189 190 
168 190 191 
169 191 192 
170 192 193 
171 193 194 
172 194 195 
173 195 196 
174 196 197 
175 197 198 
176 198 199 
177 199 200 
178 200 201 
179 201 202 
180 202 203 
181 203 204 
182 204 205 
183 205 206 
184 206 207 
185 207 208 
186 208 209 
187 209 210 
188 210 12 
1 27 1 40
189 13 211 
190 211 212 
191 212 213 
192 213 214 
193 214 215 
194 215 216 
195 216 217 
196 217 218 
197 218 219 
198 219 220 
199 220 221 
200 221 222 
201 222 223 
202 223 224 
203 224 225 
204 225 226 
205 226 227 
206 227 228 
207 228 229 
208 229 230 
209 230 231 
210 231 232 
211 232 233 
212 233 234 
213 234 235 
214 235 236 
215 236 237 
216 237 238 
217 238 239 
218 239 240 
219 240 241 
220 241 242 
221 242 243 
222 243 244 
223 244 245 
224 245 246 
225 246 247 
226 247 248 
227 248 249 
228 249 11 
1 28 1 40
229 12 250 
230 250 251 
231 251 252 
232 252 253 
233 253 254 
234 254 255 
235 255 256 
236 256 257 
237 257 258 
238 258 259 
239 259 260 
240 260 261 
241 261 262 
242 262 263 
243 263 264 
244 264 265 
245 265 266 
246 266 267 
247 267 268 
248 268 269 
249 269 270 
250 270 271 
251 271 272 
252 272 273 
253 273 274 
254 274 275 
255 275 276 
256 276 277 
257 277 278 
258 278 279 
259 279 280 
260 280 281 
261 281 282 
262 282 283 
263 283 284 
264 284 285 
265 285 286 
266 286 287 
267 287 288 
268 288 14 
1 29 1 160
269 14 289 
270 289 290 
271 290 291 
272 291 292 
273 292 293 
274 293 294 
275 294 295 
276 295 296 
277 296 297 
278 297 298 
279 298 299 
280 299 300 
281 300 301 
282 301 302 
283 302 303 
284 303 304 
285 304 305 
286 305 306 
287 306 307 
288 307 308 
289 308 309 
290 309 310 
291 310 311 
292 311 312 
293 312 313 
294 313 314 
295 314 315 
296 315 316 
297 316 317 
298 317 318 
299 318 319 
300 319 320 
301 320 321 
302 321 322 
303 322 323 
304 323 324 
305 324 325 
306 325 326 
307 326 327 
308 327 328 
309 328 329 
310 329 330 
311 330 331 
312 331 332 
313 332 333 
314 333 334 
315 334 335 
316 335 336 
317 336 337 
318 337 338 
319 338 339 
320 339 340 
321 340 341 
322 341 342 
323 342 343 
324 343 344 
325 344 345 
326 345 346 
327 346 347 
328 347 348 
329 348 349 
330 349 350 
331 350 351 
332 351 352 
333 352 353 
334 353 354 
335 354 355 
336 355 356 
337 356 357 
338 357 358 
339 358 359 
340 359 360 
341 360 361 
342 361 362 
343 362 363 
344 363 364 
345 364 365 
346 365 366 
347 366 367 
348 367 368 
349 368 369 
350 369 370 
351 370 371 
352 371 372 
353 372 373 
354 373 374 
355 374 375 
356 375 376 
357 376 377 
358 377 378 
359 378 379 
360 379 380 
361 380 381 
362 381 382 
363 382 383 
364 383 384 
365 384 385 
366 385 386 
367 386 387 
368 387 388 
369 388 389 
370 389 390 
371 390 391 
372 391 392 
373 392 393 
374 393 394 
375 394 395 
376 395 396 
377 396 397 
378 397 398 
379 398 399 
380 399 400 
381 400 401 
382 401 402 
383 402 403 
384 403 404 
385 404 405 
386 405 406 
387 406 407 
388 407 408 
389 408 409 
390 409 410 
391 410 411 
392 411 412 
393 412 413 
394 413 414 
395 414 415 
396 415 416 
397 416 417 
398 417 418 
399 418 419 
400 419 420 
401 420 421 
402 421 422 
403 422 423 
404 423 424 
405 424 425 
406 425 426 
407 426 427 
408 427 428 
409 428 429 
410 429 430 
411 430 431 
412 431 432 
413 432 433 
414 433 434 
415 434 435 
416 435 436 
417 436 437 
418 437 438 
419 438 439 
420 439 440 
421 440 441 
422 441 442 
423 442 443 
424 443 444 
425 444 445 
426 445 446 
427 446 447 
428 447 13 
1 30 1 92
429 15 448 
430 448 449 
431 449 450 
432 450 451 
433 451 452 
434 452 453 
435 453 454 
436 454 455 
437 455 456 
438 456 457 
439 457 458 
440 458 459 
441 459 460 
442 460 461 
443 461 462 
444 462 463 
445 463 464 
446 464 465 
447 465 466 
448 466 467 
449 467 468 
450 468 469 
451 469 470 
452 470 471 
453 471 472 
454 472 473 
455 473 474 
456 474 475 
457 475 476 
458 476 477 
459 477 478 
460 478 479 
461 479 480 
462 480 481 
463 481 482 
464 482 483 
465 483 484 
466 484 485 
467 485 486 
468 486 487 
469 487 488 
470 488 489 
471 489 490 
472 490 491 
473 491 492 
474 492 493 
475 493 494 
476 494 495 
477 495 496 
478 496 497 
479 497 498 
480 498 499 
481 499 500 
482 500 501 
483 501 502 
484 502 503 
485 503 504 
486 504 505 
487 505 506 
488 506 507 
489 507 508 
490 508 509 
491 509 510 
492 510 511 
493 511 512 
494 512 513 
495 513 514 
496 514 515 
497 515 516 
498 516 517 
499 517 518 
500 518 519 
501 519 520 
502 520 521 
503 521 522 
504 522 523 
505 523 524 
506 524 525 
507 525 526 
508 526 527 
509 527 528 
510 528 529 
511 529 530 
512 530 531 
513 531 532 
514 532 533 
515 533 534 
516 534 535 
517 535 536 
518 536 537 
519 537 538 
520 538 16 
1 31 1 8
521 16 539 
522 539 540 
523 540 541 
524 541 542 
525 542 543 
526 543 544 
527 544 545 
528 545 17 
1 32 1 8
529 17 546 
530 546 547 
531 547 548 
532 548 549 
533 549 550 
534 550 551 
535 551 552 
536 552 10 
1 33 1 12
537 10 553 
538 553 554 
539 554 555 
540 555 556 
541 556 557 
542 557 558 
543 558 559 
544 559 560 
545 560 561 
546 561 562 
547 562 563 
548 563 18 
1 34 1 4
549 18 564 
550 564 565 
551 565 566 
552 566 19 
1 35 1 12
553 19 567 
554 567 568 
555 568 569 
556 569 570 
557 570 571 
558 571 572 
559 572 573 
560 573 574 
561 574 575 
562 575 576 
563 576 577 
564 577 9 
1 36 1 16
565 9 578 
566 578 579 
567 579 580 
568 580 581 
569 581 582 
570 582 583 
571 583 584 
572 584 585 
573 585 586 
574 586 587 
575 587 588 
576 588 589 
577 589 590 
578 590 591 
579 591 592 
580 592 8 
1 37 1 12
581 8 593 
582 593 594 
583 594 595 
584 595 596 
585 596 597 
586 597 598 
587 598 599 
588 599 600 
589 600 601 
590 601 602 
591 602 603 
592 603 20 
1 38 1 4
593 20 604 
594 604 605 
595 605 606 
596 606 21 
1 39 1 12
597 21 607 
598 607 608 
599 608 609 
600 609 610 
601 610 611 
602 611 612 
603 612 613 
604 613 614 
605 614 615 
606 615 616 
607 616 617 
608 617 7 
1 40 1 16
609 7 618 
610 618 619 
611 619 620 
612 620 621 
613 621 622 
614 622 623 
615 623 624 
616 624 625 
617 625 626 
618 626 627 
619 627 628 
620 628 629 
621 629 630 
622 630 631 
623 631 632 
624 632 6 
1 41 1 12
625 6 633 
626 633 634 
627 634 635 
628 635 636 
629 636 637 
630 637 638 
631 638 639 
632 639 640 
633 640 641 
634 641 642 
635 642 643 
636 643 22 
1 42 1 8
637 22 644 
638 644 645 
639 645 646 
640 646 647 
641 647 648 
642 648 649 
643 649 650 
644 650 23 
1 43 1 12
645 23 651 
646 651 652 
647 652 653 
648 653 654 
649 654 655 
650 655 656 
651 656 657 
652 657 658 
653 658 659 
654 659 660 
655 660 661 
656 661 5 
1 44 1 16
657 5 662 
658 662 663 
659 663 664 
660 664 665 
661 665 666 
662 666 667 
663 667 668 
664 668 669 
665 669 670 
666 670 671 
667 671 672 
668 672 673 
669 673 674 
670 674 675 
671 675 676 
672 676 4 
1 45 1 8
673 4 677 
674 677 678 
675 678 679 
676 679 680 
677 680 681 
678 681 682 
679 682 683 
680 683 24 
1 46 1 8
681 24 684 
682 684 685 
683 685 686 
684 686 687 
685 687 688 
686 688 689 
687 689 690 
688 690 25 
1 47 1 8
689 25 691 
690 691 692 
691 692 693 
692 693 694 
693 694 695 
694 695 696 
695 696 697 
696 697 3 
1 48 1 16
697 3 698 
698 698 699 
699 699 700 
700 700 701 
701 701 702 
702 702 703 
703 703 704 
704 704 705 
705 705 706 
706 706 707 
707 707 708 
708 708 709 
709 709 710 
710 710 711 
711 711 712 
712 712 2 
1 49 1 12
713 2 713 
714 713 714 
715 714 715 
716 715 716 
717 716 717 
718 717 718 
719 718 719 
720 719 720 
721 720 721 
722 721 722 
723 722 723 
724 723 26 
1 50 1 4
725 26 724 
726 724 725 
727 725 726 
728 726 27 
1 51 1 12
729 27 727 
730 727 728 
731 728 729 
732 729 730 
733 730 731 
734 731 732 
735 732 733 
736 733 734 
737 734 735 
738 735 736 
739 736 737 
740 737 1 
1 52 1 8
741 1 738 
742 738 739 
743 739 740 
744 740 741 
745 741 742 
746 742 743 
747 743 744 
748 744 28 
1 53 1 8
749 28 745 
750 745 746 
751 746 747 
752 747 748 
753 748 749 
754 749 750 
755 750 751 
756 751 15 
2 2 3 996
757 834 948 952 951 
758 948 792 949 952 
759 952 949 835 950 
760 951 952 950 832 
761 469 953 956 468 
762 953 812 954 956 
763 956 954 912 955 
764 468 956 955 467 
765 874 957 961 960 
766 957 822 958 961 
767 961 958 909 959 
768 960 961 959 786 
769 830 962 966 965 
770 962 774 963 966 
771 966 963 907 964 
772 965 966 964 831 
773 916 967 971 970 
774 967 788 968 971 
775 971 968 833 969 
776 970 971 969 836 
777 809 972 976 975 
778 972 810 973 976 
779 976 973 811 974 
780 975 976 974 780 
781 836 977 980 970 
782 977 941 978 980 
783 980 978 823 979 
784 970 980 979 916 
785 798 981 985 984 
786 981 797 982 985 
787 985 982 762 983 
788 984 985 983 802 
789 832 950 989 988 
790 950 835 986 989 
791 989 986 775 987 
792 988 989 987 877 
793 858 990 994 993 
794 990 785 991 994 
795 994 991 860 992 
796 993 994 992 859 
797 880 995 999 998 
798 995 770 996 999 
799 999 996 918 997 
800 998 999 997 862 
801 788 1000 1002 968 
802 1000 505 506 1002 
803 1002 506 507 1001 
804 968 1002 1001 833 
805 937 1003 1007 1006 
806 1003 863 1004 1007 
807 1007 1004 945 1005 
808 1006 1007 1005 773 
809 838 1008 1012 1011 
810 1008 778 1009 1012 
811 1012 1009 902 1010 
812 1011 1012 1010 820 
813 884 1013 1016 1015 
814 1013 831 964 1016 
815 1016 964 907 1014 
816 1015 1016 1014 758 
817 890 1017 1021 1020 
818 1017 840 1018 1021 
819 1021 1018 901 1019 
820 1020 1021 1019 756 
821 801 1022 1026 1025 
822 1022 802 1023 1026 
823 1026 1023 804 1024 
824 1025 1026 1024 803 
825 802 1022 1029 984 
826 1022 801 1027 1029 
827 1029 1027 800 1028 
828 984 1029 1028 798 
829 463 1030 1033 462 
830 1030 861 1031 1033 
831 1033 1031 785 1032 
832 462 1033 1032 461 
833 780 1034 1036 975 
834 1034 471 472 1036 
835 1036 472 473 1035 
836 975 1036 1035 809 
837 839 1037 1041 1040 
838 1037 889 1038 1041 
839 1041 1038 931 1039 
840 1040 1041 1039 843 
841 521 1042 1045 520 
842 1042 849 1043 1045 
843 1045 1043 792 1044 
844 520 1045 1044 519 
845 843 1046 1049 1040 
846 1046 842 1047 1049 
847 1049 1047 837 1048 
848 1040 1049 1048 839 
849 818 1050 1053 1052 
850 1050 900 1051 1053 
851 1053 1051 786 959 
852 1052 1053 959 909 
853 798 1054 1057 981 
854 1054 776 1055 1057 
855 1057 1055 475 1056 
856 981 1057 1056 797 
857 891 1058 1062 1061 
858 1058 841 1059 1062 
859 1062 1059 924 1060 
860 1061 1062 1060 754 
861 3 1063 1066 32 
862 1063 886 1064 1066 
863 1066 1064 752 1065 
864 32 1066 1065 33 
865 864 1067 1070 1069 
866 1067 479 480 1070 
867 1070 480 481 1068 
868 1069 1070 1068 947 
869 934 1071 1073 1072 
870 1071 835 949 1073 
871 1073 949 792 1043 
872 1072 1073 1043 849 
873 864 1074 1076 1067 
874 1074 762 1075 1076 
875 1076 1075 477 478 
876 1067 1076 478 479 
877 855 1077 1080 1079 
878 1077 457 458 1080 
879 1080 458 459 1078 
880 1079 1080 1078 858 
881 829 1081 1084 1083 
882 1081 515 516 1084 
883 1084 516 517 1082 
884 1083 1084 1082 834 
885 859 1085 1087 993 
886 1085 856 1086 1087 
887 1087 1086 855 1079 
888 993 1087 1079 858 
889 475 1055 1089 474 
890 1055 776 1088 1089 
891 1089 1088 809 1035 
892 474 1089 1035 473 
893 495 1090 1093 494 
894 1090 778 1091 1093 
895 1093 1091 837 1092 
896 494 1093 1092 493 
897 800 1094 1096 1028 
898 1094 799 1095 1096 
899 1096 1095 776 1054 
900 1028 1096 1054 798 
901 854 1097 1101 1100 
902 1097 853 1098 1101 
903 1101 1098 852 1099 
904 1100 1101 1099 782 
905 884 1102 1104 1013 
906 1102 826 1103 1104 
907 1104 1103 830 965 
908 1013 1104 965 831 
909 824 1105 1108 1107 
910 1105 511 512 1108 
911 1108 512 513 1106 
912 1107 1108 1106 781 
913 793 1109 1112 1111 
914 1109 527 528 1112 
915 1112 528 529 1110 
916 1111 1112 1110 871 
917 783 1113 1117 1116 
918 1113 824 1114 1117 
919 1117 1114 825 1115 
920 1116 1117 1115 827 
921 779 1118 1121 1120 
922 1118 485 486 1121 
923 1121 486 487 1119 
924 1120 1121 1119 846 
925 900 1122 1125 1124 
926 1122 819 1123 1125 
927 1125 1123 820 1010 
928 1124 1125 1010 902 
929 934 1072 1129 1128 
930 1072 849 1126 1129 
931 1129 1126 794 1127 
932 1128 1129 1127 850 
933 762 982 1130 1075 
934 982 797 1056 1130 
935 1130 1056 475 476 
936 1075 1130 476 477 
937 832 1131 1133 951 
938 1131 830 1132 1133 
939 1133 1132 829 1083 
940 951 1133 1083 834 
941 860 1134 1137 1136 
942 1134 918 996 1137 
943 1137 996 770 1135 
944 1136 1137 1135 873 
945 830 1131 1139 962 
946 1131 832 988 1139 
947 1139 988 877 1138 
948 962 1139 1138 774 
949 868 1140 1144 1143 
950 1140 865 1141 1144 
951 1144 1141 535 1142 
952 1143 1144 1142 790 
953 457 1077 1147 456 
954 1077 855 1145 1147 
955 1147 1145 782 1146 
956 456 1147 1146 455 
957 778 1008 1149 1091 
958 1008 838 1148 1149 
959 1149 1148 839 1048 
960 1091 1149 1048 837 
961 808 1150 1154 1153 
962 1150 806 1151 1154 
963 1154 1151 804 1152 
964 1153 1154 1152 864 
965 852 1155 1156 1099 
966 1155 453 454 1156 
967 1156 454 455 1146 
968 1099 1156 1146 782 
969 824 1107 1159 1114 
970 1107 781 1157 1159 
971 1159 1157 826 1158 
972 1114 1159 1158 825 
973 838 1160 1162 1148 
974 1160 841 1161 1162 
975 1162 1161 889 1037 
976 1148 1162 1037 839 
977 515 1081 1164 514 
978 1081 829 1163 1164 
979 1164 1163 781 1106 
980 514 1164 1106 513 
981 833 1001 1167 1166 
982 1001 507 508 1167 
983 1167 508 509 1165 
984 1166 1167 1165 783 
985 47 46 1171 1170 
986 46 7 1168 1171 
987 1171 1168 760 1169 
988 1170 1171 1169 879 
989 812 953 1173 1172 
990 953 469 470 1173 
991 1173 470 471 1034 
992 1172 1173 1034 780 
993 841 1058 1176 1161 
994 1058 891 1174 1176 
995 1176 1174 755 1175 
996 1161 1176 1175 889 
997 531 1177 1179 530 
998 1177 869 1178 1179 
999 1179 1178 871 1110 
1000 530 1179 1110 529 
1001 787 1180 1183 1182 
1002 1180 862 997 1183 
1003 1183 997 918 1181 
1004 1182 1183 1181 861 
1005 784 1184 1187 1186 
1006 1184 489 490 1187 
1007 1187 490 491 1185 
1008 1186 1187 1185 842 
1009 894 1188 1192 1191 
1010 1188 791 1189 1192 
1011 1192 1189 852 1190 
1012 1191 1192 1190 863 
1013 858 1078 1193 990 
1014 1078 459 460 1193 
1015 1193 460 461 1032 
1016 990 1193 1032 785 
1017 842 1046 1196 1186 
1018 1046 843 1194 1196 
1019 1196 1194 844 1195 
1020 1186 1196 1195 784 
1021 783 1165 1197 1113 
1022 1165 509 510 1197 
1023 1197 510 511 1105 
1024 1113 1197 1105 824 
1025 842 1185 1198 1047 
1026 1185 491 492 1198 
1027 1198 492 493 1092 
1028 1047 1198 1092 837 
1029 791 1199 1200 1189 
1030 1199 451 452 1200 
1031 1200 452 453 1155 
1032 1189 1200 1155 852 
1033 865 1201 1205 1204 
1034 1201 866 1202 1205 
1035 1205 1202 867 1203 
1036 1204 1205 1203 789 
1037 898 1206 1209 1208 
1038 1206 851 1207 1209 
1039 1209 1207 850 1127 
1040 1208 1209 1127 794 
1041 785 1031 1210 991 
1042 1031 861 1181 1210 
1043 1210 1181 918 1134 
1044 991 1210 1134 860 
1045 915 1211 1215 1214 
1046 1211 845 1212 1215 
1047 1215 1212 764 1213 
1048 1214 1215 1213 883 
1049 782 1145 1217 1100 
1050 1145 855 1086 1217 
1051 1217 1086 856 1216 
1052 1100 1217 1216 854 
1053 838 1011 1220 1219 
1054 1011 820 1218 1220 
1055 1220 1218 901 1018 
1056 1219 1220 1018 840 
1057 780 974 1223 1172 
1058 974 811 1221 1223 
1059 1223 1221 813 1222 
1060 1172 1223 1222 812 
1061 874 1224 1226 1225 
1062 1224 503 504 1226 
1063 1226 504 505 1000 
1064 1225 1226 1000 788 
1065 861 1030 1228 1182 
1066 1030 463 464 1228 
1067 1228 464 465 1227 
1068 1182 1228 1227 787 
1069 489 1184 1230 488 
1070 1184 784 1229 1230 
1071 1230 1229 846 1119 
1072 488 1230 1119 487 
1073 789 1231 1232 1204 
1074 1231 533 534 1232 
1075 1232 534 535 1141 
1076 1204 1232 1141 865 
1077 533 1231 1234 532 
1078 1231 789 1233 1234 
1079 1234 1233 869 1177 
1080 532 1234 1177 531 
1081 786 1235 1236 960 
1082 1235 501 502 1236 
1083 1236 502 503 1224 
1084 960 1236 1224 874 
1085 849 1042 1238 1126 
1086 1042 521 522 1238 
1087 1238 522 523 1237 
1088 1126 1238 1237 794 
1089 834 1082 1239 948 
1090 1082 517 518 1239 
1091 1239 518 519 1044 
1092 948 1239 1044 792 
1093 30 1240 1243 31 
1094 1240 882 1241 1243 
1095 1243 1241 761 1242 
1096 31 1243 1242 2 
1097 800 1027 1247 1246 
1098 1027 801 1244 1247 
1099 1247 1244 910 1245 
1100 1246 1247 1245 911 
1101 699 1248 1250 698 
1102 1248 753 1249 1250 
1103 1250 1249 886 1063 
1104 698 1250 1063 3 
1105 863 1003 1253 1191 
1106 1003 937 1251 1253 
1107 1253 1251 795 1252 
1108 1191 1253 1252 894 
1109 870 1254 1256 1255 
1110 1254 869 1233 1256 
1111 1256 1233 789 1203 
1112 1255 1256 1203 867 
1113 701 1257 1259 700 
1114 1257 821 1258 1259 
1115 1259 1258 753 1248 
1116 700 1259 1248 699 
1117 771 1260 1263 1262 
1118 1260 848 1261 1263 
1119 1263 1261 619 620 
1120 1262 1263 620 621 
1121 806 1264 1268 1267 
1122 1264 807 1265 1268 
1123 1268 1265 887 1266 
1124 1267 1268 1266 763 
1125 763 1269 1271 1267 
1126 1269 805 1270 1271 
1127 1271 1270 804 1151 
1128 1267 1271 1151 806 
1129 875 1272 1275 1274 
1130 1272 581 582 1275 
1131 1275 582 583 1273 
1132 1274 1275 1273 777 
1133 907 963 1278 1277 
1134 963 774 1276 1278 
1135 1278 1276 589 590 
1136 1277 1278 590 591 
1137 770 1279 1281 1135 
1138 1279 709 710 1281 
1139 1281 710 711 1280 
1140 1135 1281 1280 873 
1141 579 1282 1285 578 
1142 1282 772 1283 1285 
1143 1285 1283 881 1284 
1144 578 1285 1284 9 
1145 872 1286 1288 1287 
1146 1286 871 1178 1288 
1147 1288 1178 869 1254 
1148 1287 1288 1254 870 
1149 816 1289 1292 1291 
1150 1289 765 1290 1292 
1151 1292 1290 629 630 
1152 1291 1292 630 631 
1153 913 1293 1297 1296 
1154 1293 882 1294 1297 
1155 1297 1294 759 1295 
1156 1296 1297 1295 906 
1157 585 586 1300 1299 
1158 586 587 1298 1300 
1159 1300 1298 877 987 
1160 1299 1300 987 775 
1161 587 588 1301 1298 
1162 588 589 1276 1301 
1163 1301 1276 774 1138 
1164 1298 1301 1138 877 
1165 583 584 1304 1303 
1166 584 585 1299 1304 
1167 1304 1299 775 1302 
1168 1303 1304 1302 876 
1169 906 1295 1308 1307 
1170 1295 759 1305 1308 
1171 1308 1305 917 1306 
1172 1307 1308 1306 857 
1173 871 1286 1311 1111 
1174 1286 872 1309 1311 
1175 1311 1309 888 1310 
1176 1111 1311 1310 793 
1177 847 1312 1314 1313 
1178 1312 846 1229 1314 
1179 1314 1229 784 1195 
1180 1313 1314 1195 844 
1181 900 1050 1317 1122 
1182 1050 818 1315 1317 
1183 1317 1315 817 1316 
1184 1122 1317 1316 819 
1185 581 1272 1319 580 
1186 1272 875 1318 1319 
1187 1319 1318 772 1282 
1188 580 1319 1282 579 
1189 816 1320 1322 1289 
1190 1320 817 1315 1322 
1191 1322 1315 818 1321 
1192 1289 1322 1321 765 
1193 827 1323 1325 1116 
1194 1323 828 1324 1325 
1195 1325 1324 833 1166 
1196 1116 1325 1166 783 
1197 50 1326 1329 51 
1198 1326 767 1327 1329 
1199 1329 1327 878 1328 
1200 51 1329 1328 10 
1201 707 1330 1333 706 
1202 1330 880 1331 1333 
1203 1333 1331 766 1332 
1204 706 1333 1332 705 
1205 709 1279 1334 708 
1206 1279 770 995 1334 
1207 1334 995 880 1330 
1208 708 1334 1330 707 
1209 10 1328 1337 552 
1210 1328 878 1335 1337 
1211 1337 1335 769 1336 
1212 552 1337 1336 551 
1213 822 1338 1341 958 
1214 1338 768 1339 1341 
1215 1341 1339 944 1340 
1216 958 1341 1340 909 
1217 763 1266 1344 1343 
1218 1266 887 1342 1344 
1219 1344 1342 669 670 
1220 1343 1344 670 671 
1221 794 1237 1346 1208 
1222 1237 523 524 1346 
1223 1346 524 525 1345 
1224 1208 1346 1345 898 
1225 902 1347 1349 1124 
1226 1347 497 498 1349 
1227 1349 498 499 1348 
1228 1124 1349 1348 900 
1229 9 1284 1351 49 
1230 1284 881 1350 1351 
1231 1351 1350 767 1326 
1232 49 1351 1326 50 
1233 773 1005 1354 1353 
1234 1005 945 1352 1354 
1235 1354 1352 857 1306 
1236 1353 1354 1306 917 
1237 882 1240 1356 1294 
1238 1240 30 29 1356 
1239 1356 29 1 1355 
1240 1294 1356 1355 759 
1241 938 1357 1361 1360 
1242 1357 933 1358 1361 
1243 1361 1358 896 1359 
1244 1360 1361 1359 769 
1245 665 666 1364 1363 
1246 666 667 1362 1364 
1247 1364 1362 883 1213 
1248 1363 1364 1213 764 
1249 851 1206 1367 1366 
1250 1206 898 1365 1367 
1251 1367 1365 793 1310 
1252 1366 1367 1310 888 
1253 2 1242 1369 712 
1254 1242 761 1368 1369 
1255 1369 1368 873 1280 
1256 712 1369 1280 711 
1257 667 668 1371 1362 
1258 668 669 1342 1371 
1259 1371 1342 887 1370 
1260 1362 1371 1370 883 
1261 830 1103 1372 1132 
1262 1103 826 1157 1372 
1263 1372 1157 781 1163 
1264 1132 1372 1163 829 
1265 766 1373 1377 1376 
1266 1373 942 1374 1377 
1267 1377 1374 813 1375 
1268 1376 1377 1375 899 
1269 741 1378 1380 740 
1270 1378 773 1353 1380 
1271 1380 1353 917 1379 
1272 740 1380 1379 739 
1273 705 1332 1382 704 
1274 1332 766 1376 1382 
1275 1382 1376 899 1381 
1276 704 1382 1381 703 
1277 879 1383 1385 1170 
1278 1383 758 1384 1385 
1279 1385 1384 8 48 
1280 1170 1385 48 47 
1281 810 972 1387 1386 
1282 972 809 1088 1387 
1283 1387 1088 776 1095 
1284 1386 1387 1095 799 
1285 4 1388 1391 676 
1286 1388 815 1389 1391 
1287 1391 1389 939 1390 
1288 676 1391 1390 675 
1289 800 1392 1394 1094 
1290 1392 885 1393 1394 
1291 1394 1393 810 1386 
1292 1094 1394 1386 799 
1293 802 983 1395 1023 
1294 983 762 1074 1395 
1295 1395 1074 864 1152 
1296 1023 1395 1152 804 
1297 838 1219 1397 1160 
1298 1219 840 1396 1397 
1299 1397 1396 924 1059 
1300 1160 1397 1059 841 
1301 933 1398 1402 1401 
1302 1398 893 1399 1402 
1303 1402 1399 542 1400 
1304 1401 1402 1400 796 
1305 795 1403 1405 1252 
1306 1403 748 749 1405 
1307 1405 749 750 1404 
1308 1252 1405 1404 894 
1309 7 618 1407 1168 
1310 618 619 1261 1407 
1311 1407 1261 848 1406 
1312 1168 1407 1406 760 
1313 915 1408 1410 1211 
1314 1408 847 1313 1410 
1315 1410 1313 844 1409 
1316 1211 1410 1409 845 
1317 806 1150 1413 1264 
1318 1150 808 1411 1413 
1319 1413 1411 904 1412 
1320 1264 1413 1412 807 
1321 826 1102 1416 1158 
1322 1102 884 1414 1416 
1323 1416 1414 897 1415 
1324 1158 1416 1415 825 
1325 886 1249 1420 1419 
1326 1249 753 1417 1420 
1327 1420 1417 908 1418 
1328 1419 1420 1418 885 
1329 819 1316 1422 1123 
1330 1316 817 1421 1422 
1331 1422 1421 901 1218 
1332 1123 1422 1218 820 
1333 937 1006 1425 1424 
1334 1006 773 1378 1425 
1335 1425 1378 741 1423 
1336 1424 1425 1423 895 
1337 527 1109 1426 526 
1338 1109 793 1365 1426 
1339 1426 1365 898 1345 
1340 526 1426 1345 525 
1341 821 1257 1428 1427 
1342 1257 701 702 1428 
1343 1428 702 703 1381 
1344 1427 1428 1381 899 
1345 934 1128 1432 1431 
1346 1128 850 1429 1432 
1347 1432 1429 936 1430 
1348 1431 1432 1430 876 
1349 764 1212 1436 1435 
1350 1212 845 1433 1436 
1351 1436 1433 931 1434 
1352 1435 1436 1434 929 
1353 551 1336 1438 550 
1354 1336 769 1359 1438 
1355 1438 1359 896 1437 
1356 550 1438 1437 549 
1357 497 1347 1439 496 
1358 1347 902 1009 1439 
1359 1439 1009 778 1090 
1360 496 1439 1090 495 
1361 935 1440 1442 1441 
1362 1440 938 1360 1442 
1363 1442 1360 769 1335 
1364 1441 1442 1335 878 
1365 621 622 1445 1262 
1366 622 623 1443 1445 
1367 1445 1443 905 1444 
1368 1262 1445 1444 771 
1369 671 672 1447 1343 
1370 672 673 1446 1447 
1371 1447 1446 805 1269 
1372 1343 1447 1269 763 
1373 759 1355 1448 1305 
1374 1355 1 738 1448 
1375 1448 738 739 1379 
1376 1305 1448 1379 917 
1377 758 1383 1450 1015 
1378 1383 879 1449 1450 
1379 1450 1449 897 1414 
1380 1015 1450 1414 884 
1381 501 1235 1451 500 
1382 1235 786 1051 1451 
1383 1451 1051 900 1348 
1384 500 1451 1348 499 
1385 544 545 1454 1453 
1386 545 17 546 1454 
1387 1454 546 547 1452 
1388 1453 1454 1452 923 
1389 932 1455 1458 1457 
1390 1455 920 1456 1458 
1391 1458 1456 872 1287 
1392 1457 1458 1287 870 
1393 537 538 1461 1460 
1394 538 16 539 1461 
1395 1461 539 540 1459 
1396 1460 1461 1459 926 
1397 768 1338 1464 1463 
1398 1338 822 1462 1464 
1399 1464 1462 916 979 
1400 1463 1464 979 823 
1401 743 744 1467 1466 
1402 744 28 745 1467 
1403 1467 745 746 1465 
1404 1466 1467 1465 927 
1405 946 1468 1470 1469 
1406 1468 908 1417 1470 
1407 1470 1417 753 1258 
1408 1469 1470 1258 821 
1409 906 1471 1473 1296 
1410 1471 856 1085 1473 
1411 1473 1085 859 1472 
1412 1296 1473 1472 913 
1413 625 626 1476 1475 
1414 626 627 1474 1476 
1415 1476 1474 944 1339 
1416 1475 1476 1339 768 
1417 818 1052 1478 1321 
1418 1052 909 1340 1478 
1419 1478 1340 944 1477 
1420 1321 1478 1477 765 
1421 879 1169 1481 1449 
1422 1169 760 1479 1481 
1423 1481 1479 903 1480 
1424 1449 1481 1480 897 
1425 938 1440 1484 1483 
1426 1440 935 1482 1484 
1427 1484 1482 867 1202 
1428 1483 1484 1202 866 
1429 848 1260 1488 1487 
1430 1260 771 1485 1488 
1431 1488 1485 836 1486 
1432 1487 1488 1486 922 
1433 804 1270 1491 1024 
1434 1270 805 1489 1491 
1435 1491 1489 939 1490 
1436 1024 1491 1490 803 
1437 852 1098 1493 1190 
1438 1098 853 1492 1493 
1439 1493 1492 945 1004 
1440 1190 1493 1004 863 
1441 449 1494 1496 448 
1442 1494 930 1495 1496 
1443 1496 1495 750 751 
1444 448 1496 751 15 
1445 846 1312 1499 1120 
1446 1312 847 1497 1499 
1447 1499 1497 904 1498 
1448 1120 1499 1498 779 
1449 44 43 1503 1502 
1450 43 42 1500 1503 
1451 1503 1500 754 1501 
1452 1502 1503 1501 890 
1453 6 45 1505 1504 
1454 45 44 1502 1505 
1455 1505 1502 890 1020 
1456 1504 1505 1020 756 
1457 755 1174 1508 1507 
1458 1174 891 1506 1508 
1459 1508 1506 40 39 
1460 1507 1508 39 5 
1461 33 1065 1511 34 
1462 1065 752 1509 1511 
1463 1511 1509 892 1510 
1464 34 1511 1510 35 
1465 35 1510 1514 36 
1466 1510 892 1512 1514 
1467 1514 1512 757 1513 
1468 36 1514 1513 37 
1469 817 1320 1516 1421 
1470 1320 816 1515 1516 
1471 1516 1515 756 1019 
1472 1421 1516 1019 901 
1473 862 1180 1520 1519 
1474 1180 787 1517 1520 
1475 1520 1517 912 1518 
1476 1519 1520 1518 943 
1477 857 1521 1522 1307 
1478 1521 854 1216 1522 
1479 1522 1216 856 1471 
1480 1307 1522 1471 906 
1481 483 1523 1525 482 
1482 1523 928 1524 1525 
1483 1525 1524 947 1068 
1484 482 1525 1068 481 
1485 768 1526 1527 1475 
1486 1526 905 1443 1527 
1487 1527 1443 623 624 
1488 1475 1527 624 625 
1489 811 973 1529 1528 
1490 973 810 1393 1529 
1491 1529 1393 885 1418 
1492 1528 1529 1418 908 
1493 808 1530 1532 1411 
1494 1530 928 1531 1532 
1495 1532 1531 779 1498 
1496 1411 1532 1498 904 
1497 760 1406 1534 1479 
1498 1406 848 1487 1534 
1499 1534 1487 922 1533 
1500 1479 1534 1533 903 
1501 844 1194 1535 1409 
1502 1194 843 1039 1535 
1503 1535 1039 931 1433 
1504 1409 1535 1433 845 
1505 5 662 1538 1507 
1506 662 663 1536 1538 
1507 1538 1536 929 1537 
1508 1507 1538 1537 755 
1509 835 1071 1539 986 
1510 1071 934 1431 1539 
1511 1539 1431 876 1302 
1512 986 1539 1302 775 
1513 880 998 1542 1541 
1514 998 862 1519 1542 
1515 1542 1519 943 1540 
1516 1541 1542 1540 814 
1517 920 1455 1545 1544 
1518 1455 932 1543 1545 
1519 1545 1543 767 1350 
1520 1544 1545 1350 881 
1521 893 1398 1548 1547 
1522 1398 933 1357 1548 
1523 1548 1357 938 1546 
1524 1547 1548 1546 868 
1525 827 1549 1551 1323 
1526 1549 903 1533 1551 
1527 1551 1533 922 1550 
1528 1323 1551 1550 828 
1529 631 632 1552 1291 
1530 632 6 1504 1552 
1531 1552 1504 756 1515 
1532 1291 1552 1515 816 
1533 42 41 1553 1500 
1534 41 40 1506 1553 
1535 1553 1506 891 1061 
1536 1500 1553 1061 754 
1537 825 1415 1554 1115 
1538 1415 897 1480 1554 
1539 1554 1480 903 1549 
1540 1115 1554 1549 827 
1541 451 1199 1556 450 
1542 1199 791 1555 1556 
1543 1556 1555 930 1494 
1544 450 1556 1494 449 
1545 535 536 1558 1142 
1546 536 537 1460 1558 
1547 1558 1460 926 1557 
1548 1142 1558 1557 790 
1549 741 742 1560 1423 
1550 742 743 1466 1560 
1551 1560 1466 927 1559 
1552 1423 1560 1559 895 
1553 787 1227 1561 1517 
1554 1227 465 466 1561 
1555 1561 466 467 955 
1556 1517 1561 955 912 
1557 865 1140 1562 1201 
1558 1140 868 1546 1562 
1559 1562 1546 938 1483 
1560 1201 1562 1483 866 
1561 822 957 1563 1462 
1562 957 874 1225 1563 
1563 1563 1225 788 967 
1564 1462 1563 967 916 
1565 860 1136 1566 1565 
1566 1136 873 1368 1566 
1567 1566 1368 761 1564 
1568 1565 1566 1564 914 
1569 591 592 1567 1277 
1570 592 8 1384 1567 
1571 1567 1384 758 1014 
1572 1277 1567 1014 907 
1573 485 1118 1568 484 
1574 1118 779 1531 1568 
1575 1568 1531 928 1523 
1576 484 1568 1523 483 
1577 583 1303 1570 1273 
1578 1303 876 1430 1570 
1579 1570 1430 936 1569 
1580 1273 1570 1569 777 
1581 549 1437 1572 548 
1582 1437 896 1571 1572 
1583 1572 1571 923 1452 
1584 548 1572 1452 547 
1585 880 1541 1574 1331 
1586 1541 814 1573 1574 
1587 1574 1573 942 1373 
1588 1331 1574 1373 766 
1589 833 1324 1575 969 
1590 1324 828 1550 1575 
1591 1575 1550 922 1486 
1592 969 1575 1486 836 
1593 803 1576 1578 1025 
1594 1576 919 1577 1578 
1595 1578 1577 910 1244 
1596 1025 1578 1244 801 
1597 939 1489 1579 1390 
1598 1489 805 1446 1579 
1599 1579 1446 673 674 
1600 1390 1579 674 675 
1601 812 1222 1581 1580 
1602 1222 813 1374 1581 
1603 1581 1374 942 1573 
1604 1580 1581 1573 814 
1605 908 1468 1583 1528 
1606 1468 946 1582 1583 
1607 1583 1582 813 1221 
1608 1528 1583 1221 811 
1609 807 1584 1585 1265 
1610 1584 915 1214 1585 
1611 1585 1214 883 1370 
1612 1265 1585 1370 887 
1613 542 543 1587 1400 
1614 543 544 1453 1587 
1615 1587 1453 923 1586 
1616 1400 1587 1586 796 
1617 764 1435 1588 1363 
1618 1435 929 1536 1588 
1619 1588 1536 663 664 
1620 1363 1588 664 665 
1621 925 1589 1592 1591 
1622 1589 921 1590 1592 
1623 1592 1590 851 1366 
1624 1591 1592 1366 888 
1625 881 1283 1595 1544 
1626 1283 772 1593 1595 
1627 1595 1593 925 1594 
1628 1544 1595 1594 920 
1629 836 1485 1597 977 
1630 1485 771 1444 1597 
1631 1597 1444 905 1596 
1632 977 1597 1596 941 
1633 921 1589 1599 1598 
1634 1589 925 1593 1599 
1635 1599 1593 772 1318 
1636 1598 1599 1318 875 
1637 37 1513 1601 38 
1638 1513 757 1600 1601 
1639 1601 1600 815 1388 
1640 38 1601 1388 4 
1641 748 1403 1603 747 
1642 1403 795 1602 1603 
1643 1603 1602 927 1465 
1644 747 1603 1465 746 
1645 888 1309 1604 1591 
1646 1309 872 1456 1604 
1647 1604 1456 920 1594 
1648 1591 1604 1594 925 
1649 542 1399 1606 541 
1650 1399 893 1605 1606 
1651 1606 1605 926 1459 
1652 541 1606 1459 540 
1653 854 1521 1607 1097 
1654 1521 857 1352 1607 
1655 1607 1352 945 1492 
1656 1097 1607 1492 853 
1657 765 1477 1608 1290 
1658 1477 944 1474 1608 
1659 1608 1474 627 628 
1660 1290 1608 628 629 
1661 868 1143 1609 1547 
1662 1143 790 1557 1609 
1663 1609 1557 926 1605 
1664 1547 1609 1605 893 
1665 882 1293 1611 1241 
1666 1293 913 1610 1611 
1667 1611 1610 914 1564 
1668 1241 1611 1564 761 
1669 847 1408 1612 1497 
1670 1408 915 1584 1612 
1671 1612 1584 807 1412 
1672 1497 1612 1412 904 
1673 791 1188 1613 1555 
1674 1188 894 1404 1613 
1675 1613 1404 750 1495 
1676 1555 1613 1495 930 
1677 927 1602 1614 1559 
1678 1602 795 1251 1614 
1679 1614 1251 937 1424 
1680 1559 1614 1424 895 
1681 929 1434 1615 1537 
1682 1434 931 1038 1615 
1683 1615 1038 889 1175 
1684 1537 1615 1175 755 
1685 860 1565 1616 992 
1686 1565 914 1610 1616 
1687 1616 1610 913 1472 
1688 992 1616 1472 859 
1689 812 1580 1617 954 
1690 1580 814 1540 1617 
1691 1617 1540 943 1518 
1692 954 1617 1518 912 
1693 923 1571 1618 1586 
1694 1571 896 1358 1618 
1695 1618 1358 933 1401 
1696 1586 1618 1401 796 
1697 850 1207 1620 1429 
1698 1207 851 1590 1620 
1699 1620 1590 921 1619 
1700 1429 1620 1619 936 
1701 757 1512 1623 1622 
1702 1512 892 1621 1623 
1703 1623 1621 911 1245 
1704 1622 1623 1245 910 
1705 821 1427 1624 1469 
1706 1427 899 1375 1624 
1707 1624 1375 813 1582 
1708 1469 1624 1582 946 
1709 885 1625 1627 1419 
1710 1625 940 1626 1627 
1711 1627 1626 752 1064 
1712 1419 1627 1064 886 
1713 840 1017 1628 1396 
1714 1017 890 1501 1628 
1715 1628 1501 754 1060 
1716 1396 1628 1060 924 
1717 875 1274 1629 1598 
1718 1274 777 1569 1629 
1719 1629 1569 936 1619 
1720 1598 1629 1619 921 
1721 768 1463 1630 1526 
1722 1463 823 978 1630 
1723 1630 978 941 1596 
1724 1526 1630 1596 905 
1725 815 1631 1632 1389 
1726 1631 919 1576 1632 
1727 1632 1576 803 1490 
1728 1389 1632 1490 939 
1729 878 1327 1634 1441 
1730 1327 767 1543 1634 
1731 1634 1543 932 1633 
1732 1441 1634 1633 935 
1733 910 1577 1635 1622 
1734 1577 919 1631 1635 
1735 1635 1631 815 1600 
1736 1622 1635 1600 757 
1737 864 1069 1636 1153 
1738 1069 947 1524 1636 
1739 1636 1524 928 1530 
1740 1153 1636 1530 808 
1741 870 1255 1637 1457 
1742 1255 867 1482 1637 
1743 1637 1482 935 1633 
1744 1457 1637 1633 932 
1745 892 1509 1639 1621 
1746 1509 752 1626 1639 
1747 1639 1626 940 1638 
1748 1621 1639 1638 911 
1749 885 1392 1640 1625 
1750 1392 800 1246 1640 
1751 1640 1246 911 1638 
1752 1625 1640 1638 940 
2 3 3 60
1753 732 733 1652 1651 
1754 733 734 1649 1652 
1755 1652 1649 1641 1650 
1756 1651 1652 1650 1643 
1757 730 1653 1657 1656 
1758 1653 1644 1654 1657 
1759 1657 1654 720 1655 
1760 1656 1657 1655 1642 
1761 720 1654 1660 719 
1762 1654 1644 1658 1660 
1763 1660 1658 1643 1659 
1764 719 1660 1659 718 
1765 716 1661 1664 715 
1766 1661 1641 1662 1664 
1767 1664 1662 1646 1663 
1768 715 1664 1663 714 
1769 730 1656 1667 729 
1770 1656 1642 1665 1667 
1771 1667 1665 1645 1666 
1772 729 1667 1666 728 
1773 1643 1658 1668 1651 
1774 1658 1644 1653 1668 
1775 1668 1653 730 731 
1776 1651 1668 731 732 
1777 1641 1661 1669 1650 
1778 1661 716 717 1669 
1779 1669 717 718 1659 
1780 1650 1669 1659 1643 
1781 30 31 1671 1670 
1782 31 2 713 1671 
1783 1671 713 714 1663 
1784 1670 1671 1663 1646 
1785 725 726 1673 1672 
1786 726 27 727 1673 
1787 1673 727 728 1666 
1788 1672 1673 1666 1645 
1789 720 721 1676 1655 
1790 721 722 1674 1676 
1791 1676 1674 1648 1675 
1792 1655 1676 1675 1642 
1793 734 735 1679 1649 
1794 735 736 1677 1679 
1795 1679 1677 1647 1678 
1796 1649 1679 1678 1641 
1797 736 737 1681 1677 
1798 737 1 29 1681 
1799 1681 29 30 1680 
1800 1677 1681 1680 1647 
1801 722 723 1683 1674 
1802 723 26 724 1683 
1803 1683 724 725 1682 
1804 1674 1683 1682 1648 
1805 1642 1675 1684 1665 
1806 1675 1648 1682 1684 
1807 1684 1682 725 1672 
1808 1665 1684 1672 1645 
1809 1641 1678 1685 1662 
1810 1678 1647 1680 1685 
1811 1685 1680 30 1670 
1812 1662 1685 1670 1646 
2 4 3 68
1813 680 681 1704 1703 
1814 681 682 1701 1704 
1815 1704 1701 1693 1702 
1816 1703 1704 1702 1689 
1817 694 695 1708 1707 
1818 695 696 1705 1708 
1819 1708 1705 1694 1706 
1820 1707 1708 1706 1687 
1821 1687 1709 1711 1707 
1822 1709 1692 1710 1711 
1823 1711 1710 692 693 
1824 1707 1711 693 694 
1825 1689 1712 1714 1703 
1826 1712 1692 1713 1714 
1827 1714 1713 678 679 
1828 1703 1714 679 680 
1829 692 1710 1716 1715 
1830 1710 1692 1712 1716 
1831 1716 1712 1689 1702 
1832 1715 1716 1702 1693 
1833 37 1717 1719 36 
1834 1717 1686 1718 1719 
1835 1719 1718 1690 1697 
1836 36 1719 1697 35 
1837 685 686 1722 1721 
1838 686 687 1700 1722 
1839 1722 1700 1691 1720 
1840 1721 1722 1720 1688 
1841 678 1713 1724 1723 
1842 1713 1692 1709 1724 
1843 1724 1709 1687 1706 
1844 1723 1724 1706 1694 
1845 682 1725 1727 1701 
1846 1725 1688 1720 1727 
1847 1727 1720 1691 1726 
1848 1701 1727 1726 1693 
1849 678 1723 1730 1729 
1850 1723 1694 1728 1730 
1851 1730 1728 1690 1718 
1852 1729 1730 1718 1686 
1853 1694 1705 1731 1728 
1854 1705 696 697 1731 
1855 1731 697 3 1696 
1856 1728 1731 1696 1690 
1857 37 38 1732 1717 
1858 38 4 677 1732 
1859 1732 677 678 1729 
1860 1717 1732 1729 1686 
1861 682 683 1733 1725 
1862 683 24 684 1733 
1863 1733 684 685 1721 
1864 1725 1733 1721 1688 
1865 1693 1726 1734 1715 
1866 1726 1691 1699 1734 
1867 1734 1699 25 691 
1868 1715 1734 691 692 
1869 33 1695 1735 32 
1870 1695 1690 1696 1735 
1871 32 1735 1696 3 
1872 1690 1695 1736 1697 
1873 1695 33 34 1736 
1874 1697 1736 34 35 
1875 1691 1698 1737 1699 
1876 1698 689 690 1737 
1877 1699 1737 690 25 
1878 689 1698 1738 688 
1879 1698 1691 1700 1738 
1880 688 1738 1700 687 
2 5 3 120
1881 1758 1760 1763 1762 
1882 1760 634 635 1763 
1883 1763 635 636 1761 
1884 1762 1763 1761 1739 
1885 1756 1764 1767 1766 
1886 1764 652 653 1767 
1887 1767 653 654 1765 
1888 1766 1767 1765 1740 
1889 1759 1768 1771 1770 
1890 1768 1747 1769 1771 
1891 1771 1769 640 641 
1892 1770 1771 641 642 
1893 1757 1772 1775 1774 
1894 1772 1748 1773 1775 
1895 1775 1773 658 659 
1896 1774 1775 659 660 
1897 1740 1765 1778 1777 
1898 1765 654 655 1778 
1899 1778 655 656 1776 
1900 1777 1778 1776 1746 
1901 1747 1779 1781 1769 
1902 1779 1743 1780 1781 
1903 1781 1780 638 639 
1904 1769 1781 639 640 
1905 1739 1761 1784 1783 
1906 1761 636 637 1784 
1907 1784 637 638 1782 
1908 1783 1784 1782 1745 
1909 656 657 1787 1786 
1910 657 658 1773 1787 
1911 1787 1773 1748 1785 
1912 1786 1787 1785 1744 
1913 1759 1788 1791 1768 
1914 1788 1742 1789 1791 
1915 1791 1789 1755 1790 
1916 1768 1791 1790 1747 
1917 1757 1792 1795 1772 
1918 1792 1741 1793 1795 
1919 1795 1793 1754 1794 
1920 1772 1795 1794 1748 
1921 1746 1796 1800 1799 
1922 1796 1753 1797 1800 
1923 1800 1797 1743 1798 
1924 1799 1800 1798 1751 
1925 638 1780 1802 1782 
1926 1780 1743 1797 1802 
1927 1802 1797 1753 1801 
1928 1782 1802 1801 1745 
1929 656 1786 1804 1776 
1930 1786 1744 1803 1804 
1931 1804 1803 1753 1796 
1932 1776 1804 1796 1746 
1933 1745 1801 1807 1806 
1934 1801 1753 1803 1807 
1935 1807 1803 1744 1805 
1936 1806 1807 1805 1752 
1937 1756 1766 1811 1810 
1938 1766 1740 1808 1811 
1939 1811 1808 1755 1809 
1940 1810 1811 1809 1750 
1941 1758 1762 1815 1814 
1942 1762 1739 1812 1815 
1943 1815 1812 1754 1813 
1944 1814 1815 1813 1749 
1945 42 43 1818 1817 
1946 43 44 1816 1818 
1947 1818 1816 1758 1814 
1948 1817 1818 1814 1749 
1949 647 648 1821 1820 
1950 648 649 1819 1821 
1951 1821 1819 1756 1810 
1952 1820 1821 1810 1750 
1953 647 1822 1824 646 
1954 1822 1742 1788 1824 
1955 1824 1788 1759 1823 
1956 646 1824 1823 645 
1957 42 1825 1827 41 
1958 1825 1741 1792 1827 
1959 1827 1792 1757 1826 
1960 41 1827 1826 40 
1961 660 661 1828 1774 
1962 661 5 39 1828 
1963 1828 39 40 1826 
1964 1774 1828 1826 1757 
1965 642 643 1829 1770 
1966 643 22 644 1829 
1967 1829 644 645 1823 
1968 1770 1829 1823 1759 
1969 634 1760 1830 633 
1970 1760 1758 1816 1830 
1971 1830 1816 44 45 
1972 633 1830 45 6 
1973 652 1764 1831 651 
1974 1764 1756 1819 1831 
1975 1831 1819 649 650 
1976 651 1831 650 23 
1977 1743 1779 1833 1798 
1978 1779 1747 1790 1833 
1979 1833 1790 1755 1832 
1980 1798 1833 1832 1751 
1981 1744 1785 1835 1805 
1982 1785 1748 1794 1835 
1983 1835 1794 1754 1834 
1984 1805 1835 1834 1752 
1985 1746 1799 1836 1777 
1986 1799 1751 1832 1836 
1987 1836 1832 1755 1808 
1988 1777 1836 1808 1740 
1989 1745 1806 1837 1783 
1990 1806 1752 1834 1837 
1991 1837 1834 1754 1812 
1992 1783 1837 1812 1739 
1993 647 1820 1838 1822 
1994 1820 1750 1809 1838 
1995 1838 1809 1755 1789 
1996 1822 1838 1789 1742 
1997 42 1817 1839 1825 
1998 1817 1749 1813 1839 
1999 1839 1813 1754 1793 
2000 1825 1839 1793 1741 
2 6 3 52
2001 47 1846 1848 46 
2002 1846 1844 1847 1848 
2003 1848 1847 616 617 
2004 46 1848 617 7 
2005 605 1849 1851 604 
2006 1849 1845 1850 1851 
2007 1851 1850 602 603 
2008 604 1851 603 20 
2009 1840 1852 1855 1854 
2010 1852 596 597 1855 
2011 1855 597 598 1853 
2012 1854 1855 1853 1841 
2013 1842 1856 1859 1858 
2014 1856 610 611 1859 
2015 1859 611 612 1857 
2016 1858 1859 1857 1843 
2017 598 1860 1862 1853 
2018 1860 1843 1857 1862 
2019 1862 1857 612 1861 
2020 1853 1862 1861 1841 
2021 598 599 1864 1860 
2022 599 600 1863 1864 
2023 1864 1863 1842 1858 
2024 1860 1864 1858 1843 
2025 612 613 1866 1861 
2026 613 614 1865 1866 
2027 1866 1865 1840 1854 
2028 1861 1866 1854 1841 
2029 596 1852 1869 595 
2030 1852 1840 1867 1869 
2031 1869 1867 1844 1868 
2032 595 1869 1868 594 
2033 610 1856 1872 609 
2034 1856 1842 1870 1872 
2035 1872 1870 1845 1871 
2036 609 1872 1871 608 
2037 600 601 1873 1863 
2038 601 602 1850 1873 
2039 1873 1850 1845 1870 
2040 1863 1873 1870 1842 
2041 614 615 1874 1865 
2042 615 616 1847 1874 
2043 1874 1847 1844 1867 
2044 1865 1874 1867 1840 
2045 594 1868 1875 593 
2046 1868 1844 1846 1875 
2047 1875 1846 47 48 
2048 593 1875 48 8 
2049 608 1871 1876 607 
2050 1871 1845 1849 1876 
2051 1876 1849 605 606 
2052 607 1876 606 21 
2 7 3 76
2053 1883 1889 1893 1892 
2054 1889 1880 1890 1893 
2055 1893 1890 1886 1891 
2056 1892 1893 1891 1877 
2057 1884 1894 1898 1897 
2058 1894 1879 1895 1898 
2059 1898 1895 1885 1896 
2060 1897 1898 1896 1878 
2061 1883 1899 1901 1889 
2062 1899 1878 1896 1901 
2063 1901 1896 1885 1900 
2064 1889 1901 1900 1880 
2065 554 555 1904 1903 
2066 555 556 1902 1904 
2067 1904 1902 1883 1892 
2068 1903 1904 1892 1877 
2069 558 559 1907 1906 
2070 559 560 1905 1907 
2071 1907 1905 1884 1897 
2072 1906 1907 1897 1878 
2073 568 569 1910 1909 
2074 569 570 1908 1910 
2075 1910 1908 1885 1895 
2076 1909 1910 1895 1879 
2077 572 573 1913 1912 
2078 573 574 1911 1913 
2079 1913 1911 1886 1890 
2080 1912 1913 1890 1880 
2081 50 1914 1916 49 
2082 1914 1888 1915 1916 
2083 1916 1915 576 577 
2084 49 1916 577 9 
2085 565 1917 1919 564 
2086 1917 1887 1918 1919 
2087 1919 1918 562 563 
2088 564 1919 563 18 
2089 10 553 1922 1921 
2090 553 554 1903 1922 
2091 1922 1903 1877 1920 
2092 1921 1922 1920 1882 
2093 19 567 1925 1924 
2094 567 568 1909 1925 
2095 1925 1909 1879 1923 
2096 1924 1925 1923 1881 
2097 1878 1899 1926 1906 
2098 1899 1883 1902 1926 
2099 1926 1902 556 557 
2100 1906 1926 557 558 
2101 1880 1900 1927 1912 
2102 1900 1885 1908 1927 
2103 1927 1908 570 571 
2104 1912 1927 571 572 
2105 1886 1928 1930 1891 
2106 1928 1888 1929 1930 
2107 1930 1929 1882 1920 
2108 1891 1930 1920 1877 
2109 1884 1931 1933 1894 
2110 1931 1887 1932 1933 
2111 1933 1932 1881 1923 
2112 1894 1933 1923 1879 
2113 19 1924 1934 566 
2114 1924 1881 1932 1934 
2115 1934 1932 1887 1917 
2116 566 1934 1917 565 
2117 10 1921 1935 51 
2118 1921 1882 1929 1935 
2119 1935 1929 1888 1914 
2120 51 1935 1914 50 
2121 560 561 1936 1905 
2122 561 562 1918 1936 
2123 1936 1918 1887 1931 
2124 1905 1936 1931 1884 
2125 574 575 1937 1911 
2126 575 576 1915 1937 
2127 1937 1915 1888 1928 
2128 1911 1937 1928 1886 
2 8 3 7432
2129 2561 3614 3618 3617 
2130 3614 2807 3615 3618 
2131 3618 3615 2724 3616 
2132 3617 3618 3616 3319 
2133 3209 3619 3623 3622 
2134 3619 2836 3620 3623 
2135 3623 3620 3464 3621 
2136 3622 3623 3621 2659 
2137 2807 3624 3628 3627 
2138 3624 2806 3625 3628 
2139 3628 3625 2770 3626 
2140 3627 3628 3626 2018 
2141 1996 3629 3632 3631 
2142 3629 2751 3630 3632 
2143 3632 3630 277 278 
2144 3631 3632 278 279 
2145 2121 3633 3636 3635 
2146 3633 2770 3625 3636 
2147 3636 3625 2806 3634 
2148 3635 3636 3634 2767 
2149 3165 3637 3641 3640 
2150 3637 2354 3638 3641 
2151 3641 3638 3458 3639 
2152 3640 3641 3639 2833 
2153 3557 3642 3646 3645 
2154 3642 2685 3643 3646 
2155 3646 3643 3347 3644 
2156 3645 3646 3644 2891 
2157 2323 3647 3651 3650 
2158 3647 2771 3648 3651 
2159 3651 3648 2665 3649 
2160 3650 3651 3649 2774 
2161 3283 3652 3656 3655 
2162 3652 2264 3653 3656 
2163 3656 3653 3284 3654 
2164 3655 3656 3654 3003 
2165 2609 3657 3661 3660 
2166 3657 3323 3658 3661 
2167 3661 3658 3331 3659 
2168 3660 3661 3659 2610 
2169 20 3662 3665 604 
2170 3662 3589 3663 3665 
2171 3665 3663 2768 3664 
2172 604 3665 3664 605 
2173 2176 3666 3670 3669 
2174 3666 2795 3667 3670 
2175 3670 3667 2794 3668 
2176 3669 3670 3668 3540 
2177 26 3671 3675 3674 
2178 3671 2325 3672 3675 
2179 3675 3672 2394 3673 
2180 3674 3675 3673 2268 
2181 275 276 3678 3677 
2182 276 277 3630 3678 
2183 3678 3630 2751 3676 
2184 3677 3678 3676 3312 
2185 261 262 3682 3681 
2186 262 263 3679 3682 
2187 3682 3679 2750 3680 
2188 3681 3682 3680 3182 
2189 2893 3683 3687 3686 
2190 3683 2754 3684 3687 
2191 3687 3684 3202 3685 
2192 3686 3687 3685 2228 
2193 3266 3688 3692 3691 
2194 3688 2670 3689 3692 
2195 3692 3689 3296 3690 
2196 3691 3692 3690 2772 
2197 3284 3693 3696 3654 
2198 3693 3354 3694 3696 
2199 3696 3694 3004 3695 
2200 3654 3696 3695 3003 
2201 2730 3697 3700 3699 
2202 3697 3573 3698 3700 
2203 3700 3698 27 726 
2204 3699 3700 726 725 
2205 2780 3701 3705 3704 
2206 3701 2134 3702 3705 
2207 3705 3702 2895 3703 
2208 3704 3705 3703 3516 
2209 21 3706 3710 3709 
2210 3706 2618 3707 3710 
2211 3710 3707 2577 3708 
2212 3709 3710 3708 2196 
2213 3270 3711 3715 3714 
2214 3711 2777 3712 3715 
2215 3715 3712 3500 3713 
2216 3714 3715 3713 1957 
2217 3116 3716 3720 3719 
2218 3716 1939 3717 3720 
2219 3720 3717 3477 3718 
2220 3719 3720 3718 2888 
2221 2817 3721 3724 3723 
2222 3721 3329 3722 3724 
2223 3724 3722 2610 3659 
2224 3723 3724 3659 3331 
2225 2721 3725 3729 3728 
2226 3725 2701 3726 3729 
2227 3729 3726 2876 3727 
2228 3728 3729 3727 2263 
2229 2263 3730 3733 3728 
2230 3730 3282 3731 3733 
2231 3733 3731 3558 3732 
2232 3728 3733 3732 2721 
2233 3363 3734 3738 3737 
2234 3734 2803 3735 3738 
2235 3738 3735 3515 3736 
2236 3737 3738 3736 2100 
2237 2669 3739 3743 3742 
2238 3739 3217 3740 3743 
2239 3743 3740 2447 3741 
2240 3742 3743 3741 2839 
2241 2789 3744 3748 3747 
2242 3744 2684 3745 3748 
2243 3748 3745 3410 3746 
2244 3747 3748 3746 2482 
2245 2143 3749 3752 3751 
2246 3749 2938 3750 3752 
2247 3752 3750 55 56 
2248 3751 3752 56 57 
2249 2325 3753 3756 3672 
2250 3753 2497 3754 3756 
2251 3756 3754 2639 3755 
2252 3672 3756 3755 2394 
2253 3285 3757 3761 3760 
2254 3757 2801 3758 3761 
2255 3761 3758 2961 3759 
2256 3760 3761 3759 1965 
2257 2269 3762 3766 3765 
2258 3762 2444 3763 3766 
2259 3766 3763 3587 3764 
2260 3765 3766 3764 3103 
2261 263 264 3769 3679 
2262 264 265 3767 3769 
2263 3769 3767 1940 3768 
2264 3679 3769 3768 2750 
2265 2907 3770 3773 3772 
2266 3770 2713 3771 3773 
2267 3773 3771 2750 3768 
2268 3772 3773 3768 1940 
2269 1946 3774 3778 3777 
2270 3774 3312 3775 3778 
2271 3778 3775 3523 3776 
2272 3777 3778 3776 2866 
2273 3215 3779 3783 3782 
2274 3779 2117 3780 3783 
2275 3783 3780 3398 3781 
2276 3782 3783 3781 2847 
2277 2913 3784 3788 3787 
2278 3784 2912 3785 3788 
2279 3788 3785 3520 3786 
2280 3787 3788 3786 2527 
2281 3459 3789 3793 3792 
2282 3789 2840 3790 3793 
2283 3793 3790 3493 3791 
2284 3792 3793 3791 2672 
2285 2847 3794 3797 3782 
2286 3794 2848 3795 3797 
2287 3797 3795 2582 3796 
2288 3782 3797 3796 3215 
2289 2712 3798 3802 3801 
2290 3798 2711 3799 3802 
2291 3802 3799 2855 3800 
2292 3801 3802 3800 2140 
2293 3262 3803 3807 3806 
2294 3803 2811 3804 3807 
2295 3807 3804 3526 3805 
2296 3806 3807 3805 3261 
2297 3125 3808 3812 3811 
2298 3808 2137 3809 3812 
2299 3812 3809 3506 3810 
2300 3811 3812 3810 2758 
2301 2196 3708 3816 3815 
2302 3708 2577 3813 3816 
2303 3816 3813 2683 3814 
2304 3815 3816 3814 2266 
2305 3120 3817 3821 3820 
2306 3817 2745 3818 3821 
2307 3821 3818 3456 3819 
2308 3820 3821 3819 2139 
2309 2730 3822 3826 3825 
2310 3822 2846 3823 3826 
2311 3826 3823 2661 3824 
2312 3825 3826 3824 2407 
2313 2722 3827 3831 3830 
2314 3827 2723 3828 3831 
2315 3831 3828 3605 3829 
2316 3830 3831 3829 3501 
2317 3459 3832 3836 3835 
2318 3832 2563 3833 3836 
2319 3836 3833 2872 3834 
2320 3835 3836 3834 2873 
2321 1991 3837 3841 3840 
2322 3837 2762 3838 3841 
2323 3841 3838 3503 3839 
2324 3840 3841 3839 2896 
2325 271 272 3845 3844 
2326 272 273 3842 3845 
2327 3845 3842 1946 3843 
2328 3844 3845 3843 2790 
2329 2188 3846 3849 3848 
2330 3846 3202 3684 3849 
2331 3849 3684 2754 3847 
2332 3848 3849 3847 2752 
2333 3351 3850 3854 3853 
2334 3850 2145 3851 3854 
2335 3854 3851 3578 3852 
2336 3853 3854 3852 2702 
2337 2452 3855 3859 3858 
2338 3855 3426 3856 3859 
2339 3859 3856 2764 3857 
2340 3858 3859 3857 3472 
2341 3342 3860 3863 3862 
2342 3860 1959 3861 3863 
2343 3863 3861 3351 3853 
2344 3862 3863 3853 2702 
2345 3235 3864 3868 3867 
2346 3864 2744 3865 3868 
2347 3868 3865 2935 3866 
2348 3867 3868 3866 1964 
2349 2800 3869 3873 3872 
2350 3869 2728 3870 3873 
2351 3873 3870 2799 3871 
2352 3872 3873 3871 2142 
2353 2937 3874 3878 3877 
2354 3874 2988 3875 3878 
2355 3878 3875 2494 3876 
2356 3877 3878 3876 3609 
2357 59 60 3881 3880 
2358 60 61 3879 3881 
2359 3881 3879 1964 3866 
2360 3880 3881 3866 2935 
2361 2734 3882 3886 3885 
2362 3882 2706 3883 3886 
2363 3886 3883 2778 3884 
2364 3885 3886 3884 3499 
2365 2743 3887 3890 3889 
2366 3887 2936 3888 3890 
2367 3890 3888 2938 3749 
2368 3889 3890 3749 2143 
2369 1968 3891 3895 3894 
2370 3891 3517 3892 3895 
2371 3895 3892 2905 3893 
2372 3894 3895 3893 3524 
2373 3219 3896 3900 3899 
2374 3896 3519 3897 3900 
2375 3900 3897 2819 3898 
2376 3899 3900 3898 3419 
2377 3532 3901 3905 3904 
2378 3901 2650 3902 3905 
2379 3905 3902 3277 3903 
2380 3904 3905 3903 3251 
2381 3342 3906 3909 3860 
2382 3906 2715 3907 3909 
2383 3909 3907 3583 3908 
2384 3860 3909 3908 1959 
2385 1951 3910 3913 3912 
2386 3910 3183 3911 3913 
2387 3913 3911 422 423 
2388 3912 3913 423 424 
2389 2529 3914 3917 3916 
2390 3914 2818 3915 3917 
2391 3917 3915 2819 3897 
2392 3916 3917 3897 3519 
2393 3487 3918 3922 3921 
2394 3918 3173 3919 3922 
2395 3922 3919 3521 3920 
2396 3921 3922 3920 2918 
2397 2987 3923 3927 3926 
2398 3923 2986 3924 3927 
2399 3927 3924 3406 3925 
2400 3926 3927 3925 2629 
2401 2571 3928 3931 3930 
2402 3928 2570 3929 3931 
2403 3931 3929 2728 3869 
2404 3930 3931 3869 2800 
2405 2264 3932 3935 3653 
2406 3932 3001 3933 3935 
2407 3935 3933 3510 3934 
2408 3653 3935 3934 3284 
2409 3285 3760 3938 3937 
2410 3760 1965 3936 3938 
2411 3938 3936 261 3681 
2412 3937 3938 3681 3182 
2413 2783 3939 3942 3941 
2414 3939 3347 3643 3942 
2415 3942 3643 2685 3940 
2416 3941 3942 3940 3380 
2417 2872 3943 3947 3946 
2418 3943 2678 3944 3947 
2419 3947 3944 3567 3945 
2420 3946 3947 3945 2871 
2421 3118 3948 3952 3951 
2422 3948 2757 3949 3952 
2423 3952 3949 3497 3950 
2424 3951 3952 3950 2141 
2425 2719 3953 3957 3956 
2426 3953 2717 3954 3957 
2427 3957 3954 3325 3955 
2428 3956 3957 3955 2081 
2429 2305 3958 3962 3961 
2430 3958 3476 3959 3962 
2431 3962 3959 2992 3960 
2432 3961 3962 3960 3432 
2433 3183 3910 3966 3965 
2434 3910 1951 3963 3966 
2435 3966 3963 3308 3964 
2436 3965 3966 3964 2725 
2437 2187 3967 3971 3970 
2438 3967 3261 3968 3971 
2439 3971 3968 3260 3969 
2440 3970 3971 3969 3601 
2441 3435 3972 3976 3975 
2442 3972 3268 3973 3976 
2443 3976 3973 2599 3974 
2444 3975 3976 3974 2765 
2445 2740 3977 3981 3980 
2446 3977 2742 3978 3981 
2447 3981 3978 2937 3979 
2448 3980 3981 3979 2936 
2449 3397 3982 3986 3985 
2450 3982 2337 3983 3986 
2451 3986 3983 3542 3984 
2452 3985 3986 3984 2716 
2453 2498 3987 3990 3989 
2454 3987 2511 3988 3990 
2455 3990 3988 2723 3827 
2456 3989 3990 3827 2722 
2457 682 3991 3994 683 
2458 3991 1967 3992 3994 
2459 3994 3992 2122 3993 
2460 683 3994 3993 24 
2461 2518 3995 3998 3997 
2462 3995 2732 3996 3998 
2463 3998 3996 3277 3902 
2464 3997 3998 3902 2650 
2465 255 3999 4002 254 
2466 3999 2799 4000 4002 
2467 4002 4000 3276 4001 
2468 254 4002 4001 253 
2469 2892 4003 4006 4005 
2470 4003 2893 3686 4006 
2471 4006 3686 2228 4004 
2472 4005 4006 4004 3348 
2473 267 268 4009 4008 
2474 268 269 4007 4009 
2475 4009 4007 2140 3800 
2476 4008 4009 3800 2855 
2477 3299 4010 4014 4013 
2478 4010 2636 4011 4014 
2479 4014 4011 3217 4012 
2480 4013 4014 4012 3339 
2481 2710 4015 4018 4017 
2482 4015 3308 3963 4018 
2483 4018 3963 1951 4016 
2484 4017 4018 4016 3537 
2485 2495 4019 4023 4022 
2486 4019 2731 4020 4023 
2487 4023 4020 3423 4021 
2488 4022 4023 4021 2999 
2489 2735 4024 4027 4026 
2490 4024 3516 3703 4027 
2491 4027 3703 2895 4025 
2492 4026 4027 4025 2084 
2493 2658 4028 4031 4030 
2494 4028 2659 3621 4031 
2495 4031 3621 3464 4029 
2496 4030 4031 4029 2779 
2497 2816 4032 4035 4034 
2498 4032 2543 4033 4035 
2499 4035 4033 3329 3721 
2500 4034 4035 3721 2817 
2501 420 421 4038 4037 
2502 421 422 3911 4038 
2503 4038 3911 3183 4036 
2504 4037 4038 4036 3428 
2505 2821 4039 4042 4041 
2506 4039 2820 4040 4042 
2507 4042 4040 342 343 
2508 4041 4042 343 344 
2509 2912 4043 4046 3785 
2510 4043 3359 4044 4046 
2511 4046 4044 2775 4045 
2512 3785 4046 4045 3520 
2513 2754 3683 4050 4049 
2514 3683 2893 4047 4050 
2515 4050 4047 2496 4048 
2516 4049 4050 4048 2805 
2517 2830 4051 4055 4054 
2518 4051 2202 4052 4055 
2519 4055 4052 2832 4053 
2520 4054 4055 4053 2831 
2521 2747 4056 4060 4059 
2522 4056 2854 4057 4060 
2523 4060 4057 2748 4058 
2524 4059 4060 4058 2590 
2525 2778 4061 4064 4063 
2526 4061 3214 4062 4064 
2527 4064 4062 2636 4010 
2528 4063 4064 4010 3299 
2529 2734 4065 4068 3882 
2530 4065 3490 4066 4068 
2531 4068 4066 3550 4067 
2532 3882 4068 4067 2706 
2533 2747 4069 4072 4056 
2534 4069 1947 4070 4072 
2535 4072 4070 3552 4071 
2536 4056 4072 4071 2854 
2537 3242 4073 4077 4076 
2538 4073 2616 4074 4077 
2539 4077 4074 2890 4075 
2540 4076 4077 4075 2882 
2541 2797 4078 4082 4081 
2542 4078 3559 4079 4082 
2543 4082 4079 3584 4080 
2544 4081 4082 4080 3236 
2545 2784 4083 4087 4086 
2546 4083 2841 4084 4087 
2547 4087 4084 3610 4085 
2548 4086 4087 4085 3608 
2549 3262 4088 4091 3803 
2550 4088 3259 4089 4091 
2551 4091 4089 2812 4090 
2552 3803 4091 4090 2811 
2553 3518 4092 4096 4095 
2554 4092 2922 4093 4096 
2555 4096 4093 3478 4094 
2556 4095 4096 4094 3212 
2557 2810 4097 4101 4100 
2558 4097 2812 4098 4101 
2559 4101 4098 3569 4099 
2560 4100 4101 4099 2813 
2561 3127 4102 4106 4105 
2562 4102 2703 4103 4106 
2563 4106 4103 2701 4104 
2564 4105 4106 4104 2536 
2565 2683 4107 4110 4109 
2566 4107 2781 4108 4110 
2567 4110 4108 2482 3746 
2568 4109 4110 3746 3410 
2569 281 282 4113 4112 
2570 282 283 4111 4113 
2571 4113 4111 2263 3727 
2572 4112 4113 3727 2876 
2573 3471 4114 4117 4116 
2574 4114 3277 3996 4117 
2575 4117 3996 2732 4115 
2576 4116 4117 4115 3268 
2577 2435 4118 4121 4120 
2578 4118 2761 4119 4121 
2579 4121 4119 3503 3838 
2580 4120 4121 3838 2762 
2581 2664 4122 4124 4123 
2582 4122 2821 4041 4124 
2583 4124 4041 344 345 
2584 4123 4124 345 346 
2585 2765 3974 4128 4127 
2586 3974 2599 4125 4128 
2587 4128 4125 2510 4126 
2588 4127 4128 4126 2759 
2589 3398 4129 4133 4132 
2590 4129 2559 4130 4133 
2591 4133 4130 3494 4131 
2592 4132 4133 4131 2729 
2593 3192 4134 4138 4137 
2594 4134 2047 4135 4138 
2595 4138 4135 3585 4136 
2596 4137 4138 4136 2705 
2597 2662 4139 4143 4142 
2598 4139 2927 4140 4143 
2599 4143 4140 3536 4141 
2600 4142 4143 4141 2773 
2601 2899 4144 4148 4147 
2602 4144 2834 4145 4148 
2603 4148 4145 3522 4146 
2604 4147 4148 4146 2440 
2605 2792 4149 4153 4152 
2606 4149 2483 4150 4153 
2607 4153 4150 2794 4151 
2608 4152 4153 4151 2793 
2609 3494 4154 4157 4131 
2610 4154 2746 4155 4157 
2611 4157 4155 3529 4156 
2612 4131 4157 4156 2729 
2613 2465 4158 4160 4159 
2614 4158 2811 4090 4160 
2615 4160 4090 2812 4097 
2616 4159 4160 4097 2810 
2617 2117 4161 4163 3780 
2618 4161 3267 4162 4163 
2619 4163 4162 2559 4129 
2620 3780 4163 4129 3398 
2621 2733 4164 4167 4166 
2622 4164 2734 3885 4167 
2623 4167 3885 3499 4165 
2624 4166 4167 4165 3352 
2625 2860 4168 4172 4171 
2626 4168 2992 4169 4172 
2627 4172 4169 2545 4170 
2628 4171 4172 4170 2991 
2629 2448 4173 4177 4176 
2630 4173 2865 4174 4177 
2631 4177 4174 3570 4175 
2632 4176 4177 4175 3240 
2633 2088 4178 4181 4180 
2634 4178 2090 4179 4181 
2635 4181 4179 2228 3685 
2636 4180 4181 3685 3202 
2637 2486 4182 4186 4185 
2638 4182 2823 4183 4186 
2639 4186 4183 2827 4184 
2640 4185 4186 4184 2824 
2641 2991 4187 4190 4171 
2642 4187 1958 4188 4190 
2643 4190 4188 3399 4189 
2644 4171 4190 4189 2860 
2645 2825 4191 4194 4193 
2646 4191 596 595 4194 
2647 4194 595 594 4192 
2648 4193 4194 4192 3421 
2649 2774 4195 4198 4197 
2650 4195 3443 4196 4198 
2651 4198 4196 3520 4045 
2652 4197 4198 4045 2775 
2653 3263 4199 4203 4202 
2654 4199 2637 4200 4203 
2655 4203 4200 2668 4201 
2656 4202 4203 4201 3253 
2657 3201 4204 4207 4206 
2658 4204 694 693 4207 
2659 4207 693 692 4205 
2660 4206 4207 4205 3546 
2661 2471 4208 4212 4211 
2662 4208 2907 4209 4212 
2663 4212 4209 2711 4210 
2664 4211 4212 4210 2533 
2665 3566 4213 4217 4216 
2666 4213 3296 4214 4217 
2667 4217 4214 2839 4215 
2668 4216 4217 4215 3554 
2669 3249 4218 4222 4221 
2670 4218 3513 4219 4222 
2671 4222 4219 2125 4220 
2672 4221 4222 4220 2791 
2673 581 580 4226 4225 
2674 580 579 4223 4226 
2675 4226 4223 3580 4224 
2676 4225 4226 4224 2835 
2677 2701 4103 4229 3726 
2678 4103 2703 4227 4229 
2679 4229 4227 1996 4228 
2680 3726 4229 4228 2876 
2681 2782 4230 4233 4232 
2682 4230 2783 3941 4233 
2683 4233 3941 3380 4231 
2684 4232 4233 4231 2097 
2685 2844 4234 4238 4237 
2686 4234 2490 4235 4238 
2687 4238 4235 629 4236 
2688 4237 4238 4236 2843 
2689 2820 4039 4242 4241 
2690 4039 2821 4239 4242 
2691 4242 4239 3587 4240 
2692 4241 4242 4240 3419 
2693 3510 4243 4247 4246 
2694 4243 1997 4244 4247 
2695 4247 4244 3394 4245 
2696 4246 4247 4245 3110 
2697 2844 4248 4252 4251 
2698 4248 2788 4249 4252 
2699 4252 4249 3512 4250 
2700 4251 4252 4250 2845 
2701 2755 4253 4256 4255 
2702 4253 2234 4254 4256 
2703 4256 4254 386 387 
2704 4255 4256 387 388 
2705 2772 4257 4260 4259 
2706 4257 380 381 4260 
2707 4260 381 382 4258 
2708 4259 4260 4258 2110 
2709 2770 3633 4263 4262 
2710 3633 2121 4261 4263 
2711 4263 4261 390 391 
2712 4262 4263 391 392 
2713 3534 4264 4268 4267 
2714 4264 3313 4265 4268 
2715 4268 4265 2640 4266 
2716 4267 4268 4266 3230 
2717 2819 3915 4272 4271 
2718 3915 2818 4269 4272 
2719 4272 4269 2815 4270 
2720 4271 4272 4270 2080 
2721 2202 4051 4275 4274 
2722 4051 2830 4273 4275 
2723 4275 4273 585 584 
2724 4274 4275 584 583 
2725 3378 4276 4280 4279 
2726 4276 2473 4277 4280 
2727 4280 4277 3613 4278 
2728 4279 4280 4278 2915 
2729 2124 4281 4285 4284 
2730 4281 2763 4282 4285 
2731 4285 4282 3309 4283 
2732 4284 4285 4283 2764 
2733 3463 4286 4288 4287 
2734 4286 2793 4151 4288 
2735 4288 4151 2794 3667 
2736 4287 4288 3667 2795 
2737 2653 4289 4293 4292 
2738 4289 2651 4290 4293 
2739 4293 4290 3532 4291 
2740 4292 4293 4291 3250 
2741 2881 4294 4298 4297 
2742 4294 2017 4295 4298 
2743 4298 4295 3117 4296 
2744 4297 4298 4296 2878 
2745 2845 4299 4302 4301 
2746 4299 636 635 4302 
2747 4302 635 634 4300 
2748 4301 4302 4300 3483 
2749 2278 4303 4307 4306 
2750 4303 3244 4304 4307 
2751 4307 4304 2668 4305 
2752 4306 4307 4305 3252 
2753 2017 4294 4310 4309 
2754 4294 2881 4308 4310 
2755 4310 4308 2882 4075 
2756 4309 4310 4075 2890 
2757 2868 4311 4315 4314 
2758 4311 2769 4312 4315 
2759 4315 4312 2372 4313 
2760 4314 4315 4313 3547 
2761 2089 4316 4320 4319 
2762 4316 2276 4317 4320 
2763 4320 4317 3236 4318 
2764 4319 4320 4318 2867 
2765 2949 4321 4325 4324 
2766 4321 2275 4322 4325 
2767 4325 4322 2953 4323 
2768 4324 4325 4323 2951 
2769 2633 4326 4330 4329 
2770 4326 3132 4327 4330 
2771 4330 4327 2068 4328 
2772 4329 4330 4328 3161 
2773 2955 4331 4335 4334 
2774 4331 2954 4332 4335 
2775 4335 4332 3143 4333 
2776 4334 4335 4333 2175 
2777 3595 4336 4340 4339 
2778 4336 3386 4337 4340 
2779 4340 4337 2483 4338 
2780 4339 4340 4338 739 
2781 2781 4341 4344 4343 
2782 4341 2481 4342 4344 
2783 4344 4342 350 351 
2784 4343 4344 351 352 
2785 2785 4345 4348 4347 
2786 4345 2018 4346 4348 
2787 4348 4346 394 395 
2788 4347 4348 395 396 
2789 3132 4349 4352 4327 
2790 4349 3133 4350 4352 
2791 4352 4350 3160 4351 
2792 4327 4352 4351 2068 
2793 1973 4353 4356 4355 
2794 4353 2890 4074 4356 
2795 4356 4074 2616 4354 
2796 4355 4356 4354 1962 
2797 2188 3848 4360 4359 
2798 3848 2752 4357 4360 
2799 4360 4357 2753 4358 
2800 4359 4360 4358 3607 
2801 2723 3988 4364 4363 
2802 3988 2511 4361 4364 
2803 4364 4361 2851 4362 
2804 4363 4364 4362 2724 
2805 2813 4365 4368 4367 
2806 4365 2640 4366 4368 
2807 4368 4366 362 363 
2808 4367 4368 363 364 
2809 2801 4369 4371 3758 
2810 4369 2800 3872 4371 
2811 4371 3872 2142 4370 
2812 3758 4371 4370 2961 
2813 608 4372 4375 4374 
2814 4372 1961 4373 4375 
2815 4375 4373 2559 4162 
2816 4374 4375 4162 3267 
2817 2991 4170 4379 4378 
2818 4170 2545 4376 4379 
2819 4379 4376 3531 4377 
2820 4378 4379 4377 2990 
2821 2782 4232 4382 4381 
2822 4232 2097 4380 4382 
2823 4382 4380 358 359 
2824 4381 4382 359 360 
2825 2121 4383 4387 4386 
2826 4383 3408 4384 4387 
2827 4387 4384 3204 4385 
2828 4386 4387 4385 2755 
2829 2815 4388 4391 4390 
2830 4388 2816 4034 4391 
2831 4391 4034 2817 4389 
2832 4390 4391 4389 2220 
2833 334 335 4395 4394 
2834 335 336 4392 4395 
2835 4395 4392 2220 4393 
2836 4394 4395 4393 2822 
2837 2789 3747 4398 4397 
2838 3747 2482 4396 4398 
2839 4398 4396 354 355 
2840 4397 4398 355 356 
2841 2868 4399 4401 4400 
2842 4399 2664 4123 4401 
2843 4401 4123 346 347 
2844 4400 4401 347 348 
2845 2121 4386 4402 4261 
2846 4386 2755 4255 4402 
2847 4402 4255 388 389 
2848 4261 4402 389 390 
2849 2850 4403 4406 4405 
2850 4403 2633 4329 4406 
2851 4406 4329 3161 4404 
2852 4405 4406 4404 3145 
2853 3557 4407 4410 4409 
2854 4407 2280 4408 4410 
2855 4410 4408 3529 4155 
2856 4409 4410 4155 2746 
2857 2792 4411 4412 4149 
2858 4411 741 740 4412 
2859 4412 740 739 4338 
2860 4149 4412 4338 2483 
2861 2810 4100 4414 4413 
2862 4100 2813 4367 4414 
2863 4414 4367 364 365 
2864 4413 4414 365 366 
2865 3532 4290 4417 3901 
2866 4290 2651 4415 4417 
2867 4417 4415 2593 4416 
2868 3901 4417 4416 2650 
2869 2871 4418 4422 4421 
2870 4418 2870 4419 4422 
2871 4422 4419 324 4420 
2872 4421 4422 4420 2235 
2873 2681 4423 4427 4426 
2874 4423 3255 4424 4427 
2875 4427 4424 3598 4425 
2876 4426 4427 4425 2682 
2877 2282 4428 4431 4430 
2878 4428 2829 4429 4431 
2879 4431 4429 3458 3638 
2880 4430 4431 3638 2354 
2881 2096 4432 4434 4433 
2882 4432 378 379 4434 
2883 4434 379 380 4257 
2884 4433 4434 4257 2772 
2885 2804 4435 4438 4437 
2886 4435 2203 4436 4438 
2887 4438 4436 398 399 
2888 4437 4438 399 400 
2889 2085 4439 4442 4441 
2890 4439 2792 4152 4442 
2891 4442 4152 2793 4440 
2892 4441 4442 4440 2798 
2893 2820 4443 4445 4040 
2894 4443 2080 4444 4445 
2895 4445 4444 340 341 
2896 4040 4445 341 342 
2897 2465 4159 4447 4446 
2898 4159 2810 4413 4447 
2899 4447 4413 366 367 
2900 4446 4447 367 368 
2901 589 4448 4451 590 
2902 4448 2486 4449 4451 
2903 4451 4449 3421 4450 
2904 590 4451 4450 591 
2905 2018 3626 4452 4346 
2906 3626 2770 4262 4452 
2907 4452 4262 392 393 
2908 4346 4452 393 394 
2909 2599 4453 4456 4125 
2910 4453 2513 4454 4456 
2911 4456 4454 2512 4455 
2912 4125 4456 4455 2510 
2913 2829 4457 4460 4459 
2914 4457 3303 4458 4460 
2915 4460 4458 2824 4184 
2916 4459 4460 4184 2827 
2917 2644 4461 4464 4463 
2918 4461 2733 4462 4464 
2919 4464 4462 682 681 
2920 4463 4464 681 680 
2921 743 4465 4468 744 
2922 4465 2085 4466 4468 
2923 4468 4466 2086 4467 
2924 744 4468 4467 28 
2925 2805 4048 4472 4471 
2926 4048 2496 4469 4472 
2927 4472 4469 2295 4470 
2928 4471 4472 4470 3195 
2929 2050 4473 4477 4476 
2930 4473 2856 4474 4477 
2931 4477 4474 2540 4475 
2932 4476 4477 4475 3196 
2933 2815 4390 4479 4478 
2934 4390 2220 4392 4479 
2935 4479 4392 336 337 
2936 4478 4479 337 338 
2937 2120 4480 4484 4483 
2938 4480 3530 4481 4484 
2939 4484 4481 2825 4482 
2940 4483 4484 4482 2826 
2941 2822 4485 4487 4394 
2942 4485 2456 4486 4487 
2943 4487 4486 332 333 
2944 4394 4487 333 334 
2945 3209 4488 4490 3619 
2946 4488 384 385 4490 
2947 4490 385 386 4489 
2948 3619 4490 4489 2836 
2949 2640 4491 4492 4366 
2950 4491 2782 4381 4492 
2951 4492 4381 360 361 
2952 4366 4492 361 362 
2953 2826 4493 4496 4483 
2954 4493 2862 4494 4496 
2955 4496 4494 2861 4495 
2956 4483 4496 4495 2120 
2957 2266 3814 4499 4498 
2958 3814 2683 4109 4499 
2959 4499 4109 3410 4497 
2960 4498 4499 4497 2643 
2961 3535 4500 4504 4503 
2962 4500 3208 4501 4504 
2963 4504 4501 3541 4502 
2964 4503 4504 4502 2686 
2965 2842 4505 4508 4507 
2966 4505 2051 4506 4508 
2967 4508 4506 627 626 
2968 4507 4508 626 625 
2969 667 4509 4512 4511 
2970 4509 2902 4510 4512 
2971 4512 4510 3585 4135 
2972 4511 4512 4135 2047 
2973 2736 4513 4516 4515 
2974 4513 1952 4514 4516 
2975 4516 4514 3456 3818 
2976 4515 4516 3818 2745 
2977 368 369 4519 4446 
2978 369 370 4517 4519 
2979 4519 4517 3264 4518 
2980 4446 4519 4518 2465 
2981 3524 3893 4523 4522 
2982 3893 2905 4520 4523 
2983 4523 4520 2904 4521 
2984 4522 4523 4521 3527 
2985 2878 4296 4527 4526 
2986 4296 3117 4524 4527 
2987 4527 4524 2165 4525 
2988 4526 4527 4525 2877 
2989 3113 4528 4531 4530 
2990 4528 2850 4405 4531 
2991 4531 4405 3145 4529 
2992 4530 4531 4529 2065 
2993 2823 4532 4535 4534 
2994 4532 587 586 4535 
2995 4535 586 585 4533 
2996 4534 4535 4533 2078 
2997 2837 4536 4539 4538 
2998 4536 707 706 4539 
2999 4539 706 705 4537 
3000 4538 4539 4537 2081 
3001 2482 4108 4540 4396 
3002 4108 2781 4343 4540 
3003 4540 4343 352 353 
3004 4396 4540 353 354 
3005 2510 4541 4544 4126 
3006 4541 2506 4542 4544 
3007 4544 4542 2507 4543 
3008 4126 4544 4543 2759 
3009 2436 4545 4549 4548 
3010 4545 2909 4546 4549 
3011 4549 4546 2908 4547 
3012 4548 4549 4547 3223 
3013 3192 4550 4551 4134 
3014 4550 669 668 4551 
3015 4551 668 667 4511 
3016 4134 4551 4511 2047 
3017 2844 4237 4554 4553 
3018 4237 2843 4552 4554 
3019 4554 4552 3570 4174 
3020 4553 4554 4174 2865 
3021 2097 4555 4556 4380 
3022 4555 2789 4397 4556 
3023 4556 4397 356 357 
3024 4380 4556 357 358 
3025 2732 3995 4560 4559 
3026 3995 2518 4557 4560 
3027 4560 4557 2517 4558 
3028 4559 4560 4558 2513 
3029 2060 4561 4565 4564 
3030 4561 2058 4562 4565 
3031 4565 4562 2275 4563 
3032 4564 4565 4563 3101 
3033 2089 4319 4569 4568 
3034 4319 2867 4566 4569 
3035 4569 4566 2265 4567 
3036 4568 4569 4567 2118 
3037 2823 4534 4572 4183 
3038 4534 2078 4570 4572 
3039 4572 4570 2828 4571 
3040 4183 4572 4571 2827 
3041 2203 4573 4574 4436 
3042 4573 2785 4347 4574 
3043 4574 4347 396 397 
3044 4436 4574 397 398 
3045 2931 4575 4579 4578 
3046 4575 3539 4576 4579 
3047 4579 4576 3590 4577 
3048 4578 4579 4577 2930 
3049 259 4580 4582 258 
3050 4580 2961 4370 4582 
3051 4582 4370 2142 4581 
3052 258 4582 4581 257 
3053 378 4432 4585 377 
3054 4432 2096 4583 4585 
3055 4585 4583 2874 4584 
3056 377 4585 4584 376 
3057 2693 4586 4588 4587 
3058 4586 2804 4437 4588 
3059 4588 4437 400 401 
3060 4587 4588 401 402 
3061 3270 3714 4592 4591 
3062 3714 1957 4589 4592 
3063 4592 4589 2916 4590 
3064 4591 4592 4590 2917 
3065 2879 4593 4597 4596 
3066 4593 2519 4594 4597 
3067 4597 4594 2489 4595 
3068 4596 4597 4595 2520 
3069 2756 4598 4601 4600 
3070 4598 3112 4599 4601 
3071 4601 4599 3125 3811 
3072 4600 4601 3811 2758 
3073 2486 4448 4602 4182 
3074 4448 589 588 4602 
3075 4602 588 587 4532 
3076 4182 4602 4532 2823 
3077 2085 4465 4603 4439 
3078 4465 743 742 4603 
3079 4603 742 741 4411 
3080 4439 4603 4411 2792 
3081 2056 4604 4608 4607 
3082 4604 2054 4605 4608 
3083 4608 4605 3143 4606 
3084 4607 4608 4606 2953 
3085 2583 4609 4612 4611 
3086 4609 2265 4566 4612 
3087 4612 4566 2867 4610 
3088 4611 4612 4610 2692 
3089 1940 4613 4614 3772 
3090 4613 2855 3799 4614 
3091 4614 3799 2711 4209 
3092 3772 4614 4209 2907 
3093 2835 4615 4616 4225 
3094 4615 2202 4274 4616 
3095 4616 4274 583 582 
3096 4225 4616 582 581 
3097 2948 4617 4620 4619 
3098 4617 2189 4618 4620 
3099 4620 4618 2060 4564 
3100 4619 4620 4564 3101 
3101 2080 4270 4621 4444 
3102 4270 2815 4478 4621 
3103 4621 4478 338 339 
3104 4444 4621 339 340 
3105 324 325 4624 4420 
3106 325 326 4622 4624 
3107 4624 4622 2873 4623 
3108 4420 4624 4623 2235 
3109 3143 4332 4626 4606 
3110 4332 2954 4625 4626 
3111 4626 4625 2951 4323 
3112 4606 4626 4323 2953 
3113 2924 4627 4631 4630 
3114 4627 3187 4628 4631 
3115 4631 4628 2430 4629 
3116 4630 4631 4629 2925 
3117 2248 4632 4636 4635 
3118 4632 3444 4633 4636 
3119 4636 4633 2943 4634 
3120 4635 4636 4634 3430 
3121 2963 4637 4641 4640 
3122 4637 2869 4638 4641 
3123 4641 4638 3113 4639 
3124 4640 4641 4639 2530 
3125 2879 4596 4645 4644 
3126 4596 2520 4642 4645 
3127 4645 4642 2522 4643 
3128 4644 4645 4643 2523 
3129 2456 4646 4648 4486 
3130 4646 2840 4647 4648 
3131 4648 4647 330 331 
3132 4486 4648 331 332 
3133 2798 4649 4651 4441 
3134 4649 2087 4650 4651 
3135 4651 4650 2086 4466 
3136 4441 4651 4466 2085 
3137 2487 4652 4654 4653 
3138 4652 709 708 4654 
3139 4654 708 707 4536 
3140 4653 4654 4536 2837 
3141 2267 4655 4657 4656 
3142 4655 2842 4507 4657 
3143 4657 4507 625 624 
3144 4656 4657 624 623 
3145 703 702 4661 4660 
3146 702 701 4658 4661 
3147 4661 4658 3179 4659 
3148 4660 4661 4659 2148 
3149 3478 4093 4665 4664 
3150 4093 2922 4662 4665 
3151 4665 4662 2921 4663 
3152 4664 4665 4663 2923 
3153 2051 4666 4667 4506 
3154 4666 2843 4236 4667 
3155 4667 4236 629 628 
3156 4506 4667 628 627 
3157 2023 4668 4672 4671 
3158 4668 2021 4669 4672 
3159 4672 4669 2337 4670 
3160 4671 4672 4670 2966 
3161 3157 4673 4676 4675 
3162 4673 2971 4674 4676 
3163 4676 4674 2530 4639 
3164 4675 4676 4639 3113 
3165 2798 4677 4679 4649 
3166 4677 2276 4316 4679 
3167 4679 4316 2089 4678 
3168 4649 4679 4678 2087 
3169 2881 4297 4682 4681 
3170 4297 2878 4680 4682 
3171 4682 4680 2519 4593 
3172 4681 4682 4593 2879 
3173 2800 4369 4685 3930 
3174 4369 2801 4683 4685 
3175 4685 4683 3207 4684 
3176 3930 4685 4684 2571 
3177 2765 4127 4688 4687 
3178 4127 2759 4543 4688 
3179 4688 4543 2507 4686 
3180 4687 4688 4686 2760 
3181 2869 4637 4692 4691 
3182 4637 2963 4689 4692 
3183 4692 4689 2163 4690 
3184 4691 4692 4690 3131 
3185 2511 4693 4696 4361 
3186 4693 2500 4694 4696 
3187 4696 4694 2502 4695 
3188 4361 4696 4695 2851 
3189 2756 4697 4700 4699 
3190 4697 1949 4698 4700 
3191 4700 4698 3497 3949 
3192 4699 4700 3949 2757 
3193 2124 4701 4703 4281 
3194 4701 654 653 4703 
3195 4703 653 652 4702 
3196 4281 4703 4702 2763 
3197 629 4235 4706 630 
3198 4235 2490 4704 4706 
3199 4706 4704 3588 4705 
3200 630 4706 4705 631 
3201 2084 4707 4709 4708 
3202 4707 322 323 4709 
3203 4709 323 324 4419 
3204 4708 4709 4419 2870 
3205 2776 4710 4713 4712 
3206 4710 2773 4141 4713 
3207 4713 4141 3536 4711 
3208 4712 4713 4711 2135 
3209 2519 4714 4717 4594 
3210 4714 2396 4715 4717 
3211 4717 4715 2488 4716 
3212 4594 4717 4716 2489 
3213 3328 4718 4722 4721 
3214 4718 2602 4719 4722 
3215 4722 4719 2552 4720 
3216 4721 4722 4720 2906 
3217 2481 4723 4724 4342 
3218 4723 2868 4400 4724 
3219 4724 4400 348 349 
3220 4342 4724 349 350 
3221 3171 4725 4729 4728 
3222 4725 2109 4726 4729 
3223 4729 4726 2044 4727 
3224 4728 4729 4727 2898 
3225 2238 4730 4734 4733 
3226 4730 3185 4731 4734 
3227 4734 4731 2741 4732 
3228 4733 4734 4732 2894 
3229 3477 4735 4738 4737 
3230 4735 3115 4736 4738 
3231 4738 4736 3607 4358 
3232 4737 4738 4358 2753 
3233 2753 4357 4742 4741 
3234 4357 2752 4739 4742 
3235 4742 4739 2557 4740 
3236 4741 4742 4740 2556 
3237 2919 4743 4746 4745 
3238 4743 3198 4744 4746 
3239 4746 4744 2050 4476 
3240 4745 4746 4476 3196 
3241 2878 4526 4748 4680 
3242 4526 2877 4747 4748 
3243 4748 4747 2396 4714 
3244 4680 4748 4714 2519 
3245 2504 4749 4753 4752 
3246 4749 2502 4750 4753 
3247 4753 4750 2501 4751 
3248 4752 4753 4751 2503 
3249 2893 4003 4756 4047 
3250 4003 2892 4754 4756 
3251 4756 4754 2405 4755 
3252 4047 4756 4755 2496 
3253 608 607 4758 4372 
3254 607 21 3709 4758 
3255 4758 3709 2196 4757 
3256 4372 4758 4757 1961 
3257 2887 4759 4763 4762 
3258 4759 2556 4760 4763 
3259 4763 4760 2538 4761 
3260 4762 4763 4761 2525 
3261 2275 4321 4765 4563 
3262 4321 2949 4764 4765 
3263 4765 4764 2948 4619 
3264 4563 4765 4619 3101 
3265 3176 4766 4769 4768 
3266 4766 2278 4306 4769 
3267 4769 4306 3252 4767 
3268 4768 4769 4767 2849 
3269 2276 4770 4772 4317 
3270 4770 3463 4771 4772 
3271 4772 4771 2797 4081 
3272 4317 4772 4081 3236 
3273 2411 4773 4777 4776 
3274 4773 2962 4774 4777 
3275 4777 4774 2889 4775 
3276 4776 4777 4775 2526 
3277 3348 4778 4780 4005 
3278 4778 2906 4720 4780 
3279 4780 4720 2552 4779 
3280 4005 4780 4779 2892 
3281 2523 4781 4783 4644 
3282 4781 2880 4782 4783 
3283 4783 4782 2881 4681 
3284 4644 4783 4681 2879 
3285 2189 4617 4787 4786 
3286 4617 2948 4784 4787 
3287 4787 4784 2945 4785 
3288 4786 4787 4785 2967 
3289 2995 4788 4792 4791 
3290 4788 2994 4789 4792 
3291 4792 4789 2993 4790 
3292 4791 4792 4790 2008 
3293 2887 4762 4795 4794 
3294 4762 2525 4793 4795 
3295 4795 4793 2411 4776 
3296 4794 4795 4776 2526 
3297 408 409 4799 4798 
3298 409 410 4796 4799 
3299 4799 4796 3515 4797 
3300 4798 4799 4797 2802 
3301 2883 4800 4802 4801 
3302 4800 2882 4308 4802 
3303 4802 4308 2881 4782 
3304 4801 4802 4782 2880 
3305 2955 4334 4806 4805 
3306 4334 2175 4803 4806 
3307 4806 4803 1963 4804 
3308 4805 4806 4804 2956 
3309 3150 4807 4810 4809 
3310 4807 2898 4727 4810 
3311 4810 4727 2044 4808 
3312 4809 4810 4808 2042 
3313 2895 4811 4812 4025 
3314 4811 320 321 4812 
3315 4812 321 322 4707 
3316 4025 4812 4707 2084 
3317 187 188 4816 4815 
3318 188 189 4813 4816 
3319 4816 4813 2914 4814 
3320 4815 4816 4814 2916 
3321 2967 4785 4820 4819 
3322 4785 2945 4817 4820 
3323 4820 4817 2944 4818 
3324 4819 4820 4818 2942 
3325 2966 4821 4824 4671 
3326 4821 2910 4822 4824 
3327 4824 4822 2025 4823 
3328 4671 4824 4823 2023 
3329 2944 4817 4828 4827 
3330 4817 2945 4825 4828 
3331 4828 4825 2947 4826 
3332 4827 4828 4826 2946 
3333 2650 4416 4831 3997 
3334 4416 2593 4829 4831 
3335 4831 4829 2592 4830 
3336 3997 4831 4830 2518 
3337 2947 4832 4835 4834 
3338 4832 2949 4324 4835 
3339 4835 4324 2951 4833 
3340 4834 4835 4833 2950 
3341 2925 4836 4839 4630 
3342 4836 2555 4837 4839 
3343 4839 4837 2169 4838 
3344 4630 4839 4838 2924 
3345 2889 4774 4842 4841 
3346 4774 2962 4840 4842 
3347 4842 4840 2910 4821 
3348 4841 4842 4821 2966 
3349 2993 4843 4846 4845 
3350 4843 2984 4844 4846 
3351 4846 4844 99 100 
3352 4845 4846 100 101 
3353 2983 4847 4851 4850 
3354 4847 2982 4848 4851 
3355 4851 4848 2981 4849 
3356 4850 4851 4849 2006 
3357 3428 4852 4854 4037 
3358 4852 1969 4853 4854 
3359 4854 4853 418 419 
3360 4037 4854 419 420 
3361 2970 4855 4859 4858 
3362 4855 3177 4856 4859 
3363 4859 4856 2438 4857 
3364 4858 4859 4857 3210 
3365 2871 4421 4860 3946 
3366 4421 2235 4623 4860 
3367 4860 4623 2873 3834 
3368 3946 4860 3834 2872 
3369 2769 4861 4863 4312 
3370 4861 2768 3663 4863 
3371 4863 3663 3589 4862 
3372 4312 4863 4862 2372 
3373 2950 4833 4866 4865 
3374 4833 2951 4625 4866 
3375 4866 4625 2954 4864 
3376 4865 4866 4864 2952 
3377 2920 4867 4870 4869 
3378 4867 316 317 4870 
3379 4870 317 318 4868 
3380 4869 4870 4868 2134 
3381 1953 4871 4874 4873 
3382 4871 2931 4578 4874 
3383 4874 4578 2930 4872 
3384 4873 4874 4872 2928 
3385 101 102 4876 4845 
3386 102 103 4875 4876 
3387 4876 4875 2008 4790 
3388 4845 4876 4790 2993 
3389 1950 4877 4880 4879 
3390 4877 312 313 4880 
3391 4880 313 314 4878 
3392 4879 4880 4878 2921 
3393 2916 4589 4882 4815 
3394 4589 1957 4881 4882 
3395 4882 4881 185 186 
3396 4815 4882 186 187 
3397 2927 4883 4886 4885 
3398 4883 1995 4884 4886 
3399 4886 4884 175 176 
3400 4885 4886 176 177 
3401 2528 4887 4891 4890 
3402 4887 3149 4888 4891 
3403 4891 4888 2646 4889 
3404 4890 4891 4889 3205 
3405 1969 4892 4894 4853 
3406 4892 3265 4893 4894 
3407 4894 4893 416 417 
3408 4853 4894 417 418 
3409 2304 4895 4899 4898 
3410 4895 2303 4896 4899 
3411 4899 4896 3104 4897 
3412 4898 4899 4897 2457 
3413 2207 4900 4903 4902 
3414 4900 2028 4901 4903 
3415 4903 4901 2025 4822 
3416 4902 4903 4822 2910 
3417 2218 4904 4908 4907 
3418 4904 3098 4905 4908 
3419 4908 4905 2094 4906 
3420 4907 4908 4906 2101 
3421 2067 4909 4913 4912 
3422 4909 2939 4910 4913 
3423 4913 4910 2138 4911 
3424 4912 4913 4911 2071 
3425 3442 4914 4917 4916 
3426 4914 2125 4915 4917 
3427 4917 4915 24 3993 
3428 4916 4917 3993 2122 
3429 2911 4918 4921 4920 
3430 4918 1944 4919 4921 
3431 4921 4919 191 192 
3432 4920 4921 192 193 
3433 2614 4922 4926 4925 
3434 4922 2336 4923 4926 
3435 4926 4923 2212 4924 
3436 4925 4926 4924 2908 
3437 2897 4927 4930 4929 
3438 4927 2587 4928 4930 
3439 4930 4928 2457 4897 
3440 4929 4930 4897 3104 
3441 2958 4931 4934 4933 
3442 4931 2695 4932 4934 
3443 4934 4932 85 86 
3444 4933 4934 86 87 
3445 2910 4840 4936 4902 
3446 4840 2962 4773 4936 
3447 4936 4773 2411 4935 
3448 4902 4936 4935 2207 
3449 2890 4353 4939 4309 
3450 4353 1973 4937 4939 
3451 4939 4937 1999 4938 
3452 4309 4939 4938 2017 
3453 2966 4670 4941 4841 
3454 4670 2337 3982 4941 
3455 4941 3982 3397 4940 
3456 4841 4941 4940 2889 
3457 2134 4868 4942 3702 
3458 4868 318 319 4942 
3459 4942 319 320 4811 
3460 3702 4942 4811 2895 
3461 2041 4943 4947 4946 
3462 4943 2046 4944 4947 
3463 4947 4944 2108 4945 
3464 4946 4947 4945 2965 
3465 2502 4694 4950 4750 
3466 4694 2500 4948 4950 
3467 4950 4948 2499 4949 
3468 4750 4950 4949 2501 
3469 2522 4642 4953 4952 
3470 4642 2520 4595 4953 
3471 4953 4595 2489 4951 
3472 4952 4953 4951 2521 
3473 2457 4954 4957 4898 
3474 4954 2550 4955 4957 
3475 4957 4955 2551 4956 
3476 4898 4957 4956 2304 
3477 2128 4958 4962 4961 
3478 4958 2180 4959 4962 
3479 4962 4959 2429 4960 
3480 4961 4962 4960 2934 
3481 2496 4755 4965 4469 
3482 4755 2405 4963 4965 
3483 4965 4963 2296 4964 
3484 4469 4965 4964 2295 
3485 2921 4878 4967 4966 
3486 4878 314 315 4967 
3487 4967 315 316 4867 
3488 4966 4967 4867 2920 
3489 95 96 4970 4969 
3490 96 97 4968 4970 
3491 4970 4968 2006 4849 
3492 4969 4970 4849 2981 
3493 2855 4613 4971 4008 
3494 4613 1940 3767 4971 
3495 4971 3767 265 266 
3496 4008 4971 266 267 
3497 2892 4779 4974 4754 
3498 4779 2552 4972 4974 
3499 4974 4972 2406 4973 
3500 4754 4974 4973 2405 
3501 2928 4975 4978 4977 
3502 4975 2929 4976 4978 
3503 4978 4976 69 70 
3504 4977 4978 70 71 
3505 3121 4979 4982 4981 
3506 4979 2967 4819 4982 
3507 4982 4819 2942 4980 
3508 4981 4982 4980 2940 
3509 2809 4983 4986 4985 
3510 4983 1941 4984 4986 
3511 4986 4984 232 233 
3512 4985 4986 233 234 
3513 3076 4987 4991 4990 
3514 4987 2998 4988 4991 
3515 4991 4988 2997 4989 
3516 4990 4991 4989 3102 
3517 2336 4922 4995 4994 
3518 4922 2614 4992 4995 
3519 4995 4992 2615 4993 
3520 4994 4995 4993 2612 
3521 2963 4996 4999 4689 
3522 4996 2160 4997 4999 
3523 4999 4997 2162 4998 
3524 4689 4999 4998 2163 
3525 2151 5000 5004 5003 
3526 5000 2153 5001 5004 
3527 5004 5001 2156 5002 
3528 5003 5004 5002 2971 
3529 2283 5005 5009 5008 
3530 5005 3165 5006 5009 
3531 5009 5006 2562 5007 
3532 5008 5009 5007 2431 
3533 2530 5010 5012 4640 
3534 5010 2158 5011 5012 
3535 5012 5011 2160 4996 
3536 4640 5012 4996 2963 
3537 3199 5013 5017 5016 
3538 5013 2591 5014 5017 
3539 5017 5014 2749 5015 
3540 5016 5017 5015 2900 
3541 2901 5018 5021 5020 
3542 5018 2136 5019 5021 
3543 5021 5019 171 172 
3544 5020 5021 172 173 
3545 402 403 5024 4587 
3546 403 404 5022 5024 
3547 5024 5022 3108 5023 
3548 4587 5024 5023 2693 
3549 189 190 5026 4813 
3550 190 191 4919 5026 
3551 5026 4919 1944 5025 
3552 4813 5026 5025 2914 
3553 2898 4807 5030 5029 
3554 4807 3150 5027 5030 
3555 5030 5027 3147 5028 
3556 5029 5030 5028 2642 
3557 2095 5031 5035 5034 
3558 5031 2077 5032 5035 
3559 5035 5032 3107 5033 
3560 5034 5035 5033 2926 
3561 2965 4945 5039 5038 
3562 4945 2108 5036 5039 
3563 5039 5036 2114 5037 
3564 5038 5039 5037 2528 
3565 2971 5002 5041 4674 
3566 5002 2156 5040 5041 
3567 5041 5040 2158 5010 
3568 4674 5041 5010 2530 
3569 2554 5042 5046 5045 
3570 5042 3245 5043 5046 
3571 5046 5043 2909 5044 
3572 5045 5046 5044 3238 
3573 2525 5047 5050 4793 
3574 5047 2524 5048 5050 
3575 5050 5048 2410 5049 
3576 4793 5050 5049 2411 
3577 2697 5051 5055 5054 
3578 5051 2451 5052 5055 
3579 5055 5052 2666 5053 
3580 5054 5055 5053 2694 
3581 2411 5049 5058 4935 
3582 5049 2410 5056 5058 
3583 5058 5056 2030 5057 
3584 4935 5058 5057 2207 
3585 105 106 5061 5060 
3586 106 107 5059 5061 
3587 5061 5059 3102 4989 
3588 5060 5061 4989 2997 
3589 1995 5062 5063 4884 
3590 5062 2901 5020 5063 
3591 5063 5020 173 174 
3592 4884 5063 174 175 
3593 2290 5064 5068 5067 
3594 5064 2288 5065 5068 
3595 5068 5065 3154 5066 
3596 5067 5068 5066 2919 
3597 451 5069 5072 452 
3598 5069 2671 5070 5072 
3599 5072 5070 2969 5071 
3600 452 5072 5071 453 
3601 1998 5073 5075 5074 
3602 5073 2958 4933 5075 
3603 5075 4933 87 88 
3604 5074 5075 88 89 
3605 1953 4873 5077 5076 
3606 4873 2928 4977 5077 
3607 5077 4977 71 72 
3608 5076 5077 72 73 
3609 2940 4980 5081 5080 
3610 4980 2942 5078 5081 
3611 5081 5078 2943 5079 
3612 5080 5081 5079 2941 
3613 2326 5082 5086 5085 
3614 5082 1955 5083 5086 
3615 5086 5083 2885 5084 
3616 5085 5086 5084 2884 
3617 2790 5087 5088 3844 
3618 5087 2140 4007 5088 
3619 5088 4007 269 270 
3620 3844 5088 270 271 
3621 2429 4959 5092 5091 
3622 4959 2180 5089 5092 
3623 5092 5089 2181 5090 
3624 5091 5092 5090 2182 
3625 2434 5093 5097 5096 
3626 5093 2433 5094 5097 
3627 5097 5094 2427 5095 
3628 5096 5097 5095 2428 
3629 2109 5098 5101 4726 
3630 5098 2049 5099 5101 
3631 5101 5099 2048 5100 
3632 4726 5101 5100 2044 
3633 2137 5102 5104 5103 
3634 5102 2911 4920 5104 
3635 5104 4920 193 194 
3636 5103 5104 194 195 
3637 2814 5105 5109 5108 
3638 5105 2144 5106 5109 
3639 5109 5106 2989 5107 
3640 5108 5109 5107 2990 
3641 2939 5110 5112 4910 
3642 5110 2940 5080 5112 
3643 5112 5080 2941 5111 
3644 4910 5112 5111 2138 
3645 2990 5107 5114 4378 
3646 5107 2989 5113 5114 
3647 5114 5113 1958 4187 
3648 4378 5114 4187 2991 
3649 2226 5115 5118 5117 
3650 5115 2227 5116 5118 
3651 5118 5116 3131 4690 
3652 5117 5118 4690 2163 
3653 2136 5119 5121 5019 
3654 5119 2968 5120 5121 
3655 5121 5120 169 170 
3656 5019 5121 170 171 
3657 2126 5122 5125 5124 
3658 5122 2786 5123 5125 
3659 5125 5123 642 641 
3660 5124 5125 641 640 
3661 2929 5126 5128 4976 
3662 5126 1945 5127 5128 
3663 5128 5127 67 68 
3664 4976 5128 68 69 
3665 2779 5129 5132 5131 
3666 5129 2653 4292 5132 
3667 5132 4292 3250 5130 
3668 5131 5132 5130 2791 
3669 2146 5133 5136 5135 
3670 5133 2972 5134 5136 
3671 5136 5134 91 92 
3672 5135 5136 92 93 
3673 2190 5137 5141 5140 
3674 5137 2294 5138 5141 
3675 5141 5138 2544 5139 
3676 5140 5141 5139 3097 
3677 2783 4230 5143 5142 
3678 4230 2782 4491 5143 
3679 5143 4491 2640 4265 
3680 5142 5143 4265 3313 
3681 2949 4832 5144 4764 
3682 4832 2947 4825 5144 
3683 5144 4825 2945 4784 
3684 4764 5144 4784 2948 
3685 2477 5145 5149 5148 
3686 5145 2308 5146 5149 
3687 5149 5146 3123 5147 
3688 5148 5149 5147 2647 
3689 2877 5150 5153 4747 
3690 5150 2221 5151 5153 
3691 5153 5151 2395 5152 
3692 4747 5153 5152 2396 
3693 2008 5154 5156 4791 
3694 5154 2997 4988 5156 
3695 5156 4988 2998 5155 
3696 4791 5156 5155 2995 
3697 2425 5157 5161 5160 
3698 5157 2423 5158 5161 
3699 5161 5158 2426 5159 
3700 5160 5161 5159 2976 
3701 2492 5162 5164 5163 
3702 5162 2902 4509 5164 
3703 5164 4509 667 666 
3704 5163 5164 666 665 
3705 1947 5165 5168 5167 
3706 5165 2986 5166 5168 
3707 5168 5166 222 223 
3708 5167 5168 223 224 
3709 2006 5169 5172 4850 
3710 5169 2984 5170 5172 
3711 5172 5170 2985 5171 
3712 4850 5172 5171 2983 
3713 2924 4838 5176 5175 
3714 4838 2169 5173 5176 
3715 5176 5173 2168 5174 
3716 5175 5176 5174 2167 
3717 2550 5177 5179 4955 
3718 5177 2633 4403 5179 
3719 5179 4403 2850 5178 
3720 4955 5179 5178 2551 
3721 3119 5180 5184 5183 
3722 5180 2976 5181 5184 
3723 5184 5181 2977 5182 
3724 5183 5184 5182 2980 
3725 3312 3774 5185 3677 
3726 3774 1946 3842 5185 
3727 5185 3842 273 274 
3728 3677 5185 274 275 
3729 2671 5069 5188 5187 
3730 5069 451 450 5188 
3731 5188 450 449 5186 
3732 5187 5188 5186 2875 
3733 2303 5189 5192 5191 
3734 5189 2227 5115 5192 
3735 5192 5115 2226 5190 
3736 5191 5192 5190 2302 
3737 2146 5193 5196 5133 
3738 5193 2973 5194 5196 
3739 5196 5194 2960 5195 
3740 5133 5196 5195 2972 
3741 3151 5197 5201 5200 
3742 5197 2287 5198 5201 
3743 5201 5198 2560 5199 
3744 5200 5201 5199 2649 
3745 2953 4322 5203 4607 
3746 4322 2275 4562 5203 
3747 5203 4562 2058 5202 
3748 4607 5203 5202 2056 
3749 2428 5095 5207 5206 
3750 5095 2427 5204 5207 
3751 5207 5204 2424 5205 
3752 5206 5207 5205 2425 
3753 2130 5208 5212 5211 
3754 5208 3106 5209 5212 
3755 5212 5209 2442 5210 
3756 5211 5212 5210 2246 
3757 2986 3923 5214 5166 
3758 3923 2987 5213 5214 
3759 5214 5213 220 221 
3760 5166 5214 221 222 
3761 1990 5215 5217 5216 
3762 5215 455 454 5217 
3763 5217 454 453 5071 
3764 5216 5217 5071 2969 
3765 2961 4580 5218 3759 
3766 4580 259 260 5218 
3767 5218 260 261 3936 
3768 3759 5218 3936 1965 
3769 3004 5219 5222 3695 
3770 5219 3002 5220 5222 
3771 5222 5220 2620 5221 
3772 3695 5222 5221 3003 
3773 2897 5223 5226 5225 
3774 5223 2680 5224 5226 
3775 5226 5224 2681 4426 
3776 5225 5226 4426 2682 
3777 3050 5227 5231 5230 
3778 5227 3049 5228 5231 
3779 5231 5228 3048 5229 
3780 5230 5231 5229 2011 
3781 242 243 5235 5234 
3782 243 244 5232 5235 
3783 5235 5232 2988 5233 
3784 5234 5235 5233 2139 
3785 3056 5236 5240 5239 
3786 5236 3055 5237 5240 
3787 5240 5237 3054 5238 
3788 5239 5240 5238 2009 
3789 457 5241 5244 458 
3790 5241 3091 5242 5244 
3791 5244 5242 3092 5243 
3792 458 5244 5243 459 
3793 2425 5205 5247 5157 
3794 5205 2424 5245 5247 
3795 5247 5245 2422 5246 
3796 5157 5247 5246 2423 
3797 2897 4929 5250 5223 
3798 4929 3104 5248 5250 
3799 5250 5248 2409 5249 
3800 5223 5250 5249 2680 
3801 3044 5251 5255 5254 
3802 5251 3043 5252 5255 
3803 5255 5252 3042 5253 
3804 5254 5255 5253 2013 
3805 147 148 5258 5257 
3806 148 149 5256 5258 
3807 5258 5256 2011 5229 
3808 5257 5258 5229 3048 
3809 2926 5259 5262 5034 
3810 5259 2167 5260 5262 
3811 5262 5260 2104 5261 
3812 5034 5262 5261 2095 
3813 153 154 5265 5264 
3814 154 155 5263 5265 
3815 5265 5263 2009 5238 
3816 5264 5265 5238 3054 
3817 2044 5266 5269 4808 
3818 5266 2043 5267 5269 
3819 5269 5267 2039 5268 
3820 4808 5269 5268 2042 
3821 3054 5270 5272 5264 
3822 5270 3052 5271 5272 
3823 5272 5271 151 152 
3824 5264 5272 152 153 
3825 3048 5273 5275 5257 
3826 5273 3046 5274 5275 
3827 5275 5274 145 146 
3828 5257 5275 146 147 
3829 159 160 5279 5278 
3830 160 161 5276 5279 
3831 5279 5276 2007 5277 
3832 5278 5279 5277 3060 
3833 3060 5280 5282 5278 
3834 5280 3058 5281 5282 
3835 5282 5281 157 158 
3836 5278 5282 158 159 
3837 2903 5283 5287 5286 
3838 5283 2737 5284 5287 
3839 5287 5284 2738 5285 
3840 5286 5287 5285 2739 
3841 141 142 5290 5289 
3842 142 143 5288 5290 
3843 5290 5288 2013 5253 
3844 5289 5290 5253 3042 
3845 2999 5291 5294 5293 
3846 5291 2141 5292 5294 
3847 5294 5292 203 204 
3848 5293 5294 204 205 
3849 2799 3999 5295 3871 
3850 3999 255 256 5295 
3851 5295 256 257 4581 
3852 3871 5295 4581 2142 
3853 2935 5296 5297 3880 
3854 5296 2143 3751 5297 
3855 5297 3751 57 58 
3856 3880 5297 58 59 
3857 3004 5298 5301 5219 
3858 5298 2145 5299 5301 
3859 5301 5299 442 5300 
3860 5219 5301 5300 3002 
3861 3042 5302 5304 5289 
3862 5302 3040 5303 5304 
3863 5304 5303 139 140 
3864 5289 5304 140 141 
3865 2010 5305 5309 5308 
3866 5305 3074 5306 5309 
3867 5309 5306 3073 5307 
3868 5308 5309 5307 3075 
3869 2555 5310 5313 4837 
3870 5310 2212 5311 5313 
3871 5313 5311 2211 5312 
3872 4837 5313 5312 2169 
3873 3036 5314 5318 5317 
3874 5314 2015 5315 5318 
3875 5318 5315 3038 5316 
3876 5317 5318 5316 3037 
3877 2495 4022 5320 5319 
3878 4022 2999 5293 5320 
3879 5320 5293 205 206 
3880 5319 5320 206 207 
3881 2989 5106 5323 5322 
3882 5106 2144 5321 5323 
3883 5323 5321 294 295 
3884 5322 5323 295 296 
3885 2012 5324 5328 5327 
3886 5324 3068 5325 5328 
3887 5328 5325 3067 5326 
3888 5327 5328 5326 3069 
3889 2014 5329 5333 5332 
3890 5329 3062 5330 5333 
3891 5333 5330 3031 5331 
3892 5332 5333 5331 3063 
3893 1958 5113 5335 5334 
3894 5113 2989 5322 5335 
3895 5335 5322 296 297 
3896 5334 5335 297 298 
3897 2876 4228 5336 4112 
3898 4228 1996 3631 5336 
3899 5336 3631 279 280 
3900 4112 5336 280 281 
3901 2987 5337 5339 5213 
3902 5337 1997 5338 5339 
3903 5339 5338 218 219 
3904 5213 5339 219 220 
3905 2218 5340 5343 4904 
3906 5340 2439 5341 5343 
3907 5343 5341 2645 5342 
3908 4904 5343 5342 3098 
3909 3510 3933 5345 4243 
3910 3933 3001 5344 5345 
3911 5345 5344 218 5338 
3912 4243 5345 5338 1997 
3913 463 5346 5349 464 
3914 5346 3085 5347 5349 
3915 5349 5347 3087 5348 
3916 464 5349 5348 465 
3917 2494 3875 5351 5350 
3918 3875 2988 5232 5351 
3919 5351 5232 244 245 
3920 5350 5351 245 246 
3921 529 5352 5355 530 
3922 5352 3083 5353 5355 
3923 5355 5353 3084 5354 
3924 530 5355 5354 531 
3925 2620 5220 5357 5356 
3926 5220 3002 5300 5357 
3927 5357 5300 442 443 
3928 5356 5357 443 444 
3929 1988 5358 5360 5359 
3930 5358 461 460 5360 
3931 5360 460 459 5243 
3932 5359 5360 5243 3092 
3933 3036 5361 5364 5363 
3934 5361 3034 5362 5364 
3935 5364 5362 133 134 
3936 5363 5364 134 135 
3937 3037 5365 5367 5317 
3938 5365 3035 5366 5367 
3939 5367 5366 3034 5361 
3940 5317 5367 5361 3036 
3941 2423 5368 5371 5158 
3942 5368 2418 5369 5371 
3943 5371 5369 3096 5370 
3944 5158 5371 5370 2426 
3945 2984 4843 5373 5170 
3946 4843 2993 4789 5373 
3947 5373 4789 2994 5372 
3948 5170 5373 5372 2985 
3949 2578 5374 5378 5377 
3950 5374 2364 5375 5378 
3951 5378 5375 2366 5376 
3952 5377 5378 5376 3022 
3953 2581 5379 5383 5382 
3954 5379 2373 5380 5383 
3955 5383 5380 2375 5381 
3956 5382 5383 5381 3019 
3957 2589 5384 5388 5387 
3958 5384 2380 5385 5388 
3959 5388 5385 2382 5386 
3960 5387 5388 5386 3016 
3961 2575 5389 5393 5392 
3962 5389 2355 5390 5393 
3963 5393 5390 2357 5391 
3964 5392 5393 5391 3025 
3965 2015 5314 5395 5394 
3966 5314 3036 5363 5395 
3967 5395 5363 135 136 
3968 5394 5395 136 137 
3969 2011 5396 5399 5230 
3970 5396 3052 5397 5399 
3971 5399 5397 3053 5398 
3972 5230 5399 5398 3050 
3973 2009 5400 5403 5239 
3974 5400 3058 5401 5403 
3975 5403 5401 3059 5402 
3976 5239 5403 5402 3056 
3977 111 112 5407 5406 
3978 112 113 5404 5407 
3979 5407 5404 3072 5405 
3980 5406 5407 5405 3074 
3981 117 118 5411 5410 
3982 118 119 5408 5411 
3983 5411 5408 3066 5409 
3984 5410 5411 5409 3068 
3985 2573 5412 5416 5415 
3986 5412 2346 5413 5416 
3987 5416 5413 2348 5414 
3988 5415 5416 5414 3080 
3989 3032 5417 5421 5420 
3990 5417 3027 5418 5421 
3991 5421 5418 2016 5419 
3992 5420 5421 5419 3026 
3993 2013 5422 5425 5254 
3994 5422 3046 5423 5425 
3995 5425 5423 3047 5424 
3996 5254 5425 5424 3044 
3997 123 124 5429 5428 
3998 124 125 5426 5429 
3999 5429 5426 3030 5427 
4000 5428 5429 5427 3062 
4001 3026 5430 5433 5420 
4002 5430 2147 5431 5433 
4003 5433 5431 3033 5432 
4004 5420 5433 5432 3032 
4005 3006 5434 5438 5437 
4006 5434 2417 5435 5438 
4007 5438 5435 2422 5436 
4008 5437 5438 5436 2601 
4009 2598 5439 5443 5442 
4010 5439 2412 5440 5443 
4011 5443 5440 2414 5441 
4012 5442 5443 5441 3005 
4013 3009 5444 5447 5446 
4014 5444 2402 5445 5447 
4015 5447 5445 2412 5439 
4016 5446 5447 5439 2598 
4017 2595 5448 5452 5451 
4018 5448 2397 5449 5452 
4019 5452 5449 2399 5450 
4020 5451 5452 5450 3008 
4021 3012 5453 5456 5455 
4022 5453 2392 5454 5456 
4023 5456 5454 2397 5448 
4024 5455 5456 5448 2595 
4025 2594 5457 5461 5460 
4026 5457 2387 5458 5461 
4027 5461 5458 2389 5459 
4028 5460 5461 5459 3011 
4029 3016 5386 5465 5464 
4030 5386 2382 5462 5465 
4031 5465 5462 2385 5463 
4032 5464 5465 5463 3014 
4033 3019 5381 5469 5468 
4034 5381 2375 5466 5469 
4035 5469 5466 2378 5467 
4036 5468 5469 5467 3017 
4037 2264 5470 5471 3932 
4038 5470 216 217 5471 
4039 5471 217 218 5344 
4040 3932 5471 5344 3001 
4041 3022 5376 5475 5474 
4042 5376 2366 5472 5475 
4043 5475 5472 2368 5473 
4044 5474 5475 5473 3020 
4045 3025 5391 5479 5478 
4046 5391 2357 5476 5479 
4047 5479 5476 2360 5477 
4048 5478 5479 5477 3023 
4049 3080 5414 5483 5482 
4050 5414 2348 5480 5483 
4051 5483 5480 2350 5481 
4052 5482 5483 5481 3078 
4053 2417 5434 5486 5485 
4054 5434 3006 5484 5486 
4055 5486 5484 3005 5441 
4056 5485 5486 5441 2414 
4057 2402 5444 5489 5488 
4058 5444 3009 5487 5489 
4059 5489 5487 3008 5450 
4060 5488 5489 5450 2399 
4061 2392 5453 5492 5491 
4062 5453 3012 5490 5492 
4063 5492 5490 3011 5459 
4064 5491 5492 5459 2389 
4065 2364 5374 5495 5494 
4066 5374 2578 5493 5495 
4067 5495 5493 3023 5477 
4068 5494 5495 5477 2360 
4069 2387 5457 5498 5497 
4070 5457 2594 5496 5498 
4071 5498 5496 3014 5463 
4072 5497 5498 5463 2385 
4073 2380 5384 5501 5500 
4074 5384 2589 5499 5501 
4075 5501 5499 3017 5467 
4076 5500 5501 5467 2378 
4077 2373 5379 5504 5503 
4078 5379 2581 5502 5504 
4079 5504 5502 3020 5473 
4080 5503 5504 5473 2368 
4081 3078 5481 5507 5506 
4082 5481 2350 5505 5507 
4083 5507 5505 2355 5389 
4084 5506 5507 5389 2575 
4085 2981 5508 5509 4969 
4086 5508 2146 5135 5509 
4087 5509 5135 93 94 
4088 4969 5509 94 95 
4089 2984 5169 5510 4844 
4090 5169 2006 4968 5510 
4091 5510 4968 97 98 
4092 4844 5510 98 99 
4093 2997 5154 5511 5060 
4094 5154 2008 4875 5511 
4095 5511 4875 103 104 
4096 5060 5511 104 105 
4097 3074 5305 5513 5406 
4098 5305 2010 5512 5513 
4099 5513 5512 109 110 
4100 5406 5513 110 111 
4101 3068 5324 5515 5410 
4102 5324 2012 5514 5515 
4103 5515 5514 115 116 
4104 5410 5515 116 117 
4105 3062 5329 5517 5428 
4106 5329 2014 5516 5517 
4107 5517 5516 121 122 
4108 5428 5517 122 123 
4109 3026 5419 5520 5519 
4110 5419 2016 5518 5520 
4111 5520 5518 127 128 
4112 5519 5520 128 129 
4113 3040 5521 5522 5303 
4114 5521 2015 5394 5522 
4115 5522 5394 137 138 
4116 5303 5522 138 139 
4117 3046 5422 5523 5274 
4118 5422 2013 5288 5523 
4119 5523 5288 143 144 
4120 5274 5523 144 145 
4121 3052 5396 5524 5271 
4122 5396 2011 5256 5524 
4123 5524 5256 149 150 
4124 5271 5524 150 151 
4125 3058 5400 5525 5281 
4126 5400 2009 5263 5525 
4127 5525 5263 155 156 
4128 5281 5525 156 157 
4129 2968 5526 5528 5120 
4130 5526 2005 5527 5528 
4131 5528 5527 167 168 
4132 5120 5528 168 169 
4133 2015 5521 5531 5315 
4134 5521 3040 5529 5531 
4135 5531 5529 3041 5530 
4136 5315 5531 5530 3038 
4137 3069 5532 5535 5327 
4138 5532 3070 5533 5535 
4139 5535 5533 3072 5534 
4140 5327 5535 5534 2012 
4141 131 132 5538 5537 
4142 132 133 5362 5538 
4143 5538 5362 3034 5536 
4144 5537 5538 5536 2147 
4145 113 114 5539 5404 
4146 114 115 5514 5539 
4147 5539 5514 2012 5534 
4148 5404 5539 5534 3072 
4149 119 120 5541 5408 
4150 120 121 5516 5541 
4151 5541 5516 2014 5540 
4152 5408 5541 5540 3066 
4153 2147 5430 5542 5537 
4154 5430 3026 5519 5542 
4155 5542 5519 129 130 
4156 5537 5542 130 131 
4157 125 126 5544 5426 
4158 126 127 5518 5544 
4159 5544 5518 2016 5543 
4160 5426 5544 5543 3030 
4161 2423 5246 5546 5368 
4162 5246 2422 5435 5546 
4163 5546 5435 2417 5545 
4164 5368 5546 5545 2418 
4165 469 5547 5550 470 
4166 5547 3088 5548 5550 
4167 5550 5548 3090 5549 
4168 470 5550 5549 471 
4169 1986 5551 5553 5552 
4170 5551 467 466 5553 
4171 5553 466 465 5348 
4172 5552 5553 5348 3087 
4173 3063 5554 5556 5332 
4174 5554 3064 5555 5556 
4175 5556 5555 3066 5540 
4176 5332 5556 5540 2014 
4177 1991 5557 5559 5558 
4178 5557 533 532 5559 
4179 5559 532 531 5354 
4180 5558 5559 5354 3084 
4181 3055 5560 5561 5237 
4182 5560 3053 5397 5561 
4183 5561 5397 3052 5270 
4184 5237 5561 5270 3054 
4185 3061 5562 5564 5563 
4186 5562 3059 5401 5564 
4187 5564 5401 3058 5280 
4188 5563 5564 5280 3060 
4189 3049 5565 5566 5228 
4190 5565 3047 5423 5566 
4191 5566 5423 3046 5273 
4192 5228 5566 5273 3048 
4193 3027 5567 5569 5418 
4194 5567 3028 5568 5569 
4195 5569 5568 3030 5543 
4196 5418 5569 5543 2016 
4197 3035 5570 5571 5366 
4198 5570 3033 5431 5571 
4199 5571 5431 2147 5536 
4200 5366 5571 5536 3034 
4201 471 5549 5574 472 
4202 5549 3090 5572 5574 
4203 5574 5572 1984 5573 
4204 472 5574 5573 473 
4205 3043 5575 5576 5252 
4206 5575 3041 5529 5576 
4207 5576 5529 3040 5302 
4208 5252 5576 5302 3042 
4209 2414 5577 5579 5485 
4210 5577 2415 5578 5579 
4211 5579 5578 2418 5545 
4212 5485 5579 5545 2417 
4213 2412 5580 5582 5440 
4214 5580 2413 5581 5582 
4215 5582 5581 2415 5577 
4216 5440 5582 5577 2414 
4217 2402 5583 5585 5445 
4218 5583 2403 5584 5585 
4219 5585 5584 2413 5580 
4220 5445 5585 5580 2412 
4221 2399 5586 5588 5488 
4222 5586 2400 5587 5588 
4223 5588 5587 2403 5583 
4224 5488 5588 5583 2402 
4225 2397 5589 5591 5449 
4226 5589 2398 5590 5591 
4227 5591 5590 2400 5586 
4228 5449 5591 5586 2399 
4229 2392 5592 5594 5454 
4230 5592 2393 5593 5594 
4231 5594 5593 2398 5589 
4232 5454 5594 5589 2397 
4233 2389 5595 5597 5491 
4234 5595 2390 5596 5597 
4235 5597 5596 2393 5592 
4236 5491 5597 5592 2392 
4237 2387 5598 5600 5458 
4238 5598 2388 5599 5600 
4239 5600 5599 2390 5595 
4240 5458 5600 5595 2389 
4241 2385 5601 5603 5497 
4242 5601 2386 5602 5603 
4243 5603 5602 2388 5598 
4244 5497 5603 5598 2387 
4245 2382 5604 5606 5462 
4246 5604 2383 5605 5606 
4247 5606 5605 2386 5601 
4248 5462 5606 5601 2385 
4249 2380 5607 5609 5385 
4250 5607 2381 5608 5609 
4251 5609 5608 2383 5604 
4252 5385 5609 5604 2382 
4253 3028 5610 5611 5568 
4254 5610 3031 5330 5611 
4255 5611 5330 3062 5427 
4256 5568 5611 5427 3030 
4257 2378 5612 5614 5500 
4258 5612 2379 5613 5614 
4259 5614 5613 2381 5607 
4260 5500 5614 5607 2380 
4261 2375 5615 5617 5466 
4262 5615 2376 5616 5617 
4263 5617 5616 2379 5612 
4264 5466 5617 5612 2378 
4265 3064 5618 5619 5555 
4266 5618 3067 5325 5619 
4267 5619 5325 3068 5409 
4268 5555 5619 5409 3066 
4269 2373 5620 5622 5380 
4270 5620 2374 5621 5622 
4271 5622 5621 2376 5615 
4272 5380 5622 5615 2375 
4273 2368 5623 5625 5503 
4274 5623 2369 5624 5625 
4275 5625 5624 2374 5620 
4276 5503 5625 5620 2373 
4277 2366 5626 5628 5472 
4278 5626 2367 5627 5628 
4279 5628 5627 2369 5623 
4280 5472 5628 5623 2368 
4281 2364 5629 5631 5375 
4282 5629 2365 5630 5631 
4283 5631 5630 2367 5626 
4284 5375 5631 5626 2366 
4285 2346 5412 5635 5634 
4286 5412 2573 5632 5635 
4287 5635 5632 3081 5633 
4288 5634 5635 5633 2342 
4289 3070 5636 5637 5533 
4290 5636 3073 5306 5637 
4291 5637 5306 3074 5405 
4292 5533 5637 5405 3072 
4293 2566 5638 5642 5641 
4294 5638 2338 5639 5642 
4295 5642 5639 2340 5640 
4296 5641 5642 5640 3095 
4297 2360 5643 5645 5494 
4298 5643 2361 5644 5645 
4299 5645 5644 2365 5629 
4300 5494 5645 5629 2364 
4301 2357 5646 5648 5476 
4302 5646 2358 5647 5648 
4303 5648 5647 2361 5643 
4304 5476 5648 5643 2360 
4305 2355 5649 5651 5390 
4306 5649 2356 5650 5651 
4307 5651 5650 2358 5646 
4308 5390 5651 5646 2357 
4309 3083 5352 5654 5653 
4310 5352 529 528 5654 
4311 5654 528 527 5652 
4312 5653 5654 5652 1989 
4313 3091 5241 5656 5655 
4314 5241 457 456 5656 
4315 5656 456 455 5215 
4316 5655 5656 5215 1990 
4317 3085 5346 5658 5657 
4318 5346 463 462 5658 
4319 5658 462 461 5358 
4320 5657 5658 5358 1988 
4321 2896 5659 5660 3840 
4322 5659 535 534 5660 
4323 5660 534 533 5557 
4324 3840 5660 5557 1991 
4325 3088 5547 5662 5661 
4326 5547 469 468 5662 
4327 5662 468 467 5551 
4328 5661 5662 5551 1986 
4329 2350 5663 5665 5505 
4330 5663 2351 5664 5665 
4331 5665 5664 2356 5649 
4332 5505 5665 5649 2355 
4333 2348 5666 5668 5480 
4334 5666 2349 5667 5668 
4335 5668 5667 2351 5663 
4336 5480 5668 5663 2350 
4337 2346 5669 5671 5413 
4338 5669 2347 5670 5671 
4339 5671 5670 2349 5666 
4340 5413 5671 5666 2348 
4341 2415 5581 5675 5674 
4342 5581 2413 5672 5675 
4343 5675 5672 2416 5673 
4344 5674 5675 5673 3093 
4345 2369 5627 5679 5678 
4346 5627 2367 5676 5679 
4347 5679 5676 2463 5677 
4348 5678 5679 5677 3094 
4349 2374 5624 5682 5681 
4350 5624 2369 5678 5682 
4351 5682 5678 3094 5680 
4352 5681 5682 5680 2377 
4353 2601 5436 5685 5684 
4354 5436 2422 5245 5685 
4355 5685 5245 2424 5683 
4356 5684 5685 5683 3000 
4357 2342 5686 5688 5634 
4358 5686 2343 5687 5688 
4359 5688 5687 2347 5669 
4360 5634 5688 5669 2346 
4361 2342 5633 5691 5690 
4362 5633 3081 5689 5691 
4363 5691 5689 3095 5640 
4364 5690 5691 5640 2340 
4365 2343 5686 5694 5693 
4366 5686 2342 5690 5694 
4367 5694 5690 2340 5692 
4368 5693 5694 5692 2341 
4369 2240 5695 5699 5698 
4370 5695 2479 5696 5699 
4371 5699 5696 2700 5697 
4372 5698 5699 5697 3099 
4373 2341 5692 5702 5701 
4374 5692 2340 5639 5702 
4375 5702 5639 2338 5700 
4376 5701 5702 5700 2339 
4377 2973 5193 5705 5704 
4378 5193 2146 5508 5705 
4379 5705 5508 2981 5703 
4380 5704 5705 5703 2974 
4381 2167 5259 5707 5175 
4382 5259 2926 5706 5707 
4383 5707 5706 3187 4627 
4384 5175 5707 4627 2924 
4385 2339 5700 5711 5710 
4386 5700 2338 5708 5711 
4387 5711 5708 2332 5709 
4388 5710 5711 5709 2333 
4389 3093 5712 5713 5674 
4390 5712 3096 5369 5713 
4391 5713 5369 2418 5578 
4392 5674 5713 5578 2415 
4393 2539 5714 5717 5716 
4394 5714 2292 5715 5717 
4395 5717 5715 3196 4475 
4396 5716 5717 4475 2540 
4397 2333 5709 5721 5720 
4398 5709 2332 5718 5721 
4399 5721 5718 2330 5719 
4400 5720 5721 5719 2331 
4401 107 108 5723 5059 
4402 108 109 5512 5723 
4403 5723 5512 2010 5722 
4404 5059 5723 5722 3102 
4405 2331 5719 5727 5726 
4406 5719 2330 5724 5727 
4407 5727 5724 2328 5725 
4408 5726 5727 5725 2329 
4409 2215 5728 5732 5731 
4410 5728 2323 5729 5732 
4411 5732 5729 2491 5730 
4412 5731 5732 5730 2322 
4413 3075 5733 5734 5308 
4414 5733 3076 4990 5734 
4415 5734 4990 3102 5722 
4416 5308 5734 5722 2010 
4417 2427 5735 5737 5204 
4418 5735 3100 5736 5737 
4419 5737 5736 3000 5683 
4420 5204 5737 5683 2424 
4421 2976 5159 5740 5181 
4422 5159 2426 5738 5740 
4423 5740 5738 2978 5739 
4424 5181 5740 5739 2977 
4425 2323 3650 5742 5729 
4426 3650 2774 4197 5742 
4427 5742 4197 2775 5741 
4428 5729 5742 5741 2491 
4429 2565 5743 5747 5746 
4430 5743 2320 5744 5747 
4431 5747 5744 2321 5745 
4432 5746 5747 5745 2328 
4433 2912 3784 5750 5749 
4434 3784 2913 5748 5750 
4435 5750 5748 2914 5025 
4436 5749 5750 5025 1944 
4437 2654 5751 5754 5753 
4438 5751 2532 5752 5754 
4439 5754 5752 2471 4211 
4440 5753 5754 4211 2533 
4441 2126 5755 5758 5122 
4442 5755 2787 5756 5758 
4443 5758 5756 3355 5757 
4444 5122 5758 5757 2786 
4445 2321 5744 5762 5761 
4446 5744 2320 5759 5762 
4447 5762 5759 2318 5760 
4448 5761 5762 5760 2319 
4449 2434 5096 5766 5765 
4450 5096 2428 5763 5766 
4451 5766 5763 3119 5764 
4452 5765 5766 5764 2450 
4453 2550 4954 5769 5768 
4454 4954 2457 4928 5769 
4455 5769 4928 2587 5767 
4456 5768 5769 5767 2586 
4457 2433 5770 5772 5094 
4458 5770 2606 5771 5772 
4459 5772 5771 3100 5735 
4460 5094 5772 5735 2427 
4461 2980 5773 5775 5183 
4462 5773 2667 5774 5775 
4463 5775 5774 2450 5764 
4464 5183 5775 5764 3119 
4465 2625 5776 5779 5778 
4466 5776 2442 5209 5779 
4467 5779 5209 3106 5777 
4468 5778 5779 5777 2626 
4469 2099 5780 5783 5782 
4470 5780 2049 5781 5783 
4471 5783 5781 3195 4470 
4472 5782 5783 4470 2295 
4473 2002 5784 5788 5787 
4474 5784 2001 5785 5788 
4475 5788 5785 1976 5786 
4476 5787 5788 5786 1977 
4477 2319 5760 5792 5791 
4478 5760 2318 5789 5792 
4479 5792 5789 2316 5790 
4480 5791 5792 5790 2317 
4481 2105 5793 5797 5796 
4482 5793 2106 5794 5797 
4483 5797 5794 2173 5795 
4484 5796 5797 5795 3144 
4485 89 90 5799 5074 
4486 90 91 5134 5799 
4487 5799 5134 2972 5798 
4488 5074 5799 5798 1998 
4489 2913 5800 5802 5748 
4490 5800 2915 5801 5802 
4491 5802 5801 2916 4814 
4492 5748 5802 4814 2914 
4493 2894 4732 5806 5805 
4494 4732 2741 5803 5806 
4495 5806 5803 2743 5804 
4496 5805 5806 5804 2744 
4497 2628 5807 5810 5809 
4498 5807 2627 5808 5810 
4499 5810 5808 2625 5778 
4500 5809 5810 5778 2626 
4501 2184 5811 5814 5813 
4502 5811 2182 5090 5814 
4503 5814 5090 2181 5812 
4504 5813 5814 5812 2183 
4505 2304 4956 5817 5816 
4506 4956 2551 5815 5817 
4507 5817 5815 2869 4691 
4508 5816 5817 4691 3131 
4509 2485 5818 5822 5821 
4510 5818 2568 5819 5822 
4511 5822 5819 2570 5820 
4512 5821 5822 5820 2569 
4513 2262 5823 5826 5825 
4514 5823 2485 5821 5826 
4515 5826 5821 2569 5824 
4516 5825 5826 5824 3109 
4517 2632 5827 5830 5829 
4518 5827 2631 5828 5830 
4519 5830 5828 2627 5807 
4520 5829 5830 5807 2628 
4521 2205 5831 5834 5833 
4522 5831 2184 5813 5834 
4523 5834 5813 2183 5832 
4524 5833 5834 5832 2204 
4525 3276 4000 5837 5836 
4526 4000 2799 3870 5837 
4527 5837 3870 2728 5835 
4528 5836 5837 5835 2731 
4529 2903 5838 5841 5283 
4530 5838 3138 5839 5841 
4531 5841 5839 2597 5840 
4532 5283 5841 5840 2737 
4533 2319 5791 5845 5844 
4534 5791 2317 5842 5845 
4535 5845 5842 3105 5843 
4536 5844 5845 5843 3367 
4537 2474 5846 5849 5848 
4538 5846 3105 5842 5849 
4539 5849 5842 2317 5847 
4540 5848 5849 5847 2315 
4541 2531 5850 5854 5853 
4542 5850 3138 5851 5854 
4543 5854 5851 2185 5852 
4544 5853 5854 5852 3135 
4545 2975 5855 5859 5858 
4546 5855 2111 5856 5859 
4547 5859 5856 2209 5857 
4548 5858 5859 5857 2210 
4549 2317 5790 5862 5847 
4550 5790 2316 5860 5862 
4551 5862 5860 2314 5861 
4552 5847 5862 5861 2315 
4553 2936 3887 5864 3980 
4554 3887 2743 5803 5864 
4555 5864 5803 2741 5863 
4556 3980 5864 5863 2740 
4557 3604 5865 5869 5868 
4558 5865 2708 5866 5869 
4559 5869 5866 2467 5867 
4560 5868 5869 5867 2707 
4561 3245 5042 5873 5872 
4562 5042 2554 5870 5873 
4563 5873 5870 3257 5871 
4564 5872 5873 5871 2864 
4565 2038 5874 5877 5876 
4566 5874 2041 4946 5877 
4567 5877 4946 2965 5875 
4568 5876 5877 5875 3124 
4569 2970 5878 5882 5881 
4570 5878 2210 5879 5882 
4571 5882 5879 2249 5880 
4572 5881 5882 5880 2251 
4573 2278 4766 5885 5884 
4574 4766 3176 5883 5885 
4575 5885 5883 2182 5811 
4576 5884 5885 5811 2184 
4577 2207 5057 5888 4900 
4578 5057 2030 5886 5888 
4579 5888 5886 2029 5887 
4580 4900 5888 5887 2028 
4581 2294 5889 5892 5138 
4582 5889 2460 5890 5892 
4583 5892 5890 2588 5891 
4584 5138 5892 5891 2544 
4585 2546 5893 5897 5896 
4586 5893 2439 5894 5897 
4587 5897 5894 2370 5895 
4588 5896 5897 5895 2478 
4589 2302 5898 5899 5191 
4590 5898 2409 5248 5899 
4591 5899 5248 3104 4896 
4592 5191 5899 4896 2303 
4593 2934 4960 5903 5902 
4594 4960 2429 5900 5903 
4595 5903 5900 3225 5901 
4596 5902 5903 5901 3149 
4597 2532 5904 5907 5752 
4598 5904 2251 5905 5907 
4599 5907 5905 2470 5906 
4600 5752 5907 5906 2471 
4601 2749 5014 5910 5909 
4602 5014 2591 5908 5910 
4603 5910 5908 2590 4058 
4604 5909 5910 4058 2748 
4605 2940 5110 5913 4981 
4606 5110 2939 5911 5913 
4607 5913 5911 2064 5912 
4608 4981 5913 5912 3121 
4609 2222 5914 5917 5916 
4610 5914 2852 5915 5917 
4611 5917 5915 2749 5909 
4612 5916 5917 5909 2748 
4613 2071 4911 5921 5920 
4614 4911 2138 5918 5921 
4615 5921 5918 2957 5919 
4616 5920 5921 5919 2073 
4617 2976 5180 5922 5160 
4618 5180 3119 5763 5922 
4619 5922 5763 2428 5206 
4620 5160 5922 5206 2425 
4621 2728 3929 5925 5924 
4622 3929 2570 5819 5925 
4623 5925 5819 2568 5923 
4624 5924 5925 5923 2572 
4625 2959 5926 5928 5927 
4626 5926 1998 5798 5928 
4627 5928 5798 2972 5195 
4628 5927 5928 5195 2960 
4629 2046 5929 5932 4944 
4630 5929 2093 5930 5932 
4631 5932 5930 2113 5931 
4632 4944 5932 5931 2108 
4633 2316 5933 5936 5860 
4634 5933 2564 5934 5936 
4635 5936 5934 3111 5935 
4636 5860 5936 5935 2314 
4637 2739 5285 5939 5938 
4638 5285 2738 5937 5939 
4639 5939 5937 2742 3977 
4640 5938 5939 3977 2740 
4641 2443 5940 5944 5943 
4642 5940 1971 5941 5944 
4643 5944 5941 1993 5942 
4644 5943 5944 5942 3153 
4645 2315 5861 5948 5947 
4646 5861 2314 5945 5948 
4647 5948 5945 2312 5946 
4648 5947 5948 5946 2313 
4649 2120 4495 5951 5950 
4650 4495 2861 5949 5951 
4651 5951 5949 602 601 
4652 5950 5951 601 600 
4653 2315 5947 5954 5848 
4654 5947 2313 5952 5954 
4655 5954 5952 3114 5953 
4656 5848 5954 5953 2474 
4657 2336 5955 5957 4923 
4658 5955 2335 5956 5957 
4659 5957 5956 2211 5311 
4660 4923 5957 5311 2212 
4661 2479 5958 5961 5960 
4662 5958 2665 3648 5961 
4663 5961 3648 2771 5959 
4664 5960 5961 5959 2699 
4665 2143 5296 5962 3889 
4666 5296 2935 3865 5962 
4667 5962 3865 2744 5804 
4668 3889 5962 5804 2743 
4669 2721 5963 5965 3725 
4670 5963 2537 5964 5965 
4671 5965 5964 2536 4104 
4672 3725 5965 4104 2701 
4673 2451 5966 5968 5052 
4674 5966 2450 5774 5968 
4675 5968 5774 2667 5967 
4676 5052 5968 5967 2666 
4677 3331 5969 5970 3723 
4678 5969 2822 4393 5970 
4679 5970 4393 2220 4389 
4680 3723 5970 4389 2817 
4681 2240 5971 5973 5695 
4682 5971 2464 5972 5973 
4683 5973 5972 2665 5958 
4684 5695 5973 5958 2479 
4685 2808 5974 5978 5977 
4686 5974 2596 5975 5978 
4687 5978 5975 2371 5976 
4688 5977 5978 5976 2621 
4689 2710 5979 5982 5981 
4690 5979 2709 5980 5982 
4691 5982 5980 2612 4993 
4692 5981 5982 4993 2615 
4693 2934 5983 5986 4961 
4694 5983 2114 5984 5986 
4695 5986 5984 2127 5985 
4696 4961 5986 5985 2128 
4697 2303 4895 5987 5189 
4698 4895 2304 5816 5987 
4699 5987 5816 3131 5116 
4700 5189 5987 5116 2227 
4701 2597 5988 5990 5840 
4702 5988 2736 4515 5990 
4703 5990 4515 2745 5989 
4704 5840 5990 5989 2737 
4705 654 4701 5993 655 
4706 4701 2124 5991 5993 
4707 5993 5991 2964 5992 
4708 655 5993 5992 656 
4709 2612 5994 5996 4994 
4710 5994 2611 5995 5996 
4711 5996 5995 2335 5955 
4712 4994 5996 5955 2336 
4713 2808 5997 5999 5974 
4714 5997 2736 5988 5999 
4715 5999 5988 2597 5998 
4716 5974 5999 5998 2596 
4717 2262 6000 6003 5823 
4718 6000 2484 6001 6003 
4719 6003 6001 2567 6002 
4720 5823 6003 6002 2485 
4721 2477 6004 6007 5145 
4722 6004 2462 6005 6007 
4723 6007 6005 2306 6006 
4724 5145 6007 6006 2308 
4725 2586 6008 6009 5768 
4726 6008 3132 4326 6009 
4727 6009 4326 2633 5177 
4728 5768 6009 5177 2550 
4729 2907 4208 6011 3770 
4730 4208 2471 5906 6011 
4731 6011 5906 2470 6010 
4732 3770 6011 6010 2713 
4733 2158 5040 6015 6014 
4734 5040 2156 6012 6015 
4735 6015 6012 2155 6013 
4736 6014 6015 6013 2157 
4737 2932 6016 6019 6018 
4738 6016 2628 5809 6019 
4739 6019 5809 2626 6017 
4740 6018 6019 6017 3168 
4741 2314 5935 6022 5945 
4742 5935 3111 6020 6022 
4743 6022 6020 2675 6021 
4744 5945 6022 6021 2312 
4745 2900 6023 6026 5016 
4746 6023 2129 6024 6026 
4747 6026 6024 3188 6025 
4748 5016 6026 6025 3199 
4749 2439 5340 6029 5894 
4750 5340 2218 6027 6029 
4751 6029 6027 2246 6028 
4752 5894 6029 6028 2370 
4753 2073 6030 6033 5920 
4754 6030 2072 6031 6033 
4755 6033 6031 2070 6032 
4756 5920 6033 6032 2071 
4757 3123 6034 6038 6037 
4758 6034 2200 6035 6038 
4759 6038 6035 2161 6036 
4760 6037 6038 6036 2159 
4761 3463 4287 6041 4771 
4762 4287 2795 6039 6041 
4763 6041 6039 2796 6040 
4764 4771 6041 6040 2797 
4765 2625 6042 6045 5776 
4766 6042 2624 6043 6045 
4767 6045 6043 2441 6044 
4768 5776 6045 6044 2442 
4769 2967 4979 6048 4786 
4770 4979 3121 6046 6048 
4771 6048 6046 2062 6047 
4772 4786 6048 6047 2189 
4773 2233 6049 6052 6051 
4774 6049 2371 5975 6052 
4775 6052 5975 2596 6050 
4776 6051 6052 6050 2531 
4777 2108 5931 6054 5036 
4778 5931 2113 6053 6054 
4779 6054 6053 2127 5984 
4780 5036 6054 5984 2114 
4781 2602 6055 6057 4719 
4782 6055 2553 6056 6057 
4783 6057 6056 2406 4972 
4784 4719 6057 4972 2552 
4785 2312 6058 6060 5946 
4786 6058 2311 6059 6060 
4787 6060 6059 3114 5952 
4788 5946 6060 5952 2313 
4789 2201 6061 6065 6064 
4790 6061 2307 6062 6065 
4791 6065 6062 2535 6063 
4792 6064 6065 6063 2534 
4793 1996 4227 6068 3629 
4794 4227 2703 6066 6068 
4795 6068 6066 2576 6067 
4796 3629 6068 6067 2751 
4797 2158 6069 6071 5011 
4798 6069 2159 6036 6071 
4799 6071 6036 2161 6070 
4800 5011 6071 6070 2160 
4801 3107 5032 6075 6074 
4802 5032 2077 6072 6075 
4803 6075 6072 2076 6073 
4804 6074 6075 6073 2045 
4805 3123 6037 6077 6076 
4806 6037 2159 6069 6077 
4807 6077 6069 2158 6014 
4808 6076 6077 6014 2157 
4809 2180 4958 6081 6080 
4810 4958 2128 6078 6081 
4811 6081 6078 2178 6079 
4812 6080 6081 6079 2179 
4813 2169 5312 6084 5173 
4814 5312 2211 6082 6084 
4815 6084 6082 2213 6083 
4816 5173 6084 6083 2168 
4817 2306 6085 6086 6006 
4818 6085 2200 6034 6086 
4819 6086 6034 3123 5146 
4820 6006 6086 5146 2308 
4821 2442 6044 6088 5210 
4822 6044 2441 6087 6088 
4823 6088 6087 2370 6028 
4824 5210 6088 6028 2246 
4825 2101 6089 6090 4907 
4826 6089 2130 5211 6090 
4827 6090 5211 2246 6027 
4828 4907 6090 6027 2218 
4829 2546 5896 6093 6092 
4830 5896 2478 6091 6093 
4831 6093 6091 2747 4059 
4832 6092 6093 4059 2590 
4833 2933 6094 6098 6097 
4834 6094 2194 6095 6098 
4835 6098 6095 2193 6096 
4836 6097 6098 6096 2115 
4837 2086 4650 6101 6100 
4838 4650 2087 4678 6101 
4839 6101 4678 2089 6099 
4840 6100 6101 6099 2088 
4841 2733 4461 6103 4164 
4842 4461 2644 6102 6103 
4843 6103 6102 3490 4065 
4844 4164 6103 4065 2734 
4845 2210 5857 6106 5879 
4846 5857 2209 6104 6106 
4847 6106 6104 2250 6105 
4848 5879 6106 6105 2249 
4849 2028 6107 6110 4901 
4850 6107 2027 6108 6110 
4851 6110 6108 2026 6109 
4852 4901 6110 6109 2025 
4853 3138 5838 6113 5851 
4854 5838 2903 6111 6113 
4855 6113 6111 3167 6112 
4856 5851 6113 6112 2185 
4857 2712 6114 6116 3798 
4858 6114 2655 6115 6116 
4859 6116 6115 2533 4210 
4860 3798 6116 4210 2711 
4861 2322 6117 6120 5731 
4862 6117 2262 6118 6120 
4863 6120 6118 2150 6119 
4864 5731 6120 6119 2215 
4865 2485 6002 6123 5818 
4866 6002 2567 6121 6123 
4867 6123 6121 3118 6122 
4868 5818 6123 6122 2568 
4869 2095 5261 6126 6125 
4870 5261 2104 6124 6126 
4871 6126 6124 2130 6089 
4872 6125 6126 6089 2101 
4873 2363 6127 6130 6129 
4874 6127 2233 6128 6130 
4875 6130 6128 2179 6079 
4876 6129 6130 6079 2178 
4877 2200 6085 6133 6132 
4878 6085 2306 6131 6133 
4879 6133 6131 2307 6061 
4880 6132 6133 6061 2201 
4881 2156 5001 6136 6012 
4882 5001 2153 6134 6136 
4883 6136 6134 2154 6135 
4884 6012 6136 6135 2155 
4885 2738 5284 6138 6137 
4886 5284 2737 5989 6138 
4887 6138 5989 2745 3817 
4888 6137 6138 3817 3120 
4889 2077 5031 6140 6139 
4890 5031 2095 6125 6140 
4891 6140 6125 2101 4906 
4892 6139 6140 4906 2094 
4893 2680 5249 6144 6143 
4894 5249 2409 6141 6144 
4895 6144 6141 2493 6142 
4896 6143 6144 6142 2679 
4897 2567 6001 6147 6146 
4898 6001 2484 6145 6147 
4899 6147 6145 3112 4598 
4900 6146 6147 4598 2756 
4901 2163 4998 6150 5117 
4902 4998 2162 6148 6150 
4903 6150 6148 2305 6149 
4904 5117 6150 6149 2226 
4905 2611 6151 6155 6154 
4906 6151 2696 6152 6155 
4907 6155 6152 2715 6153 
4908 6154 6155 6153 2613 
4909 2756 4699 6156 6146 
4910 4699 2757 3948 6156 
4911 6156 3948 3118 6121 
4912 6146 6156 6121 2567 
4913 2042 5268 6160 6159 
4914 5268 2039 6157 6160 
4915 6160 6157 2038 6158 
4916 6159 6160 6158 2037 
4917 2262 6117 6162 6000 
4918 6117 2322 6161 6162 
4919 6162 6161 3112 6145 
4920 6000 6162 6145 2484 
4921 2075 6163 6166 6165 
4922 6163 2074 6164 6166 
4923 6166 6164 2072 6030 
4924 6165 6166 6030 2073 
4925 2093 5929 6169 6168 
4926 5929 2046 6167 6169 
4927 6169 6167 2045 6073 
4928 6168 6169 6073 2076 
4929 2114 5983 6170 5037 
4930 5983 2934 5902 6170 
4931 6170 5902 3149 4887 
4932 5037 6170 4887 2528 
4933 2071 6032 6173 4912 
4934 6032 2070 6171 6173 
4935 6173 6171 2069 6172 
4936 4912 6173 6172 2067 
4937 2091 6174 6178 6177 
4938 6174 2092 6175 6178 
4939 6178 6175 2112 6176 
4940 6177 6178 6176 2111 
4941 2111 5855 6181 6177 
4942 5855 2975 6179 6181 
4943 6181 6179 3141 6180 
4944 6177 6181 6180 2091 
4945 2570 3928 6184 5820 
4946 3928 2571 6182 6184 
4947 6184 6182 3178 6183 
4948 5820 6184 6183 2569 
4949 2310 6185 6189 6188 
4950 6185 3158 6186 6189 
4951 6189 6186 2458 6187 
4952 6188 6189 6187 2300 
4953 2151 6190 6193 6192 
4954 6190 2066 6191 6193 
4955 6193 6191 2067 6172 
4956 6192 6193 6172 2069 
4957 2046 4943 6196 6167 
4958 4943 2041 6194 6196 
4959 6196 6194 2040 6195 
4960 6167 6196 6195 2045 
4961 2237 6197 6200 6199 
4962 6197 2466 6198 6200 
4963 6200 6198 2707 5867 
4964 6199 6200 5867 2467 
4965 2438 6201 6204 6203 
4966 6201 2154 6134 6204 
4967 6204 6134 2153 6202 
4968 6203 6204 6202 2152 
4969 2579 6205 6209 6208 
4970 6205 2309 6206 6209 
4971 6209 6206 2286 6207 
4972 6208 6209 6207 2194 
4973 2784 6210 6212 4083 
4974 6210 2707 6198 6212 
4975 6212 6198 2466 6211 
4976 4083 6212 6211 2841 
4977 2939 4909 6214 5911 
4978 4909 2067 6191 6214 
4979 6214 6191 2066 6213 
4980 5911 6214 6213 2064 
4981 2596 5998 6215 6050 
4982 5998 2597 5839 6215 
4983 6215 5839 3138 5850 
4984 6050 6215 5850 2531 
4985 2604 6216 6219 6218 
4986 6216 2603 6217 6219 
4987 6219 6217 2553 6055 
4988 6218 6219 6055 2602 
4989 2041 5874 6221 6194 
4990 5874 2038 6157 6221 
4991 6221 6157 2039 6220 
4992 6194 6221 6220 2040 
4993 3113 4638 6222 4528 
4994 4638 2869 5815 6222 
4995 6222 5815 2551 5178 
4996 4528 6222 5178 2850 
4997 3124 6223 6225 5876 
4998 6223 2036 6224 6225 
4999 6225 6224 2037 6158 
5000 5876 6225 6158 2038 
5001 2205 5833 6229 6228 
5002 5833 2204 6226 6229 
5003 6229 6226 2238 6227 
5004 6228 6229 6227 2236 
5005 2301 6230 6234 6233 
5006 6230 2232 6231 6234 
5007 6234 6231 2549 6232 
5008 6233 6234 6232 3163 
5009 2167 5174 6237 5260 
5010 5174 2168 6235 6237 
5011 6237 6235 3129 6236 
5012 5260 6237 6236 2104 
5013 3147 6238 6240 5028 
5014 6238 2410 5048 6240 
5015 6240 5048 2524 6239 
5016 5028 6240 6239 2642 
5017 2153 5000 6242 6202 
5018 5000 2151 6192 6242 
5019 6242 6192 2069 6241 
5020 6202 6242 6241 2152 
5021 2160 6070 6245 4997 
5022 6070 2161 6243 6245 
5023 6245 6243 3128 6244 
5024 4997 6245 6244 2162 
5025 2212 5310 6247 4924 
5026 5310 2555 6246 6247 
5027 6247 6246 3223 4547 
5028 4924 6247 4547 2908 
5029 2478 5895 6250 6249 
5030 5895 2370 6087 6250 
5031 6250 6087 2441 6248 
5032 6249 6250 6248 3122 
5033 2740 5863 6252 5938 
5034 5863 2741 4731 6252 
5035 6252 4731 3185 6251 
5036 5938 6252 6251 2739 
5037 3106 5208 6254 6253 
5038 5208 2130 6124 6254 
5039 6254 6124 2104 6236 
5040 6253 6254 6236 3129 
5041 2056 5202 6258 6257 
5042 5202 2058 6255 6258 
5043 6258 6255 2059 6256 
5044 6257 6258 6256 2057 
5045 2206 6259 6262 6261 
5046 6259 2248 6260 6262 
5047 6262 6260 3144 5795 
5048 6261 6262 5795 2173 
5049 2531 5853 6264 6051 
5050 5853 3135 6263 6264 
5051 6264 6263 2179 6128 
5052 6051 6264 6128 2233 
5053 2312 6265 6268 6058 
5054 6265 2310 6266 6268 
5055 6268 6266 2301 6267 
5056 6058 6268 6267 2311 
5057 2054 4604 6271 6270 
5058 4604 2056 6257 6271 
5059 6271 6257 2057 6269 
5060 6270 6271 6269 2055 
5061 2037 6224 6275 6274 
5062 6224 2036 6272 6275 
5063 6275 6272 2033 6273 
5064 6274 6275 6273 2034 
5065 2287 6276 6280 6279 
5066 6276 2032 6277 6280 
5067 6280 6277 2033 6278 
5068 6279 6280 6278 2035 
5069 2180 6080 6282 5089 
5070 6080 2179 6263 6282 
5071 6282 6263 3135 6281 
5072 5089 6282 6281 2181 
5073 3168 6283 6285 6284 
5074 6283 3129 6235 6285 
5075 6285 6235 2168 6083 
5076 6284 6285 6083 2213 
5077 2322 5730 6287 6161 
5078 5730 2491 6286 6287 
5079 6287 6286 3125 4599 
5080 6161 6287 4599 3112 
5081 2576 6066 6290 6289 
5082 6066 2703 4102 6290 
5083 6290 4102 3127 6288 
5084 6289 6290 6288 2462 
5085 2034 6273 6293 6292 
5086 6273 2033 6277 6293 
5087 6293 6277 2032 6291 
5088 6292 6293 6291 2031 
5089 2112 6175 6297 6296 
5090 6175 2092 6294 6297 
5091 6297 6294 3142 6295 
5092 6296 6297 6295 2149 
5093 2646 6298 6301 6300 
5094 6298 2541 6299 6301 
5095 6301 6299 2287 6279 
5096 6300 6301 6279 2035 
5097 2535 6062 6304 6303 
5098 6062 2307 6302 6304 
5099 6304 6302 3127 4105 
5100 6303 6304 4105 2536 
5101 2262 5825 6307 6118 
5102 5825 3109 6305 6307 
5103 6307 6305 3137 6306 
5104 6118 6307 6306 2150 
5105 3197 6308 6312 6311 
5106 6308 3190 6309 6312 
5107 6312 6309 2102 6310 
5108 6311 6312 6310 3097 
5109 2200 6132 6314 6035 
5110 6132 2201 6313 6314 
5111 6314 6313 3128 6243 
5112 6035 6314 6243 2161 
5113 2462 6288 6315 6005 
5114 6288 3127 6302 6315 
5115 6315 6302 2307 6131 
5116 6005 6315 6131 2306 
5117 2030 6316 6318 5886 
5118 6316 2031 6291 6318 
5119 6318 6291 2032 6317 
5120 5886 6318 6317 2029 
5121 3178 6319 6322 6321 
5122 6319 2250 6104 6322 
5123 6322 6104 2209 6320 
5124 6321 6322 6320 3137 
5125 2287 6299 6325 5198 
5126 6299 2541 6323 6325 
5127 6325 6323 2849 6324 
5128 5198 6325 6324 2560 
5129 2189 6047 6328 4618 
5130 6047 2062 6326 6328 
5131 6328 6326 2061 6327 
5132 4618 6328 6327 2060 
5133 3099 6329 6332 5698 
5134 6329 2206 6330 6332 
5135 6332 6330 2239 6331 
5136 5698 6332 6331 2240 
5137 2063 6333 6335 6334 
5138 6333 2062 6046 6335 
5139 6335 6046 3121 5912 
5140 6334 6335 5912 2064 
5141 2062 6333 6338 6326 
5142 6333 2063 6336 6338 
5143 6338 6336 2065 6337 
5144 6326 6338 6337 2061 
5145 2668 4200 6342 6341 
5146 4200 2637 6339 6342 
5147 6342 6339 2298 6340 
5148 6341 6342 6340 2449 
5149 2044 5100 6345 5266 
5150 5100 2048 6343 6345 
5151 6345 6343 2430 6344 
5152 5266 6345 6344 2043 
5153 2183 5812 6347 6346 
5154 5812 2181 6281 6347 
5155 6347 6281 3135 5852 
5156 6346 6347 5852 2185 
5157 2713 6010 6351 6350 
5158 6010 2470 6348 6351 
5159 6351 6348 3136 6349 
5160 6350 6351 6349 2714 
5161 2000 6352 6355 6354 
5162 6352 2054 6270 6355 
5163 6355 6270 2055 6353 
5164 6354 6355 6353 2053 
5165 2678 3943 6358 6357 
5166 3943 2872 3833 6358 
5167 6358 3833 2563 6356 
5168 6357 6358 6356 3436 
5169 2251 5880 6360 5905 
5170 5880 2249 6359 6360 
5171 6360 6359 3136 6348 
5172 5905 6360 6348 2470 
5173 2726 6361 6364 6363 
5174 6361 372 373 6364 
5175 6364 373 374 6362 
5176 6363 6364 6362 3545 
5177 2111 6176 6366 5856 
5178 6176 2112 6365 6366 
5179 6366 6365 3137 6320 
5180 5856 6366 6320 2209 
5181 2647 5147 6369 6368 
5182 5147 3123 6076 6369 
5183 6369 6076 2157 6367 
5184 6368 6369 6367 3152 
5185 2045 6195 6372 6074 
5186 6195 2040 6370 6372 
5187 6372 6370 3156 6371 
5188 6074 6372 6371 3107 
5189 2288 5064 6376 6375 
5190 5064 2290 6373 6376 
5191 6376 6373 2291 6374 
5192 6375 6376 6374 2289 
5193 2164 6377 6380 6379 
5194 6377 2165 4524 6380 
5195 6380 4524 3117 6378 
5196 6379 6380 6378 2052 
5197 2464 5971 6383 6382 
5198 5971 2240 6331 6383 
5199 6383 6331 2239 6381 
5200 6382 6383 6381 2404 
5201 2023 4823 6386 6385 
5202 4823 2025 6109 6386 
5203 6386 6109 2026 6384 
5204 6385 6386 6384 2024 
5205 3152 6387 6390 6368 
5206 6387 3155 6388 6390 
5207 6390 6388 2648 6389 
5208 6368 6390 6389 2647 
5209 2058 4561 6392 6255 
5210 4561 2060 6327 6392 
5211 6392 6327 2061 6391 
5212 6255 6392 6391 2059 
5213 2149 6393 6394 6296 
5214 6393 2150 6306 6394 
5215 6394 6306 3137 6365 
5216 6296 6394 6365 2112 
5217 2210 5878 6396 5858 
5218 5878 2970 4858 6396 
5219 6396 4858 3210 6395 
5220 5858 6396 6395 2975 
5221 3212 6397 6400 6399 
5222 6397 3327 6398 6400 
5223 6400 6398 2587 4927 
5224 6399 6400 4927 2897 
5225 3150 6401 6403 5027 
5226 6401 2034 6292 6403 
5227 6403 6292 2031 6402 
5228 5027 6403 6402 3147 
5229 2295 4964 6406 5782 
5230 4964 2296 6404 6406 
5231 6406 6404 2436 6405 
5232 5782 6406 6405 2099 
5233 746 6407 6409 747 
5234 6407 1939 3716 6409 
5235 6409 3716 3116 6408 
5236 747 6409 6408 748 
5237 2410 6238 6410 5056 
5238 6238 3147 6402 6410 
5239 6410 6402 2031 6316 
5240 5056 6410 6316 2030 
5241 2107 6411 6414 6413 
5242 6411 2288 6375 6414 
5243 6414 6375 2289 6412 
5244 6413 6414 6412 2223 
5245 2157 6013 6417 6367 
5246 6013 2155 6415 6417 
5247 6417 6415 2214 6416 
5248 6367 6417 6416 3152 
5249 2290 6418 6421 6373 
5250 6418 2292 6419 6421 
5251 6421 6419 2472 6420 
5252 6373 6421 6420 2291 
5253 2186 6422 6426 6425 
5254 6422 1993 6423 6426 
5255 6426 6423 2003 6424 
5256 6425 6426 6424 2004 
5257 2590 5908 6428 6092 
5258 5908 2591 5013 6428 
5259 6428 5013 3199 6427 
5260 6092 6428 6427 2546 
5261 2028 5887 6431 6107 
5262 5887 2029 6429 6431 
5263 6431 6429 3151 6430 
5264 6107 6431 6430 2027 
5265 2460 5889 6435 6434 
5266 5889 2294 6432 6435 
5267 6435 6432 2293 6433 
5268 6434 6435 6433 2459 
5269 2091 6436 6438 6174 
5270 6436 2074 6437 6438 
5271 6438 6437 3142 6294 
5272 6174 6438 6294 2092 
5273 544 6439 6442 545 
5274 6439 1938 6440 6442 
5275 6442 6440 1962 6441 
5276 545 6442 6441 17 
5277 2035 6278 6445 6444 
5278 6278 2033 6272 6445 
5279 6445 6272 2036 6443 
5280 6444 6445 6443 3139 
5281 3214 6446 6449 4062 
5282 6446 2446 6447 6449 
5283 6449 6447 2445 6448 
5284 4062 6449 6448 2636 
5285 2043 6344 6452 6451 
5286 6344 2430 4628 6452 
5287 6452 4628 3187 6450 
5288 6451 6452 6450 3156 
5289 3166 6453 6456 6455 
5290 6453 2645 6454 6456 
5291 6456 6454 3199 6025 
5292 6455 6456 6025 3188 
5293 2118 4567 6460 6459 
5294 4567 2265 6457 6460 
5295 6460 6457 2285 6458 
5296 6459 6460 6458 2224 
5297 2024 6384 6464 6463 
5298 6384 2026 6461 6464 
5299 6464 6461 2103 6462 
5300 6463 6464 6462 2102 
5301 2070 6465 6467 6171 
5302 6465 3140 6466 6467 
5303 6467 6466 2152 6241 
5304 6171 6467 6241 2069 
5305 2674 6468 6471 6470 
5306 6468 2516 6469 6471 
5307 6471 6469 2460 6434 
5308 6470 6471 6434 2459 
5309 2877 4525 6474 5150 
5310 4525 2165 6472 6474 
5311 6474 6472 2166 6473 
5312 5150 6474 6473 2221 
5313 2312 6021 6476 6265 
5314 6021 2675 6475 6476 
5315 6476 6475 3158 6185 
5316 6265 6476 6185 2310 
5317 2600 6477 6480 6479 
5318 6477 2468 6478 6480 
5319 6480 6478 2286 6206 
5320 6479 6480 6206 2309 
5321 2042 6159 6481 4809 
5322 6159 2037 6274 6481 
5323 6481 6274 2034 6401 
5324 4809 6481 6401 3150 
5325 3097 6310 6483 5140 
5326 6310 2102 6462 6483 
5327 6483 6462 2103 6482 
5328 5140 6483 6482 2190 
5329 2173 6484 6486 6261 
5330 6484 2195 6485 6486 
5331 6486 6485 2239 6330 
5332 6261 6486 6330 2206 
5333 2079 6487 6489 6488 
5334 6487 3154 5065 6489 
5335 6489 5065 2288 6411 
5336 6488 6489 6411 2107 
5337 2294 5137 6492 6432 
5338 5137 2190 6490 6492 
5339 6492 6490 2191 6491 
5340 6432 6492 6491 2293 
5341 2043 6451 6493 5267 
5342 6451 3156 6370 6493 
5343 6493 6370 2040 6220 
5344 5267 6493 6220 2039 
5345 2449 6340 6496 6495 
5346 6340 2298 6494 6496 
5347 6496 6494 2293 6491 
5348 6495 6496 6491 2191 
5349 2645 6453 6498 5342 
5350 6453 3166 6497 6498 
5351 6498 6497 2094 4905 
5352 5342 6498 4905 3098 
5353 2310 6188 6500 6266 
5354 6188 2300 6499 6500 
5355 6500 6499 2232 6230 
5356 6266 6500 6230 2301 
5357 3168 6284 6503 6018 
5358 6284 2213 6501 6503 
5359 6503 6501 3191 6502 
5360 6018 6503 6502 2932 
5361 3185 4730 6506 6505 
5362 4730 2238 6226 6506 
5363 6506 6226 2204 6504 
5364 6505 6506 6504 3167 
5365 2776 6507 6509 4710 
5366 6507 2607 6508 6509 
5367 6509 6508 2662 4142 
5368 4710 6509 4142 2773 
5369 2291 6420 6512 6511 
5370 6420 2472 6510 6512 
5371 6512 6510 2662 6508 
5372 6511 6512 6508 2607 
5373 2021 4668 6515 6514 
5374 4668 2023 6385 6515 
5375 6515 6385 2024 6513 
5376 6514 6515 6513 2022 
5377 2054 6352 6518 4605 
5378 6352 2000 6516 6518 
5379 6518 6516 1974 6517 
5380 4605 6518 6517 3143 
5381 2905 6519 6521 4520 
5382 6519 2516 6468 6521 
5383 6521 6468 2674 6520 
5384 4520 6521 6520 2904 
5385 2971 4673 6523 5003 
5386 4673 3157 6522 6523 
5387 6523 6522 2066 6190 
5388 5003 6523 6190 2151 
5389 2311 6267 6526 6525 
5390 6267 2301 6233 6526 
5391 6526 6233 3163 6524 
5392 6525 6526 6524 2476 
5393 2077 6139 6528 6072 
5394 6139 2094 6497 6528 
5395 6528 6497 3166 6527 
5396 6072 6528 6527 2076 
5397 2074 6436 6530 6164 
5398 6436 2091 6180 6530 
5399 6530 6180 3141 6529 
5400 6164 6530 6529 2072 
5401 2956 4804 6533 6532 
5402 4804 1963 6531 6533 
5403 6533 6531 1962 6440 
5404 6532 6533 6440 1938 
5405 2302 5190 6536 6535 
5406 5190 2226 6149 6536 
5407 6536 6149 2305 6534 
5408 6535 6536 6534 3148 
5409 542 6537 6539 543 
5410 6537 3174 6538 6539 
5411 6539 6538 1938 6439 
5412 543 6539 6439 544 
5413 1963 4803 6541 6540 
5414 4803 2175 4333 6541 
5415 6541 4333 3143 6517 
5416 6540 6541 6517 1974 
5417 1955 6542 6544 5083 
5418 6542 722 721 6544 
5419 6544 721 720 6543 
5420 5083 6544 6543 2885 
5421 2110 4258 6546 6545 
5422 4258 382 383 6546 
5423 6546 383 384 4488 
5424 6545 6546 4488 3209 
5425 2019 6547 6550 6549 
5426 6547 2021 6514 6550 
5427 6550 6514 2022 6548 
5428 6549 6550 6548 2020 
5429 2458 6551 6553 6187 
5430 6551 2231 6552 6553 
5431 6553 6552 2232 6499 
5432 6187 6553 6499 2300 
5433 15 6554 6556 448 
5434 6554 1976 6555 6556 
5435 6556 6555 2875 5186 
5436 448 6556 5186 449 
5437 2059 6391 6558 6557 
5438 6391 2061 6337 6558 
5439 6558 6337 2065 4529 
5440 6557 6558 4529 3145 
5441 2185 6112 6559 6346 
5442 6112 3167 6504 6559 
5443 6559 6504 2204 5832 
5444 6346 6559 5832 2183 
5445 2053 6560 6563 6354 
5446 6560 2052 6561 6563 
5447 6563 6561 1999 6562 
5448 6354 6563 6562 2000 
5449 2857 6564 6568 6567 
5450 6564 2493 6565 6568 
5451 6568 6565 3148 6566 
5452 6567 6568 6566 2858 
5453 3154 6487 6571 6570 
5454 6487 2079 6569 6571 
5455 6571 6569 2004 6424 
5456 6570 6571 6424 2003 
5457 2072 6529 6573 6031 
5458 6529 3141 6572 6573 
5459 6573 6572 3140 6465 
5460 6031 6573 6465 2070 
5461 2000 6562 6575 6516 
5462 6562 1999 4937 6575 
5463 6575 4937 1973 6574 
5464 6516 6575 6574 1974 
5465 3225 5900 6577 6576 
5466 5900 2429 5091 6577 
5467 6577 5091 2182 5883 
5468 6576 6577 5883 3176 
5469 2752 3847 6579 4739 
5470 3847 2754 4049 6579 
5471 6579 4049 2805 6578 
5472 4739 6579 6578 2557 
5473 2409 5898 6580 6141 
5474 5898 2302 6535 6580 
5475 6580 6535 3148 6565 
5476 6141 6580 6565 2493 
5477 2549 6231 6583 6582 
5478 6231 2232 6552 6583 
5479 6583 6552 2231 6581 
5480 6582 6583 6581 2208 
5481 2064 6213 6585 6334 
5482 6213 2066 6522 6585 
5483 6585 6522 3157 6584 
5484 6334 6585 6584 2063 
5485 16 6586 6589 539 
5486 6586 1954 6587 6589 
5487 6589 6587 3126 6588 
5488 539 6589 6588 540 
5489 2251 5904 6591 5881 
5490 5904 2532 6590 6591 
5491 6591 6590 3177 4855 
5492 5881 6591 4855 2970 
5493 1974 6574 6592 6540 
5494 6574 1973 4355 6592 
5495 6592 4355 1962 6531 
5496 6540 6592 6531 1963 
5497 1971 6593 6595 5941 
5498 6593 1992 6594 6595 
5499 6595 6594 2003 6423 
5500 5941 6595 6423 1993 
5501 748 6408 6598 749 
5502 6408 3116 6596 6598 
5503 6598 6596 2716 6597 
5504 749 6598 6597 750 
5505 2208 6599 6602 6601 
5506 6599 2116 6600 6602 
5507 6602 6600 2115 6096 
5508 6601 6602 6096 2193 
5509 2588 5890 6605 6604 
5510 5890 2460 6469 6605 
5511 6605 6469 2516 6603 
5512 6604 6605 6603 3134 
5513 2106 6606 6608 5794 
5514 6606 2172 6607 6608 
5515 6608 6607 2195 6484 
5516 5794 6608 6484 2173 
5517 3129 6283 6609 6253 
5518 6283 3168 6017 6609 
5519 6609 6017 2626 5777 
5520 6253 6609 5777 3106 
5521 2079 6488 6612 6611 
5522 6488 2107 6610 6612 
5523 6612 6610 2172 6606 
5524 6611 6612 6606 2106 
5525 2525 4761 6615 5047 
5526 4761 2538 6613 6615 
5527 6615 6613 3171 6614 
5528 5047 6615 6614 2524 
5529 2004 6569 6617 6616 
5530 6569 2079 6611 6617 
5531 6617 6611 2106 5793 
5532 6616 6617 5793 2105 
5533 3295 6618 6621 6620 
5534 6618 2635 6619 6621 
5535 6621 6619 2603 6216 
5536 6620 6621 6216 2604 
5537 623 622 6624 4656 
5538 622 621 6622 6624 
5539 6624 6622 3206 6623 
5540 4656 6624 6623 2267 
5541 2287 5197 6625 6276 
5542 5197 3151 6429 6625 
5543 6625 6429 2029 6317 
5544 6276 6625 6317 2032 
5545 2017 4938 6626 4295 
5546 4938 1999 6561 6626 
5547 6626 6561 2052 6378 
5548 4295 6626 6378 3117 
5549 540 6588 6628 541 
5550 6588 3126 6627 6628 
5551 6628 6627 3174 6537 
5552 541 6628 6537 542 
5553 3231 6629 6632 6631 
5554 6629 3221 6630 6632 
5555 6632 6630 2129 6023 
5556 6631 6632 6023 2900 
5557 2395 5151 6635 6634 
5558 5151 2221 6473 6635 
5559 6635 6473 2166 6633 
5560 6634 6635 6633 2260 
5561 1954 6636 6639 6638 
5562 6636 1970 6637 6639 
5563 6639 6637 1992 6593 
5564 6638 6639 6593 1971 
5565 2898 5029 6640 4728 
5566 5029 2642 6239 6640 
5567 6640 6239 2524 6614 
5568 4728 6640 6614 3171 
5569 1972 6641 6644 6643 
5570 6641 2899 6642 6644 
5571 6644 6642 572 571 
5572 6643 6644 571 570 
5573 3214 6645 6649 6648 
5574 6645 2688 6646 6649 
5575 6649 6646 2687 6647 
5576 6648 6649 6647 2453 
5577 3202 3846 6651 4180 
5578 3846 2188 6650 6651 
5579 6651 6650 2086 6100 
5580 4180 6651 6100 2088 
5581 2532 5751 6654 6590 
5582 5751 2654 6652 6654 
5583 6654 6652 3224 6653 
5584 6590 6654 6653 3177 
5585 3113 4530 6655 4675 
5586 4530 2065 6336 6655 
5587 6655 6336 2063 6584 
5588 4675 6655 6584 3157 
5589 2661 3823 6659 6658 
5590 3823 2846 6656 6659 
5591 6659 6656 3108 6657 
5592 6658 6659 6657 3450 
5593 2506 6660 6663 4542 
5594 6660 2504 6661 6663 
5595 6663 6661 2886 6662 
5596 4542 6663 6662 2507 
5597 2611 6154 6666 5995 
5598 6154 2613 6664 6666 
5599 6666 6664 3191 6665 
5600 5995 6666 6665 2335 
5601 2396 5152 6669 4715 
5602 5152 2395 6667 6669 
5603 6669 6667 2558 6668 
5604 4715 6669 6668 2488 
5605 3167 6111 6670 6505 
5606 6111 2903 5286 6670 
5607 6670 5286 2739 6251 
5608 6505 6670 6251 3185 
5609 2649 6671 6673 5200 
5610 6671 3181 6672 6673 
5611 6673 6672 2027 6430 
5612 5200 6673 6430 3151 
5613 1971 5940 6675 6638 
5614 5940 2443 6674 6675 
5615 6675 6674 3126 6587 
5616 6638 6675 6587 1954 
5617 2057 6256 6677 6676 
5618 6256 2059 6557 6677 
5619 6677 6557 3145 4404 
5620 6676 6677 4404 3161 
5621 2834 4144 6680 6679 
5622 4144 2899 6641 6680 
5623 6680 6641 1972 6678 
5624 6679 6680 6678 3130 
5625 3137 6305 6681 6321 
5626 6305 3109 5824 6681 
5627 6681 5824 2569 6183 
5628 6321 6681 6183 3178 
5629 2713 6350 6683 3771 
5630 6350 2714 6682 6683 
5631 6683 6682 3182 3680 
5632 3771 6683 3680 2750 
5633 2076 6527 6685 6168 
5634 6527 3166 6455 6685 
5635 6685 6455 3188 6684 
5636 6168 6685 6684 2093 
5637 23 6686 6688 651 
5638 6686 1948 6687 6688 
5639 6688 6687 2763 4702 
5640 651 6688 4702 652 
5641 585 4273 6690 4533 
5642 4273 2830 6689 6690 
5643 6690 6689 2828 4570 
5644 4533 6690 4570 2078 
5645 2055 6269 6692 6691 
5646 6269 2057 6676 6692 
5647 6692 6676 3161 4328 
5648 6691 6692 4328 2068 
5649 2722 6693 6696 3989 
5650 6693 2497 6694 6696 
5651 6696 6694 2326 6695 
5652 3989 6696 6695 2498 
5653 2053 6353 6698 6697 
5654 6353 2055 6691 6698 
5655 6698 6691 2068 4351 
5656 6697 6698 4351 3160 
5657 2208 6581 6701 6599 
5658 6581 2231 6699 6701 
5659 6701 6699 3146 6700 
5660 6599 6701 6700 2116 
5661 2129 6702 6703 6024 
5662 6702 2113 5930 6703 
5663 6703 5930 2093 6684 
5664 6024 6703 6684 3188 
5665 2193 6704 6706 6601 
5666 6704 3162 6705 6706 
5667 6706 6705 2549 6582 
5668 6601 6706 6582 2208 
5669 2194 6207 6708 6095 
5670 6207 2286 6707 6708 
5671 6708 6707 3162 6704 
5672 6095 6708 6704 2193 
5673 2027 6672 6710 6108 
5674 6672 3181 6709 6710 
5675 6710 6709 2103 6461 
5676 6108 6710 6461 2026 
5677 3179 6711 6715 6714 
5678 6711 2608 6712 6715 
5679 6715 6712 3525 6713 
5680 6714 6715 6713 3180 
5681 2499 4948 6717 6716 
5682 4948 2500 4693 6717 
5683 6717 4693 2511 3987 
5684 6716 6717 3987 2498 
5685 3146 6718 6720 6700 
5686 6718 2083 6719 6720 
5687 6720 6719 2115 6600 
5688 6700 6720 6600 2116 
5689 2556 4740 6723 4760 
5690 4740 2557 6721 6723 
5691 6723 6721 3170 6722 
5692 4760 6723 6722 2538 
5693 2802 6724 6726 4798 
5694 6724 3450 6725 6726 
5695 6726 6725 406 407 
5696 4798 6726 407 408 
5697 2637 6727 6730 6339 
5698 6727 2638 6728 6730 
5699 6730 6728 3169 6729 
5700 6339 6730 6729 2298 
5701 2468 6731 6733 6478 
5702 6731 2469 6732 6733 
5703 6733 6732 3162 6707 
5704 6478 6733 6707 2286 
5705 3164 6734 6737 6736 
5706 6734 2884 5084 6737 
5707 6737 5084 2885 6735 
5708 6736 6737 6735 3218 
5709 2052 6560 6739 6379 
5710 6560 2053 6697 6739 
5711 6739 6697 3160 6738 
5712 6379 6739 6738 2164 
5713 3156 6450 6740 6371 
5714 6450 3187 5706 6740 
5715 6740 5706 2926 5033 
5716 6371 6740 5033 3107 
5717 2840 3789 6742 4647 
5718 3789 3459 6741 6742 
5719 6742 6741 328 329 
5720 4647 6742 329 330 
5721 2298 6729 6744 6494 
5722 6729 3169 6743 6744 
5723 6744 6743 2459 6433 
5724 6494 6744 6433 2293 
5725 2533 6115 6747 5753 
5726 6115 2655 6745 6747 
5727 6747 6745 3256 6746 
5728 5753 6747 6746 2654 
5729 2184 5831 6749 5884 
5730 5831 2205 6748 6749 
5731 6749 6748 3244 4303 
5732 5884 6749 4303 2278 
5733 2290 5067 6750 6418 
5734 5067 2919 4745 6750 
5735 6750 4745 3196 5715 
5736 6418 6750 5715 2292 
5737 669 4550 6753 670 
5738 4550 3192 6751 6753 
5739 6753 6751 2219 6752 
5740 670 6753 6752 671 
5741 2933 6097 6756 6755 
5742 6097 2115 6719 6756 
5743 6756 6719 2083 6754 
5744 6755 6756 6754 2082 
5745 3235 6757 6760 6759 
5746 6757 2841 6211 6760 
5747 6760 6211 2466 6758 
5748 6759 6760 6758 3211 
5749 2884 6734 6763 6762 
5750 6734 3164 6761 6763 
5751 6763 6761 2501 4949 
5752 6762 6763 4949 2499 
5753 2107 6413 6766 6610 
5754 6413 2223 6764 6766 
5755 6766 6764 3173 6765 
5756 6610 6766 6765 2172 
5757 2607 6767 6769 6511 
5758 6767 3172 6768 6769 
5759 6769 6768 2289 6374 
5760 6511 6769 6374 2291 
5761 3557 3645 6772 4407 
5762 3645 2891 6770 6772 
5763 6772 6770 2257 6771 
5764 4407 6772 6771 2280 
5765 3226 6773 6776 6775 
5766 6773 3216 6774 6776 
5767 6776 6774 3363 3737 
5768 6775 6776 3737 2100 
5769 610 6777 6779 611 
5770 6777 2117 3779 6779 
5771 6779 3779 3215 6778 
5772 611 6779 6778 612 
5773 3231 6780 6782 6629 
5774 6780 2363 6129 6782 
5775 6782 6129 2178 6781 
5776 6629 6782 6781 3221 
5777 2223 6412 6785 6784 
5778 6412 2289 6768 6785 
5779 6785 6768 3172 6783 
5780 6784 6785 6783 2345 
5781 2035 6444 6787 6300 
5782 6444 3139 6786 6787 
5783 6787 6786 3205 4889 
5784 6300 6787 4889 2646 
5785 3590 6788 6790 4577 
5786 6788 2708 5865 6790 
5787 6790 5865 3604 6789 
5788 4577 6790 6789 2930 
5789 2213 6082 6791 6501 
5790 6082 2211 5956 6791 
5791 6791 5956 2335 6665 
5792 6501 6791 6665 3191 
5793 2894 6792 6794 4733 
5794 6792 3211 6793 6794 
5795 6794 6793 2236 6227 
5796 4733 6794 6227 2238 
5797 3170 6795 6797 6796 
5798 6795 3195 5781 6797 
5799 6797 5781 2049 5098 
5800 6796 6797 5098 2109 
5801 2109 4725 6798 6796 
5802 4725 3171 6613 6798 
5803 6798 6613 2538 6722 
5804 6796 6798 6722 3170 
5805 2706 6799 6800 3883 
5806 6799 2688 6645 6800 
5807 6800 6645 3214 4061 
5808 3883 6800 4061 2778 
5809 2265 4609 6803 6457 
5810 4609 2583 6801 6803 
5811 6803 6801 2584 6802 
5812 6457 6803 6802 2285 
5813 2562 6804 6807 5007 
5814 6804 2542 6805 6807 
5815 6807 6805 2432 6806 
5816 5007 6807 6806 2431 
5817 565 6808 6810 566 
5818 6808 2609 3660 6810 
5819 6810 3660 2610 6809 
5820 566 6810 6809 19 
5821 2439 5893 6811 5341 
5822 5893 2546 6427 6811 
5823 6811 6427 3199 6454 
5824 5341 6811 6454 2645 
5825 2036 6223 6813 6443 
5826 6223 3124 6812 6813 
5827 6813 6812 3205 6786 
5828 6443 6813 6786 3139 
5829 3195 6795 6814 4471 
5830 6795 3170 6721 6814 
5831 6814 6721 2557 6578 
5832 4471 6814 6578 2805 
5833 2113 6702 6816 6053 
5834 6702 2129 6630 6816 
5835 6816 6630 3221 6815 
5836 6053 6816 6815 2127 
5837 2521 4951 6819 6818 
5838 4951 2489 4716 6819 
5839 6819 4716 2488 6817 
5840 6818 6819 6817 3203 
5841 2613 6820 6822 6664 
5842 6820 3222 6821 6822 
5843 6822 6821 2932 6502 
5844 6664 6822 6502 3191 
5845 3223 6823 6825 4548 
5846 6823 3213 6824 6825 
5847 6825 6824 2099 6405 
5848 4548 6825 6405 2436 
5849 2261 6826 6830 6829 
5850 6826 2408 6827 6830 
5851 6830 6827 3175 6828 
5852 6829 6830 6828 2260 
5853 2864 6831 6833 5872 
5854 6831 2615 4992 6833 
5855 6833 4992 2614 6832 
5856 5872 6833 6832 3245 
5857 2829 4428 6837 6836 
5858 4428 2282 6834 6837 
5859 6837 6834 2273 6835 
5860 6836 6837 6835 2327 
5861 2498 6695 6838 6716 
5862 6695 2326 5085 6838 
5863 6838 5085 2884 6762 
5864 6716 6838 6762 2499 
5865 2925 4629 6841 6840 
5866 4629 2430 6343 6841 
5867 6841 6343 2048 6839 
5868 6840 6841 6839 3213 
5869 2274 6842 6845 6844 
5870 6842 2283 5008 6845 
5871 6845 5008 2431 6843 
5872 6844 6845 6843 2284 
5873 2088 6099 6847 4178 
5874 6099 2089 4568 6847 
5875 6847 4568 2118 6846 
5876 4178 6847 6846 2090 
5877 2247 6848 6852 6851 
5878 6848 2230 6849 6852 
5879 6852 6849 2229 6850 
5880 6851 6852 6850 2123 
5881 2260 6828 6854 6634 
5882 6828 3175 6853 6854 
5883 6854 6853 2558 6667 
5884 6634 6854 6667 2395 
5885 746 6855 6856 6407 
5886 6855 3115 4735 6856 
5887 6856 4735 3477 3717 
5888 6407 6856 3717 1939 
5889 2249 6105 6859 6359 
5890 6105 2250 6857 6859 
5891 6859 6857 3207 6858 
5892 6359 6859 6858 3136 
5893 2583 6860 6863 6801 
5894 6860 2656 6861 6863 
5895 6863 6861 3216 6862 
5896 6801 6863 6862 2584 
5897 2628 6016 6865 5829 
5898 6016 2932 6821 6865 
5899 6865 6821 3222 6864 
5900 5829 6865 6864 2632 
5901 2102 6309 6867 6463 
5902 6309 3190 6866 6867 
5903 6867 6866 2022 6513 
5904 6463 6867 6513 2024 
5905 2541 6298 6869 6868 
5906 6298 2646 4888 6869 
5907 6869 4888 3149 5901 
5908 6868 6869 5901 3225 
5909 722 6542 6871 723 
5910 6542 1955 6870 6871 
5911 6871 6870 2325 3671 
5912 723 6871 3671 26 
5913 2019 6549 6875 6874 
5914 6549 2020 6872 6875 
5915 6875 6872 3186 6873 
5916 6874 6875 6873 2002 
5917 2433 5093 6879 6878 
5918 5093 2434 6876 6879 
5919 6879 6876 3278 6877 
5920 6878 6879 6877 2435 
5921 2154 6201 6881 6880 
5922 6201 2438 4856 6881 
5923 6881 4856 3177 6653 
5924 6880 6881 6653 3224 
5925 412 413 6884 6883 
5926 413 414 6882 6884 
5927 6884 6882 3226 6775 
5928 6883 6884 6775 2100 
5929 2762 3837 6887 6886 
5930 3837 1991 5558 6887 
5931 6887 5558 3084 6885 
5932 6886 6887 6885 3372 
5933 2224 6888 6890 6459 
5934 6888 2119 6889 6890 
5935 6890 6889 2090 6846 
5936 6459 6890 6846 2118 
5937 720 6891 6893 6543 
5938 6891 2131 6892 6893 
5939 6893 6892 3218 6735 
5940 6543 6893 6735 2885 
5941 2832 6894 6896 4053 
5942 6894 2833 3639 6896 
5943 6896 3639 3458 6895 
5944 4053 6896 6895 2831 
5945 2528 4890 6897 5038 
5946 4890 3205 6812 6897 
5947 6897 6812 3124 5875 
5948 5038 6897 5875 2965 
5949 2640 4365 6899 4266 
5950 4365 2813 4099 6899 
5951 6899 4099 3569 6898 
5952 4266 6899 6898 3230 
5953 2244 6900 6903 6902 
5954 6900 2445 6447 6903 
5955 6903 6447 2446 6901 
5956 6902 6903 6901 2245 
5957 2237 6904 6905 6197 
5958 6904 2236 6793 6905 
5959 6905 6793 3211 6758 
5960 6197 6905 6758 2466 
5961 3140 6572 6907 6906 
5962 6572 3141 6179 6907 
5963 6907 6179 2975 6395 
5964 6906 6907 6395 3210 
5965 2919 5066 6909 4743 
5966 5066 3154 6570 6909 
5967 6909 6570 2003 6908 
5968 4743 6909 6908 3198 
5969 2571 4684 6910 6182 
5970 4684 3207 6857 6910 
5971 6910 6857 2250 6319 
5972 6182 6910 6319 3178 
5973 696 695 6913 6912 
5974 695 694 4204 6913 
5975 6913 4204 3201 6911 
5976 6912 6913 6911 2608 
5977 2049 5780 6914 5099 
5978 5780 2099 6824 6914 
5979 6914 6824 3213 6839 
5980 5099 6914 6839 2048 
5981 2514 6915 6918 6917 
5982 6915 2717 3953 6918 
5983 6918 3953 2719 6916 
5984 6917 6918 6916 2718 
5985 2152 6466 6919 6203 
5986 6466 3140 6906 6919 
5987 6919 6906 3210 4857 
5988 6203 6919 4857 2438 
5989 3164 6920 6922 6761 
5990 6920 2509 6921 6922 
5991 6922 6921 2503 4751 
5992 6761 6922 4751 2501 
5993 2001 5784 6925 6924 
5994 5784 2002 6873 6925 
5995 6925 6873 3186 6923 
5996 6924 6925 6923 2082 
5997 535 5659 6928 536 
5998 5659 2896 6926 6928 
5999 6928 6926 2630 6927 
6000 536 6928 6927 537 
6001 2020 6548 6931 6930 
6002 6548 2022 6866 6931 
6003 6931 6866 3190 6929 
6004 6930 6931 6929 2177 
6005 3213 6823 6932 6840 
6006 6823 3223 6246 6932 
6007 6932 6246 2555 4836 
6008 6840 6932 4836 2925 
6009 671 6752 6935 672 
6010 6752 2219 6933 6935 
6011 6935 6933 3241 6934 
6012 672 6935 6934 673 
6013 3211 6792 6936 6759 
6014 6792 2894 5805 6936 
6015 6936 5805 2744 3864 
6016 6759 6936 3864 3235 
6017 2449 6937 6939 6341 
6018 6937 3239 6938 6939 
6019 6939 6938 3252 4305 
6020 6341 6939 4305 2668 
6021 20 603 6942 6941 
6022 603 602 5949 6942 
6023 6942 5949 2861 6940 
6024 6941 6942 6940 1960 
6025 2553 6943 6945 6056 
6026 6943 2554 5045 6945 
6027 6945 5045 3238 6944 
6028 6056 6945 6944 2406 
6029 2909 4545 6947 5044 
6030 4545 2436 6404 6947 
6031 6947 6404 2296 6946 
6032 5044 6947 6946 3238 
6033 2513 4453 6948 4559 
6034 4453 2599 3973 6948 
6035 6948 3973 3268 4115 
6036 4559 6948 4115 2732 
6037 2128 5985 6949 6078 
6038 5985 2127 6815 6949 
6039 6949 6815 3221 6781 
6040 6078 6949 6781 2178 
6041 2283 6842 6952 6951 
6042 6842 2274 6950 6952 
6043 6952 6950 2273 6834 
6044 6951 6952 6834 2282 
6045 2277 6953 6957 6956 
6046 6953 3242 6954 6957 
6047 6957 6954 3565 6955 
6048 6956 6957 6955 3248 
6049 2103 6709 6960 6959 
6050 6709 3181 6671 6960 
6051 6960 6671 2649 6958 
6052 6959 6960 6958 3229 
6053 2848 6961 6964 6963 
6054 6961 3544 6962 6964 
6055 6964 6962 2267 6623 
6056 6963 6964 6623 3206 
6057 720 719 6967 6891 
6058 719 718 6965 6967 
6059 6967 6965 3159 6966 
6060 6891 6967 6966 2131 
6061 3265 4892 6971 6970 
6062 4892 1969 6968 6971 
6063 6971 6968 3295 6969 
6064 6970 6971 6969 2838 
6065 2279 6972 6976 6975 
6066 6972 2257 6973 6976 
6067 6976 6973 2256 6974 
6068 6975 6976 6974 2259 
6069 3381 6977 6981 6980 
6070 6977 2720 6978 6981 
6071 6981 6978 3597 6979 
6072 6980 6981 6979 3180 
6073 2155 6135 6983 6415 
6074 6135 2154 6880 6983 
6075 6983 6880 3224 6982 
6076 6415 6983 6982 2214 
6077 2522 4952 6987 6986 
6078 4952 2521 6984 6987 
6079 6987 6984 2735 6985 
6080 6986 6987 6985 3474 
6081 2977 5739 6991 6990 
6082 5739 2978 6988 6991 
6083 6991 6988 3321 6989 
6084 6990 6991 6989 2979 
6085 2617 6992 6996 6995 
6086 6992 2324 6993 6996 
6087 6996 6993 2297 6994 
6088 6995 6996 6994 2480 
6089 2324 6997 6999 6993 
6090 6997 2279 6975 6999 
6091 6999 6975 2259 6998 
6092 6993 6999 6998 2297 
6093 2641 7000 7003 7002 
6094 7000 2585 7001 7003 
6095 7003 7001 2285 6802 
6096 7002 7003 6802 2584 
6097 3176 4768 7004 6576 
6098 4768 2849 6323 7004 
6099 7004 6323 2541 6868 
6100 6576 7004 6868 3225 
6101 3165 5005 7005 3637 
6102 5005 2283 6951 7005 
6103 7005 6951 2282 4430 
6104 3637 7005 4430 2354 
6105 574 573 7007 7006 
6106 573 572 6642 7007 
6107 7007 6642 2899 4147 
6108 7006 7007 4147 2440 
6109 2838 7008 7011 6970 
6110 7008 2641 7009 7011 
6111 7011 7009 3226 7010 
6112 6970 7011 7010 3265 
6113 2191 7012 7014 6495 
6114 7012 3229 7013 7014 
6115 7014 7013 3239 6937 
6116 6495 7014 6937 2449 
6117 2274 7015 7018 6950 
6118 7015 2272 7016 7018 
6119 7018 7016 2271 7017 
6120 6950 7018 7017 2273 
6121 2504 6660 7022 7021 
6122 6660 2506 7019 7022 
6123 7022 7019 2508 7020 
6124 7021 7022 7020 2505 
6125 2853 7023 7025 7024 
6126 7023 3231 6631 7025 
6127 7025 6631 2900 5015 
6128 7024 7025 5015 2749 
6129 2233 6127 7028 6049 
6130 6127 2363 7026 7028 
6131 7028 7026 3233 7027 
6132 6049 7028 7027 2371 
6133 2677 7029 7033 7032 
6134 7029 2676 7030 7033 
6135 7033 7030 2420 7031 
6136 7032 7033 7031 2574 
6137 3214 6648 7036 6446 
6138 6648 2453 7034 7036 
6139 7036 7034 2452 7035 
6140 6446 7036 7035 2446 
6141 2199 7037 7040 7039 
6142 7037 2271 7016 7040 
6143 7040 7016 2272 7038 
6144 7039 7040 7038 2270 
6145 2687 7041 7043 6647 
6146 7041 2454 7042 7043 
6147 7043 7042 2452 7034 
6148 6647 7043 7034 2453 
6149 2003 6594 7045 6908 
6150 6594 1992 7044 7045 
6151 7045 7044 2050 4744 
6152 6908 7045 4744 3198 
6153 2190 6482 7046 6490 
6154 6482 2103 6959 7046 
6155 7046 6959 3229 7012 
6156 6490 7046 7012 2191 
6157 3487 3921 7049 7048 
6158 3921 2918 7047 7049 
6159 7049 7047 3613 4277 
6160 7048 7049 4277 2473 
6161 3574 7050 7053 7052 
6162 7050 2362 7051 7053 
6163 7053 7051 2803 3734 
6164 7052 7053 3734 3363 
6165 2257 7054 7057 6973 
6166 7054 2255 7055 7057 
6167 7057 7055 2254 7056 
6168 6973 7057 7056 2256 
6169 2119 6888 7061 7060 
6170 6888 2224 7058 7061 
6171 7061 7058 3227 7059 
6172 7060 7061 7059 2225 
6173 2506 4541 7063 7019 
6174 4541 2510 4455 7063 
6175 7063 4455 2512 7062 
6176 7019 7063 7062 2508 
6177 3380 3940 7067 7066 
6178 3940 2685 7064 7067 
6179 7067 7064 2673 7065 
6180 7066 7067 7065 2684 
6181 2324 6992 7070 7069 
6182 6992 2617 7068 7070 
6183 7070 7068 3398 4132 
6184 7069 7070 4132 2729 
6185 3179 6714 7072 4659 
6186 6714 3180 6979 7072 
6187 7072 6979 3597 7071 
6188 4659 7072 7071 2148 
6189 2194 6094 7075 6208 
6190 6094 2933 7073 7075 
6191 7075 7073 3286 7074 
6192 6208 7075 7074 2579 
6193 2635 7076 7079 6619 
6194 7076 2725 7077 7079 
6195 7079 7077 3257 7078 
6196 6619 7079 7078 2603 
6197 2509 7080 7084 7083 
6198 7080 2660 7081 7084 
6199 7084 7081 2698 7082 
6200 7083 7084 7082 2515 
6201 3270 4591 7087 7086 
6202 4591 2917 7085 7087 
6203 7087 7085 3613 7047 
6204 7086 7087 7047 2918 
6205 2224 6458 7089 7058 
6206 6458 2285 7001 7089 
6207 7089 7001 2585 7088 
6208 7058 7089 7088 3227 
6209 3365 7090 7093 7092 
6210 7090 3290 7091 7093 
6211 7093 7091 1988 5359 
6212 7092 7093 5359 3092 
6213 3486 7094 7098 7097 
6214 7094 2663 7095 7098 
6215 7098 7095 3594 7096 
6216 7097 7098 7096 3234 
6217 2539 7099 7101 5714 
6218 7099 3237 7100 7101 
6219 7101 7100 2472 6419 
6220 5714 7101 6419 2292 
6221 3591 7102 7105 7104 
6222 7102 3248 6955 7105 
6223 7105 6955 3565 7103 
6224 7104 7105 7103 3194 
6225 2607 6507 7108 6767 
6226 6507 2776 7106 7108 
6227 7108 7106 3243 7107 
6228 6767 7108 7107 3172 
6229 2082 6754 7111 6924 
6230 6754 2083 7109 7111 
6231 7111 7109 3232 7110 
6232 6924 7111 7110 2001 
6233 3300 7112 7115 7114 
6234 7112 3292 7113 7115 
6235 7115 7113 2694 5053 
6236 7114 7115 5053 2666 
6237 2405 4973 7116 4963 
6238 4973 2406 6944 7116 
6239 7116 6944 3238 6946 
6240 4963 7116 6946 2296 
6241 3442 4916 7119 7118 
6242 4916 2122 7117 7119 
6243 7119 7117 2123 6850 
6244 7118 7119 6850 2229 
6245 2875 6555 7121 7120 
6246 6555 1976 5785 7121 
6247 7121 5785 2001 7110 
6248 7120 7121 7110 3232 
6249 3226 7009 7122 6773 
6250 7009 2641 7002 7122 
6251 7122 7002 2584 6862 
6252 6773 7122 6862 3216 
6253 656 5992 7125 657 
6254 5992 2964 7123 7125 
6255 7125 7123 3272 7124 
6256 657 7125 7124 658 
6257 2641 7008 7128 7000 
6258 7008 2838 7126 7128 
6259 7128 7126 3246 7127 
6260 7000 7128 7127 2585 
6261 2509 6920 7130 7080 
6262 6920 3164 6736 7130 
6263 7130 6736 3218 7129 
6264 7080 7130 7129 2660 
6265 2560 7131 7132 5199 
6266 7131 3239 7013 7132 
6267 7132 7013 3229 6958 
6268 5199 7132 6958 2649 
6269 2795 3666 7135 6039 
6270 3666 2176 7133 7135 
6271 7135 7133 3275 7134 
6272 6039 7135 7134 2796 
6273 2236 6904 7137 6228 
6274 6904 2237 7136 7137 
6275 7137 7136 3244 6748 
6276 6228 7137 6748 2205 
6277 2257 6770 7140 7054 
6278 6770 2891 7138 7140 
6279 7140 7138 3189 7139 
6280 7054 7140 7139 2255 
6281 2668 4304 7142 4201 
6282 4304 3244 7136 7142 
6283 7142 7136 2237 7141 
6284 4201 7142 7141 3253 
6285 2083 6718 7145 7109 
6286 6718 3146 7143 7145 
6287 7145 7143 3280 7144 
6288 7109 7145 7144 3232 
6289 562 7146 7149 563 
6290 7146 1994 7147 7149 
6291 7149 7147 2419 7148 
6292 563 7149 7148 18 
6293 2730 3699 7151 7150 
6294 3699 725 724 7151 
6295 7151 724 26 3674 
6296 7150 7151 3674 2268 
6297 2254 7055 7154 7153 
6298 7055 2255 7139 7154 
6299 7154 7139 3189 7152 
6300 7153 7154 7152 2253 
6301 2908 4546 7155 4925 
6302 4546 2909 5043 7155 
6303 7155 5043 3245 6832 
6304 4925 7155 6832 2614 
6305 2431 6806 7158 6843 
6306 6806 2432 7156 7158 
6307 7158 7156 2529 7157 
6308 6843 7158 7157 2284 
6309 2853 7159 7160 7023 
6310 7159 3233 7026 7160 
6311 7160 7026 2363 6780 
6312 7023 7160 6780 3231 
6313 22 643 7163 7162 
6314 643 642 5123 7163 
6315 7163 5123 2786 7161 
6316 7162 7163 7161 1956 
6317 547 7164 7167 548 
6318 7164 2277 7165 7167 
6319 7167 7165 3247 7166 
6320 548 7167 7166 549 
6321 2726 7168 7172 7171 
6322 7168 2475 7169 7172 
6323 7172 7169 3260 7170 
6324 7171 7172 7170 2727 
6325 556 7173 7176 557 
6326 7173 3193 7174 7176 
6327 7176 7174 2174 7175 
6328 557 7176 7175 558 
6329 2272 7015 7179 7178 
6330 7015 2274 6844 7179 
6331 7179 6844 2284 7177 
6332 7178 7179 7177 3220 
6333 558 7175 7182 559 
6334 7175 2174 7180 7182 
6335 7182 7180 3200 7181 
6336 559 7182 7181 560 
6337 2503 6921 7185 7184 
6338 6921 2509 7083 7185 
6339 7185 7083 2515 7183 
6340 7184 7185 7183 2514 
6341 2988 3874 7188 7187 
6342 3874 2937 3978 7188 
6343 7188 3978 2742 7186 
6344 7187 7188 7186 3366 
6345 2237 6199 7190 7141 
6346 6199 2467 7189 7190 
6347 7190 7189 3263 4202 
6348 7141 7190 4202 3253 
6349 3235 3867 7192 6757 
6350 3867 1964 7191 7192 
6351 7192 7191 3610 4084 
6352 6757 7192 4084 2841 
6353 2827 4571 7194 4459 
6354 4571 2828 7193 7194 
6355 7194 7193 3458 4429 
6356 4459 7194 4429 2829 
6357 2260 6633 7197 6829 
6358 6633 2166 7195 7197 
6359 7197 7195 3293 7196 
6360 6829 7197 7196 2261 
6361 3311 7198 7201 7200 
6362 7198 3317 7199 7201 
6363 7201 7199 163 164 
6364 7200 7201 164 165 
6365 560 7181 7203 561 
6366 7181 3200 7202 7203 
6367 7203 7202 1994 7146 
6368 561 7203 7146 562 
6369 2707 6210 7206 7205 
6370 6210 2784 4086 7206 
6371 7206 4086 3608 7204 
6372 7205 7206 7204 1945 
6373 2144 7207 7209 5321 
6374 7207 3254 7208 7209 
6375 7209 7208 292 293 
6376 5321 7209 293 294 
6377 3239 7131 7210 6938 
6378 7131 2560 6324 7210 
6379 7210 6324 2849 4767 
6380 6938 7210 4767 3252 
6381 2461 7211 7215 7214 
6382 7211 2217 7212 7215 
6383 7215 7212 2299 7213 
6384 7214 7215 7213 2362 
6385 1942 7216 7219 7218 
6386 7216 3314 7217 7219 
6387 7219 7217 2612 5980 
6388 7218 7219 5980 2709 
6389 3301 7220 7222 7221 
6390 7220 3300 7114 7222 
6391 7222 7114 2666 5967 
6392 7221 7222 5967 2667 
6393 2658 7223 7227 7226 
6394 7223 2353 7224 7227 
6395 7227 7224 2548 7225 
6396 7226 7227 7225 2657 
6397 2081 4537 7230 7229 
6398 4537 705 704 7230 
6399 7230 704 703 7228 
6400 7229 7230 7228 3369 
6401 2655 7231 7234 6745 
6402 7231 3273 7232 7234 
6403 7234 7232 3155 7233 
6404 6745 7234 7233 3256 
6405 2669 7235 7238 7237 
6406 7235 2548 7224 7238 
6407 7238 7224 2353 7236 
6408 7237 7238 7236 2281 
6409 1943 7239 7242 7241 
6410 7239 306 307 7242 
6411 7242 307 308 7240 
6412 7241 7242 7240 3255 
6413 3136 6858 7244 7243 
6414 6858 3207 4683 7244 
6415 7244 4683 2801 3757 
6416 7243 7244 3757 3285 
6417 1955 5082 7245 6870 
6418 5082 2326 6694 7245 
6419 7245 6694 2497 3753 
6420 6870 7245 3753 2325 
6421 612 6778 7247 613 
6422 6778 3215 3796 7247 
6423 7247 3796 2582 7246 
6424 613 7247 7246 614 
6425 2654 6746 7249 6652 
6426 6746 3256 7248 7249 
6427 7249 7248 2214 6982 
6428 6652 7249 6982 3224 
6429 1944 4918 7251 5749 
6430 4918 2911 7250 7251 
6431 7251 7250 3359 4043 
6432 5749 7251 4043 2912 
6433 3152 6416 7252 6387 
6434 6416 2214 7248 7252 
6435 7252 7248 3256 7233 
6436 6387 7252 7233 3155 
6437 3335 7253 7256 7255 
6438 7253 3336 7254 7256 
6439 7256 7254 3056 5402 
6440 7255 7256 5402 3059 
6441 2504 7021 7258 4749 
6442 7021 2505 7257 7258 
6443 7258 7257 2851 4695 
6444 4749 7258 4695 2502 
6445 2673 7259 7262 7261 
6446 7259 2746 4154 7262 
6447 7262 4154 3494 7260 
6448 7261 7262 7260 2643 
6449 2243 7263 7267 7266 
6450 7263 2242 7264 7267 
6451 7267 7264 3228 7265 
6452 7266 7267 7265 2244 
6453 414 415 7268 6882 
6454 415 416 4893 7268 
6455 7268 4893 3265 7010 
6456 6882 7268 7010 3226 
6457 19 6809 7271 7270 
6458 6809 2610 3722 7271 
6459 7271 3722 3329 7269 
6460 7270 7271 7269 2686 
6461 2671 5187 7273 7272 
6462 5187 2875 7120 7273 
6463 7273 7120 3232 7144 
6464 7272 7273 7144 3280 
6465 2420 7274 7276 7031 
6466 7274 1994 7202 7276 
6467 7276 7202 3200 7275 
6468 7031 7276 7275 2574 
6469 2811 4158 7278 3804 
6470 4158 2465 4518 7278 
6471 7278 4518 3264 7277 
6472 3804 7278 7277 3526 
6473 718 717 7281 6965 
6474 717 716 7279 7281 
6475 7281 7279 3184 7280 
6476 6965 7281 7280 3159 
6477 2554 6943 7282 5870 
6478 6943 2553 6217 7282 
6479 7282 6217 2603 7078 
6480 5870 7282 7078 3257 
6481 2725 3964 7284 7077 
6482 3964 3308 7283 7284 
6483 7284 7283 2864 5871 
6484 7077 7284 5871 3257 
6485 442 5299 7286 441 
6486 5299 2145 3850 7286 
6487 7286 3850 3351 7285 
6488 441 7286 7285 440 
6489 3346 7287 7290 7289 
6490 7287 3350 7288 7290 
6491 7290 7288 3050 5398 
6492 7289 7290 5398 3053 
6493 2164 6738 7293 7292 
6494 6738 3160 4350 7293 
6495 7293 4350 3133 7291 
6496 7292 7293 7291 3293 
6497 3274 7294 7296 7295 
6498 7294 3301 7221 7296 
6499 7296 7221 2667 5773 
6500 7295 7296 5773 2980 
6501 1960 6940 7299 7298 
6502 6940 2861 4494 7299 
6503 7299 4494 2862 7297 
6504 7298 7299 7297 3289 
6505 3459 3792 7302 3832 
6506 3792 2672 7300 7302 
6507 7302 7300 2421 7301 
6508 3832 7302 7301 2563 
6509 2140 5087 7305 3801 
6510 5087 2790 7303 7305 
6511 7305 7303 3600 7304 
6512 3801 7305 7304 2712 
6513 2756 4600 7307 4697 
6514 4600 2758 3810 7307 
6515 7307 3810 3506 7306 
6516 4697 7307 7306 1949 
6517 2526 7308 7310 4794 
6518 7308 2888 3718 7310 
6519 7310 3718 3477 7309 
6520 4794 7310 7309 2887 
6521 2822 5969 7312 4485 
6522 5969 3331 3658 7312 
6523 7312 3658 3323 7311 
6524 4485 7312 7311 2456 
6525 608 4374 7313 609 
6526 4374 3267 4161 7313 
6527 7313 4161 2117 6777 
6528 609 7313 6777 610 
6529 2309 7314 7317 6479 
6530 7314 3333 7315 7317 
6531 7317 7315 3362 7316 
6532 6479 7317 7316 2600 
6533 2407 7318 7321 7320 
6534 7318 2299 7212 7321 
6535 7321 7212 2217 7319 
6536 7320 7321 7319 2216 
6537 2547 7322 7324 7323 
6538 7322 2802 4797 7324 
6539 7324 4797 3515 3735 
6540 7323 7324 3735 2803 
6541 2736 5997 7327 4513 
6542 5997 2808 7325 7327 
6543 7327 7325 3505 7326 
6544 4513 7327 7326 1952 
6545 3352 7328 7329 4166 
6546 7328 1967 3991 7329 
6547 7329 3991 682 4462 
6548 4166 7329 4462 2733 
6549 3361 7330 7333 7332 
6550 7330 3364 7331 7333 
6551 7333 7331 3044 5424 
6552 7332 7333 5424 3047 
6553 3578 7334 7337 7336 
6554 7334 3354 7335 7337 
6555 7337 7335 2627 5828 
6556 7336 7337 5828 2631 
6557 2748 4057 7339 5916 
6558 4057 2854 4071 7339 
6559 7339 4071 3552 7338 
6560 5916 7339 7338 2222 
6561 3468 7340 7342 7341 
6562 7340 2321 5761 7342 
6563 7342 5761 2319 5844 
6564 7341 7342 5844 3367 
6565 2980 5182 7344 7295 
6566 5182 2977 6990 7344 
6567 7344 6990 2979 7343 
6568 7295 7344 7343 3274 
6569 1941 4983 7348 7347 
6570 4983 2809 7345 7348 
6571 7348 7345 2621 7346 
6572 7347 7348 7346 3337 
6573 3374 7349 7352 7351 
6574 7349 3375 7350 7352 
6575 7352 7350 3038 5530 
6576 7351 7352 5530 3041 
6577 3370 7353 7356 7355 
6578 7353 2318 5759 7356 
6579 7356 5759 2320 7354 
6580 7355 7356 7354 3376 
6581 2504 4752 7358 6661 
6582 4752 2503 7184 7358 
6583 7358 7184 2514 7357 
6584 6661 7358 7357 2886 
6585 2256 7359 7361 6974 
6586 7359 2448 4176 7361 
6587 7361 4176 3240 7360 
6588 6974 7361 7360 2259 
6589 2636 6448 7363 4011 
6590 6448 2445 7362 7363 
6591 7363 7362 2447 3740 
6592 4011 7363 3740 3217 
6593 2726 7364 7365 6361 
6594 7364 3264 4517 7365 
6595 7365 4517 370 371 
6596 6361 7365 371 372 
6597 2206 6329 7367 6259 
6598 6329 3099 7366 7367 
6599 7367 7366 3444 4632 
6600 6259 7367 4632 2248 
6601 2467 5866 7369 7189 
6602 5866 2708 6788 7369 
6603 7369 6788 3590 7368 
6604 7189 7369 7368 3263 
6605 728 7370 7372 729 
6606 7370 3275 7133 7372 
6607 7372 7133 2176 7371 
6608 729 7372 7371 730 
6609 2661 7373 7375 3824 
6610 7373 2547 7374 7375 
6611 7375 7374 2299 7318 
6612 3824 7375 7318 2407 
6613 3385 7376 7379 7378 
6614 7376 2330 5718 7379 
6615 7379 5718 2332 7377 
6616 7378 7379 7377 3388 
6617 1938 6538 7382 6532 
6618 6538 3174 7380 7382 
6619 7382 7380 3287 7381 
6620 6532 7382 7381 2956 
6621 3450 6724 7383 6658 
6622 6724 2802 7322 7383 
6623 7383 7322 2547 7373 
6624 6658 7383 7373 2661 
6625 2199 7039 7386 7385 
6626 7039 2270 7384 7386 
6627 7386 7384 2444 3762 
6628 7385 7386 3762 2269 
6629 2956 7381 7389 4805 
6630 7381 3287 7387 7389 
6631 7389 7387 3318 7388 
6632 4805 7389 7388 2955 
6633 3393 7390 7393 7392 
6634 7390 3389 7391 7393 
6635 7393 7391 3027 5417 
6636 7392 7393 5417 3032 
6637 79 80 7397 7396 
6638 80 81 7394 7397 
6639 7397 7394 3429 7395 
6640 7396 7397 7395 1968 
6641 2615 6831 7398 5981 
6642 6831 2864 7283 7398 
6643 7398 7283 3308 4015 
6644 5981 7398 4015 2710 
6645 2450 5966 7400 5765 
6646 5966 2451 7399 7400 
6647 7400 7399 3278 6876 
6648 5765 7400 6876 2434 
6649 2863 7401 7404 7403 
6650 7401 3297 7402 7404 
6651 7404 7402 2051 4505 
6652 7403 7404 4505 2842 
6653 2259 7360 7407 6998 
6654 7360 3240 7405 7407 
6655 7407 7405 2605 7406 
6656 6998 7407 7406 2297 
6657 2544 5891 7411 7410 
6658 5891 2588 7408 7411 
6659 7411 7408 3333 7409 
6660 7410 7411 7409 3310 
6661 2859 7412 7415 7414 
6662 7412 3399 7413 7415 
6663 7415 7413 300 301 
6664 7414 7415 301 302 
6665 3217 3739 7417 4012 
6666 3739 2669 7237 7417 
6667 7417 7237 2281 7416 
6668 4012 7417 7416 3339 
6669 3410 3745 7418 4497 
6670 3745 2684 7065 7418 
6671 7418 7065 2673 7261 
6672 4497 7418 7261 2643 
6673 3402 7419 7422 7421 
6674 7419 3095 5689 7422 
6675 7422 5689 3081 7420 
6676 7421 7422 7420 3396 
6677 3404 7423 7426 7425 
6678 7423 3401 7424 7426 
6679 7426 7424 3063 5331 
6680 7425 7426 5331 3031 
6681 2771 3647 7429 7428 
6682 3647 2323 5728 7429 
6683 7429 5728 2215 7427 
6684 7428 7429 7427 3415 
6685 2776 4712 7432 7431 
6686 4712 2135 7430 7432 
6687 7432 7430 3500 3712 
6688 7431 7432 3712 2777 
6689 2787 5755 7435 7434 
6690 5755 2126 7433 7435 
6691 7435 7433 3512 4249 
6692 7434 7435 4249 2788 
6693 2281 7236 7438 7437 
6694 7236 2353 7436 7438 
6695 7438 7436 3442 7118 
6696 7437 7438 7118 2229 
6697 2464 6382 7442 7441 
6698 6382 2404 7439 7442 
6699 7442 7439 3378 7440 
6700 7441 7442 7440 2527 
6701 3495 7443 7446 7445 
6702 7443 3415 7444 7446 
6703 7446 7444 2149 6295 
6704 7445 7446 6295 3142 
6705 283 284 7448 4111 
6706 284 285 7447 7448 
6707 7448 7447 3282 3730 
6708 4111 7448 3730 2263 
6709 216 5470 7450 215 
6710 5470 2264 3652 7450 
6711 7450 3652 3283 7449 
6712 215 7450 7449 214 
6713 3407 7451 7454 7453 
6714 7451 3080 5482 7454 
6715 7454 5482 3078 7452 
6716 7453 7454 7452 3411 
6717 2781 4107 7457 7456 
6718 4107 2683 3813 7457 
6719 7457 3813 2577 7455 
6720 7456 7457 7455 3345 
6721 3417 7458 7461 7460 
6722 7458 3412 7459 7461 
6723 7461 7459 3069 5326 
6724 7460 7461 5326 3067 
6725 2441 6043 7465 7464 
6726 6043 2624 7462 7465 
6727 7465 7462 3394 7463 
6728 7464 7465 7463 2629 
6729 3096 5712 7469 7468 
6730 5712 3093 7466 7469 
6731 7469 7466 3335 7467 
6732 7468 7469 7467 3330 
6733 2858 7470 7473 6567 
6734 7470 2859 7471 7473 
6735 7473 7471 3543 7472 
6736 6567 7473 7472 2857 
6737 2272 7474 7476 7038 
6738 7474 3219 7475 7476 
6739 7476 7475 2444 7384 
6740 7038 7476 7384 2270 
6741 2906 4778 7479 7478 
6742 4778 3348 7477 7479 
6743 7479 7477 2119 7060 
6744 7478 7479 7060 2225 
6745 2261 7196 7482 7481 
6746 7196 3293 7291 7482 
6747 7482 7291 3133 7480 
6748 7481 7482 7480 3316 
6749 3336 7253 7484 7483 
6750 7253 3335 7466 7484 
6751 7484 7466 3093 5673 
6752 7483 7484 5673 2416 
6753 3431 7485 7488 7487 
6754 7485 3425 7486 7488 
6755 7488 7486 3075 5307 
6756 7487 7488 5307 3073 
6757 3424 7489 7492 7491 
6758 7489 3025 5478 7492 
6759 7492 5478 3023 7490 
6760 7491 7492 7490 3422 
6761 3299 7493 7495 4063 
6762 7493 2247 7494 7495 
6763 7495 7494 3499 3884 
6764 4063 7495 3884 2778 
6765 3182 6682 7496 3937 
6766 6682 2714 6349 7496 
6767 7496 6349 3136 7243 
6768 3937 7496 7243 3285 
6769 2768 7497 7498 3664 
6770 7497 2618 3706 7498 
6771 7498 3706 21 606 
6772 3664 7498 606 605 
6773 2400 5590 7502 7501 
6774 5590 2398 7499 7502 
6775 7502 7499 2401 7500 
6776 7501 7502 7500 3288 
6777 1961 4757 7505 7504 
6778 4757 2196 3815 7505 
6779 7505 3815 2266 7503 
6780 7504 7505 7503 2197 
6781 1976 6554 7508 5786 
6782 6554 15 7506 7508 
6783 7508 7506 3542 7507 
6784 5786 7508 7507 1977 
6785 2728 5924 7510 5835 
6786 5924 2572 7509 7510 
6787 7510 7509 3423 4020 
6788 5835 7510 4020 2731 
6789 27 7511 7513 727 
6790 7511 1966 7512 7513 
6791 7513 7512 3275 7370 
6792 727 7513 7370 728 
6793 3218 7514 7516 7129 
6794 7514 3279 7515 7516 
6795 7516 7515 2698 7081 
6796 7129 7516 7081 2660 
6797 2443 7517 7518 6674 
6798 7517 3287 7380 7518 
6799 7518 7380 3174 6627 
6800 6674 7518 6627 3126 
6801 2969 5070 7521 7520 
6802 5070 2671 7272 7521 
6803 7521 7272 3280 7519 
6804 7520 7521 7519 3324 
6805 2082 6923 7523 6755 
6806 6923 3186 7522 7523 
6807 7523 7522 3286 7073 
6808 6755 7523 7073 2933 
6809 2992 4168 7526 3960 
6810 4168 2860 7524 7526 
6811 7526 7524 2858 7525 
6812 3960 7526 7525 3432 
6813 3439 7527 7530 7529 
6814 7527 3022 5474 7530 
6815 7530 5474 3020 7528 
6816 7529 7530 7528 3437 
6817 3288 7531 7533 7501 
6818 7531 3341 7532 7533 
6819 7533 7532 2403 5587 
6820 7501 7533 5587 2400 
6821 228 229 7537 7536 
6822 229 230 7534 7537 
6823 7537 7534 3452 7535 
6824 7536 7537 7535 2222 
6825 2020 6930 7539 6872 
6826 6930 2177 7538 7539 
6827 7539 7538 3286 7522 
6828 6872 7539 7522 3186 
6829 1960 7540 7543 7542 
6830 7540 2199 7385 7543 
6831 7543 7385 2269 7541 
6832 7542 7543 7541 2198 
6833 2231 6551 7545 6699 
6834 6551 2458 7544 7545 
6835 7545 7544 3280 7143 
6836 6699 7545 7143 3146 
6837 2445 6900 7547 7362 
6838 6900 2244 7265 7547 
6839 7547 7265 3228 7546 
6840 7362 7547 7546 2447 
6841 3543 7548 7551 7472 
6842 7548 1943 7549 7551 
6843 7551 7549 3553 7550 
6844 7472 7551 7550 2857 
6845 3190 6308 7553 6929 
6846 6308 3197 7552 7553 
6847 7553 7552 3286 7538 
6848 6929 7553 7538 2177 
6849 3453 7554 7557 7556 
6850 7554 3019 5468 7557 
6851 7557 5468 3017 7555 
6852 7556 7557 7555 3448 
6853 238 239 7560 7559 
6854 239 240 7558 7560 
6855 7560 7558 3456 4514 
6856 7559 7560 4514 1952 
6857 3301 7294 7564 7563 
6858 7294 3274 7561 7564 
6859 7564 7561 3311 7562 
6860 7563 7564 7562 2005 
6861 2760 4686 7567 7566 
6862 4686 2507 6662 7567 
6863 7567 6662 2886 7565 
6864 7566 7567 7565 3281 
6865 3085 5657 7570 7569 
6866 5657 1988 7091 7570 
6867 7570 7091 3290 7568 
6868 7569 7570 7568 3086 
6869 2171 7571 7575 7574 
6870 7571 2253 7572 7575 
6871 7575 7572 2455 7573 
6872 7574 7575 7573 2252 
6873 2586 5767 7578 7577 
6874 5767 2587 6398 7578 
6875 7578 6398 3327 7576 
6876 7577 7578 7576 3316 
6877 2051 7402 7580 4666 
6878 7402 3297 7579 7580 
6879 7580 7579 3570 4552 
6880 4666 7580 4552 2843 
6881 3416 7581 7584 7583 
6882 7581 2469 6731 7584 
6883 7584 6731 2468 7582 
6884 7583 7584 7582 3405 
6885 3447 7585 7588 7587 
6886 7585 3440 7586 7588 
6887 7588 7586 2995 5155 
6888 7587 7588 5155 2998 
6889 3234 7589 7592 7591 
6890 7589 3292 7590 7592 
6891 7592 7590 2136 5018 
6892 7591 7592 5018 2901 
6893 2441 7464 7594 6248 
6894 7464 2629 3925 7594 
6895 7594 3925 3406 7593 
6896 6248 7594 7593 3122 
6897 3465 7595 7598 7597 
6898 7595 3016 5464 7598 
6899 7598 5464 3014 7596 
6900 7597 7598 7596 3460 
6901 2735 4026 7601 7600 
6902 4026 2084 4708 7601 
6903 7601 4708 2870 7599 
6904 7600 7601 7599 3371 
6905 2774 3649 7603 4195 
6906 3649 2665 5972 7603 
6907 7603 5972 2464 7602 
6908 4195 7603 7602 3443 
6909 1990 5216 7606 7605 
6910 5216 2969 7520 7606 
6911 7606 7520 3324 7604 
6912 7605 7606 7604 3340 
6913 1946 3777 7608 3843 
6914 3777 2866 7607 7608 
6915 7608 7607 3600 7303 
6916 3843 7608 7303 2790 
6917 181 182 7611 7610 
6918 182 183 7609 7611 
6919 7611 7609 3500 7430 
6920 7610 7611 7430 2135 
6921 2390 5599 7615 7614 
6922 5599 2388 7612 7615 
6923 7615 7612 2391 7613 
6924 7614 7615 7613 3291 
6925 3602 7616 7620 7619 
6926 7616 2170 7617 7620 
6927 7620 7617 2252 7618 
6928 7619 7620 7618 2258 
6929 696 7621 7623 697 
6930 7621 3549 7622 7623 
6931 7623 7622 699 698 
6932 697 7623 698 3 
6933 3479 7624 7627 7626 
6934 7624 3011 5490 7627 
6935 7627 5490 3012 7625 
6936 7626 7627 7625 3473 
6937 2833 6894 7630 7629 
6938 6894 2832 7628 7630 
6939 7630 7628 3522 4145 
6940 7629 7630 4145 2834 
6941 3567 7631 7632 3945 
6942 7631 3371 7599 7632 
6943 7632 7599 2870 4418 
6944 3945 7632 4418 2871 
6945 2992 3959 7635 4169 
6946 3959 3476 7633 7635 
6947 7635 7633 2534 7634 
6948 4169 7635 7634 2545 
6949 1998 5926 7638 5073 
6950 5926 2959 7636 7638 
6951 7638 7636 3416 7637 
6952 5073 7638 7637 2958 
6953 2718 7639 7642 7641 
6954 7639 2720 6977 7642 
6955 7642 6977 3381 7640 
6956 7641 7642 7640 3281 
6957 2786 5757 7645 7161 
6958 5757 3355 7643 7645 
6959 7645 7643 2171 7644 
6960 7161 7645 7644 1956 
6961 3091 5655 7648 7647 
6962 5655 1990 7605 7648 
6963 7648 7605 3340 7646 
6964 7647 7648 7646 3357 
6965 3218 6892 7650 7514 
6966 6892 2131 6966 7650 
6967 7650 6966 3159 7649 
6968 7514 7650 7649 3279 
6969 3488 7651 7654 7653 
6970 7651 3008 5487 7654 
6971 7654 5487 3009 7652 
6972 7653 7654 7652 3482 
6973 2954 4331 7656 4864 
6974 4331 2955 7388 7656 
6975 7656 7388 3318 7655 
6976 4864 7656 7655 2952 
6977 3493 3790 7658 7657 
6978 3790 2840 4646 7658 
6979 7658 4646 2456 7311 
6980 7657 7658 7311 3323 
6981 3092 5242 7660 7092 
6982 5242 3091 7647 7660 
6983 7660 7647 3357 7659 
6984 7092 7660 7659 3365 
6985 3291 7661 7663 7614 
6986 7661 3358 7662 7663 
6987 7663 7662 2393 5596 
6988 7614 7663 5596 2390 
6989 2931 4871 7666 7665 
6990 4871 1953 7664 7666 
6991 7666 7664 3527 4521 
6992 7665 7666 4521 2904 
6993 3496 7667 7670 7669 
6994 7667 3005 5484 7670 
6995 7670 5484 3006 7668 
6996 7669 7670 7668 3489 
6997 2579 7074 7673 7672 
6998 7074 3286 7552 7673 
6999 7673 7552 3197 7671 
7000 7672 7673 7671 3310 
7001 2815 4269 7676 4388 
7002 4269 2818 7674 7676 
7003 7676 7674 3457 7675 
7004 4388 7676 7675 2816 
7005 2776 7431 7678 7106 
7006 7431 2777 3711 7678 
7007 7678 3711 3270 7677 
7008 7106 7678 7677 3243 
7009 3087 7679 7682 5552 
7010 7679 3294 7680 7682 
7011 7682 7680 3089 7681 
7012 5552 7682 7681 1986 
7013 199 200 7685 7684 
7014 200 201 7683 7685 
7015 7685 7683 3497 4698 
7016 7684 7685 4698 1949 
7017 195 196 7687 5103 
7018 196 197 7686 7687 
7019 7687 7686 3506 3809 
7020 5103 7687 3809 2137 
7021 3292 7112 7689 7590 
7022 7112 3300 7688 7689 
7023 7689 7688 2968 5119 
7024 7590 7689 5119 2136 
7025 73 74 7691 5076 
7026 74 75 7690 7691 
7027 7691 7690 3527 7664 
7028 5076 7691 7664 1953 
7029 2803 7051 7692 7323 
7030 7051 2362 7213 7692 
7031 7692 7213 2299 7374 
7032 7323 7692 7374 2547 
7033 2133 7693 7697 7696 
7034 7693 2241 7694 7697 
7035 7697 7694 2437 7695 
7036 7696 7697 7695 2242 
7037 1962 4354 7700 6441 
7038 4354 2616 7698 7700 
7039 7700 7698 3555 7699 
7040 6441 7700 7699 17 
7041 2383 5608 7704 7703 
7042 5608 2381 7701 7704 
7043 7704 7701 2384 7702 
7044 7703 7704 7702 3298 
7045 177 178 7706 4885 
7046 178 179 7705 7706 
7047 7706 7705 3536 4140 
7048 4885 7706 4140 2927 
7049 2669 3742 7708 7707 
7050 3742 2839 4214 7708 
7051 7708 4214 3296 3689 
7052 7707 7708 3689 2670 
7053 2630 7709 7712 7711 
7054 7709 2856 4473 7712 
7055 7712 4473 2050 7710 
7056 7711 7712 7710 3571 
7057 2928 4872 7714 4975 
7058 4872 2930 6789 7714 
7059 7714 6789 3604 7713 
7060 4975 7714 7713 2929 
7061 2165 6377 7715 6472 
7062 6377 2164 7292 7715 
7063 7715 7292 3293 7195 
7064 6472 7715 7195 2166 
7065 3294 7679 7718 7717 
7066 7679 3087 5347 7718 
7067 7718 5347 3085 7716 
7068 7717 7718 7716 3383 
7069 2162 6244 7720 6148 
7070 6244 3128 7719 7720 
7071 7720 7719 3476 3958 
7072 6148 7720 3958 2305 
7073 3260 7169 7723 7722 
7074 7169 2475 7721 7723 
7075 7723 7721 2437 7694 
7076 7722 7723 7694 2241 
7077 2018 7724 7726 3627 
7078 7724 3511 7725 7726 
7079 7726 7725 2724 3615 
7080 3627 7726 3615 2807 
7081 3352 7727 7728 7328 
7082 7727 2123 7117 7728 
7083 7728 7117 2122 3992 
7084 7328 7728 3992 1967 
7085 3341 7531 7732 7731 
7086 7531 3288 7729 7732 
7087 7732 7729 3346 7730 
7088 7731 7732 7730 3057 
7089 3298 7733 7735 7703 
7090 7733 3373 7734 7735 
7091 7735 7734 2386 5605 
7092 7703 7735 5605 2383 
7093 3300 7220 7736 7688 
7094 7220 3301 7563 7736 
7095 7736 7563 2005 5526 
7096 7688 7736 5526 2968 
7097 1960 7298 7738 7540 
7098 7298 3289 7737 7738 
7099 7738 7737 2271 7037 
7100 7540 7738 7037 2199 
7101 2825 7739 7741 4482 
7102 7739 2824 4458 7741 
7103 7741 4458 3303 7740 
7104 4482 7741 7740 2826 
7105 1956 7644 7743 7742 
7106 7644 2171 7574 7743 
7107 7743 7574 2252 7617 
7108 7742 7743 7617 2170 
7109 2514 6917 7744 7357 
7110 6917 2718 7641 7744 
7111 7744 7641 3281 7565 
7112 7357 7744 7565 2886 
7113 3307 7745 7748 7747 
7114 7745 2950 4865 7748 
7115 7748 4865 2952 7746 
7116 7747 7748 7746 3343 
7117 750 6597 7749 751 
7118 6597 2716 3984 7749 
7119 7749 3984 3542 7506 
7120 751 7749 7506 15 
7121 2577 3707 7752 7455 
7122 3707 2618 7750 7752 
7123 7752 7750 3538 7751 
7124 7455 7752 7751 3345 
7125 2426 5370 7754 5738 
7126 5370 3096 7468 7754 
7127 7754 7468 3330 7753 
7128 5738 7754 7753 2978 
7129 2747 7755 7756 4069 
7130 7755 3406 3924 7756 
7131 7756 3924 2986 5165 
7132 4069 7756 5165 1947 
7133 312 4877 7759 311 
7134 4877 1950 7757 7759 
7135 7759 7757 3598 7758 
7136 311 7759 7758 310 
7137 2647 6389 7762 5148 
7138 6389 2648 7760 7762 
7139 7762 7760 3523 7761 
7140 5148 7762 7761 2477 
7141 3120 3820 7764 7763 
7142 3820 2139 5233 7764 
7143 7764 5233 2988 7187 
7144 7763 7764 7187 3366 
7145 2950 7745 7766 4834 
7146 7745 3307 7765 7766 
7147 7766 7765 2946 4826 
7148 4834 7766 4826 2947 
7149 2376 5621 7769 7768 
7150 5621 2374 5681 7769 
7151 7769 5681 2377 7767 
7152 7768 7769 7767 3304 
7153 2990 4377 7772 5108 
7154 4377 3531 7770 7772 
7155 7772 7770 2537 7771 
7156 5108 7772 7771 2814 
7157 2859 7414 7774 7471 
7158 7414 302 303 7774 
7159 7774 303 304 7773 
7160 7471 7774 7773 3543 
7161 2257 6972 7776 6771 
7162 6972 2279 7775 7776 
7163 7776 7775 3529 4408 
7164 6771 7776 4408 2280 
7165 477 7777 7780 478 
7166 7777 3305 7778 7780 
7167 7780 7778 1982 7779 
7168 478 7780 7779 479 
7169 2623 7781 7783 7782 
7170 7781 3228 7264 7783 
7171 7783 7264 2242 7695 
7172 7782 7783 7695 2437 
7173 224 225 7785 5167 
7174 225 226 7784 7785 
7175 7785 7784 3552 4070 
7176 5167 7785 4070 1947 
7177 2604 7786 7787 6620 
7178 7786 3246 7126 7787 
7179 7787 7126 2838 6969 
7180 6620 7787 6969 3295 
7181 2021 6547 7789 4669 
7182 6547 2019 7788 7789 
7183 7789 7788 3542 3983 
7184 4669 7789 3983 2337 
7185 2534 6063 7791 7634 
7186 6063 2535 7790 7791 
7187 7791 7790 3531 4376 
7188 7634 7791 4376 2545 
7189 2613 6153 7793 6820 
7190 6153 2715 3906 7793 
7191 7793 3906 3342 7792 
7192 6820 7793 7792 3222 
7193 1948 7794 7797 7796 
7194 7794 2132 7795 7797 
7195 7797 7795 2241 7693 
7196 7796 7797 7693 2133 
7197 2848 6963 7800 3795 
7198 6963 3206 7798 7800 
7199 7800 7798 3581 7799 
7200 3795 7800 7799 2582 
7201 3358 7661 7804 7803 
7202 7661 3291 7801 7804 
7203 7804 7801 3361 7802 
7204 7803 7804 7802 3051 
7205 3317 7198 7806 7805 
7206 7198 3311 7561 7806 
7207 7806 7561 3274 7343 
7208 7805 7806 7343 2979 
7209 61 62 7808 3879 
7210 62 63 7807 7808 
7211 7808 7807 3610 7191 
7212 3879 7808 7191 1964 
7213 209 210 7811 7810 
7214 210 12 250 7811 
7215 7811 250 251 7809 
7216 7810 7811 7809 3560 
7217 290 7812 7814 289 
7218 7812 3561 7813 7814 
7219 7814 7813 287 288 
7220 289 7814 288 14 
7221 446 447 7817 7816 
7222 447 13 211 7817 
7223 7817 211 212 7815 
7224 7816 7817 7815 3562 
7225 2172 6765 7819 6607 
7226 6765 3173 3918 7819 
7227 7819 3918 3487 7818 
7228 6607 7819 7818 2195 
7229 3339 7820 7821 4013 
7230 7820 2230 6848 7821 
7231 7821 6848 2247 7493 
7232 4013 7821 7493 3299 
7233 3088 7822 7825 5548 
7234 7822 3395 7823 7825 
7235 7825 7823 3402 7824 
7236 5548 7825 7824 3090 
7237 2472 7100 7828 7827 
7238 7100 3237 7826 7828 
7239 7828 7826 3594 7095 
7240 7827 7828 7095 2663 
7241 3396 7829 7830 7421 
7242 7829 1984 5572 7830 
7243 7830 5572 3090 7824 
7244 7421 7830 7824 3402 
7245 2858 7524 7831 7470 
7246 7524 2860 4189 7831 
7247 7831 4189 3399 7412 
7248 7470 7831 7412 2859 
7249 3304 7832 7834 7768 
7250 7832 3382 7833 7834 
7251 7834 7833 2379 5616 
7252 7768 7834 5616 2376 
7253 2005 7562 7835 5527 
7254 7562 3311 7200 7835 
7255 7835 7200 165 166 
7256 5527 7835 166 167 
7257 3365 7836 7839 7090 
7258 7836 2564 7837 7839 
7259 7839 7837 3370 7838 
7260 7090 7839 7838 3290 
7261 2684 3744 7840 7066 
7262 3744 2789 4555 7840 
7263 7840 4555 2097 4231 
7264 7066 7840 4231 3380 
7265 2413 5584 7842 5672 
7266 5584 2403 7532 7842 
7267 7842 7532 3341 7841 
7268 5672 7842 7841 2416 
7269 2669 7707 7844 7235 
7270 7707 2670 3688 7844 
7271 7844 3688 3266 7843 
7272 7235 7844 7843 2548 
7273 2686 4502 7846 7270 
7274 4502 3541 7845 7846 
7275 7846 7845 568 567 
7276 7270 7846 567 19 
7277 2696 6151 7848 7847 
7278 6151 2611 5994 7848 
7279 7848 5994 2612 7217 
7280 7847 7848 7217 3314 
7281 3132 6008 7849 4349 
7282 6008 2586 7577 7849 
7283 7849 7577 3316 7480 
7284 4349 7849 7480 3133 
7285 2845 4250 7851 4299 
7286 4250 3512 7850 7851 
7287 7851 7850 638 637 
7288 4299 7851 637 636 
7289 3175 7852 7855 6853 
7290 7852 2923 7853 7855 
7291 7855 7853 3492 7854 
7292 6853 7855 7854 2558 
7293 3305 7777 7858 7857 
7294 7777 477 476 7858 
7295 7858 476 475 7856 
7296 7857 7858 7856 3409 
7297 326 327 7859 4622 
7298 327 328 6741 7859 
7299 7859 6741 3459 3835 
7300 4622 7859 3835 2873 
7301 483 7860 7863 484 
7302 7860 3315 7861 7863 
7303 7863 7861 1980 7862 
7304 484 7863 7862 485 
7305 161 162 7865 5276 
7306 162 163 7199 7865 
7307 7865 7199 3317 7864 
7308 5276 7865 7864 2007 
7309 2446 7035 7867 6901 
7310 7035 2452 3858 7867 
7311 7867 3858 3472 7866 
7312 6901 7867 7866 2245 
7313 2493 6564 7869 6142 
7314 6564 2857 7550 7869 
7315 7869 7550 3553 7868 
7316 6142 7869 7868 2679 
7317 2585 7127 7872 7088 
7318 7127 3246 7870 7872 
7319 7872 7870 3328 7871 
7320 7088 7872 7871 3227 
7321 2518 4830 7875 4557 
7322 4830 2592 7873 7875 
7323 7875 7873 2767 7874 
7324 4557 7875 7874 2517 
7325 3287 7517 7877 7387 
7326 7517 2443 5943 7877 
7327 7877 5943 3153 7876 
7328 7387 7877 7876 3318 
7329 2979 6989 7879 7805 
7330 6989 3321 7878 7879 
7331 7879 7878 2007 7864 
7332 7805 7879 7864 3317 
7333 2398 5593 7881 7499 
7334 5593 2393 7662 7881 
7335 7881 7662 3358 7880 
7336 7499 7881 7880 2401 
7337 2651 4289 7885 7884 
7338 4289 2653 7882 7885 
7339 7885 7882 2704 7883 
7340 7884 7885 7883 2652 
7341 2223 6784 7887 6764 
7342 6784 2345 7886 7887 
7343 7887 7886 3521 3919 
7344 6764 7887 3919 3173 
7345 2623 7782 7890 7889 
7346 7782 2437 7721 7890 
7347 7890 7721 2475 7888 
7348 7889 7890 7888 2622 
7349 3373 7733 7894 7893 
7350 7733 3298 7891 7894 
7351 7894 7891 3374 7892 
7352 7893 7894 7892 3045 
7353 2897 5225 7896 6399 
7354 5225 2682 7895 7896 
7355 7896 7895 3518 4095 
7356 6399 7896 4095 3212 
7357 3060 5277 7898 5563 
7358 5277 2007 7878 7898 
7359 7898 7878 3321 7897 
7360 5563 7898 7897 3061 
7361 2361 5647 7902 7901 
7362 5647 2358 7899 7902 
7363 7902 7899 2359 7900 
7364 7901 7902 7900 3322 
7365 2277 6956 7904 7165 
7366 6956 3248 7102 7904 
7367 7904 7102 3591 7903 
7368 7165 7904 7903 3247 
7369 3383 7905 7908 7717 
7370 7905 2565 7906 7908 
7371 7908 7906 3385 7907 
7372 7717 7908 7907 3294 
7373 2388 5602 7910 7612 
7374 5602 2386 7734 7910 
7375 7910 7734 3373 7909 
7376 7612 7910 7909 2391 
7377 2825 4481 7912 4191 
7378 4481 3530 7911 7912 
7379 7912 7911 598 597 
7380 4191 7912 597 596 
7381 3280 7544 7914 7519 
7382 7544 2458 6186 7914 
7383 7914 6186 3158 7913 
7384 7519 7914 7913 3324 
7385 489 7915 7918 490 
7386 7915 3326 7916 7918 
7387 7918 7916 1978 7917 
7388 490 7918 7917 491 
7389 3259 4088 7922 7921 
7390 4088 3262 7919 7922 
7391 7922 7919 3514 7920 
7392 7921 7922 7920 2192 
7393 2377 5680 7926 7925 
7394 5680 3094 7923 7926 
7395 7926 7923 3393 7924 
7396 7925 7926 7924 3391 
7397 53 7927 7929 52 
7398 7927 3568 7928 7929 
7399 7929 7928 248 249 
7400 52 7929 249 11 
7401 2676 7930 7932 7030 
7402 7930 2678 6357 7932 
7403 7932 6357 3436 7931 
7404 7030 7932 7931 2420 
7405 3200 7180 7936 7935 
7406 7180 2174 7933 7936 
7407 7936 7933 3194 7934 
7408 7935 7936 7934 3302 
7409 3315 7860 7939 7938 
7410 7860 483 482 7939 
7411 7939 482 481 7937 
7412 7938 7939 7937 3427 
7413 3598 7757 7941 4425 
7414 7757 1950 7940 7941 
7415 7941 7940 3518 7895 
7416 4425 7941 7895 2682 
7417 2381 5613 7943 7701 
7418 5613 2379 7833 7943 
7419 7943 7833 3382 7942 
7420 7701 7943 7942 2384 
7421 3389 7390 7945 7944 
7422 7390 3393 7923 7945 
7423 7945 7923 3094 5677 
7424 7944 7945 5677 2463 
7425 2793 4286 7946 4440 
7426 4286 3463 4770 7946 
7427 7946 4770 2276 4677 
7428 4440 7946 4677 2798 
7429 3097 5139 7947 6311 
7430 5139 2544 7410 7947 
7431 7947 7410 3310 7671 
7432 6311 7947 7671 3197 
7433 3382 7832 7951 7950 
7434 7832 3304 7948 7951 
7435 7951 7948 3384 7949 
7436 7950 7951 7949 3039 
7437 2562 7952 7954 6804 
7438 7952 3208 4500 7954 
7439 7954 4500 3535 7953 
7440 6804 7954 7953 2542 
7441 2726 7171 7956 7364 
7442 7171 2727 7955 7956 
7443 7956 7955 3526 7277 
7444 7364 7956 7277 3264 
7445 621 620 7958 6622 
7446 620 619 7957 7958 
7447 7958 7957 3581 7798 
7448 6622 7958 7798 3206 
7449 3343 7959 7962 7747 
7450 7959 2186 7960 7962 
7451 7962 7960 3377 7961 
7452 7747 7962 7961 3307 
7453 2629 7463 7963 3926 
7454 7463 3394 4244 7963 
7455 7963 4244 1997 5337 
7456 3926 7963 5337 2987 
7457 3540 3668 7965 7964 
7458 3668 2794 4150 7965 
7459 7965 4150 2483 4337 
7460 7964 7965 4337 3386 
7461 2351 5667 7969 7968 
7462 5667 2349 7966 7969 
7463 7969 7966 2352 7967 
7464 7968 7969 7967 3334 
7465 2602 4718 7970 6218 
7466 4718 3328 7870 7970 
7467 7970 7870 3246 7786 
7468 6218 7970 7786 2604 
7469 1961 7504 7972 4373 
7470 7504 2197 7971 7972 
7471 7972 7971 3494 4130 
7472 4373 7972 4130 2559 
7473 2516 6519 7974 6603 
7474 6519 2905 3892 7974 
7475 7974 3892 3517 7973 
7476 6603 7974 7973 3134 
7477 2522 7975 7978 4643 
7478 7975 3413 7976 7978 
7479 7978 7976 3390 7977 
7480 4643 7978 7977 2523 
7481 3330 7467 7980 7979 
7482 7467 3335 7255 7980 
7483 7980 7255 3059 5562 
7484 7979 7980 5562 3061 
7485 2491 5741 7982 6286 
7486 5741 2775 4044 7982 
7487 7982 4044 3359 7981 
7488 6286 7982 7981 3125 
7489 2904 6520 7984 7665 
7490 6520 2674 7983 7984 
7491 7984 7983 3539 4575 
7492 7665 7984 4575 2931 
7493 2651 7884 7987 4415 
7494 7884 2652 7985 7987 
7495 7987 7985 3204 7986 
7496 4415 7987 7986 2593 
7497 3322 7988 7990 7901 
7498 7988 3403 7989 7990 
7499 7990 7989 2365 5644 
7500 7901 7990 5644 2361 
7501 2394 7991 7994 3673 
7502 7991 3434 7992 7994 
7503 7994 7992 3579 7993 
7504 3673 7994 7993 2268 
7505 2952 7655 7996 7746 
7506 7655 3318 7876 7996 
7507 7996 7876 3153 7995 
7508 7746 7996 7995 3343 
7509 3055 5236 7999 7998 
7510 5236 3056 7254 7999 
7511 7999 7254 3336 7997 
7512 7998 7999 7997 3057 
7513 2807 3614 8002 3624 
7514 3614 2561 8000 8002 
7515 8002 8000 3533 8001 
7516 3624 8002 8001 2806 
7517 2677 7032 8004 8003 
7518 7032 2574 7275 8004 
7519 8004 7275 3200 7935 
7520 8003 8004 7935 3302 
7521 2780 8005 8007 3701 
7522 8005 3492 8006 8007 
7523 8007 8006 2920 4869 
7524 3701 8007 4869 2134 
7525 495 8008 8011 496 
7526 8008 3338 8009 8011 
7527 8011 8009 1979 8010 
7528 496 8011 8010 497 
7529 2488 8012 8014 6817 
7530 8012 2780 3704 8014 
7531 8014 3704 3516 8013 
7532 6817 8014 8013 3203 
7533 2367 5630 8016 5676 
7534 5630 2365 7989 8016 
7535 8016 7989 3403 8015 
7536 5676 8016 8015 2463 
7537 2583 4611 8020 8019 
7538 4611 2692 8017 8020 
7539 8020 8017 3584 8018 
7540 8019 8020 8018 3271 
7541 2539 8021 8024 7099 
7542 8021 3548 8022 8024 
7543 8024 8022 2697 8023 
7544 7099 8024 8023 3237 
7545 2882 4800 8026 4076 
7546 4800 2883 8025 8026 
7547 8026 8025 3565 6954 
7548 4076 8026 6954 3242 
7549 3326 7915 8029 8028 
7550 7915 489 488 8029 
7551 8029 488 487 8027 
7552 8028 8029 8027 3441 
7553 3409 8030 8033 7857 
7554 8030 3082 8031 8033 
7555 8033 8031 3407 8032 
7556 7857 8033 8032 3305 
7557 678 677 8036 8035 
7558 677 4 676 8036 
7559 8036 676 675 8034 
7560 8035 8036 8034 3572 
7561 2358 5650 8039 7899 
7562 5650 2356 8037 8039 
7563 8039 8037 3418 8038 
7564 7899 8039 8038 2359 
7565 2916 5801 8040 4590 
7566 5801 2915 4278 8040 
7567 8040 4278 3613 7085 
7568 4590 8040 7085 2917 
7569 2229 6849 8041 7437 
7570 6849 2230 7820 8041 
7571 8041 7820 3339 7416 
7572 7437 8041 7416 2281 
7573 2343 5693 8045 8044 
7574 5693 2341 8042 8045 
7575 8045 8042 2344 8043 
7576 8044 8045 8043 3344 
7577 2658 4030 8048 8047 
7578 4030 2779 5131 8048 
7579 8048 5131 2791 8046 
7580 8047 8048 8046 3596 
7581 3057 7730 8049 7998 
7582 7730 3346 7289 8049 
7583 8049 7289 3053 5560 
7584 7998 8049 5560 3055 
7585 3350 7287 8051 8050 
7586 7287 3346 7729 8051 
7587 8051 7729 3288 7500 
7588 8050 8051 7500 2401 
7589 2309 6205 8052 7314 
7590 6205 2579 7672 8052 
7591 8052 7672 3310 7409 
7592 7314 8052 7409 3333 
7593 501 8053 8056 502 
7594 8053 3349 8054 8056 
7595 8056 8054 1981 8055 
7596 502 8056 8055 503 
7597 537 6927 8058 538 
7598 6927 2630 7711 8058 
7599 8058 7711 3571 8057 
7600 538 8058 8057 16 
7601 3049 5227 8061 8060 
7602 5227 3050 7288 8061 
7603 8061 7288 3350 8059 
7604 8060 8061 8059 3051 
7605 2833 8062 8064 3640 
7606 8062 3451 8063 8064 
7607 8064 8063 2562 5006 
7608 3640 8064 5006 3165 
7609 3334 8065 8066 7968 
7610 8065 3418 8037 8066 
7611 8066 8037 2356 5664 
7612 7968 8066 5664 2351 
7613 2349 5670 8069 7966 
7614 5670 2347 8067 8069 
7615 8069 8067 3433 8068 
7616 7966 8069 8068 2352 
7617 2764 4283 8072 3857 
7618 4283 3309 8070 8072 
7619 8072 8070 2243 8071 
7620 3857 8072 8071 3472 
7621 2371 7027 8074 5976 
7622 7027 3233 8073 8074 
7623 8074 8073 3337 7346 
7624 5976 8074 7346 2621 
7625 3261 3967 8076 3806 
7626 3967 2187 8075 8076 
7627 8076 8075 3514 7919 
7628 3806 8076 7919 3262 
7629 1959 8077 8078 3861 
7630 8077 438 439 8078 
7631 8078 439 440 7285 
7632 3861 8078 7285 3351 
7633 2804 8079 8081 8080 
7634 8079 3434 7991 8081 
7635 8081 7991 2394 3755 
7636 8080 8081 3755 2639 
7637 2623 7889 8085 8084 
7638 7889 2622 8082 8085 
7639 8085 8082 3545 8083 
7640 8084 8085 8083 2874 
7641 3403 7988 8089 8088 
7642 7988 3322 8086 8089 
7643 8089 8086 3404 8087 
7644 8088 8089 8087 3029 
7645 2459 6743 8091 6470 
7646 6743 3169 8090 8091 
7647 8091 8090 3539 7983 
7648 6470 8091 7983 2674 
7649 1954 6586 8093 6636 
7650 6586 16 8057 8093 
7651 8093 8057 3571 8092 
7652 6636 8093 8092 1970 
7653 3324 7913 8095 7604 
7654 7913 3158 6475 8095 
7655 8095 6475 2675 8094 
7656 7604 8095 8094 3340 
7657 3125 7981 8096 3808 
7658 7981 3359 7250 8096 
7659 8096 7250 2911 5102 
7660 3808 8096 5102 2137 
7661 2514 7183 8098 6915 
7662 7183 2515 8097 8098 
7663 8098 8097 3325 3954 
7664 6915 8098 3954 2717 
7665 3603 8099 8103 8102 
7666 8099 2863 8100 8103 
7667 8103 8100 3544 8101 
7668 8102 8103 8101 2634 
7669 2906 7478 8104 4721 
7670 7478 2225 7059 8104 
7671 8104 7059 3227 7871 
7672 4721 8104 7871 3328 
7673 2730 7150 8106 3822 
7674 7150 2268 7993 8106 
7675 8106 7993 3579 8105 
7676 3822 8106 8105 2846 
7677 2341 5701 8109 8042 
7678 5701 2339 8107 8109 
7679 8109 8107 3446 8108 
7680 8042 8109 8108 2344 
7681 3427 8110 8113 7938 
7682 8110 3079 8111 8113 
7683 8113 8111 3424 8112 
7684 7938 8113 8112 3315 
7685 2527 7440 8114 3787 
7686 7440 3378 4279 8114 
7687 8114 4279 2915 5800 
7688 3787 8114 5800 2913 
7689 3118 3951 8116 8115 
7690 3951 2141 5291 8116 
7691 8116 5291 2999 4021 
7692 8115 8116 4021 3423 
7693 2625 5808 8119 8118 
7694 5808 2627 7335 8119 
7695 8119 7335 3354 8117 
7696 8118 8119 8117 3110 
7697 1993 6422 8120 5942 
7698 6422 2186 7959 8120 
7699 8120 7959 3343 7995 
7700 5942 8120 7995 3153 
7701 2333 5720 8124 8123 
7702 5720 2331 8121 8124 
7703 8124 8121 2334 8122 
7704 8123 8124 8122 3356 
7705 1986 7681 8126 5661 
7706 7681 3089 8125 8126 
7707 8126 8125 3395 7822 
7708 5661 8126 7822 3088 
7709 3338 8008 8129 8128 
7710 8008 495 494 8129 
7711 8129 494 493 8127 
7712 8128 8129 8127 3454 
7713 2702 8130 8131 3862 
7714 8130 2632 6864 8131 
7715 8131 6864 3222 7792 
7716 3862 8131 7792 3342 
7717 2090 6889 8132 4179 
7718 6889 2119 7477 8132 
7719 8132 7477 3348 4004 
7720 4179 8132 4004 2228 
7721 3340 8094 8134 7646 
7722 8094 2675 6020 8134 
7723 8134 6020 3111 8133 
7724 7646 8134 8133 3357 
7725 2242 7263 8136 7696 
7726 7263 2243 8070 8136 
7727 8136 8070 3309 8135 
7728 7696 8136 8135 2133 
7729 507 8137 8140 508 
7730 8137 3360 8138 8140 
7731 8140 8138 1983 8139 
7732 508 8140 8139 509 
7733 3051 7802 8141 8060 
7734 7802 3361 7332 8141 
7735 8141 7332 3047 5565 
7736 8060 8141 5565 3049 
7737 3418 8065 8145 8144 
7738 8065 3334 8142 8145 
7739 8145 8142 3417 8143 
7740 8144 8145 8143 3065 
7741 3043 5251 8148 8147 
7742 5251 3044 7331 8148 
7743 8148 7331 3364 8146 
7744 8147 8148 8146 3045 
7745 3376 8149 8150 7355 
7746 8149 3086 7568 8150 
7747 8150 7568 3290 7838 
7748 7355 8150 7838 3370 
7749 2946 8151 8154 4827 
7750 8151 3400 8152 8154 
7751 8154 8152 3430 8153 
7752 4827 8154 8153 2944 
7753 3344 8155 8156 8044 
7754 8155 3433 8067 8156 
7755 8156 8067 2347 5687 
7756 8044 8156 5687 2343 
7757 3441 8157 8160 8028 
7758 8157 3024 8158 8160 
7759 8160 8158 3439 8159 
7760 8028 8160 8159 3326 
7761 234 235 8163 4985 
7762 235 236 8161 8163 
7763 8163 8161 3505 8162 
7764 4985 8163 8162 2809 
7765 3333 7408 8165 7315 
7766 7408 2588 6604 8165 
7767 8165 6604 3134 8164 
7768 7315 8165 8164 3362 
7769 3357 8133 8166 7659 
7770 8133 3111 5934 8166 
7771 8166 5934 2564 7836 
7772 7659 8166 7836 3365 
7773 2942 4818 8167 5078 
7774 4818 2944 8153 8167 
7775 8167 8153 3430 4634 
7776 5078 8167 4634 2943 
7777 386 4254 8170 4489 
7778 4254 2234 8168 8170 
7779 8170 8168 3611 8169 
7780 4489 8170 8169 2836 
7781 473 5573 8172 474 
7782 5573 1984 8171 8172 
7783 8172 8171 3409 7856 
7784 474 8172 7856 475 
7785 3364 7330 8174 8173 
7786 7330 3361 7801 8174 
7787 8174 7801 3291 7613 
7788 8173 8174 7613 2391 
7789 3233 7159 8177 8073 
7790 7159 2853 8175 8177 
7791 8177 8175 3606 8176 
7792 8073 8177 8176 3337 
7793 3574 7052 8179 8178 
7794 7052 3363 6774 8179 
7795 8179 6774 3216 6861 
7796 8178 8179 6861 2656 
7797 513 8180 8183 514 
7798 8180 3368 8181 8183 
7799 8183 8181 1985 8182 
7800 514 8183 8182 515 
7801 2331 5726 8186 8121 
7802 5726 2329 8184 8186 
7803 8186 8184 3468 8185 
7804 8121 8186 8185 2334 
7805 2888 8187 8188 3719 
7806 8187 3397 3985 8188 
7807 8188 3985 2716 6596 
7808 3719 8188 6596 3116 
7809 663 662 8191 8190 
7810 662 5 661 8191 
7811 8191 661 660 8189 
7812 8190 8191 8189 3576 
7813 2738 6137 8192 5937 
7814 6137 3120 7763 8192 
7815 8192 7763 3366 7186 
7816 5937 8192 7186 2742 
7817 3433 8155 8196 8195 
7818 8155 3344 8193 8196 
7819 8196 8193 3431 8194 
7820 8195 8196 8194 3071 
7821 3349 8053 8199 8198 
7822 8053 501 500 8199 
7823 8199 500 499 8197 
7824 8198 8199 8197 3469 
7825 2564 5933 8200 7837 
7826 5933 2316 5789 8200 
7827 8200 5789 2318 7353 
7828 7837 8200 7353 3370 
7829 709 4652 8203 710 
7830 4652 2487 8201 8203 
7831 8203 8201 3582 8202 
7832 710 8203 8202 711 
7833 2921 4662 8204 4879 
7834 4662 2922 4092 8204 
7835 8204 4092 3518 7940 
7836 4879 8204 7940 1950 
7837 551 8205 8207 552 
7838 8205 3577 8206 8207 
7839 8207 8206 554 553 
7840 552 8207 553 10 
7841 2421 8208 8210 7301 
7842 8208 2419 8209 8210 
7843 8210 8209 3436 6356 
7844 7301 8210 6356 2563 
7845 3045 7892 8211 8147 
7846 7892 3374 7351 8211 
7847 8211 7351 3041 5575 
7848 8147 8211 5575 3043 
7849 3454 8212 8215 8128 
7850 8212 3021 8213 8215 
7851 8215 8213 3453 8214 
7852 8128 8215 8214 3338 
7853 2816 7675 8218 4032 
7854 7675 3457 8216 8218 
7855 8218 8216 2432 8217 
7856 4032 8218 8217 2543 
7857 2824 7739 8219 4185 
7858 7739 2825 4193 8219 
7859 8219 4193 3421 4449 
7860 4185 8219 4449 2486 
7861 479 7779 8221 480 
7862 7779 1982 8220 8221 
7863 8221 8220 3427 7937 
7864 480 8221 7937 481 
7865 3037 5316 8224 8223 
7866 5316 3038 7350 8224 
7867 8224 7350 3375 8222 
7868 8223 8224 8222 3039 
7869 3468 7341 8228 8227 
7870 7341 3367 8225 8228 
7871 8228 8225 3462 8226 
7872 8227 8228 8226 2996 
7873 2691 8229 8232 8231 
7874 8229 2600 7316 8232 
7875 8232 7316 3362 8230 
7876 8231 8232 8230 3332 
7877 730 7371 8234 731 
7878 7371 2176 3669 8234 
7879 8234 3669 3540 8233 
7880 731 8234 8233 732 
7881 3356 8235 8236 8123 
7882 8235 3446 8107 8236 
7883 8236 8107 2339 5710 
7884 8123 8236 5710 2333 
7885 3180 6713 8239 6980 
7886 6713 3525 8237 8239 
7887 8239 8237 2766 8238 
7888 6980 8239 8238 3381 
7889 2695 8240 8242 4932 
7890 8240 3420 8241 8242 
7891 8242 8241 83 84 
7892 4932 8242 84 85 
7893 25 690 8246 8245 
7894 690 689 8243 8246 
7895 8246 8243 2098 8244 
7896 8245 8246 8244 3251 
7897 485 7862 8248 486 
7898 7862 1980 8247 8248 
7899 8248 8247 3441 8027 
7900 486 8248 8027 487 
7901 519 8249 8252 520 
7902 8249 3379 8250 8252 
7903 8252 8250 1987 8251 
7904 520 8252 8251 521 
7905 426 427 8256 8255 
7906 427 428 8253 8256 
7907 8256 8253 3306 8254 
7908 8255 8256 8254 3537 
7909 2688 8257 8259 6646 
7910 8257 2705 4136 8259 
7911 8259 4136 3585 8258 
7912 6646 8259 8258 2687 
7913 2186 6425 8261 7960 
7914 6425 2004 6616 8261 
7915 8261 6616 2105 8260 
7916 7960 8261 8260 3377 
7917 2634 8262 8264 8263 
7918 8262 2847 3781 8264 
7919 8264 3781 3398 7068 
7920 8263 8264 7068 2617 
7921 3469 8265 8268 8198 
7922 8265 3018 8266 8268 
7923 8268 8266 3465 8267 
7924 8198 8268 8267 3349 
7925 430 8269 8271 429 
7926 8269 3592 8270 8271 
7927 8271 8270 3306 8253 
7928 429 8271 8253 428 
7929 2763 6687 8272 4282 
7930 6687 1948 7796 8272 
7931 8272 7796 2133 8135 
7932 4282 8272 8135 3309 
7933 2239 8273 8274 6381 
7934 8273 2473 4276 8274 
7935 8274 4276 3378 7439 
7936 6381 8274 7439 2404 
7937 3388 8275 8276 7378 
7938 8275 3089 7680 8276 
7939 8276 7680 3294 7907 
7940 7378 8276 7907 3385 
7941 3360 8137 8279 8278 
7942 8137 507 506 8279 
7943 8279 506 505 8277 
7944 8278 8279 8277 3481 
7945 491 7917 8281 492 
7946 7917 1978 8280 8281 
7947 8281 8280 3454 8127 
7948 492 8281 8127 493 
7949 3130 6678 8284 8283 
7950 6678 1972 8282 8284 
7951 8284 8282 3541 4501 
7952 8283 8284 4501 3208 
7953 3446 8235 8288 8287 
7954 8235 3356 8285 8288 
7955 8288 8285 3447 8286 
7956 8287 8288 8286 3077 
7957 2523 7977 8290 4781 
7958 7977 3390 8289 8290 
7959 8290 8289 2883 4801 
7960 4781 8290 4801 2880 
7961 2408 6826 8292 8291 
7962 6826 2261 7481 8292 
7963 8292 7481 3316 7576 
7964 8291 8292 7576 3327 
7965 3567 8293 8294 7631 
7966 8293 3474 6985 8294 
7967 8294 6985 2735 7600 
7968 7631 8294 7600 3371 
7969 3039 7949 8296 8223 
7970 7949 3384 8295 8296 
7971 8296 8295 3035 5365 
7972 8223 8296 5365 3037 
7973 2565 5746 8297 7906 
7974 5746 2328 5724 8297 
7975 8297 5724 2330 7376 
7976 7906 8297 7376 3385 
7977 2328 5745 8298 5725 
7978 5745 2321 7340 8298 
7979 8298 7340 3468 8184 
7980 5725 8298 8184 2329 
7981 525 8299 8301 526 
7982 8299 3387 8300 8301 
7983 8301 8300 1989 5652 
7984 526 8301 5652 527 
7985 497 8010 8303 498 
7986 8010 1979 8302 8303 
7987 8303 8302 3469 8197 
7988 498 8303 8197 499 
7989 2863 8099 8306 7401 
7990 8099 3603 8304 8306 
7991 8306 8304 2605 8305 
7992 7401 8306 8305 3297 
7993 3523 7760 8308 3776 
7994 7760 2648 8307 8308 
7995 8308 8307 3600 7607 
7996 3776 8308 7607 2866 
7997 432 433 8312 8311 
7998 433 434 8309 8312 
7999 8312 8309 3320 8310 
8000 8311 8312 8310 3551 
8001 3481 8313 8316 8278 
8002 8313 3015 8314 8316 
8003 8316 8314 3479 8315 
8004 8278 8316 8315 3360 
8005 3375 7349 8318 8317 
8006 7349 3374 7891 8318 
8007 8318 7891 3298 7702 
8008 8317 8318 7702 2384 
8009 2338 5638 8320 5708 
8010 5638 2566 8319 8320 
8011 8320 8319 3388 7377 
8012 5708 8320 7377 2332 
8013 2253 7571 8322 7153 
8014 7571 2171 7643 8322 
8015 8322 7643 3355 8321 
8016 7153 8322 8321 2254 
8017 2540 4474 8325 8324 
8018 4474 2856 8323 8325 
8019 8325 8323 3503 4119 
8020 8324 8325 4119 2761 
8021 2623 8084 8328 8327 
8022 8084 2874 4583 8328 
8023 8328 4583 2096 8326 
8024 8327 8328 8326 3566 
8025 436 8329 8331 435 
8026 8329 3583 8330 8331 
8027 8331 8330 3320 8309 
8028 435 8331 8309 434 
8029 503 8055 8333 504 
8030 8055 1981 8332 8333 
8031 8333 8332 3481 8277 
8032 504 8333 8277 505 
8033 3028 5567 8336 8335 
8034 5567 3027 7391 8336 
8035 8336 7391 3389 8334 
8036 8335 8336 8334 3029 
8037 3384 8337 8339 8295 
8038 8337 3391 8338 8339 
8039 8339 8338 3033 5570 
8040 8295 8339 5570 3035 
8041 3405 8340 8341 7583 
8042 8340 2695 4931 8341 
8043 8341 4931 2958 7637 
8044 7583 8341 7637 3416 
8045 579 578 8343 4223 
8046 578 9 577 8343 
8047 8343 577 576 8342 
8048 4223 8343 8342 3580 
8049 2662 8344 8346 4139 
8050 8344 3486 8345 8346 
8051 8346 8345 1995 4883 
8052 4139 8346 4883 2927 
8053 3368 8180 8349 8348 
8054 8180 513 512 8349 
8055 8349 512 511 8347 
8056 8348 8349 8347 3491 
8057 3354 7334 8350 3694 
8058 7334 3578 3851 8350 
8059 8350 3851 2145 5298 
8060 3694 8350 5298 3004 
8061 2561 3617 8353 8352 
8062 3617 3319 8351 8353 
8063 8353 8351 2505 7020 
8064 8352 8353 7020 2508 
8065 509 8139 8355 510 
8066 8139 1983 8354 8355 
8067 8355 8354 3491 8347 
8068 510 8355 8347 511 
8069 3585 4510 8359 8358 
8070 4510 2902 8356 8359 
8071 8359 8356 3508 8357 
8072 8358 8359 8357 2689 
8073 3491 8360 8363 8348 
8074 8360 3013 8361 8363 
8075 8363 8361 3488 8362 
8076 8348 8363 8362 3368 
8077 3391 7924 8364 8338 
8078 7924 3393 7392 8364 
8079 8364 7392 3032 5432 
8080 8338 8364 5432 3033 
8081 3289 8365 8366 7737 
8082 8365 2327 6835 8366 
8083 8366 6835 2273 7017 
8084 7737 8366 7017 2271 
8085 2785 4573 8369 8368 
8086 4573 2203 8367 8369 
8087 8369 8367 3501 3829 
8088 8368 8369 3829 3605 
8089 515 8182 8372 516 
8090 8182 1985 8370 8372 
8091 8372 8370 3498 8371 
8092 516 8372 8371 517 
8093 2526 4775 8373 7308 
8094 4775 2889 4940 8373 
8095 8373 4940 3397 8187 
8096 7308 8373 8187 2888 
8097 2625 8118 8374 6042 
8098 8118 3110 4245 8374 
8099 8374 4245 3394 7462 
8100 6042 8374 7462 2624 
8101 2724 4362 8375 3616 
8102 4362 2851 7257 8375 
8103 8375 7257 2505 8351 
8104 3616 8375 8351 3319 
8105 3377 8260 8378 8377 
8106 8260 2105 5796 8378 
8107 8378 5796 3144 8376 
8108 8377 8378 8376 3400 
8109 2639 8379 8380 8080 
8110 8379 3501 8367 8380 
8111 8380 8367 2203 4435 
8112 8080 8380 4435 2804 
8113 619 618 8382 7957 
8114 618 7 617 8382 
8115 8382 617 616 8381 
8116 7957 8382 8381 3581 
8117 2573 8383 8385 5632 
8118 8383 3082 8384 8385 
8119 8385 8384 3396 7420 
8120 5632 8385 7420 3081 
8121 3279 7649 8388 8387 
8122 7649 3159 7280 8388 
8123 8388 7280 3184 8386 
8124 8387 8388 8386 3353 
8125 298 299 8389 5334 
8126 299 300 7413 8389 
8127 8389 7413 3399 4188 
8128 5334 8389 4188 1958 
8129 3064 5554 8392 8391 
8130 5554 3063 7424 8392 
8131 8392 7424 3401 8390 
8132 8391 8392 8390 3065 
8133 521 8251 8395 522 
8134 8251 1987 8393 8395 
8135 8395 8393 3504 8394 
8136 522 8395 8394 523 
8137 3395 8396 8397 7823 
8138 8396 2566 5641 8397 
8139 8397 5641 3095 7419 
8140 7823 8397 7419 3402 
8141 404 405 8398 5022 
8142 405 406 6725 8398 
8143 8398 6725 3450 6657 
8144 5022 8398 6657 3108 
8145 549 7166 8400 550 
8146 7166 3247 8399 8400 
8147 8400 8399 3577 8205 
8148 550 8400 8205 551 
8149 3498 8401 8405 8404 
8150 8401 3010 8402 8405 
8151 8405 8402 3496 8403 
8152 8404 8405 8403 3379 
8153 2617 6995 8407 8263 
8154 6995 2480 8406 8407 
8155 8407 8406 3603 8102 
8156 8263 8407 8102 2634 
8157 3029 8087 8408 8335 
8158 8087 3404 7425 8408 
8159 8408 7425 3031 5610 
8160 8335 8408 5610 3028 
8161 3462 8409 8412 8411 
8162 8409 3467 8410 8412 
8163 8412 8410 2983 5171 
8164 8411 8412 5171 2985 
8165 3379 8249 8413 8404 
8166 8249 519 518 8413 
8167 8413 518 517 8371 
8168 8404 8413 8371 3498 
8169 2549 6705 8416 8415 
8170 6705 3162 6732 8416 
8171 8416 6732 2469 8414 
8172 8415 8416 8414 3392 
8173 2138 5111 8419 5918 
8174 5111 2941 8417 8419 
8175 8419 8417 3475 8418 
8176 5918 8419 8418 2957 
8177 2982 4847 8422 8421 
8178 4847 2983 8410 8422 
8179 8422 8410 3467 8420 
8180 8421 8422 8420 3470 
8181 3391 8337 8423 7925 
8182 8337 3384 7948 8423 
8183 8423 7948 3304 7767 
8184 7925 8423 7767 2377 
8185 2709 5979 8425 8424 
8186 5979 2710 4017 8425 
8187 8425 4017 3537 8254 
8188 8424 8425 8254 3306 
8189 2901 5062 8426 7591 
8190 5062 1995 8345 8426 
8191 8426 8345 3486 7097 
8192 7591 8426 7097 3234 
8193 3504 8427 8431 8430 
8194 8427 3007 8428 8431 
8195 8431 8428 3502 8429 
8196 8430 8431 8429 3387 
8197 2751 6067 8433 3676 
8198 6067 2576 8432 8433 
8199 8433 8432 3523 3775 
8200 3676 8433 3775 3312 
8201 2730 3825 8435 3697 
8202 3825 2407 7320 8435 
8203 8435 7320 2216 8434 
8204 3697 8435 8434 3573 
8205 3082 8383 8436 8031 
8206 8383 2573 5415 8436 
8207 8436 5415 3080 7451 
8208 8031 8436 7451 3407 
8209 2575 8437 8439 5506 
8210 8437 3079 8438 8439 
8211 8439 8438 3411 7452 
8212 5506 8439 7452 3078 
8213 711 8202 8441 712 
8214 8202 3582 8440 8441 
8215 8441 8440 714 713 
8216 712 8441 713 2 
8217 2600 8229 8443 6477 
8218 8229 2691 8442 8443 
8219 8443 8442 3405 7582 
8220 6477 8443 7582 2468 
8221 2981 4848 8446 5703 
8222 4848 2982 8444 8446 
8223 8446 8444 3466 8445 
8224 5703 8446 8445 2974 
8225 3070 5532 8449 8448 
8226 5532 3069 7459 8449 
8227 8449 7459 3412 8447 
8228 8448 8449 8447 3071 
8229 3411 8450 8451 7453 
8230 8450 1982 7778 8451 
8231 8451 7778 3305 8032 
8232 7453 8451 8032 3407 
8233 3392 8452 8455 8454 
8234 8452 2959 5927 8455 
8235 8455 5927 2960 8453 
8236 8454 8455 8453 3445 
8237 3251 3903 8457 8245 
8238 3903 3277 4114 8457 
8239 8457 4114 3471 8456 
8240 8245 8457 8456 25 
8241 2080 4443 8458 4271 
8242 4443 2820 4241 8458 
8243 8458 4241 3419 3898 
8244 4271 8458 3898 2819 
8245 2174 7174 8460 7933 
8246 7174 3193 8459 8460 
8247 8460 8459 3591 7104 
8248 7933 8460 7104 3194 
8249 689 688 8463 8243 
8250 688 687 8461 8463 
8251 8463 8461 3249 8462 
8252 8243 8463 8462 2098 
8253 2478 6249 8464 6091 
8254 6249 3122 7593 8464 
8255 8464 7593 3406 7755 
8256 6091 8464 7755 2747 
8257 2150 6393 8465 6119 
8258 6393 2149 7444 8465 
8259 8465 7444 3415 7427 
8260 6119 8465 7427 2215 
8261 2073 5919 8468 6165 
8262 5919 2957 8466 8468 
8263 8468 8466 3485 8467 
8264 6165 8468 8467 2075 
8265 2241 7795 8470 7722 
8266 7795 2132 8469 8470 
8267 8470 8469 3601 3969 
8268 7722 8470 3969 3260 
8269 3065 8143 8471 8391 
8270 8143 3417 7460 8471 
8271 8471 7460 3067 5618 
8272 8391 8471 5618 3064 
8273 3387 8299 8472 8430 
8274 8299 525 524 8472 
8275 8472 524 523 8394 
8276 8430 8472 8394 3504 
8277 2452 7042 8475 3855 
8278 7042 2454 8473 8475 
8279 8475 8473 2690 8474 
8280 3855 8475 8474 3426 
8281 2973 5704 8478 8477 
8282 5704 2974 8445 8478 
8283 8478 8445 3466 8476 
8284 8477 8478 8476 3461 
8285 3591 8479 8481 7903 
8286 8479 2580 8480 8481 
8287 8481 8480 3577 8399 
8288 7903 8481 8399 3247 
8289 2578 8482 8484 5493 
8290 8482 3024 8483 8484 
8291 8484 8483 3422 7490 
8292 5493 8484 7490 3023 
8293 3079 8437 8485 8111 
8294 8437 2575 5392 8485 
8295 8485 5392 3025 7489 
8296 8111 8485 7489 3424 
8297 3076 5733 8488 8487 
8298 5733 3075 7486 8488 
8299 8488 7486 3425 8486 
8300 8487 8488 8486 3077 
8301 1942 7218 8490 8489 
8302 7218 2709 8424 8490 
8303 8490 8424 3306 8270 
8304 8489 8490 8270 3592 
8305 2568 6122 8491 5923 
8306 6122 3118 8115 8491 
8307 8491 8115 3423 7509 
8308 5923 8491 7509 2572 
8309 2978 7753 8492 6988 
8310 7753 3330 7979 8492 
8311 8492 7979 3061 7897 
8312 6988 8492 7897 3321 
8313 3400 8151 8493 8377 
8314 8151 2946 7765 8493 
8315 8493 7765 3307 7961 
8316 8377 8493 7961 3377 
8317 3420 8494 8495 8241 
8318 8494 3429 7394 8495 
8319 8495 7394 81 82 
8320 8241 8495 82 83 
8321 3071 8194 8496 8448 
8322 8194 3431 7487 8496 
8323 8496 7487 3073 5636 
8324 8448 8496 5636 3070 
8325 1989 8497 8500 5653 
8326 8497 3507 8498 8500 
8327 8500 8498 3509 8499 
8328 5653 8500 8499 3083 
8329 2921 4966 8501 4663 
8330 4966 2920 8006 8501 
8331 8501 8006 3492 7853 
8332 4663 8501 7853 2923 
8333 3372 6885 8503 8502 
8334 6885 3084 5353 8503 
8335 8503 5353 3083 8499 
8336 8502 8503 8499 3509 
8337 2581 8504 8506 5502 
8338 8504 3021 8505 8506 
8339 8506 8505 3437 7528 
8340 5502 8506 7528 3020 
8341 2830 4054 8507 6689 
8342 4054 2831 6895 8507 
8343 8507 6895 3458 7193 
8344 6689 8507 7193 2828 
8345 2994 4788 8510 8509 
8346 4788 2995 7586 8510 
8347 8510 7586 3440 8508 
8348 8509 8510 8508 2996 
8349 1966 8511 8513 7512 
8350 8511 3438 8512 8513 
8351 8513 8512 2796 7134 
8352 7512 8513 7134 3275 
8353 2973 8514 8516 5194 
8354 8514 3455 8515 8516 
8355 8516 8515 3445 8453 
8356 5194 8516 8453 2960 
8357 3422 8517 8518 7491 
8358 8517 1980 7861 8518 
8359 8518 7861 3315 8112 
8360 7491 8518 8112 3424 
8361 3024 8482 8519 8158 
8362 8482 2578 5377 8519 
8363 8519 5377 3022 7527 
8364 8158 8519 7527 3439 
8365 2018 4345 8521 7724 
8366 4345 2785 8368 8521 
8367 8521 8368 3605 8520 
8368 7724 8521 8520 3511 
8369 3435 8522 8524 3972 
8370 8522 1975 8523 8524 
8371 8524 8523 3471 4116 
8372 3972 8524 4116 3268 
8373 2844 4251 8526 4234 
8374 4251 2845 4301 8526 
8375 8526 4301 3483 8525 
8376 4234 8526 8525 2490 
8377 2725 7076 8528 3965 
8378 7076 2635 8527 8528 
8379 8528 8527 3428 4036 
8380 3965 8528 4036 3183 
8381 2305 3961 8529 6534 
8382 3961 3432 7525 8529 
8383 8529 7525 2858 6566 
8384 6534 8529 6566 3148 
8385 2074 6163 8531 6437 
8386 6163 2075 8530 8531 
8387 8531 8530 3495 7445 
8388 6437 8531 7445 3142 
8389 3400 8376 8532 8152 
8390 8376 3144 6260 8532 
8391 8532 6260 2248 4635 
8392 8152 8532 4635 3430 
8393 2556 4759 8533 4741 
8394 4759 2887 7309 8533 
8395 8533 7309 3477 4737 
8396 4741 8533 4737 2753 
8397 3314 8534 8536 7847 
8398 8534 3551 8310 8536 
8399 8536 8310 3320 8535 
8400 7847 8536 8535 2696 
8401 3077 8286 8537 8487 
8402 8286 3447 7587 8537 
8403 8537 7587 2998 4987 
8404 8487 8537 4987 3076 
8405 2589 8538 8540 5499 
8406 8538 3018 8539 8540 
8407 8540 8539 3448 7555 
8408 5499 8540 7555 3017 
8409 3392 8454 8542 8415 
8410 8454 3445 8541 8542 
8411 8542 8541 3163 6232 
8412 8415 8542 6232 2549 
8413 2833 7629 8544 8062 
8414 7629 2834 6679 8544 
8415 8544 6679 3130 8543 
8416 8062 8544 8543 3451 
8417 3401 7423 8546 8545 
8418 7423 3404 8086 8546 
8419 8546 8086 3322 7900 
8420 8545 8546 7900 2359 
8421 2616 4073 8548 7698 
8422 4073 3242 6953 8548 
8423 8548 6953 2277 8547 
8424 7698 8548 8547 3555 
8425 2847 8262 8549 3794 
8426 8262 2634 8101 8549 
8427 8549 8101 3544 6961 
8428 3794 8549 6961 2848 
8429 3021 8504 8550 8213 
8430 8504 2581 5382 8550 
8431 8550 5382 3019 7554 
8432 8213 8550 7554 3453 
8433 1941 8551 8552 4984 
8434 8551 3452 7534 8552 
8435 8552 7534 230 231 
8436 4984 8552 231 232 
8437 2696 8535 8553 6152 
8438 8535 3320 8330 8553 
8439 8553 8330 3583 3907 
8440 6152 8553 3907 2715 
8441 2139 3819 8554 5234 
8442 3819 3456 7558 8554 
8443 8554 7558 240 241 
8444 5234 8554 241 242 
8445 2416 7841 8555 7483 
8446 7841 3341 7731 8555 
8447 8555 7731 3057 7997 
8448 7483 8555 7997 3336 
8449 2594 8556 8558 5496 
8450 8556 3015 8557 8558 
8451 8558 8557 3460 7596 
8452 5496 8558 7596 3014 
8453 3582 8201 8561 8560 
8454 8201 2487 8559 8561 
8455 8561 8559 3353 8386 
8456 8560 8561 8386 3184 
8457 3281 7640 8563 7566 
8458 7640 3381 8238 8563 
8459 8563 8238 2766 8562 
8460 7566 8563 8562 2760 
8461 2996 8226 8564 8509 
8462 8226 3462 8411 8564 
8463 8564 8411 2985 5372 
8464 8509 8564 5372 2994 
8465 3437 8565 8566 7529 
8466 8565 1978 7916 8566 
8467 8566 7916 3326 8159 
8468 7529 8566 8159 3439 
8469 2121 3635 8568 4383 
8470 3635 2767 7873 8568 
8471 8568 7873 2592 8567 
8472 4383 8568 8567 3408 
8473 376 4584 8569 375 
8474 4584 2874 8083 8569 
8475 8569 8083 3545 6362 
8476 375 8569 6362 374 
8477 2311 6525 8572 6059 
8478 6525 2476 8570 8572 
8479 8572 8570 3461 8571 
8480 6059 8572 8571 3114 
8481 3480 8573 8576 8575 
8482 8573 3564 8574 8576 
8483 8576 8574 2865 4173 
8484 8575 8576 4173 2448 
8485 2973 8477 8578 8514 
8486 8477 3461 8570 8578 
8487 8578 8570 2476 8577 
8488 8514 8578 8577 3455 
8489 680 679 8580 4463 
8490 679 678 8035 8580 
8491 8580 8035 3572 8579 
8492 4463 8580 8579 2644 
8493 3018 8538 8581 8266 
8494 8538 2589 5387 8581 
8495 8581 5387 3016 7595 
8496 8266 8581 7595 3465 
8497 3292 7589 8583 7113 
8498 7589 3234 7096 8583 
8499 8583 7096 3594 8582 
8500 7113 8583 8582 2694 
8501 2982 8421 8586 8444 
8502 8421 3470 8584 8586 
8503 8586 8584 2474 8585 
8504 8444 8586 8585 3466 
8505 2766 8237 8588 8587 
8506 8237 3525 6712 8588 
8507 8588 6712 2608 6911 
8508 8587 8588 6911 3201 
8509 3462 8225 8590 8409 
8510 8225 3367 5843 8590 
8511 8590 5843 3105 8589 
8512 8409 8590 8589 3467 
8513 1994 7274 8591 7147 
8514 7274 2420 7931 8591 
8515 8591 7931 3436 8209 
8516 7147 8591 8209 2419 
8517 3445 8515 8592 8541 
8518 8515 3455 8577 8592 
8519 8592 8577 2476 6524 
8520 8541 8592 6524 3163 
8521 2474 5953 8593 8585 
8522 5953 3114 8571 8593 
8523 8593 8571 3461 8476 
8524 8585 8593 8476 3466 
8525 2515 7082 8596 8097 
8526 7082 2698 8594 8596 
8527 8596 8594 3586 8595 
8528 8097 8596 8595 3325 
8529 2474 8584 8597 5846 
8530 8584 3470 8420 8597 
8531 8597 8420 3467 8589 
8532 5846 8597 8589 3105 
8533 2269 3765 8600 8599 
8534 3765 3103 8598 8600 
8535 8600 8598 3547 4313 
8536 8599 8600 4313 2372 
8537 2595 8601 8603 5455 
8538 8601 3013 8602 8603 
8539 8603 8602 3473 7625 
8540 5455 8603 7625 3012 
8541 3208 7952 8604 8283 
8542 7952 2562 8063 8604 
8543 8604 8063 3451 8543 
8544 8283 8604 8543 3130 
8545 2635 6618 8605 8527 
8546 6618 3295 6968 8605 
8547 8605 6968 1969 4852 
8548 8527 8605 4852 3428 
8549 3420 8606 8608 8494 
8550 8606 2691 8231 8608 
8551 8608 8231 3332 8607 
8552 8494 8608 8607 3429 
8553 2868 4314 8610 4399 
8554 4314 3547 8598 8610 
8555 8610 8598 3103 8609 
8556 4399 8610 8609 2664 
8557 3412 7458 8612 8611 
8558 7458 3417 8142 8612 
8559 8612 8142 3334 7967 
8560 8611 8612 7967 2352 
8561 2284 7157 8614 7177 
8562 7157 2529 3916 8614 
8563 8614 3916 3519 8613 
8564 7177 8614 8613 3220 
8565 3534 8615 8618 4264 
8566 8615 2455 8616 8618 
8567 8618 8616 3593 8617 
8568 4264 8618 8617 3313 
8569 2676 7029 8621 8620 
8570 7029 2677 8619 8621 
8571 8621 8619 3390 7976 
8572 8620 8621 7976 3413 
8573 1956 7742 8623 7162 
8574 7742 2170 7616 8623 
8575 8623 7616 3602 8622 
8576 7162 8623 8622 22 
8577 2957 8418 8626 8466 
8578 8418 3475 8624 8626 
8579 8626 8624 2700 8625 
8580 8466 8626 8625 3485 
8581 3015 8556 8627 8314 
8582 8556 2594 5460 8627 
8583 8627 5460 3011 7624 
8584 8314 8627 7624 3479 
8585 2201 6064 8628 6313 
8586 6064 2534 7633 8628 
8587 8628 7633 3476 7719 
8588 6313 8628 7719 3128 
8589 645 8629 8632 8631 
8590 8629 3258 8630 8632 
8591 8632 8630 3259 7921 
8592 8631 8632 7921 2192 
8593 2598 8633 8635 5446 
8594 8633 3010 8634 8635 
8595 8635 8634 3482 7652 
8596 5446 8635 7652 3009 
8597 2522 6986 8637 7975 
8598 6986 3474 8636 8637 
8599 8637 8636 2676 8620 
8600 7975 8637 8620 3413 
8601 253 4001 8639 252 
8602 4001 3276 8638 8639 
8603 8639 8638 3560 7809 
8604 252 8639 7809 251 
8605 2844 4553 8641 4248 
8606 4553 2865 8574 8641 
8607 8641 8574 3564 8640 
8608 4248 8641 8640 2788 
8609 2216 7319 8644 8643 
8610 7319 2217 8642 8644 
8611 8644 8642 3438 8511 
8612 8643 8644 8511 1966 
8613 3534 4267 8647 8646 
8614 4267 3230 6898 8647 
8615 8647 6898 3569 8645 
8616 8646 8647 8645 2258 
8617 665 664 8649 5163 
8618 664 663 8190 8649 
8619 8649 8190 3576 8648 
8620 5163 8649 8648 2492 
8621 2479 5960 8651 5696 
8622 5960 2699 8650 8651 
8623 8651 8650 3485 8625 
8624 5696 8651 8625 2700 
8625 2401 7880 8652 8050 
8626 7880 3358 7803 8652 
8627 8652 7803 3051 8059 
8628 8050 8652 8059 3350 
8629 2791 5130 8654 4221 
8630 5130 3250 8653 8654 
8631 8654 8653 2098 8462 
8632 4221 8654 8462 3249 
8633 3448 8655 8656 7556 
8634 8655 1979 8009 8656 
8635 8656 8009 3338 8214 
8636 7556 8656 8214 3453 
8637 2593 7986 8657 4829 
8638 7986 3204 4384 8657 
8639 8657 4384 3408 8567 
8640 4829 8657 8567 2592 
8641 3085 7569 8659 7716 
8642 7569 3086 8149 8659 
8643 8659 8149 3376 8658 
8644 7716 8659 8658 3383 
8645 2508 7062 8661 8352 
8646 7062 2512 8660 8661 
8647 8661 8660 3533 8000 
8648 8352 8661 8000 2561 
8649 3013 8601 8662 8361 
8650 8601 2595 5451 8662 
8651 8662 5451 3008 7651 
8652 8361 8662 7651 3488 
8653 2601 8663 8665 5437 
8654 8663 3007 8664 8665 
8655 8665 8664 3489 7668 
8656 5437 8665 7668 3006 
8657 2075 8467 8667 8530 
8658 8467 3485 8650 8667 
8659 8667 8650 2699 8666 
8660 8530 8667 8666 3495 
8661 2621 7345 8668 5977 
8662 7345 2809 8162 8668 
8663 8668 8162 3505 7325 
8664 5977 8668 7325 2808 
8665 2266 4498 8669 7503 
8666 4498 2643 7260 8669 
8667 8669 7260 3494 7971 
8668 7503 8669 7971 2197 
8669 2473 8273 8670 7048 
8670 8273 2239 6485 8670 
8671 8670 6485 2195 7818 
8672 7048 8670 7818 3487 
8673 2472 7827 8671 6510 
8674 7827 2663 7094 8671 
8675 8671 7094 3486 8344 
8676 6510 8671 8344 2662 
8677 2818 3914 8672 7674 
8678 3914 2529 7156 8672 
8679 8672 7156 2432 8216 
8680 7674 8672 8216 3457 
8681 3425 7485 8674 8673 
8682 7485 3431 8193 8674 
8683 8674 8193 3344 8043 
8684 8673 8674 8043 2344 
8685 2244 6902 8675 7266 
8686 6902 2245 7866 8675 
8687 8675 7866 3472 8071 
8688 7266 8675 8071 2243 
8689 2923 7852 8677 4664 
8690 7852 3175 6827 8677 
8691 8677 6827 2408 8676 
8692 4664 8677 8676 3478 
8693 2583 8019 8679 6860 
8694 8019 3271 8678 8679 
8695 8679 8678 3574 8178 
8696 6860 8679 8178 2656 
8697 3327 6397 8680 8291 
8698 6397 3212 4094 8680 
8699 8680 4094 3478 8676 
8700 8291 8680 8676 2408 
8701 645 8631 8682 646 
8702 8631 2192 7920 8682 
8703 8682 7920 3514 8681 
8704 646 8682 8681 647 
8705 3010 8633 8683 8402 
8706 8633 2598 5442 8683 
8707 8683 5442 3005 7667 
8708 8402 8683 7667 3496 
8709 2141 3950 8684 5292 
8710 3950 3497 7683 8684 
8711 8684 7683 201 202 
8712 5292 8684 202 203 
8713 2787 8685 8687 5756 
8714 8685 3480 8686 8687 
8715 8687 8686 2254 8321 
8716 5756 8687 8321 3355 
8717 3415 7443 8688 7428 
8718 7443 3495 8666 8688 
8719 8688 8666 2699 5959 
8720 7428 8688 5959 2771 
8721 2488 6668 8689 8012 
8722 6668 2558 7854 8689 
8723 8689 7854 3492 8005 
8724 8012 8689 8005 2780 
8725 2202 4615 8691 4052 
8726 4615 2835 8690 8691 
8727 8691 8690 3522 7628 
8728 4052 8691 7628 2832 
8729 3460 8692 8693 7597 
8730 8692 1981 8054 8693 
8731 8693 8054 3349 8267 
8732 7597 8693 8267 3465 
8733 2391 7909 8694 8173 
8734 7909 3373 7893 8694 
8735 8694 7893 3045 8146 
8736 8173 8694 8146 3364 
8737 2688 6799 8696 8257 
8738 6799 2706 4067 8696 
8739 8696 4067 3550 8695 
8740 8257 8696 8695 2705 
8741 1957 3713 8697 4881 
8742 3713 3500 7609 8697 
8743 8697 7609 183 184 
8744 4881 8697 184 185 
8745 2475 7168 8698 7888 
8746 7168 2726 6363 8698 
8747 8698 6363 3545 8082 
8748 7888 8698 8082 2622 
8749 3155 7232 8700 6388 
8750 7232 3273 8699 8700 
8751 8700 8699 3600 8307 
8752 6388 8700 8307 2648 
8753 2609 6808 8703 8702 
8754 6808 565 564 8703 
8755 8703 564 18 8701 
8756 8702 8703 8701 3612 
8757 2760 8562 8705 4687 
8758 8562 2766 8704 8705 
8759 8705 8704 3435 3975 
8760 4687 8705 3975 2765 
8761 2769 4311 8708 8707 
8762 4311 2868 4723 8708 
8763 8708 4723 2481 8706 
8764 8707 8708 8706 3538 
8765 3007 8663 8710 8428 
8766 8663 2601 5684 8710 
8767 8710 5684 3000 8709 
8768 8428 8710 8709 3502 
8769 2537 5963 8712 7771 
8770 5963 2721 3732 8712 
8771 8712 3732 3558 8711 
8772 7771 8712 8711 2814 
8773 2653 5129 8714 7882 
8774 5129 2779 4029 8714 
8775 8714 4029 3464 8713 
8776 7882 8714 8713 2704 
8777 2448 7359 8715 8575 
8778 7359 2256 7056 8715 
8779 8715 7056 2254 8686 
8780 8575 8715 8686 3480 
8781 2806 8001 8717 3634 
8782 8001 3533 8716 8717 
8783 8717 8716 2517 7874 
8784 3634 8717 7874 2767 
8785 1952 7326 8718 7559 
8786 7326 3505 8161 8718 
8787 8718 8161 236 237 
8788 7559 8718 237 238 
8789 1949 7306 8719 7684 
8790 7306 3506 7686 8719 
8791 8719 7686 197 198 
8792 7684 8719 198 199 
8793 2918 3920 8721 7086 
8794 3920 3521 8720 8721 
8795 8721 8720 3243 7677 
8796 7086 8721 7677 3270 
8797 3550 4066 8724 8723 
8798 4066 3490 8722 8724 
8799 8724 8722 3241 6933 
8800 8723 8724 6933 2219 
8801 2856 7709 8725 8323 
8802 7709 2630 6926 8725 
8803 8725 6926 2896 3839 
8804 8323 8725 3839 3503 
8805 3440 7585 8727 8726 
8806 7585 3447 8285 8727 
8807 8727 8285 3356 8122 
8808 8726 8727 8122 2334 
8809 2269 8599 8729 7541 
8810 8599 2372 4862 8729 
8811 8729 4862 3589 8728 
8812 7541 8729 8728 2198 
8813 2606 5770 8732 8731 
8814 5770 2433 6878 8732 
8815 8732 6878 2435 8730 
8816 8731 8732 8730 3563 
8817 3502 8709 8735 8734 
8818 8709 3000 5736 8735 
8819 8735 5736 3100 8733 
8820 8734 8735 8733 3507 
8821 3507 8733 8737 8498 
8822 8733 3100 5771 8737 
8823 8737 5771 2606 8736 
8824 8498 8737 8736 3509 
8825 2100 3736 8738 6883 
8826 3736 3515 4796 8738 
8827 8738 4796 410 411 
8828 6883 8738 411 412 
8829 2497 6693 8739 3754 
8830 6693 2722 3830 8739 
8831 8739 3830 3501 8379 
8832 3754 8739 8379 2639 
8833 2187 8740 8741 8075 
8834 8740 649 648 8741 
8835 8741 648 647 8681 
8836 8075 8741 8681 3514 
8837 3473 8742 8743 7626 
8838 8742 1983 8138 8743 
8839 8743 8138 3360 8315 
8840 7626 8743 8315 3479 
8841 2842 4655 8744 7403 
8842 4655 2267 6962 8744 
8843 8744 6962 3544 8100 
8844 7403 8744 8100 2863 
8845 2384 7942 8745 8317 
8846 7942 3382 7950 8745 
8847 8745 7950 3039 8222 
8848 8317 8745 8222 3375 
8849 2320 5743 8746 7354 
8850 5743 2565 7905 8746 
8851 8746 7905 3383 8658 
8852 7354 8746 8658 3376 
8853 2755 4385 8749 8748 
8854 4385 3204 7985 8749 
8855 8749 7985 2652 8747 
8856 8748 8749 8747 3449 
8857 2729 4156 8750 7069 
8858 4156 3529 7775 8750 
8859 8750 7775 2279 6997 
8860 7069 8750 6997 2324 
8861 2941 5079 8752 8417 
8862 5079 2943 4633 8752 
8863 8752 4633 3444 8751 
8864 8417 8752 8751 3475 
8865 640 639 8753 5124 
8866 639 638 7850 8753 
8867 8753 7850 3512 7433 
8868 5124 8753 7433 2126 
8869 1968 3894 8755 7396 
8870 3894 3524 8754 8755 
8871 8755 8754 77 78 
8872 7396 8755 78 79 
8873 2768 4861 8756 7497 
8874 4861 2769 8707 8756 
8875 8756 8707 3538 7750 
8876 7497 8756 7750 2618 
8877 2454 8757 8759 8473 
8878 8757 2689 8357 8759 
8879 8759 8357 3508 8758 
8880 8473 8759 8758 2690 
8881 2462 6004 8760 6289 
8882 6004 2477 7761 8760 
8883 8760 7761 3523 8432 
8884 6289 8760 8432 2576 
8885 2548 7843 8763 7225 
8886 7843 3266 8761 8763 
8887 8763 8761 3556 8762 
8888 7225 8763 8762 2657 
8889 3524 4522 8764 8754 
8890 4522 3527 7690 8764 
8891 8764 7690 75 76 
8892 8754 8764 76 77 
8893 2902 5162 8767 8356 
8894 5162 2492 8765 8767 
8895 8767 8765 3599 8766 
8896 8356 8767 8766 3508 
8897 2217 7211 8770 8642 
8898 7211 2461 8768 8770 
8899 8770 8768 3559 8769 
8900 8642 8770 8769 3438 
8901 3482 8771 8772 7653 
8902 8771 1985 8181 8772 
8903 8772 8181 3368 8362 
8904 7653 8772 8362 3488 
8905 2839 3741 8774 4215 
8906 3741 2447 7546 8774 
8907 8774 7546 3228 8773 
8908 4215 8774 8773 3554 
8909 424 425 8775 3912 
8910 425 426 8255 8775 
8911 8775 8255 3537 4016 
8912 3912 8775 4016 1951 
8913 3354 3693 8776 8117 
8914 3693 3284 3934 8776 
8915 8776 3934 3510 4246 
8916 8117 8776 4246 3110 
8917 285 286 8778 7447 
8918 286 287 7813 8778 
8919 8778 7813 3561 8777 
8920 7447 8778 8777 3282 
8921 214 7449 8780 213 
8922 7449 3283 8779 8780 
8923 8780 8779 3562 7815 
8924 213 8780 7815 212 
8925 3509 8736 8782 8502 
8926 8736 2606 8731 8782 
8927 8782 8731 3563 8781 
8928 8502 8782 8781 3372 
8929 2536 5964 8783 6303 
8930 5964 2537 7770 8783 
8931 8783 7770 3531 7790 
8932 6303 8783 7790 2535 
8933 2125 4219 8785 4915 
8934 4219 3513 8784 8785 
8935 8785 8784 685 684 
8936 4915 8785 684 24 
8937 600 599 8786 5950 
8938 599 598 7911 8786 
8939 8786 7911 3530 4480 
8940 5950 8786 4480 2120 
8941 2451 5051 8788 7399 
8942 5051 2697 8022 8788 
8943 8788 8022 3548 8787 
8944 7399 8788 8787 3278 
8945 3089 8275 8789 8125 
8946 8275 3388 8319 8789 
8947 8789 8319 2566 8396 
8948 8125 8789 8396 3395 
8949 2135 4711 8790 7610 
8950 4711 3536 7705 8790 
8951 8790 7705 179 180 
8952 7610 8790 180 181 
8953 17 7699 8791 546 
8954 7699 3555 8547 8791 
8955 8791 8547 2277 7164 
8956 546 8791 7164 547 
8957 570 569 8792 6643 
8958 569 568 7845 8792 
8959 8792 7845 3541 8282 
8960 6643 8792 8282 1972 
8961 2746 7259 8793 4409 
8962 7259 2673 7064 8793 
8963 8793 7064 2685 3642 
8964 4409 8793 3642 3557 
8965 2002 5787 8794 6874 
8966 5787 1977 7507 8794 
8967 8794 7507 3542 7788 
8968 6874 8794 7788 2019 
8969 2521 6818 8795 6984 
8970 6818 3203 8013 8795 
8971 8795 8013 3516 4024 
8972 6984 8795 4024 2735 
8973 2463 8015 8796 7944 
8974 8015 3403 8088 8796 
8975 8796 8088 3029 8334 
8976 7944 8796 8334 3389 
8977 306 7239 8797 305 
8978 7239 1943 7548 8797 
8979 8797 7548 3543 7773 
8980 305 8797 7773 304 
8981 3489 8798 8799 7669 
8982 8798 1987 8250 8799 
8983 8799 8250 3379 8403 
8984 7669 8799 8403 3496 
8985 2081 3955 8801 4538 
8986 3955 3325 8595 8801 
8987 8801 8595 3586 8800 
8988 4538 8801 8800 2837 
8989 3337 8176 8803 7347 
8990 8176 3606 8802 8803 
8991 8803 8802 3452 8551 
8992 7347 8803 8551 1941 
8993 2144 5105 8805 7207 
8994 5105 2814 8711 8805 
8995 8805 8711 3558 8804 
8996 7207 8805 8804 3254 
8997 701 700 8807 4658 
8998 700 699 7622 8807 
8999 8807 7622 3549 8806 
9000 4658 8807 8806 3179 
9001 3314 7216 8809 8534 
9002 7216 1942 8808 8809 
9003 8809 8808 432 8311 
9004 8534 8809 8311 3551 
9005 3386 8810 8811 7964 
9006 8810 734 733 8811 
9007 8811 733 732 8233 
9008 7964 8811 8233 3540 
9009 2764 8812 8814 4284 
9010 8812 3575 8813 8814 
9011 8814 8813 2964 5991 
9012 4284 8814 5991 2124 
9013 2664 8609 8815 4122 
9014 8609 3103 3764 8815 
9015 8815 3764 3587 4239 
9016 4122 8815 4239 2821 
9017 2222 7338 8816 7536 
9018 7338 3552 7784 8816 
9019 8816 7784 226 227 
9020 7536 8816 227 228 
9021 2766 8587 8818 8704 
9022 8587 3201 4206 8818 
9023 8818 4206 3546 8817 
9024 8704 8818 8817 3435 
9025 2936 3979 8820 3888 
9026 3979 2937 3877 8820 
9027 8820 3877 3609 8819 
9028 3888 8820 8819 2938 
9029 2658 7226 8822 4028 
9030 7226 2657 8762 8822 
9031 8822 8762 3556 8821 
9032 4028 8822 8821 2659 
9033 1984 7829 8823 8171 
9034 7829 3396 8384 8823 
9035 8823 8384 3082 8030 
9036 8171 8823 8030 3409 
9037 2959 8452 8824 7636 
9038 8452 3392 8414 8824 
9039 8824 8414 2469 7581 
9040 7636 8824 7581 3416 
9041 574 7006 8827 8826 
9042 7006 2440 4146 8827 
9043 8827 4146 3522 8825 
9044 8826 8827 8825 3269 
9045 2891 3644 8830 7138 
9046 3644 3347 8828 8830 
9047 8830 8828 3593 8829 
9048 7138 8830 8829 3189 
9049 292 7208 8833 8832 
9050 7208 3254 8804 8833 
9051 8833 8804 3558 8831 
9052 8832 8833 8831 2619 
9053 1943 7241 8835 7549 
9054 7241 3255 4423 8835 
9055 8835 4423 2681 8834 
9056 7549 8835 8834 3553 
9057 3172 7107 8836 6783 
9058 7107 3243 8720 8836 
9059 8836 8720 3521 7886 
9060 6783 8836 7886 2345 
9061 2724 7725 8837 4363 
9062 7725 3511 8520 8837 
9063 8837 8520 3605 3828 
9064 4363 8837 3828 2723 
9065 246 247 8839 5350 
9066 247 248 7928 8839 
9067 8839 7928 3568 8838 
9068 5350 8839 8838 2494 
9069 2772 4259 8841 3691 
9070 4259 2110 8840 8841 
9071 8841 8840 3556 8761 
9072 3691 8841 8761 3266 
9073 2432 6805 8843 8217 
9074 6805 2542 7953 8843 
9075 8843 7953 3535 8842 
9076 8217 8843 8842 2543 
9077 2680 6143 8844 5224 
9078 6143 2679 7868 8844 
9079 8844 7868 3553 8834 
9080 5224 8844 8834 2681 
9081 207 208 8846 5319 
9082 208 209 7810 8846 
9083 8846 7810 3560 8845 
9084 5319 8846 8845 2495 
9085 292 8832 8848 291 
9086 8832 2619 8847 8848 
9087 8848 8847 3561 7812 
9088 291 8848 7812 290 
9089 444 445 8850 5356 
9090 445 446 7816 8850 
9091 8850 7816 3562 8849 
9092 5356 8850 8849 2620 
9093 3507 8497 8851 8734 
9094 8497 1989 8300 8851 
9095 8851 8300 3387 8429 
9096 8734 8851 8429 3502 
9097 2540 8324 8853 5716 
9098 8324 2761 8852 8853 
9099 8853 8852 3548 8021 
9100 5716 8853 8021 2539 
9101 2359 8038 8854 8545 
9102 8038 3418 8144 8854 
9103 8854 8144 3065 8390 
9104 8545 8854 8390 3401 
9105 2659 8821 8855 3622 
9106 8821 3556 8840 8855 
9107 8855 8840 2110 6545 
9108 3622 8855 6545 3209 
9109 2846 8105 8857 6656 
9110 8105 3579 8856 8857 
9111 8857 8856 2693 5023 
9112 6656 8857 5023 3108 
9113 3302 7934 8860 8859 
9114 7934 3194 7103 8860 
9115 8860 7103 3565 8858 
9116 8859 8860 8858 3484 
9117 2705 8695 8861 4137 
9118 8695 3550 8723 8861 
9119 8861 8723 2219 6751 
9120 4137 8861 6751 3192 
9121 2695 8340 8862 8240 
9122 8340 3405 8442 8862 
9123 8862 8442 2691 8606 
9124 8240 8862 8606 3420 
9125 3429 8607 8864 7395 
9126 8607 3332 8863 8864 
9127 8864 8863 3517 3891 
9128 7395 8864 3891 1968 
9129 2272 7178 8865 7474 
9130 7178 3220 8613 8865 
9131 8865 8613 3519 3896 
9132 7474 8865 3896 3219 
9133 3490 6102 8867 8722 
9134 6102 2644 8579 8867 
9135 8867 8579 3572 8866 
9136 8722 8867 8866 3241 
9137 3612 8868 8869 8702 
9138 8868 3493 7657 8869 
9139 8869 7657 3323 3657 
9140 8702 8869 3657 2609 
9141 2791 4220 8871 8046 
9142 4220 2125 4914 8871 
9143 8871 4914 3442 8870 
9144 8046 8871 8870 3596 
9145 3480 8685 8872 8573 
9146 8685 2787 7434 8872 
9147 8872 7434 2788 8640 
9148 8573 8872 8640 3564 
9149 1982 8450 8873 8220 
9150 8450 3411 8438 8873 
9151 8873 8438 3079 8110 
9152 8220 8873 8110 3427 
9153 696 6912 8874 7621 
9154 6912 2608 6711 8874 
9155 8874 6711 3179 8806 
9156 7621 8874 8806 3549 
9157 2632 8130 8875 5827 
9158 8130 2702 3852 8875 
9159 8875 3852 3578 7336 
9160 5827 8875 7336 2631 
9161 2352 8068 8876 8611 
9162 8068 3433 8195 8876 
9163 8876 8195 3071 8447 
9164 8611 8876 8447 3412 
9165 438 8077 8877 437 
9166 8077 1959 3908 8877 
9167 8877 3908 3583 8329 
9168 437 8877 8329 436 
9169 2707 7205 8878 5868 
9170 7205 1945 5126 8878 
9171 8878 5126 2929 7713 
9172 5868 8878 7713 3604 
9173 432 8808 8879 431 
9174 8808 1942 8489 8879 
9175 8879 8489 3592 8269 
9176 431 8879 8269 430 
9177 3237 8023 8880 7826 
9178 8023 2697 5054 8880 
9179 8880 5054 2694 8582 
9180 7826 8880 8582 3594 
9181 3599 8765 8883 8882 
9182 8765 2492 8648 8883 
9183 8883 8648 3576 8881 
9184 8882 8883 8881 3272 
9185 3259 8630 8885 4089 
9186 8630 3258 8884 8885 
9187 8885 8884 3569 4098 
9188 4089 8885 4098 2812 
9189 687 686 8886 8461 
9190 686 685 8784 8886 
9191 8886 8784 3513 4218 
9192 8461 8886 4218 3249 
9193 2731 4019 8887 5836 
9194 4019 2495 8845 8887 
9195 8887 8845 3560 8638 
9196 5836 8887 8638 3276 
9197 2781 7456 8888 4341 
9198 7456 3345 7751 8888 
9199 8888 7751 3538 8706 
9200 4341 8888 8706 2481 
9201 1992 6637 8889 7044 
9202 6637 1970 8092 8889 
9203 8889 8092 3571 7710 
9204 7044 8889 7710 2050 
9205 2188 4359 8891 6650 
9206 4359 3607 8890 8891 
9207 8891 8890 28 4467 
9208 6650 8891 4467 2086 
9209 1980 8517 8892 8247 
9210 8517 3422 8483 8892 
9211 8892 8483 3024 8157 
9212 8247 8892 8157 3441 
9213 3255 7240 8893 4424 
9214 7240 308 309 8893 
9215 8893 309 310 7758 
9216 4424 8893 7758 3598 
9217 3260 3968 8894 7170 
9218 3968 3261 3805 8894 
9219 8894 3805 3526 7955 
9220 7170 8894 7955 2727 
9221 3568 8895 8897 8838 
9222 8895 3414 8896 8897 
9223 8897 8896 3609 3876 
9224 8838 8897 3876 2494 
9225 2461 7214 8899 8898 
9226 7214 2362 7050 8899 
9227 8899 7050 3574 8678 
9228 8898 8899 8678 3271 
9229 2655 6114 8900 7231 
9230 6114 2712 7304 8900 
9231 8900 7304 3600 8699 
9232 7231 8900 8699 3273 
9233 3302 8859 8902 8003 
9234 8859 3484 8901 8902 
9235 8902 8901 3390 8619 
9236 8003 8902 8619 2677 
9237 2344 8108 8903 8673 
9238 8108 3446 8287 8903 
9239 8903 8287 3077 8486 
9240 8673 8903 8486 3425 
9241 746 745 8904 6855 
9242 745 28 8890 8904 
9243 8904 8890 3607 4736 
9244 6855 8904 4736 3115 
9245 2513 4558 8905 4454 
9246 4558 2517 8716 8905 
9247 8905 8716 3533 8660 
9248 4454 8905 8660 2512 
9249 1945 7204 8907 5127 
9250 7204 3608 8906 8907 
9251 8907 8906 65 66 
9252 5127 8907 66 67 
9253 3608 4085 8908 8906 
9254 4085 3610 7807 8908 
9255 8908 7807 63 64 
9256 8906 8908 64 65 
9257 2258 7618 8909 8646 
9258 7618 2252 7573 8909 
9259 8909 7573 2455 8615 
9260 8646 8909 8615 3534 
9261 2749 5915 8911 7024 
9262 5915 2852 8910 8911 
9263 8911 8910 3606 8175 
9264 7024 8911 8175 2853 
9265 1948 6686 8913 7794 
9266 6686 23 8912 8913 
9267 8913 8912 3601 8469 
9268 7794 8913 8469 2132 
9269 673 6934 8914 674 
9270 6934 3241 8866 8914 
9271 8914 8866 3572 8034 
9272 674 8914 8034 675 
9273 3271 8018 8915 8898 
9274 8018 3584 4079 8915 
9275 8915 4079 3559 8768 
9276 8898 8915 8768 2461 
9277 1978 8565 8916 8280 
9278 8565 3437 8505 8916 
9279 8916 8505 3021 8212 
9280 8280 8916 8212 3454 
9281 3558 3731 8917 8831 
9282 3731 3282 8777 8917 
9283 8917 8777 3561 8847 
9284 8831 8917 8847 2619 
9285 3003 5221 8918 3655 
9286 5221 2620 8849 8918 
9287 8918 8849 3562 8779 
9288 3655 8918 8779 3283 
9289 556 555 8920 8919 
9290 555 554 8206 8920 
9291 8920 8206 3577 8480 
9292 8919 8920 8480 2580 
9293 2829 6836 8923 4457 
9294 6836 2327 8921 8923 
9295 8923 8921 3528 8922 
9296 4457 8923 8922 3303 
9297 631 4705 8925 632 
9298 4705 3588 8924 8925 
9299 8925 8924 634 633 
9300 632 8925 633 6 
9301 2862 4493 8927 8926 
9302 4493 2826 7740 8927 
9303 8927 7740 3303 8922 
9304 8926 8927 8922 3528 
9305 2454 7041 8928 8757 
9306 7041 2687 8258 8928 
9307 8928 8258 3585 8358 
9308 8757 8928 8358 2689 
9309 2435 6877 8929 4118 
9310 6877 3278 8787 8929 
9311 8929 8787 3548 8852 
9312 4118 8929 8852 2761 
9313 3580 8930 8931 4224 
9314 8930 3269 8825 8931 
9315 8931 8825 3522 8690 
9316 4224 8931 8690 2835 
9317 2334 8185 8932 8726 
9318 8185 3468 8227 8932 
9319 8932 8227 2996 8508 
9320 8726 8932 8508 3440 
9321 1966 7511 8933 8643 
9322 7511 27 3698 8933 
9323 8933 3698 3573 8434 
9324 8643 8933 8434 2216 
9325 3313 8617 8934 5142 
9326 8617 3593 8828 8934 
9327 8934 8828 3347 3939 
9328 5142 8934 3939 2783 
9329 1979 8655 8935 8302 
9330 8655 3448 8539 8935 
9331 8935 8539 3018 8265 
9332 8302 8935 8265 3469 
9333 3575 8936 8937 8813 
9334 8936 3599 8882 8937 
9335 8937 8882 3272 7123 
9336 8813 8937 7123 2964 
9337 2123 7727 8938 6851 
9338 7727 3352 4165 8938 
9339 8938 4165 3499 7494 
9340 6851 8938 7494 2247 
9341 3099 5697 8939 7366 
9342 5697 2700 8624 8939 
9343 8939 8624 3475 8751 
9344 7366 8939 8751 3444 
9345 2867 4318 8940 4610 
9346 4318 3236 4080 8940 
9347 8940 4080 3584 8017 
9348 4610 8940 8017 2692 
9349 2652 7883 8943 8747 
9350 7883 2704 8941 8943 
9351 8943 8941 3611 8942 
9352 8747 8943 8942 3449 
9353 2718 6916 8945 7639 
9354 6916 2719 8944 8945 
9355 8945 8944 3597 6978 
9356 7639 8945 6978 2720 
9357 1960 7542 8946 6941 
9358 7542 2198 8728 8946 
9359 8946 8728 3589 3662 
9360 6941 8946 3662 20 
9361 3297 8305 8947 7579 
9362 8305 2605 7405 8947 
9363 8947 7405 3240 4175 
9364 7579 8947 4175 3570 
9365 739 738 8949 4339 
9366 738 1 737 8949 
9367 8949 737 736 8948 
9368 4339 8949 8948 3595 
9369 614 7246 8950 615 
9370 7246 2582 7799 8950 
9371 8950 7799 3581 8381 
9372 615 8950 8381 616 
9373 1981 8692 8951 8332 
9374 8692 3460 8557 8951 
9375 8951 8557 3015 8313 
9376 8332 8951 8313 3481 
9377 716 715 8952 7279 
9378 715 714 8440 8952 
9379 8952 8440 3582 8560 
9380 7279 8952 8560 3184 
9381 3332 8230 8953 8863 
9382 8230 3362 8164 8953 
9383 8953 8164 3134 7973 
9384 8863 8953 7973 3517 
9385 658 7124 8954 659 
9386 7124 3272 8881 8954 
9387 8954 8881 3576 8189 
9388 659 8954 8189 660 
9389 574 8826 8955 575 
9390 8826 3269 8930 8955 
9391 8955 8930 3580 8342 
9392 575 8955 8342 576 
9393 3250 4291 8956 8653 
9394 4291 3532 3904 8956 
9395 8956 3904 3251 8244 
9396 8653 8956 8244 2098 
9397 556 8919 8957 7173 
9398 8919 2580 8479 8957 
9399 8957 8479 3591 8459 
9400 7173 8957 8459 3193 
9401 2419 8208 8959 7148 
9402 8208 2421 8958 8959 
9403 8959 8958 3612 8701 
9404 7148 8959 8701 18 
9405 2297 7406 8960 6994 
9406 7406 2605 8304 8960 
9407 8960 8304 3603 8406 
9408 6994 8960 8406 2480 
9409 2637 4199 8962 6727 
9410 4199 3263 7368 8962 
9411 8962 7368 3590 8961 
9412 6727 8962 8961 2638 
9413 3289 7297 8963 8365 
9414 7297 2862 8926 8963 
9415 8963 8926 3528 8921 
9416 8365 8963 8921 2327 
9417 2686 7269 8964 4503 
9418 7269 3329 4033 8964 
9419 8964 4033 2543 8842 
9420 4503 8964 8842 3535 
9421 2464 7441 8965 7602 
9422 7441 2527 3786 8965 
9423 8965 3786 3520 4196 
9424 7602 8965 4196 3443 
9425 1983 8742 8966 8354 
9426 8742 3473 8602 8966 
9427 8966 8602 3013 8360 
9428 8354 8966 8360 3491 
9429 3566 4216 8967 8327 
9430 4216 3554 8773 8967 
9431 8967 8773 3228 7781 
9432 8327 8967 7781 2623 
9433 692 8968 8969 4205 
9434 8968 1975 8522 8969 
9435 8969 8522 3435 8817 
9436 4205 8969 8817 3546 
9437 1985 8771 8970 8370 
9438 8771 3482 8634 8970 
9439 8970 8634 3010 8401 
9440 8370 8970 8401 3498 
9441 2253 7152 8971 7572 
9442 7152 3189 8829 8971 
9443 8971 8829 3593 8616 
9444 7572 8971 8616 2455 
9445 2797 6040 8972 4078 
9446 6040 2796 8512 8972 
9447 8972 8512 3438 8769 
9448 4078 8972 8769 3559 
9449 1987 8798 8973 8393 
9450 8798 3489 8664 8973 
9451 8973 8664 3007 8427 
9452 8393 8973 8427 3504 
9453 2676 8636 8974 7930 
9454 8636 3474 8293 8974 
9455 8974 8293 3567 3944 
9456 7930 8974 3944 2678 
9457 2435 4120 8975 8730 
9458 4120 2762 6886 8975 
9459 8975 6886 3372 8781 
9460 8730 8975 8781 3563 
9461 2772 3690 8976 4433 
9462 3690 3296 4213 8976 
9463 8976 4213 3566 8326 
9464 4433 8976 8326 2096 
9465 2755 8748 8977 4253 
9466 8748 3449 8942 8977 
9467 8977 8942 3611 8168 
9468 4253 8977 8168 2234 
9469 2804 4586 8978 8079 
9470 4586 2693 8856 8978 
9471 8978 8856 3579 7992 
9472 8079 8978 7992 3434 
9473 734 8810 8979 735 
9474 8810 3386 4336 8979 
9475 8979 4336 3595 8948 
9476 735 8979 8948 736 
9477 2672 3791 8980 7300 
9478 3791 3493 8868 8980 
9479 8980 8868 3612 8958 
9480 7300 8980 8958 2421 
9481 55 8981 8982 54 
9482 8981 3414 8895 8982 
9483 8982 8895 3568 7927 
9484 54 8982 7927 53 
9485 2081 7229 8984 3956 
9486 7229 3369 8983 8984 
9487 8984 8983 3597 8944 
9488 3956 8984 8944 2719 
9489 3219 3899 8985 7475 
9490 3899 3419 4240 8985 
9491 8985 4240 3587 3763 
9492 7475 8985 3763 2444 
9493 703 4660 8986 7228 
9494 4660 2148 7071 8986 
9495 8986 7071 3597 8983 
9496 7228 8986 8983 3369 
9497 3279 8387 8988 7515 
9498 8387 3353 8987 8988 
9499 8988 8987 3586 8594 
9500 7515 8988 8594 2698 
9501 55 3750 8989 8981 
9502 3750 2938 8819 8989 
9503 8989 8819 3609 8896 
9504 8981 8989 8896 3414 
9505 3169 6728 8990 8090 
9506 6728 2638 8961 8990 
9507 8990 8961 3590 4576 
9508 8090 8990 4576 3539 
9509 649 8740 8991 650 
9510 8740 2187 3970 8991 
9511 8991 3970 3601 8912 
9512 650 8991 8912 23 
9513 3390 8901 8992 8289 
9514 8901 3484 8858 8992 
9515 8992 8858 3565 8025 
9516 8289 8992 8025 2883 
9517 2764 3856 8994 8812 
9518 3856 3426 8474 8994 
9519 8994 8474 2690 8993 
9520 8812 8994 8993 3575 
9521 2837 8800 8995 4653 
9522 8800 3586 8987 8995 
9523 8995 8987 3353 8559 
9524 4653 8995 8559 2487 
9525 2222 7535 8996 5914 
9526 7535 3452 8802 8996 
9527 8996 8802 3606 8910 
9528 5914 8996 8910 2852 
9529 3575 8993 8997 8936 
9530 8993 2690 8758 8997 
9531 8997 8758 3508 8766 
9532 8936 8997 8766 3599 
9533 2490 8525 8998 4704 
9534 8525 3483 4300 8998 
9535 8998 4300 634 8924 
9536 4704 8998 8924 3588 
9537 645 644 9000 8629 
9538 644 22 8622 9000 
9539 9000 8622 3602 8999 
9540 8629 9000 8999 3258 
9541 2353 7223 9001 7436 
9542 7223 2658 8047 9001 
9543 9001 8047 3596 8870 
9544 7436 9001 8870 3442 
9545 3602 7619 9002 8999 
9546 7619 2258 8645 9002 
9547 9002 8645 3569 8884 
9548 8999 9002 8884 3258 
9549 2704 8713 9003 8941 
9550 8713 3464 3620 9003 
9551 9003 3620 2836 8169 
9552 8941 9003 8169 3611 
9553 692 691 9004 8968 
9554 691 25 8456 9004 
9555 9004 8456 3471 8523 
9556 8968 9004 8523 1975 
9557 3421 4192 9005 4450 
9558 4192 594 593 9005 
9559 9005 593 8 592 
9560 4450 9005 592 591 
$EndElements
