$MeshFormat
4.1 0 8
$EndMeshFormat
$PhysicalNames
11
1 11 "Inlet"
1 12 "Outlet"
1 13 "Walls"
1 14 "SolidInterfaces"
2 1 "Fluid"
2 2 "PCB"
2 3 "Component_1"
2 4 "Component_2"
2 5 "Component_3"
2 6 "Component_4"
2 7 "Component_5"
$EndPhysicalNames
$Entities
28 33 7 0
9 5.487095463061629 2.720856934902258 0 0 
10 5.972426952635946 2.720856934902258 0 0 
13 7.746100445134741 2.720856934902258 0 0 
14 7.983660762714047 2.720856934902258 0 0 
17 9.728108047707501 2.720856934902258 0 0 
18 10.2718919522925 2.720856934902258 0 0 
21 11.87894266439294 2.720856934902258 0 0 
22 12.39129612775827 2.720856934902258 0 0 
25 14.07626776278707 2.720856934902258 0 0 
26 14.46420982151535 2.720856934902258 0 0 
27 0 0 0 0 
28 20 0 0 0 
29 0 5 0 0 
30 20 5 0 0 
31 4.662201509810984 2.279143065097742 0 0 
32 15.33779849018902 2.279143065097742 0 0 
33 15.33779849018902 2.720856934902258 0 0 
34 14.46420982151535 3.342545306703542 0 0 
35 14.07626776278707 3.342545306703542 0 0 
36 12.39129612775827 3.370084743847253 0 0 
37 11.87894266439294 3.370084743847253 0 0 
38 10.2718919522925 3.268278596994499 0 0 
39 9.728108047707501 3.268278596994499 0 0 
40 7.983660762714047 3.28124024032246 0 0 
41 7.746100445134741 3.28124024032246 0 0 
42 5.972426952635946 3.24770250385581 0 0 
43 5.487095463061629 3.24770250385581 0 0 
44 4.662201509810984 2.720856934902258 0 0 
9 5.487095363061628 2.720856834902257 -1.000000008881784e-07 5.972427052635947 2.720857034902259 1.000000008881784e-07 1 14 2 9 -10 
13 7.746100345134741 2.720856834902258 -1e-07 7.983660862714047 2.720857034902258 1e-07 1 14 2 13 -14 
17 9.728107947707501 2.720856834902258 -1e-07 10.2718920522925 2.720857034902258 1e-07 1 14 2 17 -18 
21 11.87894256439294 2.720856834902258 -1e-07 12.39129622775827 2.720857034902258 1e-07 1 14 2 21 -22 
25 14.07626766278707 2.720856834902258 -1e-07 14.46420992151535 2.720857034902258 1e-07 1 14 2 25 -26 
26 -9.99999993922529e-08 -1e-07 -1e-07 20.0000001 1e-07 1e-07 1 13 2 27 -28 
27 -1e-07 -9.999999983634211e-08 -1e-07 1e-07 5.0000001 1e-07 1 11 2 29 -27 
28 19.9999999 -9.999999983634211e-08 -1e-07 20.0000001 5.0000001 1e-07 1 12 2 28 -30 
29 -9.99999993922529e-08 4.9999999 -1e-07 20.0000001 5.0000001 1e-07 1 13 2 30 -29 
30 4.662201409810984 2.279142965097742 -1e-07 15.33779859018902 2.279143165097742 1e-07 1 14 2 31 -32 
31 15.33779839018902 2.279142965097742 -1e-07 15.33779859018902 2.720857034902258 1e-07 1 14 2 32 -33 
32 14.46420972151535 2.720856834902258 -1e-07 15.33779859018902 2.720857034902258 1e-07 1 14 2 33 -26 
33 14.46420972151535 2.720856834902258 -1e-07 14.46420992151535 3.342545406703542 1e-07 1 14 2 26 -34 
34 14.07626766278707 3.342545206703543 -1e-07 14.46420992151535 3.342545406703542 1e-07 1 14 2 34 -35 
35 14.07626766278707 2.720856834902258 -1e-07 14.07626786278707 3.342545406703542 1e-07 1 14 2 35 -25 
36 12.39129602775827 2.720856834902258 -1e-07 14.07626786278707 2.720857034902258 1e-07 1 14 2 25 -22 
37 12.39129602775827 2.720856834902258 -1e-07 12.39129622775827 3.370084843847253 1e-07 1 14 2 22 -36 
38 11.87894256439294 3.370084643847254 -1e-07 12.39129622775827 3.370084843847253 1e-07 1 14 2 36 -37 
39 11.87894256439294 2.720856834902258 -1e-07 11.87894276439294 3.370084843847253 1e-07 1 14 2 37 -21 
40 10.2718918522925 2.720856834902258 -1e-07 11.87894276439294 2.720857034902258 1e-07 1 14 2 21 -18 
41 10.2718918522925 2.720856834902258 -1e-07 10.2718920522925 3.268278696994499 1e-07 1 14 2 18 -38 
42 9.728107947707501 3.268278496994499 -1e-07 10.2718920522925 3.268278696994499 1e-07 1 14 2 38 -39 
43 9.728107947707501 2.720856834902258 -1e-07 9.7281081477075 3.268278696994499 1e-07 1 14 2 39 -17 
44 7.983660662714047 2.720856834902258 -1e-07 9.7281081477075 2.720857034902258 1e-07 1 14 2 17 -14 
45 7.983660662714047 2.720856834902258 -1e-07 7.983660862714047 3.28124034032246 1e-07 1 14 2 14 -40 
46 7.746100345134741 3.28124014032246 -1e-07 7.983660862714047 3.28124034032246 1e-07 1 14 2 40 -41 
47 7.746100345134741 2.720856834902258 -1e-07 7.746100545134741 3.28124034032246 1e-07 1 14 2 41 -13 
48 5.972426852635945 2.720856834902258 -1e-07 7.746100545134741 2.720857034902258 1e-07 1 14 2 13 -10 
49 5.972426852635945 2.720856834902258 -1e-07 5.972427052635946 3.24770260385581 1e-07 1 14 2 10 -42 
50 5.487095363061629 3.24770240385581 -1e-07 5.972427052635946 3.24770260385581 1e-07 1 14 2 42 -43 
51 5.487095363061629 2.720856834902258 -1e-07 5.487095563061629 3.24770260385581 1e-07 1 14 2 43 -9 
52 4.662201409810984 2.720856834902258 -1e-07 5.487095563061628 2.720857034902258 1e-07 1 14 2 9 -44 
53 4.662201409810984 2.279142965097742 -1e-07 4.662201609810984 2.720857034902258 1e-07 1 14 2 44 -31 
2 4.662201409810983 2.279142965097741 -1.000000008881784e-07 15.33779859018902 2.720857034902259 1.000000008881784e-07 1 2 14 53 30 31 32 -25 36 -21 40 -17 44 -13 48 -9 52 
3 5.487095363061628 2.720856834902257 -1.000000008881784e-07 5.972427052635947 3.247702603855811 1.000000008881784e-07 1 3 4 9 49 50 51 
4 7.746100345134741 2.720856834902258 -1e-07 7.983660862714047 3.28124034032246 1e-07 1 4 4 13 45 46 47 
5 9.728107947707501 2.720856834902258 -1e-07 10.2718920522925 3.268278696994499 1e-07 1 5 4 17 41 42 43 
6 11.87894256439294 2.720856834902258 -1e-07 12.39129622775827 3.370084843847253 1e-07 1 6 4 21 37 38 39 
7 14.07626766278707 2.720856834902258 -1e-07 14.46420992151535 3.342545406703542 1e-07 1 7 4 25 33 34 35 
8 -9.99999993922529e-08 -9.999999983634211e-08 -1e-07 20.0000001 5.0000001 1e-07 1 1 28 26 28 29 27 -30 -53 -52 -51 -50 -49 -48 -47 -46 -45 -44 -43 -42 -41 -40 -39 -38 -37 -36 -35 -34 -33 -32 -31 
$EndEntities
$Nodes
68 9751 1 9751
0 9 0 1
1
5.487095463061629 2.720856934902258 0
0 10 0 1
2
5.972426952635946 2.720856934902258 0
0 13 0 1
3
7.746100445134741 2.720856934902258 0
0 14 0 1
4
7.983660762714047 2.720856934902258 0
0 17 0 1
5
9.728108047707501 2.720856934902258 0
0 18 0 1
6
10.2718919522925 2.720856934902258 0
0 21 0 1
7
11.87894266439294 2.720856934902258 0
0 22 0 1
8
12.39129612775827 2.720856934902258 0
0 25 0 1
9
14.07626776278707 2.720856934902258 0
0 26 0 1
10
14.46420982151535 2.720856934902258 0
0 27 0 1
11
0 0 0
0 28 0 1
12
20 0 0
0 29 0 1
13
0 5 0
0 30 0 1
14
20 5 0
0 31 0 1
15
4.662201509810984 2.279143065097742 0
0 32 0 1
16
15.33779849018902 2.279143065097742 0
0 33 0 1
17
15.33779849018902 2.720856934902258 0
0 34 0 1
18
14.46420982151535 3.342545306703542 0
0 35 0 1
19
14.07626776278707 3.342545306703542 0
0 36 0 1
20
12.39129612775827 3.370084743847253 0
0 37 0 1
21
11.87894266439294 3.370084743847253 0
0 38 0 1
22
10.2718919522925 3.268278596994499 0
0 39 0 1
23
9.728108047707501 3.268278596994499 0
0 40 0 1
24
7.983660762714047 3.28124024032246 0
0 41 0 1
25
7.746100445134741 3.28124024032246 0
0 42 0 1
26
5.972426952635946 3.24770250385581 0
0 43 0 1
27
5.487095463061629 3.24770250385581 0
0 44 0 1
28
4.662201509810984 2.720856934902258 0
1 9 0 3
29
30
31
5.608428335455208 2.720856934902258 0
5.729761207848787 2.720856934902258 0
5.851094080242366 2.720856934902258 0
1 13 0 3
32
33
34
7.805490524529567 2.720856934902258 0
7.864880603924394 2.720856934902258 0
7.924270683319221 2.720856934902258 0
1 17 0 7
35
36
37
38
39
40
41
9.796081035780626 2.720856934902258 0
9.86405402385375 2.720856934902258 0
9.932027011926875 2.720856934902258 0
10 2.720856934902258 0
10.06797298807313 2.720856934902258 0
10.13594597614625 2.720856934902258 0
10.20391896421938 2.720856934902258 0
1 21 0 7
42
43
44
45
46
47
48
11.94298684731361 2.720856934902258 0
12.00703103023427 2.720856934902258 0
12.07107521315494 2.720856934902258 0
12.13511939607561 2.720856934902258 0
12.19916357899627 2.720856934902258 0
12.26320776191694 2.720856934902258 0
12.32725194483761 2.720856934902258 0
1 25 0 3
49
50
51
14.17325327746914 2.720856934902258 0
14.27023879215121 2.720856934902258 0
14.36722430683328 2.720856934902258 0
1 26 0 159
52
53
54
55
56
57
58
59
60
61
62
63
64
65
66
67
68
69
70
71
72
73
74
75
76
77
78
79
80
81
82
83
84
85
86
87
88
89
90
91
92
93
94
95
96
97
98
99
100
101
102
103
104
105
106
107
108
109
110
111
112
113
114
115
116
117
118
119
120
121
122
123
124
125
126
127
128
129
130
131
132
133
134
135
136
137
138
139
140
141
142
143
144
145
146
147
148
149
150
151
152
153
154
155
156
157
158
159
160
161
162
163
164
165
166
167
168
169
170
171
172
173
174
175
176
177
178
179
180
181
182
183
184
185
186
187
188
189
190
191
192
193
194
195
196
197
198
199
200
201
202
203
204
205
206
207
208
209
210
0.125 0 0
0.25 0 0
0.375 0 0
0.5 0 0
0.625 0 0
0.75 0 0
0.875 0 0
1 0 0
1.125 0 0
1.25 0 0
1.375 0 0
1.5 0 0
1.625 0 0
1.75 0 0
1.875 0 0
2 0 0
2.125 0 0
2.25 0 0
2.375 0 0
2.5 0 0
2.625 0 0
2.75 0 0
2.875 0 0
3 0 0
3.125 0 0
3.25 0 0
3.375 0 0
3.5 0 0
3.625 0 0
3.75 0 0
3.875 0 0
4 0 0
4.125 0 0
4.25 0 0
4.375 0 0
4.5 0 0
4.625 0 0
4.75 0 0
4.875 0 0
5 0 0
5.125 0 0
5.25 0 0
5.375 0 0
5.5 0 0
5.625 0 0
5.75 0 0
5.875 0 0
6 0 0
6.125 0 0
6.25 0 0
6.375 0 0
6.5 0 0
6.625 0 0
6.75 0 0
6.875 0 0
7 0 0
7.125 0 0
7.25 0 0
7.375 0 0
7.5 0 0
7.625 0 0
7.75 0 0
7.875 0 0
8 0 0
8.125 0 0
8.25 0 0
8.375 0 0
8.5 0 0
8.625 0 0
8.75 0 0
8.875 0 0
9 0 0
9.125 0 0
9.25 0 0
9.375 0 0
9.5 0 0
9.625 0 0
9.75 0 0
9.875 0 0
10 0 0
10.125 0 0
10.25 0 0
10.375 0 0
10.5 0 0
10.625 0 0
10.75 0 0
10.875 0 0
11 0 0
11.125 0 0
11.25 0 0
11.375 0 0
11.5 0 0
11.625 0 0
11.75 0 0
11.875 0 0
12 0 0
12.125 0 0
12.25 0 0
12.375 0 0
12.5 0 0
12.625 0 0
12.75 0 0
12.875 0 0
13 0 0
13.125 0 0
13.25 0 0
13.375 0 0
13.5 0 0
13.625 0 0
13.75 0 0
13.875 0 0
14 0 0
14.125 0 0
14.25 0 0
14.375 0 0
14.5 0 0
14.625 0 0
14.75 0 0
14.875 0 0
15 0 0
15.125 0 0
15.25 0 0
15.375 0 0
15.5 0 0
15.625 0 0
15.75 0 0
15.875 0 0
16 0 0
16.125 0 0
16.25 0 0
16.375 0 0
16.5 0 0
16.625 0 0
16.75 0 0
16.875 0 0
17 0 0
17.125 0 0
17.25 0 0
17.375 0 0
17.5 0 0
17.625 0 0
17.75 0 0
17.875 0 0
18 0 0
18.125 0 0
18.25 0 0
18.375 0 0
18.5 0 0
18.625 0 0
18.75 0 0
18.875 0 0
19 0 0
19.125 0 0
19.25 0 0
19.375 0 0
19.5 0 0
19.625 0 0
19.75 0 0
19.875 0 0
1 27 0 39
211
212
213
214
215
216
217
218
219
220
221
222
223
224
225
226
227
228
229
230
231
232
233
234
235
236
237
238
239
240
241
242
243
244
245
246
247
248
249
0 4.875 0
0 4.75 0
0 4.625 0
0 4.5 0
0 4.375 0
0 4.25 0
0 4.125 0
0 4 0
0 3.875 0
0 3.75 0
0 3.625 0
0 3.5 0
0 3.375 0
0 3.25 0
0 3.125 0
0 3 0
0 2.875 0
0 2.75 0
0 2.625 0
0 2.5 0
0 2.375 0
0 2.25 0
0 2.125 0
0 2 0
0 1.875 0
0 1.75 0
0 1.625 0
0 1.5 0
0 1.375 0
0 1.25 0
0 1.125 0
0 1 0
0 0.875 0
0 0.75 0
0 0.625 0
0 0.5 0
0 0.375 0
0 0.25 0
0 0.125 0
1 28 0 39
250
251
252
253
254
255
256
257
258
259
260
261
262
263
264
265
266
267
268
269
270
271
272
273
274
275
276
277
278
279
280
281
282
283
284
285
286
287
288
20 0.125 0
20 0.25 0
20 0.375 0
20 0.5 0
20 0.625 0
20 0.75 0
20 0.875 0
20 1 0
20 1.125 0
20 1.25 0
20 1.375 0
20 1.5 0
20 1.625 0
20 1.75 0
20 1.875 0
20 2 0
20 2.125 0
20 2.25 0
20 2.375 0
20 2.5 0
20 2.625 0
20 2.75 0
20 2.875 0
20 3 0
20 3.125 0
20 3.25 0
20 3.375 0
20 3.5 0
20 3.625 0
20 3.75 0
20 3.875 0
20 4 0
20 4.125 0
20 4.25 0
20 4.375 0
20 4.5 0
20 4.625 0
20 4.75 0
20 4.875 0
1 29 0 159
289
290
291
292
293
294
295
296
297
298
299
300
301
302
303
304
305
306
307
308
309
310
311
312
313
314
315
316
317
318
319
320
321
322
323
324
325
326
327
328
329
330
331
332
333
334
335
336
337
338
339
340
341
342
343
344
345
346
347
348
349
350
351
352
353
354
355
356
357
358
359
360
361
362
363
364
365
366
367
368
369
370
371
372
373
374
375
376
377
378
379
380
381
382
383
384
385
386
387
388
389
390
391
392
393
394
395
396
397
398
399
400
401
402
403
404
405
406
407
408
409
410
411
412
413
414
415
416
417
418
419
420
421
422
423
424
425
426
427
428
429
430
431
432
433
434
435
436
437
438
439
440
441
442
443
444
445
446
447
19.875 5 0
19.75 5 0
19.625 5 0
19.5 5 0
19.375 5 0
19.25 5 0
19.125 5 0
19 5 0
18.875 5 0
18.75 5 0
18.625 5 0
18.5 5 0
18.375 5 0
18.25 5 0
18.125 5 0
18 5 0
17.875 5 0
17.75 5 0
17.625 5 0
17.5 5 0
17.375 5 0
17.25 5 0
17.125 5 0
17 5 0
16.875 5 0
16.75 5 0
16.625 5 0
16.5 5 0
16.375 5 0
16.25 5 0
16.125 5 0
16 5 0
15.875 5 0
15.75 5 0
15.625 5 0
15.5 5 0
15.375 5 0
15.25 5 0
15.125 5 0
15 5 0
14.875 5 0
14.75 5 0
14.625 5 0
14.5 5 0
14.375 5 0
14.25 5 0
14.125 5 0
14 5 0
13.875 5 0
13.75 5 0
13.625 5 0
13.5 5 0
13.375 5 0
13.25 5 0
13.125 5 0
13 5 0
12.875 5 0
12.75 5 0
12.625 5 0
12.5 5 0
12.375 5 0
12.25 5 0
12.125 5 0
12 5 0
11.875 5 0
11.75 5 0
11.625 5 0
11.5 5 0
11.375 5 0
11.25 5 0
11.125 5 0
11 5 0
10.875 5 0
10.75 5 0
10.625 5 0
10.5 5 0
10.375 5 0
10.25 5 0
10.125 5 0
10 5 0
9.875 5 0
9.75 5 0
9.625 5 0
9.5 5 0
9.375 5 0
9.25 5 0
9.125 5 0
9 5 0
8.875 5 0
8.75 5 0
8.625 5 0
8.5 5 0
8.375 5 0
8.25 5 0
8.125 5 0
8 5 0
7.875 5 0
7.75 5 0
7.625 5 0
7.5 5 0
7.375 5 0
7.25 5 0
7.125 5 0
7 5 0
6.875 5 0
6.75 5 0
6.625 5 0
6.5 5 0
6.375 5 0
6.25 5 0
6.125 5 0
6 5 0
5.875 5 0
5.75 5 0
5.625 5 0
5.5 5 0
5.375 5 0
5.25 5 0
5.125 5 0
5 5 0
4.875 5 0
4.75 5 0
4.625 5 0
4.5 5 0
4.375 5 0
4.25 5 0
4.125 5 0
4 5 0
3.875 5 0
3.75 5 0
3.625 5 0
3.5 5 0
3.375 5 0
3.25 5 0
3.125 5 0
3 5 0
2.875 5 0
2.75 5 0
2.625 5 0
2.5 5 0
2.375 5 0
2.25 5 0
2.125 5 0
2 5 0
1.875 5 0
1.75 5 0
1.625 5 0
1.5 5 0
1.375 5 0
1.25 5 0
1.125 5 0
1 5 0
0.875 5 0
0.75 5 0
0.625 5 0
0.5 5 0
0.375 5 0
0.25 5 0
0.125 5 0
1 30 0 87
448
449
450
451
452
453
454
455
456
457
458
459
460
461
462
463
464
465
466
467
468
469
470
471
472
473
474
475
476
477
478
479
480
481
482
483
484
485
486
487
488
489
490
491
492
493
494
495
496
497
498
499
500
501
502
503
504
505
506
507
508
509
510
511
512
513
514
515
516
517
518
519
520
521
522
523
524
525
526
527
528
529
530
531
532
533
534
4.783515111860734 2.279143065097742 0
4.904828713910485 2.279143065097742 0
5.026142315960235 2.279143065097742 0
5.147455918009985 2.279143065097742 0
5.268769520059736 2.279143065097742 0
5.390083122109486 2.279143065097742 0
5.511396724159237 2.279143065097742 0
5.632710326208987 2.279143065097742 0
5.754023928258738 2.279143065097742 0
5.875337530308488 2.279143065097742 0
5.996651132358238 2.279143065097742 0
6.117964734407988 2.279143065097742 0
6.239278336457739 2.279143065097742 0
6.360591938507489 2.279143065097742 0
6.481905540557239 2.279143065097742 0
6.60321914260699 2.279143065097742 0
6.72453274465674 2.279143065097742 0
6.845846346706491 2.279143065097742 0
6.967159948756241 2.279143065097742 0
7.088473550805992 2.279143065097742 0
7.209787152855742 2.279143065097742 0
7.331100754905492 2.279143065097742 0
7.452414356955242 2.279143065097742 0
7.573727959004993 2.279143065097742 0
7.695041561054743 2.279143065097742 0
7.816355163104493 2.279143065097742 0
7.937668765154244 2.279143065097742 0
8.058982367203994 2.279143065097742 0
8.180295969253745 2.279143065097742 0
8.301609571303494 2.279143065097742 0
8.422923173353245 2.279143065097742 0
8.544236775402997 2.279143065097742 0
8.665550377452746 2.279143065097742 0
8.786863979502495 2.279143065097742 0
8.908177581552247 2.279143065097742 0
9.029491183601998 2.279143065097742 0
9.150804785651747 2.279143065097742 0
9.272118387701498 2.279143065097742 0
9.393431989751249 2.279143065097742 0
9.514745591800999 2.279143065097742 0
9.636059193850748 2.279143065097742 0
9.757372795900499 2.279143065097742 0
9.878686397950251 2.279143065097742 0
10 2.279143065097742 0
10.12131360204975 2.279143065097742 0
10.2426272040995 2.279143065097742 0
10.36394080614925 2.279143065097742 0
10.485254408199 2.279143065097742 0
10.60656801024875 2.279143065097742 0
10.7278816122985 2.279143065097742 0
10.84919521434825 2.279143065097742 0
10.970508816398 2.279143065097742 0
11.09182241844775 2.279143065097742 0
11.2131360204975 2.279143065097742 0
11.33444962254725 2.279143065097742 0
11.455763224597 2.279143065097742 0
11.57707682664675 2.279143065097742 0
11.69839042869651 2.279143065097742 0
11.81970403074626 2.279143065097742 0
11.94101763279601 2.279143065097742 0
12.06233123484576 2.279143065097742 0
12.18364483689551 2.279143065097742 0
12.30495843894526 2.279143065097742 0
12.42627204099501 2.279143065097742 0
12.54758564304476 2.279143065097742 0
12.66889924509451 2.279143065097742 0
12.79021284714426 2.279143065097742 0
12.91152644919401 2.279143065097742 0
13.03284005124376 2.279143065097742 0
13.15415365329351 2.279143065097742 0
13.27546725534326 2.279143065097742 0
13.39678085739301 2.279143065097742 0
13.51809445944276 2.279143065097742 0
13.63940806149251 2.279143065097742 0
13.76072166354226 2.279143065097742 0
13.88203526559201 2.279143065097742 0
14.00334886764176 2.279143065097742 0
14.12466246969151 2.279143065097742 0
14.24597607174126 2.279143065097742 0
14.36728967379101 2.279143065097742 0
14.48860327584076 2.279143065097742 0
14.60991687789051 2.279143065097742 0
14.73123047994026 2.279143065097742 0
14.85254408199001 2.279143065097742 0
14.97385768403976 2.279143065097742 0
15.09517128608952 2.279143065097742 0
15.21648488813926 2.279143065097742 0
1 31 0 3
535
536
537
15.33779849018902 2.389571532548871 0
15.33779849018902 2.5 0
15.33779849018902 2.610428467451129 0
1 32 0 7
538
539
540
541
542
543
544
15.22859990660481 2.720856934902258 0
15.1194013230206 2.720856934902258 0
15.01020273943639 2.720856934902258 0
14.90100415585218 2.720856934902258 0
14.79180557226798 2.720856934902258 0
14.68260698868377 2.720856934902258 0
14.57340840509956 2.720856934902258 0
1 33 0 7
545
546
547
548
549
550
551
14.46420982151535 2.798567981377419 0
14.46420982151535 2.876279027852579 0
14.46420982151535 2.95399007432774 0
14.46420982151535 3.0317011208029 0
14.46420982151535 3.109412167278061 0
14.46420982151535 3.187123213753221 0
14.46420982151535 3.264834260228382 0
1 34 0 3
552
553
554
14.36722430683328 3.342545306703542 0
14.27023879215121 3.342545306703542 0
14.17325327746914 3.342545306703542 0
1 35 0 7
555
556
557
558
559
560
561
14.07626776278707 3.264834260228382 0
14.07626776278707 3.187123213753221 0
14.07626776278707 3.109412167278061 0
14.07626776278707 3.0317011208029 0
14.07626776278707 2.95399007432774 0
14.07626776278707 2.876279027852579 0
14.07626776278707 2.798567981377419 0
1 36 0 15
562
563
564
565
566
567
568
569
570
571
572
573
574
575
576
13.97095703559777 2.720856934902258 0
13.86564630840847 2.720856934902258 0
13.76033558121917 2.720856934902258 0
13.65502485402987 2.720856934902258 0
13.54971412684057 2.720856934902258 0
13.44440339965127 2.720856934902258 0
13.33909267246197 2.720856934902258 0
13.23378194527267 2.720856934902258 0
13.12847121808337 2.720856934902258 0
13.02316049089407 2.720856934902258 0
12.91784976370477 2.720856934902258 0
12.81253903651547 2.720856934902258 0
12.70722830932617 2.720856934902258 0
12.60191758213687 2.720856934902258 0
12.49660685494757 2.720856934902258 0
1 37 0 7
577
578
579
580
581
582
583
12.39129612775827 2.802010411020383 0
12.39129612775827 2.883163887138507 0
12.39129612775827 2.964317363256631 0
12.39129612775827 3.045470839374756 0
12.39129612775827 3.12662431549288 0
12.39129612775827 3.207777791611004 0
12.39129612775827 3.288931267729129 0
1 38 0 7
584
585
586
587
588
589
590
12.32725194483761 3.370084743847253 0
12.26320776191694 3.370084743847253 0
12.19916357899627 3.370084743847253 0
12.13511939607561 3.370084743847253 0
12.07107521315494 3.370084743847253 0
12.00703103023427 3.370084743847253 0
11.94298684731361 3.370084743847253 0
1 39 0 7
591
592
593
594
595
596
597
11.87894266439294 3.288931267729129 0
11.87894266439294 3.207777791611004 0
11.87894266439294 3.12662431549288 0
11.87894266439294 3.045470839374756 0
11.87894266439294 2.964317363256631 0
11.87894266439294 2.883163887138507 0
11.87894266439294 2.802010411020383 0
1 40 0 15
598
599
600
601
602
603
604
605
606
607
608
609
610
611
612
11.77850199488666 2.720856934902258 0
11.67806132538039 2.720856934902258 0
11.57762065587411 2.720856934902258 0
11.47717998636783 2.720856934902258 0
11.37673931686155 2.720856934902258 0
11.27629864735528 2.720856934902258 0
11.175857977849 2.720856934902258 0
11.07541730834272 2.720856934902258 0
10.97497663883644 2.720856934902258 0
10.87453596933017 2.720856934902258 0
10.77409529982389 2.720856934902258 0
10.67365463031761 2.720856934902258 0
10.57321396081133 2.720856934902258 0
10.47277329130506 2.720856934902258 0
10.37233262179878 2.720856934902258 0
1 41 0 7
613
614
615
616
617
618
619
10.2718919522925 2.789284642663788 0
10.2718919522925 2.857712350425318 0
10.2718919522925 2.926140058186848 0
10.2718919522925 2.994567765948378 0
10.2718919522925 3.062995473709909 0
10.2718919522925 3.131423181471439 0
10.2718919522925 3.199850889232969 0
1 42 0 7
620
621
622
623
624
625
626
10.20391896421938 3.268278596994499 0
10.13594597614625 3.268278596994499 0
10.06797298807313 3.268278596994499 0
10 3.268278596994499 0
9.932027011926875 3.268278596994499 0
9.86405402385375 3.268278596994499 0
9.796081035780626 3.268278596994499 0
1 43 0 7
627
628
629
630
631
632
633
9.728108047707501 3.199850889232969 0
9.728108047707501 3.131423181471439 0
9.728108047707501 3.062995473709909 0
9.728108047707501 2.994567765948378 0
9.728108047707501 2.926140058186848 0
9.728108047707501 2.857712350425318 0
9.728108047707501 2.789284642663788 0
1 44 0 15
634
635
636
637
638
639
640
641
642
643
644
645
646
647
648
9.619080092395411 2.720856934902258 0
9.510052137083319 2.720856934902258 0
9.401024181771227 2.720856934902258 0
9.291996226459137 2.720856934902258 0
9.182968271147047 2.720856934902258 0
9.073940315834957 2.720856934902258 0
8.964912360522865 2.720856934902258 0
8.855884405210773 2.720856934902258 0
8.746856449898683 2.720856934902258 0
8.637828494586593 2.720856934902258 0
8.528800539274501 2.720856934902258 0
8.419772583962411 2.720856934902258 0
8.310744628650319 2.720856934902258 0
8.201716673338229 2.720856934902258 0
8.092688718026139 2.720856934902258 0
1 45 0 7
649
650
651
652
653
654
655
7.983660762714047 2.790904848079784 0
7.983660762714047 2.860952761257309 0
7.983660762714047 2.931000674434834 0
7.983660762714047 3.001048587612359 0
7.983660762714047 3.071096500789884 0
7.983660762714047 3.141144413967409 0
7.983660762714047 3.211192327144935 0
1 46 0 3
656
657
658
7.924270683319221 3.28124024032246 0
7.864880603924394 3.28124024032246 0
7.805490524529567 3.28124024032246 0
1 47 0 7
659
660
661
662
663
664
665
7.746100445134741 3.211192327144935 0
7.746100445134741 3.141144413967409 0
7.746100445134741 3.071096500789884 0
7.746100445134741 3.001048587612359 0
7.746100445134741 2.931000674434834 0
7.746100445134741 2.860952761257309 0
7.746100445134741 2.790904848079784 0
1 48 0 15
666
667
668
669
670
671
672
673
674
675
676
677
678
679
680
7.635245851853566 2.720856934902258 0
7.524391258572392 2.720856934902258 0
7.413536665291216 2.720856934902258 0
7.302682072010041 2.720856934902258 0
7.191827478728866 2.720856934902258 0
7.080972885447693 2.720856934902258 0
6.970118292166518 2.720856934902258 0
6.859263698885343 2.720856934902258 0
6.748409105604168 2.720856934902258 0
6.637554512322994 2.720856934902258 0
6.526699919041819 2.720856934902258 0
6.415845325760644 2.720856934902258 0
6.304990732479469 2.720856934902258 0
6.194136139198296 2.720856934902258 0
6.083281545917121 2.720856934902258 0
1 49 0 7
681
682
683
684
685
686
687
5.972426952635946 2.786712631021452 0
5.972426952635946 2.852568327140646 0
5.972426952635946 2.91842402325984 0
5.972426952635946 2.984279719379034 0
5.972426952635946 3.050135415498228 0
5.972426952635946 3.115991111617422 0
5.972426952635946 3.181846807736616 0
1 50 0 3
688
689
690
5.851094080242366 3.24770250385581 0
5.729761207848787 3.24770250385581 0
5.608428335455208 3.24770250385581 0
1 51 0 7
691
692
693
694
695
696
697
5.487095463061629 3.181846807736616 0
5.487095463061629 3.115991111617422 0
5.487095463061629 3.050135415498228 0
5.487095463061629 2.984279719379034 0
5.487095463061629 2.91842402325984 0
5.487095463061629 2.852568327140646 0
5.487095463061629 2.786712631021452 0
1 52 0 7
698
699
700
701
702
703
704
5.383983718905299 2.720856934902258 0
5.280871974748967 2.720856934902258 0
5.177760230592638 2.720856934902258 0
5.074648486436306 2.720856934902258 0
4.971536742279977 2.720856934902258 0
4.868424998123645 2.720856934902258 0
4.765313253967316 2.720856934902258 0
1 53 0 3
705
706
707
4.662201509810984 2.610428467451129 0
4.662201509810984 2.5 0
4.662201509810984 2.389571532548871 0
2 2 0 433
708
709
710
711
712
713
714
715
716
717
718
719
720
721
722
723
724
725
726
727
728
729
730
731
732
733
734
735
736
737
738
739
740
741
742
743
744
745
746
747
748
749
750
751
752
753
754
755
756
757
758
759
760
761
762
763
764
765
766
767
768
769
770
771
772
773
774
775
776
777
778
779
780
781
782
783
784
785
786
787
788
789
790
791
792
793
794
795
796
797
798
799
800
801
802
803
804
805
806
807
808
809
810
811
812
813
814
815
816
817
818
819
820
821
822
823
824
825
826
827
828
829
830
831
832
833
834
835
836
837
838
839
840
841
842
843
844
845
846
847
848
849
850
851
852
853
854
855
856
857
858
859
860
861
862
863
864
865
866
867
868
869
870
871
872
873
874
875
876
877
878
879
880
881
882
883
884
885
886
887
888
889
890
891
892
893
894
895
896
897
898
899
900
901
902
903
904
905
906
907
908
909
910
911
912
913
914
915
916
917
918
919
920
921
922
923
924
925
926
927
928
929
930
931
932
933
934
935
936
937
938
939
940
941
942
943
944
945
946
947
948
949
950
951
952
953
954
955
956
957
958
959
960
961
962
963
964
965
966
967
968
969
970
971
972
973
974
975
976
977
978
979
980
981
982
983
984
985
986
987
988
989
990
991
992
993
994
995
996
997
998
999
1000
1001
1002
1003
1004
1005
1006
1007
1008
1009
1010
1011
1012
1013
1014
1015
1016
1017
1018
1019
1020
1021
1022
1023
1024
1025
1026
1027
1028
1029
1030
1031
1032
1033
1034
1035
1036
1037
1038
1039
1040
1041
1042
1043
1044
1045
1046
1047
1048
1049
1050
1051
1052
1053
1054
1055
1056
1057
1058
1059
1060
1061
1062
1063
1064
1065
1066
1067
1068
1069
1070
1071
1072
1073
1074
1075
1076
1077
1078
1079
1080
1081
1082
1083
1084
1085
1086
1087
1088
1089
1090
1091
1092
1093
1094
1095
1096
1097
1098
1099
1100
1101
1102
1103
1104
1105
1106
1107
1108
1109
1110
1111
1112
1113
1114
1115
1116
1117
1118
1119
1120
1121
1122
1123
1124
1125
1126
1127
1128
1129
1130
1131
1132
1133
1134
1135
1136
1137
1138
1139
1140
7.94459832554257 2.588884146093487 0
12.14802741214684 2.600889266621714 0
12.31615874206084 2.598210775129485 0
10.06263748284372 2.59929703685943 0
9.883617943240621 2.602866859529369 0
10.48119543781955 2.564125676192012 0
11.78799756391175 2.564383521212777 0
7.56101905178472 2.572384760351385 0
13.7639192874012 2.504410346627419 0
14.14456493852066 2.564174569829888 0
11.38636437114702 2.553765819423936 0
9.452038643991592 2.488030189727356 0
10.85215931062974 2.552858038693154 0
6.969859854379784 2.503839523508645 0
5.027581965110525 2.518099294618999 0
7.372924242400044 2.553704843905645 0
14.58633817381475 2.518067404712125 0
13.54095901540302 2.501106644591504 0
15.03549841635284 2.500368722781828 0
5.389027403348721 2.559047183584422 0
12.67035698436825 2.527415095414231 0
8.042490809361279 2.618748648332479 0
13.08267609379737 2.511937563427781 0
6.740999106244662 2.500655047203066 0
9.172131396837823 2.498850461178932 0
11.22696489373401 2.525160294553675 0
8.231462373643705 2.52818620512741 0
9.572738990263046 2.388375228650592 0
8.732909524807573 2.531585006329963 0
6.276870343656611 2.499889511055928 0
12.50688919144904 2.573543321757737 0
11.60283037344327 2.56689739951182 0
10.67100983442054 2.567699538297548 0
6.04243284177519 2.499246306468145 0
8.600180650351922 2.578598217777547 0
7.182685515745196 2.522382094015011 0
5.591899346958186 2.474283660091773 0
14.77864390148507 2.504055948476042 0
5.807421611071526 2.495588327729137 0
13.96842173891138 2.525345831478385 0
12.89191012525597 2.558448940950038 0
7.753595127412057 2.57913695706248 0
5.257283696778782 2.550809287488895 0
14.30399331966464 2.601733189307539 0
7.786193515824072 2.432716934531248 0
10.26314395781827 2.537353618622698 0
10.15242502695132 2.428311347942059 0
9.975831161238419 2.463778676656164 0
11.97345264185552 2.539440392364141 0
12.0362902398326 2.438734763638196 0
12.22330004274597 2.466972719572055 0
6.5093330644611 2.500090759712642 0
8.937774918519413 2.505072577707461 0
13.31414300044237 2.502184607255409 0
11.03684045962613 2.525679967678236 0
12.44432800048117 2.430307429640498 0
7.581669927980567 2.427074697278496 0
11.86777285030977 2.417501414047007 0
9.985371332904176 2.639059356819196 0
12.24494493679917 2.638733470331995 0
12.58994357546232 2.4202077397425 0
10.34598317522262 2.415811286976814 0
9.740341912701163 2.419829121756516 0
9.710907449590986 2.563086166018483 0
7.996376989731869 2.451169370034913 0
10.49171572469672 2.418864047940154 0
11.72916825471589 2.41904210227795 0
15.14212137157065 2.411749406751694 0
4.873040040048418 2.416182050528583 0
10.68553006243713 2.422434597976407 0
14.21014530393646 2.446122123130952 0
7.432091377096958 2.432639459038856 0
14.35657393190333 2.461120773559212 0
5.275588868958681 2.430914585524059 0
10.82801425075127 2.431265998599187 0
12.92465085039806 2.401100859060904 0
11.5343166216348 2.420912558339679 0
12.80904736222363 2.455376957432597 0
11.3751936662608 2.422175025330369 0
4.858478553700328 2.592867598216167 0
8.420128056621383 2.490821614405405 0
5.432064020966429 2.431018518410579 0
15.15181338633329 2.588434954670016 0
14.52527399766505 2.619462169807192 0
14.63447258124926 2.619462169807192 0
14.28711605590793 2.661295062104899 0
14.38410157059 2.661295062104899 0
13.35546192891769 2.390663836176576 0
13.19840954711987 2.507061085341595 0
13.11841487354544 2.395540314262762 0
13.23693840123157 2.393102075219669 0
14.59812752585263 2.398605234904934 0
14.81559399173754 2.391599506786892 0
14.68249103764991 2.511061676594084 0
14.70686075879509 2.395102370845913 0
14.04654210430144 2.402244448288064 0
13.86617051315629 2.514878089052902 0
13.82297727649661 2.391776705862581 0
13.93475969039902 2.397010577075322 0
6.318731141082051 2.389516288076835 0
6.159651592715901 2.499567908762037 0
6.08019878809159 2.389194685782944 0
6.199464964586819 2.389355486929889 0
8.862319449010954 2.392107821402601 0
8.835342221663494 2.518328792018712 0
8.638573150105284 2.405364035713852 0
8.750446299558121 2.398735928558227 0
6.556276103534045 2.389616912405192 0
6.393101704058855 2.499990135384285 0
6.437503622308048 2.389566600241013 0
13.65243915140211 2.502758495609462 0
13.59018353844777 2.390124854844623 0
13.70658040747218 2.390950780353602 0
5.612304836583586 2.376713362594757 0
5.841379570690007 2.38736569641344 0
5.699660479014856 2.484935993910455 0
5.726842203636797 2.382039529504099 0
5.924927226423358 2.497417317098642 0
5.960789179390797 2.388280191098191 0
7.256893135325344 2.400762579556377 0
7.07627268506249 2.513110808761828 0
7.029166702592888 2.391491294303194 0
7.143029918959116 2.396126936929785 0
8.113919681687786 2.489677787581161 0
8.027679678467932 2.365156217566327 0
8.2665359724736 2.403664635112576 0
8.147107825470766 2.384410426339452 0
13.49268120752715 2.610981789746881 0
13.70947207071553 2.612633640764839 0
13.60107663912134 2.61180771525586 0
6.855429480312223 2.502247285355856 0
6.793422726475576 2.389899056150404 0
6.911294714534232 2.390695175226799 0
11.00367463801207 2.402411516387989 0
11.22005045711576 2.402151679825708 0
11.13190267668007 2.525420131115955 0
11.11186254756391 2.402281598106849 0
9.543742291032023 2.333759146874167 0
9.51238881712732 2.438202709188974 0
9.362078515846544 2.383586627412549 0
9.452910403439283 2.358672887143358 0
9.581473046791288 2.525558177872919 0
9.719507748649244 2.641971550460371 0
9.481045390537455 2.604443562314807 0
9.600276569593349 2.623207556387589 0
8.419950320291896 2.605839274653832 0
8.216589523490967 2.624521570014834 0
8.325795215132544 2.509503909766407 0
8.318269921891432 2.615180422334333 0
6.689276809283829 2.610755991052662 0
6.914561776632564 2.612348229205452 0
6.801919292958195 2.611552110129057 0
7.381596066001225 2.355891262068299 0
7.402507809748501 2.49317215147225 0
7.277804879072621 2.538043468960328 0
7.329700472536922 2.446967365514313 0
14.16740388681399 2.362632594114347 0
14.17735512122856 2.50514834648042 0
14.05649333871602 2.544760200654137 0
14.111948612765 2.453696397384242 0
12.20347243982074 2.373057892334899 0
12.43530002073809 2.35472524736912 0
12.33381402161357 2.448640074606276 0
12.31938623027941 2.363891569852009 0
9.100811290219911 2.388996763138337 0
9.054953157678618 2.501961519443197 0
8.981565369615431 2.390552292270469 0
8.510154353486652 2.534709916091476 0
8.619004572469256 2.649727576339903 0
8.519477446380577 2.627783425496867 0
9.858086536969791 2.44180389920634 0
9.748857354300831 2.349486093427129 0
9.987915580619209 2.371460870876953 0
9.86838646746002 2.360473482152041 0
5.087518941560255 2.39862117985837 0
4.950311002579472 2.467140672573791 0
4.888934376979451 2.347662557813162 0
4.988226659269854 2.373141868835766 0
7.542705155178556 2.646620847626822 0
7.657307089598389 2.575760858706932 0
7.749847786273399 2.649996945982369 0
7.646276470725977 2.648308896804595 0
6.007429897205568 2.610051620685202 0
5.768591409460156 2.608222631315698 0
5.888010653332862 2.60913712600045 0
9.312085020414708 2.493440325453144 0
9.231444903033227 2.386291695275442 0
13.4275510079227 2.501645625923457 0
13.47282273368273 2.390394345510599 0
6.235503241427454 2.610373222979093 0
6.12146656931651 2.610212421832148 0
6.625166085352881 2.500372903457854 0
6.67484941500481 2.389757984277798 0
7.891285252777971 2.441943152283081 0
7.801274339464283 2.355929999814495 0
7.914477008966108 2.360543108690411 0
7.849096726477313 2.584010551577983 0
7.904739464733481 2.654870540497873 0
7.82729362550344 2.652433743240121 0
7.337803157205043 2.637280889403951 0
7.466971647092382 2.563044802128515 0
7.440254156191799 2.641950868515386 0
12.12979514128929 2.452853741605125 0
11.98865393631431 2.358938914367969 0
12.09606318806752 2.365998403351434 0
9.005857617177185 2.612964756304859 0
9.23206381164848 2.609853698040595 0
9.118960714412832 2.611409227172727 0
7.131829200596444 2.621619514458635 0
7.234816178900743 2.629450201931293 0
5.211522393484334 2.3550288253109 0
5.266436282868732 2.490861936506477 0
5.142432830944654 2.534454291053947 0
5.176977612214493 2.444741558182423 0
15.11864632883008 2.345446235924718 0
15.08880989396175 2.456059064766761 0
14.94402124917143 2.389755893939785 0
15.03133378900076 2.367601064932251 0
10.26751795505538 2.629105276762478 0
10.37216969781891 2.550739647407355 0
10.4769843645623 2.642491305547135 0
10.37225115980884 2.635798291154807 0
11.83347011415234 2.642620228057518 0
11.88072510288363 2.551911956788459 0
11.9902418360449 2.6301486636332 0
11.91185597509862 2.636384445845358 0
11.05612888398442 2.623268451290247 0
11.25163177054464 2.623008614727966 0
11.15388032726453 2.623138533009107 0
11.49459737229515 2.560331609467878 0
11.64044584941183 2.643877167207039 0
11.43177217875742 2.637311377163097 0
11.53610901408463 2.640594272185068 0
8.666545087579747 2.555091612053755 0
8.794396965009174 2.626220970616111 0
8.706700768739216 2.637974273478007 0
9.356554601092968 2.607148630177701 0
7.023195488614504 2.616983871832043 0
11.63174243817534 2.419977330308815 0
11.4950399231159 2.350027811718711 0
11.7137793417062 2.349092583687846 0
11.60440963241105 2.349560197703278 0
12.58862308790865 2.550479208585984 0
12.74144801044186 2.624136015158244 0
12.55440338679296 2.647200128329998 0
12.64792569861741 2.635668071744121 0
5.539497405009907 2.597570297497016 0
5.654044407235032 2.602896464406357 0
14.83982402866863 2.61245644168915 0
14.73714830495894 2.615959305748171 0
14.96825128610251 2.610612828842043 0
14.89192263892003 2.501106167814467 0
6.462589195110873 2.61047384730745 0
6.575933002197351 2.610614919180056 0
12.62942141027841 2.349675402420121 0
12.73897330365907 2.36726001126517 0
12.73970217329594 2.491396026423414 0
12.63015027991528 2.473811417578366 0
12.68456179178718 2.420535714421768 0
11.30666463244051 2.539463056988806 0
11.34170197465103 2.630159995945532 0
10.76158457252514 2.560278788495351 0
10.86334763997995 2.636857486797706 0
10.67233223236908 2.644278236599903 0
10.76783993617451 2.640567861698805 0
9.656540451482105 2.404102175203554 0
9.646299822666426 2.341622620150648 0
10.41884944995967 2.417337667458484 0
10.29430518966106 2.347477176037278 0
10.48848506644786 2.349003556518948 0
10.39139512805446 2.348240366278113 0
10.09929172949499 2.660076985880844 0
10.16289072033099 2.568325327741064 0
10.18340484227518 2.644591131321661 0
15.23995993087983 2.455874703375847 0
15.22822240950955 2.367508884236794 0
13.27396247285752 2.611520771078834 0
13.38332184019233 2.611251280412858 0
12.85222458088572 2.639652937926148 0
12.98729310952668 2.53519325218891 0
13.05291829234572 2.61639724916502 0
12.95257143661572 2.628025093545584 0
13.91703402365992 2.623101383190322 0
14.11041635065387 2.642515752366073 0
14.0137251871569 2.632808567778198 0
10.8400867806905 2.492062018646171 0
10.67826994842884 2.495067068136978 0
10.7567721565942 2.426850298287797 0
10.75917836455967 2.493564543391574 0
13.81325304718773 2.61786751197758 0
5.269077835763875 2.635833111195577 0
5.323155550063752 2.554928235536658 0
5.438061433205175 2.63995205924334 0
5.353569634484526 2.637892585219458 0
5.051115225773415 2.619478114760629 0
5.160096530768646 2.627655612978102 0
4.767620774929701 2.458091025264292 0
4.775567943395218 2.368617045181017 0
10.57610263612005 2.56591260724478 0
10.57465829846569 2.643384771073519 0
6.349046218269162 2.610423535143271 0
11.69541396867751 2.565640460362299 0
11.73695798178209 2.643248697632278 0
8.900127291093179 2.619592863460485 0
15.09365590134306 2.544401838725922 0
15.13560735467694 2.654645944786137 0
15.05192932038973 2.63262938681409 0
14.22427912909265 2.582953879568714 0
14.1987662032809 2.651905407235486 0
9.725624681146074 2.491457643887499 0
9.92972455223952 2.533322768092766 0
9.797262696415803 2.582976512773926 0
9.827674616692796 2.512390205990133 0
13.16344038260162 2.613959010121927 0
12.06074002700118 2.570164829492927 0
12.14157340411123 2.660873100761986 0
12.06590762007806 2.645510882197593 0
4.863451775911987 2.656862266559213 0
4.943030259405427 2.555483446417583 0
4.957283500842702 2.63817019065992 0
10.94449988512793 2.539269003185695 0
10.95973826198219 2.630062969043977 0
8.013075786037662 2.669802791617368 0
8.136976591502492 2.573467426729944 0
8.114832654764315 2.647162180816101 0
10.19752611552541 2.3537272065199 0
10.06412809409487 2.446045012299112 0
10.09272084807231 2.362594038698427 0
8.48218241601219 2.384982339751573 0
8.374359194242896 2.394323487432075 0
8.574363751795968 2.470036975902664 0
9.619006749136696 2.464830176538237 0
12.51713578797174 2.425257584691499 0
12.53236071550825 2.35220032489462 0
7.970487657637219 2.5200267580642 0
7.769894321618064 2.505926945796864 0
7.870190989627642 2.512976851930532 0
12.28055183943001 2.61847212273074 0
12.19648617447301 2.619811368476854 0
12.18566372744641 2.533930993096885 0
12.26972939240341 2.53259174735077 0
12.23310778343821 2.576201557913812 0
11.29416484337915 2.350659045214055 0
11.38077901870391 2.487970422377153 0
11.30041473790983 2.445061051101431 0
10.01923432204107 2.531537856757797 0
10.02400440787395 2.619178196839313 0
9.934494638072398 2.620963108174282 0
9.976864480056735 2.57625048246604 0
12.00487144084406 2.489087578001169 0
12.09526758414523 2.511509285549026 0
7.993544567451924 2.603816397212983 0
8.053732124569855 2.546747092397072 0
10.20778449238479 2.482832483282379 0
10.11350940721293 2.507185170020088 0
14.47145605285904 2.489594089135668 0
14.36193180284717 2.370131919328477 0
14.4800296643499 2.384368577116705 0
10.70670583736782 2.350788831537074 0
10.89926153357464 2.355204531848464 0
10.80298368547123 2.352996681692769 0
13.00366347209772 2.456519211244343 0
12.91808864979604 2.340121962079323 0
13.01825176167074 2.367831138171042 0
5.511981683962308 2.452651089251176 0
5.411073571537957 2.355080791754161 0
5.511689204060772 2.365897077174459 0
12.35372743490956 2.659533855015871 0
12.41152396675494 2.58587704844361 0
12.45406541085126 2.653366991672935 0
9.992685666452088 2.679958145860727 0
10.04598869797354 2.670017565870785 0
9.873835983547185 2.661861897215813 0
9.933260824999637 2.67091002153827 0
12.47560859596511 2.501925375699117 0
12.37266899418426 2.517258561524943 0
7.68393172190232 2.429895815904872 0
7.57769894349278 2.353108881188119 0
7.689486641478531 2.354519440501307 0
15.24480593826115 2.544217477335008 0
15.23670292243298 2.632537206118633 0
12.25407634935805 2.679795202617127 0
12.30390189213381 2.669664528816499 0
12.19782487673464 2.670334151689556 0
7.571344489882644 2.49972972881494 0
7.670619405750355 2.502828337305902 0
4.760340031755656 2.546433799108084 0
4.762826642861485 2.633645367005171 0
9.796671866098215 2.651916723838092 0
11.75858290931382 2.491712811745364 0
11.56857349753903 2.49390497892575 0
11.66357820342643 2.492808895335556 0
10.30456356652044 2.476582452799756 0
10.25104484102293 2.415154829659828 0
11.90439524155289 2.348322239572374 0
11.79847055251283 2.418271758162478 0
11.80908729162954 2.34870741163011 0
11.92061274608264 2.478470903205574 0
11.95463334119847 2.418704908786772 0
12.5528794379402 2.487868396638742 0
7.958907625385573 2.66233666605762 0
14.33028362578398 2.531426981433375 0
14.42777881172452 2.575444575620284 0
12.8504787437398 2.506912949191318 0
12.79596337709083 2.565524482174781 0
12.86684910631085 2.428238908246751 0
12.92707110791876 2.48171608021783 0
7.506880652538762 2.429857078158676 0
7.486926149815572 2.496450940143595 0
5.410545712157575 2.4950328509975 0
5.475021558583741 2.546301574247258 0
5.353826444962555 2.430966551967319 0
5.338490997513153 2.492947393751988 0
7.479647504747002 2.354500071628209 0
10.92188070935129 2.44723676751708 0
14.28335961791989 2.453621448345082 0
14.25381937350627 2.518287663956897 0
11.83959782769823 2.485091857475469 0
10.48645558125814 2.491494862066083 0
10.39550957388929 2.48403865743292 0
12.82853097672755 2.353690986672246 0
4.855325517167564 2.506787235840937 0
5.311297982511146 2.35505480853253 0
15.16680791611145 2.500138271050884 0
10.58862289356693 2.420649322958281 0
10.58236276484349 2.493280965101531 0
14.26466784483058 2.366382256721411 0
10.59759545190784 2.349896194028011 0
11.4547551439478 2.421543791835024 0
11.47467625812147 2.490937700651451 0
11.39460238324753 2.350343428466383 0
14.57771832800462 2.65326042483888 0
14.3461473111104 2.681149019704018 0
2 3 0 37
1141
1142
1143
1144
1145
1146
1147
1148
1149
1150
1151
1152
1153
1154
1155
1156
1157
1158
1159
1160
1161
1162
1163
1164
1165
1166
1167
1168
1169
1170
1171
1172
1173
1174
1175
1176
1177
5.801438610069681 3.089903710779799 0
5.572602574222666 3.036348771408285 0
5.573933088100913 2.919873800380723 0
5.673899541750203 3.060897999674408 0
5.86188146869564 2.924172701641401 0
5.709376167782318 2.901630780496207 0
5.530514275581272 2.886221063760685 0
5.530514275581272 2.82036536764149 0
5.530514275581272 2.952076759879878 0
5.917154210665792 2.888370514391024 0
5.917154210665792 2.82251481827183 0
5.917154210665792 2.954226210510217 0
5.580497502405916 3.154300251765109 0
5.737669075909942 3.075400855227103 0
5.765599908959234 3.168803107317805 0
5.673048705682575 3.161551679541457 0
5.57326783116179 2.978111285894504 0
5.529849018642147 3.076169941512854 0
5.530181647111709 3.014123350696366 0
5.886932781352813 3.102947411198611 0
5.83166003938266 3.0070382062106 0
5.902043496009303 3.028586810854414 0
5.641654627941616 2.910752290438465 0
5.69163785476626 2.981264390085308 0
5.623251057986434 3.048623385541346 0
5.632452842964025 2.979687837989906 0
5.785628818238979 2.912901741068804 0
5.761648947074461 2.994151298147954 0
5.719568687815553 2.811243857699233 0
5.625041481698412 2.815804612670362 0
5.818361449240673 2.816879337985531 0
5.86901343079759 3.175324957527211 0
5.555173260524032 3.115235096638981 0
5.516041338074723 2.831099687474542 0
5.516041338074723 2.918907282300135 0
5.935578457989177 2.832532654561435 0
5.935578457989177 2.920340249387027 0
2 4 0 25
1178
1179
1180
1181
1182
1183
1184
1185
1186
1187
1188
1189
1190
1191
1192
1193
1194
1195
1196
1197
1198
1199
1200
1201
1202
7.864880603924395 2.943077900844754 0
7.864880603924394 3.059019274379967 0
7.864880603924394 2.851290980129375 0
7.864880603924394 3.150806195095345 0
7.864880603924394 2.786073957515816 0
7.805490524529567 2.856121870693342 0
7.805490524529567 2.7884894027978 0
7.805490524529567 3.145975304531377 0
7.864880603924394 3.216023217708902 0
7.805490524529567 3.213607772426919 0
7.805490524529568 2.972063244228556 0
7.924270683319221 2.972063244228556 0
7.924270683319221 3.030033930996163 0
7.805490524529568 3.030033930996163 0
7.864880603924394 3.00104858761236 0
7.924270683319221 3.145975304531377 0
7.864880603924394 3.104912734737656 0
7.924270683319221 3.08800461776377 0
7.864880603924394 2.897184440487064 0
7.924270683319221 2.856121870693342 0
7.924270683319221 2.914092557460949 0
7.805490524529568 2.914092557460949 0
7.805490524529568 3.08800461776377 0
7.924270683319221 2.7884894027978 0
7.924270683319221 3.213607772426919 0
2 5 0 69
1203
1204
1205
1206
1207
1208
1209
1210
1211
1212
1213
1214
1215
1216
1217
1218
1219
1220
1221
1222
1223
1224
1225
1226
1227
1228
1229
1230
1231
1232
1233
1234
1235
1236
1237
1238
1239
1240
1241
1242
1243
1244
1245
1246
1247
1248
1249
1250
1251
1252
1253
1254
1255
1256
1257
1258
1259
1260
1261
1262
1263
1264
1265
1266
1267
1268
1269
1270
1271
10.16205209348013 3.057205049339208 0
9.833121747339856 2.930586779099313 0
9.9264159013181 3.151726518412454 0
10.03280251223404 2.862176325472403 0
9.830836326688676 3.066040312653806 0
9.936598615869411 3.026897523257351 0
10.16198999354584 2.942396030185883 0
9.923831008709623 2.889029819442727 0
10.03325273083505 3.147120054007829 0
10.0719409191125 3.006880405756959 0
9.803401639068774 2.846974071013195 0
10.15183419474626 3.145504927090335 0
9.833958024551373 3.155533059194912 0
10.15174880835019 2.850787109791626 0
9.978316760471831 2.875603072457565 0
10.05237171567327 2.934528365614681 0
10.00426976749095 3.016888964507155 0
9.930214812289517 2.957963671350039 0
9.991293263981392 2.94624601848236 0
9.931507258593756 3.089312020834902 0
10.05259682497377 3.077000229882394 0
9.979834316076573 3.149423286210141 0
9.992052041783763 3.083156125358648 0
9.883717471279043 3.046468917955579 0
9.831979037014266 2.99831354587656 0
9.87847637802474 2.90980829927102 0
9.881096924651892 2.978138608613299 0
9.780614897523678 2.962577272523846 0
9.779472187198088 3.098731747062623 0
9.780043542360884 3.030654509793234 0
10.01640125611702 2.79151663018733 0
9.893942516281687 2.804943377172493 0
9.955171886199354 2.798230003679912 0
9.895234962585926 3.210002557703477 0
10.01662636541752 3.207699325501164 0
9.955930664001725 3.208850941602321 0
9.833727831461262 2.783915502957726 0
9.765754843388137 2.852343210719257 0
9.780917939584381 2.786600072810757 0
10.14389008544626 3.206891762042417 0
10.21186307351938 3.138464054280887 0
10.20789101886938 3.203371325637693 0
10.21182038032135 2.854249730108472 0
10.14384739224822 2.785822022346942 0
10.20786967227036 2.787553332505365 0
9.832397175620024 3.110786685924359 0
9.781033036129436 3.211905828094705 0
9.780252611663762 3.155318787578664 0
10.21694097291917 2.968481898067131 0
10.15686940094802 2.896591569988754 0
10.21438067662026 2.911365814087802 0
10.09254346279065 3.146312490549082 0
10.08025822543189 3.207295543771791 0
9.818261693204315 2.888780425056254 0
9.773184870455909 2.907460241621551 0
10.1569431441132 3.101354988214772 0
10.21697202288632 3.025886407643794 0
10.21441754820285 3.08217523096234 0
9.880186962934737 3.153629788803683 0
9.83813399935768 3.210954192899091 0
10.09227566029212 2.856481717632014 0
10.08012432418262 2.788669326267136 0
9.881952217106889 3.100049353379631 0
10.11696545632917 2.974638217971421 0
10.10462055831064 2.915559967801718 0
9.856102104743002 2.846861901114373 0
10.11699650629632 3.032042727548084 0
10.10476998454348 3.089177609048583 0
10.16696873960774 3.000262312807607 0
2 6 0 73
1272
1273
1274
1275
1276
1277
1278
1279
1280
1281
1282
1283
1284
1285
1286
1287
1288
1289
1290
1291
1292
1293
1294
1295
1296
1297
1298
1299
1300
1301
1302
1303
1304
1305
1306
1307
1308
1309
1310
1311
1312
1313
1314
1315
1316
1317
1318
1319
1320
1321
1322
1323
1324
1325
1326
1327
1328
1329
1330
1331
1332
1333
1334
1335
1336
1337
1338
1339
1340
1341
1342
1343
1344
12.04549598974676 3.139501408381282 0
12.22474277190057 2.951440236641832 0
12.18281595273785 3.271463312225047 0
12.0874228152966 2.819478339859942 0
12.04549599097854 2.951440237975023 0
12.22474277327623 3.139501409930988 0
12.08742281649227 3.271463313745675 0
12.18281595371349 2.819478340739999 0
12.13511938091998 3.045470822618042 0
12.13511938266894 3.212954666503353 0
12.13511938257037 2.87798698249121 0
12.00549242484416 3.248020791125841 0
12.26474635445558 2.842920873414531 0
12.26474635454868 3.248020791126478 0
12.0054924248361 2.842920873507925 0
12.02549420790732 2.897180555741474 0
11.96221932768574 2.998455538674889 0
11.94221754461452 2.863042380323216 0
11.95221843615013 2.930748959499053 0
12.32802124115348 3.227899291368741 0
12.24474456391246 3.193761100528734 0
12.30801945051725 3.092486124652872 0
12.31802034583536 3.160192708010807 0
12.09030768594926 2.998455530296532 0
12.09030768533337 3.092486115499662 0
11.96221932706985 3.092486123878019 0
12.02626350650956 3.045470827087275 0
12.02549420729546 3.193761099753561 0
11.94221754461855 3.227899291368423 0
11.9522184358442 3.160192707623221 0
12.1799310770981 3.092486116274515 0
12.17993107641027 2.998455529629937 0
12.30801944982942 2.998455538008294 0
12.24397526346376 3.045470827141405 0
12.24474456317807 2.897180555028182 0
12.32802124110693 2.863042380276519 0
12.31802034546817 2.930748959142407 0
12.22378115364327 3.259742051675763 0
12.1589676677034 3.2422089893642 0
12.17993107797258 3.176228038217171 0
12.20185611580793 3.217985044946467 0
12.04645762006635 2.831199606683934 0
12.11127109893349 2.848732661175576 0
12.09030768677446 2.914713610233116 0
12.06838265342041 2.872956608458525 0
12.00626172753922 3.309052767486547 0
11.94260219596608 3.298992017607838 0
12.26397705818626 2.781888904158395 0
12.32763659297227 2.791949657589389 0
12.26397705823281 3.309052767486866 0
12.32763659299554 3.298992017607997 0
12.1112711056861 2.7701676373811 0
12.00626172753519 2.781888904205092 0
12.05876641661065 2.776028270793096 0
12.09030768620785 3.176228037442317 0
12.1112710995806 3.242208990124514 0
12.04645762066821 3.259742052435758 0
12.06838265343803 3.217985044939038 0
12.17993107723547 2.914713609566521 0
12.15896766814193 2.848732661615605 0
12.22378115408453 2.831199607077265 0
12.20185611566 2.872956608321893 0
11.94260219596407 2.791949657612737 0
12.13511938165298 3.134357076858416 0
12.11127110628394 3.320774028796464 0
12.15896767440673 3.32077402803615 0
12.13511938699367 3.281491509080332 0
12.13511938159237 2.956584569931527 0
12.15896767489455 2.770167637821129 0
12.13511938691402 2.809450149498352 0
12.05876641691158 3.314913398141506 0
12.2114723665404 2.776028270989762 0
12.21147236631977 3.314913397761508 0
2 7 0 41
1345
1346
1347
1348
1349
1350
1351
1352
1353
1354
1355
1356
1357
1358
1359
1360
1361
1362
1363
1364
1365
1366
1367
1368
1369
1370
1371
1372
1373
1374
1375
1376
1377
1378
1379
1380
1381
1382
1383
1384
1385
14.33453393267916 2.940716058169102 0
14.20610737254665 3.122881530244673 0
14.33451968699958 3.075056683067038 0
14.20615058422838 2.988575482662257 0
14.32910203946956 2.844270687410086 0
14.211574026017 3.219368393534726 0
14.21191579264849 2.84478940048392 0
14.32919484667256 3.219368321244572 0
14.27031352977311 3.098969106655855 0
14.20612897838751 3.055728506453465 0
14.27034225845377 2.964645770415679 0
14.33452680983937 3.00788637061807 0
14.27032789411344 3.031807438535767 0
14.33185726683607 3.147212502155805 0
14.27038443634478 3.219368357389649 0
14.20884069928182 3.171124961889699 0
14.27034898305895 3.159168732022752 0
14.20903318843843 2.916682441573088 0
14.27050891605903 2.844530043947003 0
14.33181798607436 2.892493372789594 0
14.2704255872564 2.904587907181341 0
14.14120917350772 3.010138301732578 0
14.14118756766686 3.155002371998947 0
14.14119837058729 3.082570336865763 0
14.39936475425747 3.053378901934969 0
14.39937187709726 2.90849754301084 0
14.39936831567736 2.980938222472905 0
14.24107729239985 2.782823167693089 0
14.14409177771778 2.86053421416825 0
14.15867252759346 2.790695574535254 0
14.29971681941189 3.280956813974057 0
14.39670233409396 3.203245767498897 0
14.38196332046362 3.27289553710122 0
14.39665593049246 2.782563811156173 0
14.39801390379486 2.845530677083506 0
14.14392089440203 3.280956850119134 0
14.14255423103445 3.217979611059041 0
14.39803354417571 3.128312334716933 0
14.14265047561275 2.935336257950414 0
14.22181885690696 3.280956832046596 0
14.31886661144616 2.782693489424631 0
2 8 0 8366
1386
1387
1388
1389
1390
1391
1392
1393
1394
1395
1396
1397
1398
1399
1400
1401
1402
1403
1404
1405
1406
1407
1408
1409
1410
1411
1412
1413
1414
1415
1416
1417
1418
1419
1420
1421
1422
1423
1424
1425
1426
1427
1428
1429
1430
1431
1432
1433
1434
1435
1436
1437
1438
1439
1440
1441
1442
1443
1444
1445
1446
1447
1448
1449
1450
1451
1452
1453
1454
1455
1456
1457
1458
1459
1460
1461
1462
1463
1464
1465
1466
1467
1468
1469
1470
1471
1472
1473
1474
1475
1476
1477
1478
1479
1480
1481
1482
1483
1484
1485
1486
1487
1488
1489
1490
1491
1492
1493
1494
1495
1496
1497
1498
1499
1500
1501
1502
1503
1504
1505
1506
1507
1508
1509
1510
1511
1512
1513
1514
1515
1516
1517
1518
1519
1520
1521
1522
1523
1524
1525
1526
1527
1528
1529
1530
1531
1532
1533
1534
1535
1536
1537
1538
1539
1540
1541
1542
1543
1544
1545
1546
1547
1548
1549
1550
1551
1552
1553
1554
1555
1556
1557
1558
1559
1560
1561
1562
1563
1564
1565
1566
1567
1568
1569
1570
1571
1572
1573
1574
1575
1576
1577
1578
1579
1580
1581
1582
1583
1584
1585
1586
1587
1588
1589
1590
1591
1592
1593
1594
1595
1596
1597
1598
1599
1600
1601
1602
1603
1604
1605
1606
1607
1608
1609
1610
1611
1612
1613
1614
1615
1616
1617
1618
1619
1620
1621
1622
1623
1624
1625
1626
1627
1628
1629
1630
1631
1632
1633
1634
1635
1636
1637
1638
1639
1640
1641
1642
1643
1644
1645
1646
1647
1648
1649
1650
1651
1652
1653
1654
1655
1656
1657
1658
1659
1660
1661
1662
1663
1664
1665
1666
1667
1668
1669
1670
1671
1672
1673
1674
1675
1676
1677
1678
1679
1680
1681
1682
1683
1684
1685
1686
1687
1688
1689
1690
1691
1692
1693
1694
1695
1696
1697
1698
1699
1700
1701
1702
1703
1704
1705
1706
1707
1708
1709
1710
1711
1712
1713
1714
1715
1716
1717
1718
1719
1720
1721
1722
1723
1724
1725
1726
1727
1728
1729
1730
1731
1732
1733
1734
1735
1736
1737
1738
1739
1740
1741
1742
1743
1744
1745
1746
1747
1748
1749
1750
1751
1752
1753
1754
1755
1756
1757
1758
1759
1760
1761
1762
1763
1764
1765
1766
1767
1768
1769
1770
1771
1772
1773
1774
1775
1776
1777
1778
1779
1780
1781
1782
1783
1784
1785
1786
1787
1788
1789
1790
1791
1792
1793
1794
1795
1796
1797
1798
1799
1800
1801
1802
1803
1804
1805
1806
1807
1808
1809
1810
1811
1812
1813
1814
1815
1816
1817
1818
1819
1820
1821
1822
1823
1824
1825
1826
1827
1828
1829
1830
1831
1832
1833
1834
1835
1836
1837
1838
1839
1840
1841
1842
1843
1844
1845
1846
1847
1848
1849
1850
1851
1852
1853
1854
1855
1856
1857
1858
1859
1860
1861
1862
1863
1864
1865
1866
1867
1868
1869
1870
1871
1872
1873
1874
1875
1876
1877
1878
1879
1880
1881
1882
1883
1884
1885
1886
1887
1888
1889
1890
1891
1892
1893
1894
1895
1896
1897
1898
1899
1900
1901
1902
1903
1904
1905
1906
1907
1908
1909
1910
1911
1912
1913
1914
1915
1916
1917
1918
1919
1920
1921
1922
1923
1924
1925
1926
1927
1928
1929
1930
1931
1932
1933
1934
1935
1936
1937
1938
1939
1940
1941
1942
1943
1944
1945
1946
1947
1948
1949
1950
1951
1952
1953
1954
1955
1956
1957
1958
1959
1960
1961
1962
1963
1964
1965
1966
1967
1968
1969
1970
1971
1972
1973
1974
1975
1976
1977
1978
1979
1980
1981
1982
1983
1984
1985
1986
1987
1988
1989
1990
1991
1992
1993
1994
1995
1996
1997
1998
1999
2000
2001
2002
2003
2004
2005
2006
2007
2008
2009
2010
2011
2012
2013
2014
2015
2016
2017
2018
2019
2020
2021
2022
2023
2024
2025
2026
2027
2028
2029
2030
2031
2032
2033
2034
2035
2036
2037
2038
2039
2040
2041
2042
2043
2044
2045
2046
2047
2048
2049
2050
2051
2052
2053
2054
2055
2056
2057
2058
2059
2060
2061
2062
2063
2064
2065
2066
2067
2068
2069
2070
2071
2072
2073
2074
2075
2076
2077
2078
2079
2080
2081
2082
2083
2084
2085
2086
2087
2088
2089
2090
2091
2092
2093
2094
2095
2096
2097
2098
2099
2100
2101
2102
2103
2104
2105
2106
2107
2108
2109
2110
2111
2112
2113
2114
2115
2116
2117
2118
2119
2120
2121
2122
2123
2124
2125
2126
2127
2128
2129
2130
2131
2132
2133
2134
2135
2136
2137
2138
2139
2140
2141
2142
2143
2144
2145
2146
2147
2148
2149
2150
2151
2152
2153
2154
2155
2156
2157
2158
2159
2160
2161
2162
2163
2164
2165
2166
2167
2168
2169
2170
2171
2172
2173
2174
2175
2176
2177
2178
2179
2180
2181
2182
2183
2184
2185
2186
2187
2188
2189
2190
2191
2192
2193
2194
2195
2196
2197
2198
2199
2200
2201
2202
2203
2204
2205
2206
2207
2208
2209
2210
2211
2212
2213
2214
2215
2216
2217
2218
2219
2220
2221
2222
2223
2224
2225
2226
2227
2228
2229
2230
2231
2232
2233
2234
2235
2236
2237
2238
2239
2240
2241
2242
2243
2244
2245
2246
2247
2248
2249
2250
2251
2252
2253
2254
2255
2256
2257
2258
2259
2260
2261
2262
2263
2264
2265
2266
2267
2268
2269
2270
2271
2272
2273
2274
2275
2276
2277
2278
2279
2280
2281
2282
2283
2284
2285
2286
2287
2288
2289
2290
2291
2292
2293
2294
2295
2296
2297
2298
2299
2300
2301
2302
2303
2304
2305
2306
2307
2308
2309
2310
2311
2312
2313
2314
2315
2316
2317
2318
2319
2320
2321
2322
2323
2324
2325
2326
2327
2328
2329
2330
2331
2332
2333
2334
2335
2336
2337
2338
2339
2340
2341
2342
2343
2344
2345
2346
2347
2348
2349
2350
2351
2352
2353
2354
2355
2356
2357
2358
2359
2360
2361
2362
2363
2364
2365
2366
2367
2368
2369
2370
2371
2372
2373
2374
2375
2376
2377
2378
2379
2380
2381
2382
2383
2384
2385
2386
2387
2388
2389
2390
2391
2392
2393
2394
2395
2396
2397
2398
2399
2400
2401
2402
2403
2404
2405
2406
2407
2408
2409
2410
2411
2412
2413
2414
2415
2416
2417
2418
2419
2420
2421
2422
2423
2424
2425
2426
2427
2428
2429
2430
2431
2432
2433
2434
2435
2436
2437
2438
2439
2440
2441
2442
2443
2444
2445
2446
2447
2448
2449
2450
2451
2452
2453
2454
2455
2456
2457
2458
2459
2460
2461
2462
2463
2464
2465
2466
2467
2468
2469
2470
2471
2472
2473
2474
2475
2476
2477
2478
2479
2480
2481
2482
2483
2484
2485
2486
2487
2488
2489
2490
2491
2492
2493
2494
2495
2496
2497
2498
2499
2500
2501
2502
2503
2504
2505
2506
2507
2508
2509
2510
2511
2512
2513
2514
2515
2516
2517
2518
2519
2520
2521
2522
2523
2524
2525
2526
2527
2528
2529
2530
2531
2532
2533
2534
2535
2536
2537
2538
2539
2540
2541
2542
2543
2544
2545
2546
2547
2548
2549
2550
2551
2552
2553
2554
2555
2556
2557
2558
2559
2560
2561
2562
2563
2564
2565
2566
2567
2568
2569
2570
2571
2572
2573
2574
2575
2576
2577
2578
2579
2580
2581
2582
2583
2584
2585
2586
2587
2588
2589
2590
2591
2592
2593
2594
2595
2596
2597
2598
2599
2600
2601
2602
2603
2604
2605
2606
2607
2608
2609
2610
2611
2612
2613
2614
2615
2616
2617
2618
2619
2620
2621
2622
2623
2624
2625
2626
2627
2628
2629
2630
2631
2632
2633
2634
2635
2636
2637
2638
2639
2640
2641
2642
2643
2644
2645
2646
2647
2648
2649
2650
2651
2652
2653
2654
2655
2656
2657
2658
2659
2660
2661
2662
2663
2664
2665
2666
2667
2668
2669
2670
2671
2672
2673
2674
2675
2676
2677
2678
2679
2680
2681
2682
2683
2684
2685
2686
2687
2688
2689
2690
2691
2692
2693
2694
2695
2696
2697
2698
2699
2700
2701
2702
2703
2704
2705
2706
2707
2708
2709
2710
2711
2712
2713
2714
2715
2716
2717
2718
2719
2720
2721
2722
2723
2724
2725
2726
2727
2728
2729
2730
2731
2732
2733
2734
2735
2736
2737
2738
2739
2740
2741
2742
2743
2744
2745
2746
2747
2748
2749
2750
2751
2752
2753
2754
2755
2756
2757
2758
2759
2760
2761
2762
2763
2764
2765
2766
2767
2768
2769
2770
2771
2772
2773
2774
2775
2776
2777
2778
2779
2780
2781
2782
2783
2784
2785
2786
2787
2788
2789
2790
2791
2792
2793
2794
2795
2796
2797
2798
2799
2800
2801
2802
2803
2804
2805
2806
2807
2808
2809
2810
2811
2812
2813
2814
2815
2816
2817
2818
2819
2820
2821
2822
2823
2824
2825
2826
2827
2828
2829
2830
2831
2832
2833
2834
2835
2836
2837
2838
2839
2840
2841
2842
2843
2844
2845
2846
2847
2848
2849
2850
2851
2852
2853
2854
2855
2856
2857
2858
2859
2860
2861
2862
2863
2864
2865
2866
2867
2868
2869
2870
2871
2872
2873
2874
2875
2876
2877
2878
2879
2880
2881
2882
2883
2884
2885
2886
2887
2888
2889
2890
2891
2892
2893
2894
2895
2896
2897
2898
2899
2900
2901
2902
2903
2904
2905
2906
2907
2908
2909
2910
2911
2912
2913
2914
2915
2916
2917
2918
2919
2920
2921
2922
2923
2924
2925
2926
2927
2928
2929
2930
2931
2932
2933
2934
2935
2936
2937
2938
2939
2940
2941
2942
2943
2944
2945
2946
2947
2948
2949
2950
2951
2952
2953
2954
2955
2956
2957
2958
2959
2960
2961
2962
2963
2964
2965
2966
2967
2968
2969
2970
2971
2972
2973
2974
2975
2976
2977
2978
2979
2980
2981
2982
2983
2984
2985
2986
2987
2988
2989
2990
2991
2992
2993
2994
2995
2996
2997
2998
2999
3000
3001
3002
3003
3004
3005
3006
3007
3008
3009
3010
3011
3012
3013
3014
3015
3016
3017
3018
3019
3020
3021
3022
3023
3024
3025
3026
3027
3028
3029
3030
3031
3032
3033
3034
3035
3036
3037
3038
3039
3040
3041
3042
3043
3044
3045
3046
3047
3048
3049
3050
3051
3052
3053
3054
3055
3056
3057
3058
3059
3060
3061
3062
3063
3064
3065
3066
3067
3068
3069
3070
3071
3072
3073
3074
3075
3076
3077
3078
3079
3080
3081
3082
3083
3084
3085
3086
3087
3088
3089
3090
3091
3092
3093
3094
3095
3096
3097
3098
3099
3100
3101
3102
3103
3104
3105
3106
3107
3108
3109
3110
3111
3112
3113
3114
3115
3116
3117
3118
3119
3120
3121
3122
3123
3124
3125
3126
3127
3128
3129
3130
3131
3132
3133
3134
3135
3136
3137
3138
3139
3140
3141
3142
3143
3144
3145
3146
3147
3148
3149
3150
3151
3152
3153
3154
3155
3156
3157
3158
3159
3160
3161
3162
3163
3164
3165
3166
3167
3168
3169
3170
3171
3172
3173
3174
3175
3176
3177
3178
3179
3180
3181
3182
3183
3184
3185
3186
3187
3188
3189
3190
3191
3192
3193
3194
3195
3196
3197
3198
3199
3200
3201
3202
3203
3204
3205
3206
3207
3208
3209
3210
3211
3212
3213
3214
3215
3216
3217
3218
3219
3220
3221
3222
3223
3224
3225
3226
3227
3228
3229
3230
3231
3232
3233
3234
3235
3236
3237
3238
3239
3240
3241
3242
3243
3244
3245
3246
3247
3248
3249
3250
3251
3252
3253
3254
3255
3256
3257
3258
3259
3260
3261
3262
3263
3264
3265
3266
3267
3268
3269
3270
3271
3272
3273
3274
3275
3276
3277
3278
3279
3280
3281
3282
3283
3284
3285
3286
3287
3288
3289
3290
3291
3292
3293
3294
3295
3296
3297
3298
3299
3300
3301
3302
3303
3304
3305
3306
3307
3308
3309
3310
3311
3312
3313
3314
3315
3316
3317
3318
3319
3320
3321
3322
3323
3324
3325
3326
3327
3328
3329
3330
3331
3332
3333
3334
3335
3336
3337
3338
3339
3340
3341
3342
3343
3344
3345
3346
3347
3348
3349
3350
3351
3352
3353
3354
3355
3356
3357
3358
3359
3360
3361
3362
3363
3364
3365
3366
3367
3368
3369
3370
3371
3372
3373
3374
3375
3376
3377
3378
3379
3380
3381
3382
3383
3384
3385
3386
3387
3388
3389
3390
3391
3392
3393
3394
3395
3396
3397
3398
3399
3400
3401
3402
3403
3404
3405
3406
3407
3408
3409
3410
3411
3412
3413
3414
3415
3416
3417
3418
3419
3420
3421
3422
3423
3424
3425
3426
3427
3428
3429
3430
3431
3432
3433
3434
3435
3436
3437
3438
3439
3440
3441
3442
3443
3444
3445
3446
3447
3448
3449
3450
3451
3452
3453
3454
3455
3456
3457
3458
3459
3460
3461
3462
3463
3464
3465
3466
3467
3468
3469
3470
3471
3472
3473
3474
3475
3476
3477
3478
3479
3480
3481
3482
3483
3484
3485
3486
3487
3488
3489
3490
3491
3492
3493
3494
3495
3496
3497
3498
3499
3500
3501
3502
3503
3504
3505
3506
3507
3508
3509
3510
3511
3512
3513
3514
3515
3516
3517
3518
3519
3520
3521
3522
3523
3524
3525
3526
3527
3528
3529
3530
3531
3532
3533
3534
3535
3536
3537
3538
3539
3540
3541
3542
3543
3544
3545
3546
3547
3548
3549
3550
3551
3552
3553
3554
3555
3556
3557
3558
3559
3560
3561
3562
3563
3564
3565
3566
3567
3568
3569
3570
3571
3572
3573
3574
3575
3576
3577
3578
3579
3580
3581
3582
3583
3584
3585
3586
3587
3588
3589
3590
3591
3592
3593
3594
3595
3596
3597
3598
3599
3600
3601
3602
3603
3604
3605
3606
3607
3608
3609
3610
3611
3612
3613
3614
3615
3616
3617
3618
3619
3620
3621
3622
3623
3624
3625
3626
3627
3628
3629
3630
3631
3632
3633
3634
3635
3636
3637
3638
3639
3640
3641
3642
3643
3644
3645
3646
3647
3648
3649
3650
3651
3652
3653
3654
3655
3656
3657
3658
3659
3660
3661
3662
3663
3664
3665
3666
3667
3668
3669
3670
3671
3672
3673
3674
3675
3676
3677
3678
3679
3680
3681
3682
3683
3684
3685
3686
3687
3688
3689
3690
3691
3692
3693
3694
3695
3696
3697
3698
3699
3700
3701
3702
3703
3704
3705
3706
3707
3708
3709
3710
3711
3712
3713
3714
3715
3716
3717
3718
3719
3720
3721
3722
3723
3724
3725
3726
3727
3728
3729
3730
3731
3732
3733
3734
3735
3736
3737
3738
3739
3740
3741
3742
3743
3744
3745
3746
3747
3748
3749
3750
3751
3752
3753
3754
3755
3756
3757
3758
3759
3760
3761
3762
3763
3764
3765
3766
3767
3768
3769
3770
3771
3772
3773
3774
3775
3776
3777
3778
3779
3780
3781
3782
3783
3784
3785
3786
3787
3788
3789
3790
3791
3792
3793
3794
3795
3796
3797
3798
3799
3800
3801
3802
3803
3804
3805
3806
3807
3808
3809
3810
3811
3812
3813
3814
3815
3816
3817
3818
3819
3820
3821
3822
3823
3824
3825
3826
3827
3828
3829
3830
3831
3832
3833
3834
3835
3836
3837
3838
3839
3840
3841
3842
3843
3844
3845
3846
3847
3848
3849
3850
3851
3852
3853
3854
3855
3856
3857
3858
3859
3860
3861
3862
3863
3864
3865
3866
3867
3868
3869
3870
3871
3872
3873
3874
3875
3876
3877
3878
3879
3880
3881
3882
3883
3884
3885
3886
3887
3888
3889
3890
3891
3892
3893
3894
3895
3896
3897
3898
3899
3900
3901
3902
3903
3904
3905
3906
3907
3908
3909
3910
3911
3912
3913
3914
3915
3916
3917
3918
3919
3920
3921
3922
3923
3924
3925
3926
3927
3928
3929
3930
3931
3932
3933
3934
3935
3936
3937
3938
3939
3940
3941
3942
3943
3944
3945
3946
3947
3948
3949
3950
3951
3952
3953
3954
3955
3956
3957
3958
3959
3960
3961
3962
3963
3964
3965
3966
3967
3968
3969
3970
3971
3972
3973
3974
3975
3976
3977
3978
3979
3980
3981
3982
3983
3984
3985
3986
3987
3988
3989
3990
3991
3992
3993
3994
3995
3996
3997
3998
3999
4000
4001
4002
4003
4004
4005
4006
4007
4008
4009
4010
4011
4012
4013
4014
4015
4016
4017
4018
4019
4020
4021
4022
4023
4024
4025
4026
4027
4028
4029
4030
4031
4032
4033
4034
4035
4036
4037
4038
4039
4040
4041
4042
4043
4044
4045
4046
4047
4048
4049
4050
4051
4052
4053
4054
4055
4056
4057
4058
4059
4060
4061
4062
4063
4064
4065
4066
4067
4068
4069
4070
4071
4072
4073
4074
4075
4076
4077
4078
4079
4080
4081
4082
4083
4084
4085
4086
4087
4088
4089
4090
4091
4092
4093
4094
4095
4096
4097
4098
4099
4100
4101
4102
4103
4104
4105
4106
4107
4108
4109
4110
4111
4112
4113
4114
4115
4116
4117
4118
4119
4120
4121
4122
4123
4124
4125
4126
4127
4128
4129
4130
4131
4132
4133
4134
4135
4136
4137
4138
4139
4140
4141
4142
4143
4144
4145
4146
4147
4148
4149
4150
4151
4152
4153
4154
4155
4156
4157
4158
4159
4160
4161
4162
4163
4164
4165
4166
4167
4168
4169
4170
4171
4172
4173
4174
4175
4176
4177
4178
4179
4180
4181
4182
4183
4184
4185
4186
4187
4188
4189
4190
4191
4192
4193
4194
4195
4196
4197
4198
4199
4200
4201
4202
4203
4204
4205
4206
4207
4208
4209
4210
4211
4212
4213
4214
4215
4216
4217
4218
4219
4220
4221
4222
4223
4224
4225
4226
4227
4228
4229
4230
4231
4232
4233
4234
4235
4236
4237
4238
4239
4240
4241
4242
4243
4244
4245
4246
4247
4248
4249
4250
4251
4252
4253
4254
4255
4256
4257
4258
4259
4260
4261
4262
4263
4264
4265
4266
4267
4268
4269
4270
4271
4272
4273
4274
4275
4276
4277
4278
4279
4280
4281
4282
4283
4284
4285
4286
4287
4288
4289
4290
4291
4292
4293
4294
4295
4296
4297
4298
4299
4300
4301
4302
4303
4304
4305
4306
4307
4308
4309
4310
4311
4312
4313
4314
4315
4316
4317
4318
4319
4320
4321
4322
4323
4324
4325
4326
4327
4328
4329
4330
4331
4332
4333
4334
4335
4336
4337
4338
4339
4340
4341
4342
4343
4344
4345
4346
4347
4348
4349
4350
4351
4352
4353
4354
4355
4356
4357
4358
4359
4360
4361
4362
4363
4364
4365
4366
4367
4368
4369
4370
4371
4372
4373
4374
4375
4376
4377
4378
4379
4380
4381
4382
4383
4384
4385
4386
4387
4388
4389
4390
4391
4392
4393
4394
4395
4396
4397
4398
4399
4400
4401
4402
4403
4404
4405
4406
4407
4408
4409
4410
4411
4412
4413
4414
4415
4416
4417
4418
4419
4420
4421
4422
4423
4424
4425
4426
4427
4428
4429
4430
4431
4432
4433
4434
4435
4436
4437
4438
4439
4440
4441
4442
4443
4444
4445
4446
4447
4448
4449
4450
4451
4452
4453
4454
4455
4456
4457
4458
4459
4460
4461
4462
4463
4464
4465
4466
4467
4468
4469
4470
4471
4472
4473
4474
4475
4476
4477
4478
4479
4480
4481
4482
4483
4484
4485
4486
4487
4488
4489
4490
4491
4492
4493
4494
4495
4496
4497
4498
4499
4500
4501
4502
4503
4504
4505
4506
4507
4508
4509
4510
4511
4512
4513
4514
4515
4516
4517
4518
4519
4520
4521
4522
4523
4524
4525
4526
4527
4528
4529
4530
4531
4532
4533
4534
4535
4536
4537
4538
4539
4540
4541
4542
4543
4544
4545
4546
4547
4548
4549
4550
4551
4552
4553
4554
4555
4556
4557
4558
4559
4560
4561
4562
4563
4564
4565
4566
4567
4568
4569
4570
4571
4572
4573
4574
4575
4576
4577
4578
4579
4580
4581
4582
4583
4584
4585
4586
4587
4588
4589
4590
4591
4592
4593
4594
4595
4596
4597
4598
4599
4600
4601
4602
4603
4604
4605
4606
4607
4608
4609
4610
4611
4612
4613
4614
4615
4616
4617
4618
4619
4620
4621
4622
4623
4624
4625
4626
4627
4628
4629
4630
4631
4632
4633
4634
4635
4636
4637
4638
4639
4640
4641
4642
4643
4644
4645
4646
4647
4648
4649
4650
4651
4652
4653
4654
4655
4656
4657
4658
4659
4660
4661
4662
4663
4664
4665
4666
4667
4668
4669
4670
4671
4672
4673
4674
4675
4676
4677
4678
4679
4680
4681
4682
4683
4684
4685
4686
4687
4688
4689
4690
4691
4692
4693
4694
4695
4696
4697
4698
4699
4700
4701
4702
4703
4704
4705
4706
4707
4708
4709
4710
4711
4712
4713
4714
4715
4716
4717
4718
4719
4720
4721
4722
4723
4724
4725
4726
4727
4728
4729
4730
4731
4732
4733
4734
4735
4736
4737
4738
4739
4740
4741
4742
4743
4744
4745
4746
4747
4748
4749
4750
4751
4752
4753
4754
4755
4756
4757
4758
4759
4760
4761
4762
4763
4764
4765
4766
4767
4768
4769
4770
4771
4772
4773
4774
4775
4776
4777
4778
4779
4780
4781
4782
4783
4784
4785
4786
4787
4788
4789
4790
4791
4792
4793
4794
4795
4796
4797
4798
4799
4800
4801
4802
4803
4804
4805
4806
4807
4808
4809
4810
4811
4812
4813
4814
4815
4816
4817
4818
4819
4820
4821
4822
4823
4824
4825
4826
4827
4828
4829
4830
4831
4832
4833
4834
4835
4836
4837
4838
4839
4840
4841
4842
4843
4844
4845
4846
4847
4848
4849
4850
4851
4852
4853
4854
4855
4856
4857
4858
4859
4860
4861
4862
4863
4864
4865
4866
4867
4868
4869
4870
4871
4872
4873
4874
4875
4876
4877
4878
4879
4880
4881
4882
4883
4884
4885
4886
4887
4888
4889
4890
4891
4892
4893
4894
4895
4896
4897
4898
4899
4900
4901
4902
4903
4904
4905
4906
4907
4908
4909
4910
4911
4912
4913
4914
4915
4916
4917
4918
4919
4920
4921
4922
4923
4924
4925
4926
4927
4928
4929
4930
4931
4932
4933
4934
4935
4936
4937
4938
4939
4940
4941
4942
4943
4944
4945
4946
4947
4948
4949
4950
4951
4952
4953
4954
4955
4956
4957
4958
4959
4960
4961
4962
4963
4964
4965
4966
4967
4968
4969
4970
4971
4972
4973
4974
4975
4976
4977
4978
4979
4980
4981
4982
4983
4984
4985
4986
4987
4988
4989
4990
4991
4992
4993
4994
4995
4996
4997
4998
4999
5000
5001
5002
5003
5004
5005
5006
5007
5008
5009
5010
5011
5012
5013
5014
5015
5016
5017
5018
5019
5020
5021
5022
5023
5024
5025
5026
5027
5028
5029
5030
5031
5032
5033
5034
5035
5036
5037
5038
5039
5040
5041
5042
5043
5044
5045
5046
5047
5048
5049
5050
5051
5052
5053
5054
5055
5056
5057
5058
5059
5060
5061
5062
5063
5064
5065
5066
5067
5068
5069
5070
5071
5072
5073
5074
5075
5076
5077
5078
5079
5080
5081
5082
5083
5084
5085
5086
5087
5088
5089
5090
5091
5092
5093
5094
5095
5096
5097
5098
5099
5100
5101
5102
5103
5104
5105
5106
5107
5108
5109
5110
5111
5112
5113
5114
5115
5116
5117
5118
5119
5120
5121
5122
5123
5124
5125
5126
5127
5128
5129
5130
5131
5132
5133
5134
5135
5136
5137
5138
5139
5140
5141
5142
5143
5144
5145
5146
5147
5148
5149
5150
5151
5152
5153
5154
5155
5156
5157
5158
5159
5160
5161
5162
5163
5164
5165
5166
5167
5168
5169
5170
5171
5172
5173
5174
5175
5176
5177
5178
5179
5180
5181
5182
5183
5184
5185
5186
5187
5188
5189
5190
5191
5192
5193
5194
5195
5196
5197
5198
5199
5200
5201
5202
5203
5204
5205
5206
5207
5208
5209
5210
5211
5212
5213
5214
5215
5216
5217
5218
5219
5220
5221
5222
5223
5224
5225
5226
5227
5228
5229
5230
5231
5232
5233
5234
5235
5236
5237
5238
5239
5240
5241
5242
5243
5244
5245
5246
5247
5248
5249
5250
5251
5252
5253
5254
5255
5256
5257
5258
5259
5260
5261
5262
5263
5264
5265
5266
5267
5268
5269
5270
5271
5272
5273
5274
5275
5276
5277
5278
5279
5280
5281
5282
5283
5284
5285
5286
5287
5288
5289
5290
5291
5292
5293
5294
5295
5296
5297
5298
5299
5300
5301
5302
5303
5304
5305
5306
5307
5308
5309
5310
5311
5312
5313
5314
5315
5316
5317
5318
5319
5320
5321
5322
5323
5324
5325
5326
5327
5328
5329
5330
5331
5332
5333
5334
5335
5336
5337
5338
5339
5340
5341
5342
5343
5344
5345
5346
5347
5348
5349
5350
5351
5352
5353
5354
5355
5356
5357
5358
5359
5360
5361
5362
5363
5364
5365
5366
5367
5368
5369
5370
5371
5372
5373
5374
5375
5376
5377
5378
5379
5380
5381
5382
5383
5384
5385
5386
5387
5388
5389
5390
5391
5392
5393
5394
5395
5396
5397
5398
5399
5400
5401
5402
5403
5404
5405
5406
5407
5408
5409
5410
5411
5412
5413
5414
5415
5416
5417
5418
5419
5420
5421
5422
5423
5424
5425
5426
5427
5428
5429
5430
5431
5432
5433
5434
5435
5436
5437
5438
5439
5440
5441
5442
5443
5444
5445
5446
5447
5448
5449
5450
5451
5452
5453
5454
5455
5456
5457
5458
5459
5460
5461
5462
5463
5464
5465
5466
5467
5468
5469
5470
5471
5472
5473
5474
5475
5476
5477
5478
5479
5480
5481
5482
5483
5484
5485
5486
5487
5488
5489
5490
5491
5492
5493
5494
5495
5496
5497
5498
5499
5500
5501
5502
5503
5504
5505
5506
5507
5508
5509
5510
5511
5512
5513
5514
5515
5516
5517
5518
5519
5520
5521
5522
5523
5524
5525
5526
5527
5528
5529
5530
5531
5532
5533
5534
5535
5536
5537
5538
5539
5540
5541
5542
5543
5544
5545
5546
5547
5548
5549
5550
5551
5552
5553
5554
5555
5556
5557
5558
5559
5560
5561
5562
5563
5564
5565
5566
5567
5568
5569
5570
5571
5572
5573
5574
5575
5576
5577
5578
5579
5580
5581
5582
5583
5584
5585
5586
5587
5588
5589
5590
5591
5592
5593
5594
5595
5596
5597
5598
5599
5600
5601
5602
5603
5604
5605
5606
5607
5608
5609
5610
5611
5612
5613
5614
5615
5616
5617
5618
5619
5620
5621
5622
5623
5624
5625
5626
5627
5628
5629
5630
5631
5632
5633
5634
5635
5636
5637
5638
5639
5640
5641
5642
5643
5644
5645
5646
5647
5648
5649
5650
5651
5652
5653
5654
5655
5656
5657
5658
5659
5660
5661
5662
5663
5664
5665
5666
5667
5668
5669
5670
5671
5672
5673
5674
5675
5676
5677
5678
5679
5680
5681
5682
5683
5684
5685
5686
5687
5688
5689
5690
5691
5692
5693
5694
5695
5696
5697
5698
5699
5700
5701
5702
5703
5704
5705
5706
5707
5708
5709
5710
5711
5712
5713
5714
5715
5716
5717
5718
5719
5720
5721
5722
5723
5724
5725
5726
5727
5728
5729
5730
5731
5732
5733
5734
5735
5736
5737
5738
5739
5740
5741
5742
5743
5744
5745
5746
5747
5748
5749
5750
5751
5752
5753
5754
5755
5756
5757
5758
5759
5760
5761
5762
5763
5764
5765
5766
5767
5768
5769
5770
5771
5772
5773
5774
5775
5776
5777
5778
5779
5780
5781
5782
5783
5784
5785
5786
5787
5788
5789
5790
5791
5792
5793
5794
5795
5796
5797
5798
5799
5800
5801
5802
5803
5804
5805
5806
5807
5808
5809
5810
5811
5812
5813
5814
5815
5816
5817
5818
5819
5820
5821
5822
5823
5824
5825
5826
5827
5828
5829
5830
5831
5832
5833
5834
5835
5836
5837
5838
5839
5840
5841
5842
5843
5844
5845
5846
5847
5848
5849
5850
5851
5852
5853
5854
5855
5856
5857
5858
5859
5860
5861
5862
5863
5864
5865
5866
5867
5868
5869
5870
5871
5872
5873
5874
5875
5876
5877
5878
5879
5880
5881
5882
5883
5884
5885
5886
5887
5888
5889
5890
5891
5892
5893
5894
5895
5896
5897
5898
5899
5900
5901
5902
5903
5904
5905
5906
5907
5908
5909
5910
5911
5912
5913
5914
5915
5916
5917
5918
5919
5920
5921
5922
5923
5924
5925
5926
5927
5928
5929
5930
5931
5932
5933
5934
5935
5936
5937
5938
5939
5940
5941
5942
5943
5944
5945
5946
5947
5948
5949
5950
5951
5952
5953
5954
5955
5956
5957
5958
5959
5960
5961
5962
5963
5964
5965
5966
5967
5968
5969
5970
5971
5972
5973
5974
5975
5976
5977
5978
5979
5980
5981
5982
5983
5984
5985
5986
5987
5988
5989
5990
5991
5992
5993
5994
5995
5996
5997
5998
5999
6000
6001
6002
6003
6004
6005
6006
6007
6008
6009
6010
6011
6012
6013
6014
6015
6016
6017
6018
6019
6020
6021
6022
6023
6024
6025
6026
6027
6028
6029
6030
6031
6032
6033
6034
6035
6036
6037
6038
6039
6040
6041
6042
6043
6044
6045
6046
6047
6048
6049
6050
6051
6052
6053
6054
6055
6056
6057
6058
6059
6060
6061
6062
6063
6064
6065
6066
6067
6068
6069
6070
6071
6072
6073
6074
6075
6076
6077
6078
6079
6080
6081
6082
6083
6084
6085
6086
6087
6088
6089
6090
6091
6092
6093
6094
6095
6096
6097
6098
6099
6100
6101
6102
6103
6104
6105
6106
6107
6108
6109
6110
6111
6112
6113
6114
6115
6116
6117
6118
6119
6120
6121
6122
6123
6124
6125
6126
6127
6128
6129
6130
6131
6132
6133
6134
6135
6136
6137
6138
6139
6140
6141
6142
6143
6144
6145
6146
6147
6148
6149
6150
6151
6152
6153
6154
6155
6156
6157
6158
6159
6160
6161
6162
6163
6164
6165
6166
6167
6168
6169
6170
6171
6172
6173
6174
6175
6176
6177
6178
6179
6180
6181
6182
6183
6184
6185
6186
6187
6188
6189
6190
6191
6192
6193
6194
6195
6196
6197
6198
6199
6200
6201
6202
6203
6204
6205
6206
6207
6208
6209
6210
6211
6212
6213
6214
6215
6216
6217
6218
6219
6220
6221
6222
6223
6224
6225
6226
6227
6228
6229
6230
6231
6232
6233
6234
6235
6236
6237
6238
6239
6240
6241
6242
6243
6244
6245
6246
6247
6248
6249
6250
6251
6252
6253
6254
6255
6256
6257
6258
6259
6260
6261
6262
6263
6264
6265
6266
6267
6268
6269
6270
6271
6272
6273
6274
6275
6276
6277
6278
6279
6280
6281
6282
6283
6284
6285
6286
6287
6288
6289
6290
6291
6292
6293
6294
6295
6296
6297
6298
6299
6300
6301
6302
6303
6304
6305
6306
6307
6308
6309
6310
6311
6312
6313
6314
6315
6316
6317
6318
6319
6320
6321
6322
6323
6324
6325
6326
6327
6328
6329
6330
6331
6332
6333
6334
6335
6336
6337
6338
6339
6340
6341
6342
6343
6344
6345
6346
6347
6348
6349
6350
6351
6352
6353
6354
6355
6356
6357
6358
6359
6360
6361
6362
6363
6364
6365
6366
6367
6368
6369
6370
6371
6372
6373
6374
6375
6376
6377
6378
6379
6380
6381
6382
6383
6384
6385
6386
6387
6388
6389
6390
6391
6392
6393
6394
6395
6396
6397
6398
6399
6400
6401
6402
6403
6404
6405
6406
6407
6408
6409
6410
6411
6412
6413
6414
6415
6416
6417
6418
6419
6420
6421
6422
6423
6424
6425
6426
6427
6428
6429
6430
6431
6432
6433
6434
6435
6436
6437
6438
6439
6440
6441
6442
6443
6444
6445
6446
6447
6448
6449
6450
6451
6452
6453
6454
6455
6456
6457
6458
6459
6460
6461
6462
6463
6464
6465
6466
6467
6468
6469
6470
6471
6472
6473
6474
6475
6476
6477
6478
6479
6480
6481
6482
6483
6484
6485
6486
6487
6488
6489
6490
6491
6492
6493
6494
6495
6496
6497
6498
6499
6500
6501
6502
6503
6504
6505
6506
6507
6508
6509
6510
6511
6512
6513
6514
6515
6516
6517
6518
6519
6520
6521
6522
6523
6524
6525
6526
6527
6528
6529
6530
6531
6532
6533
6534
6535
6536
6537
6538
6539
6540
6541
6542
6543
6544
6545
6546
6547
6548
6549
6550
6551
6552
6553
6554
6555
6556
6557
6558
6559
6560
6561
6562
6563
6564
6565
6566
6567
6568
6569
6570
6571
6572
6573
6574
6575
6576
6577
6578
6579
6580
6581
6582
6583
6584
6585
6586
6587
6588
6589
6590
6591
6592
6593
6594
6595
6596
6597
6598
6599
6600
6601
6602
6603
6604
6605
6606
6607
6608
6609
6610
6611
6612
6613
6614
6615
6616
6617
6618
6619
6620
6621
6622
6623
6624
6625
6626
6627
6628
6629
6630
6631
6632
6633
6634
6635
6636
6637
6638
6639
6640
6641
6642
6643
6644
6645
6646
6647
6648
6649
6650
6651
6652
6653
6654
6655
6656
6657
6658
6659
6660
6661
6662
6663
6664
6665
6666
6667
6668
6669
6670
6671
6672
6673
6674
6675
6676
6677
6678
6679
6680
6681
6682
6683
6684
6685
6686
6687
6688
6689
6690
6691
6692
6693
6694
6695
6696
6697
6698
6699
6700
6701
6702
6703
6704
6705
6706
6707
6708
6709
6710
6711
6712
6713
6714
6715
6716
6717
6718
6719
6720
6721
6722
6723
6724
6725
6726
6727
6728
6729
6730
6731
6732
6733
6734
6735
6736
6737
6738
6739
6740
6741
6742
6743
6744
6745
6746
6747
6748
6749
6750
6751
6752
6753
6754
6755
6756
6757
6758
6759
6760
6761
6762
6763
6764
6765
6766
6767
6768
6769
6770
6771
6772
6773
6774
6775
6776
6777
6778
6779
6780
6781
6782
6783
6784
6785
6786
6787
6788
6789
6790
6791
6792
6793
6794
6795
6796
6797
6798
6799
6800
6801
6802
6803
6804
6805
6806
6807
6808
6809
6810
6811
6812
6813
6814
6815
6816
6817
6818
6819
6820
6821
6822
6823
6824
6825
6826
6827
6828
6829
6830
6831
6832
6833
6834
6835
6836
6837
6838
6839
6840
6841
6842
6843
6844
6845
6846
6847
6848
6849
6850
6851
6852
6853
6854
6855
6856
6857
6858
6859
6860
6861
6862
6863
6864
6865
6866
6867
6868
6869
6870
6871
6872
6873
6874
6875
6876
6877
6878
6879
6880
6881
6882
6883
6884
6885
6886
6887
6888
6889
6890
6891
6892
6893
6894
6895
6896
6897
6898
6899
6900
6901
6902
6903
6904
6905
6906
6907
6908
6909
6910
6911
6912
6913
6914
6915
6916
6917
6918
6919
6920
6921
6922
6923
6924
6925
6926
6927
6928
6929
6930
6931
6932
6933
6934
6935
6936
6937
6938
6939
6940
6941
6942
6943
6944
6945
6946
6947
6948
6949
6950
6951
6952
6953
6954
6955
6956
6957
6958
6959
6960
6961
6962
6963
6964
6965
6966
6967
6968
6969
6970
6971
6972
6973
6974
6975
6976
6977
6978
6979
6980
6981
6982
6983
6984
6985
6986
6987
6988
6989
6990
6991
6992
6993
6994
6995
6996
6997
6998
6999
7000
7001
7002
7003
7004
7005
7006
7007
7008
7009
7010
7011
7012
7013
7014
7015
7016
7017
7018
7019
7020
7021
7022
7023
7024
7025
7026
7027
7028
7029
7030
7031
7032
7033
7034
7035
7036
7037
7038
7039
7040
7041
7042
7043
7044
7045
7046
7047
7048
7049
7050
7051
7052
7053
7054
7055
7056
7057
7058
7059
7060
7061
7062
7063
7064
7065
7066
7067
7068
7069
7070
7071
7072
7073
7074
7075
7076
7077
7078
7079
7080
7081
7082
7083
7084
7085
7086
7087
7088
7089
7090
7091
7092
7093
7094
7095
7096
7097
7098
7099
7100
7101
7102
7103
7104
7105
7106
7107
7108
7109
7110
7111
7112
7113
7114
7115
7116
7117
7118
7119
7120
7121
7122
7123
7124
7125
7126
7127
7128
7129
7130
7131
7132
7133
7134
7135
7136
7137
7138
7139
7140
7141
7142
7143
7144
7145
7146
7147
7148
7149
7150
7151
7152
7153
7154
7155
7156
7157
7158
7159
7160
7161
7162
7163
7164
7165
7166
7167
7168
7169
7170
7171
7172
7173
7174
7175
7176
7177
7178
7179
7180
7181
7182
7183
7184
7185
7186
7187
7188
7189
7190
7191
7192
7193
7194
7195
7196
7197
7198
7199
7200
7201
7202
7203
7204
7205
7206
7207
7208
7209
7210
7211
7212
7213
7214
7215
7216
7217
7218
7219
7220
7221
7222
7223
7224
7225
7226
7227
7228
7229
7230
7231
7232
7233
7234
7235
7236
7237
7238
7239
7240
7241
7242
7243
7244
7245
7246
7247
7248
7249
7250
7251
7252
7253
7254
7255
7256
7257
7258
7259
7260
7261
7262
7263
7264
7265
7266
7267
7268
7269
7270
7271
7272
7273
7274
7275
7276
7277
7278
7279
7280
7281
7282
7283
7284
7285
7286
7287
7288
7289
7290
7291
7292
7293
7294
7295
7296
7297
7298
7299
7300
7301
7302
7303
7304
7305
7306
7307
7308
7309
7310
7311
7312
7313
7314
7315
7316
7317
7318
7319
7320
7321
7322
7323
7324
7325
7326
7327
7328
7329
7330
7331
7332
7333
7334
7335
7336
7337
7338
7339
7340
7341
7342
7343
7344
7345
7346
7347
7348
7349
7350
7351
7352
7353
7354
7355
7356
7357
7358
7359
7360
7361
7362
7363
7364
7365
7366
7367
7368
7369
7370
7371
7372
7373
7374
7375
7376
7377
7378
7379
7380
7381
7382
7383
7384
7385
7386
7387
7388
7389
7390
7391
7392
7393
7394
7395
7396
7397
7398
7399
7400
7401
7402
7403
7404
7405
7406
7407
7408
7409
7410
7411
7412
7413
7414
7415
7416
7417
7418
7419
7420
7421
7422
7423
7424
7425
7426
7427
7428
7429
7430
7431
7432
7433
7434
7435
7436
7437
7438
7439
7440
7441
7442
7443
7444
7445
7446
7447
7448
7449
7450
7451
7452
7453
7454
7455
7456
7457
7458
7459
7460
7461
7462
7463
7464
7465
7466
7467
7468
7469
7470
7471
7472
7473
7474
7475
7476
7477
7478
7479
7480
7481
7482
7483
7484
7485
7486
7487
7488
7489
7490
7491
7492
7493
7494
7495
7496
7497
7498
7499
7500
7501
7502
7503
7504
7505
7506
7507
7508
7509
7510
7511
7512
7513
7514
7515
7516
7517
7518
7519
7520
7521
7522
7523
7524
7525
7526
7527
7528
7529
7530
7531
7532
7533
7534
7535
7536
7537
7538
7539
7540
7541
7542
7543
7544
7545
7546
7547
7548
7549
7550
7551
7552
7553
7554
7555
7556
7557
7558
7559
7560
7561
7562
7563
7564
7565
7566
7567
7568
7569
7570
7571
7572
7573
7574
7575
7576
7577
7578
7579
7580
7581
7582
7583
7584
7585
7586
7587
7588
7589
7590
7591
7592
7593
7594
7595
7596
7597
7598
7599
7600
7601
7602
7603
7604
7605
7606
7607
7608
7609
7610
7611
7612
7613
7614
7615
7616
7617
7618
7619
7620
7621
7622
7623
7624
7625
7626
7627
7628
7629
7630
7631
7632
7633
7634
7635
7636
7637
7638
7639
7640
7641
7642
7643
7644
7645
7646
7647
7648
7649
7650
7651
7652
7653
7654
7655
7656
7657
7658
7659
7660
7661
7662
7663
7664
7665
7666
7667
7668
7669
7670
7671
7672
7673
7674
7675
7676
7677
7678
7679
7680
7681
7682
7683
7684
7685
7686
7687
7688
7689
7690
7691
7692
7693
7694
7695
7696
7697
7698
7699
7700
7701
7702
7703
7704
7705
7706
7707
7708
7709
7710
7711
7712
7713
7714
7715
7716
7717
7718
7719
7720
7721
7722
7723
7724
7725
7726
7727
7728
7729
7730
7731
7732
7733
7734
7735
7736
7737
7738
7739
7740
7741
7742
7743
7744
7745
7746
7747
7748
7749
7750
7751
7752
7753
7754
7755
7756
7757
7758
7759
7760
7761
7762
7763
7764
7765
7766
7767
7768
7769
7770
7771
7772
7773
7774
7775
7776
7777
7778
7779
7780
7781
7782
7783
7784
7785
7786
7787
7788
7789
7790
7791
7792
7793
7794
7795
7796
7797
7798
7799
7800
7801
7802
7803
7804
7805
7806
7807
7808
7809
7810
7811
7812
7813
7814
7815
7816
7817
7818
7819
7820
7821
7822
7823
7824
7825
7826
7827
7828
7829
7830
7831
7832
7833
7834
7835
7836
7837
7838
7839
7840
7841
7842
7843
7844
7845
7846
7847
7848
7849
7850
7851
7852
7853
7854
7855
7856
7857
7858
7859
7860
7861
7862
7863
7864
7865
7866
7867
7868
7869
7870
7871
7872
7873
7874
7875
7876
7877
7878
7879
7880
7881
7882
7883
7884
7885
7886
7887
7888
7889
7890
7891
7892
7893
7894
7895
7896
7897
7898
7899
7900
7901
7902
7903
7904
7905
7906
7907
7908
7909
7910
7911
7912
7913
7914
7915
7916
7917
7918
7919
7920
7921
7922
7923
7924
7925
7926
7927
7928
7929
7930
7931
7932
7933
7934
7935
7936
7937
7938
7939
7940
7941
7942
7943
7944
7945
7946
7947
7948
7949
7950
7951
7952
7953
7954
7955
7956
7957
7958
7959
7960
7961
7962
7963
7964
7965
7966
7967
7968
7969
7970
7971
7972
7973
7974
7975
7976
7977
7978
7979
7980
7981
7982
7983
7984
7985
7986
7987
7988
7989
7990
7991
7992
7993
7994
7995
7996
7997
7998
7999
8000
8001
8002
8003
8004
8005
8006
8007
8008
8009
8010
8011
8012
8013
8014
8015
8016
8017
8018
8019
8020
8021
8022
8023
8024
8025
8026
8027
8028
8029
8030
8031
8032
8033
8034
8035
8036
8037
8038
8039
8040
8041
8042
8043
8044
8045
8046
8047
8048
8049
8050
8051
8052
8053
8054
8055
8056
8057
8058
8059
8060
8061
8062
8063
8064
8065
8066
8067
8068
8069
8070
8071
8072
8073
8074
8075
8076
8077
8078
8079
8080
8081
8082
8083
8084
8085
8086
8087
8088
8089
8090
8091
8092
8093
8094
8095
8096
8097
8098
8099
8100
8101
8102
8103
8104
8105
8106
8107
8108
8109
8110
8111
8112
8113
8114
8115
8116
8117
8118
8119
8120
8121
8122
8123
8124
8125
8126
8127
8128
8129
8130
8131
8132
8133
8134
8135
8136
8137
8138
8139
8140
8141
8142
8143
8144
8145
8146
8147
8148
8149
8150
8151
8152
8153
8154
8155
8156
8157
8158
8159
8160
8161
8162
8163
8164
8165
8166
8167
8168
8169
8170
8171
8172
8173
8174
8175
8176
8177
8178
8179
8180
8181
8182
8183
8184
8185
8186
8187
8188
8189
8190
8191
8192
8193
8194
8195
8196
8197
8198
8199
8200
8201
8202
8203
8204
8205
8206
8207
8208
8209
8210
8211
8212
8213
8214
8215
8216
8217
8218
8219
8220
8221
8222
8223
8224
8225
8226
8227
8228
8229
8230
8231
8232
8233
8234
8235
8236
8237
8238
8239
8240
8241
8242
8243
8244
8245
8246
8247
8248
8249
8250
8251
8252
8253
8254
8255
8256
8257
8258
8259
8260
8261
8262
8263
8264
8265
8266
8267
8268
8269
8270
8271
8272
8273
8274
8275
8276
8277
8278
8279
8280
8281
8282
8283
8284
8285
8286
8287
8288
8289
8290
8291
8292
8293
8294
8295
8296
8297
8298
8299
8300
8301
8302
8303
8304
8305
8306
8307
8308
8309
8310
8311
8312
8313
8314
8315
8316
8317
8318
8319
8320
8321
8322
8323
8324
8325
8326
8327
8328
8329
8330
8331
8332
8333
8334
8335
8336
8337
8338
8339
8340
8341
8342
8343
8344
8345
8346
8347
8348
8349
8350
8351
8352
8353
8354
8355
8356
8357
8358
8359
8360
8361
8362
8363
8364
8365
8366
8367
8368
8369
8370
8371
8372
8373
8374
8375
8376
8377
8378
8379
8380
8381
8382
8383
8384
8385
8386
8387
8388
8389
8390
8391
8392
8393
8394
8395
8396
8397
8398
8399
8400
8401
8402
8403
8404
8405
8406
8407
8408
8409
8410
8411
8412
8413
8414
8415
8416
8417
8418
8419
8420
8421
8422
8423
8424
8425
8426
8427
8428
8429
8430
8431
8432
8433
8434
8435
8436
8437
8438
8439
8440
8441
8442
8443
8444
8445
8446
8447
8448
8449
8450
8451
8452
8453
8454
8455
8456
8457
8458
8459
8460
8461
8462
8463
8464
8465
8466
8467
8468
8469
8470
8471
8472
8473
8474
8475
8476
8477
8478
8479
8480
8481
8482
8483
8484
8485
8486
8487
8488
8489
8490
8491
8492
8493
8494
8495
8496
8497
8498
8499
8500
8501
8502
8503
8504
8505
8506
8507
8508
8509
8510
8511
8512
8513
8514
8515
8516
8517
8518
8519
8520
8521
8522
8523
8524
8525
8526
8527
8528
8529
8530
8531
8532
8533
8534
8535
8536
8537
8538
8539
8540
8541
8542
8543
8544
8545
8546
8547
8548
8549
8550
8551
8552
8553
8554
8555
8556
8557
8558
8559
8560
8561
8562
8563
8564
8565
8566
8567
8568
8569
8570
8571
8572
8573
8574
8575
8576
8577
8578
8579
8580
8581
8582
8583
8584
8585
8586
8587
8588
8589
8590
8591
8592
8593
8594
8595
8596
8597
8598
8599
8600
8601
8602
8603
8604
8605
8606
8607
8608
8609
8610
8611
8612
8613
8614
8615
8616
8617
8618
8619
8620
8621
8622
8623
8624
8625
8626
8627
8628
8629
8630
8631
8632
8633
8634
8635
8636
8637
8638
8639
8640
8641
8642
8643
8644
8645
8646
8647
8648
8649
8650
8651
8652
8653
8654
8655
8656
8657
8658
8659
8660
8661
8662
8663
8664
8665
8666
8667
8668
8669
8670
8671
8672
8673
8674
8675
8676
8677
8678
8679
8680
8681
8682
8683
8684
8685
8686
8687
8688
8689
8690
8691
8692
8693
8694
8695
8696
8697
8698
8699
8700
8701
8702
8703
8704
8705
8706
8707
8708
8709
8710
8711
8712
8713
8714
8715
8716
8717
8718
8719
8720
8721
8722
8723
8724
8725
8726
8727
8728
8729
8730
8731
8732
8733
8734
8735
8736
8737
8738
8739
8740
8741
8742
8743
8744
8745
8746
8747
8748
8749
8750
8751
8752
8753
8754
8755
8756
8757
8758
8759
8760
8761
8762
8763
8764
8765
8766
8767
8768
8769
8770
8771
8772
8773
8774
8775
8776
8777
8778
8779
8780
8781
8782
8783
8784
8785
8786
8787
8788
8789
8790
8791
8792
8793
8794
8795
8796
8797
8798
8799
8800
8801
8802
8803
8804
8805
8806
8807
8808
8809
8810
8811
8812
8813
8814
8815
8816
8817
8818
8819
8820
8821
8822
8823
8824
8825
8826
8827
8828
8829
8830
8831
8832
8833
8834
8835
8836
8837
8838
8839
8840
8841
8842
8843
8844
8845
8846
8847
8848
8849
8850
8851
8852
8853
8854
8855
8856
8857
8858
8859
8860
8861
8862
8863
8864
8865
8866
8867
8868
8869
8870
8871
8872
8873
8874
8875
8876
8877
8878
8879
8880
8881
8882
8883
8884
8885
8886
8887
8888
8889
8890
8891
8892
8893
8894
8895
8896
8897
8898
8899
8900
8901
8902
8903
8904
8905
8906
8907
8908
8909
8910
8911
8912
8913
8914
8915
8916
8917
8918
8919
8920
8921
8922
8923
8924
8925
8926
8927
8928
8929
8930
8931
8932
8933
8934
8935
8936
8937
8938
8939
8940
8941
8942
8943
8944
8945
8946
8947
8948
8949
8950
8951
8952
8953
8954
8955
8956
8957
8958
8959
8960
8961
8962
8963
8964
8965
8966
8967
8968
8969
8970
8971
8972
8973
8974
8975
8976
8977
8978
8979
8980
8981
8982
8983
8984
8985
8986
8987
8988
8989
8990
8991
8992
8993
8994
8995
8996
8997
8998
8999
9000
9001
9002
9003
9004
9005
9006
9007
9008
9009
9010
9011
9012
9013
9014
9015
9016
9017
9018
9019
9020
9021
9022
9023
9024
9025
9026
9027
9028
9029
9030
9031
9032
9033
9034
9035
9036
9037
9038
9039
9040
9041
9042
9043
9044
9045
9046
9047
9048
9049
9050
9051
9052
9053
9054
9055
9056
9057
9058
9059
9060
9061
9062
9063
9064
9065
9066
9067
9068
9069
9070
9071
9072
9073
9074
9075
9076
9077
9078
9079
9080
9081
9082
9083
9084
9085
9086
9087
9088
9089
9090
9091
9092
9093
9094
9095
9096
9097
9098
9099
9100
9101
9102
9103
9104
9105
9106
9107
9108
9109
9110
9111
9112
9113
9114
9115
9116
9117
9118
9119
9120
9121
9122
9123
9124
9125
9126
9127
9128
9129
9130
9131
9132
9133
9134
9135
9136
9137
9138
9139
9140
9141
9142
9143
9144
9145
9146
9147
9148
9149
9150
9151
9152
9153
9154
9155
9156
9157
9158
9159
9160
9161
9162
9163
9164
9165
9166
9167
9168
9169
9170
9171
9172
9173
9174
9175
9176
9177
9178
9179
9180
9181
9182
9183
9184
9185
9186
9187
9188
9189
9190
9191
9192
9193
9194
9195
9196
9197
9198
9199
9200
9201
9202
9203
9204
9205
9206
9207
9208
9209
9210
9211
9212
9213
9214
9215
9216
9217
9218
9219
9220
9221
9222
9223
9224
9225
9226
9227
9228
9229
9230
9231
9232
9233
9234
9235
9236
9237
9238
9239
9240
9241
9242
9243
9244
9245
9246
9247
9248
9249
9250
9251
9252
9253
9254
9255
9256
9257
9258
9259
9260
9261
9262
9263
9264
9265
9266
9267
9268
9269
9270
9271
9272
9273
9274
9275
9276
9277
9278
9279
9280
9281
9282
9283
9284
9285
9286
9287
9288
9289
9290
9291
9292
9293
9294
9295
9296
9297
9298
9299
9300
9301
9302
9303
9304
9305
9306
9307
9308
9309
9310
9311
9312
9313
9314
9315
9316
9317
9318
9319
9320
9321
9322
9323
9324
9325
9326
9327
9328
9329
9330
9331
9332
9333
9334
9335
9336
9337
9338
9339
9340
9341
9342
9343
9344
9345
9346
9347
9348
9349
9350
9351
9352
9353
9354
9355
9356
9357
9358
9359
9360
9361
9362
9363
9364
9365
9366
9367
9368
9369
9370
9371
9372
9373
9374
9375
9376
9377
9378
9379
9380
9381
9382
9383
9384
9385
9386
9387
9388
9389
9390
9391
9392
9393
9394
9395
9396
9397
9398
9399
9400
9401
9402
9403
9404
9405
9406
9407
9408
9409
9410
9411
9412
9413
9414
9415
9416
9417
9418
9419
9420
9421
9422
9423
9424
9425
9426
9427
9428
9429
9430
9431
9432
9433
9434
9435
9436
9437
9438
9439
9440
9441
9442
9443
9444
9445
9446
9447
9448
9449
9450
9451
9452
9453
9454
9455
9456
9457
9458
9459
9460
9461
9462
9463
9464
9465
9466
9467
9468
9469
9470
9471
9472
9473
9474
9475
9476
9477
9478
9479
9480
9481
9482
9483
9484
9485
9486
9487
9488
9489
9490
9491
9492
9493
9494
9495
9496
9497
9498
9499
9500
9501
9502
9503
9504
9505
9506
9507
9508
9509
9510
9511
9512
9513
9514
9515
9516
9517
9518
9519
9520
9521
9522
9523
9524
9525
9526
9527
9528
9529
9530
9531
9532
9533
9534
9535
9536
9537
9538
9539
9540
9541
9542
9543
9544
9545
9546
9547
9548
9549
9550
9551
9552
9553
9554
9555
9556
9557
9558
9559
9560
9561
9562
9563
9564
9565
9566
9567
9568
9569
9570
9571
9572
9573
9574
9575
9576
9577
9578
9579
9580
9581
9582
9583
9584
9585
9586
9587
9588
9589
9590
9591
9592
9593
9594
9595
9596
9597
9598
9599
9600
9601
9602
9603
9604
9605
9606
9607
9608
9609
9610
9611
9612
9613
9614
9615
9616
9617
9618
9619
9620
9621
9622
9623
9624
9625
9626
9627
9628
9629
9630
9631
9632
9633
9634
9635
9636
9637
9638
9639
9640
9641
9642
9643
9644
9645
9646
9647
9648
9649
9650
9651
9652
9653
9654
9655
9656
9657
9658
9659
9660
9661
9662
9663
9664
9665
9666
9667
9668
9669
9670
9671
9672
9673
9674
9675
9676
9677
9678
9679
9680
9681
9682
9683
9684
9685
9686
9687
9688
9689
9690
9691
9692
9693
9694
9695
9696
9697
9698
9699
9700
9701
9702
9703
9704
9705
9706
9707
9708
9709
9710
9711
9712
9713
9714
9715
9716
9717
9718
9719
9720
9721
9722
9723
9724
9725
9726
9727
9728
9729
9730
9731
9732
9733
9734
9735
9736
9737
9738
9739
9740
9741
9742
9743
9744
9745
9746
9747
9748
9749
9750
9751
4.482389436541853 2.53556237548315 0
15.56057997132898 2.707722110845838 0
0.2222939746516008 2.454608575234982 0
19.80393810158847 2.434817947252228 0
2.279777132616381 0.2564183030291272 0
17.51861638041457 0.2433125928975164 0
2.445854751074889 4.763482126582096 0
17.56533931879997 4.770427214091463 0
0.2391815274539795 3.42364405757272 0
19.76101997001192 3.393079375259437 0
3.272256653970723 0.2574023005568193 0
16.53013531381013 0.25899797597482 0
3.448906581441665 4.769622426138477 0
16.65416997395283 4.737726410192156 0
1.658053128970415 4.774020664456986 0
1.534514997809174 0.2790161614150706 0
18.25781205857572 4.775632714300835 0
18.25555062741331 0.2596688833637257 0
0.2185611957147859 1.71240114703187 0
19.80009233669189 1.726829276946877 0
4.512309987789355 2.778982960644206 0
4.291677630089902 2.753362573219473 0
15.58086393637593 2.850968870340159 0
15.74300777667093 2.719433301564887 0
7.906587774089777 3.423740440618572 0
8.049991197958269 3.390017717575041 0
6.963999638463028 4.793883089308035 0
4.725383509989024 4.735424584279539 0
4.058380131300769 0.2390837693691679 0
15.77350177147439 0.2355460242285203 0
4.28304275218324 2.952003865590716 0
4.094508649603465 2.936115827144994 0
4.095727314944245 2.742537278979805 0
3.903006101255328 2.735944631884375 0
3.901815747719929 2.542984849151594 0
3.710352598567752 2.538811394245184 0
3.711863679076537 2.356903030348842 0
3.526120742235404 2.341489757343386 0
3.520337635015351 2.529533545502346 0
3.33172492322602 2.51759043724786 0
3.33143021016769 2.332944119865347 0
3.15170000444384 2.502219510818231 0
3.138156708464827 2.680673734409899 0
2.949159981009141 2.647139815584193 0
2.981773053764193 2.465500210307413 0
2.750251032019384 2.613899364820641 0
2.739840982024824 2.823783655007061 0
2.542620519165871 2.59524880195116 0
2.542695524983074 2.382645389734297 0
10.10917975674931 3.385661789360795 0
15.46916552622023 4.770889434755611 0
2.5356183827383 2.815321984493822 0
2.337568197756046 2.579293905957515 0
9.028282861822003 4.756092829646683 0
15.73456232851553 2.924905672484268 0
15.89479276641687 2.888010494828797 0
15.9197460638201 2.750976088973447 0
16.09839939242173 2.799312546777771 0
16.1424524968551 2.611898507174943 0
16.32611402805158 2.666095425442113 0
16.19070597314399 2.418904561906933 0
16.38022715987431 2.489195278273967 0
16.49419260958832 2.717087176409961 0
16.54772640566162 2.563848345536735 0
16.6208168313876 2.415705604341389 0
16.73088651224633 2.491952543280165 0
16.72215173791702 2.650954832579083 0
16.92280459389109 2.599419705074771 0
16.84183589848727 2.427368433817243 0
17.10795929319897 2.522965392955489 0
17.19145432460175 2.73121582786589 0
17.39531307273747 2.66390026786712 0
17.3111159193442 2.434997005589674 0
17.46578503596063 2.879615473003155 0
12.3250537904061 3.528624117153206 0
12.44504551064353 3.564714086249969 0
11.93531773490244 3.496377007038101 0
11.78190329538767 3.483169453304433 0
8.009080232120107 3.479198207997173 0
8.12951557251958 3.515755458660574 0
4.815807859707617 2.125712083190725 0
15.05117532649642 2.059450696187715 0
17.66173787785884 2.829359958790862 0
9.921339785640596 2.067005194509249 0
10.65593234843039 2.061500470125526 0
9.193648506234981 2.071254786663348 0
11.39249908501517 2.068709560172782 0
8.464752753780804 2.072276091595083 0
12.11251417741105 2.073828606710109 0
7.734579180259869 2.072765888159759 0
12.79897452348612 2.051517931926646 0
7.003947617047505 2.074001116514028 0
13.40050052819872 2.09807567401411 0
5.543067767067915 2.088569772416002 0
14.31881036391091 2.070534369758676 0
6.273387019651198 2.077755330920339 0
10.79967453572242 4.788582858609725 0
4.094681686040992 3.119775535853694 0
2.319701403882801 2.800230700937141 0
2.105633445153883 2.764115891316054 0
17.71390346269133 3.021671894657587 0
13.2863438297997 4.78388520790043 0
15.84334963455768 3.106811794841159 0
17.88163507234049 2.996231693595044 0
2.552217887035144 3.035783518117828 0
17.53667940343804 3.080881472940346 0
11.87438873310935 3.627401299620224 0
11.71760963109392 3.614504484828333 0
12.5729408898821 3.614792166479905 0
5.06839278691938 0.2173899973435467 0
14.7373510071664 0.2013009861193624 0
7.063293681990703 2.924683853797865 0
8.096261531109308 3.638675657813024 0
7.962960102693755 3.605059307923974 0
8.242242977535605 3.688672330039102 0
5.818160707549323 0.2109983062696363 0
14.05597890223741 0.2008740134997624 0
4.271385215079474 3.13578844695096 0
6.567178767524513 0.2086492017292447 0
13.06436293688865 0.2140906252853871 0
7.315942969857568 0.207974968351698 0
12.3153055958474 0.2166426535131345 0
8.064025316407699 0.2081756932466643 0
11.56749115515469 0.2147702166414307 0
8.810636909952395 0.210211808930624 0
10.82461812084076 0.2173679688629302 0
9.560094977173563 0.2202297433742242 0
5.507702612925032 3.436040931330515 0
5.38735592506468 3.422573005646298 0
2.061922841150259 2.973016373760461 0
14.37358333573086 3.503688557461862 0
14.58096957456107 3.536613902149108 0
15.70329501975547 3.194052207299377 0
17.89313476346403 3.129373417868059 0
1.862835238086628 2.920856010282083 0
1.903184806625593 2.722873184407454 0
4.098299209815709 3.28413598554514 0
9.74141006558666 4.789094931145834 0
8.908699974063447 2.929427062475055 0
15.92079188397213 3.260477018913827 0
10.96479215722793 2.862932899400414 0
18.05529464891923 3.00606009194249 0
18.05421831061759 2.80655317897665 0
2.011830711801161 3.165776223277645 0
18.03219300292703 3.216055737190979 0
11.82578072687048 3.764330905331683 0
11.6643863562039 3.754504582793096 0
13.39846876250493 2.986277999186504 0
8.161880829652683 3.774682112151798 0
8.317877981171321 3.819169288455929 0
12.49627336418012 3.758284662107221 0
12.71493587751097 3.660845709562894 0
14.42901048015286 3.621353853440375 0
14.66384690110878 3.696070631409104 0
15.77940939409022 3.33256741534838 0
6.218132464925182 4.723749364874888 0
4.254395470077345 3.30380976701253 0
1.676312105109101 2.876122585708155 0
1.713264648540562 2.69397484634898 0
5.471906538420366 3.599981667562171 0
4.103821166757011 3.398101630022247 0
18.24029257345426 3.032586297467904 0
18.25412501124188 2.83128527468683 0
15.9942952616341 3.397489525501139 0
19.64888120477242 4.083317181286093 0
0.3375866938199721 4.078288440251298 0
0.8216532824153369 0.3297357956601119 0
19.0475212157638 0.3412504306198656 0
5.321333187216032 3.528852992975573 0
11.78694863001244 3.906888163270117 0
11.62003438404472 3.90196086073383 0
11.49488050164442 3.736717013951306 0
11.44413845506931 3.890258156203346 0
8.190000731165732 3.869161783183364 0
8.391328103695946 3.940184379066717 0
8.439551540947148 3.746420185771738 0
8.5234663756772 3.868022252314428 0
12.64914364649233 3.847832082492253 0
12.84117295434653 3.836967258098701 0
12.86690719093908 3.686833338778481 0
14.50951768704464 3.773774120941333 0
14.3663621625074 3.859498820200079 0
14.73382976593708 3.842888744835108 0
11.31926157223466 3.708235624150722 0
11.26061728397029 3.869042582015976 0
11.14322299076691 3.672678336536588 0
11.07407802031016 3.834648704265509 0
5.413832215540493 3.768852468894979 0
5.238841582363395 3.690340155422095 0
5.594738257736637 3.835724794369685 0
4.21128368187505 3.45223525816125 0
4.121174490154154 3.589435856443421 0
4.001837443434291 3.456992402363824 0
8.667881905296618 3.801447266003507 0
8.717234036499592 3.916159388653589 0
13.02011367155884 3.700452589978299 0
12.99403620102221 3.846345924611402 0
1.542519531973717 2.838038749058041 0
1.532261721599918 2.694039925232212 0
8.836410812738956 3.750702175470622 0
8.875827835817905 3.93952798342457 0
7.659583102764616 4.781808046300038 0
15.8582874968357 3.482838508646767 0
15.9629742254148 3.636561819927718 0
16.09874371337918 3.519761999082953 0
13.1695676064295 3.712194893121568 0
13.15499210983905 3.858854038261527 0
18.45579927567732 2.874547901685803 0
18.47898747569045 2.659841853405491 0
14.74667407273379 3.455620608953524 0
15.297934521472 2.056627361277518 0
15.25939265451251 1.83385288285339 0
15.53826291890486 1.793130148786942 0
15.41951346370057 1.628216299866071 0
15.66267412457457 1.592115077575224 0
15.49630636626104 1.497630320811123 0
15.72232093572907 1.467461320950328 0
15.3220795688976 1.395159234447417 0
9.022437707145874 3.710373069447108 0
9.069001420287091 3.87835736805863 0
18.26426507198842 2.614442425666716 0
18.50180006940564 2.432202944095488 0
18.27517365073699 2.381233634488638 0
18.52870898433396 2.193279826858304 0
18.29158274964223 2.132856555657613 0
18.56486375385424 1.945269289242406 0
18.31805795587256 1.868316188193989 0
18.61800548612635 1.706582078305762 0
18.36685684926212 1.558993297219804 0
18.06309758106238 1.535353639009536 0
1.734853808995542 2.493622768679322 0
1.532568023192521 2.491147135410813 0
1.757497708388367 2.273015969891294 0
1.539012269601312 2.270343829086757 0
1.775210372070148 2.036431829813524 0
1.545541854367965 2.038323940435006 0
1.779204749905267 1.792797025108342 0
1.548558761513506 1.799643255441893 0
1.777390058544405 1.549425103397843 0
2.011707173937197 1.546413283200669 0
4.601052345703991 2.163143154704999 0
4.720916178478634 1.957864768293319 0
4.45058469828439 2.010490426630945 0
4.631925872506623 1.773877538814284 0
4.394904429130984 1.810410123729615 0
4.545836028590355 1.581194481770422 0
4.312041483064091 1.625153600850444 0
4.787882750659453 1.546621855510042 0
7.61856293898187 3.314149607196462 0
7.644990721218015 3.437478163182903 0
10.97997658127859 3.626738535773366 0
10.88944239358264 3.781600496766191 0
8.144552853028856 3.392824128134922 0
5.335859078090991 3.170910207910561 0
11.75641105265078 4.053707120965778 0
11.91943684747092 4.050622820482523 0
14.59547324480114 3.918985696811041 0
14.7820478349834 3.947073672117969 0
8.236691328766991 4.032789995717815 0
8.048160155606146 4.024396885458903 0
6.431328246000875 2.875926388775781 0
4.699722776256822 1.344535989114116 0
4.946753483579105 1.316954318800585 0
15.4050215528599 1.216439469517963 0
15.13131421267079 1.290717467681457 0
1.548366579449457 1.558200562533543 0
13.28223006912916 3.715984435959254 0
13.35661273144173 3.841555101071997 0
18.5243642195855 1.431473560483113 0
7.499742554278768 3.356766781713248 0
7.529563058232472 3.476165642945741 0
18.05398069670633 1.262824161464538 0
17.79833410337816 1.503192437562754 0
5.536060343340851 4.022523856530257 0
5.784433566371279 3.886952574376912 0
9.592169087425585 3.250648434894996 0
9.606080021028452 3.328754169765997 0
3.979211891260436 3.741311589910149 0
3.828211762904894 3.548500022572693 0
1.3228956442707 2.282612290392058 0
2.010836166679721 1.296729351014032 0
2.24624576468838 1.568193668138369 0
10.39811100719656 3.161732897968209 0
10.38648815936591 3.304526317671409 0
0.2152903597626015 0.9645982085800997 0
0.9541841628027576 4.778000942351463 0
19.04699759416587 4.785235799791534 0
19.78673075481538 0.984496451763591 0
1.322303210164771 1.570633092078462 0
14.02392298167408 4.786617367547077 0
16.09140572359308 3.793314565805151 0
16.24339453550923 3.651851190194026 0
13.9135302832832 3.314136426520313 0
7.378410369612095 3.391538709110931 0
7.404561070321242 3.524595655752453 0
7.240019293370798 3.418428580844532 0
7.261452698399356 3.571589406208441 0
7.087503452657353 3.444586682874189 0
7.106803703817625 3.606339206928995 0
6.954930447669304 3.633115768208877 0
7.303339263078227 3.730189566985024 0
6.977038201274924 3.750841232382607 0
6.808800516954695 3.682590616047363 0
6.882600803564909 3.823673672180242 0
6.661070063133732 3.747600301299125 0
6.733166745372765 3.950392964869351 0
10.39604859109516 4.765305945187968 0
4.291255381079218 3.701749742629894 0
11.30993558927431 2.919969727616311 0
15.79785209019406 3.753574571658509 0
2.949092519152357 4.701080843686563 0
2.766706778533861 0.2355457293592522 0
17.15659266740086 4.673322801506187 0
17.03030407021654 0.2426440552913642 0
10.07070808245335 0.2283058522321335 0
13.56227485586745 0.2097789306443429 0
0.2273243040877588 2.943877917624773 0
19.78604780890834 2.91266277496185 0
18.75432601180839 2.266080842419879 0
13.84323428692499 2.081853301374786 0
17.87206587093325 3.34248550756887 0
18.12814927704678 3.402596886171194 0
17.97978590866724 3.506965781237827 0
18.10709776663931 3.677696815600931 0
18.24616289147566 3.538884837401697 0
2.159379039229673 3.206238585760147 0
1.97907517305463 3.364606160556962 0
2.191356398710749 3.36861857440387 0
1.942633524433626 3.588485806842556 0
1.711858274033471 3.523711646794313 0
1.340501778693545 2.725904483118752 0
1.399764392542316 2.965320896964058 0
1.640332111982316 3.728589608224326 0
1.435354493075776 3.651202602966538 0
18.67410956290502 1.493933836078873 0
2.244240774130054 3.654814927800493 0
2.48805187352715 3.521020359340113 0
18.27383777034384 3.836977908567642 0
18.40431445743876 3.662459864593016 0
10.52074614939047 3.29406728870817 0
18.69115342166629 2.720995942106202 0
18.65893194275378 2.934917841201458 0
15.60520495435058 3.264477391996128 0
17.92508389754953 3.812785756318514 0
17.81035775634302 3.617405226901879 0
14.88597524728685 3.794519349602445 0
9.45496304291577 3.270054940650087 0
4.566219114339501 0.2259501429308246 0
15.28521506078329 0.2467446664672055 0
5.246074407456247 4.749635305679888 0
1.547898313632881 3.925508125711223 0
1.346170553541535 3.827251723749769 0
6.975592538967145 3.948979681957599 0
11.38244209853443 3.561146994389748 0
13.88930990041435 3.471155210976264 0
18.47841814618844 3.968463642983641 0
18.59357107699465 3.78071691209112 0
12.89851093454821 3.541739357138246 0
4.223119985492123 4.762084044311317 0
14.90694215542911 3.956833993040543 0
11.40228483793533 4.052867094821403 0
11.8917521782314 4.196244808754287 0
12.05260574003222 4.197345305167558 0
8.180017323772859 4.168021517970018 0
1.320907396806287 1.326716497159898 0
12.94991658250685 3.993571469293407 0
14.70382862859315 4.041769963598142 0
14.44697347230651 4.001906122476296 0
13.73241298137007 3.436750035176228 0
15.9674504105482 4.768319708820474 0
1.098741287400427 1.588851690801201 0
18.70497536269311 1.285403768903432 0
17.80251709318891 1.241608576625011 0
17.55723862612517 1.213365890859464 0
2.304585843077869 1.280635544125603 0
2.544483936977042 1.421645573452356 0
8.392653403554267 4.137385289575618 0
6.507889382480958 3.778152443649149 0
6.499434098851411 3.656661519544114 0
6.520746086152165 3.957378816157054 0
8.05068152367825 4.174600716665065 0
8.130303566858947 3.122637364062288 0
5.754514683392789 4.11458661090949 0
2.48854454137991 3.871722470909335 0
2.634519583064874 3.691485537407838 0
3.791769647093728 3.960988462612471 0
3.549699187847942 3.658645818609813 0
3.526648707385037 3.348819598304279 0
8.790681983964648 4.101165459827481 0
11.04055607360277 3.519664643311301 0
18.91214346867191 1.335290578863892 0
4.179809870602431 1.856507157083427 0
4.091196373559908 1.680275494199922 0
4.216451783896789 1.430494001382784 0
3.991354454596729 1.492591061756442 0
3.782309421134173 1.563527892792757 0
3.674049765317402 1.382725940020304 0
3.58499318303346 1.635310574075769 0
3.492448428799005 1.460180208703903 0
3.318536144326951 1.524135840687283 0
3.875329053754539 1.297140109721767 0
2.470476735792244 1.627944738133489 0
11.00138612238626 4.014187815259263 0
10.79526466940382 3.961806889044426 0
12.29816038586203 4.73562929609526 0
17.54510668947911 1.462923669910298 0
17.30611673985201 1.417261330601496 0
17.31981339150015 1.182432474401613 0
17.07944394186121 1.375811394166045 0
17.06225019382261 1.589445869542302 0
16.85198660921189 1.344388540583243 0
16.86455948519545 1.116972830648456 0
16.57584607038616 1.321117974010256 0
16.65694859337651 1.575548760797119 0
15.85311268541545 1.654223884200409 0
9.525102062475797 3.379298566196848 0
9.641167641470751 3.452778955606792 0
9.267626415397515 3.305221899440506 0
10.72153371456809 3.701262032852015 0
10.55413320810088 3.881518214034994 0
16.22798638755047 3.963755070171666 0
16.40374749496845 3.818585488582818 0
16.36277896799074 3.47734481357424 0
16.62116829866401 3.614676814416645 0
16.75411801262867 3.907746882582194 0
17.71047576492651 3.91883608446776 0
2.111474556694641 3.930328917718805 0
6.070063168223837 3.165590430356467 0
10.44801706100567 3.695680003000523 0
10.29796496346887 3.926848696536824 0
6.738236276642633 3.50208921743549 0
6.008928335977619 3.284382373750878 0
12.54640978315816 3.14032225000456 0
1.137340576489382 2.993945436385462 0
1.135164753976408 3.215996903773044 0
15.08271746424102 1.431130244212449 0
14.92198254054924 1.208350551006886 0
5.033191674153816 1.520278092548812 0
5.194275838981211 1.296524988526705 0
13.31690317397107 4.047341431800957 0
13.52180495518204 4.105560418204728 0
11.9778081466905 3.767876375474146 0
15.86381928996963 1.469498247704184 0
15.84447623778305 1.295322179638264 0
5.968344613191602 4.099481548500584 0
5.112263700439857 1.088111285304206 0
5.361105698128195 1.073587852672582 0
5.441902358809133 1.281575439400404 0
5.609580550574836 1.062997337910129 0
5.689276040148782 1.270663424453864 0
5.857691762959471 1.055298603597325 0
5.936481725870324 1.262773299935091 0
6.105573877923073 1.049752872894452 0
6.183573900642313 1.257116507120728 0
6.353296802058956 1.045801947291972 0
6.430546457755689 1.253096209064519 0
6.600962298144417 1.043027686541597 0
6.677474019405835 1.250275176148163 0
6.848641597978006 1.041122079115472 0
6.924431159034693 1.248336411604701 0
7.096243413024187 1.039839932555032 0
7.171330155136513 1.247026657195751 0
7.343765179613111 1.039005699726565 0
7.418175245166363 1.246163012773186 0
7.591166612362798 1.038494730279351 0
7.664913959561204 1.245610737133564 0
7.838286544049797 1.038211696890416 0
7.911337916845461 1.245261654012774 0
8.085030211433901 1.038090285345864 0
8.157348191213284 1.245029285784446 0
8.331198597711895 1.038094649097498 0
8.402814863338959 1.244837387467383 0
8.576486412136028 1.038212832805958 0
8.647420321315973 1.244606105795062 0
8.820572949993213 1.038454906731947 0
8.890809044414036 1.244217872862059 0
9.062873906373378 1.038876896229544 0
9.132455877526096 1.243473039720742 0
9.302366152301914 1.039592360660311 0
9.371397486476246 1.241978174307947 0
9.537095512137084 1.040819055597308 0
9.605930249374781 1.238805337293039 0
9.762342576035472 1.043120787917069 0
9.832563124792543 1.231490398732457 0
9.963461746803706 1.049890076285687 0
10.0437758638102 1.211296082384281 0
10.10486490084528 1.044951606191307 0
10.21270688991534 1.152273867705049 0
10.32456211291313 1.043088173385227 0
10.50513927306025 1.151507524567589 0
10.54338770525254 1.043141894570762 0
10.71105577149252 1.210979518995996 0
10.68225793111052 1.04359959809736 0
10.93522640983674 1.233892976617174 0
10.8849370650752 1.044844655807066 0
11.16588704266953 1.245097765861658 0
11.10917202746075 1.047049663936276 0
11.39989079839106 1.252585546258013 0
11.34165392360002 1.050405503746498 0
11.63528094201564 1.25946101246814 0
11.57799720966183 1.055312030155599 0
11.87085912330079 1.267690801649376 0
11.81673818158295 1.062534761118177 0
12.10622672176492 1.279914805927076 0
12.05847463193442 1.073543887246996 0
12.34419629021327 1.302931832327906 0
12.30778782392395 1.090728515605202 0
12.62640182567834 1.372023992016804 0
12.56705210951702 1.104582947908517 0
12.90768002838298 1.331267294101744 0
12.82723349725685 1.101231376874559 0
13.1527583068025 1.30624038424945 0
13.07900331756943 1.087379670123077 0
13.39094269835281 1.286873467998738 0
13.32348618306313 1.073764287203503 0
13.62708731717584 1.271150518580739 0
13.56464020442824 1.061664549397899 0
13.86206678151509 1.257776534298996 0
13.80399275161794 1.051440149898825 0
14.09404939744527 1.245567084685459 0
14.64712188661144 3.122680627377271 0
5.462567056625242 4.19894489928123 0
14.94966417165823 0.9620483559496524 0
14.73543779209387 0.992536111039414 0
2.486176983515811 1.145158612110825 0
16.07014919420902 1.686038041614676 0
16.64109464283587 1.064705122664965 0
2.2033391351008 0.9944661227962184 0
13.19513138605581 3.570211337528631 0
6.187623192502219 3.210887602462625 0
4.452882019476789 3.162806199121488 0
16.64837533111907 3.307442793385564 0
8.446084180570432 2.93416905838079 0
1.229227605712888 3.994235184853958 0
1.060926752691543 3.878679704790273 0
11.27962775669772 4.794662675849938 0
18.03908262762162 1.004393274209193 0
5.057184672456481 3.603520454933662 0
2.707015380332077 4.030743570533444 0
16.93755561032248 3.56322750081909 0
12.79192484764762 4.7924633366833 0
3.263132520706161 1.39913395167283 0
3.375408589056644 1.270086629631947 0
18.90306494805625 2.794138266733895 0
18.86591194980532 3.009480869065168 0
6.344558949565587 3.768731515160177 0
6.710325117263487 4.177463094835353 0
10.27570693784814 3.755207082605375 0
10.09801377648603 3.940543940390484 0
1.096462358991474 1.343537059040753 0
18.93052446770334 1.099587968451976 0
12.42247459905747 3.862480083188755 0
3.244354847049641 3.548383364041776 0
3.373932527071095 3.912307971366334 0
3.291697731725715 3.318329943469995 0
18.69462136964778 4.080855691897041 0
18.80297588509695 3.896510069395406 0
10.09882335892383 3.782031525437406 0
9.923141627832718 3.935913475342918 0
10.07692741253891 4.116872398725628 0
9.885025577139871 4.085990505928965 0
18.04159854641629 2.088847717850914 0
2.041045069647434 2.045224873260456 0
9.802925223508602 3.92307529942355 0
9.697093021084838 4.021279233678478 0
4.92890103124379 2.87518635092453 0
4.067187089191823 4.094269954728411 0
7.575471094202534 3.589495334325664 0
18.88164270865535 1.567100698308189 0
1.547010503379109 1.316501885026003 0
1.100594207272657 1.831291620145706 0
11.84339860724679 4.338564075319724 0
9.625135426387605 3.870962294597428 0
9.539553472862291 4.032433700040421 0
18.68927330863062 3.598236610457313 0
14.54380155168458 4.203188696007859 0
14.7807511504796 4.308213253086913 0
16.05979193436326 4.081591821619755 0
9.564242883910639 3.564586917675909 0
1.170432346448019 3.738460636212709 0
7.271984620383959 0.8316013812719423 0
10.71299843727023 4.146512481899414 0
3.915051304212344 3.118533648239542 0
7.767706121560604 0.8309505522450886 0
15.06624932142403 3.756324696397135 0
8.05962081201449 4.329162454187746 0
8.508103316625775 0.831536114640796 0
3.678107181979971 1.821589654389705 0
10.02707042754978 4.304932095775603 0
15.00891329339928 2.912101307609069 0
14.91222565955705 1.410468583686991 0
6.527371149092176 0.8352511624092063 0
16.0685305584976 3.215795096298912 0
9.238281528399224 0.8365589481677944 0
13.56182012780324 3.909748243767035 0
13.68122140856499 4.079775966001984 0
13.62566166502325 4.263247615541502 0
13.75880023572633 4.175978949435027 0
0.9503789761656947 3.800280724517089 0
0.9086823970014937 4.002632959520136 0
0.9905897600327886 3.645290979631446 0
18.71566149353443 1.059556618987753 0
10.43652242990099 0.934067613927962 0
5.782214443727693 0.8464003145942729 0
6.01790699546889 1.468619469328619 0
6.52159531596031 4.152847720199442 0
11.04502314058554 0.8476765303788156 0
11.75935443370929 0.8536880695282791 0
15.99231158793477 1.296383739466135 0
15.83279557363196 1.107974193037141 0
12.50615469571427 0.8745838333849663 0
7.887172197649361 4.008556360028688 0
7.85551426544928 4.189836276418841 0
6.756369266389452 1.456922731593591 0
7.76844380910908 3.982855948890406 0
7.694312271831288 4.073261789143332 0
12.96945310426732 2.908222777634482 0
17.79755927649099 0.9884808136850576 0
16.89232859005855 3.296078161574528 0
7.494771976774261 1.453072567763296 0
0.8770916823082313 1.613211051405404 0
0.879620314448923 1.856989161036096 0
11.66344355407592 3.326557728917221 0
16.88023559282899 0.9034368655578462 0
8.231740138611737 1.451844098040112 0
5.843620784731543 4.259041882758015 0
13.7459177425639 0.8425826023752832 0
13.99052221174589 0.8372208790357132 0
15.09910921434523 3.953057070354028 0
3.797090554582772 4.18076319143635 0
5.915267435593952 3.396674153765836 0
13.25745689610483 0.8587872554761542 0
3.137120646707121 1.569281711606542 0
3.196752403446793 1.753336762430644 0
10.95162653983439 3.415540758371984 0
12.03425777593409 4.375335636100457 0
8.963681227482974 1.45013998915601 0
10.51390284601127 3.374580336909057 0
18.89768121602028 3.707013160265215 0
19.02874504712772 4.018704913321255 0
9.682159553560385 1.439907024994612 0
13.69990158159182 4.371882109903173 0
3.135813814604804 1.207021023013062 0
3.145944009632055 1.01957337525359 0
18.97378343044899 3.510748965648268 0
16.36126087140523 4.143707254136244 0
3.003257751469973 1.802998531590708 0
10.42103829100327 1.344024352266769 0
3.897629994990816 2.354435031858554 0
13.73300788358188 3.96360800977113 0
15.98421886402227 2.361144493881895 0
11.2187853893136 1.445749714871645 0
19.13234883352083 1.39307587587113 0
19.10494154499417 1.64424529198851 0
14.29697528032258 4.218183001302045 0
17.23492537156213 3.514307029648117 0
17.22889117241986 3.792959791644922 0
9.936117732722888 0.8756507131146924 0
7.376991610118051 3.259959329184965 0
11.92438863156898 1.469254533711923 0
11.72777848968064 4.307126848308589 0
1.435839371990911 4.117505507647566 0
2.991703398349418 1.023941176798985 0
0.9106870294492158 3.027277487036689 0
0.9014608236792387 2.80046750366379 0
12.52829722493414 1.510389933595632 0
18.6206063176749 3.136442817331718 0
1.349212563005603 3.220736839076394 0
13.76140995311935 3.287831666152571 0
13.62413022063415 3.268955913526779 0
13.22989252368118 1.519762916448483 0
1.297310818592164 4.333058306023074 0
17.78849008296661 4.147807240632075 0
17.8313254371181 4.366178857174818 0
18.58653233260383 4.262627776724729 0
3.076029849786597 3.261322322031044 0
9.271425085190753 3.13691165645197 0
9.090054364283709 3.240894645032569 0
13.68845572373531 1.478060694479034 0
5.525399987155263 1.4863910554117 0
8.481463735186306 4.760678734055347 0
10.26912169230448 4.370238938822245 0
5.283835909248495 0.8628023546925891 0
5.033760166496533 0.8757464337487324 0
14.77804507293448 0.7285621640770257 0
15.12007166759474 0.7766483991020998 0
14.55508237391664 0.8529971142921438 0
10.53238843573226 3.17480226896433 0
10.67631870437134 3.194463480609382 0
3.308883912756015 3.100056208497934 0
16.68185979890801 0.8587455375094315 0
16.43294280705641 0.9917908019072841 0
16.25326907230288 2.211579667999035 0
16.64632073737875 3.078169593285221 0
11.69461080516726 3.187866981582298 0
18.02831093867344 0.7536518280253637 0
13.59274703188986 3.398710842056617 0
4.866891493744464 3.515614027611842 0
18.78672676918708 4.353549249548542 0
19.11628584662125 2.876391061121356 0
19.14951583908717 2.653282104973112 0
4.943871130609248 3.349006035593721 0
13.8672808525063 4.336639574437203 0
2.495667980111706 0.9067925140252209 0
2.075525653634945 0.7762329204770044 0
6.220569770727167 3.082714901336266 0
5.815966457632027 3.700181198642728 0
5.969527578297735 4.267090575056105 0
6.141868263115383 3.382110905409458 0
6.318632196494674 3.22554615380034 0
17.48483387691758 3.988442659989191 0
17.53234284762304 4.262745271807804 0
9.639518352396225 4.204579604360907 0
9.468805634496315 4.138493404375343 0
4.775300351358645 3.700047317680055 0
4.971943283495332 3.790029283501192 0
9.478450007244312 3.933926950992841 0
6.711766258296104 4.377169116965987 0
6.514275581964023 4.349971542544303 0
10.24524654446637 3.612411905290521 0
11.91695717618872 4.546551732706652 0
18.94616909582043 0.8605437514052352 0
19.15829802894251 0.9050058470925002 0
18.72570232891913 0.819161872753257 0
7.572186047147087 4.204337825128669 0
7.46306462004167 4.04508766225925 0
3.021064560912912 3.456421139534277 0
3.951405748845015 4.31729955452706 0
11.12587145504219 3.359285410821338 0
13.97104267972924 4.202551650957083 0
14.70861201144907 4.528300989986701 0
14.89060806296058 4.511519092768532 0
0.2185995005784243 0.4738255062816501 0
0.2298788308266513 4.52782091419744 0
19.52995902216217 0.2502972381415827 0
19.76830762953013 4.540885865514146 0
2.827160562809888 3.834598270129124 0
2.921534954218386 4.158838917083281 0
2.578863303289753 4.271209072775484 0
3.71882969436363 2.223319038501392 0
16.18155095334193 4.297327490733801 0
0.7566680894244726 3.694911467439932 0
10.09218020324457 3.638151799656681 0
14.49567109225852 1.078485071795241 0
9.772878441436108 3.820156659094148 0
12.2654479112969 3.662275397226905 0
12.17719181432211 4.193014533802022 0
12.22092034556523 4.295621737944036 0
14.06227707218926 3.498784963668552 0
9.159716204421295 3.400728315365037 0
9.043299560615495 3.360657740675478 0
6.14994540824355 4.113798771171277 0
15.00568362529224 1.840444595615906 0
4.966012264761061 1.928467564540349 0
16.37136445705076 1.455606796282793 0
16.4703234761885 1.633148667172026 0
16.69520147581325 1.728635084414964 0
3.059554697441463 1.989003672993408 0
2.830425295079679 2.035115889617139 0
3.261429133300137 1.944872880278048 0
15.27130526506094 3.709118603696878 0
15.20111696434026 3.511470103132362 0
13.47685438014518 4.33918211322689 0
11.08085605699671 3.272622302303798 0
11.28799115101805 3.280134823975503 0
15.62449135851357 1.094922281929496 0
15.82466189979682 0.9027130975574738 0
16.03986827116911 0.9145403008778477 0
19.199822072492 3.619348996513366 0
15.92744833655954 4.153864912947955 0
1.945445279959065 0.8894143944561055 0
3.380523731152738 1.026185742929649 0
3.751002976238854 4.413437433074785 0
17.78841978475009 0.740364385826825 0
17.54895065295418 0.7271092112308488 0
15.60463346086633 0.895023275694615 0
3.661054069838572 4.242872489805247 0
19.07867327508899 3.095065209295727 0
5.741474231593096 4.770494717368935 0
0.9201581545048061 3.244720373590186 0
11.73006463722346 2.952410484601561 0
13.47250728194355 3.346268622741832 0
15.54386015386606 2.064534141122234 0
16.57089905639089 1.815018977625886 0
16.35467999037782 4.391693020381785 0
16.47793559108435 4.320609793816468 0
0.6780474162498926 2.842299996486353 0
0.6709617163001678 2.608112199086363 0
0.8927634758411891 2.569341623462993 0
0.6657453843814451 2.370655672732817 0
0.8864302156003365 2.335141936824254 0
0.6620848612865586 2.130583409156136 0
0.7242627742026126 3.501963262903177 0
13.62707596862504 3.125756132574445 0
4.689501531387241 3.895524624571367 0
4.892851943288687 3.982620600806535 0
4.605413236730872 4.093595045981234 0
4.813824208836892 4.18539714591364 0
5.034428714095334 4.261028350959331 0
17.13060662805572 3.240213107717993 0
6.889560610595503 4.211312629045867 0
16.71601654425404 1.979815575194413 0
16.87183645108917 1.801473363344775 0
4.324235133723668 2.131054460886768 0
12.63535265222451 3.465265202861455 0
5.209581804283997 0.6494772354591893 0
5.459692557187293 0.6417922250353147 0
4.633481060752912 2.899434756151138 0
13.94589071018978 2.996337849000635 0
14.95944394317712 0.6147849028882173 0
9.953137131047118 4.483103624979385 0
0.6567775801827285 1.642714758551187 0
0.6539554150085287 1.395303713316773 0
3.106863742891863 3.065679236453501 0
16.4814081499672 0.7906874686773362 0
2.699697162983266 1.496920193417307 0
13.93368525355717 0.6257534022631248 0
14.18557063441716 0.6180042540495192 0
13.68603090000871 0.6316421276273472 0
4.95874462007778 0.6599222234399678 0
4.782316731388372 0.893212155604886 0
4.706232424581398 0.6738631647627198 0
4.528556108188816 0.9167468311200964 0
4.450836992248445 0.6922701065263293 0
14.9719317495267 4.395056633282053 0
15.47695208387808 2.941073531513052 0
15.21003001038435 0.659608149583703 0
15.8098016837677 0.6880816074079454 0
16.8690271990729 0.703352787898567 0
10.41809550264327 2.949727863380212 0
7.420141064274772 4.324618523359083 0
7.256479748953076 4.396148868309144 0
7.757600433267243 3.405771020861695 0
10.59137042518145 3.599270507656055 0
3.352087508187842 0.7823791863021476 0
3.635660703862722 0.7704444687593046 0
9.209674701167915 3.677683980871563 0
19.17469828333229 0.6783698756569454 0
13.83376563998868 4.565390643627092 0
1.858203856405018 0.5751178323599002 0
1.784207879003258 0.8487781123379043 0
6.127010741421887 2.899188931146242 0
3.86227412149481 2.17743946137404 0
10.71452148204523 3.057841366902997 0
7.318538244732974 4.145149943008102 0
10.86835878980333 3.096458521893626 0
11.52073573237073 3.166659503549972 0
18.27414624636318 1.017115852958876 0
18.26528257401155 0.7685816890630248 0
18.06206489977309 4.352034128858934 0
19.05923480172877 1.885326793523173 0
19.26762824375073 1.983547945425268 0
1.102587540342221 2.070515312731698 0
16.05819016823627 1.911444918155964 0
17.09399644712127 0.9274720719972436 0
4.665644712326732 3.388722544757125 0
18.76393430342041 3.411508354882344 0
19.36107396332013 2.738495531210116 0
19.38843656159041 2.511913821235439 0
19.18235954766079 2.428375467821449 0
19.41721370575584 2.289455957424416 0
10.31874258320507 3.385305164237884 0
12.37925040470986 4.208796140217273 0
12.45311386201055 4.342895207729002 0
1.129006885841346 3.543153958855312 0
15.31854048920416 3.925110380341222 0
2.622566693621517 3.44586102847181 0
0.441536737696671 2.167866589826281 0
4.539192138082635 4.247642833801237 0
18.3405897594568 3.403929674197207 0
9.829023054337563 3.375465189496869 0
2.845501749071601 4.358060792089369 0
3.077391152839581 4.244472109991128 0
4.270584919943436 0.9487561105135944 0
4.190180397274525 0.7162238239343572 0
6.905201609504548 4.403381508345763 0
1.503326804101089 3.463441957288004 0
17.41478041131689 3.609874864867482 0
17.27959481226366 4.255873556629479 0
17.09285502095954 4.28059064264502 0
15.359868243796 4.132089307448691 0
15.52676130426693 4.101575207127235 0
15.40937460744107 4.329167954593975 0
1.571406570822676 4.432954921117217 0
1.662588566213456 4.234987486937387 0
1.355591471632993 4.576790858768446 0
1.099510592911065 4.402530538712695 0
18.49153999247896 4.440272633291565 0
18.67594393176332 4.517035255561257 0
18.92469038794864 4.42816593387321 0
11.14235109700278 3.190293371487148 0
19.35922690435461 1.440110618634286 0
19.36208877546625 1.183357188766639 0
2.93872523880846 1.155514437682501 0
19.36673448086918 0.7138762931318816 0
13.85034568527323 3.632466495729663 0
14.02861177666621 3.671323356050693 0
19.25612143366179 3.407456590113907 0
9.11319191753017 3.10881781292729 0
3.318827391297769 2.897159413426922 0
3.516639110130132 2.915060043033475 0
4.152395896343766 4.372471574482221 0
17.82495095828439 4.571277444721943 0
10.77484719412388 3.360445884537923 0
9.279299067614843 3.034109386657059 0
5.957709170249452 4.421533802565897 0
5.333084754663824 2.946672066357225 0
7.902656188290168 3.868373678986023 0
7.702820804272662 3.84111693426245 0
7.599248133151628 2.98271935956038 0
9.558266980591791 3.002172976834253 0
6.321351397625087 4.320056109804593 0
17.08363566943517 0.7056849209632565 0
9.57530104559094 4.383258316468318 0
9.335228102927985 4.311659103959511 0
9.240688379296017 4.169275190076712 0
9.099710401135539 4.333892419368059 0
9.30311890997954 4.554714629178061 0
3.114331807985389 2.171255777413799 0
9.109352807188298 4.171369959653422 0
8.909516228360454 4.307857955843378 0
15.92963053545776 4.309572665615823 0
0.4353350929924407 1.428186696312453 0
15.16775276474646 4.534026628217116 0
15.41015757479406 3.402447045042285 0
15.14121084356807 3.376965627887873 0
15.23239146703979 3.260669413355454 0
15.07016865356413 3.162885864251797 0
16.03594913563635 0.7026865317885909 0
16.03143614637112 0.4777891610645946 0
19.34671113871422 0.4973695312969455 0
7.33836333348262 4.590700945943982 0
6.331391015268443 3.37870528319704 0
6.480260358369215 3.352680792454355 0
6.454858188614406 3.209872658989884 0
6.17330051815584 3.573678023554513 0
6.612743187502518 3.331095738576468 0
6.59566091992024 3.192996499687286 0
6.73642832574459 3.173092436298598 0
17.04773213129895 4.072181876530343 0
14.28611388971884 4.047646940741587 0
3.311588746101195 2.141471658299198 0
13.62603892842782 3.743901939024882 0
12.28088259549915 4.457838572635154 0
12.51031340840777 4.437116383684836 0
12.62019170965568 4.264700772294535 0
12.645527346524 4.42045748857273 0
2.718904268990367 1.698964256948535 0
2.408191229176535 1.839237345301612 0
12.84454519833985 4.17803901626241 0
12.84554021763806 4.401269856326326 0
13.87195662669468 0.4146250639470774 0
14.80768339989123 4.661313480538049 0
14.52469797409209 4.737980172605431 0
10.11747912705075 4.568600411391019 0
16.25059461531602 1.535141201122387 0
10.3932360540049 4.545612347668669 0
10.5093597155008 4.30330084298842 0
10.55707380315224 4.458810624808555 0
13.08695781499919 4.203644761713379 0
13.06746945155362 4.392637230798212 0
0.4328707812156392 1.178774873389831 0
0.6502347535728408 1.145551469996781 0
19.58110284178166 1.464711326254379 0
6.303408280948161 2.864849597660847 0
11.77862056990308 4.738658862389871 0
6.712093979615263 3.064369359727201 0
6.889116060643 3.13978136006609 0
7.063541234690878 3.112082322319851 0
9.248334111282102 3.841475667707774 0
7.372825533169436 3.888915221733889 0
4.995493588109144 4.488561011033211 0
19.56948930853765 0.7283952989089535 0
6.29630769098339 4.508000763559105 0
6.502423769618829 4.550966217033367 0
9.786169562898166 3.495344454464988 0
9.942426455602487 3.510959975535416 0
17.53539799643929 0.4857550004710878 0
17.77684494307179 0.4940419645591518 0
2.291009488325304 0.5686522421638187 0
2.736235148424477 0.707722405147986 0
2.631743795739852 4.528083554150639 0
2.391754037180304 4.364113596995803 0
14.08088624873174 4.386801768285746 0
14.27988591619706 4.403883868983717 0
0.4393798590169684 1.92292920078187 0
0.4482071866578554 2.652305063968395 0
12.61520366809273 4.587852929849117 0
3.778091857843102 2.004937747152363 0
11.36287140600572 3.129111243974872 0
2.598317393075768 0.4830526019166794 0
7.81554701882422 3.718730933158233 0
12.27588282020758 4.059857621890696 0
8.975246050305188 3.514355768933532 0
8.863668845622064 3.411881642723642 0
8.888350419273246 3.287365449339564 0
8.727991355460313 3.295053577036381 0
8.715606953429369 3.19109134195026 0
8.587168645940931 3.289977333062418 0
5.247741702398795 4.306775659795329 0
5.241707910632467 4.512159790883119 0
5.795340083249522 4.37605005704555 0
16.2344502870762 1.305501511163353 0
16.56841361733002 2.135437383735989 0
19.57672836104997 1.211486661478171 0
3.090302479722293 4.449050433265557 0
3.311135341287413 4.371386422645092 0
15.66434882458818 4.262328705852209 0
15.69310916679287 4.532608592414088 0
2.056274647019286 0.4561042125293042 0
1.788522876154113 0.2697659199941023 0
9.103074267075685 4.028605542497887 0
10.38417259917822 3.566315883402326 0
9.382485909904714 3.658384692714394 0
13.05580150547815 4.588520947298051 0
16.87160229312145 2.146408546681042 0
17.03921666436072 2.008122431288096 0
16.27855532063104 0.5023372827717674 0
5.639968490794492 3.653491543496919 0
5.851532867885799 3.53039153684654 0
5.992066685156626 3.733022079602637 0
5.974589591945692 3.915544934326194 0
6.158427014427028 3.932966210143796 0
16.84481891548285 4.139863938769387 0
16.92354834321783 4.347201435673685 0
3.577980010185092 4.494560009989881 0
3.823812692809765 4.546835319102517 0
11.61158302632514 3.459065439832297 0
12.08337320632776 4.046448559957128 0
12.10407653325663 3.897534592349361 0
17.43889439785765 3.766484148778287 0
8.680288777700389 2.973270165303556 0
7.058330465459039 4.289127750542531 0
5.49777667937864 4.756801174565552 0
13.62829274035237 2.94294697926586 0
13.48583097425929 3.166269326775801 0
13.25876883788676 3.167463836064673 0
13.80158000174416 2.955208537379906 0
13.17310680394014 2.929452279496478 0
13.11080367330152 3.110755586837842 0
13.18749459579869 3.269711463441649 0
13.07346243522905 3.262944841648248 0
12.92588846473915 3.091894176583566 0
12.91168686251732 3.261055723130616 0
12.76835539137988 2.891420384844014 0
13.06148079196561 3.406264611533049 0
4.378647963559296 3.525141737692712 0
5.122794464265856 2.864299983598709 0
4.968975472829642 3.031398639725873 0
4.789524400895259 3.031430574122389 0
17.43129183401638 4.512437556730802 0
12.53629757714513 3.257157357617483 0
8.746101605530873 4.708754256100661 0
8.62333727656803 4.555388297851072 0
8.469088882795949 4.553350757944612 0
8.237147929725147 4.757028375488222 0
7.938659098997851 4.719876462139887 0
7.785155654331088 4.572088349764242 0
8.036203024300713 4.501259290182395 0
8.856661022944458 4.487799800585061 0
8.673944653790873 4.426878570647398 0
8.494645658376974 4.371742292172151 0
10.22799183960748 3.491776553896831 0
10.6988623455018 3.484243692178827 0
12.03732806486513 4.772816246001296 0
11.09248987064166 2.875824585885093 0
19.59202365993109 2.593763795683362 0
13.28481965422531 4.214633704944705 0
11.51458635426483 4.788032811290982 0
11.53047868700747 4.5982481314315 0
11.31367997524958 4.596043107662242 0
11.34682034520867 4.4055307785141 0
11.13270946991051 4.402271640218048 0
11.08779857552599 4.587942740809181 0
10.97387002607912 4.395014015617003 0
1.782054103125324 4.5390370714161 0
1.887290804903342 4.353106928737762 0
1.942447083586748 4.618804108881164 0
7.443249855835202 2.944671803131627 0
4.988949054870574 4.74065008401158 0
4.692455994161956 4.427510342577211 0
4.467054026581186 4.747301337149802 0
10.57431594580232 4.793577083665984 0
9.927485867365636 3.650358655325387 0
10.77238334498694 2.911228970157435 0
14.2433291804519 0.8373953406296706 0
14.27552201808998 1.044950400462823 0
14.47236520668996 1.217388036289883 0
14.43213070262765 0.5935614144074284 0
14.35232972957741 0.3871904999599103 0
14.64744486072386 0.5372917466298308 0
14.25727620048115 4.782276020505846 0
9.930186157154894 3.794583684334144 0
4.379659142647904 0.4633493077216437 0
8.265304953125657 2.942295668188054 0
8.446857379090869 3.117385094680406 0
11.68436952970077 4.596678671242973 0
11.16538311960441 4.22309692688011 0
15.60056795397941 3.0704710490784 0
11.31667901273955 3.404145632310306 0
15.01250139600385 3.569919368794311 0
7.137037544741839 4.598581235663647 0
9.511631825297513 4.787110583620649 0
18.04292888793773 4.572075576743098 0
10.83334258571096 3.559774261671857 0
15.72045557823541 4.768302600835434 0
2.936451632193492 3.647340555090973 0
3.470996608127269 1.892154524500516 0
3.882672977146916 1.747090100860738 0
5.971923959641937 4.774481004185224 0
7.222268696136814 3.983240865008606 0
7.512424684742895 3.799722701288088 0
3.243873030127738 4.141230213602591 0
6.620614909748301 3.434614423731494 0
8.140171303368106 3.264119699972821 0
8.285303579800852 3.264023778653616 0
8.278409638686522 3.405124116898647 0
13.78958538106687 4.78106698287616 0
13.54424053151918 4.77789468740663 0
16.56894795974138 4.510381344285587 0
16.38279128237244 4.545302366259834 0
3.226045755796809 4.605781568865909 0
7.0730698429731 4.084990066196598 0
11.01057905935671 3.138031243667051 0
15.22031615312112 4.781576613963011 0
14.82492512916647 2.877209405622349 0
7.591423320431482 3.941555092607697 0
0.494486327232627 3.571699687215688 0
0.5304061500194006 3.775336199637094 0
6.410659691624504 3.04677248266159 0
15.81486261638053 1.866026076954063 0
15.78635526322798 2.095291654342103 0
15.76796949760287 2.319438909168961 0
15.54786780486891 2.293480111116472 0
6.118654152228543 4.458163394429523 0
10.83999579842857 4.546600596704134 0
8.051807889422948 3.882646140946672 0
4.241174141731332 1.980087235183456 0
5.165422770701528 3.398002158827004 0
14.95523260584445 3.356008556464329 0
14.78636683352909 3.213556494079969 0
14.90063790103448 3.079716352273743 0
4.474075284770051 2.3397809501237 0
4.887076454494822 0.441460581244423 0
3.51852196731756 3.120835108613387 0
3.751485671500693 3.333046931946955 0
9.303116899405833 4.027793042857249 0
10.34265661440565 3.459385703711751 0
11.04064605683673 4.79043477562336 0
2.688393381934202 4.75301592315812 0
3.009558304019125 0.2491795885113568 0
2.399232528279597 3.315763518684665 0
2.63259463103115 3.265824423390627 0
3.031591332165332 3.970581831153011 0
2.948168423464828 2.234021020359998 0
2.703673257552961 2.182781506110622 0
4.612725022367435 1.134806274099748 0
16.78407077211154 0.2513844669773841 0
16.56942815315445 0.553915177388826 0
6.332847408095179 4.13349903321312 0
16.85332437495293 4.661975457252921 0
17.34817978009032 4.744195770235406 0
17.27394735070925 0.2412359755766644 0
15.53073189250411 0.235692756605594 0
15.56018431560147 0.4631636580257665 0
15.33445485836066 0.4720835944162163 0
3.392192303169701 1.700118701577058 0
2.213603163547072 1.791612164713452 0
2.200564748069526 1.943871119085494 0
2.326788820360553 2.016795293086964 0
2.235538407315244 2.171615417061145 0
1.974078312236356 2.300747266211434 0
2.172153088447105 2.347994894942339 0
1.936842901309063 2.517445980944335 0
2.007166942539548 1.786991301182988 0
13.369162700922 3.261580766105647 0
6.926612116454637 3.471996957770446 0
15.13310873759699 0.5169237865749887 0
17.78199404155837 1.776994819363 0
17.51345070966844 1.7233621353441 0
17.77333510321462 2.060479131249353 0
17.44216610203141 2.040377336836592 0
17.18766272853357 1.849942775741893 0
17.19245961748902 2.20834574557897 0
17.7928127979561 2.336009241459438 0
18.03959355049832 2.347925985118354 0
17.82623444095585 2.584934023554067 0
18.04606898045043 2.588089842722028 0
18.05368531510328 1.815905396061002 0
16.42547675137911 3.273123147349808 0
16.44862196016978 3.067462947877649 0
16.63158730169462 2.885515248593452 0
16.85139582369244 3.058278178382171 0
17.06012607338643 3.009670533846718 0
3.800608766807953 0.246499670514206 0
3.539235226466278 0.25321241882056 0
3.855603672490208 0.4945636022335842 0
2.201060957695247 4.772624339392682 0
13.45797092450415 1.496137551279955 0
13.52136370444289 1.699832309035688 0
13.74665826216616 1.682097193891622 0
13.574924698847 1.897056412775161 0
13.30445641596156 1.724588176886931 0
13.09742176356688 1.760092284613503 0
13.18248749102002 1.956578533357251 0
12.89739662505176 1.802620094728309 0
13.92035093148539 1.462656599855776 0
13.97749607906046 1.667349943060688 0
14.15214266134359 1.446809074717829 0
14.21181667488454 1.652475898589225 0
14.03073898825601 1.871891536646222 0
14.04934748376776 4.579733654875111 0
4.811024997811232 3.303342459092092 0
12.79138445271716 1.599145240839631 0
12.60440836331274 1.647148070683751 0
12.41615035249368 1.670098386126624 0
12.49028441707161 1.861155050699675 0
12.27203100198979 1.869308534692072 0
12.20621857126707 1.672147977678075 0
12.15222208616116 1.477957358682616 0
11.98140670341052 1.669247355507908 0
11.7493387533606 1.66468060756158 0
11.81037736353091 1.868220348158041 0
11.5723941610597 1.864328320430876 0
11.51290625224421 1.658717351912118 0
11.4559303574073 1.454891651879842 0
11.27295376233073 1.650621003564283 0
11.02798089814501 1.638961290247658 0
11.08567345538435 1.851779551944255 0
10.83583394781525 1.844707825289188 0
10.77263782014784 1.622643304216221 0
10.72871438655813 1.404656297729458 0
10.50850330513682 1.612997119580048 0
10.24972707368741 1.621419060292724 0
10.33236875115922 1.843744950719563 0
10.08553048533794 1.849720564504601 0
10.00291310050454 1.636151450700775 0
9.916603459448304 1.42833686092374 0
9.761969106156545 1.645808061934498 0
9.521762091421236 1.651496731257689 0
9.600027772129096 1.859537244542962 0
9.445080540367021 1.445588388941902 0
9.280858634201163 1.654733549377117 0
9.205455834449694 1.448534540215411 0
9.038872038335377 1.656573009811279 0
8.795898908823343 1.657624873362987 0
8.872882955841289 1.864552889975994 0
8.720763110382187 1.450989048643048 0
8.552301626509397 1.658228751829578 0
8.476788320767923 1.451487580315742 0
8.30807046052696 1.658622853997132 0
8.063351923796979 1.658948435233975 0
8.141920003369696 1.865697761996262 0
7.986615625634239 1.452147109080115 0
7.818531057003288 1.65930410028934 0
17.27161274897433 1.648345095006254 0
7.248768955429822 1.453894348134396 0
7.32801249153839 1.660476533712886 0
7.08273387735496 1.661512539049974 0
7.573488062071194 1.659789779363275 0
7.409100356585446 1.866845874401567 0
7.002897150949454 1.455146605878744 0
6.837453146443734 1.663036123030001 0
6.592032405565766 1.665232130990116 0
6.675699043271027 1.870288620314083 0
6.510507748407299 1.459589983973279 0
6.34687303051586 1.668423864312088 0
6.264500638510313 1.463386891921846 0
6.101612745282433 1.672920661106893 0
5.856259687444742 1.679226592142548 0
5.942563995010532 1.880462059371794 0
7.741102886847233 1.452533732534902 0
16.19127955469222 3.387932759003389 0
19.80870656026482 2.200121228015416 0
19.8070786826278 1.965969865150465 0
19.62152303989425 1.938683054410966 0
19.62476800445442 2.148832459511641 0
9.814470587471082 0.2256362746975604 0
9.616501681481893 0.4388027903918679 0
9.365953584173823 0.4287942062765207 0
9.421150166323333 0.6381076573320268 0
9.177658785140963 0.6312165825637774 0
9.118508206160049 0.4229073408210979 0
9.876023271507075 0.4540964533285785 0
10.14354068141462 0.4633272282368694 0
9.918914111710887 0.6774246428850892 0
10.32536998566355 0.2261558711917528 0
10.40543366596616 0.4549824248444079 0
10.57635944256914 0.2213882022812808 0
10.65537343046103 0.4409037217183447 0
10.89957528415523 0.432577402077654 0
10.73781638236778 0.6537447601337298 0
11.07191046492102 0.2151858929631145 0
11.14321326669542 0.4288149746669232 0
11.31938131944064 0.2144971045914419 0
11.38783780156221 0.4280030158095953 0
11.6338712278445 0.4289965914941876 0
11.45429657721485 0.639636802552535 0
11.21280692371867 0.6394972301944566 0
11.81619398305634 0.2154913306735793 0
11.88137447698289 0.4308971666244403 0
12.06550673959412 0.2162403987586012 0
12.13020761621557 0.4328131708771403 0
12.37997709107566 0.4338716532455447 0
12.19318337152506 0.6501970674853332 0
11.9444103253052 0.6461330762780584 0
12.565140160914 0.2164184344125673 0
12.63000560903739 0.4334807261489715 0
12.81485687870647 0.2155310961591463 0
12.87963542316943 0.4315715041045025 0
13.12852180642665 0.4285042432642721 0
12.94445867232366 0.648658031874956 0
12.69451209342526 0.6520553810657685 0
10.50088424932666 0.678205017581047 0
13.3134203721088 0.2121822276517196 0
13.37664943105961 0.4247033274747558 0
17.70991207071016 3.439859433369681 0
5.772036926287785 1.476156649410663 0
5.611135467231569 1.688115072503419 0
5.365962536137388 1.700474127169564 0
0.2318519381664998 3.185530806780975 0
0.4614237171885041 3.124960093183907 0
0.4738854733585764 3.353156363961491 0
5.318609339272918 0.2146023094301031 0
5.56851349069019 0.2125295411432813 0
5.887329123711257 0.4217545226337531 0
6.136680477214209 0.4196721038263904 0
6.206976328536185 0.6290182443112216 0
6.068025640059985 0.2099503423190052 0
6.386055636250701 0.4182186486426738 0
6.317735736640744 0.2091946447058213 0
6.635249434457291 0.4172005117019038 0
6.884441482825043 0.4165229222043219 0
6.704651298406802 0.6255239268617665 0
6.81694254283854 0.2083122542910574 0
7.133631828089795 0.4161019234127301 0
7.06656642331593 0.2080948542693828 0
7.382688203077494 0.4158706008230633 0
7.450615800776869 0.623612997018492 0
7.565481037766835 0.2079473789690995 0
7.631669979447715 0.4157978184834317 0
7.814876724118424 0.2080040877285567 0
7.880380563867257 0.4158804135207546 0
8.128786096302916 0.4161547408029995 0
8.313120702886133 0.2085057605774892 0
8.376843334071838 0.4167090455226092 0
8.561988209348334 0.2091130944357094 0
8.624464937792979 0.417732469728906 0
8.871637626422476 0.4195793624425344 0
8.688010807534091 0.6255030301938644 0
5.638083191902282 0.4247157610893506 0
14.52140362710867 0.1860221745375679 0
13.00295434982115 1.552189481440111 0
19.77487541660842 3.153294522662148 0
19.55183937707244 3.057902898770053 0
5.279539115936792 1.500831317703799 0
14.9520150310567 1.622121225059129 0
14.69933509464001 1.6207450938573 0
14.75453593893712 1.844324428733092 0
1.282291673199673 0.2824439110721397 0
1.556075602732172 0.5577290754291395 0
1.305179024183406 0.5584879776661071 0
1.315891602882703 0.8239459498733115 0
1.085182984354882 0.8374925634579693 0
1.070273711615979 0.5727706319247143 0
0.8622452738626674 0.8614534851983107 0
1.421933507606775 4.784496981377291 0
1.190688101152533 4.782569758244927 0
9.059428392124264 0.2121168161992379 0
18.00966761851816 0.2525100792811452 0
18.50217461444468 0.2711256869142389 0
18.50072331545924 0.5350110650483033 0
18.53028781831125 4.723608270924773 0
18.80666471410039 4.771040726676967 0
18.75470223873845 0.2923139795376279 0
18.97149679669348 0.6183668699808571 0
16.85753519146357 1.565730253490044 0
0.2151759622724327 0.7170085559819104 0
0.4285311520181576 0.4413343935725882 0
0.447802258766961 0.2195353828725608 0
0.6345276850143833 0.3724135943630631 0
0.4280121886439101 0.6791914614530363 0
19.74180408209494 3.630777480803297 0
19.71142009443235 3.86381792857705 0
19.37396732579091 3.94949644819135 0
19.56615902539497 4.308371324435822 0
19.76597194019195 4.371581789248403 0
19.54035827746839 4.563043345212755 0
19.33170393520206 4.420146087290976 0
19.31602151231959 4.577658797994641 0
10.15157218159559 1.403608177891761 0
10.97871792947719 1.431348387382595 0
11.6913470014459 1.462094067212707 0
12.36888336215964 1.491189855677491 0
9.308814575267169 0.2153389362264591 0
2.88904937698588 3.203373838596527 0
2.919782608491876 3.031040777576314 0
17.11929302273222 4.425468080653094 0
0.2331925968783573 4.354249134071602 0
0.4565200631928583 4.538711659674119 0
0.4780643554018855 4.76837759998366 0
0.6826484492627571 4.546786935218397 0
0.663444094698395 4.374506095867078 0
0.4225771937872835 4.257919738172193 0
19.30007712443019 0.2653225471844123 0
1.125772351995908 2.764632540431263 0
18.93663821512014 2.572262782317444 0
1.769103837269155 4.032343951567199 0
17.55665699449284 0.969181377121388 0
8.576879890688007 3.627633165992334 0
19.52101332246833 4.779164142614345 0
5.299824269369497 2.095799123090526 0
9.436233416042064 2.070389376209778 0
1.254648886663531 3.587412419808229 0
18.50104804386285 3.496348918056996 0
1.77441332402063 1.308691035218755 0
1.041851544328591 0.2939058973969186 0
18.83866737703979 1.797949950333399 0
1.323392952504342 1.812705279009728 0
19.14596235154151 1.144744998952233 0
13.5020239728017 0.8501595686297434 0
0.8742347907757129 1.366902455304455 0
18.23054133194776 3.338204537142942 0
2.750577380925264 1.053936161700226 0
15.20974822437246 1.10226818593174 0
18.91004390504619 4.196460609507 0
16.35568519249821 1.165825100895119 0
16.22658435889814 1.077917255825856 0
4.863378879071777 1.108150658456123 0
17.79109515720397 4.781486309057819 0
18.42855218971544 3.074175049011234 0
1.071783947776638 4.143775901923243 0
17.00284809922879 2.327487846008848 0
17.09011142545624 1.151321404903027 0
5.094455478084688 4.059440817639755 0
13.91500977962754 4.054020178883023 0
14.119475814214 4.051391107716357 0
13.97743778586257 3.849657394326401 0
1.76690263358309 3.317242337386438 0
17.04627102906741 1.744655173238771 0
18.72114521735497 2.497658175079644 0
18.01881063223119 0.5039101303669957 0
15.22911546366591 1.626067679819667 0
1.618253506532195 3.060944224809334 0
3.113682672052024 1.389216445761283 0
0.8084187031748247 3.860886588376293 0
18.29447954061586 1.266876118196753 0
19.01120254263569 2.116895472201226 0
5.533671116165085 0.8534412452831175 0
14.38177621552587 1.4237850186314 0
16.28357200563817 2.847859053553158 0
4.109291698705778 1.222793978058068 0
1.326302302362148 2.508183422762546 0
18.08369060736701 4.063354513759085 0
17.77996430730186 3.187402901686637 0
1.982626197728731 1.059879649141884 0
15.7530061903726 2.527795000714367 0
3.710800027162606 2.729420032287029 0
17.54176380678425 2.363219421201066 0
1.869007789924257 3.817837163878725 0
15.62262324504205 1.319465681780765 0
2.297190916616364 3.069252738976478 0
17.66899005368056 4.399939332477114 0
4.876628122707785 1.7416436896429 0
5.121277551619852 1.717809586082954 0
3.723553393247407 3.123830027525197 0
11.56625411762245 2.887480233204167 0
18.22945446655357 3.213475005124699 0
17.43963025640579 3.359529406708498 0
19.36599824523064 0.9415606411301969 0
3.580515630786886 1.247434960482824 0
16.02764210982033 3.007253685244558 0
2.345761459133034 4.074767248791332 0
16.99180401328283 3.830896884497526 0
1.816067988770849 3.116813886061272 0
4.002999305396252 0.9939365797499082 0
18.50663325502548 1.263166313694592 0
4.096335850003666 2.54446730178296 0
3.151029894614505 3.770753476895251 0
18.79323712781731 2.031586263052021 0
17.3209925283135 0.948535827986178 0
3.906170582460231 2.928843068679748 0
4.45527676591793 1.381769888879362 0
8.753269883872344 0.8323307395822837 0
17.60685855640743 2.611239187661943 0
18.36704850070333 4.171314567759359 0
3.978906276650716 4.548809942132822 0
1.999137783931392 4.151829019749198 0
16.17630879248257 4.543738449863003 0
8.73036365252778 4.259296936895797 0
8.553827362370759 4.203761698321379 0
1.323305505410335 2.050741725580671 0
11.19981511717848 3.499611786178597 0
1.112466493068217 2.536112823406387 0
2.359530373861687 2.238475285178338 0
18.49853717418891 1.032808938480397 0
4.432608194789822 3.344995536824833 0
5.199615702519807 3.027847347948251 0
3.550268648899455 4.073414996971081 0
15.46757848654461 1.084810309484466 0
8.629655846143212 1.865082961536316 0
16.54320088361034 4.019695645830354 0
18.29164945234651 4.378841905664553 0
11.37266902836002 4.224243795245231 0
11.56615395697823 4.21447922813523 0
15.93257541379388 3.919854662025867 0
4.182003718458327 3.889933166328413 0
1.769274988513502 1.075216395470741 0
10.72802687150257 4.374033151646909 0
3.940133767157931 3.298118411363429 0
10.97058942705503 3.259843582166441 0
7.402082028852124 3.115164625960323 0
13.92877895663767 3.156222224662064 0
2.35373164378113 2.38001776120212 0
17.3124630226539 0.7150831497400172 0
2.126918081757128 4.513822528527475 0
4.465364891048188 2.982658401021317 0
5.163062526951747 3.871365128384839 0
18.3946117805696 3.252515980222543 0
1.319466225915848 1.079273533916163 0
16.72641586579532 2.279722809436727 0
8.368952152928056 3.665388689744657 0
17.85620959686831 2.804865004394018 0
5.348980358616047 3.946897367818007 0
15.48811116253915 3.645728678966723 0
12.2028943131724 3.510275652572381 0
12.15035380452614 3.641584072571943 0
1.559236183945165 3.262224927243802 0
15.35413342940089 0.9122306867879935 0
16.08479869224561 3.334406644042721 0
18.97124702868537 2.345871773705545 0
7.897874229708268 1.865976731811894 0
2.225876745154592 4.274812415161618 0
1.105927834857431 2.305793768183112 0
10.91940135019797 4.23554157697629 0
14.65052195930205 3.302404727692422 0
4.361628323889897 1.171615839797474 0
8.98062236482598 3.207591725750963 0
8.585008451094412 3.438929021077221 0
19.52625734385627 3.288783572183836 0
12.55939687271656 2.991110958561379 0
18.570295072986 3.323569064979871 0
16.45529914237468 2.309663432469088 0
13.1248117691252 4.023972347965479 0
18.26124360850133 4.574698751000747 0
5.629851283358481 4.292889039047246 0
6.279297037983762 0.8378054692118719 0
16.82734487944848 0.4911137741387228 0
6.097975179642836 3.033720918937607 0
2.137585945252222 2.551426414756439 0
18.82094631807083 3.21582187568983 0
0.2196588944933797 1.96078927011709 0
14.80486967178386 2.06233217779464 0
8.015209752986451 0.8309309249091892 0
4.629976553120589 3.016566827899227 0
5.056891280948937 2.106913122829608 0
14.11703654384597 0.4050056322891851 0
16.23379033656985 3.226526829221215 0
7.164718153672133 1.867603143854756 0
19.21903143104447 2.20467037437222 0
2.980892804354074 0.5371610035268037 0
9.14742487456288 2.936001190263422 0
1.3105385502604 3.419665541932184 0
8.116346624303707 2.974567949368073 0
14.29502625733088 0.1928144472698925 0
11.48433695436795 3.298757520337892 0
4.292119094554383 2.546323410939607 0
4.097211484422602 2.341962986838539 0
14.82954941934863 3.627053020304079 0
13.81023622217045 0.2063337221860628 0
19.03247762336876 3.30708504212513 0
8.98048191789035 4.043220966790301 0
6.719272727924107 4.577362961541582 0
0.6379094236765432 0.6372814076962188 0
0.4444074820157997 2.411277549910511 0
11.2057733508717 4.041976228274818 0
9.070008109290898 4.530756941267239 0
1.128008206665163 3.412012274612238 0
7.264115373031157 2.921357619820789 0
0.2244257477142639 2.70018258026127 0
14.86678989260878 4.125803057419633 0
7.788030752282343 3.568452226733052 0
6.431434494317111 1.872613439743088 0
12.72009342477404 4.020432714614739 0
4.397297764174701 4.000646189658088 0
7.024014563280038 0.8323589261940842 0
14.62412765978365 2.967864175722167 0
13.47011464096779 3.679625263942926 0
0.8825973646184284 2.098129801428841 0
15.18877914765139 2.9819332450942 0
13.68709585832523 3.587191846519327 0
15.79439698454203 4.060694346011593 0
0.9372017876567451 3.445986261141918 0
9.576073933054026 3.133413702472705 0
5.698397399220622 1.887019236210428 0
14.56065808258137 2.065925913912998 0
0.2163639502834389 1.21410500301708 0
9.829414759283839 4.254429271260125 0
0.6594255946683329 1.888208219348189 0
5.21019811794351 1.909409584515697 0
10.29182672021244 4.125028672018487 0
0.6874932675163752 3.071617078514011 0
2.941889756501221 1.61510047745774 0
9.387484005160429 3.486806103779253 0
5.16356530894214 3.194998192590703 0
0.2175346303007739 1.463602625571282 0
14.50871282199053 1.85149381256712 0
14.24162878078775 3.710751508990471 0
12.127275172811 4.476364882891274 0
7.699101418027719 0.6234743915456769 0
7.240098817387903 3.103428451442752 0
7.23266284278484 3.266008982836117 0
7.520253882100584 0.8311612848250989 0
16.25386406839518 3.038957267759791 0
7.926461799586225 4.32771229823588 0
4.414013531854618 4.503179018815226 0
13.19258813084803 0.643430884939008 0
11.58565813604113 4.0555781029466 0
3.691610118760683 1.071304711870481 0
9.665634134715189 0.6511925920983126 0
10.22900013581091 0.738613654888769 0
12.76514924461713 3.514129588105559 0
10.14340028952225 0.9348722547629524 0
0.7011901123899076 3.292559668005512 0
16.20708972546888 4.769176484620944 0
2.60727460484858 1.92614178442056 0
9.710134239975952 0.8525005555627423 0
10.81789829740999 0.8546142482121883 0
6.873571184997642 4.03419115673951 0
10.605900301608 0.8751350498961739 0
9.476725393000795 0.8417755434379564 0
10.97393277997401 0.6431819019367968 0
8.455500997279216 4.033670916074726 0
8.436914520633042 3.274664278747066 0
8.282905586512396 3.111684163198938 0
0.8697932584040498 1.116693749289507 0
7.44949902852678 3.660738877987163 0
8.933453448533793 0.6275015377076383 0
12.44355640314918 0.6525767737720107 0
19.77518303652234 0.4948861206537387 0
8.194701574934451 0.6238078364230371 0
0.2521457804097871 3.656377987627517 0
7.947234008976059 0.6235254721268342 0
12.37624342506749 3.702734188811266 0
11.69805780228379 0.6421586486415058 0
10.40191395676066 3.068602437028899 0
8.441845764750473 0.6243846442744141 0
5.454318457208158 1.896286163558491 0
16.34722587280795 1.951322665655596 0
0.4374987157940637 1.676526362494255 0
16.23923828327398 0.9363286749359361 0
8.26141128706014 3.539361690237718 0
12.47276006646526 3.966989347344963 0
13.01008832341283 0.8673229175912682 0
11.9466064669363 3.906304663716005 0
10.64054421413452 3.316516022178651 0
15.49781580088028 3.204071213442543 0
0.2773126335539402 3.879131030357311 0
11.51773567837255 0.8487807147887403 0
0.5934371095339195 3.958582626580123 0
14.48061376545082 4.440765512948168 0
12.25318084631583 0.8691765423670459 0
6.953588986794441 0.6245768296904315 0
3.987828772218188 4.760801859636956 0
6.776018323880713 0.8335470682420161 0
7.639446587205041 3.704117037005319 0
0.7019704219279657 4.120209958359887 0
5.786641814091151 2.0837040927063 0
7.202378484388592 0.6239679704690368 0
8.262250943424934 0.8310919384373383 0
0.8467198045959314 4.273656843151827 0
13.30200441999255 4.573091907647229 0
17.29567927571087 0.4799152794865353 0
8.808045346223516 3.140525372332387 0
8.996932454504048 0.8337941688318167 0
3.713816283926798 2.924116648678742 0
2.643387904264642 1.236443813545787 0
6.45620241960348 0.6269919708092389 0
16.28055151676293 1.687166945321956 0
5.286471044530249 4.125381677777883 0
13.42191228503492 4.223544488367496 0
11.2792428623123 0.846517710319574 0
3.095727061787296 0.8127383988660029 0
10.60902076029823 2.872733239129031 0
6.030081329613575 2.080241727137456 0
0.9090353891671317 4.555300233182865 0
9.888038397883662 4.606735779793582 0
6.018487134554803 3.453538738720416 0
10.50085482313867 3.500541397107161 0
14.82058688313891 0.4457274281675958 0
6.031044656819992 0.841427348613254 0
17.26542420359472 2.944975923184426 0
5.95844776616267 0.6320369767996523 0
12.75931962501961 0.8736556469983725 0
13.39985972805919 3.473989955900276 0
6.187157581134858 1.875909482105064 0
12.00401100818619 0.8609160173437651 0
5.70948662760512 0.6362000350715995 0
5.388511214052078 0.4287736801945545 0
12.91319191113843 3.406190379317578 0
12.07334867591889 3.502672297567149 0
4.817855079112258 0.2211694534348685 0
9.561451005621091 3.744576272086514 0
3.518254119833447 2.719368442354633 0
6.51707545644468 2.076078772618972 0
4.634745672032221 0.4511237202117155 0
5.138322808660502 0.4342437157215739 0
4.313530550388125 0.232110635150522 0
4.293860061246033 2.343310908809401 0
3.584196850737227 0.5089832308345921 0
3.304713367693691 0.5212626620682754 0
4.120755129294959 0.4784617214833222 0
9.274014550181811 4.775552286464894 0
14.99734874486395 0.2829276627039268 0
16.46329293977396 2.881188827577672 0
6.760585778515534 2.074867678160183 0
8.606553230160067 3.148990350075018 0
10.51276626708808 4.120515388891327 0
12.21779105729015 3.75525360995291 0
17.61741151139648 3.265870492437533 0
6.614384867753881 2.895901678555897 0
9.970068694116453 3.385003198611753 0
9.424473218368231 3.141998090369095 0
6.732209267462562 4.785122300418082 0
15.62649667083435 3.388593115865843 0
18.74171454500281 0.5657929005436382 0
15.11048381411779 4.198384949665819 0
16.27149207915059 0.2530972712733544 0
6.920363696283482 1.868720194877018 0
15.58258093855578 0.6829559642432277 0
3.326887007523448 2.703867325236022 0
15.36524683695187 0.6754280514237498 0
11.44106132821523 3.428851297545223 0
7.247677038297342 2.073442901257669 0
2.529411298946214 0.2440980255572205 0
6.493403240454183 4.767103388780566 0
3.919404719087311 0.7462873636306715 0
5.678979515697724 3.473354608088433 0
12.55058565859334 4.112565466633911 0
4.486994423599293 3.801907096792169 0
2.780098200541898 2.368449304649927 0
6.338433875129761 3.948542246204051 0
3.124502167596774 2.871231599169485 0
16.61274259536741 2.755914273189465 0
8.609241629528038 4.021573728182658 0
8.064268955570276 3.757931228251643 0
7.566401882118869 3.165338601087764 0
7.491216905585828 2.073045715996399 0
17.54094450865309 3.533437482517224 0
5.397987182777097 4.32387322069221 0
7.65367230017057 1.866341215947548 0
13.0330637044474 4.791398684522905 0
14.15090246528714 3.892955546811851 0
9.773754946960192 4.428399382470133 0
2.743881814224665 3.018383312711276 0
17.62823101306249 3.710187471537488 0
7.978195913254178 2.072578618725823 0
16.80361561998701 2.852020354923772 0
3.150526626684456 2.338260924190545 0
2.933499276515065 2.843629769865454 0
10.25958883825412 4.676906305206833 0
13.04507611832143 3.553052222501476 0
8.221581305807522 2.072425394782437 0
11.55161593028991 3.593170889624282 0
0.4536606133146002 2.890868109561012 0
17.76379312601708 0.2473847385662022 0
2.80106201256568 4.516442580987757 0
8.783901346514677 3.584289849492744 0
8.386045247417281 1.865425159583623 0
16.99229458959221 2.796695509502204 0
15.44359626855338 4.541736106844722 0
2.759054290219843 3.15668501340849 0
14.56279177387092 0.360493916430074 0
3.980289455625751 1.924722093197911 0
9.181654854185295 3.516167402471773 0
8.708022332244731 2.072072130527397 0
7.660350660817441 3.530769162721672 0
4.976847389964443 3.189932225960575 0
13.28739353587573 4.382342952969185 0
6.311690137055466 3.121391986508762 0
7.70574739462933 4.347076995035042 0
15.79336950117149 0.4659637977526812 0
1.547752484110111 1.074397357856593 0
16.02404499816894 2.142811461850747 0
8.9509821087091 2.07176184345854 0
14.70520626362092 1.143577956784312 0
0.2208646234595726 2.208301137266224 0
9.115823367627211 1.863637632981192 0
16.08309316657093 1.454611135411877 0
17.34391210152648 3.159929522902273 0
13.77913982639906 3.131042117216726 0
10.09340480622828 3.507073907389954 0
16.0188352509356 0.241732068834871 0
14.26836624308503 3.929395857451015 0
19.1973996207136 0.514529730698833 0
9.358174263697027 1.862090740127655 0
12.69527554584787 3.078792675275489 0
19.61004086852927 2.366329335116087 0
2.831516677932784 3.368866357510674 0
3.563403801559705 2.122469588155081 0
19.79563478710393 2.672770842606365 0
11.41485095335197 3.034223043674193 0
1.519016858081905 4.58044119783248 0
5.502183174732338 4.485845324602535 0
15.23897960412903 4.354713987763875 0
9.678716813918399 2.069008313144018 0
9.842127060641372 1.85545541008673 0
8.273348675271192 4.303137087774905 0
19.33210404800151 2.965252290844509 0
2.751370079037877 3.532075526616748 0
14.31432262760155 1.232810380597275 0
19.7891313799682 1.231994252213555 0
19.78273334367278 0.7394779750838814 0
7.421204225509918 4.794322505000039 0
19.79302694917612 1.480945926499807 0
12.80498005439643 3.412330642515923 0
6.169560554207354 3.751841636930557 0
19.57492318816936 0.9666287405617457 0
19.29843322138433 3.189026142720903 0
5.342714145211168 3.072091791686955 0
19.48528321202643 1.929972549924778 0
19.28362424249358 4.785748270472286 0
19.09502087913125 4.581841004183062 0
9.985461344334174 4.752602764994963 0
10.16482934214817 2.064490178285511 0
12.21399259185412 4.596297572427247 0
0.6016452483847061 0.2172068751830376 0
7.53607204689583 4.595213591524721 0
0.7162757085294107 4.773359064135359 0
10.40967705192964 2.062263681410546 0
10.58333871427455 1.841266868065058 0
9.532251548543226 4.579814698361215 0
19.49237636084482 3.515940889091573 0
7.192815749239985 4.796491923095813 0
12.82661364343399 4.593840133781172 0
19.12458682722538 3.823420043872546 0
16.65331681104974 4.228418118720638 0
18.26006743563119 0.5165389358239749 0
15.95013061594084 2.563366778720886 0
3.719385779443878 4.711291406658132 0
19.15657587922747 4.357626470249736 0
19.57283654770765 2.825614254505077 0
19.44396035269904 3.736772647608772 0
10.90263875610748 2.062775871460537 0
12.01942828785007 3.634600972530815 0
19.27221777903471 4.149278836460936 0
13.43940512487002 0.6375290644473273 0
7.114276351620265 3.802779105181777 0
12.55640886142199 4.781173331296946 0
7.073382758804909 3.282490956394947 0
11.14843873565209 2.065563780479516 0
11.33095620735824 1.858807055684755 0
3.188146580102062 4.792962745109067 0
19.55468932317776 0.4923762356819283 0
13.24064858730735 3.393805632892138 0
1.135801189378515 4.566954335264679 0
12.28186395500731 3.850334948750612 0
9.504838563745356 3.652983206857713 0
10.16706470238627 4.799231305326733 0
6.009412595290199 3.567708195036396 0
14.24115009276978 3.507456810082054 0
10.52741943163037 3.024326697304637 0
10.82478954722235 3.229238087762426 0
13.62432362992072 0.4202910846645085 0
17.62374730335048 4.555213424014442 0
11.63454163665873 2.071347799081057 0
2.033114866308223 0.2589142005151617 0
17.24702892403333 4.462884434650308 0
6.93118125082419 4.593513838461675 0
12.04423029999423 1.870307770113378 0
6.597116879552473 3.603959428775521 0
4.633237556599119 3.180572479307743 0
11.87466072271359 2.073174918055786 0
6.13944547442442 4.290119425590702 0
2.407160373576614 4.534225686523303 0
6.376544706809874 3.572737279841366 0
13.79722872905401 3.800154815081218 0
16.06699621070369 1.143847807926926 0
6.527530569413017 3.483069474416542 0
12.72132917978832 3.301053156679267 0
12.34686679267761 2.072249870418426 0
12.43983069522078 4.548163286284597 0
16.7147228715026 0.7128964077686097 0
12.6974501167704 1.839469201042669 0
12.57648756490862 2.066274135591689 0
8.40091409015357 3.566034034951413 0
4.750623374598037 2.883511136069091 0
6.752010708777087 3.321910250365113 0
12.08189553617564 4.590985239146973 0
13.00185369081901 2.012995011417981 0
11.54369929131892 3.038767642893525 0
9.395731908470127 3.015484619385581 0
9.346968784218397 2.879278534069297 0
13.62159146295482 4.533143122363303 0
13.24897935591028 2.097382027805586 0
6.908962325354 3.305362745440597 0
13.3672590407884 1.916606867968228 0
1.95932022539176 4.781975568082094 0
3.435087028793165 4.176043355198989 0
8.952257731457628 3.10085867572644 0
13.52823237728894 3.261017605805684 0
13.61347353233048 2.089204351363918 0
7.08682337471594 4.416733756698988 0
14.73031371151728 3.020680558963704 0
13.79866131084474 1.883181275010241 0
9.741360064307521 4.601209102818743 0
14.07926867785319 2.075814685624918 0
4.188268082036696 4.537244969507025 0
8.250459908279124 4.534257052380936 0
19.36519978356574 1.745394948602293 0
15.54884285458768 2.508065012368522 0
3.491574637236157 4.313476182526375 0
10.9191098797831 2.963454137477744 0
16.43612870535285 4.763226576483605 0
0.2301091798516257 0.2356643955487425 0
0.2393657283366384 4.760924422117442 0
19.75991715332827 4.766928389242363 0
19.59843177653607 1.713894532521257 0
6.263193010681366 2.961584627348715 0
4.802407441560165 3.183120067469752 0
19.76375347448577 0.2485494493201221 0
15.5846708720168 3.904404878514471 0
18.42133041522585 4.572054329368451 0
10.44148783941479 3.411888950237528 0
4.46719739600038 2.211130377164115 0
14.94879453483793 4.626317351279686 0
14.98864876534256 4.800305907029319 0
11.73497004812977 4.198869140669247 0
10.44070186345328 2.85522670011285 0
4.317212261298878 4.246935914189343 0
10.65442819592903 4.273672383338043 0
0.6449954177189134 0.8931434387350523 0
16.74936457987981 4.435610146170665 0
11.06306858554011 3.013644804238993 0
0.8491776277240337 0.599828973117047 0
10.59879607686971 4.612996941370382 0
7.16925658511543 4.230575780715712 0
18.87711451051202 4.568009826031783 0
10.58639655394189 3.418173836567036 0
18.0225216440427 4.783686176350171 0
15.94222256331118 4.533836260122549 0
14.77496766443481 4.796162872807024 0
14.64595533433195 2.864878375488523 0
9.535893896887419 2.864318181933516 0
7.84175067352283 3.372493301958011 0
8.092895297803834 2.8641062740253 0
9.415333579822148 3.79888222397372 0
14.63197520182133 1.360542056531943 0
13.9699709588927 2.877191407670614 0
8.426064966706569 3.424211454609705 0
13.53870072761714 3.534982949019404 0
14.58205768668354 3.201366183296864 0
7.476120872637479 3.265000553985077 0
2.892128485074164 0.9009572120311884 0
7.927407282418495 3.735925430158402 0
12.57769445971993 2.87825785890456 0
11.70614521266339 2.81974769684213 0
13.33337498214944 3.613534377031481 0
0.4301361721704122 0.9286822690213627 0
16.2623041509566 0.7334065351942418 0
14.41970196651152 4.583029667477762 0
10.2345091625673 3.383469447482699 0
2.86365396583202 1.382034548472958 0
11.71162484233815 3.049513393952351 0
14.04134047842016 1.044103840422846 0
1.092793979701694 1.094119468229017 0
7.630545399815755 2.866181978255136 0
2.512098459088488 2.152123010412409 0
2.773949723220394 0.4123255606804608 0
2.856624026676199 1.844503746791506 0
10.46300494608283 4.641934150097773 0
5.951332426597427 4.583150151996907 0
12.11775087503106 3.764858291002257 0
11.58755993717266 4.397942309176014 0
17.26165307722481 4.029944227828372 0
8.949046924396352 4.150735694780094 0
17.05966567103673 0.4790416342586932 0
14.2602411173829 4.587518248251088 0
14.26750214585404 1.861353726815515 0
15.68994705990124 3.568183827901482 0
17.01629043486678 4.532924183488673 0
15.35091390540598 3.094379053788781 0
9.698018946961012 3.353690267337832 0
6.592815744090853 3.050863301536805 0
5.352563560753349 3.312900424211743 0
12.50220801922487 3.413898677301094 0
9.724540935469552 3.655527658406591 0
14.71206745046043 0.3357022689615263 0
11.21352813970219 3.069541298508996 0
3.022607049090688 2.34611984607163 0
4.107152797035015 2.111859716827308 0
5.308011384981214 2.851887764235058 0
14.4509213849494 1.634183373908745 0
5.753104618993737 4.556454910878488 0
3.384727045722814 4.562517978001623 0
8.745699618025402 3.431643887366588 0
1.554827492112491 0.824511109167376 0
14.107137495888 4.213365444110732 0
11.76127687982844 4.481603208038908 0
6.825828093417254 2.951267561373587 0
4.574333659304537 3.607626624545539 0
7.858045121377563 4.444200541325881 0
19.45056190580033 2.079713334419828 0
12.8344502129351 3.952707709214092 0
18.4978363568274 0.7889897648595203 0
6.089081689095084 4.581614606421459 0
16.87296101295575 3.86932188353986 0
17.01976807229089 3.951539380513934 0
16.9462755233909 4.106022907649865 0
16.79946846405576 4.023805410675791 0
16.90961826817333 3.987672395594863 0
8.061916033041078 3.272679970147641 0
8.142362078198481 3.328471914053871 0
8.097272025493563 3.391420922854981 0
8.016825980336158 3.33562897894875 0
8.079594029267319 3.332050446501311 0
8.274105269819026 3.026989915693496 0
8.206604576685672 3.117160763630613 0
8.123325095581327 3.048602656715181 0
8.190825788714681 2.958431808778064 0
8.198715182700177 3.037796286204338 0
3.308902778599417 4.026769092484463 0
3.137732181146536 4.055906022377801 0
3.091310613389918 3.870667654024131 0
3.2624812108428 3.841530724130793 0
3.200106695994668 3.948718373254297 0
17.11034759285135 3.811928338071224 0
17.24527212482234 3.911452009736647 0
17.15469260426188 4.051063052179357 0
17.13252009855661 3.931495695125291 0
6.947590444643609 4.693698463884855 0
6.848104452962795 4.789502694863058 0
6.725740997693334 4.681242630979832 0
6.825226989374149 4.585438400001629 0
6.836665721168472 4.687470547432344 0
6.360551828187731 3.670734397500772 0
6.257059751886471 3.760286576045367 0
6.171430536181598 3.662759830242535 0
6.274922612482857 3.57320765169794 0
6.265991182184663 3.666747113871653 0
2.92937594748761 3.902590050641068 0
2.881806097501689 3.740969412610049 0
3.043740763403999 3.709047015993112 0
2.986558355445805 3.80581853331709 0
14.23468313671169 0.3960980661245479 0
14.08650772304169 0.3029398228944737 0
14.17550257978414 0.1968442303848272 0
14.32367799345414 0.2900024736149014 0
14.20509285824792 0.2964711482546876 0
15.55151037761543 3.234274302719335 0
15.61585081259247 3.326535253930985 0
15.5183271228142 3.395520080454064 0
15.45398668783717 3.303259129242414 0
15.53491875021482 3.3148971915867 0
16.23291132108606 1.007122965380896 0
16.14679028480091 1.110882531876391 0
16.0534322409364 1.029194054402387 0
16.13955327722154 0.9254344879068919 0
16.14317178101123 1.018158509891641 0
13.72767855147175 4.549266882995197 0
13.81167551052777 4.673228813251626 0
13.66691295629303 4.779480835141396 0
13.582915997237 4.655518904884966 0
13.69729575388239 4.664373859068297 0
9.275725505343967 3.934634355282512 0
9.331833845552126 3.820178945840747 0
9.446891793533231 3.866404587483281 0
9.390783453325072 3.980859996925045 0
9.361308649438598 3.900519471382896 0
7.607458840703788 3.646806185665492 0
7.617910877509988 3.560132248523668 0
7.724190706549892 3.549610694727361 0
7.713738669743693 3.636284631869185 0
7.665824773626841 3.598208440196426 0
13.93947873096972 3.651894925890178 0
14.00302478126439 3.760490375188547 0
13.88733325745829 3.82490610470381 0
13.82378720716362 3.71631065540544 0
13.913405994214 3.738400515296993 0
10.00983303530511 3.644255227491033 0
9.934956161484061 3.580659315430401 0
10.01791563091538 3.509016941462685 0
10.09279250473643 3.572612853523317 0
10.01387433311024 3.576636084476859 0
8.765302838367665 4.457339185616229 0
8.702154153159327 4.343087753771598 0
8.819939940444117 4.283577446369588 0
8.883088625652455 4.39782887821422 0
8.792621389405891 4.370458315992909 0
15.86092266055079 4.107279629479773 0
15.92853943600866 4.231718789281889 0
15.79698968002297 4.285950685734016 0
15.7293729045651 4.161511525931901 0
15.82895617028688 4.196615157606895 0
13.94155656187822 4.572562149251101 0
14.03663523272092 4.683175511211093 0
13.90675418137048 4.783842175211618 0
13.92415537162435 4.67820216223136 0
16.42399173689275 0.5281262300802967 0
16.27502369989082 0.377717277022561 0
16.40081369648036 0.2560476236240872 0
16.54978173348229 0.4064565766818231 0
16.41240271668655 0.3920869268521923 0
0.4341029371040399 1.303480784851142 0
0.3264348616466073 1.445894660941868 0
0.2169492902921064 1.338853814294181 0
0.324617365749539 1.196439938203456 0
0.3255261136980732 1.321167299572662 0
6.230398436024753 4.305087767697647 0
6.308829544304238 4.414028436681849 0
6.207480921605967 4.483082078994314 0
6.129049813326482 4.374141410010113 0
6.21893967881536 4.39408492334598 0
17.52700718842693 0.3645337966843023 0
17.64120475321582 0.2453486657318593 0
17.77031903454444 0.370713351562677 0
17.65612146975554 0.4898984825151196 0
17.64866311148568 0.3676235741234892 0
11.77119310923443 3.348321236382237 0
11.67902717962159 3.257212355249759 0
11.7867767347801 3.197822386596651 0
11.77898492200726 3.273071811489444 0
0.2180479130077799 1.588001886301576 0
0.4364169043932513 1.552356529403354 0
0.328029955754424 1.694463754763063 0
0.3272324087005156 1.570179207852465 0
16.17535035548597 1.686602493468316 0
16.07662118038997 1.570324588513276 0
16.16684389094348 1.494876168267132 0
16.26557306603948 1.611154073222172 0
16.17109712321473 1.590739330867724 0
13.13377260975883 0.8630550865337112 0
12.97727349786824 0.7579904747331121 0
13.06852340158584 0.646044458406982 0
13.22502251347643 0.7511090702075811 0
13.10114800567234 0.7545497724703467 0
4.572302687406753 4.170618939891234 0
4.428202199690757 4.24728937399529 0
4.35725501273679 4.123791051923716 0
4.501355500452787 4.047120617819661 0
4.464778850071772 4.147204995907476 0
8.643421003930229 3.061130257689287 0
8.744167061961951 3.056897768817972 0
8.761826149826442 3.165808357141324 0
8.661080091794718 3.170040846012639 0
8.702623576878334 3.113469307415305 0
6.163993784317191 3.842403923537177 0
6.06650830318636 3.924255572234995 0
5.983328138551159 3.824283506964416 0
6.08081361968199 3.742431858266597 0
6.073660961434175 3.833343715250796 0
14.71844439641557 3.257980610886195 0
14.87079971968677 3.284782525272149 0
14.85095333928912 3.405814582708926 0
14.69859801601793 3.379012668322972 0
14.78469886785235 3.331897596797561 0
3.158174117759551 4.527416001065733 0
3.207096167949436 4.699372156987488 0
3.06861954962721 4.747021794397815 0
3.019697499437325 4.575065638476061 0
3.11339683369338 4.637218897731774 0
14.71274496682917 0.6329269553534282 0
14.73401587193139 0.4915095873987134 0
14.89001541315802 0.5302561655279066 0
14.8687445080558 0.6716735334826214 0
14.80138018999359 0.5815915604406672 0
12.89723089042335 4.085805242777909 0
13.03736417581603 4.008771908629443 0
13.1058847920622 4.113808554839429 0
12.96575150666952 4.190841888987895 0
13.00155784124277 4.099806898808669 0
6.881565897796573 4.122751892892689 0
6.924581861982394 3.991585419348555 0
7.024331190970122 4.016984874077099 0
6.981315226784301 4.148151347621232 0
6.952948544383347 4.069868383484893 0
12.90585142284332 3.473964868227912 0
12.98733635155202 3.406227495425314 0
13.05327845514352 3.479658417017263 0
12.97179352643482 3.547395789819861 0
12.97956493899342 3.476811642622588 0
14.06927241748816 3.420665135186047 0
14.2556944424605 3.425001058392798 0
14.15171358247952 3.503120886875303 0
14.16248342997433 3.422833096789422 0
3.609928777299974 0.6397138497969483 0
3.493874106025282 0.7764118275307261 0
3.328400437940767 0.6518209241852115 0
3.444455109215459 0.5151229464514337 0
3.469164607620371 0.6457673869910801 0
13.93310756220393 0.2036038678429124 0
13.99449658527032 0.4098153481181313 0
13.84109642443256 0.3104793930665704 0
13.96380207373713 0.3067096079805216 0
10.53280470018002 2.061882075768036 0
10.37102290154443 1.953004316065055 0
10.45785373271689 1.84250590939231 0
10.61963553135247 1.951383669095292 0
10.49532921644845 1.952193992580173 0
0.2158271550230211 1.08935160579859 0
0.322713265966506 0.9466402388007311 0
0.4315034766930257 1.053728571205597 0
0.3236653158580225 1.071540088502093 0
4.84397479113555 4.458035676805211 0
4.992221321489859 4.614605547522396 0
4.857166282429799 4.738037334145559 0
4.70891975207549 4.581467463428375 0
4.850570536782675 4.598036505475386 0
4.737691754994512 4.867712292139769 0
4.994474527435287 4.87032504200579 0
4.8660831412149 4.86901866707278 0
6.160573440310092 2.81002293302425 0
6.248772210073229 2.792853266281553 0
6.283300645814764 2.913217112504781 0
6.195101876051627 2.930386779247479 0
6.221937043062428 2.861620022764516 0
12.88470397421622 0.8704892822948205 0
12.72691585922244 0.7628555140320705 0
12.81948538287446 0.6503567064703621 0
12.85209467854534 0.7604229943825913 0
14.5420977004898 0.2732580454838209 0
14.45756075172416 0.3738422081949921 0
14.40821494221978 0.1894183109037302 0
14.43288784697197 0.2816302595493609 0
8.64209550744927 4.231529317608588 0
8.581534495949398 4.112667713252018 0
8.699961806746343 4.061369594005069 0
8.760522818246214 4.180231198361639 0
8.671028657097805 4.146449455806829 0
13.87373535596697 2.97577319319027 0
13.83361315507632 2.838032736141082 0
13.91780863365059 2.799024171286436 0
13.95793083454124 2.936764628335625 0
13.89577199480878 2.887398682238353 0
7.575935635973968 3.751919869146703 0
7.480961856634837 3.730230789637625 0
7.512485061364657 3.625117106156413 0
7.544210348669313 3.688518487651558 0
12.37966777101505 0.8718801878760061 0
12.22318210892045 0.7596868049261896 0
12.31836988733712 0.651386920628672 0
12.47485554943172 0.7635803035784885 0
12.34901882917608 0.7616335542523389 0
6.976328647666938 3.12593184119297 0
6.857472077030127 3.045524460719839 0
6.944560887703979 2.937975707585726 0
7.06341745834079 3.018383088058858 0
6.960444767685459 3.031953774389348 0
3.223907284987569 0.7975587925840752 0
3.038309933070686 0.6749497011964034 0
3.142803086023882 0.5292118327975395 0
3.183355185505725 0.6633853126908074 0
11.58159947830753 3.526118164728289 0
11.46702901441217 3.577158942007015 0
11.41175171337483 3.494999145967486 0
11.52632217727019 3.44395836868876 0
11.49667559584118 3.510558655347888 0
8.21273744158448 3.264071739313218 0
8.135237435113527 3.193378532017554 0
8.284104583156624 3.187853970926277 0
8.209671009135075 3.190616251471916 0
5.971467102568647 4.007513241413388 0
6.154186211335289 4.023382490657537 0
6.059145010717575 4.10664015983593 0
6.062826656951968 4.015447866035463 0
8.364881482801632 3.114534628939672 0
8.441885949861955 3.196024686713736 0
8.361109050216948 3.269344028700341 0
8.362995266509291 3.191939328820006 0
6.432758940119455 3.128322570825737 0
6.501737717857679 3.048817892099197 0
6.594238332005546 3.121929900612046 0
6.525259554267324 3.201434579338585 0
6.513498636062501 3.125126235718891 0
11.36172764618671 1.963758307928769 0
11.27046891033363 2.067136670326149 0
11.11705609551822 1.958671666211886 0
11.2083148313713 1.855293303814505 0
11.23939187085247 1.961214987070327 0
15.42648543799723 4.435452030719348 0
15.30567451664992 4.537881367530918 0
15.20336618443775 4.444370307990495 0
15.32417710578505 4.341940971178925 0
15.31492581121749 4.439911169354922 0
19.68292987050908 1.221740456845863 0
19.79107916457216 1.356470089356681 0
19.68706489547889 1.472828626377093 0
19.57891560141582 1.338098993866275 0
19.68499738299399 1.347284541611478 0
16.52541815156083 0.6723013230330812 0
16.3718561504619 0.762047001935789 0
16.27042973579382 0.6178719089830045 0
16.39792394367732 0.6450866160080428 0
9.721077416385235 1.857496327314846 0
9.881733423140984 1.961230302297989 0
9.800028299779498 2.068006753826633 0
9.639372293023747 1.96427277884349 0
9.760552858082367 1.96275154057074 0
4.631728806936751 2.958000792025182 0
4.692052217675474 2.891472946110114 0
4.770073887746648 2.95747085509574 0
4.709750477007924 3.023998701010808 0
4.700901347341699 2.957735823560461 0
2.661396862762486 2.375547347192112 0
2.527396992035781 2.267384200073353 0
2.607885858320724 2.167452258261516 0
2.741885729047429 2.275615405380274 0
2.634641360541606 2.271499802726814 0
2.844651309866862 1.104725299691363 0
2.821352932999714 0.977446686865707 0
2.941915941711791 0.9624491944150866 0
2.965214318578939 1.089727807240743 0
2.893283625789326 1.033587247053225 0
8.243803919002136 4.64564271393458 0
8.087903514361498 4.738452418814054 0
7.987431061649282 4.610567876161141 0
8.143331466289919 4.517758171281665 0
8.115617490325709 4.62810529504786 0
14.92102540767624 3.598486194549195 0
14.78811174604121 3.541336814628802 0
14.98386700092415 3.46296396262932 0
14.88598937348268 3.502150388629061 0
3.887504195788759 0.6204254829321278 0
3.777532711475017 0.7583659161949881 0
3.719900261613717 0.5017734165340881 0
3.748716486544366 0.630069666364538 0
12.58580626475736 4.684513130573031 0
12.42728462364201 4.758401313696103 0
12.36899554054141 4.641896291189928 0
12.52751718165676 4.568008108066857 0
12.47740090264938 4.663204710881479 0
0.2191100451040828 1.83659520857448 0
0.109829447246689 1.980394635058545 0
0.1092805978573921 1.731200573515935 0
0.1095550225520405 1.85579760428724 0
12.63533954168369 4.066499090624324 0
12.78231931155694 4.099235865438574 0
12.73236845399777 4.221369894278473 0
12.58538868412451 4.188633119464223 0
12.68385399784073 4.143934492451399 0
7.551924002587188 3.870638896947892 0
7.671133695738852 3.772616985633884 0
7.647122062352072 3.891336013435073 0
7.611528849163021 3.821627941290888 0
1.862250593356036 4.578920590148632 0
1.950883654489253 4.700389838481629 0
1.808686677181088 4.77799811626954 0
1.720053616047871 4.656528867936544 0
1.835468635268562 4.678459353209086 0
12.12859592725101 0.8650462798554055 0
11.9742106667457 0.7535245468109117 0
12.06879684841513 0.6481650718816958 0
12.09869638783307 0.7566056758685507 0
18.83593571236978 0.8398528120792461 0
18.73370843696097 0.6924773866484477 0
18.85660567084815 0.5920798852622475 0
18.95883294625695 0.7394553106930462 0
18.84627069160896 0.7159663486707468 0
6.336926351152935 3.004178555005153 0
6.361174914339985 3.084082234585176 0
6.266129953891316 3.102053443922514 0
6.241881390704267 3.02214976434249 0
6.301528152522126 3.053115999463833 0
10.92016029627957 4.789508817116542 0
10.81983516707549 4.667591727656929 0
10.96389718697728 4.567271668756657 0
11.06422231618136 4.68918875821627 0
10.94202874162843 4.678390242936599 0
11.63854505604092 0.8512343921585097 0
11.4860161277937 0.7442087586706376 0
11.57617718974932 0.6408977255970205 0
11.72870611799654 0.7479233590848926 0
11.60736112289512 0.7460660588777652 0
8.526705304625468 3.133187722377712 0
8.596860938050499 3.219483841568718 0
8.512041583286987 3.282320805904742 0
8.519373443956226 3.207754264141227 0
14.1803860824644 4.395342818634731 0
14.09401187230987 4.300083606198239 0
14.20205638810529 4.215774222706388 0
14.28843059825982 4.311033435142881 0
14.19122123528485 4.30555852067056 0
2.567124066504546 4.758249024870108 0
2.426507562325751 4.648853906552699 0
2.519452084658234 4.531154620336971 0
2.660068588837027 4.64054973865438 0
2.54328807558139 4.644701822603539 0
12.79044721394768 2.806138659873136 0
12.6730249255499 2.884839121874287 0
12.5898060209284 2.799557396903409 0
12.69012661743804 2.802848028388272 0
3.240978418426073 2.335602522027946 0
3.132429217334922 2.254758350802172 0
3.212960277043292 2.156363717856498 0
3.321509478134443 2.237207889082273 0
3.226969347734682 2.245983119942222 0
4.236559992746061 4.881042022155659 0
4.345087006036655 4.754692690730559 0
4.483527013290593 4.873650668574901 0
4.360043503018328 4.87734634536528 0
7.236341068077819 3.342218781840324 0
7.304827226451446 3.262984156010541 0
7.377700989865073 3.325749019147948 0
7.309214831491447 3.404983644977731 0
7.307021028971446 3.333983900494136 0
19.51050666123417 4.889582071307172 0
19.6404652378983 4.773046265928354 0
19.75495857666414 4.883464194621181 0
19.63273261894915 4.886523132964177 0
8.994353161734251 1.864095261478593 0
9.154735936931097 1.96744620982227 0
9.07231530747204 2.071508315060944 0
8.911932532275195 1.968157366717267 0
9.033334234603146 1.967801788269768 0
0.4384392874055152 1.799727781638062 0
0.3295193767551741 1.94185923544948 0
0.3287746662547981 1.818161495106271 0
12.09372486979219 3.971991576153244 0
12.00140502689934 4.048535690219826 0
11.93302165720361 3.978463742099264 0
12.02534150009647 3.901919628032683 0
12.0133732634979 3.975227659126254 0
10.42952676858899 4.70362004764287 0
10.32781871467464 4.721106125197401 0
10.32641244612951 4.611259326437751 0
10.42812050004387 4.593773248883221 0
10.37796960735925 4.657439687040311 0
0.4739011293834814 0.1097676914362804 0
0.3389557193092934 0.2275998892106514 0
0.240054589925812 0.117832197774371 0
0.3569778596546467 0.1137999446053257 0
12.62881337846672 3.279105257148375 0
12.54135368015165 3.198739803811021 0
12.62084266450302 3.109557462640024 0
12.70830236281809 3.189922915977378 0
12.62482802148487 3.1943313598942 0
0.2446828641683183 4.880462211058721 0
0.358715041869262 4.764651011050551 0
0.4890321777009419 4.88418879999183 0
0.3668575209346301 4.882325505525276 0
13.56271801243937 0.6345855960373372 0
13.40802727796481 0.5311161959610415 0
13.50048653049016 0.4224972060696324 0
13.65517726496471 0.5259666061459278 0
13.53160227146476 0.5285414010534848 0
12.07837223870264 1.972068188411743 0
11.99358745006232 2.073501762382947 0
11.84251904312225 1.970697633106913 0
11.92730383176257 1.869264059135709 0
11.96044564091245 1.971382910759328 0
8.243573964862573 4.878514187744111 0
7.969329549498926 4.859938231069943 0
8.10645175718075 4.869226209407027 0
17.58458776085779 3.621812477027356 0
17.53356270546007 3.738335810157888 0
17.42683740458727 3.688179506822884 0
17.47786245998499 3.571656173692353 0
17.50571258272253 3.65499599192512 0
12.46167717879311 2.069262003005058 0
12.3094488973337 1.970779202555249 0
12.3811577095307 1.865231792695873 0
12.53338599099012 1.963714593145682 0
12.42141744416191 1.967246897850466 0
8.104620961053771 2.919337111696687 0
8.14730598557103 2.792481604463779 0
8.233510813231943 2.831576301545156 0
8.169065887142857 2.875456706620922 0
11.38747693314768 4.138555445033317 0
11.49397148698823 4.054222598884001 0
11.57590604650968 4.135028665540915 0
11.46941149266913 4.219361511690231 0
11.48169148982868 4.136792055287116 0
1.957239251712153 0.5156110224446022 0
2.173642067672295 0.5123782273465616 0
2.183267570980124 0.6724425813204116 0
1.966864755019982 0.6756753764184524 0
2.070253411346139 0.594026801882507 0
6.427221362027744 4.143173376706281 0
6.33564064161247 4.041020639708586 0
6.429589980640963 3.952960531180552 0
6.521170701056238 4.055113268178248 0
6.428405671334354 4.048066953943417 0
5.243891159044357 4.630897548281504 0
5.11751173116341 4.745142694845734 0
5.118600749370806 4.500360400958165 0
5.118056240267109 4.62275154790195 0
10.74345241351609 2.984535168530216 0
10.84574661238502 2.93734155381759 0
10.89373433479322 3.029956329685685 0
10.79144013592428 3.077149944398311 0
10.81859337415465 3.007245749107951 0
10.93146071899777 0.8511453892955019 0
10.77785733988889 0.7541795041729591 0
10.85587458117089 0.6484633310352632 0
11.00947796027977 0.7454292161578062 0
10.89366765008433 0.7498043601653825 0
5.248037203728123 4.874817652839944 0
5.371925543417444 4.75321824012272 0
5.49888833968932 4.878400587282776 0
5.373462771708722 4.87660912006136 0
13.22085747154814 4.035656889883218 0
13.30086141409819 4.130987568372832 0
13.18588873461225 4.209139233329043 0
13.20337310308019 4.12239806160613 0
17.05540369621388 2.425226619482169 0
17.09765385835891 2.267916795793909 0
17.25178776841661 2.321671375584322 0
17.20953760627158 2.478981199272582 0
17.15359573231525 2.373448997533245 0
0.2233598611829315 2.577395577748126 0
0.3333507283337003 2.432943062572746 0
0.4463073343368276 2.531791306939453 0
0.3363164671860588 2.676243822114833 0
0.3348335977598804 2.554593442343789 0
15.4563808973868 4.656312770800167 0
15.34474083967067 4.776233024359311 0
15.19403445893379 4.657801621090064 0
15.3252076781603 4.657057195945115 0
8.998841878725532 3.61236441919032 0
9.078450452245242 3.515261585702652 0
9.195664777676605 3.596925691671668 0
9.116056204156894 3.694028525159336 0
9.097253328201068 3.604645055430994 0
11.39848927034243 0.847649212554157 0
11.24602489301548 0.7430074702570153 0
11.33355175046676 0.6395670163734959 0
11.36602051040459 0.7436081144638265 0
12.62733620928221 3.034951816918434 0
12.56854566621825 2.934684408732969 0
12.73181546861387 2.985106530059751 0
12.65018056741606 2.95989546939636 0
19.67611132610522 0.7339366369964173 0
19.56208931585771 0.6103857672954409 0
19.66493617985005 0.4936311781678335 0
19.77895819009757 0.6171820478688099 0
19.67052375297764 0.6137839075821254 0
19.69926205661398 1.720361904734067 0
19.58976730915887 1.589302929387818 0
19.79655964293401 1.603887601723342 0
19.69316347604644 1.59659526555558 0
12.56903424828722 0.6523160774188896 0
12.63273716036694 0.8741197401916694 0
12.60088570432708 0.7632179088052795 0
10.76610246560638 3.522008976925342 0
10.77743815013952 3.630518147261936 0
10.65645206987477 3.650266270254035 0
10.64511638534163 3.541757099917441 0
10.71127726774057 3.586137623589688 0
16.2607460395753 0.1265486356366772 0
16.51506765690507 0.12949898798741 0
16.38790684824018 0.1280238118120436 0
14.24138943677877 3.609104159536263 0
14.13512027872698 3.691037432520582 0
14.04544442442773 3.585054159859622 0
14.14341693060325 3.597079159697943 0
7.297547114653125 3.936078043371248 0
7.168272523878539 3.893009985095192 0
7.208807807349245 3.7664843360834 0
7.338082398123832 3.809552394359456 0
7.253177461001186 3.851281189727324 0
3.221664779447272 2.884195506298203 0
3.1313294380308 2.775952666789692 0
3.232521857994137 2.692270529822961 0
3.322857199410608 2.800513369331472 0
3.227093318720703 2.788233018060582 0
10.28532422700656 3.475581128804291 0
10.36341460679193 3.512850793557039 0
10.31470957182229 3.589363894346423 0
10.23661919203692 3.552094229593676 0
10.30001689941443 3.532472511575357 0
4.60048239318586 0.3385369315712703 0
4.507202407340062 0.4572365139666799 0
4.346594846518014 0.3477299714360829 0
4.439874832363813 0.2290303890406733 0
4.473538619851938 0.3431334515036766 0
15.59481055222782 4.769596017795522 0
15.56835271767312 4.537172349629405 0
15.70678237251414 4.650455596624761 0
15.58158163495047 4.653384183712463 0
0.4429721098562354 2.289572069868396 0
0.2215792990555876 2.331454856250603 0
0.3312006805781209 2.188083863546253 0
0.3322757044559133 2.310513463059499 0
8.481867270586461 4.462546525058381 0
8.359774395537537 4.543803905162774 0
8.261904291775158 4.41869707007792 0
8.383997166824082 4.337439689973528 0
8.37188578118081 4.44062179756815 0
7.799121100881234 4.750842254219963 0
7.704791551382308 4.89090402315002 0
7.837060550440617 4.875421127109981 0
11.26902607398222 4.223670361062671 0
11.18557823523805 4.132536577577464 0
11.30402909440352 4.04742166154811 0
11.28652758419287 4.13554601130539 0
9.106213537131991 4.099987751075655 0
9.20309558324076 4.028199292677568 0
9.271902639350925 4.098534116466981 0
9.175020593242158 4.170322574865067 0
9.189058088241458 4.099260933771317 0
16.64221508079203 2.057626479465201 0
16.79380941868774 2.063112060937727 0
16.79900907945839 2.213065678058885 0
16.64741474156267 2.207580096586359 0
16.72061208012521 2.135346078762043 0
19.78473204924408 0.8619872134237361 0
19.68082697149237 0.9755625961626684 0
19.57220624835351 0.8475120197353496 0
19.6784691487988 0.8547496165795427 0
16.0411175832026 2.027128190003355 0
16.20270802052211 1.93138379190578 0
16.30024747255542 2.081451166827315 0
16.13865703523591 2.177195564924891 0
16.17068252787901 2.054289678415335 0
8.263982625393488 1.865561460789943 0
8.425399000599043 1.968850625589353 0
8.343167029794163 2.07235074318876 0
8.18175065458861 1.96906157838935 0
8.303574827593826 1.968956101989352 0
11.69138576229531 1.866274334294459 0
11.75460117968616 2.072261358568421 0
11.60346789885921 1.967838059755967 0
11.72299347099073 1.96926784643144 0
13.14195523862083 3.02010393316716 0
13.01834606902033 3.101324881710704 0
12.94767078450323 3.000058477109024 0
13.07127995410373 2.91883752856548 0
13.04481301156203 3.010081205138092 0
19.49023011076075 2.552838808459401 0
19.40282513367313 2.400684889329928 0
19.51362728714255 2.327892646270251 0
19.60103226423018 2.480046565399725 0
19.50192869895165 2.440365727364826 0
5.704370361773256 3.360528555972121 0
5.593341064311378 3.454697769709473 0
5.497399037993331 3.341871717593162 0
5.600884699883293 3.351200136782642 0
16.45781974506898 2.043380024695792 0
16.51185637985235 2.222550408102538 0
16.35428410733878 2.260621550234061 0
16.40605192620388 2.152000787464927 0
0.2258750259010114 2.822030248943021 0
0.4509338999862287 2.771586586764704 0
0.3404924587011795 2.917373013592893 0
0.3384044629436218 2.796808417853863 0
12.9963067975807 2.81453985626837 0
13.20344437460641 2.825154607199368 0
13.09987558609355 2.819847231733869 0
16.67361634859146 2.347714206889059 0
16.53805798688114 2.362684518405239 0
16.59273636422191 2.285132307495799 0
16.84818603926069 0.5972332810186449 0
16.9435052752426 0.4850777041987078 0
17.07165067023595 0.5923632776109748 0
16.97633143425404 0.7045188544309118 0
16.95991835474832 0.5947982793148099 0
13.85052324624749 4.451015109032147 0
13.97408355061902 4.361720671361475 0
14.06511686624975 4.483267711580428 0
13.95782005624862 4.467141410306288 0
3.339480029460452 4.15863678440079 0
3.463330833014661 4.244759768862682 0
3.401354989261785 4.342431302585734 0
3.277504185707576 4.256308318123842 0
3.370417509361118 4.250534043493262 0
7.521248994493414 2.963695581346004 0
7.483820557203797 2.832764369016942 0
7.577468329194073 2.793519456578697 0
7.614896766483692 2.924450668907758 0
7.549358661843744 2.87860751896235 0
12.74821232012826 1.945493566484657 0
12.68773104419737 2.058896033759168 0
12.59386726692101 1.850312125871172 0
12.64079915555919 1.95460407981517 0
17.22843926409823 2.838095875525158 0
17.16277513849057 2.977323228515572 0
17.02621033148932 2.903183021674461 0
17.09187445709698 2.763955668684047 0
17.12732479779378 2.870639448599809 0
19.3233941315722 0.3813460392406789 0
19.41501807329618 0.2578098926629977 0
19.54232417266997 0.3713367369117555 0
19.45070023094599 0.4948728834894371 0
19.43285915212109 0.3763413880762174 0
7.875495427488049 3.586755767328513 0
7.945183692556125 3.670492369041188 0
7.871477150621358 3.727328181658318 0
7.801788885553282 3.643591579945642 0
7.873486289054703 3.657041974493415 0
6.367368263474518 2.870387993218314 0
6.42099396881269 2.961349435718685 0
6.352147307313727 2.937283274111733 0
10.61935031584722 0.6659748888573884 0
10.711899299509 0.864874649054181 0
10.55339227546733 0.7766700337386103 0
10.66562480767811 0.7654247689557847 0
8.613782670358589 4.734716495078004 0
8.475276308991127 4.657014745999978 0
8.546213079681989 4.554369527897841 0
8.684719441049452 4.632071276975866 0
8.57999787502029 4.644543011487922 0
17.93393992311105 4.57167651073252 0
18.03272526599021 4.677880876546634 0
17.90680840062333 4.782586242703994 0
17.80802305774418 4.676381876889881 0
17.92037416186719 4.677131376718258 0
0.4841859002956017 3.462428025588589 0
0.3733160538212061 3.614038837421602 0
0.2456636539318833 3.540011022600119 0
0.3565335004062788 3.388400210767105 0
0.3649247771137425 3.501219524094354 0
16.92234199885803 2.377428139913045 0
16.7841258821413 2.353545621626985 0
16.93722519617512 2.236948196344945 0
16.86067553915821 2.295246908985965 0
9.049145485556451 4.643424885456961 0
8.887192233676439 4.732423542873672 0
8.801381314237666 4.598277028342862 0
8.963334566117677 4.50927837092615 0
8.925263399897059 4.620850956899911 0
10.41609483009194 3.630997943201425 0
10.3618619994269 3.725443542802949 0
10.26047674115725 3.683809493947948 0
10.3382857856246 3.657403718574686 0
3.780390079563444 1.784339877625221 0
3.931481216386334 1.835906097029324 0
3.879190656734426 1.964829920175137 0
3.728099519911536 1.913263700771034 0
3.829790368148935 1.874584898900179 0
1.306310804379654 4.783533369811109 0
1.163244645265525 4.674762046754803 0
1.245696330505755 4.571872597016562 0
1.388762489619884 4.680643920072869 0
1.276003567442705 4.677702983413836 0
12.37432144333642 4.01342348461783 0
12.5116728625293 4.039777406989437 0
12.4649180316516 4.160680803425592 0
12.32756661245872 4.134326881053985 0
12.41961973749401 4.087052144021711 0
4.205694033764409 4.649664506909171 0
4.301140806945657 4.520211994161126 0
4.440533779217902 4.625240177982514 0
4.323113906491155 4.637452342445842 0
14.113306655051 4.132378275913545 0
14.20279485196642 4.049519024228973 0
14.29154458502071 4.132914971021816 0
14.20242562003586 4.13264662346768 0
4.553234763008287 4.465344680696218 0
4.365612896576748 4.375057466502285 0
4.615824066122295 4.337576588189224 0
4.490718481349522 4.356317027345755 0
11.8212340637945 0.6441458624597822 0
11.88168272094774 0.8573020434360221 0
11.85145839237112 0.7507239529479022 0
14.52537673308758 0.9657410930436923 0
14.38559655517425 1.061717736129032 0
14.25942559927094 0.941172870546247 0
14.39920577718427 0.8451962274609071 0
14.39240116617926 0.9534569817949694 0
10.9607537015998 1.848243688616722 0
11.02553874587978 2.064169825970027 0
10.86923635196136 1.953741848374863 0
10.99314622373979 1.956206757293374 0
11.20073927538778 4.591992924235711 0
11.29665386597365 4.69535289175609 0
11.16013690676722 4.792548725736649 0
11.1804380910775 4.69227082498618 0
19.57582577460967 1.089057701019958 0
19.78793106739179 1.108245351988573 0
19.68187842100073 1.098651526504266 0
8.584295156083924 4.399310431409774 0
8.648640965179451 4.491133434249235 0
8.565254117882956 4.476839979653808 0
8.725011139708558 4.544705231296048 0
12.27887338760744 3.955096285320654 0
12.35216927703239 3.856407515969683 0
12.44761733276137 3.914734715266859 0
12.36324536018441 3.934915500293757 0
11.50253634336934 3.232708511943932 0
11.386164052693 3.289446172156698 0
11.32543127851188 3.204623033975188 0
11.44180356918822 3.147885373762422 0
11.41398381094061 3.21866577295956 0
1.835848355152303 2.505534374811828 0
1.920013853967328 2.620159582675894 0
1.808224727583077 2.708424015378217 0
1.724059228768052 2.593798807514151 0
1.822036541367689 2.606979195095023 0
9.509001740053302 3.983180325516631 0
9.504179553679302 4.085463552207882 0
9.385961266951075 4.083143223616296 0
9.447481503502187 4.033161774566464 0
7.531386328378009 1.866593545174558 0
7.69412574021522 1.969553552053654 0
7.612898042922849 2.072905802078079 0
7.450158631085637 1.969945795198983 0
7.57214218565043 1.969749673626318 0
13.22313171684272 3.218587649753161 0
13.13047851551387 3.266328152544949 0
13.09213305426528 3.186850214243045 0
13.18478625559414 3.139109711451258 0
13.157632385554 3.202718931998104 0
10.54611262416006 3.549905952381608 0
10.54362568854028 3.459357616837099 0
10.64262944972184 3.451208764372931 0
10.59437103694095 3.50055735837727 0
0.4676545952735403 3.239058228572699 0
0.5744584923524396 3.098288585848959 0
0.6943416899531414 3.182088373259762 0
0.587537792874242 3.322858015983502 0
0.5809981426133408 3.21057330091623 0
3.82810621964908 0.3705316363738951 0
3.929494449054361 0.2427917199416871 0
4.089567630297864 0.3587727454262453 0
3.988179400892584 0.4865126618584532 0
3.958836924973472 0.3646521909000704 0
7.527243970236576 3.993321377433474 0
7.417945076605553 3.96700144199657 0
7.442625108956165 3.844318961510989 0
7.48493453959637 3.918820169472231 0
15.44731958698106 0.4676236262209912 0
15.57138262707863 0.5730598111344971 0
15.47391388775383 0.6791920078334888 0
15.34985084765627 0.5737558229199831 0
15.46061673736745 0.5734078170272401 0
7.597827574830223 4.68851081891238 0
7.660613850613459 4.583650970644482 0
7.86190737666447 4.645982405952065 0
7.729867475747346 4.667246612432223 0
6.497913505036506 4.659034802906967 0
6.610848248771468 4.564164589287475 0
6.612806253958373 4.776112844599324 0
6.61182725136492 4.670138716943399 0
2.926290619422848 3.412643748522476 0
2.978758096553202 3.551880847312625 0
2.843910855615684 3.589708040853861 0
2.791443378485331 3.450470942063711 0
2.885100737519267 3.501175894688168 0
8.355694566848044 2.938232363284422 0
8.432928382266422 2.827512996641524 0
8.333219597749181 2.82954464909334 0
6.42358678588076 2.79839166183902 0
6.336179497976994 2.795622464060286 0
11.39710705548127 4.79134774357046 0
11.42207933112852 4.597145619546871 0
11.52253252063615 4.693140471361241 0
11.4095931933049 4.694246681558665 0
12.06798947317999 4.121896932562343 0
12.17962801326767 4.053153090923912 0
12.22653731726485 4.126436077846359 0
12.11489877717716 4.19517991948479 0
12.14726339522242 4.124166505204351 0
1.746175758691955 2.383319369285308 0
1.865788010312361 2.286881618051364 0
1.955460606772711 2.409096623577884 0
1.850818182732333 2.396207996431596 0
10.18726514838598 3.76861930402139 0
10.0955017810842 3.710091662547043 0
10.16871337385547 3.625281852473601 0
10.17798926112073 3.696950578247495 0
15.76048784398773 2.423616954941664 0
15.65092452248014 2.517930006541444 0
15.54835532972829 2.400772561742497 0
15.65791865123589 2.306459510142716 0
15.65442158685801 2.412194758342081 0
13.55645347144216 3.146012729675123 0
13.44214986838211 3.076273662981152 0
13.51338075142865 2.964612489226182 0
13.6276843544887 3.034351555920153 0
13.53491711143541 3.055312609450652 0
11.64660346208395 4.763345836840427 0
11.60742410835412 4.597463401337237 0
11.73149504980192 4.667668766816423 0
11.62701378521904 4.680404619088832 0
5.966877285074378 3.425106446243126 0
6.013949864922501 3.510623466878406 0
5.930472731587999 3.549049865941468 0
5.883400151739876 3.463532845306188 0
5.948675008331189 3.487078156092297 0
5.320548069822519 2.899279915296141 0
5.266350228591816 2.987259707152738 0
5.161205083392831 2.94607366577348 0
5.215402924623534 2.858093873916884 0
5.240876576607675 2.922676790534811 0
9.851532299295501 3.807370171714146 0
9.926663892493806 3.865248579838531 0
9.863033425670659 3.929494387383234 0
9.787901832472354 3.871615979258849 0
9.85728286248308 3.86843227954869 0
16.15072324888994 1.224674659545139 0
16.15877172682357 1.380056323287615 0
16.03770237725285 1.375497437439006 0
16.02965389931923 1.22011577369653 0
16.0942128130714 1.300086048492072 0
10.39207222691022 3.435637326974639 0
10.47117133127673 3.456215173672344 0
10.44251371115844 3.533428640254744 0
10.41729296903433 3.484532983614692 0
19.32189121259552 3.678060822061069 0
19.40896383924498 3.843134547900061 0
19.24927707650814 3.886458246031948 0
19.16220444985869 3.721384520192956 0
19.28558414455183 3.782259534046509 0
11.0286410139348 2.869378742642754 0
10.91966406327905 2.791894917151336 0
11.08395358949219 2.798340760393676 0
11.00180882638562 2.795117838772506 0
8.047911918157602 4.415210872185071 0
7.947124072839138 4.472729915754138 0
7.892253460481895 4.38595641978088 0
7.993041305800357 4.328437376211814 0
7.970082689319748 4.400583645982976 0
8.56318647913541 2.953719611842173 0
8.65905863614349 2.847063550102907 0
8.545993509204955 2.837288273372216 0
3.73751953237405 3.228438479736075 0
3.819302348729876 3.121181837882369 0
3.927592535685138 3.208326029801486 0
3.845809719329312 3.315582671655192 0
3.832556034029594 3.218382254768781 0
14.21444990743453 0.7276997973395949 0
14.3088506685224 0.6057828342284739 0
14.49360653827214 0.7232792643497861 0
14.35402822285334 0.7254895308446905 0
7.080443105731131 3.363538819634568 0
7.007057784555995 3.458291820322318 0
6.917787220904319 3.388679851605521 0
6.991172542079456 3.293926850917772 0
6.999115163317725 3.376109335620045 0
5.727967474213259 3.676836371069824 0
5.800200012001653 3.79356688650982 0
5.689585912053958 3.861338684373298 0
5.617353374265564 3.744608168933302 0
5.708776693133609 3.769087527721561 0
11.9622073068134 3.837090519595076 0
12.04777951086078 3.766367333238202 0
12.11091370414384 3.831196441675809 0
12.03656050547862 3.834143480635443 0
7.977232038856558 3.875509909966348 0
7.915031735354331 3.802149554572213 0
7.995838118994385 3.746928329205022 0
8.058038422496612 3.820288684599157 0
7.986535078925471 3.811219119585685 0
15.52890801012701 2.896021200926605 0
15.65771313244573 2.887937271412213 0
15.66756514124747 2.997688360781334 0
15.53876001892875 3.005772290295726 0
15.59823657568724 2.94685478085397 0
9.521941686920369 4.683462640990932 0
9.636805806425373 4.590511900589979 0
9.741385064947091 4.695152016982289 0
9.626520945442087 4.788102757383241 0
9.63166337593373 4.689307328986611 0
17.89782778765149 0.4989760474630738 0
17.88673037226762 0.2499474089236737 0
18.01423912537468 0.3782101048240705 0
17.89227907995956 0.3744617281933738 0
5.098721475351081 2.792578459250484 0
5.29444167986509 2.786372349568658 0
5.196581577608086 2.789475404409571 0
18.25919504161515 2.722863850176773 0
18.15417166092973 2.81891922683174 0
18.05014364553401 2.697321510849339 0
18.15516702621942 2.601266134194372 0
18.15466934357458 2.710092680513056 0
17.57704545741726 3.173375982688939 0
17.52852088390114 3.312699949573015 0
17.39177117896614 3.259729464805385 0
17.44029575248226 3.120405497921309 0
17.4844083181917 3.216552723747162 0
8.446470779830651 3.025777076530598 0
8.360288024824838 3.026383496112047 0
8.004583330085087 0.416017577161877 0
7.847628643992841 0.3119422506246554 0
7.939451020263061 0.2080898904876105 0
8.096405706355307 0.3121652170248321 0
7.972017175174074 0.3120537338247438 0
13.71493637104827 2.949077758322883 0
13.64165879719112 2.831901957084059 0
13.73763597613372 2.834967346612571 0
13.91470014955038 1.877536405828232 0
14.0550038330546 1.97385311113557 0
13.96125148238909 2.078833993499852 0
13.82094779888487 1.982517288192513 0
13.93797581596973 1.978185199664042 0
11.09336985184634 0.6413395660656267 0
11.16213300144892 0.8470971203491948 0
11.12775142664763 0.7442183432074108 0
12.25509235364561 0.4333424120613425 0
12.09785717790485 0.3245267848178708 0
12.19040616772076 0.2164415261358679 0
12.34764134346153 0.3252571533793396 0
12.22274926068319 0.3248919690986054 0
13.00407861479804 0.4300378736843875 0
12.84724615093795 0.3235513001318244 0
12.93960990779756 0.2148108607222667 0
13.09644237165765 0.3212974342748298 0
12.9718442612978 0.3224243672033271 0
8.748051282107728 0.4186559160857204 0
8.593226573570657 0.3134227820823074 0
8.686312559650364 0.2096624516831667 0
8.841137268187437 0.3148955856865792 0
8.717181920879046 0.3141591838844429 0
13.4214360810781 2.853567467044381 0
13.28578778322253 2.957865139341491 0
13.31244022784225 2.839361037121875 0
9.014141430911002 4.878046414823341 0
8.748050802765437 4.854377128050331 0
8.881096116838219 4.866211771436836 0
8.359305832455725 4.758853554771784 0
8.490731867593153 4.880339367027673 0
8.367152916227862 4.879426777385892 0
10.23125050108739 3.437623000689765 0
10.27662587288618 3.384387305860291 0
10.33069959880536 3.422345433974817 0
10.28097504994637 3.429984217332291 0
18.04283126547438 2.468007913920191 0
18.15738360061766 2.364579809803496 0
18.2697193613627 2.497838030077677 0
18.15627531341854 2.482922971998934 0
12.01866403243257 4.886408123000648 0
11.76431028495154 4.869329431194935 0
11.9079743173841 4.755737554195584 0
11.89148715869205 4.877868777097792 0
19.24413990721476 4.388886278770356 0
19.32386272376083 4.498902442642809 0
19.20552119572542 4.579749901088851 0
19.12579837917936 4.469733737216398 0
19.22483055147009 4.484318089929603 0
7.827808003379221 3.995706154459548 0
7.735632306690871 3.911986441576428 0
7.802738496281415 3.854745306624237 0
7.894914192969765 3.938465019507356 0
7.815273249830318 3.925225730541892 0
7.258160015583645 0.4159862621178965 0
7.100099125702863 0.3120983888410565 0
7.191254696586749 0.2080349113105404 0
7.349315586467531 0.3119227845873809 0
7.224707356085197 0.3120105867142184 0
10.20894961824858 1.846732757612082 0
10.2872531970389 2.063376929848029 0
10.12517991374306 1.957105371395056 0
10.24810140764374 1.955054843730055 0
13.52212026575959 4.888947343703315 0
13.76979269053344 4.89053349143808 0
13.64595647814651 4.889740417570698 0
5.054646950655388 3.373504097210363 0
4.960359260286846 3.269469130777148 0
5.070206349453292 3.192465209275639 0
5.164494039821834 3.296500175708854 0
5.06242665005434 3.282984653243001 0
14.66656372342556 0.7907796391845847 0
14.53978778167575 0.5654265805186296 0
14.60317575255065 0.6781031098516073 0
10.64255033732741 4.416421888227732 0
10.78401133496557 4.460316874175522 0
10.71939593764914 4.579798769037257 0
10.57793494001098 4.535903783089468 0
10.68097313748827 4.498110328632494 0
14.66428116150786 2.792867655195391 0
14.86296464250933 2.799033170262303 0
14.73544023174921 2.871043890555436 0
14.76362290200859 2.795950412728847 0
2.285393310470843 0.412535272596473 0
2.404594215781298 0.2502581642931738 0
2.563864346010991 0.3635753137369502 0
2.444663440700536 0.525852422040249 0
2.424628828240917 0.3880552931667118 0
4.596218768285105 4.741362960714669 0
4.610609384142553 4.870681480357336 0
2.831832211358271 3.024712045143795 0
2.904415992738878 3.11720730808642 0
2.824051833602861 3.180029426002508 0
2.751468052222254 3.087534163059883 0
2.827942022480566 3.102370735573152 0
7.390801432387321 4.095118802633676 0
7.270403470434893 4.064195404008354 0
7.344174273520223 4.015598423002462 0
15.04822172470626 3.366487092176101 0
15.17116390395416 3.444217865510117 0
15.10680918017205 3.540694735963337 0
15.07751545243916 3.453590914069719 0
13.4710918698177 1.906831640371694 0
13.59419911558874 1.99313038206954 0
13.5069870302646 2.093640012689014 0
13.38387978449356 2.007341270991168 0
13.48903945004115 2.000235826530354 0
11.57685694707545 4.306210768655622 0
11.46719014119067 4.401736543845058 0
11.35974468678435 4.314887286879665 0
11.4683008169299 4.310549027767644 0
11.02032302841836 4.89521738781168 0
10.77483726786121 4.894291429304863 0
10.89758014813979 4.894754408558271 0
8.032012658203849 0.1040878466233321 0
7.782438362059212 0.1040020438642784 0
7.90722551013153 0.1040449452438055 0
9.505815912648757 4.893555291810324 0
9.74570503279333 4.894547465572916 0
9.625760472721044 4.894051378691621 0
9.687884187345571 0.7518465738305276 0
9.593429816488374 0.8471380495003493 0
9.448937779662064 0.7399416003849915 0
9.54339215051926 0.6446501247151697 0
9.568410983503817 0.7458940871077595 0
11.50729317713241 4.894016405645491 0
11.26481387834886 4.897331337924969 0
11.38605352774064 4.89567387178523 0
11.05328974799482 4.398642827917525 0
10.94663568813855 4.315277796296646 0
11.04239223490119 4.2293192519282 0
11.14904629475746 4.312684283549079 0
11.047840991448 4.313981039922863 0
12.2826527979237 0.1083213267565672 0
12.03275336979706 0.1081201993793006 0
12.15770308386038 0.1082207630679339 0
8.780318454976197 0.105105904465312 0
8.530994104674168 0.1045565472178547 0
8.655656279825182 0.1048312258415831 0
11.51085451470335 0.4284998036518912 0
11.35360956050143 0.3212500602005184 0
11.44343623729767 0.2146336606164363 0
11.60068119149959 0.3218834040678091 0
11.47714537600051 0.3215667321341638 0
13.03218146844433 0.1070453126426933 0
12.78242843935324 0.1077655480795734 0
12.90730495389878 0.1074054303611334 0
1.317678914399275 0.9516097418947371 0
1.206130102808771 1.08669650107259 0
1.088988482028288 0.9658060158434931 0
1.200537293618792 0.8307192566656405 0
1.203333698213783 0.958707878869115 0
10.53715797290116 4.896788541832992 0
10.32302429554758 4.882652972593984 0
10.48518226844874 4.779441514426976 0
10.43009113422437 4.889720757213488 0
8.424077200416743 4.085528102825172 0
8.532371313403628 4.027622322128693 0
8.473240382962512 4.170573493948498 0
8.502805848183069 4.099097908038595 0
10.36494219256878 0.708409336234908 0
10.5212113657545 0.904601331912068 0
10.33276128285595 0.8363406344083655 0
10.44307677916164 0.806505334073488 0
8.794494375881918 2.951348613889306 0
8.882292189637109 2.825141998688657 0
8.7706754128903 2.836102774395782 0
13.0165318522237 4.895699342261453 0
12.77096242382381 4.896231668341651 0
12.91249427604751 4.791931010603102 0
12.89374713802376 4.895965505301551 0
7.690178880942629 0.2079757333488281 0
7.532740518883418 0.1039736894845498 0
7.657589440471314 0.1039878666744141 0
8.437554456117233 0.2088094275065995 0
8.281560351443066 0.1042528802887448 0
8.406277228058617 0.1044047137532997 0
12.68999851981023 0.215974765285857 0
12.532570080457 0.1082092172062836 0
12.65749925990512 0.1079873826429285 0
13.26817191489985 4.891942603950215 0
13.41529218065944 4.78088994765353 0
13.39514609032972 4.890444973826765 0
7.282971484928784 0.1039874841758488 0
7.033283211657965 0.1040474271346916 0
7.158127348293375 0.1040174556552702 0
2.348211722447981 3.192508128830571 0
2.424704401825753 3.052518128547153 0
2.592406259033147 3.150803970754227 0
2.515913579655374 3.290793971037646 0
2.470308990740564 3.171656049792399 0
7.967666176627754 4.016476622743795 0
8.049984022514547 3.953521513202788 0
7.972449107742156 3.945993266355072 0
13.31396576940438 3.21452230108516 0
13.32861880019585 3.076870917625589 0
13.42749683759065 3.213925046440724 0
13.37805781889325 3.145397982033156 0
13.3247399420545 2.097728850909848 0
13.21573342346515 2.026980280581419 0
13.27487326590421 1.936592700662739 0
13.29980660397936 2.017160775786293 0
12.8689042478236 2.899821581239248 0
12.89337700576419 2.810339258070753 0
15.48458276311012 4.885444717377806 0
15.23515807656056 4.890788306981506 0
15.35987041983534 4.888116512179655 0
11.20121272995799 2.897897156750702 0
11.29311711831479 2.820413331259285 0
11.18853535390349 2.80937704582648 0
14.97611228435544 3.77542202299979 0
14.85776233331774 3.710786184953263 0
15.03937535871394 3.663122032595723 0
14.94856884601584 3.686954108774493 0
11.94085036132523 0.2158658647160903 0
11.78309699152817 0.1077456653367896 0
11.90792518066262 0.1079329323580454 0
12.91878766362823 3.176474949857091 0
12.99257464887318 3.262000282389432 0
13.00546035894676 3.181662582050068 0
14.25363810024057 4.891138010252924 0
14.01196149083704 4.893308683773538 0
14.14059959107762 4.784446694026462 0
14.13279979553881 4.89222334701323 0
15.06415730820994 2.816479121255663 0
14.91691921128288 2.894655356615709 0
14.96356097535963 2.807756145758983 0
10.63783346133448 3.791390123443504 0
10.50107513455327 3.788599108517759 0
10.51969374309356 3.647475255328289 0
10.57876360221402 3.719432689385897 0
15.06522874123047 0.3999257246394579 0
15.04627634038706 0.5658543447316031 0
14.90896781400143 0.3643275454357613 0
14.97762207719424 0.4650909450836824 0
11.35085183538454 3.634691309270235 0
11.23124228150078 3.690456980343655 0
11.17151905397269 3.586145061357593 0
11.29112860785646 3.530379390284173 0
11.26118544467862 3.610418185313914 0
11.53374557757735 0.1073851083207154 0
11.28469065972032 0.1072485522957209 0
11.40921811864883 0.1073168303082181 0
8.995072916291264 0.4212433516318161 0
8.935032651038329 0.211164312564931 0
9.088968299142156 0.3175120785101679 0
8.965052783664797 0.3162038320983735 0
15.6765627676427 1.829578112870503 0
15.80060893980426 1.980658865648083 0
15.66510770854702 2.079912897732168 0
15.54106153638546 1.928832144954588 0
15.67083523809486 1.954745505301335 0
3.584146180442771 4.740456916398305 0
3.416816813582239 4.666070202070049 0
3.481353527953953 4.528538993995752 0
3.648682894814485 4.602925708324006 0
3.532749854198361 4.634497955197028 0
8.619391335179294 4.867358247539002 0
12.27408019293102 4.86781464804763 0
12.16774422536358 4.754222771048278 0
12.14637211268179 4.877111385524139 0
16.95540947874109 2.077265488984569 0
17.11583814092487 2.108234088433533 0
17.02653166855 2.172591142389239 0
5.025847747754823 2.869743167261619 0
4.898663014683718 2.798021642913394 0
4.9986922450174 2.795300051081939 0
9.792274123213037 0.664308617491701 0
9.927515922216887 0.7765376779998907 0
9.823125986349421 0.8640756343387173 0
9.807700054781229 0.7641921259152089 0
9.748709688452829 3.737842158750369 0
9.699006933911855 3.845559476845788 0
9.593293216004348 3.807769283341971 0
9.642995970545321 3.700051965246552 0
9.671001452228589 3.77280572104617 0
11.63580173104198 4.881672918420214 0
11.55901931209007 4.498095220303757 0
11.67441840850055 4.439772758607461 0
11.72282320476461 4.539140939640941 0
11.64092125842734 4.518618079972349 0
12.79742337091108 1.821044647885489 0
12.94962515793538 1.907807553073145 0
12.90041410715256 2.032256471672313 0
12.84891873903182 1.926650559778901 0
15.18680115530393 3.318817520621663 0
15.01270062970429 3.259447210358063 0
15.15128006030196 3.211777638803625 0
15.09975089250411 3.289132365489863 0
6.941754483077235 0.2082035542802201 0
6.78347127141927 0.1041561271455285 0
6.908377241538617 0.10410177714011 0
12.30008537513754 4.252208939080655 0
12.19905607994367 4.244318135873029 0
12.26331134620119 4.189322508463507 0
4.87744806421024 3.326174247342907 0
4.806716219685699 3.243231263280922 0
4.889627415762304 3.186526146715163 0
4.883537739986272 3.256350197029035 0
15.31786650583051 2.16788521318763 0
15.42089733766903 2.060580751199876 0
15.54586397936748 2.179007126119353 0
15.44283314752896 2.286311588107107 0
15.431865242599 2.173446169653491 0
10.64133769530792 2.796795087015645 0
10.82345965715855 2.816042952529847 0
10.69070205264258 2.891981104643233 0
10.73239867623324 2.806419019772746 0
10.68699524076237 4.791079971137854 0
10.65599762038119 4.895539985568927 0
15.2632888189202 2.851395089998229 0
15.09884622052533 2.947017276351634 0
15.16372306356507 2.833937105626946 0
3.294472353308247 1.726727732003851 0
3.431594455648485 1.796136613038787 0
3.366212870713703 1.918513702389282 0
3.229090768373466 1.849104821354346 0
3.330342612010975 1.822620717196566 0
17.33389278513876 3.779721970211605 0
17.46186413738761 3.877463404383739 0
17.37324347707119 4.009193443908782 0
17.35356813110497 3.894457707060193 0
5.619625455485869 4.763647945967243 0
5.745737115796548 4.885247358684468 0
5.622312727742933 4.881823972983621 0
10.96039373629212 4.124864696117777 0
11.10357973662898 4.02808202176704 0
11.07298598576509 4.12870063684762 0
3.771599236126821 4.629063362880324 0
3.901359484730241 4.547822630617669 0
3.983367524434452 4.654805900884889 0
3.853607275831033 4.736046633147545 0
3.877483380280637 4.641934631882607 0
14.51234898704604 4.868990086302715 0
14.39098708728662 4.760128096555638 0
14.38299354364331 4.88006404827782 0
15.77716238041542 2.207365281755532 0
15.66151317989145 2.193186203937442 0
8.524236510373866 4.287751995246765 0
8.613195331766596 4.315419874509181 0
13.53113742793373 0.1048894653221715 0
13.43784761398813 0.210980579148031 0
13.2817101860544 0.10609111382586 0
13.40642380699406 0.105490289574016 0
11.19564589218083 0.214841498777278 0
11.03595523246051 0.1075929464815575 0
11.16032294609042 0.1074207493886394 0
6.832424196548635 3.487043087602968 0
6.74512349270986 3.411999733900301 0
6.830486517065544 3.313636497902855 0
6.83145535680709 3.400339792752912 0
10.73685476981284 3.422344788358375 0
10.86323686697913 3.387993321454954 0
10.89248456277267 3.48765751002192 0
10.81466966629276 3.455001149190148 0
6.095028212283559 4.749115184530057 0
6.234066232462591 4.861874682437444 0
5.985961979820969 4.887240502092612 0
6.110014106141779 4.874557592265028 0
5.121255865581705 4.872571347422867 0
7.376419145802504 3.695464222486093 0
7.409522127379335 3.769891591998541 0
10.18620021266658 0.8367429548258607 0
10.03975901112257 0.9052614839388224 0
10.0739571237609 0.7080191488869292 0
10.05685806744174 0.8066403164128757 0
9.392823187739662 4.781331435042771 0
9.262007275090905 4.887776143232447 0
9.383911593869831 4.890665717521386 0
9.236998815662119 1.862864186554424 0
9.397203839869546 1.966240058168716 0
9.314940961138523 2.070822081436563 0
9.27596988840032 1.966843133995493 0
10.16069832291788 3.499425230643392 0
10.10129228148879 3.446367848375375 0
10.1718444596583 3.384565618421747 0
10.16627139128809 3.441995424532569 0
13.82400883160471 4.008814094327077 0
13.83690500767694 4.114999564159026 0
13.72001082214566 4.127877457718506 0
13.70711464607344 4.021691987886557 0
13.77200982687519 4.068345776022792 0
13.53154743913461 2.84273471206422 0
0.1260728902048935 3.703188993813758 0
0.1195907637269897 3.46182202878636 0
0.1228318269659407 3.582505511300059 0
8.35426422968983 1.451665839177927 0
8.51454497363866 1.55485816607266 0
8.430186043518178 1.658425802913355 0
8.269905299569349 1.555233476018622 0
8.392225136604004 1.555045821045641 0
9.084568530966333 1.449337264685711 0
9.243157234325428 1.551634044796264 0
9.15986533626827 1.655653279594198 0
9.001276632909176 1.553356499483644 0
9.122216933617302 1.552495272139955 0
4.587255748800169 2.749919947773232 0
4.497349712165605 2.657272668063678 0
4.572295473176418 2.517781187741575 0
4.579775610988294 2.633850567757404 0
1.893185846222408 1.789894163145665 0
2.024106006093492 1.916108087221722 0
1.908127720858792 2.04082835153699 0
1.777207560987708 1.914614427460933 0
1.900656783540599 1.915361257341328 0
10.70048878170495 0.2193780855721057 0
10.86209670249799 0.3249726854702919 0
10.77747435730813 0.4367405618979996 0
10.61586643651509 0.3311459619998125 0
10.73898156950654 0.3280593237350522 0
17.90746682481545 2.074663424550133 0
18.0405960484573 2.218386851484634 0
17.91620317422721 2.341967613288896 0
17.78307395058536 2.198244186354395 0
17.91183499952133 2.208315518919515 0
3.522585337351298 3.234827353458833 0
3.621037680282484 3.122332568069292 0
3.639067189442866 3.340933265125617 0
3.630052434862675 3.231632916597454 0
2.295294463495173 3.342191046544267 0
2.175367718970211 3.287428580082008 0
2.228284977923018 3.137745662368312 0
2.261789720709096 3.23996835445629 0
14.15843124825507 1.044527120442834 0
14.29492232284576 1.138880390530049 0
14.20418601252341 1.239188732641367 0
14.06769493793271 1.144835462554152 0
14.18130863038924 1.141857926542101 0
15.7889559815366 3.015858733662713 0
15.77332232715657 3.150432001070268 0
15.65193148686744 3.132261628188888 0
15.72044373420202 3.074060180925801 0
5.856699095617516 4.77248786077708 0
5.865849547808758 4.88624393038854 0
5.111303721579004 3.500761306880333 0
4.962038083100472 3.559567241272752 0
4.905381312176856 3.432310031602782 0
5.00834251687793 3.466535669241558 0
6.442457252082629 0.2089219232175328 0
6.283867868320372 0.1045973223529106 0
6.533589383762257 0.1043246008646221 0
6.408728626041315 0.1044609616087664 0
9.750009122296719 3.972177266551014 0
9.661114223736222 3.946120764137953 0
9.724508028104287 3.908868371698401 0
3.086943252713426 2.080129725203603 0
3.1604919153708 1.966938276635728 0
3.286508939700666 2.043172269288623 0
3.186726096207046 2.061650997246113 0
13.72835390962774 2.085528826369352 0
13.68679300484587 1.890118843892701 0
13.7075734572368 1.987823835131027 0
2.11038505304331 1.78930173294822 0
2.207083955808299 1.867741641899473 0
2.12080490885848 1.994547996172975 0
2.115594980950895 1.891924864560597 0
15.84395299439181 4.768311154827954 0
15.9837252052741 4.884159854410237 0
15.73522778911771 4.884151300417717 0
15.8594764971959 4.884155577413978 0
13.89087709068524 4.891921087605809 0
2.009437058238372 1.666702292191829 0
2.128976469312788 1.557303475669519 0
2.229924464117726 1.67990291642591 0
2.119680761178049 1.67330260430887 0
4.136792112669845 0.9713463451317512 0
4.316106621916667 1.060185975155534 0
4.235460011297837 1.197204908927771 0
4.056145502051015 1.108365278903988 0
4.186126061983841 1.084275627029761 0
2.138291738481339 2.108420145160801 0
2.203845747881175 2.259805156001742 0
2.073115700341731 2.324371080576886 0
2.007561690941895 2.172986069735945 0
2.105703719411535 2.216395612868844 0
3.631550182506716 1.728450114232737 0
3.683651302083817 1.599419233434263 0
3.832491199140544 1.655308996826747 0
3.732020690823631 1.691879555529742 0
17.57431118159584 2.487229304431505 0
17.66728830237017 2.349614331330252 0
17.80952361945597 2.460471632506753 0
17.71654649868164 2.598086605608005 0
17.69191740052591 2.473850468469128 0
14.03624679641449 1.454732837286803 0
13.89120885650024 1.360216567077386 0
13.97805808948018 1.251671809492227 0
14.12309602939443 1.346188079701644 0
14.00715244294733 1.353202323389515 0
17.11696687880049 1.797298974490332 0
17.05426061144501 1.667050521390536 0
17.16693147139847 1.618895482274278 0
17.22963773875395 1.749143935374074 0
17.14194917509948 1.708097228382305 0
16.54514933965284 4.75047649333788 0
16.40945999386264 4.65426447137172 0
16.47586962105691 4.527841855272711 0
16.61155896684711 4.624053877238872 0
16.51050948035488 4.639159174305295 0
6.224242887899146 1.670672262709491 0
6.059759870375661 1.570770065217756 0
6.1412038169896 1.466003180625232 0
6.305686834513086 1.565905378116967 0
6.182723352444373 1.568337721667361 0
13.65656739337653 3.665546892772105 0
13.76872077179923 3.609829171124495 0
13.71163382874091 3.77202837705305 0
13.74017730027007 3.690928774088772 0
15.60990527611391 4.884798008897762 0
12.81650802115282 3.281054439904941 0
12.91243938682787 3.333623051224097 0
12.85908598276743 3.409260510916751 0
12.76315461709238 3.356691899597595 0
12.83779700196012 3.345157475410846 0
16.54747134877427 3.072816270581435 0
16.64734803424891 3.192806193335393 0
16.53692604124909 3.290282970367686 0
16.43704935577444 3.170293047613729 0
16.54219869501167 3.181549620474561 0
2.976563143191859 4.064710374118146 0
3.160632091483659 4.19285116179686 0
2.999463053528984 4.201655513537204 0
3.06859761733776 4.128780767957503 0
5.371945542682402 4.499002557742827 0
5.49997992705549 4.621323249584044 0
5.371935543049922 4.626110398932774 0
14.0946563769725 1.659912920824957 0
13.94892350527292 1.565003271458232 0
14.18197966811406 1.549642486653527 0
14.0654515866935 1.55732287905588 0
17.09536635072108 3.124941820782356 0
17.01146760905714 3.268145634646261 0
16.87186220687549 3.17717816997835 0
16.95576094853943 3.033974356114445 0
16.98361427879829 3.151059995380353 0
19.46695525551389 2.782054892857597 0
19.56233796239005 2.941758576637564 0
19.44197171253698 3.011577594807281 0
19.34658900566082 2.851873911027313 0
19.45446348402543 2.896816243832439 0
17.52927869957378 1.593142902627199 0
17.67172039642864 1.483058053736526 0
17.79016407246827 1.640093628462877 0
17.64772237561341 1.75017847735355 0
17.65972138602102 1.616618265545038 0
6.829120142600621 0.625050378276099 0
6.669950366432047 0.5213622192818352 0
6.759845458641167 0.4168617169531128 0
6.919015234809741 0.5205498759473768 0
6.794482800620894 0.520956047614606 0
16.52061126628969 1.724083822398956 0
16.5636360347825 1.604348713984572 0
16.67607503459488 1.652091922606042 0
16.63305026610207 1.771827031020425 0
16.59834315044229 1.688087872502499 0
3.031406224455719 1.896001102292058 0
3.100005077458383 1.778167647010676 0
3.130248496414591 1.872552961823202 0
15.60046852173972 1.692622613181083 0
15.75789340499501 1.623169480887817 0
15.83398765089799 1.760124980577236 0
15.71722808631885 1.726373796879159 0
18.3048203527574 2.000586371925801 0
18.16659064802926 2.110852136754263 0
18.04764193075978 1.952376556955958 0
18.18587163548792 1.842110792127496 0
18.17623114175859 1.976481464440879 0
16.75724189242004 1.570639507143581 0
16.86468582127637 1.68360180841741 0
16.78351896345121 1.76505422387987 0
16.77038042793562 1.667846865511726 0
2.81874295054328 4.727048383422343 0
2.974546259576178 4.850540421843282 0
2.719196690967101 4.87650796157906 0
2.846871475271639 4.86352419171117 0
9.402016868712151 4.225076254167426 0
9.287958241112001 4.240467147018112 0
9.336959754031538 4.161805185317204 0
4.738051950719607 1.121478466277936 0
4.570640565278126 1.025776552609922 0
4.655436419788594 0.9049794933624913 0
4.822847805230074 1.000681407030505 0
4.696744185254099 1.013228979820214 0
3.405745940218501 0.2553073596886897 0
3.261128326985362 0.1287011502784097 0
3.519617613233139 0.12660620941028 0
3.39037297010925 0.1276536798443448 0
16.65710304296084 0.2551912214761023 0
16.76703538605577 0.1256922334886923 0
16.64105152148042 0.1275956107380511 0
6.192880688350364 0.2095724935124132 0
6.034012820029993 0.1049751711595026 0
6.158940344175182 0.1047862467562068 0
17.11343969644715 1.929032603514994 0
17.31491441528249 1.945160056289242 0
17.31731285976022 2.124361541207781 0
17.21537627810368 2.026697072361388 0
16.1450116340357 3.453847379043172 0
16.27702926134148 3.432638786288814 0
16.30308675174998 3.564598001884133 0
16.1710691244442 3.58580659463849 0
16.22404919289284 3.509222690463652 0
3.669921996637115 0.249856044667383 0
3.775304383403976 0.123249835257103 0
3.647460998318558 0.1249280223336915 0
2.004409125889738 2.743494537861754 0
2.037214423280643 2.534436197850387 0
2.121609695203052 2.657771153036246 0
2.020811774585191 2.63896536785607 0
2.888132541276493 0.2423626589353045 0
2.758353389266931 0.1177728646796261 0
3.004779152009562 0.1245897942556784 0
2.881566270638247 0.1211813294676523 0
15.32127452091693 3.331558229198869 0
15.30563726956716 3.456958574087324 0
15.24621921243554 3.387888047354493 0
0.9316097759849455 4.666650587767164 0
0.8352299356660851 4.775680003243411 0
0.699462078896083 4.660072999676879 0
0.7958419192149435 4.551043584200631 0
0.8155359274405143 4.663361793722021 0
2.323457854385068 4.768053232987389 0
2.472927375537445 4.881741063291048 0
2.225530478847624 4.886312169696341 0
2.349228927192534 4.884026616493694 0
16.06416968122264 1.79874147988532 0
15.9365263923084 1.888735497555013 0
15.96163093981223 1.670130962907542 0
15.94907866606031 1.779433230231278 0
16.95552655772494 1.904797897316435 0
16.95905374007829 1.773064268291773 0
17.03624671826272 1.851048435903384 0
12.89716940126915 1.575667361139871 0
13.05018805669401 1.656140883026807 0
12.99740919430932 1.781356189670906 0
12.84439053888446 1.70088266778397 0
12.94728929778924 1.678511775405388 0
17.7776645723865 1.918736975306176 0
17.91783967833083 1.796450107712001 0
17.91265325157314 1.935556766131067 0
11.14256845338361 4.896274362868324 0
13.11642343675116 1.535976198944297 0
13.26717446982137 1.622175546667707 0
13.20093908976422 1.742340230750217 0
13.15868126325769 1.639158214847257 0
3.409173219555376 3.333574770887137 0
3.300290822240864 3.209193075983964 0
3.413702940036787 3.11044565855566 0
3.411438079796081 3.222010214721398 0
3.166936525076958 1.661309237018593 0
3.227828395517037 1.546708776146912 0
3.355364223748326 1.61212727113217 0
3.261150374412642 1.636718254075382 0
17.15212571046289 0.2419400154340146 0
17.01515203510827 0.1213220276456823 0
17.26197367535462 0.1206179877883322 0
17.13856285523145 0.1209700077170073 0
12.81058200529351 3.085343425929528 0
12.83974312655855 2.992582503584388 0
12.00579104659923 0.4318551687507903 0
12.16169549387031 0.5415051191812368 0
11.91289240114405 0.5385151214512494 0
12.03729394750718 0.5400101203162431 0
12.75482051610341 0.4325261151267368 0
12.91204704774655 0.5401147679897291 0
12.66225885123133 0.54276805360737 0
12.78715294948894 0.5414414107985492 0
17.29908989004516 4.872097885117703 0
17.07829633370043 4.836661400753093 0
17.25238622374559 4.708759285870796 0
17.18869311187279 4.854379642935398 0
17.39253172932139 1.685853615175177 0
17.28886474441317 1.532803212803875 0
17.42561171466556 1.440092500255897 0
17.40907172199347 1.562973057715537 0
11.7497564632408 3.548836969066383 0
11.63461278069192 3.603837687226308 0
11.69674316085641 3.471117446568365 0
11.66567797077416 3.537477566897336 0
17.47780840584993 1.881869736090346 0
17.35372307230194 1.81550683573221 0
12.09381263733879 1.670697666592991 0
11.95289766748975 1.569250944609916 0
12.03830535886507 1.47360594619727 0
12.17922032871411 1.575052668180346 0
12.06605899810193 1.572151806395131 0
11.39293000728747 1.6546691777382 0
11.24586957582216 1.548185359217964 0
11.33735787336045 1.450320683375743 0
11.48441830482575 1.55680450189598 0
11.36514394032396 1.552494930556972 0
10.64057056264233 1.617820211898134 0
10.46477079807004 1.478510735923408 0
10.5748763387807 1.374340324998114 0
10.75067610335299 1.51364980097284 0
10.60772345071151 1.496080268448124 0
9.882441103330544 1.640979756317636 0
9.722064329858465 1.542857543464555 0
9.799381506504345 1.434121942959176 0
9.959758279976423 1.532244155812258 0
9.840911304917444 1.537550849638406 0
3.488592743101581 1.667714637826413 0
3.57455189505362 1.856872089445111 0
3.5315723190776 1.762293363635762 0
7.696009559537241 1.659546939826308 0
7.534130019422728 1.556431173563285 0
7.617937431810747 1.452803150149099 0
7.779816971925261 1.555918916412121 0
7.656973495673993 1.556175044987703 0
10.5304035482136 0.4479430732813761 0
10.36540182581486 0.3405691480180804 0
10.45086471411634 0.2237720367365168 0
10.49063413116497 0.3358575550089467 0
10.28768499283177 0.1130779355958764 0
10.53817972128457 0.1106941011406404 0
10.41293235705817 0.1118860183682586 0
17.07084706784191 1.482628631854173 0
17.19278034085661 1.39653636238377 0
17.17985590612754 1.507715922329024 0
8.525117592327465 1.244721746631223 0
8.68409171584908 1.347797577219055 0
8.598775715575055 1.451238314479395 0
8.43980159205344 1.348162483891562 0
8.56194665395126 1.347980030555309 0
17.93071584222027 1.519273038286145 0
18.05839144808283 1.675629517535269 0
17.92427776027555 1.657861572999073 0
4.287357149866708 1.833458640406521 0
4.422744563707687 1.91045027518028 0
4.345879420007861 1.9952888309072 0
4.210492006166881 1.918297196133442 0
4.316618284937284 1.914373735656861 0
11.26552553412881 0.428408995238259 0
11.42106718938853 0.5338199091810651 0
11.17801009520704 0.53415610243069 0
11.29953864229779 0.5339880058058775 0
5.852744915630289 0.3163764144516947 0
5.76270615780677 0.4232351418615519 0
5.603298341296236 0.3186226511163159 0
5.693337099119756 0.2117639237064588 0
5.728021628463264 0.3174995327840056 0
12.56635279412344 1.578769002139692 0
12.57734952530624 1.441206962806218 0
12.70889313919775 1.485584616428217 0
12.69789640801495 1.623146655761691 0
12.6376229666606 1.532176809283954 0
16.42084396661963 1.54437773172741 0
16.47360526371846 1.388362385146525 0
16.61639733188133 1.448333367403687 0
16.51862064925048 1.496355549565549 0
15.4079734766437 0.2412187115363995 0
15.54545810405279 0.3494282073156803 0
15.30983495957198 0.3594141304417109 0
15.42764653181238 0.3544211688786953 0
8.188573009646916 0.2083407269120769 0
8.344982018478985 0.3126074030500492 0
8.252814715187377 0.4164318931628044 0
8.220693862417146 0.3123863100374407 0
9.251926682001171 1.242725607014345 0
9.408239013421634 1.343783281624924 0
9.325268187408357 1.447061464578657 0
9.168955855987894 1.346003789968077 0
9.288597434704764 1.344893535796501 0
6.307060179199 1.255106358092624 0
6.470527103081494 1.356343096518899 0
6.387504193458806 1.461488437947562 0
6.224037269576312 1.360251699521287 0
6.347282186328903 1.358297398020093 0
10.78730906042038 0.1086839844314653 0
10.66274439085247 0.1096890427860528 0
2.596062033252273 4.879124512435054 0
2.594690502391305 1.663454497541012 0
2.507480336384643 1.524795155792922 0
2.622090549980154 1.459282883434831 0
2.709300715986817 1.597942225182921 0
2.60839052618573 1.561368690487922 0
13.18889165449873 0.2131364264685534 0
13.3450349015842 0.3184427775632379 0
13.25258561874313 0.4266037853695139 0
13.22073863662093 0.3198701059190343 0
12.4402228783807 0.2165305439628509 0
12.59757288497569 0.3249495802807694 0
12.50499135005652 0.4336761896972581 0
12.47260711421861 0.3251033668300543 0
17.60775060262301 2.050428234042972 0
17.62773648911821 1.900303355698261 0
2.26367678421504 1.980333206086229 0
2.281163613837899 2.094205355074055 0
2.20098426134819 2.044376675623515 0
3.140907478994924 0.2532909445340881 0
3.132953739497462 0.126645472267044 0
17.76013491352659 3.52863233013578 0
17.79098897082171 3.391172470469275 0
17.92592588980024 3.424725644403348 0
17.89507183250513 3.562185504069853 0
17.84303040166342 3.476678987269564 0
2.627580662326333 3.355842725931218 0
2.555309283574333 3.483440693905962 0
2.443642200903374 3.418391939012389 0
2.535611431614853 3.387117332471804 0
12.72090865576336 4.590846531815144 0
12.80926924554081 4.693151735232236 0
12.67416685453481 4.786818333990123 0
12.69753775514908 4.688832432902633 0
7.440712003812202 0.207961173660399 0
7.598575508607275 0.3118725987262656 0
7.507179091262604 0.4158342096532475 0
7.473945547537403 0.311897691656823 0
16.90718742116404 0.2470142611343742 0
16.89109371058202 0.1235071305671873 0
15.65211683198925 0.2356193904170572 0
15.51536594625206 0.1178463783027972 0
15.7617508857372 0.1177730121142604 0
15.63855841599463 0.1178096952085292 0
13.57321332411973 1.487099122879494 0
13.71755699295073 1.580078944185328 0
13.63401098330452 1.690964751463655 0
13.48966731447352 1.597984930157821 0
13.60361215371213 1.589031937171574 0
16.75374717445288 4.699850933722538 0
16.92666218747646 4.830987728626461 0
16.70208498697642 4.868863205096078 0
16.81437358722644 4.849925466861269 0
5.894971960878337 1.472388059369641 0
5.978936216363588 1.67607362662472 0
5.814148306866263 1.577691620776605 0
5.936954088620962 1.574230842997181 0
19.71430086126103 1.952326459780715 0
19.80789262144631 2.08304554658294 0
19.71673728235962 2.174476843763529 0
19.62314552217434 2.043757756961304 0
19.71551907181032 2.063401651772122 0
3.417733250713951 2.906109728230198 0
3.517580538723847 3.017947575823431 0
3.313855652026891 2.998607810962428 0
3.415718095375368 3.008277693392929 0
13.34393172409266 1.507950233864219 0
13.41291006020223 1.71221024296131 0
13.37842089214744 1.610080238412764 0
3.183863790756156 3.28982613275052 0
3.09144679633923 3.163500779242272 0
3.207873827823938 3.082867722475717 0
3.195868809290047 3.186346927613119 0
17.39628186556191 0.2422742842370904 0
17.50930819020729 0.1216562964487582 0
17.38564093278095 0.121137142118545 0
17.53266965939999 4.885213607045731 0
17.45675954944515 4.757311492163434 0
17.41587977472257 4.878655746081717 0
11.69184256910552 0.215130773657505 0
11.84878423001962 0.3231942486490098 0
11.75762285241369 0.4299468790593139 0
11.72473271075961 0.3225388263584095 0
9.746262476494483 0.4464496218602232 0
9.588298329327728 0.3295162668830462 0
9.687282782322322 0.2229330090358923 0
9.845246929489079 0.3398663640130692 0
9.716772629408403 0.3346913154480577 0
15.26760753039165 0.1233723332336027 0
15.39148673832185 0.1206093557681998 0
6.601214100990903 0.3129248567155742 0
6.692060655181526 0.2084807280101511 0
6.850692012831791 0.3124175882476896 0
6.725953056911347 0.3126712224816317 0
19.90196905079424 2.467408973626114 0
19.80632233092665 2.317469587633822 0
19.90435328013241 2.225060614007708 0
19.90316116546332 2.346234793816911 0
13.81304054411632 4.256309261936115 0
13.94302622967839 4.128285914920053 0
13.91916176611777 4.269595612697143 0
13.87803338689735 4.192297588428085 0
10.69659490641441 0.5473242409260373 0
10.45315895764641 0.5665937212127274 0
10.57487693203041 0.5569589810693825 0
17.93615171070314 2.586511933138048 0
17.95521395374295 2.805709091685334 0
17.84122201891208 2.694899513974043 0
17.94568283222305 2.696110512411691 0
6.960093511899347 1.662274331039987 0
6.796911206416593 1.559979427311796 0
6.879633208669453 1.456034668736168 0
7.042815514152207 1.558329572464359 0
6.9198633602844 1.559154499888078 0
4.135503122081169 1.768391325641675 0
4.201618928312 1.652714547525183 0
4.353472956097537 1.71778186229003 0
4.244488039089354 1.743086593965852 0
11.80786781650744 1.465674300462315 0
11.86537272838556 1.666963981534744 0
11.72034287740325 1.563387337387143 0
11.8366202724465 1.56631914099853 0
12.44859029354689 1.500789894636561 0
12.51027935790321 1.658623228405187 0
12.39251685732666 1.580644120902057 0
12.47943482572505 1.579706561520874 0
11.0987516593954 1.43854905112712 0
11.15046733023787 1.64479114690597 0
11.0033494138111 1.535154838815127 0
11.12460949481663 1.541670099016545 0
10.28630523629943 1.373816265079265 0
10.37911518941211 1.617208089936386 0
10.2006496276415 1.512513619092242 0
10.33271021285577 1.495512177507825 0
1.766354040229258 2.154723899852409 0
1.886957865585577 2.163854984794177 0
10.03408782052195 1.415972519407751 0
10.12632008709598 1.628785255496749 0
10.08020395380896 1.52237888745225 0
10.85371615801766 1.418002342556027 0
10.90030935914642 1.63080229723194 0
10.87701275858204 1.524402319893983 0
11.5736386794266 1.458492859546274 0
11.6311225028024 1.661698979736849 0
11.6023805911145 1.560095919641562 0
12.2605527241604 1.484573607180053 0
12.31118446188037 1.671123181902349 0
12.28586859302039 1.577848394541201 0
3.031250115725108 2.202638398886898 0
2.889296859272253 2.134568454988568 0
2.944989996260571 2.012059781305274 0
2.988120055992839 2.107349090096086 0
3.789848717202793 3.440773477259824 0
3.970985605296111 3.377555406863626 0
3.915024603169592 3.502746212468258 0
3.880417161249452 3.409164442061726 0
9.942589334962216 0.226971063464847 0
10.10712438193398 0.3458165402345017 0
10.00978197646084 0.458711840782724 0
9.97618565571153 0.3428414521237855 0
12.76704092703066 1.351645643059274 0
12.95531718910206 1.441728387770927 0
12.83210516414991 1.463656502099572 0
11.89762387743489 1.36847266768065 0
11.98854292253285 1.273802803788226 0
12.12922440396304 1.378936082304846 0
12.01342414069896 1.373704374992748 0
11.19233621599157 1.345423740366652 0
11.2828889205303 1.248841656059836 0
11.42791057789918 1.353738599068927 0
11.31012339694537 1.34958116971779 0
10.46308878203176 1.247765938417179 0
10.60809752227638 1.181243521781792 0
10.71988507902533 1.307817908362727 0
10.59148693052854 1.277791923389953 0
9.874583292120423 1.329913629828099 0
9.938169494301372 1.221393240558369 0
10.0976740227029 1.307452130138021 0
9.98612865741166 1.31868287998306 0
9.644044901467582 1.339356181143826 0
9.719246687083661 1.235147868012748 0
9.759314096794004 1.334634905485962 0
8.927245135948505 1.347178931009034 0
9.011632460970066 1.243845456291401 0
9.0481004959682 1.346591360488556 0
3.88683193786545 1.528059477274599 0
4.041275414078318 1.586433277978182 0
3.986934675353412 1.71368279753033 0
3.936883306609431 1.620871137402464 0
8.194544164912511 1.348436691912279 0
8.280081527276121 1.244933336625914 0
8.317172878482976 1.348299587901921 0
13.42445681142848 1.391505509639346 0
13.50901500776433 1.279011993289739 0
13.65777152045558 1.374605606529886 0
13.54111416594203 1.383055558084616 0
7.456473610970312 1.349617790268241 0
7.541544602363784 1.245886874953375 0
7.703008423204218 1.349072234834233 0
7.579741017087265 1.349345012551237 0
13.74457704934546 1.264463526439867 0
13.80440332761035 1.470358647167405 0
13.77449018847791 1.367411086803636 0
1.778297404224837 1.671111064253092 0
1.894548616240801 1.547919193299256 0
1.893867231231605 1.66890667822246 0
7.863859256240736 1.452340420807508 0
7.788125938203332 1.245436195573169 0
7.94897677123985 1.348704381546445 0
7.825992597222034 1.348888308190339 0
19.4123452826203 3.238904857452369 0
19.31526863469292 3.077139216782706 0
19.53904836046436 3.173343235476944 0
19.42715849757864 3.125241226129825 0
6.257220077954286 4.615875064216997 0
6.39936573030111 4.529483490296236 0
6.355767852689683 4.745426376827727 0
6.377566791495396 4.637454933561981 0
5.443561414981554 0.2135659252866922 0
5.284304669636459 0.1073011547150515 0
5.534256745345095 0.1062647705716406 0
5.409280707490777 0.1067829626433459 0
9.184121483695716 0.2137278762128485 0
9.337384079720497 0.3220665712514901 0
9.242230895166937 0.4258507735488095 0
9.213176189431326 0.319789324880829 0
5.193501063096148 0.2159961533868247 0
5.034196393459689 0.1086949986717736 0
5.159250531548074 0.1079980766934128 0
18.28337820018961 2.257045095073125 0
18.16198712432345 2.237715973278879 0
13.13995462729345 1.858335408985377 0
13.09217059091951 1.984786772387616 0
13.04478989261442 1.883071481029261 0
6.633438507398376 1.458256357783435 0
6.554010238580762 1.251685692606341 0
6.716921642897644 1.353598953870877 0
6.593724372989569 1.354971025194888 0
16.95989269264309 1.577588061516173 0
16.85476090033773 1.455059397036644 0
16.96571527553655 1.360099967374644 0
16.96280398408982 1.468844014445409 0
0.2355167328102397 3.304587432176848 0
0.3466378276775011 3.155245449982441 0
0.35158566404189 3.271822830374773 0
9.434454776220365 0.2177843398003416 0
9.491227632827858 0.4337984983341943 0
9.462841204524112 0.3257914190672677 0
7.125833053189638 1.45452047700657 0
7.288390723484106 1.557185440923641 0
7.205373184446676 1.66099453638143 0
7.165603118818157 1.557757506694 0
6.963664154992074 1.351741508741723 0
7.047880657085603 1.247681534400226 0
7.210049555283168 1.350460502665073 0
7.086856855137621 1.351101005703398 0
13.27185050257766 1.296556926124094 0
13.19132541524184 1.413001650348967 0
13.30789111333516 1.402253579994156 0
7.294752700151438 1.246594834984469 0
7.371770466102041 1.453483457948846 0
7.33326158312674 1.350039146466657 0
4.029190065650385 0.1195418846845842 0
3.902247224527181 0.1213958599708436 0
2.366146323828602 3.587917643570303 0
2.217798586420401 3.511716751102182 0
2.330720393661887 3.465054345057285 0
7.450750276804792 1.660133156538081 0
7.411260371453417 1.556808307243463 0
6.71474277600475 1.664134127010058 0
6.551270076986532 1.562411057481697 0
6.674090641701563 1.561195242396747 0
5.977194360669607 1.365696384631855 0
6.060027813256319 1.25994490352791 0
6.10061581512296 1.362974042076571 0
18.21497721516225 1.54717346811467 0
18.34245740256734 1.713654742706897 0
18.20042442532509 1.694642130121083 0
1.545295300270674 0.4183726184221053 0
1.430627313457789 0.5581085265476233 0
1.293735348691539 0.4204659443691234 0
1.408403335504424 0.2807300362436052 0
1.419515324481106 0.4194192813956144 0
6.800952589220264 1.249305793876432 0
6.840292898944859 1.3526702313063 0
19.90004616834594 1.738414638473439 0
19.9035393413139 1.982984932575232 0
19.80358550965985 1.846399571048671 0
19.90179275482993 1.860699785524335 0
5.318089098895172 1.289050213963554 0
5.483651172982198 1.383983247406052 0
5.402469551546028 1.49361118655775 0
5.236907477459002 1.398678153115252 0
5.3602793252206 1.391330700260652 0
2.154869516849663 2.449710654849389 0
2.055165061811188 2.429403639213636 0
13.03021916759274 1.318753839175597 0
13.07332130217195 1.427365019059947 0
1.661518936981643 0.2743910407045864 0
1.517257498904588 0.1395080807075351 0
1.769261438077056 0.1348829599970509 0
1.643259468490822 0.137195520352293 0
10.82314109066463 1.222436247806585 0
10.95697216965696 1.332620681999884 0
10.83842862434114 1.320219295181306 0
11.51758587020335 1.256023279363077 0
11.66331397173077 1.360777539840423 0
11.54561227481497 1.357258069454675 0
12.22521150598909 1.291423319127491 0
12.35653982618646 1.397060844002698 0
12.24288211507475 1.387998463153772 0
8.769114682865006 1.244411989328561 0
8.84222216893258 1.450564518899529 0
8.805668425898793 1.347488254114044 0
0.5430106442428393 4.316212917019635 0
0.6730462719805761 4.460646515542738 0
0.5695842562278077 4.542749297446258 0
0.4395486284900709 4.398315698923156 0
0.5562974502353235 4.429481107232947 0
1.539993318288595 4.779258822917139 0
1.704026564485208 4.887010332228494 0
1.460966753803387 4.892248490688646 0
1.582496659144297 4.88962941145857 0
5.488549001684479 1.694294599836491 0
5.32275082603709 1.600652722436681 0
5.568267727193416 1.58725306395756 0
5.445509276615253 1.593952893197121 0
3.200718910504853 4.410218427955325 0
3.083846816280937 4.346761271628343 0
3.180675500994257 4.301534794876092 0
9.029714196062132 0.106058408099619 0
9.279407287633585 0.1076694681132295 0
9.154560741847858 0.1068639381064242 0
11.65842128455276 0.1075653868287527 0
5.943093173804654 0.2104743242943208 0
5.784080353774661 0.1054991531348182 0
5.909046586902327 0.1052371621471604 0
6.658530327590763 0.1042403640050749 0
7.407856001906101 0.1039805868301995 0
8.156786504823458 0.1041703634560385 0
8.905016325519165 0.1055821562824657 0
9.530047488586781 0.1101148716871121 0
9.782235293735541 0.1128181373487802 0
9.65614139116116 0.1114665045179462 0
10.94826429288089 0.2162769309130224 0
10.91163214644044 0.1081384654565118 0
12.40761143919035 0.1082652719814257 0
13.15694582724936 0.1065682132342767 0
11.10756186580822 0.3220004338150186 0
11.02139427542532 0.4306961883722886 0
10.9848292841531 0.3234865596426548 0
1.220344050576266 4.891284879122463 0
1.340655402189824 4.891766684905555 0
10.19803903405845 0.2272308617119432 0
10.03535404122668 0.1141529261160668 0
10.16151951702922 0.1136154308559716 0
18.13260912296574 0.2560894813224355 0
18.00483380925908 0.1262550396405726 0
18.25277531370665 0.1298344416818629 0
18.12880456148287 0.1280447406612177 0
2.358361250240312 1.598069203135929 0
2.275415803883124 1.424414606131986 0
2.424534890027456 1.35114055878898 0
2.391448070133883 1.474604880962454 0
17.55117265780214 1.338144780384881 0
17.67987785965704 1.227487233742238 0
17.80042559828354 1.372400507093883 0
17.67579912804284 1.355272643739382 0
18.37886262092899 0.2653972851389823 0
18.50108730722234 0.1355628434571194 0
18.3769313104645 0.1326986425694909 0
18.51514390915563 4.861804135462386 0
18.25390602928786 4.887816357150418 0
18.39404993844348 4.749620492612804 0
18.38452496922174 4.874810246306402 0
8.929424259942415 3.730537622458865 0
9.045719563716483 3.794365218752869 0
8.972414628052498 3.9089426757416 0
8.856119324278431 3.845115079447596 0
8.950919443997456 3.819740149100233 0
8.034343054029371 1.24514546989861 0
8.109177882122989 1.451995603560114 0
8.07176046807618 1.348570536729362 0
14.62937731713754 0.1936615803284649 0
14.51070181355434 0.09301108726878393 0
14.7436755035832 0.100650493059681 0
14.62718865856877 0.09683079016423246 0
5.733697577338155 1.683670832322983 0
5.648718456721524 1.481273852411181 0
5.691208017029839 1.582472342367082 0
9.488663867925514 1.240391755800493 0
9.563620046963702 1.442747706968257 0
9.526141957444608 1.341569731384375 0
16.71391633979902 1.33275325729675 0
16.73557911610953 1.451696382220166 0
0.3215940754581723 0.6981000087174734 0
0.2168877314254285 0.5954170311317801 0
0.32356532629829 0.4575799499271191 0
0.4282716703310339 0.5602629275128121 0
0.3225797008782312 0.5778399793222961 0
18.62843842659156 0.2817198332259334 0
18.75235111936922 0.146156989768814 0
18.62671921329578 0.1408599166129667 0
0.2295881211271293 3.064704362202874 0
0.1159259690832499 3.217765403390487 0
0.1136621520438794 2.971938958812387 0
0.1147940605635647 3.094852181101437 0
1.390762523308656 3.739227163358153 0
1.258301449994777 3.782856179981239 0
1.212540616555774 3.662936528010468 0
1.345001689869655 3.619307511387383 0
1.301651569932215 3.701081845684311 0
14.88010978211468 1.842384512174499 0
14.72693551678856 1.732534761295196 0
14.82567506284835 1.621433159458215 0
14.97884932817447 1.731282910337518 0
14.85289242248151 1.731908835816357 0
5.659168549559879 0.1058819618532296 0
8.02498377471561 1.555547772157045 0
7.940941490400133 1.659126267761657 0
7.902400373320434 1.555733344284583 0
19.90394631072316 2.10402277329147 0
9.908794667481107 0.1134855317324237 0
4.48969655021863 0.8045084688232129 0
4.578534708414921 0.6830666356445245 0
4.744274577984885 0.7835376601838029 0
4.616985564101757 0.7940230645035078 0
15.74135220692284 3.263309811323878 0
15.88207075926491 3.183644406877493 0
15.85010063903117 3.296522217131103 0
15.81171148309387 3.223477109100685 0
19.89302390445417 2.956331387480925 0
19.88743770830421 3.201647261331074 0
19.78046161275838 3.032978648812 0
19.89023080637919 3.078989324406 0
13.22589883777933 3.714089664540411 0
13.31942140028544 3.778769768515626 0
13.25580242064039 3.850204569666762 0
13.16227985813427 3.785524465691547 0
13.24085062920986 3.782147117103587 0
19.88050998500596 3.446539687629719 0
19.87090204104747 3.690388740401648 0
19.75141202605343 3.511928428031367 0
19.87570601302671 3.568464214015683 0
19.76713978486104 4.456233827381274 0
19.88298597009598 4.310790894624201 0
19.88415381476507 4.520442932757073 0
19.88356989243052 4.415616913690637 0
6.510652535353996 0.4177095801722888 0
6.351895686445722 0.3137066466742473 0
6.476554893718313 0.3133157516949105 0
10.3168725904593 1.248149109985909 0
10.26863450141423 1.097681020545138 0
10.41485069298669 1.097297848976408 0
10.36586164172299 1.172723479481159 0
6.469452718040813 1.666827997651102 0
6.42847845574981 1.564158217799332 0
18.45268125065081 3.579404391325006 0
18.59516067624673 3.547292764257155 0
18.64142219281263 3.689476761274217 0
18.4989427672167 3.721588388342068 0
18.54705172173172 3.634440576299611 0
1.072436131977646 4.780285350298195 0
0.9770920814013788 4.889000471175732 0
1.098718065988823 4.890142675149098 0
19.02349879708294 4.892617899895766 0
18.77833235705019 4.885520363338483 0
18.92683115413313 4.778138263234251 0
18.90091557706656 4.889069131617125 0
18.66847626620582 4.74732449880087 0
18.64673813310291 4.873662249400435 0
17.92617744246517 2.464239773213472 0
18.64605752451569 1.600257957192318 0
18.77787613578019 1.530517267193531 0
18.86015504284757 1.682525324320794 0
18.72833643158307 1.752266014319581 0
18.75310628368163 1.641391640756556 0
18.90111172725113 0.3167822050787468 0
19.0237606078819 0.1706252153099328 0
18.88805586362556 0.1583911025393734 0
13.86207717061331 1.674723568476155 0
13.83324024911183 1.57254110782178 0
1.266145836599836 0.1412219555360696 0
1.391701667752212 0.1403650181218019 0
0.1177583664051198 3.339793716088424 0
4.631626927757488 2.22114310990137 0
4.708430102705805 2.144427618947862 0
4.860318286809051 2.202427574144234 0
4.745972607283269 2.211785342022802 0
4.908038448942452 0.8844792946768092 0
4.832488522329589 0.6668926941013438 0
4.996252393287157 0.7678343285943501 0
4.870263485636021 0.7756859943890766 0
10.90665958349477 3.593256398722612 0
10.99609130671858 3.467602700841643 0
11.01026632744068 3.573201589542333 0
10.95137544510668 3.530429549782127 0
10.12824137686277 1.181784975044665 0
10.2072733065811 1.277800620061965 0
11.05055672625313 1.239495371239416 0
11.07465419282427 1.339022211183268 0
11.75307003265822 1.263575907058758 0
11.78046892458283 1.364625103760537 0
12.48529905794581 1.337477912172355 0
12.46694467574635 1.419133903404458 0
19.85571004721618 3.931908964288525 0
19.72661208826365 3.747297704690173 0
19.86330604413182 3.811148852345087 0
19.76794769331017 3.273186948960793 0
19.88397384665508 3.324093474480396 0
1.658501075451017 3.978926038639211 0
1.715846201741305 4.133665719252293 0
1.549213969102183 4.176246497292476 0
1.491868842811897 4.021506816679395 0
1.603857522276602 4.077586267965843 0
3.01332317569187 3.048360007014908 0
2.982539613386239 3.232348080313786 0
2.997931394539054 3.140354043664347 0
13.59586376080204 1.166407533989319 0
13.68431647802309 1.056552349648362 0
13.83302976656651 1.154608342098911 0
13.71444676368428 1.160507938044115 0
0.1075879811362164 0.7335042779909551 0
0.2152331610175171 0.840803382281005 0
0.1076451798813007 0.9822991042900497 0
0.1076165805087594 0.8579016911405026 0
17.55280382372351 0.8481452941761183 0
17.66868521885213 0.7337367985288368 0
17.79298953062054 0.8644225997559412 0
17.67710813549191 0.9788310954032227 0
17.67289667717202 0.8562839469660295 0
5.730656483218283 1.373410036932263 0
5.812878883009553 1.266718362194478 0
5.853925421943945 1.369553210782059 0
0.3431994470097557 4.533266286935779 0
0.2315357138525052 4.441035024134521 0
0.3278848953328204 4.306084436121898 0
0.3355421711712889 4.419675361528839 0
8.185711192161969 1.658785644615554 0
8.147444537142478 1.555390624087833 0
8.91738547357936 1.657098941587133 0
8.758331009602765 1.554306961003018 0
8.879803821255971 1.553831730243331 0
2.310897196361804 1.815424755007532 0
2.367490024768545 1.928016319194288 0
2.287286990288423 1.89787898054688 0
0.9317524133719637 0.3118208465285153 0
0.7858266412076684 0.1648678978300557 0
1.020925772164295 0.1469529486984591 0
0.9033762066859818 0.155910423264257 0
19.82444060238621 4.166658590643046 0
19.68015064960239 3.973567554931571 0
19.84007532480119 4.049283777465785 0
0.1165962984391786 4.302124567035801 0
0.168793346909986 4.16414422012565 0
0.3800819438036278 4.168104089211746 0
0.2483391211214023 4.235114328123774 0
9.404727388110183 0.1088921699001708 0
19.17379917009699 0.3032864889021392 0
19.27503856221509 0.1326612735922064 0
19.1493995850485 0.1516432444510696 0
8.500654135932407 0.4172207576257576 0
8.46910429602482 0.3130150925661788 0
0.1092997502892121 0.486912753140825 0
0.1084438657127134 0.6102085155658901 0
5.565589199478957 1.276119431927134 0
5.60715382810024 1.378696642169158 0
19.51497951108109 0.1251486190707913 0
19.39500903664809 0.1289049463314988 0
0.1149394154133248 4.51391045709872 0
0.1157678569262544 4.408017512067261 0
8.359540113996632 4.651328729967279 0
12.72240951795682 0.3242504402062969 0
2.561532062222392 3.781604004158587 0
2.366392657754982 3.763268699354914 0
2.561285728296012 3.606252948373976 0
2.463839193025498 3.684760823864445 0
7.756025271657486 0.4158391160020933 0
7.723102076300058 0.3119074246754607 0
17.74948292394656 4.033321662549918 0
17.66041646529482 4.205276256219939 0
17.50858836227031 4.125593965898497 0
17.59765482092205 3.953639372228476 0
17.62903564310844 4.079457814224208 0
15.2362111147006 3.61029435341462 0
15.16877729324248 3.732721650047006 0
15.13779323670727 3.636708193005171 0
19.65433295349926 4.551964605363451 0
19.55325865143168 4.435707334824289 0
19.66606548279346 4.339976556842112 0
19.66019921814636 4.445970581102782 0
16.74885828053559 3.068223885833696 0
16.77035196058881 3.301760477480046 0
16.7596051205622 3.184992181656871 0
11.97332070396223 0.3238605167334403 0
17.92824889494762 1.252216369044775 0
18.05853913888436 1.399088900237037 0
17.92948236858395 1.38574470366546 0
9.641865598788891 1.648652396596094 0
9.483421315894129 1.548542560099796 0
9.602742822876296 1.545700051782175 0
2.011271670308458 1.421571317107351 0
2.157711004878795 1.288682447569818 0
2.14334373709579 1.422992961619668 0
10.27448717369039 0.4591548265406384 0
10.23626310387442 0.3431928441262908 0
17.49196495440783 2.201798379018829 0
17.63751945249659 2.200021282686612 0
19.42818989489399 4.570351071603698 0
19.44893148029852 4.364258705863399 0
19.43856068759625 4.467304888733548 0
9.299404475732148 0.6346621199479021 0
9.148083495650505 0.5270619616924377 0
9.393551875248578 0.5334509318042737 0
9.270817685449542 0.5302564467483557 0
10.04422179292124 1.742936007602688 0
10.29104791242332 1.732582005506143 0
10.16763485267228 1.737759006554416 0
10.80423588398154 1.733675564752704 0
11.05682717676468 1.745370421095957 0
10.93053153037311 1.739522992924331 0
11.54265020665195 1.761522836171497 0
11.77985805844575 1.76645047785981 0
11.66125413254885 1.763986657015654 0
12.23912478662843 1.770728256185073 0
12.45321738478265 1.765626718413149 0
12.34617108570554 1.768177487299111 0
5.34421131942217 3.241905316061152 0
5.258993165727439 3.355451291519373 0
5.249712193516565 3.182954200250632 0
5.254352679622002 3.269202745885003 0
4.399570514066126 0.9327514708168454 0
4.230382658608981 0.8324899672239758 0
4.320508694761485 0.7042469652303431 0
4.360039604413806 0.8184992180235944 0
3.405492286562978 1.492158024695593 0
3.538720805916233 1.547745391389836 0
3.44704251483228 1.579936331261003 0
7.009036655457419 0.416312422808526 0
6.975395569267326 0.3122579885443728 0
13.35721444070797 1.180318877601121 0
13.44406319374568 1.067714418300701 0
13.476539100755 1.17336320579522 0
11.23058571315482 0.3216252470077681 0
19.60752011508369 4.195844252860958 0
19.74525304258984 4.25331757374258 0
6.102353058637097 0.3148112230726978 0
6.012004800462733 0.4207133132300718 0
5.977548987133693 0.3155938187621961 0
16.30290737206348 1.380554153723073 0
16.2950677397872 1.235663306029236 0
16.46576563144218 1.243471537452688 0
16.38433650175283 1.31201284558788 0
2.767087971570982 3.932670920331284 0
2.597779960855993 3.95123302072139 0
2.730840072937381 3.763041903768481 0
2.664310016896687 3.857137462244935 0
1.2119935798885 1.821998449577717 0
1.099667747336543 1.710071655473453 0
1.210522248782599 1.579742391439832 0
1.322848081334556 1.691669185544095 0
1.211257914335549 1.700870420508774 0
8.674100267666368 1.657926812596283 0
8.636437991620712 1.554582563537839 0
15.69249753015182 1.529788199262776 0
15.79307011284935 1.468479784327256 0
15.85846598769254 1.561861065952296 0
15.77548175892218 1.545824632607536 0
9.4013103628112 1.653115140317403 0
9.363289275109778 1.55008830244803 0
13.11588081218597 1.196810027186264 0
13.20124475031628 1.08057197866329 0
13.23654762644697 1.188564452393692 0
12.86745676281992 1.216249335488151 0
12.95311840741314 1.094305523498818 0
12.99166878750294 1.206529681337207 0
12.59672696759768 1.23830346996266 0
12.69714280338694 1.102907162391538 0
12.7320918652088 1.227276402725406 0
12.32599205706861 1.196830173966554 0
12.43741996672049 1.097655731756859 0
12.46135951233315 1.217566821964607 0
12.08235067684967 1.176729346587036 0
12.18313122792918 1.082136201426099 0
12.20417136695914 1.186779760276795 0
11.84379865244187 1.165112781383776 0
11.93760640675868 1.068039324182586 0
11.96307466464577 1.170921063985406 0
11.60663907583873 1.157386521311869 0
11.69736769562239 1.058923395636888 0
11.7252188641403 1.161249651347823 0
11.37077236099554 1.151495525002256 0
11.45982556663092 1.052858766951049 0
11.48870571841714 1.154441023157063 0
11.13752953506514 1.146073714898967 0
11.22541297553038 1.048727583841387 0
11.25415094803034 1.148784619950612 0
10.91008173745597 1.13936881621212 0
10.99705454626797 1.045947159871671 0
11.02380563626055 1.142721265555543 0
10.69665685130152 1.127289558546678 0
10.78359749809286 1.044222126952213 0
10.80336929437874 1.133329187379398 0
10.52426348915639 1.097324709569175 0
10.61282281818153 1.043370746334061 0
10.61046017022896 1.112307134057927 0
10.00361880530695 1.130593079334984 0
10.03416332382449 1.047420841238497 0
10.15878589538031 1.098612736948178 0
10.08120235034363 1.114602908141581 0
9.797452850414007 1.137305593324763 0
9.862902161419589 1.046505432101378 0
9.90053582786048 1.133949336329874 0
9.571512880755932 1.139812196445174 0
9.649719044086277 1.041969921757188 0
9.68448286558497 1.138558894884968 0
9.336881819389079 1.140785267484129 0
9.419730832219498 1.040205708128809 0
9.454197350072505 1.140298731964651 0
9.097664891949737 1.141174967975143 0
9.182620029337645 1.039234628444928 0
9.217273355669409 1.140980117729636 0
8.855690997203626 1.141336389797003 0
8.941723428183296 1.038665901480745 0
8.976677944576682 1.141255678886073 0
8.611953366726 1.14140946930051 0
8.69852968106462 1.038333869768953 0
8.733822181964813 1.141372929548757 0
8.367006730525427 1.141466018282441 0
8.453842504923962 1.038153740951728 0
8.489480048625714 1.141437743791476 0
8.121189201323592 1.141559785565155 0
8.208114404572898 1.038092467221681 0
8.24409796592451 1.141512901923798 0
7.874812230447629 1.141736675451595 0
7.96165837774185 1.03815099111814 0
7.998000715885611 1.141648230508375 0
1.834672454014333 4.446072000076931 0
1.676730336974 4.485995996266658 0
1.616997568518066 4.333971204027302 0
1.774939685558399 4.294047207837575 0
1.725835011266199 4.390021602052117 0
1.059798322937066 3.594222469243379 0
1.191827886252439 3.565283189331771 0
1.080511053240404 3.691875807922077 0
1.13616946974642 3.628579498626924 0
4.766268103035598 3.452168286184484 0
4.738334855068983 3.346032501924609 0
4.821858083622919 3.389171266763695 0
7.628040285962001 1.142052733706457 0
7.714726578206298 1.038353213584884 0
7.751426258204815 1.141894704579026 0
6.261368056732454 0.4189453762345323 0
6.227124372541409 0.3142589348734726 0
16.29113477569818 1.121871178360488 0
16.22092901229406 1.173272918952813 0
7.380970212389737 1.142584356249876 0
7.467465895987955 1.038750215002958 0
7.504505249175869 1.142318544978167 0
3.188407596379093 1.394175198717057 0
3.290834332516557 1.461634896180056 0
3.125401659379572 1.479249078683913 0
3.208117995948065 1.470441987431985 0
7.13378678408035 1.143433294875392 0
7.220004296318649 1.039422816140798 0
7.257378498235044 1.143008825562634 0
16.7939264976716 1.890644469269594 0
16.64345780032246 1.89741727641015 0
16.71348838188683 1.83123575014501 0
6.886536378506349 1.144729245360086 0
6.972442505501096 1.040481005835252 0
7.01016158129335 1.144081270117739 0
14.5573658904087 3.322475017197982 0
14.66382182364743 3.496117255551316 0
14.52258969803821 3.439579604426325 0
14.61059385702807 3.409296136374649 0
6.639218158775126 1.14665143134488 0
6.724801948061211 1.042074882828534 0
6.762877268640738 1.145690338352483 0
18.8688588669347 3.461128660265306 0
18.93573232323463 3.608881062956741 0
18.79347726232545 3.652624885361264 0
18.72660380602551 3.504872482669828 0
18.83116806463007 3.556876772813285 0
18.32523867445721 3.600672350997356 0
18.29337632546623 3.471407255799452 0
18.42081890165982 3.450139296127102 0
18.37302878805852 3.525405823562229 0
17.31296506567608 1.299846902501554 0
17.43852600881266 1.197899182630539 0
17.43206886173911 1.318995841443218 0
5.24362004387862 1.709141856626259 0
5.077234612886834 1.619043839315883 0
5.156365395045304 1.510554705126306 0
5.199992719461962 1.609848280876282 0
2.439333982484389 1.73359104171755 0
2.334629223301059 1.70674697907173 0
11.12018559539063 3.509638214744949 0
11.06159978602275 3.649708436154977 0
11.09089269070669 3.579673325449964 0
6.391921629907322 1.149449078178246 0
6.477129550101686 1.044414816916785 0
6.515569894341223 1.148050254761563 0
15.07317330629297 2.169296880642729 0
15.17455492398421 2.058039028732617 0
15.19551990606174 2.168591046915179 0
19.08208817336147 1.764786042755841 0
18.94895108938428 1.841638371928286 0
18.99329212682476 1.605672995148349 0
18.97112160810452 1.723655683538318 0
3.688955475376417 3.603572920591253 0
3.53817394761649 3.503732708457046 0
3.664011332409641 3.472253092858435 0
10.93470948743062 3.704169516269778 0
10.80548805407537 3.741431264809103 0
10.85607381878507 3.667343831765857 0
2.814275167275232 4.094791243808363 0
2.871825557381421 3.998690647224715 0
14.1169256960989 0.837308109832692 0
13.96210373265153 0.731487140649419 0
14.05962794398716 0.6218788281563219 0
14.08827682004303 0.7295934689945069 0
1.077728347985431 0.7051315976913419 0
1.187726367899693 0.5656293047954106 0
1.310535313533055 0.6912169637697092 0
1.194131830759243 0.6981742807305253 0
18.38848686007131 2.406718289292063 0
18.49039377254805 2.546022398750489 0
18.37162627383943 2.637142139536103 0
18.38005656695537 2.521930214414083 0
6.144573889282692 1.15343469000759 0
6.229435339991014 1.047777410093212 0
6.268247759595007 1.151441884092918 0
0.8895968457207637 2.452241780143624 0
0.7818625960706775 2.588726911274678 0
0.6683535503408073 2.48938393590959 0
0.7760877999908899 2.352898804778536 0
0.7789751980307837 2.470812858026607 0
18.85032855055861 3.801761614830311 0
18.6982734810458 3.838613490743263 0
18.74587537168562 3.745619188052264 0
1.162071608764132 0.2881749042345292 0
1.143535804382067 0.1440874521172644 0
8.965192951518921 0.7306478532697276 0
9.055556116837378 0.629359060135708 0
9.207970156770093 0.733887765365786 0
9.117606991451636 0.8351765584998057 0
9.086581554144507 0.7322678093177568 0
5.344953695739491 2.187471094094134 0
5.421446018218706 2.092184447753264 0
5.587889046638451 2.183856418756872 0
5.466421371188972 2.185663756425503 0
10.58655601133601 4.703287012518182 0
10.70319558920575 4.685439370087556 0
1.647282805820648 2.968533405258745 0
1.509008949537256 3.013132560886696 0
1.471141962258017 2.901679823011049 0
1.609415818541409 2.857080667383098 0
1.559212384039332 2.935106614134897 0
16.60847035661102 1.19291154833761 0
16.75282706401566 1.090838976656711 0
16.85827304720367 1.23068068561585 0
16.73337170190734 1.21179611697673 0
19.04307702710365 2.612772443645278 0
19.13290084285421 2.764836583047234 0
19.00967539733875 2.835264663927626 0
18.9198515815882 2.68320052452567 0
19.0263762122212 2.724018553786452 0
2.393338734218505 0.7377223780945199 0
2.667276270750122 0.5953875035323328 0
2.615951564268091 0.8072574595866033 0
2.530307502484313 0.6665549408134264 0
18.89689308866363 1.451195638586041 0
19.02224615109637 1.364183227367511 0
19.1186451892575 1.51866058392982 0
19.00776913896056 1.48492811125793 0
5.897086744414898 1.159035951766208 0
5.981632820441272 1.052525738245888 0
6.020830316848794 1.156235320886899 0
1.11567954956978 3.808570170501491 0
1.005652864428619 3.839480214653681 0
0.9704843680992425 3.722785852074268 0
1.043081958834511 3.765678011287879 0
4.083587179343706 4.543027455819924 0
4.105474378855155 4.761442951974137 0
4.094530779099431 4.65223520389703 0
19.2853980546256 2.470144644528444 0
19.37475526245527 2.625204676222778 0
19.25529490120365 2.695888818091614 0
19.16593769337398 2.54082878639728 0
19.27034647791462 2.583016731310029 0
16.53701872494614 1.028247962286125 0
16.45717547851181 0.8912391352923101 0
16.58163397443761 0.8247165030933838 0
16.66147722087194 0.9617253300871984 0
16.55932634969187 0.9264822326897544 0
16.31388869478544 1.819244805488776 0
16.18902918800404 1.808993142687048 0
16.87466798820634 1.983954979127081 0
18.05475647976841 2.90630663545957 0
17.96846486062986 3.001145892768768 0
17.8689223346044 2.900548348994532 0
17.9618394071864 2.903427492227051 0
1.622763185070241 2.694007385790596 0
1.53241487239622 2.592593530321512 0
1.633710916094032 2.492384952045067 0
1.628237050582136 2.593196168917832 0
18.4101458669881 2.163068191257958 0
18.5152545268698 2.312741385476896 0
18.3993163635297 2.28489324027501 0
17.07029357612925 4.176386259587682 0
17.00820168208869 4.313896039159353 0
16.88418362935034 4.243532687221536 0
16.97723860273979 4.209959473404608 0
2.967902114396948 4.403555612677463 0
2.883518351644994 4.258449854586325 0
2.983682583962965 4.302605563107334 0
11.52171705199514 2.804168584053213 0
11.43809485344838 2.90372498041024 0
11.40741708515497 2.812290957656249 0
0.8783559983785771 1.73510010622075 0
0.9879164848543294 1.601031371103302 0
0.990107260860789 1.844140390590901 0
0.9890118728575601 1.722585880847102 0
1.131556464242646 2.879288988408363 0
1.0240138029693 3.010611461711076 0
0.9060739265642272 2.91387249535024 0
1.013616587837573 2.782550022047527 0
1.018815195403437 2.896580741879301 0
10.38054227140706 0.9885778936565948 0
10.48995506757677 0.9886047542493617 0
10.45240288028173 1.042951301612885 0
15.2266968907842 1.342938351064437 0
15.27559751628175 1.510613457133542 0
15.15591646395346 1.528598962016058 0
15.1070158384559 1.360923855946953 0
15.19130667736883 1.435768656540247 0
17.67821723800197 4.775956761574641 0
17.77054757860198 4.890743154528909 0
17.65160861900099 4.88797838078732 0
9.229004406225007 3.759579824289669 0
9.158667765784596 3.859916517883202 0
9.137361984970745 3.776972521521269 0
19.07309754001288 0.6483683728189011 0
19.1664981561374 0.7916878613747227 0
19.05223356238147 0.8827747992488677 0
19.06266555119718 0.7655715860338843 0
16.95947321636069 1.675326164903973 0
0.6520950842906856 1.270427591656777 0
0.5446452540004856 1.411745204814614 0
0.54155276739424 1.162163171693306 0
0.5430990106973628 1.28695418825396 0
18.93834678176188 0.9800658599286058 0
18.82309298061888 1.079572293719865 0
18.72068191122678 0.9393592458705049 0
18.82951434649433 0.9597125528995556 0
1.775901691282517 1.429058069308299 0
1.892624745350176 1.302710193116393 0
1.893586680795487 1.425314693207824 0
0.8971121497602148 2.684904563563391 0
0.7897541199645666 2.821383750075071 0
0.6745045662750293 2.725206097786358 0
0.7858083580176221 2.705055330674874 0
5.649428295361808 1.166830381181996 0
5.733636156767153 1.059147970753727 0
5.773257519888352 1.162933166474102 0
16.63477181489154 3.461059803901105 0
16.49197363332738 3.546010813995442 0
16.39412785968492 3.375233980462024 0
16.51444983728823 3.418146892181564 0
18.68954246279907 1.389668802491153 0
18.80855941568251 1.310347173883662 0
18.79321777573135 1.420432220538597 0
18.92133396818762 1.217439273657934 0
18.71031842811377 1.172480193945592 0
18.8158261981507 1.194959733801763 0
18.49243116769424 1.632787687762783 0
18.5914346199903 1.825925683774084 0
18.4414608548634 1.906792738718198 0
18.46694601127882 1.769790213240491 0
19.47016487306814 1.452410972444333 0
19.36065783991043 1.311733903700463 0
19.46940856825811 1.197421925122405 0
19.46978672066312 1.324916448783369 0
18.44561053442381 1.495233428851458 0
18.59923689124526 1.462703698280993 0
18.54583402946975 1.547745693021888 0
9.232883446968239 2.175198925880545 0
9.475489503921532 2.17476622065376 0
9.354186475444886 2.174982573267152 0
1.287699079627211 3.910743454301863 0
1.145077179202215 3.936457444822115 0
1.201689314598495 3.859656812401677 0
18.68662955089545 4.308088513136635 0
18.7313353504752 4.4352922525549 0
18.58374196212114 4.478653944426411 0
18.53903616254139 4.351450205008147 0
18.6351857565083 4.393371228781524 0
18.5467863690941 2.069274558050355 0
18.42580336092575 2.034930464988078 0
18.46739337568388 2.767194877545647 0
18.3549621434596 2.852916588186316 0
18.36329420864951 2.74502936386121 0
18.04344183765327 3.59233129841938 0
18.01609083209442 3.745241285959723 0
17.86772082694628 3.715095491610197 0
17.95558133229978 3.653713395014788 0
16.97733545532585 1.134147117775742 0
17.08477768365873 1.263566399534536 0
16.9715253654312 1.247123542575193 0
18.74879862737236 3.988682880646224 0
18.5865197579181 4.024659667440341 0
18.53599461159154 3.874590277537381 0
18.64239661948195 3.931636579091802 0
1.43435869470742 4.383006613570146 0
1.366575095291537 4.22528190683532 0
1.491786331904802 4.27962655543131 0
17.556947810309 1.091273633990426 0
17.80003818483995 1.115044695155034 0
17.67849299757447 1.10315916457273 0
7.236380830086372 3.184718717139434 0
7.153022800794875 3.274249969615532 0
7.068461996747894 3.197286639357399 0
7.15182002603939 3.107755386881301 0
7.152421413417132 3.191002678248417 0
13.80985807678294 0.6286977649452359 0
13.86821997715489 0.8399017407054981 0
13.7159743212863 0.7371123650013152 0
13.83903902696892 0.734299752825367 0
1.535790146396916 2.380745482248785 0
1.648254988994839 2.271679899489025 0
1.640982952544435 2.382032425767046 0
1.056062627972285 0.4333382646608164 0
1.174898988331913 0.4269021045149697 0
14.99747156189904 1.42079941394972 0
15.0905652473613 1.624094452439398 0
14.93212034530688 1.51629490437306 0
15.04401840463017 1.522446933194559 0
3.583249097058204 1.421453074362103 0
3.728179593225788 1.47312691640653 0
3.63345019957101 1.510436153898183 0
2.055306170313017 4.041078968734002 0
1.884120810600272 4.092086485658198 0
1.819055813596705 3.925090557722962 0
1.99024117330945 3.874083040798765 0
1.937180991954861 3.983084763228482 0
7.072133283719198 2.822770394350061 0
7.2833987225206 2.821107277361524 0
7.16370452751093 2.923020736809327 0
7.177766003119899 2.821938835855792 0
0.5124462386260138 3.673517943426391 0
0.6093745507176198 3.536831475059432 0
0.7404654318135435 3.598437365171555 0
0.6435371197219375 3.735123833538513 0
0.6264558352197795 3.635977654298973 0
1.097601823195951 1.466194374920977 0
1.208684877898881 1.335126778100326 0
1.32160530348553 1.44867479461918 0
1.209603563340742 1.457434584770079 0
17.9183209520563 0.9964370439471253 0
18.04653166216397 1.133608717836865 0
17.92328492350196 1.12432670649595 0
18.17934530449727 3.370400711657068 0
18.28556554570228 3.371067105670075 0
18.18715608426122 3.470740861786446 0
18.23636081498175 3.42090398372826 0
1.660376113219057 2.037377885124265 0
1.547050307940737 1.918983597938449 0
1.663881755709387 1.796220140275117 0
1.662128934464221 1.916799012699691 0
17.2049624084782 1.16687693965232 0
17.19887137466741 1.281706651018045 0
1.542277061984638 2.154333884760881 0
1.654315551106949 2.154528892306645 0
16.87463139595095 0.8033948267282067 0
17.08881605827822 0.81657849648025 0
16.98711601997513 0.9154544687775448 0
16.98172372711458 0.8099866616042282 0
12.15813065099201 1.869808152402725 0
12.22969048504433 2.073039238564268 0
12.19391056801817 1.971423695483496 0
1.548462670481481 1.678921908987718 0
1.662878318996931 1.553812832965693 0
1.663380037353159 1.675016486620405 0
17.54217432469673 0.6064321058509683 0
17.78263236391094 0.6172031751929885 0
17.66240334430383 0.6118176405219782 0
18.03369678314753 0.8790225511172785 0
18.14679675634249 0.7611167585441942 0
18.26971441018737 0.8928487710109505 0
18.1566144369924 1.010754563584034 0
18.15170559666745 0.8859356610641145 0
1.435334894807113 1.564416827306002 0
1.435975857008923 1.80617426722581 0
1.435655375908018 1.685295547265906 0
17.90836536171176 0.7470081069260943 0
17.91334315688403 0.8717225754366096 0
18.58507044867837 2.690418897755846 0
18.67504268221003 2.82795689165383 0
18.55736560921555 2.90473287144363 0
18.57121802894696 2.797575884599738 0
18.33442238158485 3.053380673239569 0
18.24720879234807 2.931935786077367 0
18.44217573269638 2.974361475348518 0
18.34469226252223 2.953148630712943 0
18.14779361118675 3.019323194705197 0
18.15098263605824 2.919121210768469 0
1.332533488851899 4.055870346250762 0
1.447034433587209 3.876379924730496 0
1.389783961219555 3.966125135490629 0
16.7810476958685 0.8810912015336387 0
16.87239753901222 1.010204848103151 0
16.76693737994208 0.9859650890951748 0
5.401504028468664 1.177581646036493 0
5.485343124351515 1.068292595291355 0
5.525466161915236 1.172206013609245 0
18.37612795826614 3.902720775775641 0
18.3390761138913 3.749718886580329 0
18.43753536274142 3.812154582058854 0
11.10865050553853 3.753663520401049 0
10.9817602069464 3.80812460051585 0
11.02167999648458 3.728916518335414 0
18.97229261244716 3.052273039180447 0
18.88448844893079 2.901809567899531 0
19.09747956085512 2.985728135208542 0
18.99098400489295 2.943768851554037 0
15.40737528703355 2.830965233207655 0
15.449189230759 2.714289522874048 0
15.57072195385246 2.779345490592998 0
15.489048620443 2.805155361900327 0
2.860283027459332 3.2861200980536 0
3.048547205349754 3.358871730782661 0
2.954415116404544 3.322495914418131 0
18.17663032905748 3.608290826501314 0
18.05396759285701 3.454781333704511 0
18.11529896095725 3.531536080102913 0
19.15213019024201 1.024875423022367 0
19.03824340962242 1.122166483702105 0
19.04523848600195 1.002470641475486 0
2.490922481813758 1.025975563068023 0
2.39538141329684 1.212897078118214 0
2.253962489089334 1.137550833460911 0
2.349503557606253 0.9506293184107197 0
2.372442485451545 1.081763198264467 0
14.91710410005315 1.309409567346939 0
15.02664837661002 1.249534009344172 0
15.01205996925453 1.335166711646946 0
1.547688541414283 1.437351223779773 0
1.433958950092698 1.321609191092951 0
1.434646922449904 1.443013009199477 0
1.66071191369987 1.312596460122379 0
1.661795116348401 1.433204646544036 0
19.13915559253117 1.268910437411681 0
19.0302447803594 1.243174855534808 0
18.79710918486127 2.757567104420048 0
18.70614931951063 2.609327058592923 0
18.82889171623755 2.534960478698544 0
18.81300045054941 2.646263791559297 0
17.95212943693014 3.279270622379924 0
18.08017113998691 3.309326311681087 0
18.00304851489357 3.367025978042218 0
16.39431399977731 1.078807951401202 0
16.50139217819417 1.135859749869406 0
7.517625333594378 4.124712743693959 0
7.642867796131386 4.007408440875515 0
7.633249159489187 4.138799807136 0
7.580246564862882 4.066060592284737 0
17.9466951684456 4.359106493016876 0
18.05249689385541 4.462054852801016 0
17.82813819770124 4.468728150948381 0
17.94031754577833 4.465391501874699 0
13.29047153958398 0.9662757713398287 0
13.37974043445327 0.8544734120529487 0
13.53333208861497 0.9559120590138213 0
13.41190181409947 0.961093915176825 0
6.000739640223412 3.650365137319517 0
6.09135655672302 3.570693109295454 0
6.086085088202505 3.656562483781026 0
18.76242194627955 2.972199355133313 0
18.77976556557041 2.864883229776681 0
3.268026289387678 3.433356653755885 0
3.132709703981277 3.502402251788026 0
3.158286747368717 3.396114192269273 0
17.80990776004235 4.256993048903446 0
17.93609034516681 4.10558087719558 0
18.07287775357005 4.20769432130901 0
17.9413927568062 4.232343685106228 0
13.6239708576828 0.8463710855025133 0
13.77495524709092 0.9470113761370542 0
13.65414366785294 0.9514617175754378 0
2.139432394367873 0.8853495216366114 0
2.266385564293189 0.8115359498655657 0
1.821205867704137 0.7119479723489022 0
2.010485466797006 0.8328236574665548 0
1.864826579481161 0.869096253397005 0
1.915845667250572 0.7723858149077287 0
2.564782443890226 1.190801212828306 0
2.623122680518485 0.9803643378627234 0
2.696982642594953 1.145189987623007 0
2.593952562204356 1.085582775345515 0
1.872988903318859 3.340924248971699 0
1.960854348744128 3.476545983699759 0
1.827245899233549 3.556098726818434 0
1.73938045380828 3.420476992090375 0
1.850117401276204 3.448511487895066 0
4.98997257886646 1.418616205674699 0
5.070514661280158 1.306739653663645 0
5.113440028162731 1.408647179394975 0
1.694788376824832 2.785048716028568 0
1.537390626786816 2.766039337145126 0
1.616089501805824 2.775544026586847 0
14.86385462229635 0.8453052600133391 0
15.03975780538593 0.6957166509951587 0
15.03486791962648 0.8693483775258761 0
14.95180621384114 0.7705109555042489 0
18.96939447608696 4.107582761414127 0
18.80233263734699 4.138658150702021 0
18.91586046611233 3.957607491358331 0
18.85909655172966 4.048132821030176 0
1.88301002235611 2.821864597344768 0
1.769573671597865 2.898489297995119 0
1.788899199590471 2.803456656686668 0
1.37013308561793 2.845612690041404 0
1.436381750146731 2.709972204175481 0
1.453761856202373 2.805826013593265 0
18.19046776849157 3.757337362084287 0
18.25785322147439 3.679004856540821 0
14.84255098187605 0.9772922334945333 0
14.64526008300525 0.9227666126657788 0
14.7545573526508 0.8840359363395587 0
4.103903119246759 1.461542531569613 0
4.26424663348044 1.527823801116614 0
4.152761023779378 1.557128539547398 0
4.513415150818803 1.792143831271949 0
4.676421025492629 1.865871153553801 0
4.585750438381512 1.984177597462132 0
4.549582794600157 1.88816071436704 0
5.153269769710533 1.192318136915456 0
5.236684699284026 1.080849568988394 0
5.277386899089598 1.184949891475974 0
1.242188658491006 3.218366871424719 0
1.136252665232895 3.104971170079253 0
1.268552484515849 2.97963316667476 0
1.374488477773959 3.093028868020226 0
1.255370571503427 3.09900001904974 0
5.084163212180888 0.6546997294495784 0
5.246708856766245 0.7561397950758892 0
5.158798037872514 0.8692743942206609 0
5.121480625026702 0.7619870618351197 0
0.8756632365419712 1.490056753354929 0
0.9853485748835933 1.355219757172604 0
0.9866325298689596 1.478125564137953 0
0.9154225919770109 3.135998930313438 0
1.027661454240608 3.230358638681615 0
1.025837628604954 3.120485050196345 0
15.17156937399067 0.5882659680793458 0
15.16505083898955 0.7181282743429014 0
15.1056635896883 0.6419913095372523 0
18.04374382592313 3.111057914566735 0
17.96266388319553 3.172714577529519 0
17.88738491790226 3.062802555731552 0
17.96556437191269 3.086930235149143 0
19.24578786893772 1.416593247252708 0
19.25402556350388 1.164051093859436 0
19.2499067162208 1.290322170556072 0
18.6405768511258 4.171741734310885 0
18.84838533711664 4.275004929527771 0
18.74448109412122 4.223373331919328 0
2.09343714928184 3.621650367321524 0
2.085215785882689 3.366612367480416 0
2.089326467582264 3.49413136740097 0
3.397027017448792 3.603514591325794 0
3.403100118502084 3.468544681106466 0
5.322470803688345 0.9681951036825858 0
5.073011933468194 0.9819288595264692 0
5.19774136857827 0.9750619816045274 0
15.47888819130271 1.710673224326507 0
15.4579099149808 1.562923310338598 0
15.57949024541781 1.544872699193174 0
15.52918921836026 1.62777296175984 0
1.60759253906728 3.493576802041158 0
1.676095193007892 3.626150627509319 0
1.537843302529046 3.689896105595432 0
1.469340648588432 3.55732228012727 0
1.572717920798162 3.591736453818295 0
16.03790870340274 0.8086134163332193 0
15.93226508548297 0.9086266992176606 0
15.81723179178226 0.7953973524827096 0
15.92287540970203 0.6953840695982683 0
15.9275702475925 0.8020053844079644 0
17.18276599980893 3.377260068683055 0
17.0862404909423 3.538767265233604 0
16.91494210019052 3.429652831196809 0
17.04885404999972 3.403456449939932 0
15.32431446368324 1.627141989842869 0
15.39882778670868 1.813491515820166 0
15.24425405908921 1.729960281336529 0
15.36157112519596 1.720316752831518 0
15.27866358799225 1.945240122065454 0
15.40986256218886 1.937036133510021 0
15.17053121852162 1.196492826806598 0
15.30738488861618 1.159353827724851 0
15.36355056087875 1.30579935198269 0
15.26704088970019 1.251146089394644 0
16.77936195449325 3.588952157617868 0
16.77485695754103 3.445356317548957 0
11.11160357699974 3.231457836895473 0
11.02572274202587 3.26623294223512 0
10.99058424320587 3.198937412916746 0
11.07646507817974 3.1641623075771 0
11.05109391010281 3.21519762490611 0
1.150505776744762 4.069005543388601 0
0.9902331723890647 4.07320443072169 0
0.9848045748465175 3.940656332155205 0
1.06765517579564 4.004830937771903 0
1.995452942427896 3.265191191917303 0
2.085604875515417 3.186007404518896 0
2.085410330699053 3.276309885999656 0
16.12067144385259 4.189459656176778 0
16.05559074439985 4.303450078174812 0
15.9936201354614 4.117728367283855 0
16.02460543993062 4.210589222729334 0
5.141085208247064 4.28390200537733 0
5.244724806515631 4.409467725339224 0
5.01496115110224 4.374794680996271 0
5.129842978808935 4.392131203167748 0
18.9022198352265 2.074240867626623 0
18.81595225242854 1.91476810669271 0
19.03521867218223 2.001111132862199 0
18.92558546230538 1.957939619777454 0
3.347931193505113 4.466952200323357 0
3.305386400759811 4.584149773433765 0
3.253052655632332 4.497184100694545 0
10.20853235119314 4.899615652663366 0
10.21332677032019 4.738068805266783 0
10.26817553293389 4.810360888930383 0
8.281856609243688 3.334573947776132 0
8.211481245857689 3.398974122516784 0
8.212109343721083 3.331522930915002 0
3.068823703990736 1.021757276026287 0
3.14087891211843 1.113297199133326 0
3.037269526706632 1.181267730347781 0
3.053046615348684 1.101512503187034 0
1.233137065344726 2.745268511775008 0
1.250844774930288 2.862450839224884 0
18.33066819493899 1.412934707708279 0
18.40055639782067 1.265021215945672 0
18.51549873730549 1.347319937088852 0
18.42308346612224 1.380127322398565 0
17.09205393628875 1.039396738450135 0
16.98222573765049 1.024800793276643 0
15.40919296757932 1.44639477762927 0
15.36675371563128 1.53676838373607 0
15.71464768033158 0.8988681866260444 0
15.82872873671439 1.005343645297307 0
15.72864346607276 1.101448237483319 0
15.61456240968995 0.9949727788120555 0
15.72164557320217 1.000158212054682 0
0.6553664975956295 1.51900923593398 0
0.7640951028921208 1.381103084310614 0
0.7669346312454799 1.627962904978295 0
0.7655148670688003 1.504532994644455 0
4.910537212406634 1.533449974029427 0
4.743802763458138 1.445578922312079 0
4.823238129917963 1.33074515395735 0
4.866887671162299 1.432097563993389 0
1.594115212807598 3.827048866967774 0
1.492438868058127 3.783138015162964 0
4.987821289755817 1.098130971880165 0
4.947929869349133 0.9913051332784868 0
18.61147264338031 2.464930559587566 0
18.59827154602933 2.577674728671706 0
14.84350236728179 3.146636423176856 0
14.98540327729931 3.12130110826277 0
14.92810149849304 3.20304181676746 0
1.184547383184402 4.238417103973158 0
1.258540436018151 4.14714372511196 0
17.42643986306422 2.39910821339537 0
17.37187636141222 2.261734877301576 0
4.428938755827223 1.603174041310433 0
4.588880950548489 1.677536010292353 0
4.471176953323013 1.697658936291191 0
18.52457925369517 3.105308933171476 0
18.63976913021434 3.035680329266587 0
18.54097243145536 3.005020902307553 0
2.08377814315207 2.868566132538257 0
1.962379039618444 2.946936192021272 0
1.98339408275409 2.845215364941513 0
17.50123221969933 2.980248472971751 0
17.56376145690974 2.854487715897009 0
17.68782067027509 2.925515926724224 0
17.62529143306468 3.051276683798966 0
17.59452644498721 2.952882199847987 0
18.17423011866109 1.264850139830646 0
18.19460366691168 1.406011803972658 0
3.774689409535971 1.339933024871035 0
3.933341754175634 1.394865585739105 0
3.830760673700711 1.433996251072817 0
3.124748243328414 1.298118734387173 0
3.255611201830724 1.238553826322504 0
3.319270554881403 1.334610290652388 0
3.222009399104908 1.31636451251978 0
4.905066181325441 1.212552488628354 0
4.656223899312129 1.239671131606932 0
4.780645040318785 1.226111810117643 0
1.323349228957339 1.9317235022952 0
1.212946522876278 2.060628519156185 0
1.101590873807439 1.950903466438702 0
1.212470051382388 1.941313484366951 0
17.81777983123802 3.865810920393137 0
18.00438725245827 3.938070135038799 0
17.87693508820242 3.985695898794359 0
0.8585505500881592 3.931759773948215 0
0.8793988396702588 3.830583656446692 0
0.9321017072583899 3.885619994300948 0
18.02356078545231 0.6287809791961796 0
17.90309657468163 0.622992077194584 0
19.26214813708658 0.9232832441113485 0
19.36404351034844 1.062458914948418 0
19.25808685029523 1.043667168985392 0
6.773518396798664 3.592339916741426 0
6.940771282061971 3.552556362989661 0
6.881865482312 3.65785319212812 0
6.857144839430317 3.572448139865544 0
1.754669950953286 3.773213386051525 0
1.706585513202151 3.876069712345369 0
18.64151749807117 2.229680334639091 0
18.73773561458168 2.381869508749761 0
18.62649507072574 2.347305447113329 0
2.712182526180677 4.314634932432426 0
2.642939341810916 4.150976321654464 0
2.763228846727954 4.204713088120394 0
14.93582335610373 1.085199453478269 0
15.07970619801534 1.032158270940696 0
15.05317728731268 1.140846140142434 0
3.377966160104691 1.148136186280798 0
3.263233870392396 1.022879559091619 0
3.259422536111561 1.130716692707062 0
0.7825433962996478 3.777899027908113 0
0.8736289247286315 3.670101223535689 0
0.8765138821994451 3.75034243999119 0
3.433928508927824 1.365133419167925 0
3.36238142072219 1.413384157673991 0
4.754276997607204 1.757760614228592 0
4.666859389624904 1.563908168640232 0
4.832255436683619 1.644132772576471 0
4.710568193616053 1.660834391434412 0
17.82601508911755 3.264944204627753 0
17.83654953538294 3.158388159777347 0
17.89433948615654 3.218829391078636 0
10.01450475803936 3.788307604885775 0
9.928836012260266 3.722471169829765 0
10.01216889667223 3.716281416188404 0
15.83863590570751 1.201648186337703 0
15.73354974141255 1.307393930709514 0
15.62355730177781 1.20719398185513 0
15.73109660374266 1.204421084096416 0
4.998952837163818 1.729726637862927 0
4.954745024785226 1.631588305946177 0
17.01538194354503 2.56119254901513 0
16.88232024618918 2.513394069446007 0
16.96886197120153 2.469310344464088 0
17.35321449604083 2.549448636728397 0
17.29338369866961 2.697558047866505 0
17.14970680890036 2.627090610410689 0
17.25146065247059 2.588269623569543 0
10.2868359506585 3.8410278895711 0
10.19798936997745 3.933696318463654 0
10.09841856770493 3.861287732913945 0
10.19262725918172 3.851157811242522 0
16.80570782578001 0.3712491205580535 0
16.69838651630146 0.5225144757637743 0
16.67774477963115 0.3888528486199383 0
3.718684838587103 3.023973338101969 0
3.615227697028465 2.919588345856108 0
3.618132688655475 3.0209604569627 0
18.28431289348952 1.141995985577815 0
18.16542227782675 1.13780235170734 0
18.47679041665358 4.216971172242044 0
18.42273332344588 4.0698891053715 0
18.53165508728584 4.120815419841192 0
16.82247816590405 2.625187268826927 0
16.72651912508168 2.571453687929624 0
16.7863612053668 2.459660488548704 0
16.80441968563543 2.542423878687815 0
4.334951672319257 3.613445740161303 0
4.206214935616686 3.645592799536658 0
4.166229086014602 3.520835557302336 0
4.294965822717173 3.488688497926981 0
4.25059037916693 3.56714064873182 0
15.13253813990237 1.837148739234648 0
15.11155169363184 1.730621595837023 0
5.029167975517987 1.202435312771905 0
4.921320193734423 1.835055627091625 0
4.843464221619848 1.943166166416834 0
4.798870609613526 1.850463390322713 0
1.333402040527847 2.617043952940648 0
1.429435162777335 2.499665279086679 0
1.432908456462034 2.60481874163108 0
2.262942366114117 2.36400632807223 0
2.297534390588465 2.205045351119742 0
2.356631008821409 2.309246523190229 0
2.280238378351292 2.284525839595986 0
15.81884844546296 3.407702961997574 0
15.95754357280312 3.328983272207482 0
15.9262913792349 3.440164017073953 0
15.88819600913304 3.368343117102528 0
16.13803912346891 3.361169701523055 0
16.07666462537161 3.275100870170816 0
16.15116044753373 3.221160962760064 0
16.21253494563103 3.307229794112303 0
16.14459978550132 3.291165332141559 0
16.51245789681623 3.716631151499732 0
16.32357101523884 3.735218339388422 0
16.40777232428311 3.640614576691933 0
19.27071638210073 0.6961230843944135 0
19.36636636304991 0.8277184671310391 0
19.26643225959366 0.8097031642528809 0
16.63493907178932 2.607401589057909 0
16.58427161852461 2.489776974939062 0
16.67585167181696 2.453829073810777 0
16.65539537180315 2.530615331434343 0
16.19098569902995 2.823585800165464 0
16.12042594463841 2.705605526976357 0
16.23428326245334 2.638996966308528 0
16.30484301684488 2.756977239497636 0
16.21263448074165 2.731291383236996 0
2.328634800819424 2.689762303447328 0
2.440094358460959 2.587271353954337 0
2.539119450952086 2.705285393222491 0
2.427659893310551 2.807776342715481 0
2.433877125885756 2.697523848334909 0
11.3023350818788 3.342140228142905 0
11.25824706495901 3.451878709244452 0
11.16284328611034 3.429448598499968 0
11.20693130303012 3.31971011739842 0
11.23258918399457 3.385794413321436 0
10.42604908578487 3.904183455285909 0
10.39395554260589 3.814813499044429 0
4.487176673128666 1.153211056948611 0
4.443373593597396 1.042981263882728 0
3.422570563678447 2.711617883795328 0
3.51744661498179 2.817214242694054 0
3.4201519071962 2.808863806012763 0
18.17876418885542 3.950166211163364 0
18.09742751047492 3.847703748561543 0
8.542294864380901 0.9348744737233772 0
8.630686600249058 0.8319334271115397 0
8.786921416932778 0.9353928231571151 0
8.66460814065684 0.9351336484402462 0
2.092982666414765 1.027172885969051 0
1.964035738843897 0.9746470217989947 0
2.051734066605885 0.929998271717803 0
17.32485289143951 3.5620909472578 0
17.231908271991 3.65363341064652 0
17.32937283828913 3.670906458734702 0
15.55946480565155 1.408548001295944 0
15.67247209038556 1.393463501365546 0
15.62598116790168 1.46916810027936 0
1.119119422532062 2.650372681918825 0
1.219384397715181 2.522148123084466 0
1.226260731529955 2.633708317429737 0
18.1308237347403 3.214765371157839 0
18.22999789925066 3.275839771133821 0
18.15508451961879 3.292583041407454 0
1.905820657178943 3.70316148536064 0
2.177857665412347 3.792571922759649 0
2.041839161295645 3.747866704060145 0
6.248430444778394 3.940754228173923 0
6.241396408169364 4.123648902192199 0
6.244913426473879 4.032201565183062 0
1.324598973316423 2.395397856577302 0
1.430953956936005 2.276478059739408 0
1.43019455985667 2.388071669413043 0
9.357503460700009 0.8391672458028754 0
9.328453968216078 0.7369146828753887 0
7.731378040470184 4.028058869016869 0
7.689250051411128 3.959697441225972 0
18.23487352000392 3.123030651296302 0
18.13930867296353 3.117044282931518 0
15.85414776387634 1.382410213671224 0
15.76330992713095 1.387936857518385 0
13.23528701940834 3.048487425396375 0
5.571625833369961 0.958219291596623 0
5.657942779946389 0.8499207799386952 0
5.819953103343583 0.950849459095799 0
5.695789468356772 0.9545343753462112 0
17.75015774539933 4.383059094825966 0
17.6006664506518 4.331342302142459 0
17.70528710534708 4.294167675522953 0
8.680390618601342 3.605961507742539 0
8.810156079626816 3.667496012481683 0
8.752146359017788 3.776074720737065 0
8.622380897992313 3.71454021599792 0
8.716268488809565 3.691018114239802 0
2.03687677647571 3.069396298519052 0
2.179556878883311 3.02113455636847 0
2.132580877199365 3.103570980443682 0
18.67905044083577 1.988427776147213 0
18.70369343620942 1.870346895233397 0
11.28993942810247 3.788639103083349 0
11.16734765214023 3.851845643140742 0
11.1992949668205 3.771151311742199 0
1.996731182204226 1.178304500077958 0
2.125346835646781 1.157927666769434 0
5.40875351270679 0.8581217999878534 0
5.447048318529154 0.9632071976396044 0
9.247196829390639 2.907639862166359 0
9.110682595198917 2.82842906258284 0
9.319482505338767 2.800067734485778 0
9.215082550268843 2.814248398534309 0
2.646435775592627 2.6045740833859 0
2.745046007022104 2.718841509913851 0
2.637729682381562 2.819552819750442 0
2.642082728987095 2.712063451568171 0
3.066736529104016 2.483859860562822 0
3.144928356454333 2.591446622614065 0
3.043658344736984 2.663906774997046 0
2.965466517386667 2.556320012945803 0
3.055197436920499 2.573883317779934 0
10.7076957041292 3.338480953358287 0
10.61347038403821 3.367344929372844 0
10.67516257692552 3.394844858865609 0
17.74693388499659 3.104537398172111 0
17.79776926751591 3.008951794126316 0
17.81715940144942 3.083669976951831 0
5.334637180735645 0.645634730247252 0
5.496681836676188 0.747616735159216 0
5.371695346721216 0.7518782651175528 0
3.710576312865179 2.634115713266107 0
3.806084173143841 2.540898121698389 0
3.902410924487628 2.639464740517984 0
3.806903064208967 2.732682332085702 0
3.806493618676404 2.636790226892046 0
10.84235353149323 3.871703692905308 0
10.67469893875235 3.92166255153971 0
10.74009349641386 3.831546908174407 0
16.35317059396294 2.57764535185804 0
16.16657923499955 2.515401534540938 0
16.28546656650915 2.45404992009045 0
16.25987491448125 2.546523443199489 0
5.24337797895878 3.463427575901289 0
5.280087384789713 3.609596574198834 0
5.148013127409937 3.646930305177878 0
5.195695553184358 3.555178940539584 0
15.90726941511849 2.819493291901122 0
15.8146775474662 2.906458083656533 0
15.73878505259323 2.822169487024578 0
15.83137692024551 2.735204695269167 0
15.82302723385586 2.82083138946285 0
4.232839575976197 3.37802251258689 0
4.343501832433583 3.324402651918681 0
4.405628079174559 3.435068637258772 0
4.319233827575378 3.406545574922831 0
2.543918134886722 2.925552751305825 0
2.308446160249582 2.93474171995681 0
2.426182147568152 2.930147235631317 0
3.711108138822144 2.447857212297013 0
3.615345116791552 2.534172469873765 0
3.523229188625377 2.435511651422866 0
3.61899221065597 2.349196393846114 0
3.617168663723762 2.441684431859939 0
15.77411727836847 3.525511168274125 0
15.91063086112525 3.559700164287243 0
15.88041315780443 3.695068195793113 0
15.74389957504765 3.660879199779996 0
15.82726521808645 3.610289682033619 0
16.46397678276796 2.526521811905351 0
16.52095950762497 2.640467760973348 0
16.41015331881995 2.691591300926037 0
16.43706505079396 2.609056556415694 0
1.79148531117697 3.217028111723855 0
1.913949350286005 3.141295054669458 0
1.893469126802433 3.241109651820579 0
1.790957925093418 3.66465605643498 0
18.6058043088593 1.274285041299012 0
18.60252060005228 1.368494369790003 0
1.839451613428739 3.018834948171677 0
1.938164194952224 3.044115623345365 0
17.43054905434905 2.771757870435137 0
17.50108581457245 2.637569727764531 0
17.63429821713314 2.720299573226402 0
17.53242363574109 2.74602872183077 0
4.33586427490736 1.406131945131073 0
4.500556397254142 1.481482185324892 0
4.38240151536729 1.504652993220753 0
3.992310376230159 1.259967043889918 0
4.162871741301284 1.326643989720426 0
4.048106747738458 1.360754787729765 0
1.717160747651523 3.088879055435303 0
1.743367209624694 2.993684176715211 0
19.67944217830799 2.869138514733464 0
19.58243010381937 2.70968902509422 0
19.69382922351751 2.633267319144864 0
19.79084129800614 2.792716808784108 0
19.68663570091275 2.751202916939164 0
1.43442367988915 2.044532833007838 0
1.435199768449035 1.925353550116824 0
15.51382239895097 1.267952575649363 0
15.46150768326515 1.357173676639317 0
18.77378156981285 2.14883355273595 0
18.66028396945347 2.109054055393152 0
2.417153000256472 3.973244859850333 0
2.228618007913838 4.002548083255069 0
2.29750533283441 3.882908391304992 0
2.212667424518342 2.782173296126598 0
2.196112151700826 2.901653926247533 0
6.812772193193795 3.156436898182344 0
6.724261152679927 3.1187308980129 0
6.768961036516258 3.007818460550395 0
6.790866614855027 3.082127679366369 0
17.32040295990682 1.065484151193895 0
17.43882476140317 0.9588586025537831 0
17.43867538510791 1.078378892592161 0
15.65179387399995 2.713577706205363 0
15.65475350322284 2.800757488808788 0
10.01057770215937 3.938228707866701 0
10.01254123009937 3.863268156376238 0
5.861429648292195 4.107034079705037 0
5.769474124882034 4.000769592643201 0
5.879511579158486 3.901248754351553 0
5.870470613725342 4.004141417028295 0
9.029199865792325 4.161052827216758 0
9.104531604161918 4.25263118951074 0
9.004613314747997 4.320875187605719 0
8.929281576378402 4.229296825311736 0
9.01690659027016 4.240964007411238 0
17.46376283881834 2.518338970579951 0
18.22536955403517 4.117334540759222 0
18.30074875615065 4.010027658267432 0
2.007104443330235 4.433464728632618 0
1.943214294417366 4.25246797424348 0
2.112507264542992 4.213320717455408 0
2.176397413455859 4.394317471844547 0
2.059805853936613 4.323392723044013 0
3.804746837033677 2.355669031103698 0
3.899722871355372 2.448709940505074 0
3.805415505088758 2.448283576401043 0
17.20749448771738 0.9380039499917108 0
17.20622844809779 1.052440444822015 0
3.428775476201547 2.337216938604367 0
3.426031279120686 2.523561991375103 0
3.331577566696856 2.425267278556604 0
3.427403377661117 2.430389464989735 0
11.33025016022913 4.500786943088171 0
11.11025402271825 4.495107190513615 0
11.23976490755959 4.403901209366074 0
11.22025209147369 4.497947066800893 0
13.60151318187352 4.092668192103356 0
13.54181254149264 4.007654330985881 0
13.64741400569256 3.936678126769082 0
13.62446359378304 4.014673159436219 0
17.38973580705335 4.628316663483104 0
17.52751956868343 4.533825490372622 0
17.59454331107522 4.662820319052952 0
17.49213955906428 4.645568491268028 0
4.577499771087377 1.363152938996739 0
4.622179580356141 1.463530553818486 0
17.33727781398396 3.436918218178308 0
17.49028738252944 3.446483444612861 0
17.40757013698448 3.50428719593533 0
7.097153578237489 3.525462944901592 0
7.030867075743465 3.619727487568936 0
7.018962430149729 3.539009653945627 0
1.829530248079335 4.193066846747887 0
4.096031582473955 2.643502290381383 0
3.999366708099787 2.73924095543209 0
3.999075798861798 2.543726075467277 0
3.999221253480792 2.641483515449683 0
18.39159472241273 4.409557269478059 0
18.32934897652492 4.275078236711956 0
18.43419256953316 4.313264220860051 0
4.061505966794223 3.523214129403622 0
4.052829305095651 3.427547016193036 0
4.15755242431603 3.425168444091748 0
4.109529195555126 3.474191286747685 0
1.323100574840517 2.166677007986364 0
1.432688818412576 2.160505446373623 0
18.5025852146072 1.147987626087494 0
18.60709933386167 1.046182778734075 0
18.60645182136049 1.160233910016543 0
5.064442096090011 4.160234584299543 0
4.924126461466113 4.223212748436486 0
4.853338076062789 4.084008873360087 0
4.993653710686687 4.021030709223146 0
4.9588900860764 4.122121728829816 0
3.664491493211973 4.453998721532333 0
3.787407834524309 4.480136376088651 0
3.718045364669397 4.541531042206328 0
2.462312381211394 4.172988160783408 0
2.530046171033694 4.062110590752399 0
16.00907272812091 2.775144317875609 0
16.06302075112103 2.903283116011164 0
15.9612174381186 2.947632090036677 0
15.98514508311976 2.861388203956143 0
18.95394262190275 2.459067278011495 0
19.07680328817308 2.387123620763497 0
19.05994015763837 2.499948032204387 0
19.70698948505887 2.400573641184158 0
19.7997864443462 2.553794394929297 0
19.70040935428819 2.516920480164511 0
4.101060188286359 3.341118807783694 0
4.176347339946527 3.293972876278835 0
4.166949882131279 3.359570660185292 0
18.53567155842443 3.409958991518434 0
18.66711468820321 3.367538709931107 0
18.63113768222497 3.457415737094131 0
14.15130358913156 0.5115049431693521 0
14.39223021610253 0.4903759571836694 0
14.27176690261705 0.5009404501765111 0
4.096490447928351 3.201955760699417 0
4.183033450560233 3.127781991402327 0
4.262890342578409 3.219799106981745 0
4.179690395253379 3.210877433840581 0
8.834390932332315 1.761088881669491 0
8.751269400992252 1.864817925756155 0
8.590978736326305 1.761655856682947 0
8.712684834329311 1.761372369176219 0
3.477962109921765 1.258760795057385 0
3.627282698052144 1.315080450251564 0
3.530605603489984 1.340106934709744 0
16.36873563637513 4.46849769332081 0
16.41630779073108 4.356151407099127 0
16.52344177541286 4.415495569051027 0
16.446088705894 4.441996631185919 0
4.936349570328277 2.116312603010167 0
4.768362019093126 2.041788425742022 0
5.011451772854999 2.017690343684979 0
4.889906895974062 2.0297393847135 0
10.90693291225385 4.470807306160568 0
11.00859346748605 4.482957248337092 0
16.96467981180265 3.697062192658308 0
17.09829404189682 3.675347801652414 0
11.38886117967884 3.081667143824532 0
11.28819977285395 3.099326271241934 0
11.26173186448825 2.994755513062654 0
11.36239327131314 2.977096385645252 0
11.32529652208355 3.038211328443593 0
4.374203821615714 2.967331133306017 0
4.287360191136571 2.852683219405095 0
4.401993808939629 2.766172766931839 0
4.488837439418772 2.880820680832761 0
4.388098815277671 2.866751950118928 0
4.094595167822229 3.027945681499344 0
4.188775700893352 2.944059846367855 0
4.277213983631357 3.043896156270838 0
4.185904575726792 3.035920918885092 0
3.715346686720084 2.290111034425117 0
3.79055190792922 2.200379249937716 0
3.879952058242813 2.265937246616297 0
3.797649372481448 2.278024140520707 0
15.43630001970226 1.150624889501215 0
15.54603492252909 1.089866295706981 0
15.52992866074003 1.178909435678172 0
4.050193190707295 3.665373723176785 0
3.903711827082665 3.644905806241421 0
3.982608896938443 3.584059967822522 0
7.321090423120014 3.109296538701538 0
7.25210709520953 3.012393035631771 0
7.353682614433179 2.933014711476208 0
7.422665942343663 3.029918214545975 0
7.337386518776596 3.021155625088873 0
9.217469252031762 4.322775761663785 0
9.196244922636961 4.246549168264426 0
8.829502220476916 2.071916986992968 0
8.668839089193972 1.968577546031856 0
8.790385810734584 1.968367456374561 0
4.362133617278131 3.149297323036224 0
4.442745107133305 3.25390086797316 0
4.352817724855857 3.236849987477453 0
1.002614984454702 2.55272722343469 0
1.008115786146139 2.667638622741108 0
1.771844156267065 1.191953715344748 0
1.875950593121116 1.067548022306312 0
1.884287669235643 1.185129107711353 0
17.75897373736358 2.81711248159244 0
17.77837150243974 2.913032137859378 0
11.03874899743829 3.387413084596661 0
11.07946729641446 3.448525649670805 0
18.38634171027605 1.024962395719636 0
18.39344905404836 1.144991805832654 0
3.729072312210672 4.211817840620799 0
3.874248151713894 4.249031372981706 0
3.851204362541934 4.365368493800922 0
3.706028523038713 4.328154961440016 0
3.790138337376303 4.288593167210861 0
3.885490769177082 3.85115002626131 0
3.670734417470835 3.809817140611142 0
3.78722312227675 3.727361473426281 0
16.03085896939699 3.578161909505336 0
16.04651948750664 3.458625762292046 0
15.97857517431595 3.509162963289644 0
5.504285236638565 3.802288631632332 0
5.442869376980429 3.684417068228575 0
5.555937514607429 3.626736605529545 0
5.530111375622997 3.714512618580939 0
18.1768571760598 4.365438017261743 0
18.20111336504748 4.241386279010483 0
12.52820443071099 4.890586665648473 0
12.401142311821 4.879200656848051 0
3.79443010083825 4.070875827024411 0
3.929478368142776 4.027629208670441 0
4.009296419018419 4.205784754627736 0
3.901863259928335 4.138330290826073 0
16.68764315564634 3.76121184849942 0
16.8261614837245 3.729137020578864 0
14.27251312866544 0.09640722363494625 0
14.0279894511187 0.100437006749881 0
14.15025128989207 0.09842211519241362 0
2.836670129269945 2.833706712436257 0
2.926640942503471 2.937335273720884 0
2.741861398124745 2.921083483859169 0
2.834251170314108 2.929209378790026 0
1.77674143375838 0.9619972539043227 0
1.870388586301138 0.9683221378516587 0
15.935495872189 3.057032740042859 0
15.8750867098276 2.981745411849695 0
16.26811547185988 4.344510255557793 0
16.27140591237358 4.220517372435022 0
16.41959823124479 4.232158523976356 0
16.34385685155233 4.288334389767074 0
4.193702472517074 2.747949926099639 0
4.095117982273855 2.8393265530624 0
4.191239086705213 2.846004886233747 0
5.102173599479461 2.193028093963675 0
4.981245943144256 2.197727834053954 0
16.16740012955115 3.722582877999588 0
16.02718997450394 3.714938192866434 0
16.09912954947407 3.650372393752462 0
3.197692370832073 3.659568420468513 0
3.088225233692638 3.605724633890569 0
16.14388916095686 4.022673445895711 0
16.29462362947785 4.053731162153955 0
16.20764753666522 4.121595409165367 0
13.78011811108522 0.1031668610930314 0
13.68625553901895 0.2080563264152029 0
13.65562776950948 0.1040281632076012 0
16.31586694125946 3.891170279377242 0
16.15969605557177 3.878534817988408 0
16.24163353540531 3.806876578688415 0
5.659474003246108 3.563423075792676 0
5.489804575672698 3.518011299446343 0
5.574639289459403 3.54071718761951 0
3.461815857459518 3.785476894988073 0
3.329754114145796 3.722522657728294 0
17.3167277754837 0.8318094888630976 0
17.43070683780404 0.721096180485433 0
17.4347657996036 0.839977391519608 0
0.112212873857132 2.725091290130635 0
0.1129375129505057 2.848515124471511 0
4.753140101499424 4.306453744245426 0
4.884050626300832 4.340624212620848 0
8.902545537478135 0.5235404500750862 0
8.810732128033942 0.6265022839507512 0
8.656237872663535 0.5216177499613852 0
8.779391705070836 0.5225791000182358 0
12.12758906074966 4.335478687022246 0
12.04343175798315 4.286340470634007 0
12.12124391896341 4.265329303253518 0
15.44913436866661 3.524087862004504 0
15.37970821380005 3.6774236413318 0
15.3426727416836 3.567191107709562 0
4.000339616031848 2.932479447912371 0
3.90458834185778 2.832393850282061 0
3.999853162065818 2.83586020167223 0
4.250207135971431 0.470905514602483 0
4.185955340844448 0.2355972022598447 0
4.218081238407939 0.3532513584311641 0
11.2543954907709 4.313785785214373 0
18.41158198514252 3.163345514616888 0
18.31203312356158 3.232995492673621 0
18.32322775257322 3.143188082956595 0
4.709618722783881 4.139496095947437 0
4.662721394453088 4.238536342068331 0
2.435814416475088 2.195299147795374 0
2.448213584382103 2.381331575468209 0
2.442014000428596 2.288315361631791 0
4.155467763284742 0.5973427727088398 0
4.054792558180917 0.7312555937825143 0
4.021485979536751 0.6088841278204837 0
4.478232360655952 2.437671662803425 0
4.568138397290518 2.309462007610721 0
4.570216935233468 2.413621597676148 0
9.547080438739606 2.933245579383884 0
9.476999444530959 3.008828798109917 0
9.371350346344261 2.947381576727439 0
9.441431340552908 2.871798358001407 0
9.459215392541934 2.940313578055662 0
16.6486594481195 3.963721264206274 0
16.4734741892894 3.919140567206586 0
16.58055867246787 3.840176207853003 0
4.647457384059056 3.9945598352763 0
4.791176737337963 3.939072612688951 0
4.750397730060922 4.039284354318194 0
2.237577071504134 2.565360160356977 0
2.225122248011238 2.673766728241787 0
10.16470584838667 3.562353541558497 0
9.904083602486294 4.010951990635942 0
9.791059299112355 4.053634869803721 0
9.827046362391506 3.991564628593478 0
10.38924070390264 4.336769890905332 0
10.53321675932652 4.381055733898487 0
10.47515492857857 4.502211486238612 0
10.33117887315469 4.457925643245457 0
10.43219781624061 4.419490688571972 0
0.9961790252288836 2.320467852503683 0
1.109197163962824 2.420953295794749 0
0.9993970048417928 2.436597537969186 0
18.9267119707198 3.26145345890748 0
18.84342913393808 3.112651372377499 0
19.05557544922888 3.201075125710428 0
18.94950229158348 3.156863249043964 0
19.08680275147049 3.565048981080817 0
19.00313052690888 3.408917003886699 0
19.14429952851528 3.357270816119518 0
19.22797175307689 3.513402793313637 0
19.11555113999288 3.461159898600168 0
3.671019147996592 4.017201729791776 0
3.462100587985275 3.992861484168707 0
3.566417502728056 3.901339312389925 0
1.663069408764127 3.28973363231512 0
1.588744845238679 3.161584576026568 0
1.690115078207825 3.189306343875211 0
13.0772136332764 4.298140996255796 0
12.95650483459584 4.396953543562269 0
12.84504270798896 4.289654436294368 0
12.96112817063268 4.293897716275081 0
18.3676007700132 3.328222827209875 0
18.29879933463193 3.302031299171848 0
17.19804934604454 0.7103840353516369 0
17.20277191688096 0.8241939926716737 0
16.04808633415896 3.111524390771735 0
15.99466122123487 3.238136057606369 0
15.96507854671193 3.147584398824613 0
2.345649920768588 2.479655833579817 0
2.542658022074472 2.488947095842728 0
2.444153971421532 2.484301464711273 0
9.475863444535534 3.525696510727581 0
9.534540723827996 3.608785062266811 0
9.443662236825034 3.655683949786054 0
9.384984957532572 3.572595398246824 0
9.459762840680284 3.590690230256818 0
6.153607077010133 4.652681985648174 0
6.103867920661814 4.519889000425491 0
6.18054399930805 4.567882032321243 0
2.034682582671937 4.566313318704319 0
1.934677518343134 4.506192659390625 0
16.4177631511245 2.399429355371527 0
16.50101738482455 2.444603165155295 0
14.92802249914014 2.060891436991177 0
14.77970280536049 1.953328303263866 0
15.02842947589433 1.949947645901811 0
14.90406614062741 1.951637974582838 0
3.965156012747865 4.433054748329941 0
3.876281923636087 4.456595562209296 0
16.72998877697913 2.403687347718881 0
9.551792716815958 3.902444622795135 0
9.618323246973564 4.026856466859449 0
9.585057981894762 3.964650544827292 0
16.27955003742751 4.544520408061419 0
16.17892987291225 4.420532970298402 0
16.27383275464369 4.444515331809606 0
12.4637968524517 3.232467574614243 0
12.519252798185 3.335528017459288 0
12.44675207349157 3.391991710574174 0
12.45527446297164 3.312229642594209 0
8.050119982210177 0.9345106051275267 0
8.138730348205693 0.8310114316732637 0
8.296724770568416 0.9345932937674184 0
8.173422376389295 0.9345519494474726 0
11.10336375601945 3.315953856562568 0
11.21517112401041 3.235214097731326 0
11.15926744001493 3.275583977146947 0
4.572895524271134 2.839208858397672 0
4.547670722084389 2.999612614460271 0
4.560283123177761 2.919410736428972 0
6.900016443580375 0.8329529972180501 0
7.060128988152112 0.9360994293745581 0
6.812329960929359 0.937334573678744 0
6.936229474540736 0.936717001526651 0
14.64983281926345 4.767071522706227 0
14.76248383221741 4.898081436403512 0
14.63741640963173 4.883535761353114 0
6.503661740666185 3.717406981596632 0
6.548275489201942 3.630310474159818 0
6.629093471343102 3.675779865037323 0
6.584479722807345 3.762876372474137 0
6.566377606004643 3.696593423316977 0
0.1087673151503878 1.481801312785641 0
0.10902395650389 1.606500943150788 0
9.64106790809854 0.5449976912450902 0
9.517309891673559 0.539224311524682 0
3.605661359369014 4.158143743388164 0
3.700045730103632 4.114509785206288 0
4.080607804859381 3.815622378119281 0
4.124595403825075 3.992101560528412 0
4.005043086501079 3.921625793394861 0
0.8307322809296789 3.473974762022547 0
0.9638957738447669 3.545638620386682 0
0.8521806028291543 3.572037992779118 0
0.6639151228340019 2.250619540944477 0
0.5550764331986215 2.390966611321664 0
0.5518107994916157 2.149224999491209 0
0.5534436163451186 2.270095805406436 0
15.99618367407857 4.000723241822811 0
16.01199056869348 3.856584613915509 0
16.07793986482517 3.93962902990561 0
5.014563977975906 3.696774869217427 0
4.873621817426988 3.745038300590624 0
4.821095922551555 3.607830672645949 0
4.91782995026373 3.652302770931688 0
15.41085595797275 0.9985204981362299 0
15.47938344513361 0.9036269812413043 0
15.51270918383135 0.9967466384741428 0
0.9286799710807756 3.345353317366052 0
1.131586480320784 3.314004589192641 0
1.032604997160954 3.428999267877078 0
1.03013322570078 3.329678953279346 0
16.37543749647571 1.660157806246991 0
16.45906246459942 1.883170821640741 0
16.41724998053757 1.771664313943866 0
2.663089436919473 1.812553020684547 0
2.507732917012557 1.882689564861086 0
2.551211709701931 1.773072031201049 0
16.45223087750779 4.081701449983299 0
16.38404890938362 3.986435864680271 0
14.34305001885096 2.174838717428209 0
14.43973422324614 2.068230141835837 0
14.58528748023594 2.17253448950537 0
14.46416874954345 2.173686603466789 0
10.18627040861276 0.6009704415628192 0
9.897468691608982 0.5657605481068337 0
10.04186955011087 0.5833654948348266 0
4.932397613392009 3.886324942153863 0
5.06750290522354 3.830697205943015 0
5.128759002518217 3.965402973012297 0
5.030578307955112 3.92586395758308 0
11.45167518420897 1.861567688057816 0
11.51352036083695 2.070028679626919 0
11.48259777252296 1.965798183842367 0
2.044694756663755 0.3575092065222329 0
2.156445999462302 0.2576662517721444 0
2.165044033567299 0.385022239559353 0
8.102635963583339 1.762323098615119 0
8.019897116538981 1.865837246904078 0
7.858202643355778 1.762640416050617 0
7.980419303469558 1.762481757332868 0
3.663635411311702 0.9208745903148929 0
3.53606692495671 1.048745227400065 0
3.36630561967029 0.9042824646158985 0
3.514970515490996 0.9125785274653957 0
4.459123455262489 3.072732300071402 0
4.368168719446923 3.05831422817112 0
18.99122478566053 2.231383622953385 0
19.11511698684008 2.160782923286723 0
19.20069548935263 2.316522921096834 0
19.09596013750658 2.27395327202511 0
12.53665278583312 4.303797990011768 0
12.63285952808984 4.342579130433633 0
12.57792037746588 4.428786936128782 0
12.48171363520916 4.390005795706919 0
12.5572865816495 4.366292463070275 0
4.004866495126668 3.119154592046618 0
3.910610943336287 3.023688358459645 0
4.002603055579258 3.025817019979494 0
18.59545069533045 3.230005941155794 0
18.4824534267778 3.288042522601207 0
18.50351634023648 3.196675727886341 0
18.86278652024688 2.305976308062712 0
18.88250317773669 2.190108587844668 0
5.906574181514639 4.263066228907061 0
5.799067734062167 4.186814246833753 0
5.968936095744668 4.183286061778345 0
5.884001914903418 4.185050154306048 0
6.965984324472114 3.691978500295741 0
6.929819502419916 3.787257452281424 0
6.845700660259801 3.753132144113803 0
6.905842492365958 3.722555322204772 0
17.73776011802261 2.707599543600222 0
12.74553378208103 4.410863672449527 0
12.7389511180394 4.316116783364 0
4.52581852199419 2.086816790667972 0
4.647090270543658 2.064302608204997 0
11.53221751184483 3.102713573221749 0
11.62766206682854 3.044140518422938 0
11.70311782375271 3.118690187767324 0
11.60767326876899 3.177263242566135 0
11.61766766779877 3.110701880494537 0
3.670747829701403 2.063703667653722 0
3.517200204843487 2.007312056327799 0
3.622649862377512 1.960287878549416 0
11.99942635618218 4.568768485926812 0
12.05961180052039 4.681900742574134 0
11.8477888730459 4.642605297548261 0
11.95370033678314 4.662253020061198 0
4.01921648848682 3.291127198454284 0
4.036022896791236 3.35933710732366 0
15.90520013069846 2.119051558096425 0
16.00413193109561 2.251977977866321 0
15.87609418081257 2.340291701525428 0
15.89064715575551 2.229671629810927 0
4.236629549768772 3.795841454479154 0
4.143411370238034 3.73060758882797 0
15.86521375199397 3.836714616842188 0
15.94620186324896 3.775826404854311 0
0.8845137901093825 2.216635869126548 0
0.9925924524803236 2.08432255708027 0
1.104257687599826 2.188154540457405 0
0.9943857388546036 2.202395204791976 0
4.732400941372942 3.797785971125711 0
4.832399277382476 3.842055456639788 0
15.28194082688667 1.007249436359867 0
15.35912042329446 1.07893716293054 0
0.4290741804071612 0.8039368652371994 0
0.5329608061602258 0.6582364345746274 0
0.6414524206977283 0.7652124232156354 0
0.5375657949446619 0.9109128538782074 0
0.5352633005524439 0.7845746442264174 0
19.31812256840016 2.247063165898318 0
19.30176031151288 2.358603905213381 0
3.561716038601753 0.381097824827576 0
3.694911129125416 0.3758147306007356 0
4.012041491806745 3.205140895250452 0
15.15354653194329 1.947593883983632 0
9.028062424313163 2.932714126369238 0
8.996487392418015 2.826785530635748 0
6.068309267371532 0.9455901107538529 0
6.155170847401877 0.8396164089125628 0
6.316296920021358 0.9418037082519222 0
6.192303093696445 0.9436969095028873 0
19.64363865693409 3.340931473721636 0
19.66335739684043 3.1055987107161 0
19.65349802688726 3.223265092218869 0
4.408452544903914 1.276692864338418 0
4.532338222108021 1.258181997972675 0
2.485308670235028 4.317661334885644 0
2.308815391167448 4.319463006078711 0
2.285819102143813 4.174789831976475 0
2.385563886189421 4.246225583431059 0
5.084295587674725 3.029622993837062 0
4.948938252036717 2.953292495325202 0
5.055071667714774 2.949683080549341 0
15.23710254849781 0.8444395429450466 0
15.15840437325658 0.9382989069428713 0
1.531281494023126 3.362833442265903 0
1.635330973915703 3.391655217178139 0
15.12947390060776 3.072409554672998 0
14.95477559721688 2.995908829941406 0
15.04212474891232 3.034159192307202 0
10.93675403206462 0.5378796520072253 0
10.81667446923951 0.5426019464666312 0
10.96110798344471 3.337692170269213 0
11.03223586973208 3.32682301341589 0
5.190463261307468 4.092411247708819 0
5.267106373464522 4.216078668786606 0
5.165774234777266 4.188156626543075 0
8.049420839642199 4.099498801061983 0
7.953097894563765 4.182218496541953 0
7.871343231549321 4.099196318223765 0
7.960382035595759 4.099347559642874 0
0.7990901484827955 3.04944728277535 0
0.6827703418831348 2.956958537500182 0
0.7944221342236819 2.935415516425211 0
4.549126453558276 3.366859040790979 0
4.619989185815634 3.498174584651332 0
4.476490811431916 3.566384181119126 0
4.512808632495097 3.466621610955052 0
1.454224373475384 3.241480883160098 0
1.481616661506319 3.127306722023397 0
18.84583911824222 2.420468393380628 0
18.45163616421881 3.369090909364154 0
7.416652001927181 0.5197417989207778 0
7.32649714258273 0.6237904837437644 0
7.168005156239193 0.5200349469408834 0
7.292328579083188 0.5198883729308306 0
7.774913268640284 4.131549032781087 0
7.801360636009752 4.063627593620317 0
14.82870687688694 2.170737621446191 0
14.95094009158995 2.17001725104446 0
4.291898362322143 2.64984299207954 0
4.387254265548118 2.540942893211379 0
4.394624037243873 2.653557830071609 0
2.170562636228414 4.107934400355238 0
13.59392952811553 3.826825091395958 0
13.45921642962248 3.875651672419516 0
13.41336368620476 3.760590182507462 0
13.5480767846978 3.711763601483904 0
13.50364660716014 3.79370763695171 0
5.51329720297718 0.4267447206419526 0
5.353560276662497 0.3216879948123288 0
5.478429308979367 0.3201553229643221 0
9.949789739763297 0.9627703947001895 0
10.12413259518377 0.9899119304771298 0
10.03696116747353 0.9763411625886596 0
10.23398120121769 0.9889802140740898 0
10.28337124203682 0.9126604242412277 0
6.799942863929495 4.19438786194061 0
6.897381110050025 4.307347068695815 0
6.808483933900326 4.390275312655875 0
6.711045687779794 4.27731610590067 0
6.804213398914911 4.292331587298243 0
3.993914386109093 4.880400929818478 0
3.73469288972194 4.855645703329066 0
3.864303637915516 4.868023316573772 0
5.64528751336682 4.068555233719874 0
5.565399300538743 3.929124325449971 0
5.667436712710389 3.964946959046586 0
1.214411739564065 2.294203029287585 0
1.213679131220172 2.177415774221885 0
10.82371411085027 4.3047873643116 0
10.86532351155206 4.387797335236084 0
16.22198752272344 2.315242114952984 0
16.31987533692397 2.357335735162256 0
10.8514176812426 0.9497294520096271 0
11.07709758402314 0.947363097157546 0
10.96425763263287 0.9485462745835864 0
15.53686171601462 4.295748330223091 0
15.67872899569052 4.397468649133149 0
15.55260721684387 4.416460339926248 0
19.61709022146988 3.573359184947435 0
19.50931685235054 3.402362230637705 0
19.63036443920199 3.457145329334536 0
5.103357797789941 0.3258168565325601 0
5.012699631577662 0.4378521484829987 0
4.85246576680354 0.3313150173396457 0
4.943123933015819 0.2192797253892076 0
4.977911782296741 0.3285659369361031 0
4.285662143102599 1.301668427029422 0
6.403334093537968 0.836528315810539 0
6.564166723618296 0.9391394244754017 0
6.440231821819827 0.9404715663636618 0
9.270323840350569 0.9380756544140527 0
9.506910452568938 0.9412972995176321 0
9.388617146459755 0.9396864769658424 0
16.03954697693985 3.36594808477193 0
16.09227930548778 3.409897731907551 0
7.042540924977808 1.868161669365887 0
6.878908421363608 1.765878158953509 0
7.123726015513547 1.764557841452365 0
7.001317218438578 1.765218000202937 0
0.7127264432962601 3.397261465454345 0
0.5984561717959309 3.429844745521467 0
5.819480433990533 4.317545969901783 0
5.963618374273594 4.344312188811001 0
5.876524626749488 4.398791929805723 0
5.891549404132063 4.330929079356392 0
1.128507546253253 3.477583116733775 0
1.21927337846278 3.415838908272211 0
1.282593718461966 3.503538980870206 0
1.205550632357609 3.49056104880199 0
5.165737834781681 1.813609585299325 0
5.088105191352286 1.918938574528023 0
5.043529014258052 1.824332606195475 0
1.216898068639622 2.408175576186026 0
6.171828402875197 0.5243451740688059 0
6.421129027927091 0.5226053097259564 0
6.331589374069833 0.6280051075602302 0
6.296478715401144 0.5234752418973816 0
16.32160921541087 4.766201530552275 0
16.19169925897573 4.656457467241974 0
16.30057962641919 4.655360969306846 0
15.86348619916795 3.990274504018729 0
15.92855316731468 4.054001435651292 0
8.333001039412729 4.220261188675261 0
8.428618774893298 4.254006591961013 0
6.842545896151298 2.836062248137923 0
6.957339589935248 2.829416321243992 0
6.517935448962167 4.251409631371873 0
6.417813489794555 4.335013826174448 0
6.327099402860133 4.226777571508856 0
6.422517425911149 4.239093601440365 0
13.41935406457655 4.076450925002843 0
13.3367579527064 3.944448266436478 0
13.43928524709952 3.976051298711179 0
13.04454582049113 0.9773512938571729 0
13.16750868003756 0.9718135325985007 0
6.082712047349427 0.6305276105554369 0
5.922888444936963 0.5268957497167026 0
6.04735842390608 0.5256204618927542 0
18.72077631787286 3.176132346510774 0
18.74159913207621 3.074165850822043 0
8.564928286142283 0.6249438372341394 0
8.409344549411156 0.5205468448985116 0
8.532791211037345 0.5210822974299485 0
15.44331477403147 4.116832257287963 0
15.59555506442756 4.181951956489723 0
15.38462142561853 4.230628631021332 0
15.49008824502305 4.206290293755528 0
1.406932677180745 3.441553749610094 0
1.329875556633002 3.320201190504289 0
1.430578525328064 3.341517316385096 0
7.802996332805201 0.9345811245677522 0
7.891457937273527 0.830940738577139 0
7.926558157507689 0.9345458648476395 0
11.54786644401719 0.9520463724721695 0
11.78804630764612 0.958111415323228 0
11.66795637583165 0.9550788938976988 0
6.741104633731281 4.89256115020904 0
6.496701620227092 4.883551694390283 0
6.618903126979186 4.888056422299663 0
7.368556424061918 1.763661204057227 0
7.286909255128791 1.867224509128162 0
7.246141219787733 1.764109522754796 0
4.281765275194063 0.116055317575261 0
4.155477670422224 0.1177986011299224 0
13.90282094012592 0.5201892331051012 0
14.02706226462874 0.5158470881372268 0
8.657580000700621 3.2925154550494 0
8.736845486742856 3.363348732201485 0
8.665354034559906 3.435286454221904 0
8.586088548517671 3.364453177069819 0
8.661467017630263 3.363900954635652 0
5.178357775159217 2.101356122960067 0
5.223563647609476 2.190249594028904 0
9.213671309909405 3.352975107402771 0
9.101507882518396 3.380693028020258 0
9.066676962449602 3.300776192854023 0
9.178840389840612 3.273058272236537 0
9.140174136179503 3.326875650128398 0
15.23378179797882 0.4945036904956024 0
15.14128190282362 0.2648361645855664 0
15.18753185040122 0.3796699275405842 0
6.309296037725986 1.874261460924076 0
6.144385163208646 1.774415071605978 0
6.389153762416486 1.770518652027588 0
6.266769462812566 1.772466861816783 0
16.93480740490985 4.597449820370797 0
17.08644155113382 4.60312349249743 0
17.00655186930514 4.717055610561945 0
1.375967183525198 3.530430630498739 0
12.28048433511989 0.9799525289861237 0
12.53660340261564 0.9895833906467415 0
12.40854386886777 0.9847679598164325 0
11.66596451506414 0.5355776200678468 0
11.54351585222634 0.5346987646244559 0
16.01710409908736 3.302042071189149 0
0.7723411129524926 2.114356605292488 0
0.7742144564716931 2.233627705035512 0
16.32963354397448 3.249824988285511 0
16.30333140265798 3.341231887287163 0
0.7600140059884453 1.131122609643144 0
0.8720140245898804 1.241798102296981 0
0.762054554440283 1.256112846976879 0
13.16055496863734 0.5359675641016399 0
13.03630100819194 0.5380411660456845 0
5.908361571852363 2.081972909921878 0
6.074023032010782 2.179692396117599 0
5.83098967219982 2.181423578902021 0
5.9525063521053 2.18055798750981 0
9.086037843681387 3.953481455278259 0
9.180881674512678 3.944057905280385 0
8.919457447963627 3.463118705828587 0
8.876009632447655 3.349623546031603 0
8.96582498994437 3.324011595007521 0
9.009272805460341 3.437506754804505 0
8.942641218953998 3.393565150418054 0
5.200952054657571 3.780852641903467 0
5.326336898951944 3.729596312158536 0
5.381406287078271 3.857874918356493 0
5.256021442783897 3.909131248101423 0
5.29117917086792 3.81936378012998 0
2.593935920620842 1.329044693499072 0
2.494658666958841 1.270970885808643 0
16.24382720248251 3.132742048490504 0
16.35124301428248 3.05321010781872 0
16.34043827912848 3.151517548052116 0
14.39160747110989 0.09470915545186509 0
2.016557433154111 0.1294571002575808 0
1.910818871231168 0.2643400602546322 0
1.892909435615584 0.1321700301273161 0
4.783927539556129 0.110584726717434 0
4.69203709672588 0.2235597981828468 0
4.53310955716975 0.1129750714654123 0
4.65851854836294 0.1117798990914238 0
9.95624757485947 3.447981587073584 0
10.03962422543288 3.385332493986274 0
10.02876992817413 3.447174717724479 0
14.50499002735697 3.578983877794741 0
14.40129690794186 3.562521205451119 0
14.41889657862311 3.423116932082702 0
14.46194330299004 3.501050404938722 0
8.099888609530851 2.07250200675413 0
7.938035071481223 1.969277675268859 0
8.059892863034916 1.969169626829104 0
4.760911063263521 0.4462921507280693 0
4.7264740799947 0.3349259744554582 0
2.267039227666871 4.524024107525389 0
2.163989519726187 4.643223433960078 0
2.295248541025969 4.646038670256389 0
13.90405378110196 0.1018019339214562 0
2.250259718809126 2.464683244214603 0
5.107758016316739 3.738813755560447 0
18.79244031074562 3.313665115286087 0
18.89778541882725 3.361291059586393 0
6.988801775037239 0.7284678779422578 0
6.740334811143757 0.7295354975518913 0
6.864568293090498 0.7290016877470746 0
0.6362185543454633 0.5048475010296409 0
0.5315294185162713 0.4068739939678254 0
0.5322451123382486 0.5325552142712264 0
17.36560461977767 2.912295698093791 0
17.32949415922364 2.804926872980148 0
14.93126990624364 4.453287863025293 0
14.79961003720483 4.519910041377617 0
14.74468158096434 4.418257121536807 0
14.87634145000315 4.351634943184482 0
14.83797574360399 4.43577249228105 0
18.27644653042392 4.476770328332649 0
18.15208624821953 4.573387163871922 0
18.16447171213967 4.469412590566833 0
12.41176674711242 0.5432242135087777 0
12.28673112049137 0.5423646663450072 0
5.904016571394326 3.716601639122683 0
5.891764075276406 3.808925196737118 0
5.396619862818198 3.564417330268872 0
5.361478380885071 3.647006821213704 0
19.16343152273975 1.93443736947422 0
19.2433298373976 2.094109159898744 0
19.13927425478991 2.047610146380471 0
13.17890296273535 4.580806427472639 0
13.29417412489613 4.67848855777383 0
13.15970376712355 4.787641946211667 0
13.04443260496278 4.689959815910477 0
13.16930336492945 4.684224186842154 0
11.57389025422193 3.312657624627556 0
11.59078176149546 3.244960433596845 0
13.13990193948213 3.941413193113503 0
12.97197639176453 3.919958696952405 0
13.07451415543063 3.852599981436464 0
13.05593916562333 3.930685945032954 0
0.5595844514790116 2.630208631527379 0
0.5573304423388166 2.510587621424522 0
10.33500147974453 3.146578039719824 0
10.39229958328124 3.233129607819809 0
10.3291900558292 3.286402457332954 0
10.33209576778687 3.216490248526389 0
16.31097953618339 1.49537399870259 0
16.23487563150348 1.437715160995103 0
14.36654368101268 4.024776531608942 0
14.49538751199554 4.102547409242078 0
14.42038841600358 4.210685848654952 0
14.39346604850813 4.117731190131947 0
14.99867437243198 0.1414638313519632 0
14.86734987601518 0.2421143244116446 0
14.87117493800759 0.1210571622058225 0
15.29492287713255 3.81711449201905 0
15.20882485177469 3.939083725347625 0
15.08267926788463 3.854690883375581 0
15.18880107250859 3.835902687697315 0
8.796530936158749 3.92784368603908 0
8.692557970898106 3.858803327328548 0
8.774338647588268 3.851959203388072 0
5.673784909753701 0.5304578980804751 0
5.584589592396206 0.638996130053457 0
5.424101885619685 0.5352829526149345 0
5.548943397686694 0.5328704253477048 0
17.41553863607508 0.4828351399788113 0
17.28481331321005 0.3605756275315999 0
17.40591025081849 0.3625547121079515 0
13.00707493629053 3.77339925729485 0
13.09484063899417 3.706323741549934 0
13.0846773972124 3.779461861493199 0
2.514705649473107 0.1220490127786102 0
2.264888566308191 0.1282091515145636 0
2.389797107890649 0.1251290821465871 0
6.325011605881558 3.30212571849869 0
6.38674519255454 3.217709406395112 0
6.46755927349181 3.28127672572212 0
6.405825686818829 3.365693037825698 0
6.396285439686684 3.291701222110405 0
6.633865724418397 1.767760375652099 0
6.553566768794069 1.871451030028586 0
6.511509743417442 1.769139513839844 0
10.7095863310449 1.842987346677123 0
10.77928555226894 2.062138170793031 0
10.74443594165692 1.952562758735077 0
13.99489902303513 3.328340866611928 0
13.9757934863018 3.484970087322408 0
13.90142009184877 3.392645818748289 0
13.98534625466847 3.406655476967168 0
4.194227472279024 2.545395356361284 0
4.193964972398049 2.646672641230461 0
8.875101169188195 0.8330624542070502 0
9.029903180438712 0.9363355325306801 0
8.908412298685747 0.9358641778438974 0
0.1111469873257995 2.477304287617491 0
0.1116799305914657 2.601197788874063 0
13.7481401283077 0.417458074305793 0
13.77899910254532 0.5230779196255142 0
0.4404582983568197 2.045397895304076 0
0.5494027268426507 1.905568710065029 0
0.6607552279774467 2.009395814252162 0
0.5506067631671332 2.027396854778119 0
7.147999591831999 0.8319801537330132 0
7.307874899998535 0.9353035404992536 0
7.184001944075324 0.9357014849369056 0
7.613580181120883 1.763065497655412 0
7.4910683025914 1.763363350856319 0
3.120835535709675 0.9161558870597961 0
3.243570577689982 0.9102191758378473 0
15.00302568488717 3.954945531697286 0
14.89645870135798 3.875676671321494 0
14.9895689846213 3.865183777348538 0
9.02531451656432 0.5253012058837618 0
3.115682955244319 2.968455417811493 0
3.214769303635605 2.98353161438696 0
0.8811088395336757 1.977559481232469 0
0.9913498566705563 1.964231473835585 0
19.00950900622864 0.4798086503003614 0
18.74820839187063 0.4290534400406329 0
18.87885869904964 0.4544310451704971 0
8.580944170891209 3.533281093534777 0
8.764800482270038 3.507966868429666 0
8.672872326580624 3.520623980982221 0
18.69394550303804 3.271835528220941 0
0.8053264094647297 4.061421458940011 0
0.9592518761862845 4.208716372537535 0
0.7743451132619477 4.196933400755857 0
0.8822891428255062 4.135068915738773 0
6.574072739580659 3.458841949074018 0
6.679425593195467 3.468351820583492 0
6.667676578097553 3.553024323105506 0
6.562323724482745 3.543514451596032 0
6.620874658839107 3.505933136089762 0
6.243136683259973 0.7334118567615469 0
5.99474621149133 0.7367321627064531 0
6.118941447375652 0.735072009734 0
5.57635792821439 1.891652699884459 0
5.410140496672773 1.798380145364027 0
5.654766433226095 1.787567154356923 0
5.532453464949434 1.792973649860475 0
6.720106480585567 2.923584619964742 0
6.625969690038437 2.808379306729078 0
6.734257793094867 2.8222207774335 0
13.46179794147368 4.553117515005265 0
13.43854506106656 4.667003731329398 0
12.46885295545822 3.092896544689657 0
12.46632490395496 3.162682059651951 0
14.80990250661196 3.818704047218776 0
14.84449499520625 3.951953832579256 0
14.75793880046024 3.894981208476538 0
14.82719875090911 3.885328939899016 0
5.442520350978449 3.984710612174132 0
5.473402793808507 3.893499621903232 0
3.997420739706709 2.348199009348546 0
4.096773667213133 2.443215144310749 0
3.998248269284254 2.445962542407912 0
13.69223095037479 4.219613282488265 0
13.57373331010264 4.184404016873115 0
13.64687206612415 4.156140737295811 0
8.720640345703217 0.728916884888074 0
8.84291664861107 0.7297823690789009 0
7.383609639862198 2.826935823189233 0
3.783469586257612 1.184222410796124 0
3.847304712078468 1.032620645810195 0
3.919807544154313 1.146293844850056 0
11.650562002554 4.206674184402239 0
11.73137426890521 4.252997994488918 0
11.65766921342665 4.352534578742302 0
11.65411560799033 4.27960438157227 0
0.457542165251553 3.007914101372459 0
0.3435651431893412 3.036309231787667 0
1.046201660049009 3.511610868560228 0
7.250735995885078 3.495008993526486 0
7.184128201108491 3.588964306568717 0
7.163761373014076 3.431507631859361 0
7.173944787061283 3.510235969214039 0
5.899411841227637 1.779844325757171 0
5.820480697115577 1.883740647791111 0
5.777089137226866 1.783705740057047 0
13.59329924289408 0.3150350076544255 0
13.71719783366332 0.3127572003604979 0
7.307009987374951 4.795407214047926 0
7.460602112754959 4.89716125250002 0
7.221407874619993 4.898245961547906 0
7.341004993687475 4.897703607023963 0
0.3221536707123391 0.8223701237591021 0
8.347057853972121 1.762024006790378 0
8.224846908777728 1.762173552702748 0
6.803216062611012 2.177005371628963 0
6.882266697781519 2.074434397337106 0
7.046210583926748 2.176572090805885 0
6.92471332326888 2.176788731217424 0
0.769522954558628 1.872598690192142 0
0.7709320337555603 1.993477647742316 0
9.807596308617864 3.435404821980928 0
9.899545874227009 3.380234194054311 0
9.864298009250327 3.503152215000202 0
9.881921941738668 3.441693204527256 0
3.43749627383045 2.13197062322714 0
3.544762271897554 2.231979672749234 0
3.433135875015999 2.234593780915753 0
11.03773207134821 3.924418259762386 0
10.89832539589504 3.987997352151845 0
10.94004280142072 3.898060976333847 0
14.62240823783493 3.616342266779106 0
14.58668229407671 3.734922376175218 0
14.46926408359875 3.697563987190854 0
14.54583616071684 3.65695312698498 0
14.68276387718262 2.064129045853819 0
14.70699717856144 2.17163605547578 0
13.78359121704906 4.354260842170188 0
13.66278162330753 4.317564862722337 0
13.73791108371192 4.286937062329226 0
6.807883774468837 3.887033318524796 0
6.697118404253248 3.848996633084238 0
6.734935290044213 3.715095458673244 0
6.771409532256525 3.80106438859902 0
6.508349675791426 4.450468879788835 0
6.408589610047833 4.432248658235342 0
0.1081819751417186 1.23205250150854 0
0.1079135775115105 1.107175802899295 0
5.692182983375635 4.203737824978369 0
5.546209169991862 4.245916969164238 0
5.499313699983047 4.110734377905743 0
5.59574834167934 4.157236101442056 0
5.332258287575835 1.902847874037094 0
5.287939165727227 1.805994865331677 0
15.69619131116174 0.6855187858255865 0
15.67677690838648 0.4645637278892236 0
15.80158559246959 0.5770227025803134 0
15.68648410977411 0.5750412568574053 0
4.415248067448175 0.5778097071239865 0
4.670489048306809 0.5624934424872177 0
4.542868557877492 0.5701515748056023 0
3.636062874773785 1.159369836176652 0
3.705376142154878 1.249651430523844 0
11.97117438256836 3.433230875442677 0
11.85861051514506 3.489773230171267 0
11.8304229798903 3.426627098575843 0
11.90079868122933 3.42992898700926 0
6.021245060429891 3.140790770986944 0
6.039495752100728 3.224986402053672 0
5.990677644306782 3.266042438803344 0
6.005961352368336 3.203416604895144 0
18.25952783353852 4.675165732650791 0
18.14016685130921 4.779659445325503 0
18.14612654976437 4.676523304598712 0
14.69883833352293 3.769479688122106 0
14.66465150536911 3.880937220823074 0
14.55249546592289 3.846379908876187 0
14.62566689972291 3.807929798499146 0
17.6693533889945 3.814511778002624 0
17.56560876319106 3.845987591193182 0
7.981221880981255 0.7272281985180116 0
8.070967791955255 0.6236666542749356 0
8.228476259179693 0.7274498874301876 0
8.104849070080473 0.7273390429740996 0
2.972573753985596 1.709049504524224 0
3.039505201604171 1.592191094532141 0
3.069755139531277 1.685179370771409 0
0.220261758976477 2.084545203691657 0
0.3303600286666466 2.064971549497866 0
7.682331692058305 3.297694923759461 0
7.751850439200992 3.343505630592078 0
7.701295577242629 3.421624592022299 0
7.631776830099943 3.375813885189682 0
7.691813634650468 3.35965975789088 0
11.97217895913181 4.196795056960923 0
11.90559451285116 4.123433814618405 0
11.98679199301558 4.122665373590374 0
0.6581015874255307 1.765461488949688 0
0.7682287929020539 1.750280797585219 0
16.45595744997187 2.974325887727661 0
16.54744012073429 2.883352038085562 0
16.63895401953669 2.981842420939336 0
16.54745573475428 2.978084154333499 0
16.83645646154882 4.391405790922175 0
16.70134069546478 4.332014132445652 0
16.7490678632663 4.184141028745013 0
16.79276216240756 4.287773409833594 0
9.077347702981294 1.760105321396235 0
8.955869317656806 1.760597101532863 0
6.626956415762465 3.953885890513202 0
6.514317734316561 3.867765629903102 0
6.605718069284904 3.85838113149367 0
14.74293823178827 3.994421817858055 0
14.64965093669714 3.980377830204591 0
14.70379486857869 3.937679519340565 0
4.574726765646696 4.603353820705444 0
17.75689656300854 0.1236923692831011 0
17.63310237660791 0.1226743328659299 0
8.120904310294341 3.875903962065018 0
8.213346029966361 3.95097588945059 0
8.142425742186569 4.028593440588359 0
8.131665026240455 3.952248701326689 0
0.1084746451460532 1.35692690714709 0
13.23832994609426 3.94293072977499 0
7.665385698737717 0.5196361050145542 0
7.574858609402294 0.6235436942820844 0
7.541018850332449 0.519688951967666 0
10.08747059451247 4.028708169558056 0
9.980976494839391 4.101431452327297 0
9.995777098499383 4.019830080096999 0
17.69868790934917 3.226636697062085 0
17.66198967120692 3.138956690430525 0
14.62381509013886 4.122479329803001 0
14.52122335855382 3.960445909643668 0
14.57251922434634 4.041462619723335 0
12.94120757445607 4.591180540539611 0
12.92685092525179 4.691555775571357 0
9.296080305536314 3.668034336792979 0
9.284569429672862 3.501486753125513 0
9.290324867604587 3.584760544959246 0
9.668305686740531 4.112929419019693 0
9.55416199344627 4.171536504368125 0
9.586242620209918 4.099196485613787 0
9.607409698993584 4.293918960414612 0
9.455264574259463 4.347458710213914 0
9.504713283852867 4.259497607291019 0
14.01724279692077 4.05270564329969 0
14.03909008780862 4.207958547533908 0
14.0281664423647 4.130332095416799 0
10.52486131187575 2.86397996962094 0
10.5682200959643 2.948529968216834 0
10.47275746713682 2.987027280342424 0
10.42939868304827 2.902477281746531 0
10.49880938950629 2.925503624981682 0
7.53247243229541 2.17609439054707 0
7.775467171682182 2.175954476628751 0
7.653969801988796 2.17602443358791 0
8.54494589188044 3.043453667109942 0
19.16531091832973 4.78549203513191 0
19.07100923664856 4.683538401987297 0
19.29982287740659 4.681703534233463 0
19.18541605702757 4.68262096811038 0
1.230731018476893 3.317102889848464 0
16.08727006800854 4.768748096720709 0
16.22854486273444 4.884588242310472 0
16.10613503400427 4.884374048360355 0
4.631607054859854 3.098569653603485 0
4.543059788037954 3.171689339214616 0
4.545365255061172 3.085650976837444 0
6.604202053711379 3.262046119131877 0
6.546501772935867 3.341888265515411 0
6.535880663601595 3.271661422426998 0
11.46950947835686 3.813487585077326 0
11.3523778695198 3.879650369109661 0
11.40707103693954 3.722476319051014 0
11.37972445322967 3.801063344080338 0
3.24171246383493 2.509904974033045 0
3.329305965374735 2.610728881241942 0
3.237117160914534 2.601087751928003 0
6.721745931318126 4.063928029852352 0
6.615960216611898 4.165155407517398 0
6.621458316187182 4.0595206490153 0
2.767049276316319 2.108948697863881 0
2.559686531968534 2.039132397416485 0
2.718849949964129 1.98062883701885 0
2.663367904142427 2.074040547640183 0
11.37887017047739 3.416498464927765 0
11.33499938916692 3.473438927605969 0
6.613020920130063 4.363570329755145 0
6.61449056837098 4.264362868636272 0
12.85404007264281 3.761900298438591 0
12.74515830041943 3.842399670295477 0
12.68203976200165 3.754338896027574 0
12.79092153422502 3.673839524170687 0
12.76803991732223 3.758119597233082 0
9.76926829985376 0.5553791196759623 0
7.496163555710929 4.264478174243877 0
7.369339654503873 4.234884233183593 0
7.443482494049125 4.179798488438776 0
6.522856556877378 2.885914033665839 0
6.524778237959598 2.803385484284048 0
10.481103727126 3.590451947791516 0
13.50703167577412 3.213643466290742 0
13.50036982961625 3.303643114273758 0
13.42083499143278 3.303924694423739 0
13.46393333360345 3.258784080357241 0
5.712595683304002 4.334469548046398 0
5.755831708683084 4.260641897440076 0
7.391485719966669 3.458067182431692 0
7.3330068843603 3.548092530980447 0
7.321110857925873 3.476538087979089 0
9.80204808339896 1.750631736010614 0
9.560894931775167 1.755516987900326 0
9.681471507587062 1.75307436195547 0
2.692944831051376 3.611780532012293 0
2.787375464276533 3.676374972311171 0
1.320186811361069 1.20299501553803 0
1.43360935501298 1.076835445886378 0
1.547381493744609 1.195449621441298 0
1.433784152552839 1.199222318489664 0
7.077983735591516 0.6242724000797342 0
7.043510195524468 0.5202924114441301 0
7.396119251242272 0.8313813330485207 0
7.555710247231691 0.9348280075522251 0
7.431792573615112 0.9350657740257393 0
9.963828772989658 1.852587987295665 0
10.04308456389438 2.06574768639738 0
10.00345666844202 1.959167836846523 0
7.369446971941585 2.073244308627034 0
7.206197595984738 1.970523022556213 0
7.328178113535188 1.970234408877598 0
13.81086144089221 3.453952623076246 0
13.74691146724471 3.3622908506644 0
13.83747011820128 3.300984046336442 0
13.82416577954674 3.377468334706344 0
8.318273669842462 0.6240962403487256 0
8.161743835618683 0.5199812886130184 0
8.285544192514919 0.520264066755765 0
0.5471381479883952 1.659620560522721 0
0.5458917009944404 1.535682882668667 0
9.084859255213219 4.432324680317649 0
8.983973940432836 4.415076779265934 0
2.864133312003363 2.301235162504962 0
2.815591294159841 2.205091930184421 0
13.76511830631794 3.881881412426174 0
13.94622378274506 3.951838786604712 0
13.8556710445315 3.916860099515443 0
10.31971468312959 0.5837820813877732 0
6.144695441333985 4.201959098380989 0
6.235897422097059 4.214368334944924 0
4.795965921227712 3.107275320796071 0
4.717822499079642 3.181846273388747 0
4.713786488043782 3.102922487199778 0
2.765174616280641 2.491174334735284 0
2.653916319177556 2.490060715289006 0
7.780630830039304 4.268456635726942 0
7.638966720888208 4.275707410081855 0
7.706939994764245 4.203628221431471 0
10.196383548299 1.043796475511134 0
10.54592100970568 1.727131993822553 0
10.4184844610645 1.729856999664348 0
7.913807286421658 0.5197029428237943 0
7.823167713501888 0.6234999318362555 0
7.789596492579687 0.5196695239191744 0
8.26159543855551 2.17578422994009 0
8.5044947645919 2.175709578346412 0
8.383045101573705 2.175746904143251 0
14.74669816022871 3.661561825856592 0
14.77830033342033 3.740132936537684 0
8.037775561020171 0.5198421157184063 0
16.55063877269572 1.970398650552971 0
9.736238408005713 0.947810671739906 0
9.843014073884504 0.9552905332200479 0
7.759183911548441 3.779923933710342 0
7.736461290646067 3.708104282789764 0
11.05738206363583 0.5360178772189577 0
5.742519606655886 1.985361664458364 0
5.664854790579533 2.086136932561151 0
5.498693112138037 1.992427967987247 0
5.620606359396962 1.988894816222805 0
10.28047420625846 4.247633805420366 0
10.40229649365026 4.122772030454907 0
10.51106299129444 4.211908115939874 0
10.39576859877645 4.229770960680121 0
3.219073290051031 4.896481372554534 0
3.318526580771863 4.781292585623772 0
3.474453290720833 4.884811213069238 0
3.346763290385931 4.890646292811885 0
10.64407911635926 0.9593673239967671 0
10.56701709196801 0.9739860391230641 0
11.69210326902189 2.770302315872194 0
11.63619966514293 2.853613965023149 0
11.60691016050852 2.787235449962703 0
7.078407693851506 4.795187506201924 0
6.981999819231514 4.896941544654018 0
7.101703846925753 4.897593753100962 0
12.53701279917187 0.542996133558074 0
13.86982779284379 3.551810853352964 0
13.95763610863576 3.568432506606293 0
3.507014517439238 1.153753011228725 0
12.41618213336021 4.275845673973137 0
12.36699822875485 4.400366890182077 0
12.25090147053219 4.376730155289595 0
12.3335418019462 4.326287914631366 0
9.990103779298448 4.394017860377494 0
10.14809605992713 4.337585517298924 0
10.19330040967762 4.469419675106632 0
10.03530812904894 4.525852018185201 0
10.09170209448803 4.431718767742063 0
11.30195498484448 1.754714029624519 0
11.17939108080458 1.750042225360238 0
0.7550819496471632 4.324081469509453 0
0.5622738078576255 4.189064848266041 0
0.6586778787523926 4.256573158887747 0
19.89781739355196 2.711385421303182 0
19.89542064900307 2.833858404392054 0
2.080190591543504 4.777299953737389 0
2.057436587107719 4.671806636220854 0
1.823363366279565 0.4224418761770012 0
1.707139729568595 0.5664234538945199 0
1.684329333275119 0.4204072472995533 0
10.74774839880093 0.9545483880031971 0
9.621574430287327 0.9445539856287688 0
14.72032202785739 1.068057033911863 0
14.60043867793972 1.111031514289776 0
14.62284938047248 1.016899063477778 0
8.59567414048691 3.834734759158968 0
8.481508958312174 3.807221219043083 0
8.508215715817578 3.687026675882036 0
8.551944928152244 3.760880717520501 0
11.7894284581041 0.5370463707595481 0
13.06747161359733 3.334604726590649 0
12.9899555002126 3.334113888907373 0
16.26871803701668 2.943408160656475 0
16.14075308910775 3.023105476502175 0
16.16586939406885 2.923345638333819 0
7.157762276775161 3.015388061845314 0
7.389536819485087 3.187561977572644 0
7.31295882478573 3.186140347356039 0
12.94351043124896 3.69364296437839 0
12.91760457768437 3.841656591355052 0
12.93055750446666 3.767649777866721 0
12.01281850170237 1.769777562810643 0
11.89633828007406 1.768114020335227 0
0.2647292069818636 3.767754508992414 0
0.1386563167769701 3.939565515178656 0
0.1323646034909327 3.821377254496207 0
13.60843862626201 3.333833377791698 0
13.69277008687675 3.278393789839675 0
13.66258000662997 3.417730438616423 0
13.67767504675336 3.348062114228049 0
19.27205537971391 0.5059496309978893 0
19.1224604182387 0.4278900806593491 0
19.22292727490545 0.404618059950014 0
14.53468545228595 1.958709863240059 0
14.63162438046382 1.847909120650106 0
14.65719412882322 1.956019083251962 0
8.990236646155548 2.175452454278141 0
9.111560046561895 2.175325690079343 0
6.236629639191913 3.380408094303249 0
6.164745727808801 3.296499253936041 0
6.253127694498446 3.218216878131483 0
6.24487866684518 3.299312486217366 0
7.121163214044264 4.157782923456155 0
7.113793525287234 4.259851765629121 0
6.973945538027271 4.250220189794199 0
7.047554376035768 4.204001556625177 0
15.97345622827028 1.462054691558031 0
15.96754358404126 1.566092827232787 0
11.52324821596716 3.664943951787794 0
11.43705002567585 3.649817630529015 0
14.43793992477602 3.816636470570706 0
14.30399547164758 3.785125164595275 0
14.33531963047031 3.666052681215423 0
14.38662977762316 3.741344575893064 0
9.170685529303295 3.458447858918405 0
9.089979167381818 3.447977306861455 0
18.25780903152225 0.3881039095938501 0
18.13943903393119 0.5102245330954853 0
18.13602407844846 0.3831570072089603 0
16.95754959174165 2.698057607288487 0
17.053628200321 2.662574108849588 0
9.713668602184459 3.47406170503589 0
9.669593294215881 3.403234611472312 0
9.763521000649288 3.364577728417351 0
9.738594801416873 3.41931971672662 0
16.14595676832074 3.122133219631119 0
7.643980001830593 0.8310559185350939 0
7.679353290018446 0.9347045660599886 0
15.65424998705302 3.229264799647753 0
15.54919187742984 3.137271131260471 0
15.60172093224143 3.183267965454112 0
19.89651347458806 1.490472963249904 0
19.898279821467 1.614443800861671 0
12.65092924004157 1.74330863586321 0
12.55207331241211 1.75446767713818 0
11.64221037012431 3.828232721763463 0
11.53208641955701 3.896109508468588 0
11.57963342892416 3.745610798372201 0
11.55585992424059 3.820860153420395 0
19.89336537740769 0.9922482258817955 0
19.89136667183639 0.7447389875419406 0
19.89236602462204 0.868493606711868 0
0.5658540147822464 2.866584053023682 0
0.5701562535673439 2.982436319436321 0
15.28763842366811 0.6675181005037265 0
15.26071011082347 0.5810108954996644 0
5.255011193656504 2.002604353803112 0
5.37685215289727 1.997516160895179 0
4.706412442204511 2.802184035485674 0
4.639653983237821 2.820696446941673 0
8.474974540688123 0.7279603794576051 0
8.59780744319567 0.7284386321728396 0
9.041778092483018 4.035913254644094 0
8.928154876854126 3.991374475107436 0
9.007096360267758 3.972427965192847 0
0.6180864666995447 0.2948102347730504 0
0.6758226241923531 0.108603437591519 0
0.7280904837148601 0.3510746950115875 0
0.7019565539536057 0.2298390663015528 0
10.8161998937341 4.191027029437852 0
10.75413155333702 4.05415968547192 0
10.85726264481457 4.089512190794848 0
13.47185862010848 4.164552453286112 0
13.35336596963012 4.219089096656101 0
13.38636001710334 4.147770010829472 0
6.474254975380896 1.97434610618103 0
6.395231238047939 2.076917051769656 0
6.230272300393029 1.976832406512701 0
6.352263637886962 1.975589256346866 0
16.3360905451652 0.9640597384216101 0
16.31361266043168 1.042965458391049 0
16.82750572183972 2.955149266652971 0
16.89795510478961 2.824357932212988 0
16.92685802666452 2.929166144163716 0
13.15106468963648 3.400035122212594 0
13.21788998668158 3.482008485210384 0
13.12010375218862 3.561631780015053 0
13.13558422091255 3.480833451113823 0
9.71804480490945 2.17407568912088 0
9.960669892820299 2.173074129803495 0
9.839357348864874 2.173574909462188 0
4.115237189427578 4.880721475987068 0
0.7331378542647045 4.88667953206768 0
0.8551149678330425 4.887840001621706 0
0.3074496636869561 3.978709735304305 0
0.1537248318434781 4.051854867652152 0
19.26681212124679 4.892874135236143 0
19.14515545916486 4.892746017565955 0
6.341496412347674 3.858636880682114 0
6.252745098332433 3.850520402109646 0
9.479101017913061 1.860813992335309 0
9.557475114980232 2.069698844676897 0
9.518288066446647 1.965256418506103 0
11.93882819159044 4.356949855710091 0
11.8675753927391 4.267404442037005 0
11.95550357536113 4.276872456335506 0
8.934486392049612 3.247478587545263 0
9.035338364554844 3.224243185391766 0
9.000581677249608 3.274127390199643 0
13.38212395801045 4.360762533098038 0
13.28610659505052 4.298488328956945 0
13.44938333259005 4.281363300797193 0
13.36774496382028 4.289925814877069 0
9.192308501360461 3.12286473468963 0
9.269525750294134 3.221066777946238 0
9.101623140906939 3.174856228979929 0
9.185574445600537 3.197961503463083 0
8.305597565231832 3.67703050989188 0
8.404251846937601 3.705904437758197 0
8.378714761059236 3.782794737113834 0
8.280060479353464 3.753920809247516 0
8.342156163145534 3.729912623502857 0
8.507850546780247 1.86525406055997 0
8.586387543012767 2.07217411106124 0
8.547119044896508 1.968714085810605 0
0.5619216297766592 3.866959413108608 0
0.4655119016769458 4.018435533415711 0
0.4038593917866713 3.827233614997203 0
0.4346856467318077 3.922834574206457 0
6.638830617480107 2.075473225389578 0
6.718142410893281 1.972578149237133 0
6.596198693137088 1.973462127709082 0
5.13323148325575 2.010147348744045 0
13.92115461996043 3.235179325591189 0
14.00252335971237 3.171672719207643 0
13.99871119137375 3.250006792909785 0
11.74508354153719 3.759417744062389 0
11.80636467844146 3.8356095343009 0
11.70349150702858 3.904424512001974 0
11.72428752428289 3.831921128032182 0
18.01126082202135 4.891843088175086 0
17.89090420031167 4.891293121351997 0
12.64393838369653 3.637818938021399 0
12.57270850533623 3.803058372299737 0
12.53460712703111 3.686538414293563 0
12.60832344451638 3.720438655160568 0
0.5482704374155229 1.782594635293875 0
6.064860788072695 1.878185770738429 0
6.021898502218142 1.777129698681575 0
11.69099799364891 3.684504533810715 0
11.79599918210164 3.620952892224278 0
11.85008472998992 3.695866102475953 0
11.77054136181942 3.690185318143334 0
9.213361971088862 2.985055288460241 0
9.275362076402798 3.085510521554514 0
9.130308396046525 3.022409501595356 0
9.202835236224661 3.053960011574935 0
7.125812327672423 2.073722008885849 0
6.962155656665494 1.971360655695523 0
7.084176626325116 1.970941839125868 0
12.50899320026281 3.589753126364937 0
12.43625839462381 3.730509425459243 0
12.41064446785551 3.633724137530618 0
12.47262579744331 3.66013127591209 0
8.208354326269925 4.100405756843917 0
8.115349423725554 4.171311117317542 0
8.128887582956061 4.09995227895295 0
7.775773264939419 1.866158973879721 0
7.856387546757023 2.072672253442791 0
7.816080405848222 1.969415613661256 0
6.715519493110105 4.477266039253784 0
6.918191430164369 4.498447673403719 0
6.816855461637237 4.487856856328752 0
17.40596882994335 4.259309414218642 0
17.27062394474424 4.142908892228926 0
17.38960615350727 4.134251429063712 0
10.44746573006432 2.170703373254144 0
10.69190698036445 2.170321767611634 0
10.56968635521438 2.170512570432889 0
0.700927906354373 3.909734607478208 0
0.6722325130381552 3.822429220508361 0
1.97966011269588 4.890987784041047 0
2.102595295771752 4.888649976868694 0
8.354603042433633 3.879676833761323 0
8.314009716231467 3.986487187392266 0
8.253939356168527 3.844165535819647 0
8.283974536199997 3.915326361605957 0
8.175940780409206 3.821921947667581 0
8.202061903594144 3.73167722109545 0
8.228000629881336 3.787921378457548 0
19.22419494731138 2.920821675982932 0
19.23974492425751 2.808355247037273 0
11.23319531742099 3.955509405145397 0
11.1354636943846 3.939963832453891 0
7.986020167406931 3.542128757960574 0
8.069297902319843 3.497476833328873 0
8.112888551814443 3.577215558236799 0
8.029610816901531 3.621867482868499 0
8.049454359610687 3.559672158098686 0
13.33585772837498 1.820597522427579 0
13.23790617783422 1.839466465706478 0
11.9048532340059 3.561889153329163 0
11.82730484862335 3.555363061197773 0
6.054486526361078 4.278605000323404 0
6.038181661238998 4.43984859849771 0
6.046334093800038 4.359226799410557 0
2.81418181674932 0.8043398085895872 0
2.718652248633902 0.8923520732261552 0
3.961202012241781 0.8701119716902899 0
4.095792335425381 0.851300969457133 0
14.78530926060096 4.083786510508888 0
14.82377052154419 4.217008155253273 0
14.66227635108209 4.255700974547386 0
14.72379280584153 4.169743742528137 0
11.42321164650232 3.971562625512375 0
11.32820348196166 3.963536015328886 0
13.50440768429246 3.607304106481165 0
13.61289829297118 3.561087397769366 0
13.58048753883449 3.636425499626635 0
5.709439359419136 2.182639998829446 0
14.60511831729739 0.4488928315299523 0
14.49867426669996 0.4696343943568109 0
6.651694736486444 0.8343991153256112 0
6.688248342273828 0.9382369990770727 0
12.35817495908219 3.44935443050023 0
12.26397405178925 3.519449884862794 0
12.23305103754467 3.440180198209817 0
12.29561299831343 3.444767314355023 0
8.029535715039188 3.434607962786107 0
7.957834003104942 3.451469324307872 0
7.945124268401912 3.352490340470516 0
7.98732999172055 3.393549151628311 0
7.439076461945431 3.37415274541209 0
7.51465280625562 3.416466212329494 0
7.467062064276857 3.500380649349097 0
7.453069263111145 3.437266697380593 0
16.46806435267642 4.881613288241803 0
16.34830460770543 4.883100765276137 0
19.01113402162283 3.765216602068881 0
19.04896838654666 3.665132791574849 0
11.1807873780748 2.172353422788629 0
11.42413115480609 2.173926312635262 0
11.30245926644044 2.173139867711945 0
12.2952508508515 3.595449757190055 0
12.38504965052481 3.546669101701588 0
12.3208456681822 3.682504793019085 0
12.3529476593535 3.614586947360336 0
8.457397239686573 3.904103315690572 0
8.418056000372903 3.843449026402203 0
6.580426859005141 0.6262579488355027 0
6.545539697179569 0.5219837645038958 0
15.9124028237713 0.4718764794086381 0
15.78343563632294 0.3507549109906005 0
15.896168511205 0.2386390465316959 0
16.02513569865336 0.3597606149497325 0
15.90428566748815 0.3552577629701665 0
9.490032552695784 3.324676753423467 0
9.523566065170677 3.260351687772541 0
9.59912455422702 3.289701302330496 0
9.565591041752125 3.354026367981422 0
9.544578553461401 3.307189027876982 0
13.77265978650545 1.782639234450931 0
13.54814420164494 1.798444360905424 0
13.6604019940752 1.790541797678178 0
16.65915626981059 4.472995745228125 0
16.80134447741637 4.548792801711793 0
16.70645172213174 4.586423339475331 0
8.385177130025355 0.8313140265390673 0
8.351725399933908 0.7277051334438962 0
5.906629550273842 0.8439138316037633 0
5.745850535666406 0.7413001748329362 0
5.833967196883895 0.6341185059356258 0
5.870298373578869 0.7390161687696946 0
15.35969013317638 0.7938293691058718 0
15.26237048608296 0.7559788217243866 0
15.96717473998156 2.46225563630139 0
15.85156840315672 2.545580889717627 0
15.86383129198465 2.442936295621527 0
7.847309263186061 3.496096333675812 0
7.916664715296496 3.519112545818193 0
11.31044839295616 0.9484616070330363 0
11.42915741848667 0.9502539897526026 0
18.38155946541947 0.7787857269612726 0
18.26267500482137 0.6425603124435 0
18.38039537554522 0.525775000436139 0
18.49927983614332 0.6620004149539118 0
18.38097742048234 0.6522803636987056 0
11.9078391777548 2.176158991576764 0
12.14807950715328 2.176485835903925 0
12.02795934245404 2.176322413740345 0
8.419509817474658 0.9347338837453978 0
16.34320851632955 1.577765902474791 0
2.985387736277758 2.290070433215813 0
3.002190051427441 2.405810028189522 0
2.880935627153045 2.41697475747867 0
2.933161681715401 2.353522595347242 0
3.809993433193514 2.926479858679245 0
3.814647890961695 3.023830848280807 0
18.47580911676855 4.647831300146612 0
18.4564352038524 4.506163481330008 0
18.60311587503729 4.620321763243015 0
18.52977553944485 4.563242622286511 0
8.056982164786497 3.131890889014849 0
8.059449098913786 3.202285429581244 0
14.01593134508302 0.9406623597292794 0
14.13767847217698 0.9409176151377632 0
9.150113510394641 0.9372055934723666 0
1.198410705751614 4.367794422367885 0
0.9731151987534972 4.338093690932261 0
1.078831290968949 4.28825539745271 0
12.79327656113823 0.9874435119364657 0
12.91891119081468 0.9823974028968194 0
7.485434841438726 0.7273871409217953 0
7.733403769794162 0.7272124718953827 0
7.609419305616443 0.7272998064085892 0
12.62269340500156 2.172708600344715 0
12.85525048634006 2.165330498512194 0
12.73897194567081 2.169019549428455 0
4.289650741316514 3.945289677993251 0
4.192199675245351 4.170602934458877 0
4.240925208280933 4.057946306226064 0
19.7641123914292 4.653907127378255 0
19.53068579996836 4.67110374391355 0
19.64739909569878 4.662505435645903 0
13.43618350500137 3.410129289321054 0
13.32025415768327 3.433897794396207 0
13.30490564411467 3.327693199498893 0
13.37054457455802 3.368911244409973 0
14.88686602401895 4.041318525230088 0
14.81490212790361 4.017870171544072 0
1.326451145112578 4.45492458239576 0
1.117655891144789 4.484742436988687 0
1.222053518128686 4.469833509692224 0
15.94989589216782 1.125911000482033 0
15.9410804888254 1.017268849849847 0
9.319173506453762 4.433186866568787 0
9.186563509635219 4.542735785222651 0
9.202016380833491 4.432755773443218 0
10.46524972146441 3.168267583466269 0
10.52656729256136 3.23443477883625 0
10.45361715437819 3.29929680318979 0
10.4594334379213 3.23378219332803 0
17.30407114918238 0.5974992146132763 0
17.42312273693956 0.6019656602321222 0
0.6477037657309417 4.039396292470005 0
0.7531271579095495 3.98557803320911 0
13.92266661501905 1.047771995160835 0
13.95036235224961 1.149721902326531 0
1.545211714452289 4.506698059474848 0
1.437304164857448 4.578616028300463 0
1.435831429782434 4.480811320935304 0
0.4672922092973728 4.65354462982889 0
0.2346222795816448 4.644372668157441 0
0.3509572444395097 4.648958648993165 0
0.2243543402150259 0.3547449509151965 0
0.4381667053925593 0.3304348882225745 0
0.3312605228037917 0.3425899195688853 0
0.115054589925812 0.242832197774371 0
0.120027294962906 0.1214160988871855 0
0.1196828641683183 4.755462211058721 0
0.1223414320841592 4.87773110552936 0
19.87995857666414 4.758464194621181 0
19.87747928833207 4.879232097310591 0
7.212868167034252 4.313362324512428 0
7.171651561834508 4.406441312504066 0
7.07257692008749 4.352930753620759 0
7.142722543560871 4.333146539066593 0
11.19377298848965 0.9479123520952912 0
0.1104323117297863 2.229150568633112 0
0.1101308794882385 2.104772601845828 0
14.70525999193807 3.578839540703953 0
13.39864069279587 2.188609369555925 0
13.6264407969115 2.18417370823083 0
13.51254074485368 2.186391538893378 0
10.33690295452658 3.031585101488639 0
10.40001248197861 3.115167667498554 0
10.33595221713556 3.089081570604231 0
14.31736420279622 3.894447338825547 0
14.20963435418608 3.911175702131433 0
14.19626562303745 3.801853527901161 0
14.25681491291683 3.848150433363354 0
6.075398299546501 3.333246639580167 0
6.128843180363027 3.188239016409546 0
6.102120739954764 3.260742827994857 0
16.64207551232852 0.633405792578718 0
16.6982913352053 0.7858209726390206 0
16.61185474338307 0.7290611478360509 0
19.23507066427995 1.694820120295402 0
19.31641401365823 1.864471447013781 0
19.19925109350985 1.814628744884811 0
0.5138928547672847 4.103750190840875 0
6.611934584450766 4.46386745952131 0
8.137034212774218 3.454289793397748 0
8.083284963906703 3.444448878091928 0
9.288566730080676 4.665133457821478 0
9.417685229261382 4.567264663769638 0
9.405254208500523 4.674298049406205 0
19.21439682913109 4.253452653355335 0
19.03330989213683 4.277043539878368 0
19.15048141308122 4.083991874891096 0
19.09189565260903 4.180517707384731 0
13.8626347762585 2.180498183236264 0
14.10196557377235 2.17747887536133 0
13.98230017501542 2.178988529298797 0
7.552517076217503 3.532830488635702 0
7.427030049424011 3.592667266869808 0
7.489773562820758 3.562748877752755 0
6.151734174632386 2.078998529028898 0
6.316989479079344 2.17844919800904 0
6.195506255545062 2.17907079706332 0
16.04629155639797 2.587632642947914 0
16.08746241858314 2.390024527894414 0
16.06687698749055 2.488828585421164 0
12.0312428200603 0.9672299522953804 0
12.1558635775901 0.9735912406407521 0
0.9597256696700072 0.5862998025208808 0
0.8354154550696862 0.4647823843885792 0
0.9457390415209872 0.449060324524698 0
0.8106741334473568 3.268640020797849 0
0.804882140965077 3.1590436517866 0
15.42436485314313 3.149225133615662 0
15.41393299464203 3.017726292650916 0
15.48156243603594 3.077498711955694 0
7.044934445293705 3.875879393569688 0
7.147669269554957 4.034115465602602 0
7.09630185742433 3.954997429586145 0
5.765256191791762 3.501873072467486 0
5.833749662758914 3.615286367744634 0
5.74661183300251 3.589354721768655 0
4.87924993686245 3.031414606924132 0
4.839762202920914 2.87934874349681 0
4.859506069891682 2.955381675210471 0
7.857312825387708 0.7272203352066975 0
5.986322662312054 1.980351893254625 0
5.86442113448397 1.982856778856494 0
14.98863685336329 4.162094003542726 0
15.04120778182224 4.296720791473936 0
14.93248915168322 4.256864473363605 0
14.14912056705503 1.866622631730869 0
14.29315625488248 1.965944048287096 0
14.19903952088205 2.073174527691797 0
14.17408004396854 1.969898579711333 0
17.48181734081971 4.387591414269303 0
17.33916037902486 4.487660995690555 0
17.2633118681485 4.359378995639894 0
17.3725646044841 4.373485204954598 0
19.4704607167 0.9540946908459713 0
19.46993464247905 1.075758307984188 0
16.37343247270607 2.864523940565415 0
16.36233774349427 2.958867024192068 0
13.21407159155302 3.331758548166893 0
13.2640186804787 3.273140424626027 0
5.944131185357556 0.9482197849248259 0
5.173952306472249 0.5418604755903815 0
5.26341701135629 0.4315086979580642 0
5.299027096045967 0.538571714102658 0
10.05199892004434 4.210902247250615 0
10.18437706637567 4.120950535372058 0
10.1662365631514 4.229268026335491 0
0.820703207188517 3.371307391410198 0
9.151148706001907 4.765822558055788 0
9.138074353000954 4.882911279027894 0
6.861552226481397 4.894751347431529 0
15.44332067238835 2.504032506184261 0
15.44307690995865 2.395172047145684 0
13.79035991407161 3.043125327298316 0
13.70310789751205 3.128399124895585 0
13.70902213428016 3.038738441609234 0
8.488896990420788 3.596833600471873 0
8.41348952843007 3.495122744780559 0
8.505536708900491 3.431570237843463 0
8.497216849660639 3.514201919157668 0
12.50078540874236 4.23223939671868 0
3.712308155544703 2.826768340482885 0
3.808448248701241 2.829581095382473 0
4.387409916004029 2.070772443758856 0
4.215693965379342 2.121457088857038 0
4.174163469383173 2.045973476005382 0
4.280786692693601 2.058372959882119 0
19.88187673724289 0.2492747246600611 0
19.75687673724289 0.1242747246600611 0
19.87843836862145 0.1246373623300303 0
8.721799154444842 3.24307245949332 0
8.84819788274838 3.213945410835976 0
8.80817088736678 3.291209513187972 0
8.784998518596611 3.228508935164648 0
9.928242593416808 4.279680683517864 0
9.857220168211855 4.170209888594545 0
9.954609544128099 4.19055606792258 0
12.66493998187694 0.9885134512916036 0
8.113074892611479 3.76630667020172 0
8.116989601452909 3.821105316133369 0
3.288485010832208 0.3893324813125476 0
3.425100524716981 0.385215153070062 0
6.491786784347828 0.7311215666092226 0
6.616060797745792 0.730328532080557 0
10.45673757737917 2.788041817507554 0
10.54903763634354 2.792418452261599 0
6.803368965185204 3.99229206080443 0
6.801655914557349 4.09333996137252 0
14.66565514823067 1.490643575194622 0
14.5751282397947 1.627464233883022 0
14.41634880023764 1.528984196270072 0
14.5068757086736 1.392163537581672 0
14.54100197423415 1.509813885732347 0
7.821600387854326 4.508144445545062 0
7.904515724751804 4.559356160853101 0
9.456293033818113 3.433052334988051 0
9.327555210278971 3.396014001609879 0
9.361294729156642 3.287638420045296 0
9.408793881487377 3.360345377516673 0
13.70975441984765 3.511970940847778 0
13.78979110634572 3.531890897100371 0
6.61667904862541 3.382855081153981 0
6.503895463891116 3.417875133435449 0
6.560287256258263 3.400365107294715 0
15.33920436650008 4.028599843894956 0
15.23517602895689 4.165237128557255 0
15.10479651423151 4.075721010009923 0
15.22200044036579 4.05216042695244 0
11.90964456385321 0.962670683809304 0
17.04498487062664 0.3608428447750285 0
16.92534634820332 0.3660459826665408 0
9.602705262690694 3.508682936641351 0
9.583134851973274 3.41603876090182 0
9.529499148254404 3.470867635814701 0
17.64636867851552 4.477576378245778 0
17.56409300966762 4.43258389625754 0
10.89768948713869 3.244540834964433 0
10.84657416851284 3.162848304828026 0
10.93946892458002 3.117244882780339 0
10.91857920585935 3.180892858872386 0
12.20790085791152 3.651929734899424 0
12.17662405884927 3.575929862572162 0
12.23593745485038 3.585689809881109 0
14.27724006640194 3.988521399096301 0
14.40666781740696 3.930702471338187 0
14.34195394190445 3.959611935217245 0
12.88270906274365 3.614286347958364 0
12.74004256106405 3.587487648834227 0
12.83183008958267 3.527934472621903 0
12.81137581190385 3.600886998396295 0
11.77167984133161 3.980297642117947 0
11.86677754847437 3.906596413493061 0
11.83792395006085 4.052164970724151 0
11.85235074926761 3.979380692108606 0
13.3078025256393 3.664759406495368 0
13.40174481155861 3.646579820487204 0
13.36058310592203 3.712674794501415 0
14.47958164166492 3.888541190107187 0
13.03259489494014 3.626752406239887 0
12.95765197884189 3.620519377099126 0
15.74800698352176 2.623614151139627 0
15.93493833988047 2.657171433847167 0
15.84147266170112 2.640392792493397 0
9.734466555840033 4.229504437810516 0
9.762762927476194 4.141569653807119 0
5.621266186171297 0.744458454996076 0
9.660138567566543 3.259463515944747 0
9.584121510239806 3.19203106868385 0
9.652090990380763 3.132418441972072 0
9.656114778973654 3.19594097895841 0
9.168856107818563 4.654279171639219 0
19.41918840221484 4.228825080448379 0
19.3316641547148 4.308855679609367 0
12.47534650023742 3.018290898968067 0
12.54809458237022 3.063924180804046 0
12.10423403599725 3.436378520707201 0
12.00433320541067 3.499524652302625 0
12.0377042092828 3.434804698074939 0
7.282395980738792 3.650889486596732 0
7.354713015081401 3.62177837673327 0
15.70295303246228 3.360580265607111 0
15.67860150975766 3.294922532627432 0
10.12256286644778 3.326970193177647 0
9.985034347058226 3.326640897803126 0
10.053798606753 3.326805545490386 0
2.823281880818641 4.437251686538563 0
2.716402904152766 4.522263067569198 0
2.605303549514803 4.399646313463061 0
2.714292715166723 4.418449000000813 0
2.995225554186599 0.3931702960190804 0
3.141855282509404 0.3912513886658138 0
10.29489584184065 4.025938684277656 0
10.19118321817656 4.027323426917857 0
14.5122076585677 4.321977104478014 0
14.38024984082394 4.422324690965942 0
14.40031912841376 4.316505269810447 0
12.13812149454564 3.506473975069765 0
12.16864253677096 3.438279359458509 0
13.31599662785903 0.6404799746931675 0
13.28429112330108 0.5335418800313407 0
4.90906196650791 0.1096398626946038 0
7.237181552386275 0.7277846758704896 0
7.112991663711757 0.7281262769063737 0
3.614527073498026 2.724394237320831 0
3.614877385263247 2.82199129158847 0
6.3674617338039 0.7322667116853849 0
19.43388780577809 2.184584645922122 0
19.53766495512738 2.114272896965735 0
19.61740443649185 2.257580897313864 0
19.52564612113497 2.221082771617993 0
14.59461288844994 4.484533251467434 0
14.62844461976602 4.37011711300741 0
6.560147299525835 2.177610918858357 0
6.438568389302589 2.178030058433699 0
17.66366179105332 3.352864962903607 0
17.74483844008544 3.30890458376568 0
14.77761942034187 2.948944982293026 0
14.67722068565046 2.994272367342935 0
14.6350414970578 2.916371275605345 0
14.70633045869984 2.932658128949186 0
17.62542828968163 3.486648457943453 0
17.57697458679138 3.399674203758233 0
12.19297024413197 3.873934770549986 0
12.18629912869982 3.963543930736949 0
2.877421263787234 0.4747432821036321 0
2.770328250877128 0.3239356450198567 0
2.882776902531864 0.3585529705194688 0
17.3046681525606 3.052452723043349 0
17.2372593647911 3.200071315310133 0
17.20001725164084 3.088697271912852 0
4.922910537286301 0.5506914023421954 0
4.796699792796555 0.5565924224147065 0
7.559152746630319 3.335458194454855 0
7.587276889725244 3.456821903064322 0
7.573214818177782 3.396140048759588 0
4.407437416181907 0.1145151945203366 0
8.05515116784637 4.251881585426405 0
7.890988032517752 4.258774287327361 0
7.973069600182061 4.255327936376883 0
7.243897414924201 4.187862861861907 0
7.195783342239578 4.110989163732254 0
6.682376948139803 3.326502994470791 0
6.680901270667635 3.397427407527141 0
15.55471141295833 2.60789356160718 0
15.65135919824004 2.615753856373404 0
6.929096671266027 3.88632667706892 0
6.866232818225615 3.939309368936676 0
5.048431421879275 0.5462759389662886 0
13.55125802258421 4.301214864384196 0
13.51155832134635 4.232883658835155 0
8.195463429789859 3.527558574449146 0
8.251827132297873 3.61401701013841 0
8.169252254322457 3.663673993926063 0
8.182357842056158 3.595616284187604 0
1.555451547422331 0.6911200922982577 0
1.669517685557874 0.8366446107526402 0
1.688328707563237 0.7015340323235799 0
8.833254909891277 4.020346721626026 0
8.663237833013815 3.968866558418124 0
8.748246371452545 3.994606640022075 0
14.06417012557486 3.871306470569126 0
14.09964520215092 3.781171951544854 0
14.13518913975057 3.972173327264104 0
14.04070646124781 3.962006056934408 0
14.77210043068919 1.385505320109467 0
14.79888774676877 1.503469239783841 0
11.79528375336555 3.047492116663554 0
11.79103024407282 3.122657251630102 0
9.713063497334256 3.310984432166165 0
9.652049483994732 3.341222218551914 0
9.656094025780638 3.300342867248331 0
4.285357915366458 0.5875762399164133 0
12.56095185647879 3.907410714918608 0
12.4593739816188 3.810382372647988 0
12.5101629190488 3.858896543783298 0
15.95483648692969 4.651077984471511 0
16.05926567789688 4.538787354992776 0
16.07326787295271 4.653767725856742 0
19.51142426528166 4.016406814738721 0
19.5776902235657 3.800295288092912 0
19.54455724442368 3.908351051415817 0
5.322864442587946 4.31532444024377 0
5.450085178754717 4.404859272647373 0
5.347404992635174 4.407163498993299 0
15.13314095141181 0.1324180822927827 0
2.99392777343073 0.8568478054485955 0
2.858563976389275 0.6224417043373949 0
2.926245874910003 0.7396447548929954 0
6.681681681068423 2.17730814524366 0
4.442146093886997 3.901276643225128 0
4.588247977493267 3.848715860681768 0
4.544801738973026 3.947918239250714 0
11.60284626004292 3.978769481840216 0
11.51302895327262 3.975166053676295 0
0.3885877228039387 3.720636226209402 0
10.75055412579684 3.211850784185904 0
10.69542009320829 3.12615242375619 0
10.77099713086056 3.144500364292108 0
4.67481700533159 3.653836971112797 0
4.720542554183595 3.553002628648641 0
10.61288235217915 4.133513935395371 0
10.53344973759448 4.001016801463161 0
10.64379064546575 4.02758824346754 0
11.63751329020053 3.392811584374758 0
11.46269914129159 3.363804408941558 0
11.55010621574606 3.378307996658158 0
11.83911702800858 4.514077470372779 0
11.78530603890525 4.590873118594601 0
13.93733483341373 3.076280036831349 0
14.01107923648843 3.014019484901767 0
14.0068012981004 3.092846102054705 0
18.50144896495196 0.4030683759812712 0
18.62121893023103 0.5504019827959707 0
18.6248286784113 0.4160609080109521 0
7.361308196912502 0.7275859083961427 0
6.798031369777255 1.86950440759555 0
6.756387072891002 1.766819267302804 0
6.31516116677507 3.173469070154551 0
6.373960053447263 3.150895820490144 0
8.659330046247669 3.231278150531019 0
14.81547580627588 3.050198455618724 0
14.86619750877938 2.972426906117216 0
11.67103459434595 4.054642611956189 0
11.68726305068727 3.979533561979081 0
7.73589141223833 1.762852956853014 0
6.365383926344841 4.872713188413863 0
12.20407888415508 4.467101727763215 0
12.08076647437255 4.425850259495865 0
12.16583397245237 4.40129020739273 0
6.840149033779387 1.971969402466328 0
3.519295877424399 2.624450993928489 0
3.614936095144789 2.629283353597298 0
18.49818676550816 0.9108993516699586 0
18.38395058784776 0.9018740613404543 0
7.582825007635249 3.074028980324072 0
7.484241955485497 3.140251613524044 0
7.502745474989455 3.051973597435023 0
9.846538539095658 3.321871893245684 0
9.915786443076941 3.324256395524405 0
10.6043535700518 3.184632874786856 0
10.65843145925293 3.255489751394017 0
10.58064518176249 3.305291655443411 0
10.59249937590715 3.244962265115134 0
16.59825884733004 4.124056882275497 0
16.6988636556929 4.073931146475644 0
1.094628169346585 1.218828263634885 0
1.207407490353827 1.210911639586458 0
5.317725701573147 4.036139522797945 0
5.223242352045682 4.000771247905121 0
0.8778775968815324 4.414478538167346 0
0.7754619344310534 4.437562526855042 0
4.195535772834317 2.34263694782397 0
4.102182140728809 2.226911351832923 0
4.309047597484851 2.237182684848084 0
4.20561486910683 2.232047018340503 0
7.338310406613924 4.360383695834114 0
7.291103910769063 4.274123278848011 0
13.14235188356178 4.893820973105833 0
13.47071454883586 0.7438443165385353 0
13.34786853115615 0.7474766933730583 0
15.59360719971106 0.7889896199689215 0
15.70541949574666 0.7921934862258158 0
3.641116747961668 2.172894313328237 0
3.820182989668956 2.091188604263201 0
3.730649868815312 2.132041458795719 0
16.47874277468114 2.799138001993817 0
16.39179289576301 2.778057620745726 0
19.3742488972533 3.46169873960274 0
19.27727732752306 3.298241366417405 0
19.3932970899368 3.350301798527555 0
5.374519050577746 4.162163288529556 0
5.408519700778097 4.073436950351844 0
7.289388896601417 2.176292983177706 0
7.167799740264083 2.176432536991795 0
2.875077265859018 4.60876171233716 0
2.921489690127983 4.506158662507312 0
5.43027711970117 4.26140905998672 0
5.348691746582846 4.238743864386663 0
3.49267783884631 4.124729176085035 0
3.400790308722864 4.075749134284749 0
3.424300921399567 2.617589937585215 0
2.648059038740038 0.2398218774582364 0
2.63652951937002 0.119910938729118 0
2.399457205378459 4.449169641759553 0
2.502380377446631 4.424407977611307 0
2.732055654481967 3.31734539045065 0
2.695824460625497 3.211254718399558 0
2.778053744042414 3.248687408226579 0
16.14516366504309 0.2474146700541127 0
16.0094176254678 0.1208660344174355 0
16.13508183252155 0.1237073350270563 0
5.354344556140356 3.475712999310936 0
5.447529268994856 3.429306968488406 0
5.422074565906527 3.496862149378639 0
5.181590505730973 3.111422770269477 0
4.972911431397042 3.110665432843224 0
5.077250968564007 3.111044101556351 0
10.18853398265243 4.622753358298926 0
10.25985642790356 4.540339500772191 0
11.94690851047971 3.631001136075519 0
11.99861821727028 3.701238674002481 0
11.90179443678049 3.766103640402914 0
11.9243514736301 3.698552388239217 0
5.627643896863038 4.521150117740512 0
5.747289425293417 4.663474814123711 0
5.623634676174454 4.642399031853877 0
4.530664041451915 3.704766860668854 0
4.389124902339256 3.751828419711032 0
4.432807856885586 3.659106300415079 0
8.879573698409931 3.549322809213138 0
8.904498979176173 3.639930215836002 0
11.73396813504542 3.409719341475301 0
6.035201066139391 3.009000319158321 0
6.084019173933336 3.099655674647037 0
6.02822306328464 3.074895545072633 0
15.66444687018786 0.3500915591531402 0
17.71929438470276 3.663796349219684 0
17.67236133719219 3.575222403581568 0
5.798336677345333 0.5286768238985888 0
2.849705506514263 2.630519590202417 0
2.865320566833653 2.523747173840543 0
7.410930664448413 2.176193686862388 0
13.54922292155 4.436162617795096 0
13.29469897793414 4.477717430308207 0
13.42196094974207 4.456940024051652 0
3.812418711776742 0.8954932810025915 0
4.292989577900208 2.444817159874504 0
4.194881622556671 2.444016152092626 0
9.779801018214956 3.316428162705925 0
16.55346760247787 2.736500724799713 0
16.62216494853102 2.820714760891458 0
16.55045386160608 2.809926381442637 0
2.419443639724521 2.084459151749686 0
2.46358827836854 1.983574358305386 0
11.88428599262743 3.836350026947988 0
14.52313375409945 3.194244698525043 0
14.6162898229928 3.251885455494643 0
14.54024982225408 3.258359857861512 0
7.034109397783014 4.596047537062661 0
7.164926646990912 4.69753657937973 0
7.05625854581726 4.695617521632293 0
2.830397012745793 1.657032367203138 0
2.929940889073086 1.823751139191107 0
2.787764147833283 1.771734001870021 0
2.880168950909439 1.740391753197122 0
15.92086326150343 2.003893527825719 0
3.031375738710733 0.9393025407374413 0
1.93402906147166 0.3899755413496169 0
4.080049663114091 1.890614625140669 0
4.033492169233751 1.802148711335499 0
16.66744716664222 2.703434552884274 0
16.59420333713359 2.671951156928811 0
6.353967861039159 3.475721281519204 0
6.157584390635612 3.477894464481985 0
6.255776125837386 3.476807873000594 0
8.050003693508877 2.987808268490217 0
8.053492929147687 3.059849578752533 0
8.423414550487582 3.986927647570721 0
8.314672366160629 4.085087642646717 0
8.369043458324105 4.036007645108719 0
14.99583126912523 4.058519767620005 0
7.045657276447594 3.776810168782192 0
6.98737697385681 3.831568422925557 0
10.41417278971756 4.013477742870409 0
12.6041467710533 3.54002868467068 0
12.70025094842082 3.489697395483507 0
12.67209466605868 3.563758166752453 0
1.022418289272824 4.561127284223772 0
1.047427210625237 4.670706317260984 0
4.470636340385216 2.275455663643908 0
4.534124870852185 2.187136765934557 0
4.551131634071352 2.248299386772639 0
13.36661735510432 3.543762166465878 0
13.46928022783817 3.50448645245984 0
13.43551251969839 3.575533136473521 0
8.469018295149212 1.761839931736662 0
3.02900072205592 2.857430684517469 0
2.941329628762103 2.745384792724823 0
3.036329533396453 2.760668729757257 0
15.47664866644372 0.7914094945373966 0
2.767572927348023 4.624655725495771 0
9.567170456822909 3.067793339653479 0
9.643187514149647 2.998370371391316 0
9.647639252265204 3.065394406681694 0
15.06984225713658 4.464541630749585 0
15.05827364979219 4.580171989748401 0
14.91970129889926 4.568918222024109 0
14.99477177801792 4.516729926386847 0
18.14311789513684 0.63567064581984 0
12.81354501322316 3.183198932917235 0
17.76853710797039 3.764803634806411 0
7.59248241055037 3.239744104142113 0
7.656251163626806 3.153241507527587 0
7.669291427842555 3.225468215643524 0
2.843187817892104 2.732113151319337 0
7.772815592774793 3.487111623797373 0
7.799675553395036 3.389132161409853 0
7.874169223806303 3.398116871288291 0
7.823492408290548 3.442614247542832 0
14.88180821488869 4.798234389918171 0
14.99432438267128 4.90015295351466 0
14.87840410744434 4.899117194959086 0
7.110540027718945 3.704559156055386 0
7.196468004228868 3.677724321326059 0
2.648049850629905 3.027083415414552 0
2.642889766505734 2.923318117582497 0
8.018589140229086 2.175860841911782 0
7.897028155955634 2.175907659270266 0
7.837107823451387 3.791036744141277 0
16.76288367895202 2.751487593751428 0
16.71760146084082 2.868767801758612 0
16.69252431374152 2.786101177321443 0
4.383967673008042 2.34154592946655 0
4.38561096927808 2.441244411338964 0
16.73322987068821 2.968495843796154 0
11.78558854846371 4.322845461814156 0
11.81336111318059 4.197556974711767 0
11.79947483082215 4.260201218262962 0
9.863446039003655 4.455751503724758 0
9.801584853122016 4.341414326865129 0
9.895844316210232 4.367716093621311 0
3.151113315564148 2.420240217504388 0
3.241345441130502 2.422753748030496 0
6.108297481352541 1.978592149883663 0
10.58189395571492 4.288486613163231 0
10.6912275337158 4.323852767492476 0
10.61222214652116 4.352454250695482 0
4.649441134462926 3.284647512032435 0
4.728078677074312 3.263939387656678 0
5.917244651491162 3.632825752532075 0
8.140092289392298 2.175822535925936 0
13.66074652227332 4.452512616133237 0
13.60600227242877 4.376863740258717 0
7.540393664137267 4.788065275650038 0
7.582696832068633 4.894032637825019 0
8.566354002602619 3.944797990248543 0
8.629455986750362 3.901800658788545 0
8.080265243339792 3.698303443032334 0
8.141163573466967 3.714990332063892 0
10.35261537128549 3.344915740954646 0
10.2532005574299 3.325874022238599 0
10.30290796435769 3.335394881596623 0
13.06163547851589 4.490579089048131 0
12.83607693053603 4.497554995053749 0
12.94885620452595 4.49406704205094 0
7.672674289143184 2.99188397358637 0
7.664462726384994 3.072562740556978 0
12.89218339772098 3.97313958925375 0
12.83781158364082 3.894837483656397 0
12.90489398770267 3.907398090304401 0
17.88086518613381 0.1249737044618366 0
16.11305972690952 2.283610046409652 0
4.339387821827884 3.848559048852141 0
13.18234949624265 3.6412031153251 0
13.1074721955914 3.633977760782494 0
0.562719233130629 2.748396342275531 0
11.79254393852817 2.851455791990318 0
11.78552296670741 2.786156363446288 0
6.426224166023273 3.773441979404663 0
6.427907073332118 3.863201255292608 0
0.7435435257002894 0.6185551904066329 0
0.7358170047075756 0.4848149427091104 0
11.38251711158519 3.352972318542231 0
5.228459037226219 0.3237524256724442 0
8.269910462873332 3.472242903568183 0
8.203472337823774 3.463266348482965 0
17.20181079571709 4.568103618078247 0
17.29577330138522 4.598210140780676 0
10.94195101850552 2.913193518439079 0
10.88270533783204 2.864618235484463 0
17.0677917287995 4.479196132070884 0
17.18316097338278 4.444176257651701 0
17.1348012622583 4.523649875074566 0
6.159272475185001 3.058217910136936 0
6.204096481614693 3.146801251899445 0
6.144057827774015 3.123228463273241 0
5.369959742909015 3.36773671492902 0
5.306668860933899 3.415582145415155 0
9.9231349381601 1.746783871806651 0
3.63005447930882 2.261045353587175 0
9.319516448949095 1.758412144752386 0
9.198432075965195 1.759258733074311 0
8.747443155873613 2.175607597812569 0
8.625968960232758 2.175658588079491 0
2.671937155627701 3.119169066907055 0
12.63036550730837 4.504155209210923 0
12.47507205181428 4.492639834984716 0
12.55271877956132 4.49839752209782 0
14.26695943843473 1.435297046674615 0
14.34804942156371 1.328297699614337 0
14.23557272547907 1.337242889657991 0
13.5657238797535 3.46684689553801 0
13.63773914980058 3.489408918192894 0
17.1776724733738 0.4794784568726143 0
17.18786090970917 0.5949312461121252 0
16.86021663534683 2.724772600519958 0
0.110789649527792 2.353227428125301 0
11.60712310480804 3.674724242799255 0
13.46916707223914 0.3167388926088317 0
8.868839901014582 2.175530026045355 0
12.4844952937391 2.880710873021533 0
12.49055107434334 2.800783903961896 0
15.8855842556025 0.1193195232658479 0
10.41398799939035 3.358207633954469 0
10.37234379909785 3.390276533964643 0
13.62560309462959 3.197356023050612 0
13.57618129896155 3.264986759666231 0
13.56631738520186 3.205499744670677 0
19.18604895202294 0.5964498031778893 0
19.3567228097917 0.6056229122144137 0
19.27138588090732 0.6010363576961515 0
14.30736671425032 3.505572683771958 0
14.3372955105418 3.42405899523775 0
16.03369264100374 0.5902378464265927 0
15.91763911673666 0.5836302745034532 0
14.81359440208508 1.175964253895599 0
14.82807269198056 1.076628243695066 0
10.67507844684361 1.730403779287629 0
15.91839391285891 1.295852959552199 0
15.9459250705646 1.378953825555115 0
1.58853499352616 4.677230931144733 0
1.63263266525008 4.581613463705695 0
13.17743149371467 4.387490091883699 0
13.18166011416346 4.29831466260637 0
9.863435704960418 4.770848848070399 0
9.992730672167088 4.876301382497481 0
9.869217852480208 4.885424424035199 0
9.674527996275566 4.405828849469225 0
9.704497276057799 4.317666643639871 0
7.478106555585301 4.459916057441903 0
7.437217690189225 4.592957268734351 0
7.297421541217848 4.493424907126563 0
7.387764048401575 4.476670482284232 0
7.853315638723612 3.326866771140236 0
7.802583038962302 3.335186200866156 0
10.6209704568378 3.041084032103817 0
10.65583625474019 2.966532568373525 0
8.226682999522026 4.235579302872462 0
8.270677682841328 4.160333472759589 0
3.401854572272076 2.025242162808211 0
2.686968386329697 3.488968277544279 0
2.709512020405833 3.403156833997464 0
19.71186338370924 2.287525242473843 0
9.440205690362131 1.756964566326356 0
19.09777897912579 0.5381292267391251 0
13.77027488975921 3.209436891684649 0
13.6979389921944 3.203396457367631 0
1.488648741573023 4.678937425608801 0
6.049718847028917 2.875878629143444 0
6.112492960532361 2.966454925041925 0
6.042459956584153 2.942439474150882 0
17.28726858938753 3.31849476674422 0
11.4446347361596 4.499441081695965 0
17.40295018612996 3.01635059800755 0
14.48401814947424 1.147936554042562 0
14.39334391714575 1.225099208443579 0
14.38947023616 1.143408472286305 0
8.4948842765451 3.965862818909632 0
19.8998932221731 2.589397197464649 0
6.259628824194881 3.160135161026998 0
15.45160568061048 3.914757629427847 0
15.55571608814187 4.002990042820853 0
15.44746022732097 4.015794943357905 0
2.624127057312855 3.547610612959128 0
9.59676715441549 2.174420954887319 0
11.42230259574822 1.758118432898008 0
9.347949151779492 3.139454873410533 0
9.439718130641999 3.206026515509591 0
9.354621940468068 3.213546646727914 0
19.32309255241281 4.049387642326143 0
19.46530633374825 4.12261594759355 0
1.658513736311807 1.074806876663667 0
1.659612825005837 1.193701668393023 0
6.080177698835093 3.417824822064937 0
5.962097885785786 3.340528263758356 0
6.02113779231044 3.379176542911646 0
14.66859073272112 1.252060006658128 0
14.79284741638713 1.280734787002533 0
9.826013401417594 3.652943156865988 0
9.838772850356548 3.730156664290067 0
19.67139978757422 2.987368612724782 0
12.77727181885457 3.986570211914415 0
12.83725135463896 4.036187727346162 0
18.34128701186359 4.573376540184599 0
18.36766847515354 4.661498516398701 0
13.17816722822501 4.484148259678169 0
19.8945656899841 1.240997126106778 0
19.8939655336959 1.116622675994287 0
19.88759151826117 0.4974430603268694 0
19.88947909504878 0.621091023934405 0
6.437989402830643 3.61469939969274 0
6.432106784426958 3.694070689548702 0
19.89553958228608 1.365735044678341 0
14.71674436007027 3.16811856072862 0
14.68871779906436 3.071680593170488 0
14.76611008317307 3.109158508173672 0
12.1259716441654 1.770252909497858 0
15.17473170912341 4.276549468714847 0
15.27967656737097 4.25358904986809 0
19.40231878248096 4.782456206543316 0
19.38865939124048 4.891228103271658 0
10.20372827312383 2.171816621691626 0
10.08219908297207 2.172445375747561 0
12.68461853563318 3.934132398553496 0
12.59814569908124 3.986954902771467 0
19.41525433868748 4.676403639073507 0
0.5247237535758345 0.2183711290277994 0
0.5748618767879172 0.1091855645138997 0
0.5281265860460529 0.3126225614978124 0
0.5971700319656481 4.77086833205951 0
0.5833771440967279 4.656808814752884 0
0.6110850159828232 4.885434166029755 0
13.14077160257517 3.333181637378771 0
12.74765988946302 1.72209565182359 0
10.32559700159408 2.171259997472885 0
3.604573090221386 4.870228458199152 0
13.67952391721674 3.854353251911066 0
16.25077121711529 0.8348676050650889 0
16.35397334781355 0.8630533701786995 0
17.72434913081743 4.563245434368192 0
17.7012831844097 4.669601097971416 0
6.996012492110244 4.410057632522375 0
6.984979015068758 4.330138911158286 0
9.398909744863431 3.728633458344057 0
9.31395707554422 3.744106641316863 0
7.158392086904476 3.352878800737447 0
8.16648474364284 4.316149770981326 0
8.154908104966379 4.416953971131496 0
19.46811189470342 0.7211357960204174 0
19.46928630570171 0.8376152434331945 0
12.761215059637 3.914484941104946 0
8.331162688606856 3.552697862594565 0
8.384933121540813 3.615711362348035 0
8.318380126919344 3.614864186243222 0
18.3796289982371 0.3955861427875602 0
2.90277186116662 1.498567512965349 0
2.988668318942022 1.385625497117121 0
3.014086760273096 1.488908295824631 0
11.03682382244841 3.075838023953022 0
10.99108923266161 2.988549470858369 0
10.96527907862081 3.052897176819354 0
15.12228698313 4.370545549732215 0
2.90118960232024 1.268774493077729 0
3.012968922824328 1.283446613732451 0
19.07666593717655 3.921062478596901 0
18.96349724386758 3.861412046713605 0
12.6495834272674 4.893409166995061 0
4.802537728444115 2.800102839199534 0
0.8557114507933505 0.7306412291576789 0
0.7536203457907895 0.8772984619666815 0
0.7485819357455394 0.7479268261866572 0
10.47769534271303 3.393234643573292 0
10.55014969997658 3.396377086738046 0
10.51066051562665 3.426296130205196 0
10.93657378625274 2.170959468279139 0
10.81424038330859 2.170640617945387 0
11.9756074760614 4.460943684403555 0
11.80233774353762 4.410083641679316 0
11.88897260979951 4.435513663041435 0
5.271164923865488 3.049969569817603 0
5.33928661165108 3.121500999798758 0
5.260438558691027 3.116461885034117 0
8.880151538840572 3.120692024029414 0
8.966440048141804 3.154225200738701 0
8.907318965445093 3.184085305787339 0
19.47859268313732 2.667446850658499 0
6.056815768539327 4.192622580079667 0
9.337515488042484 3.02479700302132 0
9.410102563419178 3.078741354877338 0
9.342732319910988 3.082125938215927 0
15.68953392827942 3.982549612263032 0
15.64254449635349 4.082250784376377 0
9.249120369791134 3.427230930264142 0
11.05868058216377 2.171656445533884 0
3.096809774813605 4.873510897198908 0
19.04063313358806 4.392896202061473 0
18.85570857856786 4.390857591710876 0
18.94450923535235 4.333950565794622 0
16.02768214225944 2.681388480411762 0
3.311956490765836 4.682721179528768 0
15.10448245923184 4.790941260496165 0
15.11474122961592 4.895470630248083 0
0.981293619052872 1.105406608759262 0
0.8660192661333586 0.9890736172439087 0
0.9737141291087745 0.8494730243281401 0
0.9775038740808224 0.977439816543701 0
9.48839229272162 3.771729248030117 0
9.520092504768789 3.837086935412626 0
19.4594060628247 0.6080043397549273 0
8.03827803025894 2.862529517641304 0
8.06548337414254 2.791693226271781 0
10.79981837067311 3.294841986150175 0
10.88046317705891 3.316267078209694 0
16.15499573350108 0.4900632219181809 0
16.15007969927209 0.3687389459861468 0
13.59334443506108 0.7404783407699251 0
2.843524660877939 1.939809818204323 0
2.753307048898707 1.876181419444435 0
4.395716264862024 2.171092419025442 0
4.460767393428108 2.128954604846707 0
9.63200097229746 2.861015266179417 0
9.52297301698537 2.792587558417887 0
9.625540532346434 2.790936100540838 0
9.500273575711129 3.1377058964209 0
9.511919820440903 3.199028792096721 0
6.8990391929985 3.222572052753343 0
6.983750594873197 3.209929346055371 0
16.56562620106704 4.274513956268553 0
16.50892853928742 4.178107703125926 0
11.66646603267762 2.175245432089399 0
11.54529859374185 2.174585872362331 0
2.140722999731151 0.128833125886072 0
17.73725343810838 4.473152264597079 0
7.688322922475249 2.863567369756222 0
7.661784387164407 2.79221215232924 0
6.701305934070883 3.634059890889375 0
11.78715260521621 2.175702211833082 0
11.07777922809089 2.944734695062043 0
11.0098651232982 2.928964106750561 0
7.652670691017729 3.484123662952287 0
7.602593883617615 3.508477075793995 0
12.4736267649342 3.489306381775532 0
12.56878033572469 3.439581940081275 0
12.53888676799375 3.514667533223106 0
5.397553424021421 2.852228045687852 0
5.39076857146336 2.786542490295055 0
9.533144784683223 3.698779739472114 0
9.644391909690096 3.61005728804125 0
9.58876834718666 3.654418513756682 0
17.1862249166116 4.268232099637249 0
17.10607402184588 4.353029361649057 0
17.18469294499719 4.356204178644475 0
19.18855324823666 3.142045676008315 0
19.20637409777402 3.031433675995624 0
12.38656941683631 2.175696467758084 0
12.26732446199479 2.176091151831005 0
19.60997740821516 1.826288793466111 0
19.70678145893751 1.836344182257391 0
6.744219517260839 3.247501343331856 0
6.821629355129669 3.2350366980426 0
15.6582218653678 3.478388471883663 0
15.73853515541538 3.443045716940618 0
8.140917083684197 4.243730444149434 0
15.93414490251337 1.210881980017116 0
9.553776297067083 4.481536507414766 0
9.436474901760423 4.457361686991776 0
12.50463141091894 2.1742025340514 0
12.7332212189222 4.500855102132336 0
19.16642638837597 3.249658246063917 0
8.869864454180499 4.125950577303787 0
8.844902197312308 4.204764011836687 0
8.446574418679194 3.651369019115035 0
4.546093120798115 3.269274190002797 0
16.79187503528775 0.7081245978335884 0
16.78646136557813 0.7946078996836139 0
6.666044622832416 3.183044467992942 0
6.674210785486109 3.254773731231866 0
10.52990393368132 3.099564483134484 0
10.6126620134448 3.112858453445337 0
7.62090972076258 4.471145293279881 0
7.781896258003447 4.395638768180461 0
7.721255054308453 4.489644869412471 0
13.44200096500996 1.809520941666502 0
7.237700439112229 4.594641090803814 0
7.379783779496269 4.69251172547201 0
7.272355213243591 4.69502415242587 0
18.61176934287326 0.8040758188063886 0
18.61649413655215 0.6772389008011794 0
13.07800367205626 2.146069038257862 0
12.96662707919816 2.155699768385028 0
13.20156650460189 2.188262546451664 0
13.30010359869888 2.188435958003795 0
1.841843338590545 4.88899905813477 0
13.1468685477607 2.08652465941964 0
13.26425318410262 3.591872857280056 0
13.24507601094098 3.652981260910233 0
2.287927309417159 4.42174355680205 0
12.0848910461881 3.638092522551379 0
12.04638848188448 3.568636635048982 0
12.11150627036687 3.572283248810572 0
7.038262176095529 3.698268828175564 0
14.00411753365823 1.769620739853455 0
13.88838866008184 1.776129987152193 0
13.744537786585 2.182335945733547 0
11.74569055039028 4.126288130817512 0
11.66079829844998 4.130658398179214 0
16.58507466982642 4.87523824666894 0
7.712743141896262 3.48561764337483 0
5.56601722904541 4.389367181824891 0
5.49814717437329 4.325388120905806 0
3.021161948873895 2.952895345766188 0
10.68371331659963 4.210092432618728 0
10.75371371372495 4.257439898465164 0
18.77652922113766 4.54252254079652 0
18.8418896123062 4.669525276354375 0
18.72250274367174 4.644923519798695 0
14.22250779631166 2.176158796394769 0
2.781675564407643 1.439477370945133 0
2.806036288576719 1.548254869074135 0
7.426556241377765 3.262479941585021 0
7.487931713458124 3.310883667849163 0
7.432816351661598 3.318316343498555 0
19.64685624832398 0.2494233437308524 0
19.63592812416199 0.1247116718654264 0
19.36221334396017 1.59275278361829 0
19.24042926660884 1.555706683774055 0
12.3290536900374 3.776534568780939 0
12.24982750614873 3.802794279351761 0
12.24161948429352 3.708764503589908 0
12.28533658716546 3.742649536185423 0
0.1121771701075147 0.3648724754575987 0
0.1173111397908215 4.634686334078721 0
19.8820561957146 4.639453563689128 0
7.111930459728889 4.507657496181317 0
7.204676000473368 4.50054120165394 0
14.5441687406495 2.999782648262534 0
14.5556658540634 3.077190874090086 0
14.61644326985693 3.035731620716511 0
19.4818157800509 1.729644740561775 0
19.47599032655952 1.591027856503054 0
16.74513077579461 0.6153195367986815 0
3.576314353537365 4.278174336165812 0
3.534496096191837 4.201451756125423 0
17.16489909191834 0.3607092361533146 0
14.32134317236031 3.585812682493691 0
9.755355249183859 3.575436056435789 0
9.84515570533396 3.578047685933095 0
8.431489743669806 3.349437866678385 0
8.508789146093738 3.356945521874102 0
15.44625495157367 2.609161014529155 0
4.234804078821321 4.309703744335782 0
4.051900822594391 4.34488556450464 0
4.122050248919871 4.257744249481759 0
16.9699193890423 4.440062809581179 0
17.03799670544409 4.396546085615118 0
14.02311936083989 2.876735217761597 0
14.01709929866416 2.945377351331682 0
8.930478852760537 3.015142869100748 0
8.837322957361245 3.03602031895936 0
3.534777323710625 4.404018096258127 0
3.62040292337467 4.366086528849072 0
11.97562085794519 3.565262894189072 0
19.42524149779608 1.837683749263535 0
19.46792255891338 2.004842942172303 0
19.35909507477553 2.031630639922548 0
19.39216828628581 1.934657194593042 0
8.96476442114335 4.096978330785197 0
9.035488979137671 4.098483040930426 0
13.53262715691671 3.372489732399224 0
13.55440422793913 3.318738246032728 0
18.1325834256546 4.889829722662752 0
18.90090244923033 4.498087879952497 0
18.81611889985276 4.466690066253697 0
4.170331989190231 4.454858271994623 0
4.067744000969048 4.443956510162282 0
14.33136902991697 1.643329636248985 0
14.29916423417585 1.5393133414618 0
0.9667198993893926 0.7178864134245104 0
4.267972442883489 4.414957869248454 0
14.23965941036929 1.75691481270237 0
14.12188847201376 1.763267776277913 0
14.15479430057533 4.5836259515631 0
14.25875865893202 4.684897134378467 0
14.14769694582647 4.68403632279478 0
14.20621460307625 3.980347363180203 0
10.51732449770087 3.334323812808614 0
10.46565624854561 3.346265723381541 0
12.78506464950678 3.463230115310742 0
12.67834091600641 3.383159179770361 0
12.7317027827566 3.423194647540551 0
17.17045876043674 4.159647575908304 0
14.00658681921382 4.284839609447691 0
5.419829511907489 3.280301464033776 0
5.433679390451173 3.354804216261091 0
9.421227761162069 2.796327646451832 0
15.69126148110543 3.82898972508649 0
15.53639101727798 3.775066778740597 0
15.5890291112202 3.606956253434102 0
15.64014529616281 3.717972989260296 0
16.14912664329648 0.7180465334914163 0
16.14433996025901 0.821740510699154 0
15.41565694720526 3.796090635379823 0
14.55508257792365 2.870578701670552 0
14.54962565928658 2.935180674966543 0
10.05147023569246 4.660601588192991 0
9.936749871108917 4.679669272394273 0
9.92058776446539 4.544919702386483 0
9.986029000078927 4.602760645289737 0
13.89544329608697 0.9438368679331668 0
16.15206118839878 0.6040548777047987 0
14.27006351678998 4.495701058617403 0
14.16759019151986 4.489484385098915 0
14.55217020425564 1.288965046410913 0
14.45010981290968 1.308631373012625 0
2.75352093504833 1.309239181009373 0
2.799086122457596 1.206982240350368 0
0.647615085645878 1.019347454365917 0
0.5395592811694492 1.036538012785757 0
0.7568171758896156 1.004210535804913 0
12.36035664535997 4.503000929459875 0
12.42103514028456 4.446503362583396 0
1.435359547497598 0.8242285295203438 0
1.432993430477694 0.6911685280339834 0
13.50095369237744 3.438488092429532 0
6.652454861853058 3.057616330632003 0
6.659249742342737 3.120330399312473 0
13.7556348842604 4.451763862582693 0
2.686133558148081 0.4476890812985701 0
2.772348767268678 0.5350653928179825 0
12.59879685709571 3.359343598614825 0
18.60943433836747 0.9251292987702315 0
2.937465442666828 1.91790546024819 0
13.85395939151837 3.143632170939395 0
13.86384737374267 3.059702682064833 0
15.93592654938447 4.421704462869186 0
16.05742821114836 4.421118716583794 0
12.3942138358281 3.793458470714463 0
3.086566837887572 2.342190385131087 0
3.076651683495794 2.413025122846955 0
18.98606769482164 4.574925415107423 0
18.95644942447738 4.676531839170836 0
9.032724824493899 3.104838244326865 0
9.030393624403532 3.018776185348051 0
10.35629690787289 2.856469525269084 0
10.36431476483583 2.788663230085671 0
2.358489015156493 2.144752251434714 0
9.617592167984002 3.378630489726867 0
10.34499372746789 2.972147814664295 0
10.35064531767039 2.91430866996669 0
10.59738815394704 4.211000274279302 0
18.36644086713816 4.491466904831329 0
0.9977667440131608 4.449610487578017 0
9.814699231095592 4.603972441306163 0
9.757557505633857 4.514804242644438 0
9.839072635049623 4.529861972515461 0
13.84571475485982 3.222308108637919 0
14.61458978664749 3.162023405337067 0
14.66651709153153 3.210002008111632 0
8.804684231823732 3.421762765045115 0
8.806427559595257 3.356486139116543 0
6.085767127779056 3.494258965680196 0
14.87823896736458 4.643815415908867 0
14.75814770567015 4.594807235262375 0
14.8389245022847 4.581862728643243 0
11.17793961835248 3.129917334998072 0
11.25168544843218 3.16727018448663 0
6.177187175618314 2.994302344692207 0
14.56424549151161 2.795717818286405 0
9.034031594524372 3.164540714859315 0
4.631532491412429 3.751276415897283 0
11.13829836262115 3.041593051373995 0
11.16975554628957 2.969745104062349 0
11.10738172040045 3.102877679475547 0
12.25607648885808 4.665963434261253 0
12.24743759367664 4.5270680725312 0
12.30821656710902 4.584482181860564 0
8.899009665517314 4.058662526205612 0
15.77737384013669 3.90963211455261 0
13.99703819821883 2.798796076331928 0
9.679030255937278 3.54205949653857 0
12.84545803617505 3.468597491769327 0
19.33860882158784 2.139346902910433 0
14.79132553216302 4.728738176672537 0
14.61665499277058 4.633140581296066 0
14.7039902624668 4.680939378984301 0
12.10458535449332 4.533675061019124 0
12.04009641527736 4.497309372711339 0
14.4721999703018 4.660504920041596 0
14.45015786598117 4.511897590212965 0
14.53340642937587 4.572519085754515 0
10.72912491496302 3.275165868772095 0
11.82564253162072 4.124860972717959 0
1.5512899881113 0.9494542335119842 0
1.664015710934841 0.9557257437081534 0
7.899219953562762 3.339678555805376 0
19.76946825550406 0.3717177849869304 0
19.65589621408702 0.371527260949343 0
5.961628193119681 4.678815578091066 0
6.020207057846255 4.582382379209183 0
6.057617635064907 4.66574878186962 0
3.984713459264912 2.144649589100674 0
3.991067099485811 2.24642429922461 0
10.18788171193884 3.326422107708123 0
12.1677709661606 3.760055950477584 0
12.18037060514629 3.816995360513785 0
15.81766586505203 4.533222426268319 0
15.8073277725375 4.409586556001168 0
19.88473412775203 0.373358892493465 0
5.411477270576309 3.143450659763992 0
5.414904804136398 3.028185755532995 0
5.413191037356354 3.085818207648493 0
4.884438676312377 3.108970376819648 0
19.46816835677193 3.626356768350173 0
19.59739022251779 3.686827236520173 0
5.410090108862727 2.965475892868129 0
5.340627516364107 3.007722731342866 0
5.95452079842344 4.502341977281402 0
5.852218522795582 4.569802531437698 0
5.77422235112163 4.46625248396202 0
5.864371574772535 4.484297230621711 0
15.29165268622289 3.177524233572117 0
15.37281968703003 3.240391681407266 0
14.57630444109768 1.199998280350345 0
5.854458809206549 4.671145196107389 0
7.558536638236754 4.367811733761879 0
6.029194359542627 4.511115488853447 0
10.07626302336022 4.775917035160848 0
10.10063151168011 4.887958517580424 0
9.637594243223553 2.929692818785367 0
8.044140861883909 2.92516889306576 0
11.72084473978081 3.000961939276956 0
11.8045036508082 2.917787185870034 0
11.79989370208687 2.982639651266794 0
8.352237302696546 3.414667785754176 0
8.356673176456747 3.342005907227259 0
15.26984652652868 3.03815614944149 0
15.21056329341532 3.124966894122558 0
9.488636510121044 3.073267347265409 0
10.13239850300633 4.699335196729887 0
10.56539744086954 3.350834371090729 0
11.64815937742296 2.919945358902864 0
11.72035165797556 2.885700575446591 0
12.47992089698826 2.9495008859948 0
12.14794406401488 4.59364140578711 0
12.17601147408498 4.530371566775163 0
12.41590086200819 3.469330406137881 0
7.521261377378175 3.215169577536421 0
7.540207062004248 3.275313885995637 0
2.66709629844406 0.3437554793784035 0
14.53939980408142 3.135717786307564 0
14.38810748392229 1.856423769691317 0
14.41392085358421 1.962326955763577 0
13.29225367089295 3.512885325838131 0
15.83080942972192 4.650766790548136 0
0.9833210969682327 1.230313182965933 0
14.63742961216567 0.3480980926958002 0
14.76632716679967 0.3907148485645608 0
14.68572274204853 0.4198038400472566 0
16.88563193322933 4.494427805646486 0
11.55497670447069 2.963123938048846 0
11.47927512233545 3.036495343283859 0
11.45868498789192 2.970110161847049 0
14.47981710346997 1.742838593237932 0
14.60337631012926 1.737686677266564 0
11.63791072212575 2.982042938662901 0
11.73000347848213 4.381309110210808 0
9.839067468028004 4.687410644688281 0
19.34807005492441 3.569879780831905 0
10.46466669419552 3.046464567166768 0
10.4048302108317 3.009306190915531 0
19.19987924479468 3.985225060461522 0
4.389841968935033 2.256319174245996 0
2.687805742514243 1.384261032222102 0
7.488805677163246 4.690511272192195 0
9.65566690135047 4.498170375029602 0
15.33861090678112 2.934560691324573 0
11.46053934576183 3.092190358523141 0
10.46495820782997 3.107366075316518 0
7.680498605809216 2.927725671671296 0
4.043721126330383 2.018290905012609 0
4.127106566248632 1.968294050573026 0
6.452037638111445 3.527903377128954 0
6.428931662465137 3.446798207477326 0
14.72470922881341 0.2685016275404442 0
14.6334034646516 0.2708798365121328 0
8.842128965116832 3.485542787129126 0
19.55340312596034 1.934327802167872 0
19.51760945300562 1.831986271364823 0
14.81683852140742 0.3164145864881025 0
6.603600305922367 2.973382490046351 0
6.686280671219313 2.990600475298373 0
19.54553404054386 2.024300349566803 0
6.512297137367528 2.967365962882518 0
12.1340523397786 3.7032211817871 0
12.18783591203606 3.705992842688504 0
12.15784414468923 4.673932088417694 0
8.3416999956517 3.48368282417437 0
8.012724467947958 3.684397906036761 0
15.5536781170172 3.501238166944083 0
6.500156563656694 3.579106925644386 0
12.06633527852444 3.70222992789479 0
9.292356158716562 2.96621843259384 0
14.35973825691963 1.749876702970151 0
7.8364421452606 4.327206527753911 0
3.93195205799967 2.054739754637905 0
3.05890847680634 2.272414392008993 0
19.01335041420485 4.483910808584447 0
7.015060944946629 4.503052584792519 0
5.403821766442074 2.908851969277991 0
16.61239123543882 4.373754850748339 0
14.96872165009025 4.713311629154502 0
15.08137805451202 4.685556625122283 0
1.434484451255287 0.9505319877033607 0
7.455399098431632 3.201365777554532 0
9.466027264773327 3.713706598908086 0
14.88002359112663 4.721024902913519 0
10.53090051147627 4.627465545734077 0
10.50302772002742 4.564838515986344 0
3.44135425860787 4.435485148290743 0
5.67011979008352 4.427809832893455 0
5.415653391241898 3.211876061898884 0
14.33997154194721 4.585273957864425 0
14.36011069138557 4.503799324415183 0
10.5080413899625 4.703453530080527 0
14.36547931461691 4.672701027210032 0
5.82251432172137 3.322188328810823 0
5.906595983014075 3.294115383807084 0
6.066500196473019 2.798367782022851 0
5.793885256756566 3.412030700639154 0
$EndNodes
$Elements
40 10262 1 10262
1 9 1 4
1 1 29 
2 29 30 
3 30 31 
4 31 2 
1 13 1 4
5 3 32 
6 32 33 
7 33 34 
8 34 4 
1 17 1 8
9 5 35 
10 35 36 
11 36 37 
12 37 38 
13 38 39 
14 39 40 
15 40 41 
16 41 6 
1 21 1 8
17 7 42 
18 42 43 
19 43 44 
20 44 45 
21 45 46 
22 46 47 
23 47 48 
24 48 8 
1 25 1 4
25 9 49 
26 49 50 
27 50 51 
28 51 10 
1 26 1 160
29 11 52 
30 52 53 
31 53 54 
32 54 55 
33 55 56 
34 56 57 
35 57 58 
36 58 59 
37 59 60 
38 60 61 
39 61 62 
40 62 63 
41 63 64 
42 64 65 
43 65 66 
44 66 67 
45 67 68 
46 68 69 
47 69 70 
48 70 71 
49 71 72 
50 72 73 
51 73 74 
52 74 75 
53 75 76 
54 76 77 
55 77 78 
56 78 79 
57 79 80 
58 80 81 
59 81 82 
60 82 83 
61 83 84 
62 84 85 
63 85 86 
64 86 87 
65 87 88 
66 88 89 
67 89 90 
68 90 91 
69 91 92 
70 92 93 
71 93 94 
72 94 95 
73 95 96 
74 96 97 
75 97 98 
76 98 99 
77 99 100 
78 100 101 
79 101 102 
80 102 103 
81 103 104 
82 104 105 
83 105 106 
84 106 107 
85 107 108 
86 108 109 
87 109 110 
88 110 111 
89 111 112 
90 112 113 
91 113 114 
92 114 115 
93 115 116 
94 116 117 
95 117 118 
96 118 119 
97 119 120 
98 120 121 
99 121 122 
100 122 123 
101 123 124 
102 124 125 
103 125 126 
104 126 127 
105 127 128 
106 128 129 
107 129 130 
108 130 131 
109 131 132 
110 132 133 
111 133 134 
112 134 135 
113 135 136 
114 136 137 
115 137 138 
116 138 139 
117 139 140 
118 140 141 
119 141 142 
120 142 143 
121 143 144 
122 144 145 
123 145 146 
124 146 147 
125 147 148 
126 148 149 
127 149 150 
128 150 151 
129 151 152 
130 152 153 
131 153 154 
132 154 155 
133 155 156 
134 156 157 
135 157 158 
136 158 159 
137 159 160 
138 160 161 
139 161 162 
140 162 163 
141 163 164 
142 164 165 
143 165 166 
144 166 167 
145 167 168 
146 168 169 
147 169 170 
148 170 171 
149 171 172 
150 172 173 
151 173 174 
152 174 175 
153 175 176 
154 176 177 
155 177 178 
156 178 179 
157 179 180 
158 180 181 
159 181 182 
160 182 183 
161 183 184 
162 184 185 
163 185 186 
164 186 187 
165 187 188 
166 188 189 
167 189 190 
168 190 191 
169 191 192 
170 192 193 
171 193 194 
172 194 195 
173 195 196 
174 196 197 
175 197 198 
176 198 199 
177 199 200 
178 200 201 
179 201 202 
180 202 203 
181 203 204 
182 204 205 
183 205 206 
184 206 207 
185 207 208 
186 208 209 
187 209 210 
188 210 12 
1 27 1 40
189 13 211 
190 211 212 
191 212 213 
192 213 214 
193 214 215 
194 215 216 
195 216 217 
196 217 218 
197 218 219 
198 219 220 
199 220 221 
200 221 222 
201 222 223 
202 223 224 
203 224 225 
204 225 226 
205 226 227 
206 227 228 
207 228 229 
208 229 230 
209 230 231 
210 231 232 
211 232 233 
212 233 234 
213 234 235 
214 235 236 
215 236 237 
216 237 238 
217 238 239 
218 239 240 
219 240 241 
220 241 242 
221 242 243 
222 243 244 
223 244 245 
224 245 246 
225 246 247 
226 247 248 
227 248 249 
228 249 11 
1 28 1 40
229 12 250 
230 250 251 
231 251 252 
232 252 253 
233 253 254 
234 254 255 
235 255 256 
236 256 257 
237 257 258 
238 258 259 
239 259 260 
240 260 261 
241 261 262 
242 262 263 
243 263 264 
244 264 265 
245 265 266 
246 266 267 
247 267 268 
248 268 269 
249 269 270 
250 270 271 
251 271 272 
252 272 273 
253 273 274 
254 274 275 
255 275 276 
256 276 277 
257 277 278 
258 278 279 
259 279 280 
260 280 281 
261 281 282 
262 282 283 
263 283 284 
264 284 285 
265 285 286 
266 286 287 
267 287 288 
268 288 14 
1 29 1 160
269 14 289 
270 289 290 
271 290 291 
272 291 292 
273 292 293 
274 293 294 
275 294 295 
276 295 296 
277 296 297 
278 297 298 
279 298 299 
280 299 300 
281 300 301 
282 301 302 
283 302 303 
284 303 304 
285 304 305 
286 305 306 
287 306 307 
288 307 308 
289 308 309 
290 309 310 
291 310 311 
292 311 312 
293 312 313 
294 313 314 
295 314 315 
296 315 316 
297 316 317 
298 317 318 
299 318 319 
300 319 320 
301 320 321 
302 321 322 
303 322 323 
304 323 324 
305 324 325 
306 325 326 
307 326 327 
308 327 328 
309 328 329 
310 329 330 
311 330 331 
312 331 332 
313 332 333 
314 333 334 
315 334 335 
316 335 336 
317 336 337 
318 337 338 
319 338 339 
320 339 340 
321 340 341 
322 341 342 
323 342 343 
324 343 344 
325 344 345 
326 345 346 
327 346 347 
328 347 348 
329 348 349 
330 349 350 
331 350 351 
332 351 352 
333 352 353 
334 353 354 
335 354 355 
336 355 356 
337 356 357 
338 357 358 
339 358 359 
340 359 360 
341 360 361 
342 361 362 
343 362 363 
344 363 364 
345 364 365 
346 365 366 
347 366 367 
348 367 368 
349 368 369 
350 369 370 
351 370 371 
352 371 372 
353 372 373 
354 373 374 
355 374 375 
356 375 376 
357 376 377 
358 377 378 
359 378 379 
360 379 380 
361 380 381 
362 381 382 
363 382 383 
364 383 384 
365 384 385 
366 385 386 
367 386 387 
368 387 388 
369 388 389 
370 389 390 
371 390 391 
372 391 392 
373 392 393 
374 393 394 
375 394 395 
376 395 396 
377 396 397 
378 397 398 
379 398 399 
380 399 400 
381 400 401 
382 401 402 
383 402 403 
384 403 404 
385 404 405 
386 405 406 
387 406 407 
388 407 408 
389 408 409 
390 409 410 
391 410 411 
392 411 412 
393 412 413 
394 413 414 
395 414 415 
396 415 416 
397 416 417 
398 417 418 
399 418 419 
400 419 420 
401 420 421 
402 421 422 
403 422 423 
404 423 424 
405 424 425 
406 425 426 
407 426 427 
408 427 428 
409 428 429 
410 429 430 
411 430 431 
412 431 432 
413 432 433 
414 433 434 
415 434 435 
416 435 436 
417 436 437 
418 437 438 
419 438 439 
420 439 440 
421 440 441 
422 441 442 
423 442 443 
424 443 444 
425 444 445 
426 445 446 
427 446 447 
428 447 13 
1 30 1 88
429 15 448 
430 448 449 
431 449 450 
432 450 451 
433 451 452 
434 452 453 
435 453 454 
436 454 455 
437 455 456 
438 456 457 
439 457 458 
440 458 459 
441 459 460 
442 460 461 
443 461 462 
444 462 463 
445 463 464 
446 464 465 
447 465 466 
448 466 467 
449 467 468 
450 468 469 
451 469 470 
452 470 471 
453 471 472 
454 472 473 
455 473 474 
456 474 475 
457 475 476 
458 476 477 
459 477 478 
460 478 479 
461 479 480 
462 480 481 
463 481 482 
464 482 483 
465 483 484 
466 484 485 
467 485 486 
468 486 487 
469 487 488 
470 488 489 
471 489 490 
472 490 491 
473 491 492 
474 492 493 
475 493 494 
476 494 495 
477 495 496 
478 496 497 
479 497 498 
480 498 499 
481 499 500 
482 500 501 
483 501 502 
484 502 503 
485 503 504 
486 504 505 
487 505 506 
488 506 507 
489 507 508 
490 508 509 
491 509 510 
492 510 511 
493 511 512 
494 512 513 
495 513 514 
496 514 515 
497 515 516 
498 516 517 
499 517 518 
500 518 519 
501 519 520 
502 520 521 
503 521 522 
504 522 523 
505 523 524 
506 524 525 
507 525 526 
508 526 527 
509 527 528 
510 528 529 
511 529 530 
512 530 531 
513 531 532 
514 532 533 
515 533 534 
516 534 16 
1 31 1 4
517 16 535 
518 535 536 
519 536 537 
520 537 17 
1 32 1 8
521 17 538 
522 538 539 
523 539 540 
524 540 541 
525 541 542 
526 542 543 
527 543 544 
528 544 10 
1 33 1 8
529 10 545 
530 545 546 
531 546 547 
532 547 548 
533 548 549 
534 549 550 
535 550 551 
536 551 18 
1 34 1 4
537 18 552 
538 552 553 
539 553 554 
540 554 19 
1 35 1 8
541 19 555 
542 555 556 
543 556 557 
544 557 558 
545 558 559 
546 559 560 
547 560 561 
548 561 9 
1 36 1 16
549 9 562 
550 562 563 
551 563 564 
552 564 565 
553 565 566 
554 566 567 
555 567 568 
556 568 569 
557 569 570 
558 570 571 
559 571 572 
560 572 573 
561 573 574 
562 574 575 
563 575 576 
564 576 8 
1 37 1 8
565 8 577 
566 577 578 
567 578 579 
568 579 580 
569 580 581 
570 581 582 
571 582 583 
572 583 20 
1 38 1 8
573 20 584 
574 584 585 
575 585 586 
576 586 587 
577 587 588 
578 588 589 
579 589 590 
580 590 21 
1 39 1 8
581 21 591 
582 591 592 
583 592 593 
584 593 594 
585 594 595 
586 595 596 
587 596 597 
588 597 7 
1 40 1 16
589 7 598 
590 598 599 
591 599 600 
592 600 601 
593 601 602 
594 602 603 
595 603 604 
596 604 605 
597 605 606 
598 606 607 
599 607 608 
600 608 609 
601 609 610 
602 610 611 
603 611 612 
604 612 6 
1 41 1 8
605 6 613 
606 613 614 
607 614 615 
608 615 616 
609 616 617 
610 617 618 
611 618 619 
612 619 22 
1 42 1 8
613 22 620 
614 620 621 
615 621 622 
616 622 623 
617 623 624 
618 624 625 
619 625 626 
620 626 23 
1 43 1 8
621 23 627 
622 627 628 
623 628 629 
624 629 630 
625 630 631 
626 631 632 
627 632 633 
628 633 5 
1 44 1 16
629 5 634 
630 634 635 
631 635 636 
632 636 637 
633 637 638 
634 638 639 
635 639 640 
636 640 641 
637 641 642 
638 642 643 
639 643 644 
640 644 645 
641 645 646 
642 646 647 
643 647 648 
644 648 4 
1 45 1 8
645 4 649 
646 649 650 
647 650 651 
648 651 652 
649 652 653 
650 653 654 
651 654 655 
652 655 24 
1 46 1 4
653 24 656 
654 656 657 
655 657 658 
656 658 25 
1 47 1 8
657 25 659 
658 659 660 
659 660 661 
660 661 662 
661 662 663 
662 663 664 
663 664 665 
664 665 3 
1 48 1 16
665 3 666 
666 666 667 
667 667 668 
668 668 669 
669 669 670 
670 670 671 
671 671 672 
672 672 673 
673 673 674 
674 674 675 
675 675 676 
676 676 677 
677 677 678 
678 678 679 
679 679 680 
680 680 2 
1 49 1 8
681 2 681 
682 681 682 
683 682 683 
684 683 684 
685 684 685 
686 685 686 
687 686 687 
688 687 26 
1 50 1 4
689 26 688 
690 688 689 
691 689 690 
692 690 27 
1 51 1 8
693 27 691 
694 691 692 
695 692 693 
696 693 694 
697 694 695 
698 695 696 
699 696 697 
700 697 1 
1 52 1 8
701 1 698 
702 698 699 
703 699 700 
704 700 701 
705 701 702 
706 702 703 
707 703 704 
708 704 28 
1 53 1 4
709 28 705 
710 705 706 
711 706 707 
712 707 15 
2 2 3 534
713 519 795 798 518 
714 795 761 796 798 
715 798 796 730 797 
716 518 798 797 517 
717 724 799 802 801 
718 799 529 530 802 
719 802 530 531 800 
720 801 802 800 745 
721 525 803 806 524 
722 803 747 804 806 
723 806 804 716 805 
724 524 806 805 523 
725 461 807 810 460 
726 807 737 808 810 
727 810 808 741 809 
728 460 810 809 459 
729 479 480 814 813 
730 480 481 811 814 
731 814 811 760 812 
732 813 814 812 736 
733 463 815 817 462 
734 815 759 816 817 
735 817 816 737 807 
736 462 817 807 461 
737 523 805 820 522 
738 805 716 818 820 
739 820 818 725 819 
740 522 820 819 521 
741 744 821 824 823 
742 821 455 456 824 
743 824 456 457 822 
744 823 824 822 746 
745 459 809 826 458 
746 809 741 825 826 
747 826 825 746 822 
748 458 826 822 457 
749 469 827 830 468 
750 827 743 828 830 
751 830 828 721 829 
752 468 830 829 467 
753 734 831 834 833 
754 831 772 832 834 
755 834 832 475 476 
756 833 834 476 477 
757 567 835 837 566 
758 835 725 818 837 
759 837 818 716 836 
760 566 837 836 565 
761 467 829 840 466 
762 829 721 838 840 
763 840 838 731 839 
764 466 840 839 465 
765 762 841 844 843 
766 841 499 500 844 
767 844 500 501 842 
768 843 844 842 733 
769 485 486 848 847 
770 486 487 845 848 
771 848 845 735 846 
772 847 848 846 719 
773 719 849 852 851 
774 849 771 850 852 
775 852 850 5 634 
776 851 852 634 635 
777 788 853 856 855 
778 853 645 646 856 
779 856 646 647 854 
780 855 856 854 734 
781 675 857 859 674 
782 857 731 838 859 
783 859 838 721 858 
784 674 859 858 673 
785 743 827 863 862 
786 827 469 860 863 
787 863 860 779 861 
788 862 863 861 723 
789 747 803 867 866 
790 803 525 864 867 
791 867 864 778 865 
792 866 867 865 717 
793 758 868 871 870 
794 868 509 510 871 
795 871 510 511 869 
796 870 871 869 763 
797 481 482 874 811 
798 482 483 872 874 
799 874 872 732 873 
800 811 874 873 760 
801 788 875 877 853 
802 875 742 876 877 
803 877 876 643 644 
804 853 877 644 645 
805 755 878 881 880 
806 878 770 879 881 
807 881 879 489 490 
808 880 881 490 491 
809 451 882 885 450 
810 882 722 883 885 
811 885 883 776 884 
812 450 885 884 449 
813 667 886 889 666 
814 886 715 887 889 
815 889 887 749 888 
816 666 889 888 3 
817 741 890 892 825 
818 890 2 31 892 
819 892 31 30 891 
820 825 892 891 746 
821 719 893 894 847 
822 893 732 872 894 
823 894 872 483 484 
824 847 894 484 485 
825 761 795 896 895 
826 795 519 520 896 
827 896 520 521 819 
828 895 896 819 725 
829 2 890 898 680 
830 890 741 808 898 
831 898 808 737 897 
832 680 898 897 679 
833 759 815 900 899 
834 815 463 464 900 
835 900 464 465 839 
836 899 900 839 731 
837 473 474 903 902 
838 474 475 832 903 
839 903 832 772 901 
840 902 903 901 752 
841 3 888 906 32 
842 888 749 904 906 
843 906 904 708 905 
844 32 906 905 33 
845 715 886 909 908 
846 886 667 668 909 
847 909 668 669 907 
848 908 909 907 723 
849 758 910 912 868 
850 910 757 911 912 
851 912 911 507 508 
852 868 912 508 509 
853 637 638 915 914 
854 638 639 913 915 
855 915 913 760 873 
856 914 915 873 732 
857 723 907 917 862 
858 907 669 670 917 
859 917 670 671 916 
860 862 917 916 743 
861 722 882 921 920 
862 882 451 918 921 
863 921 918 781 919 
864 920 921 919 750 
865 531 532 925 924 
866 532 533 922 925 
867 925 922 775 923 
868 924 925 923 726 
869 611 612 929 928 
870 612 6 926 929 
871 929 926 753 927 
872 928 929 927 713 
873 43 42 933 932 
874 42 7 930 933 
875 933 930 714 931 
876 932 933 931 756 
877 603 604 936 935 
878 604 605 934 936 
879 936 934 762 843 
880 935 936 843 733 
881 718 937 940 939 
882 937 739 938 940 
883 940 938 599 600 
884 939 940 600 601 
885 742 941 943 876 
886 941 736 942 943 
887 943 942 641 642 
888 876 943 642 643 
889 732 893 944 914 
890 893 719 851 944 
891 944 851 635 636 
892 914 944 636 637 
893 673 858 945 672 
894 858 721 828 945 
895 945 828 743 916 
896 672 945 916 671 
897 774 946 949 948 
898 946 784 947 949 
899 949 947 503 504 
900 948 949 504 505 
901 738 950 953 952 
902 950 728 951 953 
903 953 951 573 574 
904 952 953 574 575 
905 1 954 955 29 
906 954 744 823 955 
907 955 823 746 891 
908 29 955 891 30 
909 541 542 957 956 
910 542 543 792 957 
911 957 792 724 801 
912 956 957 801 745 
913 531 924 959 800 
914 924 726 958 959 
915 959 958 541 956 
916 800 959 956 745 
917 731 857 961 899 
918 857 675 676 961 
919 961 676 677 960 
920 899 961 960 759 
921 768 962 966 965 
922 962 513 963 966 
923 966 963 785 964 
924 965 966 964 728 
925 733 967 968 935 
926 967 718 939 968 
927 968 939 601 602 
928 935 968 602 603 
929 740 969 972 971 
930 969 720 970 972 
931 972 970 607 608 
932 971 972 608 609 
933 487 488 974 845 
934 488 489 879 974 
935 974 879 770 973 
936 845 974 973 735 
937 773 975 978 977 
938 975 769 976 978 
939 978 976 493 494 
940 977 978 494 495 
941 6 41 981 926 
942 41 40 979 981 
943 981 979 711 980 
944 926 981 980 753 
945 533 534 983 922 
946 534 16 535 983 
947 983 535 536 982 
948 922 983 982 775 
949 725 835 985 895 
950 835 567 568 985 
951 985 568 569 984 
952 895 985 984 761 
953 573 986 989 572 
954 986 748 987 989 
955 989 987 730 988 
956 572 989 988 571 
957 563 990 992 562 
958 990 747 866 992 
959 992 866 717 991 
960 562 992 991 9 
961 782 993 996 995 
962 993 720 969 996 
963 996 969 740 994 
964 995 996 994 777 
965 565 836 997 564 
966 836 716 804 997 
967 997 804 747 990 
968 564 997 990 563 
969 1 698 1001 1000 
970 698 699 998 1001 
971 1001 998 750 999 
972 1000 1001 999 727 
973 699 700 1003 998 
974 700 701 1002 1003 
975 1003 1002 722 920 
976 998 1003 920 750 
977 449 884 1005 448 
978 884 776 1004 1005 
979 1005 1004 706 707 
980 448 1005 707 15 
981 609 610 1007 971 
982 610 611 928 1007 
983 1007 928 713 1006 
984 971 1007 1006 740 
985 679 897 1008 678 
986 897 737 816 1008 
987 1008 816 759 960 
988 678 1008 960 677 
989 7 598 1010 930 
990 598 599 938 1010 
991 1010 938 739 1009 
992 930 1010 1009 714 
993 639 640 1011 913 
994 640 641 942 1011 
995 1011 942 736 812 
996 913 1011 812 760 
997 541 958 1014 540 
998 958 726 1012 1014 
999 1014 1012 790 1013 
1000 540 1014 1013 539 
1001 9 991 1016 49 
1002 991 717 1015 1016 
1003 1016 1015 751 793 
1004 49 1016 793 50 
1005 771 1017 1020 1019 
1006 1017 770 878 1020 
1007 1020 878 755 1018 
1008 1019 1020 1018 712 
1009 571 988 1021 570 
1010 988 730 796 1021 
1011 1021 796 761 984 
1012 570 1021 984 569 
1013 756 1022 1024 932 
1014 1022 709 1023 1024 
1015 1024 1023 45 44 
1016 932 1024 44 43 
1017 701 702 1027 1002 
1018 702 703 1025 1027 
1019 1027 1025 787 1026 
1020 1002 1027 1026 722 
1021 605 606 1029 934 
1022 606 607 970 1029 
1023 1029 970 720 1028 
1024 934 1029 1028 762 
1025 4 1030 1032 648 
1026 1030 729 1031 1032 
1027 1032 1031 734 854 
1028 648 1032 854 647 
1029 493 1033 1035 492 
1030 1033 754 1034 1035 
1031 1035 1034 755 880 
1032 492 1035 880 491 
1033 734 833 1037 855 
1034 833 477 478 1037 
1035 1037 478 479 1036 
1036 855 1037 1036 788 
1037 736 941 1038 813 
1038 941 742 875 1038 
1039 1038 875 788 1036 
1040 813 1038 1036 479 
1041 719 846 1039 849 
1042 846 735 973 1039 
1043 1039 973 770 1017 
1044 849 1039 1017 771 
1045 513 962 1041 512 
1046 962 768 1040 1041 
1047 1041 1040 763 869 
1048 512 1041 869 511 
1049 772 1042 1044 901 
1050 1042 708 904 1044 
1051 1044 904 749 1043 
1052 901 1044 1043 752 
1053 710 1045 1049 1048 
1054 1045 767 1046 1049 
1055 1049 1046 709 1047 
1056 1048 1049 1047 758 
1057 718 967 1052 1051 
1058 967 733 842 1052 
1059 1052 842 501 1050 
1060 1051 1052 1050 786 
1061 712 1018 1056 1055 
1062 1018 755 1053 1056 
1063 1056 1053 711 1054 
1064 1055 1056 1054 766 
1065 758 1047 1058 910 
1066 1047 709 1022 1058 
1067 1058 1022 756 1057 
1068 910 1058 1057 757 
1069 708 1042 1060 1059 
1070 1042 772 831 1060 
1071 1060 831 734 1031 
1072 1059 1060 1031 729 
1073 755 1034 1062 1053 
1074 1034 754 1061 1062 
1075 1062 1061 753 980 
1076 1053 1062 980 711 
1077 724 1063 1065 799 
1078 1063 780 1064 1065 
1079 1065 1064 527 528 
1080 799 1065 528 529 
1081 777 1066 1068 995 
1082 1066 497 498 1068 
1083 1068 498 499 1067 
1084 995 1068 1067 782 
1085 730 1069 1071 797 
1086 1069 783 1070 1071 
1087 1071 1070 515 516 
1088 797 1071 516 517 
1089 744 1072 1074 821 
1090 1072 789 1073 1074 
1091 1074 1073 453 454 
1092 821 1074 454 455 
1093 575 576 1077 952 
1094 576 8 1075 1077 
1095 1077 1075 710 1076 
1096 952 1077 1076 738 
1097 40 39 1079 979 
1098 39 38 1078 1079 
1099 1079 1078 766 1054 
1100 979 1079 1054 711 
1101 38 37 1081 1078 
1102 37 36 1080 1081 
1103 1081 1080 712 1055 
1104 1078 1081 1055 766 
1105 758 870 1083 1048 
1106 870 763 1082 1083 
1107 1083 1082 738 1076 
1108 1048 1083 1076 710 
1109 471 472 1086 1085 
1110 472 473 902 1086 
1111 1086 902 752 1084 
1112 1085 1086 1084 764 
1113 536 537 1088 1087 
1114 537 17 538 1088 
1115 1088 538 539 1013 
1116 1087 1088 1013 790 
1117 8 48 1090 1075 
1118 48 47 1089 1090 
1119 1090 1089 767 1045 
1120 1075 1090 1045 710 
1121 47 46 1091 1089 
1122 46 45 1023 1091 
1123 1091 1023 709 1046 
1124 1089 1091 1046 767 
1125 752 1043 1093 1084 
1126 1043 749 887 1093 
1127 1093 887 715 1092 
1128 1084 1093 1092 764 
1129 706 1094 1095 705 
1130 1094 787 1025 1095 
1131 1095 1025 703 704 
1132 705 1095 704 28 
1133 36 35 1096 1080 
1134 35 5 850 1096 
1135 1096 850 771 1019 
1136 1080 1096 1019 712 
1137 784 946 1099 1098 
1138 946 774 1097 1099 
1139 1099 1097 714 1009 
1140 1098 1099 1009 739 
1141 753 1061 1101 1100 
1142 1061 754 1033 1101 
1143 1101 1033 493 976 
1144 1100 1101 976 769 
1145 507 1102 1104 506 
1146 1102 765 1103 1104 
1147 1104 1103 774 948 
1148 506 1104 948 505 
1149 756 1105 1106 1057 
1150 1105 765 1102 1106 
1151 1106 1102 507 911 
1152 1057 1106 911 757 
1153 728 950 1107 965 
1154 950 738 1082 1107 
1155 1107 1082 763 1040 
1156 965 1107 1040 768 
1157 33 905 1108 34 
1158 905 708 1059 1108 
1159 1108 1059 729 1030 
1160 34 1108 1030 4 
1161 10 794 1110 791 
1162 794 751 1109 1110 
1163 1110 1109 780 1063 
1164 791 1110 1063 724 
1165 573 951 1112 986 
1166 951 728 964 1112 
1167 1112 964 785 1111 
1168 986 1112 1111 748 
1169 730 987 1114 1069 
1170 987 748 1111 1114 
1171 1114 1111 785 1113 
1172 1069 1114 1113 783 
1173 723 861 1116 908 
1174 861 779 1115 1116 
1175 1116 1115 764 1092 
1176 908 1116 1092 715 
1177 1 1000 1118 954 
1178 1000 727 1117 1118 
1179 1118 1117 789 1072 
1180 954 1118 1072 744 
1181 750 919 1120 999 
1182 919 781 1119 1120 
1183 1120 1119 789 1117 
1184 999 1120 1117 727 
1185 469 470 1121 860 
1186 470 471 1085 1121 
1187 1121 1085 764 1115 
1188 860 1121 1115 779 
1189 499 841 1122 1067 
1190 841 762 1028 1122 
1191 1122 1028 720 993 
1192 1067 1122 993 782 
1193 717 865 1124 1015 
1194 865 778 1123 1124 
1195 1124 1123 780 1109 
1196 1015 1124 1109 751 
1197 756 931 1125 1105 
1198 931 714 1097 1125 
1199 1125 1097 774 1103 
1200 1105 1125 1103 765 
1201 753 1100 1127 927 
1202 1100 769 975 1127 
1203 1127 975 773 1126 
1204 927 1127 1126 713 
1205 513 514 1128 963 
1206 514 515 1070 1128 
1207 1128 1070 783 1113 
1208 963 1128 1113 785 
1209 722 1026 1129 883 
1210 1026 787 1094 1129 
1211 1129 1094 706 1004 
1212 883 1129 1004 776 
1213 451 452 1130 918 
1214 452 453 1073 1130 
1215 1130 1073 789 1119 
1216 918 1130 1119 781 
1217 726 923 1131 1012 
1218 923 775 982 1131 
1219 1131 982 536 1087 
1220 1012 1131 1087 790 
1221 713 1126 1133 1006 
1222 1126 773 1132 1133 
1223 1133 1132 777 994 
1224 1006 1133 994 740 
1225 525 526 1134 864 
1226 526 527 1064 1134 
1227 1134 1064 780 1123 
1228 864 1134 1123 778 
1229 497 1066 1135 496 
1230 1066 777 1132 1135 
1231 1135 1132 773 977 
1232 496 1135 977 495 
1233 739 937 1137 1098 
1234 937 718 1051 1137 
1235 1137 1051 786 1136 
1236 1098 1137 1136 784 
1237 501 502 1138 1050 
1238 502 503 947 1138 
1239 1138 947 784 1136 
1240 1050 1138 1136 786 
1241 10 791 1139 544 
1242 791 724 792 1139 
1243 544 1139 792 543 
1244 50 793 1140 51 
1245 793 751 794 1140 
1246 51 1140 794 10 
2 3 3 48
1247 27 1153 1156 690 
1248 1153 1144 1154 1156 
1249 1156 1154 1141 1155 
1250 690 1156 1155 689 
1251 692 693 1159 1158 
1252 693 694 1149 1159 
1253 1159 1149 1143 1157 
1254 1158 1159 1157 1142 
1255 686 1160 1162 685 
1256 1160 1141 1161 1162 
1257 1162 1161 1145 1152 
1258 685 1162 1152 684 
1259 1142 1157 1166 1165 
1260 1157 1143 1163 1166 
1261 1166 1163 1146 1164 
1262 1165 1166 1164 1144 
1263 1141 1154 1168 1161 
1264 1154 1144 1164 1168 
1265 1168 1164 1146 1167 
1266 1161 1168 1167 1145 
1267 1146 1163 1170 1169 
1268 1163 1143 1148 1170 
1269 1170 1148 1 29 
1270 1169 1170 29 30 
1271 30 31 1171 1169 
1272 31 2 1151 1171 
1273 1171 1151 1145 1167 
1274 1169 1171 1167 1146 
1275 686 687 1172 1160 
1276 687 26 688 1172 
1277 1172 688 689 1155 
1278 1160 1172 1155 1141 
1279 692 1158 1173 691 
1280 1158 1142 1165 1173 
1281 1173 1165 1144 1153 
1282 691 1173 1153 27 
1283 1143 1147 1174 1148 
1284 1147 696 697 1174 
1285 1148 1174 697 1 
1286 696 1147 1175 695 
1287 1147 1143 1149 1175 
1288 695 1175 1149 694 
1289 682 1150 1176 681 
1290 1150 1145 1151 1176 
1291 681 1176 1151 2 
1292 1145 1150 1177 1152 
1293 1150 682 683 1177 
1294 1152 1177 683 684 
2 4 3 36
1295 33 1182 1184 32 
1296 1182 1180 1183 1184 
1297 1184 1183 664 665 
1298 32 1184 665 3 
1299 657 658 1187 1186 
1300 658 25 659 1187 
1301 1187 659 660 1185 
1302 1186 1187 1185 1181 
1303 662 1188 1192 1191 
1304 1188 1178 1189 1192 
1305 1192 1189 652 1190 
1306 1191 1192 1190 1179 
1307 652 653 1195 1190 
1308 653 654 1193 1195 
1309 1195 1193 1181 1194 
1310 1190 1195 1194 1179 
1311 652 1189 1198 651 
1312 1189 1178 1196 1198 
1313 1198 1196 1180 1197 
1314 651 1198 1197 650 
1315 662 663 1199 1188 
1316 663 664 1183 1199 
1317 1199 1183 1180 1196 
1318 1188 1199 1196 1178 
1319 662 1191 1200 661 
1320 1191 1179 1194 1200 
1321 1200 1194 1181 1185 
1322 661 1200 1185 660 
1323 650 1197 1201 649 
1324 1197 1180 1182 1201 
1325 1201 1182 33 34 
1326 649 1201 34 4 
1327 24 656 1202 655 
1328 656 657 1186 1202 
1329 1202 1186 1181 1193 
1330 655 1202 1193 654 
2 5 3 84
1331 1210 1217 1221 1220 
1332 1217 1206 1218 1221 
1333 1221 1218 1212 1219 
1334 1220 1221 1219 1208 
1335 1205 1222 1225 1224 
1336 1222 1208 1219 1225 
1337 1225 1219 1212 1223 
1338 1224 1225 1223 1211 
1339 1210 1220 1229 1228 
1340 1220 1208 1226 1229 
1341 1229 1226 1207 1227 
1342 1228 1229 1227 1204 
1343 628 629 1232 1231 
1344 629 630 1230 1232 
1345 1232 1230 1204 1227 
1346 1231 1232 1227 1207 
1347 36 37 1235 1234 
1348 37 38 1233 1235 
1349 1235 1233 1206 1217 
1350 1234 1235 1217 1210 
1351 625 1236 1238 624 
1352 1236 1205 1224 1238 
1353 1238 1224 1211 1237 
1354 624 1238 1237 623 
1355 632 633 1241 1240 
1356 633 5 35 1241 
1357 1241 35 36 1239 
1358 1240 1241 1239 1213 
1359 618 619 1244 1243 
1360 619 22 620 1244 
1361 1244 620 621 1242 
1362 1243 1244 1242 1214 
1363 614 1245 1247 613 
1364 1245 1216 1246 1247 
1365 1247 1246 40 41 
1366 613 1247 41 6 
1367 23 627 1250 1249 
1368 627 628 1231 1250 
1369 1250 1231 1207 1248 
1370 1249 1250 1248 1215 
1371 616 1251 1253 615 
1372 1251 1209 1252 1253 
1373 1253 1252 1216 1245 
1374 615 1253 1245 614 
1375 623 1237 1255 622 
1376 1237 1211 1254 1255 
1377 1255 1254 1214 1242 
1378 622 1255 1242 621 
1379 630 631 1257 1230 
1380 631 632 1240 1257 
1381 1257 1240 1213 1256 
1382 1230 1257 1256 1204 
1383 616 617 1260 1259 
1384 617 618 1243 1260 
1385 1260 1243 1214 1258 
1386 1259 1260 1258 1203 
1387 23 1249 1262 626 
1388 1249 1215 1261 1262 
1389 1262 1261 1205 1236 
1390 626 1262 1236 625 
1391 38 39 1264 1233 
1392 39 40 1246 1264 
1393 1264 1246 1216 1263 
1394 1233 1264 1263 1206 
1395 1208 1222 1265 1226 
1396 1222 1205 1261 1265 
1397 1265 1261 1215 1248 
1398 1226 1265 1248 1207 
1399 1212 1218 1267 1266 
1400 1218 1206 1263 1267 
1401 1267 1263 1216 1252 
1402 1266 1267 1252 1209 
1403 36 1234 1268 1239 
1404 1234 1210 1228 1268 
1405 1268 1228 1204 1256 
1406 1239 1268 1256 1213 
1407 1212 1269 1270 1223 
1408 1269 1203 1258 1270 
1409 1270 1258 1214 1254 
1410 1223 1270 1254 1211 
1411 616 1259 1271 1251 
1412 1259 1203 1269 1271 
1413 1271 1269 1212 1266 
1414 1251 1271 1266 1209 
2 6 3 88
1415 1286 1287 1290 1289 
1416 1287 1276 1288 1290 
1417 1290 1288 594 595 
1418 1289 1290 595 596 
1419 580 581 1294 1293 
1420 581 582 1291 1294 
1421 1294 1291 1285 1292 
1422 1293 1294 1292 1277 
1423 594 1288 1298 1297 
1424 1288 1276 1295 1298 
1425 1298 1295 1280 1296 
1426 1297 1298 1296 1272 
1427 594 1297 1301 593 
1428 1297 1272 1299 1301 
1429 1301 1299 1283 1300 
1430 593 1301 1300 592 
1431 580 1293 1305 1304 
1432 1293 1277 1302 1305 
1433 1305 1302 1280 1303 
1434 1304 1305 1303 1273 
1435 580 1304 1308 579 
1436 1304 1273 1306 1308 
1437 1308 1306 1284 1307 
1438 579 1308 1307 578 
1439 1285 1309 1312 1292 
1440 1309 1274 1310 1312 
1441 1312 1310 1281 1311 
1442 1292 1312 1311 1277 
1443 1286 1313 1316 1287 
1444 1313 1275 1314 1316 
1445 1316 1314 1282 1315 
1446 1287 1316 1315 1276 
1447 592 1300 1318 591 
1448 1300 1283 1317 1318 
1449 1318 1317 589 590 
1450 591 1318 590 21 
1451 578 1307 1320 577 
1452 1307 1284 1319 1320 
1453 1320 1319 47 48 
1454 577 1320 48 8 
1455 582 583 1322 1291 
1456 583 20 584 1322 
1457 1322 584 585 1321 
1458 1291 1322 1321 1285 
1459 45 1323 1325 44 
1460 1323 1275 1313 1325 
1461 1325 1313 1286 1324 
1462 44 1325 1324 43 
1463 1283 1299 1329 1328 
1464 1299 1272 1326 1329 
1465 1329 1326 1281 1327 
1466 1328 1329 1327 1278 
1467 1284 1306 1333 1332 
1468 1306 1273 1330 1333 
1469 1333 1330 1282 1331 
1470 1332 1333 1331 1279 
1471 596 597 1334 1289 
1472 597 7 42 1334 
1473 1334 42 43 1324 
1474 1289 1334 1324 1286 
1475 1277 1311 1335 1302 
1476 1311 1281 1326 1335 
1477 1335 1326 1272 1296 
1478 1302 1335 1296 1280 
1479 587 1336 1338 1337 
1480 1336 1278 1327 1338 
1481 1338 1327 1281 1310 
1482 1337 1338 1310 1274 
1483 1276 1315 1339 1295 
1484 1315 1282 1330 1339 
1485 1339 1330 1273 1303 
1486 1295 1339 1303 1280 
1487 45 1340 1341 1323 
1488 1340 1279 1331 1341 
1489 1341 1331 1282 1314 
1490 1323 1341 1314 1275 
1491 587 588 1342 1336 
1492 588 589 1317 1342 
1493 1342 1317 1283 1328 
1494 1336 1342 1328 1278 
1495 45 46 1343 1340 
1496 46 47 1319 1343 
1497 1343 1319 1284 1332 
1498 1340 1343 1332 1279 
1499 587 1337 1344 586 
1500 1337 1274 1309 1344 
1501 1344 1309 1285 1321 
1502 586 1344 1321 585 
2 7 3 52
1503 1347 1353 1357 1356 
1504 1353 1346 1354 1357 
1505 1357 1354 1348 1355 
1506 1356 1357 1355 1345 
1507 1347 1358 1361 1353 
1508 1358 1352 1359 1361 
1509 1361 1359 1350 1360 
1510 1353 1361 1360 1346 
1511 1348 1362 1365 1355 
1512 1362 1351 1363 1365 
1513 1365 1363 1349 1364 
1514 1355 1365 1364 1345 
1515 556 557 1368 1367 
1516 557 558 1366 1368 
1517 1368 1366 1348 1354 
1518 1367 1368 1354 1346 
1519 546 547 1371 1370 
1520 547 548 1369 1371 
1521 1371 1369 1347 1356 
1522 1370 1371 1356 1345 
1523 50 1372 1374 49 
1524 1372 1351 1373 1374 
1525 1374 1373 560 561 
1526 49 1374 561 9 
1527 553 1375 1377 552 
1528 1375 1352 1376 1377 
1529 1377 1376 550 551 
1530 552 1377 551 18 
1531 10 545 1379 1378 
1532 545 546 1370 1379 
1533 1379 1370 1345 1364 
1534 1378 1379 1364 1349 
1535 19 555 1381 1380 
1536 555 556 1367 1381 
1537 1381 1367 1346 1360 
1538 1380 1381 1360 1350 
1539 548 549 1382 1369 
1540 549 550 1376 1382 
1541 1382 1376 1352 1358 
1542 1369 1382 1358 1347 
1543 558 559 1383 1366 
1544 559 560 1373 1383 
1545 1383 1373 1351 1362 
1546 1366 1383 1362 1348 
1547 19 1380 1384 554 
1548 1380 1350 1359 1384 
1549 1384 1359 1352 1375 
1550 554 1384 1375 553 
1551 10 1378 1385 51 
1552 1378 1349 1363 1385 
1553 1385 1363 1351 1372 
1554 51 1385 1372 50 
2 8 3 8708
1555 1810 3392 3396 3395 
1556 3392 2859 3393 3396 
1557 3396 3393 2325 3394 
1558 3395 3396 3394 2409 
1559 24 3397 3401 3400 
1560 3397 2500 3398 3401 
1561 3401 3398 1638 3399 
1562 3400 3401 3399 1411 
1563 2480 3402 3406 3405 
1564 3402 3020 3403 3406 
1565 3406 3403 1767 3404 
1566 3405 3406 3404 2949 
1567 1939 3407 3411 3410 
1568 3407 2498 3408 3411 
1569 3411 3408 2539 3409 
1570 3410 3411 3409 2864 
1571 2859 3412 3415 3393 
1572 3412 2042 3413 3415 
1573 3415 3413 3360 3414 
1574 3393 3415 3414 2325 
1575 3254 3416 3420 3419 
1576 3416 1412 3417 3420 
1577 3420 3417 3109 3418 
1578 3419 3420 3418 2958 
1579 3261 3421 3425 3424 
1580 3421 1931 3422 3425 
1581 3425 3422 3202 3423 
1582 3424 3425 3423 2321 
1583 2864 3409 3429 3428 
1584 3409 2539 3426 3429 
1585 3429 3426 2122 3427 
1586 3428 3429 3427 2492 
1587 2475 3430 3434 3433 
1588 3430 2942 3431 3434 
1589 3434 3431 1502 3432 
1590 3433 3434 3432 2950 
1591 3042 3435 3439 3438 
1592 3435 1728 3436 3439 
1593 3439 3436 3110 3437 
1594 3438 3439 3437 2310 
1595 3036 3440 3444 3443 
1596 3440 2813 3441 3444 
1597 3444 3441 3263 3442 
1598 3443 3444 3442 2153 
1599 3279 3445 3449 3448 
1600 3445 2224 3446 3449 
1601 3449 3446 2503 3447 
1602 3448 3449 3447 2504 
1603 2532 3450 3454 3453 
1604 3450 2355 3451 3454 
1605 3454 3451 3332 3452 
1606 3453 3454 3452 2102 
1607 3051 3455 3459 3458 
1608 3455 1953 3456 3459 
1609 3459 3456 3162 3457 
1610 3458 3459 3457 2967 
1611 2281 3460 3464 3463 
1612 3460 2282 3461 3464 
1613 3464 3461 2823 3462 
1614 3463 3464 3462 3262 
1615 2128 3465 3469 3468 
1616 3465 2469 3466 3469 
1617 3469 3466 2362 3467 
1618 3468 3469 3467 3177 
1619 2445 3470 3474 3473 
1620 3470 2446 3471 3474 
1621 3474 3471 2875 3472 
1622 3473 3474 3472 2306 
1623 2977 3475 3479 3478 
1624 3475 2155 3476 3479 
1625 3479 3476 2307 3477 
1626 3478 3479 3477 2393 
1627 2224 3480 3483 3446 
1628 3480 2597 3481 3483 
1629 3483 3481 1675 3482 
1630 3446 3483 3482 2503 
1631 2544 3484 3488 3487 
1632 3484 2403 3485 3488 
1633 3488 3485 3113 3486 
1634 3487 3488 3486 1397 
1635 2347 3489 3493 3492 
1636 3489 2308 3490 3493 
1637 3493 3490 2991 3491 
1638 3492 3493 3491 2982 
1639 3259 3494 3498 3497 
1640 3494 2297 3495 3498 
1641 3498 3495 2359 3496 
1642 3497 3498 3496 2520 
1643 2363 3499 3503 3502 
1644 3499 1391 3500 3503 
1645 3503 3500 3151 3501 
1646 3502 3503 3501 2364 
1647 21 3504 3507 591 
1648 3504 2008 3505 3507 
1649 3507 3505 2080 3506 
1650 591 3507 3506 592 
1651 1404 3508 3511 3510 
1652 3508 2991 3490 3511 
1653 3511 3490 2308 3509 
1654 3510 3511 3509 3035 
1655 3064 3512 3516 3515 
1656 3512 1911 3513 3516 
1657 3516 3513 3174 3514 
1658 3515 3516 3514 2341 
1659 2017 3517 3521 3520 
1660 3517 3039 3518 3521 
1661 3521 3518 2697 3519 
1662 3520 3521 3519 3002 
1663 2182 3522 3526 3525 
1664 3522 2254 3523 3526 
1665 3526 3523 3315 3524 
1666 3525 3526 3524 2970 
1667 3102 3527 3531 3530 
1668 3527 2417 3528 3531 
1669 3531 3528 3059 3529 
1670 3530 3531 3529 2383 
1671 3202 3532 3536 3535 
1672 3532 2408 3533 3536 
1673 3536 3533 2407 3534 
1674 3535 3536 3534 2406 
1675 2921 3537 3541 3540 
1676 3537 2526 3538 3541 
1677 3541 3538 2525 3539 
1678 3540 3541 3539 1595 
1679 2391 3542 3546 3545 
1680 3542 2507 3543 3546 
1681 3546 3543 3238 3544 
1682 3545 3546 3544 1696 
1683 2070 3547 3551 3550 
1684 3547 2476 3548 3551 
1685 3551 3548 3075 3549 
1686 3550 3551 3549 2195 
1687 2335 3552 3556 3555 
1688 3552 1751 3553 3556 
1689 3556 3553 2929 3554 
1690 3555 3556 3554 2345 
1691 2186 3557 3561 3560 
1692 3557 3014 3558 3561 
1693 3561 3558 1738 3559 
1694 3560 3561 3559 2508 
1695 1743 3562 3566 3565 
1696 3562 3085 3563 3566 
1697 3566 3563 2431 3564 
1698 3565 3566 3564 3147 
1699 2134 3567 3570 3569 
1700 3567 19 554 3570 
1701 3570 554 553 3568 
1702 3569 3570 3568 3246 
1703 3095 3571 3575 3574 
1704 3571 2221 3572 3575 
1705 3575 3572 2220 3573 
1706 3574 3575 3573 3096 
1707 2955 3576 3579 3578 
1708 3576 1502 3431 3579 
1709 3579 3431 2942 3577 
1710 3578 3579 3577 2337 
1711 1470 3580 3584 3583 
1712 3580 3215 3581 3584 
1713 3584 3581 2620 3582 
1714 3583 3584 3582 3216 
1715 2982 3585 3588 3492 
1716 3585 1670 3586 3588 
1717 3588 3586 3344 3587 
1718 3492 3588 3587 2347 
1719 2466 3589 3593 3592 
1720 3589 2357 3590 3593 
1721 3593 3590 2465 3591 
1722 3592 3593 3591 1413 
1723 408 409 3596 3595 
1724 409 410 3594 3596 
1725 3596 3594 1413 3591 
1726 3595 3596 3591 2465 
1727 2227 3597 3601 3600 
1728 3597 679 3598 3601 
1729 3601 3598 2350 3599 
1730 3600 3601 3599 3304 
1731 3039 3602 3605 3518 
1732 3602 3079 3603 3605 
1733 3605 3603 2698 3604 
1734 3518 3605 3604 2697 
1735 2737 3606 3609 3608 
1736 3606 3158 3607 3609 
1737 3609 3607 2475 3433 
1738 3608 3609 3433 2950 
1739 2875 3610 3614 3613 
1740 3610 2876 3611 3614 
1741 3614 3611 3130 3612 
1742 3613 3614 3612 1774 
1743 2194 3615 3619 3618 
1744 3615 2423 3616 3619 
1745 3619 3616 563 3617 
1746 3618 3619 3617 3334 
1747 1953 3455 3623 3622 
1748 3455 3051 3620 3623 
1749 3623 3620 2497 3621 
1750 3622 3623 3621 3022 
1751 1996 3624 3628 3627 
1752 3624 3047 3625 3628 
1753 3628 3625 2690 3626 
1754 3627 3628 3626 3024 
1755 2354 3629 3633 3632 
1756 3629 2353 3630 3633 
1757 3633 3630 3385 3631 
1758 3632 3633 3631 1497 
1759 3096 3573 3637 3636 
1760 3573 2220 3634 3637 
1761 3637 3634 3068 3635 
1762 3636 3637 3635 2946 
1763 2413 3638 3642 3641 
1764 3638 3149 3639 3642 
1765 3642 3639 1739 3640 
1766 3641 3642 3640 3118 
1767 2501 3643 3646 3645 
1768 3643 2500 3644 3646 
1769 3646 3644 1767 3403 
1770 3645 3646 3403 3020 
1771 1830 3647 3650 3649 
1772 3647 2407 3533 3650 
1773 3650 3533 2408 3648 
1774 3649 3650 3648 2137 
1775 2501 3645 3654 3653 
1776 3645 3020 3651 3654 
1777 3654 3651 2481 3652 
1778 3653 3654 3652 3019 
1779 2320 3655 3659 3658 
1780 3655 2515 3656 3659 
1781 3659 3656 3369 3657 
1782 3658 3659 3657 2323 
1783 3237 3660 3664 3663 
1784 3660 1472 3661 3664 
1785 3664 3661 3236 3662 
1786 3663 3664 3662 2614 
1787 2268 3665 3669 3668 
1788 3665 3156 3666 3669 
1789 3669 3666 2309 3667 
1790 3668 3669 3667 3190 
1791 2390 3670 3674 3673 
1792 3670 3197 3671 3674 
1793 3674 3671 3200 3672 
1794 3673 3674 3672 2349 
1795 2403 3484 3678 3677 
1796 3484 2544 3675 3678 
1797 3678 3675 2200 3676 
1798 3677 3678 3676 3345 
1799 2626 3679 3683 3682 
1800 3679 3192 3680 3683 
1801 3683 3680 1469 3681 
1802 3682 3683 3681 3191 
1803 2940 3684 3688 3687 
1804 3684 2193 3685 3688 
1805 3688 3685 3272 3686 
1806 3687 3688 3686 2435 
1807 3126 3689 3693 3692 
1808 3689 1434 3690 3693 
1809 3693 3690 3353 3691 
1810 3692 3693 3691 2541 
1811 2279 3694 3698 3697 
1812 3694 2809 3695 3698 
1813 3698 3695 3339 3696 
1814 3697 3698 3696 2048 
1815 3294 3699 3703 3702 
1816 3699 2441 3700 3703 
1817 3703 3700 2442 3701 
1818 3702 3703 3701 2444 
1819 2486 3704 3707 3706 
1820 3704 2954 3705 3707 
1821 3707 3705 1595 3539 
1822 3706 3707 3539 2525 
1823 2582 3708 3711 3710 
1824 3708 3122 3709 3711 
1825 3711 3709 2221 3571 
1826 3710 3711 3571 3095 
1827 2373 3712 3716 3715 
1828 3712 3234 3713 3716 
1829 3716 3713 1790 3714 
1830 3715 3716 3714 3267 
1831 1404 3717 3720 3719 
1832 3717 2937 3718 3720 
1833 3720 3718 234 235 
1834 3719 3720 235 236 
1835 3124 3721 3725 3724 
1836 3721 2969 3722 3725 
1837 3725 3722 2335 3723 
1838 3724 3725 3723 2331 
1839 2512 3726 3729 3728 
1840 3726 2497 3620 3729 
1841 3729 3620 3051 3727 
1842 3728 3729 3727 2294 
1843 2461 3730 3734 3733 
1844 3730 2463 3731 3734 
1845 3734 3731 3283 3732 
1846 3733 3734 3732 1400 
1847 3047 3735 3738 3625 
1848 3735 3082 3736 3738 
1849 3738 3736 2691 3737 
1850 3625 3738 3737 2690 
1851 2107 3739 3743 3742 
1852 3739 2109 3740 3743 
1853 3743 3740 3111 3741 
1854 3742 3743 3741 2761 
1855 3304 3744 3748 3747 
1856 3744 2515 3745 3748 
1857 3748 3745 3165 3746 
1858 3747 3748 3746 2091 
1859 2534 3749 3753 3752 
1860 3749 1482 3750 3753 
1861 3753 3750 2521 3751 
1862 3752 3753 3751 2459 
1863 1993 3754 3758 3757 
1864 3754 3044 3755 3758 
1865 3758 3755 2683 3756 
1866 3757 3758 3756 3030 
1867 3019 3652 3762 3761 
1868 3652 2481 3759 3762 
1869 3762 3759 3102 3760 
1870 3761 3762 3760 2384 
1871 2370 3763 3767 3766 
1872 3763 2369 3764 3767 
1873 3767 3764 3383 3765 
1874 3766 3767 3765 2040 
1875 2535 3768 3772 3771 
1876 3768 1392 3769 3772 
1877 3772 3769 3260 3770 
1878 3771 3772 3770 2367 
1879 573 3773 3776 574 
1880 3773 2430 3774 3776 
1881 3776 3774 3341 3775 
1882 574 3776 3775 575 
1883 1426 3777 3781 3780 
1884 3777 3144 3778 3781 
1885 3781 3778 2304 3779 
1886 3780 3781 3779 2327 
1887 412 413 3785 3784 
1888 413 414 3782 3785 
1889 3785 3782 1744 3783 
1890 3784 3785 3783 2467 
1891 1681 3786 3790 3789 
1892 3786 2997 3787 3790 
1893 3790 3787 2044 3788 
1894 3789 3790 3788 1679 
1895 292 3791 3794 291 
1896 3791 2796 3792 3794 
1897 3794 3792 3302 3793 
1898 291 3794 3793 290 
1899 2632 3795 3799 3798 
1900 3795 3173 3796 3799 
1901 3799 3796 1471 3797 
1902 3798 3799 3797 3170 
1903 2937 3717 3802 3801 
1904 3717 1404 3510 3802 
1905 3802 3510 3035 3800 
1906 3801 3802 3800 2371 
1907 2415 3803 3807 3806 
1908 3803 2414 3804 3807 
1909 3807 3804 1641 3805 
1910 3806 3807 3805 3040 
1911 3356 3808 3812 3811 
1912 3808 1692 3809 3812 
1913 3812 3809 3146 3810 
1914 3811 3812 3810 2342 
1915 55 3813 3816 54 
1916 3813 2765 3814 3816 
1917 3816 3814 3300 3815 
1918 54 3816 3815 53 
1919 3265 3817 3821 3820 
1920 3817 2437 3818 3821 
1921 3821 3818 1818 3819 
1922 3820 3821 3819 3182 
1923 444 445 3825 3824 
1924 445 446 3822 3825 
1925 3825 3822 3301 3823 
1926 3824 3825 3823 2786 
1927 2204 3826 3830 3829 
1928 3826 3232 3827 3830 
1929 3830 3827 2701 3828 
1930 3829 3830 3828 3249 
1931 3255 3831 3835 3834 
1932 3831 1474 3832 3835 
1933 3835 3832 3258 3833 
1934 3834 3835 3833 2608 
1935 2442 3700 3838 3837 
1936 3700 2441 3836 3838 
1937 3838 3836 382 383 
1938 3837 3838 383 384 
1939 3134 3839 3843 3842 
1940 3839 3141 3840 3843 
1941 3843 3840 2416 3841 
1942 3842 3843 3841 2263 
1943 3270 3844 3848 3847 
1944 3844 3266 3845 3848 
1945 3848 3845 2603 3846 
1946 3847 3848 3846 2602 
1947 2949 3849 3852 3405 
1948 3849 3331 3850 3852 
1949 3852 3850 647 3851 
1950 3405 3852 3851 2480 
1951 2889 3853 3857 3856 
1952 3853 1746 3854 3857 
1953 3857 3854 3003 3855 
1954 3856 3857 3855 2890 
1955 2225 3858 3862 3861 
1956 3858 2395 3859 3862 
1957 3862 3859 2365 3860 
1958 3861 3862 3860 2090 
1959 1991 3863 3867 3866 
1960 3863 2545 3864 3867 
1961 3867 3864 3127 3865 
1962 3866 3867 3865 1765 
1963 2386 3868 3871 3870 
1964 3868 1735 3869 3871 
1965 3871 3869 2465 3590 
1966 3870 3871 3590 2357 
1967 2229 3872 3876 3875 
1968 3872 2470 3873 3876 
1969 3876 3873 3298 3874 
1970 3875 3876 3874 2231 
1971 1992 3877 3881 3880 
1972 3877 3013 3878 3881 
1973 3881 3878 2677 3879 
1974 3880 3881 3879 3017 
1975 404 405 3885 3884 
1976 405 406 3882 3885 
1977 3885 3882 1735 3883 
1978 3884 3885 3883 2419 
1979 2345 3554 3889 3888 
1980 3554 2929 3886 3889 
1981 3889 3886 1825 3887 
1982 3888 3889 3887 2453 
1983 1455 3890 3894 3893 
1984 3890 2818 3891 3894 
1985 3894 3891 2569 3892 
1986 3893 3894 3892 1458 
1987 2965 3895 3899 3898 
1988 3895 1388 3896 3899 
1989 3899 3896 2960 3897 
1990 3898 3899 3897 2372 
1991 2309 3666 3903 3902 
1992 3666 3156 3900 3903 
1993 3903 3900 1436 3901 
1994 3902 3903 3901 2510 
1995 1604 3904 3908 3907 
1996 3904 2379 3905 3908 
1997 3908 3905 3160 3906 
1998 3907 3908 3906 2222 
1999 3044 3909 3912 3755 
2000 3909 3067 3910 3912 
2001 3912 3910 2684 3911 
2002 3755 3912 3911 2683 
2003 3182 3913 3916 3915 
2004 3913 2926 3914 3916 
2005 3916 3914 3341 3774 
2006 3915 3916 3774 2430 
2007 3198 3917 3921 3920 
2008 3917 2358 3918 3921 
2009 3921 3918 3239 3919 
2010 3920 3921 3919 3025 
2011 1405 3922 3925 3924 
2012 3922 3303 3923 3925 
2013 3925 3923 2349 3672 
2014 3924 3925 3672 3200 
2015 3024 3926 3928 3627 
2016 3926 2698 3603 3928 
2017 3928 3603 3079 3927 
2018 3627 3928 3927 1996 
2019 2449 3929 3933 3932 
2020 3929 2490 3930 3933 
2021 3933 3930 1804 3931 
2022 3932 3933 3931 2219 
2023 1397 3486 3936 3935 
2024 3486 3113 3934 3936 
2025 3936 3934 181 182 
2026 3935 3936 182 183 
2027 2134 3569 3940 3939 
2028 3569 3246 3937 3940 
2029 3940 3937 2993 3938 
2030 3939 3940 3938 2282 
2031 2356 3941 3945 3944 
2032 3941 2496 3942 3945 
2033 3945 3942 3233 3943 
2034 3944 3945 3943 1686 
2035 2285 3946 3950 3949 
2036 3946 3128 3947 3950 
2037 3950 3947 1428 3948 
2038 3949 3950 3948 3116 
2039 2448 3951 3955 3954 
2040 3951 2533 3952 3955 
2041 3955 3952 2398 3953 
2042 3954 3955 3953 2105 
2043 1733 3956 3960 3959 
2044 3956 3091 3957 3960 
2045 3960 3957 2479 3958 
2046 3959 3960 3958 3093 
2047 2491 3961 3964 3963 
2048 3961 1436 3900 3964 
2049 3964 3900 3156 3962 
2050 3963 3964 3962 2394 
2051 2253 3965 3968 3967 
2052 3965 2960 3896 3968 
2053 3968 3896 1388 3966 
2054 3967 3968 3966 3172 
2055 2447 3969 3973 3972 
2056 3969 2440 3970 3973 
2057 3973 3970 3294 3971 
2058 3972 3973 3971 3193 
2059 1587 3974 3976 3975 
2060 3974 2442 3837 3976 
2061 3976 3837 384 385 
2062 3975 3976 385 386 
2063 1746 3853 3980 3979 
2064 3853 2889 3977 3980 
2065 3980 3977 2483 3978 
2066 3979 3980 3978 2961 
2067 2305 3981 3985 3984 
2068 3981 2397 3982 3985 
2069 3985 3982 2532 3983 
2070 3984 3985 3983 2301 
2071 2389 3986 3990 3989 
2072 3986 2187 3987 3990 
2073 3990 3987 2401 3988 
2074 3989 3990 3988 2906 
2075 3198 3991 3994 3917 
2076 3991 1673 3992 3994 
2077 3994 3992 3203 3993 
2078 3917 3994 3993 2358 
2079 3169 3995 3999 3998 
2080 3995 2239 3996 3999 
2081 3999 3996 3034 3997 
2082 3998 3999 3997 2078 
2083 2638 4000 4004 4003 
2084 4000 3154 4001 4004 
2085 4004 4001 1473 4002 
2086 4003 4004 4002 3148 
2087 2609 4005 4008 4007 
2088 4005 2608 3833 4008 
2089 4008 3833 3258 4006 
2090 4007 4008 4006 3251 
2091 2424 4009 4013 4012 
2092 4009 2425 4010 4013 
2093 4013 4010 2428 4011 
2094 4012 4013 4011 2002 
2095 2452 4014 4018 4017 
2096 4014 2244 4015 4018 
2097 4018 4015 2246 4016 
2098 4017 4018 4016 3183 
2099 27 690 4022 4021 
2100 690 689 4019 4022 
2101 4022 4019 3123 4020 
2102 4021 4022 4020 1513 
2103 2078 3997 4026 4025 
2104 3997 3034 4023 4026 
2105 4026 4023 2389 4024 
2106 4025 4026 4024 2928 
2107 1702 4027 4030 4029 
2108 4027 2965 3898 4030 
2109 4030 3898 2372 4028 
2110 4029 4030 4028 3150 
2111 2002 4031 4033 4012 
2112 4031 571 570 4033 
2113 4033 570 569 4032 
2114 4012 4033 4032 2424 
2115 2906 4034 4036 3989 
2116 4034 1450 4035 4036 
2117 4036 4035 2928 4024 
2118 3989 4036 4024 2389 
2119 2214 4037 4041 4040 
2120 4037 2933 4038 4041 
2121 4041 4038 3362 4039 
2122 4040 4041 4039 2298 
2123 2224 4042 4045 3480 
2124 4042 2088 4043 4045 
2125 4045 4043 2369 4044 
2126 3480 4045 4044 2597 
2127 2498 4046 4050 4049 
2128 4046 3284 4047 4050 
2129 4050 4047 3297 4048 
2130 4049 4050 4048 2392 
2131 2295 4051 4055 4054 
2132 4051 2464 4052 4055 
2133 4055 4052 667 4053 
2134 4054 4055 4053 3352 
2135 3269 4056 4059 4058 
2136 4056 1476 4057 4059 
2137 4059 4057 3270 3847 
2138 4058 4059 3847 2602 
2139 1456 4060 4064 4063 
2140 4060 3077 4061 4064 
2141 4064 4061 2579 4062 
2142 4063 4064 4062 3155 
2143 2316 4065 4069 4068 
2144 4065 2790 4066 4069 
2145 4069 4066 2120 4067 
2146 4068 4069 4067 3239 
2147 2967 4070 4074 4073 
2148 4070 1499 4071 4074 
2149 4074 4071 3340 4072 
2150 4073 4074 4072 2377 
2151 3304 3599 4077 3744 
2152 3599 2350 4075 4077 
2153 4077 4075 1646 4076 
2154 3744 4077 4076 2515 
2155 2699 4078 4081 4080 
2156 4078 2677 3878 4081 
2157 4081 3878 3013 4079 
2158 4080 4081 4079 3015 
2159 2438 4082 4086 4085 
2160 4082 2066 4083 4086 
2161 4086 4083 2440 4084 
2162 4085 4086 4084 2439 
2163 2288 4087 4091 4090 
2164 4087 2489 4088 4091 
2165 4091 4088 3325 4089 
2166 4090 4091 4089 2815 
2167 2708 4092 4096 4095 
2168 4092 2513 4093 4096 
2169 4096 4093 3027 4094 
2170 4095 4096 4094 1394 
2171 2818 4097 4100 4099 
2172 4097 1454 4098 4100 
2173 4100 4098 2906 3988 
2174 4099 4100 3988 2401 
2175 2962 4101 4105 4104 
2176 4101 1439 4102 4105 
2177 4105 4102 2438 4103 
2178 4104 4105 4103 2445 
2179 2105 3953 4109 4108 
2180 3953 2398 4106 4109 
2181 4109 4106 1814 4107 
2182 4108 4109 4107 1933 
2183 1973 4110 4114 4113 
2184 4110 2494 4111 4114 
2185 4114 4111 3159 4112 
2186 4113 4114 4112 2374 
2187 2752 4115 4119 4118 
2188 4115 2753 4116 4119 
2189 4119 4116 3241 4117 
2190 4118 4119 4117 2271 
2191 2378 4120 4124 4123 
2192 4120 3038 4121 4124 
2193 4124 4121 3124 4122 
2194 4123 4124 4122 2248 
2195 2467 3783 4128 4127 
2196 3783 1744 4125 4128 
2197 4128 4125 3293 4126 
2198 4127 4128 4126 3001 
2199 2040 3765 4132 4131 
2200 3765 3383 4129 4132 
2201 4132 4129 2822 4130 
2202 4131 4132 4130 2326 
2203 2466 4133 4136 4135 
2204 4133 3001 4134 4136 
2205 4136 4134 3315 3523 
2206 4135 4136 3523 2254 
2207 3030 4137 4139 3757 
2208 4137 2691 3736 4139 
2209 4139 3736 3082 4138 
2210 3757 4139 4138 1993 
2211 2072 4140 4144 4143 
2212 4140 2129 4141 4144 
2213 4144 4141 2472 4142 
2214 4143 4144 4142 2471 
2215 2615 4145 4148 4147 
2216 4145 2614 3662 4148 
2217 4148 3662 3236 4146 
2218 4147 4148 4146 3229 
2219 2459 4149 4152 3752 
2220 4149 2456 4150 4152 
2221 4152 4150 1921 4151 
2222 3752 4152 4151 2534 
2223 3197 3670 4155 4154 
2224 3670 2390 4153 4155 
2225 4155 4153 3203 3992 
2226 4154 4155 3992 1673 
2227 2440 3969 4158 4084 
2228 3969 2447 4156 4158 
2229 4158 4156 2446 4157 
2230 4084 4158 4157 2439 
2231 2446 3470 4159 4157 
2232 3470 2445 4103 4159 
2233 4159 4103 2438 4085 
2234 4157 4159 4085 2439 
2235 3038 4120 4163 4162 
2236 4120 2378 4160 4163 
2237 4163 4160 3242 4161 
2238 4162 4163 4161 1937 
2239 2232 4164 4168 4167 
2240 4164 2951 4165 4168 
2241 4168 4165 2150 4166 
2242 4167 4168 4166 2375 
2243 1616 4169 4173 4172 
2244 4169 2559 4170 4173 
2245 4173 4170 1521 4171 
2246 4172 4173 4171 1544 
2247 2102 4174 4177 3453 
2248 4174 1959 4175 4177 
2249 4177 4175 2099 4176 
2250 3453 4177 4176 2532 
2251 2646 4178 4182 4181 
2252 4178 3136 4179 4182 
2253 4182 4179 1475 4180 
2254 4181 4182 4180 3133 
2255 2422 4183 4187 4186 
2256 4183 2426 4184 4187 
2257 4187 4184 2427 4185 
2258 4186 4187 4185 2425 
2259 2219 4188 4191 3932 
2260 4188 3074 4189 4191 
2261 4191 4189 3324 4190 
2262 3932 4191 4190 2449 
2263 2708 4192 4196 4195 
2264 4192 2707 4193 4196 
2265 4196 4193 2987 4194 
2266 4195 4196 4194 3009 
2267 2582 4197 4201 4200 
2268 4197 2580 4198 4201 
2269 4201 4198 1414 4199 
2270 4200 4201 4199 3097 
2271 2497 3726 4205 4204 
2272 3726 2512 4202 4205 
2273 4205 4202 2111 4203 
2274 4204 4205 4203 2356 
2275 2551 4206 4210 4209 
2276 4206 2550 4207 4210 
2277 4210 4207 3115 4208 
2278 4209 4210 4208 3117 
2279 2442 3974 4214 4213 
2280 3974 1587 4211 4214 
2281 4214 4211 3213 4212 
2282 4213 4214 4212 2443 
2283 3121 4215 4218 4217 
2284 4215 2360 4216 4218 
2285 4218 4216 2958 3418 
2286 4217 4218 3418 3109 
2287 3184 4219 4223 4222 
2288 4219 2112 4220 4223 
2289 4223 4220 2492 4221 
2290 4222 4223 4221 3195 
2291 1918 4224 4226 4225 
2292 4224 2480 3851 4226 
2293 4226 3851 647 646 
2294 4225 4226 646 645 
2295 1646 4075 4228 4227 
2296 4075 2350 3598 4228 
2297 4228 3598 679 678 
2298 4227 4228 678 677 
2299 2454 4229 4232 4231 
2300 4229 1921 4150 4232 
2301 4232 4150 2456 4230 
2302 4231 4232 4230 2455 
2303 1748 4233 4237 4236 
2304 4233 2414 4234 4237 
2305 4237 4234 2378 4235 
2306 4236 4237 4235 2132 
2307 2559 4169 4241 4240 
2308 4169 1616 4238 4241 
2309 4241 4238 1618 4239 
2310 4240 4241 4239 2557 
2311 1933 4242 4245 4108 
2312 4242 1943 4243 4245 
2313 4245 4243 2128 4244 
2314 4108 4245 4244 2105 
2315 2518 4246 4250 4249 
2316 4246 2842 4247 4250 
2317 4250 4247 3296 4248 
2318 4249 4250 4248 2519 
2319 2179 4251 4255 4254 
2320 4251 2421 4252 4255 
2321 4255 4252 1533 4253 
2322 4254 4255 4253 2420 
2323 2351 4256 4259 4258 
2324 4256 2454 4231 4259 
2325 4259 4231 2455 4257 
2326 4258 4259 4257 2482 
2327 2016 4260 4264 4263 
2328 4260 3073 4261 4264 
2329 4264 4261 3245 4262 
2330 4263 4264 4262 2405 
2331 3377 4265 4269 4268 
2332 4265 2292 4266 4269 
2333 4269 4266 2883 4267 
2334 4268 4269 4267 2433 
2335 2130 4270 4274 4273 
2336 4270 2478 4271 4274 
2337 4274 4271 1944 4272 
2338 4273 4274 4272 1949 
2339 3263 4275 4279 4278 
2340 4275 2388 4276 4279 
2341 4279 4276 3174 4277 
2342 4278 4279 4277 1994 
2343 2398 3952 4283 4282 
2344 3952 2533 4280 4283 
2345 4283 4280 3309 4281 
2346 4282 4283 4281 3074 
2347 2154 4284 4288 4287 
2348 4284 3228 4285 4288 
2349 4288 4285 2770 4286 
2350 4287 4288 4286 3221 
2351 2451 4289 4292 4291 
2352 4289 1526 4290 4292 
2353 4292 4290 607 606 
2354 4291 4292 606 605 
2355 1971 4293 4297 4296 
2356 4293 2444 4294 4297 
2357 4297 4294 3387 4295 
2358 4296 4297 4295 3000 
2359 2417 4298 4300 4299 
2360 4298 1918 4225 4300 
2361 4300 4225 645 644 
2362 4299 4300 644 643 
2363 2531 4301 4305 4304 
2364 4301 2851 4302 4305 
2365 4305 4302 1968 4303 
2366 4304 4305 4303 2895 
2367 2072 4143 4309 4308 
2368 4143 2471 4306 4309 
2369 4309 4306 2203 4307 
2370 4308 4309 4307 2474 
2371 3235 4310 4314 4313 
2372 4310 1683 4311 4314 
2373 4314 4311 2562 4312 
2374 4313 4314 4312 3281 
2375 2404 4315 4319 4318 
2376 4315 2092 4316 4319 
2377 4319 4316 1660 4317 
2378 4318 4319 4317 1575 
2379 3040 4320 4323 3806 
2380 4320 1827 4321 4323 
2381 4323 4321 3358 4322 
2382 3806 4323 4322 2415 
2383 2522 4324 4328 4327 
2384 4324 2293 4325 4328 
2385 4328 4325 3340 4326 
2386 4327 4328 4326 3131 
2387 2211 4329 4333 4332 
2388 4329 1408 4330 4333 
2389 4333 4330 1440 4331 
2390 4332 4333 4331 2484 
2391 2488 4334 4338 4337 
2392 4334 3217 4335 4338 
2393 4338 4335 3291 4336 
2394 4337 4338 4336 1523 
2395 2827 4339 4342 4341 
2396 4339 2364 3501 4342 
2397 4342 3501 3151 4340 
2398 4341 4342 4340 2755 
2399 3377 4268 4345 4344 
2400 4268 2433 4343 4345 
2401 4345 4343 701 700 
2402 4344 4345 700 699 
2403 1606 4346 4350 4349 
2404 4346 1548 4347 4350 
2405 4350 4347 1528 4348 
2406 4349 4350 4348 2573 
2407 1491 4351 4355 4354 
2408 4351 3105 4352 4355 
2409 4355 4352 2854 4353 
2410 4354 4355 4353 3175 
2411 1918 4356 4357 4224 
2412 4356 2481 3651 4357 
2413 4357 3651 3020 3402 
2414 4224 4357 3402 2480 
2415 2729 4358 4362 4361 
2416 4358 2728 4359 4362 
2417 4362 4359 2727 4360 
2418 4361 4362 4360 1508 
2419 563 3616 4365 564 
2420 3616 2423 4363 4365 
2421 4365 4363 2420 4364 
2422 564 4365 4364 565 
2423 3290 4366 4370 4369 
2424 4366 2596 4367 4370 
2425 4370 4367 3292 4368 
2426 4369 4370 4368 1705 
2427 3017 4371 4373 3880 
2428 4371 2684 3910 4373 
2429 4373 3910 3067 4372 
2430 3880 4373 4372 1992 
2431 2689 4374 4378 4377 
2432 4374 2688 4375 4378 
2433 4378 4375 2687 4376 
2434 4377 4378 4376 1507 
2435 2696 4379 4383 4382 
2436 4379 2695 4380 4383 
2437 4383 4380 2694 4381 
2438 4382 4383 4381 1505 
2439 2734 4384 4388 4387 
2440 4384 2733 4385 4388 
2441 4388 4385 2732 4386 
2442 4387 4388 4386 1510 
2443 567 4389 4391 568 
2444 4389 1533 4390 4391 
2445 4391 4390 2424 4032 
2446 568 4391 4032 569 
2447 2438 4102 4394 4393 
2448 4102 1439 4392 4394 
2449 4394 4392 376 377 
2450 4393 4394 377 378 
2451 2441 4395 4397 3836 
2452 4395 2066 4396 4397 
2453 4397 4396 380 381 
2454 3836 4397 381 382 
2455 2533 3951 4401 4400 
2456 3951 2448 4398 4401 
2457 4401 4398 3347 4399 
2458 4400 4401 4399 2247 
2459 2573 4402 4405 4349 
2460 4402 2571 4403 4405 
2461 4405 4403 1608 4404 
2462 4349 4405 4404 1606 
2463 2450 4406 4409 4408 
2464 4406 352 353 4409 
2465 4409 353 354 4407 
2466 4408 4409 4407 2351 
2467 3226 4410 4414 4413 
2468 4410 2774 4411 4414 
2469 4414 4411 2775 4412 
2470 4413 4414 4412 3208 
2471 1997 4415 4419 4418 
2472 4415 2000 4416 4419 
2473 4419 4416 2294 4417 
2474 4418 4419 4417 2293 
2475 2723 4420 4424 4423 
2476 4420 2721 4421 4424 
2477 4424 4421 2722 4422 
2478 4423 4424 4422 1506 
2479 2621 4425 4428 4427 
2480 4425 2620 3581 4428 
2481 4428 3581 3215 4426 
2482 4427 4428 4426 3210 
2483 340 4429 4431 339 
2484 4429 2504 3447 4431 
2485 4431 3447 2503 4430 
2486 339 4431 4430 338 
2487 2524 4432 4436 4435 
2488 4432 2087 4433 4436 
2489 4436 4433 3163 4434 
2490 4435 4436 4434 2990 
2491 2070 4437 4439 3547 
2492 4437 2072 4308 4439 
2493 4439 4308 2474 4438 
2494 3547 4439 4438 2476 
2495 2344 4440 4444 4443 
2496 4440 2894 4441 4444 
2497 4444 4441 2521 4442 
2498 4443 4444 4442 3321 
2499 3328 4445 4448 4447 
2500 4445 543 542 4448 
2501 4448 542 541 4446 
2502 4447 4448 4446 2511 
2503 2365 4449 4453 4452 
2504 4449 1390 4450 4453 
2505 4453 4450 3120 4451 
2506 4452 4453 4451 2376 
2507 2467 4454 4455 3784 
2508 4454 1413 3594 4455 
2509 4455 3594 410 411 
2510 3784 4455 411 412 
2511 3140 4456 4460 4459 
2512 4456 2782 4457 4460 
2513 4460 4457 2781 4458 
2514 4459 4460 4458 3157 
2515 2111 4461 4463 4203 
2516 4461 2230 4462 4463 
2517 4463 4462 2496 3941 
2518 4203 4463 3941 2356 
2519 2525 4464 4467 3706 
2520 4464 2311 4465 4467 
2521 4467 4465 2147 4466 
2522 3706 4467 4466 2486 
2523 3282 4468 4472 4471 
2524 4468 2587 4469 4472 
2525 4472 4469 3287 4470 
2526 4471 4472 4470 1478 
2527 2889 3856 4476 4475 
2528 3856 2890 4473 4476 
2529 4476 4473 3359 4474 
2530 4475 4476 4474 2457 
2531 2534 4477 4479 3749 
2532 4477 360 361 4479 
2533 4479 361 362 4478 
2534 3749 4479 4478 1482 
2535 113 114 4482 4481 
2536 114 115 4480 4482 
2537 4482 4480 1508 4360 
2538 4481 4482 4360 2727 
2539 370 371 4485 4484 
2540 371 372 4483 4485 
2541 4485 4483 2488 4337 
2542 4484 4485 4337 1523 
2543 3005 4486 4490 4489 
2544 4486 3012 4487 4490 
2545 4490 4487 3016 4488 
2546 4489 4490 4488 2666 
2547 2454 4491 4493 4229 
2548 4491 356 357 4493 
2549 4493 357 358 4492 
2550 4229 4493 4492 1921 
2551 2458 4494 4498 4497 
2552 4494 2460 4495 4498 
2553 4498 4495 2920 4496 
2554 4497 4498 4496 2483 
2555 147 148 4501 4500 
2556 148 149 4499 4501 
2557 4501 4499 1507 4376 
2558 4500 4501 4376 2687 
2559 119 120 4504 4503 
2560 120 121 4502 4504 
2561 4504 4502 1510 4386 
2562 4503 4504 4386 2732 
2563 2682 4505 4509 4508 
2564 4505 2681 4506 4509 
2565 4509 4506 2680 4507 
2566 4508 4509 4507 1509 
2567 153 154 4512 4511 
2568 154 155 4510 4512 
2569 4512 4510 1505 4381 
2570 4511 4512 4381 2694 
2571 2748 4513 4517 4516 
2572 4513 2905 4514 4517 
2573 4517 4514 3351 4515 
2574 4516 4517 4515 2749 
2575 2468 4518 4521 4520 
2576 4518 364 365 4521 
2577 4521 365 366 4519 
2578 4520 4521 4519 1692 
2579 1762 4522 4525 4524 
2580 4522 3018 4523 4525 
2581 4525 4523 3130 3611 
2582 4524 4525 3611 2876 
2583 3006 4526 4529 4528 
2584 4526 2699 4080 4529 
2585 4529 4080 3015 4527 
2586 4528 4529 4527 1988 
2587 1524 4530 4532 4531 
2588 4530 2417 4299 4532 
2589 4532 4299 643 642 
2590 4531 4532 642 641 
2591 3137 4533 4536 4535 
2592 4533 344 345 4536 
2593 4536 345 346 4534 
2594 4535 4536 4534 1926 
2595 2727 4537 4539 4481 
2596 4537 2725 4538 4539 
2597 4539 4538 111 112 
2598 4481 4539 112 113 
2599 2732 4540 4542 4503 
2600 4540 2730 4541 4542 
2601 4542 4541 117 118 
2602 4503 4542 118 119 
2603 2694 4543 4545 4511 
2604 4543 2692 4544 4545 
2605 4545 4544 151 152 
2606 4511 4545 152 153 
2607 2504 4429 4548 4547 
2608 4429 340 341 4548 
2609 4548 341 342 4546 
2610 4547 4548 4546 1487 
2611 107 108 4551 4550 
2612 108 109 4549 4551 
2613 4551 4549 1506 4422 
2614 4550 4551 4422 2722 
2615 2537 4552 4556 4555 
2616 4552 2847 4553 4556 
2617 4556 4553 1490 4554 
2618 4555 4556 4554 2538 
2619 1645 4557 4559 4558 
2620 4557 1997 4418 4559 
2621 4559 4418 2293 4324 
2622 4558 4559 4324 2522 
2623 2561 4560 4563 4562 
2624 4560 2422 4561 4563 
2625 4563 4561 1533 4252 
2626 4562 4563 4252 2421 
2627 3282 4471 4567 4566 
2628 4471 1478 4564 4567 
2629 4567 4564 3280 4565 
2630 4566 4567 4565 2590 
2631 2430 3773 4569 4568 
2632 3773 573 572 4569 
2633 4569 572 571 4031 
2634 4568 4569 4031 2002 
2635 2510 3901 4572 4571 
2636 3901 1436 4570 4572 
2637 4572 4570 324 325 
2638 4571 4572 325 326 
2639 1694 4573 4575 4574 
2640 4573 2451 4291 4575 
2641 4575 4291 605 604 
2642 4574 4575 604 603 
2643 1970 4576 4579 4578 
2644 4576 1731 4577 4579 
2645 4579 4577 2954 3704 
2646 4578 4579 3704 2486 
2647 2687 4580 4582 4500 
2648 4580 2685 4581 4582 
2649 4582 4581 145 146 
2650 4500 4582 146 147 
2651 2429 4583 4585 4584 
2652 4583 2428 4010 4585 
2653 4585 4010 2425 4185 
2654 4584 4585 4185 2427 
2655 2477 4586 4589 4588 
2656 4586 334 335 4589 
2657 4589 335 336 4587 
2658 4588 4589 4587 1675 
2659 2511 4446 4592 4591 
2660 4446 541 540 4592 
2661 4592 540 539 4590 
2662 4591 4592 4590 1975 
2663 2219 3931 4596 4595 
2664 3931 1804 4593 4596 
2665 4596 4593 1805 4594 
2666 4595 4596 4594 1814 
2667 3099 4597 4600 4599 
2668 4597 2563 4598 4600 
2669 4600 4598 2195 3549 
2670 4599 4600 3549 3075 
2671 1739 4601 4605 4604 
2672 4601 1569 4602 4605 
2673 4605 4602 1571 4603 
2674 4604 4605 4603 2878 
2675 141 142 4608 4607 
2676 142 143 4606 4608 
2677 4608 4606 1509 4507 
2678 4607 4608 4507 2680 
2679 2668 4609 4612 4611 
2680 4609 2734 4387 4612 
2681 4612 4387 1510 4610 
2682 4611 4612 4610 2754 
2683 1598 4613 4617 4616 
2684 4613 2516 4614 4617 
2685 4617 4614 2517 4615 
2686 4616 4617 4615 2168 
2687 3225 4618 4622 4621 
2688 4618 1398 4619 4622 
2689 4622 4619 3380 4620 
2690 4621 4622 4620 2411 
2691 2066 4082 4623 4396 
2692 4082 2438 4393 4623 
2693 4623 4393 378 379 
2694 4396 4623 379 380 
2695 1790 4624 4626 4625 
2696 4624 350 351 4626 
2697 4626 351 352 4406 
2698 4625 4626 4406 2450 
2699 2569 3891 4629 4628 
2700 3891 2818 4099 4629 
2701 4629 4099 2401 4627 
2702 4628 4629 4627 2402 
2703 2433 4630 4632 4343 
2704 4630 1951 4631 4632 
2705 4632 4631 703 702 
2706 4343 4632 702 701 
2707 3012 4486 4636 4635 
2708 4486 3005 4633 4636 
2709 4636 4633 2671 4634 
2710 4635 4636 4634 2043 
2711 3372 4637 4641 4640 
2712 4637 2130 4638 4641 
2713 4641 4638 1958 4639 
2714 4640 4641 4639 3088 
2715 2351 4407 4642 4256 
2716 4407 354 355 4642 
2717 4642 355 356 4491 
2718 4256 4642 4491 2454 
2719 2455 4643 4646 4257 
2720 4643 3359 4644 4646 
2721 4646 4644 3384 4645 
2722 4257 4646 4645 2482 
2723 3269 4647 4650 4056 
2724 4647 2591 4648 4650 
2725 4650 4648 3275 4649 
2726 4056 4650 4649 1476 
2727 2312 4651 4654 4653 
2728 4651 2311 4464 4654 
2729 4654 4464 2525 4652 
2730 4653 4654 4652 2313 
2731 2722 4655 4657 4550 
2732 4655 2720 4656 4657 
2733 4657 4656 105 106 
2734 4550 4657 106 107 
2735 2378 4123 4660 4235 
2736 4123 2248 4658 4660 
2737 4660 4658 2133 4659 
2738 4235 4660 4659 2132 
2739 2087 4661 4664 4433 
2740 4661 2598 4662 4664 
2741 4664 4662 3305 4663 
2742 4433 4664 4663 3163 
2743 16 4665 4669 4668 
2744 4665 1596 4666 4669 
2745 4669 4666 2168 4667 
2746 4668 4669 4667 2519 
2747 3069 4670 4673 4672 
2748 4670 609 608 4673 
2749 4673 608 607 4671 
2750 4672 4673 4671 2470 
2751 1482 4478 4675 4674 
2752 4478 362 363 4675 
2753 4675 363 364 4518 
2754 4674 4675 4518 2468 
2755 17 4676 4678 538 
2756 4676 2975 4677 4678 
2757 4678 4677 1975 4590 
2758 538 4678 4590 539 
2759 2019 4679 4683 4682 
2760 4679 2552 4680 4683 
2761 4683 4680 2493 4681 
2762 4682 4683 4681 2145 
2763 2042 4684 4687 3413 
2764 4684 2416 4685 4687 
2765 4687 4685 2096 4686 
2766 3413 4687 4686 3360 
2767 2419 4688 4690 3884 
2768 4688 2164 4689 4690 
2769 4690 4689 402 403 
2770 3884 4690 403 404 
2771 2920 4691 4693 4496 
2772 4691 1788 4692 4693 
2773 4693 4692 2961 3978 
2774 4496 4693 3978 2483 
2775 3225 4694 4698 4697 
2776 4694 2412 4695 4698 
2777 4698 4695 2872 4696 
2778 4697 4698 4696 3049 
2779 2339 4699 4701 4700 
2780 4699 332 333 4701 
2781 4701 333 334 4586 
2782 4700 4701 4586 2477 
2783 2517 4702 4703 4615 
2784 4702 2518 4249 4703 
2785 4703 4249 2519 4667 
2786 4615 4703 4667 2168 
2787 2447 4704 4705 4156 
2788 4704 2876 3610 4705 
2789 4705 3610 2875 3471 
2790 4156 4705 3471 2446 
2791 157 158 4709 4708 
2792 158 159 4706 4709 
2793 4709 4706 1701 4707 
2794 4708 4709 4707 2700 
2795 2680 4710 4712 4607 
2796 4710 2678 4711 4712 
2797 4712 4711 139 140 
2798 4607 4712 140 141 
2799 3281 4312 4716 4715 
2800 4312 2562 4713 4716 
2801 4716 4713 1816 4714 
2802 4715 4716 4714 3273 
2803 2449 4717 4720 3929 
2804 4717 2289 4718 4720 
2805 4720 4718 2020 4719 
2806 3929 4720 4719 2490 
2807 2495 4721 4724 4723 
2808 4721 1541 4722 4724 
2809 4724 4722 398 399 
2810 4723 4724 399 400 
2811 2465 3869 4725 3595 
2812 3869 1735 3882 4725 
2813 4725 3882 406 407 
2814 3595 4725 407 408 
2815 2356 3944 4727 4204 
2816 3944 1686 4726 4727 
2817 4727 4726 3022 3621 
2818 4204 4727 3621 2497 
2819 3006 4728 4731 4730 
2820 4728 3008 4729 4731 
2821 4731 4729 2043 4634 
2822 4730 4731 4634 2671 
2823 3098 4732 4734 4733 
2824 4732 2488 4483 4734 
2825 4734 4483 372 373 
2826 4733 4734 373 374 
2827 3173 4735 4738 3796 
2828 4735 3181 4736 4738 
2829 4738 4736 2798 4737 
2830 3796 4738 4737 1471 
2831 3347 4398 4742 4741 
2832 4398 2448 4739 4742 
2833 4742 4739 3177 4740 
2834 4741 4742 4740 1435 
2835 2035 4743 4747 4746 
2836 4743 2821 4744 4747 
2837 4747 4744 1983 4745 
2838 4746 4747 4745 1981 
2839 1533 4389 4748 4253 
2840 4389 567 566 4748 
2841 4748 566 565 4364 
2842 4253 4748 4364 2420 
2843 1394 4094 4751 4750 
2844 4094 3027 4749 4751 
2845 4751 4749 220 221 
2846 4750 4751 221 222 
2847 2010 4752 4756 4755 
2848 4752 2635 4753 4756 
2849 4756 4753 2634 4754 
2850 4755 4756 4754 2636 
2851 2022 4757 4761 4760 
2852 4757 2629 4758 4761 
2853 4761 4758 2628 4759 
2854 4760 4761 4759 2630 
2855 706 705 4765 4764 
2856 705 28 4762 4765 
2857 4765 4762 1406 4763 
2858 4764 4765 4763 1386 
2859 1622 4766 4770 4769 
2860 4766 2560 4767 4770 
2861 4770 4767 1948 4768 
2862 4769 4770 4768 1620 
2863 2674 4771 4775 4774 
2864 4771 1511 4772 4775 
2865 4775 4772 2676 4773 
2866 4774 4775 4773 2675 
2867 2566 4776 4780 4779 
2868 4776 1947 4777 4780 
2869 4780 4777 2571 4778 
2870 4779 4780 4778 2570 
2871 1773 4781 4784 4783 
2872 4781 2530 4782 4784 
2873 4784 4782 2851 4301 
2874 4783 4784 4301 2531 
2875 2847 4552 4788 4787 
2876 4552 2537 4785 4788 
2877 4788 4785 1713 4786 
2878 4787 4788 4786 1711 
2879 3350 4789 4793 4792 
2880 4789 2472 4790 4793 
2881 4793 4790 3196 4791 
2882 4792 4793 4791 1905 
2883 2484 4331 4797 4796 
2884 4331 1440 4794 4797 
2885 4797 4794 1488 4795 
2886 4796 4797 4795 1518 
2887 2164 4798 4799 4689 
2888 4798 2495 4723 4799 
2889 4799 4723 400 401 
2890 4689 4799 401 402 
2891 2524 4800 4803 4432 
2892 4800 1923 4801 4803 
2893 4803 4801 2083 4802 
2894 4432 4803 4802 2087 
2895 1504 4804 4807 4806 
2896 4804 2716 4805 4807 
2897 4807 4805 101 102 
2898 4806 4807 102 103 
2899 2130 4273 4810 4638 
2900 4273 1949 4808 4810 
2901 4810 4808 1950 4809 
2902 4638 4810 4809 1958 
2903 2327 3779 4814 4813 
2904 3779 2304 4811 4814 
2905 4814 4811 2143 4812 
2906 4813 4814 4812 2145 
2907 3290 4369 4817 4816 
2908 4369 1705 4815 4817 
2909 4817 4815 3287 4469 
2910 4816 4817 4469 2587 
2911 1948 4767 4821 4820 
2912 4767 2560 4818 4821 
2913 4821 4818 2553 4819 
2914 4820 4821 4819 2554 
2915 2491 4822 4825 4824 
2916 4822 1755 4823 4825 
2917 4825 4823 320 321 
2918 4824 4825 321 322 
2919 1675 4587 4826 3482 
2920 4587 336 337 4826 
2921 4826 337 338 4430 
2922 3482 4826 4430 2503 
2923 2560 4827 4830 4818 
2924 4827 1625 4828 4830 
2925 4830 4828 1667 4829 
2926 4818 4830 4829 2553 
2927 2861 4831 4835 4834 
2928 4831 2259 4832 4835 
2929 4835 4832 2922 4833 
2930 4834 4835 4833 2837 
2931 1948 4836 4840 4839 
2932 4836 2556 4837 4840 
2933 4840 4837 2558 4838 
2934 4839 4840 4838 2557 
2935 2494 4110 4844 4843 
2936 4110 1973 4841 4844 
2937 4844 4841 1783 4842 
2938 4843 4844 4842 1781 
2939 2870 4845 4849 4848 
2940 4845 2844 4846 4849 
2941 4849 4846 2570 4847 
2942 4848 4849 4847 2572 
2943 2594 4850 4854 4853 
2944 4850 2592 4851 4854 
2945 4854 4851 1903 4852 
2946 4853 4854 4852 1905 
2947 2568 4855 4859 4858 
2948 4855 2825 4856 4859 
2949 4859 4856 1795 4857 
2950 4858 4859 4857 2641 
2951 1399 4860 4864 4863 
2952 4860 3299 4861 4864 
2953 4864 4861 2506 4862 
2954 4863 4864 4862 2505 
2955 2652 4865 4869 4868 
2956 4865 2654 4866 4869 
2957 4869 4866 1990 4867 
2958 4868 4869 4867 2653 
2959 2328 4870 4873 4872 
2960 4870 2976 4871 4873 
2961 4873 4871 2281 3463 
2962 4872 4873 3463 3262 
2963 1436 3961 4874 4570 
2964 3961 2491 4824 4874 
2965 4874 4824 322 323 
2966 4570 4874 323 324 
2967 3265 4875 4879 4878 
2968 4875 2429 4876 4879 
2969 4879 4876 3085 4877 
2970 4878 4879 4877 3201 
2971 2576 4880 4884 4883 
2972 4880 2079 4881 4884 
2973 4884 4881 1917 4882 
2974 4883 4884 4882 2575 
2975 2123 4885 4888 4887 
2976 4885 2539 3408 4888 
2977 4888 3408 2498 4886 
2978 4887 4888 4886 2258 
2979 1735 3868 4891 3883 
2980 3868 2386 4889 4891 
2981 4891 4889 3189 4890 
2982 3883 4891 4890 2419 
2983 2595 4892 4895 4894 
2984 4892 2593 4893 4895 
2985 4895 4893 2592 4850 
2986 4894 4895 4850 2594 
2987 2579 4896 4900 4899 
2988 4896 2185 4897 4900 
2989 4900 4897 2004 4898 
2990 4899 4900 4898 2578 
2991 2243 4901 4905 4904 
2992 4901 3227 4902 4905 
2993 4905 4902 2740 4903 
2994 4904 4905 4903 3194 
2995 2565 4906 4910 4909 
2996 4906 1791 4907 4910 
2997 4910 4907 1658 4908 
2998 4909 4910 4908 2564 
2999 3048 4911 4915 4914 
3000 4911 2719 4912 4915 
3001 4915 4912 2717 4913 
3002 4914 4915 4913 2718 
3003 2169 4916 4920 4919 
3004 4916 2141 4917 4920 
3005 4920 4917 1799 4918 
3006 4919 4920 4918 2142 
3007 2145 4812 4923 4682 
3008 4812 2143 4921 4923 
3009 4923 4921 2032 4922 
3010 4682 4923 4922 2019 
3011 1598 4924 4927 4613 
3012 4924 1600 4925 4927 
3013 4927 4925 1800 4926 
3014 4613 4927 4926 2516 
3015 1612 4928 4932 4931 
3016 4928 1610 4929 4932 
3017 4932 4929 1947 4930 
3018 4931 4932 4930 2574 
3019 1799 4933 4936 4918 
3020 4933 2762 4934 4936 
3021 4936 4934 2188 4935 
3022 4918 4936 4935 2142 
3023 2535 4937 4940 4939 
3024 4937 1696 4938 4940 
3025 4940 4938 424 425 
3026 4939 4940 425 426 
3027 2532 4176 4943 3983 
3028 4176 2099 4941 4943 
3029 4943 4941 2300 4942 
3030 3983 4943 4942 2301 
3031 2814 4944 4948 4947 
3032 4944 2542 4945 4948 
3033 4948 4945 2208 4946 
3034 4947 4948 4946 2206 
3035 2581 4949 4952 4951 
3036 4949 1396 4950 4952 
3037 4952 4950 77 78 
3038 4951 4952 78 79 
3039 2543 4953 4955 4954 
3040 4953 1397 3935 4955 
3041 4955 3935 183 184 
3042 4954 4955 184 185 
3043 2716 4956 4958 4805 
3044 4956 2714 4957 4958 
3045 4958 4957 99 100 
3046 4805 4958 100 101 
3047 2402 4959 4962 4628 
3048 4959 2568 4960 4962 
3049 4962 4960 2567 4961 
3050 4628 4962 4961 2569 
3051 1590 4963 4967 4966 
3052 4963 2658 4964 4967 
3053 4967 4964 1808 4965 
3054 4966 4967 4965 1677 
3055 2580 4968 4970 4969 
3056 4968 2581 4951 4970 
3057 4970 4951 79 80 
3058 4969 4970 80 81 
3059 1485 4971 4974 4973 
3060 4971 1521 4170 4974 
3061 4974 4170 2559 4972 
3062 4973 4974 4972 2935 
3063 2536 4975 4978 4977 
3064 4975 1697 4976 4978 
3065 4978 4976 73 74 
3066 4977 4978 74 75 
3067 2147 4465 4981 4980 
3068 4465 2311 4651 4981 
3069 4981 4651 2312 4979 
3070 4980 4981 4979 2310 
3071 3071 4982 4986 4985 
3072 4982 1671 4983 4986 
3073 4986 4983 3214 4984 
3074 4985 4986 4984 2787 
3075 2583 4987 4990 4989 
3076 4987 1392 4988 4990 
3077 4990 4988 428 429 
3078 4989 4990 429 430 
3079 1911 4991 4994 4993 
3080 4991 2239 4992 4994 
3081 4994 4992 2516 4926 
3082 4993 4994 4926 1800 
3083 2568 4959 4997 4855 
3084 4959 2402 4995 4997 
3085 4997 4995 2188 4996 
3086 4855 4997 4996 2825 
3087 2599 4998 5002 5001 
3088 4998 2738 4999 5002 
3089 5002 4999 2589 5000 
3090 5001 5002 5000 2591 
3091 1947 4776 5005 4930 
3092 4776 2566 5003 5005 
3093 5005 5003 2564 5004 
3094 4930 5005 5004 2574 
3095 1921 4492 5006 4151 
3096 4492 358 359 5006 
3097 5006 359 360 4477 
3098 4151 5006 4477 2534 
3099 2738 5007 5010 4999 
3100 5007 2056 5008 5010 
3101 5010 5008 2588 5009 
3102 4999 5010 5009 2589 
3103 1773 5011 5014 4781 
3104 5011 1940 5012 5014 
3105 5014 5012 2075 5013 
3106 4781 5014 5013 2530 
3107 2552 4679 5018 5017 
3108 4679 2019 5015 5018 
3109 5018 5015 2018 5016 
3110 5017 5018 5016 1785 
3111 2548 5019 5022 5021 
3112 5019 1699 5020 5022 
3113 5022 5020 187 188 
3114 5021 5022 188 189 
3115 2002 4011 5024 4568 
3116 4011 2428 5023 5024 
3117 5024 5023 3182 3915 
3118 4568 5024 3915 2430 
3119 2686 5025 5028 5027 
3120 5025 2688 5026 5028 
3121 5028 5026 2690 3737 
3122 5027 5028 3737 2691 
3123 2693 5029 5032 5031 
3124 5029 2695 5030 5032 
3125 5032 5030 2697 3604 
3126 5031 5032 3604 2698 
3127 2547 5033 5036 5035 
3128 5033 310 311 5036 
3129 5036 311 312 5034 
3130 5035 5036 5034 1698 
3131 2565 5037 5040 4906 
3132 5037 2641 5038 5040 
3133 5040 5038 1792 5039 
3134 4906 5040 5039 1791 
3135 1463 5041 5044 5043 
3136 5041 1493 5042 5044 
3137 5044 5042 3149 3638 
3138 5043 5044 3638 2413 
3139 2641 5037 5046 4858 
3140 5037 2565 5045 5046 
3141 5046 5045 2567 4960 
3142 4858 5046 4960 2568 
3143 2604 5047 5051 5050 
3144 5047 2606 5048 5051 
3145 5051 5048 2045 5049 
3146 5050 5051 5049 2605 
3147 2610 5052 5056 5055 
3148 5052 2612 5053 5056 
3149 5056 5053 2037 5054 
3150 5055 5056 5054 2611 
3151 2616 5057 5061 5060 
3152 5057 2618 5058 5061 
3153 5061 5058 2033 5059 
3154 5060 5061 5059 2617 
3155 2622 5062 5066 5065 
3156 5062 2624 5063 5066 
3157 5066 5063 2026 5064 
3158 5065 5066 5064 2623 
3159 2493 4680 5069 5068 
3160 4680 2552 5067 5069 
3161 5069 5067 1783 4841 
3162 5068 5069 4841 1973 
3163 2640 5070 5074 5073 
3164 5070 2645 5071 5074 
3165 5074 5071 2005 5072 
3166 5073 5074 5072 2657 
3167 2675 5075 5078 4774 
3168 5075 2673 5076 5078 
3169 5078 5076 2672 5077 
3170 4774 5078 5077 2674 
3171 2674 5077 5081 5080 
3172 5077 2672 5079 5081 
3173 5081 5079 133 134 
3174 5080 5081 134 135 
3175 2641 4857 5084 5038 
3176 4857 1795 5082 5084 
3177 5084 5082 1794 5083 
3178 5038 5084 5083 1792 
3179 1857 5085 5089 5088 
3180 5085 1859 5086 5089 
3181 5089 5086 2633 5087 
3182 5088 5089 5087 2635 
3183 2574 5004 5092 5091 
3184 5004 2564 4908 5092 
3185 5092 4908 1658 5090 
3186 5091 5092 5090 1615 
3187 1777 5093 5097 5096 
3188 5093 1630 5094 5097 
3189 5097 5094 1628 5095 
3190 5096 5097 5095 2523 
3191 2679 5098 5101 5100 
3192 5098 2681 5099 5101 
3193 5101 5099 2683 3911 
3194 5100 5101 3911 2684 
3195 1501 5102 5106 5105 
3196 5102 2711 5103 5106 
3197 5106 5103 2736 5104 
3198 5105 5106 5104 2710 
3199 2600 5107 5111 5110 
3200 5107 2051 5108 5111 
3201 5111 5108 1893 5109 
3202 5110 5111 5109 2599 
3203 2141 5112 5115 4917 
3204 5112 2140 5113 5115 
3205 5115 5113 1798 5114 
3206 4917 5115 5114 1799 
3207 1734 5116 5119 5118 
3208 5116 2549 5117 5119 
3209 5119 5117 2550 4206 
3210 5118 5119 4206 2551 
3211 1508 5120 5123 4361 
3212 5120 2730 5121 5123 
3213 5123 5121 2731 5122 
3214 4361 5123 5122 2729 
3215 1863 5124 5128 5127 
3216 5124 1865 5125 5128 
3217 5128 5125 2627 5126 
3218 5127 5128 5126 2629 
3219 1839 5129 5133 5132 
3220 5129 1841 5130 5133 
3221 5133 5130 2651 5131 
3222 5132 5133 5131 2653 
3223 1511 4771 5135 5134 
3224 4771 2674 5080 5135 
3225 5135 5080 135 136 
3226 5134 5135 136 137 
3227 1392 3768 5136 4988 
3228 3768 2535 4939 5136 
3229 5136 4939 426 427 
3230 4988 5136 427 428 
3231 2333 5137 5141 5140 
3232 5137 1787 5138 5141 
3233 5141 5138 1761 5139 
3234 5140 5141 5139 2201 
3235 1505 5142 5145 4382 
3236 5142 2700 5143 5145 
3237 5145 5143 2701 5144 
3238 4382 5145 5144 2696 
3239 1507 5146 5149 4377 
3240 5146 2692 5147 5149 
3241 5149 5147 2693 5148 
3242 4377 5149 5148 2689 
3243 2567 5045 5151 5150 
3244 5045 2565 4909 5151 
3245 5151 4909 2564 5003 
3246 5150 5151 5003 2566 
3247 1948 4820 5154 4836 
3248 4820 2554 5152 5154 
3249 5154 5152 2555 5153 
3250 4836 5154 5153 2556 
3251 1396 5155 5156 4950 
3252 5155 2536 4977 5156 
3253 5156 4977 75 76 
3254 4950 5156 76 77 
3255 1730 5157 5161 5160 
3256 5157 2702 5158 5161 
3257 5161 5158 1706 5159 
3258 5160 5161 5159 1708 
3259 2538 5162 5165 4555 
3260 5162 2252 5163 5165 
3261 5165 5163 1722 5164 
3262 4555 5165 5164 2537 
3263 3234 3712 5169 5168 
3264 3712 2373 5166 5169 
3265 5169 5166 3220 5167 
3266 5168 5169 5167 1926 
3267 1506 5170 5173 4423 
3268 5170 2725 5171 5173 
3269 5173 5171 2726 5172 
3270 4423 5173 5172 2723 
3271 1699 5174 5175 5020 
3272 5174 2543 4954 5175 
3273 5175 4954 185 186 
3274 5020 5175 186 187 
3275 1415 5176 5179 5178 
3276 5176 2549 5177 5179 
3277 5179 5177 175 176 
3278 5178 5179 176 177 
3279 2584 5180 5184 5183 
3280 5180 2064 5181 5184 
3281 5184 5181 2586 5182 
3282 5183 5184 5182 2585 
3283 1399 5185 5188 5187 
3284 5185 2546 5186 5188 
3285 5188 5186 312 313 
3286 5187 5188 313 314 
3287 2703 5189 5192 5191 
3288 5189 1990 4866 5192 
3289 5192 4866 2654 5190 
3290 5191 5192 5190 2655 
3291 2661 5193 5197 5196 
3292 5193 2660 5194 5197 
3293 5197 5194 2659 5195 
3294 5196 5197 5195 2662 
3295 2285 5198 5201 5200 
3296 5198 2286 5199 5201 
3297 5201 5199 2530 5013 
3298 5200 5201 5013 2075 
3299 2056 5202 5204 5008 
3300 5202 2584 5183 5204 
3301 5204 5183 2585 5203 
3302 5008 5204 5203 2588 
3303 1940 5205 5208 5012 
3304 5205 2061 5206 5208 
3305 5208 5206 2199 5207 
3306 5012 5208 5207 2075 
3307 1391 5209 5211 5210 
3308 5209 2548 5021 5211 
3309 5211 5021 189 190 
3310 5210 5211 190 191 
3311 1393 5212 5214 5213 
3312 5212 308 309 5214 
3313 5214 309 310 5033 
3314 5213 5214 5033 2547 
3315 1509 5215 5218 4508 
3316 5215 2685 5216 5218 
3317 5218 5216 2686 5217 
3318 4508 5218 5217 2682 
3319 2669 5219 5223 5222 
3320 5219 2664 5220 5223 
3321 5223 5220 1512 5221 
3322 5222 5223 5221 2663 
3323 2549 5116 5225 5177 
3324 5116 1734 5224 5225 
3325 5225 5224 173 174 
3326 5177 5225 174 175 
3327 2717 5226 5229 4913 
3328 5226 1504 5227 5229 
3329 5229 5227 2720 5228 
3330 4913 5229 5228 2718 
3331 269 5230 5233 268 
3332 5230 1389 5231 5233 
3333 5233 5231 2659 5232 
3334 268 5233 5232 267 
3335 2088 5234 5237 5236 
3336 5234 1983 4744 5237 
3337 5237 4744 2821 5235 
3338 5236 5237 5235 2115 
3339 2673 5075 5240 5239 
3340 5075 2675 5238 5240 
3341 5240 5238 2677 4078 
3342 5239 5240 4078 2699 
3343 2572 5241 5244 5243 
3344 5241 2573 4348 5244 
3345 5244 4348 1528 5242 
3346 5243 5244 5242 2908 
3347 2644 5245 5249 5248 
3348 5245 2648 5246 5249 
3349 5249 5246 1999 5247 
3350 5248 5249 5247 2647 
3351 1630 5093 5253 5252 
3352 5093 1777 5250 5253 
3353 5253 5250 1778 5251 
3354 5252 5253 5251 1632 
3355 2778 5254 5257 5256 
3356 5254 2045 5048 5257 
3357 5257 5048 2606 5255 
3358 5256 5257 5255 2607 
3359 2779 5258 5261 5260 
3360 5258 2051 5107 5261 
3361 5261 5107 2600 5259 
3362 5260 5261 5259 2601 
3363 2777 5262 5265 5264 
3364 5262 2037 5053 5265 
3365 5265 5053 2612 5263 
3366 5264 5265 5263 2613 
3367 2776 5266 5269 5268 
3368 5266 2033 5058 5269 
3369 5269 5058 2618 5267 
3370 5268 5269 5267 2619 
3371 2557 4239 5271 4839 
3372 4239 1618 5270 5271 
3373 5271 5270 1620 4768 
3374 4839 5271 4768 1948 
3375 2623 5272 5274 5065 
3376 5272 2776 5268 5274 
3377 5274 5268 2619 5273 
3378 5065 5274 5273 2622 
3379 2617 5275 5277 5060 
3380 5275 2777 5264 5277 
3381 5277 5264 2613 5276 
3382 5060 5277 5276 2616 
3383 2611 5278 5280 5055 
3384 5278 2778 5256 5280 
3385 5280 5256 2607 5279 
3386 5055 5280 5279 2610 
3387 2605 5281 5283 5050 
3388 5281 2779 5260 5283 
3389 5283 5260 2601 5282 
3390 5050 5283 5282 2604 
3391 2304 5284 5287 4811 
3392 5284 2540 5285 5287 
3393 5287 5285 2144 5286 
3394 4811 5287 5286 2143 
3395 1664 5288 5291 5290 
3396 5288 2531 4304 5291 
3397 5291 4304 2895 5289 
3398 5290 5291 5289 1578 
3399 2663 5292 5295 5222 
3400 5292 1700 5293 5295 
3401 5295 5293 2670 5294 
3402 5222 5295 5294 2669 
3403 2738 4998 5298 5297 
3404 4998 2599 5109 5298 
3405 5298 5109 1893 5296 
3406 5297 5298 5296 1895 
3407 2045 5299 5302 5049 
3408 5299 1887 5300 5302 
3409 5302 5300 1889 5301 
3410 5049 5302 5301 2605 
3411 2037 5303 5306 5054 
3412 5303 1881 5304 5306 
3413 5306 5304 1883 5305 
3414 5054 5306 5305 2611 
3415 2033 5307 5310 5059 
3416 5307 1875 5308 5310 
3417 5310 5308 1877 5309 
3418 5059 5310 5309 2617 
3419 2776 5272 5314 5313 
3420 5272 2623 5311 5314 
3421 5314 5311 1869 5312 
3422 5313 5314 5312 1871 
3423 2623 5064 5317 5311 
3424 5064 2026 5315 5317 
3425 5317 5315 1867 5316 
3426 5311 5317 5316 1869 
3427 2629 4757 5320 5127 
3428 4757 2022 5318 5320 
3429 5320 5318 1861 5319 
3430 5127 5320 5319 1863 
3431 2494 4843 5324 5323 
3432 4843 1781 5321 5324 
3433 5324 5321 1780 5322 
3434 5323 5324 5322 1778 
3435 2635 4752 5327 5088 
3436 4752 2010 5325 5327 
3437 5327 5325 1855 5326 
3438 5088 5327 5326 1857 
3439 2064 5180 5331 5330 
3440 5180 2584 5328 5331 
3441 5331 5328 1899 5329 
3442 5330 5331 5329 1901 
3443 2657 5072 5335 5334 
3444 5072 2005 5332 5335 
3445 5335 5332 1849 5333 
3446 5334 5335 5333 1851 
3447 1901 5336 5338 5330 
3448 5336 1903 4851 5338 
3449 5338 4851 2592 5337 
3450 5330 5338 5337 2064 
3451 2560 4766 5341 4827 
3452 4766 1622 5339 5341 
3453 5341 5339 1624 5340 
3454 4827 5341 5340 1625 
3455 2639 5342 5345 5344 
3456 5342 2657 5334 5345 
3457 5345 5334 1851 5343 
3458 5344 5345 5343 1853 
3459 2925 5346 5349 5348 
3460 5346 3204 5347 5349 
3461 5349 5347 3194 4903 
3462 5348 5349 4903 2740 
3463 1541 5350 5353 5352 
3464 5350 2359 5351 5353 
3465 5353 5351 2360 4215 
3466 5352 5353 4215 3121 
3467 2710 5354 5357 5356 
3468 5354 2709 5355 5357 
3469 5357 5355 93 94 
3470 5356 5357 94 95 
3471 2754 5358 5361 4611 
3472 5358 2780 5359 5361 
3473 5361 5359 2665 5360 
3474 4611 5361 5360 2668 
3475 2709 5362 5364 5355 
3476 5362 1495 5363 5364 
3477 5364 5363 91 92 
3478 5355 5364 92 93 
3479 2571 4777 5366 4403 
3480 4777 1947 4929 5366 
3481 5366 4929 1610 5365 
3482 4403 5366 5365 1608 
3483 3275 4648 5369 5368 
3484 4648 2591 5000 5369 
3485 5369 5000 2589 5367 
3486 5368 5369 5367 2590 
3487 1999 5370 5373 5372 
3488 5370 2651 5130 5373 
3489 5373 5130 1841 5371 
3490 5372 5373 5371 1843 
3491 1794 5082 5377 5376 
3492 5082 1795 5374 5377 
3493 5377 5374 2762 5375 
3494 5376 5377 5375 1796 
3495 2707 4192 5380 5379 
3496 4192 2708 4095 5380 
3497 5380 4095 1394 5378 
3498 5379 5380 5378 2706 
3499 2780 5381 5383 5359 
3500 5381 1512 5220 5383 
3501 5383 5220 2664 5382 
3502 5359 5383 5382 2665 
3503 2647 5384 5387 5248 
3504 5384 2642 5385 5387 
3505 5387 5385 2643 5386 
3506 5248 5387 5386 2644 
3507 2642 5384 5391 5390 
3508 5384 2647 5388 5391 
3509 5391 5388 1845 5389 
3510 5390 5391 5389 1847 
3511 1897 5392 5394 5393 
3512 5392 1899 5328 5394 
3513 5394 5328 2584 5202 
3514 5393 5394 5202 2056 
3515 1847 5395 5397 5390 
3516 5395 1849 5332 5397 
3517 5397 5332 2005 5396 
3518 5390 5397 5396 2642 
3519 1414 4198 5399 5398 
3520 4198 2580 4969 5399 
3521 5399 4969 81 82 
3522 5398 5399 82 83 
3523 2537 5164 5402 4785 
3524 5164 1722 5400 5402 
3525 5402 5400 1721 5401 
3526 4785 5402 5401 1713 
3527 2642 5396 5404 5385 
3528 5396 2005 5071 5404 
3529 5404 5071 2645 5403 
3530 5385 5404 5403 2643 
3531 2651 5370 5407 5406 
3532 5370 1999 5246 5407 
3533 5407 5246 2648 5405 
3534 5406 5407 5405 2649 
3535 2653 4867 5410 5132 
3536 4867 1990 5408 5410 
3537 5410 5408 1837 5409 
3538 5132 5410 5409 1839 
3539 2574 5091 5413 4931 
3540 5091 1615 5411 5413 
3541 5413 5411 1614 5412 
3542 4931 5413 5412 1612 
3543 1401 5414 5418 5417 
3544 5414 2746 5415 5418 
3545 5418 5415 2747 5416 
3546 5417 5418 5416 2745 
3547 1843 5419 5420 5372 
3548 5419 1845 5388 5420 
3549 5420 5388 2647 5247 
3550 5372 5420 5247 1999 
3551 1405 5421 5424 5423 
3552 5421 263 264 5424 
3553 5424 264 265 5422 
3554 5423 5424 5422 2660 
3555 1824 5425 5429 5428 
3556 5425 1833 5426 5429 
3557 5429 5426 2065 5427 
3558 5428 5429 5427 2741 
3559 2935 4972 5431 5430 
3560 4972 2559 4240 5431 
3561 5431 4240 2557 4838 
3562 5430 5431 4838 2558 
3563 1895 5432 5433 5297 
3564 5432 1897 5393 5433 
3565 5433 5393 2056 5007 
3566 5297 5433 5007 2738 
3567 2396 5434 5437 5436 
3568 5434 1401 5435 5437 
3569 5437 5435 63 64 
3570 5436 5437 64 65 
3571 2617 5309 5440 5275 
3572 5309 1877 5438 5440 
3573 5440 5438 1879 5439 
3574 5275 5440 5439 2777 
3575 2611 5305 5443 5278 
3576 5305 1883 5441 5443 
3577 5443 5441 1885 5442 
3578 5278 5443 5442 2778 
3579 2605 5301 5446 5281 
3580 5301 1889 5444 5446 
3581 5446 5444 1891 5445 
3582 5281 5446 5445 2779 
3583 1859 5447 5449 5086 
3584 5447 1861 5318 5449 
3585 5449 5318 2022 5448 
3586 5086 5449 5448 2633 
3587 2789 5450 5454 5453 
3588 5450 2788 5451 5454 
3589 5454 5451 2787 5452 
3590 5453 5454 5452 2785 
3591 2752 5455 5458 5457 
3592 5455 1400 5456 5458 
3593 5458 5456 434 435 
3594 5457 5458 435 436 
3595 2704 5459 5462 5461 
3596 5459 2705 5460 5462 
3597 5462 5460 2741 5427 
3598 5461 5462 5427 2065 
3599 2498 4049 5465 4886 
3600 4049 2392 5463 5465 
3601 5465 5463 2391 5464 
3602 4886 5465 5464 2258 
3603 2780 5358 5468 5467 
3604 5358 2754 5466 5468 
3605 5468 5466 123 124 
3606 5467 5468 124 125 
3607 2685 5215 5469 4581 
3608 5215 1509 4606 5469 
3609 5469 4606 143 144 
3610 4581 5469 144 145 
3611 2714 5470 5472 4957 
3612 5470 1501 5471 5472 
3613 5472 5471 97 98 
3614 4957 5472 98 99 
3615 2720 5227 5473 4656 
3616 5227 1504 4806 5473 
3617 5473 4806 103 104 
3618 4656 5473 104 105 
3619 2725 5170 5474 4538 
3620 5170 1506 4549 5474 
3621 5474 4549 109 110 
3622 4538 5474 110 111 
3623 2730 5120 5475 4541 
3624 5120 1508 4480 5475 
3625 5475 4480 115 116 
3626 4541 5475 116 117 
3627 2754 4610 5476 5466 
3628 4610 1510 4502 5476 
3629 5476 4502 121 122 
3630 5466 5476 122 123 
3631 2663 5221 5479 5478 
3632 5221 1512 5477 5479 
3633 5479 5477 127 128 
3634 5478 5479 128 129 
3635 2678 5480 5481 4711 
3636 5480 1511 5134 5481 
3637 5481 5134 137 138 
3638 4711 5481 138 139 
3639 2692 5146 5482 4544 
3640 5146 1507 4499 5482 
3641 5482 4499 149 150 
3642 4544 5482 150 151 
3643 2700 5142 5483 4708 
3644 5142 1505 4510 5483 
3645 5483 4510 155 156 
3646 4708 5483 156 157 
3647 1511 5480 5486 4772 
3648 5480 2678 5484 5486 
3649 5486 5484 2679 5485 
3650 4772 5486 5485 2676 
3651 2753 4115 5488 5487 
3652 4115 2752 5457 5488 
3653 5488 5457 436 437 
3654 5487 5488 437 438 
3655 131 132 5491 5490 
3656 132 133 5079 5491 
3657 5491 5079 2672 5489 
3658 5490 5491 5489 1700 
3659 1403 5492 5495 5494 
3660 5492 2755 5493 5495 
3661 5495 5493 195 196 
3662 5494 5495 196 197 
3663 1787 5496 5499 5138 
3664 5496 1667 5497 5499 
3665 5499 5497 1760 5498 
3666 5138 5499 5498 1761 
3667 1791 5500 5503 4907 
3668 5500 1759 5501 5503 
3669 5503 5501 1758 5502 
3670 4907 5503 5502 1658 
3671 2756 5504 5506 5505 
3672 5504 1403 5494 5506 
3673 5506 5494 197 198 
3674 5505 5506 198 199 
3675 2758 5507 5510 5509 
3676 5507 300 301 5510 
3677 5510 301 302 5508 
3678 5509 5510 5508 1402 
3679 1585 5511 5515 5514 
3680 5511 1604 5512 5515 
3681 5515 5512 1605 5513 
3682 5514 5515 5513 1586 
3683 1853 5516 5518 5344 
3684 5516 1855 5325 5518 
3685 5518 5325 2010 5517 
3686 5344 5518 5517 2639 
3687 1496 5519 5522 5521 
3688 5519 2737 5520 5522 
3689 5522 5520 167 168 
3690 5521 5522 168 169 
3691 2655 5523 5525 5191 
3692 5523 2704 5461 5525 
3693 5525 5461 2065 5524 
3694 5191 5525 5524 2703 
3695 1865 5526 5528 5125 
3696 5526 1867 5315 5528 
3697 5528 5315 2026 5527 
3698 5125 5528 5527 2627 
3699 1798 5529 5530 5114 
3700 5529 1796 5375 5530 
3701 5530 5375 2762 4933 
3702 5114 5530 4933 1799 
3703 2767 5531 5535 5534 
3704 5531 2763 5532 5535 
3705 5535 5532 2118 5533 
3706 5534 5535 5533 2764 
3707 2760 5536 5538 5537 
3708 5536 2756 5505 5538 
3709 5538 5505 199 200 
3710 5537 5538 200 201 
3711 1702 5539 5542 5541 
3712 5539 2706 5540 5542 
3713 5542 5540 224 225 
3714 5541 5542 225 226 
3715 1719 5543 5547 5546 
3716 5543 1737 5544 5547 
3717 5547 5544 1965 5545 
3718 5546 5547 5545 2799 
3719 2138 5548 5552 5551 
3720 5548 2744 5549 5552 
3721 5552 5549 2743 5550 
3722 5551 5552 5550 2742 
3723 1501 5105 5553 5471 
3724 5105 2710 5356 5553 
3725 5553 5356 95 96 
3726 5471 5553 96 97 
3727 2657 5342 5556 5073 
3728 5342 2639 5554 5556 
3729 5556 5554 2637 5555 
3730 5073 5556 5555 2640 
3731 2660 5422 5557 5194 
3732 5422 265 266 5557 
3733 5557 266 267 5232 
3734 5194 5557 5232 2659 
3735 1700 5292 5558 5490 
3736 5292 2663 5478 5558 
3737 5558 5478 129 130 
3738 5490 5558 130 131 
3739 2206 4946 5562 5561 
3740 4946 2208 5559 5562 
3741 5562 5559 2209 5560 
3742 5561 5562 5560 2207 
3743 1540 5563 5566 5565 
3744 5563 1518 4795 5566 
3745 5566 4795 1488 5564 
3746 5565 5566 5564 1525 
3747 1703 5567 5570 5569 
3748 5567 273 274 5570 
3749 5570 274 275 5568 
3750 5569 5570 5568 2739 
3751 1591 5571 5575 5574 
3752 5571 1652 5572 5575 
3753 5575 5572 1653 5573 
3754 5574 5575 5573 1592 
3755 1395 5576 5579 5578 
3756 5576 277 278 5579 
3757 5579 278 279 5577 
3758 5578 5579 5577 2768 
3759 2121 5580 5583 5582 
3760 5580 2772 5581 5583 
3761 5583 5581 283 284 
3762 5582 5583 284 285 
3763 1504 5226 5586 4804 
3764 5226 2717 5584 5586 
3765 5586 5584 2715 5585 
3766 4804 5586 5585 2716 
3767 2033 5587 5590 5307 
3768 5587 1873 5588 5590 
3769 5590 5588 1874 5589 
3770 5307 5590 5589 1875 
3771 2649 5591 5592 5406 
3772 5591 2652 4868 5592 
3773 5592 4868 2653 5131 
3774 5406 5592 5131 2651 
3775 1724 5593 5597 5596 
3776 5593 2800 5594 5597 
3777 5597 5594 1960 5595 
3778 5596 5597 5595 1742 
3779 1671 5598 5600 5599 
3780 5598 2753 5487 5600 
3781 5600 5487 438 439 
3782 5599 5600 439 440 
3783 1672 5601 5604 5603 
3784 5601 296 297 5604 
3785 5604 297 298 5602 
3786 5603 5604 5602 2759 
3787 2759 5602 5606 5605 
3788 5602 298 299 5606 
3789 5606 299 300 5507 
3790 5605 5606 5507 2758 
3791 2570 4778 5607 4847 
3792 4778 2571 4402 5607 
3793 5607 4402 2573 5241 
3794 4847 5607 5241 2572 
3795 1613 5608 5612 5611 
3796 5608 1720 5609 5612 
3797 5612 5609 1954 5610 
3798 5611 5612 5610 2803 
3799 1553 5613 5615 5614 
3800 5613 2760 5537 5615 
3801 5615 5537 201 202 
3802 5614 5615 202 203 
3803 2593 5616 5617 4893 
3804 5616 2586 5181 5617 
3805 5617 5181 2064 5337 
3806 4893 5617 5337 2592 
3807 1401 5417 5619 5435 
3808 5417 2745 5618 5619 
3809 5619 5618 61 62 
3810 5435 5619 62 63 
3811 2706 5378 5620 5540 
3812 5378 1394 4750 5620 
3813 5620 4750 222 223 
3814 5540 5620 223 224 
3815 449 448 5624 5623 
3816 448 15 5621 5624 
3817 5624 5621 1626 5622 
3818 5623 5624 5622 1466 
3819 2069 5625 5628 5627 
3820 5625 2206 5561 5628 
3821 5628 5561 2207 5626 
3822 5627 5628 5626 2205 
3823 1636 5629 5632 5631 
3824 5629 2490 4719 5632 
3825 5632 4719 2020 5630 
3826 5631 5632 5630 1775 
3827 1871 5633 5634 5313 
3828 5633 1873 5587 5634 
3829 5634 5587 2033 5266 
3830 5313 5634 5266 2776 
3831 1881 5303 5636 5635 
3832 5303 2037 5262 5636 
3833 5636 5262 2777 5439 
3834 5635 5636 5439 1879 
3835 1887 5299 5638 5637 
3836 5299 2045 5254 5638 
3837 5638 5254 2778 5442 
3838 5637 5638 5442 1885 
3839 1893 5108 5640 5639 
3840 5108 2051 5258 5640 
3841 5640 5258 2779 5445 
3842 5639 5640 5445 1891 
3843 2768 5577 5643 5642 
3844 5577 279 280 5643 
3845 5643 280 281 5641 
3846 5642 5643 5641 2769 
3847 2739 5568 5645 5644 
3848 5568 275 276 5645 
3849 5645 276 277 5576 
3850 5644 5645 5576 1395 
3851 1736 5646 5650 5649 
3852 5646 2793 5647 5650 
3853 5650 5647 2270 5648 
3854 5649 5650 5648 2047 
3855 2782 5651 5653 4457 
3856 5651 2199 5206 5653 
3857 5653 5206 2061 5652 
3858 4457 5653 5652 2781 
3859 1901 5654 5657 5336 
3860 5654 1902 5655 5657 
3861 5657 5655 1904 5656 
3862 5336 5657 5656 1903 
3863 242 243 5661 5660 
3864 243 244 5658 5661 
3865 5661 5658 2763 5659 
3866 5660 5661 5659 1670 
3867 2794 5662 5666 5665 
3868 5662 2160 5663 5666 
3869 5666 5663 2159 5664 
3870 5665 5666 5664 2003 
3871 1990 5189 5669 5408 
3872 5189 2703 5667 5669 
3873 5669 5667 1835 5668 
3874 5408 5669 5668 1837 
3875 2789 5453 5673 5672 
3876 5453 2785 5670 5673 
3877 5673 5670 2119 5671 
3878 5672 5673 5671 2784 
3879 2636 5674 5675 4755 
3880 5674 2637 5554 5675 
3881 5675 5554 2639 5517 
3882 4755 5675 5517 2010 
3883 2630 5676 5678 4760 
3884 5676 2631 5677 5678 
3885 5678 5677 2633 5448 
3886 4760 5678 5448 2022 
3887 2555 5152 5681 5680 
3888 5152 2554 4819 5681 
3889 5681 4819 2553 5679 
3890 5680 5681 5679 2334 
3891 2802 5682 5685 5684 
3892 5682 1552 5683 5685 
3893 5685 5683 57 58 
3894 5684 5685 58 59 
3895 2769 5641 5688 5687 
3896 5641 281 282 5688 
3897 5688 282 283 5686 
3898 5687 5688 5686 1550 
3899 2789 5672 5692 5691 
3900 5672 2784 5689 5692 
3901 5692 5689 216 5690 
3902 5691 5692 5690 1551 
3903 1512 5381 5693 5477 
3904 5381 2780 5467 5693 
3905 5693 5467 125 126 
3906 5477 5693 126 127 
3907 2790 5694 5696 5695 
3908 5694 1553 5614 5696 
3909 5696 5614 203 204 
3910 5695 5696 204 205 
3911 2733 5697 5698 4385 
3912 5697 2731 5121 5698 
3913 5698 5121 2730 4540 
3914 4385 5698 4540 2732 
3915 2118 5532 5700 5699 
3916 5532 2763 5658 5700 
3917 5700 5658 244 245 
3918 5699 5700 245 246 
3919 1833 5701 5702 5426 
3920 5701 1835 5667 5702 
3921 5702 5667 2703 5524 
3922 5426 5702 5524 2065 
3923 2120 4066 5704 5703 
3924 4066 2790 5695 5704 
3925 5704 5695 205 206 
3926 5703 5704 206 207 
3927 2119 5705 5706 5671 
3928 5705 214 215 5706 
3929 5706 215 216 5689 
3930 5671 5706 5689 2784 
3931 3294 3970 5707 3699 
3932 3970 2440 4083 5707 
3933 5707 4083 2066 4395 
3934 3699 5707 4395 2441 
3935 2695 5029 5708 4380 
3936 5029 2693 5147 5708 
3937 5708 5147 2692 4543 
3938 4380 5708 4543 2694 
3939 1770 5709 5712 5711 
3940 5709 1769 5710 5712 
3941 5712 5710 1721 5400 
3942 5711 5712 5400 1722 
3943 2728 5713 5714 4359 
3944 5713 2726 5171 5714 
3945 5714 5171 2725 4537 
3946 4359 5714 4537 2727 
3947 1811 5715 5719 5718 
3948 5715 2058 5716 5719 
3949 5719 5716 2097 5717 
3950 5718 5719 5717 2096 
3951 2486 4466 5722 4578 
3952 4466 2147 5720 5722 
3953 5722 5720 2146 5721 
3954 4578 5722 5721 1970 
3955 2121 5723 5726 5580 
3956 5723 2773 5724 5726 
3957 5726 5724 2771 5725 
3958 5580 5726 5725 2772 
3959 1917 4881 5729 5728 
3960 4881 2079 5727 5729 
3961 5729 5727 2578 4898 
3962 5728 5729 4898 2004 
3963 2688 5025 5730 4375 
3964 5025 2686 5216 5730 
3965 5730 5216 2685 4580 
3966 4375 5730 4580 2687 
3967 1615 5090 5733 5732 
3968 5090 1658 5502 5733 
3969 5733 5502 1758 5731 
3970 5732 5733 5731 1657 
3971 2624 5734 5736 5063 
3972 5734 2625 5735 5736 
3973 5736 5735 2627 5527 
3974 5063 5736 5527 2026 
3975 1625 5737 5739 4828 
3976 5737 1666 5738 5739 
3977 5739 5738 1760 5497 
3978 4828 5739 5497 1667 
3979 2673 5740 5741 5076 
3980 5740 2670 5293 5741 
3981 5741 5293 1700 5489 
3982 5076 5741 5489 2672 
3983 2566 4779 5743 5150 
3984 4779 2570 4846 5743 
3985 5743 4846 2844 5742 
3986 5150 5743 5742 2567 
3987 2771 5724 5746 5745 
3988 5724 2773 5744 5746 
3989 5746 5744 2775 4411 
3990 5745 5746 4411 2774 
3991 2666 5747 5750 5749 
3992 5747 2667 5748 5750 
3993 5750 5748 2668 5360 
3994 5749 5750 5360 2665 
3995 2620 4425 5753 5752 
3996 4425 2621 5751 5753 
3997 5753 5751 2622 5273 
3998 5752 5753 5273 2619 
3999 2614 4145 5756 5755 
4000 4145 2615 5754 5756 
4001 5756 5754 2616 5276 
4002 5755 5756 5276 2613 
4003 2608 4005 5759 5758 
4004 4005 2609 5757 5759 
4005 5759 5757 2610 5279 
4006 5758 5759 5279 2607 
4007 2602 3846 5762 5761 
4008 3846 2603 5760 5762 
4009 5762 5760 2604 5282 
4010 5761 5762 5282 2601 
4011 1639 5763 5766 5765 
4012 5763 3370 5764 5766 
4013 5766 5764 2524 4435 
4014 5765 5766 4435 2990 
4015 2208 5767 5770 5559 
4016 5767 2259 5768 5770 
4017 5770 5768 2260 5769 
4018 5559 5770 5769 2209 
4019 2552 5017 5773 5067 
4020 5017 1785 5771 5773 
4021 5773 5771 1784 5772 
4022 5067 5773 5772 1783 
4023 2718 5228 5775 5774 
4024 5228 2720 4655 5775 
4025 5775 4655 2722 4421 
4026 5774 5775 4421 2721 
4027 1899 5776 5778 5329 
4028 5776 1900 5777 5778 
4029 5778 5777 1902 5654 
4030 5329 5778 5654 1901 
4031 2681 5098 5779 4506 
4032 5098 2679 5484 5779 
4033 5779 5484 2678 4710 
4034 4506 5779 4710 2680 
4035 283 5581 5781 5686 
4036 5581 2772 5725 5781 
4037 5781 5725 2771 5780 
4038 5686 5781 5780 1550 
4039 2711 5102 5784 5783 
4040 5102 1501 5470 5784 
4041 5784 5470 2714 5782 
4042 5783 5784 5782 2712 
4043 1798 5113 5788 5787 
4044 5113 2140 5785 5788 
4045 5788 5785 2388 5786 
4046 5787 5788 5786 2812 
4047 2122 5789 5792 5791 
4048 5789 1924 5790 5792 
4049 5792 5790 1769 5709 
4050 5791 5792 5709 1770 
4051 2804 5793 5797 5796 
4052 5793 1956 5794 5797 
4053 5797 5794 1756 5795 
4054 5796 5797 5795 1674 
4055 2631 5798 5799 5677 
4056 5798 2634 4753 5799 
4057 5799 4753 2635 5087 
4058 5677 5799 5087 2633 
4059 1600 5800 5803 4925 
4060 5800 1602 5801 5803 
4061 5803 5801 1828 5802 
4062 4925 5803 5802 1800 
4063 2625 5804 5805 5735 
4064 5804 2628 4758 5805 
4065 5805 4758 2629 5126 
4066 5735 5805 5126 2627 
4067 1897 5806 5808 5392 
4068 5806 1898 5807 5808 
4069 5808 5807 1900 5776 
4070 5392 5808 5776 1899 
4071 1895 5809 5811 5432 
4072 5809 1896 5810 5811 
4073 5811 5810 1898 5806 
4074 5432 5811 5806 1897 
4075 1893 5812 5814 5296 
4076 5812 1894 5813 5814 
4077 5814 5813 1896 5809 
4078 5296 5814 5809 1895 
4079 1891 5815 5817 5639 
4080 5815 1892 5816 5817 
4081 5817 5816 1894 5812 
4082 5639 5817 5812 1893 
4083 1889 5818 5820 5444 
4084 5818 1890 5819 5820 
4085 5820 5819 1892 5815 
4086 5444 5820 5815 1891 
4087 1887 5821 5823 5300 
4088 5821 1888 5822 5823 
4089 5823 5822 1890 5818 
4090 5300 5823 5818 1889 
4091 1885 5824 5826 5637 
4092 5824 1886 5825 5826 
4093 5826 5825 1888 5821 
4094 5637 5826 5821 1887 
4095 1883 5827 5829 5441 
4096 5827 1884 5828 5829 
4097 5829 5828 1886 5824 
4098 5441 5829 5824 1885 
4099 1881 5830 5832 5304 
4100 5830 1882 5831 5832 
4101 5832 5831 1884 5827 
4102 5304 5832 5827 1883 
4103 1879 5833 5835 5635 
4104 5833 1880 5834 5835 
4105 5835 5834 1882 5830 
4106 5635 5835 5830 1881 
4107 1877 5836 5838 5438 
4108 5836 1878 5837 5838 
4109 5838 5837 1880 5833 
4110 5438 5838 5833 1879 
4111 1875 5839 5841 5308 
4112 5839 1876 5840 5841 
4113 5841 5840 1878 5836 
4114 5308 5841 5836 1877 
4115 1873 5633 5845 5844 
4116 5633 1871 5842 5845 
4117 5845 5842 1870 5843 
4118 5844 5845 5843 1872 
4119 1871 5312 5848 5842 
4120 5312 1869 5846 5848 
4121 5848 5846 1868 5847 
4122 5842 5848 5847 1870 
4123 1869 5316 5851 5846 
4124 5316 1867 5849 5851 
4125 5851 5849 1866 5850 
4126 5846 5851 5850 1868 
4127 1867 5526 5854 5849 
4128 5526 1865 5852 5854 
4129 5854 5852 1864 5853 
4130 5849 5854 5853 1866 
4131 1865 5124 5857 5852 
4132 5124 1863 5855 5857 
4133 5857 5855 1862 5856 
4134 5852 5857 5856 1864 
4135 1863 5319 5860 5855 
4136 5319 1861 5858 5860 
4137 5860 5858 1860 5859 
4138 5855 5860 5859 1862 
4139 1861 5447 5863 5858 
4140 5447 1859 5861 5863 
4141 5863 5861 1858 5862 
4142 5858 5863 5862 1860 
4143 1859 5085 5866 5861 
4144 5085 1857 5864 5866 
4145 5866 5864 1856 5865 
4146 5861 5866 5865 1858 
4147 1857 5326 5869 5864 
4148 5326 1855 5867 5869 
4149 5869 5867 1854 5868 
4150 5864 5869 5868 1856 
4151 1855 5516 5872 5867 
4152 5516 1853 5870 5872 
4153 5872 5870 1852 5871 
4154 5867 5872 5871 1854 
4155 2462 5873 5877 5876 
4156 5873 2461 5874 5877 
4157 5877 5874 2269 5875 
4158 5876 5877 5875 2270 
4159 1986 5878 5881 5880 
4160 5878 2250 5879 5881 
4161 5881 5879 2799 5545 
4162 5880 5881 5545 1965 
4163 2087 4802 5884 4661 
4164 4802 2083 5882 5884 
4165 5884 5882 2241 5883 
4166 4661 5884 5883 2598 
4167 1853 5343 5887 5870 
4168 5343 1851 5885 5887 
4169 5887 5885 1850 5886 
4170 5870 5887 5886 1852 
4171 2712 5782 5889 5888 
4172 5782 2714 4956 5889 
4173 5889 4956 2716 5585 
4174 5888 5889 5585 2715 
4175 3263 3441 5891 4275 
4176 3441 2813 5890 5891 
4177 5891 5890 2812 5786 
4178 4275 5891 5786 2388 
4179 1851 5333 5894 5885 
4180 5333 1849 5892 5894 
4181 5894 5892 1848 5893 
4182 5885 5894 5893 1850 
4183 2830 5895 5898 5897 
4184 5895 1927 5896 5898 
4185 5898 5896 1785 5016 
4186 5897 5898 5016 2018 
4187 1849 5395 5901 5892 
4188 5395 1847 5899 5901 
4189 5901 5899 1846 5900 
4190 5892 5901 5900 1848 
4191 2169 4919 5904 5903 
4192 4919 2142 4935 5904 
4193 5904 4935 2188 5902 
4194 5903 5904 5902 2187 
4195 1847 5389 5907 5899 
4196 5389 1845 5905 5907 
4197 5907 5905 1844 5906 
4198 5899 5907 5906 1846 
4199 18 5908 5911 5910 
4200 5908 2921 3540 5911 
4201 5911 3540 1595 5909 
4202 5910 5911 5909 1517 
4203 1845 5419 5914 5905 
4204 5419 1843 5912 5914 
4205 5914 5912 1842 5913 
4206 5905 5914 5913 1844 
4207 2242 5915 5919 5918 
4208 5915 2030 5916 5919 
4209 5919 5916 2024 5917 
4210 5918 5919 5917 1960 
4211 2800 5593 5923 5922 
4212 5593 1724 5920 5923 
4213 5923 5920 1710 5921 
4214 5922 5923 5921 2255 
4215 1791 5039 5926 5500 
4216 5039 1792 5924 5926 
4217 5926 5924 1793 5925 
4218 5500 5926 5925 1759 
4219 2705 5927 5930 5460 
4220 5927 2850 5928 5930 
4221 5930 5928 1823 5929 
4222 5460 5930 5929 2741 
4223 1667 5496 5932 4829 
4224 5496 1787 5931 5932 
4225 5932 5931 2334 5679 
4226 4829 5932 5679 2553 
4227 1636 5631 5935 5934 
4228 5631 1775 5933 5935 
4229 5935 5933 2878 4603 
4230 5934 5935 4603 1571 
4231 1843 5371 5938 5912 
4232 5371 1841 5936 5938 
4233 5938 5936 1840 5937 
4234 5912 5938 5937 1842 
4235 533 5939 5941 534 
4236 5939 1467 5940 5941 
4237 5941 5940 1596 4665 
4238 534 5941 4665 16 
4239 2039 5942 5945 5944 
4240 5942 2236 5943 5945 
4241 5945 5943 2803 5610 
4242 5944 5945 5610 1954 
4243 2531 5288 5948 4783 
4244 5288 1664 5946 5948 
4245 5948 5946 1772 5947 
4246 4783 5948 5947 1773 
4247 1804 3930 5951 5950 
4248 3930 2490 5629 5951 
4249 5951 5629 1636 5949 
4250 5950 5951 5949 1637 
4251 2539 4885 5953 3426 
4252 4885 2123 5952 5953 
4253 5953 5952 1924 5789 
4254 3426 5953 5789 2122 
4255 2471 5954 5957 4306 
4256 5954 2013 5955 5957 
4257 5957 5955 2202 5956 
4258 4306 5957 5956 2203 
4259 2748 4516 5961 5960 
4260 4516 2749 5958 5961 
4261 5961 5958 2750 5959 
4262 5960 5961 5959 2747 
4263 1608 5962 5965 4404 
4264 5962 1607 5963 5965 
4265 5965 5963 1594 5964 
4266 4404 5965 5964 1606 
4267 1841 5129 5968 5936 
4268 5129 1839 5966 5968 
4269 5968 5966 1838 5967 
4270 5936 5968 5967 1840 
4271 2176 5969 5973 5972 
4272 5969 2174 5970 5973 
4273 5973 5970 2173 5971 
4274 5972 5973 5971 2175 
4275 1742 5595 5976 5975 
4276 5595 1960 5917 5976 
4277 5976 5917 2024 5974 
4278 5975 5976 5974 1942 
4279 59 60 5978 5684 
4280 60 61 5618 5978 
4281 5978 5618 2745 5977 
4282 5684 5978 5977 2802 
4283 3060 5979 5983 5982 
4284 5979 3023 5980 5983 
4285 5983 5980 2667 5981 
4286 5982 5983 5981 1979 
4287 455 454 5987 5986 
4288 454 453 5984 5987 
4289 5987 5984 2797 5985 
4290 5986 5987 5985 1479 
4291 2521 3750 5989 4442 
4292 3750 1482 4674 5989 
4293 5989 4674 2468 5988 
4294 4442 5989 5988 3321 
4295 1543 5990 5994 5993 
4296 5990 2829 5991 5994 
4297 5994 5991 1717 5992 
4298 5993 5994 5992 1583 
4299 1796 5529 5998 5997 
4300 5529 1798 5995 5998 
4301 5998 5995 1912 5996 
4302 5997 5998 5996 1797 
4303 2792 5999 6003 6002 
4304 5999 2086 6000 6003 
4305 6003 6000 2085 6001 
4306 6002 6003 6001 1929 
4307 2089 6004 6007 6006 
4308 6004 2365 4452 6007 
4309 6007 4452 2376 6005 
4310 6006 6007 6005 2366 
4311 2039 5944 6011 6010 
4312 5944 1954 6008 6011 
4313 6011 6008 1776 6009 
4314 6010 6011 6009 2038 
4315 1839 5409 6014 5966 
4316 5409 1837 6012 6014 
4317 6014 6012 1836 6013 
4318 5966 6014 6013 1838 
4319 1986 5880 6018 6017 
4320 5880 1965 6015 6018 
4321 6018 6015 1920 6016 
4322 6017 6018 6016 1984 
4323 2872 6019 6021 4696 
4324 6019 3293 4125 6021 
4325 6021 4125 1744 6020 
4326 4696 6021 6020 3049 
4327 2245 6022 6026 6025 
4328 6022 2244 6023 6026 
4329 6026 6023 2243 6024 
4330 6025 6026 6024 2086 
4331 1912 6027 6031 6030 
4332 6027 2077 6028 6031 
4333 6031 6028 2200 6029 
4334 6030 6031 6029 2076 
4335 1911 3512 6033 4991 
4336 3512 3064 6032 6033 
4337 6033 6032 3034 3996 
4338 4991 6033 3996 2239 
4339 2187 5902 6034 3987 
4340 5902 2188 4995 6034 
4341 6034 4995 2402 4627 
4342 3987 6034 4627 2401 
4343 2908 5242 6038 6037 
4344 5242 1528 6035 6038 
4345 6038 6035 1527 6036 
4346 6037 6038 6036 1489 
4347 1544 6039 6042 4172 
4348 6039 1584 6040 6042 
4349 6042 6040 1617 6041 
4350 4172 6042 6041 1616 
4351 1610 6043 6045 5365 
4352 6043 1609 6044 6045 
4353 6045 6044 1607 5962 
4354 5365 6045 5962 1608 
4355 2325 6046 6049 3394 
4356 6046 2265 6047 6049 
4357 6049 6047 2410 6048 
4358 3394 6049 6048 2409 
4359 2123 4887 6052 6051 
4360 4887 2258 5464 6052 
4361 6052 5464 2391 6050 
4362 6051 6052 6050 2257 
4363 603 602 6055 4574 
4364 602 601 6053 6055 
4365 6055 6053 2852 6054 
4366 4574 6055 6054 1694 
4367 2007 6056 6059 6058 
4368 6056 2006 6057 6059 
4369 6059 6057 1756 5794 
4370 6058 6059 5794 1956 
4371 2791 6060 6064 6063 
4372 6060 1819 6061 6064 
4373 6064 6061 2049 6062 
4374 6063 6064 6062 2050 
4375 1875 5589 6067 5839 
4376 5589 1874 6065 6067 
4377 6067 6065 1988 6066 
4378 5839 6067 6066 1876 
4379 1650 6068 6072 6071 
4380 6068 1603 6069 6072 
4381 6072 6069 2828 6070 
4382 6071 6072 6070 1821 
4383 308 5212 6075 307 
4384 5212 1393 6073 6075 
4385 6075 6073 2815 6074 
4386 307 6075 6074 306 
4387 1604 3907 6078 5512 
4388 3907 2222 6076 6078 
4389 6078 6076 2355 6077 
4390 5512 6078 6077 1605 
4391 2761 6079 6082 3742 
4392 6079 2223 6080 6082 
4393 6082 6080 2108 6081 
4394 3742 6082 6081 2107 
4395 2188 4934 6083 4996 
4396 4934 2762 5374 6083 
4397 6083 5374 1795 4856 
4398 4996 6083 4856 2825 
4399 2348 6084 6087 6086 
4400 6084 2198 6085 6087 
4401 6087 6085 2308 3489 
4402 6086 6087 3489 2347 
4403 2109 3739 6091 6090 
4404 3739 2107 6088 6091 
4405 6091 6088 1936 6089 
4406 6090 6091 6089 1987 
4407 1625 5340 6094 5737 
4408 5340 1624 6092 6094 
4409 6094 6092 2801 6093 
4410 5737 6094 6093 1666 
4411 2174 6095 6098 5970 
4412 6095 2050 6096 6098 
4413 6098 6096 2172 6097 
4414 5970 6098 6097 2173 
4415 1837 5668 6101 6012 
4416 5668 1835 6099 6101 
4417 6101 6099 1834 6100 
4418 6012 6101 6100 1836 
4419 2575 4882 6105 6104 
4420 4882 1917 6102 6105 
4421 6105 6102 1809 6103 
4422 6104 6105 6103 1808 
4423 1954 5609 6108 6008 
4424 5609 1720 6106 6108 
4425 6108 6106 1757 6107 
4426 6008 6108 6107 1776 
4427 1987 6089 6111 6110 
4428 6089 1936 6109 6111 
4429 6111 6109 1776 6107 
4430 6110 6111 6107 1757 
4431 1614 6112 6115 5412 
4432 6112 1613 6113 6115 
4433 6115 6113 1611 6114 
4434 5412 6115 6114 1612 
4435 2390 3673 6119 6118 
4436 3673 2349 6116 6119 
4437 6119 6116 2277 6117 
4438 6118 6119 6117 2278 
4439 1720 5608 6122 6121 
4440 5608 1613 6112 6122 
4441 6122 6112 1614 6120 
4442 6121 6122 6120 1654 
4443 487 486 6125 6124 
4444 486 485 6123 6125 
4445 6125 6123 1471 4737 
4446 6124 6125 4737 2798 
4447 1965 5544 6128 6015 
4448 5544 1737 6126 6128 
4449 6128 6126 1919 6127 
4450 6015 6128 6127 1920 
4451 2060 6129 6133 6132 
4452 6129 2084 6130 6133 
4453 6133 6130 2274 6131 
4454 6132 6133 6131 2273 
4455 1612 6114 6135 4928 
4456 6114 1611 6134 6135 
4457 6135 6134 1609 6043 
4458 4928 6135 6043 1610 
4459 1606 5964 6138 4346 
4460 5964 1594 6136 6138 
4461 6138 6136 1593 6137 
4462 4346 6138 6137 1548 
4463 1730 5160 6142 6141 
4464 5160 1708 6139 6142 
4465 6142 6139 1709 6140 
4466 6141 6142 6140 1729 
4467 1796 5997 6145 5376 
4468 5997 1797 6143 6145 
4469 6145 6143 2819 6144 
4470 5376 6145 6144 1794 
4471 1942 6146 6149 5975 
4472 6146 1941 6147 6149 
4473 6149 6147 1741 6148 
4474 5975 6149 6148 1742 
4475 2270 5875 6152 5648 
4476 5875 2269 6150 6152 
4477 6152 6150 2057 6151 
4478 5648 6152 6151 2047 
4479 1759 6153 6155 5501 
4480 6153 2794 5665 6155 
4481 6155 5665 2003 6154 
4482 5501 6155 6154 1758 
4483 2996 6156 6160 6159 
4484 6156 2997 6157 6160 
4485 6160 6157 3235 6158 
4486 6159 6160 6158 2354 
4487 2204 6161 6164 6163 
4488 6161 2202 5955 6164 
4489 6164 5955 2013 6162 
4490 6163 6164 6162 2012 
4491 1616 6041 6167 4238 
4492 6041 1617 6165 6167 
4493 6167 6165 1619 6166 
4494 4238 6167 6166 1618 
4495 2745 5416 6169 5977 
4496 5416 2747 5959 6169 
4497 6169 5959 2750 6168 
4498 5977 6169 6168 2802 
4499 1976 6170 6173 6172 
4500 6170 1821 6070 6173 
4501 6173 6070 2828 6171 
4502 6172 6173 6171 2742 
4503 1781 4842 6176 6175 
4504 4842 1783 5772 6176 
4505 6176 5772 1784 6174 
4506 6175 6176 6174 1782 
4507 1812 6177 6181 6180 
4508 6177 2873 6178 6181 
4509 6181 6178 2793 6179 
4510 6180 6181 6179 2845 
4511 1497 6182 6185 6184 
4512 6182 671 670 6185 
4513 6185 670 669 6183 
4514 6184 6185 6183 2964 
4515 2514 6186 6190 6189 
4516 6186 2513 6187 6190 
4517 6190 6187 2178 6188 
4518 6189 6190 6188 2127 
4519 1674 5795 6194 6193 
4520 5795 1756 6191 6194 
4521 6194 6191 1935 6192 
4522 6193 6194 6192 1750 
4523 2003 6195 6197 6154 
4524 6195 1922 6196 6197 
4525 6197 6196 1657 5731 
4526 6154 6197 5731 1758 
4527 1707 6198 6201 6200 
4528 6198 2808 6199 6201 
4529 6201 6199 2255 5921 
4530 6200 6201 5921 1710 
4531 1620 6202 6205 4769 
4532 6202 1621 6203 6205 
4533 6205 6203 1623 6204 
4534 4769 6205 6204 1622 
4535 1792 5083 6207 5924 
4536 5083 1794 6144 6207 
4537 6207 6144 2819 6206 
4538 5924 6207 6206 1793 
4539 1618 6166 6209 5270 
4540 6166 1619 6208 6209 
4541 6209 6208 1621 6202 
4542 5270 6209 6202 1620 
4543 2009 6210 6213 6212 
4544 6210 2214 4040 6213 
4545 6213 4040 2298 6211 
4546 6212 6213 6211 2240 
4547 3255 6214 6216 3831 
4548 6214 2603 3845 6216 
4549 6216 3845 3266 6215 
4550 3831 6216 6215 1474 
4551 1622 6204 6219 5339 
4552 6204 1623 6217 6219 
4553 6219 6217 1651 6218 
4554 5339 6219 6218 1624 
4555 2160 6220 6222 5663 
4556 6220 2363 3502 6222 
4557 6222 3502 2364 6221 
4558 5663 6222 6221 2159 
4559 1922 6223 6227 6226 
4560 6223 2081 6224 6227 
4561 6227 6224 2234 6225 
4562 6226 6227 6225 2233 
4563 2804 5796 6230 6229 
4564 5796 1674 6228 6230 
4565 6230 6228 1651 6217 
4566 6229 6230 6217 1623 
4567 2159 6231 6232 5664 
4568 6231 2081 6223 6232 
4569 6232 6223 1922 6195 
4570 5664 6232 6195 2003 
4571 1594 6233 6236 6136 
4572 6233 1726 6234 6236 
4573 6236 6234 1727 6235 
4574 6136 6236 6235 1593 
4575 2816 6237 6240 6239 
4576 6237 1547 6238 6240 
4577 6240 6238 1548 6137 
4578 6239 6240 6137 1593 
4579 1548 6238 6242 4347 
4580 6238 1547 6241 6242 
4581 6242 6241 1527 6035 
4582 4347 6242 6035 1528 
4583 2047 6243 6245 5649 
4584 6243 1919 6126 6245 
4585 6245 6126 1737 6244 
4586 5649 6245 6244 1736 
4587 2076 6246 6248 6030 
4588 6246 2009 6247 6248 
4589 6248 6247 1797 5996 
4590 6030 6248 5996 1912 
4591 1835 5701 6251 6099 
4592 5701 1833 6249 6251 
4593 6251 6249 1832 6250 
4594 6099 6251 6250 1834 
4595 1742 6148 6254 5596 
4596 6148 1741 6252 6254 
4597 6254 6252 1723 6253 
4598 5596 6254 6253 1724 
4599 1571 6255 6257 5934 
4600 6255 1572 6256 6257 
4601 6257 6256 1637 5949 
4602 5934 6257 5949 1636 
4603 2163 6258 6261 6260 
4604 6258 1930 6259 6261 
4605 6261 6259 1929 6001 
4606 6260 6261 6001 2085 
4607 2211 6262 6265 4329 
4608 6262 17 6263 6265 
4609 6265 6263 1387 6264 
4610 4329 6265 6264 1408 
4611 3184 6266 6268 4219 
4612 6266 2781 5652 6268 
4613 6268 5652 2061 6267 
4614 4219 6268 6267 2112 
4615 1710 6269 6271 6200 
4616 6269 1709 6139 6271 
4617 6271 6139 1708 6270 
4618 6200 6271 6270 1707 
4619 2107 6081 6274 6088 
4620 6081 2108 6272 6274 
4621 6274 6272 2805 6273 
4622 6088 6274 6273 1936 
4623 2089 6275 6279 6278 
4624 6275 1910 6276 6279 
4625 6279 6276 1760 6277 
4626 6278 6279 6277 1913 
4627 1976 6280 6282 6170 
4628 6280 1822 6281 6282 
4629 6282 6281 1650 6071 
4630 6170 6282 6071 1821 
4631 1955 6283 6285 6284 
4632 6283 1651 6228 6285 
4633 6285 6228 1674 6193 
4634 6284 6285 6193 1750 
4635 1955 6286 6287 6283 
4636 6286 2801 6092 6287 
4637 6287 6092 1624 6218 
4638 6283 6287 6218 1651 
4639 1936 6273 6289 6109 
4640 6273 2805 6288 6289 
4641 6289 6288 2038 6009 
4642 6109 6289 6009 1776 
4643 1929 6290 6293 6002 
4644 6290 1726 6291 6293 
4645 6293 6291 2826 6292 
4646 6002 6293 6292 2792 
4647 1708 5159 6296 6270 
4648 5159 1706 6294 6296 
4649 6296 6294 1530 6295 
4650 6270 6296 6295 1707 
4651 2077 6027 6298 6297 
4652 6027 1912 5995 6298 
4653 6298 5995 1798 5787 
4654 6297 6298 5787 2812 
4655 2110 6299 6302 6301 
4656 6299 2111 4202 6302 
4657 6302 4202 2512 6300 
4658 6301 6302 6300 2001 
4659 2059 6303 6306 6305 
4660 6303 2235 6304 6306 
4661 6306 6304 2489 4087 
4662 6305 6306 4087 2288 
4663 1902 5777 6310 6309 
4664 5777 1900 6307 6310 
4665 6310 6307 2017 6308 
4666 6309 6310 6308 2806 
4667 2321 3423 6313 6312 
4668 3423 3202 3535 6313 
4669 6313 3535 2406 6311 
4670 6312 6313 6311 3245 
4671 1930 6314 6315 6259 
4672 6314 1727 6234 6315 
4673 6315 6234 1726 6290 
4674 6259 6315 6290 1929 
4675 2061 5205 6318 6267 
4676 5205 1940 6316 6318 
4677 6318 6316 1938 6317 
4678 6267 6318 6317 2112 
4679 2059 6319 6322 6303 
4680 6319 2058 6320 6322 
4681 6322 6320 2839 6321 
4682 6303 6322 6321 2235 
4683 1904 5655 6325 6324 
4684 5655 1902 6309 6325 
4685 6325 6309 2806 6323 
4686 6324 6325 6323 2012 
4687 2365 6004 6327 3860 
4688 6004 2089 6278 6327 
4689 6327 6278 1913 6326 
4690 3860 6327 6326 2090 
4691 2226 6328 6331 6330 
4692 6328 2225 3861 6331 
4693 6331 3861 2090 6329 
4694 6330 6331 6329 2156 
4695 3062 6332 6335 6334 
4696 6332 1910 6275 6335 
4697 6335 6275 2089 6333 
4698 6334 6335 6333 2809 
4699 2824 6336 6340 6339 
4700 6336 1712 6337 6340 
4701 6340 6337 1714 6338 
4702 6339 6340 6338 1715 
4703 2741 5929 6343 5428 
4704 5929 1823 6341 6343 
4705 6343 6341 1648 6342 
4706 5428 6343 6342 1824 
4707 1584 6039 6346 6345 
4708 6039 1544 6344 6346 
4709 6346 6344 1543 5993 
4710 6345 6346 5993 1583 
4711 1908 6347 6350 6349 
4712 6347 2070 3550 6350 
4713 6350 3550 2195 6348 
4714 6349 6350 6348 2071 
4715 2025 6351 6354 6353 
4716 6351 2811 6352 6354 
4717 6354 6352 1941 6146 
4718 6353 6354 6146 1942 
4719 1544 4171 6357 6344 
4720 4171 1521 6355 6357 
4721 6357 6355 1520 6356 
4722 6344 6357 6356 1543 
4723 1717 6358 6360 5992 
4724 6358 1716 6359 6360 
4725 6360 6359 1584 6345 
4726 5992 6360 6345 1583 
4727 1724 6253 6362 5920 
4728 6253 1723 6361 6362 
4729 6362 6361 1709 6269 
4730 5920 6362 6269 1710 
4731 2072 4437 6365 6364 
4732 4437 2070 6347 6365 
4733 6365 6347 1908 6363 
4734 6364 6365 6363 1909 
4735 1780 6366 6368 5322 
4736 6366 1779 6367 6368 
4737 6368 6367 1632 5251 
4738 5322 6368 5251 1778 
4739 1630 6369 6372 5094 
4740 6369 1629 6370 6372 
4741 6372 6370 1627 6371 
4742 5094 6372 6371 1628 
4743 1833 5425 6375 6249 
4744 5425 1824 6373 6375 
4745 6375 6373 1831 6374 
4746 6249 6375 6374 1832 
4747 2053 6376 6380 6379 
4748 6376 1820 6377 6380 
4749 6380 6377 1819 6378 
4750 6379 6380 6378 1717 
4751 2205 6381 6384 5627 
4752 6381 2191 6382 6384 
4753 6384 6382 2068 6383 
4754 5627 6384 6383 2069 
4755 1935 6191 6387 6386 
4756 6191 1756 6057 6387 
4757 6387 6057 2006 6385 
4758 6386 6387 6385 2807 
4759 2165 6388 6390 6389 
4760 6388 2049 6061 6390 
4761 6390 6061 1819 6377 
4762 6389 6390 6377 1820 
4763 2071 6348 6393 6392 
4764 6348 2195 4598 6393 
4765 6393 4598 2563 6391 
4766 6392 6393 6391 2212 
4767 1489 6036 6397 6396 
4768 6036 1527 6394 6397 
4769 6397 6394 1530 6395 
4770 6396 6397 6395 1519 
4771 2277 6398 6400 6117 
4772 6398 2038 6288 6400 
4773 6400 6288 2805 6399 
4774 6117 6400 6399 2278 
4775 2060 6401 6403 6129 
4776 6401 1941 6352 6403 
4777 6403 6352 2811 6402 
4778 6129 6403 6402 2084 
4779 1721 6404 6406 5401 
4780 6404 1714 6337 6406 
4781 6406 6337 1712 6405 
4782 5401 6406 6405 1713 
4783 1940 5011 6408 6316 
4784 5011 1773 5947 6408 
4785 6408 5947 1772 6407 
4786 6316 6408 6407 1938 
4787 2069 6383 6411 6410 
4788 6383 2068 6409 6411 
4789 6411 6409 1832 6374 
4790 6410 6411 6374 1831 
4791 1598 6412 6415 4924 
4792 6412 1599 6413 6415 
4793 6415 6413 1601 6414 
4794 4924 6415 6414 1600 
4795 2262 6416 6420 6419 
4796 6416 1715 6417 6420 
4797 6420 6417 1718 6418 
4798 6419 6420 6418 1719 
4799 2314 6421 6425 6424 
4800 6421 2153 6422 6425 
4801 6425 6422 2152 6423 
4802 6424 6425 6423 2213 
4803 2185 6426 6429 4897 
4804 6426 2041 6427 6429 
4805 6429 6427 1925 6428 
4806 4897 6429 6428 2004 
4807 2828 6430 6433 6432 
4808 6430 1599 6412 6433 
4809 6433 6412 1598 6431 
4810 6432 6433 6431 1597 
4811 2168 4666 6435 4616 
4812 4666 1596 6434 6435 
4813 6435 6434 1597 6431 
4814 4616 6435 6431 1598 
4815 1603 6068 6439 6438 
4816 6068 1650 6436 6439 
4817 6439 6436 2810 6437 
4818 6438 6439 6437 1649 
4819 2004 6428 6441 5728 
4820 6428 1925 6440 6441 
4821 6441 6440 1809 6102 
4822 5728 6441 6102 1917 
4823 2276 6442 6446 6445 
4824 6442 2149 6443 6446 
4825 6446 6443 2896 6444 
4826 6445 6446 6444 2509 
4827 1919 6447 6450 6127 
4828 6447 2817 6448 6450 
4829 6450 6448 1985 6449 
4830 6127 6450 6449 1920 
4831 1713 6405 6453 4786 
4832 6405 1712 6451 6453 
4833 6453 6451 1529 6452 
4834 4786 6453 6452 1711 
4835 1963 6454 6457 6456 
4836 6454 2126 6455 6457 
4837 6457 6455 2307 3476 
4838 6456 6457 3476 2155 
4839 2184 6458 6461 6460 
4840 6458 2385 6459 6461 
4841 6461 6459 2386 3870 
4842 6460 6461 3870 2357 
4843 2833 6462 6465 6464 
4844 6462 2865 6463 6465 
4845 6465 6463 2803 5943 
4846 6464 6465 5943 2236 
4847 2391 5463 6468 3542 
4848 5463 2392 6466 6468 
4849 6468 6466 3380 6467 
4850 3542 6468 6467 2507 
4851 366 6469 6471 4519 
4852 6469 3244 6470 6471 
4853 6471 6470 3146 3809 
4854 4519 6471 3809 1692 
4855 2500 3643 6474 3398 
4856 3643 2501 6472 6474 
4857 6474 6472 2502 6473 
4858 3398 6474 6473 1638 
4859 2279 3697 6478 6477 
4860 3697 2048 6475 6478 
4861 6478 6475 2029 6476 
4862 6477 6478 6476 2028 
4863 2791 6479 6480 6060 
4864 6479 1716 6358 6480 
4865 6480 6358 1717 6378 
4866 6060 6480 6378 1819 
4867 1614 6481 6484 6120 
4868 6481 2832 6482 6484 
4869 6484 6482 2862 6483 
4870 6120 6484 6483 1654 
4871 1797 6247 6486 6143 
4872 6247 2009 6212 6486 
4873 6486 6212 2240 6485 
4874 6143 6486 6485 2819 
4875 2828 6069 6488 6430 
4876 6069 1603 6487 6488 
4877 6488 6487 1601 6413 
4878 6430 6488 6413 1599 
4879 2161 6489 6493 6492 
4880 6489 2152 6490 6493 
4881 6493 6490 1995 6491 
4882 6492 6493 6491 2151 
4883 2197 6494 6497 6496 
4884 6494 2198 6495 6497 
4885 6497 6495 2807 6385 
4886 6496 6497 6385 2006 
4887 1823 6498 6501 6341 
4888 6498 1633 6499 6501 
4889 6501 6499 1647 6500 
4890 6341 6501 6500 1648 
4891 1737 5543 6503 6244 
4892 5543 1719 6418 6503 
4893 6503 6418 1718 6502 
4894 6244 6503 6502 1736 
4895 2206 5625 6505 4947 
4896 5625 2069 6410 6505 
4897 6505 6410 1831 6504 
4898 4947 6505 6504 2814 
4899 1607 6506 6507 5963 
4900 6506 2826 6291 6507 
4901 6507 6291 1726 6233 
4902 5963 6507 6233 1594 
4903 2525 3538 6510 4652 
4904 3538 2526 6508 6510 
4905 6510 6508 2527 6509 
4906 4652 6510 6509 2313 
4907 2047 6151 6512 6243 
4908 6151 2057 6511 6512 
4909 6512 6511 2817 6447 
4910 6243 6512 6447 1919 
4911 1458 3892 6514 6513 
4912 3892 2569 4961 6514 
4913 6514 4961 2567 5742 
4914 6513 6514 5742 2844 
4915 1632 6515 6517 5252 
4916 6515 1631 6516 6517 
4917 6517 6516 1629 6369 
4918 5252 6517 6369 1630 
4919 2052 6518 6520 6519 
4920 6518 2816 6239 6520 
4921 6520 6239 1593 6235 
4922 6519 6520 6235 1727 
4923 1521 4971 6523 6355 
4924 4971 1485 6521 6523 
4925 6523 6521 1515 6522 
4926 6355 6523 6522 1520 
4927 1491 6524 6528 6527 
4928 6524 1459 6525 6528 
4929 6528 6525 1468 6526 
4930 6527 6528 6526 1486 
4931 1615 5732 6530 5411 
4932 5732 1657 6529 6530 
4933 6530 6529 2832 6481 
4934 5411 6530 6481 1614 
4935 1781 6175 6533 5321 
4936 6175 1782 6531 6533 
4937 6533 6531 1786 6532 
4938 5321 6533 6532 1780 
4939 2830 6534 6537 5895 
4940 6534 2028 6535 6537 
4941 6537 6535 1928 6536 
4942 5895 6537 6536 1927 
4943 2542 4944 6540 6539 
4944 4944 2814 6538 6540 
4945 6540 6538 1648 6500 
4946 6539 6540 6500 1647 
4947 1956 5793 6544 6543 
4948 5793 2804 6541 6544 
4949 6544 6541 2877 6542 
4950 6543 6544 6542 2238 
4951 1811 6545 6547 5715 
4952 6545 1729 6546 6547 
4953 6547 6546 2839 6320 
4954 5715 6547 6320 2058 
4955 1920 6449 6550 6016 
4956 6449 1985 6548 6550 
4957 6550 6548 2831 6549 
4958 6016 6550 6549 1984 
4959 2081 6231 6552 6551 
4960 6231 2159 6221 6552 
4961 6552 6221 2364 4339 
4962 6551 6552 4339 2827 
4963 2108 6553 6555 6272 
4964 6553 2855 6554 6555 
4965 6555 6554 2278 6399 
4966 6272 6555 6399 2805 
4967 1688 6556 6559 6558 
4968 6556 1816 4713 6559 
4969 6559 4713 2562 6557 
4970 6558 6559 6557 1685 
4971 1736 6502 6561 5646 
4972 6502 1718 6560 6561 
4973 6561 6560 2845 6179 
4974 5646 6561 6179 2793 
4975 1609 6562 6564 6044 
4976 6562 1704 6563 6564 
4977 6564 6563 2826 6506 
4978 6044 6564 6506 1607 
4979 2257 6565 6567 6051 
4980 6565 2124 6566 6567 
4981 6567 6566 1924 5952 
4982 6051 6567 5952 2123 
4983 1822 6568 6570 6281 
4984 6568 1908 6569 6570 
4985 6570 6569 2810 6436 
4986 6281 6570 6436 1650 
4987 2157 6571 6573 6572 
4988 6571 1928 6535 6573 
4989 6573 6535 2028 6476 
4990 6572 6573 6476 2029 
4991 1986 6017 6576 6575 
4992 6017 1984 6549 6576 
4993 6576 6549 2831 6574 
4994 6575 6576 6574 2127 
4995 1785 5896 6578 5771 
4996 5896 1927 6536 6578 
4997 6578 6536 1928 6577 
4998 5771 6578 6577 1784 
4999 2849 6579 6582 6581 
5000 6579 1629 6516 6582 
5001 6582 6516 1631 6580 
5002 6581 6582 6580 1633 
5003 1530 6294 6585 6395 
5004 6294 1706 6583 6585 
5005 6585 6583 2840 6584 
5006 6395 6585 6584 1519 
5007 2469 3465 6588 6587 
5008 3465 2128 4243 6588 
5009 6588 4243 1943 6586 
5010 6587 6588 6586 2478 
5011 1995 6589 6592 6491 
5012 6589 1829 6590 6592 
5013 6592 6590 2846 6591 
5014 6491 6592 6591 2151 
5015 1633 6498 6594 6581 
5016 6498 1823 5928 6594 
5017 6594 5928 2850 6593 
5018 6581 6594 6593 2849 
5019 2818 3890 6597 4097 
5020 3890 1455 6595 6597 
5021 6597 6595 1453 6596 
5022 4097 6597 6596 1454 
5023 1458 6598 6601 3893 
5024 6598 1457 6599 6601 
5025 6601 6599 1456 6600 
5026 3893 6601 6600 1455 
5027 1943 4242 6605 6604 
5028 4242 1933 6602 6605 
5029 6605 6602 1815 6603 
5030 6604 6605 6603 1934 
5031 1397 4953 6608 3487 
5032 4953 2543 6606 6608 
5033 6608 6606 2933 6607 
5034 3487 6608 6607 2544 
5035 3061 6609 6611 6610 
5036 6609 2851 4782 6611 
5037 6611 4782 2530 5199 
5038 6610 6611 5199 2286 
5039 2233 6612 6613 6226 
5040 6612 2832 6529 6613 
5041 6613 6529 1657 6196 
5042 6226 6613 6196 1922 
5043 1941 6401 6616 6147 
5044 6401 2060 6614 6616 
5045 6616 6614 2871 6615 
5046 6147 6616 6615 1741 
5047 1454 6596 6620 6619 
5048 6596 1453 6617 6620 
5049 6620 6617 1452 6618 
5050 6619 6620 6618 1451 
5051 2432 6621 6625 6624 
5052 6621 1693 6622 6625 
5053 6625 6622 1577 6623 
5054 6624 6625 6623 1576 
5055 2742 6171 6627 5551 
5056 6171 2828 6432 6627 
5057 6627 6432 1597 6626 
5058 5551 6627 6626 2138 
5059 1824 6342 6628 6373 
5060 6342 1648 6538 6628 
5061 6628 6538 2814 6504 
5062 6373 6628 6504 1831 
5063 1629 6579 6631 6370 
5064 6579 2849 6629 6631 
5065 6631 6629 2139 6630 
5066 6370 6631 6630 1627 
5067 1617 6040 6634 6633 
5068 6040 1584 6359 6634 
5069 6634 6359 1716 6632 
5070 6633 6634 6632 2838 
5071 2899 6635 6638 6637 
5072 6635 2558 4837 6638 
5073 6638 4837 2556 6636 
5074 6637 6638 6636 2880 
5075 1588 6639 6642 6641 
5076 6639 1540 5565 6642 
5077 6642 5565 1525 6640 
5078 6641 6642 6640 1549 
5079 2658 6643 6647 6646 
5080 6643 2915 6644 6647 
5081 6647 6644 1978 6645 
5082 6646 6647 6645 2943 
5083 1677 4965 6650 6649 
5084 4965 1808 6103 6650 
5085 6650 6103 1809 6648 
5086 6649 6650 6648 1807 
5087 2223 6651 6653 6080 
5088 6651 2280 6652 6653 
5089 6653 6652 2855 6553 
5090 6080 6653 6553 2108 
5091 1452 6654 6657 6618 
5092 6654 1449 6655 6657 
5093 6657 6655 1450 6656 
5094 6618 6657 6656 1451 
5095 2836 6658 6662 6661 
5096 6658 1443 6659 6662 
5097 6662 6659 1444 6660 
5098 6661 6662 6660 1445 
5099 1484 6663 6667 6666 
5100 6663 1438 6664 6667 
5101 6667 6664 1433 6665 
5102 6666 6667 6665 1437 
5103 2150 6668 6672 6671 
5104 6668 2485 6669 6672 
5105 6672 6669 2878 6670 
5106 6671 6672 6670 2114 
5107 1933 4107 6674 6602 
5108 4107 1814 4594 6674 
5109 6674 4594 1805 6673 
5110 6602 6674 6673 1815 
5111 2259 5767 6676 4832 
5112 5767 2208 4945 6676 
5113 6676 4945 2542 6675 
5114 4832 6676 6675 2922 
5115 2286 5198 6679 6678 
5116 5198 2285 3949 6679 
5117 6679 3949 3116 6677 
5118 6678 6679 6677 3089 
5119 1729 6140 6681 6546 
5120 6140 1709 6361 6681 
5121 6681 6361 1723 6680 
5122 6546 6681 6680 2839 
5123 1858 6682 6685 5862 
5124 6682 1972 6683 6685 
5125 6685 6683 2869 6684 
5126 5862 6685 6684 1860 
5127 2090 6326 6688 6329 
5128 6326 1913 6686 6688 
5129 6688 6686 2841 6687 
5130 6329 6688 6687 2156 
5131 2041 6689 6691 6690 
5132 6689 2263 3841 6691 
5133 6691 3841 2416 4684 
5134 6690 6691 4684 2042 
5135 1600 6414 6694 5800 
5136 6414 1601 6692 6694 
5137 6694 6692 2846 6693 
5138 5800 6694 6693 1602 
5139 1716 6479 6697 6632 
5140 6479 2791 6695 6697 
5141 6697 6695 2879 6696 
5142 6632 6697 6696 2838 
5143 1707 6295 6700 6198 
5144 6295 1530 6698 6700 
5145 6700 6698 2853 6699 
5146 6198 6700 6699 2808 
5147 1812 6180 6703 6702 
5148 6180 2845 6701 6703 
5149 6703 6701 1714 6404 
5150 6702 6703 6404 1721 
5151 2137 3648 6706 6705 
5152 3648 2408 6704 6706 
5153 6706 6704 3127 3864 
5154 6705 6706 3864 2545 
5155 1619 6165 6709 6708 
5156 6165 1617 6633 6709 
5157 6709 6633 2838 6707 
5158 6708 6709 6707 1665 
5159 2666 4488 6711 5747 
5160 4488 3016 6710 6711 
5161 6711 6710 1979 5981 
5162 5747 6711 5981 2667 
5163 2294 4416 6713 3728 
5164 4416 2000 6712 6713 
5165 6713 6712 2001 6300 
5166 3728 6713 6300 2512 
5167 1547 6714 6715 6241 
5168 6714 2853 6698 6715 
5169 6715 6698 1530 6394 
5170 6241 6715 6394 1527 
5171 1828 5801 6717 6716 
5172 5801 1602 6693 6717 
5173 6717 6693 2846 6590 
5174 6716 6717 6590 1829 
5175 2425 4009 6718 4186 
5176 4009 2424 4390 6718 
5177 6718 4390 1533 4561 
5178 4186 6718 4561 2422 
5179 1836 6100 6722 6721 
5180 6100 1834 6719 6722 
5181 6722 6719 2834 6720 
5182 6721 6722 6720 1989 
5183 2059 6723 6725 6319 
5184 6723 2848 6724 6725 
5185 6725 6724 2097 5716 
5186 6319 6725 5716 2058 
5187 2795 6726 6730 6729 
5188 6726 3153 6727 6730 
5189 6730 6727 1585 6728 
5190 6729 6730 6728 1579 
5191 1529 6731 6733 6452 
5192 6731 1515 6732 6733 
5193 6733 6732 2847 4787 
5194 6452 6733 4787 1711 
5195 1613 5611 6735 6113 
5196 5611 2803 6463 6735 
5197 6735 6463 2865 6734 
5198 6113 6735 6734 1611 
5199 1569 6736 6738 4602 
5200 6736 1570 6737 6738 
5201 6738 6737 1572 6255 
5202 4602 6738 6255 1571 
5203 1666 6739 6740 5738 
5204 6739 2841 6686 6740 
5205 6740 6686 1913 6277 
5206 5738 6740 6277 1760 
5207 1834 6250 6742 6719 
5208 6250 1832 6409 6742 
5209 6742 6409 2068 6741 
5210 6719 6742 6741 2834 
5211 3278 6743 6746 6745 
5212 6743 2947 6744 6746 
5213 6746 6744 639 638 
5214 6745 6746 638 637 
5215 1437 6665 6750 6749 
5216 6665 1433 6747 6750 
5217 6750 6747 1431 6748 
5218 6749 6750 6748 1432 
5219 1430 6751 6755 6754 
5220 6751 1427 6752 6755 
5221 6755 6752 1428 6753 
5222 6754 6755 6753 1429 
5223 3041 6756 6758 6757 
5224 6756 2289 4717 6758 
5225 6758 4717 2449 4190 
5226 6757 6758 4190 3324 
5227 1489 6396 6761 6760 
5228 6396 1519 6584 6761 
5229 6761 6584 2840 6759 
5230 6760 6761 6759 1486 
5231 2191 6762 6764 6382 
5232 6762 2192 6763 6764 
5233 6764 6763 2834 6741 
5234 6382 6764 6741 2068 
5235 2843 6765 6769 6768 
5236 6765 1421 6766 6769 
5237 6769 6766 1420 6767 
5238 6768 6769 6767 1419 
5239 1637 6770 6772 5950 
5240 6770 1789 6771 6772 
5241 6772 6771 1805 4593 
5242 5950 6772 4593 1804 
5243 1447 6773 6776 6775 
5244 6773 1445 6660 6776 
5245 6776 6660 1444 6774 
5246 6775 6776 6774 1446 
5247 2524 6777 6780 4800 
5248 6777 1554 6778 6780 
5249 6780 6778 1574 6779 
5250 4800 6780 6779 1923 
5251 1442 6781 6785 6784 
5252 6781 1441 6782 6785 
5253 6785 6782 1440 6783 
5254 6784 6785 6783 1409 
5255 2432 6624 6789 6788 
5256 6624 1576 6786 6789 
5257 6789 6786 1542 6787 
5258 6788 6789 6787 2882 
5259 1437 6790 6792 6666 
5260 6790 1490 4553 6792 
5261 6792 4553 2847 6791 
5262 6666 6792 6791 1484 
5263 1422 6793 6797 6796 
5264 6793 1421 6794 6797 
5265 6797 6794 1424 6795 
5266 6796 6797 6795 1423 
5267 3365 6798 6802 6801 
5268 6798 1588 6799 6802 
5269 6802 6799 1589 6800 
5270 6801 6802 6800 1695 
5271 1445 6773 6806 6805 
5272 6773 1447 6803 6806 
5273 6806 6803 1449 6804 
5274 6805 6806 6804 1448 
5275 1712 6336 6809 6451 
5276 6336 2824 6807 6809 
5277 6809 6807 2860 6808 
5278 6451 6809 6808 1529 
5279 1715 6338 6810 6417 
5280 6338 1714 6701 6810 
5281 6810 6701 2845 6560 
5282 6417 6810 6560 1718 
5283 1720 6121 6812 6106 
5284 6121 1654 6483 6812 
5285 6812 6483 2862 6811 
5286 6106 6812 6811 1757 
5287 1515 6731 6814 6522 
5288 6731 1529 6808 6814 
5289 6814 6808 2860 6813 
5290 6522 6814 6813 1520 
5291 1459 6815 6818 6525 
5292 6815 1457 6816 6818 
5293 6818 6816 2870 6817 
5294 6525 6818 6817 1468 
5295 1779 6819 6821 6367 
5296 6819 2868 6820 6821 
5297 6821 6820 1631 6515 
5298 6367 6821 6515 1632 
5299 1779 6366 6824 6823 
5300 6366 1780 6532 6824 
5301 6824 6532 1786 6822 
5302 6823 6824 6822 2837 
5303 1520 6813 6826 6356 
5304 6813 2860 6825 6826 
5305 6826 6825 2829 5990 
5306 6356 6826 5990 1543 
5307 1703 6827 6831 6830 
5308 6827 3227 6828 6831 
5309 6831 6828 2452 6829 
5310 6830 6831 6829 3186 
5311 1623 6203 6833 6229 
5312 6203 1621 6832 6833 
5313 6833 6832 2877 6541 
5314 6229 6833 6541 2804 
5315 1603 6438 6835 6487 
5316 6438 1649 6834 6835 
5317 6835 6834 2846 6692 
5318 6487 6835 6692 1601 
5319 1611 6734 6837 6134 
5320 6734 2865 6836 6837 
5321 6837 6836 1704 6562 
5322 6134 6837 6562 1609 
5323 1721 5710 6840 6702 
5324 5710 1769 6838 6840 
5325 6840 6838 2858 6839 
5326 6702 6840 6839 1812 
5327 1485 6841 6842 6521 
5328 6841 1484 6791 6842 
5329 6842 6791 2847 6732 
5330 6521 6842 6732 1515 
5331 3385 3630 6846 6845 
5332 3630 2353 6843 6846 
5333 6846 6843 2324 6844 
5334 6845 6846 6844 2352 
5335 1759 5925 6849 6153 
5336 5925 1793 6847 6849 
5337 6849 6847 2866 6848 
5338 6153 6849 6848 2794 
5339 1387 6850 6851 6264 
5340 6850 1409 6783 6851 
5341 6851 6783 1440 4330 
5342 6264 6851 4330 1408 
5343 2478 6586 6853 4271 
5344 6586 1943 6604 6853 
5345 6853 6604 1934 6852 
5346 4271 6853 6852 1944 
5347 2407 3647 6857 6856 
5348 3647 1830 6854 6857 
5349 6857 6854 1768 6855 
5350 6856 6857 6855 1660 
5351 3361 6858 6862 6861 
5352 6858 2305 6859 6862 
5353 6862 6859 2302 6860 
5354 6861 6862 6860 2306 
5355 2844 4845 6863 6513 
5356 4845 2870 6816 6863 
5357 6863 6816 1457 6598 
5358 6513 6863 6598 1458 
5359 2839 6680 6865 6864 
5360 6680 1723 6252 6865 
5361 6865 6252 1741 6615 
5362 6864 6865 6615 2871 
5363 2901 6866 6870 6869 
5364 6866 2462 6867 6870 
5365 6870 6867 2873 6868 
5366 6869 6870 6868 2918 
5367 1421 6793 6873 6766 
5368 6793 1422 6871 6873 
5369 6873 6871 2034 6872 
5370 6766 6873 6872 1420 
5371 1793 6206 6875 6847 
5372 6206 2819 6485 6875 
5373 6875 6485 2240 6874 
5374 6847 6875 6874 2866 
5375 1426 6876 6879 6878 
5376 6876 1423 6795 6879 
5377 6879 6795 1424 6877 
5378 6878 6879 6877 1425 
5379 2457 6880 6883 6882 
5380 6880 2456 4149 6883 
5381 6883 4149 2459 6881 
5382 6882 6883 6881 2458 
5383 2035 4746 6887 6886 
5384 4746 1981 6884 6887 
5385 6887 6884 1826 6885 
5386 6886 6887 6885 1980 
5387 2547 6888 6891 5213 
5388 6888 2436 6889 6891 
5389 6891 6889 3250 6890 
5390 5213 6891 6890 1393 
5391 1633 6580 6893 6499 
5392 6580 1631 6820 6893 
5393 6893 6820 2868 6892 
5394 6499 6893 6892 1647 
5395 3134 3842 6896 6895 
5396 3842 2263 6689 6896 
5397 6896 6689 2041 6894 
5398 6895 6896 6894 2854 
5399 2562 4311 6899 6557 
5400 4311 1683 6897 6899 
5401 6899 6897 1684 6898 
5402 6557 6899 6898 1685 
5403 2462 5876 6900 6867 
5404 5876 2270 5647 6900 
5405 6900 5647 2793 6178 
5406 6867 6900 6178 2873 
5407 2863 6901 6904 6903 
5408 6901 1418 6902 6904 
5409 6904 6902 1419 6767 
5410 6903 6904 6767 1420 
5411 2273 6905 6907 6132 
5412 6905 2888 6906 6907 
5413 6907 6906 2871 6614 
5414 6132 6907 6614 2060 
5415 1576 6623 6911 6910 
5416 6623 1577 6908 6911 
5417 6911 6908 1578 6909 
5418 6910 6911 6909 1546 
5419 1621 6208 6913 6832 
5420 6208 1619 6708 6913 
5421 6913 6708 1665 6912 
5422 6832 6913 6912 2877 
5423 1757 6811 6916 6110 
5424 6811 2862 6914 6916 
5425 6916 6914 2881 6915 
5426 6110 6916 6915 1987 
5427 2820 6917 6921 6920 
5428 6917 2184 6918 6921 
5429 6921 6918 2183 6919 
5430 6920 6921 6919 2181 
5431 3225 4621 6924 4694 
5432 4621 2411 6922 6924 
5433 6924 6922 2158 6923 
5434 4694 6924 6923 2412 
5435 1769 5790 6926 6838 
5436 5790 1924 6566 6926 
5437 6926 6566 2124 6925 
5438 6838 6926 6925 2858 
5439 1442 6927 6930 6781 
5440 6927 1443 6928 6930 
5441 6930 6928 2857 6929 
5442 6781 6930 6929 1441 
5443 2086 5999 6933 6025 
5444 5999 2792 6931 6933 
5445 6933 6931 2916 6932 
5446 6025 6933 6932 2245 
5447 3183 6934 6936 4017 
5448 6934 1389 6935 6936 
5449 6936 6935 3186 6829 
5450 4017 6936 6829 2452 
5451 1576 6910 6939 6786 
5452 6910 1546 6937 6939 
5453 6939 6937 1522 6938 
5454 6786 6939 6938 1542 
5455 1960 5594 6942 5918 
5456 5594 2800 6940 6942 
5457 6942 6940 2927 6941 
5458 5918 6942 6941 2242 
5459 2474 4307 6945 6944 
5460 4307 2203 6943 6945 
5461 6945 6943 2942 3430 
5462 6944 6945 3430 2475 
5463 1542 6938 6949 6948 
5464 6938 1522 6946 6949 
5465 6949 6946 1483 6947 
5466 6948 6949 6947 1503 
5467 2634 5798 6953 6952 
5468 5798 2631 6950 6953 
5469 6953 6950 2632 6951 
5470 6952 6953 6951 2886 
5471 1782 6174 6956 6955 
5472 6174 1784 6577 6956 
5473 6956 6577 1928 6954 
5474 6955 6956 6954 2856 
5475 2506 6957 6960 4862 
5476 6957 2170 6958 6960 
5477 6960 6958 2171 6959 
5478 4862 6960 6959 2505 
5479 2941 6961 6964 6963 
5480 6961 1466 6962 6964 
5481 6964 6962 1627 6630 
5482 6963 6964 6630 2139 
5483 2458 6881 6966 4494 
5484 6881 2459 3751 6966 
5485 6966 3751 2521 6965 
5486 4494 6966 6965 2460 
5487 2041 6690 6968 6427 
5488 6690 2042 3412 6968 
5489 6968 3412 2859 6967 
5490 6427 6968 6967 1925 
5491 3187 6969 6973 6972 
5492 6969 2375 6970 6973 
5493 6973 6970 3374 6971 
5494 6972 6973 6971 1694 
5495 2902 6974 6978 6977 
5496 6974 1416 6975 6978 
5497 6978 6975 1407 6976 
5498 6977 6978 6976 1406 
5499 1503 6947 6982 6981 
5500 6947 1483 6979 6982 
5501 6982 6979 1417 6980 
5502 6981 6982 6980 1416 
5503 1422 6983 6986 6871 
5504 6983 2125 6984 6986 
5505 6986 6984 2228 6985 
5506 6871 6986 6985 2034 
5507 2151 6591 6989 6988 
5508 6591 2846 6834 6989 
5509 6989 6834 1649 6987 
5510 6988 6989 6987 2885 
5511 1664 5290 6992 6991 
5512 5290 1578 6908 6992 
5513 6992 6908 1577 6990 
5514 6991 6992 6990 1663 
5515 2897 6993 6997 6996 
5516 6993 2996 6994 6997 
5517 6997 6994 2964 6995 
5518 6996 6997 6995 2464 
5519 2305 3984 6999 6859 
5520 3984 2301 4942 6999 
5521 6999 4942 2300 6998 
5522 6859 6999 6998 2302 
5523 3170 7000 7002 3798 
5524 7000 3161 7001 7002 
5525 7002 7001 2886 6951 
5526 3798 7002 6951 2632 
5527 1503 7003 7005 6948 
5528 7003 1916 7004 7005 
5529 7005 7004 2882 6787 
5530 6948 7005 6787 1542 
5531 2050 6095 7007 6063 
5532 6095 2174 7006 7007 
5533 7007 7006 2879 6695 
5534 6063 7007 6695 2791 
5535 1666 6093 7010 6739 
5536 6093 2801 7008 7010 
5537 7010 7008 2893 7009 
5538 6739 7010 7009 2841 
5539 1486 6526 7012 6760 
5540 6526 1468 7011 7012 
5541 7012 7011 2908 6037 
5542 6760 7012 6037 1489 
5543 2878 5933 7014 6670 
5544 5933 1775 5630 7014 
5545 7014 5630 2020 7013 
5546 6670 7014 7013 2114 
5547 2832 6612 7016 6482 
5548 6612 2233 7015 7016 
5549 7016 7015 2881 6914 
5550 6482 7016 6914 2862 
5551 2162 7017 7021 7020 
5552 7017 2015 7018 7021 
5553 7021 7018 2113 7019 
5554 7020 7021 7019 2158 
5555 1772 5946 7024 7023 
5556 5946 1664 6991 7024 
5557 7024 6991 1663 7022 
5558 7023 7024 7022 1771 
5559 1590 7025 7027 7026 
5560 7025 1589 6799 7027 
5561 7027 6799 1588 6641 
5562 7026 7027 6641 1549 
5563 2404 4318 7031 7030 
5564 4318 1575 7028 7031 
5565 7031 7028 1573 7029 
5566 7030 7031 7029 1545 
5567 2839 6864 7033 6321 
5568 6864 2871 6906 7033 
5569 7033 6906 2888 7032 
5570 6321 7033 7032 2235 
5571 350 4624 7035 349 
5572 4624 1790 3713 7035 
5573 7035 3713 3234 7034 
5574 349 7035 7034 348 
5575 2113 7018 7039 7038 
5576 7018 2015 7036 7039 
5577 7039 7036 1771 7037 
5578 7038 7039 7037 1952 
5579 1925 6967 7041 6440 
5580 6967 2859 3392 7041 
5581 7041 3392 1810 7040 
5582 6440 7041 7040 1809 
5583 163 164 7044 7043 
5584 164 165 7042 7044 
5585 7044 7042 2950 3432 
5586 7043 7044 3432 1502 
5587 1432 7045 7048 7047 
5588 7045 3145 7046 7048 
5589 7048 7046 2782 4456 
5590 7047 7048 4456 3140 
5591 2226 6330 7050 7049 
5592 6330 2156 6687 7050 
5593 7050 6687 2841 7009 
5594 7049 7050 7009 2893 
5595 1440 6782 7052 4794 
5596 6782 1441 6929 7052 
5597 7052 6929 2857 7051 
5598 4794 7052 7051 1488 
5599 2171 6958 7056 7055 
5600 6958 2170 7053 7056 
5601 7056 7053 2126 7054 
5602 7055 7056 7054 2031 
5603 1418 7057 7059 7058 
5604 7057 1407 6975 7059 
5605 7059 6975 1416 6980 
5606 7058 7059 6980 1417 
5607 1466 6961 7061 5623 
5608 6961 2941 7060 7061 
5609 7061 7060 451 450 
5610 5623 7061 450 449 
5611 1677 7062 7064 4966 
5612 7062 1676 7063 7064 
5613 7064 7063 1589 7025 
5614 4966 7064 7025 1590 
5615 1938 7065 7066 6317 
5616 7065 2864 3428 7066 
5617 7066 3428 2492 4220 
5618 6317 7066 4220 2112 
5619 2126 6454 7069 7054 
5620 6454 1963 7067 7069 
5621 7069 7067 1806 7068 
5622 7054 7069 7068 2031 
5623 159 160 7072 4706 
5624 160 161 7070 7072 
5625 7072 7070 2955 7071 
5626 4706 7072 7071 1701 
5627 1807 7073 7075 6649 
5628 7073 1806 7074 7075 
5629 7075 7074 1676 7062 
5630 6649 7075 7062 1677 
5631 3123 7076 7078 4020 
5632 7076 2404 7030 7078 
5633 7078 7030 1545 7077 
5634 4020 7078 7077 1513 
5635 1772 7079 7080 6407 
5636 7079 1939 3410 7080 
5637 7080 3410 2864 7065 
5638 6407 7080 7065 1938 
5639 2794 6848 7083 5662 
5640 6848 2866 7081 7083 
5641 7083 7081 2900 7082 
5642 5662 7083 7082 2160 
5643 226 227 7085 5541 
5644 227 228 7084 7085 
5645 7085 7084 2965 4027 
5646 5541 7085 4027 1702 
5647 2466 7086 7087 3589 
5648 7086 2183 6918 7087 
5649 7087 6918 2184 6460 
5650 3589 7087 6460 2357 
5651 2733 4384 7091 7090 
5652 4384 2734 7088 7091 
5653 7091 7088 3023 7089 
5654 7090 7091 7089 2735 
5655 1748 4236 7094 7093 
5656 4236 2132 4659 7094 
5657 7094 4659 2133 7092 
5658 7093 7094 7092 2021 
5659 2310 7095 7097 4980 
5660 7095 2910 7096 7097 
5661 7097 7096 2146 5720 
5662 4980 7097 5720 2147 
5663 1418 7058 7100 6902 
5664 7058 1417 7098 7100 
5665 7100 7098 2867 7099 
5666 6902 7100 7099 1419 
5667 3093 3958 7103 7102 
5668 3958 2479 7101 7103 
5669 7103 7101 3097 4199 
5670 7102 7103 4199 1414 
5671 2457 6882 7104 4475 
5672 6882 2458 4497 7104 
5673 7104 4497 2483 3977 
5674 4475 7104 3977 2889 
5675 1547 6237 7107 6714 
5676 6237 2816 7105 7107 
5677 7107 7105 2904 7106 
5678 6714 7107 7106 2853 
5679 2466 4135 7109 7086 
5680 4135 2254 3522 7109 
5681 7109 3522 2182 7108 
5682 7086 7109 7108 2183 
5683 2899 6637 7112 7111 
5684 6637 2880 7110 7112 
5685 7112 7110 3353 3690 
5686 7111 7112 3690 1434 
5687 3097 7113 7115 4200 
5688 7113 2260 7114 7115 
5689 7115 7114 3122 3708 
5690 4200 7115 3708 2582 
5691 15 707 7118 7117 
5692 707 706 4764 7118 
5693 7118 4764 1386 7116 
5694 7117 7118 7116 2528 
5695 3329 7119 7123 7122 
5696 7119 2296 7120 7123 
5697 7123 7120 3277 7121 
5698 7122 7123 7121 3278 
5699 1809 7040 7126 6648 
5700 7040 1810 7124 7126 
5701 7126 7124 2887 7125 
5702 6648 7126 7125 1807 
5703 2183 7108 7129 6919 
5704 7108 2182 7127 7129 
5705 7129 7127 2180 7128 
5706 6919 7129 7128 2181 
5707 1484 6841 7131 6663 
5708 6841 1485 4973 7131 
5709 7131 4973 2935 7130 
5710 6663 7131 7130 1438 
5711 2105 4244 7132 3954 
5712 4244 2128 3468 7132 
5713 7132 3468 3177 4739 
5714 3954 7132 4739 2448 
5715 1944 7133 7135 4272 
5716 7133 1946 7134 7135 
5717 7135 7134 1950 4808 
5718 4272 7135 4808 1949 
5719 2067 7136 7140 7139 
5720 7136 2343 7137 7140 
5721 7140 7137 2344 7138 
5722 7139 7140 7138 2342 
5723 2174 5969 7143 7006 
5724 5969 2176 7141 7143 
5725 7143 7141 2919 7142 
5726 7006 7143 7142 2879 
5727 2956 7144 7147 7146 
5728 7144 2936 7145 7147 
5729 7147 7145 1930 6258 
5730 7146 7147 6258 2163 
5731 2154 7148 7152 7151 
5732 7148 2030 7149 7152 
5733 7152 7149 2956 7150 
5734 7151 7152 7150 2283 
5735 1939 7079 7155 7154 
5736 7079 1772 7023 7155 
5737 7155 7023 1771 7153 
5738 7154 7155 7153 2884 
5739 2824 7156 7158 6807 
5740 7156 2913 7157 7158 
5741 7158 7157 2829 6825 
5742 6807 7158 6825 2860 
5743 2335 3555 7162 7161 
5744 3555 2345 7159 7162 
5745 7162 7159 2346 7160 
5746 7161 7162 7160 2336 
5747 2853 7106 7164 6699 
5748 7106 2904 7163 7164 
5749 7164 7163 2255 6199 
5750 6699 7164 6199 2808 
5751 2866 6874 7166 7081 
5752 6874 2240 6211 7166 
5753 7166 6211 2298 7165 
5754 7081 7166 7165 2900 
5755 1525 5564 7169 7168 
5756 5564 1488 7051 7169 
5757 7169 7051 2857 7167 
5758 7168 7169 7167 1978 
5759 1438 7170 7172 6664 
5760 7170 2899 7111 7172 
5761 7172 7111 1434 7171 
5762 6664 7172 7171 1433 
5763 2989 7173 7177 7176 
5764 7173 1964 7174 7177 
5765 7177 7174 3243 7175 
5766 7176 7177 7175 2399 
5767 2359 5350 7180 3496 
5768 5350 1541 7178 7180 
5769 7180 7178 3391 7179 
5770 3496 7180 7179 2520 
5771 2461 5873 7182 3730 
5772 5873 2462 6866 7182 
5773 7182 6866 2901 7181 
5774 3730 7182 7181 2463 
5775 1449 6803 7184 6655 
5776 6803 1447 7183 7184 
5777 7184 7183 2928 4035 
5778 6655 7184 4035 1450 
5779 1467 7185 7188 7187 
5780 7185 2938 7186 7188 
5781 7188 7186 2744 5548 
5782 7187 7188 5548 2138 
5783 2412 6923 7190 4695 
5784 6923 2158 7019 7190 
5785 7190 7019 2113 7189 
5786 4695 7190 7189 2872 
5787 1454 6619 7191 4098 
5788 6619 1451 6656 7191 
5789 7191 6656 1450 4034 
5790 4098 7191 4034 2906 
5791 2102 7192 7194 4174 
5792 7192 1958 4809 7194 
5793 7194 4809 1950 7193 
5794 4174 7194 7193 1959 
5795 2506 7195 7197 6957 
5796 7195 2874 7196 7197 
5797 7197 7196 2126 7053 
5798 6957 7197 7053 2170 
5799 582 7198 7201 583 
5800 7198 2437 7199 7201 
5801 7201 7199 3371 7200 
5802 583 7201 7200 20 
5803 1854 7202 7205 5868 
5804 7202 2939 7203 7205 
5805 7205 7203 3055 7204 
5806 5868 7205 7204 1856 
5807 2114 7206 7208 6671 
5808 7206 2149 6442 7208 
5809 7208 6442 2276 7207 
5810 6671 7208 7207 2150 
5811 1406 7209 7211 6977 
5812 7209 2193 3684 7211 
5813 7211 3684 2940 7210 
5814 6977 7211 7210 2902 
5815 3050 7212 7215 7214 
5816 7212 2971 7213 7215 
5817 7215 7213 1846 5906 
5818 7214 7215 5906 1844 
5819 2339 7216 7218 4699 
5820 7216 3327 7217 7218 
5821 7218 7217 330 331 
5822 4699 7218 331 332 
5823 1763 7219 7223 7222 
5824 7219 1764 7220 7223 
5825 7223 7220 3256 7221 
5826 7222 7223 7221 1690 
5827 236 237 7225 3719 
5828 237 238 7224 7225 
5829 7225 7224 2991 3508 
5830 3719 7225 3508 1404 
5831 2665 5382 7227 5749 
5832 5382 2664 7226 7227 
5833 7227 7226 3005 4489 
5834 5749 7227 4489 2666 
5835 2162 7228 7229 7017 
5836 7228 2884 7153 7229 
5837 7229 7153 1771 7036 
5838 7017 7229 7036 2015 
5839 1771 7022 7232 7037 
5840 7022 1663 7230 7232 
5841 7232 7230 2892 7231 
5842 7037 7232 7231 1952 
5843 2127 6188 7235 6575 
5844 6188 2178 7233 7235 
5845 7235 7233 2978 7234 
5846 6575 7235 7234 1986 
5847 2177 7236 7239 7238 
5848 7236 2175 7237 7239 
5849 7239 7237 2960 3965 
5850 7238 7239 3965 2253 
5851 1806 7067 7242 7074 
5852 7067 1963 7240 7242 
5853 7242 7240 2891 7241 
5854 7074 7242 7241 1676 
5855 2083 4801 7246 7245 
5856 4801 1923 7243 7246 
5857 7246 7243 2101 7244 
5858 7245 7246 7244 2100 
5859 2151 6988 7249 6492 
5860 6988 2885 7247 7249 
5861 7249 7247 2914 7248 
5862 6492 7249 7248 2161 
5863 2978 7250 7253 7252 
5864 7250 2165 6389 7253 
5865 7253 6389 1820 7251 
5866 7252 7253 7251 2963 
5867 3034 6032 7256 7255 
5868 6032 3064 7254 7256 
5869 7256 7254 2141 4916 
5870 7255 7256 4916 2169 
5871 1787 5137 7259 5931 
5872 5137 2333 7257 7259 
5873 7259 7257 3011 7258 
5874 5931 7259 7258 2334 
5875 1807 7125 7261 7073 
5876 7125 2887 7260 7261 
5877 7261 7260 2031 7068 
5878 7073 7261 7068 1806 
5879 527 7262 7265 528 
5880 7262 1480 7263 7265 
5881 7265 7263 2981 7264 
5882 528 7265 7264 529 
5883 2669 5294 7268 7267 
5884 5294 2670 7266 7268 
5885 7268 7266 3006 4730 
5886 7267 7268 4730 2671 
5887 2181 7269 7272 6920 
5888 7269 2101 7270 7272 
5889 7272 7270 2903 7271 
5890 6920 7272 7271 2820 
5891 3237 7273 7275 3660 
5892 7273 2609 4007 7275 
5893 7275 4007 3251 7274 
5894 3660 7275 7274 1472 
5895 2365 3859 7278 4449 
5896 3859 2395 7276 7278 
5897 7278 7276 3252 7277 
5898 4449 7278 7277 1390 
5899 2640 5555 7282 7281 
5900 5555 2637 7279 7282 
5901 7282 7279 2638 7280 
5902 7281 7282 7280 2917 
5903 2220 3572 7286 7285 
5904 3572 2221 7283 7286 
5905 7286 7283 3004 7284 
5906 7285 7286 7284 2157 
5907 1916 7003 7288 7287 
5908 7003 1503 6981 7288 
5909 7288 6981 1416 6974 
5910 7287 7288 6974 2902 
5911 2245 6932 7292 7291 
5912 6932 2916 7289 7292 
5913 7292 7289 2833 7290 
5914 7291 7292 7290 2945 
5915 2249 7293 7297 7296 
5916 7293 2331 7294 7297 
5917 7297 7294 2332 7295 
5918 7296 7297 7295 2330 
5919 1417 6979 7300 7098 
5920 6979 1483 7298 7300 
5921 7300 7298 1968 7299 
5922 7098 7300 7299 2867 
5923 2816 6518 7303 7105 
5924 6518 2052 7301 7303 
5925 7303 7301 2927 7302 
5926 7105 7303 7302 2904 
5927 2865 6462 7305 6836 
5928 6462 2833 7289 7305 
5929 7305 7289 2916 7304 
5930 6836 7305 7304 1704 
5931 2093 7306 7309 7308 
5932 7306 2011 7307 7309 
5933 7309 7307 1768 6854 
5934 7308 7309 6854 1830 
5935 1685 7310 7313 6558 
5936 7310 1687 7311 7313 
5937 7313 7311 1689 7312 
5938 6558 7313 7312 1688 
5939 2572 5243 7314 4848 
5940 5243 2908 7011 7314 
5941 7314 7011 1468 6817 
5942 4848 7314 6817 2870 
5943 2331 3723 7316 7294 
5944 3723 2335 7161 7316 
5945 7316 7161 2336 7315 
5946 7294 7316 7315 2332 
5947 1628 6371 7318 7317 
5948 6371 1627 6962 7318 
5949 7318 6962 1466 5622 
5950 7317 7318 5622 1626 
5951 2232 7319 7323 7322 
5952 7319 3276 7320 7323 
5953 7323 7320 3349 7321 
5954 7322 7323 7321 2080 
5955 1973 4113 7326 5068 
5956 4113 2374 7324 7326 
5957 7326 7324 3185 7325 
5958 5068 7326 7325 2493 
5959 2106 7327 7330 7329 
5960 7327 3274 7328 7330 
5961 7330 7328 2450 4408 
5962 7329 7330 4408 2351 
5963 1578 5289 7332 6909 
5964 5289 2895 7331 7332 
5965 7332 7331 1522 6937 
5966 6909 7332 6937 1546 
5967 2518 4702 7336 7335 
5968 4702 2517 7333 7336 
5969 7336 7333 3169 7334 
5970 7335 7336 7334 2036 
5971 1693 7337 7338 6622 
5972 7337 2892 7230 7338 
5973 7338 7230 1663 6990 
5974 6622 7338 6990 1577 
5975 1695 6800 7340 7339 
5976 6800 1589 7063 7340 
5977 7340 7063 1676 7241 
5978 7339 7340 7241 2891 
5979 2176 7341 7344 7141 
5980 7341 2974 7342 7344 
5981 7344 7342 2238 7343 
5982 7141 7344 7343 2919 
5983 2181 7128 7346 7269 
5984 7128 2180 7345 7346 
5985 7346 7345 2100 7244 
5986 7269 7346 7244 2101 
5987 1649 6437 7348 6987 
5988 6437 2810 7347 7348 
5989 7348 7347 2914 7247 
5990 6987 7348 7247 2885 
5991 3344 7349 7353 7352 
5992 7349 2767 7350 7353 
5993 7353 7350 2959 7351 
5994 7352 7353 7351 3317 
5995 2244 6022 7355 4015 
5996 6022 2245 7291 7355 
5997 7355 7291 2945 7354 
5998 4015 7355 7354 2246 
5999 2580 4197 7357 4968 
6000 4197 2582 3710 7357 
6001 7357 3710 3095 7356 
6002 4968 7357 7356 2581 
6003 1483 6946 7358 7298 
6004 6946 1522 7331 7358 
6005 7358 7331 2895 4303 
6006 7298 7358 4303 1968 
6007 2138 6626 7359 7187 
6008 6626 1597 6434 7359 
6009 7359 6434 1596 5940 
6010 7187 7359 5940 1467 
6011 641 640 7361 4531 
6012 640 639 6744 7361 
6013 7361 6744 2947 7360 
6014 4531 7361 7360 1524 
6015 1840 5967 7365 7364 
6016 5967 1838 7362 7365 
6017 7365 7362 3076 7363 
6018 7364 7365 7363 2932 
6019 1395 7366 7368 5644 
6020 7366 2925 5348 7368 
6021 7368 5348 2740 7367 
6022 5644 7368 7367 2739 
6023 1647 6892 7370 6539 
6024 6892 2868 7369 7370 
6025 7370 7369 2922 6675 
6026 6539 7370 6675 2542 
6027 2124 7371 7374 6925 
6028 7371 2368 7372 7374 
6029 7374 7372 2918 7373 
6030 6925 7374 7373 2858 
6031 1951 4630 7377 7376 
6032 4630 2433 4267 7377 
6033 7377 4267 2883 7375 
6034 7376 7377 7375 2434 
6035 1908 6349 7379 6569 
6036 6349 2071 7378 7379 
6037 7379 7378 2914 7347 
6038 6569 7379 7347 2810 
6039 1715 6416 7381 6339 
6040 6416 2262 7380 7381 
6041 7381 7380 2913 7156 
6042 6339 7381 7156 2824 
6043 1975 4677 7384 7383 
6044 4677 2975 7382 7384 
6045 7384 7382 2313 6509 
6046 7383 7384 6509 2527 
6047 2675 4773 7386 5238 
6048 4773 2676 7385 7386 
6049 7386 7385 3017 3879 
6050 5238 7386 3879 2677 
6051 2114 7013 7388 7206 
6052 7013 2020 7387 7388 
6053 7388 7387 2896 6443 
6054 7206 7388 6443 2149 
6055 2184 6917 7391 6458 
6056 6917 2820 7389 7391 
6057 7391 7389 3065 7390 
6058 6458 7391 7390 2385 
6059 1645 7392 7395 4557 
6060 7392 1766 7393 7395 
6061 7395 7393 1998 7394 
6062 4557 7395 7394 1997 
6063 2050 6062 7398 6096 
6064 6062 2049 7396 7398 
6065 7398 7396 2987 7397 
6066 6096 7398 7397 2172 
6067 2882 7399 7402 6788 
6068 7399 2241 7400 7402 
6069 7402 7400 3386 7401 
6070 6788 7402 7401 2432 
6071 1717 5991 7404 6379 
6072 5991 2829 7157 7404 
6073 7404 7157 2913 7403 
6074 6379 7404 7403 2053 
6075 1704 7304 7405 6563 
6076 7304 2916 6931 7405 
6077 7405 6931 2792 6292 
6078 6563 7405 6292 2826 
6079 2904 7302 7406 7163 
6080 7302 2927 6940 7406 
6081 7406 6940 2800 5922 
6082 7163 7406 5922 2255 
6083 2723 7407 7410 4420 
6084 7407 2724 7408 7410 
6085 7410 7408 3054 7409 
6086 4420 7410 7409 2721 
6087 1997 7394 7412 4415 
6088 7394 1998 7411 7412 
6089 7412 7411 2001 6712 
6090 4415 7412 6712 2000 
6091 1467 5939 7414 7185 
6092 5939 533 532 7414 
6093 7414 532 531 7413 
6094 7185 7414 7413 2938 
6095 1406 6976 7417 4763 
6096 6976 1407 7415 7417 
6097 7417 7415 2952 7416 
6098 4763 7417 7416 1386 
6099 2858 7373 7418 6839 
6100 7373 2918 6868 7418 
6101 7418 6868 2873 6177 
6102 6839 7418 6177 1812 
6103 2328 7419 7423 7422 
6104 7419 1980 7420 7423 
6105 7423 7420 1653 7421 
6106 7422 7423 7421 2973 
6107 2710 5104 7426 5354 
6108 5104 2736 7424 7426 
6109 7426 7424 3084 7425 
6110 5354 7426 7425 2709 
6111 1870 7427 7429 5843 
6112 7427 2043 4729 7429 
6113 7429 4729 3008 7428 
6114 5843 7429 7428 1872 
6115 3006 4528 7431 4728 
6116 4528 1988 6065 7431 
6117 7431 6065 1874 7430 
6118 4728 7431 7430 3008 
6119 1932 7432 7436 7435 
6120 7432 2186 7433 7436 
6121 7436 7433 2261 7434 
6122 7435 7436 7434 2103 
6123 3225 4697 7439 7438 
6124 4697 3049 7437 7439 
6125 7439 7437 416 417 
6126 7438 7439 417 418 
6127 1575 4317 7442 7441 
6128 4317 1660 6855 7442 
6129 7442 6855 1768 7440 
6130 7441 7442 7440 1659 
6131 2238 6542 7444 7343 
6132 6542 2877 6912 7444 
6133 7444 6912 1665 7443 
6134 7343 7444 7443 2919 
6135 2920 4495 7446 7445 
6136 4495 2460 6965 7446 
6137 7446 6965 2521 4441 
6138 7445 7446 4441 2894 
6139 2078 4025 7448 7447 
6140 4025 2928 7183 7448 
6141 7448 7183 1447 6775 
6142 7447 7448 6775 1446 
6143 1882 5834 7451 7450 
6144 5834 1880 7449 7451 
6145 7451 7449 3013 3877 
6146 7450 7451 3877 1992 
6147 3156 3665 7454 3962 
6148 3665 2268 7452 7454 
6149 7454 7452 2393 7453 
6150 3962 7454 7453 2394 
6151 2925 7366 7457 7456 
6152 7366 1395 5578 7457 
6153 7457 5578 2768 7455 
6154 7456 7457 7455 3218 
6155 1495 7458 7462 7461 
6156 7458 3092 7459 7462 
6157 7462 7459 2529 7460 
6158 7461 7462 7460 3087 
6159 2868 6819 7463 7369 
6160 6819 1779 6823 7463 
6161 7463 6823 2837 4833 
6162 7369 7463 4833 2922 
6163 1842 5937 7466 7465 
6164 5937 1840 7364 7466 
6165 7466 7364 2932 7464 
6166 7465 7466 7464 1977 
6167 1864 7467 7469 5853 
6168 7467 1979 6710 7469 
6169 7469 6710 3016 7468 
6170 5853 7469 7468 1866 
6171 2658 4963 7471 6643 
6172 4963 1590 7026 7471 
6173 7471 7026 1549 7470 
6174 6643 7471 7470 2915 
6175 2944 7472 7475 7474 
6176 7472 3114 7473 7475 
6177 7475 7473 2648 5245 
6178 7474 7475 5245 2644 
6179 2513 4092 7477 6187 
6180 4092 2708 4195 7477 
6181 7477 4195 3009 7476 
6182 6187 7477 7476 2178 
6183 2387 7478 7481 7480 
6184 7478 2011 7306 7481 
6185 7481 7306 2093 7479 
6186 7480 7481 7479 2291 
6187 2799 5879 7485 7484 
6188 5879 2250 7482 7485 
6189 7485 7482 2963 7483 
6190 7484 7485 7483 2948 
6191 2849 6593 7488 6629 
6192 6593 2850 7486 7488 
6193 7488 7486 2985 7487 
6194 6629 7488 7487 2139 
6195 2838 6696 7489 6707 
6196 6696 2879 7142 7489 
6197 7489 7142 2919 7443 
6198 6707 7489 7443 1665 
6199 2713 7490 7493 7492 
6200 7490 2712 5888 7493 
6201 7493 5888 2715 7491 
6202 7492 7493 7491 3063 
6203 3299 7494 7496 4861 
6204 7494 3010 7495 7496 
6205 7496 7495 2874 7195 
6206 4861 7496 7195 2506 
6207 1963 6456 7498 7240 
6208 6456 2155 3475 7498 
6209 7498 3475 2977 7497 
6210 7240 7498 7497 2891 
6211 2876 4704 7500 4524 
6212 4704 2447 3972 7500 
6213 7500 3972 3193 7499 
6214 4524 7500 7499 1762 
6215 671 6182 7502 672 
6216 6182 1497 3631 7502 
6217 7502 3631 3385 7501 
6218 672 7502 7501 673 
6219 2545 3863 7506 7505 
6220 3863 1991 7503 7506 
6221 7506 7503 2104 7504 
6222 7505 7506 7504 2297 
6223 1980 6885 7509 7420 
6224 6885 1826 7507 7509 
6225 7509 7507 1825 7508 
6226 7420 7509 7508 1653 
6227 1900 5807 7511 6307 
6228 5807 1898 7510 7511 
6229 7511 7510 3039 3517 
6230 6307 7511 3517 2017 
6231 2712 7490 7514 5783 
6232 7490 2713 7512 7514 
6233 7514 7512 3078 7513 
6234 5783 7514 7513 2711 
6235 1727 6314 7516 6519 
6236 6314 1930 7145 7516 
6237 7516 7145 2936 7515 
6238 6519 7516 7515 2052 
6239 2735 7517 7519 7090 
6240 7517 3032 7518 7519 
6241 7519 7518 2731 5697 
6242 7090 7519 5697 2733 
6243 2266 7520 7523 7522 
6244 7520 2267 7521 7523 
6245 7523 7521 2393 7452 
6246 7522 7523 7452 2268 
6247 2262 7524 7526 7380 
6248 7524 2948 7525 7526 
6249 7526 7525 2053 7403 
6250 7380 7526 7403 2913 
6251 1852 7527 7529 5871 
6252 7527 1969 7528 7529 
6253 7529 7528 2939 7202 
6254 5871 7529 7202 1854 
6255 1888 5825 7532 7531 
6256 5825 1886 7530 7532 
6257 7532 7530 3044 3754 
6258 7531 7532 3754 1993 
6259 3121 4217 7535 7534 
6260 4217 3109 7533 7535 
6261 7535 7533 394 395 
6262 7534 7535 395 396 
6263 2644 5386 7538 7474 
6264 5386 2643 7536 7538 
6265 7538 7536 2646 7537 
6266 7474 7538 7537 2944 
6267 83 84 7540 5398 
6268 84 85 7539 7540 
6269 7540 7539 3093 7102 
6270 5398 7540 7102 1414 
6271 2337 3577 7542 7541 
6272 3577 2942 6943 7542 
6273 7542 6943 2203 5956 
6274 7541 7542 5956 2202 
6275 2384 7543 7547 7546 
6276 7543 2382 7544 7547 
6277 7547 7544 3381 7545 
6278 7546 7547 7545 2924 
6279 453 452 7549 5984 
6280 452 451 7060 7549 
6281 7549 7060 2941 7548 
6282 5984 7549 7548 2797 
6283 1803 7550 7554 7553 
6284 7550 2135 7551 7554 
6285 7554 7551 2136 7552 
6286 7553 7554 7552 2063 
6287 2551 7555 7557 5118 
6288 7555 2563 4597 7557 
6289 7557 4597 3099 7556 
6290 5118 7557 7556 1734 
6291 2968 7558 7561 7560 
6292 7558 3081 7559 7561 
6293 7561 7559 2654 4865 
6294 7560 7561 4865 2652 
6295 312 5186 7564 5034 
6296 5186 2546 7562 7564 
6297 7564 7562 3366 7563 
6298 5034 7564 7563 1698 
6299 1719 5546 7565 6419 
6300 5546 2799 7484 7565 
6301 7565 7484 2948 7524 
6302 6419 7565 7524 2262 
6303 1894 5816 7568 7567 
6304 5816 1892 7566 7568 
6305 7568 7566 3047 3624 
6306 7567 7568 3624 1996 
6307 2681 4505 7570 5099 
6308 4505 2682 7569 7570 
6309 7570 7569 3030 3756 
6310 5099 7570 3756 2683 
6311 1549 6640 7571 7470 
6312 6640 1525 7168 7571 
6313 7571 7168 1978 6644 
6314 7470 7571 6644 2915 
6315 2175 7236 7573 5972 
6316 7236 2177 7572 7573 
6317 7573 7572 2974 7341 
6318 5972 7573 7341 2176 
6319 1808 4964 7575 6104 
6320 4964 2658 6646 7575 
6321 7575 6646 2943 7574 
6322 6104 7575 7574 2575 
6323 2198 6084 7578 6495 
6324 6084 2348 7576 7578 
6325 7578 7576 3021 7577 
6326 6495 7578 7577 2807 
6327 2695 4379 7580 5030 
6328 4379 2696 7579 7580 
6329 7580 7579 3002 3519 
6330 5030 7580 3519 2697 
6331 3053 7581 7584 7583 
6332 7581 3070 7582 7584 
6333 7584 7582 459 458 
6334 7583 7584 458 457 
6335 2532 3982 7586 3450 
6336 3982 2397 7585 7586 
6337 7586 7585 1605 6077 
6338 3450 7586 6077 2355 
6339 2379 7587 7591 7590 
6340 7587 2380 7588 7591 
6341 7591 7588 2381 7589 
6342 7590 7591 7589 2136 
6343 2903 7592 7596 7595 
6344 7592 1574 7593 7596 
6345 7596 7593 1573 7594 
6346 7595 7596 7594 2909 
6347 1760 6276 7598 5498 
6348 6276 1910 6332 7598 
6349 7598 6332 3062 7597 
6350 5498 7598 7597 1761 
6351 2575 7574 7601 4883 
6352 7574 2943 7599 7601 
6353 7601 7599 2999 7600 
6354 4883 7601 7600 2576 
6355 2737 3608 7602 5520 
6356 3608 2950 7042 7602 
6357 7602 7042 165 166 
6358 5520 7602 166 167 
6359 65 66 7605 5436 
6360 66 67 7603 7605 
6361 7605 7603 3252 7604 
6362 5436 7605 7604 2396 
6363 87 88 7609 7608 
6364 88 89 7606 7609 
6365 7609 7606 3087 7607 
6366 7608 7609 7607 1733 
6367 1435 4740 7612 7611 
6368 4740 3177 3467 7612 
6369 7612 3467 2362 7610 
6370 7611 7612 7610 3107 
6371 18 5910 7616 7615 
6372 5910 1517 7613 7616 
6373 7616 7613 1538 7614 
6374 7615 7616 7614 1516 
6375 3148 7617 7619 4003 
6376 7617 3142 7618 7619 
6377 7619 7618 2917 7280 
6378 4003 7619 7280 2638 
6379 3087 7460 7621 7607 
6380 7460 2529 7620 7621 
6381 7621 7620 3091 3956 
6382 7607 7621 3956 1733 
6383 2901 7622 7624 7623 
6384 7622 3260 3769 7624 
6385 7624 3769 1392 4987 
6386 7623 7624 4987 2583 
6387 1502 3576 7625 7043 
6388 3576 2955 7070 7625 
6389 7625 7070 161 162 
6390 7043 7625 162 163 
6391 2558 6635 7626 5430 
6392 6635 2899 7170 7626 
6393 7626 7170 1438 7130 
6394 5430 7626 7130 2935 
6395 1574 7592 7627 6779 
6396 7592 2903 7270 7627 
6397 7627 7270 2101 7243 
6398 6779 7627 7243 1923 
6399 2936 7144 7629 7628 
6400 7144 2956 7149 7629 
6401 7629 7149 2030 5915 
6402 7628 7629 5915 2242 
6403 3048 7630 7632 4911 
6404 7630 2971 7212 7632 
6405 7632 7212 3050 7631 
6406 4911 7632 7631 2719 
6407 2766 7633 7635 7634 
6408 7633 2959 7350 7635 
6409 7635 7350 2767 5534 
6410 7634 7635 5534 2764 
6411 1457 6815 7637 6599 
6412 6815 1459 7636 7637 
6413 7637 7636 3077 4060 
6414 6599 7637 4060 1456 
6415 2210 7638 7642 7641 
6416 7638 2117 7639 7642 
6417 7642 7639 2116 7640 
6418 7641 7642 7640 1962 
6419 2489 6304 7645 7644 
6420 6304 2235 7032 7645 
6421 7645 7032 2888 7643 
6422 7644 7645 7643 2930 
6423 2688 4374 7647 5026 
6424 4374 2689 7646 7647 
6425 7647 7646 3024 3626 
6426 5026 7647 3626 2690 
6427 1660 4316 7649 6856 
6428 4316 2092 7648 7649 
6429 7649 7648 2406 3534 
6430 6856 7649 3534 2407 
6431 1574 6778 7651 7593 
6432 6778 1554 7650 7651 
6433 7651 7650 1545 7029 
6434 7593 7651 7029 1573 
6435 2236 7652 7654 6464 
6436 7652 2237 7653 7654 
6437 7654 7653 2945 7290 
6438 6464 7654 7290 2833 
6439 2400 7655 7659 7658 
6440 7655 3057 7656 7659 
6441 7659 7656 1487 7657 
6442 7658 7659 7657 3137 
6443 2008 7660 7661 3505 
6444 7660 2951 4164 7661 
6445 7661 4164 2232 7322 
6446 3505 7661 7322 2080 
6447 1592 7662 7665 7664 
6448 7662 2929 3553 7665 
6449 7665 3553 1751 7663 
6450 7664 7665 7663 1582 
6451 2372 3897 7667 7666 
6452 3897 2960 7237 7667 
6453 7667 7237 2175 5971 
6454 7666 7667 5971 2173 
6455 618 7668 7671 619 
6456 7668 1668 7669 7671 
6457 7671 7669 1669 7670 
6458 619 7671 7670 22 
6459 2140 7672 7673 5785 
6460 7672 2341 3514 7673 
6461 7673 3514 3174 4276 
6462 5785 7673 4276 2388 
6463 2326 7674 7677 4131 
6464 7674 1753 7675 7677 
6465 7677 7675 1961 7676 
6466 4131 7677 7676 2040 
6467 169 170 7680 5521 
6468 170 171 7678 7680 
6469 7680 7678 3099 7679 
6470 5521 7680 7679 1496 
6471 1970 5721 7684 7683 
6472 5721 2146 7681 7684 
6473 7684 7681 2251 7682 
6474 7683 7684 7682 2014 
6475 1586 7685 7687 5514 
6476 7685 1580 7686 7687 
6477 7687 7686 1579 6728 
6478 5514 7687 6728 1585 
6479 2736 7688 7691 7424 
6480 7688 3083 7689 7691 
6481 7691 7689 2192 7690 
6482 7424 7691 7690 3084 
6483 2363 7692 7694 3499 
6484 7692 3058 7693 7694 
6485 7694 7693 2548 5209 
6486 3499 7694 5209 1391 
6487 1592 7664 7697 5574 
6488 7664 1582 7695 7697 
6489 7697 7695 1581 7696 
6490 5574 7697 7696 1591 
6491 69 70 7700 7699 
6492 70 71 7698 7700 
6493 7700 7698 3120 4450 
6494 7699 7700 4450 1390 
6495 2318 7701 7705 7704 
6496 7701 2095 7702 7705 
6497 7705 7702 2320 7703 
6498 7704 7705 7703 2319 
6499 2652 5591 7708 7560 
6500 5591 2649 7706 7708 
6501 7708 7706 2650 7707 
6502 7560 7708 7707 2968 
6503 3216 7709 7711 3583 
6504 7709 2615 4147 7711 
6505 7711 4147 3229 7710 
6506 3583 7711 7710 1470 
6507 1678 7712 7715 7714 
6508 7712 19 3567 7715 
6509 7715 3567 2134 7713 
6510 7714 7715 7713 1740 
6511 2863 7716 7717 6901 
6512 7716 2952 7415 7717 
6513 7717 7415 1407 7057 
6514 6901 7717 7057 1418 
6515 1860 6684 7720 5859 
6516 6684 2869 7718 7720 
6517 7720 7718 3060 7719 
6518 5859 7720 7719 1862 
6519 1388 3895 7722 7721 
6520 3895 2965 7084 7722 
6521 7722 7084 228 229 
6522 7721 7722 229 230 
6523 2202 6161 7724 7541 
6524 6161 2204 3829 7724 
6525 7724 3829 3249 7723 
6526 7541 7724 7723 2337 
6527 2253 7725 7728 7238 
6528 7725 2371 7726 7728 
6529 7728 7726 2984 7727 
6530 7238 7728 7727 2177 
6531 1848 5900 7731 7730 
6532 5900 1846 7213 7731 
6533 7731 7213 2971 7729 
6534 7730 7731 7729 1966 
6535 2643 5403 7733 7536 
6536 5403 2645 7732 7733 
6537 7733 7732 3136 4178 
6538 7536 7733 4178 2646 
6539 2157 6572 7735 7285 
6540 6572 2029 7734 7735 
6541 7735 7734 3068 3634 
6542 7285 7735 3634 2220 
6543 1731 4576 7738 7737 
6544 4576 1970 7683 7738 
6545 7738 7683 2014 7736 
6546 7737 7738 7736 1745 
6547 2667 5980 7739 5748 
6548 5980 3023 7088 7739 
6549 7739 7088 2734 4609 
6550 5748 7739 4609 2668 
6551 2075 5207 7741 5200 
6552 5207 2199 7740 7741 
6553 7741 7740 3128 3946 
6554 5200 7741 3946 2285 
6555 1956 6543 7743 6058 
6556 6543 2238 7342 7743 
6557 7743 7342 2974 7742 
6558 6058 7743 7742 2007 
6559 1553 7744 7746 5613 
6560 7744 2761 3741 7746 
6561 7746 3741 3111 7745 
6562 5613 7746 7745 2760 
6563 2795 7747 7749 6726 
6564 7747 2924 7545 7749 
6565 7749 7545 3381 7748 
6566 6726 7749 7748 3153 
6567 2242 6941 7750 7628 
6568 6941 2927 7301 7750 
6569 7750 7301 2052 7515 
6570 7628 7750 7515 2936 
6571 3052 7751 7754 7753 
6572 7751 1985 6448 7754 
6573 7754 6448 2817 7752 
6574 7753 7754 7752 3056 
6575 3264 7755 7759 7758 
6576 7755 2499 7756 7759 
6577 7759 7756 1816 7757 
6578 7758 7759 7757 3256 
6579 3078 7512 7762 7761 
6580 7512 2713 7760 7762 
6581 7762 7760 2932 7363 
6582 7761 7762 7363 3076 
6583 2980 7763 7766 7765 
6584 7763 3033 7764 7766 
6585 7766 7764 2705 5459 
6586 7765 7766 5459 2704 
6587 675 674 7769 7768 
6588 674 673 7501 7769 
6589 7769 7501 3385 7767 
6590 7768 7769 7767 3106 
6591 1487 7656 7771 4547 
6592 7656 3057 7770 7771 
6593 7771 7770 3279 3448 
6594 4547 7771 3448 2504 
6595 2437 7198 7773 3818 
6596 7198 582 581 7773 
6597 7773 581 580 7772 
6598 3818 7773 7772 1818 
6599 1568 7774 7777 7776 
6600 7774 1731 7737 7777 
6601 7777 7737 1745 7775 
6602 7776 7777 7775 1643 
6603 1575 7441 7779 7028 
6604 7441 1659 7778 7779 
6605 7779 7778 2909 7594 
6606 7028 7779 7594 1573 
6607 1420 6872 7782 6903 
6608 6872 2034 7780 7782 
6609 7782 7780 2953 7781 
6610 6903 7782 7781 2863 
6611 1983 7783 7785 4745 
6612 7783 1982 7784 7785 
6613 7785 7784 1826 6884 
6614 4745 7785 6884 1981 
6615 3023 5979 7787 7089 
6616 5979 3060 7718 7787 
6617 7787 7718 2869 7786 
6618 7089 7787 7786 2735 
6619 667 4052 7788 668 
6620 4052 2464 6995 7788 
6621 7788 6995 2964 6183 
6622 668 7788 6183 669 
6623 2837 6822 7791 4834 
6624 6822 1786 7789 7791 
6625 7791 7789 3004 7790 
6626 4834 7791 7790 2861 
6627 3359 4473 7795 7794 
6628 4473 2890 7792 7795 
6629 7795 7792 3313 7793 
6630 7794 7795 7793 2046 
6631 2706 5539 7797 5379 
6632 5539 1702 4029 7797 
6633 7797 4029 3150 7796 
6634 5379 7797 7796 2707 
6635 2963 7482 7798 7252 
6636 7482 2250 5878 7798 
6637 7798 5878 1986 7234 
6638 7252 7798 7234 2978 
6639 1681 7799 7802 7801 
6640 7799 1682 7800 7802 
6641 7802 7800 1684 6897 
6642 7801 7802 6897 1683 
6643 2704 5523 7805 7765 
6644 5523 2655 7803 7805 
6645 7805 7803 2656 7804 
6646 7765 7805 7804 2980 
6647 1701 7071 7807 7806 
6648 7071 2955 3578 7807 
6649 7807 3578 2337 7723 
6650 7806 7807 7723 3249 
6651 3219 7808 7811 7810 
6652 7808 3199 7809 7811 
6653 7811 7809 388 389 
6654 7810 7811 389 390 
6655 2763 5531 7812 5659 
6656 5531 2767 7349 7812 
6657 7812 7349 3344 3586 
6658 5659 7812 3586 1670 
6659 2637 5674 7814 7279 
6660 5674 2636 7813 7814 
6661 7814 7813 3154 4000 
6662 7279 7814 4000 2638 
6663 467 466 7818 7817 
6664 466 465 7815 7818 
6665 7818 7815 3101 7816 
6666 7817 7818 7816 1477 
6667 2177 7727 7820 7572 
6668 7727 2984 7819 7820 
6669 7820 7819 2007 7742 
6670 7572 7820 7742 2974 
6671 2361 7821 7824 7823 
6672 7821 2256 7822 7824 
6673 7824 7822 3107 7610 
6674 7823 7824 7610 2362 
6675 1426 3780 7827 6876 
6676 3780 2327 7825 7827 
6677 7827 7825 3185 7826 
6678 6876 7827 7826 1423 
6679 1789 6770 7830 7829 
6680 6770 1637 6256 7830 
6681 7830 6256 1572 7828 
6682 7829 7830 7828 1788 
6683 1517 7831 7834 7613 
6684 7831 1539 7832 7834 
6685 7834 7832 1566 7833 
6686 7613 7834 7833 1538 
6687 2938 7413 7836 7835 
6688 7413 531 530 7836 
6689 7836 530 529 7264 
6690 7835 7836 7264 2981 
6691 2088 7837 7839 5234 
6692 7837 2027 7838 7839 
6693 7839 7838 1982 7783 
6694 5234 7839 7783 1983 
6695 1688 7312 7843 7842 
6696 7312 1689 7840 7843 
6697 7843 7840 1691 7841 
6698 7842 7843 7841 1690 
6699 2360 5351 7845 7844 
6700 5351 2359 3495 7845 
6701 7845 3495 2297 7504 
6702 7844 7845 7504 2104 
6703 1670 3585 7847 5660 
6704 3585 2982 7846 7847 
6705 7847 7846 240 241 
6706 5660 7847 241 242 
6707 1659 7440 7851 7850 
6708 7440 1768 7848 7851 
6709 7851 7848 2931 7849 
6710 7850 7851 7849 1907 
6711 2850 5927 7853 7486 
6712 5927 2705 7764 7853 
6713 7853 7764 3033 7852 
6714 7486 7853 7852 2985 
6715 2213 7854 7857 7856 
6716 7854 3115 4207 7857 
6717 7857 4207 2550 7855 
6718 7856 7857 7855 3167 
6719 2209 7858 7860 5560 
6720 7858 2479 3957 7860 
6721 7860 3957 3091 7859 
6722 5560 7860 7859 2207 
6723 1782 6955 7862 6531 
6724 6955 2856 7861 7862 
6725 7862 7861 3004 7789 
6726 6531 7862 7789 1786 
6727 589 7863 7866 590 
6728 7863 1462 7864 7866 
6729 7866 7864 1463 7865 
6730 590 7866 7865 21 
6731 686 7867 7870 687 
6732 7867 1813 7868 7870 
6733 7870 7868 1817 7869 
6734 687 7870 7869 26 
6735 2930 7871 7873 7644 
6736 7871 1402 7872 7873 
6737 7873 7872 3325 4088 
6738 7644 7873 4088 2489 
6739 1539 7874 7877 7832 
6740 7874 1568 7875 7877 
6741 7877 7875 1642 7876 
6742 7832 7877 7876 1566 
6743 2416 3840 7879 4685 
6744 3840 3141 7878 7879 
6745 7879 7878 1811 5718 
6746 4685 7879 5718 2096 
6747 2939 7880 7883 7203 
6748 7880 3028 7881 7883 
6749 7883 7881 3026 7882 
6750 7203 7883 7882 3055 
6751 2019 4922 7886 5015 
6752 4922 2032 7884 7886 
6753 7886 7884 2988 7885 
6754 5015 7886 7885 2018 
6755 2371 7725 7888 3801 
6756 7725 2253 3967 7888 
6757 7888 3967 3172 7887 
6758 3801 7888 7887 2937 
6759 1634 7889 7893 7892 
6760 7889 25 7890 7893 
6761 7893 7890 2218 7891 
6762 7892 7893 7891 1635 
6763 2414 4233 7896 3804 
6764 4233 1748 7894 7896 
6765 7896 7894 1747 7895 
6766 3804 7896 7895 1641 
6767 2006 6056 7898 6496 
6768 6056 2007 7819 7898 
6769 7898 7819 2984 7897 
6770 6496 7898 7897 2197 
6771 2079 4880 7902 7901 
6772 4880 2576 7899 7902 
6773 7902 7899 3100 7900 
6774 7901 7902 7900 2577 
6775 2410 7903 7906 6048 
6776 7903 3318 7904 7906 
6777 7906 7904 3222 7905 
6778 6048 7906 7905 2409 
6779 2631 5676 7908 6950 
6780 5676 2630 7907 7908 
6781 7908 7907 3173 3795 
6782 6950 7908 3795 2632 
6783 1690 7841 7911 7222 
6784 7841 1691 7909 7911 
6785 7911 7909 1765 7910 
6786 7222 7911 7910 1763 
6787 1568 7776 7914 7875 
6788 7776 1643 7912 7914 
6789 7914 7912 1752 7913 
6790 7875 7914 7913 1642 
6791 1413 4454 7915 3592 
6792 4454 2467 4127 7915 
6793 7915 4127 3001 4133 
6794 3592 7915 4133 2466 
6795 191 192 7917 5210 
6796 192 193 7916 7917 
6797 7917 7916 3151 3500 
6798 5210 7917 3500 1391 
6799 2522 7918 7921 4558 
6800 7918 1559 7919 7921 
6801 7921 7919 1644 7920 
6802 4558 7921 7920 1645 
6803 2982 3491 7922 7846 
6804 3491 2991 7224 7922 
6805 7922 7224 238 239 
6806 7846 7922 239 240 
6807 1653 7508 7923 5573 
6808 7508 1825 3886 7923 
6809 7923 3886 2929 7662 
6810 5573 7923 7662 1592 
6811 2726 7924 7926 5172 
6812 7924 2995 7925 7926 
6813 7926 7925 2724 7407 
6814 5172 7926 7407 2723 
6815 1946 7133 7929 7928 
6816 7133 1944 6852 7929 
6817 7929 6852 1934 7927 
6818 7928 7929 7927 1945 
6819 1486 6759 7931 6527 
6820 6759 2840 7930 7931 
6821 7931 7930 3105 4351 
6822 6527 7931 4351 1491 
6823 1642 7913 7934 7933 
6824 7913 1752 7932 7934 
6825 7934 7932 1961 7675 
6826 7933 7934 7675 1753 
6827 3137 4535 7936 7658 
6828 4535 1926 5167 7936 
6829 7936 5167 3220 7935 
6830 7658 7936 7935 2400 
6831 2989 7176 7939 7938 
6832 7176 2399 7937 7939 
6833 7939 7937 2222 3906 
6834 7938 7939 3906 3160 
6835 2099 4175 7942 7941 
6836 4175 1959 7193 7942 
6837 7942 7193 1950 7940 
6838 7941 7942 7940 2098 
6839 2300 4941 7945 7944 
6840 4941 2099 7941 7945 
6841 7945 7941 2098 7943 
6842 7944 7945 7943 2299 
6843 2821 7946 7948 5235 
6844 7946 2822 4129 7948 
6845 7948 4129 3383 7947 
6846 5235 7948 7947 2115 
6847 3314 7949 7953 7952 
6848 7949 3069 7950 7953 
6849 7953 7950 3247 7951 
6850 7952 7953 7951 2215 
6851 473 472 7956 7955 
6852 472 471 7954 7956 
6853 7956 7954 3133 4180 
6854 7955 7956 4180 1475 
6855 2417 3527 7957 4298 
6856 3527 3102 3759 7957 
6857 7957 3759 2481 4356 
6858 4298 7957 4356 1918 
6859 3207 7958 7961 7960 
6860 7958 1672 7959 7961 
6861 7961 7959 3208 4412 
6862 7960 7961 4412 2775 
6863 1820 6376 7962 7251 
6864 6376 2053 7525 7962 
6865 7962 7525 2948 7483 
6866 7251 7962 7483 2963 
6867 318 319 7965 7964 
6868 319 320 4823 7965 
6869 7965 4823 1755 7963 
6870 7964 7965 7963 3010 
6871 2902 7210 7968 7287 
6872 7210 2940 7966 7968 
6873 7968 7966 3257 7967 
6874 7287 7968 7967 1916 
6875 2319 7703 7971 7970 
6876 7703 2320 3658 7971 
6877 7971 3658 2323 7969 
6878 7970 7971 7969 2322 
6879 1557 7972 7975 7974 
6880 7972 1558 7973 7975 
6881 7975 7973 1570 6736 
6882 7974 7975 6736 1569 
6883 1427 7976 7978 6752 
6884 7976 1425 7977 7978 
6885 7978 7977 3116 3948 
6886 6752 7978 3948 1428 
6887 1691 7979 7981 7909 
6888 7979 1932 7980 7981 
6889 7981 7980 1991 3866 
6890 7909 7981 3866 1765 
6891 2144 7982 7985 7984 
6892 7982 2541 3691 7985 
6893 7985 3691 3353 7983 
6894 7984 7985 7983 3011 
6895 2878 6669 7987 4604 
6896 6669 2485 7986 7987 
6897 7987 7986 3118 3640 
6898 4604 7987 3640 1739 
6899 1932 7435 7989 7980 
6900 7435 2103 7988 7989 
6901 7989 7988 2104 7503 
6902 7980 7989 7503 1991 
6903 1565 7990 7994 7993 
6904 7990 1564 7991 7994 
6905 7994 7991 1563 7992 
6906 7993 7994 7992 1537 
6907 2671 4633 7995 7267 
6908 4633 3005 7226 7995 
6909 7995 7226 2664 5219 
6910 7267 7995 5219 2669 
6911 2111 6299 7998 4461 
6912 6299 2110 7996 7998 
6913 7998 7996 2216 7997 
6914 4461 7998 7997 2230 
6915 677 676 8000 4227 
6916 676 675 7768 8000 
6917 8000 7768 3106 7999 
6918 4227 8000 7999 1646 
6919 1814 4106 8001 4595 
6920 4106 2398 4282 8001 
6921 8001 4282 3074 4188 
6922 4595 8001 4188 2219 
6923 2421 8002 8005 4562 
6924 8002 3286 8003 8005 
6925 8005 8003 2167 8004 
6926 4562 8005 8004 2561 
6927 2387 8006 8007 7478 
6928 8006 2931 7848 8007 
6929 8007 7848 1768 7307 
6930 7478 8007 7307 2011 
6931 1679 8008 8010 3789 
6932 8008 1680 8009 8010 
6933 8010 8009 1682 7799 
6934 3789 8010 7799 1681 
6935 2625 5734 8013 8012 
6936 5734 2624 8011 8013 
6937 8013 8011 3192 3679 
6938 8012 8013 3679 2626 
6939 2492 3427 8015 4221 
6940 3427 2122 5791 8015 
6941 8015 5791 1770 8014 
6942 4221 8015 8014 3195 
6943 1750 8016 8019 6284 
6944 8016 2905 8017 8019 
6945 8019 8017 3168 8018 
6946 6284 8019 8018 1955 
6947 2718 5774 8021 4914 
6948 5774 2721 7409 8021 
6949 8021 7409 3054 8020 
6950 4914 8021 8020 3048 
6951 1850 5893 8024 8023 
6952 5893 1848 7730 8024 
6953 8024 7730 1966 8022 
6954 8023 8024 8022 2998 
6955 3192 8025 8027 3680 
6956 8025 2621 4427 8027 
6957 8027 4427 3210 8026 
6958 3680 8027 8026 1469 
6959 3133 8028 8030 4181 
6960 8028 3119 8029 8030 
6961 8030 8029 2944 7537 
6962 4181 8030 7537 2646 
6963 1740 8031 8034 7714 
6964 8031 1754 8032 8034 
6965 8034 8032 2054 8033 
6966 7714 8034 8033 1678 
6967 2729 5122 8037 8036 
6968 5122 2731 7518 8037 
6969 8037 7518 3032 8035 
6970 8036 8037 8035 3026 
6971 2198 6494 8039 6085 
6972 6494 2197 8038 8039 
6973 8039 8038 3035 3509 
6974 6085 8039 3509 2308 
6975 2445 3473 8041 4104 
6976 3473 2306 6860 8041 
6977 8041 6860 2302 8040 
6978 4104 8041 8040 2962 
6979 2144 5285 8043 7982 
6980 5285 2540 8042 8043 
6981 8043 8042 3126 3692 
6982 7982 8043 3692 2541 
6983 2821 4743 8046 8045 
6984 4743 2035 8044 8046 
6985 8046 8044 3262 3462 
6986 8045 8046 3462 2823 
6987 2699 4526 8047 5239 
6988 4526 3006 7266 8047 
6989 8047 7266 2670 5740 
6990 5239 8047 5740 2673 
6991 2137 6705 8049 8048 
6992 6705 2545 7505 8049 
6993 8049 7505 2297 3494 
6994 8048 8049 3494 3259 
6995 3257 7966 8052 8051 
6996 7966 2940 3687 8052 
6997 8052 3687 2435 8050 
6998 8051 8052 8050 3305 
6999 1433 7171 8054 6747 
7000 7171 1434 3689 8054 
7001 8054 3689 3126 8053 
7002 6747 8054 8053 1431 
7003 2110 6301 8057 8056 
7004 6301 2001 7411 8057 
7005 8057 7411 1998 8055 
7006 8056 8057 8055 3166 
7007 1873 5844 8058 5588 
7008 5844 1872 7428 8058 
7009 8058 7428 3008 7430 
7010 5588 8058 7430 1874 
7011 2619 5267 8060 5752 
7012 5267 2618 8059 8060 
7013 8060 8059 3216 3582 
7014 5752 8060 3582 2620 
7015 2995 7924 8063 8062 
7016 7924 2726 5713 8063 
7017 8063 5713 2728 8061 
7018 8062 8063 8061 3028 
7019 479 478 8066 8065 
7020 478 477 8064 8066 
7021 8066 8064 3148 4002 
7022 8065 8066 4002 1473 
7023 1539 8067 8068 7874 
7024 8067 2954 4577 8068 
7025 8068 4577 1731 7774 
7026 7874 8068 7774 1568 
7027 2728 4358 8069 8061 
7028 4358 2729 8036 8069 
7029 8069 8036 3026 7881 
7030 8061 8069 7881 3028 
7031 2187 3986 8070 5903 
7032 3986 2389 4023 8070 
7033 8070 4023 3034 7255 
7034 5903 8070 7255 2169 
7035 2043 7427 8072 4635 
7036 7427 1870 5847 8072 
7037 8072 5847 1868 8071 
7038 4635 8072 8071 3012 
7039 2967 4073 8074 3458 
7040 4073 2377 8073 8074 
7041 8074 8073 2294 3727 
7042 3458 8074 3727 3051 
7043 2684 4371 8075 5100 
7044 4371 3017 7385 8075 
7045 8075 7385 2676 5485 
7046 5100 8075 5485 2679 
7047 3033 7763 8079 8078 
7048 7763 2980 8076 8079 
7049 8079 8076 3053 8077 
7050 8078 8079 8077 1479 
7051 2067 8080 8083 7136 
7052 8080 2986 8081 8083 
7053 8083 8081 3103 8082 
7054 7136 8083 8082 2343 
7055 420 421 8087 8086 
7056 421 422 8084 8087 
7057 8087 8084 3238 8085 
7058 8086 8087 8085 1398 
7059 1988 4527 8089 6066 
7060 4527 3015 8088 8089 
7061 8089 8088 1878 5840 
7062 6066 8089 5840 1876 
7063 601 600 8092 6053 
7064 600 599 8090 8092 
7065 8092 8090 3342 8091 
7066 6053 8092 8091 2852 
7067 1412 8093 8095 8094 
7068 8093 3219 7810 8095 
7069 8095 7810 390 391 
7070 8094 8095 391 392 
7071 2698 3926 8096 5031 
7072 3926 3024 7646 8096 
7073 8096 7646 2689 5148 
7074 5031 8096 5148 2693 
7075 2282 3460 8098 3939 
7076 3460 2281 8097 8098 
7077 8098 8097 1740 7713 
7078 3939 8098 7713 2134 
7079 1928 6571 8099 6954 
7080 6571 2157 7284 8099 
7081 8099 7284 3004 7861 
7082 6954 8099 7861 2856 
7083 2248 8100 8103 4658 
7084 8100 2249 8101 8103 
7085 8103 8101 2329 8102 
7086 4658 8103 8102 2133 
7087 2196 8104 8108 8107 
7088 8104 1974 8105 8108 
7089 8108 8105 2067 8106 
7090 8107 8108 8106 2340 
7091 2613 5263 8110 5755 
7092 5263 2612 8109 8110 
7093 8110 8109 3237 3663 
7094 5755 8110 3663 2614 
7095 3056 8111 8113 7753 
7096 8111 2788 5450 8113 
7097 8113 5450 2789 8112 
7098 7753 8113 8112 3052 
7099 273 5567 8115 272 
7100 5567 1703 6830 8115 
7101 8115 6830 3186 8114 
7102 272 8115 8114 271 
7103 2901 7623 8117 7181 
7104 7623 2583 8116 8117 
7105 8117 8116 3283 3731 
7106 7181 8117 3731 2463 
7107 1401 5434 8120 5414 
7108 5434 2396 8118 8120 
7109 8120 8118 2225 8119 
7110 5414 8120 8119 2746 
7111 1880 5837 8121 7449 
7112 5837 1878 8088 8121 
7113 8121 8088 3015 4079 
7114 7449 8121 4079 3013 
7115 1866 7468 8122 5850 
7116 7468 3016 4487 8122 
7117 8122 4487 3012 8071 
7118 5850 8122 8071 1868 
7119 2072 6364 8125 4140 
7120 6364 1909 8123 8125 
7121 8125 8123 3171 8124 
7122 4140 8125 8124 2129 
7123 2795 6729 8129 8128 
7124 6729 1579 8126 8129 
7125 8129 8126 1562 8127 
7126 8128 8129 8127 1561 
7127 2691 4137 8130 5027 
7128 4137 3030 7569 8130 
7129 8130 7569 2682 5217 
7130 5027 8130 5217 2686 
7131 2431 3563 8132 8131 
7132 3563 3085 4876 8132 
7133 8132 4876 2429 4584 
7134 8131 8132 4584 2427 
7135 1443 6658 8135 6928 
7136 6658 2836 8133 8135 
7137 8135 8133 2999 8134 
7138 6928 8135 8134 2857 
7139 1497 6184 8136 3632 
7140 6184 2964 6994 8136 
7141 8136 6994 2996 6159 
7142 3632 8136 6159 2354 
7143 2897 8137 8138 6993 
7144 8137 2044 3787 8138 
7145 8138 3787 2997 6156 
7146 6993 8138 6156 2996 
7147 1565 8139 8141 7990 
7148 8139 1581 7695 8141 
7149 8141 7695 1582 8140 
7150 7990 8141 8140 1564 
7151 2607 5255 8143 5758 
7152 5255 2606 8142 8143 
7153 8143 8142 3255 3834 
7154 5758 8143 3834 2608 
7155 218 219 8146 8145 
7156 219 220 4749 8146 
7157 8146 4749 3027 8144 
7158 8145 8146 8144 3043 
7159 2082 8147 8150 8149 
7160 8147 2055 8148 8150 
7161 8150 8148 2054 8032 
7162 8149 8150 8032 1754 
7163 2316 8151 8153 4065 
7164 8151 3180 8152 8153 
7165 8153 8152 1553 5694 
7166 4065 8153 5694 2790 
7167 2938 7835 8156 7186 
7168 7835 2981 8154 8156 
7169 8156 8154 2992 8155 
7170 7186 8156 8155 2744 
7171 485 484 8158 6123 
7172 484 483 8157 8158 
7173 8158 8157 3170 3797 
7174 6123 8158 3797 1471 
7175 2318 8159 8162 7701 
7176 8159 2094 8160 8162 
7177 8162 8160 1915 8161 
7178 7701 8162 8161 2095 
7179 2186 3560 8166 8165 
7180 3560 2508 8163 8166 
7181 8166 8163 3322 8164 
7182 8165 8166 8164 2418 
7183 1800 5802 8168 4993 
7184 5802 1828 8167 8168 
7185 8168 8167 3174 3513 
7186 4993 8168 3513 1911 
7187 1569 4601 8170 7974 
7188 4601 1739 3639 8170 
7189 8170 3639 3149 8169 
7190 7974 8170 8169 1557 
7191 1566 8171 8174 7833 
7192 8171 1567 8172 8174 
7193 8174 8172 2993 8173 
7194 7833 8174 8173 1538 
7195 2136 7551 8176 7590 
7196 7551 2135 8175 8176 
7197 8176 8175 3160 3905 
7198 7590 8176 3905 2379 
7199 2827 4341 8179 8178 
7200 4341 2755 5492 8179 
7201 8179 5492 1403 8177 
7202 8178 8179 8177 3223 
7203 1455 6600 8181 6595 
7204 6600 1456 4063 8181 
7205 8181 4063 3155 8180 
7206 6595 8181 8180 1453 
7207 2256 7821 8185 8184 
7208 7821 2361 8182 8185 
7209 8185 8182 1802 8183 
7210 8184 8185 8183 3368 
7211 2857 8134 8186 7167 
7212 8134 2999 7599 8186 
7213 8186 7599 2943 6645 
7214 7167 8186 6645 1978 
7215 2998 8187 8188 8023 
7216 8187 1969 7527 8188 
7217 8188 7527 1852 5886 
7218 8023 8188 5886 1850 
7219 1518 8189 8191 4796 
7220 8189 1728 3435 8191 
7221 8191 3435 3042 8190 
7222 4796 8191 8190 2484 
7223 263 5421 8193 262 
7224 5421 1405 3924 8193 
7225 8193 3924 3200 8192 
7226 262 8193 8192 261 
7227 2601 5259 8195 5761 
7228 5259 2600 8194 8195 
7229 8195 8194 3269 4058 
7230 5761 8195 4058 2602 
7231 1532 8196 8199 8198 
7232 8196 1556 8197 8199 
7233 8199 8197 1558 7972 
7234 8198 8199 7972 1557 
7235 257 8200 8202 256 
7236 8200 1673 3991 8202 
7237 8202 3991 3198 8201 
7238 256 8202 8201 255 
7239 2172 7397 8204 8203 
7240 7397 2987 4193 8204 
7241 8204 4193 2707 7796 
7242 8203 8204 7796 3150 
7243 2563 7555 8206 6391 
7244 7555 2551 4209 8206 
7245 8206 4209 3117 8205 
7246 6391 8206 8205 2212 
7247 2985 7852 8208 8207 
7248 7852 3033 8078 8208 
7249 8208 8078 1479 5985 
7250 8207 8208 5985 2797 
7251 1406 4762 8210 7209 
7252 4762 28 8209 8210 
7253 8210 8209 3272 3685 
7254 7209 8210 3685 2193 
7255 2735 7786 8212 7517 
7256 7786 2869 6683 8212 
7257 8212 6683 1972 8211 
7258 7517 8212 8211 3032 
7259 1586 5513 8215 8214 
7260 5513 1605 7585 8215 
7261 8215 7585 2397 8213 
7262 8214 8215 8213 2957 
7263 2766 8216 8219 8218 
7264 8216 3212 8217 8219 
7265 8219 8217 57 5683 
7266 8218 8219 5683 1552 
7267 1788 4691 8222 7829 
7268 4691 2920 8220 8222 
7269 8222 8220 1967 8221 
7270 7829 8222 8221 1789 
7271 2453 3887 8225 8224 
7272 3887 1825 7507 8225 
7273 8225 7507 1826 8223 
7274 8224 8225 8223 3066 
7275 3081 7558 8229 8228 
7276 7558 2968 8226 8229 
7277 8229 8226 3090 8227 
7278 8228 8229 8227 1481 
7279 2812 5890 8231 6297 
7280 5890 2813 3440 8231 
7281 8231 3440 3036 8230 
7282 6297 8231 8230 2077 
7283 2578 8232 8234 4899 
7284 8232 3143 8233 8234 
7285 8234 8233 3155 4062 
7286 4899 8234 4062 2579 
7287 3147 3564 8238 8237 
7288 3564 2431 8235 8238 
7289 8238 8235 3240 8236 
7290 8237 8238 8236 1914 
7291 491 490 8241 8240 
7292 490 489 8239 8241 
7293 8241 8239 3191 3681 
7294 8240 8241 3681 1469 
7295 414 415 8242 3782 
7296 415 416 7437 8242 
7297 8242 7437 3049 6020 
7298 3782 8242 6020 1744 
7299 440 441 8244 5599 
7300 441 442 8243 8244 
7301 8244 8243 3214 4983 
7302 5599 8244 4983 1671 
7303 216 217 8246 5690 
7304 217 218 8145 8246 
7305 8246 8145 3043 8245 
7306 5690 8246 8245 1551 
7307 296 5601 8248 295 
7308 5601 1672 7958 8248 
7309 8248 7958 3207 8247 
7310 295 8248 8247 294 
7311 1931 8249 8250 3422 
7312 8249 3127 6704 8250 
7313 8250 6704 2408 3532 
7314 3422 8250 3532 3202 
7315 3181 8251 8253 4736 
7316 8251 2626 3682 8253 
7317 8253 3682 3191 8252 
7318 4736 8253 8252 2798 
7319 2021 8254 8256 7093 
7320 8254 1957 8255 8256 
7321 8256 8255 1747 7894 
7322 7093 8256 7894 1748 
7323 2063 7552 8259 8258 
7324 7552 2136 7589 8259 
7325 8259 7589 2381 8257 
7326 8258 8259 8257 2923 
7327 2148 8260 8263 8262 
7328 8260 3164 8261 8263 
7329 8263 8261 2453 8224 
7330 8262 8263 8224 3066 
7331 2284 8264 8267 8266 
7332 8264 2062 8265 8267 
7333 8267 8265 1803 7553 
7334 8266 8267 7553 2063 
7335 1500 8268 8272 8271 
7336 8268 2907 8269 8272 
7337 8272 8269 1561 8270 
7338 8271 8272 8270 1535 
7339 3154 8273 8275 4001 
7340 8273 2886 7001 8275 
7341 8275 7001 3161 8274 
7342 4001 8275 8274 1473 
7343 2514 8276 8279 8278 
7344 8276 3045 8277 8279 
7345 8279 8277 1551 8245 
7346 8278 8279 8245 3043 
7347 3101 8280 8282 8281 
7348 8280 3090 8226 8282 
7349 8282 8226 2968 7707 
7350 8281 8282 7707 2650 
7351 2139 7487 8283 6963 
7352 7487 2985 8207 8283 
7353 8283 8207 2797 7548 
7354 6963 8283 7548 2941 
7355 19 7712 8286 555 
7356 7712 1678 8284 8286 
7357 8286 8284 2898 8285 
7358 555 8286 8285 556 
7359 1556 8196 8290 8289 
7360 8196 1532 8287 8290 
7361 8290 8287 1531 8288 
7362 8289 8290 8288 1555 
7363 306 6074 8292 305 
7364 6074 2815 4089 8292 
7365 8292 4089 3325 8291 
7366 305 8292 8291 304 
7367 1494 8293 8296 8295 
7368 8293 1537 7992 8296 
7369 8296 7992 1563 8294 
7370 8295 8296 8294 1536 
7371 2371 3800 8297 7726 
7372 3800 3035 8038 8297 
7373 8297 8038 2197 7897 
7374 7726 8297 7897 2984 
7375 2655 5190 8299 7803 
7376 5190 2654 7559 8299 
7377 8299 7559 3081 8298 
7378 7803 8299 8298 2656 
7379 1532 8300 8303 8287 
7380 8300 1493 8301 8303 
7381 8303 8301 1492 8302 
7382 8287 8303 8302 1531 
7383 2947 8304 8307 8306 
7384 8304 2290 8305 8307 
7385 8307 8305 2062 8264 
7386 8306 8307 8264 2284 
7387 3114 7472 8310 8309 
7388 7472 2944 8029 8310 
7389 8310 8029 3119 8308 
7390 8309 8310 8308 1477 
7391 1461 8311 8314 8313 
7392 8311 1494 8295 8314 
7393 8314 8295 1536 8312 
7394 8313 8314 8312 3029 
7395 1766 7392 8317 8316 
7396 7392 1645 7920 8317 
7397 8317 7920 1644 8315 
7398 8316 8317 8315 1749 
7399 3136 8318 8320 4179 
7400 8318 2917 7618 8320 
7401 8320 7618 3142 8319 
7402 4179 8320 8319 1475 
7403 3254 3419 8323 8322 
7404 3419 2958 8321 8323 
7405 8323 8321 2103 7434 
7406 8322 8323 7434 2261 
7407 2097 8324 8326 5717 
7408 8324 2264 8325 8326 
7409 8326 8325 3360 4686 
7410 5717 8326 4686 2096 
7411 497 496 8329 8328 
7412 496 495 8327 8329 
7413 8329 8327 3215 3580 
7414 8328 8329 3580 1470 
7415 2127 6574 8331 6189 
7416 6574 2831 8330 8331 
7417 8331 8330 3045 8276 
7418 6189 8331 8276 2514 
7419 430 431 8333 4989 
7420 431 432 8332 8333 
7421 8333 8332 3283 8116 
7422 4989 8333 8116 2583 
7423 1535 8334 8337 8336 
7424 8334 1560 8335 8337 
7425 8337 8335 1644 7919 
7426 8336 8337 7919 1559 
7427 1500 8271 8340 8339 
7428 8271 1535 8336 8340 
7429 8340 8336 1559 8338 
7430 8339 8340 8338 1534 
7431 2086 6024 8342 6000 
7432 6024 2243 4904 8342 
7433 8342 4904 3194 8341 
7434 6000 8342 8341 2085 
7435 1570 8343 8344 6737 
7436 8343 2961 4692 8344 
7437 8344 4692 1788 7828 
7438 6737 8344 7828 1572 
7439 1499 8345 8349 8348 
7440 8345 1464 8346 8349 
7441 8349 8346 1465 8347 
7442 8348 8349 8347 1498 
7443 2589 5009 8351 5367 
7444 5009 2588 8350 8351 
7445 8351 8350 3282 4566 
7446 5367 8351 4566 2590 
7447 1493 5041 8353 8301 
7448 5041 1463 7864 8353 
7449 8353 7864 1462 8352 
7450 8301 8353 8352 1492 
7451 2291 7479 8356 8355 
7452 7479 2093 8354 8356 
7453 8356 8354 3259 3497 
7454 8355 8356 3497 2520 
7455 2089 6006 8358 6333 
7456 6006 2366 8357 8358 
7457 8358 8357 3339 3695 
7458 6333 8358 3695 2809 
7459 2259 4831 8360 5768 
7460 4831 2861 8359 8360 
7461 8360 8359 3122 7114 
7462 5768 8360 7114 2260 
7463 1961 7932 8364 8363 
7464 7932 1752 8361 8364 
7465 8364 8361 2966 8362 
7466 8363 8364 8362 1962 
7467 1558 8365 8366 7973 
7468 8365 1746 3979 8366 
7469 8366 3979 2961 8343 
7470 7973 8366 8343 1570 
7471 2976 4870 8369 8368 
7472 4870 2328 7422 8369 
7473 8369 7422 2973 8367 
7474 8368 8369 8367 3336 
7475 1479 8077 8370 5986 
7476 8077 3053 7583 8370 
7477 8370 7583 457 456 
7478 5986 8370 456 455 
7479 2476 4438 8372 8371 
7480 4438 2474 6944 8372 
7481 8372 6944 2475 3607 
7482 8371 8372 3607 3158 
7483 1977 8373 8374 7465 
7484 8373 3050 7214 8374 
7485 8374 7214 1844 5913 
7486 7465 8374 5913 1842 
7487 20 8375 8378 584 
7488 8375 1460 8376 8378 
7489 8378 8376 2911 8377 
7490 584 8378 8377 585 
7491 24 3400 8382 8381 
7492 3400 1411 8379 8382 
7493 8382 8379 1464 8380 
7494 8381 8382 8380 1410 
7495 1680 8008 8386 8385 
7496 8008 1679 8383 8386 
7497 8386 8383 1655 8384 
7498 8385 8386 8384 1656 
7499 3010 7494 8388 7964 
7500 7494 3299 8387 8388 
7501 8388 8387 316 317 
7502 7964 8388 317 318 
7503 2030 7148 8390 5916 
7504 7148 2154 4287 8390 
7505 8390 4287 3221 8389 
7506 5916 8390 8389 2024 
7507 503 502 8393 8392 
7508 502 501 8391 8393 
7509 8393 8391 3236 3661 
7510 8392 8393 3661 1472 
7511 2131 8394 8397 8396 
7512 8394 1460 8395 8397 
7513 8397 8395 1461 8313 
7514 8396 8397 8313 3029 
7515 1535 8270 8399 8334 
7516 8270 1561 8127 8399 
7517 8399 8127 1562 8398 
7518 8334 8399 8398 1560 
7519 2715 5584 8401 7491 
7520 5584 2717 4912 8401 
7521 8401 4912 2719 8400 
7522 7491 8401 8400 3063 
7523 2315 8402 8406 8405 
7524 8402 3167 8403 8406 
7525 8406 8403 1415 8404 
7526 8405 8406 8404 3178 
7527 1801 8407 8411 8410 
7528 8407 1732 8408 8411 
7529 8411 8408 1661 8409 
7530 8410 8411 8409 1662 
7531 2585 5182 8414 8413 
7532 5182 2586 8412 8414 
7533 8414 8412 3290 4816 
7534 8413 8414 4816 2587 
7535 1399 4863 8417 5185 
7536 4863 2505 8415 8417 
7537 8417 8415 3318 8416 
7538 5185 8417 8416 2546 
7539 3055 7882 8419 8418 
7540 7882 3026 8035 8419 
7541 8419 8035 3032 8211 
7542 8418 8419 8211 1972 
7543 3076 8420 8423 7761 
7544 8420 1989 8421 8423 
7545 8423 8421 3083 8422 
7546 7761 8423 8422 3078 
7547 2071 6392 8425 7378 
7548 6392 2212 8205 8425 
7549 8425 8205 3117 8424 
7550 7378 8425 8424 2914 
7551 2036 8426 8428 7335 
7552 8426 3224 8427 8428 
7553 8428 8427 2842 4246 
7554 7335 8428 4246 2518 
7555 2967 8429 8430 4070 
7556 8429 1410 8380 8430 
7557 8430 8380 1464 8345 
7558 4070 8430 8345 1499 
7559 1886 5828 8432 7530 
7560 5828 1884 8431 8432 
7561 8432 8431 3067 3909 
7562 7530 8432 3909 3044 
7563 3390 8433 8437 8436 
7564 8433 2234 8434 8437 
7565 8437 8434 3223 8435 
7566 8436 8437 8435 2757 
7567 509 508 8440 8439 
7568 508 507 8438 8440 
7569 8440 8438 3258 3832 
7570 8439 8440 3832 1474 
7571 1972 6682 8441 8418 
7572 6682 1858 5865 8441 
7573 8441 5865 1856 7204 
7574 8418 8441 7204 3055 
7575 2140 5112 8442 7672 
7576 5112 2141 7254 8442 
7577 8442 7254 3064 3515 
7578 7672 8442 3515 2341 
7579 2540 8443 8446 8042 
7580 8443 3375 8444 8446 
7581 8446 8444 1430 8445 
7582 8042 8446 8445 3126 
7583 2851 6609 8448 4302 
7584 6609 3061 8447 8448 
7585 8448 8447 2867 7299 
7586 4302 8448 7299 1968 
7587 2758 8449 8452 8451 
7588 8449 3308 8450 8452 
7589 8452 8450 2273 6131 
7590 8451 8452 6131 2274 
7591 24 655 8454 3397 
7592 655 654 8453 8454 
7593 8454 8453 1767 3644 
7594 3397 8454 3644 2500 
7595 2472 4789 8456 4142 
7596 4789 3350 8455 8456 
7597 8456 8455 2013 5954 
7598 4142 8456 5954 2471 
7599 1979 7467 8457 5982 
7600 7467 1864 5856 8457 
7601 8457 5856 1862 7719 
7602 5982 8457 7719 3060 
7603 2057 8458 8460 6511 
7604 8458 2272 8459 8460 
7605 8460 8459 3056 7752 
7606 6511 8460 7752 2817 
7607 1898 5810 8462 7510 
7608 5810 1896 8461 8462 
7609 8462 8461 3079 3602 
7610 7510 8462 3602 3039 
7611 2998 8463 8465 8187 
7612 8463 2724 7925 8465 
7613 8465 7925 2995 8464 
7614 8187 8465 8464 1969 
7615 515 514 8468 8467 
7616 514 513 8466 8468 
7617 8468 8466 3270 4057 
7618 8467 8468 4057 1476 
7619 2892 8469 8471 7231 
7620 8469 2970 3524 8471 
7621 8471 3524 3315 8470 
7622 7231 8471 8470 1952 
7623 2773 5723 8474 8473 
7624 5723 2121 8472 8474 
7625 8474 8472 3302 3792 
7626 8473 8474 3792 2796 
7627 2167 8475 8478 8004 
7628 8475 3080 8476 8478 
7629 8478 8476 3240 8477 
7630 8004 8478 8477 2561 
7631 1745 8479 8480 7775 
7632 8479 2966 8361 8480 
7633 8480 8361 1752 7912 
7634 7775 8480 7912 1643 
7635 2057 8481 8483 8458 
7636 8481 2271 4117 8483 
7637 8483 4117 3241 8482 
7638 8458 8483 8482 2272 
7639 2152 6422 8485 6490 
7640 6422 2153 3442 8485 
7641 8485 3442 3263 8484 
7642 6490 8485 8484 1995 
7643 2300 8486 8488 6998 
7644 8486 2303 8487 8488 
7645 8488 8487 2962 8040 
7646 6998 8488 8040 2302 
7647 1669 7669 8492 8491 
7648 7669 1668 8489 8492 
7649 8492 8489 2073 8490 
7650 8491 8492 8490 1725 
7651 2160 7082 8494 6220 
7652 7082 2900 8493 8494 
7653 8494 8493 3058 7692 
7654 6220 8494 7692 2363 
7655 1985 7751 8496 6548 
7656 7751 3052 8495 8496 
7657 8496 8495 3045 8330 
7658 6548 8496 8330 2831 
7659 1903 5656 8498 4852 
7660 5656 1904 8497 8498 
7661 8498 8497 3350 4792 
7662 4852 8498 4792 1905 
7663 2057 6150 8501 8481 
7664 6150 2269 8499 8501 
7665 8501 8499 3188 8500 
7666 8481 8501 8500 2271 
7667 2785 8502 8504 5670 
7668 8502 2786 3823 8504 
7669 8504 3823 3301 8503 
7670 5670 8504 8503 2119 
7671 2764 5533 8507 8506 
7672 5533 2118 8505 8507 
7673 8507 8505 3300 3814 
7674 8506 8507 3814 2765 
7675 53 3815 8509 52 
7676 3815 3300 8508 8509 
7677 8509 8508 248 249 
7678 52 8509 249 11 
7679 446 447 8511 3822 
7680 447 13 211 8511 
7681 8511 211 212 8510 
7682 3822 8511 8510 3301 
7683 287 288 8513 8512 
7684 288 14 289 8513 
7685 8513 289 290 3793 
7686 8512 8513 3793 3302 
7687 3322 8514 8517 8164 
7688 8514 2217 8515 8517 
7689 8517 8515 3288 8516 
7690 8164 8517 8516 2418 
7691 1992 4372 8518 7450 
7692 4372 3067 8431 8518 
7693 8518 8431 1884 5831 
7694 7450 8518 5831 1882 
7695 232 233 8520 8519 
7696 233 234 3718 8520 
7697 8520 3718 2937 7887 
7698 8519 8520 7887 3172 
7699 1517 5909 8521 7831 
7700 5909 1595 3705 8521 
7701 8521 3705 2954 8067 
7702 7831 8521 8067 1539 
7703 519 8522 8524 520 
7704 8522 1478 4470 8524 
7705 8524 4470 3287 8523 
7706 520 8524 8523 521 
7707 616 8525 8527 617 
7708 8525 3031 8526 8527 
7709 8527 8526 1668 7668 
7710 617 8527 7668 618 
7711 2993 8172 8531 8530 
7712 8172 1567 8528 8531 
7713 8531 8528 3179 8529 
7714 8530 8531 8529 3138 
7715 2094 8532 8534 8160 
7716 8532 1817 7868 8534 
7717 8534 7868 1813 8533 
7718 8160 8534 8533 1915 
7719 2544 8535 8537 3675 
7720 8535 3268 8536 8537 
7721 8537 8536 2076 6029 
7722 3675 8537 6029 2200 
7723 2236 5942 8540 7652 
7724 5942 2039 8538 8540 
7725 8540 8538 3295 8539 
7726 7652 8540 8539 2237 
7727 1551 8277 8541 5691 
7728 8277 3045 8495 8541 
7729 8541 8495 3052 8112 
7730 5691 8541 8112 2789 
7731 2360 7844 8542 4216 
7732 7844 2104 7988 8542 
7733 8542 7988 2103 8321 
7734 4216 8542 8321 2958 
7735 1464 8379 8544 8346 
7736 8379 1411 3399 8544 
7737 8544 3399 1638 8543 
7738 8346 8544 8543 1465 
7739 3098 8545 8547 4732 
7740 8545 2303 8546 8547 
7741 8547 8546 3217 4334 
7742 4732 8547 4334 2488 
7743 3231 8548 8551 8550 
7744 8548 3226 8549 8551 
7745 8551 8549 2811 6351 
7746 8550 8551 6351 2025 
7747 523 8552 8554 524 
7748 8552 1705 4368 8554 
7749 8554 4368 3292 8553 
7750 524 8554 8553 525 
7751 1656 8555 8557 8385 
7752 8555 1953 3622 8557 
7753 8557 3622 3022 8556 
7754 8385 8557 8556 1680 
7755 461 460 8560 8559 
7756 460 459 7582 8560 
7757 8560 7582 3070 8558 
7758 8559 8560 8558 1481 
7759 1446 6774 8563 8562 
7760 6774 1444 8561 8563 
7761 8563 8561 3224 8426 
7762 8562 8563 8426 2036 
7763 1892 5819 8565 7566 
7764 5819 1890 8564 8565 
7765 8565 8564 3082 3735 
7766 7566 8565 3735 3047 
7767 2802 6168 8568 5682 
7768 6168 2750 8566 8568 
7769 8568 8566 3320 8567 
7770 5682 8568 8567 1552 
7771 2049 6388 8570 7396 
7772 6388 2165 8569 8570 
7773 8570 8569 3009 4194 
7774 7396 8570 4194 2987 
7775 2484 8190 8573 4332 
7776 8190 3042 8571 8573 
7777 8573 8571 3367 8572 
7778 4332 8573 8572 2211 
7779 2508 3559 8576 8575 
7780 3559 1738 8574 8576 
7781 8576 8574 3233 3942 
7782 8575 8576 3942 2496 
7783 2092 4315 8579 8578 
7784 4315 2404 7076 8579 
7785 8579 7076 3123 8577 
7786 8578 8579 8577 2405 
7787 2434 8580 8582 7376 
7788 8580 2435 3686 8582 
7789 8582 3686 3272 8581 
7790 7376 8582 8581 1951 
7791 2995 8062 8583 8464 
7792 8062 3028 7880 8583 
7793 8583 7880 2939 7528 
7794 8464 8583 7528 1969 
7795 3070 7581 8585 8584 
7796 7581 3053 8076 8585 
7797 8585 8076 2980 7804 
7798 8584 8585 7804 2656 
7799 1962 8362 8588 7641 
7800 8362 2966 8586 8588 
7801 8588 8586 3112 8587 
7802 7641 8588 8587 2210 
7803 3292 4367 8592 8591 
7804 4367 2596 8589 8592 
7805 8592 8589 3364 8590 
7806 8591 8592 8590 1480 
7807 2097 8593 8596 8324 
7808 8593 2436 8594 8596 
7809 8596 8594 3253 8595 
7810 8324 8596 8595 2264 
7811 2278 6554 8598 6118 
7812 6554 2855 8597 8598 
7813 8598 8597 3203 4153 
7814 6118 8598 4153 2390 
7815 2576 7600 8600 7899 
7816 7600 2999 8133 8600 
7817 8600 8133 2836 8599 
7818 7899 8600 8599 3100 
7819 2422 4560 8602 4183 
7820 4560 2561 8477 8602 
7821 8602 8477 3240 8601 
7822 4183 8602 8601 2426 
7823 1989 8420 8603 6721 
7824 8420 3076 7362 8603 
7825 8603 7362 1838 6013 
7826 6721 8603 6013 1836 
7827 2191 8604 8606 6762 
7828 8604 3092 8605 8606 
7829 8606 8605 3084 7690 
7830 6762 8606 7690 2192 
7831 1974 8607 8609 8105 
7832 8607 1945 8608 8609 
7833 8609 8608 2986 8080 
7834 8105 8609 8080 2067 
7835 2178 7476 8610 7233 
7836 7476 3009 8569 8610 
7837 8610 8569 2165 7250 
7838 7233 8610 7250 2978 
7839 374 375 8612 4733 
7840 375 376 4392 8612 
7841 8612 4392 1439 8611 
7842 4733 8612 8611 3098 
7843 392 393 8613 8094 
7844 393 394 7533 8613 
7845 8613 7533 3109 3417 
7846 8094 8613 3417 1412 
7847 2519 4248 8615 4668 
7848 4248 3296 8614 8615 
7849 8615 8614 536 535 
7850 4668 8615 535 16 
7851 2420 4363 8618 4254 
7852 4363 2423 8616 8618 
7853 8618 8616 3176 8617 
7854 4254 8618 8617 2179 
7855 2795 8619 8622 7747 
7856 8619 3271 8620 8622 
7857 8622 8620 3335 8621 
7858 7747 8622 8621 2924 
7859 2248 4122 8623 8100 
7860 4122 3124 3724 8623 
7861 8623 3724 2331 7293 
7862 8100 8623 7293 2249 
7863 1419 7099 8625 6768 
7864 7099 2867 8447 8625 
7865 8625 8447 3061 8624 
7866 6768 8625 8624 2843 
7867 1628 8626 8629 5095 
7868 8626 2189 8627 8629 
7869 8629 8627 3376 8628 
7870 5095 8629 8628 2523 
7871 251 8630 8632 250 
7872 8630 3306 8631 8632 
7873 8632 8631 209 210 
7874 250 8632 210 12 
7875 2382 8633 8636 8635 
7876 8633 2383 3529 8636 
7877 8636 3529 3059 8634 
7878 8635 8636 8634 2381 
7879 1945 8607 8639 7928 
7880 8607 1974 8637 8639 
7881 8639 8637 2983 8638 
7882 7928 8639 8638 1946 
7883 1996 3927 8640 7567 
7884 3927 3079 8461 8640 
7885 8640 8461 1896 5813 
7886 7567 8640 5813 1894 
7887 1559 7918 8642 8338 
7888 7918 2522 4327 8642 
7889 8642 4327 3131 8641 
7890 8338 8642 8641 1534 
7891 2581 7356 8644 4949 
7892 7356 3095 3574 8644 
7893 8644 3574 3096 8643 
7894 4949 8644 8643 1396 
7895 1977 8645 8646 8373 
7896 8645 3063 8400 8646 
7897 8646 8400 2719 7631 
7898 8373 8646 7631 3050 
7899 3314 8647 8648 7949 
7900 8647 611 610 8648 
7901 8648 610 609 4670 
7902 7949 8648 4670 3069 
7903 2186 7432 8650 3557 
7904 7432 1932 7979 8650 
7905 8650 7979 1691 8649 
7906 3557 8650 8649 3014 
7907 3333 8651 8655 8654 
7908 8651 2743 8652 8655 
7909 8655 8652 3378 8653 
7910 8654 8655 8653 2835 
7911 2442 4213 8657 3701 
7912 4213 2443 8656 8657 
7913 8657 8656 3387 4294 
7914 3701 8657 4294 2444 
7915 1732 8407 8661 8660 
7916 8407 1801 8658 8661 
7917 8661 8658 2989 8659 
7918 8660 8661 8659 1803 
7919 1754 8031 8663 8662 
7920 8031 1740 8097 8663 
7921 8663 8097 2281 4871 
7922 8662 8663 4871 2976 
7923 2322 8664 8666 7970 
7924 8664 2499 7755 8666 
7925 8666 7755 3264 8665 
7926 7970 8666 8665 2319 
7927 2251 8667 8670 7682 
7928 8667 2266 8668 8670 
7929 8670 8668 3112 8669 
7930 7682 8670 8669 2014 
7931 1993 4138 8671 7531 
7932 4138 3082 8564 8671 
7933 8671 8564 1890 5822 
7934 7531 8671 5822 1888 
7935 2543 5174 8673 6606 
7936 5174 1699 8672 8673 
7937 8673 8672 3362 4038 
7938 6606 8673 4038 2933 
7939 1802 8674 8676 8675 
7940 8674 1964 7173 8676 
7941 8676 7173 2989 8658 
7942 8675 8676 8658 1801 
7943 2097 6724 8678 8593 
7944 6724 2848 8677 8678 
7945 8678 8677 3250 6889 
7946 8593 8678 6889 2436 
7947 2509 6444 8682 8681 
7948 6444 2896 8679 8682 
7949 8682 8679 3248 8680 
7950 8681 8682 8680 2231 
7951 1460 8394 8685 8376 
7952 8394 2131 8683 8685 
7953 8685 8683 2912 8684 
7954 8376 8685 8684 2911 
7955 1753 7674 8688 8687 
7956 7674 2326 8686 8688 
7957 8688 8686 3179 8528 
7958 8687 8688 8528 1567 
7959 1743 8689 8692 8691 
7960 8689 1565 7993 8692 
7961 8692 7993 1537 8690 
7962 8691 8692 8690 3007 
7963 1640 8693 8696 8695 
7964 8693 1555 8694 8696 
7965 8696 8694 3040 3805 
7966 8695 8696 3805 1641 
7967 1653 5572 8699 7421 
7968 5572 1652 8697 8699 
7969 8699 8697 3343 8698 
7970 7421 8699 8698 2973 
7971 1753 8687 8700 7933 
7972 8687 1567 8171 8700 
7973 8700 8171 1566 7876 
7974 7933 8700 7876 1642 
7975 1565 8689 8702 8139 
7976 8689 1743 3565 8702 
7977 8702 3565 3147 8701 
7978 8139 8702 8701 1581 
7979 1409 8703 8705 6784 
7980 8703 2842 8427 8705 
7981 8705 8427 3224 8704 
7982 6784 8705 8704 1442 
7983 1946 8638 8707 7134 
7984 8638 2983 8706 8707 
7985 8707 8706 2098 7940 
7986 7134 8707 7940 1950 
7987 1989 6720 8708 8421 
7988 6720 2834 6763 8708 
7989 8708 6763 2192 7689 
7990 8421 8708 7689 3083 
7991 23 8709 8712 627 
7992 8709 1661 8710 8712 
7993 8712 8710 2979 8711 
7994 627 8712 8711 628 
7995 1439 4101 8713 8611 
7996 4101 2962 8487 8713 
7997 8713 8487 2303 8545 
7998 8611 8713 8545 3098 
7999 3226 8548 8715 4410 
8000 8548 3231 8714 8715 
8001 8715 8714 2771 5745 
8002 4410 8715 5745 2774 
8003 3182 3819 8717 3913 
8004 3819 1818 7772 8717 
8005 8717 7772 580 8716 
8006 3913 8717 8716 2926 
8007 587 8718 8720 588 
8008 8718 3086 8719 8720 
8009 8720 8719 1462 7863 
8010 588 8720 7863 589 
8011 1686 8721 8722 4726 
8012 8721 1682 8009 8722 
8013 8722 8009 1680 8556 
8014 4726 8722 8556 3022 
8015 1518 5563 8724 8189 
8016 5563 1540 8723 8724 
8017 8724 8723 3110 3436 
8018 8189 8724 3436 1728 
8019 621 8725 8727 622 
8020 8725 1435 7611 8727 
8021 8727 7611 3107 8726 
8022 622 8727 8726 623 
8023 2124 6565 8731 8730 
8024 6565 2257 8728 8731 
8025 8731 8728 3152 8729 
8026 8730 8731 8729 2367 
8027 2946 8732 8733 3636 
8028 8732 2536 5155 8733 
8029 8733 5155 1396 8643 
8030 3636 8733 8643 3096 
8031 1815 8734 8735 6603 
8032 8734 2986 8608 8735 
8033 8735 8608 1945 7927 
8034 6603 8735 7927 1934 
8035 2370 3766 8738 8737 
8036 3766 2040 7676 8738 
8037 8738 7676 1961 8736 
8038 8737 8738 8736 3046 
8039 585 8377 8740 586 
8040 8377 2911 8739 8740 
8041 8740 8739 3086 8718 
8042 586 8740 8718 587 
8043 2696 5144 8742 7579 
8044 5144 2701 3827 8742 
8045 8742 3827 3232 8741 
8046 7579 8742 8741 3002 
8047 1495 7461 8743 5363 
8048 7461 3087 7606 8743 
8049 8743 7606 89 90 
8050 5363 8743 90 91 
8051 3054 8744 8745 8020 
8052 8744 1966 7729 8745 
8053 8745 7729 2971 7630 
8054 8020 8745 7630 3048 
8055 2286 6678 8747 6610 
8056 6678 3089 8746 8747 
8057 8747 8746 2843 8624 
8058 6610 8747 8624 3061 
8059 2713 7492 8748 7760 
8060 7492 3063 8645 8748 
8061 8748 8645 1977 7464 
8062 7760 8748 7464 2932 
8063 3183 4016 8752 8751 
8064 4016 2246 8749 8752 
8065 8752 8749 3388 8750 
8066 8751 8752 8750 2662 
8067 1962 7640 8754 8363 
8068 7640 2116 8753 8754 
8069 8754 8753 3046 8736 
8070 8363 8754 8736 1961 
8071 1481 8227 8756 8559 
8072 8227 3090 8755 8756 
8073 8756 8755 463 462 
8074 8559 8756 462 461 
8075 1706 5158 8758 6583 
8076 5158 2702 8757 8758 
8077 8758 8757 3105 7930 
8078 6583 8758 7930 2840 
8079 3328 4447 8762 8761 
8080 4447 2511 8759 8762 
8081 8762 8759 3289 8760 
8082 8761 8762 8760 2972 
8083 2854 4352 8764 6895 
8084 4352 3105 8757 8764 
8085 8764 8757 2702 8763 
8086 6895 8764 8763 3134 
8087 2414 3803 8766 4234 
8088 3803 2415 8765 8766 
8089 8766 8765 3242 4160 
8090 4234 8766 4160 2378 
8091 2536 8732 8769 4975 
8092 8732 2946 8767 8769 
8093 8769 8767 3354 8768 
8094 4975 8769 8768 1697 
8095 2185 4896 8772 8771 
8096 4896 2579 4061 8772 
8097 8772 4061 3077 8770 
8098 8771 8772 8770 3175 
8099 2529 8773 8774 7620 
8100 8773 2205 5626 8774 
8101 8774 5626 2207 7859 
8102 7620 8774 7859 3091 
8103 1656 8384 8777 8776 
8104 8384 1655 8775 8777 
8105 8777 8775 1634 7892 
8106 8776 8777 7892 1635 
8107 1733 3959 8778 7608 
8108 3959 3093 7539 8778 
8109 8778 7539 85 86 
8110 7608 8778 86 87 
8111 1998 7393 8781 8780 
8112 7393 1766 8779 8781 
8113 8781 8779 1971 4296 
8114 8780 8781 4296 3000 
8115 2496 4462 8783 8575 
8116 4462 2230 8782 8783 
8117 8783 8782 3322 8163 
8118 8575 8783 8163 2508 
8119 1816 7756 8785 4714 
8120 7756 2499 8664 8785 
8121 8785 8664 2322 8784 
8122 4714 8785 8784 3273 
8123 1409 6850 8787 8703 
8124 6850 1387 8786 8787 
8125 8787 8786 3296 4247 
8126 8703 8787 4247 2842 
8127 1738 3558 8789 8788 
8128 3558 3014 8649 8789 
8129 8789 8649 1691 7840 
8130 8788 8789 7840 1689 
8131 2205 8773 8790 6381 
8132 8773 2529 7459 8790 
8133 8790 7459 3092 8604 
8134 6381 8790 8604 2191 
8135 2148 8262 8792 8791 
8136 8262 3066 8223 8792 
8137 8792 8223 1826 7784 
8138 8791 8792 7784 1982 
8139 1498 8347 8796 8795 
8140 8347 1465 8793 8796 
8141 8796 8793 3037 8794 
8142 8795 8796 8794 1500 
8143 3382 8797 8799 8798 
8144 8797 2746 8119 8799 
8145 8799 8119 2225 6328 
8146 8798 8799 6328 2226 
8147 1586 8800 8802 7685 
8148 8800 1774 3612 8802 
8149 8802 3612 3130 8801 
8150 7685 8802 8801 1580 
8151 2993 8530 8804 3938 
8152 8530 3138 8803 8804 
8153 8804 8803 2823 3461 
8154 3938 8804 3461 2282 
8155 2821 8045 8806 7946 
8156 8045 2823 8803 8806 
8157 8806 8803 3138 8805 
8158 7946 8806 8805 2822 
8159 2742 5550 8808 6172 
8160 5550 2743 8651 8808 
8161 8808 8651 3333 8807 
8162 6172 8808 8807 1976 
8163 2080 7321 8810 3506 
8164 7321 3349 8809 8810 
8165 8810 8809 594 593 
8166 3506 8810 593 592 
8167 1661 8709 8813 8409 
8168 8709 23 8811 8813 
8169 8813 8811 3368 8812 
8170 8409 8813 8812 1662 
8171 2479 7858 8814 7101 
8172 7858 2209 5769 8814 
8173 8814 5769 2260 7113 
8174 7101 8814 7113 3097 
8175 1536 8294 8817 8816 
8176 8294 1563 8815 8817 
8177 8817 8815 3038 4162 
8178 8816 8817 4162 1937 
8179 2874 7495 8820 8819 
8180 7495 3010 7963 8820 
8181 8820 7963 1755 8818 
8182 8819 8820 8818 3326 
8183 1550 8821 8823 5687 
8184 8821 2770 4285 8823 
8185 8823 4285 3228 8822 
8186 5687 8823 8822 2769 
8187 2385 8824 8826 6459 
8188 8824 3135 8825 8826 
8189 8826 8825 3189 4889 
8190 6459 8826 4889 2386 
8191 1734 7556 8827 5224 
8192 7556 3099 7678 8827 
8193 8827 7678 171 172 
8194 5224 8827 172 173 
8195 2946 3635 8830 8829 
8196 3635 3068 8828 8830 
8197 8830 8828 3339 8357 
8198 8829 8830 8357 2366 
8199 3090 8280 8831 8755 
8200 8280 3101 7815 8831 
8201 8831 7815 465 464 
8202 8755 8831 464 463 
8203 2970 8832 8834 3525 
8204 8832 3125 8833 8834 
8205 8834 8833 2180 7127 
8206 3525 8834 7127 2182 
8207 1746 8365 8836 3854 
8208 8365 1558 8197 8836 
8209 8836 8197 1556 8835 
8210 3854 8836 8835 3003 
8211 2513 6186 8837 4093 
8212 6186 2514 8278 8837 
8213 8837 8278 3043 8144 
8214 4093 8837 8144 3027 
8215 2229 3875 8840 8839 
8216 3875 2231 8680 8840 
8217 8840 8680 3248 8838 
8218 8839 8840 8838 2074 
8219 2083 7245 8842 5882 
8220 7245 2100 8841 8842 
8221 8842 8841 3386 7400 
8222 5882 8842 7400 2241 
8223 1789 8221 8845 6771 
8224 8221 1967 8843 8845 
8225 8845 8843 3103 8844 
8226 6771 8845 8844 1805 
8227 2008 8846 8848 7660 
8228 8846 2413 3641 8848 
8229 8848 3641 3118 8847 
8230 7660 8848 8847 2951 
8231 2351 4258 8850 7329 
8232 4258 2482 4645 8850 
8233 8850 4645 3384 8849 
8234 7329 8850 8849 2106 
8235 556 8285 8853 557 
8236 8285 2898 8851 8853 
8237 8853 8851 2194 8852 
8238 557 8853 8852 558 
8239 2757 8854 8856 8855 
8240 8854 2756 5536 8856 
8241 8856 5536 2760 7745 
8242 8855 8856 7745 3111 
8243 2724 8463 8857 7408 
8244 8463 2998 8022 8857 
8245 8857 8022 1966 8744 
8246 7408 8857 8744 3054 
8247 2649 5405 8859 7706 
8248 5405 2648 7473 8859 
8249 8859 7473 3114 8858 
8250 7706 8859 8858 2650 
8251 2515 3655 8861 3745 
8252 3655 2320 7702 8861 
8253 8861 7702 2095 8860 
8254 3745 8861 8860 3165 
8255 2382 7543 8862 8633 
8256 7543 2384 3760 8862 
8257 8862 3760 3102 3530 
8258 8633 8862 3530 2383 
8259 1975 7383 8864 4591 
8260 7383 2527 8863 8864 
8261 8864 8863 3289 8759 
8262 4591 8864 8759 2511 
8263 1555 8693 8866 8289 
8264 8693 1640 8865 8866 
8265 8866 8865 3003 8835 
8266 8289 8866 8835 1556 
8267 2917 8318 8867 7281 
8268 8318 3136 7732 8867 
8269 8867 7732 2645 5070 
8270 7281 8867 5070 2640 
8271 396 397 8868 7534 
8272 397 398 4722 8868 
8273 8868 4722 1541 5352 
8274 7534 8868 5352 3121 
8275 2021 7092 8871 8870 
8276 7092 2133 8102 8871 
8277 8871 8102 2329 8869 
8278 8870 8871 8869 2994 
8279 1477 7816 8872 8309 
8280 7816 3101 8281 8872 
8281 8872 8281 2650 8858 
8282 8309 8872 8858 3114 
8283 1421 6765 8874 6794 
8284 6765 2843 8746 8874 
8285 8874 8746 3089 8873 
8286 6794 8874 8873 1424 
8287 2233 6225 8876 7015 
8288 6225 2234 8433 8876 
8289 8876 8433 3390 8875 
8290 7015 8876 8875 2881 
8291 2464 4051 8879 6996 
8292 4051 2295 8877 8879 
8293 8879 8877 3132 8878 
8294 6996 8879 8878 2897 
8295 623 8726 8881 624 
8296 8726 3107 7822 8881 
8297 8881 7822 2256 8880 
8298 624 8881 8880 625 
8299 2073 8882 8885 8490 
8300 8882 2074 8883 8885 
8301 8885 8883 3041 8884 
8302 8490 8885 8884 1725 
8303 2409 7905 8887 3395 
8304 7905 3222 8886 8887 
8305 8887 8886 2887 7124 
8306 3395 8887 7124 1810 
8307 1750 6192 8889 8016 
8308 6192 1935 8888 8889 
8309 8889 8888 3351 4514 
8310 8016 8889 4514 2905 
8311 2909 8890 8891 7595 
8312 8890 3065 7389 8891 
8313 8891 7389 2820 7271 
8314 7595 8891 7271 2903 
8315 2787 5451 8893 4985 
8316 5451 2788 8111 8893 
8317 8893 8111 3056 8892 
8318 4985 8893 8892 3071 
8319 3094 8894 8897 8896 
8320 8894 2953 8895 8897 
8321 8897 8895 3376 8627 
8322 8896 8897 8627 2189 
8323 2216 8898 8899 7997 
8324 8898 2217 8514 8899 
8325 8899 8514 3322 8782 
8326 7997 8899 8782 2230 
8327 344 4533 8900 343 
8328 4533 3137 7657 8900 
8329 8900 7657 1487 4546 
8330 343 8900 4546 342 
8331 2806 6308 8902 8901 
8332 6308 2017 3520 8902 
8333 8902 3520 3002 8741 
8334 8901 8902 8741 3232 
8335 2213 6423 8904 7854 
8336 6423 2152 6489 8904 
8337 8904 6489 2161 8903 
8338 7854 8904 8903 3115 
8339 2228 6984 8907 8906 
8340 6984 2125 8905 8907 
8341 8907 8905 3185 7324 
8342 8906 8907 7324 2374 
8343 1445 6805 8909 6661 
8344 6805 1448 8908 8909 
8345 8909 8908 3100 8599 
8346 6661 8909 8599 2836 
8347 3218 8910 8912 7456 
8348 8910 2283 8911 8912 
8349 8912 8911 3204 5346 
8350 7456 8912 5346 2925 
8351 1659 7850 8914 7778 
8352 7850 1907 8913 8914 
8353 8914 8913 3065 8890 
8354 7778 8914 8890 2909 
8355 1477 8308 8916 7817 
8356 8308 3119 8915 8916 
8357 8916 8915 469 468 
8358 7817 8916 468 467 
8359 1696 8917 8918 3545 
8360 8917 3152 8728 8918 
8361 8918 8728 2257 6050 
8362 3545 8918 6050 2391 
8363 2385 7390 8920 8824 
8364 7390 3065 8913 8920 
8365 8920 8913 1907 8919 
8366 8824 8920 8919 3135 
8367 2498 3407 8922 4046 
8368 3407 1939 7154 8922 
8369 8922 7154 2884 8921 
8370 4046 8922 8921 3284 
8371 3089 6677 8923 8873 
8372 6677 3116 7977 8923 
8373 8923 7977 1425 6877 
8374 8873 8923 6877 1424 
8375 1697 8924 8925 4976 
8376 8924 3120 7698 8925 
8377 8925 7698 71 72 
8378 4976 8925 72 73 
8379 2124 8730 8927 7371 
8380 8730 2367 3770 8927 
8381 8927 3770 3260 8926 
8382 7371 8927 8926 2368 
8383 2781 6266 8930 4458 
8384 6266 3184 8928 8930 
8385 8930 8928 2538 8929 
8386 4458 8930 8929 3157 
8387 179 180 8933 8932 
8388 180 181 3934 8933 
8389 8933 3934 3113 8931 
8390 8932 8933 8931 3178 
8391 1554 8934 8936 7650 
8392 8934 1514 8935 8936 
8393 8936 8935 1513 7077 
8394 7650 8936 7077 1545 
8395 2883 8937 8939 7375 
8396 8937 2990 4434 8939 
8397 8939 4434 3163 8938 
8398 7375 8939 8938 2434 
8399 2067 7139 8941 8106 
8400 7139 2342 3810 8941 
8401 8941 3810 3146 8940 
8402 8106 8941 8940 2340 
8403 1531 8302 8945 8944 
8404 8302 1492 8942 8945 
8405 8945 8942 3230 8943 
8406 8944 8945 8943 1827 
8407 3189 8946 8948 4890 
8408 8946 3379 8947 8948 
8409 8948 8947 2164 4688 
8410 4890 8948 4688 2419 
8411 1693 6621 8951 8950 
8412 6621 2432 7401 8951 
8413 8951 7401 3386 8949 
8414 8950 8951 8949 3125 
8415 2379 3904 8953 8952 
8416 3904 1604 5511 8953 
8417 8953 5511 1585 6727 
8418 8952 8953 6727 3153 
8419 2413 8846 8954 5043 
8420 8846 2008 3504 8954 
8421 8954 3504 21 7865 
8422 5043 8954 7865 1463 
8423 684 8955 8957 685 
8424 8955 2934 8956 8957 
8425 8957 8956 1813 7867 
8426 685 8957 7867 686 
8427 2549 5176 8958 5117 
8428 5176 1415 8403 8958 
8429 8958 8403 3167 7855 
8430 5117 8958 7855 2550 
8431 2702 5157 8960 8763 
8432 5157 1730 8959 8960 
8433 8960 8959 3141 3839 
8434 8763 8960 3839 3134 
8435 2711 7513 8961 5103 
8436 7513 3078 8422 8961 
8437 8961 8422 3083 7688 
8438 5103 8961 7688 2736 
8439 1429 8962 8963 6754 
8440 8962 1431 8053 8963 
8441 8963 8053 3126 8445 
8442 6754 8963 8445 1430 
8443 3119 8028 8964 8915 
8444 8028 3133 7954 8964 
8445 8964 7954 471 470 
8446 8915 8964 470 469 
8447 3164 8260 8967 8966 
8448 8260 2148 8965 8967 
8449 8967 8965 3279 7770 
8450 8966 8967 7770 3057 
8451 2221 3709 8968 7283 
8452 3709 3122 8359 8968 
8453 8968 8359 2861 7790 
8454 7283 8968 7790 3004 
8455 2953 8894 8970 7781 
8456 8894 3094 8969 8970 
8457 8970 8969 2952 7716 
8458 7781 8970 7716 2863 
8459 625 8880 8971 626 
8460 8880 2256 8184 8971 
8461 8971 8184 3368 8811 
8462 626 8971 8811 23 
8463 2577 7900 8974 8973 
8464 7900 3100 8908 8974 
8465 8974 8908 1448 8972 
8466 8973 8974 8972 3129 
8467 2334 7258 8976 5680 
8468 7258 3011 7983 8976 
8469 8976 7983 3353 8975 
8470 5680 8976 8975 2555 
8471 1827 4320 8977 8944 
8472 4320 3040 8694 8977 
8473 8977 8694 1555 8288 
8474 8944 8977 8288 1531 
8475 2921 5908 8980 8979 
8476 5908 18 551 8980 
8477 8980 551 550 8978 
8478 8979 8980 8978 3337 
8479 3219 8093 8983 8982 
8480 8093 1412 3416 8983 
8481 8983 3416 3254 8981 
8482 8982 8983 8981 2487 
8483 2333 8984 8987 8986 
8484 8984 2988 7884 8987 
8485 8987 7884 2032 8985 
8486 8986 8987 8985 3355 
8487 2516 4992 8988 4614 
8488 4992 2239 3995 8988 
8489 8988 3995 3169 7333 
8490 4614 8988 7333 2517 
8491 2029 6475 8989 7734 
8492 6475 2048 3696 8989 
8493 8989 3696 3339 8828 
8494 7734 8989 8828 3068 
8495 2225 8118 8990 3858 
8496 8118 2396 7604 8990 
8497 8990 7604 3252 7276 
8498 3858 8990 7276 2395 
8499 1778 5250 8992 5323 
8500 5250 1777 8991 8992 
8501 8992 8991 3159 4111 
8502 5323 8992 4111 2494 
8503 1452 8993 8994 6654 
8504 8993 3129 8972 8994 
8505 8994 8972 1448 6804 
8506 6654 8994 6804 1449 
8507 2094 8159 8997 8996 
8508 8159 2318 8995 8997 
8509 8997 8995 3261 3424 
8510 8996 8997 3424 2321 
8511 654 653 8999 8453 
8512 653 652 8998 8999 
8513 8999 8998 2949 3404 
8514 8453 8999 3404 1767 
8515 1560 9000 9002 8335 
8516 9000 3018 4522 9002 
8517 9002 4522 1762 9001 
8518 8335 9002 9001 1644 
8519 2966 8479 9003 8586 
8520 8479 1745 7736 9003 
8521 9003 7736 2014 8669 
8522 8586 9003 8669 3112 
8523 1689 7311 9005 8788 
8524 7311 1687 9004 9005 
8525 9005 9004 3233 8574 
8526 8788 9005 8574 1738 
8527 1805 8844 9006 6673 
8528 8844 3103 8081 9006 
8529 9006 8081 2986 8734 
8530 6673 9006 8734 1815 
8531 1537 8293 9009 8690 
8532 8293 1494 9007 9009 
8533 9009 9007 2190 9008 
8534 8690 9009 9008 3007 
8535 3071 9010 9011 4982 
8536 9010 3241 4116 9011 
8537 9011 4116 2753 5598 
8538 4982 9011 5598 1671 
8539 2528 9012 9014 7117 
8540 9012 3310 9013 9014 
8541 9014 9013 1626 5621 
8542 7117 9014 5621 15 
8543 3343 9015 9017 8698 
8544 9015 3080 9016 9017 
8545 9017 9016 3336 8367 
8546 8698 9017 8367 2973 
8547 2886 8273 9018 6952 
8548 8273 3154 7813 9018 
8549 9018 7813 2636 4754 
8550 6952 9018 4754 2634 
8551 1429 6753 9021 9020 
8552 6753 1428 3947 9021 
8553 9021 3947 3128 9019 
8554 9020 9021 9019 3145 
8555 3115 8903 9022 4208 
8556 8903 2161 7248 9022 
8557 9022 7248 2914 8424 
8558 4208 9022 8424 3117 
8559 2367 8729 9023 3771 
8560 8729 3152 8917 9023 
8561 9023 8917 1696 4937 
8562 3771 9023 4937 2535 
8563 628 8711 9026 629 
8564 8711 2979 9024 9026 
8565 9026 9024 2296 9025 
8566 629 9026 9025 630 
8567 2210 9027 9030 7638 
8568 9027 2309 9028 9030 
8569 9030 9028 3311 9029 
8570 7638 9030 9029 2117 
8571 2081 6551 9031 6224 
8572 6551 2827 8178 9031 
8573 9031 8178 3223 8434 
8574 6224 9031 8434 2234 
8575 3265 3820 9032 4875 
8576 3820 3182 5023 9032 
8577 9032 5023 2428 4583 
8578 4875 9032 4583 2429 
8579 1729 6545 9033 6141 
8580 6545 1811 7878 9033 
8581 9033 7878 3141 8959 
8582 6141 9033 8959 1730 
8583 25 7889 9036 659 
8584 7889 1634 9034 9036 
8585 9036 9034 3132 9035 
8586 659 9036 9035 660 
8587 1431 8962 9037 6748 
8588 8962 1429 9020 9037 
8589 9037 9020 3145 7045 
8590 6748 9037 7045 1432 
8591 2967 9038 9041 8429 
8592 9038 2218 9039 9041 
8593 9041 9039 3330 9040 
8594 8429 9041 9040 1410 
8595 328 329 9044 9043 
8596 329 330 7217 9044 
8597 9044 7217 3327 9042 
8598 9043 9044 9042 3312 
8599 1682 8721 9046 7800 
8600 8721 1686 3943 9046 
8601 9046 3943 3233 9045 
8602 7800 9046 9045 1684 
8603 1432 7047 9048 6749 
8604 7047 3140 9047 9048 
8605 9048 9047 1490 6790 
8606 6749 9048 6790 1437 
8607 1475 8319 9050 7955 
8608 8319 3142 9049 9050 
8609 9050 9049 475 474 
8610 7955 9050 474 473 
8611 2294 8073 9051 4417 
8612 8073 2377 4072 9051 
8613 9051 4072 3340 4325 
8614 4417 9051 4325 2293 
8615 1452 9052 9054 8993 
8616 9052 3143 9053 9054 
8617 9054 9053 2577 8973 
8618 8993 9054 8973 3129 
8619 1386 7416 9056 7116 
8620 7416 2952 8969 9056 
8621 9056 8969 3094 9055 
8622 7116 9056 9055 2528 
8623 2079 7901 9057 5727 
8624 7901 2577 9053 9057 
8625 9057 9053 3143 8232 
8626 5727 9057 8232 2578 
8627 1957 9058 9060 8255 
8628 9058 2046 7793 9060 
8629 9060 7793 3313 9059 
8630 8255 9060 9059 1747 
8631 1974 8104 9063 8637 
8632 8104 2196 9061 9063 
8633 9063 9061 3139 9062 
8634 8637 9063 9062 2983 
8635 1425 7976 9065 6878 
8636 7976 1427 9064 9065 
8637 9065 9064 3144 3777 
8638 6878 9065 3777 1426 
8639 2656 8298 9066 8584 
8640 8298 3081 8228 9066 
8641 9066 8228 1481 8558 
8642 8584 9066 8558 3070 
8643 2894 4440 9069 9068 
8644 4440 2344 7137 9069 
8645 9069 7137 2343 9067 
8646 9068 9069 9067 3316 
8647 3305 4662 9071 8051 
8648 4662 2598 5883 9071 
8649 9071 5883 2241 9070 
8650 8051 9071 9070 3257 
8651 2092 8578 9072 7648 
8652 8578 2405 4262 9072 
8653 9072 4262 3245 6311 
8654 7648 9072 6311 2406 
8655 3142 7617 9073 9049 
8656 7617 3148 8064 9073 
8657 9073 8064 477 476 
8658 9049 9073 476 475 
8659 1982 7838 9075 8791 
8660 7838 2027 9074 9075 
8661 9075 9074 3279 8965 
8662 8791 9075 8965 2148 
8663 386 387 9077 3975 
8664 387 388 7809 9077 
8665 9077 7809 3199 9076 
8666 3975 9077 9076 1587 
8667 1579 7686 9079 8126 
8668 7686 1580 8801 9079 
8669 9079 8801 3130 9078 
8670 8126 9079 9078 1562 
8671 1500 8339 9081 8795 
8672 8339 1534 8641 9081 
8673 9081 8641 3131 9080 
8674 8795 9081 9080 1498 
8675 1669 9082 9084 7670 
8676 9082 2247 4399 9084 
8677 9084 4399 3347 9083 
8678 7670 9084 9083 22 
8679 2346 9085 9087 7160 
8680 9085 2400 7935 9087 
8681 9087 7935 3220 9086 
8682 7160 9087 9086 2336 
8683 660 9035 9089 661 
8684 9035 3132 8877 9089 
8685 9089 8877 2295 9088 
8686 661 9089 9088 662 
8687 1582 7663 9092 8140 
8688 7663 1751 9090 9092 
8689 9092 9090 3389 9091 
8690 8140 9092 9091 1564 
8691 2755 4340 9093 5493 
8692 4340 3151 7916 9093 
8693 9093 7916 193 194 
8694 5493 9093 194 195 
8695 1446 8562 9094 7447 
8696 8562 2036 7334 9094 
8697 9094 7334 3169 3998 
8698 7447 9094 3998 2078 
8699 2892 7337 9095 8469 
8700 7337 1693 8950 9095 
8701 9095 8950 3125 8832 
8702 8469 9095 8832 2970 
8703 1914 9096 9097 8237 
8704 9096 1591 7696 9097 
8705 9097 7696 1581 8701 
8706 8237 9097 8701 3147 
8707 2173 6097 9098 7666 
8708 6097 2172 8203 9098 
8709 9098 8203 3150 4028 
8710 7666 9098 4028 2372 
8711 599 598 9100 8090 
8712 598 7 597 9100 
8713 9100 597 596 9099 
8714 8090 9100 9099 3342 
8715 1765 3865 9102 7910 
8716 3865 3127 8249 9102 
8717 9102 8249 1931 9101 
8718 7910 9102 9101 1763 
8719 1552 8567 9104 8218 
8720 8567 3320 9103 9104 
8721 9104 9103 2959 7633 
8722 8218 9104 7633 2766 
8723 2150 4165 9105 6668 
8724 4165 2951 8847 9105 
8725 9105 8847 3118 7986 
8726 6668 9105 7986 2485 
8727 2709 7425 9106 5362 
8728 7425 3084 8605 9106 
8729 9106 8605 3092 7458 
8730 5362 9106 7458 1495 
8731 2502 9107 9108 6473 
8732 9107 3037 8793 9108 
8733 9108 8793 1465 8543 
8734 6473 9108 8543 1638 
8735 2436 6888 9110 8594 
8736 6888 2547 5035 9110 
8737 9110 5035 1698 9109 
8738 8594 9110 9109 3253 
8739 607 4290 9112 4671 
8740 4290 1526 9111 9112 
8741 9112 9111 3298 3873 
8742 4671 9112 3873 2470 
8743 3366 9113 9115 7563 
8744 9113 2783 9114 9115 
8745 9115 9114 3253 9109 
8746 7563 9115 9109 1698 
8747 1915 8533 9118 9117 
8748 8533 1813 8956 9118 
8749 9118 8956 2934 9116 
8750 9117 9118 9116 2091 
8751 1554 6777 9120 8934 
8752 6777 2524 5764 9120 
8753 9120 5764 3370 9119 
8754 8934 9120 9119 1514 
8755 2621 8025 9121 5751 
8756 8025 3192 8011 9121 
8757 9121 8011 2624 5062 
8758 5751 9121 5062 2622 
8759 1422 6796 9122 6983 
8760 6796 1423 7826 9122 
8761 9122 7826 3185 8905 
8762 6983 9122 8905 2125 
8763 2630 4759 9124 7907 
8764 4759 2628 9123 9124 
8765 9124 9123 3181 4735 
8766 7907 9124 4735 3173 
8767 1473 8274 9126 8065 
8768 8274 3161 9125 9126 
8769 9126 9125 481 480 
8770 8065 9126 480 479 
8771 2538 4554 9127 8929 
8772 4554 1490 9047 9127 
8773 9127 9047 3140 4459 
8774 8929 9127 4459 3157 
8775 2332 9128 9130 7295 
8776 9128 2373 3715 9130 
8777 9130 3715 3267 9129 
8778 7295 9130 9129 2330 
8779 2835 9131 9133 9132 
8780 9131 2594 4853 9133 
8781 9133 4853 1905 4791 
8782 9132 9133 4791 3196 
8783 1754 8662 9135 8149 
8784 8662 2976 8368 9135 
8785 9135 8368 3336 9134 
8786 8149 9135 9134 2082 
8787 2900 7165 9137 8493 
8788 7165 2298 4039 9137 
8789 9137 4039 3362 9136 
8790 8493 9137 9136 3058 
8791 1453 8180 9138 6617 
8792 8180 3155 8233 9138 
8793 9138 8233 3143 9052 
8794 6617 9138 9052 1452 
8795 230 231 9139 7721 
8796 231 232 8519 9139 
8797 9139 8519 3172 3966 
8798 7721 9139 3966 1388 
8799 1493 8300 9140 5042 
8800 8300 1532 8198 9140 
8801 9140 8198 1557 8169 
8802 5042 9140 8169 3149 
8803 2700 4707 9141 5143 
8804 4707 1701 7806 9141 
8805 9141 7806 3249 3828 
8806 5143 9141 3828 2701 
8807 3161 7000 9142 9125 
8808 7000 3170 8157 9142 
8809 9142 8157 483 482 
8810 9125 9142 482 481 
8811 575 3775 9144 576 
8812 3775 3341 9143 9144 
8813 9144 9143 578 577 
8814 576 9144 577 8 
8815 177 178 9145 5178 
8816 178 179 8932 9145 
8817 9145 8932 3178 8404 
8818 5178 9145 8404 1415 
8819 2533 4400 9147 4280 
8820 4400 2247 9082 9147 
8821 9147 9082 1669 9146 
8822 4280 9147 9146 3309 
8823 2421 4251 9150 8002 
8824 4251 2179 9148 9150 
8825 9150 9148 2055 9149 
8826 8002 9150 9149 3286 
8827 2280 6651 9153 9152 
8828 6651 2223 9151 9153 
8829 9153 9151 3180 8151 
8830 9152 9153 8151 2316 
8831 18 7615 9155 552 
8832 7615 1516 9154 9155 
8833 9155 9154 3246 3568 
8834 552 9155 3568 553 
8835 2314 6424 9157 9156 
8836 6424 2213 7856 9157 
8837 9157 7856 3167 8402 
8838 9156 9157 8402 2315 
8839 1908 6568 9159 6363 
8840 6568 1822 9158 9159 
8841 9159 9158 3171 8123 
8842 6363 9159 8123 1909 
8843 2615 7709 9160 5754 
8844 7709 3216 8059 9160 
8845 9160 8059 2618 5057 
8846 5754 9160 5057 2616 
8847 1829 9161 9162 6716 
8848 9161 1994 4277 9162 
8849 9162 4277 3174 8167 
8850 6716 9162 8167 1828 
8851 1400 9163 9164 3733 
8852 9163 3188 8499 9164 
8853 9164 8499 2269 5874 
8854 3733 9164 5874 2461 
8855 2345 3888 9166 7159 
8856 3888 2453 8261 9166 
8857 9166 8261 3164 9165 
8858 7159 9166 9165 2346 
8859 1523 9167 9169 4484 
8860 9167 3209 9168 9169 
8861 9169 9168 368 369 
8862 4484 9169 369 370 
8863 2983 9062 9171 8706 
8864 9062 3139 9170 9171 
8865 9171 9170 2299 7943 
8866 8706 9171 7943 2098 
8867 2217 8898 9175 9174 
8868 8898 2216 9172 9175 
8869 9175 9172 3213 9173 
8870 9174 9175 9173 2317 
8871 657 9176 9177 658 
8872 9176 3330 9039 9177 
8873 9177 9039 2218 7890 
8874 658 9177 7890 25 
8875 2470 3872 9179 4672 
8876 3872 2229 9178 9179 
8877 9179 9178 3247 7950 
8878 4672 9179 7950 3069 
8879 1644 9001 9181 8315 
8880 9001 1762 7499 9181 
8881 9181 7499 3193 9180 
8882 8315 9181 9180 1749 
8883 2145 4681 9182 4813 
8884 4681 2493 7325 9182 
8885 9182 7325 3185 7825 
8886 4813 9182 7825 2327 
8887 2538 8928 9184 5162 
8888 8928 3184 4222 9184 
8889 9184 4222 3195 9183 
8890 5162 9184 9183 2252 
8891 2662 5195 9185 8751 
8892 5195 2659 5231 9185 
8893 9185 5231 1389 6934 
8894 8751 9185 6934 3183 
8895 2626 8251 9186 8012 
8896 8251 3181 9123 9186 
8897 9186 9123 2628 5804 
8898 8012 9186 5804 2625 
8899 2223 6079 9187 9151 
8900 6079 2761 7744 9187 
8901 9187 7744 1553 8152 
8902 9151 9187 8152 3180 
8903 2055 9148 9189 8148 
8904 9148 2179 8617 9189 
8905 9189 8617 3176 9188 
8906 8148 9189 9188 2054 
8907 2271 8500 9190 4118 
8908 8500 3188 9163 9190 
8909 9190 9163 1400 5455 
8910 4118 9190 5455 2752 
8911 682 9191 9193 683 
8912 9191 2227 9192 9193 
8913 9193 9192 2934 8955 
8914 683 9193 8955 684 
8915 2041 6426 9194 6894 
8916 6426 2185 8771 9194 
8917 9194 8771 3175 4353 
8918 6894 9194 4353 2854 
8919 2456 6880 9195 4230 
8920 6880 2457 4474 9195 
8921 9195 4474 3359 4643 
8922 4230 9195 4643 2455 
8923 1459 6524 9196 7636 
8924 6524 1491 4354 9196 
8925 9196 4354 3175 8770 
8926 7636 9196 8770 3077 
8927 2129 9197 9199 4141 
8928 9197 2473 9198 9199 
8929 9199 9198 3196 4790 
8930 4141 9199 4790 2472 
8931 1560 8398 9200 9000 
8932 8398 1562 9078 9200 
8933 9200 9078 3130 4523 
8934 9000 9200 4523 3018 
8935 1389 5230 9201 6935 
8936 5230 269 270 9201 
8937 9201 270 271 8114 
8938 6935 9201 8114 3186 
8939 2095 8161 9202 8860 
8940 8161 1915 9117 9202 
8941 9202 9117 2091 3746 
8942 8860 9202 3746 3165 
8943 2266 8667 9205 7520 
8944 8667 2251 9203 9205 
8945 9205 9203 3307 9204 
8946 7520 9205 9204 2267 
8947 1722 5163 9206 5711 
8948 5163 2252 9183 9206 
8949 9206 9183 3195 8014 
8950 5711 9206 8014 1770 
8951 2798 8252 9207 6124 
8952 8252 3191 8239 9207 
8953 9207 8239 489 488 
8954 6124 9207 488 487 
8955 2609 7273 9208 5757 
8956 7273 3237 8109 9208 
8957 9208 8109 2612 5052 
8958 5757 9208 5052 2610 
8959 1803 8265 9211 8660 
8960 8265 2062 9209 9211 
8961 9211 9209 3108 9210 
8962 8660 9211 9210 1732 
8963 1550 5780 9213 8821 
8964 5780 2771 8714 9213 
8965 9213 8714 3231 9212 
8966 8821 9213 9212 2770 
8967 2801 6286 9215 7008 
8968 6286 1955 8018 9215 
8969 9215 8018 3168 9214 
8970 7008 9215 9214 2893 
8971 2094 9216 9218 8532 
8972 9216 3073 4260 9218 
8973 9218 4260 2016 9217 
8974 8532 9218 9217 1817 
8975 1822 6280 9220 9158 
8976 6280 1976 8807 9220 
8977 9220 8807 3333 9219 
8978 9158 9220 9219 3171 
8979 2478 4270 9222 6587 
8980 4270 2130 4637 9222 
8981 9222 4637 3372 9221 
8982 6587 9222 9221 2469 
8983 2739 7367 9223 5569 
8984 7367 2740 4902 9223 
8985 9223 4902 3227 6827 
8986 5569 9223 6827 1703 
8987 2335 3722 9225 3552 
8988 3722 2969 9224 9225 
8989 9225 9224 3389 9090 
8990 3552 9225 9090 1751 
8991 2758 5509 9227 8449 
8992 5509 1402 7871 9227 
8993 9227 7871 2930 9226 
8994 8449 9227 9226 3308 
8995 2400 9085 9228 7655 
8996 9085 2346 9165 9228 
8997 9228 9165 3164 8966 
8998 7655 9228 8966 3057 
8999 1673 8200 9230 4154 
9000 8200 257 258 9230 
9001 9230 258 259 9229 
9002 4154 9230 9229 3197 
9003 3025 9231 9232 3920 
9004 9231 253 254 9232 
9005 9232 254 255 8201 
9006 3920 9232 8201 3198 
9007 1763 9101 9234 7219 
9008 9101 1931 3421 9234 
9009 9234 3421 3261 9233 
9010 7219 9234 9233 1764 
9011 3197 9229 9235 3671 
9012 9229 259 260 9235 
9013 9235 260 261 8192 
9014 3671 9235 8192 3200 
9015 2526 9236 9238 6508 
9016 9236 1906 9237 9238 
9017 9238 9237 3289 8863 
9018 6508 9238 8863 2527 
9019 2603 6214 9239 5760 
9020 6214 3255 8142 9239 
9021 9239 8142 2606 5047 
9022 5760 9239 5047 2604 
9023 3112 8668 9241 9240 
9024 8668 2266 7522 9241 
9025 9241 7522 2268 3668 
9026 9240 9241 3668 3190 
9027 2796 3791 9243 9242 
9028 3791 292 293 9243 
9029 9243 293 294 8247 
9030 9242 9243 8247 3207 
9031 1469 8026 9245 8240 
9032 8026 3210 9244 9245 
9033 9245 9244 493 492 
9034 8240 9245 492 491 
9035 1563 9246 9247 8815 
9036 9246 2969 3721 9247 
9037 9247 3721 3124 4121 
9038 8815 9247 4121 3038 
9039 2773 8473 9248 5744 
9040 8473 2796 9242 9248 
9041 9248 9242 3207 7960 
9042 5744 9248 7960 2775 
9043 2765 3813 9250 9249 
9044 3813 55 56 9250 
9045 9250 56 57 8217 
9046 9249 9250 8217 3212 
9047 2764 8506 9251 7634 
9048 8506 2765 9249 9251 
9049 9251 9249 3212 8216 
9050 7634 9251 8216 2766 
9051 2785 5452 9253 8502 
9052 5452 2787 4984 9253 
9053 9253 4984 3214 9252 
9054 8502 9253 9252 2786 
9055 2786 9252 9254 3824 
9056 9252 3214 8243 9254 
9057 9254 8243 442 443 
9058 3824 9254 443 444 
9059 2427 4184 9255 8131 
9060 4184 2426 8601 9255 
9061 9255 8601 3240 8235 
9062 8131 9255 8235 2431 
9063 2599 5001 9256 5110 
9064 5001 2591 4647 9256 
9065 9256 4647 3269 8194 
9066 5110 9256 8194 2600 
9067 3210 4426 9257 9244 
9068 4426 3215 8327 9257 
9069 9257 8327 495 494 
9070 9244 9257 494 493 
9071 418 419 9258 7438 
9072 419 420 8086 9258 
9073 9258 8086 1398 4618 
9074 7438 9258 4618 3225 
9075 1980 7419 9259 6886 
9076 7419 2328 4872 9259 
9077 9259 4872 3262 8044 
9078 6886 9259 8044 2035 
9079 2077 8230 9261 6028 
9080 8230 3036 9260 9261 
9081 9261 9260 3345 3676 
9082 6028 9261 3676 2200 
9083 2288 4090 9263 9262 
9084 4090 2815 6073 9263 
9085 9263 6073 1393 6890 
9086 9262 9263 6890 3250 
9087 2186 8165 9265 7433 
9088 8165 2418 8516 9265 
9089 9265 8516 3288 9264 
9090 7433 9265 9264 2261 
9091 2222 7937 9267 6076 
9092 7937 2399 9266 9267 
9093 9267 9266 3332 3451 
9094 6076 9267 3451 2355 
9095 1681 7801 9268 3786 
9096 7801 1683 4310 9268 
9097 9268 4310 3235 6157 
9098 3786 9268 6157 2997 
9099 2444 4293 9270 3702 
9100 4293 1971 9269 9270 
9101 9270 9269 3193 3971 
9102 3702 9270 3971 3294 
9103 2358 3993 9272 9271 
9104 3993 3203 8597 9272 
9105 9272 8597 2855 6652 
9106 9271 9272 6652 2280 
9107 1563 7991 9273 9246 
9108 7991 1564 9091 9273 
9109 9273 9091 3389 9224 
9110 9246 9273 9224 2969 
9111 1500 8794 9276 8268 
9112 8794 3037 9274 9276 
9113 9276 9274 3271 9275 
9114 8268 9276 9275 2907 
9115 2756 8854 9277 5504 
9116 8854 2757 8435 9277 
9117 9277 8435 3223 8177 
9118 5504 9277 8177 1403 
9119 2018 7885 9280 5897 
9120 7885 2988 9278 9280 
9121 9280 9278 3348 9279 
9122 5897 9280 9279 2830 
9123 3319 9281 9283 9282 
9124 9281 2509 8681 9283 
9125 9283 8681 2231 3874 
9126 9282 9283 3874 3298 
9127 3112 9240 9284 8587 
9128 9240 3190 3667 9284 
9129 9284 3667 2309 9027 
9130 8587 9284 9027 2210 
9131 2028 6534 9286 6477 
9132 6534 2830 9279 9286 
9133 9286 9279 3348 9285 
9134 6477 9286 9285 2279 
9135 1942 5974 9288 6353 
9136 5974 2024 8389 9288 
9137 9288 8389 3221 9287 
9138 6353 9288 9287 2025 
9139 1926 4534 9289 5168 
9140 4534 346 347 9289 
9141 9289 347 348 7034 
9142 5168 9289 7034 3234 
9143 28 704 9290 8209 
9144 704 703 4631 9290 
9145 9290 4631 1951 8581 
9146 8209 9290 8581 3272 
9147 3320 9291 9293 9103 
9148 9291 2751 9292 9293 
9149 9293 9292 3317 7351 
9150 9103 9293 7351 2959 
9151 3309 9294 9296 4281 
9152 9294 2023 9295 9296 
9153 9296 9295 3324 4189 
9154 4281 9296 4189 3074 
9155 1470 7710 9298 8328 
9156 7710 3229 9297 9298 
9157 9298 9297 499 498 
9158 8328 9298 498 497 
9159 2021 9299 9301 8254 
9160 9299 2106 8849 9301 
9161 9301 8849 3384 9300 
9162 8254 9301 9300 1957 
9163 2990 8937 9304 5765 
9164 8937 2883 9302 9304 
9165 9304 9302 3205 9303 
9166 5765 9304 9303 1639 
9167 2381 8634 9307 8257 
9168 8634 3059 9305 9307 
9169 9307 9305 3285 9306 
9170 8257 9307 9306 2923 
9171 2244 4014 9308 6023 
9172 4014 2452 6828 9308 
9173 9308 6828 3227 4901 
9174 6023 9308 4901 2243 
9175 1830 3649 9309 7308 
9176 3649 2137 8048 9309 
9177 9309 8048 3259 8354 
9178 7308 9309 8354 2093 
9179 2062 8305 9312 9209 
9180 8305 2290 9310 9312 
9181 9312 9310 3277 9311 
9182 9209 9312 9311 3108 
9183 2393 7521 9314 3478 
9184 7521 2267 9204 9314 
9185 9314 9204 3307 9313 
9186 3478 9314 9313 2977 
9187 1803 8659 9315 7550 
9188 8659 2989 7938 9315 
9189 9315 7938 3160 8175 
9190 7550 9315 8175 2135 
9191 501 500 9316 8391 
9192 500 499 9297 9316 
9193 9316 9297 3229 4146 
9194 8391 9316 4146 3236 
9195 1696 3544 9317 4938 
9196 3544 3238 8084 9317 
9197 9317 8084 422 423 
9198 4938 9317 423 424 
9199 2084 6402 9320 9319 
9200 6402 2811 8549 9320 
9201 9320 8549 3226 9318 
9202 9319 9320 9318 2275 
9203 1443 6927 9321 6659 
9204 6927 1442 8704 9321 
9205 9321 8704 3224 8561 
9206 6659 9321 8561 1444 
9207 3238 3543 9322 8085 
9208 3543 2507 6467 9322 
9209 9322 6467 3380 4619 
9210 8085 9322 4619 1398 
9211 326 327 9324 4571 
9212 327 328 9043 9324 
9213 9324 9043 3312 9323 
9214 4571 9324 9323 2510 
9215 2749 4515 9328 9327 
9216 4515 3351 9325 9328 
9217 9328 9325 3021 9326 
9218 9327 9328 9326 2751 
9219 1958 7192 9330 4639 
9220 7192 2102 3452 9330 
9221 9330 3452 3332 9329 
9222 4639 9330 9329 3088 
9223 2280 9152 9331 9271 
9224 9152 2316 4068 9331 
9225 9331 4068 3239 3918 
9226 9271 9331 3918 2358 
9227 647 3850 9333 648 
9228 3850 3331 9332 9333 
9229 9333 9332 650 649 
9230 648 9333 649 4 
9231 2020 4718 9335 7387 
9232 4718 2289 9334 9335 
9233 9335 9334 3248 8679 
9234 7387 9335 8679 2896 
9235 2403 9336 9337 3485 
9236 9336 2315 8405 9337 
9237 9337 8405 3178 8931 
9238 3485 9337 8931 3113 
9239 2012 6323 9338 6163 
9240 6323 2806 8901 9338 
9241 9338 8901 3232 3826 
9242 6163 9338 3826 2204 
9243 2333 8986 9340 7257 
9244 8986 3355 9339 9340 
9245 9340 9339 2144 7984 
9246 7257 9340 7984 3011 
9247 1628 7317 9342 8626 
9248 7317 1626 9013 9342 
9249 9342 9013 3310 9341 
9250 8626 9342 9341 2189 
9251 635 634 9345 9344 
9252 634 5 633 9345 
9253 9345 633 632 9343 
9254 9344 9345 9343 3329 
9255 1732 9210 9347 8408 
9256 9210 3108 9346 9347 
9257 9347 9346 2979 8710 
9258 8408 9347 8710 1661 
9259 2354 6158 9349 3629 
9260 6158 3235 4313 9349 
9261 9349 4313 3281 9348 
9262 3629 9349 9348 2353 
9263 2031 7260 9351 7055 
9264 7260 2887 8886 9351 
9265 9351 8886 3222 9350 
9266 7055 9351 9350 2171 
9267 1472 7274 9353 8392 
9268 7274 3251 9352 9353 
9269 9353 9352 505 504 
9270 8392 9353 504 503 
9271 1390 7277 9354 7699 
9272 7277 3252 7603 9354 
9273 9354 7603 67 68 
9274 7699 9354 68 69 
9275 2059 6305 9355 6723 
9276 6305 2288 9262 9355 
9277 9355 9262 3250 8677 
9278 6723 9355 8677 2848 
9279 667 666 9357 4053 
9280 666 3 665 9357 
9281 9357 665 664 9356 
9282 4053 9357 9356 3352 
9283 1816 6556 9358 7757 
9284 6556 1688 7842 9358 
9285 9358 7842 1690 7221 
9286 7757 9358 7221 3256 
9287 507 506 9359 8438 
9288 506 505 9352 9359 
9289 9359 9352 3251 4006 
9290 8438 9359 4006 3258 
9291 2451 9360 9361 4289 
9292 9360 3319 9282 9361 
9293 9361 9282 3298 9111 
9294 4289 9361 9111 1526 
9295 1953 8555 9363 3456 
9296 8555 1656 8776 9363 
9297 9363 8776 1635 9362 
9298 3456 9363 9362 3162 
9299 1494 8311 9366 9007 
9300 8311 1461 9364 9366 
9301 9366 9364 3371 9365 
9302 9007 9366 9365 2190 
9303 699 698 9368 4344 
9304 698 1 697 9368 
9305 9368 697 696 9367 
9306 4344 9368 9367 3377 
9307 3372 4640 9371 9370 
9308 4640 3088 9369 9371 
9309 9371 9369 3243 7174 
9310 9370 9371 7174 1964 
9311 2265 9372 9374 9373 
9312 9372 2264 8595 9374 
9313 9374 8595 3253 9114 
9314 9373 9374 9114 2783 
9315 2085 8341 9376 6260 
9316 8341 3194 5347 9376 
9317 9376 5347 3204 9375 
9318 6260 9376 9375 2163 
9319 1474 6215 9378 8439 
9320 6215 3266 9377 9378 
9321 9378 9377 511 510 
9322 8439 9378 510 509 
9323 2660 5193 9380 5423 
9324 5193 2661 9379 9380 
9325 9380 9379 3303 3922 
9326 5423 9380 3922 1405 
9327 3273 9381 9382 4715 
9328 9381 2324 6843 9382 
9329 9382 6843 2353 9348 
9330 4715 9382 9348 3281 
9331 1540 6639 9384 8723 
9332 6639 1588 6798 9384 
9333 9384 6798 3365 9383 
9334 8723 9384 9383 3110 
9335 1766 8316 9385 8779 
9336 8316 1749 9180 9385 
9337 9385 9180 3193 9269 
9338 8779 9385 9269 1971 
9339 1829 6589 9386 9161 
9340 6589 1995 8484 9386 
9341 9386 8484 3263 4278 
9342 9161 9386 4278 1994 
9343 2303 8486 9388 8546 
9344 8486 2300 7944 9388 
9345 9388 7944 2299 9387 
9346 8546 9388 9387 3217 
9347 513 512 9389 8466 
9348 512 511 9377 9389 
9349 9389 9377 3266 3844 
9350 8466 9389 3844 3270 
9351 2373 9128 9390 5166 
9352 9128 2332 7315 9390 
9353 9390 7315 2336 9086 
9354 5166 9390 9086 3220 
9355 2283 7150 9391 8911 
9356 7150 2956 7146 9391 
9357 9391 7146 2163 9375 
9358 8911 9391 9375 3204 
9359 2306 3472 9393 6861 
9360 3472 2875 3613 9393 
9361 9393 3613 1774 9392 
9362 6861 9393 9392 3361 
9363 1561 8269 9394 8128 
9364 8269 2907 9275 9394 
9365 9394 9275 3271 8619 
9366 8128 9394 8619 2795 
9367 2241 7399 9395 9070 
9368 7399 2882 7004 9395 
9369 9395 7004 1916 7967 
9370 9070 9395 7967 3257 
9371 2009 6246 9397 6210 
9372 6246 2076 8536 9397 
9373 9397 8536 3268 9396 
9374 6210 9397 9396 2214 
9375 2323 9398 9399 7969 
9376 9398 2324 9381 9399 
9377 9399 9381 3273 8784 
9378 7969 9399 8784 2322 
9379 2074 8882 9401 8839 
9380 8882 2073 9400 9401 
9381 9401 9400 3247 9178 
9382 8839 9401 9178 2229 
9383 3213 9402 9404 4212 
9384 9402 3166 9403 9404 
9385 9404 9403 3387 8656 
9386 4212 9404 8656 2443 
9387 2587 4468 9405 8413 
9388 4468 3282 8350 9405 
9389 9405 8350 2588 5203 
9390 8413 9405 5203 2585 
9391 3199 7808 9408 9407 
9392 7808 3219 8982 9408 
9393 9408 8982 2487 9406 
9394 9407 9408 9406 2317 
9395 2757 8855 9410 8436 
9396 8855 3111 3740 9410 
9397 9410 3740 2109 9409 
9398 8436 9410 9409 3390 
9399 1476 4649 9412 8467 
9400 4649 3275 9411 9412 
9401 9412 9411 517 516 
9402 8467 9412 516 515 
9403 1478 8522 9414 4564 
9404 8522 519 518 9414 
9405 9414 518 517 9413 
9406 4564 9414 9413 3280 
9407 1400 3732 9415 5456 
9408 3732 3283 8332 9415 
9409 9415 8332 432 433 
9410 5456 9415 433 434 
9411 2590 4565 9416 5368 
9412 4565 3280 9413 9416 
9413 9416 9413 517 9411 
9414 5368 9416 9411 3275 
9415 1591 9096 9418 5571 
9416 9096 1914 9417 9418 
9417 9418 9417 3343 8697 
9418 5571 9418 8697 1652 
9419 2918 7372 9419 6869 
9420 7372 2368 8926 9419 
9421 9419 8926 3260 7622 
9422 6869 9419 7622 2901 
9423 2911 8684 9422 8739 
9424 8684 2912 9420 9422 
9425 9422 9420 3230 9421 
9426 8739 9422 9421 3086 
9427 1685 6898 9423 7310 
9428 6898 1684 9045 9423 
9429 9423 9045 3233 9004 
9430 7310 9423 9004 1687 
9431 2596 4366 9425 9424 
9432 4366 3290 8412 9425 
9433 9425 8412 2586 5616 
9434 9424 9425 5616 2593 
9435 1705 8552 9426 4815 
9436 8552 523 522 9426 
9437 9426 522 521 8523 
9438 4815 9426 8523 3287 
9439 2890 3855 9428 7792 
9440 3855 3003 8865 9428 
9441 9428 8865 1640 9427 
9442 7792 9428 9427 3313 
9443 314 315 9429 5187 
9444 315 316 8387 9429 
9445 9429 8387 3299 4860 
9446 5187 9429 4860 1399 
9447 2967 3457 9430 9038 
9448 3457 3162 9362 9430 
9449 9430 9362 1635 7891 
9450 9038 9430 7891 2218 
9451 1907 7849 9432 8919 
9452 7849 2931 9431 9432 
9453 9432 9431 3189 8825 
9454 8919 9432 8825 3135 
9455 2199 5651 9433 7740 
9456 5651 2782 7046 9433 
9457 9433 7046 3145 9019 
9458 7740 9433 9019 3128 
9459 2920 7445 9435 8220 
9460 7445 2894 9068 9435 
9461 9435 9068 3316 9434 
9462 8220 9435 9434 1967 
9463 2758 8451 9438 5605 
9464 8451 2274 9436 9438 
9465 9438 9436 3323 9437 
9466 5605 9438 9437 2759 
9467 1480 7262 9439 8591 
9468 7262 527 526 9439 
9469 9439 526 525 8553 
9470 8591 9439 8553 3292 
9471 2333 5140 9441 8984 
9472 5140 2201 9440 9441 
9473 9441 9440 3348 9278 
9474 8984 9441 9278 2988 
9475 1679 3788 9444 8383 
9476 3788 2044 9442 9444 
9477 9444 9442 3338 9443 
9478 8383 9444 9443 1655 
9479 207 208 9446 5703 
9480 208 209 8631 9446 
9481 9446 8631 3306 9445 
9482 5703 9446 9445 2120 
9483 2038 6398 9448 6010 
9484 6398 2277 9447 9448 
9485 9448 9447 3295 8538 
9486 6010 9448 8538 2039 
9487 2131 8396 9452 9451 
9488 8396 3029 9449 9452 
9489 9452 9449 3242 9450 
9490 9451 9452 9450 3104 
9491 246 247 9453 5699 
9492 247 248 8508 9453 
9493 9453 8508 3300 8505 
9494 5699 9453 8505 2118 
9495 214 5705 9454 213 
9496 5705 2119 8503 9454 
9497 9454 8503 3301 8510 
9498 213 9454 8510 212 
9499 285 286 9455 5582 
9500 286 287 8512 9455 
9501 9455 8512 3302 8472 
9502 5582 9455 8472 2121 
9503 2317 9406 9457 9174 
9504 9406 2487 9456 9457 
9505 9457 9456 3288 8515 
9506 9174 9457 8515 2217 
9507 548 9458 9460 9459 
9508 9458 2972 8760 9460 
9509 9460 8760 3289 9237 
9510 9459 9460 9237 1906 
9511 3295 9447 9462 9461 
9512 9447 2277 6116 9462 
9513 9462 6116 2349 3923 
9514 9461 9462 3923 3303 
9515 2544 6607 9463 8535 
9516 6607 2933 4037 9463 
9517 9463 4037 2214 9396 
9518 8535 9463 9396 3268 
9519 3297 4047 9465 9464 
9520 4047 3284 8921 9465 
9521 9465 8921 2884 7228 
9522 9464 9465 7228 2162 
9523 3058 9136 9466 7693 
9524 9136 3362 8672 9466 
9525 9466 8672 1699 5019 
9526 7693 9466 5019 2548 
9527 1538 8173 9467 7614 
9528 8173 2993 3937 9467 
9529 9467 3937 3246 9154 
9530 7614 9467 9154 1516 
9531 2362 3466 9469 7823 
9532 3466 2469 9221 9469 
9533 9469 9221 3372 9468 
9534 7823 9469 9468 2361 
9535 2924 8621 9471 7546 
9536 8621 3335 9470 9471 
9537 9471 9470 3019 3761 
9538 7546 9471 3761 2384 
9539 17 537 9472 6263 
9540 537 536 8614 9472 
9541 9472 8614 3296 8786 
9542 6263 9472 8786 1387 
9543 2113 7038 9475 9474 
9544 7038 1952 8470 9475 
9545 9475 8470 3315 9473 
9546 9474 9475 9473 2287 
9547 2265 9373 9477 6047 
9548 9373 2783 9113 9477 
9549 9477 9113 3366 9476 
9550 6047 9477 9476 2410 
9551 558 8852 9479 559 
9552 8852 2194 3618 9479 
9553 9479 3618 3334 9478 
9554 559 9479 9478 560 
9555 2417 4530 9481 3528 
9556 4530 1524 9480 9481 
9557 9481 9480 3285 9305 
9558 3528 9481 9305 3059 
9559 2158 6922 9483 7020 
9560 6922 2411 9482 9483 
9561 9483 9482 3297 9464 
9562 7020 9483 9464 2162 
9563 3086 9421 9484 8719 
9564 9421 3230 8942 9484 
9565 9484 8942 1492 8352 
9566 8719 9484 8352 1462 
9567 3295 9485 9488 8539 
9568 9485 3206 9486 9488 
9569 9488 9486 3388 9487 
9570 8539 9488 9487 2237 
9571 2397 3981 9490 8213 
9572 3981 2305 6858 9490 
9573 9490 6858 3361 9489 
9574 8213 9490 9489 2957 
9575 2082 9491 9492 8147 
9576 9491 2167 8003 9492 
9577 9492 8003 3286 9149 
9578 8147 9492 9149 2055 
9579 1402 5508 9493 7872 
9580 5508 302 303 9493 
9581 9493 303 304 8291 
9582 7872 9493 8291 3325 
9583 2084 9319 9495 6130 
9584 9319 2275 9494 9495 
9585 9495 9494 3323 9436 
9586 6130 9495 9436 2274 
9587 2113 9474 9497 7189 
9588 9474 2287 9496 9497 
9589 9497 9496 3293 6019 
9590 7189 9497 6019 2872 
9591 2594 9131 9499 4894 
9592 9131 2835 8653 9499 
9593 9499 8653 3378 9498 
9594 4894 9499 9498 2595 
9595 2749 9327 9500 5958 
9596 9327 2751 9291 9500 
9597 9500 9291 3320 8566 
9598 5958 9500 8566 2750 
9599 3315 4134 9501 9473 
9600 4134 3001 4126 9501 
9601 9501 4126 3293 9496 
9602 9473 9501 9496 2287 
9603 2593 4892 9503 9424 
9604 4892 2595 9502 9503 
9605 9503 9502 3364 8589 
9606 9424 9503 8589 2596 
9607 2477 4588 9506 9505 
9608 4588 1675 3481 9506 
9609 9506 3481 2597 9504 
9610 9505 9506 9504 3363 
9611 2326 4130 9507 8686 
9612 4130 2822 8805 9507 
9613 9507 8805 3138 8529 
9614 8686 9507 8529 3179 
9615 1725 9508 9509 8491 
9616 9508 2023 9294 9509 
9617 9509 9294 3309 9146 
9618 8491 9509 9146 1669 
9619 3265 4878 9512 9511 
9620 4878 3201 9510 9512 
9621 9512 9510 3007 9008 
9622 9511 9512 9008 2190 
9623 2265 6046 9513 9372 
9624 6046 2325 3414 9513 
9625 9513 3414 3360 8325 
9626 9372 9513 8325 2264 
9627 2088 5236 9514 4043 
9628 5236 2115 7947 9514 
9629 9514 7947 3383 3764 
9630 4043 9514 3764 2369 
9631 1513 8935 9516 4021 
9632 8935 1514 9119 9516 
9633 9516 9119 3370 9515 
9634 4021 9516 9515 27 
9635 637 636 9517 6745 
9636 636 635 9344 9517 
9637 9517 9344 3329 7122 
9638 6745 9517 7122 3278 
9639 3365 6801 9521 9520 
9640 6801 1695 9518 9521 
9641 9521 9518 3307 9519 
9642 9520 9521 9519 2910 
9643 2153 6421 9523 3443 
9644 6421 2314 9522 9523 
9645 9523 9522 3345 9260 
9646 3443 9523 9260 3036 
9647 2146 7096 9524 7681 
9648 7096 2910 9519 9524 
9649 9524 9519 3307 9203 
9650 7681 9524 9203 2251 
9651 548 547 9526 9458 
9652 547 546 9525 9526 
9653 9526 9525 3328 8761 
9654 9458 9526 8761 2972 
9655 2196 8107 9530 9529 
9656 8107 2340 9527 9530 
9657 9530 9527 3209 9528 
9658 9529 9530 9528 3072 
9659 2012 6162 9531 6324 
9660 6162 2013 8455 9531 
9661 9531 8455 3350 8497 
9662 6324 9531 8497 1904 
9663 2315 9336 9532 9156 
9664 9336 2403 3677 9532 
9665 9532 3677 3345 9522 
9666 9156 9532 9522 2314 
9667 2369 3763 9534 4044 
9668 3763 2370 9533 9534 
9669 9534 9533 3363 9504 
9670 4044 9534 9504 2597 
9671 3196 9198 9536 9132 
9672 9198 2473 9535 9536 
9673 9536 9535 3333 8654 
9674 9132 9536 8654 2835 
9675 2809 3694 9538 6334 
9676 3694 2279 9285 9538 
9677 9538 9285 3348 9537 
9678 6334 9538 9537 3062 
9679 3317 9539 9540 7352 
9680 9539 2348 6086 9540 
9681 9540 6086 2347 3587 
9682 7352 9540 3587 3344 
9683 2751 9326 9541 9292 
9684 9326 3021 7576 9541 
9685 9541 7576 2348 9539 
9686 9292 9541 9539 3317 
9687 2249 7296 9543 8101 
9688 7296 2330 9129 9543 
9689 9543 9129 3267 9542 
9690 8101 9543 9542 2329 
9691 2747 5415 9545 5960 
9692 5415 2746 8797 9545 
9693 9545 8797 3382 9544 
9694 5960 9545 9544 2748 
9695 2167 9491 9546 8475 
9696 9491 2082 9134 9546 
9697 9546 9134 3336 9016 
9698 8475 9546 9016 3080 
9699 2324 9398 9548 6844 
9700 9398 2323 3657 9548 
9701 9548 3657 3369 9547 
9702 6844 9548 9547 2352 
9703 2088 4042 9549 7837 
9704 4042 2224 3445 9549 
9705 9549 3445 3279 9074 
9706 7837 9549 9074 2027 
9707 2946 8829 9551 8767 
9708 8829 2366 6005 9551 
9709 9551 6005 2376 9550 
9710 8767 9551 9550 3354 
9711 2190 9365 9552 9511 
9712 9365 3371 7199 9552 
9713 9552 7199 2437 3817 
9714 9511 9552 3817 3265 
9715 1987 6915 9553 6090 
9716 6915 2881 8875 9553 
9717 9553 8875 3390 9409 
9718 6090 9553 9409 2109 
9719 2143 5286 9554 4921 
9720 5286 2144 9339 9554 
9721 9554 9339 3355 8985 
9722 4921 9554 8985 2032 
9723 2423 3615 9556 8616 
9724 3615 2194 8851 9556 
9725 9556 8851 2898 9555 
9726 8616 9556 9555 3176 
9727 2126 7196 9558 6455 
9728 7196 2874 8819 9558 
9729 9558 8819 3326 9557 
9730 6455 9558 9557 2307 
9731 1536 8816 9559 8312 
9732 8816 1937 4161 9559 
9733 9559 4161 3242 9449 
9734 8312 9559 9449 3029 
9735 1427 6751 9561 9064 
9736 6751 1430 8444 9561 
9737 9561 8444 3375 9560 
9738 9064 9561 9560 3144 
9739 2759 9437 9563 5603 
9740 9437 3323 9562 9563 
9741 9563 9562 3208 7959 
9742 5603 9563 7959 1672 
9743 2284 9564 9565 8306 
9744 9564 3285 9480 9565 
9745 9565 9480 1524 7360 
9746 8306 9565 7360 2947 
9747 611 8647 9567 612 
9748 8647 3314 9566 9567 
9749 9567 9566 614 613 
9750 612 9567 613 6 
9751 2556 5153 9568 6636 
9752 5153 2555 8975 9568 
9753 9568 8975 3353 7110 
9754 6636 9568 7110 2880 
9755 1801 8410 9569 8675 
9756 8410 1662 8812 9569 
9757 9569 8812 3368 8183 
9758 8675 9569 8183 1802 
9759 616 615 9571 9570 
9760 615 614 9566 9571 
9761 9571 9566 3314 7952 
9762 9570 9571 7952 2215 
9763 1967 9434 9572 8843 
9764 9434 3316 9067 9572 
9765 9572 9067 2343 8082 
9766 8843 9572 8082 3103 
9767 2888 6905 9573 7643 
9768 6905 2273 8450 9573 
9769 9573 8450 3308 9226 
9770 7643 9573 9226 2930 
9771 3056 8459 9574 8892 
9772 8459 2272 8482 9574 
9773 9574 8482 3241 9010 
9774 8892 9574 9010 3071 
9775 2196 9529 9577 9061 
9776 9529 3072 9575 9577 
9777 9577 9575 3291 9576 
9778 9061 9577 9576 3139 
9779 1678 8033 9578 8284 
9780 8033 2054 9188 9578 
9781 9578 9188 3176 9555 
9782 8284 9578 9555 2898 
9783 2526 3537 9580 9236 
9784 3537 2921 8979 9580 
9785 9580 8979 3337 9579 
9786 9236 9580 9579 1906 
9787 2381 7588 9582 8635 
9788 7588 2380 9581 9582 
9789 9582 9581 3381 7544 
9790 8635 9582 7544 2382 
9791 2094 8996 9583 9216 
9792 8996 2321 6312 9583 
9793 9583 6312 3245 4261 
9794 9216 9583 4261 3073 
9795 2116 7639 9586 9585 
9796 7639 2117 9029 9586 
9797 9586 9029 3311 9584 
9798 9585 9586 9584 2338 
9799 2150 7207 9588 4166 
9800 7207 2276 9587 9588 
9801 9588 9587 3374 6970 
9802 4166 9588 6970 2375 
9803 2227 3600 9589 9192 
9804 3600 3304 3747 9589 
9805 9589 3747 2091 9116 
9806 9192 9589 9116 2934 
9807 543 4445 9590 544 
9808 4445 3328 9525 9590 
9809 9590 9525 546 545 
9810 544 9590 545 10 
9811 2063 8258 9591 8266 
9812 8258 2923 9306 9591 
9813 9591 9306 3285 9564 
9814 8266 9591 9564 2284 
9815 3125 8949 9592 8833 
9816 8949 3386 8841 9592 
9817 9592 8841 2100 7345 
9818 8833 9592 7345 2180 
9819 1694 6971 9594 4573 
9820 6971 3374 9593 9594 
9821 9594 9593 3319 9360 
9822 4573 9594 9360 2451 
9823 2509 9281 9595 6445 
9824 9281 3319 9593 9595 
9825 9595 9593 3374 9587 
9826 6445 9595 9587 2276 
9827 2329 9542 9598 9597 
9828 9542 3267 3714 9598 
9829 9598 3714 1790 9596 
9830 9597 9598 9596 3211 
9831 1586 8214 9599 8800 
9832 8214 2957 9489 9599 
9833 9599 9489 3361 9392 
9834 8800 9599 9392 1774 
9835 2891 7497 9600 7339 
9836 7497 2977 9313 9600 
9837 9600 9313 3307 9518 
9838 7339 9600 9518 1695 
9839 563 562 9601 3617 
9840 562 9 561 9601 
9841 9601 561 560 9478 
9842 3617 9601 9478 3334 
9843 1802 8182 9602 8674 
9844 8182 2361 9468 9602 
9845 9602 9468 3372 9370 
9846 8674 9602 9370 1964 
9847 3007 9510 9603 8691 
9848 9510 3201 4877 9603 
9849 9603 4877 3085 3562 
9850 8691 9603 3562 1743 
9851 2237 9487 9604 7653 
9852 9487 3388 8749 9604 
9853 9604 8749 2246 7354 
9854 7653 9604 7354 2945 
9855 2116 9585 9607 9606 
9856 9585 2338 9605 9607 
9857 9607 9605 3327 7216 
9858 9606 9607 7216 2339 
9859 2021 8870 9609 9299 
9860 8870 2994 9608 9609 
9861 9609 9608 3274 7327 
9862 9299 9609 7327 2106 
9863 2116 9606 9612 8753 
9864 9606 2339 9610 9612 
9865 9612 9610 3346 9611 
9866 8753 9612 9611 3046 
9867 2289 6756 9613 9334 
9868 6756 3041 8883 9613 
9869 9613 8883 2074 8838 
9870 9334 9613 8838 3248 
9871 1641 7895 9614 8695 
9872 7895 1747 9059 9614 
9873 9614 9059 3313 9427 
9874 8695 9614 9427 1640 
9875 2893 9214 9616 7049 
9876 9214 3168 9615 9616 
9877 9616 9615 3382 8798 
9878 7049 9616 8798 2226 
9879 24 8381 9617 656 
9880 8381 1410 9040 9617 
9881 9617 9040 3330 9176 
9882 656 9617 9176 657 
9883 3239 4067 9619 3919 
9884 4067 2120 9445 9619 
9885 9619 9445 3306 9618 
9886 3919 9619 9618 3025 
9887 1541 4721 9622 7178 
9888 4721 2495 9620 9622 
9889 9622 9620 3357 9621 
9890 7178 9622 9621 3391 
9891 2034 6985 9624 7780 
9892 6985 2228 9623 9624 
9893 9624 9623 3376 8895 
9894 7780 9624 8895 2953 
9895 22 9083 9625 620 
9896 9083 3347 4741 9625 
9897 9625 4741 1435 8725 
9898 620 9625 8725 621 
9899 3358 9626 9627 4322 
9900 9626 3104 9450 9627 
9901 9627 9450 3242 8765 
9902 4322 9627 8765 2415 
9903 2393 3477 9629 7453 
9904 3477 2307 9557 9629 
9905 9629 9557 3326 9628 
9906 7453 9629 9628 2394 
9907 253 9231 9630 252 
9908 9231 3025 9618 9630 
9909 9630 9618 3306 8630 
9910 252 9630 8630 251 
9911 694 693 9633 9632 
9912 693 692 9631 9633 
9913 9633 9631 1639 9303 
9914 9632 9633 9303 3205 
9915 2434 8938 9634 8580 
9916 8938 3163 4663 9634 
9917 9634 4663 3305 8050 
9918 8580 9634 8050 2435 
9919 2769 8822 9636 5642 
9920 8822 3228 9635 9636 
9921 9636 9635 3218 7455 
9922 5642 9636 7455 2768 
9923 2883 4266 9638 9302 
9924 4266 2292 9637 9638 
9925 9638 9637 694 9632 
9926 9302 9638 9632 3205 
9927 2291 9639 9642 7480 
9928 9639 3357 9640 9642 
9929 9642 9640 3379 9641 
9930 7480 9642 9641 2387 
9931 2310 4979 9644 3438 
9932 4979 2312 9643 9644 
9933 9644 9643 3367 8571 
9934 3438 9644 8571 3042 
9935 2129 8124 9645 9197 
9936 8124 3171 9219 9645 
9937 9645 9219 3333 9535 
9938 9197 9645 9535 2473 
9939 2495 4798 9646 9620 
9940 4798 2164 8947 9646 
9941 9646 8947 3379 9640 
9942 9620 9646 9640 3357 
9943 2110 8056 9647 7996 
9944 8056 3166 9402 9647 
9945 9647 9402 3213 9172 
9946 7996 9647 9172 2216 
9947 2520 7179 9648 8355 
9948 7179 3391 9621 9648 
9949 9648 9621 3357 9639 
9950 8355 9648 9639 2291 
9951 366 367 9650 6469 
9952 367 368 9168 9650 
9953 9650 9168 3209 9649 
9954 6469 9650 9649 3244 
9955 630 9025 9651 631 
9956 9025 2296 7119 9651 
9957 9651 7119 3329 9343 
9958 631 9651 9343 632 
9959 652 651 9652 8998 
9960 651 650 9332 9652 
9961 9652 9332 3331 3849 
9962 8998 9652 3849 2949 
9963 596 595 9655 9654 
9964 595 594 8809 9655 
9965 9655 8809 3349 9653 
9966 9654 9655 9653 2166 
9967 2501 3653 9657 6472 
9968 3653 3019 9470 9657 
9969 9657 9470 3335 9656 
9970 6472 9657 9656 2502 
9971 2313 7382 9659 4653 
9972 7382 2975 9658 9659 
9973 9659 9658 3367 9643 
9974 4653 9659 9643 2312 
9975 2296 9024 9660 7120 
9976 9024 2979 9346 9660 
9977 9660 9346 3108 9311 
9978 7120 9660 9311 3277 
9979 3209 9527 9661 9649 
9980 9527 2340 8940 9661 
9981 9661 8940 3146 6470 
9982 9649 9661 6470 3244 
9983 1725 8884 9662 9508 
9984 8884 3041 6757 9662 
9985 9662 6757 3324 9295 
9986 9508 9662 9295 2023 
9987 2852 8091 9664 9663 
9988 8091 3342 9099 9664 
9989 9664 9099 596 9654 
9990 9663 9664 9654 2166 
9991 580 579 9665 8716 
9992 579 578 9143 9665 
9993 9665 9143 3341 3914 
9994 8716 9665 3914 2926 
9995 2329 9597 9667 8869 
9996 9597 3211 9666 9667 
9997 9667 9666 3274 9608 
9998 8869 9667 9608 2994 
9999 1460 8375 9668 8395 
10000 8375 20 7200 9668 
10001 9668 7200 3371 9364 
10002 8395 9668 9364 1461 
10003 3132 9034 9670 9669 
10004 9034 1634 8775 9670 
10005 9670 8775 1655 9443 
10006 9669 9670 9443 3338 
10007 1697 8768 9671 8924 
10008 8768 3354 9550 9671 
10009 9671 9550 2376 4451 
10010 8924 9671 4451 3120 
10011 548 9459 9672 549 
10012 9459 1906 9579 9672 
10013 9672 9579 3337 8978 
10014 549 9672 8978 550 
10015 2981 7263 9674 8154 
10016 7263 1480 8590 9674 
10017 9674 8590 3364 9673 
10018 8154 9674 9673 2992 
10019 3240 8476 9675 8236 
10020 8476 3080 9015 9675 
10021 9675 9015 3343 9417 
10022 8236 9675 9417 1914 
10023 2491 3963 9676 4822 
10024 3963 2394 9628 9676 
10025 9676 9628 3326 8818 
10026 4822 9676 8818 1755 
10027 2807 7577 9677 6386 
10028 7577 3021 9325 9677 
10029 9677 9325 3351 8888 
10030 6386 9677 8888 1935 
10031 3075 3548 9680 9679 
10032 3548 2476 8371 9680 
10033 9680 8371 3158 9678 
10034 9679 9680 9678 3373 
10035 3318 7903 9681 8416 
10036 7903 2410 9476 9681 
10037 9681 9476 3366 7562 
10038 8416 9681 7562 2546 
10039 1694 6054 9684 6972 
10040 6054 2852 9682 9684 
10041 9684 9682 3276 9683 
10042 6972 9684 9683 3187 
10043 2744 8155 9686 5549 
10044 8155 2992 9685 9686 
10045 9686 9685 3378 8652 
10046 5549 9686 8652 2743 
10047 2852 9663 9687 9682 
10048 9663 2166 9653 9687 
10049 9687 9653 3349 7320 
10050 9682 9687 7320 3276 
10051 3359 7794 9688 4644 
10052 7794 2046 9058 9688 
10053 9688 9058 1957 9300 
10054 4644 9688 9300 3384 
10055 3209 9167 9689 9528 
10056 9167 1523 4336 9689 
10057 9689 4336 3291 9575 
10058 9528 9689 9575 3072 
10059 2283 8910 9690 7151 
10060 8910 3218 9635 9690 
10061 9690 9635 3228 4284 
10062 7151 9690 4284 2154 
10063 616 9570 9692 8525 
10064 9570 2215 7951 9692 
10065 9692 7951 3247 9691 
10066 8525 9692 9691 3031 
10067 2770 9212 9693 4286 
10068 9212 3231 8550 9693 
10069 9693 8550 2025 9287 
10070 4286 9693 9287 3221 
10071 2189 9341 9694 8896 
10072 9341 3310 9012 9694 
10073 9694 9012 2528 9055 
10074 8896 9694 9055 3094 
10075 1761 7597 9695 5139 
10076 7597 3062 9537 9695 
10077 9695 9537 3348 9440 
10078 5139 9695 9440 2201 
10079 2317 9173 9696 9407 
10080 9173 3213 4211 9696 
10081 9696 4211 1587 9076 
10082 9407 9696 9076 3199 
10083 3217 9387 9697 4335 
10084 9387 2299 9170 9697 
10085 9697 9170 3139 9576 
10086 4335 9697 9576 3291 
10087 17 6262 9698 4676 
10088 6262 2211 8572 9698 
10089 9698 8572 3367 9658 
10090 4676 9698 9658 2975 
10091 2375 6969 9699 4167 
10092 6969 3187 9683 9699 
10093 9699 9683 3276 7319 
10094 4167 9699 7319 2232 
10095 1668 8526 9700 8489 
10096 8526 3031 9691 9700 
10097 9700 9691 3247 9400 
10098 8489 9700 9400 2073 
10099 662 9088 9701 663 
10100 9088 2295 4054 9701 
10101 9701 4054 3352 9356 
10102 663 9701 9356 664 
10103 1777 5096 9703 8991 
10104 5096 2523 8628 9703 
10105 9703 8628 3376 9702 
10106 8991 9703 9702 3159 
10107 2319 8665 9705 7704 
10108 8665 3264 9704 9705 
10109 9705 9704 3261 8995 
10110 7704 9705 8995 2318 
10111 1496 9706 9707 5519 
10112 9706 3373 9678 9707 
10113 9707 9678 3158 3606 
10114 5519 9707 3606 2737 
10115 2379 8952 9708 7587 
10116 8952 3153 7748 9708 
10117 9708 7748 3381 9581 
10118 7587 9708 9581 2380 
10119 3303 9379 9710 9461 
10120 9379 2661 9709 9710 
10121 9710 9709 3206 9485 
10122 9461 9710 9485 3295 
10123 3099 4599 9711 7679 
10124 4599 3075 9679 9711 
10125 9711 9679 3373 9706 
10126 7679 9711 9706 1496 
10127 3369 9712 9713 9547 
10128 9712 3106 7767 9713 
10129 9713 7767 3385 6845 
10130 9547 9713 6845 2352 
10131 2661 5196 9714 9709 
10132 5196 2662 8750 9714 
10133 9714 8750 3388 9486 
10134 9709 9714 9486 3206 
10135 2515 4076 9715 3656 
10136 4076 1646 7999 9715 
10137 9715 7999 3106 9712 
10138 3656 9715 9712 3369 
10139 2131 9451 9717 8683 
10140 9451 3104 9626 9717 
10141 9717 9626 3358 9716 
10142 8683 9717 9716 2912 
10143 1790 4625 9718 9596 
10144 4625 2450 7328 9718 
10145 9718 7328 3274 9666 
10146 9596 9718 9666 3211 
10147 3037 9107 9719 9274 
10148 9107 2502 9656 9719 
10149 9719 9656 3335 8620 
10150 9274 9719 8620 3271 
10151 1498 9080 9720 8348 
10152 9080 3131 4326 9720 
10153 9720 4326 3340 4071 
10154 8348 9720 4071 1499 
10155 2310 3437 9721 7095 
10156 3437 3110 9383 9721 
10157 9721 9383 3365 9520 
10158 7095 9721 9520 2910 
10159 3256 7220 9722 7758 
10160 7220 1764 9233 9722 
10161 9722 9233 3261 9704 
10162 7758 9722 9704 3264 
10163 1827 8943 9723 4321 
10164 8943 3230 9420 9723 
10165 9723 9420 2912 9716 
10166 4321 9723 9716 3358 
10167 2947 6743 9724 8304 
10168 6743 3278 7121 9724 
10169 9724 7121 3277 9310 
10170 8304 9724 9310 2290 
10171 2992 9673 9725 9685 
10172 9673 3364 9502 9725 
10173 9725 9502 2595 9498 
10174 9685 9725 9498 3378 
10175 1998 8780 9726 8055 
10176 8780 3000 4295 9726 
10177 9726 4295 3387 9403 
10178 8055 9726 9403 3166 
10179 2374 4112 9727 8906 
10180 4112 3159 9702 9727 
10181 9727 9702 3376 9623 
10182 8906 9727 9623 2228 
10183 2540 5284 9728 8443 
10184 5284 2304 3778 9728 
10185 9728 3778 3144 9560 
10186 8443 9728 9560 3375 
10187 3226 4413 9729 9318 
10188 4413 3208 9562 9729 
10189 9729 9562 3323 9494 
10190 9318 9729 9494 2275 
10191 2261 9264 9730 8322 
10192 9264 3288 9456 9730 
10193 9730 9456 2487 8981 
10194 8322 9730 8981 3254 
10195 694 9637 9731 695 
10196 9637 2292 4265 9731 
10197 9731 4265 3377 9367 
10198 695 9731 9367 696 
10199 2505 6959 9732 8415 
10200 6959 2171 9350 9732 
10201 9732 9350 3222 7904 
10202 8415 9732 7904 3318 
10203 2309 3902 9734 9028 
10204 3902 2510 9323 9734 
10205 9734 9323 3312 9733 
10206 9028 9734 9733 3311 
10207 2905 4513 9735 8017 
10208 4513 2748 9544 9735 
10209 9735 9544 3382 9615 
10210 8017 9735 9615 3168 
10211 2044 8137 9736 9442 
10212 8137 2897 8878 9736 
10213 9736 8878 3132 9669 
10214 9442 9736 9669 3338 
10215 3088 9329 9737 9369 
10216 9329 3332 9266 9737 
10217 9737 9266 2399 7175 
10218 9369 9737 7175 3243 
10219 3327 9605 9738 9042 
10220 9605 2338 9584 9738 
10221 9738 9584 3311 9733 
10222 9042 9738 9733 3312 
10223 2342 7138 9740 3811 
10224 7138 2344 4443 9740 
10225 9740 4443 3321 9739 
10226 3811 9740 9739 3356 
10227 2392 4048 9741 6466 
10228 4048 3297 9482 9741 
10229 9741 9482 2411 4620 
10230 6466 9741 4620 3380 
10231 2931 8006 9742 9431 
10232 8006 2387 9641 9742 
10233 9742 9641 3379 8946 
10234 9431 9742 8946 3189 
10235 692 691 9743 9631 
10236 691 27 9515 9743 
10237 9743 9515 3370 5763 
10238 9631 9743 5763 1639 
10239 3046 9611 9745 8737 
10240 9611 3346 9744 9745 
10241 9745 9744 3363 9533 
10242 8737 9745 9533 2370 
10243 1692 3808 9746 4520 
10244 3808 3356 9739 9746 
10245 9746 9739 3321 5988 
10246 4520 9746 5988 2468 
10247 2339 4700 9747 9610 
10248 4700 2477 9505 9747 
10249 9747 9505 3363 9744 
10250 9610 9747 9744 3346 
10251 1817 9217 9749 7869 
10252 9217 2016 9748 9749 
10253 9749 9748 689 688 
10254 7869 9749 688 26 
10255 2 680 9750 681 
10256 680 679 3597 9750 
10257 9750 3597 2227 9191 
10258 681 9750 9191 682 
10259 2405 8577 9751 4263 
10260 8577 3123 4019 9751 
10261 9751 4019 689 9748 
10262 4263 9751 9748 2016 
$EndElements
