$MeshFormat
4.1 0 8
$EndMeshFormat
$PhysicalNames
11
1 11 "Inlet"
1 12 "Outlet"
1 13 "Walls"
1 14 "SolidInterfaces"
2 1 "Fluid"
2 2 "PCB"
2 3 "Component_1"
2 4 "Component_2"
2 5 "Component_3"
2 6 "Component_4"
2 7 "Component_5"
$EndPhysicalNames
$Entities
28 33 7 0
9 4.361015625245425 2.634288707049564 0 0 
10 5.679503548322067 2.634288707049564 0 0 
13 9.500742393276843 2.634288707049564 0 0 
14 10.49925760672316 2.634288707049564 0 0 
17 14.34751494754647 2.634288707049564 0 0 
18 15.61196587888603 2.634288707049564 0 0 
21 5.47353992465073 2.365711292950436 0 0 
22 7.05684945552489 2.365711292950436 0 0 
25 12.85917760683483 2.365711292950436 0 0 
26 14.61043301298955 2.365711292950436 0 0 
27 0 0 0 0 
28 20 0 0 0 
29 0 5 0 0 
30 20 5 0 0 
31 2.53038938017562 2.365711292950436 0 0 
32 5.47353992465073 2.088383538684919 0 0 
33 7.05684945552489 2.088383538684919 0 0 
34 12.85917760683483 2.025906814261687 0 0 
35 14.61043301298955 2.025906814261687 0 0 
36 17.46961061982438 2.365711292950436 0 0 
37 17.46961061982438 2.634288707049564 0 0 
38 15.61196587888603 2.98474567804789 0 0 
39 14.34751494754647 2.98474567804789 0 0 
40 10.49925760672316 2.960649206597708 0 0 
41 9.500742393276843 2.960649206597708 0 0 
42 5.679503548322067 2.912474206556141 0 0 
43 4.361015625245425 2.912474206556141 0 0 
44 2.53038938017562 2.634288707049564 0 0 
9 4.361015525245424 2.634288607049563 -1.000000008881784e-07 5.679503648322068 2.634288807049564 1.000000008881784e-07 1 14 2 9 -10 
13 9.500742293276843 2.634288607049564 -1e-07 10.49925770672316 2.634288807049563 1e-07 1 14 2 13 -14 
17 14.34751484754647 2.634288607049564 -1e-07 15.61196597888603 2.634288807049563 1e-07 1 14 2 17 -18 
21 5.47353982465073 2.365711192950437 -1e-07 7.056849555524891 2.365711392950436 1e-07 1 14 2 21 -22 
25 12.85917750683483 2.365711192950437 -1e-07 14.61043311298955 2.365711392950436 1e-07 1 14 2 25 -26 
26 -9.99999993922529e-08 -1e-07 -1e-07 20.0000001 1e-07 1e-07 1 13 2 27 -28 
27 -1e-07 -9.999999983634211e-08 -1e-07 1e-07 5.0000001 1e-07 1 11 2 29 -27 
28 19.9999999 -9.999999983634211e-08 -1e-07 20.0000001 5.0000001 1e-07 1 12 2 28 -30 
29 -9.99999993922529e-08 4.9999999 -1e-07 20.0000001 5.0000001 1e-07 1 13 2 30 -29 
30 2.53038928017562 2.365711192950437 -1e-07 5.47354002465073 2.365711392950436 1e-07 1 14 2 31 -21 
31 5.47353982465073 2.088383438684919 -1e-07 5.47354002465073 2.365711392950436 1e-07 1 14 2 32 -21 
32 5.47353982465073 2.088383438684919 -1e-07 7.056849555524891 2.088383638684919 1e-07 1 14 2 33 -32 
33 7.05684935552489 2.088383438684919 -1e-07 7.056849555524891 2.365711392950436 1e-07 1 14 2 22 -33 
34 7.05684935552489 2.365711192950437 -1e-07 12.85917770683483 2.365711392950436 1e-07 1 14 2 22 -25 
35 12.85917750683483 2.025906714261688 -1e-07 12.85917770683483 2.365711392950436 1e-07 1 14 2 34 -25 
36 12.85917750683483 2.025906714261688 -1e-07 14.61043311298955 2.025906914261687 1e-07 1 14 2 35 -34 
37 14.61043291298955 2.025906714261688 -1e-07 14.61043311298955 2.365711392950436 1e-07 1 14 2 26 -35 
38 14.61043291298955 2.365711192950437 -1e-07 17.46961071982438 2.365711392950436 1e-07 1 14 2 26 -36 
39 17.46961051982438 2.365711192950437 -1e-07 17.46961071982438 2.634288807049563 1e-07 1 14 2 36 -37 
40 15.61196577888603 2.634288607049564 -1e-07 17.46961071982438 2.634288807049563 1e-07 1 14 2 37 -18 
41 15.61196577888603 2.634288607049564 -1e-07 15.61196597888603 2.98474577804789 1e-07 1 14 2 18 -38 
42 14.34751484754647 2.984745578047891 -1e-07 15.61196597888603 2.98474577804789 1e-07 1 14 2 38 -39 
43 14.34751484754647 2.634288607049564 -1e-07 14.34751504754647 2.98474577804789 1e-07 1 14 2 39 -17 
44 10.49925750672316 2.634288607049564 -1e-07 14.34751504754647 2.634288807049563 1e-07 1 14 2 17 -14 
45 10.49925750672316 2.634288607049564 -1e-07 10.49925770672316 2.960649306597708 1e-07 1 14 2 14 -40 
46 9.500742293276843 2.960649106597708 -1e-07 10.49925770672316 2.960649306597708 1e-07 1 14 2 40 -41 
47 9.500742293276843 2.634288607049564 -1e-07 9.500742493276842 2.960649306597708 1e-07 1 14 2 41 -13 
48 5.679503448322067 2.634288607049564 -1e-07 9.500742493276842 2.634288807049563 1e-07 1 14 2 13 -10 
49 5.679503448322067 2.634288607049564 -1e-07 5.679503648322068 2.91247430655614 1e-07 1 14 2 10 -42 
50 4.361015525245425 2.912474106556141 -1e-07 5.679503648322068 2.91247430655614 1e-07 1 14 2 42 -43 
51 4.361015525245425 2.634288607049564 -1e-07 4.361015725245426 2.91247430655614 1e-07 1 14 2 43 -9 
52 2.53038928017562 2.634288607049564 -1e-07 4.361015725245426 2.634288807049563 1e-07 1 14 2 9 -44 
53 2.53038928017562 2.365711192950437 -1e-07 2.53038948017562 2.634288807049563 1e-07 1 14 2 44 -31 
2 2.530389280175619 2.365711192950436 -1.000000008881784e-07 17.46961071982438 2.634288807049564 1.000000008881784e-07 1 2 14 53 30 21 34 25 38 39 40 -17 44 -13 48 -9 52 
3 4.361015525245424 2.634288607049563 -1.000000008881784e-07 5.679503648322068 2.912474306556141 1.000000008881784e-07 1 3 4 9 49 50 51 
4 9.500742293276843 2.634288607049564 -1e-07 10.49925770672316 2.960649306597708 1e-07 1 4 4 13 45 46 47 
5 14.34751484754647 2.634288607049564 -1e-07 15.61196597888603 2.98474577804789 1e-07 1 5 4 17 41 42 43 
6 5.47353982465073 2.088383438684919 -1e-07 7.056849555524891 2.365711392950436 1e-07 1 6 4 21 33 32 31 
7 12.85917750683483 2.025906714261688 -1e-07 14.61043311298955 2.365711392950436 1e-07 1 7 4 25 37 36 35 
8 -9.99999993922529e-08 -9.999999983634211e-08 -1e-07 20.0000001 5.0000001 1e-07 1 1 28 26 28 29 27 -30 -53 -52 -51 -50 -49 -48 -47 -46 -45 -44 -43 -42 -41 -40 -39 -38 37 36 35 -34 33 32 31 
$EndEntities
$Nodes
68 9545 1 9545
0 9 0 1
1
4.361015625245425 2.634288707049564 0
0 10 0 1
2
5.679503548322067 2.634288707049564 0
0 13 0 1
3
9.500742393276843 2.634288707049564 0
0 14 0 1
4
10.49925760672316 2.634288707049564 0
0 17 0 1
5
14.34751494754647 2.634288707049564 0
0 18 0 1
6
15.61196587888603 2.634288707049564 0
0 21 0 1
7
5.47353992465073 2.365711292950436 0
0 22 0 1
8
7.05684945552489 2.365711292950436 0
0 25 0 1
9
12.85917760683483 2.365711292950436 0
0 26 0 1
10
14.61043301298955 2.365711292950436 0
0 27 0 1
11
0 0 0
0 28 0 1
12
20 0 0
0 29 0 1
13
0 5 0
0 30 0 1
14
20 5 0
0 31 0 1
15
2.53038938017562 2.365711292950436 0
0 32 0 1
16
5.47353992465073 2.088383538684919 0
0 33 0 1
17
7.05684945552489 2.088383538684919 0
0 34 0 1
18
12.85917760683483 2.025906814261687 0
0 35 0 1
19
14.61043301298955 2.025906814261687 0
0 36 0 1
20
17.46961061982438 2.365711292950436 0
0 37 0 1
21
17.46961061982438 2.634288707049564 0
0 38 0 1
22
15.61196587888603 2.98474567804789 0
0 39 0 1
23
14.34751494754647 2.98474567804789 0
0 40 0 1
24
10.49925760672316 2.960649206597708 0
0 41 0 1
25
9.500742393276843 2.960649206597708 0
0 42 0 1
26
5.679503548322067 2.912474206556141 0
0 43 0 1
27
4.361015625245425 2.912474206556141 0
0 44 0 1
28
2.53038938017562 2.634288707049564 0
1 9 0 11
29
30
31
32
33
34
35
36
37
38
39
4.470889618835145 2.634288707049564 0
4.580763612424866 2.634288707049564 0
4.690637606014586 2.634288707049564 0
4.800511599604306 2.634288707049564 0
4.910385593194026 2.634288707049564 0
5.020259586783746 2.634288707049564 0
5.130133580373466 2.634288707049564 0
5.240007573963187 2.634288707049564 0
5.349881567552907 2.634288707049564 0
5.459755561142627 2.634288707049564 0
5.569629554732347 2.634288707049564 0
1 13 0 7
40
41
42
43
44
45
46
9.625556794957632 2.634288707049564 0
9.750371196638422 2.634288707049564 0
9.875185598319211 2.634288707049564 0
10 2.634288707049564 0
10.12481440168079 2.634288707049564 0
10.24962880336158 2.634288707049564 0
10.37444320504237 2.634288707049564 0
1 17 0 11
47
48
49
50
51
52
53
54
55
56
57
14.45288585849144 2.634288707049564 0
14.5582567694364 2.634288707049564 0
14.66362768038136 2.634288707049564 0
14.76899859132633 2.634288707049564 0
14.87436950227129 2.634288707049564 0
14.97974041321625 2.634288707049564 0
15.08511132416122 2.634288707049564 0
15.19048223510618 2.634288707049564 0
15.29585314605114 2.634288707049564 0
15.40122405699611 2.634288707049564 0
15.50659496794107 2.634288707049564 0
1 21 0 15
58
59
60
61
62
63
64
65
66
67
68
69
70
71
72
5.572496770330365 2.365711292950436 0
5.67145361601 2.365711292950436 0
5.770410461689635 2.365711292950436 0
5.86936730736927 2.365711292950436 0
5.968324153048905 2.365711292950436 0
6.06728099872854 2.365711292950436 0
6.166237844408175 2.365711292950436 0
6.26519469008781 2.365711292950436 0
6.364151535767445 2.365711292950436 0
6.46310838144708 2.365711292950436 0
6.562065227126715 2.365711292950436 0
6.66102207280635 2.365711292950436 0
6.759978918485985 2.365711292950436 0
6.85893576416562 2.365711292950436 0
6.957892609845255 2.365711292950436 0
1 25 0 15
73
74
75
76
77
78
79
80
81
82
83
84
85
86
87
12.9686310697195 2.365711292950436 0
13.07808453260417 2.365711292950436 0
13.18753799548884 2.365711292950436 0
13.29699145837351 2.365711292950436 0
13.40644492125818 2.365711292950436 0
13.51589838414285 2.365711292950436 0
13.62535184702752 2.365711292950436 0
13.73480530991219 2.365711292950436 0
13.84425877279686 2.365711292950436 0
13.95371223568153 2.365711292950436 0
14.0631656985662 2.365711292950436 0
14.17261916145087 2.365711292950436 0
14.28207262433554 2.365711292950436 0
14.39152608722021 2.365711292950436 0
14.50097955010488 2.365711292950436 0
1 26 0 159
88
89
90
91
92
93
94
95
96
97
98
99
100
101
102
103
104
105
106
107
108
109
110
111
112
113
114
115
116
117
118
119
120
121
122
123
124
125
126
127
128
129
130
131
132
133
134
135
136
137
138
139
140
141
142
143
144
145
146
147
148
149
150
151
152
153
154
155
156
157
158
159
160
161
162
163
164
165
166
167
168
169
170
171
172
173
174
175
176
177
178
179
180
181
182
183
184
185
186
187
188
189
190
191
192
193
194
195
196
197
198
199
200
201
202
203
204
205
206
207
208
209
210
211
212
213
214
215
216
217
218
219
220
221
222
223
224
225
226
227
228
229
230
231
232
233
234
235
236
237
238
239
240
241
242
243
244
245
246
0.125 0 0
0.25 0 0
0.375 0 0
0.5 0 0
0.625 0 0
0.75 0 0
0.875 0 0
1 0 0
1.125 0 0
1.25 0 0
1.375 0 0
1.5 0 0
1.625 0 0
1.75 0 0
1.875 0 0
2 0 0
2.125 0 0
2.25 0 0
2.375 0 0
2.5 0 0
2.625 0 0
2.75 0 0
2.875 0 0
3 0 0
3.125 0 0
3.25 0 0
3.375 0 0
3.5 0 0
3.625 0 0
3.75 0 0
3.875 0 0
4 0 0
4.125 0 0
4.25 0 0
4.375 0 0
4.5 0 0
4.625 0 0
4.75 0 0
4.875 0 0
5 0 0
5.125 0 0
5.25 0 0
5.375 0 0
5.5 0 0
5.625 0 0
5.75 0 0
5.875 0 0
6 0 0
6.125 0 0
6.25 0 0
6.375 0 0
6.5 0 0
6.625 0 0
6.75 0 0
6.875 0 0
7 0 0
7.125 0 0
7.25 0 0
7.375 0 0
7.5 0 0
7.625 0 0
7.75 0 0
7.875 0 0
8 0 0
8.125 0 0
8.25 0 0
8.375 0 0
8.5 0 0
8.625 0 0
8.75 0 0
8.875 0 0
9 0 0
9.125 0 0
9.25 0 0
9.375 0 0
9.5 0 0
9.625 0 0
9.75 0 0
9.875 0 0
10 0 0
10.125 0 0
10.25 0 0
10.375 0 0
10.5 0 0
10.625 0 0
10.75 0 0
10.875 0 0
11 0 0
11.125 0 0
11.25 0 0
11.375 0 0
11.5 0 0
11.625 0 0
11.75 0 0
11.875 0 0
12 0 0
12.125 0 0
12.25 0 0
12.375 0 0
12.5 0 0
12.625 0 0
12.75 0 0
12.875 0 0
13 0 0
13.125 0 0
13.25 0 0
13.375 0 0
13.5 0 0
13.625 0 0
13.75 0 0
13.875 0 0
14 0 0
14.125 0 0
14.25 0 0
14.375 0 0
14.5 0 0
14.625 0 0
14.75 0 0
14.875 0 0
15 0 0
15.125 0 0
15.25 0 0
15.375 0 0
15.5 0 0
15.625 0 0
15.75 0 0
15.875 0 0
16 0 0
16.125 0 0
16.25 0 0
16.375 0 0
16.5 0 0
16.625 0 0
16.75 0 0
16.875 0 0
17 0 0
17.125 0 0
17.25 0 0
17.375 0 0
17.5 0 0
17.625 0 0
17.75 0 0
17.875 0 0
18 0 0
18.125 0 0
18.25 0 0
18.375 0 0
18.5 0 0
18.625 0 0
18.75 0 0
18.875 0 0
19 0 0
19.125 0 0
19.25 0 0
19.375 0 0
19.5 0 0
19.625 0 0
19.75 0 0
19.875 0 0
1 27 0 39
247
248
249
250
251
252
253
254
255
256
257
258
259
260
261
262
263
264
265
266
267
268
269
270
271
272
273
274
275
276
277
278
279
280
281
282
283
284
285
0 4.875 0
0 4.75 0
0 4.625 0
0 4.5 0
0 4.375 0
0 4.25 0
0 4.125 0
0 4 0
0 3.875 0
0 3.75 0
0 3.625 0
0 3.5 0
0 3.375 0
0 3.25 0
0 3.125 0
0 3 0
0 2.875 0
0 2.75 0
0 2.625 0
0 2.5 0
0 2.375 0
0 2.25 0
0 2.125 0
0 2 0
0 1.875 0
0 1.75 0
0 1.625 0
0 1.5 0
0 1.375 0
0 1.25 0
0 1.125 0
0 1 0
0 0.875 0
0 0.75 0
0 0.625 0
0 0.5 0
0 0.375 0
0 0.25 0
0 0.125 0
1 28 0 39
286
287
288
289
290
291
292
293
294
295
296
297
298
299
300
301
302
303
304
305
306
307
308
309
310
311
312
313
314
315
316
317
318
319
320
321
322
323
324
20 0.125 0
20 0.25 0
20 0.375 0
20 0.5 0
20 0.625 0
20 0.75 0
20 0.875 0
20 1 0
20 1.125 0
20 1.25 0
20 1.375 0
20 1.5 0
20 1.625 0
20 1.75 0
20 1.875 0
20 2 0
20 2.125 0
20 2.25 0
20 2.375 0
20 2.5 0
20 2.625 0
20 2.75 0
20 2.875 0
20 3 0
20 3.125 0
20 3.25 0
20 3.375 0
20 3.5 0
20 3.625 0
20 3.75 0
20 3.875 0
20 4 0
20 4.125 0
20 4.25 0
20 4.375 0
20 4.5 0
20 4.625 0
20 4.75 0
20 4.875 0
1 29 0 159
325
326
327
328
329
330
331
332
333
334
335
336
337
338
339
340
341
342
343
344
345
346
347
348
349
350
351
352
353
354
355
356
357
358
359
360
361
362
363
364
365
366
367
368
369
370
371
372
373
374
375
376
377
378
379
380
381
382
383
384
385
386
387
388
389
390
391
392
393
394
395
396
397
398
399
400
401
402
403
404
405
406
407
408
409
410
411
412
413
414
415
416
417
418
419
420
421
422
423
424
425
426
427
428
429
430
431
432
433
434
435
436
437
438
439
440
441
442
443
444
445
446
447
448
449
450
451
452
453
454
455
456
457
458
459
460
461
462
463
464
465
466
467
468
469
470
471
472
473
474
475
476
477
478
479
480
481
482
483
19.875 5 0
19.75 5 0
19.625 5 0
19.5 5 0
19.375 5 0
19.25 5 0
19.125 5 0
19 5 0
18.875 5 0
18.75 5 0
18.625 5 0
18.5 5 0
18.375 5 0
18.25 5 0
18.125 5 0
18 5 0
17.875 5 0
17.75 5 0
17.625 5 0
17.5 5 0
17.375 5 0
17.25 5 0
17.125 5 0
17 5 0
16.875 5 0
16.75 5 0
16.625 5 0
16.5 5 0
16.375 5 0
16.25 5 0
16.125 5 0
16 5 0
15.875 5 0
15.75 5 0
15.625 5 0
15.5 5 0
15.375 5 0
15.25 5 0
15.125 5 0
15 5 0
14.875 5 0
14.75 5 0
14.625 5 0
14.5 5 0
14.375 5 0
14.25 5 0
14.125 5 0
14 5 0
13.875 5 0
13.75 5 0
13.625 5 0
13.5 5 0
13.375 5 0
13.25 5 0
13.125 5 0
13 5 0
12.875 5 0
12.75 5 0
12.625 5 0
12.5 5 0
12.375 5 0
12.25 5 0
12.125 5 0
12 5 0
11.875 5 0
11.75 5 0
11.625 5 0
11.5 5 0
11.375 5 0
11.25 5 0
11.125 5 0
11 5 0
10.875 5 0
10.75 5 0
10.625 5 0
10.5 5 0
10.375 5 0
10.25 5 0
10.125 5 0
10 5 0
9.875 5 0
9.75 5 0
9.625 5 0
9.5 5 0
9.375 5 0
9.25 5 0
9.125 5 0
9 5 0
8.875 5 0
8.75 5 0
8.625 5 0
8.5 5 0
8.375 5 0
8.25 5 0
8.125 5 0
8 5 0
7.875 5 0
7.75 5 0
7.625 5 0
7.5 5 0
7.375 5 0
7.25 5 0
7.125 5 0
7 5 0
6.875 5 0
6.75 5 0
6.625 5 0
6.5 5 0
6.375 5 0
6.25 5 0
6.125 5 0
6 5 0
5.875 5 0
5.75 5 0
5.625 5 0
5.5 5 0
5.375 5 0
5.25 5 0
5.125 5 0
5 5 0
4.875 5 0
4.75 5 0
4.625 5 0
4.5 5 0
4.375 5 0
4.25 5 0
4.125 5 0
4 5 0
3.875 5 0
3.75 5 0
3.625 5 0
3.5 5 0
3.375 5 0
3.25 5 0
3.125 5 0
3 5 0
2.875 5 0
2.75 5 0
2.625 5 0
2.5 5 0
2.375 5 0
2.25 5 0
2.125 5 0
2 5 0
1.875 5 0
1.75 5 0
1.625 5 0
1.5 5 0
1.375 5 0
1.25 5 0
1.125 5 0
1 5 0
0.875 5 0
0.75 5 0
0.625 5 0
0.5 5 0
0.375 5 0
0.25 5 0
0.125 5 0
1 30 0 23
484
485
486
487
488
489
490
491
492
493
494
495
496
497
498
499
500
501
502
503
504
505
506
2.653020652862083 2.365711292950436 0
2.775651925548546 2.365711292950436 0
2.898283198235009 2.365711292950436 0
3.020914470921472 2.365711292950436 0
3.143545743607935 2.365711292950436 0
3.266177016294398 2.365711292950436 0
3.388808288980861 2.365711292950436 0
3.511439561667324 2.365711292950436 0
3.634070834353786 2.365711292950436 0
3.756702107040249 2.365711292950436 0
3.879333379726712 2.365711292950436 0
4.001964652413175 2.365711292950436 0
4.124595925099638 2.365711292950436 0
4.247227197786101 2.365711292950436 0
4.369858470472564 2.365711292950436 0
4.492489743159027 2.365711292950436 0
4.61512101584549 2.365711292950436 0
4.737752288531953 2.365711292950436 0
4.860383561218415 2.365711292950436 0
4.983014833904878 2.365711292950436 0
5.105646106591341 2.365711292950436 0
5.228277379277804 2.365711292950436 0
5.350908651964267 2.365711292950436 0
1 31 0 3
507
508
509
5.47353992465073 2.157715477251299 0
5.47353992465073 2.227047415817678 0
5.47353992465073 2.296379354384057 0
1 32 0 15
510
511
512
513
514
515
516
517
518
519
520
521
522
523
524
6.957892609845255 2.088383538684919 0
6.85893576416562 2.088383538684919 0
6.759978918485985 2.088383538684919 0
6.66102207280635 2.088383538684919 0
6.562065227126715 2.088383538684919 0
6.46310838144708 2.088383538684919 0
6.364151535767445 2.088383538684919 0
6.26519469008781 2.088383538684919 0
6.166237844408175 2.088383538684919 0
6.06728099872854 2.088383538684919 0
5.968324153048905 2.088383538684919 0
5.86936730736927 2.088383538684919 0
5.770410461689635 2.088383538684919 0
5.67145361601 2.088383538684919 0
5.572496770330365 2.088383538684919 0
1 33 0 3
525
526
527
7.05684945552489 2.296379354384057 0
7.05684945552489 2.227047415817678 0
7.05684945552489 2.157715477251299 0
1 34 0 47
528
529
530
531
532
533
534
535
536
537
538
539
540
541
542
543
544
545
546
547
548
549
550
551
552
553
554
555
556
557
558
559
560
561
562
563
564
565
566
567
568
569
570
571
572
573
574
7.177731292010514 2.365711292950436 0
7.298613128496138 2.365711292950436 0
7.419494964981761 2.365711292950436 0
7.540376801467385 2.365711292950436 0
7.66125863795301 2.365711292950436 0
7.782140474438633 2.365711292950436 0
7.903022310924257 2.365711292950436 0
8.02390414740988 2.365711292950436 0
8.144785983895504 2.365711292950436 0
8.265667820381129 2.365711292950436 0
8.386549656866752 2.365711292950436 0
8.507431493352376 2.365711292950436 0
8.628313329838001 2.365711292950436 0
8.749195166323624 2.365711292950436 0
8.870077002809246 2.365711292950436 0
8.990958839294871 2.365711292950436 0
9.111840675780496 2.365711292950436 0
9.232722512266118 2.365711292950436 0
9.353604348751741 2.365711292950436 0
9.474486185237366 2.365711292950436 0
9.59536802172299 2.365711292950436 0
9.716249858208613 2.365711292950436 0
9.837131694694238 2.365711292950436 0
9.958013531179862 2.365711292950436 0
10.07889536766548 2.365711292950436 0
10.19977720415111 2.365711292950436 0
10.32065904063673 2.365711292950436 0
10.44154087712236 2.365711292950436 0
10.56242271360798 2.365711292950436 0
10.6833045500936 2.365711292950436 0
10.80418638657923 2.365711292950436 0
10.92506822306485 2.365711292950436 0
11.04595005955047 2.365711292950436 0
11.1668318960361 2.365711292950436 0
11.28771373252172 2.365711292950436 0
11.40859556900735 2.365711292950436 0
11.52947740549297 2.365711292950436 0
11.6503592419786 2.365711292950436 0
11.77124107846422 2.365711292950436 0
11.89212291494984 2.365711292950436 0
12.01300475143547 2.365711292950436 0
12.13388658792109 2.365711292950436 0
12.25476842440671 2.365711292950436 0
12.37565026089234 2.365711292950436 0
12.49653209737796 2.365711292950436 0
12.61741393386358 2.365711292950436 0
12.73829577034921 2.365711292950436 0
1 35 0 3
575
576
577
12.85917760683483 2.110857933933874 0
12.85917760683483 2.195809053606062 0
12.85917760683483 2.280760173278249 0
1 36 0 15
578
579
580
581
582
583
584
585
586
587
588
589
590
591
592
14.50097955010488 2.025906814261687 0
14.39152608722021 2.025906814261687 0
14.28207262433554 2.025906814261687 0
14.17261916145087 2.025906814261687 0
14.0631656985662 2.025906814261687 0
13.95371223568153 2.025906814261687 0
13.84425877279686 2.025906814261687 0
13.73480530991219 2.025906814261687 0
13.62535184702752 2.025906814261687 0
13.51589838414285 2.025906814261687 0
13.40644492125818 2.025906814261687 0
13.29699145837351 2.025906814261687 0
13.18753799548884 2.025906814261687 0
13.07808453260417 2.025906814261687 0
12.9686310697195 2.025906814261687 0
1 37 0 3
593
594
595
14.61043301298955 2.280760173278249 0
14.61043301298955 2.195809053606062 0
14.61043301298955 2.110857933933874 0
1 38 0 23
596
597
598
599
600
601
602
603
604
605
606
607
608
609
610
611
612
613
614
615
616
617
618
14.72956541327433 2.365711292950436 0
14.84869781355912 2.365711292950436 0
14.9678302138439 2.365711292950436 0
15.08696261412869 2.365711292950436 0
15.20609501441347 2.365711292950436 0
15.32522741469826 2.365711292950436 0
15.44435981498304 2.365711292950436 0
15.56349221526783 2.365711292950436 0
15.68262461555261 2.365711292950436 0
15.8017570158374 2.365711292950436 0
15.92088941612218 2.365711292950436 0
16.04002181640696 2.365711292950436 0
16.15915421669175 2.365711292950436 0
16.27828661697653 2.365711292950436 0
16.39741901726132 2.365711292950436 0
16.5165514175461 2.365711292950436 0
16.63568381783089 2.365711292950436 0
16.75481621811567 2.365711292950436 0
16.87394861840045 2.365711292950436 0
16.99308101868524 2.365711292950436 0
17.11221341897003 2.365711292950436 0
17.23134581925481 2.365711292950436 0
17.3504782195396 2.365711292950436 0
1 39 0 3
619
620
621
17.46961061982438 2.432855646475218 0
17.46961061982438 2.5 0
17.46961061982438 2.567144353524782 0
1 40 0 15
622
623
624
625
626
627
628
629
630
631
632
633
634
635
636
17.35350782351573 2.634288707049564 0
17.23740502720709 2.634288707049564 0
17.12130223089844 2.634288707049564 0
17.00519943458979 2.634288707049564 0
16.88909663828115 2.634288707049564 0
16.7729938419725 2.634288707049564 0
16.65689104566385 2.634288707049564 0
16.54078824935521 2.634288707049564 0
16.42468545304656 2.634288707049564 0
16.30858265673791 2.634288707049564 0
16.19247986042927 2.634288707049564 0
16.07637706412062 2.634288707049564 0
15.96027426781197 2.634288707049564 0
15.84417147150333 2.634288707049564 0
15.72806867519468 2.634288707049564 0
1 41 0 3
637
638
639
15.61196587888603 2.721902949799145 0
15.61196587888603 2.809517192548727 0
15.61196587888603 2.897131435298309 0
1 42 0 11
640
641
642
643
644
645
646
647
648
649
650
15.50659496794107 2.98474567804789 0
15.40122405699611 2.98474567804789 0
15.29585314605114 2.98474567804789 0
15.19048223510618 2.98474567804789 0
15.08511132416122 2.98474567804789 0
14.97974041321625 2.98474567804789 0
14.87436950227129 2.98474567804789 0
14.76899859132633 2.98474567804789 0
14.66362768038136 2.98474567804789 0
14.5582567694364 2.98474567804789 0
14.45288585849144 2.98474567804789 0
1 43 0 3
651
652
653
14.34751494754647 2.897131435298309 0
14.34751494754647 2.809517192548727 0
14.34751494754647 2.721902949799145 0
1 44 0 31
654
655
656
657
658
659
660
661
662
663
664
665
666
667
668
669
670
671
672
673
674
675
676
677
678
679
680
681
682
683
684
14.22725690564575 2.634288707049564 0
14.10699886374502 2.634288707049564 0
13.98674082184429 2.634288707049564 0
13.86648277994356 2.634288707049564 0
13.74622473804283 2.634288707049564 0
13.6259666961421 2.634288707049564 0
13.50570865424137 2.634288707049564 0
13.38545061234064 2.634288707049564 0
13.26519257043991 2.634288707049564 0
13.14493452853919 2.634288707049564 0
13.02467648663846 2.634288707049564 0
12.90441844473773 2.634288707049564 0
12.784160402837 2.634288707049564 0
12.66390236093627 2.634288707049564 0
12.54364431903554 2.634288707049564 0
12.42338627713482 2.634288707049564 0
12.30312823523409 2.634288707049564 0
12.18287019333336 2.634288707049564 0
12.06261215143263 2.634288707049564 0
11.9423541095319 2.634288707049564 0
11.82209606763117 2.634288707049564 0
11.70183802573044 2.634288707049564 0
11.58157998382972 2.634288707049564 0
11.46132194192899 2.634288707049564 0
11.34106390002826 2.634288707049564 0
11.22080585812753 2.634288707049564 0
11.1005478162268 2.634288707049564 0
10.98028977432607 2.634288707049564 0
10.86003173242534 2.634288707049564 0
10.73977369052461 2.634288707049564 0
10.61951564862389 2.634288707049564 0
1 45 0 3
685
686
687
10.49925760672316 2.7158788319366 0
10.49925760672316 2.797468956823636 0
10.49925760672316 2.879059081710672 0
1 46 0 7
688
689
690
691
692
693
694
10.37444320504237 2.960649206597708 0
10.24962880336158 2.960649206597708 0
10.12481440168079 2.960649206597708 0
10 2.960649206597708 0
9.875185598319211 2.960649206597708 0
9.750371196638422 2.960649206597708 0
9.625556794957632 2.960649206597708 0
1 47 0 3
695
696
697
9.500742393276843 2.879059081710672 0
9.500742393276843 2.797468956823636 0
9.500742393276843 2.7158788319366 0
1 48 0 31
698
699
700
701
702
703
704
705
706
707
708
709
710
711
712
713
714
715
716
717
718
719
720
721
722
723
724
725
726
727
728
9.381328679372006 2.634288707049564 0
9.26191496546717 2.634288707049564 0
9.142501251562333 2.634288707049564 0
9.023087537657496 2.634288707049564 0
8.903673823752658 2.634288707049564 0
8.784260109847823 2.634288707049564 0
8.664846395942986 2.634288707049564 0
8.545432682038149 2.634288707049564 0
8.426018968133311 2.634288707049564 0
8.306605254228476 2.634288707049564 0
8.187191540323639 2.634288707049564 0
8.067777826418801 2.634288707049564 0
7.948364112513964 2.634288707049564 0
7.828950398609129 2.634288707049564 0
7.709536684704291 2.634288707049564 0
7.590122970799456 2.634288707049564 0
7.470709256894619 2.634288707049564 0
7.351295542989781 2.634288707049564 0
7.231881829084944 2.634288707049564 0
7.112468115180107 2.634288707049564 0
6.99305440127527 2.634288707049564 0
6.873640687370434 2.634288707049564 0
6.754226973465597 2.634288707049564 0
6.634813259560762 2.634288707049564 0
6.515399545655924 2.634288707049564 0
6.395985831751087 2.634288707049564 0
6.27657211784625 2.634288707049564 0
6.157158403941414 2.634288707049564 0
6.037744690036577 2.634288707049564 0
5.918330976131742 2.634288707049564 0
5.798917262226905 2.634288707049564 0
1 49 0 3
729
730
731
5.679503548322067 2.703835081926208 0
5.679503548322067 2.773381456802852 0
5.679503548322067 2.842927831679496 0
1 50 0 11
732
733
734
735
736
737
738
739
740
741
742
5.569629554732347 2.912474206556141 0
5.459755561142627 2.912474206556141 0
5.349881567552907 2.912474206556141 0
5.240007573963187 2.912474206556141 0
5.130133580373466 2.912474206556141 0
5.020259586783746 2.912474206556141 0
4.910385593194026 2.912474206556141 0
4.800511599604306 2.912474206556141 0
4.690637606014586 2.912474206556141 0
4.580763612424866 2.912474206556141 0
4.470889618835145 2.912474206556141 0
1 51 0 3
743
744
745
4.361015625245425 2.842927831679496 0
4.361015625245425 2.773381456802852 0
4.361015625245425 2.703835081926208 0
1 52 0 15
746
747
748
749
750
751
752
753
754
755
756
757
758
759
760
4.246601484928561 2.634288707049564 0
4.132187344611699 2.634288707049564 0
4.017773204294835 2.634288707049564 0
3.903359063977973 2.634288707049564 0
3.788944923661111 2.634288707049564 0
3.674530783344249 2.634288707049564 0
3.560116643027385 2.634288707049564 0
3.445702502710523 2.634288707049564 0
3.331288362393659 2.634288707049564 0
3.216874222076797 2.634288707049564 0
3.102460081759935 2.634288707049564 0
2.988045941443072 2.634288707049564 0
2.873631801126209 2.634288707049564 0
2.759217660809346 2.634288707049564 0
2.644803520492482 2.634288707049564 0
1 53 0 3
761
762
763
2.53038938017562 2.567144353524782 0
2.53038938017562 2.5 0
2.53038938017562 2.432855646475218 0
2 2 0 277
764
765
766
767
768
769
770
771
772
773
774
775
776
777
778
779
780
781
782
783
784
785
786
787
788
789
790
791
792
793
794
795
796
797
798
799
800
801
802
803
804
805
806
807
808
809
810
811
812
813
814
815
816
817
818
819
820
821
822
823
824
825
826
827
828
829
830
831
832
833
834
835
836
837
838
839
840
841
842
843
844
845
846
847
848
849
850
851
852
853
854
855
856
857
858
859
860
861
862
863
864
865
866
867
868
869
870
871
872
873
874
875
876
877
878
879
880
881
882
883
884
885
886
887
888
889
890
891
892
893
894
895
896
897
898
899
900
901
902
903
904
905
906
907
908
909
910
911
912
913
914
915
916
917
918
919
920
921
922
923
924
925
926
927
928
929
930
931
932
933
934
935
936
937
938
939
940
941
942
943
944
945
946
947
948
949
950
951
952
953
954
955
956
957
958
959
960
961
962
963
964
965
966
967
968
969
970
971
972
973
974
975
976
977
978
979
980
981
982
983
984
985
986
987
988
989
990
991
992
993
994
995
996
997
998
999
1000
1001
1002
1003
1004
1005
1006
1007
1008
1009
1010
1011
1012
1013
1014
1015
1016
1017
1018
1019
1020
1021
1022
1023
1024
1025
1026
1027
1028
1029
1030
1031
1032
1033
1034
1035
1036
1037
1038
1039
1040
5.565122384502761 2.49995072557615 0
6.865094766537466 2.499543355910376 0
5.350689916193564 2.499712873358049 0
5.777626036905411 2.499991479952983 0
7.077700111613859 2.497338490310449 0
6.64771558454003 2.499921645151943 0
14.33539152383523 2.513021999640018 0
14.48599975658331 2.501791601466191 0
16.99914038741754 2.500000011638363 0
17.23437545002769 2.500000001939727 0
5.135596544645625 2.498326513739597 0
14.681041303717 2.497727609715894 0
16.76390596792528 2.500000067890453 0
5.993352405250351 2.49999815413503 0
7.240545770930186 2.484487585952368 0
16.52867529995597 2.50000039570436 0
15.5940373937862 2.500456642832622 0
2.989747438489421 2.502659182317813 0
2.764979331896801 2.500443197052969 0
16.29346649800643 2.500002306335711 0
6.429528075969198 2.499986515001349 0
15.3785297041915 2.502661509471984 0
16.05838514065263 2.500013442309911 0
12.88707494362828 2.509894957361547 0
6.211264444879555 2.499997444856089 0
9.646196088609434 2.484501855913302 0
4.9658154324254 2.49024620422689 0
9.474640289049043 2.497402705134642 0
13.03119727994326 2.487277911963726 0
15.82404658485344 2.500078347523755 0
3.155584474310698 2.51551189685391 0
9.245787800881091 2.499914374894549 0
9.010811560771335 2.50208354423265 0
15.22423788797373 2.515512413999281 0
8.790988809842405 2.512586890501351 0
14.83170591992853 2.484574056928062 0
8.407018373790425 2.5 0
8.526432087695262 2.5 0
12.5204001054992 2.5 0
12.64065814739993 2.5 0
12.77548865228228 2.572091832205555 0
12.89574669418301 2.572091832205555 0
8.668210745940277 2.573437798775458 0
8.787624459845114 2.573437798775458 0
8.166722823399965 2.5 0
8.286870598595195 2.5 0
7.926427273009505 2.5 0
8.046575048204733 2.5 0
7.686131722619045 2.5 0
7.806279497814274 2.5 0
12.27926022711285 2.5 0
12.39983016630602 2.5 0
14.13980901259794 2.5 0
13.91009750781254 2.5 0
14.02495326020524 2.5 0
7.445836172228583 2.5 0
7.565983947423814 2.5 0
12.0381203487265 2.5 0
12.15869028791967 2.5 0
13.22096299345635 2.5 0
13.45067449824175 2.5 0
13.33581874584905 2.5 0
11.79698047034014 2.5 0
11.91755040953332 2.5 0
11.55584059195379 2.5 0
11.67641053114697 2.5 0
9.854192363909142 2.5 0
10.09988860207555 2.5 0
9.977040482992347 2.5 0
11.31470071356744 2.5 0
11.43527065276061 2.5 0
11.07356083518109 2.5 0
11.19413077437426 2.5 0
13.68038600302715 2.5 0
13.79524175541984 2.5 0
4.536626677791946 2.5 0
4.769131944068129 2.5 0
4.652879310930038 2.5 0
13.56553025063445 2.5 0
10.83242095679473 2.5 0
10.95299089598791 2.5 0
10.59128107840838 2.5 0
10.71185101760156 2.5 0
3.592985172505786 2.5 0
3.35593975950246 2.5 0
3.474462466004123 2.5 0
10.34558484024197 2.5 0
10.46843295932517 2.5 0
10.22273672115876 2.5 0
4.304121411515763 2.5 0
4.420374044653855 2.5 0
3.830030585509111 2.5 0
3.711507879007449 2.5 0
4.067075998512437 2.5 0
3.948553292010773 2.5 0
4.185598705014099 2.5 0
15.03335151367247 2.5 0
15.15560025105121 2.440611853474859 0
15.20736006153995 2.574900560524422 0
15.12035578760621 2.537450280262211 0
2.770315628722674 2.433077245001702 0
2.64768435603621 2.500221598526484 0
2.650352504449147 2.43296644573846 0
17.35199303492604 2.500000000969864 0
17.23286063464125 2.432855647445082 0
17.35123562723282 2.43285564696015 0
17.23589023861739 2.567144354494646 0
17.35275042922088 2.567144354009713 0
2.762098496353074 2.567365952051266 0
2.646243938264347 2.567255152788024 0
13.08806590424122 2.560783309506645 0
13.05464090627372 2.426494602457081 0
13.13780194986503 2.463247301228541 0
7.295920656959984 2.559388146500965 0
7.269579449713162 2.425099439451402 0
7.357707810970872 2.462549719725701 0
3.186229348193748 2.574900301951736 0
3.210880745302548 2.440611594902173 0
3.271084553848103 2.537450150975868 0
14.90572316657239 2.559431381988813 0
14.84020186674383 2.425142674939249 0
14.93677669020815 2.462571337469625 0
6.320396260424377 2.499991979928719 0
6.412756953860143 2.567137611025456 0
6.184211424410485 2.567143075952826 0
6.298484189135314 2.567140343489141 0
14.25400534264305 2.439366646295227 0
14.34145323569085 2.573655353344791 0
14.2406311241444 2.536827676672395 0
9.698283642623927 2.559395281481433 0
9.681222973409024 2.425106574431869 0
9.767707668659083 2.462553287215935 0
12.87312627523156 2.437803125155992 0
12.75689221131574 2.468901562577996 0
5.955841690691047 2.567143430592297 0
6.102308425064953 2.49999779949556 0
6.070026557550765 2.567143253272562 0
14.75637361182277 2.491150833321978 0
14.64573715835328 2.431719451333165 0
14.74296951254855 2.428431063136207 0
14.58352053015016 2.499759605591042 0
14.43876292190176 2.433751447208313 0
14.54225004012752 2.432735449270739 0
15.35187855944488 2.43418640121121 0
15.30138379608261 2.509086961735632 0
15.25373940524804 2.437399127343034 0
4.974415133165139 2.427978748588663 0
4.883163516014853 2.562267455638227 0
4.871773538616634 2.463989374294332 0
15.81290180034542 2.432894820237096 0
15.70904198931982 2.500267495178189 0
15.57876480452702 2.433083967891529 0
15.69583330243622 2.432989394064313 0
15.48628354898885 2.501559076152303 0
15.46532168198595 2.43363518455137 0
5.412114920422146 2.432712083154243 0
5.61828800025638 2.432831009263293 0
5.457906150348162 2.4998317994671 0
5.515201460339264 2.432771546208768 0
8.770091988083013 2.439149091725894 0
8.648262037889138 2.469574545862947 0
7.159122941272022 2.490913038131408 0
7.067274783569374 2.431524891630443 0
7.168427116641268 2.428312165540922 0
9.000885200033103 2.433897418591543 0
8.90090018530687 2.507335217367001 0
8.885488594058058 2.436523255158718 0
16.0492034785298 2.432862367630173 0
15.94121586275304 2.500045894916833 0
15.93105263943761 2.432878593933635 0
9.239255156573604 2.432812833922493 0
9.128299680826213 2.500998959563599 0
9.120070178303354 2.433355126257018 0
9.474563237143204 2.431556999042539 0
9.360214044965067 2.498658540014595 0
9.356909196858405 2.432184916482516 0
7.095084113396982 2.565813598680006 0
7.195502385178483 2.562600872590486 0
16.28587655749148 2.432856799643074 0
16.17592581932953 2.500007874322811 0
16.16754001801064 2.432859583636624 0
5.512438972822694 2.567119716312857 0
5.295348745078375 2.567000790203807 0
5.403893858950534 2.567060253258331 0
5.82349667213734 2.43285138645171 0
5.671374210704085 2.499971102764567 0
5.720892336196861 2.432841197857501 0
6.538621830254614 2.499954080076646 0
6.641264422050396 2.567105176100753 0
6.527010687955269 2.567121393563105 0
16.52261335875103 2.432855844327398 0
16.4110708989812 2.500001351020036 0
16.40424495812126 2.432856321985236 0
15.60300163633612 2.567372674941093 0
15.83410902817838 2.567183527286659 0
15.71855533225725 2.567278101113876 0
16.75936109302047 2.432855680420445 0
16.64629063394062 2.500000231797407 0
16.64098722588576 2.432855762373922 0
16.99611070305139 2.4328556522944 0
16.88152317767141 2.500000039764408 0
16.87773589803593 2.432855666357422 0
16.76844990494889 2.567144387470008 0
17.00216991100367 2.567144359343963 0
16.88530990797628 2.567144373406986 0
9.25385138317413 2.567101540972056 0
9.487691341162943 2.565845706092102 0
9.370771362168536 2.56647362353208 0
14.52212826300985 2.568040154257877 0
14.72501994752166 2.566008158382728 0
14.62357410526576 2.567024156320303 0
16.53473177465559 2.567144551376962 0
16.65159083980224 2.567144469423485 0
9.016949549214416 2.568186125641107 0
9.135400466194273 2.567643833306581 0
8.902287004529764 2.570811962208282 0
16.30102457737217 2.567145506692637 0
16.41787817601388 2.567145029034799 0
16.06738110238663 2.567151074679737 0
16.1842028398794 2.567148290686187 0
15.9507450652825 2.567167300983198 0
5.077928065714685 2.56630761039458 0
5.243143230419594 2.499019693548823 0
5.186638405396531 2.566654200299193 0
15.3898768805938 2.568475108260774 0
15.49643925846496 2.567923891600933 0
3.07266595640006 2.509085539585861 0
3.005330954705446 2.434185237634125 0
3.108105850003998 2.437398416268149 0
6.030316701989445 2.432854723542733 0
5.885489221077881 2.499994817044007 0
5.926906687063392 2.432853054997222 0
2.988896689966246 2.568473944683688 0
3.087563019079997 2.571687123317712 0
5.728564792613739 2.567140093501273 0
5.842203241652393 2.567141762046785 0
14.81537155704703 2.562719770185771 0
6.971397439075663 2.498440923110413 0
6.862015265351543 2.432627324430406 0
6.964645024460459 2.432076108030425 0
6.756405175538748 2.499732500531159 0
6.65436882867319 2.43281646905119 0
6.758192047012367 2.432721896740798 0
5.620501882718216 2.567129904907065 0
5.050705988535512 2.494286358983243 0
4.980545790864769 2.564287533016404 0
5.181936961961714 2.432018903345017 0
5.078176047563427 2.42999882596684 0
15.29861847106688 2.571687834392598 0
6.446318228708139 2.432848903975893 0
6.550343528690664 2.432832686513541 0
6.238229567483683 2.432854368903263 0
6.134273134736564 2.432854546222998 0
6.342273898095911 2.432851636439578 0
5.297025941191929 2.43236549324963 0
6.86936772695395 2.56691603147997 0
6.755316074502173 2.567010603790362 0
6.982225920175466 2.566364815079988 0
9.560418188829239 2.490952280523972 0
9.592987491893435 2.562620493786768 0
9.577893105276114 2.428331786737204 0
17.11675791872262 2.500000006789045 0
17.11903007481053 2.567144356919304 0
17.11448566884632 2.432855649869741 0
2.877363385193111 2.501551189685391 0
2.875497593159659 2.567919948367477 0
14.41069564020927 2.507406800553104 0
14.43179074935035 2.570847753801334 0
12.95913611178577 2.498586434662636 0
12.96388359075264 2.432148863806536 0
14.34638413227241 2.43655904675177 0
2.88782329171406 2.433631241317914 0
12.99190629921211 2.5664375708561 0
8.453156476539666 2.544762902349854 0
12.56823419064489 2.544762902349854 0
12.81846524976743 2.592824123820225 0
8.706893867242792 2.593721434866826 0
2 3 0 37
1041
1042
1043
1044
1045
1046
1047
1048
1049
1050
1051
1052
1053
1054
1055
1056
1057
1058
1059
1060
1061
1062
1063
1064
1065
1066
1067
1068
1069
1070
1071
1072
1073
1074
1075
1076
1077
4.709593440684848 2.773381456802852 0
4.89154617101937 2.773381456802852 0
5.035878263252062 2.773381456802852 0
5.242685061357776 2.773381456802852 0
4.565610585938306 2.773381456802852 0
5.460201809041731 2.773381456802852 0
4.573187099181586 2.703835081926208 0
4.463313105591865 2.773381456802852 0
4.467101362213506 2.703835081926208 0
5.569852678681899 2.773381456802852 0
5.459978685092179 2.703835081926208 0
5.569741116707123 2.703835081926208 0
5.459978685092179 2.842927831679496 0
5.569741116707123 2.842927831679496 0
4.573187099181586 2.842927831679496 0
4.467101362213506 2.842927831679496 0
4.963712217135717 2.773381456802852 0
4.846028885311838 2.703835081926208 0
5.028068925017904 2.703835081926208 0
4.937048905164871 2.703835081926208 0
5.139281662304919 2.773381456802852 0
5.241346317660481 2.703835081926208 0
5.134707621339193 2.703835081926208 0
5.028068925017904 2.842927831679496 0
5.241346317660481 2.842927831679496 0
5.134707621339193 2.842927831679496 0
4.846028885311838 2.842927831679496 0
4.937048905164871 2.842927831679496 0
4.755052520144576 2.842927831679496 0
4.755052520144576 2.703835081926208 0
4.800540702728207 2.773381456802852 0
5.351443435199753 2.773381456802852 0
5.35066250137633 2.703835081926208 0
4.637602013311577 2.773381456802852 0
4.664119809663081 2.842927831679496 0
4.664119809663081 2.703835081926208 0
5.35066250137633 2.842927831679496 0
2 4 0 25
1078
1079
1080
1081
1082
1083
1084
1085
1086
1087
1088
1089
1090
1091
1092
1093
1094
1095
1096
1097
1098
1099
1100
1101
1102
9.896705322746936 2.797468956823636 0
10.10329467725307 2.797468956823636 0
9.733155417096244 2.797468956823636 0
10.26684458290376 2.797468956823636 0
9.741763306867332 2.7158788319366 0
9.616948905186543 2.797468956823636 0
9.621252850072088 2.7158788319366 0
10.25823669313267 2.879059081710672 0
10.38305109481346 2.797468956823636 0
10.37874714992791 2.879059081710672 0
10.25823669313267 2.7158788319366 0
10.37874714992791 2.7158788319366 0
9.741763306867332 2.879059081710672 0
9.621252850072088 2.879059081710672 0
9.948352661373468 2.879059081710672 0
9.948352661373468 2.7158788319366 0
10.05164733862653 2.7158788319366 0
10.05164733862653 2.879059081710672 0
10 2.797468956823636 0
9.814930369921591 2.797468956823636 0
9.8450579841204 2.7158788319366 0
10.18506963007841 2.797468956823636 0
10.1549420158796 2.879059081710672 0
10.1549420158796 2.7158788319366 0
9.8450579841204 2.879059081710672 0
2 5 0 37
1103
1104
1105
1106
1107
1108
1109
1110
1111
1112
1113
1114
1115
1116
1117
1118
1119
1120
1121
1122
1123
1124
1125
1126
1127
1128
1129
1130
1131
1132
1133
1134
1135
1136
1137
1138
1139
15.06702992524168 2.809517192548725 0
15.2054461514534 2.809517192548726 0
14.75403467497912 2.809517192548725 0
14.89245090119084 2.809517192548725 0
14.55576278337853 2.809517192548726 0
15.40371804305398 2.809517192548726 0
15.40247105002504 2.897131435298308 0
15.50784196097 2.809517192548727 0
15.50721846445554 2.897131435298308 0
14.4516388654625 2.809517192548727 0
14.55700977640747 2.897131435298308 0
14.45226236197697 2.897131435298308 0
15.02338516922896 2.721902949799144 0
15.02338516922896 2.897131435298308 0
14.93609565720355 2.897131435298308 0
14.93609565720355 2.721902949799145 0
14.97974041321626 2.809517192548726 0
14.76151663315272 2.897131435298308 0
14.82324278808498 2.809517192548725 0
14.84880614517814 2.897131435298308 0
14.76151663315272 2.721902949799144 0
14.84880614517814 2.721902949799145 0
15.19796419327979 2.897131435298308 0
15.13623803834754 2.809517192548725 0
15.11067468125438 2.897131435298308 0
15.19796419327979 2.721902949799145 0
15.11067468125438 2.721902949799144 0
15.40247105002504 2.721902949799145 0
15.30458209725369 2.809517192548726 0
15.30021762165241 2.721902949799145 0
14.65489872917883 2.809517192548726 0
14.55700977640747 2.721902949799145 0
14.65926320478009 2.721902949799145 0
14.65926320478009 2.897131435298308 0
15.30021762165241 2.897131435298308 0
14.45226236197697 2.721902949799145 0
15.50721846445554 2.721902949799145 0
2 6 0 57
1140
1141
1142
1143
1144
1145
1146
1147
1148
1149
1150
1151
1152
1153
1154
1155
1156
1157
1158
1159
1160
1161
1162
1163
1164
1165
1166
1167
1168
1169
1170
1171
1172
1173
1174
1175
1176
1177
1178
1179
1180
1181
1182
1183
1184
1185
1186
1187
1188
1189
1190
1191
1192
1193
1194
1195
1196
5.769226381874256 2.226905936616249 0
6.050075663627505 2.227035361472489 0
6.262103614146083 2.2271165689137 0
6.461767262614296 2.227474388740908 0
6.656066436117631 2.229540100309618 0
6.830543063266427 2.241576550135902 0
5.62304785442124 2.281059561524113 0
6.939100106705828 2.254004420040271 0
5.624725485765108 2.171038883521372 0
6.961547019805442 2.203833776455126 0
6.950323563255635 2.228919098247698 0
6.910241391985531 2.146108657570022 0
6.844739413716024 2.16498004441041 0
6.884821584986128 2.247790485088086 0
6.897531488485829 2.196949571329054 0
6.997974781115359 2.309857856495354 0
6.844739413716024 2.303643921543169 0
6.921357097415692 2.306750889019261 0
5.64725073521562 2.323385427237275 0
5.819296844621762 2.296308614783343 0
5.696137118147748 2.253982749070181 0
5.733273789918691 2.309847021010309 0
6.058678331178022 2.296373327211463 0
5.909651022750881 2.226970649044369 0
5.938987587899892 2.296340970997403 0
6.263649152116947 2.296413930932068 0
6.156089638886794 2.227075965193094 0
6.161163741647485 2.296393629071765 0
6.462437822030688 2.296592840845672 0
6.36193543838019 2.227295478827304 0
6.363043487073817 2.29650338588887 0
6.658544254461991 2.297625696630027 0
6.558916849365963 2.228507244525263 0
6.560491038246339 2.29710926873785 0
6.74330474969203 2.23555832522276 0
6.751641834089007 2.300634809086598 0
6.658544254461991 2.158961819497268 0
6.751641834089007 2.16197093195384 0
6.462437822030688 2.157928963712914 0
6.560491038246339 2.158445391605091 0
6.263649152116947 2.15775005379931 0
6.363043487073817 2.157839508756112 0
6.058678331178022 2.157709450078704 0
6.161163741647485 2.157729751939007 0
5.696975933819681 2.19897241006881 0
5.819296844621762 2.157644737650584 0
5.648089550887554 2.129711211103146 0
5.733693197754659 2.143677974376865 0
5.938987587899892 2.157677093864644 0
5.548293889535985 2.254053488670896 0
5.560395329933175 2.309882390810666 0
5.549132705207919 2.199043149669525 0
5.560814737769142 2.143713344177222 0
7.009198237665166 2.215440596136402 0
6.983545423755211 2.15191206741066 0
5.622634911677833 2.226512949369853 0
7.003586509390263 2.262649226315878 0
2 7 0 49
1197
1198
1199
1200
1201
1202
1203
1204
1205
1206
1207
1208
1209
1210
1211
1212
1213
1214
1215
1216
1217
1218
1219
1220
1221
1222
1223
1224
1225
1226
1227
1228
1229
1230
1231
1232
1233
1234
1235
1236
1237
1238
1239
1240
1241
1242
1243
1244
1245
13.29653389116341 2.195809053606071 0
13.51322924208387 2.195809053606071 0
13.71924802476829 2.195809053606069 0
13.86303766687696 2.195809053606067 0
14.04438338980547 2.195809053606065 0
14.18816278787212 2.195809053606064 0
13.07800827140249 2.195809053606065 0
14.39411669162375 2.195809053606063 0
13.07804640200333 2.280760173278251 0
12.96859293911866 2.195809053606063 0
12.96861200441908 2.28076017327825 0
14.39282138942198 2.110857933933875 0
14.50227485230665 2.195809053606062 0
14.50162720120577 2.110857933933875 0
14.39282138942198 2.280760173278249 0
14.50162720120577 2.280760173278249 0
13.07804640200333 2.110857933933876 0
12.96861200441908 2.110857933933875 0
14.1162730888388 2.195809053606065 0
13.9990478127435 2.280760173278251 0
14.1803909746615 2.28076017327825 0
14.0897193937025 2.280760173278251 0
14.1803909746615 2.110857933933876 0
13.9990478127435 2.110857933933877 0
14.0897193937025 2.110857933933876 0
13.51456381311336 2.110857933933879 0
13.61623863342608 2.19580905360607 0
13.72702666734024 2.110857933933878 0
13.6207952402268 2.110857933933879 0
13.29676267476846 2.110857933933879 0
13.40488156662364 2.195809053606071 0
13.40566324394091 2.110857933933879 0
13.51456381311336 2.280760173278254 0
13.29676267476846 2.280760173278254 0
13.40566324394091 2.280760173278254 0
13.72702666734024 2.280760173278253 0
13.6207952402268 2.280760173278253 0
13.90837495127925 2.110857933933878 0
13.90837495127925 2.280760173278252 0
13.95371138201137 2.195809053606064 0
13.79114284582263 2.195809053606069 0
13.81770080930974 2.280760173278253 0
13.81770080930974 2.110857933933878 0
14.29113973974794 2.195809053606063 0
14.28660618204174 2.110857933933875 0
13.18727108128295 2.195809053606068 0
13.18740453838589 2.280760173278252 0
13.18740453838589 2.110857933933878 0
14.28660618204174 2.28076017327825 0
2 8 0 8300
1246
1247
1248
1249
1250
1251
1252
1253
1254
1255
1256
1257
1258
1259
1260
1261
1262
1263
1264
1265
1266
1267
1268
1269
1270
1271
1272
1273
1274
1275
1276
1277
1278
1279
1280
1281
1282
1283
1284
1285
1286
1287
1288
1289
1290
1291
1292
1293
1294
1295
1296
1297
1298
1299
1300
1301
1302
1303
1304
1305
1306
1307
1308
1309
1310
1311
1312
1313
1314
1315
1316
1317
1318
1319
1320
1321
1322
1323
1324
1325
1326
1327
1328
1329
1330
1331
1332
1333
1334
1335
1336
1337
1338
1339
1340
1341
1342
1343
1344
1345
1346
1347
1348
1349
1350
1351
1352
1353
1354
1355
1356
1357
1358
1359
1360
1361
1362
1363
1364
1365
1366
1367
1368
1369
1370
1371
1372
1373
1374
1375
1376
1377
1378
1379
1380
1381
1382
1383
1384
1385
1386
1387
1388
1389
1390
1391
1392
1393
1394
1395
1396
1397
1398
1399
1400
1401
1402
1403
1404
1405
1406
1407
1408
1409
1410
1411
1412
1413
1414
1415
1416
1417
1418
1419
1420
1421
1422
1423
1424
1425
1426
1427
1428
1429
1430
1431
1432
1433
1434
1435
1436
1437
1438
1439
1440
1441
1442
1443
1444
1445
1446
1447
1448
1449
1450
1451
1452
1453
1454
1455
1456
1457
1458
1459
1460
1461
1462
1463
1464
1465
1466
1467
1468
1469
1470
1471
1472
1473
1474
1475
1476
1477
1478
1479
1480
1481
1482
1483
1484
1485
1486
1487
1488
1489
1490
1491
1492
1493
1494
1495
1496
1497
1498
1499
1500
1501
1502
1503
1504
1505
1506
1507
1508
1509
1510
1511
1512
1513
1514
1515
1516
1517
1518
1519
1520
1521
1522
1523
1524
1525
1526
1527
1528
1529
1530
1531
1532
1533
1534
1535
1536
1537
1538
1539
1540
1541
1542
1543
1544
1545
1546
1547
1548
1549
1550
1551
1552
1553
1554
1555
1556
1557
1558
1559
1560
1561
1562
1563
1564
1565
1566
1567
1568
1569
1570
1571
1572
1573
1574
1575
1576
1577
1578
1579
1580
1581
1582
1583
1584
1585
1586
1587
1588
1589
1590
1591
1592
1593
1594
1595
1596
1597
1598
1599
1600
1601
1602
1603
1604
1605
1606
1607
1608
1609
1610
1611
1612
1613
1614
1615
1616
1617
1618
1619
1620
1621
1622
1623
1624
1625
1626
1627
1628
1629
1630
1631
1632
1633
1634
1635
1636
1637
1638
1639
1640
1641
1642
1643
1644
1645
1646
1647
1648
1649
1650
1651
1652
1653
1654
1655
1656
1657
1658
1659
1660
1661
1662
1663
1664
1665
1666
1667
1668
1669
1670
1671
1672
1673
1674
1675
1676
1677
1678
1679
1680
1681
1682
1683
1684
1685
1686
1687
1688
1689
1690
1691
1692
1693
1694
1695
1696
1697
1698
1699
1700
1701
1702
1703
1704
1705
1706
1707
1708
1709
1710
1711
1712
1713
1714
1715
1716
1717
1718
1719
1720
1721
1722
1723
1724
1725
1726
1727
1728
1729
1730
1731
1732
1733
1734
1735
1736
1737
1738
1739
1740
1741
1742
1743
1744
1745
1746
1747
1748
1749
1750
1751
1752
1753
1754
1755
1756
1757
1758
1759
1760
1761
1762
1763
1764
1765
1766
1767
1768
1769
1770
1771
1772
1773
1774
1775
1776
1777
1778
1779
1780
1781
1782
1783
1784
1785
1786
1787
1788
1789
1790
1791
1792
1793
1794
1795
1796
1797
1798
1799
1800
1801
1802
1803
1804
1805
1806
1807
1808
1809
1810
1811
1812
1813
1814
1815
1816
1817
1818
1819
1820
1821
1822
1823
1824
1825
1826
1827
1828
1829
1830
1831
1832
1833
1834
1835
1836
1837
1838
1839
1840
1841
1842
1843
1844
1845
1846
1847
1848
1849
1850
1851
1852
1853
1854
1855
1856
1857
1858
1859
1860
1861
1862
1863
1864
1865
1866
1867
1868
1869
1870
1871
1872
1873
1874
1875
1876
1877
1878
1879
1880
1881
1882
1883
1884
1885
1886
1887
1888
1889
1890
1891
1892
1893
1894
1895
1896
1897
1898
1899
1900
1901
1902
1903
1904
1905
1906
1907
1908
1909
1910
1911
1912
1913
1914
1915
1916
1917
1918
1919
1920
1921
1922
1923
1924
1925
1926
1927
1928
1929
1930
1931
1932
1933
1934
1935
1936
1937
1938
1939
1940
1941
1942
1943
1944
1945
1946
1947
1948
1949
1950
1951
1952
1953
1954
1955
1956
1957
1958
1959
1960
1961
1962
1963
1964
1965
1966
1967
1968
1969
1970
1971
1972
1973
1974
1975
1976
1977
1978
1979
1980
1981
1982
1983
1984
1985
1986
1987
1988
1989
1990
1991
1992
1993
1994
1995
1996
1997
1998
1999
2000
2001
2002
2003
2004
2005
2006
2007
2008
2009
2010
2011
2012
2013
2014
2015
2016
2017
2018
2019
2020
2021
2022
2023
2024
2025
2026
2027
2028
2029
2030
2031
2032
2033
2034
2035
2036
2037
2038
2039
2040
2041
2042
2043
2044
2045
2046
2047
2048
2049
2050
2051
2052
2053
2054
2055
2056
2057
2058
2059
2060
2061
2062
2063
2064
2065
2066
2067
2068
2069
2070
2071
2072
2073
2074
2075
2076
2077
2078
2079
2080
2081
2082
2083
2084
2085
2086
2087
2088
2089
2090
2091
2092
2093
2094
2095
2096
2097
2098
2099
2100
2101
2102
2103
2104
2105
2106
2107
2108
2109
2110
2111
2112
2113
2114
2115
2116
2117
2118
2119
2120
2121
2122
2123
2124
2125
2126
2127
2128
2129
2130
2131
2132
2133
2134
2135
2136
2137
2138
2139
2140
2141
2142
2143
2144
2145
2146
2147
2148
2149
2150
2151
2152
2153
2154
2155
2156
2157
2158
2159
2160
2161
2162
2163
2164
2165
2166
2167
2168
2169
2170
2171
2172
2173
2174
2175
2176
2177
2178
2179
2180
2181
2182
2183
2184
2185
2186
2187
2188
2189
2190
2191
2192
2193
2194
2195
2196
2197
2198
2199
2200
2201
2202
2203
2204
2205
2206
2207
2208
2209
2210
2211
2212
2213
2214
2215
2216
2217
2218
2219
2220
2221
2222
2223
2224
2225
2226
2227
2228
2229
2230
2231
2232
2233
2234
2235
2236
2237
2238
2239
2240
2241
2242
2243
2244
2245
2246
2247
2248
2249
2250
2251
2252
2253
2254
2255
2256
2257
2258
2259
2260
2261
2262
2263
2264
2265
2266
2267
2268
2269
2270
2271
2272
2273
2274
2275
2276
2277
2278
2279
2280
2281
2282
2283
2284
2285
2286
2287
2288
2289
2290
2291
2292
2293
2294
2295
2296
2297
2298
2299
2300
2301
2302
2303
2304
2305
2306
2307
2308
2309
2310
2311
2312
2313
2314
2315
2316
2317
2318
2319
2320
2321
2322
2323
2324
2325
2326
2327
2328
2329
2330
2331
2332
2333
2334
2335
2336
2337
2338
2339
2340
2341
2342
2343
2344
2345
2346
2347
2348
2349
2350
2351
2352
2353
2354
2355
2356
2357
2358
2359
2360
2361
2362
2363
2364
2365
2366
2367
2368
2369
2370
2371
2372
2373
2374
2375
2376
2377
2378
2379
2380
2381
2382
2383
2384
2385
2386
2387
2388
2389
2390
2391
2392
2393
2394
2395
2396
2397
2398
2399
2400
2401
2402
2403
2404
2405
2406
2407
2408
2409
2410
2411
2412
2413
2414
2415
2416
2417
2418
2419
2420
2421
2422
2423
2424
2425
2426
2427
2428
2429
2430
2431
2432
2433
2434
2435
2436
2437
2438
2439
2440
2441
2442
2443
2444
2445
2446
2447
2448
2449
2450
2451
2452
2453
2454
2455
2456
2457
2458
2459
2460
2461
2462
2463
2464
2465
2466
2467
2468
2469
2470
2471
2472
2473
2474
2475
2476
2477
2478
2479
2480
2481
2482
2483
2484
2485
2486
2487
2488
2489
2490
2491
2492
2493
2494
2495
2496
2497
2498
2499
2500
2501
2502
2503
2504
2505
2506
2507
2508
2509
2510
2511
2512
2513
2514
2515
2516
2517
2518
2519
2520
2521
2522
2523
2524
2525
2526
2527
2528
2529
2530
2531
2532
2533
2534
2535
2536
2537
2538
2539
2540
2541
2542
2543
2544
2545
2546
2547
2548
2549
2550
2551
2552
2553
2554
2555
2556
2557
2558
2559
2560
2561
2562
2563
2564
2565
2566
2567
2568
2569
2570
2571
2572
2573
2574
2575
2576
2577
2578
2579
2580
2581
2582
2583
2584
2585
2586
2587
2588
2589
2590
2591
2592
2593
2594
2595
2596
2597
2598
2599
2600
2601
2602
2603
2604
2605
2606
2607
2608
2609
2610
2611
2612
2613
2614
2615
2616
2617
2618
2619
2620
2621
2622
2623
2624
2625
2626
2627
2628
2629
2630
2631
2632
2633
2634
2635
2636
2637
2638
2639
2640
2641
2642
2643
2644
2645
2646
2647
2648
2649
2650
2651
2652
2653
2654
2655
2656
2657
2658
2659
2660
2661
2662
2663
2664
2665
2666
2667
2668
2669
2670
2671
2672
2673
2674
2675
2676
2677
2678
2679
2680
2681
2682
2683
2684
2685
2686
2687
2688
2689
2690
2691
2692
2693
2694
2695
2696
2697
2698
2699
2700
2701
2702
2703
2704
2705
2706
2707
2708
2709
2710
2711
2712
2713
2714
2715
2716
2717
2718
2719
2720
2721
2722
2723
2724
2725
2726
2727
2728
2729
2730
2731
2732
2733
2734
2735
2736
2737
2738
2739
2740
2741
2742
2743
2744
2745
2746
2747
2748
2749
2750
2751
2752
2753
2754
2755
2756
2757
2758
2759
2760
2761
2762
2763
2764
2765
2766
2767
2768
2769
2770
2771
2772
2773
2774
2775
2776
2777
2778
2779
2780
2781
2782
2783
2784
2785
2786
2787
2788
2789
2790
2791
2792
2793
2794
2795
2796
2797
2798
2799
2800
2801
2802
2803
2804
2805
2806
2807
2808
2809
2810
2811
2812
2813
2814
2815
2816
2817
2818
2819
2820
2821
2822
2823
2824
2825
2826
2827
2828
2829
2830
2831
2832
2833
2834
2835
2836
2837
2838
2839
2840
2841
2842
2843
2844
2845
2846
2847
2848
2849
2850
2851
2852
2853
2854
2855
2856
2857
2858
2859
2860
2861
2862
2863
2864
2865
2866
2867
2868
2869
2870
2871
2872
2873
2874
2875
2876
2877
2878
2879
2880
2881
2882
2883
2884
2885
2886
2887
2888
2889
2890
2891
2892
2893
2894
2895
2896
2897
2898
2899
2900
2901
2902
2903
2904
2905
2906
2907
2908
2909
2910
2911
2912
2913
2914
2915
2916
2917
2918
2919
2920
2921
2922
2923
2924
2925
2926
2927
2928
2929
2930
2931
2932
2933
2934
2935
2936
2937
2938
2939
2940
2941
2942
2943
2944
2945
2946
2947
2948
2949
2950
2951
2952
2953
2954
2955
2956
2957
2958
2959
2960
2961
2962
2963
2964
2965
2966
2967
2968
2969
2970
2971
2972
2973
2974
2975
2976
2977
2978
2979
2980
2981
2982
2983
2984
2985
2986
2987
2988
2989
2990
2991
2992
2993
2994
2995
2996
2997
2998
2999
3000
3001
3002
3003
3004
3005
3006
3007
3008
3009
3010
3011
3012
3013
3014
3015
3016
3017
3018
3019
3020
3021
3022
3023
3024
3025
3026
3027
3028
3029
3030
3031
3032
3033
3034
3035
3036
3037
3038
3039
3040
3041
3042
3043
3044
3045
3046
3047
3048
3049
3050
3051
3052
3053
3054
3055
3056
3057
3058
3059
3060
3061
3062
3063
3064
3065
3066
3067
3068
3069
3070
3071
3072
3073
3074
3075
3076
3077
3078
3079
3080
3081
3082
3083
3084
3085
3086
3087
3088
3089
3090
3091
3092
3093
3094
3095
3096
3097
3098
3099
3100
3101
3102
3103
3104
3105
3106
3107
3108
3109
3110
3111
3112
3113
3114
3115
3116
3117
3118
3119
3120
3121
3122
3123
3124
3125
3126
3127
3128
3129
3130
3131
3132
3133
3134
3135
3136
3137
3138
3139
3140
3141
3142
3143
3144
3145
3146
3147
3148
3149
3150
3151
3152
3153
3154
3155
3156
3157
3158
3159
3160
3161
3162
3163
3164
3165
3166
3167
3168
3169
3170
3171
3172
3173
3174
3175
3176
3177
3178
3179
3180
3181
3182
3183
3184
3185
3186
3187
3188
3189
3190
3191
3192
3193
3194
3195
3196
3197
3198
3199
3200
3201
3202
3203
3204
3205
3206
3207
3208
3209
3210
3211
3212
3213
3214
3215
3216
3217
3218
3219
3220
3221
3222
3223
3224
3225
3226
3227
3228
3229
3230
3231
3232
3233
3234
3235
3236
3237
3238
3239
3240
3241
3242
3243
3244
3245
3246
3247
3248
3249
3250
3251
3252
3253
3254
3255
3256
3257
3258
3259
3260
3261
3262
3263
3264
3265
3266
3267
3268
3269
3270
3271
3272
3273
3274
3275
3276
3277
3278
3279
3280
3281
3282
3283
3284
3285
3286
3287
3288
3289
3290
3291
3292
3293
3294
3295
3296
3297
3298
3299
3300
3301
3302
3303
3304
3305
3306
3307
3308
3309
3310
3311
3312
3313
3314
3315
3316
3317
3318
3319
3320
3321
3322
3323
3324
3325
3326
3327
3328
3329
3330
3331
3332
3333
3334
3335
3336
3337
3338
3339
3340
3341
3342
3343
3344
3345
3346
3347
3348
3349
3350
3351
3352
3353
3354
3355
3356
3357
3358
3359
3360
3361
3362
3363
3364
3365
3366
3367
3368
3369
3370
3371
3372
3373
3374
3375
3376
3377
3378
3379
3380
3381
3382
3383
3384
3385
3386
3387
3388
3389
3390
3391
3392
3393
3394
3395
3396
3397
3398
3399
3400
3401
3402
3403
3404
3405
3406
3407
3408
3409
3410
3411
3412
3413
3414
3415
3416
3417
3418
3419
3420
3421
3422
3423
3424
3425
3426
3427
3428
3429
3430
3431
3432
3433
3434
3435
3436
3437
3438
3439
3440
3441
3442
3443
3444
3445
3446
3447
3448
3449
3450
3451
3452
3453
3454
3455
3456
3457
3458
3459
3460
3461
3462
3463
3464
3465
3466
3467
3468
3469
3470
3471
3472
3473
3474
3475
3476
3477
3478
3479
3480
3481
3482
3483
3484
3485
3486
3487
3488
3489
3490
3491
3492
3493
3494
3495
3496
3497
3498
3499
3500
3501
3502
3503
3504
3505
3506
3507
3508
3509
3510
3511
3512
3513
3514
3515
3516
3517
3518
3519
3520
3521
3522
3523
3524
3525
3526
3527
3528
3529
3530
3531
3532
3533
3534
3535
3536
3537
3538
3539
3540
3541
3542
3543
3544
3545
3546
3547
3548
3549
3550
3551
3552
3553
3554
3555
3556
3557
3558
3559
3560
3561
3562
3563
3564
3565
3566
3567
3568
3569
3570
3571
3572
3573
3574
3575
3576
3577
3578
3579
3580
3581
3582
3583
3584
3585
3586
3587
3588
3589
3590
3591
3592
3593
3594
3595
3596
3597
3598
3599
3600
3601
3602
3603
3604
3605
3606
3607
3608
3609
3610
3611
3612
3613
3614
3615
3616
3617
3618
3619
3620
3621
3622
3623
3624
3625
3626
3627
3628
3629
3630
3631
3632
3633
3634
3635
3636
3637
3638
3639
3640
3641
3642
3643
3644
3645
3646
3647
3648
3649
3650
3651
3652
3653
3654
3655
3656
3657
3658
3659
3660
3661
3662
3663
3664
3665
3666
3667
3668
3669
3670
3671
3672
3673
3674
3675
3676
3677
3678
3679
3680
3681
3682
3683
3684
3685
3686
3687
3688
3689
3690
3691
3692
3693
3694
3695
3696
3697
3698
3699
3700
3701
3702
3703
3704
3705
3706
3707
3708
3709
3710
3711
3712
3713
3714
3715
3716
3717
3718
3719
3720
3721
3722
3723
3724
3725
3726
3727
3728
3729
3730
3731
3732
3733
3734
3735
3736
3737
3738
3739
3740
3741
3742
3743
3744
3745
3746
3747
3748
3749
3750
3751
3752
3753
3754
3755
3756
3757
3758
3759
3760
3761
3762
3763
3764
3765
3766
3767
3768
3769
3770
3771
3772
3773
3774
3775
3776
3777
3778
3779
3780
3781
3782
3783
3784
3785
3786
3787
3788
3789
3790
3791
3792
3793
3794
3795
3796
3797
3798
3799
3800
3801
3802
3803
3804
3805
3806
3807
3808
3809
3810
3811
3812
3813
3814
3815
3816
3817
3818
3819
3820
3821
3822
3823
3824
3825
3826
3827
3828
3829
3830
3831
3832
3833
3834
3835
3836
3837
3838
3839
3840
3841
3842
3843
3844
3845
3846
3847
3848
3849
3850
3851
3852
3853
3854
3855
3856
3857
3858
3859
3860
3861
3862
3863
3864
3865
3866
3867
3868
3869
3870
3871
3872
3873
3874
3875
3876
3877
3878
3879
3880
3881
3882
3883
3884
3885
3886
3887
3888
3889
3890
3891
3892
3893
3894
3895
3896
3897
3898
3899
3900
3901
3902
3903
3904
3905
3906
3907
3908
3909
3910
3911
3912
3913
3914
3915
3916
3917
3918
3919
3920
3921
3922
3923
3924
3925
3926
3927
3928
3929
3930
3931
3932
3933
3934
3935
3936
3937
3938
3939
3940
3941
3942
3943
3944
3945
3946
3947
3948
3949
3950
3951
3952
3953
3954
3955
3956
3957
3958
3959
3960
3961
3962
3963
3964
3965
3966
3967
3968
3969
3970
3971
3972
3973
3974
3975
3976
3977
3978
3979
3980
3981
3982
3983
3984
3985
3986
3987
3988
3989
3990
3991
3992
3993
3994
3995
3996
3997
3998
3999
4000
4001
4002
4003
4004
4005
4006
4007
4008
4009
4010
4011
4012
4013
4014
4015
4016
4017
4018
4019
4020
4021
4022
4023
4024
4025
4026
4027
4028
4029
4030
4031
4032
4033
4034
4035
4036
4037
4038
4039
4040
4041
4042
4043
4044
4045
4046
4047
4048
4049
4050
4051
4052
4053
4054
4055
4056
4057
4058
4059
4060
4061
4062
4063
4064
4065
4066
4067
4068
4069
4070
4071
4072
4073
4074
4075
4076
4077
4078
4079
4080
4081
4082
4083
4084
4085
4086
4087
4088
4089
4090
4091
4092
4093
4094
4095
4096
4097
4098
4099
4100
4101
4102
4103
4104
4105
4106
4107
4108
4109
4110
4111
4112
4113
4114
4115
4116
4117
4118
4119
4120
4121
4122
4123
4124
4125
4126
4127
4128
4129
4130
4131
4132
4133
4134
4135
4136
4137
4138
4139
4140
4141
4142
4143
4144
4145
4146
4147
4148
4149
4150
4151
4152
4153
4154
4155
4156
4157
4158
4159
4160
4161
4162
4163
4164
4165
4166
4167
4168
4169
4170
4171
4172
4173
4174
4175
4176
4177
4178
4179
4180
4181
4182
4183
4184
4185
4186
4187
4188
4189
4190
4191
4192
4193
4194
4195
4196
4197
4198
4199
4200
4201
4202
4203
4204
4205
4206
4207
4208
4209
4210
4211
4212
4213
4214
4215
4216
4217
4218
4219
4220
4221
4222
4223
4224
4225
4226
4227
4228
4229
4230
4231
4232
4233
4234
4235
4236
4237
4238
4239
4240
4241
4242
4243
4244
4245
4246
4247
4248
4249
4250
4251
4252
4253
4254
4255
4256
4257
4258
4259
4260
4261
4262
4263
4264
4265
4266
4267
4268
4269
4270
4271
4272
4273
4274
4275
4276
4277
4278
4279
4280
4281
4282
4283
4284
4285
4286
4287
4288
4289
4290
4291
4292
4293
4294
4295
4296
4297
4298
4299
4300
4301
4302
4303
4304
4305
4306
4307
4308
4309
4310
4311
4312
4313
4314
4315
4316
4317
4318
4319
4320
4321
4322
4323
4324
4325
4326
4327
4328
4329
4330
4331
4332
4333
4334
4335
4336
4337
4338
4339
4340
4341
4342
4343
4344
4345
4346
4347
4348
4349
4350
4351
4352
4353
4354
4355
4356
4357
4358
4359
4360
4361
4362
4363
4364
4365
4366
4367
4368
4369
4370
4371
4372
4373
4374
4375
4376
4377
4378
4379
4380
4381
4382
4383
4384
4385
4386
4387
4388
4389
4390
4391
4392
4393
4394
4395
4396
4397
4398
4399
4400
4401
4402
4403
4404
4405
4406
4407
4408
4409
4410
4411
4412
4413
4414
4415
4416
4417
4418
4419
4420
4421
4422
4423
4424
4425
4426
4427
4428
4429
4430
4431
4432
4433
4434
4435
4436
4437
4438
4439
4440
4441
4442
4443
4444
4445
4446
4447
4448
4449
4450
4451
4452
4453
4454
4455
4456
4457
4458
4459
4460
4461
4462
4463
4464
4465
4466
4467
4468
4469
4470
4471
4472
4473
4474
4475
4476
4477
4478
4479
4480
4481
4482
4483
4484
4485
4486
4487
4488
4489
4490
4491
4492
4493
4494
4495
4496
4497
4498
4499
4500
4501
4502
4503
4504
4505
4506
4507
4508
4509
4510
4511
4512
4513
4514
4515
4516
4517
4518
4519
4520
4521
4522
4523
4524
4525
4526
4527
4528
4529
4530
4531
4532
4533
4534
4535
4536
4537
4538
4539
4540
4541
4542
4543
4544
4545
4546
4547
4548
4549
4550
4551
4552
4553
4554
4555
4556
4557
4558
4559
4560
4561
4562
4563
4564
4565
4566
4567
4568
4569
4570
4571
4572
4573
4574
4575
4576
4577
4578
4579
4580
4581
4582
4583
4584
4585
4586
4587
4588
4589
4590
4591
4592
4593
4594
4595
4596
4597
4598
4599
4600
4601
4602
4603
4604
4605
4606
4607
4608
4609
4610
4611
4612
4613
4614
4615
4616
4617
4618
4619
4620
4621
4622
4623
4624
4625
4626
4627
4628
4629
4630
4631
4632
4633
4634
4635
4636
4637
4638
4639
4640
4641
4642
4643
4644
4645
4646
4647
4648
4649
4650
4651
4652
4653
4654
4655
4656
4657
4658
4659
4660
4661
4662
4663
4664
4665
4666
4667
4668
4669
4670
4671
4672
4673
4674
4675
4676
4677
4678
4679
4680
4681
4682
4683
4684
4685
4686
4687
4688
4689
4690
4691
4692
4693
4694
4695
4696
4697
4698
4699
4700
4701
4702
4703
4704
4705
4706
4707
4708
4709
4710
4711
4712
4713
4714
4715
4716
4717
4718
4719
4720
4721
4722
4723
4724
4725
4726
4727
4728
4729
4730
4731
4732
4733
4734
4735
4736
4737
4738
4739
4740
4741
4742
4743
4744
4745
4746
4747
4748
4749
4750
4751
4752
4753
4754
4755
4756
4757
4758
4759
4760
4761
4762
4763
4764
4765
4766
4767
4768
4769
4770
4771
4772
4773
4774
4775
4776
4777
4778
4779
4780
4781
4782
4783
4784
4785
4786
4787
4788
4789
4790
4791
4792
4793
4794
4795
4796
4797
4798
4799
4800
4801
4802
4803
4804
4805
4806
4807
4808
4809
4810
4811
4812
4813
4814
4815
4816
4817
4818
4819
4820
4821
4822
4823
4824
4825
4826
4827
4828
4829
4830
4831
4832
4833
4834
4835
4836
4837
4838
4839
4840
4841
4842
4843
4844
4845
4846
4847
4848
4849
4850
4851
4852
4853
4854
4855
4856
4857
4858
4859
4860
4861
4862
4863
4864
4865
4866
4867
4868
4869
4870
4871
4872
4873
4874
4875
4876
4877
4878
4879
4880
4881
4882
4883
4884
4885
4886
4887
4888
4889
4890
4891
4892
4893
4894
4895
4896
4897
4898
4899
4900
4901
4902
4903
4904
4905
4906
4907
4908
4909
4910
4911
4912
4913
4914
4915
4916
4917
4918
4919
4920
4921
4922
4923
4924
4925
4926
4927
4928
4929
4930
4931
4932
4933
4934
4935
4936
4937
4938
4939
4940
4941
4942
4943
4944
4945
4946
4947
4948
4949
4950
4951
4952
4953
4954
4955
4956
4957
4958
4959
4960
4961
4962
4963
4964
4965
4966
4967
4968
4969
4970
4971
4972
4973
4974
4975
4976
4977
4978
4979
4980
4981
4982
4983
4984
4985
4986
4987
4988
4989
4990
4991
4992
4993
4994
4995
4996
4997
4998
4999
5000
5001
5002
5003
5004
5005
5006
5007
5008
5009
5010
5011
5012
5013
5014
5015
5016
5017
5018
5019
5020
5021
5022
5023
5024
5025
5026
5027
5028
5029
5030
5031
5032
5033
5034
5035
5036
5037
5038
5039
5040
5041
5042
5043
5044
5045
5046
5047
5048
5049
5050
5051
5052
5053
5054
5055
5056
5057
5058
5059
5060
5061
5062
5063
5064
5065
5066
5067
5068
5069
5070
5071
5072
5073
5074
5075
5076
5077
5078
5079
5080
5081
5082
5083
5084
5085
5086
5087
5088
5089
5090
5091
5092
5093
5094
5095
5096
5097
5098
5099
5100
5101
5102
5103
5104
5105
5106
5107
5108
5109
5110
5111
5112
5113
5114
5115
5116
5117
5118
5119
5120
5121
5122
5123
5124
5125
5126
5127
5128
5129
5130
5131
5132
5133
5134
5135
5136
5137
5138
5139
5140
5141
5142
5143
5144
5145
5146
5147
5148
5149
5150
5151
5152
5153
5154
5155
5156
5157
5158
5159
5160
5161
5162
5163
5164
5165
5166
5167
5168
5169
5170
5171
5172
5173
5174
5175
5176
5177
5178
5179
5180
5181
5182
5183
5184
5185
5186
5187
5188
5189
5190
5191
5192
5193
5194
5195
5196
5197
5198
5199
5200
5201
5202
5203
5204
5205
5206
5207
5208
5209
5210
5211
5212
5213
5214
5215
5216
5217
5218
5219
5220
5221
5222
5223
5224
5225
5226
5227
5228
5229
5230
5231
5232
5233
5234
5235
5236
5237
5238
5239
5240
5241
5242
5243
5244
5245
5246
5247
5248
5249
5250
5251
5252
5253
5254
5255
5256
5257
5258
5259
5260
5261
5262
5263
5264
5265
5266
5267
5268
5269
5270
5271
5272
5273
5274
5275
5276
5277
5278
5279
5280
5281
5282
5283
5284
5285
5286
5287
5288
5289
5290
5291
5292
5293
5294
5295
5296
5297
5298
5299
5300
5301
5302
5303
5304
5305
5306
5307
5308
5309
5310
5311
5312
5313
5314
5315
5316
5317
5318
5319
5320
5321
5322
5323
5324
5325
5326
5327
5328
5329
5330
5331
5332
5333
5334
5335
5336
5337
5338
5339
5340
5341
5342
5343
5344
5345
5346
5347
5348
5349
5350
5351
5352
5353
5354
5355
5356
5357
5358
5359
5360
5361
5362
5363
5364
5365
5366
5367
5368
5369
5370
5371
5372
5373
5374
5375
5376
5377
5378
5379
5380
5381
5382
5383
5384
5385
5386
5387
5388
5389
5390
5391
5392
5393
5394
5395
5396
5397
5398
5399
5400
5401
5402
5403
5404
5405
5406
5407
5408
5409
5410
5411
5412
5413
5414
5415
5416
5417
5418
5419
5420
5421
5422
5423
5424
5425
5426
5427
5428
5429
5430
5431
5432
5433
5434
5435
5436
5437
5438
5439
5440
5441
5442
5443
5444
5445
5446
5447
5448
5449
5450
5451
5452
5453
5454
5455
5456
5457
5458
5459
5460
5461
5462
5463
5464
5465
5466
5467
5468
5469
5470
5471
5472
5473
5474
5475
5476
5477
5478
5479
5480
5481
5482
5483
5484
5485
5486
5487
5488
5489
5490
5491
5492
5493
5494
5495
5496
5497
5498
5499
5500
5501
5502
5503
5504
5505
5506
5507
5508
5509
5510
5511
5512
5513
5514
5515
5516
5517
5518
5519
5520
5521
5522
5523
5524
5525
5526
5527
5528
5529
5530
5531
5532
5533
5534
5535
5536
5537
5538
5539
5540
5541
5542
5543
5544
5545
5546
5547
5548
5549
5550
5551
5552
5553
5554
5555
5556
5557
5558
5559
5560
5561
5562
5563
5564
5565
5566
5567
5568
5569
5570
5571
5572
5573
5574
5575
5576
5577
5578
5579
5580
5581
5582
5583
5584
5585
5586
5587
5588
5589
5590
5591
5592
5593
5594
5595
5596
5597
5598
5599
5600
5601
5602
5603
5604
5605
5606
5607
5608
5609
5610
5611
5612
5613
5614
5615
5616
5617
5618
5619
5620
5621
5622
5623
5624
5625
5626
5627
5628
5629
5630
5631
5632
5633
5634
5635
5636
5637
5638
5639
5640
5641
5642
5643
5644
5645
5646
5647
5648
5649
5650
5651
5652
5653
5654
5655
5656
5657
5658
5659
5660
5661
5662
5663
5664
5665
5666
5667
5668
5669
5670
5671
5672
5673
5674
5675
5676
5677
5678
5679
5680
5681
5682
5683
5684
5685
5686
5687
5688
5689
5690
5691
5692
5693
5694
5695
5696
5697
5698
5699
5700
5701
5702
5703
5704
5705
5706
5707
5708
5709
5710
5711
5712
5713
5714
5715
5716
5717
5718
5719
5720
5721
5722
5723
5724
5725
5726
5727
5728
5729
5730
5731
5732
5733
5734
5735
5736
5737
5738
5739
5740
5741
5742
5743
5744
5745
5746
5747
5748
5749
5750
5751
5752
5753
5754
5755
5756
5757
5758
5759
5760
5761
5762
5763
5764
5765
5766
5767
5768
5769
5770
5771
5772
5773
5774
5775
5776
5777
5778
5779
5780
5781
5782
5783
5784
5785
5786
5787
5788
5789
5790
5791
5792
5793
5794
5795
5796
5797
5798
5799
5800
5801
5802
5803
5804
5805
5806
5807
5808
5809
5810
5811
5812
5813
5814
5815
5816
5817
5818
5819
5820
5821
5822
5823
5824
5825
5826
5827
5828
5829
5830
5831
5832
5833
5834
5835
5836
5837
5838
5839
5840
5841
5842
5843
5844
5845
5846
5847
5848
5849
5850
5851
5852
5853
5854
5855
5856
5857
5858
5859
5860
5861
5862
5863
5864
5865
5866
5867
5868
5869
5870
5871
5872
5873
5874
5875
5876
5877
5878
5879
5880
5881
5882
5883
5884
5885
5886
5887
5888
5889
5890
5891
5892
5893
5894
5895
5896
5897
5898
5899
5900
5901
5902
5903
5904
5905
5906
5907
5908
5909
5910
5911
5912
5913
5914
5915
5916
5917
5918
5919
5920
5921
5922
5923
5924
5925
5926
5927
5928
5929
5930
5931
5932
5933
5934
5935
5936
5937
5938
5939
5940
5941
5942
5943
5944
5945
5946
5947
5948
5949
5950
5951
5952
5953
5954
5955
5956
5957
5958
5959
5960
5961
5962
5963
5964
5965
5966
5967
5968
5969
5970
5971
5972
5973
5974
5975
5976
5977
5978
5979
5980
5981
5982
5983
5984
5985
5986
5987
5988
5989
5990
5991
5992
5993
5994
5995
5996
5997
5998
5999
6000
6001
6002
6003
6004
6005
6006
6007
6008
6009
6010
6011
6012
6013
6014
6015
6016
6017
6018
6019
6020
6021
6022
6023
6024
6025
6026
6027
6028
6029
6030
6031
6032
6033
6034
6035
6036
6037
6038
6039
6040
6041
6042
6043
6044
6045
6046
6047
6048
6049
6050
6051
6052
6053
6054
6055
6056
6057
6058
6059
6060
6061
6062
6063
6064
6065
6066
6067
6068
6069
6070
6071
6072
6073
6074
6075
6076
6077
6078
6079
6080
6081
6082
6083
6084
6085
6086
6087
6088
6089
6090
6091
6092
6093
6094
6095
6096
6097
6098
6099
6100
6101
6102
6103
6104
6105
6106
6107
6108
6109
6110
6111
6112
6113
6114
6115
6116
6117
6118
6119
6120
6121
6122
6123
6124
6125
6126
6127
6128
6129
6130
6131
6132
6133
6134
6135
6136
6137
6138
6139
6140
6141
6142
6143
6144
6145
6146
6147
6148
6149
6150
6151
6152
6153
6154
6155
6156
6157
6158
6159
6160
6161
6162
6163
6164
6165
6166
6167
6168
6169
6170
6171
6172
6173
6174
6175
6176
6177
6178
6179
6180
6181
6182
6183
6184
6185
6186
6187
6188
6189
6190
6191
6192
6193
6194
6195
6196
6197
6198
6199
6200
6201
6202
6203
6204
6205
6206
6207
6208
6209
6210
6211
6212
6213
6214
6215
6216
6217
6218
6219
6220
6221
6222
6223
6224
6225
6226
6227
6228
6229
6230
6231
6232
6233
6234
6235
6236
6237
6238
6239
6240
6241
6242
6243
6244
6245
6246
6247
6248
6249
6250
6251
6252
6253
6254
6255
6256
6257
6258
6259
6260
6261
6262
6263
6264
6265
6266
6267
6268
6269
6270
6271
6272
6273
6274
6275
6276
6277
6278
6279
6280
6281
6282
6283
6284
6285
6286
6287
6288
6289
6290
6291
6292
6293
6294
6295
6296
6297
6298
6299
6300
6301
6302
6303
6304
6305
6306
6307
6308
6309
6310
6311
6312
6313
6314
6315
6316
6317
6318
6319
6320
6321
6322
6323
6324
6325
6326
6327
6328
6329
6330
6331
6332
6333
6334
6335
6336
6337
6338
6339
6340
6341
6342
6343
6344
6345
6346
6347
6348
6349
6350
6351
6352
6353
6354
6355
6356
6357
6358
6359
6360
6361
6362
6363
6364
6365
6366
6367
6368
6369
6370
6371
6372
6373
6374
6375
6376
6377
6378
6379
6380
6381
6382
6383
6384
6385
6386
6387
6388
6389
6390
6391
6392
6393
6394
6395
6396
6397
6398
6399
6400
6401
6402
6403
6404
6405
6406
6407
6408
6409
6410
6411
6412
6413
6414
6415
6416
6417
6418
6419
6420
6421
6422
6423
6424
6425
6426
6427
6428
6429
6430
6431
6432
6433
6434
6435
6436
6437
6438
6439
6440
6441
6442
6443
6444
6445
6446
6447
6448
6449
6450
6451
6452
6453
6454
6455
6456
6457
6458
6459
6460
6461
6462
6463
6464
6465
6466
6467
6468
6469
6470
6471
6472
6473
6474
6475
6476
6477
6478
6479
6480
6481
6482
6483
6484
6485
6486
6487
6488
6489
6490
6491
6492
6493
6494
6495
6496
6497
6498
6499
6500
6501
6502
6503
6504
6505
6506
6507
6508
6509
6510
6511
6512
6513
6514
6515
6516
6517
6518
6519
6520
6521
6522
6523
6524
6525
6526
6527
6528
6529
6530
6531
6532
6533
6534
6535
6536
6537
6538
6539
6540
6541
6542
6543
6544
6545
6546
6547
6548
6549
6550
6551
6552
6553
6554
6555
6556
6557
6558
6559
6560
6561
6562
6563
6564
6565
6566
6567
6568
6569
6570
6571
6572
6573
6574
6575
6576
6577
6578
6579
6580
6581
6582
6583
6584
6585
6586
6587
6588
6589
6590
6591
6592
6593
6594
6595
6596
6597
6598
6599
6600
6601
6602
6603
6604
6605
6606
6607
6608
6609
6610
6611
6612
6613
6614
6615
6616
6617
6618
6619
6620
6621
6622
6623
6624
6625
6626
6627
6628
6629
6630
6631
6632
6633
6634
6635
6636
6637
6638
6639
6640
6641
6642
6643
6644
6645
6646
6647
6648
6649
6650
6651
6652
6653
6654
6655
6656
6657
6658
6659
6660
6661
6662
6663
6664
6665
6666
6667
6668
6669
6670
6671
6672
6673
6674
6675
6676
6677
6678
6679
6680
6681
6682
6683
6684
6685
6686
6687
6688
6689
6690
6691
6692
6693
6694
6695
6696
6697
6698
6699
6700
6701
6702
6703
6704
6705
6706
6707
6708
6709
6710
6711
6712
6713
6714
6715
6716
6717
6718
6719
6720
6721
6722
6723
6724
6725
6726
6727
6728
6729
6730
6731
6732
6733
6734
6735
6736
6737
6738
6739
6740
6741
6742
6743
6744
6745
6746
6747
6748
6749
6750
6751
6752
6753
6754
6755
6756
6757
6758
6759
6760
6761
6762
6763
6764
6765
6766
6767
6768
6769
6770
6771
6772
6773
6774
6775
6776
6777
6778
6779
6780
6781
6782
6783
6784
6785
6786
6787
6788
6789
6790
6791
6792
6793
6794
6795
6796
6797
6798
6799
6800
6801
6802
6803
6804
6805
6806
6807
6808
6809
6810
6811
6812
6813
6814
6815
6816
6817
6818
6819
6820
6821
6822
6823
6824
6825
6826
6827
6828
6829
6830
6831
6832
6833
6834
6835
6836
6837
6838
6839
6840
6841
6842
6843
6844
6845
6846
6847
6848
6849
6850
6851
6852
6853
6854
6855
6856
6857
6858
6859
6860
6861
6862
6863
6864
6865
6866
6867
6868
6869
6870
6871
6872
6873
6874
6875
6876
6877
6878
6879
6880
6881
6882
6883
6884
6885
6886
6887
6888
6889
6890
6891
6892
6893
6894
6895
6896
6897
6898
6899
6900
6901
6902
6903
6904
6905
6906
6907
6908
6909
6910
6911
6912
6913
6914
6915
6916
6917
6918
6919
6920
6921
6922
6923
6924
6925
6926
6927
6928
6929
6930
6931
6932
6933
6934
6935
6936
6937
6938
6939
6940
6941
6942
6943
6944
6945
6946
6947
6948
6949
6950
6951
6952
6953
6954
6955
6956
6957
6958
6959
6960
6961
6962
6963
6964
6965
6966
6967
6968
6969
6970
6971
6972
6973
6974
6975
6976
6977
6978
6979
6980
6981
6982
6983
6984
6985
6986
6987
6988
6989
6990
6991
6992
6993
6994
6995
6996
6997
6998
6999
7000
7001
7002
7003
7004
7005
7006
7007
7008
7009
7010
7011
7012
7013
7014
7015
7016
7017
7018
7019
7020
7021
7022
7023
7024
7025
7026
7027
7028
7029
7030
7031
7032
7033
7034
7035
7036
7037
7038
7039
7040
7041
7042
7043
7044
7045
7046
7047
7048
7049
7050
7051
7052
7053
7054
7055
7056
7057
7058
7059
7060
7061
7062
7063
7064
7065
7066
7067
7068
7069
7070
7071
7072
7073
7074
7075
7076
7077
7078
7079
7080
7081
7082
7083
7084
7085
7086
7087
7088
7089
7090
7091
7092
7093
7094
7095
7096
7097
7098
7099
7100
7101
7102
7103
7104
7105
7106
7107
7108
7109
7110
7111
7112
7113
7114
7115
7116
7117
7118
7119
7120
7121
7122
7123
7124
7125
7126
7127
7128
7129
7130
7131
7132
7133
7134
7135
7136
7137
7138
7139
7140
7141
7142
7143
7144
7145
7146
7147
7148
7149
7150
7151
7152
7153
7154
7155
7156
7157
7158
7159
7160
7161
7162
7163
7164
7165
7166
7167
7168
7169
7170
7171
7172
7173
7174
7175
7176
7177
7178
7179
7180
7181
7182
7183
7184
7185
7186
7187
7188
7189
7190
7191
7192
7193
7194
7195
7196
7197
7198
7199
7200
7201
7202
7203
7204
7205
7206
7207
7208
7209
7210
7211
7212
7213
7214
7215
7216
7217
7218
7219
7220
7221
7222
7223
7224
7225
7226
7227
7228
7229
7230
7231
7232
7233
7234
7235
7236
7237
7238
7239
7240
7241
7242
7243
7244
7245
7246
7247
7248
7249
7250
7251
7252
7253
7254
7255
7256
7257
7258
7259
7260
7261
7262
7263
7264
7265
7266
7267
7268
7269
7270
7271
7272
7273
7274
7275
7276
7277
7278
7279
7280
7281
7282
7283
7284
7285
7286
7287
7288
7289
7290
7291
7292
7293
7294
7295
7296
7297
7298
7299
7300
7301
7302
7303
7304
7305
7306
7307
7308
7309
7310
7311
7312
7313
7314
7315
7316
7317
7318
7319
7320
7321
7322
7323
7324
7325
7326
7327
7328
7329
7330
7331
7332
7333
7334
7335
7336
7337
7338
7339
7340
7341
7342
7343
7344
7345
7346
7347
7348
7349
7350
7351
7352
7353
7354
7355
7356
7357
7358
7359
7360
7361
7362
7363
7364
7365
7366
7367
7368
7369
7370
7371
7372
7373
7374
7375
7376
7377
7378
7379
7380
7381
7382
7383
7384
7385
7386
7387
7388
7389
7390
7391
7392
7393
7394
7395
7396
7397
7398
7399
7400
7401
7402
7403
7404
7405
7406
7407
7408
7409
7410
7411
7412
7413
7414
7415
7416
7417
7418
7419
7420
7421
7422
7423
7424
7425
7426
7427
7428
7429
7430
7431
7432
7433
7434
7435
7436
7437
7438
7439
7440
7441
7442
7443
7444
7445
7446
7447
7448
7449
7450
7451
7452
7453
7454
7455
7456
7457
7458
7459
7460
7461
7462
7463
7464
7465
7466
7467
7468
7469
7470
7471
7472
7473
7474
7475
7476
7477
7478
7479
7480
7481
7482
7483
7484
7485
7486
7487
7488
7489
7490
7491
7492
7493
7494
7495
7496
7497
7498
7499
7500
7501
7502
7503
7504
7505
7506
7507
7508
7509
7510
7511
7512
7513
7514
7515
7516
7517
7518
7519
7520
7521
7522
7523
7524
7525
7526
7527
7528
7529
7530
7531
7532
7533
7534
7535
7536
7537
7538
7539
7540
7541
7542
7543
7544
7545
7546
7547
7548
7549
7550
7551
7552
7553
7554
7555
7556
7557
7558
7559
7560
7561
7562
7563
7564
7565
7566
7567
7568
7569
7570
7571
7572
7573
7574
7575
7576
7577
7578
7579
7580
7581
7582
7583
7584
7585
7586
7587
7588
7589
7590
7591
7592
7593
7594
7595
7596
7597
7598
7599
7600
7601
7602
7603
7604
7605
7606
7607
7608
7609
7610
7611
7612
7613
7614
7615
7616
7617
7618
7619
7620
7621
7622
7623
7624
7625
7626
7627
7628
7629
7630
7631
7632
7633
7634
7635
7636
7637
7638
7639
7640
7641
7642
7643
7644
7645
7646
7647
7648
7649
7650
7651
7652
7653
7654
7655
7656
7657
7658
7659
7660
7661
7662
7663
7664
7665
7666
7667
7668
7669
7670
7671
7672
7673
7674
7675
7676
7677
7678
7679
7680
7681
7682
7683
7684
7685
7686
7687
7688
7689
7690
7691
7692
7693
7694
7695
7696
7697
7698
7699
7700
7701
7702
7703
7704
7705
7706
7707
7708
7709
7710
7711
7712
7713
7714
7715
7716
7717
7718
7719
7720
7721
7722
7723
7724
7725
7726
7727
7728
7729
7730
7731
7732
7733
7734
7735
7736
7737
7738
7739
7740
7741
7742
7743
7744
7745
7746
7747
7748
7749
7750
7751
7752
7753
7754
7755
7756
7757
7758
7759
7760
7761
7762
7763
7764
7765
7766
7767
7768
7769
7770
7771
7772
7773
7774
7775
7776
7777
7778
7779
7780
7781
7782
7783
7784
7785
7786
7787
7788
7789
7790
7791
7792
7793
7794
7795
7796
7797
7798
7799
7800
7801
7802
7803
7804
7805
7806
7807
7808
7809
7810
7811
7812
7813
7814
7815
7816
7817
7818
7819
7820
7821
7822
7823
7824
7825
7826
7827
7828
7829
7830
7831
7832
7833
7834
7835
7836
7837
7838
7839
7840
7841
7842
7843
7844
7845
7846
7847
7848
7849
7850
7851
7852
7853
7854
7855
7856
7857
7858
7859
7860
7861
7862
7863
7864
7865
7866
7867
7868
7869
7870
7871
7872
7873
7874
7875
7876
7877
7878
7879
7880
7881
7882
7883
7884
7885
7886
7887
7888
7889
7890
7891
7892
7893
7894
7895
7896
7897
7898
7899
7900
7901
7902
7903
7904
7905
7906
7907
7908
7909
7910
7911
7912
7913
7914
7915
7916
7917
7918
7919
7920
7921
7922
7923
7924
7925
7926
7927
7928
7929
7930
7931
7932
7933
7934
7935
7936
7937
7938
7939
7940
7941
7942
7943
7944
7945
7946
7947
7948
7949
7950
7951
7952
7953
7954
7955
7956
7957
7958
7959
7960
7961
7962
7963
7964
7965
7966
7967
7968
7969
7970
7971
7972
7973
7974
7975
7976
7977
7978
7979
7980
7981
7982
7983
7984
7985
7986
7987
7988
7989
7990
7991
7992
7993
7994
7995
7996
7997
7998
7999
8000
8001
8002
8003
8004
8005
8006
8007
8008
8009
8010
8011
8012
8013
8014
8015
8016
8017
8018
8019
8020
8021
8022
8023
8024
8025
8026
8027
8028
8029
8030
8031
8032
8033
8034
8035
8036
8037
8038
8039
8040
8041
8042
8043
8044
8045
8046
8047
8048
8049
8050
8051
8052
8053
8054
8055
8056
8057
8058
8059
8060
8061
8062
8063
8064
8065
8066
8067
8068
8069
8070
8071
8072
8073
8074
8075
8076
8077
8078
8079
8080
8081
8082
8083
8084
8085
8086
8087
8088
8089
8090
8091
8092
8093
8094
8095
8096
8097
8098
8099
8100
8101
8102
8103
8104
8105
8106
8107
8108
8109
8110
8111
8112
8113
8114
8115
8116
8117
8118
8119
8120
8121
8122
8123
8124
8125
8126
8127
8128
8129
8130
8131
8132
8133
8134
8135
8136
8137
8138
8139
8140
8141
8142
8143
8144
8145
8146
8147
8148
8149
8150
8151
8152
8153
8154
8155
8156
8157
8158
8159
8160
8161
8162
8163
8164
8165
8166
8167
8168
8169
8170
8171
8172
8173
8174
8175
8176
8177
8178
8179
8180
8181
8182
8183
8184
8185
8186
8187
8188
8189
8190
8191
8192
8193
8194
8195
8196
8197
8198
8199
8200
8201
8202
8203
8204
8205
8206
8207
8208
8209
8210
8211
8212
8213
8214
8215
8216
8217
8218
8219
8220
8221
8222
8223
8224
8225
8226
8227
8228
8229
8230
8231
8232
8233
8234
8235
8236
8237
8238
8239
8240
8241
8242
8243
8244
8245
8246
8247
8248
8249
8250
8251
8252
8253
8254
8255
8256
8257
8258
8259
8260
8261
8262
8263
8264
8265
8266
8267
8268
8269
8270
8271
8272
8273
8274
8275
8276
8277
8278
8279
8280
8281
8282
8283
8284
8285
8286
8287
8288
8289
8290
8291
8292
8293
8294
8295
8296
8297
8298
8299
8300
8301
8302
8303
8304
8305
8306
8307
8308
8309
8310
8311
8312
8313
8314
8315
8316
8317
8318
8319
8320
8321
8322
8323
8324
8325
8326
8327
8328
8329
8330
8331
8332
8333
8334
8335
8336
8337
8338
8339
8340
8341
8342
8343
8344
8345
8346
8347
8348
8349
8350
8351
8352
8353
8354
8355
8356
8357
8358
8359
8360
8361
8362
8363
8364
8365
8366
8367
8368
8369
8370
8371
8372
8373
8374
8375
8376
8377
8378
8379
8380
8381
8382
8383
8384
8385
8386
8387
8388
8389
8390
8391
8392
8393
8394
8395
8396
8397
8398
8399
8400
8401
8402
8403
8404
8405
8406
8407
8408
8409
8410
8411
8412
8413
8414
8415
8416
8417
8418
8419
8420
8421
8422
8423
8424
8425
8426
8427
8428
8429
8430
8431
8432
8433
8434
8435
8436
8437
8438
8439
8440
8441
8442
8443
8444
8445
8446
8447
8448
8449
8450
8451
8452
8453
8454
8455
8456
8457
8458
8459
8460
8461
8462
8463
8464
8465
8466
8467
8468
8469
8470
8471
8472
8473
8474
8475
8476
8477
8478
8479
8480
8481
8482
8483
8484
8485
8486
8487
8488
8489
8490
8491
8492
8493
8494
8495
8496
8497
8498
8499
8500
8501
8502
8503
8504
8505
8506
8507
8508
8509
8510
8511
8512
8513
8514
8515
8516
8517
8518
8519
8520
8521
8522
8523
8524
8525
8526
8527
8528
8529
8530
8531
8532
8533
8534
8535
8536
8537
8538
8539
8540
8541
8542
8543
8544
8545
8546
8547
8548
8549
8550
8551
8552
8553
8554
8555
8556
8557
8558
8559
8560
8561
8562
8563
8564
8565
8566
8567
8568
8569
8570
8571
8572
8573
8574
8575
8576
8577
8578
8579
8580
8581
8582
8583
8584
8585
8586
8587
8588
8589
8590
8591
8592
8593
8594
8595
8596
8597
8598
8599
8600
8601
8602
8603
8604
8605
8606
8607
8608
8609
8610
8611
8612
8613
8614
8615
8616
8617
8618
8619
8620
8621
8622
8623
8624
8625
8626
8627
8628
8629
8630
8631
8632
8633
8634
8635
8636
8637
8638
8639
8640
8641
8642
8643
8644
8645
8646
8647
8648
8649
8650
8651
8652
8653
8654
8655
8656
8657
8658
8659
8660
8661
8662
8663
8664
8665
8666
8667
8668
8669
8670
8671
8672
8673
8674
8675
8676
8677
8678
8679
8680
8681
8682
8683
8684
8685
8686
8687
8688
8689
8690
8691
8692
8693
8694
8695
8696
8697
8698
8699
8700
8701
8702
8703
8704
8705
8706
8707
8708
8709
8710
8711
8712
8713
8714
8715
8716
8717
8718
8719
8720
8721
8722
8723
8724
8725
8726
8727
8728
8729
8730
8731
8732
8733
8734
8735
8736
8737
8738
8739
8740
8741
8742
8743
8744
8745
8746
8747
8748
8749
8750
8751
8752
8753
8754
8755
8756
8757
8758
8759
8760
8761
8762
8763
8764
8765
8766
8767
8768
8769
8770
8771
8772
8773
8774
8775
8776
8777
8778
8779
8780
8781
8782
8783
8784
8785
8786
8787
8788
8789
8790
8791
8792
8793
8794
8795
8796
8797
8798
8799
8800
8801
8802
8803
8804
8805
8806
8807
8808
8809
8810
8811
8812
8813
8814
8815
8816
8817
8818
8819
8820
8821
8822
8823
8824
8825
8826
8827
8828
8829
8830
8831
8832
8833
8834
8835
8836
8837
8838
8839
8840
8841
8842
8843
8844
8845
8846
8847
8848
8849
8850
8851
8852
8853
8854
8855
8856
8857
8858
8859
8860
8861
8862
8863
8864
8865
8866
8867
8868
8869
8870
8871
8872
8873
8874
8875
8876
8877
8878
8879
8880
8881
8882
8883
8884
8885
8886
8887
8888
8889
8890
8891
8892
8893
8894
8895
8896
8897
8898
8899
8900
8901
8902
8903
8904
8905
8906
8907
8908
8909
8910
8911
8912
8913
8914
8915
8916
8917
8918
8919
8920
8921
8922
8923
8924
8925
8926
8927
8928
8929
8930
8931
8932
8933
8934
8935
8936
8937
8938
8939
8940
8941
8942
8943
8944
8945
8946
8947
8948
8949
8950
8951
8952
8953
8954
8955
8956
8957
8958
8959
8960
8961
8962
8963
8964
8965
8966
8967
8968
8969
8970
8971
8972
8973
8974
8975
8976
8977
8978
8979
8980
8981
8982
8983
8984
8985
8986
8987
8988
8989
8990
8991
8992
8993
8994
8995
8996
8997
8998
8999
9000
9001
9002
9003
9004
9005
9006
9007
9008
9009
9010
9011
9012
9013
9014
9015
9016
9017
9018
9019
9020
9021
9022
9023
9024
9025
9026
9027
9028
9029
9030
9031
9032
9033
9034
9035
9036
9037
9038
9039
9040
9041
9042
9043
9044
9045
9046
9047
9048
9049
9050
9051
9052
9053
9054
9055
9056
9057
9058
9059
9060
9061
9062
9063
9064
9065
9066
9067
9068
9069
9070
9071
9072
9073
9074
9075
9076
9077
9078
9079
9080
9081
9082
9083
9084
9085
9086
9087
9088
9089
9090
9091
9092
9093
9094
9095
9096
9097
9098
9099
9100
9101
9102
9103
9104
9105
9106
9107
9108
9109
9110
9111
9112
9113
9114
9115
9116
9117
9118
9119
9120
9121
9122
9123
9124
9125
9126
9127
9128
9129
9130
9131
9132
9133
9134
9135
9136
9137
9138
9139
9140
9141
9142
9143
9144
9145
9146
9147
9148
9149
9150
9151
9152
9153
9154
9155
9156
9157
9158
9159
9160
9161
9162
9163
9164
9165
9166
9167
9168
9169
9170
9171
9172
9173
9174
9175
9176
9177
9178
9179
9180
9181
9182
9183
9184
9185
9186
9187
9188
9189
9190
9191
9192
9193
9194
9195
9196
9197
9198
9199
9200
9201
9202
9203
9204
9205
9206
9207
9208
9209
9210
9211
9212
9213
9214
9215
9216
9217
9218
9219
9220
9221
9222
9223
9224
9225
9226
9227
9228
9229
9230
9231
9232
9233
9234
9235
9236
9237
9238
9239
9240
9241
9242
9243
9244
9245
9246
9247
9248
9249
9250
9251
9252
9253
9254
9255
9256
9257
9258
9259
9260
9261
9262
9263
9264
9265
9266
9267
9268
9269
9270
9271
9272
9273
9274
9275
9276
9277
9278
9279
9280
9281
9282
9283
9284
9285
9286
9287
9288
9289
9290
9291
9292
9293
9294
9295
9296
9297
9298
9299
9300
9301
9302
9303
9304
9305
9306
9307
9308
9309
9310
9311
9312
9313
9314
9315
9316
9317
9318
9319
9320
9321
9322
9323
9324
9325
9326
9327
9328
9329
9330
9331
9332
9333
9334
9335
9336
9337
9338
9339
9340
9341
9342
9343
9344
9345
9346
9347
9348
9349
9350
9351
9352
9353
9354
9355
9356
9357
9358
9359
9360
9361
9362
9363
9364
9365
9366
9367
9368
9369
9370
9371
9372
9373
9374
9375
9376
9377
9378
9379
9380
9381
9382
9383
9384
9385
9386
9387
9388
9389
9390
9391
9392
9393
9394
9395
9396
9397
9398
9399
9400
9401
9402
9403
9404
9405
9406
9407
9408
9409
9410
9411
9412
9413
9414
9415
9416
9417
9418
9419
9420
9421
9422
9423
9424
9425
9426
9427
9428
9429
9430
9431
9432
9433
9434
9435
9436
9437
9438
9439
9440
9441
9442
9443
9444
9445
9446
9447
9448
9449
9450
9451
9452
9453
9454
9455
9456
9457
9458
9459
9460
9461
9462
9463
9464
9465
9466
9467
9468
9469
9470
9471
9472
9473
9474
9475
9476
9477
9478
9479
9480
9481
9482
9483
9484
9485
9486
9487
9488
9489
9490
9491
9492
9493
9494
9495
9496
9497
9498
9499
9500
9501
9502
9503
9504
9505
9506
9507
9508
9509
9510
9511
9512
9513
9514
9515
9516
9517
9518
9519
9520
9521
9522
9523
9524
9525
9526
9527
9528
9529
9530
9531
9532
9533
9534
9535
9536
9537
9538
9539
9540
9541
9542
9543
9544
9545
2.39948468073395 2.435118952582431 0
17.59565471551161 2.442745918678057 0
17.57717309494244 2.288208320588353 0
17.72786021417355 2.403071181815574 0
17.71692245705532 2.247851775920413 0
0.2494806978489876 3.294521368608814 0
18.27760818414717 4.773582955871747 0
1.770939784774395 4.778958464189412 0
19.76800375447191 3.260061031380226 0
1.598199370017996 0.2648458245593339 0
0.2858334744610715 1.716852357787598 0
17.86666669682416 2.381838896664611 0
17.86496071560793 2.224970335366607 0
17.69794704683316 2.077235606915837 0
17.8604803757139 2.052349155373248 0
2.595472963635052 2.824665173649353 0
2.445684426989095 2.866253506074543 0
17.37017100769501 2.767215262028979 0
17.52280777639068 2.743074786944882 0
18.01551002934812 2.217529746743085 0
2.494869846363811 2.969340686608202 0
2.289811040298339 2.953050147816266 0
17.51584404893875 2.893546323059552 0
17.64439359798592 2.879490086359686 0
0.2924373384475771 2.612230177584079 0
17.67063175217576 1.898850306555812 0
2.712536634212298 2.229449827989958 0
3.479790615310868 4.802366255543436 0
15.45735913819572 2.184265823272847 0
6.458789417051579 4.796667375793866 0
16.61111041008145 2.82254878210156 0
5.582326002700943 1.91125436251719 0
13.40988843385662 2.844279156459158 0
6.976970847124761 1.938057247531546 0
17.84353870707081 1.866621910900793 0
2.435871774869431 3.064360562630462 0
2.200054221814741 3.133134999042165 0
17.54764812101813 3.046106543462609 0
17.75394433873562 2.979975584289074 0
5.625593818703615 3.125379855107449 0
4.533005190837557 3.070166789684023 0
12.26303523370636 0.2137364510822266 0
17.63559812608857 1.722803313081355 0
11.22323028925132 4.798366882681107 0
9.027830088659817 4.811617310573418 0
19.77726260856788 1.293808920424884 0
3.223100575978087 0.1891033203708057 0
16.51431023031745 2.151738876939269 0
8.180868676691397 2.834516881761007 0
7.539806860267685 2.840544808326835 0
4.94484329265182 0.2288604734796347 0
6.446515416560256 1.925318746180384 0
11.82138117233742 2.890409373832955 0
2.504671096865666 0.1743640480587154 0
12.45131428170036 2.839427332624037 0
8.60182204318278 2.188086964109982 0
9.198701035604007 2.165922684550582 0
7.924348110766747 2.168642371780368 0
9.934249940066428 2.146186437465902 0
10.68172966091 2.150710402214771 0
15.23155730881942 0.2178956087294046 0
7.764987239037528 0.2220851008245011 0
14.54572373191108 1.795813309497081 0
18.56248881498566 0.3036430950335816 0
3.967024971849474 2.162786612016288 0
3.211273670007475 2.82741866216424 0
11.41748445244468 2.158610710267545 0
16.04356758813464 4.777912282501069 0
15.46656355222025 3.214005759108403 0
19.71722013278388 2.619494719488805 0
13.02754068231026 1.856077362976862 0
2.358781314922806 3.207477499594063 0
2.122386348788678 3.289935147349889 0
2.038398605734052 3.064570498454243 0
1.961955956015338 3.222932479983577 0
1.878796270014416 2.993547785726361 0
14.31778877121494 3.164576284548941 0
17.59425945373568 3.215722142486169 0
17.78480372396002 3.182304880182012 0
17.01611450127123 0.2040740627408217 0
6.881343696020181 2.838664507228308 0
10.30552939205454 3.163785136764996 0
10.5448563074064 3.151182092015418 0
9.585578828454612 3.132310261617109 0
9.334820878718331 3.116678051508452 0
1.790555642821451 3.152745895149703 0
16.1932532144847 0.2461938981070713 0
13.20105139042171 4.77256226693463 0
17.80364776406687 1.681669176455556 0
18.05757924904016 1.835096279359009 0
12.80281944429174 1.866792809181036 0
16.88514318679087 4.823492523627062 0
7.172702951661234 4.684013505085986 0
5.22309030040253 4.766154191940667 0
8.004697706393785 4.691126608520044 0
3.350174127234843 2.187221240140629 0
11.18957171903581 0.2224444133027044 0
12.20281693332885 4.787230305901261 0
10.45548799886764 0.1975901884413025 0
13.68932801555592 1.837073346592271 0
9.724434112914157 0.202535801346253 0
6.036180588511286 0.2196286104355378 0
8.509103887085894 0.2000859049800146 0
3.95995623921138 0.2012971036442375 0
13.97997186489643 4.713144262838412 0
1.734678949051906 2.902349659604611 0
17.59731902263244 1.558447066024191 0
5.377025760608005 1.991870536858929 0
5.485658920972625 1.72562659099728 0
5.271511884176331 1.770555882114773 0
6.954475346825829 0.18250937912125 0
12.98232357024094 1.683112353753582 0
12.75620760188555 1.709091978109199 0
2.278832271750203 3.361473419314809 0
2.440062049563315 3.438577243077803 0
4.472662064620745 4.774977434351343 0
17.63621032673299 3.380991378759203 0
17.80548015281322 3.352921785719768 0
17.97794628732738 3.162349424274879 0
17.9884220172912 3.339409142936911 0
18.16890449263403 3.144252178181443 0
18.18233210773765 3.322978270133938 0
14.98431083752516 4.809231140885765 0
9.472635161002536 3.274683474580274 0
9.298833850840138 3.322533705168258 0
10.32679022475182 3.356248071090485 0
10.59589248461615 3.393081723236723 0
4.334772470475881 3.041791457530453 0
4.476763754931985 3.233445010682205 0
5.79523747105665 3.169256666352765 0
5.737086492896971 3.280339346877043 0
5.399641199812322 1.54279618608246 0
5.199672707768483 1.583223678184097 0
17.97707152245927 1.621835970993027 0
18.22134063097538 1.704629424301811 0
14.1665732448374 0.2184381090590701 0
1.586760056091244 3.058384984027936 0
18.35466792276065 3.116229803976453 0
13.45482914310542 0.2002743746328894 0
15.68051636077555 3.18184130024861 0
15.54503302480753 3.424904369883152 0
15.74910819809698 3.380518146462967 0
1.482773516933737 2.88690982672244 0
1.617900326489503 2.788119007692621 0
17.46403823161565 3.429753208196757 0
17.27236768042212 3.481436296217772 0
2.345265382336959 3.592008047402 0
2.614497217545435 3.520568122240293 0
4.276468026581255 3.190766253512817 0
12.94579527227877 1.503140227437969 0
12.71265408796841 1.524409380359116 0
18.38261827571639 3.293314051837723 0
9.435857421787119 3.490714333168463 0
9.242669589054158 3.451317462764908 0
5.942796257252256 3.268124175743059 0
5.805950582690274 3.37884289501587 0
6.070675550855205 3.404612419494479 0
5.64869121291581 3.44979090009775 0
10.4774236857705 3.599931126571982 0
10.77413329894663 3.558919911382417 0
1.719681604371594 3.327934505175562 0
1.525373748595266 3.270104009176543 0
4.413189358980135 3.405083641524087 0
4.207314295492124 3.353956780332954 0
18.14518241474787 1.547937230991359 0
18.32205430902581 1.627810236684803 0
5.720703797254137 3.646476824522582 0
5.506320854048883 3.65181607058277 0
1.394648064982109 2.754779528252608 0
1.519484499053751 2.667795399108792 0
5.332742570161683 1.367947936637482 0
5.139309295236562 1.403200983205758 0
5.515150495011202 1.328342620852227 0
15.61873994560936 3.619065959283836 0
15.81752483639481 3.577018868672638 0
15.43856318552996 3.665534566981187 0
19.75430023291163 4.038194945015434 0
0.2496716491737203 4.004590473939167 0
0.8609452306571335 0.2195828789740011 0
18.4943633229406 3.087120495797324 0
1.340334437900584 2.655763901623957 0
1.415459141077443 2.567612154886136 0
17.68097036066752 0.2197949733953255 0
9.95271331830256 4.806710703279345 0
1.302333326440829 2.482578154444826 0
1.381357371014394 2.395597140946564 0
7.140145576372654 1.911564729531784 0
7.071178324186624 1.804468035950065 0
17.33612430701543 3.664385500952479 0
17.12927446302626 3.718355193461833 0
17.98716261790635 3.516932476167902 0
12.92088537439461 1.317733327490762 0
12.69073151555225 1.329701663420997 0
13.14420985839491 1.305921321583378 0
2.508261374145259 3.685940960094408 0
2.689714871722881 3.778400959169074 0
14.11995535281822 3.142548042118179 0
14.28104662872206 3.349781788393049 0
14.07266377140884 3.302421141552672 0
14.23395536759477 3.535558158477666 0
14.01372919581047 3.483522523604472 0
18.30813253816843 1.495684854007511 0
18.47754450585941 1.497070207719867 0
18.43489062116112 1.67320946121523 0
4.361505142342009 3.588185397897458 0
4.09407652162147 3.545943347652026 0
15.49034705203624 3.79662358204572 0
15.27761619982211 3.725228581886074 0
14.74449496575291 1.766500676604269 0
14.71060805589192 1.542766941697737 0
14.88549294049387 1.585380214588257 0
14.82083935690014 1.3730418637782 0
14.97963946583772 1.478389373115708 0
14.60337495157526 1.406735330286935 0
4.575250973435814 3.617097167285091 0
1.197662559848608 2.373085676171145 0
1.337314885527302 2.289299073968283 0
1.489437665914336 2.237078411852848 0
1.44775843257659 2.116754060721694 0
1.656394059259972 2.180795864293659 0
1.56733681898374 1.996262250263581 0
1.796344935600823 1.952291260632268 0
1.575996099464451 1.793825621751912 0
1.766091176111143 1.770234262950054 0
1.443306392823832 1.803563943075822 0
1.737252276502414 1.58410689197581 0
1.952771112484196 1.558929243303258 0
1.672879382916367 3.514513618184665 0
1.456635675155693 3.469861733628726 0
17.47245994303841 1.754754236087202 0
17.43978537369069 1.585267743681178 0
5.456110436450877 1.170461570366895 0
5.691342168158364 1.28105112742838 0
7.311351829658973 1.865582776452986 0
7.15989997342643 1.681813679211875 0
7.419872046058785 1.628723123865945 0
7.345124971162511 1.4290613882533 0
7.572453983811625 1.400039113710984 0
7.106141209112772 1.451905787509082 0
18.08127183286703 1.365160671146895 0
1.246022729571498 2.831605901565947 0
18.61013637546729 3.218398693935818 0
18.3328109495958 2.947106576660384 0
18.53946789410431 2.919446698543244 0
18.46809870715461 2.770395170440375 0
9.389379708959188 3.682015523353229 0
9.093973475107548 3.682307227597858 0
9.619349330227058 3.691032822960169 0
10.65601635288679 3.68746132024376 0
10.86786190468923 3.651800965425016 0
14.65628832681358 1.286845209123003 0
14.47115049281145 1.224101508332201 0
18.65137905610725 1.54107200689301 0
18.5997301675468 1.726666849413105 0
18.70890026110296 1.363233579783436 0
5.65265136463685 3.795780154564275 0
5.518301545841227 3.79795660980551 0
17.27665896688107 1.619298224683214 0
17.21775703599533 1.457081263222467 0
17.12838951098018 1.255000605691711 0
16.98556026278898 1.384925955059733 0
14.19593688126177 3.7114922565784 0
13.98169624206026 3.683084461041562 0
14.3436875140025 3.736614830290906 0
1.926565245587327 1.352720630791021 0
2.16543521727173 1.337501564059761 0
4.345321313168579 3.779754484897777 0
4.112646856247055 3.78379753742279 0
18.72756465709205 2.739306711263172 0
7.517799929565848 1.211653663636975 0
7.722871164041369 1.19243205437084 0
17.40552613363426 3.840666720029325 0
17.20455192042957 3.913176359888907 0
16.91097188529579 3.759320570328025 0
16.95907679156697 4.006223954729197 0
12.90868480720014 1.131363566872417 0
13.12843459621803 1.124132652619927 0
2.598158698404851 3.958896294920825 0
2.87868990445757 3.858169279394993 0
2.355956857644942 3.867101461309287 0
2.95992226539567 3.692406864243798 0
3.069548711961726 3.929195679518793 0
15.36505428368056 3.910213382335955 0
15.18853366638322 3.913146260912452 0
16.69556793564516 3.770075395790022 0
16.68820699397084 3.967159284580667 0
17.86541259472263 2.52678863221075 0
17.54892461460613 3.784701256941208 0
9.3711565924045 3.873688493051997 0
9.623440420079978 3.873502872931988 0
1.655996486118516 3.706038406950052 0
1.403164176879892 3.72291518899952 0
1.207347086796146 3.380250300193249 0
1.088545061814228 2.239594832976258 0
14.50607387019974 4.802023015957371 0
18.81984289395772 1.590075179140461 0
18.7780993529786 1.775764115567702 0
1.008491373753131 4.754245035154656 0
19.01545999684252 4.757312580389202 0
12.46539302367201 1.544807169928267 0
12.45274030727013 1.339162731641268 0
0.236629312149395 0.9867817672483308 0
10.72457373258982 4.793114460988246 0
17.3253315477025 1.235441391140603 0
16.90404184961196 1.157737887418097 0
16.8281906931064 1.345436443013789 0
18.10754792746757 0.2952300438667228 0
10.94527378937621 3.473890014560457 0
11.00450536610827 3.633272686336901 0
9.014635081440156 3.487935902982808 0
8.863090122252462 3.652840206135088 0
2.373737601705619 2.284423464731519 0
2.296495638597206 2.403008071804203 0
5.442520200977922 0.2522297775116593 0
5.982267254809747 4.775674600237725 0
14.65765919340717 0.2660798321469859 0
19.05333107124996 0.2158587596534733 0
6.523638716426271 0.1761930177190667 0
19.68764006227612 0.7971692284740248 0
15.8113422941258 2.169733543389992 0
17.35108785523295 3.081298491182156 0
2.15210667893866 1.120133704369591 0
2.403290718824398 1.126957357480319 0
2.406746132462048 1.334965987489991 0
2.647776889146026 1.137719328776571 0
2.646925787393354 1.340793701423044 0
2.889425355336083 1.149780478775759 0
1.895910373495989 1.130232157483825 0
2.887190096662064 1.352262824480635 0
3.129695857460755 1.160833078654675 0
4.143046911063472 3.986614434742588 0
12.70242756972967 4.779503233166487 0
15.71502658653173 0.2155269100058761 0
8.541750467385803 4.78375708217202 0
11.71135982745512 4.797012661181545 0
8.997338641810492 0.2031307536194942 0
11.69885624280073 0.2462635328912439 0
4.451872221317785 0.2124878504806476 0
12.92585826567517 2.840880513583153 0
3.831583113948355 3.600984332065043 0
2.583176591435234 3.125440287470217 0
19.80617151984255 2.218808050748744 0
15.56940774802689 4.011500457599604 0
16.70898274215855 1.081963331519993 0
16.57842447591499 1.285909516571759 0
5.901266387169986 3.794407891931257 0
18.40172272170036 3.49132534448574 0
18.63146447084089 3.46494569601043 0
18.63151251669363 3.693369396005693 0
18.80175466360605 3.238203498689007 0
4.360953880207145 3.97040793689369 0
1.145411266632548 3.620232749478375 0
18.7258611828665 1.964679875991661 0
18.27546154102577 1.299884750785784 0
17.99709118063311 1.1816519721307 0
4.458698468181975 2.135385927109215 0
14.74438654173349 3.201111971297308 0
5.522724193838684 3.947002748012665 0
5.387490907358703 3.934844461762409 0
18.9113909650174 3.414257346680304 0
12.45131213951039 1.141282137767412 0
12.21652350686255 1.141029844607532 0
12.20931370993271 1.342711717434466 0
11.97922718789738 1.136238375180095 0
11.96361344673737 1.340265517958904 0
11.73937195561085 1.12788287972348 0
11.717955129645 1.33416594548664 0
11.49637488972305 1.117632066891732 0
11.47176660205081 1.326280123258391 0
11.24979522761684 1.106900436235656 0
11.2240901512705 1.317451218756214 0
10.99989918609354 1.096513410530811 0
10.97481532505674 1.307853151886429 0
10.74877893111343 1.087219139674831 0
10.72484014097961 1.296820865948679 0
10.50263243498088 1.07938690539757 0
10.47689903443593 1.281442807487584 0
10.2750091300343 1.070305794563977 0
10.23678459719915 1.253092973217825 0
10.11446871248957 1.062697184830807 0
10.02601850387281 1.184112446328962 0
9.857240085213052 1.068382205076313 0
13.97999770865938 3.887336913733906 0
13.74285606497706 3.662576343321021 0
13.75016790855147 3.878089041516382 0
13.4965517773319 3.661075850994442 0
13.5173875390417 3.875028791516243 0
13.25356051094484 3.668678107846322 0
13.28124917316712 3.881149863236721 0
13.01250378698134 3.674060388850137 0
13.04033481344812 3.888050538505357 0
12.77026114050843 3.676425339600998 0
12.79595094969478 3.892338231567503 0
12.52614916960698 3.675072334122619 0
12.54805694378264 3.893578721917498 0
12.2792990285421 3.668706872489635 0
12.29481942049347 3.891426696448826 0
12.0293311105699 3.654868212701713 0
12.03173202668426 3.884372362205217 0
1.061458773591903 2.481331306212194 0
1.256911902951511 3.917681892321323 0
9.68760295091211 1.185306082214976 0
9.603488659826896 1.059684973103652 0
9.470087699264788 1.257263205524862 0
9.407852871227558 1.03284966244733 0
9.226869891272264 1.306599274503275 0
9.159137395141341 1.105038197589474 0
3.129165510342891 1.364131636429068 0
3.368157863055474 1.168995519767461 0
17.29710351709645 4.098747471827311 0
13.12465817206203 0.9433893535414777 0
18.98530182108814 1.611022235157746 0
18.98713114223808 1.473629019857899 0
8.986184420475869 1.350307604143619 0
8.92469536681112 1.147637369028394 0
8.75102944287422 1.388903197661186 0
8.687215582671847 1.185540713293622 0
8.520440592300064 1.427605104750533 0
10.82350720124258 3.760718185289283 0
10.55947896980618 3.840234472169037 0
1.967739001778424 1.748203838692801 0
4.970027053276604 3.11295081214983 0
17.7920163564174 4.760043963068977 0
2.991125291704376 4.108111591569081 0
3.166595501856944 4.180907512111798 0
5.615615013588373 1.123892759730419 0
5.873155433821391 1.226546025918104 0
5.422135722014493 1.055271317851683 0
5.947537658126293 1.400635568228411 0
6.072817717483376 1.168771690452079 0
2.246019367769634 4.802139700590804 0
15.30532420934576 4.122969152045849 0
3.371055793264924 1.370866101762584 0
3.602811409712366 1.173776937974144 0
3.608982633185876 1.371365852538333 0
3.83117613521497 1.175836902241197 0
8.880511162080804 3.849732039193341 0
8.658621278092273 3.841643682649715 0
8.6377173457133 3.640097150673783 0
8.451550727912288 3.850672840596976 0
8.414020908543227 3.657896320966312 0
8.241694174312567 3.897181871733474 0
8.20761226394681 3.695419033133551 0
8.08316979896609 3.863160262013867 0
8.030363511571014 3.746549297622561 0
7.87659392941191 3.82761051076305 0
7.769998675975327 3.676515669219043 0
7.60127049820238 3.773813145047033 0
7.504470427105261 3.615646476613072 0
7.417819666869973 3.868691550521324 0
7.321964401860182 3.679070092263282 0
7.10957262987787 3.748841577335922 0
6.87449060472008 3.852411772147675 0
7.693658638213954 1.033922454941309 0
7.491132168043307 1.023560741508634 0
7.834416627034848 1.039845081129698 0
11.15518641677449 3.41308146549988 0
14.53135234854654 1.042523935143315 0
14.34207013923928 0.9617415185698777 0
14.73504755980739 1.114626129523918 0
2.269949727533822 2.810482363161797 0
13.33319296818609 0.941362612749751 0
13.34068357206555 1.115214608128365 0
13.5256159253585 0.938905595350874 0
13.54437324836485 1.099954827564077 0
9.501170798797713 4.83180960232408 0
10.1709165235806 3.345823949283266 0
0.224548931991178 2.209822096606984 0
3.837494723728549 0.985761993419926 0
4.058538710943351 0.9941794726047242 0
4.050610177949745 1.175704668639831 0
4.264828507514299 1.007337292162175 0
4.254935214252115 1.171531822980856 0
4.412318235060029 1.026151135743758 0
4.444055315700173 1.150183760960017 0
4.637444336776693 1.109350625655029 0
15.07644045849619 4.050339191092679 0
16.53977182348444 3.757974412844772 0
16.42108017053751 3.896294499218206 0
16.56986198267571 1.018425521969883 0
16.43071869024351 1.102738308533863 0
16.24523815332724 1.215972868265136 0
15.9521543482169 3.3414712296792 0
6.143984313803804 1.359482806841691 0
6.295034189665349 1.1204119508032 0
6.357698974125606 1.32339252272594 0
6.530402073955705 1.090444985363712 0
2.531876657186276 4.139729465115753 0
2.331587576390608 4.109220410364388 0
1.645933152290878 2.569744344032467 0
6.821980907827507 3.666932930120566 0
6.643125278135896 3.832024246729826 0
3.13773420699332 0.9612503684472971 0
1.023461619410547 3.405065590585491 0
5.325251557692916 3.800261628314725 0
5.164869347990126 3.924010748730212 0
18.20894218349294 1.046249913365665 0
7.786663756794205 1.366697043062772 0
16.9872531520049 0.9692596879664566 0
6.790974095162909 4.000603490765709 0
6.645435232612122 4.001034627736906 0
13.75605055027151 4.073869931700597 0
13.66268004914883 0.9331484039134821 0
18.67087754056162 2.13533497162269 0
16.08855963117137 1.034820725734149 0
16.11380082955058 1.311497593810855 0
15.91512789952311 1.271628757570505 0
15.88853321941608 0.9850849840937375 0
15.74504128296052 1.086645472976788 0
15.71372550040688 1.360660285026061 0
4.020043579768725 3.297332041306706 0
1.05667025839654 3.827003374707792 0
2.15627471354094 0.8974507714339979 0
1.858116712125213 0.8621445379316359 0
14.22035352023464 1.163958606801187 0
11.95205709371904 1.547199829551849 0
3.134896473544909 3.752316280087869 0
3.025268357711083 3.575355040666799 0
4.181895558652572 4.175297106522486 0
4.390543821347616 4.159066193407051 0
3.98585009134058 4.210451139969518 0
8.552484060966577 2.870040910622512 0
11.03336055040591 0.8820534264323525 0
16.66552712034533 3.590094956418497 0
5.67553559703667 1.666187213281647 0
6.233776800416916 3.31319103974529 0
7.505500955912172 0.836505257829673 0
7.236846894554459 0.7755404161357393 0
7.543008629872686 4.055982721935179 0
10.28148483989854 0.8911723258937752 0
5.785590285926153 1.055775893051935 0
2.115578147600282 2.356881834902298 0
9.532141392016626 0.8580507031776585 0
12.73650245262339 0.1939799080260589 0
17.15585791889491 1.657801471284075 0
8.871203963898697 0.9458293072575077 0
8.630302361912698 0.9825888389378097 0
14.97639023096603 3.864761980217201 0
14.89075203494595 4.072947648995447 0
8.473084515217911 4.017008820582658 0
6.222405496061828 0.8793146513755399 0
2.886316768110509 1.554661080488732 0
15.60670255882938 0.8735641165112902 0
19.06475493207371 3.176701952856422 0
15.67542597163649 4.77887144499647 0
7.944434777921956 3.579289470226327 0
16.67900320436379 4.208623649285421 0
16.4155953743784 4.151883637420573 0
12.03115330505663 3.435449123292986 0
4.061696535226666 1.359323391604341 0
13.20717790158862 1.669330304272603 0
11.20506217189047 1.527132132351371 0
1.643833647131986 1.168983240459948 0
1.58579019578559 0.9441152471891083 0
1.397291718638549 1.232802570224789 0
1.327965524620401 0.9954591950299061 0
1.158625105712812 1.329913697482593 0
1.012296504992316 1.069463889856343 0
0.85670402754638 1.256496346432618 0
0.9002796657162051 1.472279655652255 0
9.366278124017931 4.068853747942018 0
9.627298735490708 4.079202976495656 0
9.902871902867924 3.83124192782926 0
9.906465221739682 4.089538065772825 0
14.4211224097153 0.8411759200857023 0
7.289540945373886 3.489691818096681 0
2.656470128974606 0.9344036372810769 0
13.99381952751634 4.115909194213988 0
14.23156557629792 4.071012430381289 0
8.135992353414645 4.050311226731518 0
12.45898076654245 0.9480497699047032 0
10.45051934372221 1.490550415306477 0
4.992429528990501 1.61811258030159 0
5.500230934950912 4.113893799049229 0
5.711604737992595 4.152771241399624 0
11.79811729192745 3.416440962454852 0
2.121206022973645 2.526267880488275 0
9.866879513225808 1.397377175211457 0
18.19512349711336 1.925337061720513 0
6.928781099255922 1.800492222851862 0
3.104679388531837 4.303345655636792 0
18.02794534000353 0.9011582044501578 0
17.89331321610174 1.020768273325256 0
18.78977512042679 2.174319075180171 0
18.92358014257236 2.058210798261364 0
18.97397974467119 2.29220745302788 0
12.00310192868558 0.9356129063566745 0
13.13401057685703 0.7621078041269838 0
9.049961393838052 1.55520790791194 0
13.88827356718644 3.224419643603443 0
12.57726459466606 4.114769529931911 0
11.53058928517026 0.9080828154454335 0
10.7523411643012 3.922887405043753 0
10.97695527202696 3.976974743706664 0
1.179310262110256 4.051780222064192 0
1.431219804369286 4.015075624677366 0
2.689980799395494 4.789462878856609 0
2.194960785765734 3.508804092406491 0
13.07360229527912 4.104618684133012 0
19.16509272144053 1.599172692437918 0
19.12320317725242 1.369179717854549 0
15.39237486368419 1.04249756325172 0
3.169130143260709 3.582544019609512 0
19.22437518253415 3.537278789201917 0
19.0594324435484 3.718564957362354 0
16.78709045406136 1.540119164696257 0
15.26966112163279 4.345795225800253 0
17.33307500306971 4.706354999061001 0
15.15988264042567 1.635121849134028 0
3.177303410370834 3.406605542946562 0
3.391455844435733 3.411937060940518 0
11.08267238387969 3.228729330866426 0
4.04642270600706 4.346828760658558 0
1.00925315917579 4.036888798565457 0
0.7841139560786168 3.72411721111104 0
3.863476563858138 3.805333733629253 0
12.15228340412995 2.170874513995757 0
3.324495877649661 4.2579201988717 0
8.613026448371594 3.385715285989062 0
6.488479633349701 3.825905141924676 0
6.404000335156764 3.987055310335172 0
13.22878956304368 3.45844649381869 0
4.30894929843816 0.8330877055398347 0
11.28731887459944 3.162489827663024 0
17.68015015943956 2.782323487389603 0
7.364460144475 0.6331248695509264 0
19.18389680695494 2.267869195311913 0
19.19630203178154 2.496177703984075 0
7.514796594267756 1.819999092302616 0
15.8705701917502 0.833814180213295 0
16.57740711258708 4.355917637611812 0
17.92588713193249 0.8183704556858054 0
16.48274511477006 3.62645834919968 0
0.6450614526430147 1.442831769668105 0
0.7646519917761694 1.710483633355491 0
4.937129306508057 1.437173246295214 0
4.783572171694979 1.652468920357828 0
12.74917550607644 3.463539747885487 0
18.28044284177438 0.815802021638006 0
18.44725213136767 0.8430423431294969 0
6.584047621433129 1.293089232600498 0
16.14977674323493 3.929416992068642 0
16.17356514193068 4.142642820046772 0
3.857274924299184 0.7943688076003896 0
3.625036886198536 0.7843329659206302 0
9.19966506176104 3.235526902242291 0
15.42022642366363 0.7785392768133095 0
12.91584283138122 0.7605059966021148 0
9.713073048369875 3.338397581528383 0
17.80485814457717 0.8718459267943217 0
14.17093295119364 0.8414296338612557 0
11.21479587534095 3.605794454250551 0
5.697826378261898 4.341989150547407 0
6.767947959582682 1.066785962114603 0
6.717524444142684 0.8698604019298373 0
5.038524676590126 3.798385923880678 0
1.294017599453754 4.222507508825027 0
2.226656178807518 2.20167595035611 0
2.333056171220035 2.074017945886911 0
2.492291089496147 4.267918179092299 0
2.350065111320347 4.292405241720996 0
3.785046875644883 4.273177324780807 0
15.45577595205646 4.308046830380111 0
15.19363481472515 3.565060527090747 0
6.199167079252126 1.546024595371609 0
5.469405343660868 3.49634696221458 0
1.075539218515921 3.200771709911979 0
0.9388545267508661 3.298414611367647 0
8.592896642031111 1.627467401226507 0
8.376040197514442 1.666903103631006 0
14.12364326640513 1.824525178995229 0
17.57246851297855 1.438810811106142 0
6.687228046397238 4.177541435106439 0
6.86663880688968 4.124148218268711 0
6.294505659708302 3.438399686034393 0
6.43205439463058 3.272356124397426 0
16.82060278387817 4.395873106435833 0
9.610766722371967 4.294526390132114 0
9.351433068184514 4.266838996102049 0
18.6308961511997 2.298967612125678 0
18.47312425467373 2.268547552386606 0
1.541089723476311 0.7313089217299937 0
19.35399793199389 3.776126604299968 0
19.11409945439305 3.936099514012593 0
16.19840247503623 2.879857711740474 0
5.46490492298171 4.3112069224509 0
0.7211785470360965 0.9969158008088803 0
4.908458524323271 3.886928487460348 0
14.11152231862864 4.2547297110355 0
14.27080435561207 4.247632132463053 0
16.6097170914203 3.410611481644371 0
16.80733339836485 3.376140792094683 0
2.011172150348111 2.247333742183756 0
5.06956154561013 1.976244144947114 0
5.865750558682984 4.355888449762264 0
7.538007519493328 0.6515118567784928 0
7.095752497128065 0.5686646267080198 0
3.649783385484495 0.5894841443181746 0
3.383648095176582 1.579797689602777 0
1.956905745219489 0.6431171980778472 0
10.94441018504681 4.176579086344567 0
10.64027664535753 4.135460288448507 0
11.1936266904706 4.205738129313291 0
3.376792134292589 4.142702460906068 0
8.296188794521608 1.469216769296938 0
18.30879796335755 2.757948052983785 0
1.580942425905649 4.292879208933331 0
3.221291127054337 4.433326200078389 0
13.5404336080668 0.7806160713961272 0
13.71633536173549 0.8185429193197185 0
14.82020356293269 3.938992562588277 0
0.2414771029405767 0.487603237877019 0
0.2515506156586582 4.502500793392551 0
19.52731683396755 0.2139059889181496 0
19.7551410262093 4.509670649974045 0
15.22061333765376 0.8522915543972587 0
8.583028016370289 0.7834510048519114 0
8.341865766559547 0.8090110039281277 0
8.820331940572746 0.749375192613478 0
2.41671193512356 1.537172684919649 0
10.17436291185236 3.87423248395568 0
10.02408719983613 3.635645895419172 0
14.90100210816826 3.710401172762801 0
5.163036347918628 3.678158105641462 0
10.73417336360532 2.943627242002429 0
13.57427102868311 1.276683283365791 0
13.78318508813279 1.258928701046818 0
2.101581095668061 4.111780370899757 0
2.121761054569184 4.363546632369921 0
3.674101702494754 2.846115493224609 0
16.97282638732432 2.160100946389402 0
6.759183660144136 4.365049459003913 0
3.627407772889158 1.572497904515984 0
18.43433576407428 2.433249999666645 0
17.20885577123023 3.299742750395107 0
16.41587208979067 3.448183970746184 0
15.26938949905961 1.419135530893641 0
15.4063908820727 1.667730515858013 0
1.96270810324285 2.850934017500153 0
18.28759440767544 2.399529366702766 0
18.31734751700568 2.240946473154017 0
2.934366830646503 3.430796976214144 0
2.966351137996447 3.201428005131309 0
4.910703608887896 3.70586293705138 0
1.628975893328983 4.07975215795534 0
8.384839008990216 1.014362554341065 0
8.108322086519149 0.82304628965597 0
15.19829007353366 1.884920179372609 0
19.4027164375001 2.245029154049891 0
19.42690740837242 2.471031714443005 0
19.18645083927054 2.727330666958024 0
19.46227735019026 2.74004361635098 0
14.34040191037981 0.6788320863583497 0
14.57471320488336 0.6816056162876092 0
12.63946446268405 2.019276730348573 0
14.13100794958073 2.98442271543259 0
16.221194807222 3.490208126997067 0
5.954922102969978 4.201966401249141 0
6.126820895464528 4.369901489564191 0
14.44476588666058 4.049483946202306 0
14.4963298716701 4.243421761956101 0
18.84015477822784 3.926868011474665 0
19.00171706892321 4.186786761525042 0
18.80147558931606 4.141502570375245 0
6.052100561190231 1.900234778269632 0
12.03719917117059 3.227709172616922 0
18.39999056639438 3.701530705822709 0
2.181974478063362 0.6832525237386331 0
15.21918086663229 0.628069463575478 0
18.87564672980553 3.101124048884731 0
12.26225220510445 3.243561052565294 0
5.008402262862864 4.033235326405933 0
19.2926590759209 3.23778109960985 0
1.993821081920876 0.5003851330341496 0
11.21456309848366 4.009502076204969 0
11.42323557788292 4.234906182679403 0
0.9844596289965253 3.097801796788913 0
0.8191928866359213 3.132608769956583 0
0.8322614505118597 2.942057927474901 0
0.7033620657259085 2.941943005325005 0
0.6823079618752956 3.280368731238941 0
18.93688479456685 1.262598283263469 0
19.18253962493393 1.14478053095965 0
19.00301835495176 1.081932888842535 0
19.24403467704585 0.979013451605278 0
19.07777322335465 0.8981507594515388 0
19.17571686681974 0.7364464544373872 0
19.02699673730388 0.6213806755093156 0
11.45741654477465 4.046899277927944 0
11.58948832533649 4.265873368779591 0
5.709055674297637 4.545915087185555 0
15.83522721429322 2.970894701404895 0
4.84204337410034 1.829953534502769 0
14.78834736092646 1.969670372690461 0
13.86987693780356 4.272912518977398 0
18.38422574026353 3.912614064060541 0
18.1631807836107 3.907556773003683 0
18.35989636632265 4.122830063446671 0
18.13679187144826 4.111937097902272 0
17.91897795141322 4.093289160048582 0
18.10431123335086 4.322285491733375 0
17.87575795811175 4.297374286355179 0
2.715821127137576 4.209799952195598 0
5.092218811789752 1.22371676365368 0
4.687076491691428 3.270384257162409 0
14.4987268520151 3.384288030418706 0
1.543715170970003 4.528374646450779 0
8.456356661764827 1.862179566426058 0
4.157441550193605 2.988869641958848 0
19.1708573821865 2.039820805736823 0
11.23284677566483 3.030142565568027 0
8.07867859363456 1.51267975607032 0
6.203481934383907 3.53675976649563 0
17.74233571645445 0.6767988077166827 0
17.54741297736375 0.8030556387187915 0
11.79208595600003 3.179306417583364 0
19.35668824698824 1.032681869159625 0
15.93581205561464 3.946768356954226 0
15.94569112657045 4.131614558729607 0
16.18552997190227 4.361099404821804 0
5.864943946118368 3.000627266417911 0
7.256689570933385 1.021782678890472 0
6.442730171921597 3.453611958702302 0
6.657814246153754 3.26577979269525 0
0.804035944739482 2.783609808073945 0
10.21387033805197 3.698233590305622 0
12.93187673119597 0.5741252305609437 0
7.533418299793959 0.4543442522123944 0
8.310714458992745 0.6093896745816534 0
18.44832491913424 0.7129149382418274 0
19.35732133552774 1.359395168360404 0
19.366356805222 1.577488986323915 0
15.02025877891375 0.7907692733405636 0
15.00370674659791 0.6428142740475269 0
18.93023426534824 4.332122383946812 0
19.17923092985964 4.278459879509685 0
18.77363877311272 4.339105509705087 0
11.47872200352376 3.082106011430652 0
0.5820665075992633 1.633960662379783 0
0.6565712873438851 1.884871699899073 0
0.9363118848527119 1.825359766196539 0
0.8023871759836894 1.988493488384815 0
0.5783690535316417 2.003163760121036 0
0.6431535884639565 2.150401755643845 0
0.4456457567163739 1.436410148495684 0
11.62774437134387 3.40280971673364 0
15.43497784055286 0.6256208574453561 0
4.730827183309039 1.470588809290595 0
4.521419851400834 1.501984977298002 0
10.22767391860054 4.104693734679184 0
10.17437537150524 4.351649937727604 0
6.404767622888492 3.070572046298073 0
4.567940076798601 3.957755043943028 0
8.07305584091835 0.6325589146605852 0
7.211660682027976 2.059905486313007 0
15.91016769378557 4.365125002949867 0
15.42895511374448 4.560055546970561 0
15.09631136512288 1.326226253591674 0
1.021583910412151 0.7438575240442695 0
0.7471315177642115 0.7287095462663034 0
3.402979337677674 4.470381534798793 0
0.7645216291808374 4.013800392060173 0
0.7586977230685221 4.261298690741976 0
0.4920098450017178 3.757654358607218 0
8.662420115926505 1.822822455783398 0
3.332201898295551 3.790344321570366 0
3.886987055368878 0.5996762088311978 0
3.010063415591168 4.509856048147615 0
13.15488450696952 0.5777743106368893 0
18.2491667612211 2.541824973068175 0
18.12865150948146 2.515895926089719 0
18.11754155428694 2.606523645721738 0
3.932451225079173 4.497174571249073 0
0.645338515396972 2.837972073243097 0
0.7478576298162913 2.623719994089943 0
0.4967679641288818 2.921409579330047 0
4.604319798771929 4.13997179640478 0
4.421233399091514 4.35264374681702 0
2.049830342503354 2.098108000321922 0
13.60723817706011 1.461820940567552 0
15.14494075700531 4.477463227476892 0
16.74537302874469 3.192573850348337 0
16.94709187394407 3.158378880194601 0
1.206229187423482 3.085235798095584 0
4.20988468158414 4.549963794286359 0
14.28774305901119 4.418395854331024 0
11.41763291016216 4.412800246252901 0
4.647877298589939 4.337825808694863 0
12.03778154242522 3.036802003034958 0
6.818168677813266 1.268224432179653 0
6.635319951116483 1.489257040428867 0
9.32727183379534 2.915645285427205 0
2.195202492241067 0.4529906314144445 0
8.77459756291886 0.5672930512793031 0
13.58394772101171 0.6059489292307185 0
13.78941430589457 0.6447584960557087 0
14.74303119001326 3.767624008428674 0
19.57605612910519 1.555375283781401 0
13.82082168298036 1.44573375192964 0
1.476459089360986 1.44372167605455 0
12.68499592353723 0.9478830797472233 0
12.47252242883821 0.7590038814787881 0
12.2535577304709 0.7534310254039749 0
0.5049085959777866 4.256766676642576 0
0.7573445012613291 4.506439291572688 0
14.84431716534373 3.595041683682072 0
0.657695127274021 3.498949408054297 0
0.4649853593363016 3.533415177870022 0
3.411526420576463 0.5803682068529243 0
3.390059114029079 0.7749955094320606 0
3.172499765760194 0.5705796909701932 0
6.66404925448894 0.6851961176243262 0
6.456692512152348 0.714607209653358 0
14.03497986276458 1.424377939426403 0
18.81953972125157 1.023516437760362 0
11.18829348890796 4.400771886213596 0
11.73881608915303 4.136884217058484 0
11.8516402932015 4.376597100991011 0
16.65287343351156 4.485511933650775 0
16.460078796853 4.552340012426461 0
14.3960355215511 0.5240364727574078 0
17.72973006747677 1.122561682524095 0
1.718297428454234 2.341658877556992 0
17.95526712246836 0.6914594651810306 0
3.59461916749486 3.610303349194428 0
3.817578886021508 3.423188977641893 0
11.03082188855857 3.020348478790751 0
7.94448514315579 0.8286291357033893 0
6.557519289588157 4.403684475502391 0
18.34304606099887 0.6527844967677365 0
7.000815909570919 4.326024270482367 0
7.115919161167673 4.180701772026007 0
5.268376145928647 2.190791564247806 0
17.59975624242442 0.5776472443938236 0
17.45512926521506 0.6478700603749683 0
17.37358588279178 0.437014294557065 0
17.14271705718842 0.574587305157779 0
17.9464490822474 3.89765197828634 0
1.09504815829103 1.957702722570002 0
6.608773992128397 0.5135149289095438 0
6.407964863651218 0.5506790842147657 0
13.88085854137691 0.891863969369068 0
16.88515523847393 2.980506280919692 0
19.48095836275766 3.949055474580663 0
19.5092205193885 3.678355140328043 0
18.59384361752551 2.473070385412334 0
12.70805166066146 0.5732978962655018 0
3.438889517486367 0.3865497777967253 0
9.570909062459089 4.495670106013145 0
9.32490429705236 4.459709519561939 0
9.106982475216094 4.245202131762401 0
9.084777012113657 4.435093262639841 0
8.874510718994687 4.22474634519956 0
8.851269011181225 4.412081758951985 0
2.403442631405984 4.450416586323184 0
17.08661034924547 2.947231150457618 0
18.62102047057649 0.8231484330794279 0
7.2541565395736 4.428006337281742 0
6.808340013005713 0.4715845020128544 0
3.41618422434487 1.793479943878889 0
3.658281173632278 1.775337369274269 0
3.129516544049519 1.823780676107849 0
4.686927086426665 4.550730491604496 0
4.93614377447705 4.535314763168811 0
19.1308373136896 0.5368736946269741 0
19.26401523968875 0.5855370858109243 0
8.28407247155007 0.4095460681313248 0
9.853321822093896 4.582657854900824 0
17.41285607958081 0.8831729148215341 0
12.27587369821818 0.5721783518034291 0
12.07794249333393 0.5534666834453019 0
13.63773553524422 0.4126271124375354 0
15.99382492441792 4.543011490309659 0
15.72880493178052 4.513837102843495 0
1.279286572390955 4.508883345173963 0
15.39834510953154 1.856305268287935 0
15.55359440463346 1.690517090551066 0
15.58195056761448 1.824684009396803 0
15.7736890518774 1.775800097502109 0
8.946190351304406 0.542754248546055 0
9.088431450172369 0.6828829416957158 0
9.26488483403771 0.4415746182626408 0
12.95294294094149 0.3853272115354973 0
18.55573030704646 0.6458363495178954 0
1.85973862240229 4.10713607599172 0
2.008439062702648 0.2331457379230533 0
15.99916400707156 1.724931459754087 0
16.03115160664516 1.943886649486863 0
16.27831458062374 1.663488288615646 0
16.27484546211932 1.928189705725512 0
16.53949121614331 1.720128940819073 0
6.833079597482657 4.557034635068698 0
18.77076038449281 4.540925230656613 0
18.53853365936031 4.552185705336041 0
18.06944098054424 4.541610404938689 0
15.33289621107051 1.283498762550755 0
3.25141895940995 4.642443214092323 0
3.656776834808775 4.564357268356058 0
19.1416769664758 2.954099870809243 0
5.011117821385018 3.569600414912641 0
16.93836324242233 4.563725005027486 0
16.97480894567614 4.293503726554393 0
17.13643769205477 4.461360697963686 0
1.836624967592115 4.329066902486364 0
2.040723099469855 4.587601605887561 0
1.75854167892366 0.577940772072822 0
6.66103828238436 3.463105258310591 0
6.839577585869757 3.26234971665122 0
16.51817405419591 1.934061380230629 0
15.18546163364843 4.611477371567609 0
4.719938786077051 4.773390037868027 0
6.214594536680478 3.813813535372068 0
19.36115132271691 2.997194177563794 0
19.60783623033229 2.86966112730899 0
0.9827904056816266 2.727824813893648 0
16.0397456233465 2.15778134786602 0
19.58541131165063 1.782237908622579 0
6.75920642965032 0.3209287568667665 0
2.901589871013085 2.191868250126274 0
2.786000533385064 2.034061082384933 0
2.952526476408146 1.963008825960256 0
2.61505273075069 2.094924770405113 0
2.697663935358291 1.883967744199782 0
1.232440872453088 1.809752949505382 0
16.55579662460349 4.777514865344637 0
17.21573984008694 0.3365178349275757 0
11.1413822752196 2.824041590798476 0
2.781198300121482 2.816964351337003 0
5.031971749748758 2.16205169006297 0
4.753613887050644 2.097451491784282 0
3.967141969480718 4.767465112103101 0
19.57192232049576 3.031117087507497 0
17.96934643127677 3.70278683801486 0
17.76917629977804 3.679320395936751 0
0.5713800572990486 2.689698740791158 0
0.7050173548021323 2.431529746097203 0
0.8632378768630691 2.453131592218268 0
14.11379519469074 0.4820347499063913 0
0.5000367669162866 2.52636446960154 0
14.78769927274566 0.6668928673419774 0
0.4755617469594267 0.9819937363598825 0
0.4869516336810751 0.7261297957077286 0
0.4829248026019659 0.4693016472761933 0
18.30478456337415 4.550920392940936 0
10.10574754119052 3.46907471960594 0
6.176242222898757 4.102567397458327 0
6.287861969315792 4.276733219678113 0
6.234525514836125 4.469315581590354 0
5.426889827893829 3.121903743542509 0
5.201709659390761 3.125686347128657 0
17.83124645451364 4.522577193603979 0
17.6189434802975 4.229439637434059 0
17.59237842108909 4.50160253572759 0
17.36142042148518 4.284031756556964 0
7.785042523690204 0.4433362507330658 0
14.54334158156398 0.5137907354740514 0
19.30153810149139 0.4131670479624958 0
19.57432597441265 0.4561105673040426 0
15.87860842514398 4.639895200269692 0
17.00818350329328 3.339837093477385 0
7.99482840168152 1.320921763007548 0
6.866862260921319 1.466990486684753 0
0.4297951548135224 2.178485658706922 0
2.703440083698293 3.34812694901793 0
18.03461149215109 4.768746942877983 0
15.05460688362431 1.045557647416853 0
18.00289139816825 2.517128371058412 0
18.02117435943374 2.666923216138682 0
17.85458303728042 2.666563920024946 0
18.12353706445808 2.719285411985569 0
2.99101708521011 2.82138663047115 0
3.201209444591844 3.020467651115888 0
3.424321969315352 3.03151631623985 0
8.213128772840466 1.267782168184586 0
16.86262897886683 3.561893256396057 0
0.4405833118868987 1.992915958761589 0
1.264371700492809 4.757849168563069 0
9.841097144061289 3.567791392550047 0
9.923739641720497 3.397557761884754 0
18.50718808965244 2.095091678333437 0
18.34048347347539 2.069983918763375 0
18.16567251461542 2.223461286150687 0
3.437902284006356 2.834601592479928 0
3.652526979187539 3.048192642977019 0
15.04544494136963 3.64063649793097 0
3.87658071326679 3.082638659867838 0
14.49521971134495 1.592161415671146 0
2.463112418891096 1.929178353707341 0
2.242329522665388 1.85994657957386 0
6.687706444292836 1.665969302151469 0
6.456100596210684 1.738153716678165 0
6.60407311132855 1.8349319607379 0
6.234247647139594 1.730633910592691 0
15.96782468690854 2.802596790652722 0
16.0194890280786 2.933194570308977 0
16.2775630350802 3.074698076723031 0
2.760477456735933 3.16961866824037 0
10.93368114338229 2.79702556667707 0
18.14712660214519 2.378752575211077 0
1.738571241365817 2.688112171528727 0
1.856785033566563 2.611348628244562 0
1.903934183834016 2.697983738295285 0
1.787642149472202 2.486944656446898 0
1.937772724351735 2.424509811666429 0
2.182007251105807 1.545898688321936 0
18.96391434967084 2.720594786514116 0
14.45963891928551 1.405419799978317 0
16.39698027224641 2.841875292109622 0
16.47546035720982 3.038484783952165 0
6.226164920801835 4.789223030362121 0
18.15459247176471 2.971892640987464 0
18.55810246932717 4.339393909564611 0
18.97579272796234 2.506007950648135 0
6.411889406072115 1.520231769678923 0
6.008201697322798 1.569379106406755 0
5.766518991706359 1.44678072046174 0
2.013779170155164 4.792471371039897 0
17.90652102963968 0.2396898235824434 0
18.35879858905044 0.2428292967821637 0
17.73048356813979 2.539646981229458 0
3.152628939125346 0.7645627552663892 0
2.933446630737991 0.5585315269008455 0
2.913647574237088 0.7516572274022264 0
2.695608977275564 0.542007286762453 0
2.719379916161782 0.357962821580267 0
6.97279664404244 3.472741421591872 0
7.145931952668741 3.211019587240334 0
7.358677335689162 3.300048556808683 0
7.255446531058084 3.018360316392225 0
7.510440943548254 3.081338648259921 0
7.534532857747302 3.395828436477863 0
7.681650708428371 3.252950286060971 0
18.54824756042142 1.912498755151463 0
4.274820613444353 1.3448564289517 0
4.08755121069589 1.548273035298934 0
4.308023323555513 1.528430987329344 0
4.124194659977506 1.743018983189671 0
4.35190310765533 1.719263500694298 0
4.57211335925771 1.687751876744202 0
3.088319214225722 2.12895802823573 0
6.290016607043071 0.1934406089105836 0
6.119227580065806 0.4260882645098869 0
5.904968951655131 0.5067418772117154 0
5.72172036481608 0.6170774692989156 0
5.613734262796415 0.4791498725871137 0
5.555438220421923 0.73470927493767 0
19.80440957482107 2.375305377467414 0
15.35603309062975 3.488027657759064 0
15.11911528550598 3.439564732240438 0
15.03670060320862 2.142568188499761 0
15.24190867329416 2.100873336588359 0
17.06174833002074 4.741870297282043 0
18.82375697492369 0.2418573851658028 0
17.55296084140837 4.745528650205861 0
5.301425726098371 3.565038207377026 0
5.193979508011012 0.2423651086069611 0
5.132818520564954 0.4787423488312057 0
4.89105175422616 0.4533592650652709 0
5.069851139586903 0.6901257724975156 0
4.844882663087919 0.6706494526835514 0
5.039438059923674 0.8722070260008017 0
5.184273469321562 0.8716838713616668 0
5.055673978176271 1.045529783977655 0
4.648741559930473 0.4378542442557891 0
4.602845369591455 0.656723560947577 0
5.405192551080922 0.5368324515704108 0
5.260101987901349 0.7502008166619138 0
5.408367450102484 0.8586013504675372 0
3.892969481985136 1.760337818699962 0
2.470962303144109 4.802191357628799 0
2.641606258489887 4.595130553364775 0
2.094763049159643 3.894066065596056 0
8.784992373005203 4.799918911980965 0
8.585722864924387 4.577258176436961 0
8.354744490972752 4.535642084680484 0
8.415804344957696 4.34403408967818 0
8.220806161609444 4.283651556028465 0
8.138533986226349 4.464954506259452 0
7.942057069320448 4.372261444753882 0
11.46810573412093 4.799105961309492 0
8.448443592547981 1.222784125914161 0
8.103734243910344 1.040722589999783 0
9.268853974464603 4.822311198125476 0
10.97554573570209 4.795869722573539 0
12.49912173068376 0.1981278933997475 0
5.841284944292116 1.608031944665223 0
15.4752112894186 0.2140838142818215 0
12.39274125994016 2.180005235869449 0
12.42043741838096 1.993734617510375 0
12.17697162827603 1.971859723133277 0
12.19996414408424 1.764004576076841 0
11.92443267840755 1.961743411458384 0
11.99307157430353 0.281120313203282 0
11.87124376580041 0.5137917110288825 0
11.63524324443989 0.4784410594727069 0
11.81154513570929 0.7185169584083893 0
11.57600715424692 0.6965266442361444 0
11.38384307300523 0.4580959413555581 0
11.33009792497788 0.6785055124230535 0
17.4934111766568 4.015066029805618 0
3.625499745295368 3.237332746343709 0
14.97603979907078 0.2304010334297635 0
15.60265365325324 2.182972552180623 0
2.673236420344542 0.7345955648337952 0
2.256086335153213 2.529289422830552 0
2.128015831572599 2.624236417126266 0
14.26300939694985 4.782842613897031 0
14.74660433934338 4.809137812999744 0
14.74695098498387 4.623611636702551 0
14.51287441775952 4.612404457838548 0
9.780244212150386 3.689790217295173 0
17.63595107455166 0.9615243697728295 0
17.57194405493966 1.232958793023482 0
19.75383931266768 1.05998591027225 0
2.086697818972574 3.670367842913826 0
1.089095146015838 1.663868055586817 0
1.271913874900019 1.533321820098723 0
10.28576546638342 3.531778819920153 0
9.648686441014249 3.518360034348698 0
15.1260950380726 3.793520283207226 0
16.763767468509 1.742940747396901 0
16.74835135019693 1.948429268043322 0
16.74753371918108 2.156333188888057 0
16.96253143298715 1.959579946927334 0
17.15924753970673 1.963176400056613 0
16.97101819686339 1.766197296865271 0
16.56998015217779 1.519669153237348 0
17.75523785893432 4.07156668903038 0
13.1660870615794 2.841819782753876 0
12.94678099121272 3.047277502568392 0
12.70937235734996 3.046474145229667 0
13.18575345389185 3.047774818062347 0
13.42586888258166 3.051326781608615 0
13.44046982374245 3.248402235863072 0
13.65530879648724 2.840854297519611 0
13.69951653130127 3.078374657040072 0
13.89258969933433 2.826404498972264 0
9.691382150755617 4.699269275715655 0
10.17577964742356 4.575634523415358 0
17.82620648776647 1.280195578149218 0
2.792560185553255 3.609326498678171 0
13.61628170098621 3.243334728162054 0
13.46935358649418 3.447964577584909 0
13.20606238594337 3.252253539544884 0
0.3001357212110474 3.043552551578647 0
0.5260283078001304 3.177993052446518 0
0.2403345517055708 2.852565539589591 0
0.2357166943528402 1.464281612780945 0
13.39134144425733 1.475385689511889 0
13.42839381878738 1.658880336345466 0
13.36206718029669 1.293360539324505 0
1.284652303802513 0.2481467146964405 0
1.033108545788611 0.2323569726301566 0
1.291281364569885 0.4954285013404993 0
1.031939586857316 0.4751121272779173 0
11.9400206428322 1.755359907435607 0
11.70215316541197 1.541385607100219 0
11.68838953570843 1.748930713790418 0
18.38288174031289 2.588598448947665 0
1.347491559850853 3.195053089619579 0
19.61052446899441 2.221693200732045 0
16.77852835794051 0.2409284707566561 0
16.83724680091386 0.4602730292143513 0
16.62042621482692 0.5449666613595745 0
16.69472154863363 0.686630012117696 0
16.43628275403646 0.659687827573624 0
16.90082918238168 0.6953605982596029 0
16.30414320863282 0.5281316084565606 0
16.21284275863989 0.6424613751677775 0
3.956368030114076 2.869291869602087 0
6.652250590190309 3.654580638261296 0
14.36653026506585 0.1986067924901387 0
7.203058864264878 0.2634175064909208 0
6.993429675541741 0.4038873474758486 0
7.507410715378546 0.2346012776739581 0
4.969971196025253 4.768806630992145 0
5.197685174727037 4.526091710368457 0
5.459680644227866 4.535176465371245 0
5.477546759000496 4.767807839813354 0
0.2318817165797977 1.229950713139179 0
4.208884209602255 2.152354974102566 0
2.891720634385927 4.750662524171605 0
11.77788672478727 3.627981275635679 0
4.849312397172747 3.794428862796835 0
2.650921980014845 1.53811246002409 0
10.33079745312233 3.875618251116469 0
2.784335309095781 2.993411808673094 0
13.69391732607811 4.752740812904497 0
13.80683283109466 4.486718388067391 0
13.63354244473869 4.524796428888179 0
13.4480485719431 4.766438758615296 0
13.40073969175759 4.537361744583239 0
13.15474105328476 4.546939623088512 0
13.35819811490149 4.313360610787507 0
13.11221770686504 4.324165762812224 0
12.90661574202752 4.553381546323497 0
12.8646515054916 4.331366883914053 0
12.65653278018769 4.558548046980255 0
12.61413550367146 4.336842812220786 0
12.40491588061484 4.564295404785677 0
12.3597079839263 4.342668824871422 0
12.15409995921983 4.57286830252391 0
12.32163838765978 4.11745906908501 0
11.95584381346368 4.792413775341239 0
11.90908242848985 4.58505387653633 0
13.31691605823072 4.095032737974669 0
13.6195965764106 4.295366385514789 0
12.95250591405629 4.776379604220075 0
12.4524686071456 4.782811875800423 0
15.95302186677871 0.2232990657437526 0
15.9083619211378 0.4354303671283004 0
16.12330584326983 0.4592915968177413 0
10.20789664172931 4.792497012557464 0
10.4462274647868 4.580059125629678 0
17.97185981578489 2.986655392421398 0
4.20588150990667 0.2063930728596617 0
4.163244603812297 0.4116331060768017 0
4.405736929773977 0.4241317219484895 0
1.838511883690487 2.781070933081434 0
7.87530356053245 4.513642255956642 0
7.704133612755655 4.268480304009477 0
7.708849525217657 4.511349684578921 0
7.503360504588372 4.321592905857916 0
7.867350380418078 4.085481996468989 0
17.24780221911958 0.7911690172070773 0
12.68746039643961 2.840227110505952 0
12.47520459676167 3.044427843369535 0
4.480842425356313 1.321169596521274 0
10.43162554100674 4.215099115723522 0
18.79198795105923 2.309369505920382 0
11.28567931679945 0.8940322384902732 0
11.07703250755648 0.6642194365083154 0
10.81493654382835 0.6510433845970724 0
10.87452377918264 0.4300772723444086 0
10.63002261160443 0.4074565875312897 0
10.51476197301782 0.6321172085391367 0
10.37229560084099 0.5182900619347022 0
11.130939445218 0.4438576134036381 0
10.93954550008117 0.2138994516290742 0
1.526841894660265 2.4219256864461 0
3.133061543193782 1.575002528459804 0
15.95035658312453 1.510690549950288 0
14.64598659179003 4.00771370125005 0
14.78681821934996 4.26373164390459 0
8.163764195852456 1.707554173992699 0
7.950390430161294 1.746502511513943 0
8.253472115628568 1.904689644957299 0
8.843529316438778 2.922328806291032 0
8.730206655410658 3.165760422982351 0
8.523004425589429 3.083886524220772 0
8.928480557108637 3.269632520166167 0
8.480348145180182 3.230762983934355 0
8.362487390467326 3.448394382615983 0
8.319471234694463 3.240898263739985 0
9.097336736414102 2.831751198123476 0
8.14312230426342 3.499195520710581 0
8.050102781208555 3.245947708342831 0
8.332324873201697 2.841780518762465 0
5.690063967576703 0.2579717505363064 0
3.609727893221005 0.9786569272414443 0
12.82781142835902 4.110783309357236 0
14.46755244684624 3.616388415972517 0
8.293811808626497 4.755298242373338 0
18.00750762922281 2.373580564596022 0
0.2516727320401664 4.253303519161383 0
19.75893306536208 4.268456678924714 0
19.51521122578545 4.522024400943461 0
19.50916836042228 4.758901041318916 0
19.28712290549378 4.526350515502145 0
19.49485682699666 4.264349676240132 0
9.293365787828115 1.517511415223875 0
9.108699087168336 1.7605837694186 0
9.352157763432619 1.731785373591413 0
8.879192482887362 1.789768102970253 0
8.930785487946531 1.984814800746345 0
9.552240140728298 1.472026780693291 0
9.612287450201539 1.702313776705676 0
9.888782247588694 1.684941835683366 0
9.65188577760958 1.930343540983315 0
10.18807479694049 1.460829934970043 0
10.16779404947496 1.691334054846214 0
10.43433233148051 1.707766867690528 0
10.69014026188746 1.720393664948021 0
10.43042417929314 1.928156715673976 0
10.70493691635865 1.506948948938953 0
10.94179321925457 1.729501763017238 0
0.2442137012024137 3.759329225014087 0
11.44236156717804 0.2313705412584834 0
0.7544906337530257 4.753134038155849 0
7.100341714653413 2.968312351010134 0
8.751719958060853 0.1984866427499425 0
11.45403623233705 1.534579469944565 0
11.43962704781452 1.742959621884499 0
7.728265439693767 4.739038783733257 0
7.477589919730431 4.730293059705881 0
12.2705541587936 3.452200316276878 0
12.50972543465943 3.46056263094372 0
10.21775421143852 0.197306938472801 0
9.972394375570692 0.2027775263823304 0
9.960108309208506 0.4050763130317541 0
9.675039726592727 0.4330495619999692 0
9.760675763716669 0.5955860664124897 0
9.967053578429642 0.6276068819236169 0
9.477544326748697 0.5992257271071904 0
9.828662229820869 0.8081658607407203 0
9.485740004492623 0.199154166855259 0
9.245837279587853 0.2033643229946951 0
10.1969177388201 0.3865326370180293 0
3.714472593590818 0.1970408361239029 0
10.42298543107515 3.984811042850787 0
16.34786040552255 1.376989573954728 0
10.95629123000231 1.518094467549457 0
3.508900841930369 2.183196880778165 0
3.73060828503256 2.171992008611171 0
6.642801855946049 2.848971838490161 0
11.17287752423924 2.15619630276106 0
11.66252964239266 2.161206017527645 0
10.92791098159134 2.153579534969333 0
16.29716909457487 3.679033955157169 0
7.697851181215693 2.184182292811819 0
7.47538423837744 2.198653288400608 0
19.78035662098257 3.029177918736826 0
11.58173049367623 2.845925864527787 0
11.37922519362043 2.88460886505756 0
3.534606183822927 4.341511263781672 0
3.861633786049595 1.562208748841371 0
7.94359097613402 2.905168802336609 0
7.752793824528854 2.851514163083293 0
14.0411642223864 0.9969438668518253 0
13.98908003473408 0.7211570908898366 0
6.251916316718961 1.911241053329388 0
4.698755359736268 0.2196506222200361 0
10.3917580284564 3.758930875555515 0
4.086081167945346 0.808171886116263 0
8.865760138542473 3.454383357157901 0
8.818033692034513 1.59049234452512 0
18.18050951365934 3.705792520682908 0
4.827171149152324 0.8781240071656033 0
3.840623480525141 1.367342249505846 0
13.90720091993826 1.831262044078068 0
15.66779476327962 3.832728436284969 0
15.88425667244533 3.767281330075823 0
5.378951278328779 3.667270736311631 0
8.547912101520335 0.5892638975548794 0
6.394173223145302 2.852421531125084 0
16.15139495555597 3.302196136450105 0
4.625139457130684 3.446106238986439 0
14.92564501159465 1.212945787671011 0
15.46233486304428 1.480710797573018 0
1.863833382039179 3.536447780595398 0
9.119231079801454 4.054039115022637 0
11.90805840478394 2.164843698165948 0
18.34339825698269 1.860880464703978 0
17.98363391813092 2.82537279753136 0
16.27662709167695 2.151320103498778 0
13.76362669220337 1.055290376371207 0
3.9701564582401 3.416049026937001 0
2.435718749383813 1.726994835325547 0
6.484747546376102 4.216585348332459 0
12.98928513033876 3.462670186941883 0
13.17199944466953 1.488319811223139 0
11.77066990692315 0.922582891280044 0
1.695895874422297 1.386823286116881 0
3.287600109794582 4.008678566105781 0
9.106339456359249 0.9134985537349589 0
3.917679193812009 4.016491718747396 0
16.07516689672335 0.8108066190000021 0
1.655173101455855 3.891393483401987 0
17.06767306991007 3.525369377012646 0
16.47920694358256 0.3132697958327282 0
5.285503413768649 1.196970576406563 0
1.984706925671878 1.914255767451847 0
15.65390758396365 0.633107813698937 0
12.7297719246953 3.25378964499517 0
8.3392289136527 4.017390848838799 0
13.54682690547421 4.079637023024879 0
11.36719003599949 3.342719242937853 0
16.79572411241421 0.9045086734057131 0
12.20853769831023 1.55117344607916 0
2.390924741030831 2.532911254746386 0
12.96787641528262 3.25404645619147 0
18.71714564679093 3.022728267887878 0
5.976327920691367 4.524019791275256 0
10.8599552842517 3.296394288887345 0
6.403545010348028 3.663584215078146 0
13.34522272668715 0.7672856342128951 0
7.030677976464732 4.041131764442448 0
9.050461465883082 3.109876905856291 0
1.71079332224439 0.7164950935222201 0
10.93970614165297 4.384767793911455 0
18.45446891916412 1.034964402046946 0
16.87327480487471 4.1741329806495 0
0.68291401912529 1.232433367145649 0
14.57784902445983 0.8615665192543378 0
9.276951551659495 0.8969586283720101 0
18.77184743482872 1.198702489869984 0
9.890879762335127 4.324368748082666 0
19.69593428040684 3.779231271599353 0
6.48960052985262 0.8922022548788915 0
16.41572181962593 4.357615280479106 0
4.828110305104846 3.493779225781275 0
3.376097651658992 0.970929709069845 0
15.02736241353809 4.279289651980361 0
17.40380544969968 3.257047168027322 0
5.979746369234326 0.9773469752479185 0
12.2328657557644 0.9443675063861421 0
2.899190906442927 0.949239032591443 0
2.411311383828539 0.9176186660410024 0
14.19578023278566 3.888009540914945 0
1.011014647639305 4.261329336366937 0
7.2180693087377 3.955790765221879 0
0.495942817287677 1.811674624612035 0
15.49855812470228 4.177022872576453 0
12.68355548717603 1.137558154395188 0
10.46962060595755 4.791064359119076 0
19.35648900755378 1.163306753132187 0
11.00994699040006 3.795828936665775 0
1.897535616972624 3.379551363684881 0
5.313593380504952 4.043504037469557 0
4.889442958686112 1.256223825701388 0
4.68488438845541 1.289715748903072 0
17.20921072537974 4.305003396107054 0
2.521627414339429 3.27971354632033 0
1.29440462859379 0.7448547097614329 0
7.293339833767277 1.227827177899979 0
7.056886360514656 1.246691405900028 0
17.80232949171119 3.511686287915258 0
5.58826690418141 1.495895133977014 0
0.753628212073929 0.4101714616390928 0
16.20332716574057 4.612561409967462 0
2.956637341854623 0.3699584288464184 0
19.64919233613473 2.42339481706884 0
7.716572271753809 0.8786503716141498 0
17.90730801696139 1.444795402526997 0
0.9480341369371494 3.526507918026192 0
19.51237597136771 3.501154663451402 0
17.18821481758625 1.021795559530756 0
1.502102242349842 3.885071745828312 0
13.7432601931109 3.406450439148526 0
18.8724522961671 3.697189692177126 0
2.263577149690091 3.705508369843383 0
19.33982935832123 0.8324435416543861 0
5.916422611987721 3.519787873299382 0
10.07953446529197 3.183938014255342 0
6.624519167144455 4.590219830513929 0
9.119356946543659 3.863547145321543 0
18.18735995118767 3.509711737611714 0
4.205899619566055 4.355959275579917 0
11.48561566270582 3.827756229635652 0
18.79414044423064 2.901011940389994 0
17.61877809168132 2.656672208762573 0
5.742644722696675 3.941586014452672 0
17.12161705186985 4.186739023295811 0
18.11747599499618 0.7486654857656012 0
4.555466942674586 3.78608173694364 0
19.77048574441006 2.817429809375003 0
1.374333493896113 1.696236931576494 0
1.541813587573467 1.627040545560893 0
2.798207819928836 4.03591241987772 0
10.69442956966894 0.2045019855775418 0
7.647321692648332 1.591108277541859 0
7.734156299188717 1.782772174724216 0
17.14891663849642 3.119710706603584 0
0.8065365697561013 3.404058358306127 0
12.49405190370576 3.250719002739935 0
17.31135659407791 1.77965355329553 0
17.36753502545802 4.486685527851956 0
17.82765334003004 0.4570604142429273 0
12.00545943802905 2.845138944561681 0
6.9020854443179 1.648713644093554 0
4.848442518590306 1.072245775072873 0
16.3359059968387 0.9314214244685781 0
16.09202184684102 3.727277051056923 0
6.420544587700206 4.608347664732261 0
11.65667299572051 2.983908537777274 0
18.9663053268607 1.809552027675765 0
9.089943526013583 3.371530578896823 0
17.74819335450908 1.513992768459532 0
11.42782913237153 1.951011937385495 0
15.22175212217202 0.4285145037374236 0
3.456370486781136 3.990232775788813 0
18.5144120837106 1.265647700713347 0
18.86997546908336 1.424906532765483 0
6.303829480159505 0.7260378281520676 0
6.143836647801193 2.845432703868437 0
12.2482492498222 3.040963132719336 0
16.02087674771535 3.533355469914859 0
5.730943215888859 4.769805274302731 0
18.76543895747087 4.765163394291132 0
12.50187158329048 1.783024050004047 0
1.377153369693696 1.915381131184431 0
0.4781393329347896 0.2297210155549445 0
13.78052458352501 4.360106376749465 0
11.23183672848002 3.807928105270731 0
7.865348113603076 1.553795285102577 0
1.275121825918831 2.10387958883558 0
19.74976972165293 3.501821150759874 0
18.91301926564947 0.4559843230164433 0
0.9514816797103052 2.110380661770231 0
12.90836644046279 0.9458288982186036 0
11.19151822637406 1.736616291414721 0
18.02520060628648 2.04704220867472 0
1.4179215900828 3.078483619446377 0
12.22114896712502 2.839144202252244 0
13.37336151652999 0.5866771183996347 0
1.837882508931207 2.127122022068782 0
8.627088865252993 4.384246857594597 0
2.050732026834236 3.436570476814962 0
12.0363511663451 0.739601230298506 0
1.015205113675076 4.504879021227341 0
18.60974244363609 3.916210628230078 0
0.5022228499121066 4.752367064355045 0
15.88649115361493 3.151526220457875 0
11.88898422592887 3.030034198893654 0
13.86494626173099 0.4392066184870922 0
0.6002588461742633 3.37359008086547 0
4.447885001943232 4.557676411119377 0
4.760296070660415 3.650784812878195 0
14.93611790343888 1.725249785300825 0
5.271596717742431 1.00381615187862 0
19.37710085838956 1.799862237889911 0
10.68413244481695 4.37645288143734 0
0.6452256360552813 0.2186842089189316 0
10.18481767929538 2.145613394211407 0
1.340130019287146 2.976389774579163 0
2.264873156748435 4.484041814978471 0
3.832402457755252 3.258360429753531 0
18.43411518396236 0.5047743653319576 0
10.77634333648391 0.8720806539596266 0
1.048597638713904 2.940202501582716 0
8.885201290185847 4.038430545555554 0
14.52922852251801 3.183077393599944 0
11.18102430932046 1.946385471217794 0
9.762841123882231 3.152019720284684 0
8.322391362734884 3.041036194160843 0
17.50620413472999 1.929764768735249 0
2.107851050627818 2.910254153324158 0
2.167289753799498 2.773403878016766 0
14.04481223240443 4.401879113206211 0
11.67565018522702 1.955664453960983 0
17.17804266342235 2.773589134102242 0
4.732578950925751 3.791564574009541 0
1.542825110645346 0.5213450991853896 0
5.050100272722973 1.798188594446702 0
15.21695597915334 3.274591092357668 0
7.827603658696919 1.974543299821827 0
7.31737287264979 2.829579632433091 0
12.69510030889702 0.7602325621910415 0
19.03222545002853 4.485559498159693 0
17.45150771746152 0.2053535787378422 0
17.82497797449611 2.808875176648629 0
2.922700284023748 4.314366239788404 0
18.58274140517701 4.129750853176365 0
8.667557700881417 4.024980136631396 0
19.16858544003534 1.814057174388418 0
1.78457425174507 0.1561604968696031 0
13.25038916015798 1.848349225580041 0
2.221236475938726 2.652810481250945 0
19.77286674329151 0.3783452009917538 0
8.536737648112734 2.051415300545712 0
0.2393056395945727 3.523033871229189 0
15.78969543751543 3.959920348966967 0
4.886141393559704 4.307465047057239 0
14.9634295235285 3.222105031635094 0
7.610553324259685 2.003086214516479 0
1.519800975063255 4.766333023861073 0
10.68361162291483 1.935183307447791 0
10.93341667507036 1.941225446290939 0
11.75837851684123 3.86145401496846 0
11.49669245359032 3.558424140150588 0
9.439244774810962 2.156939880616149 0
6.047395749896236 3.938575250010506 0
9.911548992074328 1.921647303366761 0
3.186516253095975 3.215533629426151 0
14.71528178530136 3.408791234263091 0
14.33791118448344 1.815236695571919 0
9.158999116137156 1.964262986423448 0
17.29963150706978 2.883895469301086 0
4.746921942496266 3.091768411537597 0
2.611545103594845 2.978631317451649 0
1.188894533622809 2.637298744269303 0
16.33582751328041 4.790031990309139 0
10.17300107669324 1.921878737232288 0
12.48736859278601 0.573718780923292 0
9.685353359975105 2.149891138931778 0
19.45272287049222 0.6695079182211023 0
10.43454234538721 2.147497745150952 0
17.05910216282045 0.3930120342440211 0
9.400424645841527 1.94561111163525 0
7.443869850340278 3.500694101082888 0
19.47139262431223 0.9538897436534757 0
11.56403689478677 3.261354549572198 0
4.555231584844254 0.9028100035441002 0
19.53934142904823 1.125342540937455 0
7.831590054397378 3.095723275562681 0
15.68307587875808 0.4263208727621226 0
13.9757601421114 3.12294889721422 0
19.38686322139959 2.022662794223296 0
19.7500079969622 0.5893460582107908 0
5.817939464526188 1.854863511729162 0
8.967284356639752 2.17609412464756 0
8.044357191641854 1.943013348318464 0
19.79290470966803 1.765312372521379 0
8.753616322970304 2.187207925732934 0
2.829497316922235 4.562128368042885 0
1.985416118594925 2.557444319877254 0
6.802825110312066 1.947311298163093 0
7.907206408772124 1.149676000190449 0
15.74882472763715 4.0856978247207 0
8.148962535222859 2.148525188069336 0
2.872396543721228 1.739860196468111 0
19.56375226917148 1.333169744009857 0
14.94237156928651 3.46386962916245 0
2.477535426323244 2.178275323826757 0
4.360426880230301 0.6346271119778961 0
15.8198757260042 2.801754909284914 0
4.893957299356575 1.960663355849967 0
8.354901351613782 2.108328045866736 0
0.9132890373217286 2.565440847682248 0
5.613919233250654 3.293045355615685 0
18.19147196112654 0.5750034435132663 0
6.955511723244268 0.832735590941819 0
18.33206635959887 4.334108277674821 0
14.29045861110607 1.61070960681151 0
14.98250599874345 4.45823995678661 0
8.722335752171809 2.009120132167525 0
12.65777991844977 1.896149695008022 0
12.0537916951719 4.121358511109197 0
8.128640410938498 2.9888512118939 0
10.51967561862742 0.873390954850763 0
15.61937579854104 4.6149314803401 0
3.443243399594353 4.611114512729412 0
0.6291104256830522 3.037849205881925 0
7.011007092023281 1.039795748325251 0
3.268002754457981 2.048179038685254 0
9.477307269021141 0.3504571859857024 0
19.2866790367058 0.2124372333175528 0
14.12075261263272 2.813860101879718 0
0.4590930834853566 1.220811295103028 0
8.264677661970323 0.205883233374089 0
9.347926793447094 0.7646345221566231 0
9.656594337495996 0.7088110351891681 0
18.51998479701052 4.772894023512894 0
16.82642614502553 2.806318749763988 0
12.72300509541383 0.3851872588031973 0
16.07620176265672 0.6381168781398665 0
2.428973367022197 0.7105743253269068 0
18.77364299654807 2.501598536307293 0
17.60546009420337 2.571286824698501 0
8.038529594644832 0.4271593030703484 0
12.10081952857363 4.35262697839751 0
0.3872056859390955 2.775849474834528 0
17.18744617075707 2.159004235355918 0
4.754788663820023 3.936031404718607 0
10.78421828578036 3.110225630639534 0
0.5039180872247986 4.504697049777992 0
3.608137263849478 3.420537551005091 0
6.650053901110958 3.062047779466903 0
0.2406700206816268 0.737617420708703 0
4.082455442906427 3.136776335585418 0
0.952763849043933 2.361844799059867 0
15.22461540510979 1.177841764798372 0
13.18341687837968 0.3888396365126034 0
14.8221265780962 2.169280539084141 0
18.64881421290618 1.152510186061802 0
17.67469229573468 1.36979299284821 0
4.223182860278964 4.769906926664691 0
3.370880343827546 3.59961532044664 0
18.18930614083015 2.653724089826995 0
14.97223875732946 4.627934524805778 0
3.07178994293244 4.688867748890325 0
15.68041616644889 4.25116517034928 0
1.995172839432792 3.542754785743146 0
2.6599704727761 1.721415944510628 0
0.4447420427208453 1.587886617204926 0
14.84014042501333 0.8927637379735245 0
17.5431184652962 2.111798655464961 0
0.5049706345871687 4.005487662751738 0
2.370358284445056 2.704969888728068 0
14.7040316929612 3.596058888720552 0
14.75604844930302 4.442831572665687 0
0.238386668790886 2.421834758009008 0
19.26430644357094 4.757783309727133 0
2.459650623176431 0.5157256961744578 0
8.01690592289896 0.2136073388625297 0
13.47084834750369 1.842502593568132 0
3.557242927618748 3.826771190926331 0
19.7868541084532 1.528743799433355 0
19.31566539076871 4.104687315827378 0
4.907318819957764 3.311966072679781 0
15.45463130035975 4.792183643736366 0
13.2158569954059 0.1956471863539408 0
3.922265663252842 0.4015935184701869 0
10.25701797988835 0.7175400951921302 0
7.661817313151891 3.524618670689453 0
14.25289808779576 1.406946934637361 0
16.08383251870745 3.114861978192841 0
7.102094173117759 2.825233360319678 0
5.903780316569526 2.815731869583611 0
17.67127300847157 3.498032176971701 0
4.816423548752339 4.104757112485681 0
5.427466134538555 3.32040989843727 0
16.67936076505184 3.008489849558871 0
13.64671331853137 1.648778072135978 0
5.169913003749643 3.379123397502927 0
0.2355781229341112 1.985659038409826 0
19.533944894807 3.260683834560386 0
16.34782522204423 3.263116172100108 0
7.402501612797947 2.031925573168755 0
6.118072141727676 3.100629273549657 0
14.99044013425361 1.92639990613363 0
17.33875179154471 1.953369880320679 0
14.51598531761576 4.430093923495344 0
3.69756676769068 4.068332809454636 0
8.038035891762014 4.199732962445763 0
17.02535377899671 1.557081005809065 0
12.97625568998694 0.1936540423758477 0
14.74914408091978 0.4783083612378314 0
0.8208876996040946 2.25849493601175 0
16.54497140217579 3.226453669306102 0
7.261748119432644 2.212864649888394 0
1.884891127728435 2.283508034779735 0
4.635973146305441 1.878149360093326 0
15.53278661290466 1.253915099451621 0
16.40775113466126 1.508765810480125 0
3.119068766489598 4.82327332498058 0
8.523845013084038 0.3964209333998223 0
6.883077143635488 0.6399316299544258 0
3.4702511897427 1.996628428739284 0
14.5664644473472 3.819638736004468 0
3.468896749912275 0.1931702735505119 0
2.578279194808587 2.2545663909073 0
10.41195581106066 0.3844466328872036 0
16.16207875387996 1.453808699586061 0
13.86300944189498 1.637385281865944 0
17.3793211189996 2.143798911952589 0
8.656757940386306 4.202421635036493 0
2.322667444896251 0.3206484108770571 0
18.64004378564322 1.012927060533592 0
12.62753764042678 2.189342788071437 0
3.267904216048125 4.81963251365708 0
13.98567148114517 1.233069069908848 0
10.21317972971894 0.556618420423725 0
14.28236135208271 4.592340689654334 0
10.72386379873924 2.790890276616889 0
15.22084501829292 4.801129607512459 0
14.07830797893931 1.624456729757675 0
13.69385808160934 0.2083142432187781 0
15.68923568533866 1.558625045528845 0
11.67242842156229 4.596647398843407 0
2.194694894335938 1.970535767654183 0
17.56014988181503 3.614984254657508 0
14.98295604133295 0.4449287352482556 0
0.5937177946419538 2.315504850605492 0
17.04418725864243 0.8234114450649812 0
3.407750380363681 3.223948744133541 0
13.41199521476523 0.3970372097202914 0
7.829314977593176 3.406101587525055 0
3.197511372708034 0.3790461755638654 0
13.93344933879838 0.2188815097373955 0
17.42365261218649 1.384307130860733 0
0.2434966555842184 0.2419710264979571 0
5.680171028199915 0.8929982039916731 0
3.69657441294073 1.975786825062238 0
0.2509379044086817 4.751228537754045 0
19.75367449576612 4.754950931750511 0
12.496473407285 0.3888325699212003 0
14.10788835047746 4.566952549651198 0
4.123416714846541 0.6134666098593222 0
19.59528108607763 2.006832697604534 0
2.979056031287376 0.1843479981203573 0
8.81981847002397 4.603408178098404 0
6.687559798949708 4.788978060119944 0
6.370941499978951 4.440794644909956 0
2.279767486685293 0.1875032394070106 0
11.43899365920261 4.601336756954783 0
8.75476707331498 0.3885166507309004 0
3.715173335560621 4.781327650749052 0
18.85536343269971 0.7836166974982177 0
9.300357628696613 2.798025640522249 0
14.38673605893074 3.866118154697463 0
6.744801004885598 0.167321816380527 0
19.7645802759629 0.2200344694820613 0
2.985373791112814 3.00856193963556 0
8.981830331706504 0.4004465041933472 0
16.26319427338335 0.7606363184852136 0
7.305279765486516 0.4920651852735363 0
15.42603807548999 2.045629194691283 0
2.250093235735176 4.615736855801728 0
16.76222098008595 4.655303921631104 0
7.812078257437953 0.6900178657349196 0
2.737758357367906 0.1786914126111148 0
1.863628235350278 3.705754796874102 0
7.705901092311892 3.006207608434515 0
18.53362534663029 2.646623291623988 0
9.205318847592755 2.98871286040911 0
0.4633072215537606 3.342283084562203 0
7.721606791680168 3.937764950406638 0
2.846377278919404 1.86127380776379 0
11.20074148480314 4.598122264016306 0
8.460176916341421 4.174177156555455 0
9.056873129448693 4.623518976177706 0
19.5813156733832 4.072967157486389 0
6.344706678902579 0.3790174447988237 0
16.57242289117917 0.8390136347749027 0
17.62665550378416 0.4292019038194561 0
5.919213531368635 4.023690532708117 0
4.406758013923667 1.919578111865157 0
1.801553888084539 4.555398917404025 0
17.14982499449126 1.785058920128272 0
5.17403583113541 4.243618379305696 0
3.930360941204666 1.960763222876696 0
17.70030808682817 3.892150851682285 0
6.916793936816351 4.764299950030511 0
6.924074909053262 3.074366504157079 0
7.32669687204281 4.191851720270025 0
18.18232005417041 2.05720073499262 0
12.2807141294768 0.3994356583237351 0
5.859072360235842 0.7946529112171734 0
3.506923528641933 4.120888908900673 0
6.907494921420272 0.3018871944766506 0
4.167283122696782 1.944126145295884 0
4.227141103292818 2.897000508823158 0
9.294363611865101 4.643716600218145 0
10.03726543667517 0.9153346582882314 0
13.94015010574666 1.098403048571647 0
10.95469821045929 4.591496717228275 0
6.220812296959561 4.597046472342445 0
12.12336755985427 0.4186457814202598 0
6.04432691372251 0.6931669411832972 0
4.177986089646883 2.793134299304682 0
6.222708418717192 0.6058863944326469 0
10.43483194828071 4.370707317185957 0
11.63080647452435 4.405249746048653 0
1.849541742703886 0.4103803796572278 0
5.903834675253879 1.724804025872353 0
8.289862021946439 4.125824045132449 0
17.71562744126447 2.661816636429426 0
17.17995629575672 4.652221033707319 0
16.73827816974427 4.873034716886131 0
9.701874925866486 0.9529976501863218 0
2.445131502199521 4.615933736132114 0
2.493135655376343 0.3414833028097357 0
6.993381455732976 4.521284353375471 0
15.45395796474803 0.4236425286083967 0
7.484717703995436 4.488850139500219 0
2.787827106884261 4.427117827447433 0
15.57390899900736 4.397355821608834 0
19.79876720488346 1.998889354313464 0
17.23327044018512 0.193429049764382 0
10.89405185565093 2.916386672947135 0
14.30769555782667 0.3829987664821619 0
18.72348592242101 0.547161973159777 0
17.42304512308313 1.06810371014292 0
18.93747316499396 2.918723253727604 0
3.681115575648237 0.3936594977091143 0
15.6058526119979 2.003197597398994 0
19.10007503218641 0.4085831674470071 0
9.722254972087185 4.827323993184271 0
18.27994417233275 0.3912879862150658 0
9.523698024057408 4.669434404099698 0
10.70314430063257 4.585431639699186 0
1.868105424508412 3.897355117124793 0
18.01764505485818 0.5075330637083422 0
13.75666960444221 4.204430834576131 0
6.559933314682391 0.3468365056539775 0
6.626376892363421 1.942975448764454 0
6.729500639688833 1.808352921686739 0
2.111200349665519 1.888827627241342 0
2.029339953977821 2.699382377545731 0
5.526111292737589 0.9854555822793796 0
0.4489946787509371 2.357246094042469 0
7.996187444094614 3.952928782509888 0
6.058825483540703 3.665139373334897 0
15.87527952785148 0.6375535896470192 0
6.042019454655628 1.730851479746846 0
18.13823299079648 2.817306368383198 0
7.892569829145297 0.9393933406813801 0
14.49454476271701 0.4012902023521909 0
13.93176229612257 3.003819476716577 0
10.09330849637183 0.7533618748366511 0
2.192413773013547 1.763106783479714 0
17.03238164877718 2.788027099167986 0
15.80547985874276 1.972947498577608 0
15.92587775759365 4.859424756877013 0
19.30964830794965 4.36131917798131 0
2.610571888699774 4.388353754058613 0
7.520414507586253 0.344472764943176 0
7.419349032640238 0.4732047187429655 0
7.254169314875696 0.3777413458822285 0
7.355234789821712 0.2490093920824394 0
7.387291911230975 0.3611070554127025 0
0.5049396152824777 4.131127169697157 0
0.3782906640089756 4.255035097901979 0
0.2506721906069433 4.128946996550275 0
0.3773211418804436 4.005039068345453 0
0.3778059029447078 4.130037083123716 0
6.065582162934367 4.152266899353735 0
6.232052096107275 4.18965030856822 0
6.20734143239016 4.323317354621152 0
6.040871499217253 4.285933945406667 0
6.136461797662264 4.237792126987443 0
13.96101138188165 0.9444039181104467 0
13.93496928805549 0.8065105301294522 0
14.08000649296386 0.7812933623755463 0
14.10604858679002 0.9191867503565405 0
14.02050893742276 0.8628486402429965 0
4.734969393038526 4.886695018934013 0
4.844954991051152 4.771098334430086 0
4.984985598012626 4.884403315496073 0
4.859977495525576 4.885549167215043 0
4.486331032310373 4.887488717175671 0
4.596300425348899 4.774183736109685 0
4.610650212674449 4.887091868054842 0
7.775014881363866 0.3327106757787837 0
7.659230411742081 0.4488402514727303 0
7.636198977208037 0.2283431892492294 0
7.647714694475059 0.3385917203609798 0
16.03988371987673 2.261746320408228 0
16.15818635751173 2.154550725682399 0
16.27745685432674 2.258515698224607 0
16.15867028710174 2.260131009316418 0
5.227935093531997 0.9377500116201432 0
5.222187728611456 0.8109423440117904 0
5.334234719001916 0.8044010835647255 0
5.339982083922457 0.9312087511730782 0
5.281084906266956 0.8710755475924343 0
1.18183344386653 2.17173721090592 0
1.020013370762268 2.174987747373244 0
1.023264919000667 2.034041692170116 0
1.18508499210493 2.030791155702791 0
1.102549181433599 2.102889451538018 0
0.630631294243063 4.50556817067534 0
0.7559175675071774 4.62978666486427 0
0.6283567418325653 4.752750551255447 0
0.5030704685684526 4.628532057066518 0
0.6294940180378141 4.629159360965394 0
10.43372190496415 0.291018410664253 0
10.57495878426829 0.2010460870094222 0
10.66222609063669 0.3059792865544155 0
10.52098921133255 0.3959516102092469 0
10.54797399780042 0.2984988486093343 0
17.44301792223904 4.725941824633431 0
17.35030501426387 4.596520263456478 0
17.47995672327356 4.494144031789773 0
17.57266963124873 4.623565592966726 0
17.4614873227563 4.610042928211602 0
2.886107692665796 2.819175490904076 0
2.988195438161462 2.914974285053355 0
2.884854550104298 3.000986874154327 0
2.782766804608632 2.905188080005048 0
2.885481121385047 2.910081182529201 0
7.525123901907969 2.960941728293378 0
7.382943737303169 3.049849482326073 0
7.286409701853936 2.923969974412658 0
7.428589866458737 2.835062220379963 0
7.405766801880953 2.942455851353018 0
15.91831573269396 1.958417074032236 0
16.03544861499583 2.050833998676441 0
15.92554395873615 2.163757445628006 0
15.80841107643428 2.0713405209838 0
15.92192984571506 2.061087259830121 0
11.84139445075485 0.6161543347186358 0
11.97459312956717 0.5336291972370923 0
12.05714682983951 0.646533956871904 0
11.9239481510272 0.7290590943534476 0
11.94927064029718 0.63134414579527 0
2.671827024085584 3.147529477855294 0
2.59736084751504 3.052035802460933 0
2.697940206345313 2.986021563062371 0
2.772406382915857 3.081515238456732 0
2.684883615215448 3.066775520458833 0
11.79110752131622 0.8205499248442165 0
11.6506295960467 0.9153328533627387 0
11.55329821970859 0.802304729840789 0
11.69377614497811 0.7075218013222668 0
11.67220287051241 0.811427327342503 0
1.861386818329821 2.205315028424259 0
1.94385642571728 2.112615011195352 0
2.030501246425732 2.172720871252839 0
1.948031639038273 2.265420888481745 0
1.945944032377778 2.189017949838549 0
0.8814910037530783 4.753689536655253 0
0.8862748074682028 4.505659156400014 0
1.011848243714104 4.629562028190998 0
0.8838829056106405 4.629674346527634 0
12.03159119385484 4.57896108953012 0
11.88036136084567 4.480825488763671 0
11.97622991088756 4.364612039694261 0
12.12745974389673 4.46274764046071 0
12.0039105523712 4.471786564612191 0
10.1750775094644 4.46364223057148 0
10.01455073475873 4.579146189158091 0
9.872100792214512 4.453513301491745 0
10.03262756692019 4.338009342905135 0
10.02358915083946 4.458577766031612 0
14.54537623922531 4.028598823726178 0
14.71640240556999 4.13572267257732 0
14.64157404551002 4.253576702930346 0
14.47054787916534 4.146452854079204 0
14.59347514236767 4.141087763328262 0
5.584368159262752 4.5405457762784 0
5.462292783604788 4.423191693911073 0
5.581365650621804 4.326598036499154 0
5.703441026279767 4.443952118866481 0
5.582866904942279 4.433571906388777 0
6.656644436287334 3.558842948285943 0
6.8169174632134 3.467923339951231 0
6.897388775934973 3.569837175856219 0
6.737115749008908 3.660756784190931 0
6.777016606111154 3.564340062071081 0
17.11776349387095 3.033470928530601 0
17.19312092815763 2.915563309879352 0
17.32535968115137 2.982596980241621 0
17.25000224686469 3.100504598892869 0
17.22156158751115 3.008033954386111 0
14.699390186958 1.997788593476074 0
14.80523696951133 2.069475455887301 0
14.71627979554288 2.182544796345101 0
14.70783499125044 2.090166694910588 0
1.13643153712297 4.756047101858863 0
1.257185850246405 4.878924584281535 0
1.004245686876565 4.877122517577329 0
1.130715768561485 4.878023550929431 0
4.460273533281988 4.66632692273536 0
4.567406044184948 4.554203451361937 0
4.703432936251858 4.662060264736262 0
4.581853234766923 4.664193593735812 0
1.147245843033016 4.506881183200652 0
1.271829136441882 4.633366256868516 0
1.141838690077993 4.631464142529757 0
17.71181243780136 4.512089864665785 0
17.81163140546552 4.641310578336478 0
17.67248859891289 4.752786306637419 0
17.69215051835712 4.632438085651602 0
15.93621667478095 4.591453345289676 0
16.09857604507925 4.577786450138561 0
16.12344737693761 4.695236846234265 0
15.96108800663931 4.708903741385381 0
16.02983202585928 4.64334509576197 0
15.77701719839023 4.709383322633081 0
15.64740088508877 4.696901462668285 0
15.67409036516078 4.564384291591798 0
15.80370667846225 4.576866151556594 0
15.72555378177551 4.63688380711244 0
1.007111311317917 2.42158805263603 0
0.9873739054568169 2.523386076947221 0
0.8882634570923997 2.509286219950258 0
0.9080008629535001 2.407488195639067 0
0.9476873842051585 2.465437136293144 0
17.44648939204285 2.75514502448693 0
17.30378801745105 2.700751984539271 0
17.49620919810753 2.688681746997223 0
17.39999860777929 2.694716865768247 0
15.83202359875376 2.718021808167239 0
15.71592080244512 2.805636050916821 0
15.7219947388199 2.719962378983192 0
7.798560390564079 0.5666770582339926 0
7.911786059167518 0.4352477769017069 0
8.055792717781591 0.5298591088654669 0
7.942567049178152 0.6612883901977524 0
7.927176554172835 0.54826808354973 0
17.17888620486332 3.209726728499346 0
17.37744665246631 3.169172829604739 0
17.30633061046495 3.278394959211214 0
17.27816642866482 3.189449779052042 0
2.40529579877164 2.126146634856834 0
2.398084295055565 2.001598149797126 0
2.539082574820893 2.012051562056227 0
2.546294078536967 2.136600047115935 0
2.472189186796266 2.069099098456531 0
0.3271720434023493 2.194153877656953 0
0.2300635274626437 2.097740567508405 0
0.3380807174105058 1.989287498585708 0
0.4351892333502114 2.085700808734256 0
0.3326263804064276 2.09172068812133 0
12.01972654751534 0.8376070683275902 0
11.88688591780437 0.9290978988183594 0
11.90541703441578 0.8290784965859035 0
0.8868257743240129 2.310169867535808 0
0.886184689657199 2.18443779889099 0
1.020654455429082 2.300719816018062 0
0.9534195725431402 2.242578807454526 0
13.82520076066428 4.316509447863432 0
13.95734458510399 4.337395816091805 0
13.92582253174955 4.444298750636801 0
13.79367870730983 4.423412382408428 0
13.87551164620692 4.380404099250116 0
2.612533749018861 3.31392024766913 0
2.552402002887332 3.202576916895274 0
2.731958770217114 3.25887280862915 0
2.642180386552223 3.230724862762212 0
6.30552824266212 1.533128182525267 0
6.433995001141399 1.629192743178544 0
6.345174121675139 1.734393813635428 0
6.21670736319586 1.63832925298215 0
6.32535118216863 1.633760998080347 0
3.19875964925375 1.935979857396551 0
3.178160984341852 2.088568533460492 0
3.020422845316934 2.045983427097993 0
3.041021510228832 1.893394751034053 0
3.109591247285342 1.990981642247272 0
14.22709855253528 0.5804334181323705 0
14.25566743078673 0.7601308601098027 0
14.05143761471241 0.6015959203981138 0
14.15355252274957 0.6808633902539585 0
5.488773379500248 4.883903919906677 0
5.604244987444678 4.768806557058043 0
5.740471607944429 4.884902637151365 0
5.614622493722339 4.884403278529022 0
7.972013353618818 1.533237520586449 0
7.826005935198641 1.460246164082675 0
7.890746079237863 1.34380940303516 0
8.03675349765804 1.416800759538934 0
7.93137971642834 1.438523461810804 0
17.91331392428425 4.76439545297348 0
17.95034371752894 4.532093799271334 0
18.05202623634767 4.655178673908336 0
17.9318288209066 4.648244626122407 0
3.17724811526006 2.247334660593083 0
3.309088440846413 2.117700139412941 0
3.30817557176462 2.276466266545532 0
3.243168278053236 2.182517400003012 0
16.63326270219642 1.941245324136975 0
16.74794253468901 2.052381228465689 0
16.63092197474926 2.154036032913663 0
16.51624214225668 2.042900128584949 0
16.63209233847284 2.047640678525319 0
1.392086337778032 4.762091096212071 0
1.509900487531628 4.883166511930536 0
1.383543168889016 4.881045548106036 0
5.328682909477452 4.530634087869851 0
5.468613701614181 4.6514921525923 0
5.350318529701513 4.766981015877011 0
5.210387737564783 4.646122951154562 0
5.339500719589482 4.648807551873431 0
4.414721587478173 1.515207982313673 0
4.546766605329272 1.594868427021102 0
4.46200823345652 1.70350768871925 0
4.329963215605421 1.623847244011821 0
4.438364910467347 1.609357835516461 0
14.83541219582766 2.267495916017289 0
14.7229226044086 2.274128044647769 0
9.144804293887312 3.303528740569557 0
9.00921204156111 3.320581549531495 0
8.989471011495858 3.189754713011229 0
9.12506326382206 3.172701904049291 0
9.067137652691585 3.246641726790393 0
7.177894122855748 2.993336333701179 0
7.101217943885587 2.896772855664906 0
7.209733522883774 2.827406496376384 0
7.193813822869761 2.910371415038782 0
5.236545150201264 4.883077095970334 0
5.362659264850756 4.883490507938506 0
16.33170298129679 4.582450711196961 0
16.50793771072824 4.664927438885549 0
16.44581206894195 4.783773427826888 0
16.26957733951049 4.7012967001383 0
16.38875752511937 4.683112069511925 0
10.72221478483447 0.1022509927887709 0
10.96977275004058 0.1069497258145371 0
10.81698753487505 0.209200718603308 0
10.84599376743753 0.1046003593016542 0
17.89474605480877 3.51430938204158 0
17.8039048222622 3.432304036817513 0
17.89695108505221 3.346165464328339 0
17.98779231759877 3.428170809552406 0
17.89584856993049 3.430237423184959 0
19.62689494617937 4.266403177582423 0
19.53808625018993 4.16865841686326 0
19.66780795314742 4.055581051250911 0
19.75661664913685 4.153325811970074 0
19.64735144966339 4.160992114416667 0
7.598175085449597 3.460223553583658 0
7.608091783087836 3.324389361269417 0
7.755482843010774 3.329525936793013 0
7.745566145372534 3.465360129107254 0
7.676828964230186 3.394874745188335 0
1.163744515372059 1.883727836037692 0
1.304797121073392 1.862567040344907 0
1.326137597806262 2.009630360010005 0
1.244941056589161 1.946679098023849 0
4.202563596469851 2.84506740406392 0
4.192291326743211 2.942935075391003 0
4.05690479015384 2.929080755780467 0
4.06717705988048 2.831213084453384 0
4.129734193311846 2.887074079922193 0
4.579038477217854 0.7797667822458387 0
4.432090441641207 0.8679488545419676 0
4.334688089334231 0.7338574087588654 0
4.481636124910878 0.6456753364627366 0
4.456863283276043 0.7568120955023521 0
3.350644005971125 4.200311329888883 0
3.441857831467261 4.13179568490337 0
3.520764856232431 4.231200086341172 0
3.429551030736294 4.299715731326685 0
3.435704431101778 4.215755708115029 0
7.044591086334902 0.4862759870919344 0
6.989414820381777 0.6042981283312228 0
6.8457085783206 0.5557580659836401 0
6.900884844273726 0.4377359247443513 0
6.945149832327751 0.5210170265377871 0
11.18109406667356 2.72916514892402 0
11.03753170930095 2.810533578737773 0
10.95698545885418 2.715657136863316 0
11.06903976276387 2.722411142893668 0
5.101334830075928 0.5844340606643605 0
5.269005535822938 0.5077874002008083 0
5.332647269491135 0.6435166341161622 0
5.164976563744126 0.7201632945797147 0
5.216991049783532 0.6139753473902614 0
10.01474359145551 3.433316240745348 0
10.00163705350623 3.290747888070048 0
10.12522549443628 3.264880981769304 0
10.13833203238556 3.407449334444603 0
10.0699845429459 3.349098611257326 0
7.035003430861002 3.142693045698707 0
7.05936429835559 3.341880504416103 0
6.906187114956098 3.367545569121546 0
6.881826247461509 3.168358110404149 0
6.97059527290855 3.255119307410126 0
13.88924717031433 0.6829577934727726 0
13.82718028381278 0.5419825572714005 0
13.98937072821086 0.4606206841967415 0
13.9393089492626 0.5717892388347572 0
0.3984518426699637 2.982481065454347 0
0.562939194905967 2.979629392605986 0
0.5775693667415922 3.107921129164222 0
0.4130820145055889 3.110772802012582 0
0.488010604705778 3.045201097309284 0
15.82755147014871 2.886324805344905 0
15.72359654658963 2.977820189726393 0
15.71975867451737 2.891728120321607 0
11.40813430098486 0.9010575269678534 0
11.30788862088867 0.7862688754566634 0
11.4530525396124 0.6875160783295988 0
11.43059342029863 0.7942868026487262 0
16.8673928326862 1.754569022131086 0
16.96677481492527 1.862888621896302 0
16.85544139159204 1.954004607485328 0
16.75605940935297 1.845685007720111 0
16.86141711213912 1.854286814808207 0
13.79389504924385 3.151397150321758 0
13.81576688014867 3.315435041375985 0
13.67977094704855 3.324892583655291 0
13.65789911614374 3.160854692601063 0
13.7368329981462 3.238144866988524 0
14.76842167683272 0.5726006142899043 0
14.68120623881451 0.6742492418147932 0
14.55902739322367 0.5976981758808302 0
14.64624283124188 0.4960495483559413 0
14.6637245350282 0.585149395085367 0
1.89052593063635 1.933273514042057 0
2.017268634087616 2.006181883886884 0
1.817113722266015 2.039706641350525 0
1.917191178176815 2.022944262618705 0
12.52995094053251 2.006505673929474 0
12.46115450083572 1.888379333757211 0
12.57982575087013 1.839586872506034 0
12.64862219056691 1.957713212678297 0
12.55488834570132 1.923046273217754 0
10.47774399943382 0.09879509422065125 0
10.59997939213414 0.1005230435047113 0
1.125176653607356 2.559315025240749 0
1.085842469652217 2.682561779081476 0
0.9480397215016776 2.646632830787948 0
1.036608187554517 2.602973928014348 0
3.59569150931585 4.452934266068866 0
3.550010117201564 4.587735890542735 0
3.423111368636014 4.540748023764103 0
3.468792760750301 4.405946399290233 0
3.509401438975932 4.496841144916484 0
14.77143333432649 4.353281608285139 0
14.63601688345939 4.436462748080515 0
14.50615759464293 4.336757842725723 0
14.63879546448471 4.345019725505431 0
16.3006258957641 4.359357342650455 0
16.43790030823947 4.454977646452783 0
16.19442856882142 4.486830407394633 0
16.31616443853044 4.470904026923709 0
12.62247578714518 2.277527040510937 0
12.74335762363081 2.192575920838749 0
12.74082669699001 2.279143606894593 0
5.803901967999238 1.527406332563482 0
5.758410270664393 1.637109578973435 0
5.63190125060904 1.58104117362933 0
5.677392947943884 1.471337927219377 0
5.717901609304139 1.554223753096406 0
16.3954686609972 2.151529490219024 0
16.51543082393178 2.258725084944853 0
16.39644383912926 2.25862039158473 0
11.73067991372756 4.898506330590772 0
11.8336018204594 4.794713218261392 0
11.97792190673184 4.896206887670619 0
11.8543009102297 4.897356609130696 0
16.75117496864837 2.261022240919247 0
16.8601800532527 2.158217067638729 0
16.98295370300478 2.262906119669919 0
16.86706433582658 2.261964180294583 0
13.48889734565605 4.304363498151148 0
13.33755708656611 4.204196674381088 0
13.43187148185246 4.087334880499774 0
13.5832117409424 4.187501704269835 0
13.46038441375425 4.195849189325461 0
1.871223033762252 2.73952733568836 0
1.966637068905918 2.698683057920508 0
1.996024028610336 2.775158197522942 0
1.900609993466668 2.816002475290794 0
1.933623531186292 2.75734276660565 0
2.554334287492104 2.310138841928868 0
2.645407914510443 2.242008109448629 0
2.744094279880422 2.297580560470197 0
2.649214283686263 2.303859701199533 0
14.2341337800896 2.811688647214222 0
14.11387573818887 2.724074404464641 0
14.23069534286767 2.722988677131893 0
3.21030597434306 0.2840747479673356 0
3.345998662945181 0.1911367969606586 0
3.453893133699321 0.2898600256736188 0
3.318200445097201 0.3827979766802954 0
3.332099554021191 0.2869673868204767 0
13.65143872787286 4.076753477362738 0
13.75636007735686 4.139150383138364 0
13.6881330904264 4.24989861004546 0
13.66978590914963 4.1633260437041 0
13.29908261569892 3.988091300605695 0
13.19525917675492 4.099825711053841 0
13.05696855436362 3.996334611319184 0
13.16079199330762 3.884600200871039 0
13.17802558503127 3.99221295596244 0
19.00772999842126 4.878656290194601 0
18.75771947873544 4.882581697145566 0
18.8904494771567 4.761237987340167 0
18.88272473857835 4.880618993670083 0
0.3560955295544108 0.9843877518041066 0
0.2386496664155118 0.862199593978517 0
0.36381082718135 0.7318736082082158 0
0.4812566903202509 0.8540617660338055 0
0.3599531783678813 0.8581306800061612 0
15.30849513439699 1.110169664025046 0
15.46258073829443 1.148206331351671 0
15.43284141198759 1.268706931001188 0
15.27875580809015 1.230670263674564 0
15.37066827319229 1.189438297513117 0
1.127413413068693 3.012719149839151 0
1.1473101841427 2.885904201574332 0
1.293076374429322 2.903997838072555 0
1.273179603355313 3.030812786337373 0
1.210244893749007 2.958358493955853 0
5.911055646350634 2.725010288316588 0
5.791641932445796 2.794556663193232 0
5.795279597336351 2.714422685121398 0
17.33032914935019 0.8371709660143059 0
17.41795060133197 0.975638312482227 0
17.30562997033469 1.044949634836838 0
17.21800851835291 0.9064822883689168 0
17.31797955984244 0.9410603004255718 0
16.70330758451069 1.315672979792774 0
16.80764057358388 1.442777803855023 0
16.67853530311958 1.529894158966802 0
16.57420231404639 1.402789334904553 0
16.69092144381514 1.422783569379788 0
18.57398886398411 1.819582802282284 0
18.44582290870206 1.88668960992772 0
18.3891444390719 1.767044962959604 0
18.51731039435396 1.699938155314167 0
18.48156665152801 1.793313882620944 0
2.906419240340007 0.8504481299968347 0
2.777830517708766 0.9418213349362601 0
2.664853274659574 0.8344996010574359 0
2.793441997290815 0.7431263961180108 0
2.785636257499791 0.8424738655271353 0
1.57051224033167 0.3930954618723619 0
1.417053237607615 0.5083868002629446 0
1.2879668341862 0.3717876080184697 0
1.441425836910255 0.2564962696278874 0
1.429239537258937 0.382441534945416 0
8.118987887758912 3.720984165378056 0
7.987399144746486 3.662919383924444 0
8.043778541092689 3.539242495468454 0
8.175367284105114 3.597307276922066 0
8.0813832144258 3.630113330423256 0
2.919780366256702 4.535992208095251 0
3.040926679261804 4.59936189851897 0
2.981755288659183 4.719765136530965 0
2.860608975654081 4.656395446107245 0
2.950767827457943 4.627878672313107 0
6.986501735017046 1.459448137096917 0
6.842515469367292 1.367607459432203 0
6.937527519163961 1.257457919039841 0
7.081513784813715 1.349298596704555 0
6.962014627090503 1.358453028068379 0
7.159298787478767 2.219956032853036 0
7.280180623964391 2.289287971419415 0
7.168515039744641 2.292833662901736 0
19.50458418021114 4.879450520659458 0
19.6314214280942 4.756925986534714 0
19.75183724788306 4.877475465875255 0
19.6282107140471 4.878462993267357 0
18.96985353881659 2.613301368581125 0
18.84573950338144 2.729950748888644 0
18.75060382682006 2.620452623785233 0
18.87471786225521 2.503803243477714 0
18.86022868281832 2.616876996183179 0
4.291421968499932 1.436643708140522 0
4.377831519400333 1.333013012736487 0
4.501131138378573 1.411577286909638 0
4.396276553439252 1.42411049752508 0
5.322700953268326 2.091331050553368 0
5.150173947838702 2.176421627155388 0
5.050766647679444 2.069147917505042 0
5.223293653109067 1.984057340903022 0
5.186733800473885 2.080239484029205 0
7.886874877757567 3.492695528875691 0
7.939708879400865 3.326024647933943 0
8.096612542735986 3.372571614526706 0
7.991743710246777 3.432633571701198 0
18.76809967098184 4.653044312473874 0
18.90149291726067 4.513242364408153 0
19.02384272343552 4.621436039274448 0
18.89597119720868 4.63724017587416 0
6.527897800269168 3.659082426669721 0
6.423137591134812 3.558598086890224 0
6.551884227152978 3.458358608506447 0
6.539891013711073 3.558720517588084 0
14.2392614485636 2.98458419674024 0
14.12588028110673 2.899141408656154 0
14.2366976143266 2.898136421977231 0
18.63053212810986 0.9180377468065097 0
18.7381919516381 0.8033825652888229 0
18.83745157697564 0.9035665676292899 0
18.7297917534474 1.018221749146977 0
18.73399185254275 0.9108021572178997 0
0.2337992054663189 1.347116162960063 0
0.3454874000325781 1.225381004121104 0
0.4523694201008652 1.328610721799356 0
0.3406812255346061 1.450345880638315 0
0.3430843127835921 1.337863442379709 0
8.252804847365372 3.473794951663282 0
8.388254149505276 3.553145351791148 0
8.31081658624502 3.676657677049932 0
8.281810716805195 3.575226314356607 0
5.007493291826818 2.263881491506703 0
4.745683087791298 2.231581392367359 0
4.892792818399701 2.129751590923626 0
4.876588189809058 2.247731441937031 0
18.15610983814913 4.771164949374865 0
18.18711277195919 4.546265398939813 0
18.29119637376066 4.662251674406342 0
18.17161130505416 4.658715174157338 0
5.1888611127792 1.210343670030122 0
5.073946394983011 1.134623273815668 0
5.163635347959351 1.024672967928137 0
5.27855006575554 1.100393364142591 0
5.176248230369275 1.117508318979129 0
4.434559200517373 4.455160078968198 0
4.328884841763686 4.553820102702868 0
4.207892150575097 4.452961534933138 0
4.313566509328784 4.354301511198469 0
4.321225675546235 4.454060806950668 0
1.408819943359973 1.749900437326158 0
1.410229881258765 1.859472537130126 0
1.3033871831746 1.752994940540938 0
1.356808532216682 1.806233738835532 0
16.78225800176289 2.994498065239281 0
16.64523558756665 2.915519315830216 0
16.71876827755349 2.814433765932774 0
16.85579069174973 2.89341251534184 0
16.75051313965819 2.904465915586028 0
6.376335771276898 0.4648482645067946 0
6.315336641184205 0.5782827393237064 0
6.170967999391499 0.5159873294712669 0
6.231967129484192 0.4025528546543553 0
6.273651885334199 0.4904177969890307 0
2.081242077019519 4.475574119128741 0
1.921138493777198 4.571500261645793 0
1.819089427838328 4.442232909945194 0
1.97919301108065 4.346306767428143 0
1.950165752428925 4.458903514536968 0
12.63350105155542 2.104309759210005 0
12.74932103475944 2.02259177230513 0
12.74633932919513 2.10758384657194 0
14.41575097279566 3.957801050449885 0
14.47660025313897 3.842878445350966 0
14.60622551956861 3.913676218627259 0
14.51098824618214 3.935738634538572 0
12.48692174379888 4.339755818546104 0
12.34067318579304 4.230063946978216 0
12.44945149116292 4.11611429950846 0
12.59570004916876 4.225806171076348 0
12.4681866174809 4.227935059027282 0
19.52316043308736 3.380919249005894 0
19.65097432463946 3.260372432970306 0
19.75888673806242 3.38094109107005 0
19.63107284651032 3.501487907105638 0
19.64102358557489 3.380930170037972 0
12.27950791991734 4.568581853654793 0
12.42869224388022 4.67355364029305 0
12.32764277023723 4.785021090850842 0
12.17845844627434 4.680049304212585 0
12.30357534507728 4.676801472252818 0
2.770207980465415 2.725626529193283 0
2.688335631878267 2.820814762493177 0
2.562931171905336 2.729476940349458 0
2.666569576185374 2.72755173477137 0
16.1445222606483 0.640289126653822 0
16.23801851601162 0.7015488468264954 0
16.16918058505335 0.785721468742608 0
16.07568432969003 0.7244617485699343 0
16.15685142285083 0.7130052976982149 0
13.48295268191304 3.554520214289676 0
13.60630688980254 3.427207508366718 0
13.74305812904398 3.534513391234774 0
13.61970392115448 3.661826097157732 0
13.61300540547851 3.544516802762224 0
12.98843460617832 4.327766323363138 0
12.84623146692531 4.221075096635644 0
12.95070686181907 4.107700996745124 0
13.09291000107208 4.214392223472618 0
12.9695707339987 4.217733660054131 0
3.145181573059333 0.862906561856843 0
3.018462556718124 0.95524470051937 0
3.033138256681218 0.7581099913343077 0
3.02580040669967 0.8566773459268389 0
10.6115607027312 2.794179616720262 0
10.72901858117228 2.867258759309659 0
10.61671548516424 2.952138224300069 0
10.61413809394772 2.873158920510166 0
0.6412834040247795 3.326979406052206 0
0.5317830338640128 3.357936582713837 0
0.4946677646769455 3.26013806850436 0
0.6041681348377139 3.22918089184273 0
0.5679755843508616 3.293558737278283 0
6.309069773514253 3.738698875225107 0
6.13671001011059 3.739476454353483 0
6.131153708962305 3.600949569915263 0
6.303513472365967 3.600171990786888 0
6.220111741238279 3.669824222570185 0
0.4849382181415205 0.5977157214919608 0
0.2410735618111026 0.6126103292928611 0
0.3622009527712713 0.4784524425766064 0
0.3630058899763107 0.605163025392411 0
6.451308006385471 1.831736231429275 0
6.349215866639609 1.918279899754886 0
6.243081981929278 1.82093748196104 0
6.347194994157374 1.826336856695157 0
2.426215342253687 1.632083760122597 0
2.31406626119868 1.74505080940263 0
2.187210512059677 1.654502735900825 0
2.299359593114684 1.541535686620792 0
2.306712927156682 1.643293248011711 0
18.34194086522904 1.965432191733676 0
18.2614017638229 2.063592326877997 0
18.18872177564189 1.991268898356566 0
18.26926087704803 1.893108763212245 0
18.26533132043546 1.978350545045121 0
4.179461734743841 3.163771294549117 0
4.119948496550016 3.062822988772133 0
4.246107010334743 3.015330549744651 0
4.305620248528568 3.116278855521635 0
4.212784372539291 3.089550922146884 0
0.4984902397944424 3.881571010679478 0
0.2469426751880661 3.881959849476627 0
0.3681117731020649 3.758491791810652 0
0.3727164574912543 3.881765430078053 0
1.015694022197765 2.834013657738182 0
1.217458631597154 2.734452322917626 0
1.116576326897459 2.784232990327904 0
4.625793464760964 0.5472889026016832 0
4.383081905002139 0.5293794169631929 0
4.527239244852225 0.4309929831021391 0
4.504437684881552 0.5383341597824378 0
7.369437121784518 4.458428238390981 0
7.481153811862933 4.60957159960305 0
7.325146435695832 4.707153282395933 0
7.213429745617417 4.556009921183864 0
7.347291778740175 4.582790760393457 0
11.12484720685519 1.101706923383234 0
11.01662986824972 0.9892834184815817 0
11.15951993360268 0.8880428324613128 0
11.26773727220815 1.000466337362965 0
11.14218357022893 0.9948748779222731 0
5.977869677724545 1.485007337317583 0
5.924743320807456 1.588705525535989 0
5.857028324916326 1.423708144345076 0
5.890885822861891 1.506206834940532 0
5.423856376029422 0.3945311145410351 0
5.566292084277313 0.2551007640239829 0
5.651899115186559 0.3685608115617098 0
5.509463406938668 0.5079911620787623 0
5.537877745607991 0.3815459630513724 0
7.632307710776427 3.996873836170908 0
7.794478586049124 4.011623473437814 0
7.785741996586866 4.176981150239233 0
7.62357112131417 4.162231512972328 0
7.709024853681647 4.086927493205071 0
17.02177311978505 0.634973951708691 0
17.195259638154 0.6828781611824282 0
17.14599473888101 0.8072902311360293 0
16.97250822051205 0.7593860216622921 0
17.08388392933303 0.72113209142236 0
11.5948608658479 1.330223034372515 0
11.71005414752848 1.43777577629343 0
11.57809469887451 1.537982538522392 0
11.46290141719393 1.430429796601478 0
11.58647778236121 1.434102786447454 0
18.1563995583803 2.301106930680882 0
18.077317115684 2.37616656990355 0
18.01150882928546 2.295555155669553 0
18.09059127198177 2.220495516446886 0
18.08395419383288 2.298331043175218 0
5.248326762603226 2.278251428599122 0
5.127910027215022 2.271066460052912 0
9.882418392890893 3.482674577217401 0
9.74489179253777 3.543075713449372 0
9.680879744692062 3.42837880793854 0
9.818406345045187 3.367977671706569 0
9.781649068791477 3.455526692577971 0
3.916474371690433 2.975965264734963 0
3.764553846227164 3.065415651422429 0
3.663314340841147 2.947154068100814 0
3.815234866304415 2.857703681413348 0
3.789894356265789 2.961559666417888 0
1.723870556360941 0.3376131021082811 0
1.804041710813774 0.4941605758650249 0
1.650683394784503 0.5496429356291057 0
1.687276975572722 0.4436280188686936 0
12.8118811890269 4.001560770462369 0
12.70253801151254 4.112776419644574 0
12.56266076922435 4.004174125924704 0
12.67200394673871 3.8929584767425 0
12.68727097912563 4.002867448193537 0
12.07933037339626 4.78982204062125 0
11.93246312097676 4.688733825938785 0
12.05546078362555 4.684391565075686 0
7.211351475830617 4.842006752542993 0
7.488794959865215 4.86514652985294 0
7.350073217847916 4.853576641197966 0
19.77418018772724 3.144619475058525 0
19.89017831049128 3.014588959368413 0
19.88400187723596 3.255030515690113 0
19.88709009386362 3.134809737529263 0
8.897120347825556 3.362007938662034 0
9.052289303726869 3.429733240939816 0
8.940197609991316 3.471159630070355 0
8.974704825776213 3.395870589800925 0
3.383078382844035 0.8729626092509528 0
3.256915929326157 0.9660900387585709 0
3.271344026577212 0.7697791323492249 0
3.264129977951685 0.867934585553898 0
17.06042159567733 1.775628108496771 0
16.99818598793005 1.661639151337168 0
17.09060584894581 1.60744123854657 0
17.15284145669308 1.721430195706174 0
17.07551372231157 1.691534673521671 0
0.2417596703984941 3.641181548121638 0
0.3521454994654363 3.528224524549605 0
0.4784976021690106 3.64553476823862 0
0.3601286362837524 3.643358158180129 0
12.20425092119724 1.657589011078 0
12.06999239345822 1.759682241756224 0
11.94603886827562 1.651279868493728 0
12.08029739601463 1.549186637815505 0
12.07514489473643 1.654434439785864 0
14.83034628570102 1.163785958597465 0
14.78759399241036 1.003694933748721 0
14.94737365431882 0.9691606926951886 0
14.99012594760948 1.129251717543932 0
14.88885997000992 1.066473325646327 0
4.60615617761631 2.116418709446748 0
4.432728241052821 2.027482019487186 0
4.521365580114553 1.898863735979242 0
4.694793516678042 1.987800425938804 0
4.56376087886543 2.007641222712995 0
9.594367864756311 0.7834308691834133 0
9.44003409273186 0.8113426126671408 0
9.412735560097897 0.6819301246319067 0
9.567069332122346 0.6540183811481792 0
9.503551712427104 0.7326804969076601 0
18.01730574607555 4.884373471438991 0
18.26380409207358 4.886791477935874 0
18.14055491907457 4.885582474687433 0
10.52205695706478 3.055915649306563 0
10.42519284973047 3.157483614390207 0
10.27757909770806 3.062217171681352 0
10.39981802738642 3.059066410493958 0
17.97825452459156 3.609859657091381 0
18.08726128454701 3.513322106889808 0
18.18393473242351 3.607752129147311 0
18.07492797246805 3.704289679348884 0
18.08109462850753 3.608805893119346 0
18.90343013182511 1.343752408014476 0
18.78943786509316 1.394070056274459 0
18.74037384796584 1.28096803482671 0
18.85436611469779 1.230650386566727 0
18.82190198989548 1.312360221420593 0
17.66466309079653 3.647152325297129 0
17.73474219330311 3.785735623809518 0
17.62461635071715 3.838426054311747 0
17.55453724821058 3.699842755799358 0
17.64463972075684 3.742789189804438 0
8.671616551891127 3.275737854485706 0
8.829343606259648 3.217696471574259 0
8.739393293457034 3.420049321573481 0
8.784368449858341 3.31887289657387 0
4.995143320030175 3.012712509352985 0
5.220858616676974 3.019080276842399 0
5.085868356333682 3.119318579639244 0
5.108000968353574 3.015896393097692 0
17.28531557343246 4.294517576332009 0
17.16541388862479 4.245871209701432 0
17.20936028448315 4.14274324756156 0
17.32926196929082 4.191389614192138 0
17.2473379289578 4.218630411946785 0
13.32326610484291 3.250327887703978 0
13.45491170511831 3.34818340672399 0
13.34907157476893 3.4532055357018 0
13.21742597449353 3.355350016681787 0
13.33616883980592 3.351766711702889 0
13.317785860188 1.664105320309035 0
13.18958867312907 1.578825057747871 0
13.28167044446343 1.481852750367514 0
13.40986763152235 1.567133012928678 0
13.29972815232571 1.572979035338274 0
18.13088502762728 2.768295890184383 0
18.15642160264412 2.686504750906282 0
18.24905205209385 2.70583607140539 0
18.22351547707702 2.787627210683492 0
18.18996853986057 2.737065980794887 0
8.244286626450281 1.027542572170424 0
8.416641300769099 1.118573340127613 0
8.330786182694224 1.245283147049374 0
8.158431508375404 1.154252379092185 0
8.287536404572252 1.136412859609899 0
11.08610208188909 2.922195034794614 0
10.96243687210475 2.968367575868943 0
10.91386649951661 2.856706119812102 0
10.99998429070285 2.889450577303358 0
12.33696536099112 1.547990308003713 0
12.48363230348124 1.663915609966157 0
12.35091786368736 1.773514313040444 0
12.34394161233924 1.660752310522079 0
8.103978587260993 1.294351965596067 0
7.951017405226822 1.235298881598998 0
8.005470326341234 1.095199295095116 0
8.054724456801114 1.194775630345592 0
17.03760833204584 0.2985430484924212 0
17.12469247072817 0.1987515562526019 0
17.22450514013603 0.2649734423459789 0
17.1374210014537 0.3647649345857982 0
17.13105673609094 0.2817582454192 0
17.24899966562572 1.958273140188646 0
17.154536267099 1.874117660092443 0
17.23059079428458 1.782356236711901 0
17.32505419281131 1.866511716808104 0
17.23979522995516 1.870314688450273 0
12.78157426110761 4.555964796651876 0
12.92956082804191 4.664880575271786 0
12.82746674189298 4.777941418693281 0
12.67948017495868 4.669025640073371 0
12.8045205015003 4.666953107672578 0
14.85959487115667 4.625773080754164 0
14.75149971714344 4.533221604684119 0
14.86927722402324 4.450535764726149 0
14.97737237803646 4.543087240796194 0
14.86443604758995 4.538154422740156 0
8.507570685451457 0.9984756966394372 0
8.658758972292272 1.084064776115716 0
8.567829587609914 1.204162419603892 0
8.537700136530685 1.101319058121664 0
12.27829391384749 0.4858070050635819 0
12.17690809577605 0.5628225176243655 0
12.1006550265941 0.4860562324327811 0
12.20204084466553 0.4090407198719976 0
12.18947447022079 0.4859316187481815 0
4.428804575545881 0.3183097862145683 0
4.575313790527026 0.216069236350342 0
4.67374845983337 0.3287524332379128 0
4.551276517689626 0.3235311097262406 0
19.72285200102989 3.640526211179614 0
19.60257739989767 3.728793205963698 0
19.5107982453781 3.589754901889722 0
19.61682512320399 3.615140556534668 0
10.19183814457643 4.684065767986411 0
10.08030498001594 4.799603857918404 0
9.903017570198228 4.694684279090085 0
10.04742785738733 4.689375023538248 0
6.045760985965049 1.380059187535051 0
6.171575696527965 1.45275370110665 0
6.103684388287462 1.557701850889182 0
6.074722687126255 1.468880519212117 0
2.580388177124693 1.906573048953561 0
2.449415584137455 1.828086594516444 0
2.547844611079956 1.724205389918087 0
2.678817204067196 1.802691844355205 0
2.564116394102325 1.815389219435824 0
4.556884401631211 2.991320498120082 0
4.433888830656719 3.055979123607238 0
4.347894047860653 2.977132832043297 0
4.452389224745932 2.98422666508169 0
18.58903281510703 2.115213324978064 0
18.52771782503693 2.00379521674245 0
18.63705437164396 1.938589315571562 0
18.69836936171406 2.050007423807175 0
18.61304359337549 2.026901320274813 0
5.185860502931224 4.384855044837076 0
5.31947037705856 4.277412650878298 0
5.324076643268006 4.404023369374075 0
4.347922462449855 4.772442180508016 0
4.216533770931552 4.659935360475524 0
4.33840365210677 4.663131141605442 0
0.1500678606055246 3.021776275789323 0
0.1201672758527863 2.801282769794796 0
0.2702351364583091 2.948059045584119 0
0.1351175682291554 2.91152952279206 0
3.685975085184698 4.672842459552555 0
3.597481975435745 4.791846953146244 0
3.461517007452611 4.706740384136424 0
3.573746046318654 4.68979142184449 0
5.480315385751423 0.6357708632540404 0
5.481902835262204 0.7966553127026037 0
5.407275052376669 0.720085973409383 0
10.47561849913129 3.799582673862276 0
10.49123220044067 3.912522757509912 0
10.37689144209874 3.930214646983628 0
10.36127774078937 3.817274563335992 0
10.42625497061502 3.864898660422952 0
16.96767891015573 2.059840446658368 0
16.85781072242237 2.056110837562029 0
2.989531513326591 2.727837668760357 0
2.879869746896002 2.72673209897682 0
19.46653682160633 3.014155632535646 0
19.55293360765138 3.145900461033942 0
19.41330198536395 3.249232467085118 0
19.32690519931891 3.117487638586822 0
19.43991940348514 3.131694049810382 0
9.737957086126052 3.245208650906533 0
9.921187794587098 3.167978867270013 0
9.869797069816142 3.267978269488291 0
16.80326991047048 3.764697983059023 0
16.68054752799524 3.68008517610426 0
16.76407804960608 3.575994106407277 0
16.88680043208131 3.660606913362041 0
16.78367398003828 3.67034604473315 0
17.69916896836077 2.92973283532438 0
17.66227187871274 2.830906786874645 0
17.75256406696784 2.795599332019116 0
17.78946115661587 2.894425380468851 0
17.7258665176643 2.862666083671748 0
7.474170138722769 3.55817028884798 0
7.489201354043789 3.448261268780375 0
7.583143870128576 3.570132573651263 0
7.536172612086182 3.509196921215819 0
18.24151001581055 2.232203879652352 0
18.30247096234056 2.320237919928392 0
18.21736050491031 2.389140970956921 0
18.22943526036043 2.310672425304637 0
4.04275513353257 0.4066133122734943 0
4.143330659329418 0.5125498579680619 0
4.005201885107709 0.6065714093452601 0
3.904626359310861 0.5006348636506923 0
4.023978509320139 0.5065923608093774 0
3.639013362241453 3.142762694660364 0
3.854491585511021 3.170499544810685 0
3.72895110152531 3.24784658804862 0
3.746752473876238 3.156631119735525 0
8.75040373398288 3.646468678404436 0
8.625371897042447 3.512906218331422 0
8.864425130397468 3.553611781646495 0
8.744898513719956 3.533258999988958 0
7.792076542875053 4.512495970267781 0
7.940000633463118 4.602384432238343 0
7.866481573043776 4.71508269612665 0
7.718557482455711 4.625194234156089 0
7.829279057959415 4.613789333197216 0
11.48047784364833 2.865267364792673 0
11.61920174469837 2.91491720115253 0
11.56769749962213 3.033007274603963 0
11.4289735985721 2.983357438244107 0
11.52408767163523 2.949137319698318 0
12.57744808843763 4.781157554483455 0
12.53072433040127 4.561421725882966 0
12.55408620941945 4.67128964018321 0
2.700526632067877 2.064492926395023 0
2.843795202199074 2.112964666255603 0
2.807063252612691 2.210659039058116 0
2.663794682481494 2.162187299197535 0
2.753794942340283 2.137575982726569 0
2.047953637668698 1.901541697346594 0
2.152947622000728 1.929681697447762 0
2.122262618419645 2.034321883988052 0
2.085108128044171 1.967931790667323 0
6.29012127902776 4.044811353896749 0
6.444373940766432 4.101820329333815 0
6.386304757845947 4.246659284005286 0
6.338213018436853 4.145735318951018 0
2.86346350809988 3.520061737446158 0
2.703528701549345 3.564947310459232 0
2.658968650621864 3.434347535629112 0
2.818903457172398 3.389461962616037 0
2.761216079360872 3.477204636537635 0
9.810670678105836 3.62879080492261 0
9.699796771188721 3.690411520127671 0
9.634017885620652 3.604696428654433 0
9.722344281863245 3.616743616788522 0
18.2716974700006 1.666219830493307 0
18.37847246509346 1.650509848950017 0
18.28236944397904 1.782754944502895 0
18.33042095453625 1.716632396726455 0
16.3430328576425 1.586127049547886 0
16.48886564341953 1.514217481858736 0
16.55473568416055 1.61989904702821 0
16.40890289838353 1.691808614717359 0
16.44888427090153 1.603013048288048 0
5.163399014287983 0.3605537287190836 0
5.318249854494468 0.2472974430593102 0
5.293627695158703 0.3775424216300594 0
19.67613947073917 3.030147503122161 0
19.66355689768931 3.145259968046234 0
19.8750039984811 0.5446730291053954 0
19.66216698568742 0.5227283127574167 0
19.67359635885208 0.4172278841478985 0
19.88643337164576 0.4391726004958771 0
19.77430017866659 0.4809504566266471 0
15.44179320705211 4.676119595353463 0
15.33773815932634 4.796656625624413 0
15.20315332597067 4.706303489540035 0
15.30720837369645 4.585766459269085 0
15.32247326651139 4.69121154244675 0
1.458073540734791 1.661638738568693 0
1.323123684398066 1.614779375837608 0
1.374186482130503 1.488521748076636 0
1.509136338467226 1.535381110807721 0
1.416130011432646 1.575080243322665 0
16.15827952887727 0.3527427474624063 0
16.33623007903363 0.2797318469698995 0
16.39167507610769 0.4207007021446443 0
16.21372452595132 0.4937116026371511 0
16.27497730249248 0.3867217248035253 0
17.93415199644544 2.521958501634581 0
17.8660396457734 2.454313764437681 0
17.93708716302348 2.377709730630317 0
18.00519951369552 2.445354467827217 0
17.93561957973446 2.449834116132449 0
6.130954394764434 2.973030988709048 0
6.269004935473248 2.848927117496761 0
6.399470423016897 2.961496788711579 0
6.261419882308084 3.085600659923865 0
6.265212408890666 2.967263888710313 0
3.556001993250555 2.840358542852269 0
3.441802393358439 2.734445149764746 0
3.674316242919502 2.740202100137086 0
3.558059318138969 2.737323624950916 0
13.7985969515562 0.8552034443443932 0
13.75287483381503 0.7316507076877135 0
13.84392206093526 0.7690806189085828 0
13.77394924791078 2.833629398245937 0
13.64063774631467 2.737571502284587 0
13.87953623963894 2.730346603010914 0
13.76008699297681 2.733959052647751 0
1.2774193233235 3.287651694906414 0
1.43643265422306 3.232578549398061 0
1.49100471187548 3.369982871402634 0
1.33199138097592 3.425056016910987 0
1.38421201759949 3.328817283154524 0
9.611712885442449 4.829566797754175 0
9.512434411427559 4.750622003211889 0
9.607540087406512 4.684351839907677 0
9.7068185614214 4.763296634449962 0
9.60962648642448 4.756959318830925 0
1.292842996581838 0.6201416055509661 0
1.157994269502971 0.7443561169028512 0
1.026761748634733 0.6094848256610934 0
1.161610475713601 0.4852703143092083 0
1.159802372608286 0.6148132156060298 0
16.90775845082906 3.357988942786034 0
16.77635321355477 3.284357321221509 0
16.84623245134438 3.175476365271469 0
16.97763768861868 3.249107986835993 0
16.87699545108672 3.266732654028751 0
2.520578695312073 2.845459339861947 0
2.408021355717075 2.785611697401305 0
2.450373832310339 2.669629297888816 0
2.485476263811206 2.757544318875382 0
14.50947414397963 4.707213736897959 0
14.62991270137169 4.618008047270549 0
14.74677766216363 4.716374724851147 0
14.62633910477156 4.805580414478557 0
14.62812590307163 4.711794230874553 0
13.13632222730647 1.215026987101652 0
13.23455908414179 1.119673630374146 0
13.35137537618112 1.204287573726435 0
13.2531385193458 1.299640930453941 0
13.24384880174379 1.209657280414044 0
4.990830885237932 1.239970294677534 0
4.868942738638209 1.164234800387131 0
4.952058248383288 1.058887779525264 0
4.971444566810609 1.149429037101399 0
6.794895944305368 1.657341473122512 0
6.66151319770466 1.577613171290168 0
6.751091106018901 1.47812376355681 0
6.884473852619609 1.557852065389154 0
6.772993525162135 1.567732618339661 0
3.979518078086609 3.109707497726628 0
4.018211434120224 3.019394126753548 0
11.1602555821269 0.333151013353171 0
11.31596664310693 0.2269074772805939 0
11.41310232009164 0.3447332413070208 0
11.25739125911161 0.4509767773795978 0
11.28667895110927 0.3389421273300957 0
18.36096508587486 2.416389683184706 0
18.3952358858397 2.254747012770312 0
18.45373000937401 2.350898776026626 0
18.37810048585728 2.335568347977509 0
19.43793203795202 0.4346388076332692 0
19.29410856909859 0.3128021406400245 0
19.40699793533667 0.2131716111178514 0
19.5508214041901 0.3350082781110961 0
19.42246498664434 0.3239052093755603 0
2.86341429736619 3.18552333668584 0
2.950358984321475 3.316112490672727 0
2.841158877269294 3.287492649650938 0
18.18890913535128 2.528860449578947 0
18.13788905581333 2.447324250650398 0
18.26838058444827 2.47067716988547 0
18.2031348201308 2.459000710267934 0
12.22640846666443 4.89361515295063 0
12.4762343035728 4.891405937900211 0
12.35132138511861 4.892510545425421 0
13.3245499811824 4.769500512774963 0
13.17789622185323 4.659750945011572 0
13.27774037252117 4.542150683835876 0
13.42439413185034 4.651900251599267 0
13.30114517685179 4.65582559830542 0
11.00273161220032 0.4369674428740233 0
10.9070346396319 0.3219883619867412 0
11.06455860955849 0.2181719324658893 0
11.03364511087941 0.3275696876699561 0
1.508139780287301 2.329502049149474 0
1.572915862587154 2.208937138073253 0
1.687345743857103 2.261227370925325 0
1.62256966155725 2.381792282001546 0
1.597742762072201 2.2953647100374 0
15.11953987804739 3.602848512510858 0
15.23562550727363 3.64514455448841 0
15.20185561894736 3.75937443254665 0
15.08576998972111 3.717078390569097 0
15.16069774849737 3.681111472528754 0
18.16174848219937 3.058072409584453 0
18.24370171068026 2.959499608823924 0
18.34373943617823 3.031668190318418 0
18.26178620769734 3.130240991078947 0
18.2527439591888 3.044870299951436 0
19.62985840256457 2.322544008900442 0
19.70834799441848 2.220250625740395 0
19.80529054733181 2.297056714108079 0
19.7268009554779 2.399350097268127 0
19.71757447494819 2.309800361504261 0
0.2654120036192325 2.517032467796544 0
0.3436906737709116 2.389540426025739 0
0.4745157228336119 2.441805281822005 0
0.3962370526819328 2.56929732359281 0
0.3699638632264222 2.479418874809274 0
15.22009937341391 1.992896757980484 0
15.13930463825139 2.12172076254406 0
15.01357036873112 2.034484047316695 0
15.09436510389363 1.905660042753119 0
15.11683487107251 2.01369040264859 0
1.215269490306415 1.431617758790658 0
1.27795841217568 1.281358133853691 0
1.436875403999768 1.338262123139669 0
1.326072447153091 1.384939940965164 0
10.39212570595082 0.4513683474109529 0
10.29273766527996 0.5374542411792136 0
10.20504873426952 0.4715755287208774 0
10.30443677494038 0.3854896349526165 0
10.29858722011017 0.4614719380659151 0
18.01203287880099 2.592025793598547 0
17.93787869835708 2.666743568081814 0
17.85999781600152 2.596676276117848 0
17.93601534740126 2.594351034858198 0
11.84078428819118 1.337215731722772 0
11.9578352702282 1.443732673755377 0
11.8271051295655 1.544292718326034 0
11.83394470887834 1.440754225024403 0
18.316024250767 2.56521171100792 0
18.40860875219359 2.510924224307155 0
18.33849466832093 2.490800697096313 0
18.17184514863502 3.806674646843295 0
18.05481493292905 3.902604375645011 0
17.95789775676208 3.8002194081506 0
18.06487145269855 3.803447027496948 0
17.04800425622025 3.139044793399092 0
16.916123556209 3.069442580557146 0
16.9858827938597 2.963868715688655 0
17.01694352503997 3.051456754543874 0
4.933304604537999 0.8751655165832024 0
5.047556019049972 0.9588684049892284 0
4.837806833871316 0.9751848911192382 0
4.942681426460643 0.9670266480542333 0
16.85029211125414 4.609514463329294 0
17.00005578622154 4.652797651154764 0
16.97344575840581 4.782681410454552 0
16.82368208343841 4.739398222629083 0
16.91186893482997 4.696097936891924 0
13.076778652239 4.774470935577353 0
13.03067839765614 4.550160584706004 0
13.05372852494757 4.662315760141679 0
1.568692412771627 2.727957203400706 0
1.582708825672315 2.618769871570629 0
1.692252196828347 2.628928257780597 0
1.67823578392766 2.738115589610674 0
1.630472304799987 2.678442730590652 0
3.101145377608793 2.824402646317695 0
3.214073946042136 2.730853684606902 0
3.101802729684364 2.729345676683629 0
16.50404534116393 2.832212037105591 0
16.35278146449216 2.738081999579593 0
16.57594932971833 2.728418744575562 0
16.46436539710524 2.733250372077577 0
10.83061407318048 1.512521708244205 0
10.71488852866913 1.401884907443816 0
10.84982773301818 1.302337008917554 0
10.96555327752952 1.412973809717943 0
10.84022090309933 1.407429358580879 0
18.32080445647668 2.852527314822084 0
18.1464127312806 2.894599504685331 0
18.23360859387864 2.873563409753708 0
2.173721234188768 1.441700126190849 0
2.286090674866889 1.336233775774876 0
2.411729033792804 1.43606933620482 0
2.292725133990787 1.438884731197834 0
19.77542118269631 2.923303864055915 0
19.88524287220503 2.783714904687502 0
19.88771059134816 2.899151932027957 0
2.533816957569202 1.537642572471869 0
2.5268359599277 1.337879844456518 0
2.648923883704099 1.439453080723567 0
2.530326458748451 1.437761208464193 0
9.198847182555358 2.814888419322863 0
9.0602121370358 2.73301995258652 0
9.281136297081892 2.716157173785906 0
9.170674217058846 2.724588563186213 0
11.09945273816362 1.312652185321321 0
11.21457616158049 1.422291675553792 0
11.08067670094639 1.522613299950414 0
11.09006471955501 1.417632742635867 0
17.89736795476248 4.19533172320188 0
17.74735071920463 4.263406961894619 0
17.68709066961591 4.150503163232219 0
17.83710790517377 4.082427924539481 0
17.7922293121892 4.17291744321705 0
10.53163103821634 4.060135665649647 0
10.65591006705369 3.881560938606395 0
10.69630890482937 4.02917384674613 0
10.59377055263502 3.970848302128021 0
6.342477168926707 4.792945203077995 0
6.47939470852579 4.898333687896933 0
6.238082460400918 4.894611515181061 0
6.358738584463354 4.896472601538997 0
17.81152164178926 1.071664977924676 0
17.94520219836743 1.101210122727978 0
17.91164883419979 1.230923775139959 0
17.77796827762162 1.201378630336657 0
17.86158523799453 1.151294376532317 0
18.50999239850526 4.886447011756447 0
18.64271187724069 4.769028708902013 0
18.63385593862035 4.884514354451007 0
10.35684181581754 1.267267890352705 0
10.46370918907907 1.385996611397031 0
10.31929707033135 1.47569017513826 0
10.21242969706982 1.356961454093934 0
10.33806944307445 1.371479032745482 0
6.701108149623197 1.280656832390076 0
6.609683786274806 1.391173136514683 0
6.726099627821049 1.379390297973443 0
2.343772217017775 3.988160935836838 0
2.216584336029335 4.110500390632073 0
2.098172072413853 4.002923218247906 0
2.225359953402292 3.880583763452671 0
2.220972144715814 3.995542077042372 0
14.97827479742731 4.718582832845772 0
14.86545758843427 4.809184476942754 0
14.86252622979547 4.717478778848459 0
16.77542896128518 1.641529956046579 0
16.65162934232616 1.731534844107987 0
16.66508232272287 1.630714501537395 0
17.4772253741202 3.812683988485267 0
17.59685963174248 3.953608440743952 0
17.44946865514553 3.927866374917471 0
17.53704250293134 3.883146214614609 0
1.645370379918825 4.772645744025242 0
1.760469892387198 4.889479232094706 0
1.635185189959413 4.886322872012621 0
18.57042193725209 4.234572381370487 0
18.69210849724654 4.135626711775805 0
18.78755718121439 4.240304040040166 0
18.66587062121995 4.339249709634849 0
18.67898955923324 4.237438210705326 0
19.19137643552604 2.61175418547105 0
19.07518259447069 2.72396272673607 0
19.08604737987194 2.501092827316105 0
19.08061498717132 2.612527777026088 0
16.13738976957843 2.757073209395019 0
16.10894575155741 2.906526141024726 0
15.99365685749357 2.867895680480849 0
16.02210087551458 2.718442748851143 0
16.065523313536 2.812484444937934 0
17.72040460956442 0.9166851482835756 0
17.84908568033946 0.9463071000597889 0
17.68284057101422 1.042043026148462 0
17.76596312567684 0.9941750631041257 0
10.24981790221769 3.615006205112887 0
10.11897876894405 3.666939742862397 0
10.06491737051333 3.552360307512556 0
10.19575650378697 3.500426769763047 0
10.15736763636551 3.583683256312722 0
1.788541562528152 2.734591552305081 0
1.797678137466189 2.649730399886644 0
1.880359608700289 2.654666183269923 0
1.834450585614221 2.694628867787502 0
13.19590791991761 3.150014178803615 0
13.086969400613 3.253149997868177 0
12.95732870324767 3.150661979379931 0
13.06626722255229 3.047526160315369 0
13.07661831158264 3.150338079091773 0
0.260775084406955 1.590566985284272 0
0.1429167372305358 1.733426178893799 0
0.1178583471764192 1.482140806390473 0
0.1303875422034775 1.607783492642136 0
17.39525734687662 4.056906750816465 0
17.55617732847715 4.122252833619839 0
17.49018195089134 4.256735696995512 0
17.44271964888398 4.156821223905988 0
5.111855764622618 0.8719454486812341 0
5.054644599755289 0.7811663992491586 0
5.138416164183372 0.7960543716304742 0
13.47402428597155 4.883219379307648 0
13.22552569521086 4.886281133467315 0
13.3497749905912 4.884750256387481 0
9.947252760944112 0.9918584316822723 0
9.779557505539769 1.010689927631317 0
9.765268577843678 0.8805817554635209 0
9.932963833248021 0.8617502595144759 0
9.856260669393894 0.9362200935728966 0
2.175137484331333 3.687938106378605 0
2.309767003667517 3.786304915576335 0
2.090730434066108 3.782216954254941 0
2.200248718866813 3.784260934915638 0
14.86605006112637 0.4616185482430435 0
14.99333139396543 0.5438715046478912 0
14.89570300967179 0.654853570694752 0
14.88087653539908 0.5582360594688978 0
18.55201020293671 2.283757582256142 0
18.49015617216308 2.181819615360022 0
18.65088684588066 2.217151291874184 0
18.57052150902187 2.199485453617103 0
13.28798774771801 2.843049469606517 0
13.41787865821914 2.947802969033886 0
13.30581116823675 3.04955079983548 0
13.17592025773563 2.944797300408112 0
13.29689945797738 2.946300134720999 0
18.69312289495468 0.2727502400996924 0
18.53124440749283 0.151821547516791 0
18.78687848746184 0.1209286925829014 0
18.65906144747734 0.1363751200498462 0
11.09938801247671 4.797118302627323 0
11.23661514462566 4.899183441340553 0
10.98777286785105 4.897934861286769 0
11.11219400623835 4.898559151313662 0
8.906411230832511 4.805768111277192 0
9.013915044329909 4.905808655286709 0
8.767496186502601 4.899959455990483 0
8.890705615416255 4.902884055638595 0
11.5622184124671 3.480616928442114 0
11.71293083163566 3.409625339594246 0
11.78800200835736 3.522211119045266 0
11.6372895891888 3.593202707893134 0
11.67511021041223 3.50141402374369 0
17.00805725063562 0.1020370313704109 0
16.89732142960587 0.2225012667487389 0
16.76426417897025 0.1204642353783281 0
16.88616071480293 0.1112506333743695 0
19.13988322020673 4.757547945058167 0
19.15967417776115 4.505955006830919 0
19.27571467453236 4.642066912614639 0
19.14977869898394 4.631751475944544 0
6.5236046785943 1.504744405053895 0
6.384794190098861 1.421812146202432 0
6.470873297779367 1.308240877663219 0
6.497238988186833 1.406492641358557 0
16.70852524489258 3.393376136869527 0
16.83498118861584 3.46901702424537 0
16.63762210588282 3.500353219031434 0
16.73630164724933 3.484685121638402 0
5.863122278043995 0.2388001804859221 0
6.077704084288547 0.3228584374727124 0
6.012098265860469 0.4664150708608013 0
5.797516459615917 0.382356813874011 0
5.937610271952232 0.3526076256733619 0
0.8504819383144415 1.767921699776015 0
0.8324658287461872 1.591381644503873 0
0.9946874058660207 1.568073855619536 0
1.012703515434275 1.744613910891678 0
0.9225846720902311 1.667997777697775 0
11.99653578715177 0.1405601566016408 0
12.25651761685318 0.1068682255411133 0
12.12805340400494 0.2474283821427541 0
12.12652670200247 0.123714191071377 0
15.24077865440971 0.1089478043647025 0
15.1037985539451 0.2241483210795838 0
14.98801989953539 0.1152005167148817 0
15.11439927697255 0.1120741605397919 0
9.841558057509156 3.760516072562217 0
9.763156161473951 3.852372400380624 0
9.621394875153518 3.782267847946079 0
9.731476466331337 3.771391960254148 0
2.257483196241806 4.5498893353901 0
2.33415789407721 4.467229200650828 0
2.424287066802752 4.53317516122765 0
2.347612368967349 4.615835295966921 0
2.340885131522279 4.541532248308874 0
0.8693495304182015 1.906926627290677 0
0.7294792316637881 1.936682594141944 0
0.7106116395600282 1.797677666627282 0
0.7899805849891148 1.85230214695898 0
7.503705357689273 0.1173006388369791 0
7.757493619518764 0.1110425504122503 0
7.630599488604019 0.1141715946246147 0
6.270008303521536 0.09672030445529156 0
6.511819358213136 0.08809650885953335 0
6.406827661734672 0.1848168133148249 0
6.390913830867336 0.09240840665741246 0
0.1247403489244938 3.272260684304407 0
0.2748082095300184 3.16903696009373 0
0.1374041047650092 3.147018480046865 0
17.95326051481984 0.1198449117912217 0
18.17877396373379 0.1476150219333614 0
18.00703447855362 0.2674599337245831 0
18.06601723927681 0.1337299668622918 0
4.462448870528243 1.235676678740646 0
4.540749826238433 1.129767193307523 0
4.661164362616052 1.19953318727905 0
4.582863406905862 1.305442672712173 0
4.561806616572149 1.217604933009848 0
7.041184636960155 3.610791499463897 0
6.992031617298975 3.800626674741798 0
6.848235756273794 3.75967235113412 0
6.944710196616974 3.685231925299008 0
10.33875862384343 4.79178068583827 0
10.31100355610518 4.577846824522518 0
10.45792403537218 4.685561742374377 0
10.32488108997431 4.684813755180394 0
5.38541553487962 3.530692584795803 0
5.487863098854875 3.574081516398675 0
5.442636066188831 3.659543403447201 0
5.340188502213575 3.616154471844329 0
5.414025800534225 3.595117994121502 0
1.786595416371195 2.841710296343023 0
1.676289637770704 2.845234333648615 0
1.732415600149427 2.789912942976848 0
4.184563056859483 0.3090130894682317 0
4.328876865612227 0.2094404616701544 0
4.284490766793137 0.4178824140126456 0
4.306683816202682 0.3136614378413998 0
19.10572818994408 4.382009688834689 0
19.24443961890464 4.319889528745497 0
19.29838560672172 4.443834846741727 0
19.2020568983329 4.412922267788208 0
6.446012321848864 3.744744678501411 0
6.446239984253232 3.906480226129924 0
6.309297435918621 3.90043442285362 0
6.377654878883742 3.822589550677516 0
17.52648042070419 4.87276432510293 0
17.29153750153485 4.853177499530501 0
17.40900896111952 4.862970912316716 0
15.58307293426054 2.27434192256553 0
15.39129327644699 2.274988558111641 0
15.53000639572448 2.183619187726735 0
15.48718310535376 2.274665240338586 0
1.141443152656034 3.290511005052614 0
1.140884202969701 3.143003754003781 0
1.276860373637167 3.140144443857582 0
1.2091517631466 3.215327724455098 0
5.856605235349303 4.772739937270228 0
5.991133627404873 4.887837300118862 0
5.865802617674651 4.886369968635114 0
9.932592171948709 3.60171864398461 0
9.973667881702109 3.517517442364978 0
17.7710081782087 4.880021981534489 0
17.89415696214213 4.88219772648674 0
17.86290207726026 2.983315488355236 0
17.97490305155614 3.074502408348138 0
17.8813750056437 3.172327152228446 0
17.76937403134782 3.081140232235543 0
17.87213854145198 3.077821320291841 0
8.121221394743507 1.61011696503151 0
8.057077313006875 1.727028342753321 0
7.907869271882185 1.65014889830826 0
8.014545333312846 1.630132931669885 0
4.475594105670501 2.250548610029826 0
4.610638596730899 2.241065001198593 0
5.096530748213891 4.767480411466406 0
5.110765374106945 4.883740205733203 0
6.250841643964705 1.341437664783816 0
6.278184943313413 1.437282923654541 0
17.4974945890114 1.150531251583201 0
17.49779833356307 1.308632961942107 0
17.37449207994449 1.309874261000668 0
17.37418833539282 1.151772550641761 0
17.43599333447794 1.230202756291934 0
1.466661023359563 3.950073685252839 0
1.578637671902849 3.888232614615149 0
1.642074497392418 3.985572820678663 0
1.530097848849135 4.047413891316353 0
1.554367760375992 3.967823252965751 0
12.83099852556329 1.946349811721362 0
12.915180063301 1.861435086078949 0
13.05281260745722 1.940992088619275 0
12.94190556651025 1.943670950170318 0
2.580471551269802 4.795827118242705 0
2.719990399697747 4.894731439428305 0
2.485481151572055 4.9010956788144 0
2.6027357756349 4.897913559121352 0
6.571903520251761 1.702061509414817 0
6.547754099423029 1.603402957234356 0
2.961252170967279 2.278789771538355 0
2.994954542619404 2.160413139181002 0
3.06925014311367 2.263062216065719 0
9.963479551352027 3.733443911624216 0
9.887075114728932 3.681117358273413 0
2.979817594178793 3.503076008440472 0
2.992595311553377 3.633880952455299 0
2.876241225474462 3.650866681460985 0
2.928029409826628 3.576971344950728 0
13.51714106824814 4.531079086735708 0
13.37946890332954 4.425361177685373 0
13.62656951057464 4.410081407201484 0
13.50301920695209 4.417721292443428 0
6.647687934163102 3.743302442495561 0
6.565802455742798 3.828964694327251 0
6.546850128005983 3.744023560498486 0
2.129899268962399 4.797305535815349 0
2.248009683884817 4.901069850295402 0
2.006889585077582 4.896235685519948 0
2.1274496344812 4.898652767907675 0
6.977237673412914 0.09125468956062477 0
7.226529432132439 0.1317087532454604 0
7.078767105545353 0.2229634428060852 0
7.101883552772676 0.1114817214030426 0
6.758807941427988 3.84221800943875 0
6.747961845218448 3.751487396814841 0
8.090688963718749 0.7278026021582775 0
8.026403614837468 0.8258377126796796 0
7.878281700296871 0.7593235007191543 0
7.984485332007811 0.7435630514387159 0
6.320678442329884 4.602697068537353 0
6.439667002375893 4.702507520263064 0
6.223488608880698 4.693134751352284 0
6.331577805628295 4.697821135807674 0
14.89829689694936 3.901877271402739 0
14.78161737647297 3.853308285508476 0
14.82201664909076 3.739012590595737 0
14.93869616956714 3.78758157649 0
14.86015677302006 3.820444930999238 0
18.6889147602627 1.751215482490404 0
18.75198026792255 1.870221995779682 0
18.66298456595333 1.844902399030983 0
1.160768009234463 1.7368105025461 0
1.015680021571871 1.89153124438327 0
1.088224015403167 1.814170873464685 0
0.4682630645872869 1.902295291686812 0
0.2607057986975914 1.851255698098712 0
0.3908881458743743 1.764263491199817 0
0.3644844316424418 1.876775494892762 0
8.071615846310067 4.578040557389748 0
8.246639238599551 4.500298295469968 0
8.324278149799625 4.645470163526911 0
8.149254757510141 4.723212425446691 0
8.197946998054846 4.611755360458329 0
10.19411662495217 3.786233037130651 0
10.03861740736014 3.85273720589247 0
10.0787980881521 3.759838474377434 0
8.719122512773033 1.287221955477404 0
8.635735017587143 1.40825415120586 0
8.484442092424024 1.325194615332347 0
8.601782302598528 1.306208285404876 0
5.221989754005506 0.1211825543034806 0
5.471260100488961 0.1261148887558297 0
5.346624927247234 0.1236487215296553 0
3.929863547046025 2.751790288325825 0
4.155086717129292 2.713711503177123 0
4.042475132087658 2.732750895751474 0
13.53259861517193 2.842566726989385 0
13.39766952309864 2.739283931754361 0
13.51915363470665 2.738427717019474 0
1.920752186628633 2.922240901613257 0
1.806737609533162 2.947948722665486 0
1.853673801499916 2.88197559897814 0
5.512311199945055 3.72488634019414 0
5.421776551767072 3.799109119060118 0
5.352101418010847 3.733766182313179 0
5.432206308977952 3.72932626125366 0
12.72621378486484 4.889751616583244 0
12.97625295702815 4.888189802110038 0
12.85123337094649 4.888970709346641 0
0.1159408582898998 1.23997535656959 0
0.1168996027331595 1.361058081480031 0
13.52837576236433 3.245868482012563 0
13.43316935316205 3.149864508735843 0
13.56269270694146 3.064850719324343 0
13.54553423465289 3.155359600668453 0
5.011935137395557 0.4660508069482381 0
4.91794752343899 0.3411098692724526 0
5.069411400331417 0.2356127910432981 0
5.040673268863488 0.3508317989957681 0
18.0632261437748 2.979274016704431 0
18.07342538998071 3.153300801228161 0
18.06832576687776 3.066287408966296 0
14.99215541876258 4.904615570442882 0
14.74830216967169 4.904568906499872 0
14.87022879421714 4.904592238471377 0
13.83694459548727 4.732942537871454 0
13.98998593244821 4.856572131419206 0
13.72195866303906 4.876370406452248 0
13.85597229774364 4.866471268935728 0
11.66704974362031 0.3623522961819754 0
11.50954315872256 0.4682685004141325 0
11.57060890498939 0.2388170370748637 0
11.54007603185597 0.3535427687444979 0
3.097199250485896 3.578949530138155 0
3.152013308402809 3.667430149848691 0
3.047409369470289 3.722361572165834 0
3.072304309978092 3.650655551151995 0
17.65083706120821 1.177760237773789 0
17.75044939175058 1.324994285498714 0
17.62331817533717 1.301375892935846 0
17.7006432264794 1.251377261636251 0
4.769896657078316 0.4456067546605302 0
4.821799326194044 0.2242555478498351 0
4.79584799163618 0.3349311512551827 0
6.644280255374009 3.916529437233366 0
6.524717783884443 3.994044969036039 0
6.54526011981362 3.911504831681645 0
18.1230965318842 2.561209785905728 0
18.06935795686034 2.63672343093021 0
18.06577145382485 2.516512148574066 0
18.0675647053426 2.576617789752138 0
13.4425284102152 1.107584717846221 0
13.55932213852398 1.188319055464934 0
13.4681691044899 1.285021911345148 0
13.45534875735255 1.196303314595685 0
4.349495264976144 1.160857791970437 0
4.259881860883207 1.089434557571515 0
4.338573371287164 1.016744213952967 0
4.428186775380102 1.088167448351888 0
4.344034318131655 1.088801002961702 0
13.15810465153222 1.397120566403258 0
13.37670431227701 1.384373114418197 0
13.26740448190461 1.390746840410728 0
16.79777536550765 0.6909953051886495 0
16.65757388173028 0.6157983367386353 0
16.72883650787039 0.5026198452869628 0
16.86903799164777 0.5778168137369772 0
16.76330593668902 0.5968075752378059 0
14.38454163357479 4.7924328149272 0
14.50303693509987 4.901011507978685 0
14.25650469847493 4.891421306948516 0
14.3797708167874 4.896216407463601 0
9.709559826977053 1.434701977952374 0
9.877830880407251 1.541159505447412 0
9.750534848895116 1.693627806194521 0
9.582263795464918 1.587170278699483 0
9.730047337936085 1.564164892073448 0
13.6637298854084 4.638768620896338 0
13.72018763791667 4.505757408477784 0
13.89340234799554 4.599931325452902 0
13.77856611670197 4.61934997317462 0
5.425282842629367 2.040127037771924 0
5.479675881654474 1.95156244968806 0
5.626889809355472 1.999818950601055 0
5.52608632599242 2.01997299418649 0
18.38844833525608 2.76417161171208 0
18.50378330062946 2.844920934491809 0
18.43613942185006 2.933276637601814 0
18.41229387855306 2.848724124656947 0
17.71548518033376 0.1098974866976627 0
17.7937456951536 0.2297423984888844 0
17.8343728475768 0.1148711992444422 0
18.46064370201805 0.2732361959078728 0
18.30439929452522 0.1214146483910818 0
18.41782185100902 0.1366180979539364 0
6.104216087805791 4.782448815299924 0
6.114608043902896 4.891224407649961 0
3.009689155652145 1.564831804474268 0
2.886753432386286 1.453461952484683 0
3.008177803502477 1.358197230454852 0
3.131113526768337 1.469567082444436 0
3.008933479577312 1.46151451746456 0
11.55173965879927 1.953338195673239 0
11.66908991380984 2.058435235744314 0
11.54000704741867 2.159908363897594 0
11.4226567924081 2.05481132382652 0
11.54587335310897 2.056623279785417 0
16.01583388220382 0.4473609819730209 0
15.93069189395826 0.3293647164360265 0
16.07313754063171 0.2347464819254119 0
16.04448571141776 0.3410537319492164 0
3.802089894982764 2.745996194231456 0
8.254658783681037 1.368499468740762 0
8.187433694078084 1.490948262683629 0
8.145706140669539 1.392650114139848 0
6.018090294255643 0.1098143052177689 0
6.163098597777179 0.2065346096730609 0
6.144049298888589 0.10326730483653 0
11.56400829176147 1.745945167837459 0
11.68201986046772 1.852297583875701 0
11.43372809009302 1.846985779634997 0
11.55787397528037 1.849641681755349 0
1.158880424795562 0.2402518436632985 0
1.016554272894306 0.1161784863150785 0
1.267326151901257 0.1240733573482204 0
1.141940212397781 0.1201259218316499 0
3.324587977006916 2.831010127322084 0
3.327938169700287 2.732649417185824 0
19.75703704578569 4.389063664449379 0
19.63517612599737 4.515847525458753 0
19.50503402639105 4.393187038591796 0
19.63103553608837 4.391125351520587 0
12.49956086534188 0.09906394669987373 0
12.74325122631169 0.09698995401302923 0
12.61781209165357 0.1960539007129034 0
12.62140604582679 0.09802695035645126 0
11.58973278078803 4.798059311245519 0
11.48405286706046 4.899552980654746 0
11.60736639039401 4.899029655622759 0
13.31453863653983 3.149939343769729 0
8.97043302642644 2.877040002207254 0
8.8138947131433 2.778308756670298 0
8.937053425089548 2.755664354628409 0
1.89235947746478 4.785714917614654 0
1.88367973873239 4.892857458807327 0
17.15587416501037 4.870935148641022 0
16.94257159339544 4.911746261813531 0
17.0492228792029 4.891340705227276 0
1.180504510457929 1.59859493784277 0
1.029452385714508 1.401096676567424 0
1.104978448086218 1.499845807205097 0
15.06183160866865 2.254139740725099 0
15.28356804399621 2.233292314769398 0
15.17269982633243 2.243716027747248 0
17.64874429945645 4.876393153318709 0
10.44242583760136 1.599158641498502 0
10.57772813004043 1.498749682122715 0
10.69753858912305 1.613671306943487 0
10.56223629668398 1.714080266319275 0
10.56998221336221 1.606414974220995 0
15.4876056447093 0.1070419071409106 0
15.73251329326587 0.1077634550029378 0
15.59511893797517 0.2148053621438488 0
15.61005946898758 0.1074026810719246 0
9.385012386631159 4.827060400224777 0
9.500585399398856 4.91590480116204 0
9.259426987232303 4.911155599062738 0
9.380006193315578 4.91353020011239 0
19.90308575992128 2.234404025374372 0
19.90220478741053 2.437652688733707 0
19.9026452736659 2.336028357054039 0
12.2987045233285 1.982797170321826 0
12.18846788618014 1.867932149605059 0
12.32481119350793 1.878155741681135 0
8.106028165214745 0.9318844398278765 0
8.225093926539348 0.816028646792049 0
8.363352387774881 0.9116867791345964 0
8.234690276494813 0.9217856094812364 0
2.790850716890711 4.770062701514107 0
2.945860317192963 4.875331262085803 0
2.832925358445355 4.885031350757053 0
12.38419576041625 2.272858264409943 0
12.14308499602552 2.268292903473097 0
12.27251233203505 2.175439874932604 0
12.26364037822088 2.27057558394152 0
12.59228847705582 3.045450994299602 0
12.46325943923102 2.941927587996786 0
12.56938733906999 2.839827221564995 0
12.69841637689478 2.94335062786781 0
12.5808379080629 2.942639107932298 0
7.365117394910856 0.1245046960412197 0
2.358490835456871 4.802165529109801 0
2.366745417728436 4.901082764554901 0
14.99390825532807 3.55225306354671 0
14.97322352476895 3.675518835346885 0
14.87265963675599 3.652721428222436 0
14.89334436731512 3.529455656422261 0
14.93328394604203 3.602487245884573 0
15.8065496549816 2.267722418170214 0
15.92321668742916 2.264734369289221 0
15.70699797368952 2.176353047785307 0
15.69481129462107 2.271032170367872 0
4.97242164632591 0.1144302367398176 0
5.097205700165707 0.1178063955216491 0
18.93854402308683 0.2288580724096381 0
19.02666553562498 0.1079293798267367 0
18.90677201154341 0.114429036204819 0
4.227940754953335 0.1031965364298308 0
4.475936110658893 0.1062439252403236 0
4.351938432806114 0.1047202308350772 0
12.93631962844395 2.944079008075772 0
13.04597266362729 2.841350148168515 0
13.05611994308979 2.944438154241942 0
0.1248358245868602 4.002295236969584 0
0.122106850601206 3.754664612507043 0
0.1234713375940331 3.878479924738313 0
11.6780614253934 3.220330483577781 0
11.79510162396374 3.297873690019108 0
11.59589063306532 3.33208213315292 0
11.69549612851453 3.314977911586014 0
14.43326513253293 0.09930339624506956 0
14.70382959670358 0.1330399160734927 0
14.51209472923651 0.2323433123185623 0
14.56854736461825 0.1161716561592812 0
5.244143952805772 3.739209866978094 0
5.245060452841521 3.862136188522469 0
5.101697012290126 3.861198336305445 0
5.100780512254377 3.73827201476107 0
5.17292048254795 3.80020410164177 0
13.15551079505929 2.73805424490172 0
13.27659015907896 2.73866908832804 0
8.336114496018025 1.568059936463972 0
8.26990219668345 1.687228638811853 0
8.228667945380767 1.589088450747741 0
10.02747715508315 1.42910355509075 0
9.946449008549308 1.29074481077021 0
10.13140155053598 1.218602709773394 0
10.07943935280957 1.323853132432072 0
2.768619374062677 1.546386770256411 0
2.767057942027709 1.346528262951839 0
2.767838658045193 1.446457516604125 0
11.93215767005197 0.3974560121160824 0
11.75324350512015 0.4961163852507946 0
11.84596390855213 0.2636919230472632 0
11.79960370683614 0.3799041541490289 0
8.470233677948571 4.556450130558723 0
8.563736666155094 4.68050762930449 0
8.41778113800615 4.769527662272679 0
8.444007407977359 4.6629888964157 0
8.663371420195503 4.791837997076493 0
8.520875233692902 4.89187854108601 0
8.644185710097751 4.895918998538246 0
16.22162660724235 0.1230969490535356 0
16.48960347179128 0.1566348979163639 0
16.35561503951682 0.1398659234849498 0
11.34566801168613 4.798736421995299 0
11.36033400584306 4.89936821099765 0
13.23520791088327 4.318763186799865 0
13.21523354381909 4.209294448926853 0
19.72073968747191 0.9285775693731373 0
19.84382003113806 0.7735846142370124 0
19.87691965633384 1.029992955136125 0
19.86036984373595 0.9017887846865686 0
12.38107848219506 0.205932172240987 0
12.37803924109753 0.1029660861204937 0
5.728930579932362 1.36391592394506 0
5.551708699596306 1.41211887741462 0
5.603246331584783 1.304696874140304 0
5.640319639764334 1.38801740067984 0
11.10398597638724 0.5540385249559767 0
10.94598452569241 0.6576314105526939 0
10.84473016150549 0.5405603284707405 0
10.97435806894637 0.5472994267133586 0
9.14834203156221 4.816964254349447 0
9.136671015781106 4.908482127174723 0
10.85005973414596 4.794492091780892 0
10.73728686629491 4.896557230494123 0
10.86252986707298 4.897246045890446 0
14.62566955238578 4.902790207239279 0
14.12149063092314 4.747993438367722 0
14.12324531546157 4.873996719183861 0
4.228055703694178 2.259033133526501 0
4.333791338892115 2.143870450605891 0
4.35182490468234 2.254790871778163 0
15.35338429911901 0.2159897115056131 0
15.36419214955951 0.1079948557528065 0
3.16256435244277 0.6675712231182911 0
3.292013093168329 0.5754739489115588 0
3.400792767302771 0.6776818581424924 0
3.281678559872772 0.6726265406303917 0
4.264877913848235 1.258194125966278 0
4.36366339218824 1.246935402353462 0
11.52137944915527 3.171730280501425 0
11.72437947586027 3.081607477680319 0
11.62287946250777 3.126668879090873 0
11.72442812140036 0.123131766445622 0
11.86048195427607 0.1318459615236316 0
16.29769137364132 2.860866501925048 0
16.24508561703529 2.747577604487306 0
1.032524066322964 0.3537345499540372 0
0.8927838994656234 0.4426417944585053 0
0.8072867213655321 0.3148771703065467 0
0.9470268882228723 0.2259699258020786 0
0.9199053938442496 0.334305860130292 0
0.2342555143645964 1.108366240193755 0
0.1183146560746984 0.9933908836241654 0
0.1171277571822991 1.116683120096878 0
9.511163919996543 1.364644993109076 0
9.57884532508845 1.221284643869919 0
9.77724123206896 1.291341628713217 0
9.64420257603275 1.327993310911146 0
1.520562682885267 1.200892905342369 0
1.669864760777141 1.277903263288414 0
1.586177481891642 1.415272481085716 0
1.553370082388454 1.308082693214042 0
12.91513835520645 2.737584610316358 0
13.03532457513287 2.737819427609039 0
4.974614142739011 3.752124430466029 0
4.973491600456699 3.842657205670513 0
4.878885460748009 3.840678675128591 0
4.880008003030322 3.750145899924108 0
4.92674980174351 3.796401552797311 0
3.250110651803908 1.367498869095826 0
3.377351944220753 1.475331895682681 0
3.258354819185183 1.57740010903129 0
3.254232735494545 1.472449489063558 0
14.81684949623897 0.2482404327883749 0
14.84592474811949 0.1241202163941875 0
5.667727313806248 0.5481136709430148 0
5.638579292619001 0.6758933721182929 0
5.574021349778835 0.5919422670985275 0
3.602245148166307 4.094610859177655 0
3.741306821667782 4.170755067117722 0
3.659826529733905 4.30734429428124 0
3.631035838950107 4.200977576729446 0
8.698006688702678 2.896184858456772 0
8.548958371502362 2.752164808836038 0
8.681426542322832 2.765236782753168 0
2.603509033614948 2.901648245550501 0
2.693137919111789 2.903418162777775 0
3.399603112399707 3.317942902537029 0
3.516625062829524 3.230640745238625 0
3.616818504572423 3.3289351486744 0
3.499796554142605 3.416237305972804 0
3.508210808486064 3.323439025605714 0
3.538424474251446 3.039854479608435 0
3.431112126660854 2.933058954359889 0
3.547213233751001 2.940106511230351 0
3.507548000113808 0.7796642376763454 0
3.61738238970977 0.8814949465810371 0
3.492912772439999 0.9747933181556445 0
3.500230386276902 0.8772287779159949 0
19.76555096061778 1.176897415348567 0
19.88863130428394 1.271904460212442 0
19.88277548030889 1.150948707674283 0
7.507880519922413 2.282182290675522 0
7.586617709796567 2.191417790606213 0
7.739995827827164 2.274946792881128 0
7.623938173874788 2.278564541778325 0
0.8934131752105543 2.755717310983797 0
0.9404295446128828 2.941130214528809 0
0.81814869762567 2.862833867774423 0
0.9169213599117185 2.848423762756303 0
8.408314693410835 1.448410937023735 0
8.556668617165588 1.52753625298852 0
8.484468419772776 1.647185252428757 0
8.446391556591806 1.547798094726246 0
3.951764642576294 4.113471429358457 0
3.885448483492731 4.241814232375162 0
3.807622980751344 4.042412264101016 0
3.846535732122038 4.14211324823809 0
9.247918639793927 0.1016821614973473 0
9.492870002246312 0.09957708342762928 0
9.365788642040238 0.201259244924977 0
9.370394321020118 0.1006296224624883 0
8.271905904313249 4.877649121186669 0
8.396390569003076 4.88476383113634 0
15.62325605665577 1.307287692238841 0
15.70148059287277 1.459642665277453 0
15.57578527419147 1.519667921550931 0
15.49756073797447 1.367312948512319 0
15.59952066542362 1.413477806894886 0
13.1334793800749 4.435552692950369 0
13.25647414170222 4.430456935317871 0
5.720031983788351 0.1289858752681532 0
5.869061139021998 0.1194000902429608 0
14.2082866224187 0.1092190545295351 0
14.26655175495163 0.2085224507746046 0
14.32077587747581 0.1042612253873023 0
15.97651093338935 0.1116495328718763 0
15.83402422665522 0.2194129878748141 0
15.85451211332761 0.1097064939374071 0
1.160245450254582 0.3627610789862534 0
1.549099685008997 0.132422912279667 0
1.408212918455128 0.1282481348139437 0
7.134255068776433 2.074144512498963 0
7.236704400730311 2.1363850681007 0
7.146776928127601 2.147050272676 0
15.15731435222791 3.853333272059839 0
15.13248706243971 3.981742726002565 0
15.02641534473111 3.95755058565494 0
15.05124263451932 3.829141131712213 0
15.09186484847951 3.905441928857389 0
1.379025804684973 3.02743669701277 0
1.382706574966827 3.136768354532978 0
1.327943089161071 3.083790570435176 0
13.49928981065872 1.468603315039721 0
13.59075460287161 1.369252111966671 0
13.48372945757431 1.376812613192434 0
1.029999423756223 3.149286753350446 0
1.016528633855215 3.019002149185814 0
1.078706418412457 3.081002951594798 0
4.95736690133741 0.6803876125905335 0
4.867967208657039 0.562004358874411 0
4.984651019366484 0.5732192097693858 0
3.97997811960569 0.1006485518221187 0
4.082918874559025 0.2038450882519496 0
4.103959437279513 0.101922544125975 0
11.47118078358902 0.1156852706292417 0
11.59780445249469 0.1194085185374321 0
7.252304644178952 3.255534072024509 0
7.324109140531524 3.394870187452681 0
7.131168794708163 3.481216619844276 0
7.191736719443558 3.368375345934393 0
8.933997542936282 1.57285012621853 0
9.079330240503195 1.65789583866527 0
8.993945785027849 1.775175936194427 0
8.848613087460938 1.690130223747687 0
8.963971663982067 1.674013031206478 0
8.998669320905247 0.1015653768097469 0
9.121587960699172 0.2032475383070946 0
9.123293980349587 0.1016237691535471 0
13.67741266389425 2.959614477279842 0
13.5476456610567 2.953708723156864 0
4.197787267125701 1.538352011314139 0
4.074623872961278 1.453798213451638 0
4.16825857433551 1.352089910278021 0
4.183022920730605 1.44522096079608 0
13.57098294901061 4.759589785759896 0
13.5979914745053 4.879794892879948 0
1.716787650881539 2.528344500239682 0
1.822213591519382 2.54914664234573 0
1.757232894173864 2.589037450063163 0
3.272850384197195 1.808630309993369 0
3.131289043621651 1.699391602283826 0
3.399916159760727 1.686638816740833 0
3.265602601691189 1.69301520951233 0
8.487756919419459 3.417054834302522 0
8.340979312580895 3.344646323177984 0
8.399909689937322 3.23583062383717 0
8.546687296775888 3.308239134961708 0
8.443833304678391 3.326442729069846 0
10.22894832086465 4.896248506278732 0
9.97635665915128 4.903355351639672 0
10.10265249000797 4.899801928959202 0
0.7522453168765129 4.876567019077925 0
0.87824550187654 4.876844768327627 0
12.73939350458153 4.33410484806742 0
12.72096575804704 4.223440633855997 0
4.953057485251152 4.652060697080478 0
5.066914474602044 4.530703236768635 0
5.081722611407967 4.64909182411752 0
9.966251342389599 0.3039269197070422 0
9.817574017900617 0.4190629375158617 0
9.699736919753443 0.3177926816731111 0
9.848414244242424 0.2026566638642917 0
9.832994131071521 0.3108598006900767 0
13.56734132608343 3.336537995189641 0
0.8769344278469973 2.049437075077523 0
0.9463072247094342 1.970484159730397 0
19.85861006639194 2.559747359744402 0
19.68320623445931 2.521444768278822 0
19.79270551093492 2.479548728506265 0
11.42027356777471 2.759448786053562 0
11.26030373442001 2.854325227928018 0
11.30068381722414 2.744306967488791 0
13.1008893261195 4.887235467788676 0
10.0950742935046 0.2000422324275659 0
10.20733597512931 0.2919197877454152 0
10.07851302401431 0.3958044750248915 0
10.08679365875945 0.2979233537262287 0
12.80665933105739 2.840553812044553 0
12.67568137868794 2.737257908777758 0
12.79540986694719 2.737421259547058 0
4.056153356588205 1.267514030122086 0
4.15277269610093 1.173618245810344 0
4.16051563521822 1.262854078044182 0
11.91463529849204 3.425945042873918 0
12.03024220781327 3.545158667997349 0
11.90360891767859 3.641424744168696 0
11.90912210808531 3.533684893521307 0
8.805955474741483 1.166589041161008 0
8.955439893643494 1.248972486586006 0
8.868606931675044 1.369605400902402 0
8.837281203208263 1.268097221031705 0
12.75971832329244 3.569982543743243 0
12.64820515505771 3.675748836861808 0
12.51793730213321 3.567817482533169 0
12.62945047036794 3.462051189414603 0
12.63882781271282 3.568900013138206 0
0.1258363660200832 4.251651759580692 0
0.1253360953034726 4.126973498275138 0
19.87946653268104 4.259228339462357 0
19.87715011645582 4.019097472507717 0
19.87830832456843 4.139162905985037 0
9.171663590833084 1.536359661567908 0
9.018072907156961 1.452757756027779 0
9.106527155874067 1.328453439323447 0
9.26011783955019 1.412055344863575 0
9.139095373353575 1.432406550445677 0
3.245545689753302 4.219413855491749 0
3.227097805825762 4.094793039108789 0
3.332196122043586 4.075690513505924 0
3.288870905898444 4.147552184498837 0
11.90009065986689 2.265277495558192 0
11.65644444218563 2.263458655239041 0
11.7852940235883 2.163024857846796 0
11.77826755102626 2.264368075398616 0
7.602927679712098 4.734665921719569 0
7.739132719846884 4.869519391866628 0
7.61396383985605 4.867332960859784 0
2.923547102487539 0.6550943771515358 0
3.052973198249092 0.5645556089355193 0
3.043055727465156 0.6613328001349132 0
9.322761775630367 1.624648394407644 0
9.230428425300477 1.746184571505007 0
9.201046008066781 1.641272116536457 0
4.836026906120122 0.7743867299245775 0
4.945335752937705 0.7777765645868682 0
9.963580943819073 0.5163415974776855 0
9.863864671073156 0.6115964741680533 0
9.717857745154699 0.5143178142062295 0
9.840719344486887 0.5153297058419575 0
7.012208311853337 3.021339427583607 0
7.200689241863412 3.114689951816279 0
7.106448776858375 3.068014689699943 0
12.60122404421882 4.890578777241728 0
8.786867985924719 3.044044614636691 0
8.626605540500044 3.124823473601562 0
8.537744243278004 2.976963717421642 0
8.66230611460136 3.010504166029166 0
7.305752673617034 3.584380955179981 0
7.215768515869026 3.713955834799602 0
7.173468655288595 3.597586227321939 0
16.52883263516961 1.827095160524851 0
16.64244602226129 1.836390084122481 0
9.041916380976231 1.126337783308934 0
9.193003643206803 1.205818736046375 0
9.074221768425149 1.227395611316191 0
2.919306084926619 3.775288071819396 0
2.784202388090225 3.818285119282034 0
2.741137528638069 3.693863728923623 0
2.830221806782344 3.734575900371509 0
8.770806299406933 1.806295279376825 0
8.627658378978808 1.725144928504952 0
8.705465167032811 1.608979872875814 0
8.738135733219872 1.707637576126319 0
16.09906877031585 0.117373240962706 0
6.530086853769617 1.786542838708032 0
6.615225001845985 1.888953704751177 0
6.536446154461839 1.934147097472419 0
6.533266504115728 1.860344968090226 0
11.19829019913227 1.631874211883046 0
11.32954920211376 1.530855801147968 0
11.44683164007579 1.638769545914532 0
11.31557263709429 1.73978795664961 0
11.32256091960403 1.635321878898789 0
0.8054726153285667 0.1097914394870005 0
0.9110134441114361 0.1129849629010398 0
7.369892034365078 3.773880821392303 0
7.317944487803837 3.912241157871601 0
7.163820969307785 3.8523161712789 0
7.266856501836431 3.813098496335602 0
8.002348853196892 4.845563304260022 0
7.870740786521887 4.857541348063325 0
8.750753162905697 0.9642090730976587 0
8.897949665354908 1.046733338142951 0
8.77835431882359 1.065399057129333 0
12.15085373192511 3.443824719784931 0
12.27492659366785 3.560453594383257 0
12.154315069556 3.661787542595674 0
12.15258440074056 3.552806131190303 0
9.348478795268527 1.281931240014068 0
9.422802964278207 1.494769097958583 0
9.385640879773366 1.388350168986326 0
1.848181794997203 4.218101489239042 0
1.708783696748881 4.310973055709847 0
1.604959159617316 4.186315683444335 0
1.744357257865637 4.09344411697353 0
1.726570477307259 4.202208586341689 0
10.17793442320773 1.576081994908128 0
10.02828814853182 1.68813794526479 0
10.02788265180749 1.55862075017777 0
1.980659859035175 4.109458223445738 0
2.111671075118623 4.237663501634839 0
1.979926435057912 4.227882495436941 0
12.10216518669813 4.894911020310625 0
13.67872805840795 1.267805992206304 0
13.80200338555657 1.352331226488229 0
13.71402993002024 1.453777346248596 0
13.69637899421409 1.36079166922745 0
9.737217056457078 0.1012679006731263 0
9.986197187785345 0.1013887631911654 0
9.861707122121212 0.1013283319321459 0
10.23387710571926 0.0986534692364005 0
10.33662110515308 0.1974485634570518 0
10.35581055257654 0.0987242817285261 0
8.750859979030427 0.09924332137497149 0
8.874529299935674 0.2008086981847184 0
8.874764649967837 0.1004043490923592 0
9.60508705870339 0.200844984100756 0
9.615043529351695 0.1004224920503782 0
11.2197858595179 0.1112222066513522 0
11.09477930477924 0.1090859662329446 0
11.64178425970334 2.740107285788675 0
11.53102891373902 2.749778035921119 0
8.442404467084138 2.855910714692488 0
8.319465063715086 2.738034612906014 0
8.434211717608724 2.745099710871026 0
6.150497525871303 2.739860705459001 0
6.395079527448194 2.743355119087324 0
6.272788526659749 2.741607912273162 0
11.91464256358531 3.203507795100143 0
12.03417623811361 3.331579147954954 0
11.91463893103867 3.314726418987031 0
18.29454133644401 3.500518541048727 0
18.40085664404737 3.596428025154224 0
18.29025004002686 3.703661613252808 0
18.29239568823544 3.602090077150768 0
3.055835120508669 3.418701259580353 0
3.173216776815772 3.494574781278037 0
3.076517185497282 3.498825394859254 0
5.595646042138656 0.1275503820119916 0
10.30106319047773 1.699550461268371 0
10.31018013040454 1.587620318203315 0
8.462446891464918 0.7962310043900196 0
8.606665189141493 0.8830199218948604 0
8.485008788458186 0.8973533505147284 0
10.1100371467523 0.100021116213783 0
15.39729813807986 3.576781112370125 0
15.35808969267604 3.695381574433631 0
15.27483395267745 3.526544092424905 0
15.31646182267674 3.610962833429268 0
17.22686052934134 1.245220998416157 0
17.15830216428321 1.138398082611233 0
17.26624524983801 1.145085316626497 0
8.504551943542946 0.1000429524900071 0
8.630411922573373 0.1992862738649785 0
8.627705961286686 0.09964313693248927 0
10.94904222462844 1.623798115283347 0
10.81596674057101 1.72494771398263 0
10.82329040687575 1.618734711113417 0
10.60086958770777 1.289131836718131 0
10.5892988588741 1.393940759420423 0
12.40272409907454 3.671889603306127 0
12.39013979672651 3.456381473610299 0
12.39643194790053 3.564135538458213 0
3.732236296795409 0.09852041806195144 0
3.837214416401099 0.1991689698840702 0
3.856107208200549 0.09958448494203509 0
4.724377679868134 0.109825311110018 0
4.848399663097022 0.1121277739249171 0
18.14998632752948 4.009746935452977 0
18.02788491143074 4.102613128975427 0
17.93271351683031 3.995470569167461 0
18.0413499221799 4.002608752310219 0
12.03053156862708 3.769620287453465 0
12.28705922451779 3.780066784469231 0
12.16327572358887 3.887899529327021 0
12.15879539657244 3.774843535961348 0
0.1257753078293291 4.501250396696276 0
0.2516116738494123 4.377902156276967 0
0.125805836924707 4.376451078138484 0
19.87757051310465 4.504835324987022 0
19.87851852289284 4.38203183222469 0
7.434559139618708 3.190693602534302 0
7.31762419074106 3.152691777175291 0
12.8692303182076 3.463104967413685 0
12.73947371538587 3.358664696440329 0
12.84882416998896 3.25391805059332 0
12.97858077281069 3.358358321566676 0
12.85902724409828 3.358511509003502 0
11.05519652898119 0.773136431470334 0
11.20356521626718 0.6713624744656843 0
11.18154257493493 0.7797026534634988 0
3.510170201798847 2.274454086864301 0
3.619754563481465 2.177594444694668 0
3.743655196036405 2.268851650780804 0
3.626912698917627 2.271652868822552 0
17.48013452847228 0.8431142767701627 0
17.35146574216732 0.7195195387910229 0
17.5012711212894 0.7254628495468798 0
17.4158001353198 0.7813169077805928 0
18.58837538881148 0.7344923912986616 0
18.63960811473374 0.5964991613388362 0
18.78942467756036 0.6653893353289972 0
18.68890003318592 0.6999408633138295 0
3.369126972100341 2.022403733712269 0
3.443217707043785 1.895054186309087 0
3.320988678148767 1.915517021852819 0
3.429537484582606 2.185209060459397 0
3.409172886781732 2.275460176704916 0
9.772421518062581 1.126844143645644 0
9.941629294542929 1.126247325702638 0
9.859435263305945 1.208794477207927 0
11.6056251993434 0.5874838518544256 0
11.72350982504913 0.6018190932865308 0
6.638807557753405 2.741630272769862 0
6.877492191695308 2.736476607138936 0
6.762072775983115 2.843818172859235 0
6.758149874724356 2.739053439954399 0
11.41304001072601 2.262161001608991 0
11.53474222645582 2.262809828424015 0
8.784531567454366 1.489697771093153 0
8.670600092309977 1.508617012040837 0
11.16985471013767 2.260953797855748 0
11.29518098834196 2.157403506514302 0
11.29144736043184 2.261557399732369 0
9.482222606817079 1.717049575148545 0
9.452512785547643 1.605909336553564 0
0.5357084121076667 2.608031605196349 0
0.479292871619073 2.732774107812843 0
0.3398215121933355 2.694039826209304 0
0.4377649621505029 2.651035715702826 0
3.530654903030479 0.5849261755855495 0
3.637410135841515 0.6869085551194023 0
3.519101451572142 0.6822952066309473 0
3.984494812131325 2.264248952483362 0
3.848816628441018 2.167389310313729 0
3.864075004083865 2.266550301632083 0
5.719999445093248 4.657860180744143 0
5.594306573353715 4.654676166668222 0
12.14972568813752 3.235635112591108 0
12.26640318194902 3.347880684421086 0
12.15028971003132 3.33972991618802 0
7.446605096718232 3.347938496643273 0
7.596045825988313 3.167144467160446 0
7.521325461353272 3.25754148190186 0
12.05070215334179 1.966801567295831 0
12.16462751620299 2.071367118564517 0
12.03017090445694 2.167859106080853 0
11.91624554159575 2.063293554812166 0
12.04043652889937 2.067330336688342 0
16.17951949143891 1.263735231037996 0
16.01446436453684 1.29156317569068 0
16.00184376534724 1.153224741652327 0
16.1668988922493 1.125396796999643 0
16.09068162839307 1.208479986345161 0
8.137127378755071 4.861606212723345 0
8.03611569353626 2.947010007115254 0
8.089371596073526 3.117399460118365 0
7.940846417802966 3.170835491952756 0
7.887590515265699 3.000446038949645 0
7.988481055669613 3.058922749534005 0
18.07154428475443 2.446339359238808 0
1.45409963283733 2.408761413696332 0
1.359336128270847 2.342448107457423 0
1.413376275720818 2.263188742910565 0
1.433737954279074 2.335975078303449 0
11.34548332155346 0.1134537386402967 0
5.782248800989878 1.253798576673242 0
5.910346545973842 1.313590797073258 0
5.819638562953102 1.338753360509159 0
7.413217414482721 3.647358284438178 0
7.552870462653821 3.694729810830053 0
7.509545082536176 3.821252347784178 0
7.46138124850945 3.734305316111178 0
4.087954590725865 2.157570793059427 0
4.106275257912752 2.261641043004932 0
10.9264896023281 2.259645413959884 0
11.05039425291529 2.154887918865196 0
11.04817215623288 2.260299605907816 0
2.684422698810053 0.6383014257981241 0
2.814527804006778 0.5502694068316494 0
2.803984900648796 0.64669790147483 0
1.550336921711619 2.83751441720753 0
1.438710790957924 2.820844677487524 0
1.45706628201793 2.7112874636807 0
1.503701601864776 2.774400940444115 0
16.46314244071877 1.331449545263243 0
16.29654927942489 1.296481221109932 0
16.33797842178537 1.159355588399499 0
16.50457158307925 1.194323912552811 0
16.40056043125207 1.245402566831371 0
10.57239229231113 0.5197868980352132 0
10.75227319539354 0.4187669299378491 0
10.66484925842309 0.6415802965681046 0
10.70856122690831 0.5301736132529768 0
9.28349513318445 1.068943930018402 0
9.438970285246173 1.145056433986096 0
9.315986964226488 1.175437585016235 0
9.505670765527228 1.046267317775491 0
9.645545805369503 1.122495527659314 0
9.542258045307838 1.133775980822705 0
3.974592498372743 1.555240892070153 0
3.851128633287368 1.464775499173609 0
3.951160007875904 1.363332820555094 0
3.962876253124324 1.459286856312624 0
7.81109964599122 2.176412332296094 0
7.974126129088313 2.267176832365402 0
7.857060978457739 2.271061812623265 0
10.44352878692941 0.5752036352369194 0
10.48225899913098 0.485577622723083 0
18.96594236985775 3.70787732476974 0
19.08676594897073 3.827332235687474 0
18.97712711631045 3.931483762743629 0
18.85630353719747 3.812028851825896 0
18.9715347430841 3.819680543756685 0
11.30603598464263 2.957375715312794 0
11.1318343321117 3.025245522179389 0
11.19606903326586 2.939785375053703 0
13.00089445866005 3.56836528789601 0
12.89138246374489 3.675242864225567 0
12.88030639097624 3.569173915819627 0
12.43735027941759 2.7368580198368 0
12.55651582905276 2.737057964307279 0
4.054574444446548 1.084942070622278 0
4.161683609228825 1.000758382383449 0
4.157228152664878 1.087188314096896 0
10.07024360818119 1.123404815579885 0
10.19473892126194 1.066501489697392 0
10.25589686361673 1.161699383890901 0
10.16307023589896 1.142552099735393 0
17.85200954139236 1.95948553313702 0
17.95055897805549 1.850859095129901 0
18.04138992766332 1.941069244016864 0
17.94284049100019 2.049695682023984 0
17.94669973452784 1.950277388576942 0
0.6733592496877172 1.672222147867637 0
0.613563980121139 1.538396216023944 0
0.772670559179609 1.457555712660179 0
0.7230149044336631 1.564888930263908 0
3.74115590524886 0.7893508867605099 0
3.847384824013867 0.8900654005101578 0
3.723611308474777 0.9822094603306852 0
3.732383606861818 0.8857801735455975 0
15.98813925964318 3.747279190566373 0
16.12089929503798 3.828347021562783 0
16.04279439942479 3.938092674511434 0
15.91003436402999 3.857024843515025 0
16.01546682953398 3.842685932538903 0
4.960910715136457 3.63773167598201 0
5.087077084651823 3.623879260277051 0
5.030845613695417 3.68800184537154 0
15.01223307964413 3.752329983529549 0
16.39650975815761 1.93112554297807 0
16.27658002137153 1.795838997170579 0
16.40270632827057 1.811467078847715 0
8.256596774946546 2.838148700261736 0
8.124323251555099 2.734402794405285 0
8.221894157635093 2.736218703655649 0
12.53710305669481 3.784325528020058 0
12.42143818213806 3.892502709183161 0
12.4120811406063 3.782196156244645 0
11.34792837666066 1.321865671007302 0
11.33873878938721 1.426360736077635 0
16.63330289629008 2.259873662932049 0
13.10903734669122 3.460558340380286 0
13.09800337365211 3.356854169124232 0
8.005684401276412 2.769728754693086 0
7.848192400331437 2.878341482709951 0
7.790872111568991 2.742901435066428 0
7.8982782564227 2.756315094879757 0
6.832732349941494 3.926507631456692 0
6.718204663887516 4.000819059251308 0
6.738506302657752 3.921518534345029 0
10.6825171055018 2.258210847582604 0
10.80482032125067 2.152144968592052 0
10.80450335391495 2.258928130771244 0
10.38882078250759 1.074846349980773 0
10.48976573470841 1.180414856442577 0
10.37283129916257 1.171057120166739 0
16.89770586477715 4.344688416495112 0
17.05562331886545 4.377432212259039 0
17.03740046723855 4.512542851495585 0
16.87948301315025 4.479799055731659 0
16.96755316600785 4.428615633995349 0
9.338168682618436 4.363274257831994 0
9.204840654583007 4.44740139110089 0
9.095879743664876 4.340147697201121 0
9.229207771700304 4.256020563932225 0
9.217024213141656 4.351710977516557 0
13.82224261679014 0.9735771728701375 0
13.7131533706761 0.9942193901423444 0
13.68950770544216 0.8758456616166002 0
13.75587516111615 0.9247114172433688 0
5.813344658235605 0.5619096732553155 0
5.732621886711083 0.4652352424085127 0
8.416198429639635 1.764541335028532 0
8.354914388696697 1.883434605691679 0
8.208618155740513 1.806121909474999 0
8.312408292690073 1.785331622251766 0
10.62570568304716 1.0833030225362 0
10.73680953604652 1.192020002811755 0
10.61328763537746 1.186217429627166 0
7.908680314926449 4.442951850355262 0
7.706491568986656 4.389914994294199 0
7.823095341038051 4.32037087438168 0
7.807585941956552 4.41643342232473 0
12.40658933916056 2.086869926689912 0
12.28560842768177 2.079118522627215 0
8.18478700795151 3.243422986041408 0
8.218795927658441 3.358608968852345 0
12.63533414192958 4.447695429600521 0
12.38231193227057 4.453482114828549 0
12.50882303710008 4.450588772214536 0
17.43392184065766 3.34340018811204 0
17.36820295601889 3.455594752207265 0
17.24061172582618 3.390589523306439 0
17.33726678324192 3.36699485570924 0
14.73309507736136 3.973353131919163 0
14.65474781868023 3.793631372216571 0
14.6939214480208 3.883492252067867 0
7.953478720491463 3.787079904192805 0
7.823296302693619 3.752063089991046 0
7.857216726948641 3.627902569722686 0
7.905347723720052 3.707491236957746 0
2.405018425643223 1.230961672485155 0
2.525533803985212 1.132338343128445 0
2.64735133826969 1.239256515099808 0
2.526184881956457 1.235109093792481 0
4.600156895263513 0.1080346181751715 0
3.775625327808707 1.767837593987116 0
3.642844473260718 1.673917636895127 0
3.744520779469376 1.567353326678677 0
3.877301634017366 1.661273283770666 0
3.760073053639042 1.667595460332896 0
7.64630034239827 2.846029485705063 0
7.564964915533571 2.737416757688199 0
7.677918513551281 2.740159096377313 0
10.25258018248735 3.874925367536075 0
10.30281418325418 3.728582232930568 0
10.27769718287077 3.801753800233321 0
17.72777297288125 3.981858770356333 0
17.6419751506792 4.052055801988086 0
8.559388388845665 1.842501011104728 0
8.521928404309222 1.744843131766742 0
18.12635137307676 1.880216670539761 0
18.13945994000778 1.76986285183041 0
18.2043604085279 1.831485807521328 0
13.65399997028411 1.077622601967642 0
13.77340589016808 1.157109538709012 0
13.66636401434603 1.172714297086973 0
16.6176698795648 3.764024904317397 0
16.51125846912725 3.692216381022226 0
16.5741361175577 3.608276652809089 0
16.59590299856125 3.686150778563243 0
2.24493263105654 3.043092573429215 0
2.119226413774396 3.098852748748204 0
2.073124828180935 2.9874123258892 0
2.198831045463079 2.931652150570212 0
2.159028729618738 3.015252449659208 0
8.901302237305664 1.471227763560466 0
1.115404353103347 3.39265794538937 0
0.9811580730807066 3.35174010097657 0
1.007196872633394 3.249593160639813 0
1.06130061286837 3.321125553014592 0
12.30822890407663 4.004442882766917 0
12.43544483665049 4.004308504345811 0
1.367491251441347 2.705271714938283 0
1.377896789489014 2.611688028255047 0
1.467471820065597 2.617703776997464 0
1.417481535753472 2.661487745967873 0
10.87433905860349 1.091866275102821 0
10.98735725557514 1.20218328120862 0
10.86208339581083 1.197101642010187 0
12.88563362375956 4.442374215118775 0
12.76048388284457 4.445034822359648 0
19.74385293859697 2.718462264431904 0
19.87192646929849 2.671731132215952 0
10.24885337416621 3.351036010186876 0
10.30627784556762 3.444013445505319 0
10.22230493897659 3.425731389974961 0
13.00955650191723 4.438963454034571 0
14.98359624672107 4.061643420044063 0
14.85547779893932 4.005970105791862 0
14.94094657183522 3.981760345723401 0
15.8167872511883 1.035865228535263 0
15.98854642529373 1.009952854913943 0
15.83008459124181 1.179137115273646 0
15.90931550826777 1.094544985093795 0
4.238048883816418 1.731141241941985 0
4.105872935336699 1.645646009244303 0
4.217918075471059 1.634746626628062 0
14.53150693543039 1.406077565132626 0
14.65699150373359 1.474751135992336 0
14.60291388361844 1.567464178684441 0
14.47742931531523 1.498790607824732 0
14.56721040952441 1.486770871908534 0
18.77219957880277 4.44001537018085 0
18.65464702192656 4.546555467996328 0
18.54831806434375 4.445789807450326 0
18.66025882157326 4.442902588815588 0
8.525869127128264 3.648996735820048 0
8.50681302327386 3.533025785061285 0
12.02158782794621 2.266785199515644 0
12.7831060451016 3.78438178558425 0
12.66010455089821 3.784353656802154 0
1.781218055855984 1.861262761791161 0
1.866915088944783 1.759219050821427 0
1.976222963725151 1.831229803072324 0
1.878720509790565 1.846246282431742 0
5.2322310370085 3.621598156509243 0
5.292166227509674 3.677682169411211 0
5.443322694518228 3.017188975049325 0
5.314299743642295 3.123795045335583 0
5.3320906555976 3.018134625945862 0
15.78958445531008 1.874373798039859 0
15.88642652947448 1.750365778628098 0
16.01515780685836 1.834409054620475 0
15.90237113108422 1.854391426330167 0
18.51691560852245 3.003283597170284 0
18.42451562285063 3.101675149886888 0
18.43032752235034 3.017475893744351 0
17.85350220631269 4.409975739979579 0
17.6056609506933 4.365521086580824 0
17.72958157850299 4.387748413280201 0
16.13873929384765 1.694209874184866 0
16.15299853438224 1.936038177606187 0
16.14586891411495 1.815124025895527 0
13.37505614413837 3.664876979420383 0
13.24117503699426 3.563562300832507 0
13.36206385945365 3.559041257561091 0
4.072309939444349 0.9011756793604935 0
4.197515233191753 0.8206297958280488 0
4.286888902976229 0.9202124988510048 0
4.179599421210289 0.9106940891057493 0
18.03918150675007 1.273406321638797 0
17.99428992491421 1.404978036836946 0
17.86675725236393 1.362495490338108 0
17.952969379557 1.317950905988453 0
8.040295527773399 4.418607975506667 0
7.990148080618258 4.510496203872504 0
6.658351474866146 4.384366967253152 0
6.52113341798213 4.310134911917425 0
6.58598779638667 4.19706339171945 0
6.723205853270687 4.271295447055176 0
6.622169635626409 4.290715179486301 0
5.884362131343947 2.908179568000761 0
5.772223747220218 2.956550736487026 0
5.781932839833007 2.875553699840129 0
6.557224847694417 1.191767108982105 0
6.649175016769194 1.078615473739157 0
6.793058318697974 1.167505197147128 0
6.675141583196195 1.179636153064616 0
14.33816573147925 4.060248188291798 0
14.38356711364108 4.245526947209577 0
14.251184965955 4.15932228142217 0
14.36086642256017 4.152887567750687 0
11.35697049899156 0.5683007268893059 0
11.2304782376894 0.5611696259226411 0
15.45053305771864 3.456466013821108 0
15.58188648520844 3.521985164583494 0
15.52865156556966 3.642300263132511 0
15.48959231164415 3.54938313847681 0
15.32041988065869 0.8154154156052842 0
15.51346449124651 0.8260516966622999 0
15.49953871125679 0.9580308398815052 0
15.30649410066897 0.9473945588244894 0
15.40997929595774 0.8867231277433945 0
16.96515102438845 3.543631316704351 0
17.03792828660168 3.432603235245015 0
16.93645473760876 3.450810129745193 0
6.326366581895478 1.22190223676457 0
6.412718131810527 1.105428468083456 0
6.441795714794947 1.206834672873338 0
3.835899807870056 1.271589575873521 0
3.940893156582357 1.175770785440514 0
3.94602658222913 1.269551802997804 0
12.82807667428134 3.04687582389903 0
12.81736800266937 2.943714817971791 0
3.83433542947176 1.080799447830561 0
3.94801671733595 0.9899707330123251 0
3.944454936959152 1.08287075922642 0
11.23694268944367 1.212175827495935 0
11.1121499725094 1.207179554352277 0
0.6380619005401673 3.740885784859129 0
0.5613402433051604 3.516182292962159 0
0.7209045416763189 3.611533309582668 0
0.5997010719226665 3.628534038910644 0
17.56623903906452 0.2125742760665839 0
17.47575385873076 0.1026767893689211 0
17.59561951953226 0.1062871380332919 0
3.716993772463669 1.17480692010767 0
3.606269651466686 1.076216932607794 0
3.720302540469223 1.078508190219178 0
1.541957417060829 0.6263270104576917 0
1.41774717603505 0.7380818157457134 0
1.41740020682133 0.6232343080043288 0
8.501676285384805 3.157324754077564 0
8.586646418637965 3.216531304281635 0
9.504364519593123 3.686524173156699 0
9.412618565373155 3.586364928260846 0
9.542271931400684 3.504537183758581 0
9.523318225496904 3.59553067845764 0
8.191885149955548 0.6209742946211194 0
8.326290112776146 0.7092003392548905 0
8.208489538247447 0.718501470706584 0
13.92790077287247 1.435055845678022 0
13.88442828463898 1.245998885477833 0
14.01032567195487 1.328723504667626 0
13.90616452875572 1.340527365577927 0
8.968023011647441 4.423587510795913 0
8.862889865087956 4.318414052075772 0
8.990746597105391 4.23497423848098 0
8.979384804376416 4.329280874638446 0
10.20101841522645 3.989463109317432 0
10.06706957017011 4.097115900226004 0
9.904668562303803 3.960389996801042 0
10.05284348876513 3.974926553059237 0
13.54406200862937 4.645334436247802 0
12.71957214102263 3.150131895112419 0
12.61191191420053 3.252254323867552 0
12.48462825023372 3.147573423054735 0
12.60210019562817 3.148852659083577 0
18.39210815332896 3.807072384941625 0
18.27370326193711 3.910085418532113 0
18.28197665098199 3.806873515892461 0
11.51348208744665 1.012857441168583 0
11.37308505866994 1.112266251563694 0
11.3906096798274 1.006661889265773 0
9.766881978615194 4.08437052113424 0
9.625369577785342 3.976352924713822 0
9.765019070044573 3.968371460757432 0
8.954381695372557 0.716129067154597 0
8.797464751745803 0.6583341219463905 0
8.860393957111633 0.5550236499126791 0
9.017310900738387 0.6128185951208853 0
8.907387826242095 0.6355763585336378 0
3.537232698988574 1.784408656576579 0
3.50552793403287 1.57614779705938 0
3.521380316510722 1.68027822681798 0
15.47999264335308 1.679123803204539 0
15.56777248612397 1.757600549973934 0
15.49014783857301 1.840494638842369 0
15.40236799580212 1.762017892072974 0
15.48507024096305 1.759809221023454 0
10.72792388443393 3.344738006062034 0
10.90261453681395 3.385142151723901 0
10.85970354416142 3.516404962971437 0
10.68501289178139 3.47600081730957 0
10.79381371429767 3.430571484516735 0
12.91814288157145 3.89019438503643 0
12.93442487169526 3.998947690890777 0
0.7444222658156985 3.342213544772534 0
0.7321158485150612 3.451503883180212 0
0.6289769867241422 3.436269744459883 0
0.6866996262699203 3.389241644616209 0
9.358855596101222 4.167846372022034 0
9.113106777508774 4.149620623392519 0
9.242754601909692 4.061446431482328 0
9.235981186804999 4.158733497707276 0
3.768385220426687 0.5945801765746861 0
3.872130989834031 0.6970225082157937 0
3.754770562837773 0.6919655316675981 0
0.6107613209977991 2.07678275788244 0
0.6174701704377625 1.944017730010054 0
0.7227703822238229 2.06944762201433 0
0.6701202763307919 2.006732676012192 0
19.31160472007698 2.48360470921354 0
19.44459237928134 2.605537665396993 0
19.3243640947304 2.733687141654502 0
19.31798440740369 2.608645925434021 0
15.28313676124919 1.65142618249602 0
15.2983175915326 1.870612723830272 0
15.17908635697967 1.760021014253319 0
15.29072717639089 1.761019453163146 0
14.13075887131052 1.080451236826506 0
14.25650154521646 0.9015855762155667 0
14.28121182973696 1.062850062685532 0
14.19363020826349 0.9910184065210363 0
15.12043605828375 0.8215304138689112 0
15.01198276275583 0.7167917736940452 0
15.1114438066151 0.6354418688115024 0
15.21989710214302 0.7401805089863682 0
15.11593993244943 0.7284861413402068 0
1.437480012679702 4.257693358879179 0
1.36261870191152 4.118791566751197 0
1.483788930764419 4.152553625097766 0
18.42383578156392 2.082537798548406 0
18.32891549524053 2.155465195958696 0
18.40953583370181 2.168642405659359 0
10.32532967483784 4.044752388764985 0
10.2889549286626 3.95983887815053 0
6.10840101564359 1.264127248646885 0
6.183925953574362 1.144591820627639 0
6.217383798769534 1.243014742705727 0
3.4900192132254 1.371115977150459 0
3.618195203037518 1.471931878527159 0
3.497773573629136 1.47363188710492 0
8.385274417965224 4.439838087179332 0
8.179670073917897 4.374303031143959 0
8.318305253283569 4.313842822853323 0
8.282472245941561 4.407070559161645 0
3.724803056855508 1.36935405102209 0
3.734661918162443 1.468353688850384 0
11.48407074588693 1.221956095075061 0
11.3605067176653 1.217065961285498 0
3.971678046122265 0.8012703468583262 0
3.959847381729109 0.8956205399353256 0
15.71813239100208 3.598042413978237 0
15.85089075442007 3.672150099374231 0
15.77602571786247 3.800004883180396 0
15.64326735444449 3.725897197784402 0
15.74707905443228 3.699023648579317 0
12.57198834503984 0.9479664248259634 0
12.68427570535663 1.042720617071206 0
12.56743381334321 1.1394201460813 0
12.45514645302642 1.044665953836057 0
12.56971107919152 1.043693285453632 0
16.16167094258281 4.036029906057707 0
16.05962813425057 4.13712868938819 0
15.94075159109255 4.039191457841917 0
16.05121126683768 4.037610681949812 0
19.03004398590964 1.315889000559009 0
19.05516715974525 1.421404368856224 0
18.92855330566072 1.449267776311691 0
18.97929864578518 1.38257838843535 0
11.48129784916748 0.5778922893718657 0
11.85518269913315 2.960221786363304 0
11.84053509096445 3.104670308238509 0
11.73902708402897 2.937158955805114 0
11.78978108749671 3.020914632021812 0
13.02641930021473 3.781055463677747 0
12.90476267265817 3.782718624630999 0
10.53595109318214 4.175279702086015 0
10.32964972980364 4.159896425201353 0
10.43064038400999 4.1100160454255 0
19.41171433645358 2.868618896957387 0
19.25141414459635 2.975647024186519 0
19.16406390287317 2.840715268883633 0
19.28788911966338 2.854667082920511 0
16.37651169614501 3.056591430337598 0
16.23798275505821 2.977277894231753 0
16.43622031472811 2.940180038030893 0
16.33710153489316 2.958728966131323 0
11.81420508927032 1.752145310613013 0
11.6952713505602 1.645158160445319 0
11.82065510941791 1.648219014469524 0
12.18771504141584 4.119408790097104 0
12.23026375624996 4.347647901634466 0
12.07730561187277 4.236992744753354 0
12.2089893988329 4.233528345865786 0
6.518487539545675 2.850696684807623 0
6.516943542600799 2.742492695928593 0
4.464446978502873 3.964081490418359 0
4.586129937785265 4.048863420173904 0
4.497431810059773 4.149518994905916 0
4.375748850777381 4.06473706515037 0
4.480939394281323 4.056800242662137 0
16.21223281400503 0.9831210751013635 0
16.3833123435411 1.01707986650122 0
16.2751056178952 1.071238331750431 0
3.206241557299659 2.923943156640064 0
3.312765706953599 3.025991983677869 0
3.318676841980258 2.928501055499976 0
16.41833777245796 4.024089068319389 0
16.29458025815454 4.147263228733673 0
16.28542845688622 3.912855745643424 0
16.29000435752038 4.030059487188549 0
8.224653219129689 3.796300452433512 0
8.162431986639328 3.88017106687367 0
8.056766655268552 3.804854779818214 0
8.140709937199121 3.800577616125863 0
11.57105149531799 1.641963853179925 0
16.691887464808 3.868617340185345 0
16.55464358225418 3.931726891899437 0
16.48042599701098 3.827134456031489 0
16.58615673090949 3.847875898108417 0
18.6123698843626 2.386018998769006 0
18.5140896907999 2.45316019253949 0
18.5330499468683 2.368458887397816 0
3.605897021449121 1.272571395256239 0
3.720898414659588 1.27208048556488 0
10.48481030297878 4.895532179559538 0
10.35687931192172 4.895890342919134 0
1.929745786493982 3.301241921834229 0
1.80860861067211 3.353742934430221 0
1.755118623596523 3.240340200162632 0
1.876255799418395 3.18783918756664 0
1.842432205045252 3.270791060998431 0
16.51279459060549 3.429397726195277 0
16.44930860228037 3.537321159972932 0
16.54346535408159 3.518837189502183 0
3.102222592753318 3.840755979803331 0
2.974119308209648 3.893682479456893 0
3.010764338839969 3.808022025811364 0
4.008582070981321 1.751678400944817 0
3.991587284677031 1.653459646507484 0
6.849638175855714 0.1749155977508883 0
6.93098513412305 0.2421982867989501 0
6.833350675535296 0.3114079756717087 0
6.752003717267959 0.244125286623647 0
6.841494425695505 0.2431617867112985 0
18.7303263304942 2.154827023401431 0
18.79088153574301 2.241844290550277 0
18.71144205112946 2.30416855902303 0
18.72088419081183 2.22949779121223 0
16.38995710467246 3.652746152178425 0
16.25918195089843 3.584621041077118 0
16.31853344850634 3.469196048871626 0
16.3542452765894 3.560971100525025 0
1.751671726306778 1.677170577462932 0
1.845011694493305 1.571518067639534 0
1.96025505713131 1.65356654099803 0
1.855963391719044 1.665368559230481 0
6.059690779959386 1.994309158477276 0
6.152008438954596 1.90573791579951 0
6.258555503403386 1.999812296007154 0
6.159123141681385 1.997060727242215 0
3.000956543885374 1.78182043628798 0
2.879356655915869 1.647260638478421 0
3.00532284976876 1.673326120381124 0
0.8790237066933937 3.215511690662115 0
0.9018262578162233 3.115205283372748 0
0.9545115652248075 3.18239922200628 0
16.35912463255619 3.787664227187688 0
16.43519155084172 3.739940304104957 0
7.124373642601216 3.998461264832164 0
6.952584290592406 3.946771768295061 0
7.058202629950095 3.899543969786981 0
5.972986575652383 1.197658858185092 0
6.009373780808716 1.288859022860071 0
4.723864016339687 0.6636865068155642 0
4.746880336709002 0.5546466307380471 0
8.36955043805253 1.346847042036555 0
8.701679978471518 0.7664130987326947 0
8.845767952235722 0.8476022499354929 0
8.726216570688607 0.8653110859151769 0
11.44032606132878 4.140902730303673 0
11.30843113417676 4.220322155996347 0
11.20409489447713 4.10762010275913 0
11.33598982162915 4.028200677066456 0
11.32221047790296 4.124261416531402 0
5.842691797494503 4.534967439230405 0
5.979297587750557 4.64984719575649 0
5.849648516421903 4.653853688250317 0
2.340826343855477 4.200812826042692 0
2.235913082944766 4.327975937045458 0
2.22624870948705 4.219238163838765 0
11.06901843775871 4.191158607828929 0
10.96068272853689 4.076776915025616 0
11.09575918525531 3.993238409955817 0
11.08238881150701 4.092198508892373 0
6.66633163950468 4.089288031421672 0
6.555352790135556 4.095554180377744 0
11.61787342266695 1.122757473307606 0
11.72866354262792 1.23102441260506 0
11.60636714425743 1.226490253840061 0
9.097385453265808 0.7981907477153374 0
8.988771710128972 0.9296639304962333 0
8.971576702750765 0.822896498825415 0
0.5983701469977625 0.9894547685843813 0
0.6170415757226433 0.727419670987016 0
0.7341550324001531 0.8628126735375918 0
0.607705861360202 0.8584372197856986 0
18.82081518377196 4.034185290924955 0
19.05790826165813 4.061443137768817 0
18.90159632911963 4.164144665950143 0
18.93936172271504 4.047814214346887 0
11.66415220724476 4.201378792919038 0
11.5063619516097 4.250389775729497 0
11.59811631696384 4.091891747493214 0
11.55223913428677 4.171140761611356 0
6.659569872166355 0.333882631260372 0
6.541786015554331 0.2615147616865219 0
6.634219860655935 0.1717574170497969 0
6.646894866411145 0.2528200241550844 0
0.8784918466312917 1.364388001042436 0
0.9345002662693478 1.162980118144481 0
1.085460805352565 1.199688793669468 0
0.9819763259919299 1.282038397355952 0
9.132738425750295 1.009268375662216 0
9.015344045552602 1.028000856902584 0
15.32707935359258 0.6268451605104171 0
15.42760213210825 0.7020800671293328 0
15.32374961712564 0.7211302880578505 0
17.17282420871725 4.383182047035369 0
17.048212998773 4.240121374925101 0
17.11051860374512 4.311651710980236 0
17.2581514699901 0.5058007998574219 0
17.41435757400342 0.5424421774660166 0
17.30480860607871 0.6126601693242224 0
16.09975380296328 0.548704237478804 0
15.9757406452541 0.6378352338934428 0
15.89182072449464 0.5364919783876598 0
15.99578726372896 0.542598107933232 0
8.565470058945312 0.6863574512033954 0
8.661254832219598 0.5782784744170912 0
8.681467405345558 0.672345786574893 0
13.9304565778099 1.928584429169877 0
14.0154220931717 1.827893611536648 0
14.148131213928 1.925215996628458 0
14.03929389586895 1.926900212899168 0
4.81280777289766 1.741211227430298 0
4.73900826020289 1.854051447298048 0
4.604043252781575 1.782950618418764 0
4.677842765476344 1.670110398551015 0
4.708425512839616 1.762080922924531 0
18.71033082386745 1.175606337965893 0
18.64442899927471 1.082718623297697 0
18.79569357804014 1.111109463815173 0
18.72006128865743 1.096914043556435 0
11.26008282513213 3.096316196615525 0
11.18499562923956 3.195609579264725 0
11.05674713621913 3.124538904828588 0
11.15841498067563 3.110427550722057 0
17.3644777234716 4.38535864220446 0
17.25198635875639 4.474023112907821 0
17.26865096609443 4.384270344619916 0
13.13303214896309 3.671369248348229 0
13.26740484205598 3.774913985541522 0
13.14691207113535 3.777984724609635 0
2.741832234371677 1.959014413292357 0
2.640457404596285 1.985532987674292 0
15.21463606974264 1.527128690013835 0
15.36586218105194 1.449923164233329 0
15.43436287255849 1.574220656715515 0
15.32449947115057 1.550674673364675 0
15.18285043209125 1.372680892242658 0
15.0697610531317 1.556755611124868 0
15.0379754154803 1.402307813353691 0
15.12630574261147 1.464718251683763 0
13.59414798725367 0.9360269996321779 0
13.53499458686168 1.019430211457476 0
13.62407397876889 1.00682480079991 0
1.471150517868853 2.494768920666118 0
1.586387523475572 2.495835015239283 0
1.526929671770585 2.556769396118374 0
11.30442672084599 1.948698704301644 0
11.17695091677985 2.051290886989427 0
11.29980385459398 2.053051105407973 0
11.3830204390616 3.122297919546838 0
11.34452821185211 3.039836817429816 0
14.49948571708756 0.8513712196700201 0
14.38076216004755 0.7600040032220261 0
14.45755755763158 0.6802188513229794 0
14.57628111467159 0.7715860677709734 0
14.47852163735957 0.7657950354964997 0
15.67587192089495 0.9801047947440389 0
15.73863637528979 0.8536891483622926 0
15.87955170558314 0.9094495821535162 0
15.77771181323905 0.9447771884487774 0
8.946995391160929 3.016102856073661 0
8.888169498710289 3.11689966382396 0
12.0374903567979 3.13225558782594 0
12.14301539612371 3.038882567877147 0
12.25525072746332 3.142262092642315 0
12.14637054213061 3.137258840234128 0
1.681840877292281 1.974276755447925 0
1.571666459224096 1.895043936007747 0
1.671043637787797 1.782029942350983 0
1.676442257540039 1.878153348899454 0
2.527279633554375 3.479572682659048 0
2.480844731951372 3.359145394699066 0
2.569906691286619 3.396746465164089 0
1.811230560004812 1.369771958453951 0
1.769872010313987 1.149607698971887 0
1.911237809541657 1.241476394137423 0
1.790551285159399 1.259689828712919 0
14.43671124389291 1.002132726856596 0
14.501251420679 1.133312721737758 0
14.34575200652305 1.194030057566694 0
14.39123162520798 1.098081392211645 0
13.71206666273405 1.931490080426979 0
13.79826446774709 1.834167695335169 0
13.82126162027197 1.930037254798428 0
8.42931328025654 0.5993267860682665 0
8.445880085860729 0.6977788952291433 0
18.96597566713573 4.259454572735928 0
18.85193651923048 4.33561394682595 0
18.87676642417506 4.249879306388047 0
1.664437934517441 3.610276012567359 0
1.768356382477773 3.525480699390032 0
1.863730808694729 3.62110128873475 0
1.759812360734397 3.705896601912077 0
1.764084371606085 3.615688650651054 0
8.432785818227757 3.754284580781644 0
8.346622451112427 3.873927356165225 0
8.328719518678723 3.775292516607578 0
14.40561998042437 3.676501623131711 0
14.26981219763213 3.724053543434652 0
14.21494612442827 3.623525207528033 0
14.35075390722051 3.575973287225091 0
14.31028305242632 3.650013415329872 0
10.38159457607696 3.565854973246068 0
10.43459085711345 3.679431001063748 0
10.34220437966557 3.647218603088318 0
2.067389181795002 1.552413965812597 0
1.939668179035761 1.45582493704714 0
2.046000231429528 1.345111097425391 0
2.056694706612266 1.448762531618994 0
16.62886765076153 0.2770991332946924 0
16.62693382538077 0.1385495666473462 0
3.847529838903247 3.703159032847148 0
3.962829817784913 3.573463839858535 0
4.103361688934262 3.664870442537408 0
3.988061710052596 3.794565635526022 0
3.975445763918755 3.684014737692278 0
11.93222666061988 1.858551659446996 0
12.06034727340001 1.863241904526028 0
16.93502433843138 3.882772262528611 0
16.8236418927689 3.986691619654932 0
16.81345590161969 3.875694801356978 0
17.8692613655274 3.691053616975805 0
17.78575289574461 3.595503341926004 0
17.88200371016809 3.602681499508693 0
5.921039239687175 4.43995412051876 0
5.910336330826481 4.278927425505703 0
6.051574408077947 4.446960640419723 0
5.980955369452214 4.362944032962713 0
1.468598049245463 2.176916236287271 0
1.507547625780166 2.056508155492637 0
1.611865439121857 2.08852905727862 0
1.540231744183661 2.132722646782945 0
1.614811921458788 1.056549243824528 0
1.7219534539554 0.9031298925603721 0
1.877013542810602 0.9961883477077307 0
1.745912732134695 1.026368795766129 0
15.32133524175134 3.817720982111014 0
15.27679397503189 3.911679821624203 0
15.23932479698962 3.835527127085427 0
16.27573627689814 2.039754904612145 0
16.15559244594699 2.045294451644293 0
14.46539470604848 1.314760654155259 0
14.56371940981252 1.255473358727602 0
14.62983163919442 1.346790269704969 0
14.54761317262145 1.330775461930114 0
13.53302476671265 0.8597608333735005 0
13.62838448490114 0.7995794953579227 0
13.61126623607741 0.8678032474950503 0
6.828806451026295 4.06237585451721 0
6.77693342664346 4.150844826687575 0
6.747569045265488 4.075831942969442 0
16.39598920957741 2.041327516598547 0
6.9337273582303 4.225086244375539 0
6.879999784857528 4.34553686474314 0
6.828466605750493 4.248190845715357 0
13.33693827012582 1.028288610439058 0
13.4294044467723 0.9401341040503124 0
13.43596642849375 1.023859410948267 0
7.246768232743921 0.8986615475131057 0
7.371173925233315 0.8060228369827063 0
7.49831656197774 0.9300329996691534 0
7.373910869488346 1.022671710199553 0
7.372542397360831 0.9143472735911296 0
0.8772853533466254 3.46528313816616 0
0.8660740465078831 3.625312564568616 0
0.7990949475114721 3.538408223874414 0
6.138133550897611 1.730742695169769 0
6.025110575989213 1.650115293076801 0
6.120908969592536 1.644222273029476 0
2.158770948105195 1.228817634214676 0
2.27769869888153 1.123545530924955 0
2.281894686874208 1.229889653349916 0
14.38159627447729 0.9014587193277901 0
14.31863185263201 0.8307947897187964 0
10.90485194344491 0.8770670401959895 0
10.79563994015613 0.7615620192783497 0
10.92541823456866 0.7673492253743417 0
2.768601122241055 1.143749903776165 0
2.888307725999073 1.251021651628197 0
2.767829532134382 1.245139083364002 0
1.747138284095589 2.15395894318122 0
1.714489580693936 2.064117849314573 0
16.5102158796928 3.132469226629133 0
16.44639831211001 3.244784920703105 0
16.31269412856221 3.168907124411569 0
16.41145500412751 3.150688175520351 0
1.362628621629476 1.114130882627348 0
1.456877860202995 0.9697872211095073 0
1.488720271544132 1.085340063225938 0
18.5637344820779 2.559846838518161 0
18.45825354347159 2.617610870285826 0
18.48617161713575 2.535385531412658 0
8.871800642166633 3.751286122664215 0
8.769566220086539 3.845687860921529 0
8.648169311902787 3.740870416661749 0
8.75998497703471 3.746078269662982 0
13.12654638414003 1.033761003080702 0
13.22892557012406 0.9423759831456144 0
13.23174232713293 1.03102480675988 0
0.884357714088182 0.7362835351552866 0
1.016940207702234 0.9066607069503063 0
0.8667375260142052 1.033189845332612 0
0.8755476200511936 0.8847366902439491 0
14.55460068650319 0.9520452271988264 0
14.46809848049024 0.926751973263308 0
18.43482934513299 1.984613704238063 0
17.5916820259577 0.8822900042458106 0
17.6448743469091 0.739927223217737 0
17.77359693051582 0.7743223672555022 0
17.68263947823676 0.8283061857506562 0
3.369606828160199 1.269930810765023 0
3.48548463638392 1.171386228870802 0
3.48775192480466 1.271251103010631 0
12.11330420257704 2.842141573406963 0
11.97390677378048 2.739713825805622 0
12.20200958022919 2.736716454650904 0
12.08795817700483 2.738215140228263 0
18.91127903810166 1.052724663301448 0
18.96995157475931 1.172265586053002 0
18.88282257639973 1.141687524934087 0
19.58844632158225 3.864143373090008 0
19.41747814737577 3.862591039440316 0
19.43160922569119 3.727240872314006 0
19.51002777363672 3.795692122702007 0
13.5069696581868 3.768052321255343 0
13.39931835610441 3.878089327376482 0
13.38718725012139 3.771483153398433 0
11.85929957175412 1.132060627451787 0
11.755020931267 1.025232885501762 0
11.99116455829148 1.035925640768385 0
11.87309274477924 1.030579263135073 0
14.36821871596546 0.6014342795578789 0
14.46968855155754 0.5189136041157296 0
14.46362305459456 0.5995662277193545 0
4.946071823411657 1.814071064474736 0
4.88800085034274 1.635290750329709 0
5.021264900856737 1.708150587374146 0
4.917036336877199 1.724680907402222 0
0.767811758118885 2.942000466399953 0
0.6743502905614402 2.889957539284051 0
0.724687230068227 2.810790940658521 0
0.7462494940935542 2.876395703529237 0
11.10965062072461 3.619533570293726 0
10.97488957774224 3.553581350448679 0
11.05023010307535 3.443485740030168 0
11.18499114605772 3.509437959875215 0
11.07994036189998 3.531509655161947 0
16.64517221546024 3.209513759827219 0
16.57741056113083 3.023487316755518 0
16.71236689689827 3.100531849953604 0
16.61129138829553 3.116500538291369 0
14.73856384185686 1.329943536450601 0
14.76572370639603 1.457904402737968 0
14.69777767279523 1.402347336221469 0
8.55508600300228 3.846158261623346 0
8.540477565065272 3.747577498721697 0
2.655446226395473 1.629764202267359 0
2.766183508248664 1.730638070489369 0
2.76740144115567 1.63851242037289 0
1.672634529527272 4.541886781927403 0
1.562328798437825 4.410626927692055 0
1.690709113138077 4.426429918818624 0
13.12103474782715 3.565963794364258 0
1.3440658536604 3.966378758499345 0
1.236663930782004 4.137143865444609 0
1.218111082530884 3.984731057192758 0
1.290364892221202 4.051761311971977 0
7.225633090137642 1.440483587881191 0
7.175113097140967 1.237259291900003 0
7.319232402464894 1.32844428307664 0
7.200373093639304 1.338871439890597 0
12.08646357833504 1.341488617696685 0
12.20892570412147 1.446942581756813 0
12.08338048717484 1.445337627756095 0
10.86464821816408 3.949931074375209 0
10.79234341520217 4.156019687396537 0
10.82849581668313 4.052975380885873 0
14.69566794331049 1.200735669323461 0
14.63319995417697 1.078575032333617 0
14.59845968199474 1.167024195530609 0
6.948658391677206 4.082639991355579 0
7.073298568816202 4.110916768234228 0
7.058367535369296 4.253363021254187 0
7.003512963523251 4.168001506304884 0
1.716574075462354 1.485465089046346 0
1.828121127249059 1.470645013046743 0
3.858749050362029 4.38517594801494 0
3.794614029943974 4.530765919802565 0
3.72722027983894 4.419055107041903 0
12.50188866918259 3.355640816841827 0
12.62068119228423 3.357152756641078 0
18.12055155239956 4.217111294817823 0
17.9900345957313 4.309829889044277 0
18.00895975358102 4.206221509009851 0
13.56219066453925 0.6932825003134229 0
13.68668101345314 0.6253537126432136 0
13.65753274917714 0.712466604000568 0
11.97142031731737 1.238251946569499 0
11.85004192997265 1.23463817958728 0
11.63425150935683 1.019045163335172 0
16.50029033645961 1.060581915251873 0
16.63942236241713 1.050194426744938 0
16.64370360903677 1.183936424045876 0
16.57199697274819 1.122259169648874 0
2.169124595802151 0.7903516475863155 0
2.007195712833076 0.8797976546828168 0
1.907511228672352 0.7526308680047415 0
2.069440111641425 0.66318486090824 0
2.038317912237252 0.7714912577955282 0
9.191645504009372 0.9052285910534845 0
9.342402211443527 0.9649041454096703 0
9.23757031859691 0.9870862605359434 0
15.85063127315694 3.360994688071083 0
15.98651554796613 3.437413349797029 0
15.91920079205508 3.555187169293749 0
15.78331651724589 3.478768507567803 0
15.88491603260601 3.458090928682416 0
10.56672001932865 3.643696223407871 0
10.60774766134649 3.763847896206398 0
10.52116925922997 3.721639448635074 0
1.170131014806358 1.032461542443124 0
1.224044713491018 1.156909838148408 0
9.054304278273852 3.585121565290333 0
8.978531798680006 3.667573716866473 0
8.959364704335659 3.569366673468414 0
9.497298506242238 3.873595682991993 0
9.380268150681845 3.777852008202613 0
9.500831512917681 3.780059928074346 0
15.98472267286414 4.818668519689042 0
15.80065186461507 4.819148100936742 0
15.88086993562719 4.764025921161061 0
12.21291860839763 1.241870781020999 0
12.33391782318647 1.141155991187472 0
12.45202622339026 1.24022243470434 0
12.33102700860142 1.340937224537867 0
12.33247241589394 1.241046607862669 0
14.8732421842474 1.292993825724606 0
15.01097818835877 1.269586020631343 0
14.90023941136893 1.425715618446954 0
14.95560879986385 1.347650819539148 0
0.6182765073379475 0.4397365544576433 0
0.7503798649190703 0.569440503952698 0
0.6176590415302954 0.5835781127223296 0
19.40526110888268 4.184518496033755 0
19.40225256747315 4.312834427110721 0
19.24744816031417 4.191573597668532 0
19.32485036389366 4.252204012389626 0
5.520512869839955 3.872479678909087 0
5.455107550598694 3.940923604887537 0
5.356371232525809 3.867553045038568 0
5.438442051182882 3.870016361973827 0
10.93618363539875 3.642536825880958 0
10.82099760181793 3.605360438403717 0
10.89794358978009 3.579470894426198 0
6.454811899003668 2.006851142432652 0
6.356683701203528 2.003331719219902 0
2.1541906962398 1.008792237901794 0
2.024008526217324 1.125182930926708 0
2.015602119525202 1.002490292804763 0
15.4277006678584 3.853418482190837 0
15.57907090765793 3.814676009165344 0
15.61860125565325 3.922114446942286 0
15.46723101585373 3.960856919967779 0
15.52315096175583 3.887766464566562 0
19.09277898994284 1.113356709901093 0
19.15287140109317 1.256980124407099 0
19.06141148792624 1.214622855230051 0
15.97286854423677 0.8223103996066485 0
16.08186326394736 0.9228136723670755 0
15.98070748476525 0.916131627260296 0
9.241676592033368 3.682161375475543 0
9.168321532080853 3.566812345181383 0
9.339263505420639 3.471015897966685 0
9.290470048727004 3.576588636721115 0
18.97020083093962 3.138913000870577 0
18.98807294854555 3.295479649768363 0
18.85657281431172 3.326230422684656 0
18.83870069670579 3.169663773786869 0
18.91338682262567 3.232571711777616 0
18.37206105329309 4.017722063753606 0
18.24834411888546 4.117383580674471 0
18.26102369041129 4.013734499603292 0
10.59709716927369 4.792089410053661 0
10.61104858463684 4.896044705026831 0
10.73976177706469 3.724089752766521 0
10.71507482591671 3.623190615813089 0
10.84568455296591 3.706259575357149 0
10.78037968944131 3.664725095585119 0
2.188588485152215 0.5681215775765387 0
1.975363413570182 0.5717511655559984 0
2.094511787080972 0.4766878822242973 0
2.081975949361198 0.5699363715662686 0
19.72511725665924 3.908713108307393 0
19.84796714020342 3.764615635799677 0
19.86255862832962 3.891856554153697 0
2.035004378823425 1.23514701417605 0
11.42043424402254 4.323853214466152 0
11.30296319953506 4.406786066233249 0
11.19096008968928 4.303255007763443 0
11.30569716685591 4.313554111114798 0
14.83878512714795 4.168339646450018 0
14.78594010225466 4.070846389184591 0
15.92792941017801 4.248369780839737 0
16.17954755691648 4.251871112434288 0
16.04784883284392 4.363112203885835 0
16.05373848354725 4.250120446637013 0
6.263117488110667 0.8026762397638039 0
6.380260996155926 0.7203225189027127 0
6.473146521002484 0.8034047322661246 0
6.356003012957224 0.8857584531272158 0
6.368132004556575 0.8030404860149642 0
19.07891702549674 0.579127185068145 0
19.19742627668917 0.5612053902189493 0
19.21986605325424 0.6609917701241557 0
19.10135680206181 0.6789135649733513 0
19.14939153937549 0.6200594775961503 0
3.312135232366005 4.451853867438591 0
3.272893502351999 4.345623199475044 0
3.370843131551149 4.375784799382639 0
15.59390158980619 1.913940803397899 0
15.67781980974594 1.800242053449456 0
15.70566623537033 1.988072547988301 0
15.69174302255814 1.894157300718879 0
3.23354918592023 3.771330300829117 0
3.309901004045066 3.899511443838073 0
3.178574410878154 3.968937122812287 0
3.206061798399192 3.870133711820702 0
0.7841276158326007 2.442330669157736 0
0.83057333356901 2.594580420886095 0
0.7264374923092127 2.527624870093573 0
0.807350474700808 2.518455545021915 0
14.78445506377894 1.246864747524033 0
5.781788468472441 4.348938800154835 0
5.704715558127247 4.247380195973516 0
5.833263420481287 4.177368821324383 0
5.807525944476864 4.26315381073961 0
9.496788429754318 4.074028362218837 0
9.368717358211216 3.971271120497008 0
9.497043467998278 3.973812022605415 0
5.559048278288339 3.473068931156165 0
5.684697505084973 3.548133862310166 0
5.613512325651509 3.649146447552676 0
5.586280301969924 3.561107689354421 0
9.619032728931337 4.186864683313885 0
9.481099895278241 4.280682693117082 0
9.48894416251628 4.177355527667959 0
12.58902355582021 1.534608275143692 0
12.45906666547107 1.441984950784767 0
12.57173591141119 1.334432197531132 0
12.70169280176033 1.427055521890057 0
12.5803797336157 1.434520236337412 0
19.16090395020025 0.9385821055284085 0
19.21328715098989 1.061896991282464 0
19.04039578915321 0.990041824147037 0
19.12684147007155 1.02596940771475 0
9.590837892415529 4.39509824807263 0
9.447906679755723 4.477689812787542 0
9.464503287516981 4.379186252952311 0
15.64707061145225 3.40271125817306 0
15.68260150122717 3.500376836075648 0
0.6083592863480103 2.763835407017127 0
0.65961884355767 2.65670936744055 0
0.7759467872778867 2.703664901081944 0
0.6921530368129485 2.733750154049536 0
18.97488623631676 2.399107701838007 0
19.07893827581306 2.280038324169896 0
19.19009941936824 2.382023449647994 0
19.0824928278425 2.390565575743 0
3.07886039678066 4.144509551840439 0
3.03033700183305 4.018653635543937 0
3.128717403829407 4.056723337326363 0
0.5762570523157819 1.848273162255554 0
0.539004662443471 1.722817643495909 0
0.6248081510017496 1.760247655061596 0
15.4644551187831 3.731079074513453 0
15.39289518026722 3.774400028312234 0
16.54981657920474 0.4291182285961512 0
16.80788757942718 0.3506007499855039 0
16.67885207931596 0.3898594892908274 0
19.87488486082647 3.500910575379937 0
19.86142600051494 3.632763105589807 0
11.47151610374023 3.937327753781798 0
11.22319991348184 3.90871509073785 0
11.35872619559292 3.817842167453191 0
11.34735800861104 3.923021422259824 0
2.080076387395986 1.755655311086258 0
2.073732784595492 1.654034638449427 0
7.52175423770275 0.7440085573040829 0
7.30065351951473 0.7043326428433327 0
7.451233831984164 0.6423183631647096 0
7.41120387860874 0.7241706000737076 0
16.68360509916732 4.087891466933044 0
16.5472992893711 4.180253643352997 0
16.55097143581264 4.055990267626217 0
15.33518924651316 4.016591267190902 0
15.19088233392097 4.086654171569264 0
15.23383815447643 3.999166996596734 0
17.10851963726175 3.319789921936246 0
17.1700203751661 3.503402836615209 0
17.13927000621393 3.411596379275728 0
16.80651229588525 1.119850609469045 0
16.75235342728638 0.9932360024628533 0
16.89148863220956 0.9368841806860848 0
16.94564750080843 1.063498787692277 0
16.8490004640474 1.028367395077565 0
7.592395403128631 1.028741598224971 0
7.708264901127661 1.113177254656075 0
7.620335546803608 1.202042859003907 0
7.504466048804578 1.117607202572804 0
7.606365474966119 1.115392228614439 0
1.411500871680479 4.518628995812371 0
1.286652085922356 4.365695426999495 0
1.42449044218009 4.388161177345775 0
13.03254761639476 1.31182732453707 0
12.91478509079737 1.22454844718159 0
13.01855970170909 1.127748109746172 0
13.02555365905192 1.219787717141621 0
10.78792418277189 3.841802795166518 0
10.69783592205919 3.802825345686458 0
15.54444271225826 0.6293643355721465 0
15.63030507139652 0.7533359651051135 0
15.52895360175238 0.7277080161172229 0
13.14444754191328 0.6699410573819367 0
13.02492670411913 0.7613069003645494 0
12.92385978128859 0.6673156135815292 0
13.04338061908275 0.5759497705989165 0
13.03415366160094 0.6686283354817328 0
15.34930811768863 4.452925386385408 0
15.16520119532687 4.544470299522251 0
15.20730093931905 4.411629226638572 0
15.25725465650775 4.498697842953829 0
12.83845042213515 3.150396937246175 0
0.6025270608592095 2.478947107849372 0
0.5213562366964446 2.33637547232398 0
0.6493675747220422 2.373517298351347 0
0.561941648777827 2.407661290086676 0
8.406156714435307 4.017199834710729 0
8.290461543982634 3.957286360286137 0
8.462317621565099 3.933840830589816 0
8.376389582773866 3.945563595437977 0
13.75310922941149 3.975979486608489 0
13.53210722225795 3.977332907270561 0
13.63377772379658 3.876558916516312 0
13.64260822583472 3.976656196939525 0
15.55386123661379 3.728488136148928 0
12.09787534737996 1.138634109893813 0
12.0921694628575 1.240061363795249 0
15.95199630910175 4.454068246629763 0
16.07321243896158 4.470449327012198 0
14.19585855702372 3.799750898746672 0
14.08788897072252 3.887673227324425 0
13.98084697535982 3.785210687387734 0
14.08881656166102 3.697288358809981 0
14.08835276619177 3.792480793067203 0
3.129430683901823 1.262482357541871 0
3.248926860258115 1.164914299211067 0
3.249518756031012 1.266206584153447 0
14.88939374759003 1.948035139412045 0
14.92941359065241 2.155924363791951 0
14.90940366912122 2.051979751601998 0
13.74651198676426 3.770332692418701 0
13.62674082247553 3.769192506837022 0
16.86611627135918 1.251587165215943 0
16.75490994019797 1.217761794630909 0
11.76160959903393 2.762349040441259 0
11.69040567186615 2.838633120796894 0
10.9713138340657 3.262561809876885 0
11.11892940032709 3.320905398183153 0
11.01077196857052 3.353023774953527 0
10.46134135468399 3.374664897163604 0
10.53665808519333 3.496506424904353 0
10.42146796538047 3.470259935204836 0
14.11269255190713 4.093460812297639 0
13.98690861808786 4.001623053973947 0
14.21367290454179 3.979510985648117 0
14.10029076131483 3.990567019811032 0
4.707855785882225 1.380152279096833 0
4.626123517354936 1.486286893294299 0
4.604493462130399 1.395864783003236 0
0.5364743716387395 2.164443707175383 0
0.5094761827092711 1.998039859441312 0
0.5229752771740053 2.081241783308348 0
9.750823242353547 4.309447569107389 0
9.712115442276493 4.539163980456984 0
9.73146934231502 4.424305774782187 0
0.6310729522084397 2.567828237644961 0
7.679558870302915 1.383368078386878 0
7.545126956688737 1.30584638867398 0
7.754767460417787 1.279564548716806 0
7.649947208553262 1.292705468695392 0
16.12103577746867 3.511781798455963 0
16.05177465188644 3.321833683064652 0
16.18629488138899 3.396202131723586 0
16.08640521467755 3.416807740760308 0
1.032961708786164 3.931946086636624 0
0.8868873941783129 4.025344595312815 0
0.7743177926297271 3.868958801585606 0
0.9203921072375785 3.775560292909416 0
0.9036397507079457 3.900452444111115 0
14.19116333712035 4.251180921749277 0
14.05267092307249 4.185319452624745 0
14.15192794451374 4.172320867023458 0
11.32725445529946 3.252604535300438 0
11.26118822638699 3.377900354218866 0
11.22309192781328 3.286754966741796 0
6.508369427889807 0.5320970065621546 0
6.636411623308669 0.599355523266935 0
6.560370883320644 0.6999016636388422 0
6.432328687901783 0.6326431469340619 0
6.534370155605226 0.6159993351004986 0
5.086635805426495 3.978623037568072 0
4.958430393593067 3.96008190693314 0
5.030063702941597 3.910640121619293 0
16.74980299412098 4.302248377860627 0
16.73673810869486 4.440692520043304 0
16.61514027304932 4.420714785631294 0
16.62820515847544 4.282270643448617 0
16.68247163358515 4.36148158174596 0
18.45621756351026 1.585139834467548 0
18.56446178098333 1.519071107306439 0
18.62555461182702 1.633869428153058 0
18.54088608766864 1.609504631310303 0
15.81948631278305 4.439481052896681 0
15.877851493782 4.515467199093179 0
14.93256620316579 1.531884793851983 0
14.79805049819289 1.564073578142997 0
14.84914495478091 1.494894598294976 0
9.454246291394828 3.382698903874369 0
9.270751719947148 3.386925583966583 0
9.385734505921336 3.298608589874266 0
9.362499005670987 3.384812243920476 0
17.51932591266471 2.818310555002217 0
17.60147896791512 2.762699137167242 0
17.58011882346233 2.886518204709619 0
17.59079889568873 2.824608670938431 0
12.02162049022714 2.94097047379832 0
12.23469910847361 2.94005366748579 0
12.12815979935037 2.940512070642055 0
6.659426264269056 3.364442525502921 0
6.748695916011755 3.264064754673235 0
6.782806689612577 3.365994047312233 0
3.009560606398419 1.155306778715217 0
3.008869204950448 1.256752004585034 0
10.62586645555502 3.559848520358721 0
13.99771271893537 3.583303492323017 0
14.12384228170262 3.509540341041069 0
14.10632942168182 3.603414349925525 0
13.41559491897844 3.982712103938129 0
4.150695408556797 3.44995006399249 0
4.310251827236129 3.37952021092852 0
4.387347250661072 3.496634519710773 0
4.227790831981739 3.567064372774742 0
4.269021329608934 3.473292291851632 0
13.05889735847415 1.495730019330554 0
12.93334032333669 1.410436777464366 0
13.04572248743445 1.403778671933812 0
10.19253192867325 3.173861575510169 0
10.31615980840318 3.26001660392774 0
10.22069265141973 3.262448792848522 0
1.660719502571574 2.980367321816273 0
1.53476678651249 2.972647405375188 0
1.605528212141596 2.908940869511902 0
9.592854104686205 3.306540528054329 0
9.529106994728574 3.203496868098691 0
9.674209976168422 3.142164990950896 0
9.633532040427314 3.224352759502612 0
17.078261946741 3.229417357667669 0
0.231467800391032 2.315828427307996 0
0.4393949167822306 2.267865876374695 0
0.3354313585866322 2.291847151841346 0
1.429899926017793 3.596388461314123 0
1.27428772175622 3.671573969238947 0
1.176379176714347 3.500241524835812 0
1.303139551366069 3.548314993074968 0
1.358896233759136 2.525095154665481 0
1.341845348727611 2.439087647695695 0
1.406497933298233 2.466928284180907 0
12.80580844497343 1.32371749545588 0
12.82922468012359 1.513774803898543 0
12.81751656254851 1.418746149677211 0
7.438942925587694 2.115289430784681 0
7.368566178905043 2.205758969144501 0
7.307081147412962 2.045915529740881 0
7.337823663159003 2.125837249442691 0
6.89069537080935 4.004573811406136 0
0.5428666175125265 1.923156510848433 0
18.08687610694755 4.431947948336031 0
17.97018915663012 4.420961844157805 0
2.59898812293407 3.732170959631741 0
2.561379295845347 3.603254541167351 0
2.651258412241708 3.648559135045486 0
19.25851712922752 3.387529944405884 0
19.06788307377577 3.47576806794111 0
19.17870700399731 3.207241526233136 0
19.12329503888654 3.341504797087123 0
6.437392283276088 3.362984041549864 0
6.544934320392167 3.269067958546338 0
6.548409273772572 3.363713283526392 0
4.534555348840726 4.345234777755941 0
4.405888610219565 4.255854970112035 0
4.626098548680934 4.238898802549822 0
4.515993579450249 4.247376886330929 0
18.55224984920395 3.152759594866571 0
18.49637732559184 3.25585637288677 0
18.36864309923852 3.204771927907088 0
18.46044647422124 3.178765761386829 0
4.01613639867382 4.278639950314037 0
3.989436965543117 4.422001665953815 0
3.937442724517924 4.331907949164489 0
3.372127757357234 1.069962614418653 0
3.48919870441196 1.073089773513223 0
19.14190381304127 3.627921873282136 0
19.28918655726402 3.656702696750942 0
19.23404869319347 3.856113059156281 0
19.18797625311737 3.742017466219208 0
7.405569881666563 1.219740420768477 0
7.458789477487068 1.414550250982142 0
7.432179679576816 1.31714533587531 0
18.51659359627062 3.478135520248085 0
18.63148849376726 3.579157546008061 0
18.51575154154401 3.697450050914201 0
18.51617256890732 3.587792785581143 0
10.7846303651343 0.3139838242705784 0
0.769809023335835 1.244464856789134 0
0.7020462830806942 1.114674583977265 0
0.8182732746750219 1.138827351060873 0
2.16122028530171 3.211535073196027 0
2.042171152402007 3.256433813666733 0
2.000177280874695 3.14375148921891 0
2.080698783088202 3.177643281207469 0
4.24189116103669 3.272361516922885 0
4.113678937630425 3.32564441081983 0
4.051249511337576 3.217054188446062 0
4.146570336187133 3.244707852684474 0
4.252000395635308 3.978511185818139 0
4.127846883655264 3.885205986082689 0
4.228984084707817 3.781776011160283 0
4.353137596687862 3.875081210895733 0
4.240492240171562 3.880143598489211 0
16.37021298133464 0.5939097180150923 0
16.52835448443169 0.6023272444665992 0
16.46001478026969 0.5115139733056215 0
12.68714350136414 1.233629908908092 0
12.5695848623772 1.236926171806216 0
18.70594551953667 3.228301096312412 0
18.77142771792914 3.439601521345367 0
18.62080042315409 3.341672194973124 0
18.73868661873291 3.333951308828889 0
5.653478590873369 1.2024719435794 0
5.700602649757263 1.089834326391177 0
5.829372859873772 1.14116095948502 0
5.741425725373571 1.17181645153221 0
9.567563018043444 3.405538855906455 0
1.330038039915703 3.820298540660422 0
1.156791080674026 3.872342633514558 0
1.101040762514543 3.723618062093084 0
1.215539401215123 3.771958301376753 0
4.757199677502008 1.561528864824211 0
4.651983141415641 1.578198645922657 0
13.86508280860542 3.882712977625144 0
13.86227615351866 3.672830402181292 0
13.86367948106204 3.777771689903218 0
0.6639877358841524 1.337632568406877 0
0.771239791257722 1.351010284724657 0
1.094281710643024 4.044334510314824 0
1.125536395658525 3.958338571914691 0
0.8885708067769045 0.5894626648068957 0
5.482567928966311 4.212550360750065 0
5.605917836471754 4.133332520224427 0
5.59364174354678 4.22996527836179 0
4.353413227755293 3.683969941397617 0
4.228387458344779 3.674420191967513 0
19.53505679026128 2.804852371829985 0
19.58987927541402 2.950389107408244 0
19.5007968059338 2.909504002182815 0
15.15637505011556 3.502312629665592 0
15.16803563232966 3.357077912299054 0
15.28649453489155 3.381309375058366 0
15.22143479250355 3.441811002361979 0
17.86537263825483 0.8451081912400635 0
17.97691623596801 0.8597643300679816 0
17.96062927805264 0.960963238887707 0
17.91300095815373 0.9030357150638852 0
14.5437426459772 3.083911535823917 0
14.42350864686648 3.173826839074442 0
14.33265185938071 3.074660981298416 0
14.43819725267896 3.079286258561166 0
10.43804161125478 2.256604519050694 0
10.19229744172324 2.255662343580922 0
10.30968001234129 2.146555569681179 0
10.31516952648901 2.256133431315808 0
3.093291617852329 3.014514795375724 0
3.097218497730561 2.91945872084671 0
17.52744275381974 0.612758652384396 0
17.67104597943944 0.6272230260552532 0
17.58615855036442 0.6763429378010666 0
18.28247519172702 3.308146160985831 0
18.17561830018584 3.233615224157691 0
18.27213069971218 3.21919357603239 0
4.51916440805541 3.425594940255263 0
4.600195215283249 3.531601703135765 0
4.468378057888911 3.602641282591275 0
4.49377123297216 3.514118111423269 0
16.55647611518228 4.518925973038618 0
16.49656446610651 4.356766459045458 0
16.52652029064439 4.437846216042038 0
18.94877994362177 2.175209125644622 0
18.88298384786521 2.30078847947413 0
18.85667763149958 2.116264936720768 0
18.86983073968239 2.208526708097449 0
12.33399618479627 1.44446376627079 0
1.696280493643981 3.421224061680114 0
1.8806844995059 3.457999572140139 0
1.788482496574943 3.439611816910126 0
2.458046902671815 4.709062546880457 0
2.543368880344704 4.605532144748445 0
2.66579352894269 4.692296716110692 0
2.561920215807253 4.700679631495575 0
15.86085918395407 3.061210460931385 0
15.78350375719524 3.166683760353243 0
15.64624111983079 3.08329348914825 0
15.75355015189243 3.072251975039817 0
5.686677580945494 3.721128489543428 0
5.585476455239038 3.796868382184893 0
5.599494390445274 3.723007414868784 0
5.812240132983472 4.44195311969262 0
18.36384748657103 0.8294221823837513 0
18.4508605252659 0.9390033725882214 0
18.33170555132853 1.040607157706306 0
18.24469251263366 0.9310259675018355 0
18.34777651894978 0.9350146700450284 0
17.98318415230929 3.250879283605895 0
17.79514193838662 3.26761333295089 0
17.88916304534796 3.259246308278392 0
4.286219690000094 4.167181649964768 0
4.162471234858022 4.080955770632537 0
4.269110042817701 4.072846417891453 0
7.133020591269601 1.566859733360479 0
7.030992708872166 1.665263661652715 0
7.008747221944605 1.562355899374816 0
9.119294013172556 3.95879313017209 0
9.245256769474079 3.86861781918677 0
9.244005685691885 3.965032125334549 0
14.51397768726656 3.283682712009325 0
14.38988674036858 3.367034909405877 0
14.2994176999685 3.257179036470995 0
14.40669769361753 3.27043087424016 0
14.57807837245032 1.910860061879384 0
14.64510934883199 1.781156993050675 0
14.76642116333968 1.868085524647365 0
14.672249767895 1.889472793263375 0
7.275014702350331 1.124804928395226 0
7.389740375577454 1.121206065484015 0
18.39217049870837 3.392319698161732 0
18.50648546093123 3.366995946567428 0
19.89645235483402 1.75765618626069 0
19.78987940906061 1.647028085977367 0
19.8934270542266 1.514371899716678 0
19.89493970453031 1.636014042988684 0
0.6994269240646052 0.3144278352790124 0
0.6976128180276397 0.1093421044594658 0
0.7524497696965859 0.2121096373830058 0
4.667402192508302 4.44427815014968 0
4.550980696512838 4.449719114558939 0
11.06399981528046 4.392769840062526 0
10.94205816334989 4.280673440128011 0
11.06650912651959 4.291964223945728 0
19.26572476333126 1.588330839380916 0
19.14414794934648 1.484176205146233 0
19.24026225639007 1.364287443107477 0
19.36183907037487 1.468442077342159 0
19.25299350986067 1.476309141244196 0
14.25750099815841 3.442669973435358 0
14.04319648360966 3.392971832578572 0
14.17685520006545 3.326101464972861 0
14.15034874088404 3.417820903006965 0
1.241945846816265 1.675794939191854 0
16.79970999349901 2.720303728406776 0
16.68782966160867 2.724361236491169 0
17.29466286143936 0.3867660647423206 0
17.34238907882332 0.1993913142511121 0
17.41254680012665 0.3211839366474534 0
17.31852597013134 0.2930786894967161 0
1.857723712071575 0.6105289850753346 0
1.784455017184801 0.7893198157269281 0
1.734667500584024 0.6472179327975209 0
1.821089364628188 0.6999244004011311 0
19.53804987225358 2.447213265755922 0
19.41481192293626 2.358030434246448 0
19.50662045324725 2.233361177390968 0
19.52233516275042 2.340287221573445 0
15.5735399564979 3.197923529678507 0
15.43389380460818 3.099375718578147 0
15.54006746221948 3.091334603863198 0
4.811535430451857 4.543022627386654 0
4.828245210751505 4.65706048090837 0
5.48563046573104 1.249402095609561 0
5.535862725019625 1.147177165048657 0
5.569554528302204 1.22593701959448 0
19.29330662222752 2.256449174680902 0
19.30245567115225 2.370026941947221 0
2.894308130889505 1.049509755683601 0
3.133715032227038 1.061041723550986 0
3.014011581558271 1.055275739617293 0
1.89650665722386 0.194653117396328 0
1.767287125872535 0.07808024843480155 0
2.004219531351324 0.1165728689615264 0
1.88575332861193 0.09732655869816398 0
18.08537706251443 3.331193706535425 0
18.07940122624757 3.242247253881793 0
1.529580331499204 3.714476797974786 0
1.564757529036029 3.492187675906695 0
1.547168930267617 3.603332236940741 0
4.773716771050286 3.002121309046869 0
4.639963566666911 3.08096760061081 0
4.665300586340749 2.996720903583475 0
6.248993797046104 3.487579726265011 0
6.36861791581495 3.446005822368347 0
6.336065694090458 3.523088906577618 0
1.249997943144718 2.427831915307985 0
1.267488722687954 2.331192375069714 0
1.304667035707782 2.385140011382704 0
9.106665210825604 3.7729271864597 0
8.999934054312231 3.856639592257443 0
8.989232926496118 3.762106654561958 0
4.767009346074822 4.322645427876051 0
4.911142584018377 4.421389905113026 0
4.78927238826334 4.432834027631353 0
15.41219159251076 1.950967231489609 0
15.51594534374394 2.024413396045139 0
15.50304659115848 1.932454017443754 0
9.898672492037404 4.206953406927745 0
9.758852610484372 4.196909045120815 0
18.59624192440655 4.022980740703221 0
18.72494861093197 3.921539319852371 0
18.70852855408925 4.028583015814088 0
2.407301051326469 1.022288011760661 0
2.533890756401572 0.9260111516610396 0
2.652123509060316 1.036061483028824 0
2.529712280193392 1.029174747394742 0
16.77613900461925 4.19137831496746 0
16.92404187527543 4.233818353601945 0
16.8369224346982 4.268033365731286 0
18.66364101112911 3.120563480911848 0
18.79639618829823 3.061926158386305 0
18.75117085391745 3.145113627349359 0
10.91672709582132 3.778273560977529 0
10.99345113121351 3.88640184018622 0
10.8906876569927 3.864102317676369 0
4.083872824996575 4.192874123246002 0
4.030363052437741 4.001553076744992 0
4.057117938717158 4.097213599995497 0
13.12933437445954 0.8527485788342308 0
13.23961665177209 0.7646967191699394 0
13.33920784743662 0.854324123481323 0
13.23427111094808 0.8535363511577769 0
18.39568549006655 0.6828497175047819 0
18.44778852525095 0.7779786406856621 0
18.31174445138662 0.7342932592028713 0
18.37976648831879 0.7561359499442668 0
19.17737709457072 2.153845000524368 0
19.04721876237943 2.049015801999094 0
19.06307851909625 2.164527063084495 0
15.28749266548927 4.234382188923052 0
15.14851176758544 4.312542438890307 0
15.05190143601714 4.164814421536519 0
15.1696970507532 4.199598305229785 0
16.84827664739795 0.799934635832658 0
16.68407350179669 0.8717611540903079 0
16.6335722199064 0.7628218234462993 0
16.74092443365217 0.7813782296394787 0
18.50202761309035 0.6793756438798613 0
18.53413630097208 0.8330953881044625 0
18.51808195703121 0.7562355159921619 0
2.707494446718673 0.4499850541713601 0
2.838008629008202 0.3639606252133429 0
2.945041986296307 0.4642449778736317 0
2.82626821650749 0.4571150160224962 0
1.622527676483429 3.299019257176052 0
1.593642602759729 3.395603466541374 0
2.4321091158951 3.776521210701847 0
2.643936785063866 3.86864862704495 0
2.477057778024896 3.912998878115056 0
2.538022950479483 3.822584918873399 0
1.834675956417932 3.073146840438032 0
1.688657849456348 3.105565439588819 0
1.747697729494755 3.026757081127153 0
17.8488014194614 0.6841291364488566 0
17.94057712720042 0.754914960433418 0
17.85708702885812 0.7646186638444601 0
18.73561097503249 1.565573593016736 0
18.79897112346816 1.682919647354082 0
18.71226286764759 1.65839453775357 0
18.11844376174823 0.9737040589079116 0
18.10301668206302 1.113950942748182 0
18.03182298005783 1.037457090817945 0
4.095162414879841 4.768686019383895 0
3.949796597279946 4.632319841676087 0
4.071167953331656 4.523569182767716 0
4.083165184105749 4.646127601075806 0
1.563439959630951 0.8377120844595511 0
1.625941522860352 0.7239020076261069 0
1.673947488407876 0.8135159500932394 0
10.17890937799431 2.033746065721847 0
10.30171262799319 1.925017726453132 0
10.43248326234017 2.037827230412464 0
10.30569632016724 2.035786648067155 0
15.8472579271038 4.108656191725154 0
15.76926008257629 4.022809086843834 0
15.86275374656504 3.953344352960597 0
15.85500583683442 4.031000272342876 0
3.162985257793087 4.36833592785759 0
3.135637445194391 4.242126583874295 0
3.204265473773195 4.29387489167467 0
3.890577878835074 3.910912726188325 0
4.009212381245169 3.898059356135507 0
13.44282816737698 0.7739508528045111 0
13.43611630707464 0.8570424784274118 0
2.026675435976008 2.390695823284363 0
1.911331926040084 2.354008923223082 0
2.063375148974197 2.302107788543027 0
1.987353537507142 2.328058355883055 0
6.317361642972825 0.2862290268547039 0
6.197532863630686 0.3045437321637081 0
3.252921394792136 1.065502168984819 0
12.22469463131348 1.042698675496837 0
12.34592326115343 0.9462086381454227 0
12.33992054216995 1.043682314666447 0
18.44508441446303 4.336751093619716 0
18.42165911136723 4.551553049138488 0
18.31842546148651 4.442514335307878 0
18.43337176291513 4.444152071379103 0
6.728799382313555 4.573627232791313 0
6.591019228366306 4.49695215300816 0
6.796131628813396 4.461042047036305 0
6.693575428589851 4.478997100022233 0
4.7429434276835 1.090798200363951 0
4.596337960810473 1.006080314599564 0
4.691201366998289 0.8904670053548518 0
4.717072397340894 0.9906326028594017 0
17.01621568029607 1.206369246554904 0
17.08773398479558 0.9955276237486061 0
17.05197483254582 1.100948435151755 0
19.07519727126434 1.605097463797832 0
18.98621648166311 1.542325627507823 0
19.06518221550479 1.513250916327028 0
15.40194116702402 4.149996012311151 0
15.47716703837937 4.242534851478283 0
15.36271853684462 4.326921028090182 0
15.38232985193432 4.238458520200667 0
9.243466680753723 3.775389597331157 0
3.893867672130805 3.419619002289447 0
4.032116489930785 3.480996187294513 0
3.824580999984931 3.512086654853468 0
3.928348744957859 3.496541421073991 0
18.34598136296076 4.228469170560746 0
18.47131888574983 4.126290458311518 0
18.45820165010643 4.231520775965617 0
6.690786849315812 0.7775282597770818 0
6.603562486997652 0.8810313284043643 0
6.581966685159149 0.7904664960216032 0
16.41565859700217 4.254749458949839 0
16.5219318777388 4.268510051199228 0
18.82472066271943 2.011445337126513 0
18.77752349660682 2.083136180263971 0
0.1191933343954439 2.460917379004504 0
0.1462186692237886 2.68111508879204 0
0.1327060018096162 2.571016233898272 0
2.565017677795563 4.049312880018289 0
2.431732116788442 4.124474937740071 0
2.454394947406669 4.018736907927563 0
5.423946532586442 1.348145278744854 0
5.309122991965166 1.282459256522023 0
5.370806925109763 1.183716073386729 0
5.397376728848103 1.265930676065792 0
11.12089185944004 3.801878520968253 0
11.10832552234768 3.897558465462035 0
2.512083873341211 4.203823822104026 0
2.421178100408246 4.280161710406647 0
2.426455108598343 4.202318324073359 0
10.20102464505289 4.228171836203394 0
10.04984856854515 4.21756262156557 0
1.958597437874234 3.029059142090302 0
1.917426618646314 3.108449164828471 0
17.01572020532367 0.8963355665157189 0
17.11686436183829 0.9014089274423176 0
12.96405942125985 1.593126290595775 0
12.86926558606324 1.69610216593139 0
12.73443084492698 1.616750679234157 0
12.84924513309342 1.604938484914966 0
1.556066902343254 3.164244496602239 0
1.655592762969889 3.202292348382436 0
5.350542143931827 3.989174249615983 0
5.239231364247539 3.983757393099884 0
5.297801298386674 3.925655219069226 0
12.46575159769033 0.8535268256917456 0
12.24321174311765 0.8488992658950585 0
12.36304007965456 0.7562174534413815 0
12.35448167040399 0.8512130457934022 0
15.3417597656868 3.244298425733036 0
15.50579828851389 3.319455064495778 0
15.39614641170272 3.350382219777072 0
17.25082771876301 4.005961915858109 0
17.30503902703191 3.876921539959116 0
17.35014818695427 3.96691414538779 0
2.283793048684739 0.9075347187375002 0
2.280745873783134 1.015540124831228 0
5.882668327580239 1.016561434149927 0
6.026282043358851 1.073059332849998 0
5.927827451616311 1.107110146167509 0
18.31509342359712 1.561747545346157 0
18.39283852201392 1.496377530863689 0
18.38565549355369 1.573443689906853 0
1.311185076607096 0.8701569523956696 0
1.437312518119022 0.8539345184276104 0
17.16691319172791 3.81576577667537 0
17.23269938502085 3.691370347207156 0
17.37082522032485 3.752526110490902 0
17.26886920602638 3.784145943583137 0
3.995100019004413 3.356690534121854 0
4.072897713780605 3.403320299057172 0
18.62830677044762 2.971087483215561 0
18.59027830982578 3.061923539041066 0
2.426763378241109 3.638974503748204 0
2.392663715950137 3.515292645239901 0
2.477021505897742 3.559273593203626 0
16.91617579822084 4.090178467689348 0
16.79989044869408 4.089034967311196 0
2.773215819974912 1.042785619356213 0
17.08181435599827 3.959700157309052 0
17.02012317416103 3.738837881894929 0
17.05096876507965 3.849269019601991 0
10.76256113379867 0.9796498968172287 0
10.8895955010242 0.9844666576494052 0
17.09847376646817 3.621862285237239 0
17.30424599371878 3.572910898585126 0
17.20135988009347 3.597386591911182 0
13.7000605799678 4.327736381132127 0
13.71012410894224 4.416746894804956 0
0.356393959701375 3.318402226585508 0
0.3847379871034828 3.214587514299045 0
0.1196528197972864 3.511516935614595 0
0.1208798351992471 3.633090774060819 0
0.4451938997186105 1.512148382850305 0
0.3652877585909593 1.652369487496262 0
0.3529844920627827 1.551357684067288 0
16.29760307695932 4.253310285692064 0
17.66797183117158 2.55546690296398 0
17.72305550470213 2.600731808829442 0
17.6672027664729 2.659244422596 0
17.61211909294235 2.613979516730537 0
17.66758729882224 2.60735566277999 0
16.52789831230174 4.888757432672318 0
16.29291375664021 4.895015995154569 0
16.41040603447098 4.891886713913443 0
7.334334207819786 2.731934169741328 0
7.449649561676678 2.734675463714763 0
15.13961114436705 1.111699706107613 0
15.16046338511634 1.252034009195024 0
15.07529466636291 1.190642863369478 0
12.3781520544051 3.247140027652614 0
12.38414592556581 3.351760750631457 0
12.11798384222499 0.9399902063714083 0
12.10792959480248 1.039312158132611 0
1.752969788963217 2.414301767001945 0
1.669678656219395 2.455068391120614 0
14.90709031644402 4.271510647942476 0
14.94534328158255 4.166577033993269 0
7.506527468528816 2.017505893842617 0
7.654202252737689 2.093634253664149 0
7.546572589162691 2.104461842224415 0
11.00722617825417 3.714550811501338 0
10.92645536561004 3.710405193429244 0
19.2683395183529 0.1062186166587766 0
19.17000505397788 0.2141479964855133 0
19.14750252698894 0.1070739982427567 0
6.258719842863589 0.9998633010893698 0
6.510001301904163 0.9913236201213018 0
6.384360572383876 0.9955934606053358 0
11.91342030518324 2.867774159197318 0
11.86775818640721 2.751031433123441 0
18.24220186225936 1.173067332075725 0
18.1783666869464 1.33252271096634 0
18.14069168450471 1.223236826857261 0
12.4919210000355 0.4812756754222463 0
12.38162114550209 0.5729485663633604 0
12.3885937683809 0.3941341141224677 0
12.38510745694149 0.4835413402429141 0
6.742736201862684 0.96832318202222 0
6.626368751883423 0.9798234010717608 0
14.00667115598352 2.820132300425991 0
13.99670598891391 2.727210503737777 0
1.164062642154665 0.8884088296729877 0
1.046722701784848 3.573370333752284 0
0.9857478781738482 3.465786754305842 0
1.081063527444098 3.483014139570827 0
13.09475073591478 1.676221329013092 0
13.07682404719446 1.585975674171823 0
17.72084523977311 3.366956582239485 0
17.61523489023433 3.298356760622686 0
17.68953158884785 3.199013511334091 0
17.70518841431048 3.282985046786788 0
2.118392085286963 2.441574857695286 0
2.053311070784285 2.541856100182764 0
1.961594421473329 2.490977065771841 0
2.039993253380146 2.466275961733564 0
16.99263709927474 3.64123459929964 0
9.16630655753387 3.411424020830865 0
9.110305417903861 3.498272793060599 0
1.639532932037941 1.605573718768352 0
1.61285520696479 1.510423099927034 0
2.279417768368774 3.170306249318114 0
2.318806793336504 3.284475459454436 0
2.20060931026944 3.325704283332349 0
2.240013539319107 3.248005266325231 0
17.48506933708245 4.375439864392643 0
17.5294980988174 1.014814039957875 0
17.5901675800128 1.096287138865832 0
5.511477564394798 4.030448273530947 0
5.406912157727932 4.078698918259393 0
5.431009854163312 4.009811261573465 0
12.79612014718808 1.134460860633802 0
12.80096429608076 1.229089178044841 0
4.833978244908548 1.453881027792904 0
4.787163673570761 1.27296978730223 0
4.913286132597085 1.346698535998301 0
4.810570959239655 1.363425407547567 0
6.101075932648078 0.9283308133117292 0
6.14250094311122 1.036461316969684 0
15.53398293636458 4.094261665088029 0
15.43458609143887 4.055426466139465 0
6.264141230062608 3.375795362889841 0
6.332915597523748 3.292773582071358 0
6.350766756669349 3.369389702219853 0
1.010133903407548 4.149109067466197 0
0.8848561853539145 4.261314013554456 0
0.7616096761246798 4.137549541401075 0
0.8858717897661137 4.143329304433635 0
5.03821930087231 1.420187114750486 0
5.169491001502523 1.493212330694928 0
5.096051118379492 1.600668129242844 0
4.964779417749279 1.527642913298402 0
5.067135209625901 1.510427621996665 0
5.236025932699123 1.38557445992162 0
5.366191884987003 1.455372061359971 0
5.299656953790403 1.563009932133279 0
5.267841443244763 1.474292196027449 0
4.860989547625644 1.544585889061307 0
18.18326152286163 1.626283327646585 0
18.22665747645815 1.521811042499435 0
18.24917747322937 1.594015436496371 0
18.01732538574971 1.728466125176018 0
18.06112696860357 1.584886600992193 0
18.10029345430567 1.677374726411302 0
7.611036613832991 0.8575778147219113 0
7.705115454983881 0.9562864132777293 0
7.60171600848081 0.9431597064734414 0
9.279711880989343 1.954937049029349 0
9.133849101652746 1.862423377921024 0
9.376291204637074 1.838698242613332 0
9.25507015314491 1.850560810267178 0
9.70080160909186 2.257801215941107 0
9.456865480024163 2.261325586783292 0
9.562299067393033 2.153415509773963 0
9.578833544558012 2.2595634013622 0
15.92735812118591 2.952044635856936 0
16.05166077339302 3.024028274250909 0
15.98516183616119 3.133194099325358 0
15.95625997867355 3.042619367591147 0
1.55890484351896 1.710433083656403 0
1.655288284912871 1.693801830559667 0
7.533596869353559 1.609915700703902 0
7.382498508610648 1.528892256059623 0
7.609887838229978 1.495573695626422 0
7.496193173420314 1.512232975843022 0
1.01310988065719 4.383104178797138 0
1.15251612354653 4.241918422595981 0
1.149880983289773 4.374399802898317 0
15.89385020645637 2.802175849968819 0
15.91060416382114 2.877110242912877 0
19.87944336903121 3.377970545535025 0
1.123398917094775 4.143126466455403 0
14.48313964943067 3.500338223195611 0
14.37032032379454 3.471504098315484 0
16.19459547070795 3.703155503107046 0
16.05644929727819 3.630316260485891 0
16.15781562408831 3.607468650781505 0
16.24001196379708 3.808005624375235 0
19.30036146201705 1.005847660382452 0
19.35658862727101 1.097994311145906 0
19.26951431624386 1.154043642045918 0
19.28493788913045 1.079945651214185 0
8.629536700142271 2.030267716356619 0
8.49654715493878 1.956797433485885 0
8.692377934049157 1.915971293975461 0
8.594462544493968 1.936384363730673 0
17.82359323556884 1.774145543678175 0
17.89035964326307 1.651752573724292 0
17.92045931065928 1.751305834427096 0
13.13896492123412 1.852213294278452 0
13.0049321262756 1.769594858365222 0
13.2287835308733 1.758839764926322 0
13.11685782857445 1.764217311645772 0
19.53113701807043 4.011011316033526 0
19.62812713736483 3.95986221217046 0
4.483774909952142 0.9644805696439294 0
4.512262368095287 1.047123881475726 0
5.115764053513157 1.313458873429719 0
5.014525093055121 1.33007870471401 0
17.20772384531472 2.703938920575903 0
17.10521215609976 2.780808116635114 0
17.01879054168348 2.711157903108775 0
17.1132571934991 2.707548411842339 0
11.80004143181728 1.958703932709684 0
11.79266772770279 2.06086439527824 0
12.33623162441269 2.839285767438141 0
12.36172692329194 3.042695488044435 0
12.34897927385231 2.940990627741288 0
13.01651230626241 0.9446091258800406 0
12.91210463592201 0.8531674474103592 0
13.02071950519077 0.8529580131222951 0
1.452633209614866 3.803993467413916 0
1.398349531637633 3.88518611295663 0
9.267242970239685 3.176102476875371 0
9.403728019860434 3.195680763044363 0
9.249249456300589 3.279030303705274 0
9.326488738080512 3.237355533374819 0
5.632684458267679 3.944294381232669 0
5.727124730344635 4.047178627926148 0
5.619301147369717 4.038813450728548 0
19.68916098737117 2.843545468341997 0
19.68265022905517 2.936846485732079 0
17.65311493913217 1.810826809818583 0
17.71962294507772 1.702236244768456 0
17.75708522962329 1.882736108728302 0
17.7383540873505 1.792486176748379 0
10.04227503438378 1.921763020299524 0
9.90016561983151 1.803294569525064 0
10.1703975630841 1.806606396039251 0
10.0352815914578 1.804950482782157 0
4.126161162786557 4.351394018119238 0
4.098664558059108 4.437481600443477 0
19.35690517154076 1.261350960746296 0
19.25488828631697 1.259165542576698 0
12.36993948884852 3.144917757848525 0
19.58974874148707 2.679769167919893 0
19.56389930687033 2.563491216837907 0
0.8726955482534837 3.351236484836887 0
0.7507504242556085 3.206488750597762 0
0.8117229862545461 3.278862617717325 0
7.690738995918524 1.686940226133038 0
7.624476446728236 1.801385633513416 0
7.467334320163271 1.724361108084281 0
7.579036658040898 1.705650667108659 0
5.346866219878462 1.029543734865151 0
5.439123079232685 1.112866444109289 0
5.358836572494113 1.10662990412594 0
4.37661589075662 3.212105632097511 0
4.44497655695606 3.319264326103146 0
4.343433858996374 3.295812921513015 0
4.867714562531305 3.402872649230528 0
4.726624881117765 3.469942732383857 0
4.656107974411056 3.358245248074424 0
4.797197655824596 3.291175164921095 0
4.76191126847118 3.380558948652476 0
18.89192163059225 3.555723519428715 0
19.01691272181676 3.591822696355425 0
1.801594278091335 2.312583456168363 0
1.774366281093462 2.233271199674792 0
18.11322712380745 1.456548951069127 0
18.2917970395971 1.397784802396647 0
18.20251208170227 1.427166876732887 0
13.87493503889393 4.094889562957293 0
13.87000892374968 3.988801270291218 0
17.52339185738341 2.326959806769395 0
17.58641390522703 2.365477119633205 0
17.532632667668 2.471372959339028 0
17.5280122625257 2.399166383054212 0
4.450394127921582 3.782918110920708 0
4.561703509736594 3.871918390443334 0
4.457420553212229 3.873499800669534 0
17.05697488688457 1.319963280375722 0
16.90687547794769 1.365181199036761 0
16.96154557912188 1.285775222795833 0
19.1267450450872 0.817298606944463 0
19.25777311257048 0.7844449980458865 0
19.29193201768354 0.905728496629832 0
19.20933853138537 0.8615135517871475 0
19.36837557695093 3.519216726326659 0
19.39999240132106 3.623228799320333 0
8.320931298714674 3.140967228950414 0
8.422697894162157 3.062461359190808 0
8.41130379204974 3.149145991513989 0
11.8071232605438 1.855424621661348 0
14.97158496837237 3.103425354841492 0
14.85390803263099 3.211608501466201 0
14.75669256652991 3.092928824672599 0
14.86413876745114 3.098177089757046 0
0.9835574045112132 3.67446531333085 0
4.193897589109314 4.265628191051201 0
4.299893099664439 4.260741580581619 0
2.85267322542385 2.288185166004276 0
1.509651246144141 1.798694782413867 0
1.483862393439466 1.73016676049128 0
0.1177890614670556 1.992829519204913 0
0.1122744659955899 2.229911048303492 0
0.1150317637313236 2.111370283754202 0
13.87849469446068 3.444986481376499 0
13.87038542398967 3.558908441778895 0
15.95367002584913 3.651233179930061 0
17.55012427917432 3.40537229347798 0
17.49903245171768 3.236384655256746 0
17.524578365446 3.320878474367363 0
5.212443522739162 1.297959064975871 0
17.68428939950446 1.988042956735824 0
17.77921371127353 2.064792381144542 0
17.76814947044841 1.973764244936422 0
10.66220454508724 4.255956584942924 0
10.55948219654883 4.373580099311648 0
10.43322874464373 4.292903216454739 0
10.54771664486548 4.274429900698832 0
12.62903959258801 1.746058014056623 0
12.60903157420411 1.640333144600157 0
0.929221713213666 3.408511619571365 0
8.154754543814947 2.911684046827453 0
8.080219472545679 2.84070640076027 0
5.700132733613565 1.883058937123176 0
5.843653385947729 1.971623525207041 0
5.7352715976516 1.985721237904048 0
6.830880437238843 2.017847418424006 0
6.889897978718414 1.94268427284732 0
7.016910151324826 2.013220393108233 0
6.923895294281834 2.015533905766119 0
8.521446605105345 4.364140473636389 0
8.606405865088689 4.480752517015778 0
8.495840141526957 4.460295302097555 0
8.739178938217108 4.398164308273291 0
8.64192340281965 4.293334246315545 0
8.765634329690496 4.213583990118027 0
8.752406633953802 4.305874149195659 0
9.042351609054254 4.717568143375562 0
8.802405421514585 4.701663545039684 0
8.93834579973633 4.613463577138054 0
8.922378515284421 4.709615844207623 0
18.87220233991965 1.792658071621734 0
18.94494273471653 1.933881412968565 0
18.84846150131954 1.902051704374123 0
14.84030643459589 1.745875230952547 0
14.72755151082242 1.654633809151003 0
14.91080542196637 1.655314999944541 0
14.81917846639439 1.654974404547772 0
18.75198240643037 3.695279544091409 0
18.76170506217976 3.567440532718388 0
1.655584793787185 3.798715945176019 0
1.554109001701026 3.801354706294968 0
12.144954448408 0.7465161278512404 0
12.1314691453165 0.8432531671113246 0
1.472245094338717 1.955821690724006 0
1.490948170241428 1.877258236568936 0
9.756606160260326 3.056334463441196 0
9.543160610865728 3.046479734107408 0
9.649883385563026 3.051407098774302 0
1.143103810831418 2.306340254573702 0
1.306218355723066 2.196589331401932 0
1.224661083277242 2.251464792987817 0
15.52416545614276 4.587493513655331 0
15.56502863599812 4.785527544366418 0
15.54459704607044 4.686510529010874 0
6.983259407633774 0.936265669633535 0
7.096179308899363 0.8041380035387791 0
7.133848331478333 1.030789213607862 0
7.115013820188848 0.9174636085733203 0
2.894666555816606 4.0720120057234 0
2.838448862193203 3.947040849636357 0
2.934392932013127 3.982847242590147 0
19.63945486442912 2.761657318130945 0
17.70743475194424 2.162543691418125 0
17.86272054566091 2.138659745369928 0
17.79094158633163 2.23641105564351 0
17.78507764880258 2.150601718394026 0
17.57095378737691 3.130914342974389 0
17.65079622987688 3.013041063875841 0
17.67016390936237 3.106027287604966 0
5.137745556290986 0.9483092083046858 0
13.26412301174976 0.5822257145182621 0
13.35929212160857 0.6769813763062649 0
13.25186983176093 0.6734612168441008 0
9.255361056812781 0.3224694706286679 0
9.481523636756883 0.2748056764204807 0
9.371096051529426 0.3960159021241716 0
9.368442346784832 0.2986375735245743 0
2.236896528757969 3.43513875586065 0
2.359447160656759 3.400025331196306 0
2.270113084051347 3.550406069904245 0
2.314780122354053 3.475215700550276 0
2.362841407583885 3.008705355223364 0
2.397326544896119 3.135919031112262 0
2.321129587976329 3.089505802270739 0
0.3137701188223332 2.81420750721206 0
0.4419868250339896 2.848629527082288 0
0.3561109807461484 2.898344286333203 0
18.07235571194591 2.693104314062125 0
18.0609334544637 2.821339582957279 0
18.00240413878233 2.746148006835021 0
18.06664458320481 2.757221948509702 0
11.06665572281431 1.73305902721598 0
11.07366621188035 1.627836163583197 0
17.94218976971033 1.533315686760012 0
18.02770844675889 1.49493231891457 0
17.44936798812554 3.063702517322382 0
17.47420021992161 3.150043586289564 0
8.97912159796731 2.270902708798998 0
8.751405744646963 2.276459609341685 0
8.860450339805027 2.181651025190247 0
8.865263671307137 2.273681159070342 0
5.727320897803041 3.414316897556811 0
5.861186597338998 3.449315384157626 0
5.818563204620929 3.583132348910982 0
5.772942051211986 3.498724623233896 0
2.698183259166843 3.997404357399272 0
2.741192823628534 3.907844738340653 0
13.98046866929764 3.263420392578058 0
13.92948168187916 3.354203436977278 0
19.39831187676318 4.02687139520402 0
19.46819906347655 4.097764906033641 0
7.289886009742608 1.65526840153891 0
7.257759549940125 1.547875994710051 0
12.31967992982339 2.736787237243852 0
12.0582195670789 0.3498830473117707 0
12.01640634832303 0.4417561222744313 0
5.810985092212062 3.720442358226919 0
5.82195555493333 3.867996953191964 0
5.697648043666763 3.868683084508473 0
5.754316567939412 3.794562721367696 0
18.18484602946266 3.416345003872826 0
18.08631917353072 3.422257906712616 0
4.105016993891567 4.27213407068262 0
18.28850826408551 3.404332351017279 0
18.39879649057884 4.773238489692321 0
18.38689824528942 4.886619244846161 0
8.663089489486845 3.933311909640556 0
8.570321108049665 4.020994478607027 0
8.562703555525973 3.933576370115186 0
18.76085255066134 2.820159325826583 0
18.75564304551078 2.961870104138936 0
18.63351627559818 2.829376704903208 0
18.69457966055448 2.895623404521072 0
10.8085141489926 1.938204376869365 0
10.68687594240114 1.827788486197906 0
10.93760494716246 1.835363604654089 0
10.8122404447818 1.831576045425997 0
7.200516131307291 0.530364905990778 0
7.098244269903309 0.3336524269833845 0
7.149380200605299 0.4320086664870812 0
5.298689569144098 3.349766647970099 0
5.448435739099711 3.408378430325925 0
5.235669364924007 3.472080802439977 0
5.342052552011859 3.440229616382951 0
9.00221618499365 4.046234830289096 0
8.882856226133326 3.944081292374448 0
9.00107511965294 3.951437211273269 0
0.5011114249560542 4.876183532177523 0
0.6266783709162809 4.876375275627724 0
11.96338288417704 3.033418100964306 0
11.93901272388118 3.118462948032225 0
17.86581370621605 2.303404616015609 0
17.94023537247803 2.221250041054846 0
17.93866126775076 2.299479885842581 0
5.609080456753358 3.870581381708781 0
6.747400502442799 0.08366090819026351 0
6.862319087927856 0.08745779887544414 0
17.72917189115667 2.471359081522516 0
17.79726345549886 2.392455039240093 0
17.79794808143121 2.533217806720105 0
17.79760576846503 2.462836422980099 0
11.22331630191048 3.706861279760641 0
11.11527124008233 3.71070604563099 0
17.04034692171841 4.096481489012504 0
17.14558732024071 4.051221702435306 0
1.361440129247711 2.110316824778637 0
1.387408202484265 2.186752783844601 0
2.304421266013525 3.648758208622692 0
2.368265190954313 3.71263970966227 0
15.96293887879682 4.929712378438507 0
16.14678379406732 4.888956141250535 0
16.05486133643207 4.909334259844521 0
9.151327792003428 2.910232029266293 0
9.127890156737918 3.0492948831327 0
9.049161591582179 2.963167442669977 0
7.99815203652782 0.9900579653405814 0
7.918527486150543 0.8840112381923846 0
8.012277825682645 0.9079478390101305 0
8.00845296144948 0.1068036694312648 0
8.257338830985162 0.1029416166870445 0
8.140791792434642 0.2097452861183093 0
8.13289589621732 0.1048726430591547 0
6.137078742619556 3.470686092995054 0
6.15222617563606 3.358901729619884 0
6.200609986341082 3.423240727942448 0
16.98219439849692 4.165149921307225 0
9.708635050606333 0.6521985508008288 0
9.576292026670712 0.5161376445535799 0
9.642463538638522 0.5841680976772043 0
13.47741457155271 0.1001371873164447 0
13.33534306925566 0.1979607804934149 0
13.23292849770295 0.09782359317697065 0
13.35517153462783 0.09898039024670791 0
9.576173497806934 0.3917533739928358 0
9.371214580393204 0.5204001726849157 0
9.473694039100069 0.4560767733388755 0
2.140829302369154 3.589585967660158 0
2.22262528419134 3.619172088141425 0
8.737976037571055 2.098164028950229 0
8.826560620059169 1.996967466456935 0
8.949034922293141 2.080454462696952 0
8.843505479932098 2.089309245823591 0
4.236591430139482 4.884953463332345 0
3.983570984740359 4.88373255605155 0
4.11008120743992 4.884343009691948 0
4.565358958055199 3.701589452114365 0
4.459386092905246 3.692779696755991 0
18.90257235752293 1.600548707149104 0
18.97580357397442 1.710287131416755 0
18.88738734872129 1.696603389385419 0
19.51352442245243 0.5628092427625724 0
19.35836905509048 0.6275225020160133 0
19.28277667059007 0.49935206688671 0
19.39815054652125 0.5310806548246414 0
17.6157114451433 3.556508215814604 0
17.73680125009138 3.504859232443479 0
17.70073217044396 3.576005778870304 0
17.64704777599888 2.268030048254383 0
17.72239133561443 2.325461478867993 0
17.66175746484258 2.422908550246816 0
17.65440262042073 2.345469299250599 0
17.79410252091524 2.314433047441801 0
9.207778006917229 3.34522716226807 0
16.90622211652904 1.548600085252661 0
16.88680747460761 1.651584553691873 0
9.837484145194873 4.817017348231808 0
9.772351986424756 4.64096356530824 0
9.804918065809815 4.728990456770023 0
5.493954051996866 1.519345660029737 0
5.458950292291655 1.433745469387296 0
14.72353144148723 3.681841448574613 0
14.77417442915247 3.595550286201313 0
14.79809553912161 3.667281438398525 0
12.79668118200001 0.9468559889829136 0
12.90852562383146 1.03859623254551 0
12.79640066459405 1.040658424808358 0
19.27284314921245 1.806959706139165 0
19.16683908073793 1.706614933413168 0
19.37172883180578 1.688675612106913 0
19.26928395627186 1.697645272760041 0
15.30114285506506 1.351317146722198 0
15.39935179651977 1.359315047617259 0
11.62199708977353 3.844605122302056 0
11.74859730299713 3.999169116013472 0
11.61005670336868 3.968248434897635 0
0.1203350103408134 0.7438087103543514 0
0.1193248332077559 0.8685997969892587 0
19.09047399939142 4.232623320517364 0
18.98122985768839 4.408840941053253 0
19.03585192853991 4.320732130785308 0
18.48444050143736 1.150306051380147 0
18.39493681236818 1.282766225749566 0
18.36332118184836 1.161686691727936 0
4.790945674049249 3.792996718403188 0
4.746437510793083 3.721174693443868 0
4.835499839774156 3.678323874964788 0
4.813222756911702 3.735660296683988 0
16.94817448186716 0.4266425317291862 0
16.92274795573651 0.3245718992389626 0
5.65254868351284 3.018927030831795 0
5.526241823298722 3.123641799324979 0
5.547935689015535 3.01805800294056 0
14.09630956211353 3.222484591835425 0
14.21887206201658 3.15356216333356 0
14.19786363104102 3.23983181415321 0
18.07271066749986 0.8249118451078794 0
18.19895941838528 0.7822337537018036 0
18.15870159006676 0.8779689063048575 0
10.82208678501603 3.20330995976344 0
10.90752008716947 3.065287054715143 0
10.93941696061758 3.163924432296014 0
17.55402903456349 1.738778774584278 0
17.45612265836455 1.67001098988419 0
17.51855219816157 1.571857404852685 0
17.61645857436051 1.640625189552773 0
17.53629061636253 1.655318089718481 0
14.07816727551653 4.328304412120856 0
13.93184823265995 4.194410856595693 0
14.00500775408824 4.261357634358275 0
2.623848892161925 4.174764708655676 0
2.757014473533205 4.122856186036659 0
2.661016075664383 4.086084533027474 0
2.206036893098744 2.37994495335325 0
2.27629098687521 2.466148747317377 0
2.188646179063429 2.527778651659413 0
2.197341536081087 2.453861802506332 0
1.502340823087021 3.068434301737156 0
1.469386738655039 3.150506425567609 0
18.03637155873227 0.7200624754733158 0
18.00664389735014 0.7899134027706487 0
12.26471571434454 0.662804688603702 0
12.16093127209203 0.6546693227378031 0
13.01753600398575 1.036178617813106 0
13.47865461877085 0.5963130238151766 0
13.46074139307391 0.6851319383098438 0
19.25715322178547 4.878891654863566 0
19.13244161010337 4.878773972529084 0
6.00673590405373 3.336368297618769 0
5.993549081421463 3.46220014639693 0
5.874373419971265 3.323483535379465 0
5.933961250696365 3.392841840888198 0
3.941110951232111 0.3014453110572122 0
4.062837004045798 0.3052292002627222 0
13.61084162812796 0.5092880208341271 0
13.7513408984876 0.4259168654623138 0
13.71901095597037 0.5256352890527638 0
2.035279576935334 2.880594085412155 0
1.996938507404783 2.954826613751229 0
19.39083878115744 3.384224596705889 0
2.444311995099314 0.6131500107506822 0
2.305473922542779 0.6969134245327699 0
2.327426557708749 0.4843581637944512 0
2.316450240125764 0.5906357941636102 0
17.60055740485749 2.507016371688279 0
17.66486464800708 2.489187726605398 0
2.086559187811456 3.363252812082425 0
1.974133821903429 3.408060920249921 0
2.008152487152718 3.332247366958327 0
7.842273364675005 1.764637343119079 0
7.756334903125705 1.572451781322218 0
7.799304133900355 1.668544562220649 0
10.93066382833085 2.047402490630136 0
10.68267064191241 2.042946854831281 0
10.80666723512163 2.045174672730709 0
18.84490918152054 1.507490855952972 0
18.91556283159183 1.524908241730397 0
3.236550287989044 0.09455166018540284 0
3.101078303632732 0.1867256592455817 0
2.989528015643688 0.09217399906017842 0
3.113039151816365 0.09336282962279085 0
18.62062748016486 3.804790012117885 0
18.49698409194981 3.91441234614531 0
18.50636781674691 3.805931198529755 0
4.765053550627131 1.181883993833091 0
17.29400778047949 1.699475888989372 0
17.35822217028588 1.602282984182196 0
17.39190826855816 1.767203894691366 0
17.37506521942202 1.684743439436781 0
3.076433695546211 3.20848081727873 0
3.181909831733405 3.311069586186356 0
3.066134408027441 3.313591038429542 0
2.509524183152333 3.09490042505034 0
2.440204364631118 3.243595522957197 0
2.474864273891725 3.169247974003768 0
0.7580211121649256 4.383868991157332 0
0.8855654964110578 4.383486584977235 0
9.946131735623144 2.255948865208169 0
10.05953380968091 2.145899915838655 0
10.06921458867319 2.255805604394546 0
18.17399628439291 2.140331010571654 0
18.25145588981673 2.147898103265175 0
16.18069777689382 3.094780027457936 0
16.14482176422562 3.000653084241331 0
12.69004811621712 0.8540578209691323 0
12.80547157013912 0.7603692793965782 0
12.80107637606956 0.8536126341897456 0
4.79420318788263 3.572282019329735 0
4.919614063244932 3.531689820346958 0
4.877556951509543 3.605006847655873 0
6.522531877422331 4.599283747623095 0
6.656039483047081 4.689598945316936 0
6.573174608000643 4.792822717956906 0
6.547853242711487 4.69605323279 0
0.8257271685738914 3.037333348715742 0
0.9211279012145521 3.028167748950779 0
6.889477525802981 1.053290855219927 0
7.033946726268969 1.143243577112639 0
6.913502522483471 1.155374387129884 0
15.47731565017988 4.896091821868183 0
15.23542250914646 4.90056480375623 0
15.35636907966317 4.898328312812207 0
15.33397337439207 2.073251265639821 0
15.31614548296234 1.971931994735046 0
11.93840159468014 2.950596130080812 0
7.415028688315591 4.256722313063971 0
7.494039104291904 4.405221522679067 0
7.290426705808205 4.309929028775883 0
7.392232905050054 4.357575275727475 0
18.73846550868117 3.80840943197189 0
1.416842611793214 2.033069257751321 0
15.91932275091592 3.246498725068538 0
15.71481227943627 3.281179723355788 0
15.81706751517609 3.263839224212163 0
3.115677271322753 4.471591124113002 0
2.966381849807458 4.41211114396801 0
3.013689836277793 4.308855947712598 0
3.064683553800274 4.3902235359128 0
14.05001129181789 0.2186598093982326 0
13.96672466939919 0.1094407548686975 0
14.08750564590894 0.1093299046991163 0
9.736127486043593 4.913661996592135 0
9.856242072597437 4.908508674115904 0
5.378585402574478 1.748091236556026 0
5.235592295972407 1.676889780149435 0
5.442650060392474 1.63421138853987 0
5.339121178182441 1.655550584344653 0
4.581920123311706 3.251914633922306 0
4.550542265683557 3.338754787088785 0
19.67050743886968 1.313489332217371 0
19.55154684910985 1.229256142473656 0
19.64659037085796 1.092664225604852 0
19.65854890486382 1.203076778911111 0
4.716999217093847 3.181076334350003 0
4.50488447288477 3.151805900183114 0
4.610941844989308 3.166441117266559 0
4.667773522048114 3.633940990081643 0
4.697199201582939 3.55194186123275 0
9.218179121809731 0.7237587319261696 0
9.176658142105039 0.5622287799791783 0
9.294696851101467 0.6220794523055426 0
7.603747058672013 4.295036604933697 0
7.434852750957748 4.123917221102602 0
7.519299904814881 4.20947691301815 0
9.281608793164851 4.73301389917181 0
9.409030817961254 4.656575502158923 0
9.397021602296206 4.74181795119185 0
7.990046480541231 4.285997203599822 0
8.12942102668573 4.241692259237114 0
8.084858277229564 4.330150117371891 0
2.122846406299985 3.472687284610727 0
2.161727858284713 3.399195783971538 0
0.4673274152223925 1.101402515731455 0
0.3507914647934935 1.104884377962605 0
3.82499067188838 3.340774703697712 0
3.926223018761989 3.277846235530118 0
3.910045345446397 3.348732618909783 0
4.707532691668988 0.7770767560852079 0
1.691386810881532 0.2105031607144685 0
1.658193405440766 0.1052515803572343 0
18.495978294785 1.381358954216607 0
18.61165617240678 1.314440640248391 0
18.68013965860511 1.452152793338223 0
18.58805897669505 1.416755873777415 0
14.63680753212575 3.192094682448626 0
14.65021760625356 3.088420180248258 0
7.413074211963364 1.842790934377801 0
7.235625901542702 1.77369822783243 0
7.351480110852986 1.749029667958355 0
1.320335397276803 2.793192714909277 0
1.411451768110442 2.931649800650802 0
1.365893582693623 2.862421257780039 0
15.66849173136087 0.5297143432305298 0
15.79571889994794 0.4308756199452115 0
15.76459355590756 0.6353307016729781 0
15.78015622792775 0.5331031608090946 0
19.10321594927476 3.065400911832833 0
19.21506057429683 3.091444275209827 0
2.138243260655436 2.149891975339016 0
2.171117163203901 2.279278892629204 0
2.100809204814817 2.225999881941022 0
15.03074342739624 3.451717180701444 0
15.07514165272182 3.527282846606151 0
1.761639262982133 3.89437430026339 0
1.863922023455352 4.002245596558257 0
1.752998260423885 3.99390920861846 0
15.63891394793259 1.170280286214204 0
15.56922632959469 1.064155563047855 0
7.715907994563609 3.600567169954248 0
7.685634587088853 3.725164407133038 0
7.634389228608715 3.64764849039215 0
19.58073372037791 1.66880659620199 0
19.4812560850201 1.791050073256245 0
19.47120646716359 1.566432135052658 0
19.47623127609184 1.678741104154451 0
2.460657060603226 2.516455627373193 0
2.395204710882391 2.484015103664408 0
2.464937030454785 2.400415122766434 0
2.462797045529006 2.458435375069813 0
7.71794688671431 1.477909929854548 0
5.769621694217879 0.8438255576044233 0
5.617804624310919 0.8138537394646717 0
5.790396362525961 0.7058651902580446 0
5.70410049341844 0.7598594648613581 0
18.21818879647487 4.328196884704098 0
18.20265078421703 4.437231141821955 0
2.699199497792018 4.407735790753024 0
2.808662211903248 4.494623097745159 0
2.735551787706061 4.57862946070383 0
2.62608907359483 4.491742153711694 0
2.717375642749039 4.493182625728426 0
2.09831485388866 2.736393127781249 0
2.137570402213658 2.841829015670462 0
2.066797215411997 2.808493606596702 0
3.591684671751547 0.1951055548372072 0
3.484448374956138 0.09658513677525615 0
3.608342335875773 0.09755277741860358 0
15.72874510039752 3.896324392625968 0
15.81938973221376 3.876674618070496 0
12.77951352308865 1.787942393645117 0
12.89222282468212 1.77876862600517 0
12.70157598477924 0.6667652292282717 0
12.81996419592871 0.5737115634132226 0
12.81271788303392 0.6670404214049004 0
10.81191929323496 4.380610337674398 0
10.80213135421857 4.268315012535467 0
11.4319412447949 3.450571691544221 0
11.46561346539313 3.302036896255025 0
11.51391593893011 3.39132691234857 0
15.04800027193227 1.680185817217426 0
14.99028323754903 1.606035305534704 0
18.76252442006282 1.479821824645598 0
1.456896295598732 3.000042051193979 0
18.96656832802719 0.8408837284748782 0
18.93892368306442 0.9468041958881637 0
18.78281547380365 2.405484021113837 0
18.87885085506021 2.402295861475922 0
7.394030571943402 2.285735131047469 0
5.533992461836784 1.818440476757235 0
5.580597259004648 1.695906902139463 0
5.746737530781429 1.760525362505405 0
5.640364996309106 1.78948291963132 0
8.327358117968291 2.941408356461654 0
8.432551180623147 2.959186036941648 0
1.531758073016629 4.647353835155926 0
1.786246836429466 4.667178690796719 0
1.659002454723048 4.657266262976322 0
5.537275655500757 1.6076262810846 0
13.84191556243767 1.541559516897792 0
13.75486138021317 1.643081677000961 0
13.62697574779574 1.555299506351765 0
13.7344456551167 1.548429511624779 0
7.115539148806527 1.74314085758097 0
6.999979711721273 1.802480129400964 0
6.915433271786911 1.724602933472708 0
7.015486210296719 1.733871895526839 0
2.507007260052879 4.4193851701909 0
2.525188070198792 4.512458657469672 0
14.07635029144094 4.484415831428705 0
14.04393010768694 4.640048406244805 0
13.98487631971824 4.542173578440803 0
9.417781635997587 3.03866362905308 0
9.47344431536308 3.121080248575886 0
19.50536702668023 1.039616142295465 0
19.57951634329418 0.8755294860637504 0
19.61305335707607 0.9840968558343013 0
10.57037439601128 3.27213190762607 0
10.44326710220723 3.266074255776905 0
15.61030528397508 3.300317393925783 0
2.470277136676453 2.917797096341372 0
2.465370810616621 3.016850624619332 0
2.367747733643717 2.909651826945404 0
2.416559272130169 2.963251225782368 0
15.20371910712976 3.12966838520278 0
15.31880645586897 3.114522051890463 0
17.53174608497844 2.969826433261081 0
17.6154575266696 2.94977963429273 0
18.39388766719105 1.389571878306627 0
4.710371673762134 4.122364454445231 0
4.851282471156022 4.20611107977146 0
4.738690509918478 4.222504941160641 0
11.79522819117726 4.256740659024748 0
11.89630389216247 4.129121364083841 0
11.93626690152501 4.246866701889051 0
17.10090961000444 0.4837996697008999 0
16.9849738008261 0.5308082417189386 0
18.38858062248061 0.5787794310498471 0
18.49492274550441 0.5753053574249265 0
18.44530411778548 0.6290775374648541 0
5.185811331570202 3.252404872315792 0
5.038615911853704 3.345544735091354 0
4.938672936617184 3.212458442414806 0
5.062242134093693 3.232431657365299 0
5.771518537793622 3.329591120946457 0
5.76616198197681 3.224798006614904 0
5.869016864154453 3.218690421047912 0
5.820267700974038 3.274140770997184 0
2.399825762643937 3.321810427076751 0
7.815038786406746 1.171054027280644 0
7.852892432822305 1.257431715157902 0
2.956912787864062 4.211238915678742 0
2.819260705580662 4.262083095992002 0
2.856963630698635 4.167047550857701 0
2.376753871363166 4.371410914022091 0
2.19331710565881 4.423794223674197 0
2.285035488510988 4.397602568848144 0
12.04276186092808 4.002865436657207 0
12.17549538250235 4.003654159712062 0
17.67275618857076 1.536219917241862 0
17.77592055928798 1.597830972457544 0
17.69618956682424 1.619228081005159 0
14.27927370731163 4.333013993397039 0
14.16627764570781 4.410137483768617 0
14.17872049141408 4.330659202758946 0
17.82775068573524 1.479394085493265 0
17.85905516449915 1.565573329608778 0
8.879856004590266 4.131588445377558 0
8.996481391049521 4.140604534385038 0
18.49830199947401 0.4042087301827695 0
18.64298736870334 0.4254025340966794 0
18.56895505710387 0.5003539457608031 0
13.97065871041714 1.630921005811809 0
14.10097562267222 1.724490954376452 0
13.88510518091662 1.734323662972006 0
13.99304040179442 1.729407308674229 0
6.80217686788303 4.776639005075227 0
6.874936767149503 4.660667292549604 0
6.765488125098292 4.67513311893327 0
14.36471863585183 1.920571754916803 0
14.44181745819726 1.8055250025345 0
14.47139850415107 1.915715908398093 0
8.087014122588331 4.12502209458864 0
8.212927187680542 4.088067635931983 0
8.255334091777941 4.204737800580457 0
8.171174107183136 4.164879947584549 0
13.49337336582327 1.93420470391491 0
13.5800881815298 1.839787970080201 0
13.60272001427866 1.932847392170944 0
3.489895307655434 4.901183127771718 0
3.732586667780311 4.890663825374526 0
3.611240987717872 4.895923476573122 0
0.2443931687217802 3.408777619919002 0
0.122196584360891 3.391888809959501 0
3.270005243544127 3.591079670028076 0
3.351541121061548 3.694979821008503 0
3.251777214732178 3.681204985428597 0
8.225515886836691 3.014943703027371 0
8.241056330891618 2.926546201644554 0
15.92706223713417 2.718232278509191 0
2.869263504896605 1.998534954172594 0
2.932109023758004 2.079474046676798 0
6.646427878528503 2.955509808978532 0
6.527410761999725 3.066309912882488 0
6.5229491507727 2.958503298845055 0
4.661364370309312 3.946893224330818 0
4.785606106286181 4.020394258602144 0
4.685868022035724 4.034628839388025 0
16.22019666725185 1.558648494100854 0
16.25496957970125 1.415399136770394 0
16.3778057700919 1.442877692217427 0
16.29900121867188 1.50076309315914 0
6.958396968408175 4.882149975015255 0
6.718779899474854 4.894489030059972 0
6.838588433941515 4.888319502537614 0
10.30460365989298 4.361178627456781 0
10.44052970653376 4.475383221407817 0
10.30780360799908 4.469512725989649 0
2.279880383916081 2.881766255489032 0
2.320154005989439 2.757726125944932 0
2.343950869816578 2.833688976445168 0
14.51442986768764 4.521249190666946 0
14.63296479241554 4.527235397675533 0
11.35574416446564 3.58210929720057 0
11.30846619542631 3.480004825709718 0
17.82337858453779 3.894901414984312 0
17.8463199750326 3.792977515980059 0
9.312439172553296 0.8307965752643165 0
9.469997131622092 0.9454501828124944 0
9.391218152087694 0.8881233790384053 0
19.75440776098771 4.632310790862278 0
19.51218979310386 4.640462721131189 0
19.63329877704579 4.636386755996734 0
0.2467483277921083 0.1209855132489785 0
0.1217483277921083 0.2459855132489785 0
0.1233741638960542 0.1229927566244893 0
11.49115405814807 3.69309018489312 0
11.35723518002928 3.699975732326881 0
18.34583985183522 2.673273250965725 0
18.50086202689245 2.708509231032181 0
18.42335093936384 2.690891240998953 0
0.12546895220434 4.750614268877023 0
0.25046895220434 4.875614268877023 0
0.12523447610217 4.875307134438511 0
19.87683724788306 4.752475465875255 0
19.87591862394153 4.876237732937629 0
14.5189431721405 0.4575404689131211 0
14.57610197806209 0.3336850172495884 0
14.70340163716348 0.3721940966924087 0
14.61117240465199 0.4148672828027649 0
16.13793979171527 1.382653146698458 0
16.05621766850224 1.482249624768174 0
15.93274224132382 1.391159653760397 0
16.03534101651955 1.386906400229427 0
1.245613930031819 2.559938449357065 0
1.129560666720256 2.427208491191669 0
1.187587298376037 2.493573470274367 0
17.62358040435662 1.404301901977176 0
17.49806056258252 1.411558970983438 0
17.56068936895984 1.356467431959642 0
0.4805320677683778 0.3495113314155689 0
0.5616824844950354 0.224202612236938 0
0.5899794959164915 0.3319695833472909 0
14.12548165119948 3.063485378775384 0
14.22906675529009 3.0690731800369 0
2.300196890256569 2.243049707543815 0
2.335116620151412 2.343715768267861 0
2.253116891677656 2.311497330448533 0
13.27369030926575 1.937128019920864 0
13.16325145836148 1.93906005427007 0
1.264614485761697 2.64653132294663 0
1.292474941519252 2.719862018927954 0
0.4890696664673939 0.1148605077774723 0
0.5933412422475186 0.1121013061184688 0
18.97000800147667 0.5386824992628796 0
19.00654714891794 0.4322837452317252 0
19.11545617293801 0.4727284310369906 0
19.04273208720734 0.5057054651499349 0
7.719078491478301 1.988814757169153 0
7.875975884731833 2.071592835801098 0
7.765089068734762 2.082613544732623 0
2.858407194327642 0.1815197053657363 0
2.967846686571 0.2771532134833876 0
2.728569136764844 0.2683271170956907 0
2.848207911667922 0.2727401652895391 0
18.87671471824558 4.424428155617051 0
12.58381136886761 0.7596182218349148 0
12.57789985695373 0.8537923233304392 0
5.972927064954753 1.7278277528096 0
5.872559809772998 1.666417985268788 0
5.948835192881106 1.658266639172794 0
18.0203553178173 2.132285977708902 0
17.94153793173911 2.135472861539415 0
14.72983416351743 3.3049516027802 0
14.9529005464075 3.342987330398772 0
14.82882667729394 3.43633043171277 0
14.84136735496246 3.323969466589486 0
2.21861974066666 2.791943120589282 0
2.20872539306487 2.861797635579747 0
11.89505527176275 3.872913188586839 0
11.76813262081425 3.74471764530207 0
11.89933209472067 3.757168966377767 0
18.48415148884983 4.020351402228414 0
10.55701790110398 1.931670011560883 0
10.43237825538682 1.817961791682252 0
10.55962709889399 1.822875138940079 0
15.09019275134092 3.248348061996381 0
15.08765203775107 3.116546870022136 0
10.82877247106077 2.793957921646979 0
10.73181874463193 2.712589491833226 0
10.84440210174306 2.714123314348271 0
10.30138790923546 1.812284093860751 0
6.111818986397497 4.020571323734417 0
6.130995143288356 3.876194392691287 0
6.210558211158059 3.960502873294018 0
19.46053680234961 1.346282456185131 0
19.56990419913834 1.444272513895629 0
19.4658716347566 1.456357295618894 0
9.617008158941555 0.9055241766819901 0
9.652681792846691 1.006341311644987 0
9.561339462234391 0.9758957472287406 0
16.2081805667889 4.795126420694417 0
10.07586707458237 0.9890159215595191 0
10.00874818456265 1.057631623631079 0
10.03976723264598 3.072293610426525 0
9.898186696453154 3.06431403693386 0
7.225748703015814 1.888573752992385 0
7.105661950279639 1.858016382740924 0
7.17064392591117 1.815857305286677 0
14.96327901884624 1.825824845717227 0
14.86485009109296 1.846955185182296 0
14.2912581458582 3.877063847806204 0
14.31471193866873 3.968656018049001 0
7.799100360546039 3.882687730584844 0
7.661438644941274 3.855789047726835 0
7.742367473817446 3.803926068858941 0
17.90430594631352 2.817123987089994 0
17.9777468669579 2.906014094976379 0
17.88360401178689 2.900219737722615 0
9.419834710326244 2.051275496125699 0
9.526155211725554 1.937977326309283 0
9.668619568792343 2.040117339957547 0
9.544227139559293 2.045696418041623 0
10.15867316517702 3.067255391053938 0
19.06744538344802 1.811804601032092 0
19.16972141111092 1.926938990062621 0
19.05733207291372 1.930410201515593 0
18.06207979911925 2.900306799830855 0
14.05664392085194 1.524417334592039 0
13.9492797416448 1.532988425744915 0
13.89919780026468 0.3290440641122441 0
14.14018421976407 0.3502364294827309 0
14.01969101001438 0.3396402467974875 0
0.5134042751600543 1.610923639792355 0
0.5453536046796934 1.439620959081894 0
0.5293789399198729 1.525272299437124 0
17.08013627904069 2.15955259087266 0
17.20939599500594 2.262357764153177 0
17.09617484900536 2.262631941911548 0
1.921100576080743 2.584396474060908 0
2.007378036286372 2.628413348711492 0
1.94386882249333 2.641539765990708 0
9.215711773935062 2.265816988750509 0
9.318972905207485 2.161431282583365 0
9.336288626979613 2.263571287766901 0
16.34973851370991 0.7101620730294189 0
16.25849298363635 0.585296491812169 0
16.30411574867313 0.6477292824207939 0
16.57734424679805 3.318532575475236 0
16.67684873017641 3.301444948348373 0
0.6662362457044804 2.989896105603465 0
0.5710532397629269 2.879690826286572 0
0.6186447427337036 2.934793465945019 0
15.62141504498606 1.624571068039955 0
15.52788895877227 1.599395862377735 0
14.93019960196354 0.841766505657044 0
14.8139198488795 0.779828302657751 0
14.91295130581766 0.748310038175898 0
11.18627126784726 1.841500881316258 0
11.30999967897014 1.844243330475627 0
5.059830909166552 1.887216369696908 0
4.981759422483353 1.96845375039854 0
4.868000336728458 1.895308445176368 0
4.963915622947504 1.891262407436638 0
9.781717384841954 1.925995422175038 0
9.632086613905559 1.816328658844496 0
9.766126116868534 1.80981161418478 0
19.07132132735618 1.708451032414962 0
16.17912339329981 0.5670003646454866 0
8.25193194341832 2.128426616968036 0
8.096659863432357 2.0457692681939 0
8.148914653635211 1.923851496637882 0
8.304186733621176 2.006508845412018 0
8.200423298526765 2.026139056802959 0
6.773563199062214 0.662563873789376 0
6.919294433439878 0.7363336104481224 0
6.836518083693476 0.8512979964358283 0
6.805040641377845 0.7569309351126021 0
3.952870548424299 3.193776866628373 0
0.7241516561594867 3.085228987919254 0
0.6641598954986012 3.157204939880992 0
1.862707436911968 2.455727234056663 0
1.891904006496354 2.520061854058786 0
3.046275116529227 4.226682749776518 0
14.52047172162801 1.693987362584113 0
14.62401161622522 1.674310585867558 0
9.175618370656897 4.633617788197926 0
9.161980201109554 4.725291021273686 0
8.188843263863607 3.973746549232496 0
8.06608989875463 4.001620004620703 0
8.039678621530351 3.908044522261878 0
8.11426094269698 3.940895535747186 0
3.095429354711019 4.756070536935452 0
3.059534383244799 4.91163666249029 0
3.020644835951991 4.815700899510627 0
0.6318031595231552 4.259032683692276 0
0.634746131884004 4.009644027405955 0
0.6332746457035796 4.134338355549115 0
17.32070482409091 1.4206941970416 0
17.17307327348775 1.356040934457089 0
17.27378267671612 1.332957597728878 0
2.027251134812509 4.690036488463728 0
1.90674898562099 4.678607589630224 0
16.29955013511103 0.846028871476896 0
16.19070669952919 0.8844212719219859 0
19.21488242258088 4.020393414919986 0
19.31618028497833 3.941492227180151 0
4.644022946800169 3.788823155476591 0
4.655898234424141 3.711382072779116 0
14.23077722544429 1.819880937283574 0
14.25642492488991 1.922893875772631 0
4.405252360706669 3.134042377852374 0
9.044892302041843 1.974538893584897 0
8.904988985416948 1.887291451858299 0
9.019419043534846 1.874857414889662 0
10.51115402680415 0.9763889301241664 0
10.64800947755566 0.8727358044051949 0
10.63685758030141 0.9780194134706979 0
1.638312458822426 0.6367724716276062 0
8.431166422483079 2.237019669408586 0
8.445819499863257 2.079871673206224 0
8.569279845647756 2.119751132327847 0
8.554626768267578 2.276899128530209 0
8.500223134065418 2.178385400868217 0
2.763201252298385 4.674346081108968 0
16.54072795114738 2.927849676930554 0
7.366705397857082 3.495192959589784 0
7.389961406169902 3.571275622013981 0
1.401793604729255 4.640360046012221 0
15.6990512326449 0.3209238913839991 0
15.81487156330158 0.3251443039100126 0
4.858474497886435 3.102359611843714 0
4.88443004554023 3.007416909199927 0
12.47994551081211 0.6663613312010401 0
12.59771012672373 0.5735083385943969 0
12.59076074779567 0.6665632802146559 0
19.38198203989458 1.911262516056603 0
19.27886030179305 2.031241799980059 0
19.27585172550275 1.919100753059612 0
17.53753535701387 2.602787765874032 0
17.570792934036 2.699873497853727 0
17.55416414552494 2.65133063186388 0
9.809801650020766 2.14803878819884 0
9.823466672357503 2.256875040574638 0
10.51721879582262 0.7527540816949498 0
10.65642936798938 0.7571580504866495 0
17.00545702089284 1.471003480434399 0
16.90654879723836 1.456890642144711 0
3.416036174839517 3.127732530186695 0
3.297133316729828 3.219741186779846 0
3.193862848843909 3.118000640271019 0
3.304949511841714 3.122866585228858 0
0.5710035513053242 1.226622331124338 0
0.5581785779925088 1.333121645103116 0
2.347990159665578 2.419063512193317 0
2.323505538092022 2.531100338788469 0
2.335747848878801 2.475081925490893 0
11.74122338386293 4.390923423519832 0
11.61014739993042 4.335561557414122 0
11.70268779555384 4.296151108219435 0
9.504188909271317 1.827513450728913 0
10.5581360031486 2.149104073682861 0
10.56027935837829 2.257407683316649 0
15.44169860684285 2.114947508982065 0
15.36263332541953 2.174119911875731 0
0.7629525272031135 2.345012341054476 0
0.8354766950783059 2.376250268346772 0
7.675042888465641 0.6707648612567061 0
7.764325264595882 0.7843341186745347 0
7.643039751149316 0.7641713379893087 0
7.154480714309649 1.134024252753932 0
6.175924471072296 3.206910156647473 0
6.418411008759536 3.17146408534775 0
6.297167739915916 3.189187120997611 0
7.56267495926372 1.911542653409547 0
7.780879978942818 1.878657737273021 0
7.671777469103269 1.895100195341284 0
13.81365371020386 0.2135978764780866 0
13.66579680842678 0.3104706778281567 0
13.78249730434573 0.3197573709702004 0
18.10376033022845 2.05212147183367 0
18.09717580110511 2.136308494140278 0
15.65911623783202 4.048599141160151 0
15.69393066911477 3.97246176689306 0
7.406655247287657 3.421565728116529 0
8.798683459733052 1.90163137291688 0
7.756620381412874 3.174336780811826 0
7.84816463040687 3.250180714372885 0
7.997373810901574 1.844757929916203 0
7.935980425169387 1.958778324070146 0
7.889126894922196 1.861707833594612 0
5.619756525977134 3.209212605361567 0
5.710415644880133 3.147318260730107 0
5.675502863073813 3.286692351246364 0
5.692959253976973 3.217005305988236 0
11.55571104038245 4.598992077899095 0
11.69189412450871 4.696830030012476 0
11.45354969666177 4.700221359132138 0
11.57272191058524 4.698525694572307 0
12.37233061257832 0.6645830099023713 0
14.70899472473658 0.8771651286139313 0
14.69510048177554 0.7757071852143622 0
7.221308016605241 4.186276746148016 0
7.12748622457226 4.377015303882055 0
7.17439712058875 4.281646025015036 0
5.324268822392168 1.881213209486851 0
5.429130642114476 1.849826843122043 0
19.89938360244173 1.999444677156732 0
19.79583595727575 1.882100863417422 0
19.89791797863787 1.878550431708711 0
15.79529193011724 4.308145086649573 0
15.71462044704302 4.16843149753499 0
15.82127492861052 4.208400639187364 0
2.527907310565915 2.216420857367028 0
2.595850996523705 2.189304078282282 0
19.71882402961916 0.6932576433424078 0
19.85941201480958 0.6591288216712039 0
9.270069863155543 3.052695455958781 0
9.197566563488802 3.112698680004036 0
18.15342384755854 2.630123867774366 0
18.11288977975223 2.661614090918246 0
17.1977862357219 0.43528286722161 0
7.480414148371329 3.962337136228252 0
7.272383090390255 4.073821242745952 0
7.376398619380792 4.018079189487102 0
3.077074357281329 0.3745023022051419 0
3.185005569234114 0.4748129332670294 0
3.065023777765211 0.4695289555703308 0
17.06088948634694 1.961378173491973 0
17.1733468552319 2.061090317706266 0
17.07051288269382 2.060465382182317 0
8.776379495533632 4.031705341093475 0
8.772972857810085 3.938696601007502 0
4.385331906464186 0.9423465342474673 0
19.07670305171818 0.3122209635502404 0
18.86838812028658 0.3489208540911228 0
18.97254558600238 0.3305709088206816 0
15.00493420614077 4.368764804383485 0
14.88818377023363 4.361023206334312 0
1.311755359760417 2.585813238806056 0
0.2299943940230609 2.74766129800205 0
17.44813709441523 3.639684877804994 0
17.46268123426771 3.72618443314513 0
17.21625844288799 1.638549847983644 0
17.22342461858629 1.710453042347773 0
7.058558211748708 1.924810988531665 0
6.952875973190342 1.869274735191704 0
7.02926896173499 1.863645558966314 0
2.45206349094062 2.325067378840977 0
2.400026825303098 2.372065445517147 0
10.82892125554593 4.58846417846373 0
10.69363837272476 4.480942260568263 0
10.94720217605613 4.488132255569865 0
10.82042027439044 4.484537258069064 0
15.51484247553191 4.352701325994472 0
15.50143205637591 4.478705684289697 0
15.43207529661027 4.40281335618994 0
8.102995983321044 1.825439919695601 0
9.082992696121879 2.171008404599071 0
9.097416685951186 2.268359848774753 0
7.166299695841262 0.6721025214218797 0
7.334869954980758 0.5625950274122313 0
7.250584825411011 0.6173487744170552 0
9.547303543258248 4.582552255056422 0
9.659827764841502 4.61175791018233 0
11.05722049219541 1.943805458754366 0
11.05380737255535 2.049346688809782 0
2.420142375425367 0.8140964956839545 0
2.55110489368337 0.722584945080351 0
2.542497825042471 0.8242980483706952 0
5.160806078449651 1.784372238280738 0
5.128428598414573 1.692520183761791 0
11.42431695222736 3.212167407900932 0
15.56851692175306 0.4249817006852599 0
15.46458462708332 0.3188631714451091 0
15.58181792986411 0.3198935314145546 0
1.832150857501649 2.384155345112513 0
8.677719183076542 2.187647444921458 0
8.653016256457271 2.276679368935947 0
5.935020012858209 1.877549144999397 0
5.951672082953557 1.982966341842158 0
2.264883743342647 0.09375161970350554 0
2.14410327469397 0.210324488665032 0
2.134551637346984 0.105162244332516 0
19.88229013798145 0.2350172347410306 0
19.75729013798145 0.1100172347410306 0
19.87864506899072 0.1175086173705151 0
10.57468588270969 4.582745382664432 0
10.56708403962926 4.47816274098804 0
13.39267836564761 0.4918571640599629 0
13.1691506926746 0.4833069735747464 0
13.29770604657245 0.3929384231164477 0
13.28091452916111 0.4875820688173551 0
9.313814731245976 2.856835462974727 0
9.266295340694047 2.952179072918157 0
9.232571261624702 2.88353374612051 0
16.70754720679875 4.57040792764094 0
16.7935151099745 4.525103491686299 0
17.58841794345287 1.91430753764553 0
17.4893320388842 1.842259502411225 0
17.57122348900818 1.826543156114904 0
3.08907633045703 0.2806139807253611 0
2.23866140554597 2.591049952040748 0
2.174626153755662 2.638523449188605 0
2.124610927273122 2.57525214880727 0
2.181636166409547 2.583151050424009 0
11.89567958196261 4.00101727633534 0
19.78205835851054 1.41127635992912 0
19.89102917925527 1.39313817996456 0
17.65374166760228 3.439511777865452 0
17.72882324493224 3.435907907341482 0
1.921681412312381 0.4553827563456885 0
1.928990402703267 0.3217630587901406 0
2.101820777471858 0.3430681846687489 0
2.011751094892119 0.3992254705072185 0
8.036655322994804 2.158583779924852 0
8.207315177801993 2.257118240509886 0
8.090720653445153 2.262147536437644 0
7.083042203697105 4.602648929230728 0
6.997098682651948 4.423654311928919 0
7.105264214134682 4.489832116556391 0
3.712858074935493 3.421863264323492 0
3.720904588230402 3.334854926186056 0
13.44962108314553 1.750691464956799 0
13.36061875383083 1.845425909574087 0
13.33920230700942 1.75476561494156 0
0.8619932543897821 2.675148865934946 0
5.09051541256733 3.474361906207784 0
4.979114987549318 3.438617277719156 0
8.835543740602597 4.507744968525194 0
8.702770667474178 4.590333177267682 0
8.720974802845644 4.494248742770486 0
11.06193810750486 1.838432242985173 0
14.03138512285165 2.994121096074584 0
13.91217599772845 2.91511198784442 0
14.01902813941759 2.907126698250287 0
8.319240800142536 2.247068954959236 0
14.35626850354064 1.406183367307839 0
14.39283916122551 1.601435511241328 0
14.27167834945091 1.508828270724435 0
14.37455383238307 1.503809439274584 0
16.57114243692744 0.9287195783723927 0
16.66174793210691 0.9609777904176229 0
0.5044133416012926 4.380731863210284 0
0.3777343514417275 4.503598921585271 0
0.3780125077253516 4.379317009743625 0
15.2308031200907 1.301675577958611 0
7.107281144148933 2.729761033684621 0
7.220807675984359 2.730847601712974 0
13.93201685464892 3.173684270408832 0
14.04785774746481 3.1327484696662 0
14.01416320838123 3.198084431122129 0
19.40561099131673 0.8931666426539309 0
19.41404043565024 0.9932858064065502 0
19.35298622666689 0.9495071515181914 0
19.68145511877919 1.542059541607378 0
19.67598127882444 1.427774436912374 0
19.39627611440672 0.7509757299377442 0
19.30807108383048 0.70598375003095 0
5.991508043923022 3.050628269983784 0
6.023808482185359 2.830582286726024 0
6.007658263054191 2.940605278354904 0
5.631305223083232 3.371418127856717 0
5.701411880438427 3.350504624401587 0
7.596783614606545 4.50009991203957 0
7.600265336639279 4.397568258486634 0
15.73146236860803 1.667212571515477 0
15.81979613423159 1.534657797739567 0
15.97476029509805 1.617811004852187 0
15.85311133185304 1.642511788183832 0
19.39478982944985 2.133845974136593 0
19.28608346201028 2.143845487330481 0
12.51013945018347 2.184674011970443 0
12.52004519535799 2.095589842949959 0
7.764037632624401 1.036883768035504 0
7.870811517903486 1.094760540660074 0
7.789538209515573 1.103968897658074 0
2.279856175013776 2.13784694812151 0
2.425636514014432 2.231349394279138 0
2.352746344514104 2.184598171200324 0
6.829140869472378 1.8044225722693 0
6.708603541990835 1.737161111919104 0
6.812018406888874 1.730882022695906 0
18.21923645102563 2.597774531447585 0
18.28253815143042 2.635523891206655 0
16.09747848117495 1.588229749476521 0
17.24163522009256 0.09671452488219101 0
17.35869453941166 0.09969565712555584 0
19.44791521830101 1.144324647034821 0
19.43097782697562 1.068805226720685 0
14.60700431865823 3.396539632340899 0
14.62190592539199 3.294317157394762 0
14.2366258040152 1.285452770719274 0
14.35101025503184 1.300106712437266 0
10.40058022926298 0.8822816403722691 0
10.27824698496642 0.9807390602288761 0
10.39470050588528 0.9785639951765215 0
2.55143148909796 4.328135966575457 0
2.464092680230562 4.349773440298773 0
11.07771984763122 4.594809490622291 0
11.21198588702723 4.698244573348706 0
10.96512197308069 4.693683219900907 0
11.08855393005396 4.695963896624807 0
14.27268537451628 4.687591651775683 0
14.39761788492111 4.602372573746441 0
14.39107975924795 4.697402694336821 0
15.06372337787438 4.467851592131751 0
15.10611757272991 4.390197015511029 0
9.590630278255162 0.2962991790467959 0
4.82378559320361 2.029057423817124 0
4.937276120441527 2.049102670661083 0
18.23326645768016 4.222790232689285 0
2.263875532777986 2.022276856770547 0
2.218512208500663 1.915241173614022 0
2.352720970778241 1.894562466640601 0
2.308298251778114 1.958419661705574 0
19.51365841698377 0.1069529944590748 0
19.39099896766834 0.1065858055589257 0
9.897857904125257 0.7178863713321686 0
9.742628283658432 0.7584884479649441 0
9.803246477365795 0.6850424610664987 0
8.205151447394099 3.12918334453439 0
14.94862190224816 2.260817828371194 0
19.40116706563961 4.524187458222803 0
19.40170981655638 4.418510942666762 0
16.47600404206915 1.42283351356099 0
15.13761011063903 0.9489246009070555 0
15.03390485630128 0.8953455532820498 0
4.104748941395943 0.7108192479877926 0
4.241921797538421 0.6240468609186092 0
4.219718515365088 0.7223383283733291 0
8.386890774528108 0.202984569177052 0
8.380945387264054 0.1014922845885264 0
5.830090708587509 3.084941966385338 0
5.741319696050175 3.051934498608566 0
3.44472241295715 3.808557756248348 0
3.506806707199942 3.908501983357572 0
3.371985298287859 3.999455670947297 0
3.408353855622504 3.904006713597822 0
15.06046808936858 3.350032621348912 0
0.5846868491515433 1.10803854985436 0
6.862997804748229 0.9522944258278776 0
11.19451748685555 4.499447075114951 0
11.07085983145584 4.493789665342408 0
17.43171899293859 1.484787437270956 0
17.58489376780549 1.498628938565167 0
17.50830638037204 1.491708187918061 0
12.73029968137076 1.881471252094529 0
12.7398103580651 1.95203151219983 0
9.922899466070378 2.033916870416332 0
10.05090442203234 2.033831468069089 0
17.12155540749602 1.507081134515766 0
17.2472080014382 1.53818974395284 0
17.168906925192 1.572815491249705 0
15.33785504346003 0.4260785161729101 0
15.22665471549572 0.3232050562334141 0
15.34561967128952 0.3210341138392616 0
7.936390686753262 3.890269646636469 0
7.931768912256347 4.019205389489438 0
7.865434636401193 3.950946560037141 0
11.62964333948116 3.718903915097595 0
18.90655994739974 3.009923651306168 0
19.03957506573488 2.936411562268423 0
19.00488794833725 3.0376622815695 0
15.81442669996499 1.316144521298283 0
15.81711141709829 1.425401159518925 0
8.400366944279977 1.981653139448952 0
14.19512485128008 4.579646619652767 0
14.28505220554695 4.505368271992679 0
14.18070124849394 4.494892051710692 0
5.520692683894605 3.306727627026477 0
5.539870481091471 3.389898279091321 0
5.19204986577936 1.884214789591879 0
12.25488583808365 4.458114877644629 0
2.553207474979328 2.973986002029926 0
2.53136582906583 3.034443213540133 0
6.653934073632355 3.163913786081077 0
6.536172541195945 3.167688935714413 0
3.713101140721607 3.605643840629736 0
3.601378215672169 3.515420450099759 0
3.71297960782855 3.513753552476614 0
17.86708718483486 0.3483751189126854 0
18.06259649116288 0.4013815537875325 0
17.92264919744411 0.4822967389756347 0
17.96484183799887 0.3748783363501089 0
0.745981707139185 3.013614727159603 0
4.361461231224927 4.886221090254008 0
18.68374330703679 2.487334460859814 0
18.69759267908313 2.395751509941422 0
3.347331179502151 4.626778863410868 0
3.236355043232143 4.537884707085356 0
3.329733205934078 4.53931636542473 0
3.697794084619527 0.2953501669165086 0
3.560002546567302 0.3901046377529198 0
3.575843609159424 0.2926050962950635 0
15.22305262251801 1.029547132466051 0
10.66453729659338 3.130703861327476 0
10.69623059051365 3.237720933694755 0
8.16130103309745 0.4183526856008366 0
8.297393465271407 0.5094678713564891 0
8.176593091526499 0.519663490110978 0
7.890946580968245 0.2178462198435156 0
8.027717758771896 0.3203833209664388 0
7.901366320067881 0.3265469983726113 0
19.80246936236301 2.108848702531104 0
19.60290277753602 2.11426294916829 0
19.69702414548054 2.002861025958999 0
19.70268606994951 2.111555825849697 0
17.06065554101213 1.868503140994372 0
12.71552837803764 0.4792425775343494 0
12.83797401817766 0.3852572351693473 0
12.94240983606873 0.4797262210482205 0
12.82896910705319 0.4794843992912852 0
9.79575951743136 2.037017105186939 0
5.467239371420037 0.9220284663734584 0
5.474123507376041 1.020363450065532 0
5.40705279564925 0.9757861006193052 0
10.81411260962813 2.930006957474782 0
10.82144254034445 2.86198243956088 0
17.7271544219071 0.4431311590311919 0
17.65381293222584 0.3244984386073906 0
17.76045005853035 0.3364367787600377 0
13.81563941371192 3.041097066878325 0
13.95376121911699 3.063384186965399 0
13.87382813418042 3.107390668643578 0
0.1207385514702892 0.4938016189385097 0
0.1205367809055513 0.6188051646464305 0
9.204912312909553 0.814493661489827 0
17.61320587310429 0.5034245741066399 0
17.78499452824225 0.566929610979805 0
17.69910020067327 0.5351770925432224 0
12.67966963697939 1.813764633075576 0
10.75919582469284 3.026926436320982 0
10.64062639087881 3.041421042813773 0
16.50435282260781 0.7493507311742633 0
16.58096335216905 0.6825745339564493 0
17.40773777800426 2.888720896180319 0
17.4285528830649 2.976211706751351 0
6.263268949438348 0.6659621112923573 0
6.347798818670066 0.6493026291132096 0
5.427177981216192 3.221156820989889 0
5.306494656393197 3.236780846652841 0
17.53508401234094 2.537080362606531 0
18.31937138069159 0.3170586414986145 0
18.19374604990016 0.3432590150408945 0
18.24907267221269 0.2323368317159886 0
18.52925922818542 4.662539864424468 0
18.64867944958363 4.65779208844917 0
17.78510523927245 2.664190278227186 0
17.79152666035183 2.598704042473645 0
2.975862464554631 3.104994972383435 0
3.08486265669927 3.111497806327227 0
16.92940389690135 2.797172924465987 0
16.90925026759125 2.715730815757775 0
2.294633485613758 0.802224071635135 0
2.145408167602516 4.601669230844644 0
2.248056301752404 4.708938278196266 0
2.137653718282458 4.699487383329997 0
17.83978050588827 2.737719548336787 0
17.9210923223353 2.741933777585904 0
17.12085231288873 4.697045665494681 0
17.25651564941322 4.679288016384159 0
17.2061949072118 4.77511158251259 0
14.31418489779476 1.712973151191714 0
14.41732830971138 1.703480256887914 0
3.284379627403284 3.40927130194354 0
3.38116809413164 3.505776190693579 0
3.277192435473705 3.500175485985808 0
1.810188606792401 0.2661331097523045 0
17.98645608866327 0.5994962644446864 0
17.88572530845276 0.5832129377122457 0
0.5251730556910008 2.806232467049707 0
15.07118268791295 1.792922929985273 0
0.6312172268831091 4.382300427183807 0
10.55757695212629 2.040387042621872 0
1.929503110735986 3.539601283169272 0
2.040935329202683 3.606561314328486 0
1.975163027161425 3.688061319893964 0
1.952333068948706 3.613831301531618 0
12.50333577378072 2.27519265246044 0
9.178850075870582 2.065092835487015 0
9.299342393098414 2.058184165806357 0
3.583412801341715 1.986207626900761 0
3.677427793286504 1.875562097168254 0
3.560322750165144 1.88530814173867 0
6.329401734647371 4.358763932294035 0
6.302733507407538 4.455055113250156 0
6.180673205150327 4.419608535577273 0
6.255037469898848 4.389186233935654 0
3.482749755661203 3.604959334820534 0
3.575931047556804 3.718537270060379 0
3.463736084309176 3.706758545534441 0
9.123357582872108 0.4210105612279937 0
8.989584486758499 0.3017886289064204 0
9.12247277178564 0.3121290497675444 0
19.45422601032531 1.245303551609976 0
16.93199842636081 0.8481351011741884 0
13.43341217893533 0.2986557921765902 0
13.19963693689279 0.2922434114332724 0
13.31652455791406 0.2954496018049313 0
8.653627941609406 2.108957580639038 0
7.882973290484122 0.1089231099217578 0
4.78139692670325 1.941554435557586 0
4.379330560789498 1.819420806279728 0
4.491686906785537 1.801185712349246 0
4.287020568310224 1.931852128580521 0
4.188083666149518 2.048240559699225 0
4.310405953601171 2.037861289593205 0
1.075107561074667 2.363964153604866 0
18.17116649145491 2.579492158676656 0
7.175903129200315 1.985735107922395 0
7.09640664026257 1.999477750515314 0
5.243814605820181 4.143561208387626 0
5.091219046999138 4.138426852855813 0
5.165225205623338 4.061092122977849 0
13.06817990966059 0.3870834240240502 0
13.05578026437167 0.4815165973114834 0
7.768745573354635 3.050965441998597 0
7.729347458420373 2.928860885758903 0
7.808468986843036 2.964653462354274 0
18.15447397806136 0.6618344646394339 0
18.2672590110627 0.6138939701405013 0
18.23310921472399 0.6980638619211526 0
2.540830784324578 1.630923981194978 0
19.57018146638417 0.7333385733475635 0
19.6161742260358 0.6280334430524901 0
17.71144282512189 1.441892880653871 0
17.64816829646369 1.470260909609519 0
5.161373224787915 3.547980031358513 0
2.022952433133514 3.489662631279054 0
2.081890867751333 3.539624299469606 0
14.67109733945678 0.9778700804737739 0
15.71271298581824 4.889435722498235 0
15.59501431799906 4.892763772183209 0
3.713591348986645 2.073889416836704 0
3.489576015836534 2.089912654758725 0
3.601583682411589 2.081901035797714 0
6.643699482584886 2.015679493724686 0
6.714601001337743 1.945143373463774 0
6.737289959911864 2.016763456074346 0
14.1030125006899 1.198513838355018 0
14.14393897528017 1.415662437031882 0
14.12347573798504 1.30708813769345 0
3.665449480566366 0.4915718210136446 0
3.80169061945054 0.3976265080896506 0
3.785037919938613 0.4961033423321681 0
5.951699636979177 0.7439099262002353 0
6.13336620489217 0.7862407962794187 0
5.919409364735085 0.8859999432325458 0
6.026387784813627 0.8361203697559823 0
6.395743043839579 4.524571154821109 0
6.464230394783554 4.422239560206174 0
6.493381136102943 4.510761653914634 0
2.35305160221211 4.709000412538361 0
15.07885019548894 4.619705948186694 0
15.07128678668166 4.543778770159223 0
0.360817994259504 0.2358460210264508 0
0.3679089971297529 0.1179230105132256 0
0.1157339001955187 2.345414213653998 0
17.56014578011932 2.200003488026657 0
17.62053275606468 2.094517131190399 0
17.63379026603178 2.181273589722391 0
6.666786875508691 1.821642441212319 0
6.76616287500045 1.877832109924916 0
6.690693938423218 1.883392907338046 0
12.98812784499347 0.09682702118792363 0
12.85637907130516 0.1938169752009533 0
12.86568953565258 0.09690848760047643 0
19.38673740199661 4.758342175523024 0
19.39395223381811 4.641264816872914 0
19.38086870099831 4.879171087761512 0
12.60973925134941 0.3870099143621988 0
12.49779756898438 0.2934802316604737 0
12.72975377401861 0.2895835834146281 0
12.61377567150149 0.2915319075375509 0
2.577629800225997 0.5288664914684555 0
2.564367346954683 0.6257257182744032 0
17.78910003874291 1.40219418549599 0
9.063942499081861 2.072773649091984 0
3.710359745738444 3.816052462277792 0
3.711730443230025 3.710848151453764 0
1.951818466319708 3.473831101709596 0
16.64703739717388 4.825274791115383 0
16.74413908487213 4.936517358443066 0
16.63601869858694 4.912637395557692 0
7.986317874082095 2.058681051997499 0
7.863493228090072 0.9896192109055391 0
7.934481777215654 1.042409253000327 0
5.97464793268882 0.5999544091975064 0
5.882522147607391 0.6529097997277753 0
13.38353183754451 1.935666361917887 0
5.974331068533111 3.866491570970882 0
5.983304640632436 3.981132891359311 0
5.830929127032656 3.982638273580394 0
5.902630097782884 3.924564922275638 0
19.48789622885045 0.8132526080007474 0
12.60372468903657 0.4802591264782978 0
8.868298702510742 0.3944815774621238 0
8.753243515687917 0.2935016467404212 0
8.871414001223208 0.2976451378234204 0
7.804571050449553 0.909021856147765 0
7.841426375373212 0.8341726784334598 0
0.6364040162120865 3.875264906132542 0
5.030088612347557 4.275541713181467 0
5.0485015434748 4.403122474975051 0
3.161604451171195 4.665655481491324 0
3.138640861246973 4.568623302802163 0
4.831623594071647 3.911479946089477 0
4.743683807372887 3.863797989364074 0
4.811284634060447 3.852238332246332 0
8.639306043199509 0.3924687920653613 0
8.516474450084965 0.2982534191899182 0
8.634858982886442 0.2958775329651697 0
10.09011665407429 0.592112651173671 0
10.0843148390443 0.4939585630992815 0
13.85188839897502 1.076846712471427 0
13.96291079344591 1.165736059240248 0
13.868158341807 1.16142279897463 0
7.801391436160587 3.546631349414969 0
2.536893085145699 2.909722670945937 0
15.10235408175248 0.4367216194928396 0
14.97949792020186 0.3376648843390093 0
15.10307631784879 0.3304349702862117 0
5.937067817169307 4.112828466978629 0
6.024443401783401 4.066699895356523 0
5.860887069890033 1.789833768800758 0
5.809648670277213 1.713471673887097 0
3.258952108024062 4.90981625682854 0
3.373847415679497 4.810999384600258 0
3.374423707839749 4.905499692300129 0
16.81171067826757 4.848263620256596 0
16.84335533913378 4.924131810128298 0
6.99171893456897 2.831948933773993 0
6.99238666792212 2.733118820411778 0
16.11761373713171 3.208529057321473 0
16.01846824402381 3.227513891195005 0
0.4521462105172134 1.687593565496086 0
5.370958035289688 2.208919490032742 0
5.398120438959528 2.124523263902333 0
2.194263114869112 2.713107179633856 0
2.295797380191891 2.678890184989506 0
2.257208560429276 2.735416652789394 0
13.81327327112288 4.238671676776764 0
13.75666692554534 4.283204028954446 0
13.84410415500841 4.166780619867029 0
0.1303528993487948 1.863127849049356 0
4.912412905807601 4.068996219445807 0
4.97125075907758 4.172268966313637 0
7.608171017930073 3.043773128347218 0
7.682395699671474 3.109054954579522 0
17.52466130001309 2.020781712100105 0
17.60447534975878 2.004412334417965 0
7.952693136090047 4.142607479457376 0
7.887894238564049 4.231489176919528 0
15.58948714557559 4.214094021462866 0
15.6243016917038 4.13134658131151 0
19.15267821098615 4.126508367718674 0
18.35702967814755 0.4480311757735116 0
18.4088366900828 0.3606336858406918 0
4.048822031950724 1.95244468408629 0
3.911665211594901 1.860550520788329 0
4.145738891337144 1.843572564242778 0
4.028702051466023 1.852061542515553 0
4.65269365855474 3.867858189903704 0
18.58161314830839 1.209078943387575 0
18.54725635240367 1.023945731290269 0
18.56443475035603 1.116512337338922 0
13.53755356865937 1.653829204240722 0
13.51842168965905 1.561216259640221 0
15.60425313262557 2.093085074789809 0
15.52297586973421 2.104016291885937 0
1.981434236834028 3.895710591360424 0
1.981047047934602 4.002584407403082 0
15.65135696539394 4.455596462226165 0
15.62716258272813 4.324260495979057 0
15.72332444775559 4.381870774437869 0
2.859386911320316 1.800567002115951 0
2.772020607138847 1.872620775981786 0
2.769102057693756 1.801629423235578 0
18.9506937573324 2.81965902012086 0
19.05737883010278 2.830187144502247 0
3.290756472066557 3.314506244361692 0
11.79075542502607 4.590850637689869 0
11.81217862274274 4.692781927975631 0
2.502335548432833 0.08718202402935749 0
2.392219291775479 0.180933643732863 0
2.38360964588774 0.09046682186643151 0
16.45416444400893 0.8852175296217404 0
16.40195147885942 0.7976898013255798 0
2.169362636630662 4.512731727259421 0
17.3349012573824 2.825555365665033 0
17.42711358502356 2.821932960333625 0
16.2496100888001 3.282656154275106 0
16.38184865591745 3.355650071423146 0
16.28407176865322 3.375926101573365 0
10.71385901661119 4.689273050343716 0
10.83949049484594 4.691478135122312 0
4.269500857446154 2.783257878053767 0
4.258051171187358 2.708773292551665 0
17.83024324485578 3.988664669761897 0
6.708557002567055 0.4925497154611991 0
6.584353653405394 0.4301757172817604 0
6.783773221328016 0.3962566294398107 0
6.684063437366705 0.4132161733607855 0
3.94869295652707 2.061774917446492 0
4.068388311338294 2.055007738572858 0
18.66099349813711 1.245023489107142 0
6.227668905897843 4.5331810269664 0
6.311705974868711 4.528876090893754 0
15.72667032394879 1.243212403756243 0
6.902709302536722 2.956515505692694 0
6.78706440508211 3.068207141811991 0
6.774568590532613 2.956012657335613 0
3.399332228341473 2.103806397085833 0
13.99065716406653 1.047673457711736 0
13.90644989042834 1.010625315290937 0
15.10257792790904 4.805180374199113 0
15.11378896395452 4.902590187099556 0
4.872018249939624 3.990238082767642 0
14.15830774110161 4.663820029010244 0
5.832096273756972 4.080003547452389 0
16.47959645135775 3.337091323449191 0
10.32052894004673 0.2914690992048343 0
13.72192904080467 0.1041571216093891 0
13.57434361235738 0.2042943089258338 0
13.59967180617869 0.1021471544629171 0
3.527524768540486 3.13524761242353 0
6.950462298481006 0.3528872709762494 0
6.867117759904511 0.37457195020803 0
0.3765803771603942 4.751797801054545 0
0.3757901885801971 4.875898900527273 0
3.360499331472591 0.09556839848032972 0
5.570863153162981 1.054674171004899 0
5.603141160468752 0.9392268931355263 0
5.732880657063034 0.974387048521804 0
5.651871905113008 1.014530609763352 0
14.51700844709672 3.718013575988492 0
14.58579206990372 3.606223652346535 0
14.62026994429197 3.699927512281553 0
8.68307104383484 4.691085587172087 0
14.40186418831347 4.424244888913184 0
14.39271565097728 4.334885918061381 0
14.70965673913128 3.502425061491822 0
14.59639819428098 3.501381642343716 0
6.030776586110968 2.732435496887794 0
6.741060100814634 0.5775567946252878 0
5.987624047764212 3.59246362331714 0
5.980045935355345 3.729773632633077 0
5.899304569988137 3.656452990772029 0
0.6184356915529552 2.232953303124668 0
0.7320206440340264 2.204448345827797 0
0.6906941093780343 2.288982822089572 0
5.523467253596664 3.215184713175728 0
18.81825259403524 0.5015731480881103 0
18.75568774449496 0.3871616940939013 0
13.79479433081135 2.937363232562131 0
14.33711291144626 0.2908027794861505 0
14.2107453762587 0.4325167581942768 0
14.23864856560516 0.3205196044844407 0
8.403958742317053 0.4029835007655738 0
8.535878557302187 0.4928424154773507 0
8.416636011286798 0.5011551434169201 0
3.627404847654715 3.947552000190484 0
3.758991363244894 3.929232363189404 0
7.01461470201318 0.2879253568911673 0
16.21724453557008 1.339567183904195 0
19.49107215373861 2.014747745913915 0
19.49884630349293 2.124054461652441 0
17.23883708524607 2.828742301701664 0
17.27131255134856 2.764747143120468 0
16.81424522655364 3.084987215255375 0
12.27187468159158 0.3065860547029811 0
12.38483612528798 0.3000331431817274 0
3.841157652520669 4.774396381426076 0
3.817885841232322 4.652581150614321 0
6.030434199489966 3.184376724646358 0
5.930262454038737 3.134659345515848 0
19.59034619886413 1.894535303113557 0
19.68915801065933 1.773775140571979 0
19.69309107806994 1.888318083265489 0
19.64594855496522 0.2169702292001054 0
19.63547427748261 0.1084851146000525 0
12.16504712433524 0.3282345510073759 0
7.35692672122846 1.94875417481087 0
7.45980084024609 1.930148414110209 0
6.619345197880225 1.761851975313568 0
1.865866829929345 3.801554956999447 0
1.978298631997728 3.791885955627194 0
17.0892651471903 1.413522207445744 0
17.50481631364484 0.9289641583640185 0
3.858078826260335 4.887198190713038 0
6.133517666219851 0.6495266678079721 0
6.07280796604016 0.5579708693343868 0
15.649617427366 1.712406560744706 0
13.84432685510193 0.1067989382390433 0
2.743879178683953 0.08934570630555738 0
2.621214727116786 0.1765277303349153 0
2.623107363558393 0.08826386516745721 0
13.66802066704364 1.742925709364124 0
13.77656292398013 1.738624686168065 0
19.90123468118151 2.116924351265552 0
6.091330187563013 3.271639227133121 0
13.55882087509459 1.746808587160462 0
0.2424868792623975 0.3647871321874883 0
0.1212434396311988 0.3698935660937441 0
0.2512442600336691 4.626864665573298 0
0.1256221300168345 4.625932332786649 0
19.87720388049385 4.628655395431139 0
14.36521178646662 3.801366492494185 0
14.44111011678167 3.759690034241339 0
6.599087304000323 4.896411358978453 0
2.866703597163822 0.09075985268286768 0
6.098570108825465 4.56053313180885 0
6.139621656987896 4.490070833693061 0
15.70633210452992 2.082212797886804 0
2.380641512737943 2.618940571737227 0
2.455515446456781 2.593042462631004 0
3.425207969031415 0.4834589923248247 0
3.305106769132765 0.4791359627959273 0
7.266414925214388 1.967244641366633 0
17.50012069328797 0.4331080991882605 0
17.53317986617624 0.3228411876274224 0
6.629609930327968 0.08587870852489843 0
18.9411800850018 0.7024986865037666 0
19.0339625650445 0.7598986467241149 0
2.899451877663775 1.912141316862023 0
2.950204210774574 1.846980876575001 0
14.8015005532232 3.515940358957041 0
8.466630715779665 4.095592988569056 0
8.662157820633862 4.113700885833945 0
8.558467428363864 4.188299395795974 0
8.564394268206764 4.1046469372015 0
18.41022780097303 4.662395769415404 0
6.055520539321851 3.802984012662182 0
7.001963623211154 2.9266441806788 0
18.86580680461229 2.909867597058799 0
18.85577315399687 2.819909172973722 0
17.42247796313735 1.941567324527964 0
17.40719311584775 1.854385609609665 0
8.76468231811692 0.4779048510051016 0
8.650280437709554 0.4853736332412262 0
6.42526757631475 4.33444942210573 0
13.09605634269642 0.1946506143648943 0
13.11052817134821 0.09732530718244714 0
17.51209405671534 3.522368731427132 0
17.58291786215881 3.480940254646292 0
3.988439965614988 0.7039208781017932 0
8.964010341505455 0.4716003763697012 0
8.864346329811188 0.4747526136874014 0
18.63059500186117 2.69296500144358 0
18.56718915124531 2.768942967967694 0
7.044748444238793 4.724156727558248 0
7.084874222119396 4.862078363779125 0
17.69788880035202 2.722070061909515 0
17.76883465312014 2.729894805123151 0
6.101393098315627 4.671490973554388 0
9.070334241805247 0.5169145781744395 0
15.44446790265045 0.5246316930268764 0
15.55647981700566 0.5271730181287031 0
16.21515393284696 3.188718090866521 0
0.3615094735153885 0.3571492318015284 0
17.12484623536409 0.09937577812630094 0
7.599855647159321 4.61738291687957 0
7.627235680164171 2.944901307026141 0
15.83782593230753 4.909574050468371 0
7.535712909643643 0.5529280544954436 0
7.667136650103862 0.5598025563647182 0
17.33946349718839 1.511488590611898 0
9.618356442721225 4.914783398877088 0
7.570926396656303 3.909063091977544 0
17.35903645527215 2.048584396136634 0
17.28338364487833 2.151401573654254 0
17.26619165525203 2.05483735692145 0
17.40817002521706 3.547639815006129 0
2.309651459141956 2.604995261888988 0
18.54069632668788 0.9285205596973656 0
0.4641462904450311 3.437849131216112 0
0.5465616385845866 3.437059437837998 0
0.8044775359405136 2.12694271045266 0
9.070825070781176 4.529306119408773 0
8.953184405691886 4.518525543966983 0
10.15937513828686 0.9032534920910034 0
10.1770570297744 0.9848774908941977 0
10.26925140989345 0.8043562105429527 0
10.38588997645309 0.6748286518656335 0
10.39323510285803 0.7785551461189515 0
4.262534726063322 1.831496685261253 0
9.712551655454636 1.066592727645316 0
4.827836076855516 3.196767388382404 0
6.549255690794277 2.011265318078669 0
7.435291432312201 0.5577615409538375 0
9.309633954458731 4.551713059890042 0
9.190229512619952 4.540509589649408 0
0.3771573643010608 4.627698361319908 0
14.40112016027184 0.3921444844171766 0
14.45660744475417 0.3122438983678695 0
2.476393139276388 0.4286044994920966 0
2.606257785769063 0.3497230621950012 0
2.591943792997531 0.4392947768317286 0
9.400550010986729 2.797747298672943 0
9.390939345179367 2.716018002861253 0
2.820642056017726 1.93557786507719 0
16.65900880234472 4.71640939348787 0
16.6077424587635 4.617667683263244 0
2.20105939671671 2.086084416054781 0
7.996578671010907 3.847562213227341 0
15.22046649440216 0.5282919836564508 0
15.10689894418379 0.5360817441521712 0
3.545328724798891 0.4875154066692349 0
11.52421969234326 4.409024996150778 0
11.51529082197648 4.329707385940138 0
6.913230526607816 4.539159494222084 0
6.896615155732672 4.442348179482612 0
19.68530656471926 1.657917341089679 0
14.28053517174517 3.800558695620428 0
19.2008065668389 0.4108751077047517 0
19.19911642176404 0.4860402489618503 0
8.314545467799569 4.071607446985624 0
8.251694365831588 4.02267699810906 0
5.363191267393247 4.178055784568846 0
8.274375066760197 0.3077146507527067 0
8.395424758422582 0.3029840349713129 0
14.18438329502269 1.617583168284592 0
14.16416113515143 1.516622802658237 0
17.51378172355385 0.5229333757863279 0
3.491273154901904 3.510598320396669 0
14.35186553968888 0.453517619619785 0
14.28948204611208 0.5169755188760776 0
10.31712669484831 4.260537526329067 0
1.889702562191978 0.5329558707105115 0
7.04279706464057 0.704218065935001 0
2.874134423735244 3.093255105420083 0
9.428468748858489 4.567132657473232 0
1.760725811858265 3.800135451087733 0
6.047060007922929 1.815543129008239 0
6.145070994926103 1.818240305484639 0
7.172840829603229 4.09236900549009 0
15.3324671985263 0.5264618383416635 0
10.58589152599169 4.687417396359047 0
14.43540435591469 0.455529044266453 0
7.784304341536977 0.9729528120916342 0
8.375019469143929 4.150000600843952 0
8.437990630649558 4.259105623116817 0
8.346662361213749 4.231921711848637 0
13.52486537500472 0.4048321610789136 0
13.50175999688779 0.5005725924470448 0
18.11505585165261 1.966169071186715 0
9.679818221299994 0.8320063123234671 0
8.151046412766046 0.3140489858595723 0
8.390588091789617 4.08360021777734 0
3.193486491268861 4.82145291931883 0
3.159243245634431 4.910726459659415 0
16.47722739023427 0.9728997224368066 0
5.826145010899058 0.9301934958771749 0
8.539957016734604 4.276219934716181 0
2.078677892775209 2.661809397335999 0
2.065994481779748 2.601832748759381 0
18.87971633951852 0.6020359172959384 0
15.87292485980084 0.735683884930157 0
15.75161496559868 0.7445099250176352 0
4.263206282165779 0.5209646374656274 0
13.54960449368105 0.304563235002373 0
8.771006912612064 4.122644665605751 0
5.504993116197833 1.083770307557094 0
2.855263695454004 4.370742033617919 0
2.887522030855353 4.453367120856585 0
2.663196507918675 4.299076853127106 0
2.587640190629944 4.251450337615566 0
19.7687235096272 0.2991898352369073 0
19.65977245690865 0.3170990566740022 0
12.96459931546422 0.2894906269556725 0
13.0821181261785 0.2908670191944722 0
2.217371647839467 1.811526681526787 0
2.333393615988461 1.819806638021616 0
19.48616411937935 1.90289890958508 0
15.97430459474544 0.7300728167500457 0
3.481647007711535 4.055560842344742 0
3.40692156487756 4.065625677925333 0
2.258934968568658 0.3868195211457506 0
2.407901550136296 0.3310658568433964 0
2.367664053922523 0.4077120103189236 0
12.84717654474141 0.2895371051851501 0
9.414007113536091 2.938147246012456 0
9.407278562261409 2.8679472723427 0
17.15819699390574 4.556790865835502 0
17.25425100408481 4.57665556464599 0
14.84144977868267 0.3549294905157092 0
17.42446586941199 2.254755102451513 0
17.46121979214789 2.127798783708775 0
17.49230582476565 2.227379295239085 0
2.489985400753268 2.270744118104003 0
19.18540581040839 0.3125115520951325 0
19.8843617548136 0.3370949176184537 0
4.294078364269122 2.904737357689649 0
4.270092687301933 2.96003395371715 0
18.83110149645526 2.985896877722552 0
6.062351395191884 3.531574858156097 0
0.3542697295834056 3.423313375567557 0
2.136470503822162 2.687458288484927 0
14.20758026023349 1.718732052784083 0
3.259661587729037 4.731037863874701 0
3.177545471220029 4.743554200405077 0
3.360589297590824 4.718889124005563 0
17.05949599901132 2.867629124812802 0
16.95764334538053 2.880520820077321 0
3.813467677072698 1.968275023969467 0
3.794546502440702 1.868056308978291 0
17.44184887764262 2.03468305411837 0
3.831142152756858 2.067832167141598 0
18.23570806672964 0.483145714864166 0
18.10455850799236 0.5412682536108042 0
18.14915227894626 0.4422636343258493 0
2.75923010168634 4.334909443372513 0
15.09071406169899 4.712443161192904 0
17.1491665421287 2.848185713257233 0
17.07912639006364 4.604794258495134 0
17.63434086719401 2.710971779881621 0
10.23509885480364 0.6370792578079276 0
10.33931382086652 0.6061414465224235 0
11.42831328468238 4.507068501603843 0
11.31986757200287 4.599729510485545 0
11.31141538576897 4.503257788359397 0
5.953973538906481 1.802688448904498 0
14.39974103661729 4.513308731329813 0
11.3327677918445 4.699232966240422 0
2.301217465790772 0.2540758251420341 0
2.498903376121005 0.2579236754342258 0
2.400060420955888 0.2559997502881304 0
10.8608163483988 2.997647006094962 0
3.554525927683125 4.001556421267614 0
6.859519424095396 1.87355342255831 0
0.5289153041675903 2.250409589749682 0
15.58776121076835 4.521544987940747 0
18.65716915444898 2.590149731151697 0
14.03962143515823 3.063434782870392 0
6.767880160546932 3.166135948242613 0
18.31214434460513 0.5309625729570067 0
3.819452517925819 0.2983977389868602 0
18.07046503336232 0.6306653645420601 0
10.17516323813009 0.7354509850143907 0
10.03018103740073 0.690484378380134 0
10.13263994610219 0.6637818180940307 0
2.201519121631314 0.2985720049053917 0
8.009391517422339 4.072113742039039 0
6.452319996792484 0.3629269752264008 0
6.480344712341146 0.4475119908942773 0
15.55216481055375 4.28339767372867 0
10.0652869665235 0.8343482665624413 0
9.981572435324377 0.776117318947305 0
4.281789610857638 2.843997617871708 0
5.542521997865478 0.8679411029190651 0
14.04683483237822 1.123093648033377 0
11.65161744804332 4.50094857244603 0
11.53996536636285 4.504008537024937 0
11.7659894044445 4.490887030604851 0
16.73535974030614 4.782336506872233 0
2.613736256442925 0.2631253962649582 0
6.198317577165259 0.7261014537858881 0
6.978989485423305 4.631658110890166 0
6.429573829263578 0.2738718942706129 0
10.16726918820847 0.819352238552697 0
2.151807061339532 1.825967205360528 0
2.185159634920097 1.870604189487275 0
2.064015012532342 1.828598504216426 0
5.360933343626978 2.287315391491589 0
17.31693093220896 2.258556433302345 0
9.342038488345818 2.995421350985619 0
10.61553817567754 2.714234161884913 0
$EndNodes
$Elements
40 10112 1 10112
1 9 1 12
1 1 29 
2 29 30 
3 30 31 
4 31 32 
5 32 33 
6 33 34 
7 34 35 
8 35 36 
9 36 37 
10 37 38 
11 38 39 
12 39 2 
1 13 1 8
13 3 40 
14 40 41 
15 41 42 
16 42 43 
17 43 44 
18 44 45 
19 45 46 
20 46 4 
1 17 1 12
21 5 47 
22 47 48 
23 48 49 
24 49 50 
25 50 51 
26 51 52 
27 52 53 
28 53 54 
29 54 55 
30 55 56 
31 56 57 
32 57 6 
1 21 1 16
33 7 58 
34 58 59 
35 59 60 
36 60 61 
37 61 62 
38 62 63 
39 63 64 
40 64 65 
41 65 66 
42 66 67 
43 67 68 
44 68 69 
45 69 70 
46 70 71 
47 71 72 
48 72 8 
1 25 1 16
49 9 73 
50 73 74 
51 74 75 
52 75 76 
53 76 77 
54 77 78 
55 78 79 
56 79 80 
57 80 81 
58 81 82 
59 82 83 
60 83 84 
61 84 85 
62 85 86 
63 86 87 
64 87 10 
1 26 1 160
65 11 88 
66 88 89 
67 89 90 
68 90 91 
69 91 92 
70 92 93 
71 93 94 
72 94 95 
73 95 96 
74 96 97 
75 97 98 
76 98 99 
77 99 100 
78 100 101 
79 101 102 
80 102 103 
81 103 104 
82 104 105 
83 105 106 
84 106 107 
85 107 108 
86 108 109 
87 109 110 
88 110 111 
89 111 112 
90 112 113 
91 113 114 
92 114 115 
93 115 116 
94 116 117 
95 117 118 
96 118 119 
97 119 120 
98 120 121 
99 121 122 
100 122 123 
101 123 124 
102 124 125 
103 125 126 
104 126 127 
105 127 128 
106 128 129 
107 129 130 
108 130 131 
109 131 132 
110 132 133 
111 133 134 
112 134 135 
113 135 136 
114 136 137 
115 137 138 
116 138 139 
117 139 140 
118 140 141 
119 141 142 
120 142 143 
121 143 144 
122 144 145 
123 145 146 
124 146 147 
125 147 148 
126 148 149 
127 149 150 
128 150 151 
129 151 152 
130 152 153 
131 153 154 
132 154 155 
133 155 156 
134 156 157 
135 157 158 
136 158 159 
137 159 160 
138 160 161 
139 161 162 
140 162 163 
141 163 164 
142 164 165 
143 165 166 
144 166 167 
145 167 168 
146 168 169 
147 169 170 
148 170 171 
149 171 172 
150 172 173 
151 173 174 
152 174 175 
153 175 176 
154 176 177 
155 177 178 
156 178 179 
157 179 180 
158 180 181 
159 181 182 
160 182 183 
161 183 184 
162 184 185 
163 185 186 
164 186 187 
165 187 188 
166 188 189 
167 189 190 
168 190 191 
169 191 192 
170 192 193 
171 193 194 
172 194 195 
173 195 196 
174 196 197 
175 197 198 
176 198 199 
177 199 200 
178 200 201 
179 201 202 
180 202 203 
181 203 204 
182 204 205 
183 205 206 
184 206 207 
185 207 208 
186 208 209 
187 209 210 
188 210 211 
189 211 212 
190 212 213 
191 213 214 
192 214 215 
193 215 216 
194 216 217 
195 217 218 
196 218 219 
197 219 220 
198 220 221 
199 221 222 
200 222 223 
201 223 224 
202 224 225 
203 225 226 
204 226 227 
205 227 228 
206 228 229 
207 229 230 
208 230 231 
209 231 232 
210 232 233 
211 233 234 
212 234 235 
213 235 236 
214 236 237 
215 237 238 
216 238 239 
217 239 240 
218 240 241 
219 241 242 
220 242 243 
221 243 244 
222 244 245 
223 245 246 
224 246 12 
1 27 1 40
225 13 247 
226 247 248 
227 248 249 
228 249 250 
229 250 251 
230 251 252 
231 252 253 
232 253 254 
233 254 255 
234 255 256 
235 256 257 
236 257 258 
237 258 259 
238 259 260 
239 260 261 
240 261 262 
241 262 263 
242 263 264 
243 264 265 
244 265 266 
245 266 267 
246 267 268 
247 268 269 
248 269 270 
249 270 271 
250 271 272 
251 272 273 
252 273 274 
253 274 275 
254 275 276 
255 276 277 
256 277 278 
257 278 279 
258 279 280 
259 280 281 
260 281 282 
261 282 283 
262 283 284 
263 284 285 
264 285 11 
1 28 1 40
265 12 286 
266 286 287 
267 287 288 
268 288 289 
269 289 290 
270 290 291 
271 291 292 
272 292 293 
273 293 294 
274 294 295 
275 295 296 
276 296 297 
277 297 298 
278 298 299 
279 299 300 
280 300 301 
281 301 302 
282 302 303 
283 303 304 
284 304 305 
285 305 306 
286 306 307 
287 307 308 
288 308 309 
289 309 310 
290 310 311 
291 311 312 
292 312 313 
293 313 314 
294 314 315 
295 315 316 
296 316 317 
297 317 318 
298 318 319 
299 319 320 
300 320 321 
301 321 322 
302 322 323 
303 323 324 
304 324 14 
1 29 1 160
305 14 325 
306 325 326 
307 326 327 
308 327 328 
309 328 329 
310 329 330 
311 330 331 
312 331 332 
313 332 333 
314 333 334 
315 334 335 
316 335 336 
317 336 337 
318 337 338 
319 338 339 
320 339 340 
321 340 341 
322 341 342 
323 342 343 
324 343 344 
325 344 345 
326 345 346 
327 346 347 
328 347 348 
329 348 349 
330 349 350 
331 350 351 
332 351 352 
333 352 353 
334 353 354 
335 354 355 
336 355 356 
337 356 357 
338 357 358 
339 358 359 
340 359 360 
341 360 361 
342 361 362 
343 362 363 
344 363 364 
345 364 365 
346 365 366 
347 366 367 
348 367 368 
349 368 369 
350 369 370 
351 370 371 
352 371 372 
353 372 373 
354 373 374 
355 374 375 
356 375 376 
357 376 377 
358 377 378 
359 378 379 
360 379 380 
361 380 381 
362 381 382 
363 382 383 
364 383 384 
365 384 385 
366 385 386 
367 386 387 
368 387 388 
369 388 389 
370 389 390 
371 390 391 
372 391 392 
373 392 393 
374 393 394 
375 394 395 
376 395 396 
377 396 397 
378 397 398 
379 398 399 
380 399 400 
381 400 401 
382 401 402 
383 402 403 
384 403 404 
385 404 405 
386 405 406 
387 406 407 
388 407 408 
389 408 409 
390 409 410 
391 410 411 
392 411 412 
393 412 413 
394 413 414 
395 414 415 
396 415 416 
397 416 417 
398 417 418 
399 418 419 
400 419 420 
401 420 421 
402 421 422 
403 422 423 
404 423 424 
405 424 425 
406 425 426 
407 426 427 
408 427 428 
409 428 429 
410 429 430 
411 430 431 
412 431 432 
413 432 433 
414 433 434 
415 434 435 
416 435 436 
417 436 437 
418 437 438 
419 438 439 
420 439 440 
421 440 441 
422 441 442 
423 442 443 
424 443 444 
425 444 445 
426 445 446 
427 446 447 
428 447 448 
429 448 449 
430 449 450 
431 450 451 
432 451 452 
433 452 453 
434 453 454 
435 454 455 
436 455 456 
437 456 457 
438 457 458 
439 458 459 
440 459 460 
441 460 461 
442 461 462 
443 462 463 
444 463 464 
445 464 465 
446 465 466 
447 466 467 
448 467 468 
449 468 469 
450 469 470 
451 470 471 
452 471 472 
453 472 473 
454 473 474 
455 474 475 
456 475 476 
457 476 477 
458 477 478 
459 478 479 
460 479 480 
461 480 481 
462 481 482 
463 482 483 
464 483 13 
1 30 1 24
465 15 484 
466 484 485 
467 485 486 
468 486 487 
469 487 488 
470 488 489 
471 489 490 
472 490 491 
473 491 492 
474 492 493 
475 493 494 
476 494 495 
477 495 496 
478 496 497 
479 497 498 
480 498 499 
481 499 500 
482 500 501 
483 501 502 
484 502 503 
485 503 504 
486 504 505 
487 505 506 
488 506 7 
1 31 1 4
489 16 507 
490 507 508 
491 508 509 
492 509 7 
1 32 1 16
493 17 510 
494 510 511 
495 511 512 
496 512 513 
497 513 514 
498 514 515 
499 515 516 
500 516 517 
501 517 518 
502 518 519 
503 519 520 
504 520 521 
505 521 522 
506 522 523 
507 523 524 
508 524 16 
1 33 1 4
509 8 525 
510 525 526 
511 526 527 
512 527 17 
1 34 1 48
513 8 528 
514 528 529 
515 529 530 
516 530 531 
517 531 532 
518 532 533 
519 533 534 
520 534 535 
521 535 536 
522 536 537 
523 537 538 
524 538 539 
525 539 540 
526 540 541 
527 541 542 
528 542 543 
529 543 544 
530 544 545 
531 545 546 
532 546 547 
533 547 548 
534 548 549 
535 549 550 
536 550 551 
537 551 552 
538 552 553 
539 553 554 
540 554 555 
541 555 556 
542 556 557 
543 557 558 
544 558 559 
545 559 560 
546 560 561 
547 561 562 
548 562 563 
549 563 564 
550 564 565 
551 565 566 
552 566 567 
553 567 568 
554 568 569 
555 569 570 
556 570 571 
557 571 572 
558 572 573 
559 573 574 
560 574 9 
1 35 1 4
561 18 575 
562 575 576 
563 576 577 
564 577 9 
1 36 1 16
565 19 578 
566 578 579 
567 579 580 
568 580 581 
569 581 582 
570 582 583 
571 583 584 
572 584 585 
573 585 586 
574 586 587 
575 587 588 
576 588 589 
577 589 590 
578 590 591 
579 591 592 
580 592 18 
1 37 1 4
581 10 593 
582 593 594 
583 594 595 
584 595 19 
1 38 1 24
585 10 596 
586 596 597 
587 597 598 
588 598 599 
589 599 600 
590 600 601 
591 601 602 
592 602 603 
593 603 604 
594 604 605 
595 605 606 
596 606 607 
597 607 608 
598 608 609 
599 609 610 
600 610 611 
601 611 612 
602 612 613 
603 613 614 
604 614 615 
605 615 616 
606 616 617 
607 617 618 
608 618 20 
1 39 1 4
609 20 619 
610 619 620 
611 620 621 
612 621 21 
1 40 1 16
613 21 622 
614 622 623 
615 623 624 
616 624 625 
617 625 626 
618 626 627 
619 627 628 
620 628 629 
621 629 630 
622 630 631 
623 631 632 
624 632 633 
625 633 634 
626 634 635 
627 635 636 
628 636 6 
1 41 1 4
629 6 637 
630 637 638 
631 638 639 
632 639 22 
1 42 1 12
633 22 640 
634 640 641 
635 641 642 
636 642 643 
637 643 644 
638 644 645 
639 645 646 
640 646 647 
641 647 648 
642 648 649 
643 649 650 
644 650 23 
1 43 1 4
645 23 651 
646 651 652 
647 652 653 
648 653 5 
1 44 1 32
649 5 654 
650 654 655 
651 655 656 
652 656 657 
653 657 658 
654 658 659 
655 659 660 
656 660 661 
657 661 662 
658 662 663 
659 663 664 
660 664 665 
661 665 666 
662 666 667 
663 667 668 
664 668 669 
665 669 670 
666 670 671 
667 671 672 
668 672 673 
669 673 674 
670 674 675 
671 675 676 
672 676 677 
673 677 678 
674 678 679 
675 679 680 
676 680 681 
677 681 682 
678 682 683 
679 683 684 
680 684 4 
1 45 1 4
681 4 685 
682 685 686 
683 686 687 
684 687 24 
1 46 1 8
685 24 688 
686 688 689 
687 689 690 
688 690 691 
689 691 692 
690 692 693 
691 693 694 
692 694 25 
1 47 1 4
693 25 695 
694 695 696 
695 696 697 
696 697 3 
1 48 1 32
697 3 698 
698 698 699 
699 699 700 
700 700 701 
701 701 702 
702 702 703 
703 703 704 
704 704 705 
705 705 706 
706 706 707 
707 707 708 
708 708 709 
709 709 710 
710 710 711 
711 711 712 
712 712 713 
713 713 714 
714 714 715 
715 715 716 
716 716 717 
717 717 718 
718 718 719 
719 719 720 
720 720 721 
721 721 722 
722 722 723 
723 723 724 
724 724 725 
725 725 726 
726 726 727 
727 727 728 
728 728 2 
1 49 1 4
729 2 729 
730 729 730 
731 730 731 
732 731 26 
1 50 1 12
733 26 732 
734 732 733 
735 733 734 
736 734 735 
737 735 736 
738 736 737 
739 737 738 
740 738 739 
741 739 740 
742 740 741 
743 741 742 
744 742 27 
1 51 1 4
745 27 743 
746 743 744 
747 744 745 
748 745 1 
1 52 1 16
749 1 746 
750 746 747 
751 747 748 
752 748 749 
753 749 750 
754 750 751 
755 751 752 
756 752 753 
757 753 754 
758 754 755 
759 755 756 
760 756 757 
761 757 758 
762 758 759 
763 759 760 
764 760 28 
1 53 1 4
765 28 761 
766 761 762 
767 762 763 
768 763 15 
2 2 3 408
769 539 800 809 538 
770 800 707 708 809 
771 809 708 709 808 
772 538 809 808 537 
773 537 808 811 536 
774 808 709 710 811 
775 811 710 711 810 
776 536 811 810 535 
777 535 810 813 534 
778 810 711 712 813 
779 813 712 713 812 
780 534 813 812 533 
781 573 802 815 572 
782 802 669 670 815 
783 815 670 671 814 
784 572 815 814 571 
785 84 816 818 83 
786 816 655 656 818 
787 818 656 657 817 
788 83 818 817 82 
789 533 812 820 532 
790 812 713 714 820 
791 820 714 715 819 
792 532 820 819 531 
793 571 814 822 570 
794 814 671 672 822 
795 822 672 673 821 
796 570 822 821 569 
797 663 823 825 662 
798 823 76 77 825 
799 825 77 78 824 
800 662 825 824 661 
801 569 821 827 568 
802 821 673 674 827 
803 827 674 675 826 
804 568 827 826 567 
805 567 826 829 566 
806 826 675 676 829 
807 829 676 677 828 
808 566 829 828 565 
809 41 830 832 42 
810 830 551 552 832 
811 832 552 553 831 
812 42 832 831 43 
813 565 828 834 564 
814 828 677 678 834 
815 834 678 679 833 
816 564 834 833 563 
817 563 833 836 562 
818 833 679 680 836 
819 836 680 681 835 
820 562 836 835 561 
821 82 817 838 81 
822 817 657 658 838 
823 838 658 659 837 
824 81 838 837 80 
825 32 31 841 840 
826 31 30 839 841 
827 841 839 499 500 
828 840 841 500 501 
829 80 837 842 79 
830 837 659 660 842 
831 842 660 661 824 
832 79 842 824 78 
833 561 835 844 560 
834 835 681 682 844 
835 844 682 683 843 
836 560 844 843 559 
837 559 843 846 558 
838 843 683 684 846 
839 846 684 4 845 
840 558 846 845 557 
841 489 490 849 848 
842 490 491 847 849 
843 849 847 751 752 
844 848 849 752 753 
845 45 850 851 46 
846 850 555 556 851 
847 851 556 557 845 
848 46 851 845 4 
849 43 831 852 44 
850 831 553 554 852 
851 852 554 555 850 
852 44 852 850 45 
853 30 29 854 839 
854 29 1 853 854 
855 854 853 497 498 
856 839 854 498 499 
857 491 492 856 847 
858 492 493 855 856 
859 856 855 749 750 
860 847 856 750 751 
861 493 494 858 855 
862 494 495 857 858 
863 858 857 747 748 
864 855 858 748 749 
865 1 746 859 853 
866 746 747 857 859 
867 859 857 495 496 
868 853 859 496 497 
869 52 860 863 53 
870 860 599 861 863 
871 863 861 797 862 
872 53 863 862 54 
873 762 763 866 865 
874 763 15 484 866 
875 866 484 485 864 
876 865 866 864 782 
877 620 867 869 619 
878 867 773 868 869 
879 869 868 617 618 
880 619 869 618 20 
881 620 621 871 867 
882 621 21 622 871 
883 871 622 623 870 
884 867 871 870 773 
885 762 865 873 761 
886 865 782 872 873 
887 873 872 759 760 
888 761 873 760 28 
889 76 823 876 75 
890 823 663 874 876 
891 876 874 792 875 
892 75 876 875 74 
893 531 819 879 530 
894 819 715 877 879 
895 879 877 778 878 
896 530 879 878 529 
897 753 754 882 848 
898 754 755 880 882 
899 882 880 794 881 
900 848 882 881 489 
901 52 883 885 860 
902 883 799 884 885 
903 885 884 597 598 
904 860 885 598 599 
905 788 886 889 888 
906 886 784 887 889 
907 889 887 723 724 
908 888 889 724 725 
909 84 890 892 816 
910 890 770 891 892 
911 892 891 5 654 
912 816 892 654 655 
913 551 830 895 550 
914 830 41 893 895 
915 895 893 789 894 
916 550 895 894 549 
917 667 803 897 804 
918 803 573 574 897 
919 897 574 9 896 
920 804 897 896 787 
921 727 898 900 726 
922 898 777 899 900 
923 900 899 788 888 
924 726 900 888 725 
925 10 596 903 902 
926 596 597 884 903 
927 903 884 799 901 
928 902 903 901 775 
929 86 87 906 905 
930 87 10 902 906 
931 906 902 775 904 
932 905 906 904 771 
933 599 600 909 861 
934 600 601 907 909 
935 909 907 785 908 
936 861 909 908 797 
937 32 840 912 911 
938 840 501 502 912 
939 912 502 503 910 
940 911 912 910 790 
941 603 604 916 915 
942 604 605 913 916 
943 916 913 793 914 
944 915 916 914 780 
945 601 602 918 907 
946 602 603 915 918 
947 918 915 780 917 
948 907 918 917 785 
949 766 919 922 921 
950 919 7 58 922 
951 922 58 59 920 
952 921 922 920 764 
953 705 801 924 806 
954 801 539 540 924 
955 924 540 541 923 
956 806 924 923 798 
957 529 878 927 528 
958 878 778 925 927 
959 927 925 768 926 
960 528 927 926 8 
961 543 928 930 542 
962 928 796 929 930 
963 930 929 798 923 
964 542 930 923 541 
965 605 606 933 913 
966 606 607 931 933 
967 933 931 786 932 
968 913 933 932 793 
969 545 934 936 544 
970 934 795 935 936 
971 936 935 796 928 
972 544 936 928 543 
973 547 937 939 546 
974 937 791 938 939 
975 939 938 795 934 
976 546 939 934 545 
977 715 716 941 877 
978 716 717 940 941 
979 941 940 768 925 
980 877 941 925 778 
981 607 608 944 931 
982 608 609 942 944 
983 944 942 783 943 
984 931 944 943 786 
985 764 945 947 921 
986 945 38 37 947 
987 947 37 36 946 
988 921 947 946 766 
989 61 948 950 60 
990 948 767 949 950 
991 950 949 764 920 
992 60 950 920 59 
993 721 722 953 952 
994 722 723 887 953 
995 953 887 784 951 
996 952 953 951 769 
997 609 610 956 942 
998 610 611 954 956 
999 956 954 779 955 
1000 942 956 955 783 
1001 6 957 959 636 
1002 957 780 914 959 
1003 959 914 793 958 
1004 636 959 958 635 
1005 611 612 962 954 
1006 612 613 960 962 
1007 962 960 776 961 
1008 954 962 961 779 
1009 613 614 965 960 
1010 614 615 963 965 
1011 965 963 772 964 
1012 960 965 964 776 
1013 627 966 968 626 
1014 966 776 964 968 
1015 968 964 772 967 
1016 626 968 967 625 
1017 3 698 971 970 
1018 698 699 969 971 
1019 971 969 795 938 
1020 970 971 938 791 
1021 50 49 974 973 
1022 49 48 972 974 
1023 974 972 771 904 
1024 973 974 904 775 
1025 629 975 976 628 
1026 975 779 961 976 
1027 976 961 776 966 
1028 628 976 966 627 
1029 699 700 978 969 
1030 700 701 977 978 
1031 978 977 796 935 
1032 969 978 935 795 
1033 701 702 979 977 
1034 702 703 807 979 
1035 979 807 798 929 
1036 977 979 929 796 
1037 631 980 981 630 
1038 980 783 955 981 
1039 981 955 779 975 
1040 630 981 975 629 
1041 633 982 983 632 
1042 982 786 943 983 
1043 983 943 783 980 
1044 632 983 980 631 
1045 635 958 984 634 
1046 958 793 932 984 
1047 984 932 786 982 
1048 634 984 982 633 
1049 34 985 987 35 
1050 985 774 986 987 
1051 987 986 766 946 
1052 35 987 946 36 
1053 780 957 989 917 
1054 957 6 57 989 
1055 989 57 56 988 
1056 917 989 988 785 
1057 489 881 992 488 
1058 881 794 990 992 
1059 992 990 781 991 
1060 488 992 991 487 
1061 63 993 995 62 
1062 993 777 994 995 
1063 995 994 767 948 
1064 62 995 948 61 
1065 755 756 997 880 
1066 756 757 996 997 
1067 997 996 781 990 
1068 880 997 990 794 
1069 2 998 999 728 
1070 998 767 994 999 
1071 999 994 777 898 
1072 728 999 898 727 
1073 52 51 1000 883 
1074 51 50 973 1000 
1075 1000 973 775 901 
1076 883 1000 901 799 
1077 8 926 1003 72 
1078 926 768 1001 1003 
1079 1003 1001 765 1002 
1080 72 1003 1002 71 
1081 71 1002 1006 70 
1082 1002 765 1004 1006 
1083 1006 1004 769 1005 
1084 70 1006 1005 69 
1085 38 945 1007 39 
1086 945 764 949 1007 
1087 1007 949 767 998 
1088 39 1007 998 2 
1089 32 911 1009 33 
1090 911 790 1008 1009 
1091 1009 1008 774 985 
1092 33 1009 985 34 
1093 505 1010 1011 504 
1094 1010 774 1008 1011 
1095 1011 1008 790 910 
1096 504 1011 910 503 
1097 54 862 1012 55 
1098 862 797 908 1012 
1099 1012 908 785 988 
1100 55 1012 988 56 
1101 69 1005 1014 68 
1102 1005 769 951 1014 
1103 1014 951 784 1013 
1104 68 1014 1013 67 
1105 65 1015 1016 64 
1106 1015 788 899 1016 
1107 1016 899 777 993 
1108 64 1016 993 63 
1109 67 1013 1017 66 
1110 1013 784 886 1017 
1111 1017 886 788 1015 
1112 66 1017 1015 65 
1113 7 919 1018 506 
1114 919 766 986 1018 
1115 1018 986 774 1010 
1116 506 1018 1010 505 
1117 719 720 1020 1019 
1118 720 721 952 1020 
1119 1020 952 769 1004 
1120 1019 1020 1004 765 
1121 717 718 1021 940 
1122 718 719 1019 1021 
1123 1021 1019 765 1001 
1124 940 1021 1001 768 
1125 41 40 1023 893 
1126 40 3 970 1023 
1127 1023 970 791 1022 
1128 893 1023 1022 789 
1129 549 894 1024 548 
1130 894 789 1022 1024 
1131 1024 1022 791 937 
1132 548 1024 937 547 
1133 625 967 1026 624 
1134 967 772 1025 1026 
1135 1026 1025 773 870 
1136 624 1026 870 623 
1137 615 616 1027 963 
1138 616 617 868 1027 
1139 1027 868 773 1025 
1140 963 1027 1025 772 
1141 757 758 1029 996 
1142 758 759 872 1029 
1143 1029 872 782 1028 
1144 996 1029 1028 781 
1145 48 47 1031 972 
1146 47 5 891 1031 
1147 1031 891 770 1030 
1148 972 1031 1030 771 
1149 74 875 1033 73 
1150 875 792 1032 1033 
1151 1033 1032 787 896 
1152 73 1033 896 9 
1153 84 85 1034 890 
1154 85 86 905 1034 
1155 1034 905 771 1030 
1156 890 1034 1030 770 
1157 487 991 1035 486 
1158 991 781 1028 1035 
1159 1035 1028 782 864 
1160 486 1035 864 485 
1161 663 664 1036 874 
1162 664 665 805 1036 
1163 1036 805 787 1032 
1164 874 1036 1032 792 
1165 705 706 1037 801 
1166 706 707 800 1037 
1167 801 1037 800 539 
1168 667 668 1038 803 
1169 668 669 802 1038 
1170 803 1038 802 573 
1171 667 804 1039 666 
1172 804 787 805 1039 
1173 666 1039 805 665 
1174 705 806 1040 704 
1175 806 798 807 1040 
1176 704 1040 807 703 
2 3 3 52
1177 744 745 1049 1048 
1178 745 1 29 1049 
1179 1049 29 30 1047 
1180 1048 1049 1047 1045 
1181 730 1050 1052 729 
1182 1050 1046 1051 1052 
1183 1052 1051 38 39 
1184 729 1052 39 2 
1185 730 731 1054 1050 
1186 731 26 732 1054 
1187 1054 732 733 1053 
1188 1050 1054 1053 1046 
1189 744 1048 1056 743 
1190 1048 1045 1055 1056 
1191 1056 1055 741 742 
1192 743 1056 742 27 
1193 1043 1057 1060 1059 
1194 1057 1042 1058 1060 
1195 1060 1058 32 33 
1196 1059 1060 33 34 
1197 1044 1061 1063 1062 
1198 1061 1043 1059 1063 
1199 1063 1059 34 35 
1200 1062 1063 35 36 
1201 737 1064 1066 736 
1202 1064 1043 1061 1066 
1203 1066 1061 1044 1065 
1204 736 1066 1065 735 
1205 739 1067 1068 738 
1206 1067 1042 1057 1068 
1207 1068 1057 1043 1064 
1208 738 1068 1064 737 
1209 32 1058 1071 1070 
1210 1058 1042 1067 1071 
1211 1071 1067 739 1069 
1212 1070 1071 1069 1041 
1213 36 37 1073 1062 
1214 37 38 1051 1073 
1215 1073 1051 1046 1072 
1216 1062 1073 1072 1044 
1217 739 740 1075 1069 
1218 740 741 1055 1075 
1219 1075 1055 1045 1074 
1220 1069 1075 1074 1041 
1221 32 1070 1076 31 
1222 1070 1041 1074 1076 
1223 1076 1074 1045 1047 
1224 31 1076 1047 30 
1225 735 1065 1077 734 
1226 1065 1044 1072 1077 
1227 1077 1072 1046 1053 
1228 734 1077 1053 733 
2 4 3 36
1229 696 697 1084 1083 
1230 697 3 40 1084 
1231 1084 40 41 1082 
1232 1083 1084 1082 1080 
1233 686 687 1087 1086 
1234 687 24 688 1087 
1235 1087 688 689 1085 
1236 1086 1087 1085 1081 
1237 686 1086 1089 685 
1238 1086 1081 1088 1089 
1239 1089 1088 45 46 
1240 685 1089 46 4 
1241 696 1083 1091 695 
1242 1083 1080 1090 1091 
1243 1091 1090 693 694 
1244 695 1091 694 25 
1245 691 1092 1096 1095 
1246 1092 1078 1093 1096 
1247 1096 1093 43 1094 
1248 1095 1096 1094 1079 
1249 43 1093 1098 42 
1250 1093 1078 1097 1098 
1251 1098 1097 1080 1082 
1252 42 1098 1082 41 
1253 691 1095 1100 690 
1254 1095 1079 1099 1100 
1255 1100 1099 1081 1085 
1256 690 1100 1085 689 
1257 43 44 1101 1094 
1258 44 45 1088 1101 
1259 1101 1088 1081 1099 
1260 1094 1101 1099 1079 
1261 691 692 1102 1092 
1262 692 693 1090 1102 
1263 1102 1090 1080 1097 
1264 1092 1102 1097 1078 
2 5 3 52
1265 638 639 1111 1110 
1266 639 22 640 1111 
1267 1111 640 641 1109 
1268 1110 1111 1109 1108 
1269 652 1112 1114 651 
1270 1112 1107 1113 1114 
1271 1114 1113 649 650 
1272 651 1114 650 23 
1273 52 1115 1119 1118 
1274 1115 1103 1116 1119 
1275 1119 1116 645 1117 
1276 1118 1119 1117 1106 
1277 645 646 1122 1117 
1278 646 647 1120 1122 
1279 1122 1120 1105 1121 
1280 1117 1122 1121 1106 
1281 1105 1123 1124 1121 
1282 1123 50 51 1124 
1283 1124 51 52 1118 
1284 1121 1124 1118 1106 
1285 1104 1125 1127 1126 
1286 1125 643 644 1127 
1287 1127 644 645 1116 
1288 1126 1127 1116 1103 
1289 1104 1126 1129 1128 
1290 1126 1103 1115 1129 
1291 1129 1115 52 53 
1292 1128 1129 53 54 
1293 54 55 1132 1128 
1294 55 56 1130 1132 
1295 1132 1130 1108 1131 
1296 1128 1132 1131 1104 
1297 50 1123 1135 49 
1298 1123 1105 1133 1135 
1299 1135 1133 1107 1134 
1300 49 1135 1134 48 
1301 647 648 1136 1120 
1302 648 649 1113 1136 
1303 1136 1113 1107 1133 
1304 1120 1136 1133 1105 
1305 643 1125 1137 642 
1306 1125 1104 1131 1137 
1307 1137 1131 1108 1109 
1308 642 1137 1109 641 
1309 48 1134 1138 47 
1310 1134 1107 1112 1138 
1311 1138 1112 652 653 
1312 47 1138 653 5 
1313 6 637 1139 57 
1314 637 638 1110 1139 
1315 1139 1110 1108 1130 
1316 57 1139 1130 56 
2 6 3 76
1317 1147 1150 1154 1153 
1318 1150 1149 1151 1154 
1319 1154 1151 511 1152 
1320 1153 1154 1152 1145 
1321 8 1155 1157 72 
1322 1155 1147 1153 1157 
1323 1157 1153 1145 1156 
1324 72 1157 1156 71 
1325 1146 1158 1161 1160 
1326 1158 59 60 1161 
1327 1161 60 61 1159 
1328 1160 1161 1159 1140 
1329 1140 1159 1164 1163 
1330 1159 61 62 1164 
1331 1164 62 63 1162 
1332 1163 1164 1162 1141 
1333 1141 1162 1167 1166 
1334 1162 63 64 1167 
1335 1167 64 65 1165 
1336 1166 1167 1165 1142 
1337 1142 1165 1170 1169 
1338 1165 65 66 1170 
1339 1170 66 67 1168 
1340 1169 1170 1168 1143 
1341 1143 1168 1173 1172 
1342 1168 67 68 1173 
1343 1173 68 69 1171 
1344 1172 1173 1171 1144 
1345 1144 1171 1175 1174 
1346 1171 69 70 1175 
1347 1175 70 71 1156 
1348 1174 1175 1156 1145 
1349 511 512 1177 1152 
1350 512 513 1176 1177 
1351 1177 1176 1144 1174 
1352 1152 1177 1174 1145 
1353 513 514 1179 1176 
1354 514 515 1178 1179 
1355 1179 1178 1143 1172 
1356 1176 1179 1172 1144 
1357 515 516 1181 1178 
1358 516 517 1180 1181 
1359 1181 1180 1142 1169 
1360 1178 1181 1169 1143 
1361 517 518 1183 1180 
1362 518 519 1182 1183 
1363 1183 1182 1141 1166 
1364 1180 1183 1166 1142 
1365 1148 1184 1187 1186 
1366 1184 1140 1185 1187 
1367 1187 1185 521 522 
1368 1186 1187 522 523 
1369 519 520 1188 1182 
1370 520 521 1185 1188 
1371 1188 1185 1140 1163 
1372 1182 1188 1163 1141 
1373 59 1158 1190 58 
1374 1158 1146 1189 1190 
1375 1190 1189 508 509 
1376 58 1190 509 7 
1377 523 524 1192 1186 
1378 524 16 507 1192 
1379 1192 507 508 1191 
1380 1186 1192 1191 1148 
1381 511 1151 1194 510 
1382 1151 1149 1193 1194 
1383 1194 1193 526 527 
1384 510 1194 527 17 
1385 1140 1184 1195 1160 
1386 1184 1148 1191 1195 
1387 1195 1191 508 1189 
1388 1160 1195 1189 1146 
1389 8 525 1196 1155 
1390 525 526 1193 1196 
1391 1196 1193 1149 1150 
1392 1155 1196 1150 1147 
2 7 3 68
1393 576 577 1207 1206 
1394 577 9 73 1207 
1395 1207 73 74 1205 
1396 1206 1207 1205 1203 
1397 594 595 1210 1209 
1398 595 19 578 1210 
1399 1210 578 579 1208 
1400 1209 1210 1208 1204 
1401 594 1209 1212 593 
1402 1209 1204 1211 1212 
1403 1212 1211 86 87 
1404 593 1212 87 10 
1405 576 1206 1214 575 
1406 1206 1203 1213 1214 
1407 1214 1213 591 592 
1408 575 1214 592 18 
1409 1202 1215 1218 1217 
1410 1215 1201 1216 1218 
1411 1218 1216 82 83 
1412 1217 1218 83 84 
1413 1202 1219 1221 1215 
1414 1219 581 582 1221 
1415 1221 582 583 1220 
1416 1215 1221 1220 1201 
1417 585 586 1225 1224 
1418 586 587 1222 1225 
1419 1225 1222 1198 1223 
1420 1224 1225 1223 1199 
1421 587 588 1228 1222 
1422 588 589 1226 1228 
1423 1228 1226 1197 1227 
1424 1222 1228 1227 1198 
1425 78 1229 1231 77 
1426 1229 1198 1227 1231 
1427 1231 1227 1197 1230 
1428 77 1231 1230 76 
1429 80 1232 1233 79 
1430 1232 1199 1223 1233 
1431 1233 1223 1198 1229 
1432 79 1233 1229 78 
1433 583 1234 1236 1220 
1434 1234 1200 1235 1236 
1435 1236 1235 82 1216 
1436 1220 1236 1216 1201 
1437 1199 1232 1238 1237 
1438 1232 80 81 1238 
1439 1238 81 82 1235 
1440 1237 1238 1235 1200 
1441 1199 1237 1239 1224 
1442 1237 1200 1234 1239 
1443 1239 1234 583 584 
1444 1224 1239 584 585 
1445 581 1219 1241 580 
1446 1219 1202 1240 1241 
1447 1241 1240 1204 1208 
1448 580 1241 1208 579 
1449 76 1230 1243 75 
1450 1230 1197 1242 1243 
1451 1243 1242 1203 1205 
1452 75 1243 1205 74 
1453 589 590 1244 1226 
1454 590 591 1213 1244 
1455 1244 1213 1203 1242 
1456 1226 1244 1242 1197 
1457 84 85 1245 1217 
1458 85 86 1211 1245 
1459 1245 1211 1204 1240 
1460 1217 1245 1240 1202 
2 8 3 8652
1461 2520 3233 3237 3236 
1462 3233 2073 3234 3237 
1463 3237 3234 3132 3235 
1464 3236 3237 3235 2518 
1465 3023 3238 3242 3241 
1466 3238 2149 3239 3242 
1467 3242 3239 2610 3240 
1468 3241 3242 3240 1423 
1469 2003 3243 3247 3246 
1470 3243 2291 3244 3247 
1471 3247 3244 2292 3245 
1472 3246 3247 3245 2004 
1473 2674 3248 3252 3251 
1474 3248 2187 3249 3252 
1475 3252 3249 2675 3250 
1476 3251 3252 3250 1896 
1477 444 445 3256 3255 
1478 445 446 3253 3256 
1479 3256 3253 2256 3254 
1480 3255 3256 3254 2521 
1481 446 447 3259 3253 
1482 447 448 3257 3259 
1483 3259 3257 1361 3258 
1484 3253 3259 3258 2256 
1485 1307 3260 3263 3262 
1486 3260 2300 3261 3263 
1487 3263 3261 2073 3233 
1488 3262 3263 3233 2520 
1489 607 3264 3267 608 
1490 3264 2261 3265 3267 
1491 3267 3265 2700 3266 
1492 608 3267 3266 609 
1493 2865 3268 3272 3271 
1494 3268 2407 3269 3272 
1495 3272 3269 2412 3270 
1496 3271 3272 3270 2413 
1497 2841 3273 3277 3276 
1498 3273 1539 3274 3277 
1499 3277 3274 2844 3275 
1500 3276 3277 3275 2184 
1501 3001 3278 3282 3281 
1502 3278 2150 3279 3282 
1503 3282 3279 2634 3280 
1504 3281 3282 3280 2857 
1505 3078 3283 3287 3286 
1506 3283 1344 3284 3287 
1507 3287 3284 2805 3285 
1508 3286 3287 3285 2580 
1509 2399 3288 3292 3291 
1510 3288 1853 3289 3292 
1511 3292 3289 2812 3290 
1512 3291 3292 3290 2298 
1513 2273 3293 3297 3296 
1514 3293 2316 3294 3297 
1515 3297 3294 3129 3295 
1516 3296 3297 3295 2532 
1517 1295 3298 3302 3301 
1518 3298 2375 3299 3302 
1519 3302 3299 2374 3300 
1520 3301 3302 3300 2892 
1521 3229 3303 3307 3306 
1522 3303 2233 3304 3307 
1523 3307 3304 2261 3305 
1524 3306 3307 3305 1565 
1525 2441 3308 3312 3311 
1526 3308 2439 3309 3312 
1527 3312 3309 2216 3310 
1528 3311 3312 3310 2854 
1529 2342 3313 3317 3316 
1530 3313 1586 3314 3317 
1531 3317 3314 2925 3315 
1532 3316 3317 3315 2532 
1533 2441 3318 3322 3321 
1534 3318 2707 3319 3322 
1535 3322 3319 1837 3320 
1536 3321 3322 3320 2442 
1537 3067 3323 3327 3326 
1538 3323 2851 3324 3327 
1539 3327 3324 2124 3325 
1540 3326 3327 3325 1938 
1541 1543 3328 3331 3330 
1542 3328 2634 3279 3331 
1543 3331 3279 2150 3329 
1544 3330 3331 3329 2855 
1545 2547 3332 3336 3335 
1546 3332 2550 3333 3336 
1547 3336 3333 2163 3334 
1548 3335 3336 3334 2996 
1549 2096 3337 3341 3340 
1550 3337 2484 3338 3341 
1551 3341 3338 2213 3339 
1552 3340 3341 3339 2742 
1553 2005 3342 3346 3345 
1554 3342 2588 3343 3346 
1555 3346 3343 2589 3344 
1556 3345 3346 3344 2006 
1557 2036 3347 3351 3350 
1558 3347 2523 3348 3351 
1559 3351 3348 1931 3349 
1560 3350 3351 3349 1898 
1561 2516 3352 3356 3355 
1562 3352 2252 3353 3356 
1563 3356 3353 2371 3354 
1564 3355 3356 3354 1736 
1565 2808 3357 3361 3360 
1566 3357 2201 3358 3361 
1567 3361 3358 2923 3359 
1568 3360 3361 3359 1566 
1569 594 595 3365 3364 
1570 595 19 3362 3365 
1571 3365 3362 2039 3363 
1572 3364 3365 3363 3009 
1573 1543 3366 3369 3368 
1574 3366 2322 3367 3369 
1575 3369 3367 474 475 
1576 3368 3369 475 476 
1577 2256 3258 3373 3372 
1578 3258 1361 3370 3373 
1579 3373 3370 2862 3371 
1580 3372 3373 3371 2208 
1581 2322 3366 3376 3375 
1582 3366 1543 3330 3376 
1583 3376 3330 2855 3374 
1584 3375 3376 3374 2220 
1585 2298 3377 3380 3291 
1586 3377 2296 3378 3380 
1587 3380 3378 1668 3379 
1588 3291 3380 3379 2399 
1589 2304 3381 3385 3384 
1590 3381 2218 3382 3385 
1591 3385 3382 2775 3383 
1592 3384 3385 3383 1313 
1593 2304 3386 3390 3389 
1594 3386 1790 3387 3390 
1595 3390 3387 2976 3388 
1596 3389 3390 3388 2219 
1597 3006 3391 3395 3394 
1598 3391 1645 3392 3395 
1599 3395 3392 2964 3393 
1600 3394 3395 3393 2282 
1601 1264 3396 3399 3398 
1602 3396 1263 3397 3399 
1603 3399 3397 623 622 
1604 3398 3399 622 21 
1605 638 637 3402 3401 
1606 637 6 636 3402 
1607 3402 636 635 3400 
1608 3401 3402 3400 2961 
1609 3136 3403 3407 3406 
1610 3403 2300 3404 3407 
1611 3407 3404 2995 3405 
1612 3406 3407 3405 2099 
1613 1980 3408 3411 3410 
1614 3408 2808 3360 3411 
1615 3411 3360 1566 3409 
1616 3410 3411 3409 2749 
1617 2959 3412 3416 3415 
1618 3412 1904 3413 3416 
1619 3416 3413 2333 3414 
1620 3415 3416 3414 2267 
1621 2308 3417 3421 3420 
1622 3417 1713 3418 3421 
1623 3421 3418 3051 3419 
1624 3420 3421 3419 2321 
1625 2707 3318 3424 3423 
1626 3318 2441 3311 3424 
1627 3424 3311 2854 3422 
1628 3423 3424 3422 1832 
1629 3006 3425 3428 3427 
1630 3425 3064 3426 3428 
1631 3428 3426 2844 3274 
1632 3427 3428 3274 1539 
1633 2838 3429 3433 3432 
1634 3429 2040 3430 3433 
1635 3433 3430 2884 3431 
1636 3432 3433 3431 2534 
1637 2309 3434 3437 3436 
1638 3434 2768 3435 3437 
1639 3437 3435 1586 3313 
1640 3436 3437 3313 2342 
1641 1910 3438 3442 3441 
1642 3438 2359 3439 3442 
1643 3442 3439 2336 3440 
1644 3441 3442 3440 2338 
1645 2207 3443 3447 3446 
1646 3443 2980 3444 3447 
1647 3447 3444 2385 3445 
1648 3446 3447 3445 2266 
1649 2283 3448 3451 3450 
1650 3448 1998 3449 3451 
1651 3451 3449 1896 3250 
1652 3450 3451 3250 2675 
1653 438 439 3455 3454 
1654 439 440 3452 3455 
1655 3455 3452 2524 3453 
1656 3454 3455 3453 2833 
1657 2057 3456 3460 3459 
1658 3456 2840 3457 3460 
1659 3460 3457 1743 3458 
1660 3459 3460 3458 2306 
1661 2310 3461 3464 3463 
1662 3461 1668 3378 3464 
1663 3464 3378 2296 3462 
1664 3463 3464 3462 2240 
1665 489 3465 3468 3467 
1666 3465 2385 3444 3468 
1667 3468 3444 2980 3466 
1668 3467 3468 3466 1341 
1669 2254 3469 3473 3472 
1670 3469 2467 3470 3473 
1671 3473 3470 2468 3471 
1672 3472 3473 3471 1293 
1673 472 473 3476 3475 
1674 473 474 3367 3476 
1675 3476 3367 2322 3474 
1676 3475 3476 3474 2911 
1677 2522 3477 3481 3480 
1678 3477 2523 3478 3481 
1679 3481 3478 2524 3479 
1680 3480 3481 3479 1339 
1681 2381 3482 3486 3485 
1682 3482 2094 3483 3486 
1683 3486 3483 2384 3484 
1684 3485 3486 3484 2383 
1685 594 3364 3488 593 
1686 3364 3009 3487 3488 
1687 3488 3487 597 596 
1688 593 3488 596 10 
1689 1891 3489 3493 3492 
1690 3489 2822 3490 3493 
1691 3493 3490 2596 3491 
1692 3492 3493 3491 2733 
1693 2892 3300 3497 3496 
1694 3300 2374 3494 3497 
1695 3497 3494 2635 3495 
1696 3496 3497 3495 3043 
1697 1339 3479 3499 3498 
1698 3479 2524 3452 3499 
1699 3499 3452 440 441 
1700 3498 3499 441 442 
1701 2775 3500 3504 3503 
1702 3500 2165 3501 3504 
1703 3504 3501 2270 3502 
1704 3503 3504 3502 2927 
1705 2805 3505 3508 3507 
1706 3505 173 174 3508 
1707 3508 174 175 3506 
1708 3507 3508 3506 2584 
1709 1436 3509 3513 3512 
1710 3509 2772 3510 3513 
1711 3513 3510 1363 3511 
1712 3512 3513 3511 1365 
1713 2611 3514 3518 3517 
1714 3514 2615 3515 3518 
1715 3518 3515 3148 3516 
1716 3517 3518 3516 1422 
1717 3040 3519 3523 3522 
1718 3519 2376 3520 3523 
1719 3523 3520 2377 3521 
1720 3522 3523 3521 3103 
1721 2841 3276 3527 3526 
1722 3276 2184 3524 3527 
1723 3527 3524 2269 3525 
1724 3526 3527 3525 2836 
1725 3176 3528 3532 3531 
1726 3528 3168 3529 3532 
1727 3532 3529 2054 3530 
1728 3531 3532 3530 2515 
1729 2410 3533 3537 3536 
1730 3533 2938 3534 3537 
1731 3537 3534 1868 3535 
1732 3536 3537 3535 2960 
1733 1863 3538 3542 3541 
1734 3538 1949 3539 3542 
1735 3542 3539 3165 3540 
1736 3541 3542 3540 2670 
1737 2519 3543 3547 3546 
1738 3543 1942 3544 3547 
1739 3547 3544 3073 3545 
1740 3546 3547 3545 2204 
1741 679 3548 3551 680 
1742 3548 2272 3549 3551 
1743 3551 3549 2343 3550 
1744 680 3551 3550 681 
1745 2404 3552 3556 3555 
1746 3552 2402 3553 3556 
1747 3556 3553 2411 3554 
1748 3555 3556 3554 2412 
1749 2290 3557 3561 3560 
1750 3557 2324 3558 3561 
1751 3561 3558 2789 3559 
1752 3560 3561 3559 1712 
1753 3160 3562 3566 3565 
1754 3562 2372 3563 3566 
1755 3566 3563 2371 3564 
1756 3565 3566 3564 2253 
1757 2675 3567 3570 3450 
1758 3567 2141 3568 3570 
1759 3570 3568 2860 3569 
1760 3450 3570 3569 2283 
1761 2490 3571 3575 3574 
1762 3571 2121 3572 3575 
1763 3575 3572 2978 3573 
1764 3574 3575 3573 2491 
1765 638 3401 3578 639 
1766 3401 2961 3576 3578 
1767 3578 3576 2037 3577 
1768 639 3578 3577 22 
1769 2442 3320 3582 3581 
1770 3320 1837 3579 3582 
1771 3582 3579 2576 3580 
1772 3581 3582 3580 2444 
1773 2466 3583 3587 3586 
1774 3583 2471 3584 3587 
1775 3587 3584 2469 3585 
1776 3586 3587 3585 2467 
1777 2481 3588 3592 3591 
1778 3588 1835 3589 3592 
1779 3592 3589 2784 3590 
1780 3591 3592 3590 2487 
1781 3063 3593 3597 3596 
1782 3593 2285 3594 3597 
1783 3597 3594 1999 3595 
1784 3596 3597 3595 2301 
1785 1467 3598 3601 3600 
1786 3598 2717 3599 3601 
1787 3601 3599 2124 3324 
1788 3600 3601 3324 2851 
1789 2000 3602 3606 3605 
1790 3602 2434 3603 3606 
1791 3606 3603 2835 3604 
1792 3605 3606 3604 2972 
1793 173 3505 3608 172 
1794 3505 2805 3284 3608 
1795 3608 3284 1344 3607 
1796 172 3608 3607 171 
1797 2964 3392 3612 3611 
1798 3392 1645 3609 3612 
1799 3612 3609 2926 3610 
1800 3611 3612 3610 2260 
1801 2670 3613 3617 3616 
1802 3613 2243 3614 3617 
1803 3617 3614 2977 3615 
1804 3616 3617 3615 2106 
1805 2589 3618 3621 3344 
1806 3618 3026 3619 3621 
1807 3621 3619 3058 3620 
1808 3344 3621 3620 2006 
1809 2065 3622 3625 3624 
1810 3622 2745 3623 3625 
1811 3625 3623 2165 3500 
1812 3624 3625 3500 2775 
1813 576 577 3628 3627 
1814 577 9 574 3628 
1815 3628 574 573 3626 
1816 3627 3628 3626 3085 
1817 2361 3629 3633 3632 
1818 3629 2431 3630 3633 
1819 3633 3630 1770 3631 
1820 3632 3633 3631 2773 
1821 609 3266 3636 610 
1822 3266 2700 3634 3636 
1823 3636 3634 1293 3635 
1824 610 3636 3635 611 
1825 388 389 3640 3639 
1826 389 390 3637 3640 
1827 3640 3637 1580 3638 
1828 3639 3640 3638 2549 
1829 613 3641 3644 614 
1830 3641 2468 3642 3644 
1831 3644 3642 1976 3643 
1832 614 3644 3643 615 
1833 2552 3645 3649 3648 
1834 3645 2539 3646 3649 
1835 3649 3646 2551 3647 
1836 3648 3649 3647 2721 
1837 2564 3650 3654 3653 
1838 3650 2347 3651 3654 
1839 3654 3651 3215 3652 
1840 3653 3654 3652 1984 
1841 485 484 3658 3657 
1842 484 15 3655 3658 
1843 3658 3655 3077 3656 
1844 3657 3658 3656 1272 
1845 652 3659 3661 653 
1846 3659 2983 3660 3661 
1847 3661 3660 655 654 
1848 653 3661 654 5 
1849 3104 3662 3666 3665 
1850 3662 1292 3663 3666 
1851 3666 3663 3076 3664 
1852 3665 3666 3664 2193 
1853 2721 3667 3670 3648 
1854 3667 1747 3668 3670 
1855 3670 3668 3210 3669 
1856 3648 3670 3669 2552 
1857 1634 3671 3675 3674 
1858 3671 2551 3672 3675 
1859 3675 3672 1844 3673 
1860 3674 3675 3673 1636 
1861 1544 3676 3679 3678 
1862 3676 332 333 3679 
1863 3679 333 334 3677 
1864 3678 3679 3677 2834 
1865 2286 3680 3684 3683 
1866 3680 1547 3681 3684 
1867 3684 3681 3004 3682 
1868 3683 3684 3682 2287 
1869 3007 3685 3689 3688 
1870 3685 1847 3686 3689 
1871 3689 3686 3069 3687 
1872 3688 3689 3687 2241 
1873 2129 3690 3694 3693 
1874 3690 2875 3691 3694 
1875 3694 3691 1486 3692 
1876 3693 3694 3692 2870 
1877 730 729 3697 3696 
1878 729 2 728 3697 
1879 3697 728 727 3695 
1880 3696 3697 3695 3044 
1881 2570 3698 3702 3701 
1882 3698 2214 3699 3702 
1883 3702 3699 3199 3700 
1884 3701 3702 3700 2782 
1885 1590 3703 3707 3706 
1886 3703 1551 3704 3707 
1887 3707 3704 1851 3705 
1888 3706 3707 3705 2472 
1889 1499 3708 3712 3711 
1890 3708 2378 3709 3712 
1891 3712 3709 2698 3710 
1892 3711 3712 3710 1449 
1893 2368 3713 3717 3716 
1894 3713 2752 3714 3717 
1895 3717 3714 1812 3715 
1896 3716 3717 3715 2449 
1897 1255 3718 3722 3721 
1898 3718 2888 3719 3722 
1899 3722 3719 2499 3720 
1900 3721 3722 3720 2497 
1901 1688 3723 3727 3726 
1902 3723 1690 3724 3727 
1903 3727 3724 1791 3725 
1904 3726 3727 3725 2601 
1905 2950 3728 3732 3731 
1906 3728 2113 3729 3732 
1907 3732 3729 3016 3730 
1908 3731 3732 3730 2527 
1909 1484 3733 3737 3736 
1910 3733 2307 3734 3737 
1911 3737 3734 2135 3735 
1912 3736 3737 3735 2771 
1913 526 3738 3740 525 
1914 3738 3066 3739 3740 
1915 3740 3739 529 528 
1916 525 3740 528 8 
1917 328 3741 3744 327 
1918 3741 2613 3742 3744 
1919 3744 3742 3111 3743 
1920 327 3744 3743 326 
1921 2358 3745 3749 3748 
1922 3745 2351 3746 3749 
1923 3749 3746 1514 3747 
1924 3748 3749 3747 2993 
1925 2094 3482 3753 3752 
1926 3482 2381 3750 3753 
1927 3753 3750 2379 3751 
1928 3752 3753 3751 2573 
1929 1353 3754 3758 3757 
1930 3754 2178 3755 3758 
1931 3758 3755 2274 3756 
1932 3757 3758 3756 1939 
1933 1791 3759 3762 3725 
1934 3759 3103 3760 3762 
1935 3762 3760 2602 3761 
1936 3725 3762 3761 2601 
1937 2834 3763 3766 3678 
1938 3763 2238 3764 3766 
1939 3766 3764 2894 3765 
1940 3678 3766 3765 1544 
1941 2252 3352 3770 3769 
1942 3352 2516 3767 3770 
1943 3770 3767 2730 3768 
1944 3769 3770 3768 2068 
1945 652 651 3773 3659 
1946 651 23 3771 3773 
1947 3773 3771 2001 3772 
1948 3659 3773 3772 2983 
1949 3084 3774 3778 3777 
1950 3774 2202 3775 3778 
1951 3778 3775 3124 3776 
1952 3777 3778 3776 2160 
1953 2493 3779 3783 3782 
1954 3779 2525 3780 3783 
1955 3783 3780 2984 3781 
1956 3782 3783 3781 2090 
1957 2601 3784 3787 3726 
1958 3784 2598 3785 3787 
1959 3787 3785 1686 3786 
1960 3726 3787 3786 1688 
1961 2274 3788 3791 3790 
1962 3788 503 502 3791 
1963 3791 502 501 3789 
1964 3790 3791 3789 2275 
1965 1252 3792 3795 3794 
1966 3792 2310 3463 3795 
1967 3795 3463 2240 3793 
1968 3794 3795 3793 2289 
1969 2716 3796 3800 3799 
1970 3796 2049 3797 3800 
1971 3800 3797 2408 3798 
1972 3799 3800 3798 2865 
1973 2123 3801 3805 3804 
1974 3801 2862 3802 3805 
1975 3805 3802 2130 3803 
1976 3804 3805 3803 2793 
1977 2802 3806 3809 3808 
1978 3806 1470 3807 3809 
1979 3809 3807 2836 3525 
1980 3808 3809 3525 2269 
1981 2188 3810 3814 3813 
1982 3810 3048 3811 3814 
1983 3814 3811 1276 3812 
1984 3813 3814 3812 2989 
1985 3149 3815 3819 3818 
1986 3815 2186 3816 3819 
1987 3819 3816 3177 3817 
1988 3818 3819 3817 2387 
1989 1974 3820 3824 3823 
1990 3820 2250 3821 3824 
1991 3824 3821 3154 3822 
1992 3823 3824 3822 2249 
1993 576 3627 3827 575 
1994 3627 3085 3825 3827 
1995 3827 3825 2000 3826 
1996 575 3827 3826 18 
1997 2588 3342 3831 3830 
1998 3342 2005 3828 3831 
1999 3831 3828 3126 3829 
2000 3830 3831 3829 3075 
2001 2544 3832 3836 3835 
2002 3832 2546 3833 3836 
2003 3836 3833 2548 3834 
2004 3835 3836 3834 1836 
2005 2781 3837 3841 3840 
2006 3837 3052 3838 3841 
2007 3841 3838 1254 3839 
2008 3840 3841 3839 2842 
2009 2547 3842 3846 3845 
2010 3842 2545 3843 3846 
2011 3846 3843 2554 3844 
2012 3845 3846 3844 1343 
2013 28 760 3850 3849 
2014 760 759 3847 3850 
2015 3850 3847 2273 3848 
2016 3849 3850 3848 1261 
2017 2991 3851 3855 3854 
2018 3851 2514 3852 3855 
2019 3855 3852 3131 3853 
2020 3854 3855 3853 2712 
2021 1631 3856 3860 3859 
2022 3856 2488 3857 3860 
2023 3860 3857 2784 3858 
2024 3859 3860 3858 1629 
2025 2540 3861 3865 3864 
2026 3861 2542 3862 3865 
2027 3865 3862 2606 3863 
2028 3864 3865 3863 1844 
2029 2366 3866 3869 3868 
2030 3866 1738 3867 3869 
2031 3869 3867 2752 3713 
2032 3868 3869 3713 2368 
2033 686 3870 3873 687 
2034 3870 3090 3871 3873 
2035 3873 3871 1970 3872 
2036 687 3873 3872 24 
2037 2026 3874 3878 3877 
2038 3874 2861 3875 3878 
2039 3878 3875 3142 3876 
2040 3877 3878 3876 2491 
2041 2730 3879 3883 3882 
2042 3879 2257 3880 3883 
2043 3883 3880 3219 3881 
2044 3882 3883 3881 2058 
2045 2288 3884 3887 3886 
2046 3884 2287 3682 3887 
2047 3887 3682 3004 3885 
2048 3886 3887 3885 1957 
2049 2336 3888 3891 3440 
2050 3888 1297 3889 3891 
2051 3891 3889 2676 3890 
2052 3440 3891 3890 2338 
2053 1965 3892 3896 3895 
2054 3892 2703 3893 3896 
2055 3896 3893 3227 3894 
2056 3895 3896 3894 2350 
2057 2698 3897 3901 3900 
2058 3897 2326 3898 3901 
2059 3901 3898 3162 3899 
2060 3900 3901 3899 1824 
2061 1394 3902 3906 3905 
2062 3902 3005 3903 3906 
2063 3906 3903 2054 3904 
2064 3905 3906 3904 1373 
2065 2109 3907 3910 3909 
2066 3907 3023 3241 3910 
2067 3910 3241 1423 3908 
2068 3909 3910 3908 2632 
2069 2875 3911 3913 3691 
2070 3911 2260 3610 3913 
2071 3913 3610 2926 3912 
2072 3691 3913 3912 1486 
2073 2409 3914 3917 3916 
2074 3914 2410 3536 3917 
2075 3917 3536 2960 3915 
2076 3916 3917 3915 2563 
2077 2203 3918 3922 3921 
2078 3918 3191 3919 3922 
2079 3922 3919 2640 3920 
2080 3921 3922 3920 1338 
2081 1615 3923 3927 3926 
2082 3923 1617 3924 3927 
2083 3927 3924 1768 3925 
2084 3926 3927 3925 2576 
2085 1674 3928 3931 3930 
2086 3928 2360 3929 3931 
2087 3931 3929 2431 3629 
2088 3930 3931 3629 2361 
2089 2411 3932 3936 3935 
2090 3932 1559 3933 3936 
2091 3936 3933 2604 3934 
2092 3935 3936 3934 2390 
2093 1774 3937 3941 3940 
2094 3937 3143 3938 3941 
2095 3941 3938 2569 3939 
2096 3940 3941 3939 2566 
2097 2512 3942 3946 3945 
2098 3942 2182 3943 3946 
2099 3946 3943 2570 3944 
2100 3945 3946 3944 3100 
2101 1614 3947 3951 3950 
2102 3947 1612 3948 3951 
2103 3951 3948 2502 3949 
2104 3950 3951 3949 2637 
2105 2327 3952 3956 3955 
2106 3952 2344 3953 3956 
2107 3956 3953 2609 3954 
2108 3955 3956 3954 1265 
2109 503 3788 3958 504 
2110 3788 2274 3755 3958 
2111 3958 3755 2178 3957 
2112 504 3958 3957 505 
2113 2324 3959 3963 3962 
2114 3959 2323 3960 3963 
2115 3963 3960 2464 3961 
2116 3962 3963 3961 1894 
2117 2515 3964 3968 3967 
2118 3964 2331 3965 3968 
2119 3968 3965 2329 3966 
2120 3967 3968 3966 1975 
2121 2888 3718 3972 3971 
2122 3718 1255 3969 3972 
2123 3972 3969 3180 3970 
2124 3971 3972 3970 2251 
2125 1638 3973 3977 3976 
2126 3973 2606 3974 3977 
2127 3977 3974 1836 3975 
2128 3976 3977 3975 1640 
2129 2550 3332 3980 3979 
2130 3332 2547 3845 3980 
2131 3980 3845 1343 3978 
2132 3979 3980 3978 2549 
2133 424 425 3983 3982 
2134 425 426 3981 3983 
2135 3983 3981 1338 3920 
2136 3982 3983 3920 2640 
2137 1254 3984 3987 3986 
2138 3984 2667 3985 3987 
2139 3987 3985 309 310 
2140 3986 3987 310 311 
2141 2680 3988 3991 3990 
2142 3988 2596 3490 3991 
2143 3991 3490 2822 3989 
2144 3990 3991 3989 1555 
2145 2155 3992 3995 3994 
2146 3992 2747 3993 3995 
2147 3995 3993 1738 3866 
2148 3994 3995 3866 2366 
2149 3155 3996 4000 3999 
2150 3996 2471 3997 4000 
2151 4000 3997 3061 3998 
2152 3999 4000 3998 1780 
2153 2109 3909 4004 4003 
2154 3909 2632 4001 4004 
2155 4004 4001 2906 4002 
2156 4003 4004 4002 2153 
2157 2724 4005 4009 4008 
2158 4005 2436 4006 4009 
2159 4009 4006 2501 4007 
2160 4008 4009 4007 1761 
2161 2693 4010 4014 4013 
2162 4010 1705 4011 4014 
2163 4014 4011 3021 4012 
2164 4013 4014 4012 2311 
2165 2275 4015 4019 4018 
2166 4015 1601 4016 4019 
2167 4019 4016 3153 4017 
2168 4018 4019 4017 3068 
2169 2987 4020 4024 4023 
2170 4020 1778 4021 4024 
2171 4024 4021 2986 4022 
2172 4023 4024 4022 2649 
2173 340 4025 4027 339 
2174 4025 2310 3792 4027 
2175 4027 3792 1252 4026 
2176 339 4027 4026 338 
2177 689 688 4031 4030 
2178 688 24 4028 4031 
2179 4031 4028 1328 4029 
2180 4030 4031 4029 1327 
2181 2278 4032 4036 4035 
2182 4032 1436 4033 4036 
2183 4036 4033 2792 4034 
2184 4035 4036 4034 2682 
2185 2027 4037 4041 4040 
2186 4037 2828 4038 4041 
2187 4041 4038 1500 4039 
2188 4040 4041 4039 2741 
2189 3097 4042 4046 4045 
2190 4042 2279 4043 4046 
2191 4046 4043 3158 4044 
2192 4045 4046 4044 1533 
2193 1864 4047 4050 4049 
2194 4047 2594 4048 4050 
2195 4050 4048 2596 3988 
2196 4049 4050 3988 2680 
2197 1667 4051 4054 4053 
2198 4051 737 736 4054 
2199 4054 736 735 4052 
2200 4053 4054 4052 2295 
2201 2299 4055 4059 4058 
2202 4055 2767 4056 4059 
2203 4059 4056 2798 4057 
2204 4058 4059 4057 1655 
2205 2489 4060 4064 4063 
2206 4060 2479 4061 4064 
2207 4064 4061 2488 4062 
2208 4063 4064 4062 1867 
2209 2495 4065 4069 4068 
2210 4065 1796 4066 4069 
2211 4069 4066 2706 4067 
2212 4068 4069 4067 2494 
2213 3222 4070 4074 4073 
2214 4070 2315 4071 4074 
2215 4074 4071 3014 4072 
2216 4073 4074 4072 1951 
2217 2427 4075 4079 4078 
2218 4075 1991 4076 4079 
2219 4079 4076 2426 4077 
2220 4078 4079 4077 2319 
2221 2343 3549 4083 4082 
2222 3549 2272 4080 4083 
2223 4083 4080 2172 4081 
2224 4082 4083 4081 3196 
2225 2724 4084 4087 4005 
2226 4084 1545 4085 4087 
2227 4087 4085 2835 4086 
2228 4005 4087 4086 2436 
2229 2427 4078 4091 4090 
2230 4078 2319 4088 4091 
2231 4091 4088 2306 4089 
2232 4090 4091 4089 2953 
2233 2933 4092 4096 4095 
2234 4092 1325 4093 4096 
2235 4096 4093 3195 4094 
2236 4095 4096 4094 2271 
2237 3057 4097 4101 4100 
2238 4097 2470 4098 4101 
2239 4101 4098 3155 4099 
2240 4100 4101 4099 2811 
2241 2543 4102 4106 4105 
2242 4102 2541 4103 4106 
2243 4106 4103 2553 4104 
2244 4105 4106 4104 1577 
2245 3015 4107 4111 4110 
2246 4107 2454 4108 4111 
2247 4111 4108 3026 4109 
2248 4110 4111 4109 2970 
2249 1991 4112 4115 4076 
2250 4112 1782 4113 4115 
2251 4115 4113 1662 4114 
2252 4076 4115 4114 2426 
2253 3163 4116 4120 4119 
2254 4116 2215 4117 4120 
2255 4120 4117 2216 4118 
2256 4119 4120 4118 3174 
2257 2563 4121 4124 3916 
2258 4121 1583 4122 4124 
2259 4124 4122 2677 4123 
2260 3916 4124 4123 2409 
2261 2781 3840 4128 4127 
2262 3840 2842 4125 4128 
2263 4128 4125 2743 4126 
2264 4127 4128 4126 2190 
2265 2213 3338 4132 4131 
2266 3338 2484 4129 4132 
2267 4132 4129 2558 4130 
2268 4131 4132 4130 1429 
2269 1674 4133 4136 3928 
2270 4133 1729 4134 4136 
2271 4136 4134 1910 4135 
2272 3928 4136 4135 2360 
2273 2268 4137 4141 4140 
2274 4137 2333 4138 4141 
2275 4141 4138 2703 4139 
2276 4140 4141 4139 3019 
2277 741 4142 4145 742 
2278 4142 1286 4143 4145 
2279 4145 4143 1373 4144 
2280 742 4145 4144 27 
2281 1749 4146 4150 4149 
2282 4146 2325 4147 4150 
2283 4150 4147 2378 4148 
2284 4149 4150 4148 1598 
2285 2523 3477 4153 3348 
2286 3477 2522 4151 4153 
2287 4153 4151 3156 4152 
2288 3348 4153 4152 1931 
2289 2130 3802 4156 4155 
2290 3802 2862 3370 4156 
2291 4156 3370 1361 4154 
2292 4155 4156 4154 3012 
2293 2490 4157 4160 4159 
2294 4157 262 263 4160 
2295 4160 263 264 4158 
2296 4159 4160 4158 2492 
2297 2977 3614 4164 4163 
2298 3614 2243 4161 4164 
2299 4164 4161 3123 4162 
2300 4163 4164 4162 1273 
2301 2411 4165 4167 3554 
2302 4165 2391 4166 4167 
2303 4167 4166 2413 3270 
2304 3554 4167 3270 2412 
2305 2678 4168 4172 4171 
2306 4168 1665 4169 4172 
2307 4172 4169 2655 4170 
2308 4171 4172 4170 2531 
2309 2467 3585 4174 3470 
2310 3585 2469 4173 4174 
2311 4174 4173 1976 3642 
2312 3470 4174 3642 2468 
2313 2316 3293 4176 4175 
2314 3293 2273 3847 4176 
2315 4176 3847 759 758 
2316 4175 4176 758 757 
2317 2258 4177 4181 4180 
2318 4177 2277 4178 4181 
2319 4181 4178 3052 4179 
2320 4180 4181 4179 2018 
2321 2789 3558 4184 4183 
2322 3558 2324 3962 4184 
2323 4184 3962 1894 4182 
2324 4183 4184 4182 2879 
2325 1519 4185 4189 4188 
2326 4185 1530 4186 4189 
2327 4189 4186 1769 4187 
2328 4188 4189 4187 2320 
2329 1284 4190 4194 4193 
2330 4190 1269 4191 4194 
2331 4194 4191 1870 4192 
2332 4193 4194 4192 2896 
2333 1694 4195 4198 4197 
2334 4195 2935 4196 4198 
2335 4198 4196 2376 3519 
2336 4197 4198 3519 3040 
2337 2327 4199 4202 3952 
2338 4199 1986 4200 4202 
2339 4202 4200 1985 4201 
2340 3952 4202 4201 2344 
2341 3038 4203 4207 4206 
2342 4203 2562 4204 4207 
2343 4207 4204 3114 4205 
2344 4206 4207 4205 2112 
2345 2446 4208 4211 4210 
2346 4208 2329 3965 4211 
2347 4211 3965 2331 4209 
2348 4210 4211 4209 2872 
2349 1556 4212 4215 4214 
2350 4212 1684 4213 4215 
2351 4215 4213 1864 4049 
2352 4214 4215 4049 2680 
2353 2567 4216 4220 4219 
2354 4216 2565 4217 4220 
2355 4220 4217 1340 4218 
2356 4219 4220 4218 2639 
2357 2669 4221 4225 4224 
2358 4221 2668 4222 4225 
2359 4225 4222 2820 4223 
2360 4224 4225 4223 2083 
2361 1577 4226 4228 4105 
2362 4226 2554 3843 4228 
2363 4228 3843 2545 4227 
2364 4105 4228 4227 2543 
2365 2267 4229 4233 4232 
2366 4229 2265 4230 4233 
2367 4233 4230 2264 4231 
2368 4232 4233 4231 1272 
2369 2124 3599 4237 4236 
2370 3599 2717 4234 4237 
2371 4237 4234 3214 4235 
2372 4236 4237 4235 3096 
2373 2291 4238 4241 3244 
2374 4238 1866 4239 4241 
2375 4241 4239 2704 4240 
2376 3244 4241 4240 2292 
2377 1987 4242 4246 4245 
2378 4242 2486 4243 4246 
2379 4246 4243 1393 4244 
2380 4245 4246 4244 2309 
2381 2323 4247 4250 3960 
2382 4247 2456 4248 4250 
2383 4250 4248 1493 4249 
2384 3960 4250 4249 2464 
2385 1380 4251 4254 4253 
2386 4251 1411 4252 4254 
2387 4254 4252 1449 3710 
2388 4253 4254 3710 2698 
2389 2234 4255 4259 4258 
2390 4255 3070 4256 4259 
2391 4259 4256 2472 4257 
2392 4258 4259 4257 2236 
2393 1559 3932 4262 4261 
2394 3932 2411 3553 4262 
2395 4262 3553 2402 4260 
2396 4261 4262 4260 2401 
2397 2667 3984 4264 4263 
2398 3984 1254 3838 4264 
2399 4264 3838 3052 4178 
2400 4263 4264 4178 2277 
2401 289 4265 4269 4268 
2402 4265 2944 4266 4269 
2403 4269 4266 2303 4267 
2404 4268 4269 4267 2904 
2405 2102 4270 4274 4273 
2406 4270 3036 4271 4274 
2407 4274 4271 3091 4272 
2408 4273 4274 4272 2255 
2409 2803 4275 4279 4278 
2410 4275 2802 4276 4279 
2411 4279 4276 2462 4277 
2412 4278 4279 4277 2145 
2413 2557 4280 4284 4283 
2414 4280 1332 4281 4284 
2415 4284 4281 2715 4282 
2416 4283 4284 4282 2513 
2417 2312 4285 4289 4288 
2418 4285 1532 4286 4289 
2419 4289 4286 1257 4287 
2420 4288 4289 4287 2609 
2421 3055 4290 4294 4293 
2422 4290 2830 4291 4294 
2423 4294 4291 2690 4292 
2424 4293 4294 4292 2097 
2425 1975 4295 4298 4297 
2426 4295 2328 4296 4298 
2427 4298 4296 753 752 
2428 4297 4298 752 751 
2429 2187 4299 4301 3249 
2430 4299 1955 4300 4301 
2431 4301 4300 2141 3567 
2432 3249 4301 3567 2675 
2433 2482 4302 4305 4304 
2434 4302 2480 4303 4305 
2435 4305 4303 659 658 
2436 4304 4305 658 657 
2437 1538 4306 4310 4309 
2438 4306 2505 4307 4310 
2439 4310 4307 1407 4308 
2440 4309 4310 4308 1474 
2441 3204 4311 4315 4314 
2442 4311 1711 4312 4315 
2443 4315 4312 3206 4313 
2444 4314 4315 4313 2483 
2445 2499 4316 4320 4319 
2446 4316 2769 4317 4320 
2447 4320 4317 2104 4318 
2448 4319 4320 4318 2500 
2449 2305 4321 4325 4324 
2450 4321 1937 4322 4325 
2451 4325 4322 2127 4323 
2452 4324 4325 4323 2128 
2453 1261 4326 4329 3849 
2454 4326 1262 4327 4329 
2455 4329 4327 3024 4328 
2456 3849 4329 4328 28 
2457 1540 4330 4334 4333 
2458 4330 2455 4331 4334 
2459 4334 4331 2454 4332 
2460 4333 4334 4332 2453 
2461 1439 4335 4339 4338 
2462 4335 1522 4336 4339 
2463 4339 4336 1708 4337 
2464 4338 4339 4337 2496 
2465 2049 4340 4343 3797 
2466 4340 2765 4341 4343 
2467 4343 4341 2816 4342 
2468 3797 4343 4342 2408 
2469 2815 4344 4348 4347 
2470 4344 2335 4345 4348 
2471 4348 4345 2136 4346 
2472 4347 4348 4346 2307 
2473 2331 3964 4350 4349 
2474 3964 2515 3530 4350 
2475 4350 3530 2054 3903 
2476 4349 4350 3903 3005 
2477 2583 4351 4355 4354 
2478 4351 1342 4352 4355 
2479 4355 4352 2633 4353 
2480 4354 4355 4353 2443 
2481 1979 4356 4359 4358 
2482 4356 1985 4200 4359 
2483 4359 4200 1986 4357 
2484 4358 4359 4357 1926 
2485 2303 4360 4364 4363 
2486 4360 2302 4361 4364 
2487 4364 4361 2982 4362 
2488 4363 4364 4362 1959 
2489 2309 3436 4367 4245 
2490 3436 2342 4365 4367 
2491 4367 4365 1988 4366 
2492 4245 4367 4366 1987 
2493 2115 4368 4371 4370 
2494 4368 2116 4369 4371 
2495 4371 4369 2344 4201 
2496 4370 4371 4201 1985 
2497 384 385 4374 4373 
2498 385 386 4372 4374 
2499 4374 4372 1343 3844 
2500 4373 4374 3844 2554 
2501 2536 4375 4379 4378 
2502 4375 1333 4376 4379 
2503 4379 4376 2538 4377 
2504 4378 4379 4377 2537 
2505 1342 4351 4383 4382 
2506 4351 2583 4380 4383 
2507 4383 4380 2579 4381 
2508 4382 4383 4381 2584 
2509 2585 4384 4388 4387 
2510 4384 1463 4385 4388 
2511 4388 4385 1465 4386 
2512 4387 4388 4386 2168 
2513 2330 4389 4393 4392 
2514 4389 1909 4390 4393 
2515 4393 4390 1453 4391 
2516 4392 4393 4391 2465 
2517 1366 4394 4398 4397 
2518 4394 2356 4395 4398 
2519 4398 4395 1488 4396 
2520 4397 4398 4396 1383 
2521 2777 4399 4403 4402 
2522 4399 2506 4400 4403 
2523 4403 4400 1587 4401 
2524 4402 4403 4401 2392 
2525 1270 4404 4408 4407 
2526 4404 3027 4405 4408 
2527 4408 4405 3217 4406 
2528 4407 4408 4406 2284 
2529 1993 4409 4413 4412 
2530 4409 2396 4410 4413 
2531 4413 4410 2395 4411 
2532 4412 4413 4411 3056 
2533 2145 4277 4417 4416 
2534 4277 2462 4414 4417 
2535 4417 4414 1802 4415 
2536 4416 4417 4415 1800 
2537 3078 4418 4422 4421 
2538 4418 2582 4419 4422 
2539 4422 4419 3088 4420 
2540 4421 4422 4420 2653 
2541 1532 4285 4426 4425 
2542 4285 2312 4423 4426 
2543 4426 4423 2313 4424 
2544 4425 4426 4424 2314 
2545 1612 4427 4430 3948 
2546 4427 1610 4428 4430 
2547 4430 4428 1761 4429 
2548 3948 4430 4429 2502 
2549 2504 4431 4433 4432 
2550 4431 2115 4370 4433 
2551 4433 4370 1985 4356 
2552 4432 4433 4356 1979 
2553 2682 4434 4437 4035 
2554 4434 2042 4435 4437 
2555 4437 4435 2183 4436 
2556 4035 4437 4436 2278 
2557 2808 4438 4441 3357 
2558 4438 2128 4439 4441 
2559 4441 4439 2188 4440 
2560 3357 4441 4440 2201 
2561 2683 4442 4445 4444 
2562 4442 2406 4443 4445 
2563 4445 4443 2408 4342 
2564 4444 4445 4342 2816 
2565 3135 4446 4450 4449 
2566 4446 2246 4447 4450 
2567 4450 4447 2397 4448 
2568 4449 4450 4448 1337 
2569 1333 4451 4453 4376 
2570 4451 2553 4103 4453 
2571 4453 4103 2541 4452 
2572 4376 4453 4452 2538 
2573 1389 4454 4458 4457 
2574 4454 1415 4455 4458 
2575 4458 4455 1735 4456 
2576 4457 4458 4456 2345 
2577 1311 4459 4461 4460 
2578 4459 2316 4175 4461 
2579 4461 4175 757 756 
2580 4460 4461 756 755 
2581 1276 4462 4465 4464 
2582 4462 2353 4463 4465 
2583 4465 4463 631 630 
2584 4464 4465 630 629 
2585 2657 4466 4470 4469 
2586 4466 2630 4467 4470 
2587 4470 4467 1620 4468 
2588 4469 4470 4468 1618 
2589 3222 4073 4473 4472 
2590 4073 1951 4471 4473 
2591 4473 4471 1488 4395 
2592 4472 4473 4395 2356 
2593 1965 3895 4477 4476 
2594 3895 2350 4474 4477 
2595 4477 4474 1511 4475 
2596 4476 4477 4475 1569 
2597 307 308 4480 4479 
2598 308 309 3985 4480 
2599 4480 3985 2667 4478 
2600 4479 4480 4478 2801 
2601 2530 4481 4484 4483 
2602 4481 1965 4476 4484 
2603 4484 4476 1569 4482 
2604 4483 4484 4482 1571 
2605 3125 4485 4488 4487 
2606 4485 2600 4486 4488 
2607 4488 4486 701 700 
2608 4487 4488 700 699 
2609 1618 4489 4492 4469 
2610 4489 1616 4490 4492 
2611 4492 4490 1797 4491 
2612 4469 4492 4491 2657 
2613 2045 4493 4497 4496 
2614 4493 2047 4494 4497 
2615 4497 4494 2297 4495 
2616 4496 4497 4495 2473 
2617 1947 4498 4501 4500 
2618 4498 2655 4169 4501 
2619 4501 4169 1665 4499 
2620 4500 4501 4499 1838 
2621 2355 4502 4505 4504 
2622 4502 1275 4503 4505 
2623 4505 4503 432 433 
2624 4504 4505 433 434 
2625 2167 4506 4510 4509 
2626 4506 1828 4507 4510 
2627 4510 4507 1600 4508 
2628 4509 4510 4508 2485 
2629 336 4511 4513 335 
2630 4511 2988 4512 4513 
2631 4513 4512 2834 3677 
2632 335 4513 3677 334 
2633 1624 4514 4518 4517 
2634 4514 1622 4515 4518 
2635 4518 4515 1817 4516 
2636 4517 4518 4516 2625 
2637 1886 4519 4521 4520 
2638 4519 2135 3734 4521 
2639 4521 3734 2307 4346 
2640 4520 4521 4346 2136 
2641 1525 4522 4526 4525 
2642 4522 1734 4523 4526 
2643 4526 4523 1973 4524 
2644 4525 4526 4524 2417 
2645 3015 4527 4529 4107 
2646 4527 1368 4528 4529 
2647 4529 4528 2453 4332 
2648 4107 4529 4332 2454 
2649 2236 4257 4532 4531 
2650 4257 2472 3705 4532 
2651 4532 3705 1851 4530 
2652 4531 4532 4530 2466 
2653 1517 4533 4536 4535 
2654 4533 1533 4044 4536 
2655 4536 4044 3158 4534 
2656 4535 4536 4534 2445 
2657 2911 4537 4539 3475 
2658 4537 1253 4538 4539 
2659 4539 4538 470 471 
2660 3475 4539 471 472 
2661 2357 4540 4544 4543 
2662 4540 2898 4541 4544 
2663 4544 4541 2009 4542 
2664 4543 4544 4542 2082 
2665 1873 4545 4548 4547 
2666 4545 1996 4546 4548 
2667 4548 4546 2351 3745 
2668 4547 4548 3745 2358 
2669 633 4549 4553 4552 
2670 4549 1930 4550 4553 
2671 4553 4550 2340 4551 
2672 4552 4553 4551 2339 
2673 2457 4554 4557 4556 
2674 4554 1895 4555 4557 
2675 4557 4555 1828 4506 
2676 4556 4557 4506 2167 
2677 2463 4558 4562 4561 
2678 4558 2071 4559 4562 
2679 4562 4559 1967 4560 
2680 4561 4562 4560 2290 
2681 2564 4563 4566 3650 
2682 4563 2345 4564 4566 
2683 4566 4564 2346 4565 
2684 3650 4566 4565 2347 
2685 2477 4567 4571 4570 
2686 4567 2489 4568 4571 
2687 4571 4568 2726 4569 
2688 4570 4571 4569 2475 
2689 2493 4572 4575 4574 
2690 4572 1256 4573 4575 
2691 4575 4573 272 273 
2692 4574 4575 273 274 
2693 1655 4576 4579 4058 
2694 4576 2445 4577 4579 
2695 4579 4577 2297 4578 
2696 4058 4579 4578 2299 
2697 2412 3269 4582 3555 
2698 3269 2407 4580 4582 
2699 4582 4580 2406 4581 
2700 3555 4582 4581 2404 
2701 1333 4375 4585 4584 
2702 4375 2536 4583 4585 
2703 4585 4583 376 377 
2704 4584 4585 377 378 
2705 3170 4586 4590 4589 
2706 4586 1627 4587 4590 
2707 4590 4587 3186 4588 
2708 4589 4590 4588 2650 
2709 2460 4591 4594 4593 
2710 4591 2786 4592 4594 
2711 4594 4592 1525 4525 
2712 4593 4594 4525 2417 
2713 2285 3593 4598 4597 
2714 3593 3063 4595 4598 
2715 4598 4595 3098 4596 
2716 4597 4598 4596 2079 
2717 1925 4599 4602 4601 
2718 4599 1926 4600 4602 
2719 4602 4600 2325 4146 
2720 4601 4602 4146 1749 
2721 2474 4603 4607 4606 
2722 4603 1278 4604 4607 
2723 4607 4604 2478 4605 
2724 4606 4607 4605 2477 
2725 2398 4608 4611 4610 
2726 4608 1309 4609 4611 
2727 4611 4609 235 236 
2728 4610 4611 236 237 
2729 2429 4612 4615 4614 
2730 4612 1289 4613 4615 
2731 4615 4613 394 395 
2732 4614 4615 395 396 
2733 2418 4616 4619 4618 
2734 4616 1290 4617 4619 
2735 4619 4617 412 413 
2736 4618 4619 413 414 
2737 2915 4620 4624 4623 
2738 4620 2091 4621 4624 
2739 4624 4621 1821 4622 
2740 4623 4624 4622 2528 
2741 223 4625 4628 222 
2742 4625 1325 4626 4628 
2743 4628 4626 2507 4627 
2744 222 4628 4627 221 
2745 3028 4629 4632 4631 
2746 4629 1544 3765 4632 
2747 4632 3765 2894 4630 
2748 4631 4632 4630 2614 
2749 2136 4633 4636 4520 
2750 4633 2359 4634 4636 
2751 4636 4634 1731 4635 
2752 4520 4636 4635 1886 
2753 1936 4637 4640 4639 
2754 4637 1937 4638 4640 
2755 4640 4638 2320 4187 
2756 4639 4640 4187 1769 
2757 2604 4641 4645 4644 
2758 4641 1347 4642 4645 
2759 4645 4642 2387 4643 
2760 4644 4645 4643 2388 
2761 2086 4646 4650 4649 
2762 4646 1880 4647 4650 
2763 4650 4647 1805 4648 
2764 4649 4650 4648 2461 
2765 2438 4651 4654 4653 
2766 4651 183 184 4654 
2767 4654 184 185 4652 
2768 4653 4654 4652 1287 
2769 209 4655 4658 208 
2770 4655 1306 4656 4658 
2771 4658 4656 2447 4657 
2772 208 4658 4657 207 
2773 1493 4248 4662 4661 
2774 4248 2456 4659 4662 
2775 4662 4659 1808 4660 
2776 4661 4662 4660 1535 
2777 3134 4663 4667 4666 
2778 4663 2871 4664 4667 
2779 4667 4664 2200 4665 
2780 4666 4667 4665 3187 
2781 1880 4646 4671 4670 
2782 4646 2086 4668 4671 
2783 4671 4668 2087 4669 
2784 4670 4671 4669 2085 
2785 2520 4672 4674 3262 
2786 4672 147 148 4674 
2787 4674 148 149 4673 
2788 3262 4674 4673 1307 
2789 2386 4675 4678 4677 
2790 4675 137 138 4678 
2791 4678 138 139 4676 
2792 4677 4678 4676 1563 
2793 1251 4679 4681 4680 
2794 4679 260 261 4681 
2795 4681 261 262 4157 
2796 4680 4681 4157 2490 
2797 2363 4682 4685 4684 
2798 4682 231 232 4685 
2799 4685 232 233 4683 
2800 4684 4685 4683 1552 
2801 2573 4686 4690 4689 
2802 4686 1720 4687 4690 
2803 4690 4687 1721 4688 
2804 4689 4690 4688 2766 
2805 2371 4691 4694 3354 
2806 4691 1697 4692 4694 
2807 4694 4692 1698 4693 
2808 3354 4694 4693 1736 
2809 2760 4695 4698 4697 
2810 4695 2558 4129 4698 
2811 4698 4129 2484 4696 
2812 4697 4698 4696 2559 
2813 2400 4699 4703 4702 
2814 4699 1911 4700 4703 
2815 4703 4700 1413 4701 
2816 4702 4703 4701 2688 
2817 2345 4563 4706 4457 
2818 4563 2564 4704 4706 
2819 4706 4704 1351 4705 
2820 4457 4706 4705 1389 
2821 2562 4707 4710 4709 
2822 4707 2561 4708 4710 
2823 4710 4708 1583 4121 
2824 4709 4710 4121 2563 
2825 2894 4711 4714 4630 
2826 4711 2081 4712 4714 
2827 4714 4712 3231 4713 
2828 4630 4714 4713 2614 
2829 2730 4715 4718 3879 
2830 4715 1865 4716 4718 
2831 4718 4716 1866 4717 
2832 3879 4718 4717 2257 
2833 2399 4719 4721 3288 
2834 4719 344 345 4721 
2835 4721 345 346 4720 
2836 3288 4721 4720 1853 
2837 2448 4722 4725 4724 
2838 4722 603 602 4725 
2839 4725 602 601 4723 
2840 4724 4725 4723 1274 
2841 1538 4726 4729 4306 
2842 4726 1912 4727 4729 
2843 4729 4727 2129 4728 
2844 4306 4729 4728 2505 
2845 2833 4730 4732 3454 
2846 4730 1560 4731 4732 
2847 4732 4731 436 437 
2848 3454 4732 437 438 
2849 2324 3557 4734 3959 
2850 3557 2290 4560 4734 
2851 4734 4560 1967 4733 
2852 3959 4734 4733 2323 
2853 2310 4025 4736 3461 
2854 4025 340 341 4736 
2855 4736 341 342 4735 
2856 3461 4736 4735 1668 
2857 1284 4737 4741 4740 
2858 4737 2560 4738 4741 
2859 4741 4738 1364 4739 
2860 4740 4741 4739 1324 
2861 2840 3456 4745 4744 
2862 3456 2057 4742 4745 
2863 4745 4742 2590 4743 
2864 4744 4745 4743 2591 
2865 2275 3789 4747 4015 
2866 3789 501 500 4747 
2867 4747 500 499 4746 
2868 4015 4747 4746 1601 
2869 2521 4748 4749 3255 
2870 4748 1339 3498 4749 
2871 4749 3498 442 443 
2872 3255 4749 443 444 
2873 1729 4750 4751 4134 
2874 4750 1731 4634 4751 
2875 4751 4634 2359 3438 
2876 4134 4751 3438 1910 
2877 3199 4752 4756 4755 
2878 4752 2458 4753 4756 
2879 4756 4753 3106 4754 
2880 4755 4756 4754 1549 
2881 1841 4757 4761 4760 
2882 4757 2783 4758 4761 
2883 4761 4758 2713 4759 
2884 4760 4761 4759 1990 
2885 591 592 4765 4764 
2886 592 18 4762 4765 
2887 4765 4762 1336 4763 
2888 4764 4765 4763 1316 
2889 2415 4766 4769 4768 
2890 4766 1842 4767 4769 
2891 4769 4767 462 463 
2892 4768 4769 463 464 
2893 2359 4633 4771 3439 
2894 4633 2136 4345 4771 
2895 4771 4345 2335 4770 
2896 3439 4771 4770 2336 
2897 489 488 4774 3465 
2898 488 487 4772 4774 
2899 4774 4772 2264 4773 
2900 3465 4774 4773 2385 
2901 2323 4733 4776 4247 
2902 4733 1967 4775 4776 
2903 4776 4775 1808 4659 
2904 4247 4776 4659 2456 
2905 1987 4777 4780 4242 
2906 4777 1763 4778 4780 
2907 4780 4778 1526 4779 
2908 4242 4780 4779 2486 
2909 2535 4781 4784 4783 
2910 4781 2537 4782 4784 
2911 4784 4782 2539 3645 
2912 4783 4784 3645 2552 
2913 2730 3767 4787 4715 
2914 3767 2516 4785 4787 
2915 4787 4785 1737 4786 
2916 4715 4787 4786 1865 
2917 2362 4788 4791 4790 
2918 4788 1676 4789 4791 
2919 4791 4789 466 467 
2920 4790 4791 467 468 
2921 1356 4792 4795 4794 
2922 4792 143 144 4795 
2923 4795 144 145 4793 
2924 4794 4795 4793 2518 
2925 1698 4796 4797 4693 
2926 4796 1737 4785 4797 
2927 4797 4785 2516 3355 
2928 4693 4797 3355 1736 
2929 3136 3406 4801 4800 
2930 3406 2099 4798 4801 
2931 4801 4798 1992 4799 
2932 4800 4801 4799 2173 
2933 3173 4802 4805 4804 
2934 4802 2819 4803 4805 
2935 4805 4803 1275 4502 
2936 4804 4805 4502 2355 
2937 1783 4806 4810 4809 
2938 4806 1956 4807 4810 
2939 4810 4807 2142 4808 
2940 4809 4810 4808 1968 
2941 2378 3708 4813 4148 
2942 3708 1499 4811 4813 
2943 4813 4811 1542 4812 
2944 4148 4813 4812 1598 
2945 2461 4814 4816 4649 
2946 4814 2269 3524 4816 
2947 4816 3524 2184 4815 
2948 4649 4816 4815 2086 
2949 2757 4817 4820 4819 
2950 4817 2321 3419 4820 
2951 4820 3419 3051 4818 
2952 4819 4820 4818 1256 
2953 1340 4821 4825 4824 
2954 4821 2423 4822 4825 
2955 4825 4822 2420 4823 
2956 4824 4825 4823 2608 
2957 1808 4775 4828 4827 
2958 4775 1967 4559 4828 
2959 4828 4559 2071 4826 
2960 4827 4828 4826 1966 
2961 2426 4114 4832 4831 
2962 4114 1662 4829 4832 
2963 4832 4829 1661 4830 
2964 4831 4832 4830 1663 
2965 2401 4833 4835 4261 
2966 4833 129 130 4835 
2967 4835 130 131 4834 
2968 4261 4835 4834 1559 
2969 3176 3531 4838 4837 
2970 3531 2515 4836 4838 
2971 4838 4836 749 748 
2972 4837 4838 748 747 
2973 661 660 4841 4840 
2974 660 659 4303 4841 
2975 4841 4303 2480 4839 
2976 4840 4841 4839 1278 
2977 1984 4842 4844 3653 
2978 4842 1321 4843 4844 
2979 4844 4843 1351 4704 
2980 3653 4844 4704 2564 
2981 1413 4845 4848 4701 
2982 4845 1502 4846 4848 
2983 4848 4846 1740 4847 
2984 4701 4848 4847 2688 
2985 380 381 4851 4850 
2986 381 382 4849 4851 
2987 4851 4849 1577 4104 
2988 4850 4851 4104 2553 
2989 2525 3779 4853 4852 
2990 3779 2493 4574 4853 
2991 4853 4574 274 275 
2992 4852 4853 275 276 
2993 2481 3591 4857 4856 
2994 3591 2487 4854 4857 
2995 4857 4854 2479 4855 
2996 4856 4857 4855 2478 
2997 2401 4260 4861 4860 
2998 4260 2402 4858 4861 
2999 4861 4858 2403 4859 
3000 4860 4861 4859 1296 
3001 2560 4862 4864 4738 
3002 4862 2356 4394 4864 
3003 4864 4394 1366 4863 
3004 4738 4864 4863 1364 
3005 2453 4528 4867 4866 
3006 4528 1368 4865 4867 
3007 4867 4865 364 365 
3008 4866 4867 365 366 
3009 2533 4868 4871 4870 
3010 4868 1350 4869 4871 
3011 4871 4869 372 373 
3012 4870 4871 373 374 
3013 1582 4872 4875 4874 
3014 4872 2440 4873 4875 
3015 4875 4873 2443 4353 
3016 4874 4875 4353 2633 
3017 1526 4778 4879 4878 
3018 4778 1763 4876 4879 
3019 4879 4876 1848 4877 
3020 4878 4879 4877 1762 
3021 2458 4880 4883 4882 
3022 4880 2167 4509 4883 
3023 4883 4509 2485 4881 
3024 4882 4883 4881 3011 
3025 1296 4859 4886 4885 
3026 4859 2403 4884 4886 
3027 4886 4884 2409 4123 
3028 4885 4886 4123 2677 
3029 1737 4887 4889 4786 
3030 4887 1746 4888 4889 
3031 4889 4888 1866 4716 
3032 4786 4889 4716 1865 
3033 2116 4890 4893 4892 
3034 4890 2117 4891 4893 
3035 4893 4891 2313 4423 
3036 4892 4893 4423 2312 
3037 2496 4337 4897 4896 
3038 4337 1708 4894 4897 
3039 4897 4894 1710 4895 
3040 4896 4897 4895 1971 
3041 1720 4898 4902 4901 
3042 4898 1718 4899 4902 
3043 4902 4899 1717 4900 
3044 4901 4902 4900 1719 
3045 2494 4067 4905 4904 
3046 4067 2706 4903 4905 
3047 4905 4903 1439 4338 
3048 4904 4905 4338 2496 
3049 2512 4906 4910 4909 
3050 4906 2510 4907 4910 
3051 4910 4907 2509 4908 
3052 4909 4910 4908 2508 
3053 2452 4911 4914 4913 
3054 4911 1540 4912 4914 
3055 4914 4912 368 369 
3056 4913 4914 369 370 
3057 2621 4915 4919 4918 
3058 4915 1823 4916 4919 
3059 4919 4916 2623 4917 
3060 4918 4919 4917 2622 
3061 1350 4868 4923 4922 
3062 4868 2533 4920 4923 
3063 4923 4920 2535 4921 
3064 4922 4923 4921 2534 
3065 523 524 4927 4926 
3066 524 16 4924 4927 
3067 4927 4924 1353 4925 
3068 4926 4927 4925 1277 
3069 1951 4928 4931 4471 
3070 4928 1490 4929 4931 
3071 4931 4929 1489 4930 
3072 4471 4931 4930 1488 
3073 1428 4932 4934 4933 
3074 4932 229 230 4934 
3075 4934 230 231 4682 
3076 4933 4934 4682 2363 
3077 1309 4935 4937 4609 
3078 4935 2364 4936 4937 
3079 4937 4936 233 234 
3080 4609 4937 234 235 
3081 1560 4938 4939 4731 
3082 4938 2355 4504 4939 
3083 4939 4504 434 435 
3084 4731 4939 435 436 
3085 2586 4940 4944 4943 
3086 4940 1787 4941 4944 
3087 4944 4941 1574 4942 
3088 4943 4944 4942 1653 
3089 2824 4945 4949 4948 
3090 4945 2885 4946 4949 
3091 4949 4946 2662 4947 
3092 4948 4949 4947 1312 
3093 1332 4280 4953 4952 
3094 4280 2557 4950 4953 
3095 4953 4950 2556 4951 
3096 4952 4953 4951 2555 
3097 751 750 4954 4297 
3098 750 749 4836 4954 
3099 4954 4836 2515 3967 
3100 4297 4954 3967 1975 
3101 2057 3459 4957 4956 
3102 3459 2306 4088 4957 
3103 4957 4088 2319 4955 
3104 4956 4957 4955 1950 
3105 1347 4958 4960 4959 
3106 4958 135 136 4960 
3107 4960 136 137 4675 
3108 4959 4960 4675 2386 
3109 2638 4961 4964 4963 
3110 4961 2503 4962 4964 
3111 4964 4962 2885 4945 
3112 4963 4964 4945 2824 
3113 2497 4965 4968 4967 
3114 4965 2498 4966 4968 
3115 4968 4966 95 96 
3116 4967 4968 96 97 
3117 755 754 4970 4460 
3118 754 753 4296 4970 
3119 4970 4296 2328 4969 
3120 4460 4970 4969 1311 
3121 2615 3514 4974 4973 
3122 3514 2611 4971 4974 
3123 4974 4971 1960 4972 
3124 4973 4974 4972 2612 
3125 2430 4975 4978 4977 
3126 4975 187 188 4978 
3127 4978 188 189 4976 
3128 4977 4978 4976 1779 
3129 2425 4979 4981 4980 
3130 4979 1580 3637 4981 
3131 4981 3637 390 391 
3132 4980 4981 391 392 
3133 2489 4567 4982 4060 
3134 4567 2477 4605 4982 
3135 4982 4605 2478 4855 
3136 4060 4982 4855 2479 
3137 2600 4983 4985 4486 
3138 4983 2593 4984 4985 
3139 4985 4984 703 702 
3140 4486 4985 702 701 
3141 1253 4986 4987 4538 
3142 4986 2362 4790 4987 
3143 4987 4790 468 469 
3144 4538 4987 469 470 
3145 1337 4448 4990 4989 
3146 4448 2397 4988 4990 
3147 4990 4988 346 347 
3148 4989 4990 347 348 
3149 1802 4414 4993 4992 
3150 4414 2462 4991 4993 
3151 4993 4991 2461 4648 
3152 4992 4993 4648 1805 
3153 601 600 4996 4995 
3154 600 599 4994 4996 
3155 4996 4994 2395 4410 
3156 4995 4996 4410 2396 
3157 1668 4735 4997 3379 
3158 4735 342 343 4997 
3159 4997 343 344 4719 
3160 3379 4997 4719 2399 
3161 2627 4998 5002 5001 
3162 4998 1817 4999 5002 
3163 5002 4999 2630 5000 
3164 5001 5002 5000 2628 
3165 2432 5003 5006 5005 
3166 5003 211 212 5006 
3167 5006 212 213 5004 
3168 5005 5006 5004 1578 
3169 2428 5007 5010 5009 
3170 5007 1711 5008 5010 
3171 5010 5008 408 409 
3172 5009 5010 409 410 
3173 1587 5011 5013 4401 
3174 5011 303 304 5013 
3175 5013 304 305 5012 
3176 4401 5013 5012 2392 
3177 2835 3603 5016 4086 
3178 3603 2434 5014 5016 
3179 5016 5014 2435 5015 
3180 4086 5016 5015 2436 
3181 2427 5017 5020 4075 
3182 5017 1992 5018 5020 
3183 5020 5018 1963 5019 
3184 4075 5020 5019 1991 
3185 1842 5021 5023 4767 
3186 5021 2527 5022 5023 
3187 5023 5022 460 461 
3188 4767 5023 461 462 
3189 2433 5024 5027 5026 
3190 5024 571 570 5027 
3191 5027 570 569 5025 
3192 5026 5027 5025 1862 
3193 2476 5028 5032 5031 
3194 5028 2572 5029 5032 
3195 5032 5029 1300 5030 
3196 5031 5032 5030 2571 
3197 2518 4793 5033 3236 
3198 4793 145 146 5033 
3199 5033 146 147 4672 
3200 3236 5033 4672 2520 
3201 1676 5034 5035 4789 
3202 5034 2415 4768 5035 
3203 5035 4768 464 465 
3204 4789 5035 465 466 
3205 2958 5036 5040 5039 
3206 5036 2330 5037 5040 
3207 5040 5037 1968 5038 
3208 5039 5040 5038 2151 
3209 2261 3264 5042 3305 
3210 3264 607 606 5042 
3211 5042 606 605 5041 
3212 3305 5042 5041 1565 
3213 1565 5041 5044 5043 
3214 5041 605 604 5044 
3215 5044 604 603 4722 
3216 5043 5044 4722 2448 
3217 1296 5045 5046 4860 
3218 5045 127 128 5046 
3219 5046 128 129 4833 
3220 4860 5046 4833 2401 
3221 1562 5047 5049 5048 
3222 5047 2398 4610 5049 
3223 5049 4610 237 238 
3224 5048 5049 238 239 
3225 2561 5050 5052 4708 
3226 5050 121 122 5052 
3227 5052 122 123 5051 
3228 4708 5052 5051 1583 
3229 2477 4570 5055 4606 
3230 4570 2475 5053 5055 
3231 5055 5053 1584 5054 
3232 4606 5055 5054 2474 
3233 1423 5056 5058 3908 
3234 5056 254 255 5058 
3235 5058 255 256 5057 
3236 3908 5058 5057 2632 
3237 2937 5059 5062 5061 
3238 5059 2061 5060 5062 
3239 5062 5060 1821 4621 
3240 5061 5062 4621 2091 
3241 2517 5063 5066 5065 
3242 5063 203 204 5066 
3243 5066 204 205 5064 
3244 5065 5066 5064 1561 
3245 1969 5067 5071 5070 
3246 5067 1740 5068 5071 
3247 5071 5068 1741 5069 
3248 5070 5071 5069 1901 
3249 1278 4603 5073 4840 
3250 4603 2474 5072 5073 
3251 5073 5072 663 662 
3252 4840 5073 662 661 
3253 1950 5074 5076 4956 
3254 5074 1915 5075 5076 
3255 5076 5075 2590 4742 
3256 4956 5076 4742 2057 
3257 1624 4517 5080 5079 
3258 4517 2625 5077 5080 
3259 5080 5077 1823 5078 
3260 5079 5080 5078 1626 
3261 1787 5081 5083 4941 
3262 5081 2530 4483 5083 
3263 5083 4483 1571 5082 
3264 4941 5083 5082 1574 
3265 2438 5084 5087 5086 
3266 5084 2439 5085 5087 
3267 5087 5085 2440 4872 
3268 5086 5087 4872 1582 
3269 2608 4823 5091 5090 
3270 4823 2420 5088 5091 
3271 5091 5088 2419 5089 
3272 5090 5091 5089 1579 
3273 1579 5092 5094 5093 
3274 5092 2418 4618 5094 
3275 5094 4618 414 415 
3276 5093 5094 415 416 
3277 1332 5095 5097 4281 
3278 5095 217 218 5097 
3279 5097 218 219 5096 
3280 4281 5097 5096 2715 
3281 1289 5098 5099 4613 
3282 5098 2425 4980 5099 
3283 5099 4980 392 393 
3284 4613 5099 393 394 
3285 1844 3672 5101 3864 
3286 3672 2551 3646 5101 
3287 5101 3646 2539 5100 
3288 3864 5101 5100 2540 
3289 2459 5102 5105 5104 
3290 5102 1564 5103 5105 
3291 5105 5103 291 292 
3292 5104 5105 292 293 
3293 1287 4652 5107 5106 
3294 4652 185 186 5107 
3295 5107 186 187 4975 
3296 5106 5107 4975 2430 
3297 1478 5108 5111 5110 
3298 5108 2361 3632 5111 
3299 5111 3632 2773 5109 
3300 5110 5111 5109 1418 
3301 2583 5112 5115 4380 
3302 5112 2577 5113 5115 
3303 5115 5113 2578 5114 
3304 4380 5115 5114 2579 
3305 1290 5116 5117 4617 
3306 5116 2428 5009 5117 
3307 5117 5009 410 411 
3308 4617 5117 411 412 
3309 1548 5118 5120 5119 
3310 5118 2429 4614 5120 
3311 5120 4614 396 397 
3312 5119 5120 397 398 
3313 1540 4333 5121 4912 
3314 4333 2453 4866 5121 
3315 5121 4866 366 367 
3316 4912 5121 367 368 
3317 1350 5122 5123 4869 
3318 5122 2452 4913 5123 
3319 5123 4913 370 371 
3320 4869 5123 371 372 
3321 1601 4746 5126 5125 
3322 4746 499 498 5126 
3323 5126 498 497 5124 
3324 5125 5126 5124 2526 
3325 1306 4655 5128 5127 
3326 4655 209 210 5128 
3327 5128 210 211 5003 
3328 5127 5128 5003 2432 
3329 2366 5129 5132 3994 
3330 5129 2156 5130 5132 
3331 5132 5130 2154 5131 
3332 3994 5132 5131 2155 
3333 2573 3751 5134 4686 
3334 3751 2379 5133 5134 
3335 5134 5133 1718 4898 
3336 4686 5134 4898 1720 
3337 2061 5059 5137 5136 
3338 5059 2937 5135 5137 
3339 5137 5135 2083 4223 
3340 5136 5137 4223 2820 
3341 1582 5138 5139 5086 
3342 5138 181 182 5139 
3343 5139 182 183 4651 
3344 5086 5139 4651 2438 
3345 633 632 5141 4549 
3346 632 631 4463 5141 
3347 5141 4463 2353 5140 
3348 4549 5141 5140 1930 
3349 2498 5142 5146 5145 
3350 5142 2500 5143 5146 
3351 5146 5143 2774 5144 
3352 5145 5146 5144 1424 
3353 1547 5147 5149 5148 
3354 5147 2525 4852 5149 
3355 5149 4852 276 277 
3356 5148 5149 277 278 
3357 1823 4915 5153 5152 
3358 4915 2621 5150 5153 
3359 5153 5150 1649 5151 
3360 5152 5153 5151 1647 
3361 1800 5154 5157 4416 
3362 5154 1798 5155 5157 
3363 5157 5155 2708 5156 
3364 4416 5157 5156 2145 
3365 2474 5054 5159 5072 
3366 5054 1584 5158 5159 
3367 5159 5158 665 664 
3368 5072 5159 664 663 
3369 1989 5160 5164 5163 
3370 5160 1901 5161 5164 
3371 5164 5161 1933 5162 
3372 5163 5164 5162 2529 
3373 1653 5165 5168 4943 
3374 5165 1678 5166 5168 
3375 5168 5166 1944 5167 
3376 4943 5168 5167 2586 
3377 1561 5064 5170 5169 
3378 5064 205 206 5170 
3379 5170 206 207 4657 
3380 5169 5170 4657 2447 
3381 2411 3935 5173 4165 
3382 3935 2390 5171 5173 
3383 5173 5171 2389 5172 
3384 4165 5173 5172 2391 
3385 3165 5174 5177 3540 
3386 5174 3059 5175 5177 
3387 5177 5175 1907 5176 
3388 3540 5177 5176 2670 
3389 2593 5178 5180 4984 
3390 5178 1767 5179 5180 
3391 5180 5179 705 704 
3392 4984 5180 704 703 
3393 1261 3848 5182 5181 
3394 3848 2273 3296 5182 
3395 5182 3296 2532 3315 
3396 5181 5182 3315 2925 
3397 1856 5183 5187 5186 
3398 5183 3101 5184 5187 
3399 5187 5184 2446 5185 
3400 5186 5187 5185 3002 
3401 1975 3966 5190 4295 
3402 3966 2329 5188 5190 
3403 5190 5188 2318 5189 
3404 4295 5190 5189 2328 
3405 2747 3992 5194 5193 
3406 3992 2155 5191 5194 
3407 5194 5191 1890 5192 
3408 5193 5194 5192 2605 
3409 1291 5195 5197 5196 
3410 5195 2459 5104 5197 
3411 5197 5104 293 294 
3412 5196 5197 294 295 
3413 533 532 5201 5200 
3414 532 531 5198 5201 
3415 5201 5198 2666 5199 
3416 5200 5201 5199 2665 
3417 2070 5202 5205 5204 
3418 5202 2260 3911 5205 
3419 5205 3911 2875 5203 
3420 5204 5205 5203 2024 
3421 1950 5206 5209 5074 
3422 5206 1663 5207 5209 
3423 5209 5207 1914 5208 
3424 5074 5209 5208 1915 
3425 2711 5210 5213 5212 
3426 5210 1766 5211 5213 
3427 5213 5211 1907 5175 
3428 5212 5213 5175 3059 
3429 2652 5214 5217 5216 
3430 5214 161 162 5217 
3431 5217 162 163 5215 
3432 5216 5217 5215 2651 
3433 416 417 5219 5093 
3434 417 418 5218 5219 
3435 5219 5218 2608 5090 
3436 5093 5219 5090 1579 
3437 3069 5220 5224 5223 
3438 5220 1755 5221 5224 
3439 5224 5221 3094 5222 
3440 5223 5224 5222 2694 
3441 2537 4377 5226 4782 
3442 4377 2538 5225 5226 
3443 5226 5225 2540 5100 
3444 4782 5226 5100 2539 
3445 135 4958 5228 134 
3446 4958 1347 4641 5228 
3447 5228 4641 2604 5227 
3448 134 5228 5227 133 
3449 1381 5229 5231 5230 
3450 5229 201 202 5231 
3451 5231 202 203 5063 
3452 5230 5231 5063 2517 
3453 1578 5004 5234 5233 
3454 5004 213 214 5234 
3455 5234 214 215 5232 
3456 5233 5234 5232 2555 
3457 2497 3720 5235 4965 
3458 3720 2499 4319 5235 
3459 5235 4319 2500 5142 
3460 4965 5235 5142 2498 
3461 1255 3721 5237 5236 
3462 3721 2497 4967 5237 
3463 5237 4967 97 98 
3464 5236 5237 98 99 
3465 526 527 5240 3738 
3466 527 17 5238 5240 
3467 5240 5238 2100 5239 
3468 3738 5240 5239 3066 
3469 2465 5241 5245 5244 
3470 5241 1529 5242 5245 
3471 5245 5242 1722 5243 
3472 5244 5245 5243 1783 
3473 2505 4728 5248 5247 
3474 4728 2129 3693 5248 
3475 5248 3693 2870 5246 
3476 5247 5248 5246 2848 
3477 2125 5249 5251 5250 
3478 5249 2494 4904 5251 
3479 5251 4904 2496 4896 
3480 5250 5251 4896 1971 
3481 1912 5252 5254 4727 
3482 5252 2022 5253 5254 
3483 5254 5253 2875 3690 
3484 4727 5254 3690 2129 
3485 2402 3552 5257 4858 
3486 3552 2404 5255 5257 
3487 5257 5255 2405 5256 
3488 4858 5257 5256 2403 
3489 1349 5258 5260 5259 
3490 5258 119 120 5260 
3491 5260 120 121 5050 
3492 5259 5260 5050 2561 
3493 181 5138 5262 180 
3494 5138 1582 4874 5262 
3495 5262 4874 2633 5261 
3496 180 5262 5261 179 
3497 2371 3563 5266 5265 
3498 3563 2372 5263 5266 
3499 5266 5263 2373 5264 
3500 5265 5266 5264 1811 
3501 2681 5267 5271 5270 
3502 5267 1834 5268 5271 
3503 5271 5268 2617 5269 
3504 5270 5271 5269 2619 
3505 1581 5272 5274 5273 
3506 5272 159 160 5274 
3507 5274 160 161 5214 
3508 5273 5274 5214 2652 
3509 2481 4856 5276 5275 
3510 4856 2478 4604 5276 
3511 5276 4604 1278 4839 
3512 5275 5276 4839 2480 
3513 2381 5277 5280 3750 
3514 5277 2380 5278 5280 
3515 5280 5278 1795 5279 
3516 3750 5280 5279 2379 
3517 374 375 5282 4870 
3518 375 376 4583 5282 
3519 5282 4583 2536 5281 
3520 4870 5282 5281 2533 
3521 2345 4456 5285 4564 
3522 4456 1735 5283 5285 
3523 5285 5283 2348 5284 
3524 4564 5285 5284 2346 
3525 2205 5286 5289 5288 
3526 5286 2207 5287 5289 
3527 5289 5287 2586 5167 
3528 5288 5289 5167 1944 
3529 1864 5290 5294 5293 
3530 5290 2598 5291 5294 
3531 5294 5291 2599 5292 
3532 5293 5294 5292 2597 
3533 1429 4130 5297 5296 
3534 4130 2558 5295 5297 
3535 5297 5295 402 403 
3536 5296 5297 403 404 
3537 2634 3328 5299 5298 
3538 3328 1543 3368 5299 
3539 5299 3368 476 477 
3540 5298 5299 477 478 
3541 1836 3974 5301 3835 
3542 3974 2606 3862 5301 
3543 5301 3862 2542 5300 
3544 3835 5301 5300 2544 
3545 1339 4748 5304 3480 
3546 4748 2521 5302 5304 
3547 5304 5302 2209 5303 
3548 3480 5304 5303 2522 
3549 2644 5305 5309 5308 
3550 5305 2645 5306 5309 
3551 5309 5306 2646 5307 
3552 5308 5309 5307 1346 
3553 2784 3857 5310 3590 
3554 3857 2488 4061 5310 
3555 5310 4061 2479 4854 
3556 3590 5310 4854 2487 
3557 2086 4815 5312 4668 
3558 4815 2184 3275 5312 
3559 5312 3275 2844 5311 
3560 4668 5312 5311 2087 
3561 305 5313 5315 5012 
3562 5313 1315 5314 5315 
3563 5315 5314 2777 4402 
3564 5012 5315 4402 2392 
3565 2272 3548 5318 5317 
3566 3548 679 678 5318 
3567 5318 678 677 5316 
3568 5317 5318 5316 2669 
3569 2553 4451 5319 4850 
3570 4451 1333 4584 5319 
3571 5319 4584 378 379 
3572 4850 5319 379 380 
3573 2645 5305 5323 5322 
3574 5305 2644 5320 5323 
3575 5323 5320 2643 5321 
3576 5322 5323 5321 2653 
3577 667 666 5326 5325 
3578 666 665 5158 5326 
3579 5326 5158 1584 5324 
3580 5325 5326 5324 2571 
3581 2379 5279 5329 5133 
3582 5279 1795 5327 5329 
3583 5329 5327 1716 5328 
3584 5133 5329 5328 1718 
3585 2528 4622 5333 5332 
3586 4622 1821 5330 5333 
3587 5333 5330 1794 5331 
3588 5332 5333 5331 1643 
3589 1662 5334 5337 4829 
3590 5334 1660 5335 5337 
3591 5337 5335 1659 5336 
3592 4829 5337 5336 1661 
3593 1883 5338 5342 5341 
3594 5338 1637 5339 5342 
3595 5342 5339 1639 5340 
3596 5341 5342 5340 2642 
3597 254 5056 5344 253 
3598 5056 1423 3240 5344 
3599 5344 3240 2610 5343 
3600 253 5344 5343 252 
3601 317 318 5347 5346 
3602 318 319 5345 5347 
3603 5347 5345 2611 3517 
3604 5346 5347 3517 1422 
3605 2616 5348 5352 5351 
3606 5348 1834 5349 5352 
3607 5352 5349 1659 5350 
3608 5351 5352 5350 1651 
3609 1863 5353 5356 3538 
3610 5353 1670 5354 5356 
3611 5356 5354 2709 5355 
3612 3538 5356 5355 1949 
3613 2697 5357 5360 5359 
3614 5357 567 566 5360 
3615 5360 566 565 5358 
3616 5359 5360 5358 2662 
3617 2640 5361 5363 3982 
3618 5361 2639 5362 5363 
3619 5363 5362 422 423 
3620 3982 5363 423 424 
3621 2368 5364 5366 3868 
3622 5364 2367 5365 5366 
3623 5366 5365 2156 5129 
3624 3868 5366 5129 2366 
3625 1834 5348 5369 5268 
3626 5348 2616 5367 5369 
3627 5369 5367 2618 5368 
3628 5268 5369 5368 2617 
3629 2404 4581 5371 5255 
3630 4581 2406 4442 5371 
3631 5371 4442 2683 5370 
3632 5255 5371 5370 2405 
3633 2646 5306 5375 5374 
3634 5306 2645 5372 5375 
3635 5375 5372 2648 5373 
3636 5374 5375 5373 2647 
3637 3160 5376 5378 3562 
3638 5376 2635 3494 5378 
3639 5378 3494 2374 5377 
3640 3562 5378 5377 2372 
3641 2554 4226 5379 4373 
3642 4226 1577 4849 5379 
3643 5379 4849 382 383 
3644 4373 5379 383 384 
3645 2593 5380 5383 5178 
3646 5380 2594 5381 5383 
3647 5383 5381 2595 5382 
3648 5178 5383 5382 1767 
3649 2371 5265 5386 4691 
3650 5265 1811 5384 5386 
3651 5386 5384 1696 5385 
3652 4691 5386 5385 1697 
3653 2236 4531 5388 5387 
3654 4531 2466 3586 5388 
3655 5388 3586 2467 3469 
3656 5387 5388 3469 2254 
3657 1660 5389 5391 5335 
3658 5389 1652 5390 5391 
3659 5391 5390 1651 5350 
3660 5335 5391 5350 1659 
3661 2486 4779 5395 5394 
3662 4779 1526 5392 5395 
3663 5395 5392 1524 5393 
3664 5394 5395 5393 1441 
3665 2619 5396 5399 5270 
3666 5396 2110 5397 5399 
3667 5399 5397 1914 5398 
3668 5270 5399 5398 2681 
3669 2555 5232 5400 4952 
3670 5232 215 216 5400 
3671 5400 216 217 5095 
3672 4952 5400 5095 1332 
3673 2336 5401 5404 3888 
3674 5401 2337 5402 5404 
3675 5404 5402 3212 5403 
3676 3888 5404 5403 1297 
3677 2846 5405 5409 5408 
3678 5405 1797 5406 5409 
3679 5409 5406 2637 5407 
3680 5408 5409 5407 2638 
3681 2498 5145 5411 4966 
3682 5145 1424 5410 5411 
3683 5411 5410 93 94 
3684 4966 5411 94 95 
3685 1697 5385 5415 5414 
3686 5385 1696 5412 5415 
3687 5415 5412 1695 5413 
3688 5414 5415 5413 2756 
3689 2639 4218 5417 5362 
3690 4218 1340 5416 5417 
3691 5417 5416 420 421 
3692 5362 5417 421 422 
3693 1782 5418 5420 4113 
3694 5418 1781 5419 5420 
3695 5420 5419 1660 5334 
3696 4113 5420 5334 1662 
3697 1643 5331 5424 5423 
3698 5331 1794 5421 5424 
3699 5424 5421 2641 5422 
3700 5423 5424 5422 1641 
3701 1651 5425 5427 5351 
3702 5425 1649 5150 5427 
3703 5427 5150 2621 5426 
3704 5351 5427 5426 2616 
3705 2230 5428 5432 5431 
3706 5428 2249 5429 5432 
3707 5432 5429 1952 5430 
3708 5431 5432 5430 1990 
3709 1823 5077 5435 4916 
3710 5077 2625 5433 5435 
3711 5435 5433 2626 5434 
3712 4916 5435 5434 2623 
3713 2249 5428 5438 3823 
3714 5428 2230 5436 5438 
3715 5438 5436 1973 5437 
3716 3823 5438 5437 1974 
3717 2549 3978 5439 3639 
3718 3978 1343 4372 5439 
3719 5439 4372 386 387 
3720 3639 5439 387 388 
3721 1971 5440 5443 5250 
3722 5440 1972 5441 5443 
3723 5443 5441 2144 5442 
3724 5250 5443 5442 2125 
3725 1346 5444 5446 5308 
3726 5444 165 166 5446 
3727 5446 166 167 5445 
3728 5308 5446 5445 2644 
3729 2643 5447 5449 5448 
3730 5447 169 170 5449 
3731 5449 170 171 3607 
3732 5448 5449 3607 1344 
3733 2636 5450 5452 5451 
3734 5450 157 158 5452 
3735 5452 158 159 5272 
3736 5451 5452 5272 1581 
3737 2651 5215 5454 5453 
3738 5215 163 164 5454 
3739 5454 164 165 5444 
3740 5453 5454 5444 1346 
3741 2584 3506 5456 4382 
3742 3506 175 176 5456 
3743 5456 176 177 5455 
3744 4382 5456 5455 1342 
3745 675 5457 5458 676 
3746 5457 2668 4221 5458 
3747 5458 4221 2669 5316 
3748 676 5458 5316 677 
3749 707 706 5461 5460 
3750 706 705 5179 5461 
3751 5461 5179 1767 5459 
3752 5460 5461 5459 2603 
3753 2830 5462 5464 4291 
3754 5462 725 724 5464 
3755 5464 724 723 5463 
3756 4291 5464 5463 2690 
3757 2061 5465 5467 5060 
3758 5465 2011 5466 5467 
3759 5467 5466 1794 5330 
3760 5060 5467 5330 1821 
3761 2682 4034 5471 5470 
3762 4034 2792 5468 5471 
3763 5471 5468 1592 5469 
3764 5470 5471 5469 2012 
3765 1987 5472 5474 4777 
3766 5472 1855 5473 5474 
3767 5474 5473 1848 4876 
3768 4777 5474 4876 1763 
3769 1559 4834 5475 3933 
3770 4834 131 132 5475 
3771 5475 132 133 5227 
3772 3933 5475 5227 2604 
3773 1817 4998 5477 4516 
3774 4998 2627 5476 5477 
3775 5477 5476 2626 5433 
3776 4516 5477 5433 2625 
3777 1991 5019 5480 4112 
3778 5019 1963 5478 5480 
3779 5480 5478 1962 5479 
3780 4112 5480 5479 1782 
3781 2644 5445 5481 5320 
3782 5445 167 168 5481 
3783 5481 168 169 5447 
3784 5320 5481 5447 2643 
3785 2393 5482 5485 5484 
3786 5482 1421 5483 5485 
3787 5485 5483 1453 4390 
3788 5484 5485 4390 1909 
3789 3199 4755 5488 3700 
3790 4755 1549 5486 5488 
3791 5488 5486 1505 5487 
3792 3700 5488 5487 2782 
3793 1348 5489 5491 5490 
3794 5489 155 156 5491 
3795 5491 156 157 5450 
3796 5490 5491 5450 2636 
3797 2628 5000 5494 5493 
3798 5000 2630 4466 5494 
3799 5494 4466 2657 5492 
3800 5493 5494 5492 2631 
3801 2630 4999 5496 4467 
3802 4999 1817 4515 5496 
3803 5496 4515 1622 5495 
3804 4467 5496 5495 1620 
3805 2642 5340 5499 5498 
3806 5340 1639 5497 5499 
3807 5499 5497 1641 5422 
3808 5498 5499 5422 2641 
3809 2654 5500 5502 5501 
3810 5500 117 118 5502 
3811 5502 118 119 5258 
3812 5501 5502 5258 1349 
3813 127 5045 5504 126 
3814 5045 1296 4885 5504 
3815 5504 4885 2677 5503 
3816 126 5504 5503 125 
3817 2183 4435 5508 5507 
3818 4435 2042 5505 5508 
3819 5508 5505 2044 5506 
3820 5507 5508 5506 2045 
3821 1644 5509 5512 5511 
3822 5509 1643 5423 5512 
3823 5512 5423 1641 5510 
3824 5511 5512 5510 1642 
3825 1958 5513 5515 5514 
3826 5513 250 251 5515 
3827 5515 251 252 5343 
3828 5514 5515 5343 2610 
3829 1960 4971 5517 5516 
3830 4971 2611 5345 5517 
3831 5517 5345 319 320 
3832 5516 5517 320 321 
3833 2372 5377 5519 5263 
3834 5377 2374 3299 5519 
3835 5519 3299 2375 5518 
3836 5263 5519 5518 2373 
3837 2705 5520 5524 5523 
3838 5520 1883 5521 5524 
3839 5524 5521 2719 5522 
3840 5523 5524 5522 2726 
3841 1768 5525 5527 3925 
3842 5525 2577 5526 5527 
3843 5527 5526 2444 3580 
3844 3925 5527 3580 2576 
3845 491 5528 5531 492 
3846 5528 2658 5529 5531 
3847 5531 5529 2659 5530 
3848 492 5531 5530 493 
3849 2060 5532 5535 5534 
3850 5532 2214 3698 5535 
3851 5535 3698 2570 5533 
3852 5534 5535 5533 2180 
3853 3124 3775 5539 5538 
3854 3775 2202 5536 5539 
3855 5539 5536 2229 5537 
3856 5538 5539 5537 3198 
3857 3074 5540 5542 5541 
3858 5540 2980 3443 5542 
3859 5542 3443 2207 5286 
3860 5541 5542 5286 2205 
3861 2658 5528 5544 5543 
3862 5528 491 490 5544 
3863 5544 490 489 3467 
3864 5543 5544 3467 1341 
3865 1823 5152 5547 5078 
3866 5152 1647 5545 5547 
3867 5547 5545 1627 5546 
3868 5078 5547 5546 1626 
3869 2439 3308 5549 5085 
3870 3308 2441 3321 5549 
3871 5549 3321 2442 5548 
3872 5085 5549 5548 2440 
3873 2660 5550 5553 5552 
3874 5550 721 720 5553 
3875 5553 720 719 5551 
3876 5552 5553 5551 1326 
3877 2662 5358 5555 4947 
3878 5358 565 564 5555 
3879 5555 564 563 5554 
3880 4947 5555 5554 1312 
3881 1663 4830 5557 5207 
3882 4830 1661 5556 5557 
3883 5557 5556 2681 5398 
3884 5207 5557 5398 1914 
3885 1312 5554 5560 5559 
3886 5554 563 562 5560 
3887 5560 562 561 5558 
3888 5559 5560 5558 2661 
3889 2622 5561 5562 4918 
3890 5561 2618 5367 5562 
3891 5562 5367 2616 5426 
3892 4918 5562 5426 2621 
3893 2284 5563 5566 4407 
3894 5563 2280 5564 5566 
3895 5566 5564 2997 5565 
3896 4407 5566 5565 1270 
3897 2155 5131 5569 5191 
3898 5131 2154 5567 5569 
3899 5569 5567 1943 5568 
3900 5191 5569 5568 1890 
3901 1310 5570 5572 5571 
3902 5570 495 494 5572 
3903 5572 494 493 5530 
3904 5571 5572 5530 2659 
3905 2523 3347 5574 3478 
3906 3347 2036 5573 5574 
3907 5574 5573 2833 3453 
3908 3478 5574 3453 2524 
3909 2641 5421 5577 5576 
3910 5421 1794 5466 5577 
3911 5577 5466 2011 5575 
3912 5576 5577 5575 2016 
3913 2377 3520 5580 5579 
3914 3520 2376 5578 5580 
3915 5580 5578 2373 5518 
3916 5579 5580 5518 2375 
3917 2437 5581 5585 5584 
3918 5581 2435 5582 5585 
3919 5585 5582 1862 5583 
3920 5584 5585 5583 2697 
3921 1727 5586 5590 5589 
3922 5586 1751 5587 5590 
3923 5590 5587 1752 5588 
3924 5589 5590 5588 1750 
3925 1340 4824 5591 5416 
3926 4824 2608 5218 5591 
3927 5591 5218 418 419 
3928 5416 5591 419 420 
3929 2672 5592 5596 5595 
3930 5592 2974 5593 5596 
3931 5596 5593 2602 5594 
3932 5595 5596 5594 2940 
3933 2344 4369 5597 3953 
3934 4369 2116 4892 5597 
3935 5597 4892 2312 4288 
3936 3953 5597 4288 2609 
3937 2585 5598 5601 4384 
3938 5598 1431 5599 5601 
3939 5601 5599 1462 5600 
3940 4384 5601 5600 1463 
3941 1342 5455 5602 4352 
3942 5455 177 178 5602 
3943 5602 178 179 5261 
3944 4352 5602 5261 2633 
3945 2361 5108 5605 3930 
3946 5108 1478 5603 5605 
3947 5605 5603 1672 5604 
3948 3930 5605 5604 1674 
3949 1696 5606 5609 5412 
3950 5606 1694 5607 5609 
3951 5609 5607 1693 5608 
3952 5412 5609 5608 1695 
3953 2526 5124 5611 5610 
3954 5124 497 496 5611 
3955 5611 496 495 5570 
3956 5610 5611 5570 1310 
3957 559 5612 5614 560 
3958 5612 2663 5613 5614 
3959 5614 5613 2661 5558 
3960 560 5614 5558 561 
3961 2449 5615 5617 3716 
3962 5615 2369 5616 5617 
3963 5617 5616 2367 5364 
3964 3716 5617 5364 2368 
3965 1415 4454 5621 5620 
3966 4454 1389 5618 5621 
3967 5621 5618 1388 5619 
3968 5620 5621 5619 1414 
3969 1590 5622 5626 5625 
3970 5622 2656 5623 5626 
3971 5626 5623 1727 5624 
3972 5625 5626 5624 1726 
3973 2581 5627 5630 5629 
3974 5627 2580 5628 5630 
3975 5630 5628 2579 5114 
3976 5629 5630 5114 2578 
3977 1649 5425 5633 5632 
3978 5425 1651 5390 5633 
3979 5633 5390 1652 5631 
3980 5632 5633 5631 1650 
3981 1647 5151 5636 5635 
3982 5151 1649 5632 5636 
3983 5636 5632 1650 5634 
3984 5635 5636 5634 1648 
3985 2380 5637 5640 5278 
3986 5637 2671 5638 5640 
3987 5640 5638 2684 5639 
3988 5278 5640 5639 1795 
3989 2665 5641 5643 5200 
3990 5641 1303 5642 5643 
3991 5643 5642 535 534 
3992 5200 5643 534 533 
3993 3078 3286 5645 4418 
3994 3286 2580 5627 5645 
3995 5645 5627 2581 5644 
3996 4418 5645 5644 2582 
3997 2785 5646 5650 5649 
3998 5646 1850 5647 5650 
3999 5650 5647 1929 5648 
4000 5649 5650 5648 2007 
4001 2669 5651 5653 5317 
4002 5651 2056 5652 5653 
4003 5653 5652 2172 4080 
4004 5317 5653 4080 2272 
4005 1637 5338 5656 5655 
4006 5338 1883 5520 5656 
4007 5656 5520 2705 5654 
4008 5655 5656 5654 1635 
4009 2571 5030 5658 5325 
4010 5030 1300 5657 5658 
4011 5658 5657 669 668 
4012 5325 5658 668 667 
4013 1718 5328 5661 4899 
4014 5328 1716 5659 5661 
4015 5661 5659 1715 5660 
4016 4899 5661 5660 1717 
4017 1626 5662 5665 5079 
4018 5662 1625 5663 5665 
4019 5665 5663 1623 5664 
4020 5079 5665 5664 1624 
4021 1260 5666 5670 5669 
4022 5666 1280 5667 5670 
4023 5670 5667 1335 5668 
4024 5669 5670 5668 2847 
4025 1805 4647 5674 5673 
4026 4647 1880 5671 5674 
4027 5674 5671 2084 5672 
4028 5673 5674 5672 1879 
4029 2605 5192 5678 5677 
4030 5192 1890 5675 5678 
4031 5678 5675 1889 5676 
4032 5677 5678 5676 1714 
4033 2687 5679 5683 5682 
4034 5679 2818 5680 5683 
4035 5683 5680 1887 5681 
4036 5682 5683 5681 2063 
4037 1901 5160 5686 5070 
4038 5160 1989 5684 5686 
4039 5686 5684 2245 5685 
4040 5070 5686 5685 1969 
4041 1783 4809 5687 5244 
4042 4809 1968 5037 5687 
4043 5687 5037 2330 4392 
4044 5244 5687 4392 2465 
4045 2234 4258 5690 5689 
4046 4258 2236 5387 5690 
4047 5690 5387 2254 5688 
4048 5689 5690 5688 2235 
4049 2603 5691 5693 5460 
4050 5691 1294 5692 5693 
4051 5693 5692 709 708 
4052 5460 5693 708 707 
4053 1639 5694 5696 5497 
4054 5694 1640 5695 5696 
4055 5696 5695 1642 5510 
4056 5497 5696 5510 1641 
4057 2637 5406 5698 3950 
4058 5406 1797 4490 5698 
4059 5698 4490 1616 5697 
4060 3950 5698 5697 1614 
4061 2468 3641 5699 3471 
4062 3641 613 612 5699 
4063 5699 612 611 3635 
4064 3471 5699 3635 1293 
4065 2726 4568 5701 5523 
4066 4568 2489 4063 5701 
4067 5701 4063 1867 5700 
4068 5523 5701 5700 2705 
4069 709 5702 5705 710 
4070 5702 2672 5703 5705 
4071 5705 5703 2673 5704 
4072 710 5705 5704 711 
4073 1746 4887 5708 5707 
4074 4887 1737 4796 5708 
4075 5708 4796 1698 5706 
4076 5707 5708 5706 1745 
4077 557 5709 5711 558 
4078 5709 1305 5710 5711 
4079 5711 5710 2663 5612 
4080 558 5711 5612 559 
4081 1624 5664 5714 4514 
4082 5664 1623 5712 5714 
4083 5714 5712 1621 5713 
4084 4514 5714 5713 1622 
4085 1922 5715 5719 5718 
4086 5715 2247 5716 5719 
4087 5719 5716 2248 5717 
4088 5718 5719 5717 2246 
4089 1924 5720 5724 5723 
4090 5720 2195 5721 5724 
4091 5724 5721 2197 5722 
4092 5723 5724 5722 2196 
4093 1955 4299 5728 5727 
4094 4299 2187 5725 5728 
4095 5728 5725 2701 5726 
4096 5727 5728 5726 1748 
4097 2604 4644 5730 3934 
4098 4644 2388 5729 5730 
4099 5730 5729 2389 5171 
4100 3934 5730 5171 2390 
4101 1915 5731 5734 5075 
4102 5731 2053 5732 5734 
4103 5734 5732 2592 5733 
4104 5075 5734 5733 2590 
4105 1622 5713 5737 5495 
4106 5713 1621 5735 5737 
4107 5737 5735 1619 5736 
4108 5495 5737 5736 1620 
4109 2424 5738 5741 5740 
4110 5738 2565 4216 5741 
4111 5741 4216 2567 5739 
4112 5740 5741 5739 2566 
4113 2433 5026 5743 5742 
4114 5026 1862 5582 5743 
4115 5743 5582 2435 5014 
4116 5742 5743 5014 2434 
4117 2598 3784 5745 5291 
4118 3784 2601 3761 5745 
4119 5745 3761 2602 5744 
4120 5291 5745 5744 2599 
4121 2546 3832 5748 5747 
4122 3832 2544 5746 5748 
4123 5748 5746 2543 4227 
4124 5747 5748 4227 2545 
4125 2749 5749 5752 3410 
4126 5749 1390 5750 5752 
4127 5752 5750 1391 5751 
4128 3410 5752 5751 1980 
4129 2142 4807 5755 5754 
4130 4807 1956 5753 5755 
4131 5755 5753 2588 3830 
4132 5754 5755 3830 3075 
4133 1791 3724 5759 5758 
4134 3724 1690 5756 5759 
4135 5759 5756 1691 5757 
4136 5758 5759 5757 1692 
4137 1571 4482 5763 5762 
4138 4482 1569 5760 5763 
4139 5763 5760 1568 5761 
4140 5762 5763 5761 1570 
4141 1583 5051 5764 4122 
4142 5051 123 124 5764 
4143 5764 124 125 5503 
4144 4122 5764 5503 2677 
4145 2414 5765 5769 5768 
4146 5765 2206 5766 5769 
4147 5769 5766 1978 5767 
4148 5768 5769 5767 2671 
4149 711 5704 5772 712 
4150 5704 2673 5770 5772 
4151 5772 5770 1295 5771 
4152 712 5772 5771 713 
4153 2678 4171 5775 5774 
4154 4171 2531 5773 5775 
4155 5775 5773 1966 4826 
4156 5774 5775 4826 2071 
4157 2297 4577 5777 4495 
4158 4577 2445 4534 5777 
4159 5777 4534 3158 5776 
4160 4495 5777 5776 2473 
4161 1915 5208 5779 5731 
4162 5208 1914 5397 5779 
4163 5779 5397 2110 5778 
4164 5731 5779 5778 2053 
4165 2698 3900 5782 4253 
4166 3900 1824 5780 5782 
4167 5782 5780 1335 5781 
4168 4253 5782 5781 1380 
4169 1971 4895 5785 5440 
4170 4895 1710 5783 5785 
4171 5785 5783 2701 5784 
4172 5440 5785 5784 1972 
4173 1530 5786 5789 4186 
4174 5786 1723 5787 5789 
4175 5789 5787 1878 5788 
4176 4186 5789 5788 1769 
4177 1267 5790 5794 5793 
4178 5790 1282 5791 5794 
4179 5794 5791 1319 5792 
4180 5793 5794 5792 2882 
4181 1834 5267 5795 5349 
4182 5267 2681 5556 5795 
4183 5795 5556 1661 5336 
4184 5349 5795 5336 1659 
4185 1538 5796 5799 4726 
4186 5796 1739 5797 5799 
4187 5799 5797 1913 5798 
4188 4726 5799 5798 1912 
4189 2548 5800 5801 3834 
4190 5800 1642 5695 5801 
4191 5801 5695 1640 3975 
4192 3834 5801 3975 1836 
4193 1414 5802 5805 5620 
4194 5802 1426 5803 5805 
4195 5805 5803 1427 5804 
4196 5620 5805 5804 1415 
4197 1620 5736 5808 4468 
4198 5736 1619 5806 5808 
4199 5808 5806 1617 5807 
4200 4468 5808 5807 1618 
4201 2544 5300 5810 5746 
4202 5300 2542 5809 5810 
4203 5810 5809 2541 4102 
4204 5746 5810 4102 2543 
4205 305 306 5812 5313 
4206 306 307 4479 5812 
4207 5812 4479 2801 5811 
4208 5313 5812 5811 1315 
4209 2290 3560 5815 4561 
4210 3560 1712 5813 5815 
4211 5815 5813 1371 5814 
4212 4561 5815 5814 2463 
4213 2542 3861 5816 5809 
4214 3861 2540 5225 5816 
4215 5816 5225 2538 4452 
4216 5809 5816 4452 2541 
4217 1956 4806 5819 5818 
4218 4806 1783 5243 5819 
4219 5819 5243 1722 5817 
4220 5818 5819 5817 1784 
4221 1754 5820 5823 5822 
4222 5820 1753 5821 5823 
4223 5823 5821 1750 5588 
4224 5822 5823 5588 1752 
4225 2383 5824 5826 3485 
4226 5824 2382 5825 5826 
4227 5826 5825 2380 5277 
4228 3485 5826 5277 2381 
4229 2352 5827 5831 5830 
4230 5827 1459 5828 5831 
4231 5831 5828 1455 5829 
4232 5830 5831 5829 2332 
4233 2357 4543 5835 5834 
4234 4543 2082 5832 5835 
4235 5835 5832 2238 5833 
4236 5834 5835 5833 2239 
4237 2598 5290 5837 3785 
4238 5290 1864 4213 5837 
4239 5837 4213 1684 5836 
4240 3785 5837 5836 1686 
4241 1862 5025 5838 5583 
4242 5025 569 568 5838 
4243 5838 568 567 5357 
4244 5583 5838 5357 2697 
4245 1640 5694 5840 3976 
4246 5694 1639 5339 5840 
4247 5840 5339 1637 5839 
4248 3976 5840 5839 1638 
4249 1467 5841 5844 3598 
4250 5841 1469 5842 5844 
4251 5844 5842 1666 5843 
4252 3598 5844 5843 2717 
4253 2400 4702 5846 5845 
4254 4702 2688 4847 5846 
4255 5846 4847 1740 5067 
4256 5845 5846 5067 1969 
4257 2295 4052 5849 5848 
4258 4052 735 734 5849 
4259 5849 734 733 5847 
4260 5848 5849 5847 2294 
4261 3229 5850 5853 3303 
4262 5850 2224 5851 5853 
4263 5853 5851 2232 5852 
4264 3303 5853 5852 2233 
4265 1383 4396 5856 5855 
4266 4396 1488 4930 5856 
4267 5856 4930 1489 5854 
4268 5855 5856 5854 1425 
4269 2047 5857 5859 4494 
4270 5857 2296 3377 5859 
4271 5859 3377 2298 5858 
4272 4494 5859 5858 2297 
4273 2232 5860 5862 5852 
4274 5860 2234 5689 5862 
4275 5862 5689 2235 5861 
4276 5852 5862 5861 2233 
4277 2488 3856 5865 4062 
4278 3856 1631 5863 5865 
4279 5865 5863 1633 5864 
4280 4062 5865 5864 1867 
4281 1715 5866 5869 5660 
4282 5866 2679 5867 5869 
4283 5869 5867 1868 5868 
4284 5660 5869 5868 1717 
4285 1600 5870 5873 4508 
4286 5870 1485 5871 5873 
4287 5873 5871 2779 5872 
4288 4508 5873 5872 2485 
4289 1340 4217 5875 4821 
4290 4217 2565 5738 5875 
4291 5875 5738 2424 5874 
4292 4821 5875 5874 2423 
4293 1977 5876 5880 5879 
4294 5876 2174 5877 5880 
4295 5880 5877 2704 5878 
4296 5879 5880 5878 1918 
4297 730 3696 5883 731 
4298 3696 3044 5881 5883 
4299 5883 5881 2066 5882 
4300 731 5883 5882 26 
4301 2135 4519 5887 5886 
4302 4519 1886 5884 5887 
4303 5887 5884 1732 5885 
4304 5886 5887 5885 1899 
4305 1814 5888 5891 5890 
4306 5888 2005 3345 5891 
4307 5891 3345 2006 5889 
4308 5890 5891 5889 1935 
4309 2443 5892 5893 4354 
4310 5892 2444 5526 5893 
4311 5893 5526 2577 5112 
4312 4354 5893 5112 2583 
4313 2393 5894 5897 5482 
4314 5894 1386 5895 5897 
4315 5897 5895 1419 5896 
4316 5482 5897 5896 1421 
4317 1961 5898 5902 5901 
4318 5898 1892 5899 5902 
4319 5902 5899 1788 5900 
4320 5901 5902 5900 1847 
4321 2714 5903 5905 5904 
4322 5903 2320 4638 5905 
4323 5905 4638 1937 4321 
4324 5904 5905 4321 2305 
4325 1886 4635 5908 5884 
4326 4635 1731 5906 5908 
4327 5908 5906 1730 5907 
4328 5884 5908 5907 1732 
4329 1795 5639 5911 5327 
4330 5639 2684 5909 5911 
4331 5911 5909 1681 5910 
4332 5327 5911 5910 1716 
4333 2475 5912 5913 5053 
4334 5912 2476 5031 5913 
4335 5913 5031 2571 5324 
4336 5053 5913 5324 1584 
4337 1716 5910 5916 5659 
4338 5910 1681 5914 5916 
4339 5916 5914 1714 5915 
4340 5659 5916 5915 1715 
4341 1618 5807 5918 4489 
4342 5807 1617 3923 5918 
4343 5918 3923 1615 5917 
4344 4489 5918 5917 1616 
4345 1860 5919 5922 5921 
4346 5919 2109 4003 5922 
4347 5922 4003 2153 5920 
4348 5921 5922 5920 2152 
4349 229 4932 5925 228 
4350 4932 1428 5923 5925 
4351 5925 5923 2895 5924 
4352 228 5925 5924 227 
4353 2605 5677 5928 5927 
4354 5677 1714 5914 5928 
4355 5928 5914 1681 5926 
4356 5927 5928 5926 1679 
4357 2769 4316 5931 5930 
4358 4316 2499 3719 5931 
4359 5931 3719 2888 5929 
4360 5930 5931 5929 1927 
4361 1864 5293 5933 4047 
4362 5293 2597 5932 5933 
4363 5933 5932 2595 5381 
4364 4047 5933 5381 2594 
4365 2464 4249 5937 5936 
4366 4249 1493 5934 5937 
4367 5937 5934 1491 5935 
4368 5936 5937 5935 1398 
4369 2099 5938 5940 4798 
4370 5938 2074 5939 5940 
4371 5940 5939 1963 5018 
4372 4798 5940 5018 1992 
4373 2159 5941 5944 5943 
4374 5941 2144 5441 5944 
4375 5944 5441 1972 5942 
4376 5943 5944 5942 3087 
4377 2196 5722 5948 5947 
4378 5722 2197 5945 5948 
4379 5948 5945 2199 5946 
4380 5947 5948 5946 2198 
4381 1808 4827 5952 5951 
4382 4827 1966 5949 5952 
4383 5952 5949 2095 5950 
4384 5951 5952 5950 1809 
4385 2537 4781 5953 4378 
4386 4781 2535 4920 5953 
4387 5953 4920 2533 5281 
4388 4378 5953 5281 2536 
4389 2476 5954 5957 5028 
4390 5954 2719 5955 5957 
4391 5957 5955 2810 5956 
4392 5028 5957 5956 2572 
4393 2682 5470 5960 4434 
4394 5470 2012 5958 5960 
4395 5960 5958 2041 5959 
4396 4434 5960 5959 2042 
4397 2576 3579 5963 3926 
4398 3579 1837 5961 5963 
4399 5963 5961 1613 5962 
4400 3926 5963 5962 1615 
4401 1535 4660 5966 5965 
4402 4660 1808 5951 5966 
4403 5966 5951 1809 5964 
4404 5965 5966 5964 1807 
4405 2226 5967 5971 5970 
4406 5967 1964 5968 5971 
4407 5971 5968 2139 5969 
4408 5970 5971 5969 2225 
4409 2206 5972 5974 5766 
4410 5972 2205 5288 5974 
4411 5974 5288 1944 5973 
4412 5766 5974 5973 1978 
4413 1983 5975 5979 5978 
4414 5975 2222 5976 5979 
4415 5979 5976 2223 5977 
4416 5978 5979 5977 2221 
4417 1372 5980 5984 5983 
4418 5980 2729 5981 5984 
4419 5984 5981 1553 5982 
4420 5983 5984 5982 1405 
4421 2606 3973 5986 3863 
4422 3973 1638 5985 5986 
4423 5986 5985 1636 3673 
4424 3863 5986 3673 1844 
4425 2026 5987 5990 3874 
4426 5987 2809 5988 5990 
4427 5990 5988 2152 5989 
4428 3874 5990 5989 2861 
4429 1806 5991 5994 5993 
4430 5991 1924 5723 5994 
4431 5994 5723 2196 5992 
4432 5993 5994 5992 2696 
4433 1890 5568 5997 5675 
4434 5568 1943 5995 5997 
4435 5997 5995 2112 5996 
4436 5675 5997 5996 1889 
4437 2089 5998 6001 6000 
4438 5998 2088 5999 6001 
4439 6001 5999 2085 4669 
4440 6000 6001 4669 2087 
4441 1873 6002 6005 4545 
4442 6002 1995 6003 6005 
4443 6005 6003 1997 6004 
4444 4545 6005 6004 1996 
4445 1854 6006 6009 6008 
4446 6006 1983 5978 6009 
4447 6009 5978 2221 6007 
4448 6008 6009 6007 1993 
4449 1760 6010 6013 6012 
4450 6010 2674 3251 6013 
4451 6013 3251 1896 6011 
4452 6012 6013 6011 1704 
4453 1961 6014 6018 6017 
4454 6014 2078 6015 6018 
4455 6018 6015 2079 6016 
4456 6017 6018 6016 2014 
4457 1990 5430 6021 4760 
4458 5430 1952 6019 6021 
4459 6021 6019 1902 6020 
4460 4760 6021 6020 1841 
4461 2326 6022 6024 6023 
4462 6022 2325 4600 6024 
4463 6024 4600 1926 4357 
4464 6023 6024 4357 1986 
4465 1966 5773 6026 5949 
4466 5773 2531 4170 6026 
4467 6026 4170 2655 6025 
4468 5949 6026 6025 2095 
4469 1731 4750 6029 5906 
4470 4750 1729 6027 6029 
4471 6029 6027 1675 6028 
4472 5906 6029 6028 1730 
4473 1678 6030 6032 5166 
4474 6030 1680 6031 6032 
4475 6032 6031 1978 5973 
4476 5166 6032 5973 1944 
4477 2421 6033 6036 6035 
4478 6033 2420 4822 6036 
4479 6036 4822 2423 6034 
4480 6035 6036 6034 2422 
4481 2671 5767 6038 5638 
4482 5767 1978 6031 6038 
4483 6038 6031 1680 6037 
4484 5638 6038 6037 2684 
4485 1616 5917 6040 5697 
4486 5917 1615 5962 6040 
4487 6040 5962 1613 6039 
4488 5697 6040 6039 1614 
4489 1714 5676 6042 5915 
4490 5676 1889 6041 6042 
4491 6042 6041 2679 5866 
4492 5915 6042 5866 1715 
4493 1419 6043 6047 6046 
4494 6043 1420 6044 6047 
4495 6047 6044 2687 6045 
4496 6046 6047 6045 2686 
4497 1816 6048 6052 6051 
4498 6048 2146 6049 6052 
4499 6052 6049 2759 6050 
4500 6051 6052 6050 1606 
4501 1887 6053 6056 5681 
4502 6053 1888 6054 6056 
4503 6056 6054 2064 6055 
4504 5681 6056 6055 2063 
4505 2828 4037 6060 6059 
4506 4037 2027 6057 6060 
4507 6060 6057 1846 6058 
4508 6059 6060 6058 1658 
4509 2444 5892 6061 3581 
4510 5892 2443 4873 6061 
4511 6061 4873 2440 5548 
4512 3581 6061 5548 2442 
4513 1298 6062 6065 6064 
4514 6062 2859 6063 6065 
4515 6065 6063 2061 5136 
4516 6064 6065 5136 2820 
4517 1635 6066 6067 5655 
4518 6066 1636 5985 6067 
4519 6067 5985 1638 5839 
4520 5655 6067 5839 1637 
4521 1947 6068 6070 4498 
4522 6068 2574 6069 6070 
4523 6070 6069 2095 6025 
4524 4498 6070 6025 2655 
4525 1996 6004 6074 6073 
4526 6004 1997 6071 6074 
4527 6074 6071 2258 6072 
4528 6073 6074 6072 2244 
4529 2354 6075 6078 6077 
4530 6075 2341 6076 6078 
4531 6078 6076 1930 5140 
4532 6077 6078 5140 2353 
4533 1761 4007 6081 4429 
4534 4007 2501 6079 6081 
4535 6081 6079 2503 6080 
4536 4429 6081 6080 2502 
4537 2973 6082 6085 6084 
4538 6082 2548 3833 6085 
4539 6085 3833 2546 6083 
4540 6084 6085 6083 2996 
4541 721 5550 6087 722 
4542 5550 2660 6086 6087 
4543 6087 6086 2690 5463 
4544 722 6087 5463 723 
4545 1596 6088 6092 6091 
4546 6088 2098 6089 6092 
4547 6092 6089 2122 6090 
4548 6091 6092 6090 1765 
4549 1750 6093 6095 5589 
4550 6093 2817 6094 6095 
4551 6095 6094 1726 5624 
4552 5589 6095 5624 1727 
4553 2317 6096 6098 6097 
4554 6096 1311 4969 6098 
4555 6098 4969 2328 5189 
4556 6097 6098 5189 2318 
4557 1724 6099 6102 6101 
4558 6099 1793 6100 6102 
4559 6102 6100 1888 6053 
4560 6101 6102 6053 1887 
4561 1690 3723 6106 6105 
4562 3723 1688 6103 6106 
4563 6106 6103 1687 6104 
4564 6105 6106 6104 1689 
4565 2638 5407 6107 4961 
4566 5407 2637 3949 6107 
4567 6107 3949 2502 6080 
4568 4961 6107 6080 2503 
4569 1530 6108 6111 5786 
4570 6108 1531 6109 6111 
4571 6111 6109 1724 6110 
4572 5786 6111 6110 1723 
4573 1926 4599 6114 4358 
4574 4599 1925 6112 6114 
4575 6114 6112 2191 6113 
4576 4358 6114 6113 1979 
4577 2684 6037 6116 5909 
4578 6037 1680 6115 6116 
4579 6116 6115 1679 5926 
4580 5909 6116 5926 1681 
4581 2558 4695 6118 5295 
4582 4695 2760 6117 6118 
4583 6118 6117 400 401 
4584 5295 6118 401 402 
4585 1320 6119 6123 6122 
4586 6119 2763 6120 6123 
4587 6123 6120 1406 6121 
4588 6122 6123 6121 1331 
4589 1981 6124 6126 6125 
4590 6124 1936 4639 6126 
4591 6126 4639 1769 5788 
4592 6125 6126 5788 1878 
4593 1762 6127 6129 4878 
4594 6127 1527 6128 6129 
4595 6129 6128 1524 5392 
4596 4878 6129 5392 1526 
4597 2671 5637 6131 5768 
4598 5637 2380 5825 6131 
4599 6131 5825 2382 6130 
4600 5768 6131 6130 2414 
4601 3127 6132 6136 6135 
4602 6132 1356 6133 6136 
4603 6136 6133 3166 6134 
4604 6135 6136 6134 2263 
4605 1749 6137 6140 4601 
4606 6137 1829 6138 6140 
4607 6140 6138 2575 6139 
4608 4601 6140 6139 1925 
4609 1981 6125 6144 6143 
4610 6125 1878 6141 6144 
4611 6144 6141 2664 6142 
4612 6143 6144 6142 2002 
4613 1666 5842 6148 6147 
4614 5842 1469 6145 6148 
4615 6148 6145 1471 6146 
4616 6147 6148 6146 1472 
4617 517 518 6152 6151 
4618 518 519 6149 6152 
4619 6152 6149 2010 6150 
4620 6151 6152 6150 2676 
4621 2207 6153 6155 5287 
4622 6153 2956 6154 6155 
4623 6155 6154 1787 4940 
4624 5287 6155 4940 2586 
4625 1912 5798 6158 5252 
4626 5798 1913 6156 6158 
4627 6158 6156 2023 6157 
4628 5252 6158 6157 2022 
4629 1878 5787 6160 6141 
4630 5787 1723 6110 6160 
4631 6160 6110 1724 6159 
4632 6141 6160 6159 2664 
4633 1697 5414 6163 4692 
4634 5414 2756 6161 6163 
4635 6163 6161 2732 6162 
4636 4692 6163 6162 1698 
4637 1729 4133 6165 6027 
4638 4133 1674 5604 6165 
4639 6165 5604 1672 6164 
4640 6027 6165 6164 1675 
4641 2410 3914 6167 6166 
4642 3914 2409 4884 6167 
4643 6167 4884 2403 5256 
4644 6166 6167 5256 2405 
4645 1663 5206 6168 4831 
4646 5206 1950 4955 6168 
4647 6168 4955 2319 4077 
4648 4831 6168 4077 2426 
4649 1782 5479 6171 5418 
4650 5479 1962 6169 6171 
4651 6171 6169 1964 6170 
4652 5418 6171 6170 1781 
4653 2034 6172 6176 6175 
4654 6172 2021 6173 6176 
4655 6176 6173 1948 6174 
4656 6175 6176 6174 2020 
4657 2036 6177 6179 5573 
4658 6177 2728 6178 6179 
4659 6179 6178 1560 4730 
4660 5573 6179 4730 2833 
4661 1734 6180 6182 4523 
4662 6180 1906 6181 6182 
4663 6182 6181 1974 5437 
4664 4523 6182 5437 1973 
4665 2020 6174 6186 6185 
4666 6174 1948 6183 6186 
4667 6186 6183 1946 6184 
4668 6185 6186 6184 1839 
4669 1866 4888 6188 4239 
4670 4888 1746 6187 6188 
4671 6188 6187 1918 5878 
4672 4239 6188 5878 2704 
4673 1614 6039 6191 3947 
4674 6039 1613 6189 6191 
4675 6191 6189 1611 6190 
4676 3947 6191 6190 1612 
4677 1781 6170 6194 6193 
4678 6170 1964 5967 6194 
4679 6194 5967 2226 6192 
4680 6193 6194 6192 2710 
4681 1932 6195 6198 6197 
4682 6195 2286 3683 6198 
4683 6198 3683 2287 6196 
4684 6197 6198 6196 2105 
4685 2009 6199 6202 6201 
4686 6199 2007 5648 6202 
4687 6202 5648 1929 6200 
4688 6201 6202 6200 2008 
4689 2162 6203 6206 6205 
4690 6203 2035 6204 6206 
4691 6206 6204 2021 6172 
4692 6205 6206 6172 2034 
4693 3127 6135 6210 6209 
4694 6135 2263 6207 6210 
4695 6210 6207 3211 6208 
4696 6209 6210 6208 1563 
4697 1805 6211 6214 4992 
4698 6211 1804 6212 6214 
4699 6214 6212 1803 6213 
4700 4992 6214 6213 1802 
4701 1781 6193 6216 5419 
4702 6193 2710 6215 6216 
4703 6216 6215 1652 5389 
4704 5419 6216 5389 1660 
4705 1961 6017 6219 5898 
4706 6017 2014 6217 6219 
4707 6219 6217 2092 6218 
4708 5898 6219 6218 1892 
4709 2798 4056 6222 6221 
4710 4056 2767 6220 6222 
4711 6222 6220 2248 5716 
4712 6221 6222 5716 2247 
4713 2570 3943 6225 5533 
4714 3943 2182 6223 6225 
4715 6225 6223 2181 6224 
4716 5533 6225 6224 2180 
4717 2557 6226 6229 4950 
4718 6226 2991 6227 6229 
4719 6229 6227 3220 6228 
4720 4950 6229 6228 2556 
4721 1964 6169 6232 5968 
4722 6169 1962 6230 6232 
4723 6232 6230 2689 6231 
4724 5968 6232 6231 2139 
4725 581 582 6236 6235 
4726 582 583 6233 6236 
4727 6236 6233 2685 6234 
4728 6235 6236 6234 1916 
4729 1882 6237 6241 6240 
4730 6237 2038 6238 6241 
4731 6241 6238 3068 6239 
4732 6240 6241 6239 2384 
4733 2741 6242 6245 6244 
4734 6242 3010 6243 6245 
4735 6245 6243 3084 3777 
4736 6244 6245 3777 2160 
4737 2172 5652 6249 6248 
4738 5652 2056 6246 6249 
4739 6249 6246 1869 6247 
4740 6248 6249 6247 1857 
4741 2299 6250 6252 4055 
4742 6250 2812 6251 6252 
4743 6252 6251 2248 6220 
4744 4055 6252 6220 2767 
4745 1636 6066 6255 3674 
4746 6066 1635 6253 6255 
4747 6255 6253 1633 6254 
4748 3674 6255 6254 1634 
4749 2333 4137 6257 3414 
4750 4137 2268 6256 6257 
4751 6257 6256 2265 4229 
4752 3414 6257 4229 2267 
4753 1854 6258 6261 6006 
4754 6258 1982 6259 6261 
4755 6261 6259 2694 6260 
4756 6006 6261 6260 1983 
4757 2103 6262 6265 6264 
4758 6262 1982 6258 6265 
4759 6265 6258 1854 6263 
4760 6264 6265 6263 1458 
4761 1709 6266 6268 6267 
4762 6266 1748 5726 6268 
4763 6268 5726 2701 5783 
4764 6267 6268 5783 1710 
4765 1415 5804 6271 4455 
4766 5804 1427 6269 6271 
4767 6271 6269 2585 6270 
4768 4455 6271 6270 1735 
4769 2878 6272 6274 6273 
4770 6272 2824 4948 6274 
4771 6274 4948 1312 5559 
4772 6273 6274 5559 2661 
4773 2669 4224 6276 5651 
4774 4224 2083 6275 6276 
4775 6276 6275 1869 6246 
4776 5651 6276 6246 2056 
4777 2739 6277 6281 6280 
4778 6277 1810 6278 6281 
4779 6281 6278 1998 6279 
4780 6280 6281 6279 1999 
4781 1754 6282 6285 5820 
4782 6282 1788 6283 6285 
4783 6285 6283 1875 6284 
4784 5820 6285 6284 1753 
4785 2596 4048 6287 3491 
4786 4048 2594 5380 6287 
4787 6287 5380 2593 6286 
4788 3491 6287 6286 2733 
4789 2011 6288 6291 5575 
4790 6288 2134 6289 6291 
4791 6291 6289 2831 6290 
4792 5575 6291 6290 2016 
4793 1469 5841 6295 6294 
4794 5841 1467 6292 6295 
4795 6295 6292 1466 6293 
4796 6294 6295 6293 1468 
4797 1393 6296 6298 4244 
4798 6296 1360 6297 6298 
4799 6298 6297 2768 3434 
4800 4244 6298 3434 2309 
4801 1510 6299 6302 6301 
4802 6299 2708 5155 6302 
4803 6302 5155 1798 6300 
4804 6301 6302 6300 1573 
4805 1760 6012 6306 6305 
4806 6012 1704 6303 6306 
4807 6306 6303 1703 6304 
4808 6305 6306 6304 1497 
4809 583 584 6309 6233 
4810 584 585 6307 6309 
4811 6309 6307 1345 6308 
4812 6233 6309 6308 2685 
4813 1962 5478 6311 6230 
4814 5478 1963 5939 6311 
4815 6311 5939 2074 6310 
4816 6230 6311 6310 2689 
4817 2082 4542 6314 6313 
4818 4542 2009 6201 6314 
4819 6314 6201 2008 6312 
4820 6313 6314 6312 2080 
4821 1536 6315 6319 6318 
4822 6315 1473 6316 6319 
4823 6319 6316 2695 6317 
4824 6318 6319 6317 3138 
4825 1688 3786 6322 6103 
4826 3786 1686 6320 6322 
4827 6322 6320 1685 6321 
4828 6103 6322 6321 1687 
4829 2607 6323 6327 6326 
4830 6323 1509 6324 6327 
4831 6327 6324 1507 6325 
4832 6326 6327 6325 1445 
4833 2071 4558 6330 5774 
4834 4558 2463 6328 6330 
4835 6330 6328 1404 6329 
4836 5774 6330 6329 2678 
4837 2350 6331 6334 4474 
4838 6331 1472 6332 6334 
4839 6334 6332 1510 6333 
4840 4474 6334 6333 1511 
4841 221 4627 6336 220 
4842 4627 2507 6335 6336 
4843 6336 6335 2715 5096 
4844 220 6336 5096 219 
4845 1861 6337 6341 6340 
4846 6337 1585 6338 6341 
4847 6341 6338 1451 6339 
4848 6340 6341 6339 1513 
4849 2501 4006 6343 6342 
4850 4006 2436 5015 6343 
4851 6343 5015 2435 5581 
4852 6342 6343 5581 2437 
4853 1531 6108 6346 6345 
4854 6108 1530 4185 6346 
4855 6346 4185 1519 6344 
4856 6345 6346 6344 1520 
4857 1436 4032 6349 3509 
4858 4032 2278 6347 6349 
4859 6349 6347 2279 6348 
4860 3509 6349 6348 2772 
4861 2728 6350 6353 6352 
4862 6350 1940 6351 6353 
4863 6353 6351 2003 3246 
4864 6352 6353 3246 2004 
4865 1463 6354 6357 4385 
4866 6354 1464 6355 6357 
4867 6357 6355 1466 6356 
4868 4385 6357 6356 1465 
4869 1573 6300 6361 6360 
4870 6300 1798 6358 6361 
4871 6361 6358 1799 6359 
4872 6360 6361 6359 1759 
4873 2465 4391 6364 5241 
4874 4391 1453 6362 6364 
4875 6364 6362 1528 6363 
4876 5241 6364 6363 1529 
4877 2233 5861 6366 3304 
4878 5861 2235 6365 6366 
4879 6366 6365 2700 3265 
4880 3304 6366 3265 2261 
4881 2352 6367 6370 5827 
4882 6367 1497 6368 6370 
4883 6370 6368 1496 6369 
4884 5827 6370 6369 1459 
4885 1955 5727 6373 6372 
4886 5727 1748 6266 6373 
4887 6373 6266 1709 6371 
4888 6372 6373 6371 1954 
4889 1746 5707 6376 6187 
4890 5707 1745 6374 6376 
4891 6376 6374 1919 6375 
4892 6187 6376 6375 1918 
4893 1293 3634 6377 3472 
4894 3634 2700 6365 6377 
4895 6377 6365 2235 5688 
4896 3472 6377 5688 2254 
4897 1918 6375 6380 5879 
4898 6375 1919 6378 6380 
4899 6380 6378 2176 6379 
4900 5879 6380 6379 1977 
4901 1710 4894 6383 6267 
4902 4894 1708 6381 6383 
4903 6383 6381 1707 6382 
4904 6267 6383 6382 1709 
4905 2067 6384 6388 6387 
4906 6384 1773 6385 6388 
4907 6388 6385 1772 6386 
4908 6387 6388 6386 1700 
4909 1860 5921 6391 6390 
4910 5921 2152 5988 6391 
4911 6391 5988 2809 6389 
4912 6390 6391 6389 2780 
4913 1910 3441 6394 4135 
4914 3441 2338 6392 6394 
4915 6394 6392 3221 6393 
4916 4135 6394 6393 2360 
4917 1569 4475 6397 5760 
4918 4475 1511 6395 6397 
4919 6397 6395 1567 6396 
4920 5760 6397 6396 1568 
4921 1704 6011 6399 6398 
4922 6011 1896 3449 6399 
4923 6399 3449 1998 6278 
4924 6398 6399 6278 1810 
4925 2577 5525 6402 5113 
4926 5525 1768 6400 6402 
4927 6402 6400 2874 6401 
4928 5113 6402 6401 2578 
4929 1570 6403 6405 5762 
4930 6403 1572 6404 6405 
4931 6405 6404 1574 5082 
4932 5762 6405 5082 1571 
4933 1466 6292 6407 6356 
4934 6292 1467 3600 6407 
4935 6407 3600 2851 6406 
4936 6356 6407 6406 1465 
4937 2341 6075 6411 6410 
4938 6075 2354 6408 6411 
4939 6411 6408 3065 6409 
4940 6410 6411 6409 3053 
4941 1798 5154 6414 6358 
4942 5154 1800 6412 6414 
4943 6414 6412 1801 6413 
4944 6358 6414 6413 1799 
4945 1979 6113 6417 4432 
4946 6113 2191 6415 6417 
4947 6417 6415 3140 6416 
4948 4432 6417 6416 2504 
4949 1684 4212 6421 6420 
4950 4212 1556 6418 6421 
4951 6421 6418 1682 6419 
4952 6420 6421 6419 1683 
4953 1708 4336 6424 6381 
4954 4336 1522 6422 6424 
4955 6424 6422 1656 6423 
4956 6381 6424 6423 1707 
4957 2105 6425 6428 6197 
4958 6425 2104 6426 6428 
4959 6428 6426 1803 6427 
4960 6197 6428 6427 1932 
4961 2739 6429 6430 6277 
4962 6429 1703 6303 6430 
4963 6430 6303 1704 6398 
4964 6277 6430 6398 1810 
4965 2698 3709 6431 3897 
4966 3709 2378 4147 6431 
4967 6431 4147 2325 6022 
4968 3897 6431 6022 2326 
4969 2457 6432 6435 4554 
4970 6432 2060 6433 6435 
4971 6435 6433 2059 6434 
4972 4554 6435 6434 1895 
4973 1680 6030 6438 6115 
4974 6030 1678 6436 6438 
4975 6438 6436 1654 6437 
4976 6115 6438 6437 1679 
4977 2849 6439 6442 6441 
4978 6439 2814 6440 6442 
4979 6442 6440 673 672 
4980 6441 6442 672 671 
4981 2027 4040 6445 6444 
4982 4040 2741 6244 6445 
4983 6445 6244 2160 6443 
4984 6444 6445 6443 2029 
4985 2743 6446 6449 4126 
4986 6446 2189 6447 6449 
4987 6449 6447 1928 6448 
4988 4126 6449 6448 2190 
4989 1634 6254 6452 6451 
4990 6254 1633 5863 6452 
4991 6452 5863 1631 6450 
4992 6451 6452 6450 1632 
4993 1609 6453 6456 6455 
4994 6453 1611 6454 6456 
4995 6456 6454 2707 3423 
4996 6455 6456 3423 1832 
4997 2301 3595 6459 6458 
4998 3595 1999 6279 6459 
4999 6459 6279 1998 6457 
5000 6458 6459 6457 2166 
5001 2889 6460 6463 6462 
5002 6460 2038 6237 6463 
5003 6463 6237 1882 6461 
5004 6462 6463 6461 1818 
5005 2024 6464 6467 5204 
5006 6464 2025 6465 6467 
5007 6467 6465 2119 6466 
5008 5204 6467 6466 2070 
5009 1897 6468 6472 6471 
5010 6468 1554 6469 6472 
5011 6472 6469 1553 6470 
5012 6471 6472 6470 1702 
5013 2127 6473 6476 6475 
5014 6473 3065 6408 6476 
5015 6476 6408 2354 6474 
5016 6475 6476 6474 3048 
5017 1455 5828 6479 6478 
5018 5828 1459 6369 6479 
5019 6479 6369 1496 6477 
5020 6478 6479 6477 1457 
5021 1686 5836 6481 6320 
5022 5836 1684 6420 6481 
5023 6481 6420 1683 6480 
5024 6320 6481 6480 1685 
5025 3019 6482 6484 6483 
5026 6482 2530 5081 6484 
5027 6484 5081 1787 6154 
5028 6483 6484 6154 2956 
5029 3154 6485 6487 3822 
5030 6485 2052 6486 6487 
5031 6487 6486 1952 5429 
5032 3822 6487 5429 2249 
5033 1635 5654 6488 6253 
5034 5654 2705 5700 6488 
5035 6488 5700 1867 5864 
5036 6253 6488 5864 1633 
5037 1646 6489 6492 6491 
5038 6489 1841 6020 6492 
5039 6492 6020 1902 6490 
5040 6491 6492 6490 1840 
5041 1482 6493 6496 6495 
5042 6493 1484 3736 6496 
5043 6496 3736 2771 6494 
5044 6495 6496 6494 2770 
5045 1610 6497 6499 4428 
5046 6497 1608 6498 6499 
5047 6499 6498 2724 4008 
5048 4428 6499 4008 1761 
5049 1947 4500 6502 6501 
5050 4500 1838 6500 6502 
5051 6502 6500 1839 6184 
5052 6501 6502 6184 1946 
5053 1705 6503 6505 6504 
5054 6503 1496 6368 6505 
5055 6505 6368 1497 6304 
5056 6504 6505 6304 1703 
5057 2176 6378 6509 6508 
5058 6378 1919 6506 6509 
5059 6509 6506 2732 6507 
5060 6508 6509 6507 2177 
5061 2708 6299 6511 6510 
5062 6299 1510 6332 6511 
5063 6511 6332 1472 6146 
5064 6510 6511 6146 1471 
5065 2670 5176 6514 3613 
5066 5176 1907 6512 6514 
5067 6514 6512 2118 6513 
5068 3613 6514 6513 2243 
5069 1883 5341 6516 5521 
5070 5341 2642 6515 6516 
5071 6516 6515 2810 5955 
5072 5521 6516 5955 2719 
5073 2047 4493 6519 6518 
5074 4493 2045 5506 6519 
5075 6519 5506 2044 6517 
5076 6518 6519 6517 2046 
5077 2141 4300 6522 6521 
5078 4300 1955 6372 6522 
5079 6522 6372 1954 6520 
5080 6521 6522 6520 2140 
5081 1612 6190 6524 4427 
5082 6190 1611 6453 6524 
5083 6524 6453 1609 6523 
5084 4427 6524 6523 1610 
5085 1837 3319 6525 5961 
5086 3319 2707 6454 6525 
5087 6525 6454 1611 6189 
5088 5961 6525 6189 1613 
5089 1726 6526 6529 5625 
5090 6526 1725 6527 6529 
5091 6529 6527 1589 6528 
5092 5625 6529 6528 1590 
5093 2013 6530 6534 6533 
5094 6530 1758 6531 6534 
5095 6534 6531 1759 6532 
5096 6533 6534 6532 1945 
5097 2710 6535 6537 6215 
5098 6535 2740 6536 6537 
5099 6537 6536 1650 5631 
5100 6215 6537 5631 1652 
5101 1387 6538 6542 6541 
5102 6538 1728 6539 6542 
5103 6542 6539 2832 6540 
5104 6541 6542 6540 1420 
5105 1404 6543 6545 6329 
5106 6543 1494 6544 6545 
5107 6545 6544 1665 4168 
5108 6329 6545 4168 2678 
5109 1800 4415 6547 6412 
5110 4415 1802 6213 6547 
5111 6547 6213 1803 6546 
5112 6412 6547 6546 1801 
5113 2680 3990 6550 4214 
5114 3990 1555 6548 6550 
5115 6550 6548 1492 6549 
5116 4214 6550 6549 1556 
5117 1535 6551 6553 4661 
5118 6551 1534 6552 6553 
5119 6553 6552 1491 5934 
5120 4661 6553 5934 1493 
5121 1313 6554 6556 3384 
5122 6554 3230 6555 6556 
5123 6556 6555 1790 3386 
5124 3384 6556 3386 2304 
5125 1608 6557 6561 6560 
5126 6557 1607 6558 6561 
5127 6561 6558 1606 6559 
5128 6560 6561 6559 1546 
5129 1457 6562 6565 6564 
5130 6562 2693 6563 6565 
5131 6565 6563 2103 6264 
5132 6564 6565 6264 1458 
5133 2287 3884 6568 6196 
5134 3884 2288 6566 6568 
5135 6568 6566 2774 6567 
5136 6196 6568 6567 2105 
5137 3034 6569 6572 6571 
5138 6569 2615 6570 6572 
5139 6572 6570 3231 4712 
5140 6571 6572 4712 2081 
5141 1740 4846 6576 6575 
5142 4846 1502 6573 6576 
5143 6576 6573 1603 6574 
5144 6575 6576 6574 1604 
5145 1405 5982 6579 6578 
5146 5982 1553 6469 6579 
5147 6579 6469 1554 6577 
5148 6578 6579 6577 1495 
5149 515 516 6581 6580 
5150 516 517 6151 6581 
5151 6581 6151 2676 3889 
5152 6580 6581 3889 1297 
5153 1759 6531 6584 6360 
5154 6531 1758 6582 6584 
5155 6584 6582 1567 6583 
5156 6360 6584 6583 1573 
5157 1528 6585 6589 6588 
5158 6585 1452 6586 6589 
5159 6589 6586 2686 6587 
5160 6588 6589 6587 1588 
5161 2029 6590 6592 6444 
5162 6590 2028 6591 6592 
5163 6592 6591 1846 6057 
5164 6444 6592 6057 2027 
5165 1750 5821 6595 6594 
5166 5821 1753 6284 6595 
5167 6595 6284 1875 6593 
5168 6594 6595 6593 2712 
5169 1398 5935 6599 6598 
5170 5935 1491 6596 6599 
5171 6599 6596 1492 6597 
5172 6598 6599 6597 1399 
5173 2015 6600 6604 6603 
5174 6600 1789 6601 6604 
5175 6604 6601 1605 6602 
5176 6603 6604 6602 1595 
5177 2044 5505 6607 6606 
5178 5505 2042 5959 6607 
5179 6607 5959 2041 6605 
5180 6606 6607 6605 2043 
5181 398 399 6609 5119 
5182 399 400 6117 6609 
5183 6609 6117 2760 6608 
5184 5119 6609 6608 1548 
5185 1664 6610 6613 6612 
5186 6610 1494 6611 6613 
5187 6613 6611 1405 6578 
5188 6612 6613 6578 1495 
5189 2138 6614 6617 6616 
5190 6614 2013 6533 6617 
5191 6617 6533 1945 6615 
5192 6616 6617 6615 2019 
5193 315 316 6620 6619 
5194 316 317 5346 6620 
5195 6620 5346 1422 6618 
5196 6619 6620 6618 2743 
5197 1573 6583 6621 6301 
5198 6583 1567 6395 6621 
5199 6621 6395 1511 6333 
5200 6301 6621 6333 1510 
5201 1948 6173 6625 6624 
5202 6173 2021 6622 6625 
5203 6625 6622 2132 6623 
5204 6624 6625 6623 2161 
5205 1956 5818 6627 5753 
5206 5818 1784 6626 6627 
5207 6627 6626 2589 3343 
5208 5753 6627 3343 2588 
5209 2101 6628 6631 6630 
5210 6628 2064 6054 6631 
5211 6631 6054 1888 6629 
5212 6630 6631 6629 2065 
5213 1786 6632 6636 6635 
5214 6632 2829 6633 6636 
5215 6636 6633 2158 6634 
5216 6635 6636 6634 2744 
5217 2033 6637 6641 6640 
5218 6637 2210 6638 6641 
5219 6641 6638 2211 6639 
5220 6640 6641 6639 2032 
5221 2670 3616 6644 3541 
5222 3616 2106 6642 6644 
5223 6644 6642 1953 6643 
5224 3541 6644 6643 1863 
5225 3202 6645 6648 6647 
5226 6645 2223 6646 6648 
5227 6648 6646 2224 5850 
5228 6647 6648 5850 3229 
5229 1527 6127 6652 6651 
5230 6127 1762 6649 6652 
5231 6652 6649 2111 6650 
5232 6651 6652 6650 2709 
5233 2281 6653 6656 6655 
5234 6653 2282 3393 6656 
5235 6656 3393 2964 6654 
5236 6655 6656 6654 2120 
5237 1457 6477 6657 6562 
5238 6477 1496 6503 6657 
5239 6657 6503 1705 4010 
5240 6562 6657 4010 2693 
5241 2003 6351 6661 6660 
5242 6351 1940 6658 6661 
5243 6661 6658 1898 6659 
5244 6660 6661 6659 1820 
5245 1807 6662 6664 5965 
5246 6662 1806 6663 6664 
5247 6664 6663 1534 6551 
5248 5965 6664 6551 1535 
5249 1911 6665 6668 4700 
5250 6665 1403 6666 6668 
5251 6668 6666 1412 6667 
5252 4700 6668 6667 1413 
5253 1924 5991 6671 6670 
5254 5991 1806 6662 6671 
5255 6671 6662 1807 6669 
5256 6670 6671 6669 1923 
5257 1396 6672 6676 6675 
5258 6672 1545 6673 6676 
5259 6676 6673 1546 6674 
5260 6675 6676 6674 1438 
5261 2031 6677 6680 6679 
5262 6677 2030 6678 6680 
5263 6680 6678 2028 6590 
5264 6679 6680 6590 2029 
5265 2195 5720 6683 6682 
5266 5720 1924 6670 6683 
5267 6683 6670 1923 6681 
5268 6682 6683 6681 2194 
5269 1420 6043 6685 6541 
5270 6043 1419 5895 6685 
5271 6685 5895 1386 6684 
5272 6541 6685 6684 1387 
5273 2070 6466 6689 6688 
5274 6466 2119 6686 6689 
5275 6689 6686 2280 6687 
5276 6688 6689 6687 2120 
5277 2358 6690 6693 4547 
5278 6690 1831 6691 6693 
5279 6693 6691 1872 6692 
5280 4547 6693 6692 1873 
5281 2709 5354 6696 6651 
5282 5354 1670 6694 6696 
5283 6696 6694 1669 6695 
5284 6651 6696 6695 1527 
5285 1880 4670 6699 5671 
5286 4670 2085 6697 6699 
5287 6699 6697 2757 6698 
5288 5671 6699 6698 2084 
5289 1421 6700 6701 5483 
5290 6700 1452 6585 6701 
5291 6701 6585 1528 6362 
5292 5483 6701 6362 1453 
5293 2508 4908 6704 6703 
5294 4908 2509 6702 6704 
5295 6704 6702 2715 6335 
5296 6703 6704 6335 2507 
5297 2743 4125 6706 6619 
5298 4125 2842 6705 6706 
5299 6706 6705 313 314 
5300 6619 6706 314 315 
5301 2794 6707 6710 6709 
5302 6707 2034 6175 6710 
5303 6710 6175 2020 6708 
5304 6709 6710 6708 2839 
5305 1472 6331 6712 6147 
5306 6331 2350 3894 6712 
5307 6712 3894 3227 6711 
5308 6147 6712 6711 1666 
5309 1941 6713 6716 6715 
5310 6713 1772 6385 6716 
5311 6716 6385 1773 6714 
5312 6715 6716 6714 1871 
5313 1793 6099 6719 6718 
5314 6099 1724 6109 6719 
5315 6719 6109 1531 6717 
5316 6718 6719 6717 1792 
5317 1722 5242 6722 6721 
5318 5242 1529 6363 6722 
5319 6722 6363 1528 6720 
5320 6721 6722 6720 1677 
5321 2305 6723 6725 5904 
5322 6723 1980 5751 6725 
5323 6725 5751 1391 6724 
5324 5904 6725 6724 2714 
5325 1550 6726 6730 6729 
5326 6726 1589 6727 6730 
5327 6730 6727 2723 6728 
5328 6729 6730 6728 1744 
5329 1700 6731 6735 6734 
5330 6731 1699 6732 6735 
5331 6735 6732 1516 6733 
5332 6734 6735 6733 1515 
5333 1952 6486 6738 6019 
5334 6486 2052 6736 6738 
5335 6738 6736 2220 6737 
5336 6019 6738 6737 1902 
5337 1522 4335 6742 6741 
5338 4335 1439 6739 6742 
5339 6742 6739 1437 6740 
5340 6741 6742 6740 1521 
5341 1494 6610 6744 6544 
5342 6610 1664 6743 6744 
5343 6744 6743 1838 4499 
5344 6544 6744 4499 1665 
5345 1788 5899 6747 6746 
5346 5899 1892 6218 6747 
5347 6747 6218 2092 6745 
5348 6746 6747 6745 2718 
5349 2114 6748 6752 6751 
5350 6748 1833 6749 6752 
5351 6752 6749 1893 6750 
5352 6751 6752 6750 2072 
5353 1852 6753 6756 6755 
5354 6753 2102 4273 6756 
5355 6756 4273 2255 6754 
5356 6755 6756 6754 2126 
5357 2475 4569 6757 5912 
5358 4569 2726 5522 6757 
5359 6757 5522 2719 5954 
5360 5912 6757 5954 2476 
5361 2281 6758 6761 6760 
5362 6758 2284 4406 6761 
5363 6761 4406 3217 6759 
5364 6760 6761 6759 3099 
5365 1785 6762 6765 6764 
5366 6762 2720 6763 6765 
5367 6765 6763 1687 6321 
5368 6764 6765 6321 1685 
5369 1630 6766 6769 6768 
5370 6766 1747 3667 6769 
5371 6769 3667 2721 6767 
5372 6768 6769 6767 1632 
5373 1421 5896 6770 6700 
5374 5896 1419 6046 6770 
5375 6770 6046 2686 6586 
5376 6700 6770 6586 1452 
5377 1610 6523 6772 6497 
5378 6523 1609 6771 6772 
5379 6772 6771 1607 6557 
5380 6497 6772 6557 1608 
5381 2775 3382 6774 3624 
5382 3382 2218 6773 6774 
5383 6774 6773 2101 6630 
5384 3624 6774 6630 2065 
5385 1507 6775 6779 6778 
5386 6775 2754 6776 6779 
5387 6779 6776 1628 6777 
5388 6778 6779 6777 1508 
5389 1678 5165 6782 6436 
5390 5165 1653 6780 6782 
5391 6782 6780 1575 6781 
5392 6436 6782 6781 1654 
5393 3009 3363 6785 6784 
5394 3363 2039 6783 6785 
5395 6785 6783 3056 4411 
5396 6784 6785 4411 2395 
5397 1632 6450 6787 6768 
5398 6450 1631 3859 6787 
5399 6787 3859 1629 6786 
5400 6768 6787 6786 1630 
5401 1590 6528 6789 3703 
5402 6528 1589 6726 6789 
5403 6789 6726 1550 6788 
5404 3703 6789 6788 1551 
5405 675 6790 6791 5457 
5406 6790 1298 6064 6791 
5407 6791 6064 2820 4222 
5408 5457 6791 4222 2668 
5409 1702 6470 6794 6793 
5410 6470 1553 5981 6794 
5411 6794 5981 2729 6792 
5412 6793 6794 6792 1857 
5413 2463 5814 6797 6328 
5414 5814 1371 6795 6797 
5415 6797 6795 1372 6796 
5416 6328 6797 6796 1404 
5417 1814 6798 6801 6800 
5418 6798 1813 6799 6801 
5419 6801 6799 1628 6776 
5420 6800 6801 6776 2754 
5421 2094 3752 6804 6803 
5422 3752 2573 4689 6804 
5423 6804 4689 2766 6802 
5424 6803 6804 6802 2093 
5425 2089 6805 6807 5998 
5426 6805 2308 3420 6807 
5427 6807 3420 2321 6806 
5428 5998 6807 6806 2088 
5429 2194 6681 6810 6809 
5430 6681 1923 6808 6810 
5431 6810 6808 2742 3339 
5432 6809 6810 3339 2213 
5433 2120 6687 6811 6655 
5434 6687 2280 5563 6811 
5435 6811 5563 2284 6758 
5436 6655 6811 6758 2281 
5437 1743 6812 6815 6814 
5438 6812 1483 6813 6815 
5439 6815 6813 1515 6733 
5440 6814 6815 6733 1516 
5441 2002 6816 6819 6818 
5442 6816 2832 6539 6819 
5443 6819 6539 1728 6817 
5444 6818 6819 6817 2691 
5445 1757 6820 6824 6823 
5446 6820 1859 6821 6824 
5447 6824 6821 2107 6822 
5448 6823 6824 6822 1860 
5449 1935 6825 6827 5890 
5450 6825 1934 6826 6827 
5451 6827 6826 1813 6798 
5452 5890 6827 6798 1814 
5453 1857 6247 6830 6793 
5454 6247 1869 6828 6830 
5455 6830 6828 2722 6829 
5456 6793 6830 6829 1702 
5457 2186 6831 6835 6834 
5458 6831 2185 6832 6835 
5459 6835 6832 2157 6833 
5460 6834 6835 6833 2158 
5461 1901 5069 6838 5161 
5462 5069 1741 6836 6838 
5463 6838 6836 2017 6837 
5464 5161 6838 6837 1933 
5465 1792 6839 6843 6842 
5466 6839 1922 6840 6843 
5467 6843 6840 2164 6841 
5468 6842 6843 6841 1876 
5469 1499 3711 6847 6846 
5470 3711 1449 6844 6847 
5471 6847 6844 1448 6845 
5472 6846 6847 6845 1498 
5473 2101 6773 6849 6848 
5474 6773 2218 3381 6849 
5475 6849 3381 2304 3389 
5476 6848 6849 3389 2219 
5477 1458 6850 6852 6564 
5478 6850 1456 6851 6852 
5479 6852 6851 1455 6478 
5480 6564 6852 6478 1457 
5481 1369 6853 6856 6855 
5482 6853 1398 6598 6856 
5483 6856 6598 1399 6854 
5484 6855 6856 6854 1370 
5485 1268 6857 6860 6859 
5486 6857 1264 6858 6860 
5487 6860 6858 1870 4191 
5488 6859 6860 4191 1269 
5489 2831 6289 6863 6862 
5490 6289 2134 6861 6863 
5491 6863 6861 2814 6439 
5492 6862 6863 6439 2849 
5493 2371 3353 6866 3564 
5494 3353 2252 6864 6866 
5495 6866 6864 2069 6865 
5496 3564 6866 6865 2253 
5497 1572 6867 6868 6404 
5498 6867 1575 6780 6868 
5499 6868 6780 1653 4942 
5500 6404 6868 4942 1574 
5501 1494 6543 6869 6611 
5502 6543 1404 6796 6869 
5503 6869 6796 1372 5983 
5504 6611 6869 5983 1405 
5505 1445 6325 6872 6871 
5506 6325 1507 6778 6872 
5507 6872 6778 1508 6870 
5508 6871 6872 6870 1446 
5509 2551 3671 6873 3647 
5510 3671 1634 6451 6873 
5511 6873 6451 1632 6767 
5512 3647 6873 6767 2721 
5513 1451 6874 6878 6877 
5514 6874 1409 6875 6878 
5515 6878 6875 1408 6876 
5516 6877 6878 6876 1450 
5517 1437 6739 6881 6880 
5518 6739 1439 4903 6881 
5519 6881 4903 2706 6879 
5520 6880 6881 6879 1395 
5521 2789 6882 6884 3559 
5522 6882 1327 6883 6884 
5523 6884 6883 1371 5813 
5524 3559 6884 5813 1712 
5525 1389 4705 6887 5618 
5526 4705 1351 6885 6887 
5527 6887 6885 1382 6886 
5528 5618 6887 6886 1388 
5529 2879 4182 6891 6890 
5530 4182 1894 6888 6891 
5531 6891 6888 1369 6889 
5532 6890 6891 6889 1329 
5533 1980 6723 6892 3408 
5534 6723 2305 4324 6892 
5535 6892 4324 2128 4438 
5536 3408 6892 4438 2808 
5537 3027 6893 6895 4405 
5538 6893 1713 3417 6895 
5539 6895 3417 2308 6894 
5540 4405 6895 6894 3217 
5541 1474 6896 6899 4309 
5542 6896 1537 6897 6899 
5543 6899 6897 1597 6898 
5544 4309 6899 6898 1538 
5545 2585 6269 6902 5598 
5546 6269 1427 6900 6902 
5547 6902 6900 1430 6901 
5548 5598 6902 6901 1431 
5549 1438 6903 6905 6675 
5550 6903 1437 6880 6905 
5551 6905 6880 1395 6904 
5552 6675 6905 6904 1396 
5553 3054 6906 6909 6908 
5554 6906 2666 6907 6909 
5555 6909 6907 3066 5239 
5556 6908 6909 5239 2100 
5557 1698 6162 6910 5706 
5558 6162 2732 6506 6910 
5559 6910 6506 1919 6374 
5560 5706 6910 6374 1745 
5561 2085 5999 6911 6697 
5562 5999 2088 6806 6911 
5563 6911 6806 2321 4817 
5564 6697 6911 4817 2757 
5565 2296 5857 6913 3462 
5566 5857 2047 6518 6913 
5567 6913 6518 2046 6912 
5568 3462 6913 6912 2240 
5569 2486 5394 6916 4243 
5570 5394 1441 6914 6916 
5571 6916 6914 1440 6915 
5572 4243 6916 6915 1393 
5573 2018 6917 6920 6919 
5574 6917 1849 6918 6920 
5575 6920 6918 1605 6601 
5576 6919 6920 6601 1789 
5577 2252 3769 6923 6864 
5578 3769 2068 6921 6923 
5579 6923 6921 1921 6922 
5580 6864 6923 6922 2069 
5581 2133 6924 6927 6926 
5582 6924 2123 6925 6927 
5583 6927 6925 1765 6090 
5584 6926 6927 6090 2122 
5585 1383 5855 6931 6930 
5586 5855 1425 6928 6931 
5587 6931 6928 1487 6929 
5588 6930 6931 6929 1397 
5589 1766 6932 6934 5211 
5590 6932 1858 6933 6934 
5591 6934 6933 2118 6512 
5592 5211 6934 6512 1907 
5593 1679 6437 6936 5927 
5594 6437 1654 6935 6936 
5595 6936 6935 2747 5193 
5596 5927 6936 5193 2605 
5597 1929 5647 6940 6939 
5598 5647 1850 6937 6940 
5599 6940 6937 1849 6938 
5600 6939 6940 6938 1928 
5601 2770 6941 6943 6495 
5602 6941 1515 6813 6943 
5603 6943 6813 1483 6942 
5604 6495 6943 6942 1482 
5605 2012 5469 6947 6946 
5606 5469 1592 6944 6947 
5607 6947 6944 1593 6945 
5608 6946 6947 6945 1594 
5609 2580 3285 6948 5628 
5610 3285 2805 3507 6948 
5611 6948 3507 2584 4381 
5612 5628 6948 4381 2579 
5613 1803 6212 6951 6427 
5614 6212 1804 6949 6951 
5615 6951 6949 2738 6950 
5616 6427 6951 6950 1932 
5617 1282 6952 6955 5791 
5618 6952 1318 6953 6955 
5619 6955 6953 1320 6954 
5620 5791 6955 6954 1319 
5621 3005 3902 6959 6958 
5622 3902 1394 6956 6959 
5623 6959 6956 1409 6957 
5624 6958 6959 6957 1756 
5625 1596 6960 6964 6963 
5626 6960 1576 6961 6964 
5627 6964 6961 1513 6962 
5628 6963 6964 6962 1512 
5629 2511 6965 6967 6966 
5630 6965 2513 4282 6967 
5631 6967 4282 2715 6702 
5632 6966 6967 6702 2509 
5633 1546 6559 6969 6674 
5634 6559 1606 6050 6969 
5635 6969 6050 2759 6968 
5636 6674 6969 6968 1438 
5637 1487 6970 6973 6972 
5638 6970 1595 6602 6973 
5639 6973 6602 1605 6971 
5640 6972 6973 6971 1593 
5641 1478 6974 6977 5603 
5642 6974 1671 6975 6977 
5643 6977 6975 1776 6976 
5644 5603 6977 6976 1672 
5645 1398 6853 6978 5936 
5646 6853 1369 6888 6978 
5647 6978 6888 1894 3961 
5648 5936 6978 3961 2464 
5649 1537 6979 6982 6897 
5650 6979 1646 6980 6982 
5651 6982 6980 1757 6981 
5652 6897 6982 6981 1597 
5653 2384 3483 6984 6240 
5654 3483 2094 6803 6984 
5655 6984 6803 2093 6983 
5656 6240 6984 6983 1882 
5657 1508 6777 6987 6986 
5658 6777 1628 6985 6987 
5659 6987 6985 1630 6786 
5660 6986 6987 6786 1629 
5661 1805 5673 6989 6211 
5662 5673 1879 6988 6989 
5663 6989 6988 2738 6949 
5664 6211 6989 6949 1804 
5665 1646 6491 6991 6980 
5666 6491 1840 6990 6991 
5667 6991 6990 1859 6820 
5668 6980 6991 6820 1757 
5669 2500 4318 6992 5143 
5670 4318 2104 6425 6992 
5671 6992 6425 2105 6567 
5672 5143 6992 6567 2774 
5673 1931 6993 6995 3349 
5674 6993 1819 6994 6995 
5675 6995 6994 1820 6659 
5676 3349 6995 6659 1898 
5677 1513 6339 6997 6962 
5678 6339 1451 6877 6997 
5679 6997 6877 1450 6996 
5680 6962 6997 6996 1512 
5681 2277 4177 7000 6999 
5682 4177 2258 6071 7000 
5683 7000 6071 1997 6998 
5684 6999 7000 6998 2259 
5685 1909 7001 7004 5484 
5686 7001 2394 7002 7004 
5687 7004 7002 2890 7003 
5688 5484 7004 7003 2393 
5689 1895 7005 7008 4555 
5690 7005 1877 7006 7008 
5691 7008 7006 1827 7007 
5692 4555 7008 7007 1828 
5693 23 650 7012 7011 
5694 650 649 7009 7012 
5695 7012 7009 2877 7010 
5696 7011 7012 7010 1322 
5697 2932 7013 7016 7015 
5698 7013 555 554 7016 
5699 7016 554 553 7014 
5700 7015 7016 7014 2869 
5701 1311 6096 7018 4459 
5702 6096 2317 7017 7018 
5703 7018 7017 3129 3294 
5704 4459 7018 3294 2316 
5705 2180 7019 7021 5534 
5706 7019 2179 7020 7021 
5707 7021 7020 2059 6433 
5708 5534 7021 6433 2060 
5709 1366 4397 7024 7023 
5710 4397 1383 6930 7024 
5711 7024 6930 1397 7022 
5712 7023 7024 7022 1367 
5713 1450 6876 7028 7027 
5714 6876 1408 7025 7028 
5715 7028 7025 2692 7026 
5716 7027 7028 7026 1460 
5717 2164 7029 7031 6841 
5718 7029 2165 3623 7031 
5719 7031 3623 2745 7030 
5720 6841 7031 7030 1876 
5721 1830 7032 7035 7034 
5722 7032 1831 7033 7035 
5723 7035 7033 2575 6138 
5724 7034 7035 6138 1829 
5725 1545 4084 7036 6673 
5726 4084 2724 6498 7036 
5727 7036 6498 1608 6560 
5728 6673 7036 6560 1546 
5729 1473 7037 7039 6316 
5730 7037 1406 6120 7039 
5731 7039 6120 2763 7038 
5732 6316 7039 7038 2695 
5733 1842 4766 7043 7042 
5734 4766 2415 7040 7043 
5735 7043 7040 3187 7041 
5736 7042 7043 7041 2416 
5737 22 3577 7047 7046 
5738 3577 2037 7044 7047 
5739 7047 7044 2858 7045 
5740 7046 7047 7045 1385 
5741 1502 4845 7050 7049 
5742 4845 1413 6667 7050 
5743 7050 6667 1412 7048 
5744 7049 7050 7048 1501 
5745 2728 6177 7051 6350 
5746 6177 2036 3350 7051 
5747 7051 3350 1898 6658 
5748 6350 7051 6658 1940 
5749 1884 7052 7056 7055 
5750 7052 1885 7053 7056 
5751 7056 7053 2736 7054 
5752 7055 7056 7054 1742 
5753 1324 4739 7059 7058 
5754 4739 1364 7057 7059 
5755 7059 7057 1365 3511 
5756 7058 7059 3511 1363 
5757 1765 7060 7062 6091 
5758 7060 1764 7061 7062 
5759 7062 7061 1576 6960 
5760 6091 7062 6960 1596 
5761 2307 3733 7065 4347 
5762 3733 1484 7063 7065 
5763 7065 7063 1480 7064 
5764 4347 7065 7064 2815 
5765 1806 5993 7068 6663 
5766 5993 2696 7066 7068 
5767 7068 7066 2791 7067 
5768 6663 7068 7067 1534 
5769 2877 7069 7072 7010 
5770 7069 2051 7070 7072 
5771 7072 7070 1443 7071 
5772 7010 7072 7071 1322 
5773 2039 3362 7076 7075 
5774 3362 19 7073 7076 
5775 7076 7073 1308 7074 
5776 7075 7076 7074 1454 
5777 2067 6387 7078 7077 
5778 6387 1700 6734 7078 
5779 7078 6734 1515 6941 
5780 7077 7078 6941 2770 
5781 1397 6929 7080 7079 
5782 6929 1487 6972 7080 
5783 7080 6972 1593 6944 
5784 7079 7080 6944 1592 
5785 297 298 7084 7083 
5786 298 299 7081 7084 
5787 7084 7081 2948 7082 
5788 7083 7084 7082 3033 
5789 2774 7085 7087 5144 
5790 7085 2868 7086 7087 
5791 7087 7086 93 5410 
5792 5144 7087 5410 1424 
5793 2862 3801 7089 3371 
5794 3801 2123 6924 7089 
5795 7089 6924 2133 7088 
5796 3371 7089 7088 2208 
5797 1948 6624 7092 6183 
5798 6624 2161 7090 7092 
5799 7092 7090 2735 7091 
5800 6183 7092 7091 1946 
5801 2077 7093 7097 7096 
5802 7093 1845 7094 7097 
5803 7097 7094 1846 7095 
5804 7096 7097 7095 2076 
5805 1443 7098 7101 7100 
5806 7098 1445 6871 7101 
5807 7101 6871 1446 7099 
5808 7100 7101 7099 1444 
5809 2269 4814 7102 3808 
5810 4814 2461 4991 7102 
5811 7102 4991 2462 4276 
5812 3808 7102 4276 2802 
5813 629 628 7104 4464 
5814 628 627 7103 7104 
5815 7104 7103 2989 3812 
5816 4464 7104 3812 1276 
5817 2181 7105 7108 7107 
5818 7105 2271 4094 7108 
5819 7108 4094 3195 7106 
5820 7107 7108 7106 2895 
5821 2251 7109 7112 7111 
5822 7109 1945 6532 7112 
5823 7112 6532 1759 7110 
5824 7111 7112 7110 2734 
5825 2506 4399 7116 7115 
5826 4399 2777 7113 7116 
5827 7116 7113 1995 7114 
5828 7115 7116 7114 1994 
5829 641 640 7119 7118 
5830 640 22 7046 7119 
5831 7119 7046 1385 7117 
5832 7118 7119 7117 1314 
5833 2521 3254 7121 5302 
5834 3254 2256 3372 7121 
5835 7121 3372 2208 7120 
5836 5302 7121 7120 2209 
5837 1418 7122 7124 5110 
5838 7122 1477 7123 7124 
5839 7124 7123 1671 6974 
5840 5110 7124 6974 1478 
5841 1995 6002 7126 7114 
5842 6002 1873 6692 7126 
5843 7126 6692 1872 7125 
5844 7114 7126 7125 1994 
5845 1575 6867 7129 7128 
5846 6867 1572 7127 7129 
5847 7129 7127 2752 3867 
5848 7128 7129 3867 1738 
5849 2231 7130 7133 7132 
5850 7130 2901 7131 7133 
5851 7133 7131 101 102 
5852 7132 7133 102 103 
5853 1364 4863 7135 7057 
5854 4863 1366 7023 7135 
5855 7135 7023 1367 7134 
5856 7057 7135 7134 1365 
5857 1473 6315 7138 7137 
5858 6315 1536 7136 7138 
5859 7138 7136 1537 6896 
5860 7137 7138 6896 1474 
5861 1286 4142 7141 7140 
5862 4142 741 740 7141 
5863 7141 740 739 7139 
5864 7140 7141 7139 2924 
5865 2068 3768 7144 7143 
5866 3768 2730 3882 7144 
5867 7144 3882 2058 7142 
5868 7143 7144 7142 1920 
5869 1462 5599 7147 7146 
5870 5599 1431 6901 7147 
5871 7147 6901 1430 7145 
5872 7146 7147 7145 1461 
5873 1556 6549 7150 6418 
5874 6549 1492 7148 7150 
5875 7150 7148 2791 7149 
5876 6418 7150 7149 1682 
5877 2208 7088 7153 7120 
5878 7088 2133 7151 7153 
5879 7153 7151 2908 7152 
5880 7120 7153 7152 2209 
5881 3133 7154 7156 7155 
5882 7154 2221 5977 7156 
5883 7156 5977 2223 6645 
5884 7155 7156 6645 3202 
5885 1809 7157 7158 5964 
5886 7157 2742 6808 7158 
5887 7158 6808 1923 6669 
5888 5964 7158 6669 1807 
5889 2007 6199 7161 7160 
5890 6199 2009 4541 7161 
5891 7161 4541 2898 7159 
5892 7160 7161 7159 2856 
5893 1570 5761 7165 7164 
5894 5761 1568 7162 7165 
5895 7165 7162 2753 7163 
5896 7164 7165 7163 1812 
5897 2247 5715 7168 7167 
5898 5715 1922 6839 7168 
5899 7168 6839 1792 7166 
5900 7167 7168 7166 2737 
5901 2015 6603 7171 7170 
5902 6603 1595 6970 7171 
5903 7171 6970 1487 7169 
5904 7170 7171 7169 2727 
5905 1838 6743 7174 6500 
5906 6743 1664 7172 7174 
5907 7174 7172 2762 7173 
5908 6500 7174 7173 1839 
5909 1764 7175 7177 7061 
5910 7175 1766 5210 7177 
5911 7177 5210 2711 7176 
5912 7061 7177 7176 1576 
5913 1656 7178 7181 6423 
5914 7178 1833 7179 7181 
5915 7181 7179 2731 7180 
5916 6423 7181 7180 1707 
5917 2175 7182 7185 7184 
5918 7182 2075 7183 7185 
5919 7185 7183 1885 7052 
5920 7184 7185 7052 1884 
5921 2055 7186 7188 7187 
5922 7186 1872 6691 7188 
5923 7188 6691 1831 7032 
5924 7187 7188 7032 1830 
5925 1677 7189 7192 6721 
5926 7189 1852 7190 7192 
5927 7192 7190 2748 7191 
5928 6721 7192 7191 1722 
5929 2512 7193 7196 4906 
5930 7193 2723 7194 7196 
5931 7196 7194 3150 7195 
5932 4906 7196 7195 2510 
5933 1885 7183 7199 7198 
5934 7183 2075 7197 7199 
5935 7199 7197 2229 5536 
5936 7198 7199 5536 2202 
5937 2369 7200 7203 5616 
5938 7200 2370 7201 7203 
5939 7203 7201 2776 7202 
5940 5616 7203 7202 2367 
5941 1406 7037 7205 7204 
5942 7037 1473 7137 7205 
5943 7205 7137 1474 4308 
5944 7204 7205 4308 1407 
5945 1525 7206 7209 7208 
5946 7206 1440 6914 7209 
5947 7209 6914 1441 7207 
5948 7208 7209 7207 1523 
5949 1321 7210 7212 4843 
5950 7210 1331 7211 7212 
5951 7212 7211 1382 6885 
5952 4843 7212 6885 1351 
5953 1895 6434 7215 7005 
5954 6434 2059 7213 7215 
5955 7215 7213 2169 7214 
5956 7005 7215 7214 1877 
5957 1542 4811 7218 7217 
5958 4811 1499 6846 7218 
5959 7218 6846 1498 7216 
5960 7217 7218 7216 1541 
5961 1828 7007 7221 4507 
5962 7007 1827 7219 7221 
5963 7221 7219 1742 7220 
5964 4507 7221 7220 1600 
5965 3012 7222 7225 4155 
5966 7222 2276 7223 7225 
5967 7225 7223 2118 7224 
5968 4155 7225 7224 2130 
5969 1759 6359 7228 7110 
5970 6359 1799 7226 7228 
5971 7228 7226 1927 7227 
5972 7110 7228 7227 2734 
5973 2932 7015 7232 7231 
5974 7015 2869 7229 7232 
5975 7232 7229 2928 7230 
5976 7231 7232 7230 2629 
5977 2063 6055 7236 7235 
5978 6055 2064 7233 7236 
5979 7236 7233 2954 7234 
5980 7235 7236 7234 2907 
5981 1670 5353 7239 7238 
5982 5353 1863 6643 7239 
5983 7239 6643 1953 7237 
5984 7238 7239 7237 1826 
5985 1861 6340 7241 7240 
5986 6340 1513 6961 7241 
5987 7241 6961 1576 7176 
5988 7240 7241 7176 2711 
5989 1707 7180 7243 6382 
5990 7180 2731 7242 7243 
5991 7243 7242 1954 6371 
5992 6382 7243 6371 1709 
5993 1777 7244 7247 7246 
5994 7244 2349 7245 7247 
5995 7247 7245 3067 3326 
5996 7246 7247 3326 1938 
5997 1347 4959 7249 4642 
5998 4959 2386 7248 7249 
5999 7249 7248 3149 3818 
6000 4642 7249 3818 2387 
6001 1738 3993 7250 7128 
6002 3993 2747 6935 7250 
6003 7250 6935 1654 6781 
6004 7128 7250 6781 1575 
6005 1606 6558 7253 6051 
6006 6558 1607 7251 7253 
6007 7253 7251 2751 7252 
6008 6051 7253 7252 1816 
6009 2968 7254 7257 7256 
6010 7254 2357 5834 7257 
6011 7257 5834 2239 7255 
6012 7256 7257 7255 2289 
6013 2237 7258 7261 7260 
6014 7258 2790 7259 7261 
6015 7261 7259 2174 5876 
6016 7260 7261 5876 1977 
6017 2816 7262 7265 4444 
6018 7262 1721 7263 7265 
6019 7265 7263 2938 7264 
6020 4444 7265 7264 2683 
6021 1505 7266 7268 5487 
6022 7266 1550 6729 7268 
6023 7268 6729 1744 7267 
6024 5487 7268 7267 2782 
6025 1846 7094 7271 6058 
6026 7094 1845 7269 7271 
6027 7271 7269 1657 7270 
6028 6058 7271 7270 1658 
6029 1852 7189 7275 7274 
6030 7189 1677 7272 7275 
6031 7275 7272 2758 7273 
6032 7274 7275 7273 1908 
6033 1534 7067 7276 6552 
6034 7067 2791 7148 7276 
6035 7276 7148 1492 6596 
6036 6552 7276 6596 1491 
6037 2171 7277 7280 7279 
6038 7277 2702 7278 7280 
6039 7280 7278 1451 6338 
6040 7279 7280 6338 1585 
6041 2898 4540 7283 7282 
6042 4540 2357 7254 7283 
6043 7283 7254 2968 7281 
6044 7282 7283 7281 2043 
6045 2157 7284 7286 6833 
6046 7284 1900 7285 7286 
6047 7286 7285 2744 6634 
6048 6833 7286 6634 2158 
6049 1792 6842 7288 6718 
6050 6842 1876 7030 7288 
6051 7288 7030 2745 7287 
6052 6718 7288 7287 1793 
6053 1749 4149 7290 6137 
6054 4149 1598 7289 7290 
6055 7290 7289 1830 7034 
6056 6137 7290 7034 1829 
6057 264 265 7293 7292 
6058 265 266 7291 7293 
6059 7293 7291 3027 4404 
6060 7292 7293 4404 1270 
6061 1734 4522 7296 7295 
6062 4522 1525 7208 7296 
6063 7296 7208 1523 7294 
6064 7295 7296 7294 1733 
6065 1418 7297 7300 7122 
6066 7297 1416 7298 7300 
6067 7300 7298 2716 7299 
6068 7122 7300 7299 1477 
6069 1839 7173 7302 6185 
6070 7173 2762 7301 7302 
6071 7302 7301 2839 6708 
6072 6185 7302 6708 2020 
6073 1906 6180 7305 7304 
6074 6180 1734 7295 7305 
6075 7305 7295 1733 7303 
6076 7304 7305 7303 1905 
6077 2095 7306 7307 5950 
6078 7306 2096 3340 7307 
6079 7307 3340 2742 7157 
6080 5950 7307 7157 1809 
6081 1319 6954 7309 7308 
6082 6954 1320 6122 7309 
6083 7309 6122 1331 7210 
6084 7308 7309 7210 1321 
6085 2782 7267 7311 3701 
6086 7267 1744 7310 7311 
6087 7311 7310 3100 3944 
6088 3701 7311 3944 2570 
6089 1396 6904 7315 7314 
6090 6904 1395 7312 7315 
6091 7315 7312 1357 7313 
6092 7314 7315 7313 1358 
6093 1331 6121 7317 7211 
6094 6121 1406 7204 7317 
6095 7317 7204 1407 7316 
6096 7211 7317 7316 1382 
6097 1740 6575 7320 5068 
6098 6575 1604 7318 7320 
6099 7320 7318 2764 7319 
6100 5068 7320 7319 1741 
6101 2147 7321 7324 7323 
6102 7321 1816 7252 7324 
6103 7324 7252 2751 7322 
6104 7323 7324 7322 2148 
6105 1386 5894 7327 7326 
6106 5894 2393 7003 7327 
6107 7327 7003 2890 7325 
6108 7326 7327 7325 1314 
6109 2445 4576 7330 4535 
6110 4576 1655 7328 7330 
6111 7330 7328 1518 7329 
6112 4535 7330 7329 1517 
6113 1568 6396 7332 7162 
6114 6396 1567 6582 7332 
6115 7332 6582 1758 7331 
6116 7162 7332 7331 2753 
6117 1675 6164 7335 7334 
6118 6164 1672 6976 7335 
6119 7335 6976 1776 7333 
6120 7334 7335 7333 2750 
6121 1449 4252 7338 6844 
6122 4252 1411 7336 7338 
6123 7338 7336 1447 7337 
6124 6844 7338 7337 1448 
6125 1799 6413 7340 7226 
6126 6413 1801 7339 7340 
6127 7340 7339 2769 5930 
6128 7226 7340 5930 1927 
6129 1518 7341 7344 7329 
6130 7341 1435 7342 7344 
6131 7344 7342 1434 7343 
6132 7329 7344 7343 1517 
6133 1451 7278 7346 6874 
6134 7278 2702 7345 7346 
6135 7346 7345 1756 6957 
6136 6874 7346 6957 1409 
6137 1489 7347 7348 5854 
6138 7347 2727 7169 7348 
6139 7348 7169 1487 6928 
6140 5854 7348 6928 1425 
6141 1440 7349 7351 6915 
6142 7349 1392 7350 7351 
6143 7351 7350 1360 6296 
6144 6915 7351 6296 1393 
6145 1520 7352 7353 6345 
6146 7352 2737 7166 7353 
6147 7353 7166 1792 6717 
6148 6345 7353 6717 1531 
6149 1572 6403 7354 7127 
6150 6403 1570 7164 7354 
6151 7354 7164 1812 3714 
6152 7127 7354 3714 2752 
6153 1435 7341 7357 7356 
6154 7341 1518 7355 7357 
6155 7357 7355 1520 6344 
6156 7356 7357 6344 1519 
6157 1617 5806 7359 3924 
6158 5806 1619 7358 7359 
6159 7359 7358 2874 6400 
6160 3924 7359 6400 1768 
6161 1434 7342 7362 7361 
6162 7342 1435 7360 7362 
6163 7362 7360 2714 6724 
6164 7361 7362 6724 1391 
6165 2534 4921 7364 3432 
6166 4921 2535 4783 7364 
6167 7364 4783 2552 7363 
6168 3432 7364 7363 2838 
6169 2490 3574 7366 4680 
6170 3574 2491 3876 7366 
6171 7366 3876 3142 7365 
6172 4680 7366 7365 1251 
6173 2632 5057 7368 4001 
6174 5057 256 257 7368 
6175 7368 257 258 7367 
6176 4001 7368 7367 2906 
6177 2090 7369 7371 3782 
6178 7369 3020 7370 7371 
6179 7371 7370 1256 4572 
6180 3782 7371 4572 2493 
6181 1793 7287 7372 6100 
6182 7287 2745 3622 7372 
6183 7372 3622 2065 6629 
6184 6100 7372 6629 1888 
6185 2994 7373 7377 7376 
6186 7373 2365 7374 7377 
6187 7377 7374 3183 7375 
6188 7376 7377 7375 2796 
6189 2270 7378 7380 3502 
6190 7378 352 353 7380 
6191 7380 353 354 7379 
6192 3502 7380 7379 2927 
6193 713 5771 7382 714 
6194 5771 1295 3301 7382 
6195 7382 3301 2892 7381 
6196 714 7382 7381 715 
6197 2693 4013 7385 6563 
6198 4013 2311 7383 7385 
6199 7385 7383 3007 7384 
6200 6563 7385 7384 2103 
6201 2016 7386 7387 5576 
6202 7386 2810 6515 7387 
6203 7387 6515 2642 5498 
6204 5576 7387 5498 2641 
6205 1832 7388 7389 6455 
6206 7388 2751 7251 7389 
6207 7389 7251 1607 6771 
6208 6455 7389 6771 1609 
6209 2168 7390 7391 4387 
6210 7390 2348 5283 7391 
6211 7391 5283 1735 6270 
6212 4387 7391 6270 2585 
6213 1722 7191 7393 5817 
6214 7191 2748 7392 7393 
6215 7393 7392 2589 6626 
6216 5817 7393 6626 1784 
6217 3054 7394 7396 6906 
6218 7394 2910 7395 7396 
6219 7396 7395 2665 5199 
6220 6906 7396 5199 2666 
6221 1554 7397 7398 6577 
6222 7397 2762 7172 7398 
6223 7398 7172 1664 6612 
6224 6577 7398 6612 1495 
6225 239 240 7401 5048 
6226 240 241 7399 7401 
6227 7401 7399 2982 7400 
6228 5048 7401 7400 1562 
6229 1732 5907 7404 7403 
6230 5907 1730 7402 7404 
6231 7404 7402 1786 6635 
6232 7403 7404 6635 2744 
6233 675 674 7406 6790 
6234 674 673 6440 7406 
6235 7406 6440 2814 7405 
6236 6790 7406 7405 1298 
6237 1485 5870 7409 7408 
6238 5870 1600 7220 7409 
6239 7409 7220 1742 7407 
6240 7408 7409 7407 1599 
6241 3112 7410 7413 7412 
6242 7410 2929 7411 7413 
6243 7413 7411 2215 4116 
6244 7412 7413 4116 3163 
6245 1899 5885 7415 7414 
6246 5885 1732 7403 7415 
6247 7415 7403 2744 7285 
6248 7414 7415 7285 1900 
6249 657 656 7417 4304 
6250 656 655 3660 7417 
6251 7417 3660 2983 7416 
6252 4304 7417 7416 2482 
6253 2104 4317 7418 6426 
6254 4317 2769 7339 7418 
6255 7418 7339 1801 6546 
6256 6426 7418 6546 1803 
6257 1538 6898 7421 5796 
6258 6898 1597 7419 7421 
6259 7421 7419 2780 7420 
6260 5796 7421 7420 1739 
6261 1395 6879 7423 7312 
6262 6879 2706 4066 7423 
6263 7423 4066 1796 7422 
6264 7312 7423 7422 1357 
6265 1363 7424 7427 7058 
6266 7424 1362 7425 7427 
6267 7427 7425 1323 7426 
6268 7058 7427 7426 1324 
6269 1777 7428 7431 7244 
6270 7428 1822 7429 7431 
6271 7431 7429 2951 7430 
6272 7244 7431 7430 2349 
6273 2320 5903 7432 4188 
6274 5903 2714 7360 7432 
6275 7432 7360 1435 7356 
6276 4188 7432 7356 1519 
6277 1492 6548 7434 6597 
6278 6548 1555 3989 7434 
6279 7434 3989 2822 7433 
6280 6597 7434 7433 1399 
6281 2145 5156 7436 4278 
6282 5156 2708 6510 7436 
6283 7436 6510 1471 7435 
6284 4278 7436 7435 2803 
6285 1282 7437 7440 6952 
6286 7437 1317 7438 7440 
6287 7440 7438 1359 7439 
6288 6952 7440 7439 1318 
6289 2297 5858 7441 4578 
6290 5858 2298 3290 7441 
6291 7441 3290 2812 6250 
6292 4578 7441 6250 2299 
6293 2167 4880 7443 4556 
6294 4880 2458 4752 7443 
6295 7443 4752 3199 7442 
6296 4556 7443 7442 2457 
6297 1603 7444 7446 6574 
6298 7444 1819 7445 7446 
6299 7446 7445 2764 7318 
6300 6574 7446 7318 1604 
6301 1438 6968 7448 6903 
6302 6968 2759 7447 7448 
6303 7448 7447 1521 6740 
6304 6903 7448 6740 1437 
6305 1881 7449 7452 7451 
6306 7449 2093 6802 7452 
6307 7452 6802 2766 7450 
6308 7451 7452 7450 2765 
6309 1730 6028 7454 7402 
6310 6028 1675 7334 7454 
6311 7454 7334 2750 7453 
6312 7402 7454 7453 1786 
6313 1588 7455 7456 6588 
6314 7455 2758 7272 7456 
6315 7456 7272 1677 6720 
6316 6588 7456 6720 1528 
6317 2068 7143 7459 6921 
6318 7143 1920 7457 7459 
6319 7459 7457 1771 7458 
6320 6921 7459 7458 1921 
6321 2107 6821 7463 7462 
6322 6821 1859 7460 7463 
6323 7463 7460 2755 7461 
6324 7462 7463 7461 2108 
6325 1881 7464 7468 7467 
6326 7464 1417 7465 7468 
6327 7468 7465 1378 7466 
6328 7467 7468 7466 1818 
6329 1417 7469 7472 7465 
6330 7469 1416 7470 7472 
6331 7472 7470 1377 7471 
6332 7465 7472 7471 1378 
6333 2093 7449 7473 6983 
6334 7449 1881 7467 7473 
6335 7473 7467 1818 6461 
6336 6983 7473 6461 1882 
6337 1380 7474 7476 4251 
6338 7474 1410 7475 7476 
6339 7476 7475 1447 7336 
6340 4251 7476 7336 1411 
6341 1335 7477 7479 5781 
6342 7477 1379 7478 7479 
6343 7479 7478 1410 7474 
6344 5781 7479 7474 1380 
6345 1700 6386 7482 6731 
6346 6386 1772 7480 7482 
6347 7482 7480 2778 7481 
6348 6731 7482 7481 1699 
6349 2934 7483 7486 7485 
6350 7483 2922 7484 7486 
6351 7486 7484 2617 5368 
6352 7485 7486 5368 2618 
6353 2930 7487 7490 7489 
6354 7487 549 548 7490 
6355 7490 548 547 7488 
6356 7489 7490 7488 2916 
6357 2037 7491 7494 7044 
6358 7491 2340 7492 7494 
6359 7494 7492 3042 7493 
6360 7044 7494 7493 2858 
6361 1469 6294 7496 6145 
6362 6294 1468 7495 7496 
6363 7496 7495 2803 7435 
6364 6145 7496 7435 1471 
6365 2806 7497 7500 7499 
6366 7497 1481 7498 7500 
6367 7500 7498 1482 6942 
6368 7499 7500 6942 1483 
6369 2855 7501 7503 3374 
6370 7501 2755 7502 7503 
6371 7503 7502 1902 6737 
6372 3374 7503 6737 2220 
6373 2340 7491 7505 4551 
6374 7491 2037 3576 7505 
6375 7505 3576 2961 7504 
6376 4551 7505 7504 2339 
6377 311 312 7506 3986 
6378 312 313 6705 7506 
6379 7506 6705 2842 3839 
6380 3986 7506 3839 1254 
6381 1902 7502 7507 6490 
6382 7502 2755 7460 7507 
6383 7507 7460 1859 6990 
6384 6490 7507 6990 1840 
6385 1445 7098 7509 6326 
6386 7098 1443 7070 7509 
6387 7509 7070 2051 7508 
6388 6326 7509 7508 2607 
6389 2832 6816 7512 7511 
6390 6816 2002 6142 7512 
6391 7512 6142 2664 7510 
6392 7511 7512 7510 2818 
6393 1724 6101 7513 6159 
6394 6101 1887 5680 7513 
6395 7513 5680 2818 7510 
6396 6159 7513 7510 2664 
6397 2030 7514 7517 6678 
6398 7514 2062 7515 7517 
6399 7517 7515 2761 7516 
6400 6678 7517 7516 2028 
6401 2971 7518 7521 7520 
6402 7518 2905 7519 7521 
6403 7521 7519 2053 5778 
6404 7520 7521 5778 2110 
6405 1280 7522 7524 5667 
6406 7522 1334 7523 7524 
6407 7524 7523 1379 7477 
6408 5667 7524 7477 1335 
6409 2902 7525 7528 7527 
6410 7525 1316 7526 7528 
6411 7528 7526 1357 7422 
6412 7527 7528 7422 1796 
6413 2189 6446 7530 7529 
6414 6446 2743 6618 7530 
6415 7530 6618 1422 3516 
6416 7529 7530 3516 3148 
6417 1720 4901 7532 4687 
6418 4901 1719 7531 7532 
6419 7532 7531 2938 7263 
6420 4687 7532 7263 1721 
6421 1417 7464 7534 7533 
6422 7464 1881 7451 7534 
6423 7534 7451 2765 4340 
6424 7533 7534 4340 2049 
6425 623 7535 7538 624 
6426 7535 2886 7536 7538 
6427 7538 7536 3228 7537 
6428 624 7538 7537 625 
6429 2697 5359 7540 5584 
6430 5359 2662 4946 7540 
6431 7540 4946 2885 7539 
6432 5584 7540 7539 2437 
6433 2849 7541 7543 6862 
6434 7541 1300 5029 7543 
6435 7543 5029 2572 7542 
6436 6862 7543 7542 2831 
6437 1833 7178 7546 6749 
6438 7178 1656 7544 7546 
6439 7546 7544 2845 7545 
6440 6749 7546 7545 1893 
6441 1841 6489 7548 4757 
6442 6489 1646 6979 7548 
6443 7548 6979 1537 7547 
6444 4757 7548 7547 2783 
6445 1891 7549 7552 7551 
6446 7549 1330 7550 7552 
6447 7552 7550 1369 6855 
6448 7551 7552 6855 1370 
6449 1819 7444 7555 6994 
6450 7444 1603 7553 7555 
6451 7555 7553 2797 7554 
6452 6994 7555 7554 1820 
6453 2277 6999 7557 4263 
6454 6999 2259 7556 7557 
6455 7557 7556 2801 4478 
6456 4263 7557 4478 2667 
6457 1271 7558 7561 7560 
6458 7558 1288 7559 7561 
6459 7561 7559 1334 7522 
6460 7560 7561 7522 1280 
6461 2928 7562 7565 7564 
6462 7562 2918 7563 7565 
6463 7565 7563 2623 5434 
6464 7564 7565 5434 2626 
6465 2118 6933 7567 7224 
6466 6933 1858 7566 7567 
6467 7567 7566 2793 3803 
6468 7224 7567 3803 2130 
6469 2028 7516 7569 6591 
6470 7516 2761 7568 7569 
6471 7569 7568 2076 7095 
6472 6591 7569 7095 1846 
6473 2016 6290 7570 7386 
6474 6290 2831 7542 7570 
6475 7570 7542 2572 5956 
6476 7386 7570 5956 2810 
6477 1997 6003 7572 7571 
6478 6003 1995 7113 7572 
6479 7572 7113 2777 5314 
6480 7571 7572 5314 1315 
6481 2023 6156 7575 7574 
6482 6156 1913 7573 7575 
6483 7575 7573 2809 5987 
6484 7574 7575 5987 2026 
6485 1481 7497 7579 7578 
6486 7497 2806 7576 7579 
6487 7579 7576 2807 7577 
6488 7578 7579 7577 1874 
6489 2865 7580 7582 3799 
6490 7580 1673 7581 7582 
6491 7582 7581 1477 7299 
6492 3799 7582 7299 2716 
6493 1409 6956 7585 6875 
6494 6956 1394 7583 7585 
6495 7585 7583 1374 7584 
6496 6875 7585 7584 1408 
6497 3035 7586 7590 7589 
6498 7586 2746 7587 7590 
6499 7590 7587 2692 7588 
6500 7589 7590 7588 2050 
6501 1849 6937 7592 6918 
6502 6937 1850 5646 7592 
6503 7592 5646 2785 7591 
6504 6918 7592 7591 1605 
6505 3067 7593 7594 3323 
6506 7593 2168 4386 7594 
6507 7594 4386 1465 6406 
6508 3323 7594 6406 2851 
6509 1410 7595 7597 7475 
6510 7595 1485 7408 7597 
6511 7597 7408 1599 7596 
6512 7475 7597 7596 1447 
6513 1813 7598 7599 6799 
6514 7598 1747 6766 7599 
6515 7599 6766 1630 6985 
6516 6799 7599 6985 1628 
6517 620 619 7603 7602 
6518 619 20 7600 7603 
6519 7603 7600 1248 7601 
6520 7602 7603 7601 1247 
6521 2098 6088 7606 7605 
6522 6088 1596 6963 7606 
6523 7606 6963 1512 7604 
6524 7605 7606 7604 2800 
6525 1551 6788 7609 7608 
6526 6788 1550 7266 7609 
6527 7609 7266 1505 7607 
6528 7608 7609 7607 1506 
6529 2031 7610 7613 6677 
6530 7610 2032 7611 7613 
6531 7613 7611 2787 7612 
6532 6677 7613 7612 2030 
6533 2190 6448 7615 4127 
6534 6448 1928 6938 7615 
6535 7615 6938 1849 7614 
6536 4127 7615 7614 2781 
6537 2599 7616 7618 5292 
6538 7616 2880 7617 7618 
6539 7618 7617 2595 5932 
6540 5292 7618 5932 2597 
6541 2437 7539 7619 6342 
6542 7539 2885 4962 7619 
6543 7619 4962 2503 6079 
6544 6342 7619 6079 2501 
6545 647 646 7623 7622 
6546 646 645 7620 7623 
6547 7623 7620 2909 7621 
6548 7622 7623 7621 1602 
6549 1860 6390 7624 6823 
6550 6390 2780 7419 7624 
6551 7624 7419 1597 6981 
6552 6823 7624 6981 1757 
6553 2123 3804 7626 6925 
6554 3804 2793 7625 7626 
6555 7626 7625 1764 7060 
6556 6925 7626 7060 1765 
6557 487 486 7627 4772 
6558 486 485 3657 7627 
6559 7627 3657 1272 4231 
6560 4772 7627 4231 2264 
6561 2802 4275 7629 3806 
6562 4275 2803 7495 7629 
6563 7629 7495 1468 7628 
6564 3806 7629 7628 1470 
6565 268 269 7632 7631 
6566 269 270 7630 7632 
6567 7632 7630 3051 3418 
6568 7631 7632 3418 1713 
6569 1629 3858 7634 6986 
6570 3858 2784 7633 7634 
6571 7634 7633 1446 6870 
6572 6986 7634 6870 1508 
6573 2818 5679 7635 7511 
6574 5679 2687 6044 7635 
6575 7635 6044 1420 6540 
6576 7511 7635 6540 2832 
6577 1362 7636 7638 7425 
6578 7636 1390 5749 7638 
6579 7638 5749 2749 7637 
6580 7425 7638 7637 1323 
6581 1416 7469 7639 7298 
6582 7469 1417 7533 7639 
6583 7639 7533 2049 3796 
6584 7298 7639 3796 2716 
6585 1259 7640 7642 7641 
6586 7640 1271 7560 7642 
6587 7642 7560 1280 5666 
6588 7641 7642 5666 1260 
6589 1947 7643 7646 6068 
6590 7643 2867 7644 7646 
6591 7646 7644 3178 7645 
6592 6068 7646 7645 2574 
6593 1545 6672 7648 4085 
6594 6672 1396 7314 7648 
6595 7648 7314 1358 7647 
6596 4085 7648 7647 2835 
6597 1913 5797 7649 7573 
6598 5797 1739 7420 7649 
6599 7649 7420 2780 6389 
6600 7573 7649 6389 2809 
6601 709 5692 7651 5702 
6602 5692 1294 7650 7651 
6603 7651 7650 2974 5592 
6604 5702 7651 5592 2672 
6605 1277 7652 7654 4926 
6606 7652 2945 7653 7654 
6607 7654 7653 521 522 
6608 4926 7654 522 523 
6609 17 510 7658 7657 
6610 510 511 7655 7658 
6611 7658 7655 2952 7656 
6612 7657 7658 7656 1279 
6613 2420 6033 7661 5088 
6614 6033 2421 7659 7661 
6615 7661 7659 2852 7660 
6616 5088 7661 7660 2419 
6617 2198 5946 7665 7664 
6618 5946 2199 7662 7665 
6619 7665 7662 2852 7663 
6620 7664 7665 7663 3082 
6621 3147 7666 7669 7668 
6622 7666 1290 4616 7669 
6623 7669 4616 2418 7667 
6624 7668 7669 7667 3117 
6625 1542 7670 7672 4812 
6626 7670 2821 7671 7672 
6627 7672 7671 1830 7289 
6628 4812 7672 7289 1598 
6629 2864 7673 7676 7675 
6630 7673 1454 7674 7676 
6631 7676 7674 1455 6851 
6632 7675 7676 6851 1456 
6633 1594 6945 7678 7677 
6634 6945 1593 6971 7678 
6635 7678 6971 1605 7591 
6636 7677 7678 7591 2785 
6637 2713 4758 7680 7679 
6638 4758 2783 7547 7680 
6639 7680 7547 1537 7136 
6640 7679 7680 7136 1536 
6641 1832 3422 7682 7388 
6642 3422 2854 7681 7682 
6643 7682 7681 2148 7322 
6644 7388 7682 7322 2751 
6645 1468 6293 7684 7628 
6646 6293 1466 7683 7684 
6647 7684 7683 2836 3807 
6648 7628 7684 3807 1470 
6649 25 694 7687 7686 
6650 694 693 7685 7687 
6651 7687 7685 2879 6890 
6652 7686 7687 6890 1329 
6653 1461 7688 7690 7146 
6654 7688 1539 3273 7690 
6655 7690 3273 2841 7689 
6656 7146 7690 7689 1462 
6657 2102 7691 7693 4270 
6658 7691 2976 3387 7693 
6659 7693 3387 1790 7692 
6660 4270 7693 7692 3036 
6661 2979 7694 7697 7696 
6662 7694 2967 7695 7697 
6663 7697 7695 1773 6384 
6664 7696 7697 6384 2067 
6665 1527 6695 7700 6128 
6666 6695 1669 7698 7700 
6667 7700 7698 2804 7699 
6668 6128 7700 7699 1524 
6669 2801 7556 7701 5811 
6670 7556 2259 6998 7701 
6671 7701 6998 1997 7571 
6672 5811 7701 7571 1315 
6673 1250 7702 7705 7704 
6674 7702 1259 7641 7705 
6675 7705 7641 1260 7703 
6676 7704 7705 7703 1258 
6677 1324 7426 7708 4740 
6678 7426 1323 7706 7708 
6679 7708 7706 1283 7707 
6680 4740 7708 7707 1284 
6681 2406 4580 7709 4443 
6682 4580 2407 3268 7709 
6683 7709 3268 2865 3798 
6684 4443 7709 3798 2408 
6685 1833 6748 7712 7179 
6686 6748 2114 7710 7712 
6687 7712 7710 2850 7711 
6688 7179 7712 7711 2731 
6689 2227 7713 7716 7715 
6690 7713 2652 5216 7716 
6691 7716 5216 2651 7714 
6692 7715 7716 7714 2981 
6693 1843 7717 7720 7719 
6694 7717 1359 7718 7720 
6695 7720 7718 1360 7350 
6696 7719 7720 7350 1392 
6697 1267 7721 7723 5790 
6698 7721 1281 7722 7723 
6699 7723 7722 1317 7437 
6700 5790 7723 7437 1282 
6701 2490 4159 7726 3571 
6702 4159 2492 7724 7726 
6703 7726 7724 2997 7725 
6704 3571 7726 7725 2121 
6705 2313 7727 7730 7729 
6706 7727 2315 4070 7730 
6707 7730 4070 3222 7728 
6708 7729 7730 7728 2699 
6709 1797 5405 7732 4491 
6710 5405 2846 7731 7732 
6711 7732 7731 2631 5492 
6712 4491 7732 5492 2657 
6713 1379 7733 7734 7478 
6714 7733 2779 5871 7734 
6715 7734 5871 1485 7595 
6716 7478 7734 7595 1410 
6717 1566 7735 7736 3409 
6718 7735 1283 7706 7736 
6719 7736 7706 1323 7637 
6720 3409 7736 7637 2749 
6721 2946 7737 7740 7739 
6722 7737 543 542 7740 
6723 7740 542 541 7738 
6724 7739 7740 7738 2949 
6725 1403 7741 7744 6666 
6726 7741 1401 7742 7744 
6727 7744 7742 2788 7743 
6728 6666 7744 7743 1412 
6729 1441 5393 7746 7207 
6730 5393 1524 7699 7746 
6731 7746 7699 2804 7745 
6732 7207 7746 7745 1523 
6733 1444 7099 7748 7747 
6734 7099 1446 7633 7748 
6735 7748 7633 2784 3589 
6736 7747 7748 3589 1835 
6737 2189 7529 7750 7749 
6738 7529 3148 3515 7750 
6739 7750 3515 2615 6569 
6740 7749 7750 6569 3034 
6741 1484 6493 7752 7063 
6742 6493 1482 7498 7752 
6743 7752 7498 1481 7751 
6744 7063 7752 7751 1480 
6745 1300 7541 7753 5657 
6746 7541 2849 6441 7753 
6747 7753 6441 671 670 
6748 5657 7753 670 669 
6749 2216 3309 7755 4118 
6750 3309 2439 5084 7755 
6751 7755 5084 2438 7754 
6752 4118 7755 7754 3174 
6753 1412 7756 7759 7048 
6754 7756 1591 7757 7759 
6755 7759 7757 2797 7758 
6756 7048 7759 7758 1501 
6757 1365 7134 7761 3512 
6758 7134 1367 7760 7761 
6759 7761 7760 2792 4033 
6760 3512 7761 4033 1436 
6761 1766 7175 7762 6932 
6762 7175 1764 7625 7762 
6763 7762 7625 2793 7566 
6764 6932 7762 7566 1858 
6765 1592 5468 7763 7079 
6766 5468 2792 7760 7763 
6767 7763 7760 1367 7022 
6768 7079 7763 7022 1397 
6769 338 4026 7765 337 
6770 4026 1252 7764 7765 
6771 7765 7764 2988 4511 
6772 337 7765 4511 336 
6773 1685 6480 7768 6764 
6774 6480 1683 7766 7768 
6775 7768 7766 2899 7767 
6776 6764 7768 7767 1785 
6777 1514 7769 7772 7771 
6778 7769 2795 7770 7772 
6779 7772 7770 2727 7347 
6780 7771 7772 7347 1489 
6781 2913 7773 7776 7775 
6782 7773 2912 7774 7776 
6783 7776 7774 2628 5493 
6784 7775 7776 5493 2631 
6785 2518 3235 7779 7778 
6786 3235 3132 7777 7779 
6787 7779 7777 1942 3543 
6788 7778 7779 3543 2519 
6789 3050 7780 7783 7782 
6790 7780 3047 7781 7783 
6791 7783 7781 1911 4699 
6792 7782 7783 4699 2400 
6793 1682 7149 7786 7785 
6794 7149 2791 7066 7786 
6795 7786 7066 2696 7784 
6796 7785 7786 7784 2876 
6797 478 479 7788 5298 
6798 479 480 7787 7788 
6799 7788 7787 2857 3280 
6800 5298 7788 3280 2634 
6801 2134 6288 7790 7789 
6802 6288 2011 5465 7790 
6803 7790 5465 2061 6063 
6804 7789 7790 6063 2859 
6805 2609 4287 7793 3954 
6806 4287 1257 7791 7793 
6807 7793 7791 1258 7792 
6808 3954 7793 7792 1265 
6809 1502 7049 7794 6573 
6810 7049 1501 7758 7794 
6811 7794 7758 2797 7553 
6812 6573 7794 7553 1603 
6813 143 4792 7796 142 
6814 4792 1356 6132 7796 
6815 7796 6132 3127 7795 
6816 142 7796 7795 141 
6817 2365 7797 7800 7799 
6818 7797 1249 7798 7800 
6819 7800 7798 1257 4286 
6820 7799 7800 4286 1532 
6821 2762 7397 7802 7301 
6822 7397 1554 6468 7802 
6823 7802 6468 1897 7801 
6824 7301 7802 7801 2839 
6825 1520 7355 7804 7803 
6826 7355 1518 7328 7804 
6827 7804 7328 1655 4057 
6828 7803 7804 4057 2798 
6829 1463 5600 7806 6354 
6830 5600 1462 7689 7806 
6831 7806 7689 2841 7805 
6832 6354 7806 7805 1464 
6833 1525 4592 7808 7206 
6834 4592 2786 7807 7808 
6835 7808 7807 1392 7349 
6836 7206 7808 7349 1440 
6837 354 355 7811 7810 
6838 355 356 7809 7811 
6839 7811 7809 3230 6554 
6840 7810 7811 6554 1313 
6841 2593 4983 7814 6286 
6842 4983 2600 7812 7814 
6843 7814 7812 3141 7813 
6844 6286 7814 7813 2733 
6845 1992 5017 7817 4799 
6846 5017 2427 7815 7817 
6847 7817 7815 3223 7816 
6848 4799 7817 7816 2173 
6849 3030 7818 7821 7820 
6850 7818 151 152 7821 
6851 7821 152 153 7819 
6852 7820 7821 7819 2985 
6853 2058 7822 7824 7142 
6854 7822 1402 7823 7824 
6855 7824 7823 1771 7457 
6856 7142 7824 7457 1920 
6857 2247 7167 7825 6221 
6858 7167 2737 7352 7825 
6859 7825 7352 1520 7803 
6860 6221 7825 7803 2798 
6861 2646 5374 7828 7827 
6862 5374 2647 7826 7828 
6863 7828 7826 2987 4023 
6864 7827 7828 4023 2649 
6865 195 7829 7832 194 
6866 7829 1384 7830 7832 
6867 7832 7830 3037 7831 
6868 194 7832 7831 193 
6869 2227 7715 7835 7834 
6870 7715 2981 7833 7835 
6871 7835 7833 2646 7827 
6872 7834 7835 7827 2649 
6873 2460 7836 7837 4591 
6874 7836 1843 7719 7837 
6875 7837 7719 1392 7807 
6876 4591 7837 7807 2786 
6877 2946 7739 7841 7840 
6878 7739 2949 7838 7841 
6879 7841 7838 2971 7839 
6880 7840 7841 7839 2620 
6881 2276 7222 7844 7843 
6882 7222 3012 7842 7844 
6883 7844 7842 450 451 
6884 7843 7844 451 452 
6885 1460 7845 7846 7027 
6886 7845 2800 7604 7846 
6887 7846 7604 1512 6996 
6888 7027 7846 6996 1450 
6889 1541 7847 7849 7217 
6890 7847 1657 7848 7849 
6891 7849 7848 2821 7670 
6892 7217 7849 7670 1542 
6893 2302 4360 7853 7852 
6894 4360 2303 7850 7853 
6895 7853 7850 2931 7851 
6896 7852 7853 7851 2211 
6897 2772 6348 7856 7855 
6898 6348 2279 4042 7856 
6899 7856 4042 3097 7854 
6900 7855 7856 7854 3045 
6901 1247 7601 7860 7859 
6902 7601 1248 7857 7860 
6903 7860 7857 1250 7858 
6904 7859 7860 7858 1249 
6905 1249 7858 7861 7798 
6906 7858 1250 7704 7861 
6907 7861 7704 1258 7791 
6908 7798 7861 7791 1257 
6909 1399 7433 7862 6854 
6910 7433 2822 3489 7862 
6911 7862 3489 1891 7551 
6912 6854 7862 7551 1370 
6913 2466 4530 7864 3583 
6914 4530 1851 7863 7864 
6915 7864 7863 3061 3997 
6916 3583 7864 3997 2471 
6917 2213 4131 7867 7866 
6918 4131 1429 7865 7867 
6919 7867 7865 3204 4314 
6920 7866 7867 4314 2483 
6921 1416 7297 7869 7470 
6922 7297 1418 5109 7869 
6923 7869 5109 2773 7868 
6924 7470 7869 7868 1377 
6925 1968 4808 7872 5038 
6926 4808 2142 7870 7872 
6927 7872 7870 3025 7871 
6928 5038 7872 7871 2151 
6929 2146 7873 7875 6049 
6930 7873 2845 7874 7875 
6931 7875 7874 1521 7447 
6932 6049 7875 7447 2759 
6933 2866 7876 7879 7878 
6934 7876 2900 7877 7879 
6935 7879 7877 1845 7093 
6936 7878 7879 7093 2077 
6937 1982 7880 7881 6259 
6938 7880 2241 3687 7881 
6939 7881 3687 3069 5223 
6940 6259 7881 5223 2694 
6941 2034 6707 7884 6205 
6942 6707 2794 7882 7884 
6943 7884 7882 2914 7883 
6944 6205 7884 7883 2162 
6945 278 279 7886 5148 
6946 279 280 7885 7886 
6947 7886 7885 3004 3681 
6948 5148 7886 3681 1547 
6949 2008 7887 7889 6312 
6950 7887 2081 4711 7889 
6951 7889 4711 2894 7888 
6952 6312 7889 7888 2080 
6953 1742 7054 7892 7407 
6954 7054 2736 7890 7892 
6955 7892 7890 2827 7891 
6956 7407 7892 7891 1599 
6957 1989 5163 7896 7895 
6958 5163 2529 7893 7896 
6959 7896 7893 2887 7894 
6960 7895 7896 7894 2863 
6961 2507 4626 7898 6703 
6962 4626 1325 4092 7898 
6963 7898 4092 2933 7897 
6964 6703 7898 7897 2508 
6965 26 7899 7901 732 
6966 7899 1285 7900 7901 
6967 7901 7900 2294 5847 
6968 732 7901 5847 733 
6969 1444 7902 7904 7100 
6970 7902 1442 7903 7904 
6971 7904 7903 1322 7071 
6972 7100 7904 7071 1443 
6973 1742 7219 7907 7055 
6974 7219 1827 7905 7907 
6975 7907 7905 2799 7906 
6976 7055 7907 7906 1884 
6977 1857 6792 7910 6248 
6978 6792 2729 7908 7910 
6979 7910 7908 3000 7909 
6980 6248 7910 7909 2172 
6981 1288 7911 7915 7914 
6982 7911 1475 7912 7915 
6983 7915 7912 1476 7913 
6984 7914 7915 7913 1352 
6985 1813 6826 7918 7917 
6986 6826 1934 7916 7918 
6987 7918 7916 2884 3430 
6988 7917 7918 3430 2040 
6989 2048 7919 7921 7920 
6990 7919 1733 7294 7921 
6991 7921 7294 1523 7745 
6992 7920 7921 7745 2804 
6993 1777 7922 7925 7428 
6994 7922 1558 7923 7925 
6995 7925 7923 2450 7924 
6996 7428 7925 7924 1822 
6997 2505 5247 7927 4307 
6998 5247 2848 7926 7927 
6999 7927 7926 1382 7316 
7000 4307 7927 7316 1407 
7001 1827 7006 7929 7905 
7002 7006 1877 7214 7929 
7003 7929 7214 2169 7928 
7004 7905 7929 7928 2799 
7005 2215 7930 7931 4117 
7006 7930 2148 7681 7931 
7007 7931 7681 2854 3310 
7008 4117 7931 3310 2216 
7009 1522 6741 7932 6422 
7010 6741 1521 7874 7932 
7011 7932 7874 2845 7544 
7012 6422 7932 7544 1656 
7013 2731 7711 7934 7242 
7014 7711 2850 7933 7934 
7015 7934 7933 2140 6520 
7016 7242 7934 6520 1954 
7017 332 3676 7936 331 
7018 3676 1544 4629 7936 
7019 7936 4629 3028 7935 
7020 331 7936 7935 330 
7021 1400 7937 7940 7939 
7022 7937 1402 7938 7940 
7023 7940 7938 2788 7742 
7024 7939 7940 7742 1401 
7025 2561 4707 7942 5259 
7026 4707 2562 4203 7942 
7027 7942 4203 3038 7941 
7028 5259 7942 7941 1349 
7029 2140 7943 7945 6521 
7030 7943 2217 7944 7945 
7031 7945 7944 2860 3568 
7032 6521 7945 3568 2141 
7033 1321 4842 7947 7308 
7034 4842 1984 7946 7947 
7035 7947 7946 2882 5792 
7036 7308 7947 5792 1319 
7037 1849 6917 7948 7614 
7038 6917 2018 4179 7948 
7039 7948 4179 3052 3837 
7040 7614 7948 3837 2781 
7041 3029 7949 7952 7951 
7042 7949 2992 7950 7952 
7043 7952 7950 2013 6614 
7044 7951 7952 6614 2138 
7045 1249 7797 7954 7859 
7046 7797 2365 7373 7954 
7047 7954 7373 2994 7953 
7048 7859 7954 7953 1247 
7049 2763 6119 7957 7956 
7050 6119 1320 6953 7957 
7051 7957 6953 1318 7955 
7052 7956 7957 7955 2853 
7053 2591 7958 7960 4744 
7054 7958 2807 7576 7960 
7055 7960 7576 2806 7959 
7056 4744 7960 7959 2840 
7057 2912 7773 7963 7962 
7058 7773 2913 7961 7963 
7059 7963 7961 2663 5710 
7060 7962 7963 5710 1305 
7061 1657 7847 7965 7270 
7062 7847 1541 7964 7965 
7063 7965 7964 2828 6059 
7064 7270 7965 6059 1658 
7065 113 7966 7969 112 
7066 7966 1292 7967 7969 
7067 7969 7967 3116 7968 
7068 112 7969 7968 111 
7069 2012 6946 7972 5958 
7070 6946 1594 7970 7972 
7071 7972 7970 2856 7971 
7072 5958 7972 7971 2041 
7073 2765 7450 7973 4341 
7074 7450 2766 4688 7973 
7075 7973 4688 1721 7262 
7076 4341 7973 7262 2816 
7077 2811 7974 7977 7976 
7078 7974 1503 7975 7977 
7079 7977 7975 1476 7912 
7080 7976 7977 7912 1475 
7081 1987 4366 7980 5472 
7082 4366 1988 7978 7980 
7083 7980 7978 2919 7979 
7084 5472 7980 7979 1855 
7085 1317 7722 7983 7982 
7086 7722 1281 7981 7983 
7087 7983 7981 1586 3435 
7088 7982 7983 3435 2768 
7089 2755 7501 7985 7461 
7090 7501 2855 3329 7985 
7091 7985 3329 2150 7984 
7092 7461 7985 7984 2108 
7093 551 7986 7988 552 
7094 7986 1304 7987 7988 
7095 7988 7987 2869 7014 
7096 552 7988 7014 553 
7097 1986 4199 7990 6023 
7098 4199 2327 7989 7990 
7099 7990 7989 3162 3898 
7100 6023 7990 3898 2326 
7101 1930 6076 7992 4550 
7102 6076 2341 7991 7992 
7103 7992 7991 3042 7492 
7104 4550 7992 7492 2340 
7105 1893 7545 7995 7994 
7106 7545 2845 7873 7995 
7107 7995 7873 2146 7993 
7108 7994 7995 7993 2893 
7109 2245 5684 7998 7997 
7110 5684 1989 7895 7998 
7111 7998 7895 2863 7996 
7112 7997 7998 7996 2746 
7113 2819 7999 8002 4803 
7114 7999 2790 8000 8002 
7115 8002 8000 3118 8001 
7116 4803 8002 8001 1275 
7117 2023 8003 8004 6157 
7118 8003 2024 5203 8004 
7119 8004 5203 2875 5253 
7120 6157 8004 5253 2022 
7121 1899 8005 8007 5886 
7122 8005 2979 8006 8007 
7123 8007 8006 2771 3735 
7124 5886 8007 3735 2135 
7125 3091 4271 8010 8009 
7126 4271 3036 8008 8010 
7127 8010 8008 360 361 
7128 8009 8010 361 362 
7129 2396 4409 8012 8011 
7130 4409 1993 6007 8012 
7131 8012 6007 2221 7154 
7132 8011 8012 7154 3133 
7133 2134 7789 8013 6861 
7134 7789 2859 6062 8013 
7135 8013 6062 1298 7405 
7136 6861 8013 7405 2814 
7137 3161 8014 8017 8016 
7138 8014 2568 8015 8017 
7139 8017 8015 3191 3918 
7140 8016 8017 3918 2203 
7141 2007 7160 8018 5649 
7142 7160 2856 7970 8018 
7143 8018 7970 1594 7677 
7144 5649 8018 7677 2785 
7145 1466 6355 8019 7683 
7146 6355 1464 7805 8019 
7147 8019 7805 2841 3526 
7148 7683 8019 3526 2836 
7149 1385 7045 8022 8021 
7150 7045 2858 8020 8022 
7151 8022 8020 1728 6538 
7152 8021 8022 6538 1387 
7153 1953 8023 8026 7237 
7154 8023 2113 8024 8026 
7155 8026 8024 2897 8025 
7156 7237 8026 8025 1826 
7157 201 5229 8029 200 
7158 5229 1381 8027 8029 
7159 8029 8027 3105 8028 
7160 200 8029 8028 199 
7161 404 405 8031 5296 
7162 405 406 8030 8031 
7163 8031 8030 3204 7865 
7164 5296 8031 7865 1429 
7165 1354 8032 8035 8034 
7166 8032 1355 8033 8035 
7167 8035 8033 1378 7471 
7168 8034 8035 7471 1377 
7169 1408 7584 8037 7025 
7170 7584 1374 8036 8037 
7171 8037 8036 2050 7588 
7172 7025 8037 7588 2692 
7173 2459 5195 8041 8040 
7174 5195 1291 8038 8041 
7175 8041 8038 2957 8039 
7176 8040 8041 8039 2939 
7177 2924 8042 8044 7140 
7178 8042 2050 8036 8044 
7179 8044 8036 1374 8043 
7180 7140 8044 8043 1286 
7181 1460 7026 8046 8045 
7182 7026 2692 7587 8046 
7183 8046 7587 2746 7996 
7184 8045 8046 7996 2863 
7185 2649 4022 8049 7834 
7186 4022 2986 8047 8049 
7187 8049 8047 2226 8048 
7188 7834 8049 8048 2227 
7189 2566 8050 8052 3940 
7190 8050 2568 8014 8052 
7191 8052 8014 3161 8051 
7192 3940 8052 8051 1774 
7193 2428 8053 8055 5007 
7194 8053 3169 8054 8055 
7195 8055 8054 3206 4312 
7196 5007 8055 4312 1711 
7197 2423 5874 8058 6034 
7198 5874 2424 8056 8058 
7199 8058 8056 3060 8057 
7200 6034 8058 8057 2422 
7201 1843 8059 8060 7717 
7202 8059 2853 7955 8060 
7203 8060 7955 1318 7439 
7204 7717 8060 7439 1359 
7205 2286 8061 8062 3680 
7206 8061 2984 3780 8062 
7207 8062 3780 2525 5147 
7208 3680 8062 5147 1547 
7209 2171 8063 8065 7277 
7210 8063 2872 8064 8065 
7211 8065 8064 1756 7345 
7212 7277 8065 7345 2702 
7213 2405 5370 8066 6166 
7214 5370 2683 7264 8066 
7215 8066 7264 2938 3533 
7216 6166 8066 3533 2410 
7217 99 100 8068 5236 
7218 100 101 7131 8068 
7219 8068 7131 2901 8067 
7220 5236 8068 8067 1255 
7221 1498 6845 8072 8071 
7222 6845 1448 8069 8072 
7223 8072 8069 2827 8070 
7224 8071 8072 8070 1500 
7225 1602 8073 8074 7622 
7226 8073 2877 7009 8074 
7227 8074 7009 649 648 
7228 7622 8074 648 647 
7229 1874 8075 8077 7578 
7230 8075 1479 8076 8077 
7231 8077 8076 1480 7751 
7232 7578 8077 7751 1481 
7233 1486 8078 8080 3692 
7234 8078 1414 5619 8080 
7235 8080 5619 1388 8079 
7236 3692 8080 8079 2870 
7237 2718 8081 8084 8083 
7238 8081 2941 8082 8084 
7239 8084 8082 2556 6228 
7240 8083 8084 6228 3220 
7241 2258 4180 8086 6072 
7242 4180 2018 6919 8086 
7243 8086 6919 1789 8085 
7244 6072 8086 8085 2244 
7245 1777 7246 8089 8088 
7246 7246 1938 3325 8089 
7247 8089 3325 2124 8087 
7248 8088 8089 8087 1903 
7249 1909 4389 8091 7001 
7250 4389 2330 5036 8091 
7251 8091 5036 2958 8090 
7252 7001 8091 8090 2394 
7253 1990 4759 8094 5431 
7254 4759 2713 8092 8094 
7255 8094 8092 3208 8093 
7256 5431 8094 8093 2230 
7257 1788 6282 8096 5900 
7258 6282 1754 8095 8096 
7259 8096 8095 3069 3686 
7260 5900 8096 3686 1847 
7261 1693 5607 8099 8098 
7262 5607 1694 4197 8099 
7263 8099 4197 3040 8097 
7264 8098 8099 8097 1692 
7265 2143 8100 8103 8102 
7266 8100 2262 8101 8103 
7267 8103 8101 2866 7878 
7268 8102 8103 7878 2077 
7269 15 763 8107 8106 
7270 763 762 8104 8107 
7271 8107 8104 2725 8105 
7272 8106 8107 8105 1246 
7273 1483 6812 8108 7499 
7274 6812 1743 3457 8108 
7275 8108 3457 2840 7959 
7276 7499 8108 7959 2806 
7277 3164 8109 8112 8111 
7278 8109 3108 8110 8112 
7279 8112 8110 2391 5172 
7280 8111 8112 5172 2389 
7281 2240 6912 8114 3793 
7282 6912 2046 8113 8114 
7283 8114 8113 2968 7256 
7284 3793 8114 7256 2289 
7285 3232 8115 8119 8118 
7286 8115 3192 8116 8119 
7287 8119 8116 2950 8117 
7288 8118 8119 8117 2416 
7289 3215 8120 8122 3652 
7290 8120 2883 8121 8122 
7291 8122 8121 2882 7946 
7292 3652 8122 7946 1984 
7293 117 5500 8125 116 
7294 5500 2654 8123 8125 
7295 8125 8123 3076 8124 
7296 116 8125 8124 115 
7297 2063 7235 8127 5682 
7298 7235 2907 8126 8127 
7299 8127 8126 2686 6045 
7300 5682 8127 6045 2687 
7301 1358 7313 8129 8128 
7302 7313 1357 7526 8129 
7303 8129 7526 1316 4763 
7304 8128 8129 4763 1336 
7305 2072 6750 8132 8131 
7306 6750 1893 7994 8132 
7307 8132 7994 2893 8130 
7308 8131 8132 8130 2192 
7309 1946 7091 8134 6501 
7310 7091 2735 8133 8134 
7311 8134 8133 2867 7643 
7312 6501 8134 7643 1947 
7313 2915 8135 8137 4620 
7314 8135 2722 8136 8137 
7315 8137 8136 2937 5061 
7316 4620 8137 5061 2091 
7317 1458 6263 8139 6850 
7318 6263 1854 8138 8139 
7319 8139 8138 2864 7675 
7320 6850 8139 7675 1456 
7321 1541 7216 8140 7964 
7322 7216 1498 8071 8140 
7323 8140 8071 1500 4038 
7324 7964 8140 4038 2828 
7325 1382 7926 8141 6886 
7326 7926 2848 5246 8141 
7327 8141 5246 2870 8079 
7328 6886 8141 8079 1388 
7329 2029 6443 8143 6679 
7330 6443 2160 3776 8143 
7331 8143 3776 3124 8142 
7332 6679 8143 8142 2031 
7333 1831 6690 8145 7033 
7334 6690 2358 3748 8145 
7335 8145 3748 2993 8144 
7336 7033 8145 8144 2575 
7337 531 530 8146 5198 
7338 530 529 3739 8146 
7339 8146 3739 3066 6907 
7340 5198 8146 6907 2666 
7341 2945 7652 8150 8149 
7342 7652 1277 8147 8150 
7343 8150 8147 1354 8148 
7344 8149 8150 8148 1770 
7345 1767 5382 8152 5459 
7346 5382 2595 7617 8152 
7347 8152 7617 2880 8151 
7348 5459 8152 8151 2603 
7349 2911 8153 8155 4537 
7350 8153 2052 6485 8155 
7351 8155 6485 3154 8154 
7352 4537 8155 8154 1253 
7353 1377 7868 8156 8034 
7354 7868 2773 3631 8156 
7355 8156 3631 1770 8148 
7356 8034 8156 8148 1354 
7357 2125 5442 8160 8159 
7358 5442 2144 8157 8160 
7359 8160 8157 3080 8158 
7360 8159 8160 8158 3049 
7361 1480 8161 8164 7064 
7362 8161 1433 8162 8164 
7363 8164 8162 1825 8163 
7364 7064 8164 8163 2815 
7365 3187 4665 8166 7041 
7366 4665 2200 8165 8166 
7367 8166 8165 3232 8118 
7368 7041 8166 8118 2416 
7369 1350 4922 8169 8168 
7370 4922 2534 3431 8169 
7371 8169 3431 2884 8167 
7372 8168 8169 8167 3113 
7373 25 7686 8171 8170 
7374 7686 1329 6889 8171 
7375 8171 6889 1369 7550 
7376 8170 8171 7550 1330 
7377 1564 5102 8174 8173 
7378 5102 2459 8040 8174 
7379 8174 8040 2939 8172 
7380 8173 8174 8172 2936 
7381 1372 6795 8176 8175 
7382 6795 1371 6883 8176 
7383 8176 6883 1327 4029 
7384 8175 8176 4029 1328 
7385 1387 6684 8177 8021 
7386 6684 1386 7326 8177 
7387 8177 7326 1314 7117 
7388 8021 8177 7117 1385 
7389 1262 8178 8181 8180 
7390 8178 1266 8179 8181 
7391 8181 8179 1281 7721 
7392 8180 8181 7721 1267 
7393 1314 7325 8183 7118 
7394 7325 2890 8182 8183 
7395 8183 8182 643 642 
7396 7118 8183 642 641 
7397 1284 7707 8185 4190 
7398 7707 1283 8184 8185 
7399 8185 8184 1268 6859 
7400 4190 8185 6859 1269 
7401 1448 7337 8186 8069 
7402 7337 1447 7596 8186 
7403 8186 7596 1599 7891 
7404 8069 8186 7891 2827 
7405 2908 7151 8189 8188 
7406 7151 2133 6926 8189 
7407 8189 6926 2122 8187 
7408 8188 8189 8187 3046 
7409 2996 3334 8192 6084 
7410 3334 2163 8190 8192 
7411 8192 8190 2162 8191 
7412 6084 8192 8191 2973 
7413 2182 3942 8194 8193 
7414 3942 2512 4909 8194 
7415 8194 4909 2508 7897 
7416 8193 8194 7897 2933 
7417 2229 7197 8197 8196 
7418 7197 2075 7182 8197 
7419 8197 7182 2175 8195 
7420 8196 8197 8195 2873 
7421 2295 8198 8201 4053 
7422 8198 3050 8199 8201 
7423 8201 8199 3035 8200 
7424 4053 8201 8200 1667 
7425 1401 8202 8205 7939 
7426 8202 1376 8203 8205 
7427 8205 8203 1375 8204 
7428 7939 8205 8204 1400 
7429 1359 7438 8206 7718 
7430 7438 1317 7982 8206 
7431 8206 7982 2768 6297 
7432 7718 8206 6297 1360 
7433 2306 3458 8208 4089 
7434 3458 1743 6814 8208 
7435 8208 6814 1516 8207 
7436 4089 8208 8207 2953 
7437 1669 8209 8211 7698 
7438 8209 2897 8210 8211 
7439 8211 8210 2048 7920 
7440 7698 8211 7920 2804 
7441 1974 6181 8214 8213 
7442 6181 1906 8212 8214 
7443 8214 8212 2200 4664 
7444 8213 8214 4664 2871 
7445 1642 5800 8216 5511 
7446 5800 2548 6082 8216 
7447 8216 6082 2973 8215 
7448 5511 8216 8215 1644 
7449 1288 7914 8219 7559 
7450 7914 1352 8217 8219 
7451 8219 8217 2823 8218 
7452 7559 8219 8218 1334 
7453 1935 8220 8222 6825 
7454 8220 2131 8221 8222 
7455 8222 8221 2884 7916 
7456 6825 8222 7916 1934 
7457 2779 7733 8224 8223 
7458 7733 1379 7523 8224 
7459 8224 7523 1334 8218 
7460 8223 8224 8218 2823 
7461 2198 8225 8226 5947 
7462 8225 2876 7784 8226 
7463 8226 7784 2696 5992 
7464 5947 8226 5992 2196 
7465 2229 8196 8229 5537 
7466 8196 2873 8227 8229 
7467 8229 8227 1309 8228 
7468 5537 8229 8228 3198 
7469 3080 8230 8233 8232 
7470 8230 3092 8231 8233 
7471 8233 8231 1916 6234 
7472 8232 8233 6234 2685 
7473 3159 8234 8236 8235 
7474 8234 3118 8000 8236 
7475 8236 8000 2790 7258 
7476 8235 8236 7258 2237 
7477 19 578 8239 7073 
7478 578 579 8237 8239 
7479 8239 8237 2921 8238 
7480 7073 8239 8238 1308 
7481 3060 8240 8243 8057 
7482 8240 1815 8241 8243 
7483 8243 8241 3182 8242 
7484 8057 8243 8242 2422 
7485 585 586 8246 6307 
7486 586 587 8244 8246 
7487 8246 8244 3031 8245 
7488 6307 8246 8245 1345 
7489 456 8247 8249 455 
7490 8247 1273 4162 8249 
7491 8249 4162 3123 8248 
7492 455 8249 8248 454 
7493 260 4679 8251 259 
7494 4679 1251 8250 8251 
7495 8251 8250 2906 7367 
7496 259 8251 7367 258 
7497 1762 4877 8254 6649 
7498 4877 1848 8252 8254 
7499 8254 8252 3013 8253 
7500 6649 8254 8253 2111 
7501 2603 8151 8256 5691 
7502 8151 2880 8255 8256 
7503 8256 8255 2974 7650 
7504 5691 8256 7650 1294 
7505 633 4552 8257 634 
7506 4552 2339 7504 8257 
7507 8257 7504 2961 3400 
7508 634 8257 3400 635 
7509 2265 8258 8259 4230 
7510 8258 2266 3445 8259 
7511 8259 3445 2385 4773 
7512 4230 8259 4773 2264 
7513 2690 6086 8262 4292 
7514 6086 2660 8260 8262 
7515 8262 8260 3003 8261 
7516 4292 8262 8261 2097 
7517 2098 8263 8265 6089 
7518 8263 2999 8264 8265 
7519 8265 8264 3046 8187 
7520 6089 8265 8187 2122 
7521 3070 4255 8269 8268 
7522 4255 2234 8266 8269 
7523 8269 8266 3079 8267 
7524 8268 8269 8267 2656 
7525 3118 8234 8272 8271 
7526 8234 3159 8270 8272 
7527 8272 8270 428 429 
7528 8271 8272 429 430 
7529 2096 8273 8275 3337 
7530 8273 3178 8274 8275 
7531 8275 8274 2559 4696 
7532 3337 8275 4696 2484 
7533 1267 8276 8278 8180 
7534 8276 1706 8277 8278 
7535 8278 8277 3024 4327 
7536 8180 8278 4327 1262 
7537 3058 3619 8280 8279 
7538 3619 3026 4108 8280 
7539 8280 4108 2454 4331 
7540 8279 8280 4331 2455 
7541 1702 6829 8282 6471 
7542 6829 2722 8135 8282 
7543 8282 8135 2915 8281 
7544 6471 8282 8281 1897 
7545 2278 4436 8284 6347 
7546 4436 2183 8283 8284 
7547 8284 8283 3158 4043 
7548 6347 8284 4043 2279 
7549 1650 6536 8287 8286 
7550 6536 2740 8285 8287 
7551 8287 8285 2986 4021 
7552 8286 8287 4021 1778 
7553 2612 4972 8290 8289 
7554 4972 1960 8288 8290 
7555 8290 8288 3111 3742 
7556 8289 8290 3742 2613 
7557 89 8291 8293 88 
7558 8291 3107 8292 8293 
7559 8293 8292 284 285 
7560 88 8293 285 11 
7561 2839 7801 8295 6709 
7562 7801 1897 8281 8295 
7563 8295 8281 2915 8294 
7564 6709 8295 8294 2794 
7565 1951 8296 8298 4928 
7566 8296 2504 6416 8298 
7567 8298 6416 3140 8297 
7568 4928 8298 8297 1490 
7569 482 483 8301 8300 
7570 483 13 247 8301 
7571 8301 247 248 8299 
7572 8300 8301 8299 3110 
7573 323 324 8303 8302 
7574 324 14 325 8303 
7575 8303 325 326 3743 
7576 8302 8303 3743 3111 
7577 3063 3596 8307 8306 
7578 3596 2301 8304 8307 
7579 8307 8304 3224 8305 
7580 8306 8307 8305 1561 
7581 1752 5587 8311 8310 
7582 5587 1751 8308 8311 
7583 8311 8308 3079 8309 
7584 8310 8311 8309 2587 
7585 1461 7145 8314 8313 
7586 7145 1430 8312 8314 
7587 8314 8312 2926 3609 
7588 8313 8314 3609 1645 
7589 3011 8315 8317 4882 
7590 8315 1917 8316 8317 
7591 8317 8316 3106 4753 
7592 4882 8317 4753 2458 
7593 2774 6566 8320 7085 
7594 6566 2288 8318 8320 
7595 8320 8318 2837 8319 
7596 7085 8320 8319 2868 
7597 1322 7903 8322 7011 
7598 7903 1442 8321 8322 
7599 8322 8321 2001 3771 
7600 7011 8322 3771 23 
7601 1558 7922 8325 8324 
7602 7922 1777 8088 8325 
7603 8325 8088 1903 8323 
7604 8324 8325 8323 1557 
7605 1316 7525 8327 4764 
7606 7525 2902 8326 8327 
7607 8327 8326 589 590 
7608 4764 8327 590 591 
7609 1414 8078 8329 5802 
7610 8078 1486 3912 8329 
7611 8329 3912 2926 8328 
7612 5802 8329 8328 1426 
7613 93 7086 8331 92 
7614 7086 2868 8319 8331 
7615 8331 8319 2837 8330 
7616 92 8331 8330 91 
7617 2033 8332 8335 6637 
7618 8332 2843 8333 8335 
7619 8335 8333 3203 8334 
7620 6637 8335 8334 2210 
7621 2910 8336 8338 7395 
7622 8336 2891 8337 8338 
7623 8338 8337 1303 5641 
7624 7395 8338 5641 2665 
7625 3137 8339 8342 8341 
7626 8339 3116 8340 8342 
7627 8342 8340 2776 7201 
7628 8341 8342 7201 2370 
7629 2082 6313 8343 5832 
7630 6313 2080 7888 8343 
7631 8343 7888 2894 3764 
7632 5832 8343 3764 2238 
7633 1816 7321 8345 6048 
7634 7321 2147 8344 8345 
7635 8345 8344 2893 7993 
7636 6048 8345 7993 2146 
7637 2431 3929 8348 8347 
7638 3929 2360 6393 8348 
7639 8348 6393 3221 8346 
7640 8347 8348 8346 3181 
7641 1260 5669 8350 7703 
7642 5669 2847 8349 8350 
7643 8350 8349 1265 7792 
7644 7703 8350 7792 1258 
7645 2920 8351 8354 8353 
7646 8351 1602 7621 8354 
7647 8354 7621 2909 8352 
7648 8353 8354 8352 2958 
7649 1267 5793 8356 8276 
7650 5793 2882 8121 8356 
7651 8356 8121 2883 8355 
7652 8276 8356 8355 1706 
7653 1643 5509 8359 5332 
7654 5509 1644 8357 8359 
7655 8359 8357 2914 8358 
7656 5332 8359 8358 2528 
7657 2856 7159 8360 7971 
7658 7159 2898 7282 8360 
7659 8360 7282 2043 6605 
7660 7971 8360 6605 2041 
7661 2627 5001 8363 8362 
7662 5001 2628 7774 8363 
7663 8363 7774 2912 8361 
7664 8362 8363 8361 2629 
7665 2890 8364 8365 8182 
7666 8364 2909 7620 8365 
7667 8365 7620 645 644 
7668 8182 8365 644 643 
7669 681 3550 8368 682 
7670 3550 2343 8366 8368 
7671 8368 8366 3090 8367 
7672 682 8368 8367 683 
7673 2629 7230 8369 8362 
7674 7230 2928 7564 8369 
7675 8369 7564 2626 5476 
7676 8362 8369 5476 2627 
7677 1866 4238 8372 4717 
7678 4238 2291 8370 8372 
7679 8372 8370 2917 8371 
7680 4717 8372 8371 2257 
7681 2077 7096 8375 8102 
7682 7096 2076 8373 8375 
7683 8375 8373 2957 8374 
7684 8102 8375 8374 2143 
7685 1650 8286 8378 5634 
7686 8286 1778 8376 8378 
7687 8378 8376 3186 8377 
7688 5634 8378 8377 1648 
7689 2775 3503 8379 3383 
7690 3503 2927 7379 8379 
7691 8379 7379 354 7810 
7692 3383 8379 7810 1313 
7693 1626 5546 8381 5662 
7694 5546 1627 4586 8381 
7695 8381 4586 3170 8380 
7696 5662 8381 8380 1625 
7697 2789 4183 8383 8382 
7698 4183 2879 7685 8383 
7699 8383 7685 693 692 
7700 8382 8383 692 691 
7701 1480 8076 8386 8161 
7702 8076 1479 8384 8386 
7703 8386 8384 1432 8385 
7704 8161 8386 8385 1433 
7705 1454 7673 8388 7075 
7706 7673 2864 8387 8388 
7707 8388 8387 3056 6783 
7708 7075 8388 6783 2039 
7709 1814 6800 8390 5888 
7710 6800 2754 8389 8390 
7711 8390 8389 3126 3828 
7712 5888 8390 3828 2005 
7713 1692 5757 8393 8098 
7714 5757 1691 8391 8393 
7715 8393 8391 3143 8392 
7716 8098 8393 8392 1693 
7717 1284 4193 8396 4737 
7718 4193 2896 8394 8396 
7719 8396 8394 2699 8395 
7720 4737 8396 8395 2560 
7721 2930 7489 8400 8399 
7722 7489 2916 8397 8400 
7723 8400 8397 2934 8398 
7724 8399 8400 8398 2624 
7725 1327 6882 8401 4030 
7726 6882 2789 8382 8401 
7727 8401 8382 691 690 
7728 4030 8401 690 689 
7729 1830 7671 8404 7187 
7730 7671 2821 8402 8404 
7731 8404 8402 2900 8403 
7732 7187 8404 8403 2055 
7733 2560 8395 8405 4862 
7734 8395 2699 7728 8405 
7735 8405 7728 3222 4472 
7736 4862 8405 4472 2356 
7737 3092 8230 8407 8406 
7738 8230 3080 8157 8407 
7739 8407 8157 2144 5941 
7740 8406 8407 5941 2159 
7741 2283 3569 8410 8409 
7742 3569 2860 8408 8410 
7743 8410 8408 3105 8027 
7744 8409 8410 8027 1381 
7745 1879 5672 8413 8412 
7746 5672 2084 8411 8413 
7747 8413 8411 3020 7369 
7748 8412 8413 7369 2090 
7749 615 3643 8416 616 
7750 3643 1976 8414 8416 
7751 8416 8414 2998 8415 
7752 616 8416 8415 617 
7753 2346 8417 8419 4565 
7754 8417 2951 8418 8419 
7755 8419 8418 3215 3651 
7756 4565 8419 3651 2347 
7757 545 8420 8422 546 
7758 8420 1302 8421 8422 
7759 8422 8421 2916 7488 
7760 546 8422 7488 547 
7761 2513 6965 8425 8424 
7762 6965 2511 8423 8425 
7763 8425 8423 3131 3852 
7764 8424 8425 3852 2514 
7765 1937 4637 8427 4322 
7766 4637 1936 8426 8427 
7767 8427 8426 3065 6473 
7768 4322 8427 6473 2127 
7769 2119 6465 8430 8429 
7770 6465 2025 8428 8430 
7771 8430 8428 2978 3572 
7772 8429 8430 3572 2121 
7773 1983 6260 8432 5975 
7774 6260 2694 5222 8432 
7775 8432 5222 3094 8431 
7776 5975 8432 8431 2222 
7777 2079 6015 8435 4597 
7778 6015 2078 8433 8435 
7779 8435 8433 3021 8434 
7780 4597 8435 8434 2285 
7781 2824 6272 8437 4963 
7782 6272 2878 8436 8437 
7783 8437 8436 2846 5408 
7784 4963 8437 5408 2638 
7785 2038 6460 8441 8440 
7786 6460 2889 8438 8441 
7787 8441 8438 1939 8439 
7788 8440 8441 8439 2962 
7789 2622 4917 8444 8443 
7790 4917 2623 7563 8444 
7791 8444 7563 2918 8442 
7792 8443 8444 8442 2624 
7793 2821 7848 8445 8402 
7794 7848 1657 7269 8445 
7795 8445 7269 1845 7877 
7796 8402 8445 7877 2900 
7797 2513 8424 8446 4283 
7798 8424 2514 3851 8446 
7799 8446 3851 2991 6226 
7800 4283 8446 6226 2557 
7801 2963 8447 8451 8450 
7802 8447 2955 8448 8451 
7803 8451 8448 2947 8449 
7804 8450 8451 8449 2592 
7805 1900 7284 8455 8454 
7806 7284 2157 8452 8455 
7807 8455 8452 3073 8453 
7808 8454 8455 8453 2967 
7809 2872 4209 8456 8064 
7810 4209 2331 4349 8456 
7811 8456 4349 3005 6958 
7812 8064 8456 6958 1756 
7813 2491 3573 8458 3877 
7814 3573 2978 8457 8458 
7815 8458 8457 2023 7574 
7816 3877 8458 7574 2026 
7817 2348 8459 8460 5284 
7818 8459 2349 7430 8460 
7819 8460 7430 2951 8417 
7820 5284 8460 8417 2346 
7821 1670 7238 8461 6694 
7822 7238 1826 8025 8461 
7823 8461 8025 2897 8209 
7824 6694 8461 8209 1669 
7825 2332 5829 8463 8462 
7826 5829 1455 7674 8463 
7827 8463 7674 1454 7074 
7828 8462 8463 7074 1308 
7829 1290 7666 8465 5116 
7830 7666 3147 8464 8465 
7831 8465 8464 3169 8053 
7832 5116 8465 8053 2428 
7833 1687 8466 8469 6104 
7834 8466 1815 8467 8469 
7835 8469 8467 3218 8468 
7836 6104 8469 8468 1689 
7837 460 5022 8472 8471 
7838 5022 2527 3730 8472 
7839 8472 3730 3016 8470 
7840 8471 8472 8470 3071 
7841 2108 8473 8475 7462 
7842 8473 2149 3238 8475 
7843 8475 3238 3023 8474 
7844 7462 8475 8474 2107 
7845 1505 5486 8478 8477 
7846 5486 1549 4754 8478 
7847 8478 4754 3106 8476 
7848 8477 8478 8476 1504 
7849 2250 8479 8480 3821 
7850 8479 2362 4986 8480 
7851 8480 4986 1253 8154 
7852 3821 8480 8154 3154 
7853 1750 6594 8482 6093 
7854 6594 2712 3853 8482 
7855 8482 3853 3131 8481 
7856 6093 8482 8481 2817 
7857 1928 6447 8484 6939 
7858 6447 2189 7749 8484 
7859 8484 7749 3034 8483 
7860 6939 8484 8483 1929 
7861 2863 7894 8486 8045 
7862 7894 2887 8485 8486 
7863 8486 8485 2800 7845 
7864 8045 8486 7845 1460 
7865 1916 8487 8488 6235 
7866 8487 2921 8237 8488 
7867 8488 8237 579 580 
7868 6235 8488 580 581 
7869 1394 3905 8489 7583 
7870 3905 1373 4143 8489 
7871 8489 4143 1286 8043 
7872 7583 8489 8043 1374 
7873 2619 5269 8492 8491 
7874 5269 2617 7484 8492 
7875 8492 7484 2922 8490 
7876 8491 8492 8490 2620 
7877 1619 5735 8495 7358 
7878 5735 1621 8493 8495 
7879 8495 8493 2975 8494 
7880 7358 8495 8494 2874 
7881 2251 7111 8496 3971 
7882 7111 2734 7227 8496 
7883 8496 7227 1927 5929 
7884 3971 8496 5929 2888 
7885 539 8497 8501 8500 
7886 8497 2963 8498 8501 
7887 8501 8498 2905 8499 
7888 8500 8501 8499 1301 
7889 2527 5021 8502 3731 
7890 5021 1842 7042 8502 
7891 8502 7042 2416 8117 
7892 3731 8502 8117 2950 
7893 2353 4462 8503 6077 
7894 4462 1276 3811 8503 
7895 8503 3811 3048 6474 
7896 6077 8503 6474 2354 
7897 1811 8504 8505 5384 
7898 8504 2935 4195 8505 
7899 8505 4195 1694 5606 
7900 5384 8505 5606 1696 
7901 2220 6736 8506 3375 
7902 6736 2052 8153 8506 
7903 8506 8153 2911 3474 
7904 3375 8506 3474 2322 
7905 2555 4951 8508 5233 
7906 4951 2556 8082 8508 
7907 8508 8082 2941 8507 
7908 5233 8508 8507 1578 
7909 737 4051 8510 738 
7910 4051 1667 8509 8510 
7911 8510 8509 2924 7139 
7912 738 8510 7139 739 
7913 2192 8130 8513 8512 
7914 8130 2893 8344 8513 
7915 8513 8344 2147 8511 
7916 8512 8513 8511 2929 
7917 2900 7876 8516 8403 
7918 7876 2866 8514 8516 
7919 8516 8514 2943 8515 
7920 8403 8516 8515 2055 
7921 1264 3398 8519 8518 
7922 3398 21 8517 8519 
7923 8519 8517 2994 7376 
7924 8518 8519 7376 2796 
7925 1304 7986 8521 8520 
7926 7986 551 550 8521 
7927 8521 550 549 7487 
7928 8520 8521 7487 2930 
7929 2578 6401 8523 5629 
7930 6401 2874 8494 8523 
7931 8523 8494 2975 8522 
7932 5629 8523 8522 2581 
7933 1551 7608 8525 3704 
7934 7608 1506 8524 8525 
7935 8525 8524 3061 7863 
7936 3704 8525 7863 1851 
7937 2318 8526 8529 6097 
7938 8526 3101 8527 8529 
7939 8529 8527 2919 8528 
7940 6097 8529 8528 2317 
7941 1879 8412 8531 6988 
7942 8412 2090 3781 8531 
7943 8531 3781 2984 8530 
7944 6988 8531 8530 2738 
7945 1558 8532 8534 7923 
7946 8532 1246 8105 8534 
7947 8534 8105 2725 8533 
7948 7923 8534 8533 2450 
7949 2162 8190 8537 6203 
7950 8190 2163 8535 8537 
7951 8537 8535 3179 8536 
7952 6203 8537 8536 2035 
7953 2624 8398 8538 8443 
7954 8398 2934 7485 8538 
7955 8538 7485 2618 5561 
7956 8443 8538 5561 2622 
7957 555 7013 8540 556 
7958 7013 2932 8539 8540 
7959 8540 8539 1305 5709 
7960 556 8540 5709 557 
7961 601 4995 8542 4723 
7962 4995 2396 8011 8542 
7963 8542 8011 3133 8541 
7964 4723 8542 8541 1274 
7965 2281 8543 8544 6653 
7966 8543 3064 3425 8544 
7967 8544 3425 3006 3394 
7968 6653 8544 3394 2282 
7969 1772 6713 8547 7480 
7970 6713 1941 8545 8547 
7971 8547 8545 3136 8546 
7972 7480 8547 8546 2778 
7973 2770 6494 8548 7077 
7974 6494 2771 8006 8548 
7975 8548 8006 2979 7696 
7976 7077 8548 7696 2067 
7977 1921 7458 8551 8550 
7978 7458 1771 8549 8551 
7979 8551 8549 3055 4293 
7980 8550 8551 4293 2097 
7981 2891 8336 8554 8553 
7982 8336 2910 8552 8554 
7983 8554 8552 1874 7577 
7984 8553 8554 7577 2807 
7985 3093 8555 8557 8556 
7986 8555 3105 8408 8557 
7987 8557 8408 2860 7944 
7988 8556 8557 7944 2217 
7989 1265 8349 8559 3955 
7990 8349 2847 8558 8559 
7991 8559 8558 3162 7989 
7992 3955 8559 7989 2327 
7993 2686 8126 8561 6587 
7994 8126 2907 7234 8561 
7995 8561 7234 2954 8560 
7996 6587 8561 8560 1588 
7997 1811 5264 8562 8504 
7998 5264 2373 5578 8562 
7999 8562 5578 2376 4196 
8000 8504 8562 4196 2935 
8001 2620 7839 8563 8491 
8002 7839 2971 7520 8563 
8003 8563 7520 2110 5396 
8004 8491 8563 5396 2619 
8005 2377 8564 8565 3521 
8006 8564 2940 5594 8565 
8007 8565 5594 2602 3760 
8008 3521 8565 3760 3103 
8009 2807 7958 8568 8553 
8010 7958 2591 8566 8568 
8011 8568 8566 2947 8567 
8012 8553 8568 8567 2891 
8013 2965 8569 8572 8571 
8014 8569 1285 8570 8572 
8015 8572 8570 1375 8203 
8016 8571 8572 8203 1376 
8017 3121 8573 8576 8575 
8018 8573 3095 8574 8576 
8019 8576 8574 1580 4979 
8020 8575 8576 4979 2425 
8021 2148 7930 8577 7323 
8022 7930 2215 7411 8577 
8023 8577 7411 2929 8511 
8024 7323 8577 8511 2147 
8025 1999 3594 8579 6280 
8026 3594 2285 8434 8579 
8027 8579 8434 3021 8578 
8028 6280 8579 8578 2739 
8029 2176 6508 8582 8581 
8030 6508 2177 8580 8582 
8031 8582 8580 3161 8016 
8032 8581 8582 8016 2203 
8033 1355 8032 8584 8583 
8034 8032 1354 8147 8584 
8035 8584 8147 1277 4925 
8036 8583 8584 4925 1353 
8037 301 8585 8587 300 
8038 8585 3194 8586 8587 
8039 8587 8586 2948 7081 
8040 300 8587 7081 299 
8041 2064 6628 8590 7233 
8042 6628 2101 8588 8590 
8043 8590 8588 3017 8589 
8044 7233 8590 8589 2954 
8045 1272 3656 8592 4232 
8046 3656 3077 8591 8592 
8047 8592 8591 2959 3415 
8048 4232 8592 3415 2267 
8049 289 290 8594 4265 
8050 290 291 5103 8594 
8051 8594 5103 1564 8593 
8052 4265 8594 8593 2944 
8053 1330 7549 8596 8595 
8054 7549 1891 3492 8596 
8055 8596 3492 2733 7813 
8056 8595 8596 7813 3141 
8057 2313 4891 8598 7727 
8058 4891 2117 8597 8598 
8059 8598 8597 3014 4071 
8060 7727 8598 4071 2315 
8061 2181 6223 8599 7105 
8062 6223 2182 8193 8599 
8063 8599 8193 2933 4095 
8064 7105 8599 4095 2271 
8065 1695 8600 8602 5413 
8066 8600 1774 8051 8602 
8067 8602 8051 3161 8601 
8068 5413 8602 8601 2756 
8069 2367 7202 8605 5365 
8070 7202 2776 8603 8605 
8071 8605 8603 3104 8604 
8072 5365 8605 8604 2156 
8073 2469 8606 8608 4173 
8074 8606 2470 8607 8608 
8075 8608 8607 2998 8414 
8076 4173 8608 8414 1976 
8077 1683 6419 8610 7766 
8078 6419 1682 7785 8610 
8079 8610 7785 2876 8609 
8080 7766 8610 8609 2899 
8081 1717 5868 8611 4900 
8082 5868 1868 3534 8611 
8083 8611 3534 2938 7531 
8084 4900 8611 7531 1719 
8085 2398 5047 8614 8613 
8086 5047 1562 8612 8614 
8087 8614 8612 3203 8333 
8088 8613 8614 8333 2843 
8089 3026 3618 8616 4109 
8090 3618 2589 7392 8616 
8091 8616 7392 2748 8615 
8092 4109 8616 8615 2970 
8093 1427 5803 8617 6900 
8094 5803 1426 8328 8617 
8095 8617 8328 2926 8312 
8096 6900 8617 8312 1430 
8097 264 7292 8618 4158 
8098 7292 1270 5565 8618 
8099 8618 5565 2997 7724 
8100 4158 8618 7724 2492 
8101 1517 7343 8620 4533 
8102 7343 1434 8619 8620 
8103 8620 8619 3097 4045 
8104 4533 8620 4045 1533 
8105 1503 7974 8622 8621 
8106 7974 2811 4099 8622 
8107 8622 4099 3155 3999 
8108 8621 8622 3999 1780 
8109 1825 8162 8625 8624 
8110 8162 1433 8385 8625 
8111 8625 8385 1432 8623 
8112 8624 8625 8623 1279 
8113 1558 8324 8627 8532 
8114 8324 1557 8626 8627 
8115 8627 8626 15 8106 
8116 8532 8627 8106 1246 
8117 3172 8628 8631 8630 
8118 8628 3207 8629 8631 
8119 8631 8629 2867 8133 
8120 8630 8631 8133 2735 
8121 1852 7274 8634 6753 
8122 7274 1908 8632 8634 
8123 8634 8632 3193 8633 
8124 6753 8634 8633 2102 
8125 2592 8449 8635 5733 
8126 8449 2947 8566 8635 
8127 8635 8566 2591 4743 
8128 5733 8635 4743 2590 
8129 1302 8420 8637 8636 
8130 8420 545 544 8637 
8131 8637 544 543 7737 
8132 8636 8637 7737 2946 
8133 1773 8638 8640 6714 
8134 8638 1942 7777 8640 
8135 8640 7777 3132 8639 
8136 6714 8640 8639 1871 
8137 2213 7866 8642 6809 
8138 7866 2483 4313 8642 
8139 8642 4313 3206 8641 
8140 6809 8642 8641 2194 
8141 2661 5613 8644 6273 
8142 5613 2663 7961 8644 
8143 8644 7961 2913 8643 
8144 6273 8644 8643 2878 
8145 2449 3715 8647 8646 
8146 3715 1812 7163 8647 
8147 8647 7163 2753 8645 
8148 8646 8647 8645 2992 
8149 1818 7466 8649 6462 
8150 7466 1378 8033 8649 
8151 8649 8033 1355 8648 
8152 6462 8649 8648 2889 
8153 2722 6828 8650 8136 
8154 6828 1869 6275 8650 
8155 8650 6275 2083 5135 
8156 8136 8650 5135 2937 
8157 1578 8507 8653 5005 
8158 8507 2941 8651 8653 
8159 8653 8651 3190 8652 
8160 5005 8653 8652 2432 
8161 2349 8459 8654 7245 
8162 8459 2348 7390 8654 
8163 8654 7390 2168 7593 
8164 7245 8654 7593 3067 
8165 539 8500 8656 540 
8166 8500 1301 8655 8656 
8167 8656 8655 2949 7738 
8168 540 8656 7738 541 
8169 519 520 8658 6149 
8170 520 521 7653 8658 
8171 8658 7653 2945 8657 
8172 6149 8658 8657 2010 
8173 2231 7132 8661 8660 
8174 7132 103 104 8661 
8175 8661 104 105 8659 
8176 8660 8661 8659 3120 
8177 287 8662 8664 286 
8178 8662 3128 8663 8664 
8179 8664 8663 245 246 
8180 286 8664 246 12 
8181 3178 7644 8666 8274 
8182 7644 2867 8629 8666 
8183 8666 8629 3207 8665 
8184 8274 8666 8665 2559 
8185 3102 8667 8670 8669 
8186 8667 2850 7710 8670 
8187 8670 7710 2114 8668 
8188 8669 8670 8668 3008 
8189 3125 8671 8673 4485 
8190 8671 2137 8672 8673 
8191 8673 8672 3141 7812 
8192 4485 8673 7812 2600 
8193 1922 5718 8675 6840 
8194 5718 2246 4446 8675 
8195 8675 4446 3135 8674 
8196 6840 8675 8674 2164 
8197 1271 8676 8678 7558 
8198 8676 2881 8677 8678 
8199 8678 8677 1475 7911 
8200 7558 8678 7911 1288 
8201 3116 7967 8679 8340 
8202 7967 1292 3662 8679 
8203 8679 3662 3104 8603 
8204 8340 8679 8603 2776 
8205 1822 7924 8683 8682 
8206 7924 2450 8680 8683 
8207 8683 8680 2903 8681 
8208 8682 8683 8681 2451 
8209 2162 7883 8684 8191 
8210 7883 2914 8357 8684 
8211 8684 8357 1644 8215 
8212 8191 8684 8215 2973 
8213 295 296 8686 5196 
8214 296 297 7083 8686 
8215 8686 7083 3033 8685 
8216 5196 8686 8685 1291 
8217 2772 7855 8688 3510 
8218 7855 3045 8687 8688 
8219 8688 8687 1362 7424 
8220 3510 8688 7424 1363 
8221 2138 6616 8692 8691 
8222 6616 2019 8689 8692 
8223 8692 8689 3180 8690 
8224 8691 8692 8690 2231 
8225 537 536 8695 8694 
8226 536 535 5642 8695 
8227 8695 5642 1303 8693 
8228 8694 8695 8693 2955 
8229 1338 8696 8698 3921 
8230 8696 3189 8697 8698 
8231 8698 8697 2176 8581 
8232 3921 8698 8581 2203 
8233 2872 8063 8700 4210 
8234 8063 2171 8699 8700 
8235 8700 8699 3002 5185 
8236 4210 8700 5185 2446 
8237 1796 4065 8703 7527 
8238 4065 2495 8701 8703 
8239 8703 8701 3031 8702 
8240 7527 8703 8702 2902 
8241 2260 5202 8704 3611 
8242 5202 2070 6688 8704 
8243 8704 6688 2120 6654 
8244 3611 8704 6654 2964 
8245 3050 8705 8706 8199 
8246 8705 2245 7997 8706 
8247 8706 7997 2746 7586 
8248 8199 8706 7586 3035 
8249 2199 8707 8709 7662 
8250 8707 3117 8708 8709 
8251 8709 8708 2419 7660 
8252 7662 8709 7660 2852 
8253 2878 8643 8710 8436 
8254 8643 2913 7775 8710 
8255 8710 7775 2631 7731 
8256 8436 8710 7731 2846 
8257 2983 3772 8713 7416 
8258 3772 2001 8711 8713 
8259 8713 8711 3225 8712 
8260 7416 8713 8712 2482 
8261 2955 8447 8714 8694 
8262 8447 2963 8497 8714 
8263 8714 8497 539 538 
8264 8694 8714 538 537 
8265 3041 8715 8718 8717 
8266 8715 2352 5830 8718 
8267 8718 5830 2332 8716 
8268 8717 8718 8716 2969 
8269 1589 6527 8720 6727 
8270 6527 1725 8719 8720 
8271 8720 8719 3150 7194 
8272 6727 8720 7194 2723 
8273 2149 8721 8723 3239 
8274 8721 3001 8722 8723 
8275 8723 8722 1958 5514 
8276 3239 8723 5514 2610 
8277 1982 6262 8724 7880 
8278 6262 2103 7384 8724 
8279 8724 7384 3007 3688 
8280 7880 8724 3688 2241 
8281 715 7381 8726 716 
8282 7381 2892 3496 8726 
8283 8726 3496 3043 8725 
8284 716 8726 8725 717 
8285 1442 7902 8729 8728 
8286 7902 1444 7747 8729 
8287 8729 7747 1835 8727 
8288 8728 8729 8727 2942 
8289 2030 7612 8732 7514 
8290 7612 2787 8730 8732 
8291 8732 8730 2936 8731 
8292 7514 8732 8731 2062 
8293 2143 8374 8734 8733 
8294 8374 2957 8038 8734 
8295 8734 8038 1291 8685 
8296 8733 8734 8685 3033 
8297 2032 6639 8736 7611 
8298 6639 2211 7851 8736 
8299 8736 7851 2931 8735 
8300 7611 8736 8735 2787 
8301 3055 8737 8739 4290 
8302 8737 2066 5881 8739 
8303 8739 5881 3044 8738 
8304 4290 8739 8738 2830 
8305 1401 7741 8741 8202 
8306 7741 1403 8740 8741 
8307 8741 8740 2965 8571 
8308 8202 8741 8571 1376 
8309 2566 5739 8743 8050 
8310 5739 2567 8742 8743 
8311 8743 8742 3191 8015 
8312 8050 8743 8015 2568 
8313 2232 5851 8747 8746 
8314 5851 2224 8744 8747 
8315 8747 8744 3094 8745 
8316 8746 8747 8745 2587 
8317 2055 8515 8749 7186 
8318 8515 2943 8748 8749 
8319 8749 8748 1994 7125 
8320 7186 8749 7125 1872 
8321 2434 3602 8751 5742 
8322 3602 2000 3825 8751 
8323 8751 3825 3085 8750 
8324 5742 8751 8750 2433 
8325 1699 8752 8754 6732 
8326 8752 1701 8753 8754 
8327 8754 8753 2953 8207 
8328 6732 8754 8207 1516 
8329 1903 8755 8757 8323 
8330 8755 1904 3412 8757 
8331 8757 3412 2959 8756 
8332 8323 8757 8756 1557 
8333 2815 8163 8760 4344 
8334 8163 1825 8758 8760 
8335 8760 8758 3213 8759 
8336 4344 8760 8759 2335 
8337 2115 4431 8762 8761 
8338 4431 2504 8296 8762 
8339 8762 8296 1951 4072 
8340 8761 8762 4072 3014 
8341 2587 8309 8763 8746 
8342 8309 3079 8266 8763 
8343 8763 8266 2234 5860 
8344 8746 8763 5860 2232 
8345 227 5924 8765 226 
8346 5924 2895 7106 8765 
8347 8765 7106 3195 8764 
8348 226 8765 8764 225 
8349 2936 8172 8767 8731 
8350 8172 2939 8766 8767 
8351 8767 8766 2761 7515 
8352 8731 8767 7515 2062 
8353 1602 8351 8769 8073 
8354 8351 2920 8768 8769 
8355 8769 8768 2051 7069 
8356 8073 8769 7069 2877 
8357 1497 6367 8771 6305 
8358 6367 2352 8715 8771 
8359 8771 8715 3041 8770 
8360 6305 8771 8770 1760 
8361 1775 8772 8774 8773 
8362 8772 2975 8493 8774 
8363 8774 8493 1621 5712 
8364 8773 8774 5712 1623 
8365 1906 7304 8776 8212 
8366 7304 1905 8775 8776 
8367 8776 8775 3232 8165 
8368 8212 8776 8165 2200 
8369 3172 8777 8780 8779 
8370 8777 3145 8778 8780 
8371 8780 8778 1289 4612 
8372 8779 8780 4612 2429 
8373 2452 8781 8783 4911 
8374 8781 3089 8782 8783 
8375 8783 8782 2455 4330 
8376 4911 8783 4330 1540 
8377 1852 6755 8785 7190 
8378 6755 2126 8784 8785 
8379 8785 8784 2970 8615 
8380 7190 8785 8615 2748 
8381 1346 5307 8786 5453 
8382 5307 2646 7833 8786 
8383 8786 7833 2981 7714 
8384 5453 8786 7714 2651 
8385 2275 8787 8788 3790 
8386 8787 2962 8439 8788 
8387 8788 8439 1939 3756 
8388 3790 8788 3756 2274 
8389 2043 7281 8789 6606 
8390 7281 2968 8113 8789 
8391 8789 8113 2046 6517 
8392 6606 8789 6517 2044 
8393 2333 3413 8793 8792 
8394 3413 1904 8790 8793 
8395 8793 8790 3096 8791 
8396 8792 8793 8791 2334 
8397 1959 4362 8795 8794 
8398 4362 2982 7399 8795 
8399 8795 7399 241 242 
8400 8794 8795 242 243 
8401 2648 8796 8798 5373 
8402 8796 2650 8797 8798 
8403 8798 8797 2987 7826 
8404 5373 8798 7826 2647 
8405 2602 5593 8799 5744 
8406 5593 2974 8255 8799 
8407 8799 8255 2880 7616 
8408 5744 8799 7616 2599 
8409 599 598 8800 4994 
8410 598 597 3487 8800 
8411 8800 3487 3009 6784 
8412 4994 8800 6784 2395 
8413 2615 4973 8802 6570 
8414 4973 2612 8801 8802 
8415 8802 8801 2614 4713 
8416 6570 8802 4713 3231 
8417 1590 3706 8803 5622 
8418 3706 2472 4256 8803 
8419 8803 4256 3070 8268 
8420 5622 8803 8268 2656 
8421 1961 8804 8805 6014 
8422 8804 2311 4012 8805 
8423 8805 4012 3021 8433 
8424 6014 8805 8433 2078 
8425 2679 8806 8808 5867 
8426 8806 3114 8807 8808 
8427 8808 8807 2960 3535 
8428 5867 8808 3535 1868 
8429 155 5489 8810 154 
8430 5489 1348 8809 8810 
8431 8810 8809 2985 7819 
8432 154 8810 7819 153 
8433 1285 7899 8812 8570 
8434 7899 26 5882 8812 
8435 8812 5882 2066 8811 
8436 8570 8812 8811 1375 
8437 2709 6650 8816 8815 
8438 6650 2111 8813 8816 
8439 8816 8813 3032 8814 
8440 8815 8816 8814 2826 
8441 2890 7002 8817 8364 
8442 7002 2394 8090 8817 
8443 8817 8090 2958 8352 
8444 8364 8817 8352 2909 
8445 1932 6950 8818 6195 
8446 6950 2738 8530 8818 
8447 8818 8530 2984 8061 
8448 6195 8818 8061 2286 
8449 1900 8454 8819 7414 
8450 8454 2967 7694 8819 
8451 8819 7694 2979 8005 
8452 7414 8819 8005 1899 
8453 3145 8777 8821 8820 
8454 8777 3172 8630 8821 
8455 8821 8630 2735 7090 
8456 8820 8821 7090 2161 
8457 1352 7913 8824 8823 
8458 7913 1476 8822 8824 
8459 8824 8822 3106 8316 
8460 8823 8824 8316 1917 
8461 18 3826 8826 4762 
8462 3826 2000 3605 8826 
8463 8826 3605 2972 8825 
8464 4762 8826 8825 1336 
8465 2918 7562 8828 8827 
8466 7562 2928 7229 8828 
8467 8828 7229 2869 7987 
8468 8827 8828 7987 1304 
8469 1503 8621 8831 8830 
8470 8621 1780 3998 8831 
8471 8831 3998 3061 8829 
8472 8830 8831 8829 1504 
8473 2432 8652 8834 5127 
8474 8652 3190 8832 8834 
8475 8834 8832 2825 8833 
8476 5127 8834 8833 1306 
8477 3143 8391 8837 3938 
8478 8391 1691 8835 8837 
8479 8837 8835 3218 8836 
8480 3938 8837 8836 2569 
8481 2528 8358 8838 4623 
8482 8358 2914 7882 8838 
8483 8838 7882 2794 8294 
8484 4623 8838 8294 2915 
8485 1789 6600 8841 8085 
8486 6600 2015 8839 8841 
8487 8841 8839 3200 8840 
8488 8085 8841 8840 2244 
8489 1752 8310 8843 8842 
8490 8310 2587 8745 8843 
8491 8843 8745 3094 5221 
8492 8842 8843 5221 1755 
8493 2053 7519 8844 5732 
8494 7519 2905 8498 8844 
8495 8844 8498 2963 8450 
8496 5732 8844 8450 2592 
8497 3089 8845 8847 8846 
8498 8845 3113 8167 8847 
8499 8847 8167 2884 8221 
8500 8846 8847 8221 2131 
8501 1403 6665 8849 8740 
8502 6665 1911 7781 8849 
8503 8849 7781 3047 8848 
8504 8740 8849 8848 2965 
8505 1353 3757 8850 8583 
8506 3757 1939 8438 8850 
8507 8850 8438 2889 8648 
8508 8583 8850 8648 1355 
8509 2545 3842 8851 5747 
8510 3842 2547 3335 8851 
8511 8851 3335 2996 6083 
8512 5747 8851 6083 2546 
8513 1281 8179 8853 7981 
8514 8179 1266 8852 8853 
8515 8853 8852 2925 3314 
8516 7981 8853 3314 1586 
8517 1921 8550 8855 6922 
8518 8550 2097 8261 8855 
8519 8855 8261 3003 8854 
8520 6922 8855 8854 2069 
8521 1585 8856 8858 7279 
8522 8856 2170 8857 8858 
8523 8858 8857 3002 8699 
8524 7279 8858 8699 2171 
8525 2813 8859 8862 8861 
8526 8859 2363 4684 8862 
8527 8862 4684 1552 8860 
8528 8861 8862 8860 3209 
8529 2024 8003 8863 6464 
8530 8003 2023 8457 8863 
8531 8863 8457 2978 8428 
8532 6464 8863 8428 2025 
8533 448 449 8864 3257 
8534 449 450 7842 8864 
8535 8864 7842 3012 4154 
8536 3257 8864 4154 1361 
8537 1925 6139 8866 6112 
8538 6139 2575 8144 8866 
8539 8866 8144 2993 8865 
8540 6112 8866 8865 2191 
8541 1953 6642 8869 8868 
8542 6642 2106 3615 8869 
8543 8869 3615 2977 8867 
8544 8868 8869 8867 2242 
8545 3076 8123 8872 3664 
8546 8123 2654 8870 8872 
8547 8872 8870 3201 8871 
8548 3664 8872 8871 2193 
8549 1847 3685 8873 5901 
8550 3685 3007 7383 8873 
8551 8873 7383 2311 8804 
8552 5901 8873 8804 1961 
8553 1328 8874 8875 8175 
8554 8874 3000 7908 8875 
8555 8875 7908 2729 5980 
8556 8175 8875 5980 1372 
8557 2074 5938 8878 8877 
8558 5938 2099 3405 8878 
8559 8878 3405 2995 8876 
8560 8877 8878 8876 2212 
8561 2300 3260 8881 3404 
8562 3260 1307 8879 8881 
8563 8881 8879 3030 8880 
8564 3404 8881 8880 2995 
8565 3194 8882 8885 8884 
8566 8882 1587 4400 8885 
8567 8885 4400 2506 8883 
8568 8884 8885 8883 3115 
8569 2471 3996 8886 3584 
8570 3996 3155 4098 8886 
8571 8886 4098 2470 8606 
8572 3584 8886 8606 2469 
8573 2192 8887 8890 8131 
8574 8887 2990 8888 8890 
8575 8890 8888 2228 8889 
8576 8131 8890 8889 2072 
8577 1304 8520 8891 8827 
8578 8520 2930 8399 8891 
8579 8891 8399 2624 8442 
8580 8827 8891 8442 2918 
8581 2865 3271 8894 7580 
8582 3271 2413 8892 8894 
8583 8894 8892 3216 8893 
8584 7580 8894 8893 1673 
8585 3090 8366 8896 3871 
8586 8366 2343 4082 8896 
8587 8896 4082 3196 8895 
8588 3871 8896 8895 1970 
8589 2363 8859 8899 4933 
8590 8859 2813 8897 8899 
8591 8899 8897 3151 8898 
8592 4933 8899 8898 1428 
8593 1835 3588 8902 8727 
8594 3588 2481 8900 8902 
8595 8902 8900 3225 8901 
8596 8727 8902 8901 2942 
8597 1957 3885 8904 8903 
8598 3885 3004 7885 8904 
8599 8904 7885 280 281 
8600 8903 8904 281 282 
8601 2710 6192 8905 6535 
8602 6192 2226 8047 8905 
8603 8905 8047 2986 8285 
8604 6535 8905 8285 2740 
8605 2059 7020 8908 8907 
8606 7020 2179 8906 8908 
8607 8908 8906 3151 8897 
8608 8907 8908 8897 2813 
8609 1336 8825 8909 8128 
8610 8825 2972 3604 8909 
8611 8909 3604 2835 7647 
8612 8128 8909 7647 1358 
8613 24 3872 8911 4028 
8614 3872 1970 8910 8911 
8615 8911 8910 3000 8874 
8616 4028 8911 8874 1328 
8617 2509 4907 8913 6966 
8618 4907 2510 7195 8913 
8619 8913 7195 3150 8912 
8620 6966 8913 8912 2511 
8621 1283 7735 8915 8184 
8622 7735 1566 3359 8915 
8623 8915 3359 2923 8914 
8624 8184 8915 8914 1268 
8625 2158 6633 8917 6834 
8626 6633 2829 8916 8917 
8627 8917 8916 3177 3816 
8628 6834 8917 3816 2186 
8629 3050 8198 8919 7780 
8630 8198 2295 5848 8919 
8631 8919 5848 2294 8918 
8632 7780 8919 8918 3047 
8633 21 621 8920 8517 
8634 621 620 7602 8920 
8635 8920 7602 1247 7953 
8636 8517 8920 7953 2994 
8637 233 4936 8923 4683 
8638 4936 2364 8921 8923 
8639 8923 8921 3205 8922 
8640 4683 8923 8922 1552 
8641 2238 3763 8925 5833 
8642 3763 2834 4512 8925 
8643 8925 4512 2988 8924 
8644 5833 8925 8924 2239 
8645 1532 4425 8927 7799 
8646 4425 2314 8926 8927 
8647 8927 8926 3183 7374 
8648 7799 8927 7374 2365 
8649 1988 8928 8929 7978 
8650 8928 3129 7017 8929 
8651 8929 7017 2317 8528 
8652 7978 8929 8528 2919 
8653 627 626 8931 7103 
8654 626 625 7537 8931 
8655 8931 7537 3228 8930 
8656 7103 8931 8930 2989 
8657 1758 6530 8932 7331 
8658 6530 2013 7950 8932 
8659 8932 7950 2992 8645 
8660 7331 8932 8645 2753 
8661 2250 8933 8935 8479 
8662 8933 3134 8934 8935 
8663 8935 8934 1676 4788 
8664 8479 8935 4788 2362 
8665 2313 7729 8937 4424 
8666 7729 2699 8394 8937 
8667 8937 8394 2896 8936 
8668 4424 8937 8936 2314 
8669 346 4988 8940 4720 
8670 4988 2397 8938 8940 
8671 8940 8938 3184 8939 
8672 4720 8940 8939 1853 
8673 1308 8238 8942 8462 
8674 8238 2921 8941 8942 
8675 8942 8941 2969 8716 
8676 8462 8942 8716 2332 
8677 1855 8943 8945 5473 
8678 8943 1856 8944 8945 
8679 8945 8944 3013 8252 
8680 5473 8945 8252 1848 
8681 1255 8067 8946 3969 
8682 8067 2901 7130 8946 
8683 8946 7130 2231 8690 
8684 3969 8946 8690 3180 
8685 2059 8907 8948 7213 
8686 8907 2813 8861 8948 
8687 8948 8861 3209 8947 
8688 7213 8948 8947 2169 
8689 2121 7725 8949 8429 
8690 7725 2997 5564 8949 
8691 8949 5564 2280 6686 
8692 8429 8949 6686 2119 
8693 1854 6008 8950 8138 
8694 6008 1993 4412 8950 
8695 8950 4412 3056 8387 
8696 8138 8950 8387 2864 
8697 2108 7984 8951 8473 
8698 7984 2150 3278 8951 
8699 8951 3278 3001 8721 
8700 8473 8951 8721 2149 
8701 1305 8539 8952 7962 
8702 8539 2932 7231 8952 
8703 8952 7231 2629 8361 
8704 7962 8952 8361 2912 
8705 2695 8953 8956 6317 
8706 8953 3018 8954 8956 
8707 8956 8954 2460 8955 
8708 6317 8956 8955 3138 
8709 571 5024 8957 572 
8710 5024 2433 8750 8957 
8711 8957 8750 3085 3626 
8712 572 8957 3626 573 
8713 2922 7483 8959 8958 
8714 7483 2934 8397 8959 
8715 8959 8397 2916 8421 
8716 8958 8959 8421 1302 
8717 3109 8960 8962 8961 
8718 8960 3074 5541 8962 
8719 8962 5541 2205 5972 
8720 8961 8962 5972 2206 
8721 2004 3245 8966 8965 
8722 3245 2292 8963 8966 
8723 8966 8963 3119 8964 
8724 8965 8966 8964 2293 
8725 2111 8253 8969 8813 
8726 8253 3013 8967 8969 
8727 8969 8967 2170 8968 
8728 8813 8969 8968 3032 
8729 2227 8970 8972 7713 
8730 8970 3130 8971 8972 
8731 8972 8971 1581 5273 
8732 7713 8972 5273 2652 
8733 2076 7568 8973 8373 
8734 7568 2761 8766 8973 
8735 8973 8766 2939 8039 
8736 8373 8973 8039 2957 
8737 1744 6728 8974 7310 
8738 6728 2723 7193 8974 
8739 8974 7193 2512 3945 
8740 7310 8974 3945 3100 
8741 3037 7830 8977 8976 
8742 7830 1384 8975 8977 
8743 8977 8975 3102 8669 
8744 8976 8977 8669 3008 
8745 2905 7518 8978 8499 
8746 7518 2971 7838 8978 
8747 8978 7838 2949 8655 
8748 8499 8978 8655 1301 
8749 1307 4673 8979 8879 
8750 4673 149 150 8979 
8751 8979 150 151 7818 
8752 8879 8979 7818 3030 
8753 2038 8440 8980 6238 
8754 8440 2962 8787 8980 
8755 8980 8787 2275 4018 
8756 6238 8980 4018 3068 
8757 3068 4017 8982 6239 
8758 4017 3153 8981 8982 
8759 8982 8981 2383 3484 
8760 6239 8982 3484 2384 
8761 3167 8983 8985 8984 
8762 8983 3153 4016 8985 
8763 8985 4016 1601 5125 
8764 8984 8985 5125 2526 
8765 1645 3391 8986 8313 
8766 3391 3006 3427 8986 
8767 8986 3427 1539 7688 
8768 8313 8986 7688 1461 
8769 2116 4368 8987 4890 
8770 4368 2115 8761 8987 
8771 8987 8761 3014 8597 
8772 4890 8987 8597 2117 
8773 1279 8623 8989 7657 
8774 8623 1432 8988 8989 
8775 8989 8988 2100 5238 
8776 7657 8989 5238 17 
8777 1741 7319 8992 6836 
8778 7319 2764 8990 8992 
8779 8992 8990 3156 8991 
8780 6836 8992 8991 2017 
8781 2072 8889 8994 6751 
8782 8889 2228 8993 8994 
8783 8994 8993 3008 8668 
8784 6751 8994 8668 2114 
8785 2672 5595 8997 5703 
8786 5595 2940 8995 8997 
8787 8997 8995 3139 8996 
8788 5703 8997 8996 2673 
8789 1884 7906 9000 7184 
8790 7906 2799 8998 9000 
8791 9000 8998 2966 8999 
8792 7184 9000 8999 2175 
8793 2530 6482 9001 4481 
8794 6482 3019 4139 9001 
8795 9001 4139 2703 3892 
8796 4481 9001 3892 1965 
8797 2303 4266 9003 7850 
8798 4266 2944 8593 9003 
8799 9003 8593 1564 9002 
8800 7850 9003 9002 2931 
8801 1352 8823 9005 8217 
8802 8823 1917 8315 9005 
8803 9005 8315 3011 9004 
8804 8217 9005 9004 2823 
8805 1969 5685 9006 5845 
8806 5685 2245 8705 9006 
8807 9006 8705 3050 7782 
8808 5845 9006 7782 2400 
8809 2460 8954 9008 7836 
8810 8954 3018 9007 9008 
8811 9008 9007 2853 8059 
8812 7836 9008 8059 1843 
8813 1703 6429 9009 6504 
8814 6429 2739 8578 9009 
8815 9009 8578 3021 4011 
8816 6504 9009 4011 1705 
8817 358 359 9011 9010 
8818 359 360 8008 9011 
8819 9011 8008 3036 7692 
8820 9010 9011 7692 1790 
8821 3074 8960 9014 9013 
8822 8960 3109 9012 9014 
8823 9014 9012 2659 5529 
8824 9013 9014 5529 2658 
8825 511 512 9017 7655 
8826 512 513 9015 9017 
8827 9017 9015 3212 9016 
8828 7655 9017 9016 2952 
8829 2159 5943 9020 9019 
8830 5943 3087 9018 9020 
8831 9020 9018 1760 8770 
8832 9019 9020 8770 3041 
8833 1943 9021 9023 5995 
8834 9021 3201 9022 9023 
8835 9023 9022 3038 4206 
8836 5995 9023 4206 2112 
8837 3164 9024 9027 9026 
8838 9024 3175 9025 9027 
8839 9027 9025 1786 7453 
8840 9026 9027 7453 2750 
8841 2790 7999 9030 7259 
8842 7999 2819 9028 9030 
8843 9030 9028 3119 9029 
8844 7259 9030 9029 2174 
8845 3134 4666 9031 8934 
8846 4666 3187 7040 9031 
8847 9031 7040 2415 5034 
8848 8934 9031 5034 1676 
8849 2970 8784 9033 4110 
8850 8784 2126 6754 9033 
8851 9033 6754 2255 9032 
8852 4110 9033 9032 3015 
8853 91 8330 9035 90 
8854 8330 2837 9034 9035 
8855 9035 9034 3107 8291 
8856 90 9035 8291 89 
8857 1713 6893 9036 7631 
8858 6893 3027 7291 9036 
8859 9036 7291 266 267 
8860 7631 9036 267 268 
8861 1248 9037 9039 7857 
8862 9037 3022 9038 9039 
8863 9039 9038 1259 7702 
8864 7857 9039 7702 1250 
8865 3212 5402 9042 9016 
8866 5402 2337 9040 9042 
8867 9042 9040 3213 9041 
8868 9016 9042 9041 2952 
8869 1779 4976 9045 9044 
8870 4976 189 190 9045 
8871 9045 190 191 9043 
8872 9044 9045 9043 3062 
8873 2612 8289 9047 8801 
8874 8289 2613 9046 9047 
8875 9047 9046 3028 4631 
8876 8801 9047 4631 2614 
8877 2613 3741 9048 9046 
8878 3741 328 329 9048 
8879 9048 329 330 7935 
8880 9046 9048 7935 3028 
8881 2990 9049 9052 9051 
8882 9049 3112 9050 9052 
8883 9052 9050 2430 4977 
8884 9051 9052 4977 1779 
8885 2992 7949 9054 8646 
8886 7949 3029 9053 9054 
8887 9054 9053 2369 5615 
8888 8646 9054 5615 2449 
8889 2823 9004 9055 8223 
8890 9004 3011 4881 9055 
8891 9055 4881 2485 5872 
8892 8223 9055 5872 2779 
8893 1302 8636 9056 8958 
8894 8636 2946 7840 9056 
8895 9056 7840 2620 8490 
8896 8958 9056 8490 2922 
8897 1585 6337 9058 8856 
8898 6337 1861 9057 9058 
8899 9058 9057 3032 8968 
8900 8856 9058 8968 2170 
8901 2695 7038 9059 8953 
8902 7038 2763 7956 9059 
8903 9059 7956 2853 9007 
8904 8953 9059 9007 3018 
8905 2270 9060 9062 7378 
8906 9060 3185 9061 9062 
8907 9062 9061 350 351 
8908 7378 9062 351 352 
8909 2891 8567 9063 8337 
8910 8567 2947 8448 9063 
8911 9063 8448 2955 8693 
8912 8337 9063 8693 1303 
8913 2953 8753 9065 4090 
8914 8753 1701 9064 9065 
8915 9065 9064 3223 7815 
8916 4090 9065 7815 2427 
8917 2388 9066 9067 5729 
8918 9066 3175 9024 9067 
8919 9067 9024 3164 8111 
8920 5729 9067 8111 2389 
8921 2902 8702 9068 8326 
8922 8702 3031 8244 9068 
8923 9068 8244 587 588 
8924 8326 9068 588 589 
8925 2797 7757 9072 9071 
8926 7757 1591 9069 9072 
8927 9072 9069 2917 9070 
8928 9071 9072 9070 3152 
8929 2787 8735 9073 8730 
8930 8735 2931 9002 9073 
8931 9073 9002 1564 8173 
8932 8730 9073 8173 2936 
8933 2990 8887 9074 9049 
8934 8887 2192 8512 9074 
8935 9074 8512 2929 7410 
8936 9049 9074 7410 3112 
8937 2636 5451 9077 9076 
8938 5451 1581 8971 9077 
8939 9077 8971 3130 9075 
8940 9076 9077 9075 3122 
8941 3136 4800 9079 8546 
8942 4800 2173 7816 9079 
8943 9079 7816 3223 9078 
8944 8546 9079 9078 2778 
8945 1860 6822 9080 5919 
8946 6822 2107 8474 9080 
8947 9080 8474 3023 3907 
8948 5919 9080 3907 2109 
8949 2209 7152 9082 5303 
8950 7152 2908 9081 9082 
8951 9082 9081 3156 4151 
8952 5303 9082 4151 2522 
8953 2113 8023 9084 3729 
8954 8023 1953 8868 9084 
8955 9084 8868 2242 9083 
8956 3729 9084 9083 3016 
8957 1933 9085 9087 5162 
8958 9085 2999 9086 9087 
8959 9087 9086 2887 7893 
8960 5162 9087 7893 2529 
8961 1348 5490 9090 9089 
8962 5490 2636 9076 9090 
8963 9090 9076 3122 9088 
8964 9089 9090 9088 3072 
8965 2645 5322 9092 5372 
8966 5322 2653 4420 9092 
8967 9092 4420 3088 9091 
8968 5372 9092 9091 2648 
8969 1972 5784 9095 5942 
8970 5784 2701 9093 9095 
8971 9095 9093 3171 9094 
8972 5942 9095 9094 3087 
8973 3103 3759 9096 3522 
8974 3759 1791 5758 9096 
8975 9096 5758 1692 8097 
8976 3522 9096 8097 3040 
8977 1262 4326 9097 8178 
8978 4326 1261 5181 9097 
8979 9097 5181 2925 8852 
8980 8178 9097 8852 1266 
8981 2447 4656 9100 9099 
8982 4656 1306 8833 9100 
8983 9100 8833 2825 9098 
8984 9099 9100 9098 3098 
8985 2003 9101 9102 3243 
8986 9101 3152 9070 9102 
8987 9102 9070 2917 8370 
8988 3243 9102 8370 2291 
8989 2431 8347 9104 3630 
8990 8347 3181 9103 9104 
8991 9104 9103 2945 8149 
8992 3630 9104 8149 1770 
8993 1273 8247 9107 9106 
8994 8247 456 457 9107 
8995 9107 457 458 9105 
8996 9106 9107 9105 3086 
8997 348 349 9109 4989 
8998 349 350 9061 9109 
8999 9109 9061 3185 9108 
9000 4989 9109 9108 1337 
9001 1326 5551 9111 9110 
9002 5551 719 718 9111 
9003 9111 718 717 8725 
9004 9110 9111 8725 3043 
9005 2858 7493 9113 8020 
9006 7493 3042 9112 9113 
9007 9113 9112 2691 6817 
9008 8020 9113 6817 1728 
9009 1256 7370 9114 4819 
9010 7370 3020 8411 9114 
9011 9114 8411 2084 6698 
9012 4819 9114 6698 2757 
9013 1353 4924 9116 3754 
9014 4924 16 507 9116 
9015 9116 507 508 9115 
9016 3754 9116 9115 2178 
9017 2883 9117 9119 8355 
9018 9117 2903 9118 9119 
9019 9119 9118 3024 8277 
9020 8355 9119 8277 1706 
9021 2552 3669 9121 7363 
9022 3669 3210 9120 9121 
9023 9121 9120 2040 3429 
9024 7363 9121 3429 2838 
9025 1813 7917 9122 7598 
9026 7917 2040 9120 9122 
9027 9122 9120 3210 3668 
9028 7598 9122 3668 1747 
9029 1256 4818 9123 4573 
9030 4818 3051 7630 9123 
9031 9123 7630 270 271 
9032 4573 9123 271 272 
9033 3046 9124 9125 8188 
9034 9124 2017 8991 9125 
9035 9125 8991 3156 9081 
9036 8188 9125 9081 2908 
9037 2940 8564 9127 8995 
9038 8564 2377 5579 9127 
9039 9127 5579 2375 9126 
9040 8995 9127 9126 3139 
9041 1271 7640 9129 8676 
9042 7640 1259 9038 9129 
9043 9129 9038 3022 9128 
9044 8676 9129 9128 2881 
9045 2566 3939 9131 5740 
9046 3939 2569 9130 9131 
9047 9131 9130 3060 8056 
9048 5740 9131 8056 2424 
9049 1588 8560 9133 7455 
9050 8560 2954 8589 9133 
9051 9133 8589 3017 9132 
9052 7455 9133 9132 2758 
9053 2081 7887 9134 6571 
9054 7887 2008 6200 9134 
9055 9134 6200 1929 8483 
9056 6571 9134 8483 3034 
9057 1309 8227 9136 4935 
9058 8227 2873 9135 9136 
9059 9136 9135 3205 8921 
9060 4935 9136 8921 2364 
9061 3167 9137 9140 9139 
9062 9137 3157 9138 9140 
9063 9140 9138 2414 6130 
9064 9139 9140 6130 2382 
9065 2800 8485 9141 7605 
9066 8485 2887 9086 9141 
9067 9141 9086 2999 8263 
9068 7605 9141 8263 2098 
9069 3084 6243 9144 9143 
9070 6243 3010 9142 9144 
9071 9144 9142 2827 7890 
9072 9143 9144 7890 2736 
9073 2494 5249 9146 4068 
9074 5249 2125 8159 9146 
9075 9146 8159 3049 9145 
9076 4068 9146 9145 2495 
9077 3133 7155 9148 8541 
9078 7155 3202 9147 9148 
9079 9148 9147 2448 4724 
9080 8541 9148 4724 1274 
9081 1973 5436 9150 4524 
9082 5436 2230 8093 9150 
9083 9150 8093 3208 9149 
9084 4524 9150 9149 2417 
9085 2101 6848 9153 8588 
9086 6848 2219 9151 9153 
9087 9153 9151 3193 9152 
9088 8588 9153 9152 3017 
9089 3019 6483 9156 4140 
9090 6483 2956 9154 9156 
9091 9156 9154 3144 9155 
9092 4140 9156 9155 2268 
9093 1996 6073 9158 4546 
9094 6073 2244 8840 9158 
9095 9158 8840 3200 9157 
9096 4546 9158 9157 2351 
9097 1855 7979 9159 8943 
9098 7979 2919 8527 9159 
9099 9159 8527 3101 5183 
9100 8943 9159 5183 1856 
9101 2549 3638 9161 3979 
9102 3638 1580 8574 9161 
9103 9161 8574 3095 9160 
9104 3979 9161 9160 2550 
9105 107 9162 9164 106 
9106 9162 1299 9163 9164 
9107 9164 9163 3120 8659 
9108 106 9164 8659 105 
9109 3131 8423 9166 8481 
9110 8423 2511 8912 9166 
9111 9166 8912 3150 9165 
9112 8481 9166 9165 2817 
9113 1974 8213 9167 3820 
9114 8213 2871 4663 9167 
9115 9167 4663 3134 8933 
9116 3820 9167 8933 2250 
9117 1264 6857 9169 3396 
9118 6857 1268 8914 9169 
9119 9169 8914 2923 9168 
9120 3396 9169 9168 1263 
9121 2002 6818 9172 6143 
9122 6818 2691 9170 9172 
9123 9172 9170 3053 9171 
9124 6143 9172 9171 1981 
9125 2429 5118 9174 8779 
9126 5118 1548 9173 9174 
9127 9174 9173 3207 8628 
9128 8779 9174 8628 3172 
9129 747 746 9176 4837 
9130 746 1 745 9176 
9131 9176 745 744 9175 
9132 4837 9176 9175 3176 
9133 2045 4496 9177 5507 
9134 4496 2473 5776 9177 
9135 9177 5776 3158 8283 
9136 5507 9177 8283 2183 
9137 2204 9178 9181 9180 
9138 9178 2185 9179 9181 
9139 9181 9179 3211 6207 
9140 9180 9181 6207 2263 
9141 3157 9137 9183 9182 
9142 9137 3167 8984 9183 
9143 9183 8984 2526 5610 
9144 9182 9183 5610 1310 
9145 2741 4039 9184 6242 
9146 4039 1500 8070 9184 
9147 9184 8070 2827 9142 
9148 6242 9184 9142 3010 
9149 3173 9185 9186 4802 
9150 9185 2293 8964 9186 
9151 9186 8964 3119 9028 
9152 4802 9186 9028 2819 
9153 1752 8842 9187 5822 
9154 8842 1755 5220 9187 
9155 9187 5220 3069 8095 
9156 5822 9187 8095 1754 
9157 2660 5552 9190 8260 
9158 5552 1326 9188 9190 
9159 9190 9188 3160 9189 
9160 8260 9190 9189 3003 
9161 2980 5540 9191 3466 
9162 5540 3074 9013 9191 
9163 9191 9013 2658 5543 
9164 3466 9191 5543 1341 
9165 2674 9192 9193 3248 
9166 9192 3171 9093 9193 
9167 9193 9093 2701 5725 
9168 3248 9193 5725 2187 
9169 1368 9194 9195 4865 
9170 9194 3091 8009 9195 
9171 9195 8009 362 363 
9172 4865 9195 363 364 
9173 2999 9085 9196 8264 
9174 9085 1933 6837 9196 
9175 9196 6837 2017 9124 
9176 8264 9196 9124 3046 
9177 3089 8781 9197 8845 
9178 8781 2452 5122 9197 
9179 9197 5122 1350 8168 
9180 8845 9197 8168 3113 
9181 1820 7554 9198 6660 
9182 7554 2797 9071 9198 
9183 9198 9071 3152 9101 
9184 6660 9198 9101 2003 
9185 3053 6409 9199 9171 
9186 6409 3065 8426 9199 
9187 9199 8426 1936 6124 
9188 9171 9199 6124 1981 
9189 2653 5321 9200 4421 
9190 5321 2643 5448 9200 
9191 9200 5448 1344 3283 
9192 4421 9200 3283 3078 
9193 197 9201 9203 196 
9194 9201 3093 9202 9203 
9195 9203 9202 1384 7829 
9196 196 9203 7829 195 
9197 2329 4208 9204 5188 
9198 4208 2446 5184 9204 
9199 9204 5184 3101 8526 
9200 5188 9204 8526 2318 
9201 2519 3546 9206 9205 
9202 3546 2204 9180 9206 
9203 9206 9180 2263 6134 
9204 9205 9206 6134 3166 
9205 480 481 9208 7787 
9206 481 482 8300 9208 
9207 9208 8300 3110 9207 
9208 7787 9208 9207 2857 
9209 1292 7966 9209 3663 
9210 7966 113 114 9209 
9211 9209 114 115 8124 
9212 3663 9209 8124 3076 
9213 1671 9210 9213 6975 
9214 9210 3216 9211 9213 
9215 9213 9211 3108 9212 
9216 6975 9213 9212 1776 
9217 2142 5754 9216 7870 
9218 5754 3075 9214 9216 
9219 9216 9214 2607 9215 
9220 7870 9216 9215 3025 
9221 1579 5089 9217 5092 
9222 5089 2419 8708 9217 
9223 9217 8708 3117 7667 
9224 5092 9217 7667 2418 
9225 2006 3620 9219 5889 
9226 3620 3058 9218 9219 
9227 9219 9218 2131 8220 
9228 5889 9219 8220 1935 
9229 2607 7508 9221 9215 
9230 7508 2051 8768 9221 
9231 9221 8768 2920 9220 
9232 9215 9221 9220 3025 
9233 725 5462 9222 726 
9234 5462 2830 8738 9222 
9235 9222 8738 3044 3695 
9236 726 9222 3695 727 
9237 2185 9178 9223 6832 
9238 9178 2204 3545 9223 
9239 9223 3545 3073 8452 
9240 6832 9223 8452 2157 
9241 1412 7743 9226 7756 
9242 7743 2788 9224 9226 
9243 9226 9224 3219 9225 
9244 7756 9226 9225 1591 
9245 2281 6760 9229 8543 
9246 6760 3099 9227 9229 
9247 9229 9227 2089 9228 
9248 8543 9229 9228 3064 
9249 1285 8569 9230 7900 
9250 8569 2965 8848 9230 
9251 9230 8848 3047 8918 
9252 7900 9230 8918 2294 
9253 2843 9231 9232 8613 
9254 9231 3198 8228 9232 
9255 9232 8228 1309 4608 
9256 8613 9232 4608 2398 
9257 2480 4302 9233 5275 
9258 4302 2482 8712 9233 
9259 9233 8712 3225 8900 
9260 5275 9233 8900 2481 
9261 2283 8409 9236 9235 
9262 8409 1381 5230 9236 
9263 9236 5230 2517 9234 
9264 9235 9236 9234 3197 
9265 2212 9237 9239 8877 
9266 9237 3072 9238 9239 
9267 9239 9238 2689 6310 
9268 8877 9239 6310 2074 
9269 3032 9057 9241 9240 
9270 9057 1861 7240 9241 
9271 9241 7240 2711 5212 
9272 9240 9241 5212 3059 
9273 2518 7778 9242 4794 
9274 7778 2519 9205 9242 
9275 9242 9205 3166 6133 
9276 4794 9242 6133 1356 
9277 1727 5623 9243 5586 
9278 5623 2656 8267 9243 
9279 9243 8267 3079 8308 
9280 5586 9243 8308 1751 
9281 1994 8748 9245 7115 
9282 8748 2943 9244 9245 
9283 9245 9244 3115 8883 
9284 7115 9245 8883 2506 
9285 623 3397 9247 7535 
9286 3397 1263 9168 9247 
9287 9247 9168 2923 9246 
9288 7535 9247 9246 2886 
9289 2128 4323 9248 4439 
9290 4323 2127 6475 9248 
9291 9248 6475 3048 3810 
9292 4439 9248 3810 2188 
9293 3112 7412 9250 9050 
9294 7412 3163 9249 9250 
9295 9250 9249 1287 5106 
9296 9050 9250 5106 2430 
9297 2243 6513 9252 4161 
9298 6513 2118 7223 9252 
9299 9252 7223 2276 9251 
9300 4161 9252 9251 3123 
9301 1400 8204 9254 9253 
9302 8204 1375 8811 9254 
9303 9254 8811 2066 8737 
9304 9253 9254 8737 3055 
9305 3115 9255 9257 8884 
9306 9255 2262 9256 9257 
9307 9257 9256 2948 8586 
9308 8884 9257 8586 3194 
9309 243 244 9259 8794 
9310 244 245 8663 9259 
9311 9259 8663 3128 9258 
9312 8794 9259 9258 1959 
9313 3163 4119 9260 9249 
9314 4119 3174 7754 9260 
9315 9260 7754 2438 4653 
9316 9249 9260 4653 1287 
9317 2910 7394 9262 8552 
9318 7394 3054 9261 9262 
9319 9262 9261 1479 8075 
9320 8552 9262 8075 1874 
9321 2336 4770 9263 5401 
9322 4770 2335 8759 9263 
9323 9263 8759 3213 9040 
9324 5401 9263 9040 2337 
9325 2460 4593 9265 8955 
9326 4593 2417 9149 9265 
9327 9265 9149 3208 9264 
9328 8955 9265 9264 3138 
9329 1505 8477 9266 7607 
9330 8477 1504 8829 9266 
9331 9266 8829 3061 8524 
9332 7607 9266 8524 1506 
9333 2060 6432 9267 5532 
9334 6432 2457 7442 9267 
9335 9267 7442 3199 3699 
9336 5532 9267 3699 2214 
9337 2276 7843 9268 9251 
9338 7843 452 453 9268 
9339 9268 453 454 8248 
9340 9251 9268 8248 3123 
9341 2388 4643 9270 9066 
9342 4643 2387 3817 9270 
9343 9270 3817 3177 9269 
9344 9066 9270 9269 3175 
9345 2223 5976 9271 6646 
9346 5976 2222 8431 9271 
9347 9271 8431 3094 8744 
9348 6646 9271 8744 2224 
9349 3093 9201 9272 8555 
9350 9201 197 198 9272 
9351 9272 198 199 8028 
9352 8555 9272 8028 3105 
9353 109 9273 9275 108 
9354 9273 3137 9274 9275 
9355 9275 9274 1299 9162 
9356 108 9275 9162 107 
9357 3049 8158 9277 9276 
9358 8158 3080 8232 9277 
9359 9277 8232 2685 6308 
9360 9276 9277 6308 1345 
9361 303 5011 9278 302 
9362 5011 1587 8882 9278 
9363 9278 8882 3194 8585 
9364 302 9278 8585 301 
9365 1402 7937 9279 7823 
9366 7937 1400 9253 9279 
9367 9279 9253 3055 8549 
9368 7823 9279 8549 1771 
9369 1345 8245 9280 9276 
9370 8245 3031 8701 9280 
9371 9280 8701 2495 9145 
9372 9276 9280 9145 3049 
9373 282 283 9282 8903 
9374 283 284 8292 9282 
9375 9282 8292 3107 9281 
9376 8903 9282 9281 1957 
9377 250 5513 9284 249 
9378 5513 1958 9283 9284 
9379 9284 9283 3110 8299 
9380 249 9284 8299 248 
9381 321 322 9285 5516 
9382 322 323 8302 9285 
9383 9285 8302 3111 8288 
9384 5516 9285 8288 1960 
9385 2607 9214 9287 6323 
9386 9214 3075 3829 9287 
9387 9287 3829 3126 9286 
9388 6323 9287 9286 1509 
9389 1275 8001 9288 4503 
9390 8001 3118 8271 9288 
9391 9288 8271 430 431 
9392 4503 9288 431 432 
9393 3137 9273 9289 8339 
9394 9273 109 110 9289 
9395 9289 110 111 7968 
9396 8339 9289 7968 3116 
9397 2004 8965 9291 6352 
9398 8965 2293 9185 9291 
9399 9291 9185 3173 9290 
9400 6352 9291 9290 2728 
9401 3202 6647 9292 9147 
9402 6647 3229 3306 9292 
9403 9292 3306 1565 5043 
9404 9147 9292 5043 2448 
9405 762 761 9294 8104 
9406 761 28 4328 9294 
9407 9294 4328 3024 9293 
9408 8104 9294 9293 2725 
9409 2193 9295 9296 3665 
9410 9295 2154 5130 9296 
9411 9296 5130 2156 8604 
9412 3665 9296 8604 3104 
9413 1479 9261 9297 8384 
9414 9261 3054 6908 9297 
9415 9297 6908 2100 8988 
9416 8384 9297 8988 1432 
9417 1428 8898 9299 5923 
9418 8898 3151 9298 9299 
9419 9299 9298 2181 7107 
9420 5923 9299 7107 2895 
9421 1563 4676 9300 6209 
9422 4676 139 140 9300 
9423 9300 140 141 7795 
9424 6209 9300 7795 3127 
9425 2032 7610 9302 6640 
9426 7610 2031 8142 9302 
9427 9302 8142 3124 9301 
9428 6640 9302 9301 2033 
9429 2207 3446 9304 6153 
9430 3446 2266 9303 9304 
9431 9304 9303 3144 9154 
9432 6153 9304 9154 2956 
9433 2958 5039 9305 8353 
9434 5039 2151 7871 9305 
9435 9305 7871 3025 9220 
9436 8353 9305 9220 2920 
9437 3146 9306 9309 9308 
9438 9306 1785 7767 9309 
9439 9309 7767 2899 9307 
9440 9308 9309 9307 3082 
9441 2239 8924 9310 7255 
9442 8924 2988 7764 9310 
9443 9310 7764 1252 3794 
9444 7255 9310 3794 2289 
9445 2257 8371 9311 3880 
9446 8371 2917 9069 9311 
9447 9311 9069 1591 9225 
9448 3880 9311 9225 3219 
9449 3043 3495 9312 9110 
9450 3495 2635 5376 9312 
9451 9312 5376 3160 9188 
9452 9110 9312 9188 1326 
9453 1514 3746 9314 7769 
9454 3746 2351 9157 9314 
9455 9314 9157 3200 9313 
9456 7769 9314 9313 2795 
9457 1475 8677 9316 7976 
9458 8677 2881 9315 9316 
9459 9316 9315 3057 4100 
9460 7976 9316 4100 2811 
9461 3122 9317 9318 9088 
9462 9317 2139 6231 9318 
9463 9318 6231 2689 9238 
9464 9088 9318 9238 3072 
9465 2174 9029 9319 5877 
9466 9029 3119 8963 9319 
9467 9319 8963 2292 4240 
9468 5877 9319 4240 2704 
9469 193 7831 9321 192 
9470 7831 3037 9320 9321 
9471 9321 9320 3062 9043 
9472 192 9321 9043 191 
9473 1362 8687 9323 7636 
9474 8687 3045 7854 9323 
9475 9323 7854 3097 9322 
9476 7636 9323 9322 1390 
9477 1889 5996 9324 6041 
9478 5996 2112 4205 9324 
9479 9324 4205 3114 8806 
9480 6041 9324 8806 2679 
9481 2139 9317 9326 5969 
9482 9317 3122 9075 9326 
9483 9326 9075 3130 9325 
9484 5969 9326 9325 2225 
9485 1489 4929 9328 7771 
9486 4929 1490 8297 9328 
9487 9328 8297 3140 9327 
9488 7771 9328 9327 1514 
9489 426 427 9330 3981 
9490 427 428 8270 9330 
9491 9330 8270 3159 9329 
9492 3981 9330 9329 1338 
9493 2896 4192 9332 8936 
9494 4192 1870 9331 9332 
9495 9332 9331 3183 8926 
9496 8936 9332 8926 2314 
9497 2355 4938 9333 4804 
9498 4938 1560 6178 9333 
9499 9333 6178 2728 9290 
9500 4804 9333 9290 3173 
9501 2226 5970 9334 8048 
9502 5970 2225 9325 9334 
9503 9334 9325 3130 8970 
9504 8048 9334 8970 2227 
9505 2718 6745 9336 8081 
9506 6745 2092 9335 9336 
9507 9336 9335 3190 8651 
9508 8081 9336 8651 2941 
9509 2341 6410 9337 7991 
9510 6410 3053 9170 9337 
9511 9337 9170 2691 9112 
9512 7991 9337 9112 3042 
9513 2288 3886 9338 8318 
9514 3886 1957 9281 9338 
9515 9338 9281 3107 9034 
9516 8318 9338 9034 2837 
9517 1325 4625 9339 4093 
9518 4625 223 224 9339 
9519 9339 224 225 8764 
9520 4093 9339 8764 3195 
9521 2639 5361 9340 4219 
9522 5361 2640 3919 9340 
9523 9340 3919 3191 8742 
9524 4219 9340 8742 2567 
9525 2375 3298 9341 9126 
9526 3298 1295 5770 9341 
9527 9341 5770 2673 8996 
9528 9126 9341 8996 3139 
9529 1790 6555 9342 9010 
9530 6555 3230 7809 9342 
9531 9342 7809 356 357 
9532 9010 9342 357 358 
9533 2073 3261 9344 9343 
9534 3261 2300 3403 9344 
9535 9344 3403 3136 8545 
9536 9343 9344 8545 1941 
9537 1503 8830 9345 7975 
9538 8830 1504 8476 9345 
9539 9345 8476 3106 8822 
9540 7975 9345 8822 1476 
9541 1711 4311 9346 5008 
9542 4311 3204 8030 9346 
9543 9346 8030 406 407 
9544 5008 9346 407 408 
9545 1695 5608 9347 8600 
9546 5608 1693 8392 9347 
9547 9347 8392 3143 3937 
9548 8600 9347 3937 1774 
9549 3057 9348 9350 4097 
9550 9348 3081 9349 9350 
9551 9350 9349 2998 8607 
9552 4097 9350 8607 2470 
9553 1391 5750 9351 7361 
9554 5750 1390 9322 9351 
9555 9351 9322 3097 8619 
9556 7361 9351 8619 1434 
9557 2450 8533 9352 8680 
9558 8533 2725 9293 9352 
9559 9352 9293 3024 9118 
9560 8680 9352 9118 2903 
9561 2202 3774 9353 7198 
9562 3774 3084 9143 9353 
9563 9353 9143 2736 7053 
9564 7198 9353 7053 1885 
9565 2152 5920 9355 5989 
9566 5920 2153 9354 9355 
9567 9355 9354 3142 3875 
9568 5989 9355 3875 2861 
9569 2087 5311 9356 6000 
9570 5311 2844 3426 9356 
9571 9356 3426 3064 9228 
9572 6000 9356 9228 2089 
9573 3117 8707 9358 7668 
9574 8707 2199 5945 9358 
9575 9358 5945 2197 9357 
9576 7668 9358 9357 3147 
9577 1623 5663 9360 8773 
9578 5663 1625 8380 9360 
9579 9360 8380 3170 9359 
9580 8773 9360 9359 1775 
9581 1775 9361 9363 8772 
9582 9361 3039 9362 9363 
9583 9363 9362 2581 8522 
9584 8772 9363 8522 2975 
9585 3153 8983 9364 8981 
9586 8983 3167 9139 9364 
9587 9364 9139 2382 5824 
9588 8981 9364 5824 2383 
9589 1647 5635 9365 5545 
9590 5635 1648 8377 9365 
9591 9365 8377 3186 4587 
9592 5545 9365 4587 1627 
9593 2050 8042 9366 7589 
9594 8042 2924 8509 9366 
9595 9366 8509 1667 8200 
9596 7589 9366 8200 3035 
9597 1297 5403 9367 6580 
9598 5403 3212 9015 9367 
9599 9367 9015 513 514 
9600 6580 9367 514 515 
9601 1941 6715 9368 9343 
9602 6715 1871 8639 9368 
9603 9368 8639 3132 3234 
9604 9343 9368 3234 2073 
9605 3147 9357 9370 8464 
9606 9357 2197 5721 9370 
9607 9370 5721 2195 9369 
9608 8464 9370 9369 3169 
9609 3001 3281 9371 8722 
9610 3281 2857 9207 9371 
9611 9371 9207 3110 9283 
9612 8722 9371 9283 1958 
9613 1561 8305 9373 5065 
9614 8305 3224 9372 9373 
9615 9373 9372 3197 9234 
9616 5065 9373 9234 2517 
9617 2370 7200 9376 9375 
9618 7200 2369 9053 9376 
9619 9376 9053 3029 9374 
9620 9375 9376 9374 3188 
9621 699 698 9378 4487 
9622 698 3 697 9378 
9623 9378 697 696 9377 
9624 4487 9378 9377 3125 
9625 2268 9155 9379 6256 
9626 9155 3144 9303 9379 
9627 9379 9303 2266 8258 
9628 6256 9379 8258 2265 
9629 2165 7029 9381 3501 
9630 7029 2164 8674 9381 
9631 9381 8674 3135 9380 
9632 3501 9381 9380 2270 
9633 1904 8755 9382 8790 
9634 8755 1903 8087 9382 
9635 9382 8087 2124 4236 
9636 8790 9382 4236 3096 
9637 1690 6105 9383 5756 
9638 6105 1689 8468 9383 
9639 9383 8468 3218 8835 
9640 5756 9383 8835 1691 
9641 2014 6016 9385 9384 
9642 6016 2079 4596 9385 
9643 9385 4596 3098 9098 
9644 9384 9385 9098 2825 
9645 2154 9295 9386 5567 
9646 9295 2193 8871 9386 
9647 9386 8871 3201 9021 
9648 5567 9386 9021 1943 
9649 2021 6204 9388 6622 
9650 6204 2035 8536 9388 
9651 9388 8536 3179 9387 
9652 6622 9388 9387 2132 
9653 1977 6379 9390 7260 
9654 6379 2176 8697 9390 
9655 9390 8697 3189 9389 
9656 7260 9390 9389 2237 
9657 2262 8100 9391 9256 
9658 8100 2143 8733 9391 
9659 9391 8733 3033 7082 
9660 9256 9391 7082 2948 
9661 1507 6324 9392 6775 
9662 6324 1509 9286 9392 
9663 9392 9286 3126 8389 
9664 6775 9392 8389 2754 
9665 2211 6638 9394 7852 
9666 6638 2210 8334 9394 
9667 9394 8334 3203 9393 
9668 7852 9394 9393 2302 
9669 1687 6763 9396 8466 
9670 6763 2720 9395 9396 
9671 9396 9395 3182 8241 
9672 8466 9396 8241 1815 
9673 1819 6993 9397 7445 
9674 6993 1931 4152 9397 
9675 9397 4152 3156 8990 
9676 7445 9397 8990 2764 
9677 2212 9398 9399 9237 
9678 9398 2985 8809 9399 
9679 9399 8809 1348 9089 
9680 9237 9399 9089 3072 
9681 2969 9400 9401 8717 
9682 9400 3092 8406 9401 
9683 9401 8406 2159 9019 
9684 8717 9401 9019 3041 
9685 2180 6224 9402 7019 
9686 6224 2181 9298 9402 
9687 9402 9298 3151 8906 
9688 7019 9402 8906 2179 
9689 1856 5186 9403 8944 
9690 5186 3002 8857 9403 
9691 9403 8857 2170 8967 
9692 8944 9403 8967 3013 
9693 1998 3448 9405 6457 
9694 3448 2283 9235 9405 
9695 9405 9235 3197 9404 
9696 6457 9405 9404 2166 
9697 2095 6069 9406 7306 
9698 6069 2574 7645 9406 
9699 9406 7645 3178 8273 
9700 7306 9406 8273 2096 
9701 1945 7109 9407 6615 
9702 7109 2251 3970 9407 
9703 9407 3970 3180 8689 
9704 6615 9407 8689 2019 
9705 1773 7695 9408 8638 
9706 7695 2967 8453 9408 
9707 9408 8453 3073 3544 
9708 8638 9408 3544 1942 
9709 2342 3316 9409 4365 
9710 3316 2532 3295 9409 
9711 9409 3295 3129 8928 
9712 4365 9409 8928 1988 
9713 3169 9369 9410 8054 
9714 9369 2195 6682 9410 
9715 9410 6682 2194 8641 
9716 8054 9410 8641 3206 
9717 1536 6318 9411 7679 
9718 6318 3138 9264 9411 
9719 9411 9264 3208 8092 
9720 7679 9411 8092 2713 
9721 2338 3890 9413 6392 
9722 3890 2676 6150 9413 
9723 9413 6150 2010 9412 
9724 6392 9413 9412 3221 
9725 2732 6161 9414 6507 
9726 6161 2756 8601 9414 
9727 9414 8601 3161 8580 
9728 6507 9414 8580 2177 
9729 2014 9384 9415 6217 
9730 9384 2825 8832 9415 
9731 9415 8832 3190 9335 
9732 6217 9415 9335 2092 
9733 2559 8665 9416 4697 
9734 8665 3207 9173 9416 
9735 9416 9173 1548 6608 
9736 4697 9416 6608 2760 
9737 2301 6458 9417 8304 
9738 6458 2166 9404 9417 
9739 9417 9404 3197 9372 
9740 8304 9417 9372 3224 
9741 1699 7481 9418 8752 
9742 7481 2778 9078 9418 
9743 9418 9078 3223 9064 
9744 8752 9418 9064 1701 
9745 2422 8242 9421 6035 
9746 8242 3182 9419 9421 
9747 9421 9419 3146 9420 
9748 6035 9421 9420 2421 
9749 2217 7943 9423 9422 
9750 7943 2140 7933 9423 
9751 9423 7933 2850 8667 
9752 9422 9423 8667 3102 
9753 1335 5780 9424 5668 
9754 5780 1824 3899 9424 
9755 9424 3899 3162 8558 
9756 5668 9424 8558 2847 
9757 1778 4020 9425 8376 
9758 4020 2987 8797 9425 
9759 9425 8797 2650 4588 
9760 8376 9425 4588 3186 
9761 2985 9398 9426 7820 
9762 9398 2212 8876 9426 
9763 9426 8876 2995 8880 
9764 7820 9426 8880 3030 
9765 1785 9306 9427 6762 
9766 9306 3146 9419 9427 
9767 9427 9419 3182 9395 
9768 6762 9427 9395 2720 
9769 460 8471 9429 459 
9770 8471 3071 9428 9429 
9771 9429 9428 3086 9105 
9772 459 9429 9105 458 
9773 1726 6094 9430 6526 
9774 6094 2817 9165 9430 
9775 9430 9165 3150 8719 
9776 6526 9430 8719 1725 
9777 3108 8109 9431 9212 
9778 8109 3164 9026 9431 
9779 9431 9026 2750 7333 
9780 9212 9431 7333 1776 
9781 3082 7663 9432 9308 
9782 7663 2852 7659 9432 
9783 9432 7659 2421 9420 
9784 9308 9432 9420 3146 
9785 1822 8682 9434 7429 
9786 8682 2451 9433 9434 
9787 9434 9433 3215 8418 
9788 7429 9434 8418 2951 
9789 3124 5538 9435 9301 
9790 5538 3198 9231 9435 
9791 9435 9231 2843 8332 
9792 9301 9435 8332 2033 
9793 1788 6746 9437 6283 
9794 6746 2718 8083 9437 
9795 9437 8083 3220 9436 
9796 6283 9437 9436 1875 
9797 2563 3915 9438 4709 
9798 3915 2960 8807 9438 
9799 9438 8807 3114 4204 
9800 4709 9438 4204 2562 
9801 2217 9422 9439 8556 
9802 9422 3102 8975 9439 
9803 9439 8975 1384 9202 
9804 8556 9439 9202 3093 
9805 2876 8225 9440 8609 
9806 8225 2198 7664 9440 
9807 9440 7664 3082 9307 
9808 8609 9440 9307 2899 
9809 1477 7581 9441 7123 
9810 7581 1673 8893 9441 
9811 9441 8893 3216 9210 
9812 7123 9441 9210 1671 
9813 2897 8024 9443 9442 
9814 8024 2113 3728 9443 
9815 9443 3728 2950 8116 
9816 9442 9443 8116 3192 
9817 1733 7919 9445 7303 
9818 7919 2048 9444 9445 
9819 9445 9444 3232 8775 
9820 7303 9445 8775 1905 
9821 2303 4363 9447 4267 
9822 4363 1959 9258 9447 
9823 9447 9258 3128 9446 
9824 4267 9447 9446 2904 
9825 3062 9320 9449 9448 
9826 9320 3037 8976 9449 
9827 9449 8976 3008 8993 
9828 9448 9449 8993 2228 
9829 2333 8792 9451 4138 
9830 8792 2334 9450 9451 
9831 9451 9450 3227 3893 
9832 4138 9451 3893 2703 
9833 2943 8514 9452 9244 
9834 8514 2866 8101 9452 
9835 9452 8101 2262 9255 
9836 9244 9452 9255 3115 
9837 2712 6593 9453 3854 
9838 6593 1875 9436 9453 
9839 9453 9436 3220 6227 
9840 3854 9453 6227 2991 
9841 2709 8815 9455 5355 
9842 8815 2826 9454 9455 
9843 9455 9454 3165 3539 
9844 5355 9455 3539 1949 
9845 3188 9374 9458 9457 
9846 9374 3029 7951 9458 
9847 9458 7951 2138 9456 
9848 9457 9458 9456 3083 
9849 1779 9044 9459 9051 
9850 9044 3062 9448 9459 
9851 9459 9448 2228 8888 
9852 9051 9459 8888 2990 
9853 25 9460 9461 695 
9854 9460 2137 8671 9461 
9855 9461 8671 3125 9377 
9856 695 9461 9377 696 
9857 1853 8939 9463 3289 
9858 8939 3184 9462 9463 
9859 9463 9462 2248 6251 
9860 3289 9463 6251 2812 
9861 1561 5169 9464 8306 
9862 5169 2447 9099 9464 
9863 9464 9099 3098 4595 
9864 8306 9464 4595 3063 
9865 20 9465 9467 7600 
9866 9465 3081 9466 9467 
9867 9467 9466 3022 9037 
9868 7600 9467 9037 1248 
9869 15 8626 9468 3655 
9870 8626 1557 8756 9468 
9871 9468 8756 2959 8591 
9872 3655 9468 8591 3077 
9873 1562 7400 9469 8612 
9874 7400 2982 4361 9469 
9875 9469 4361 2302 9393 
9876 8612 9469 9393 3203 
9877 289 4268 9470 288 
9878 4268 2904 9446 9470 
9879 9470 9446 3128 8662 
9880 288 9470 8662 287 
9881 1373 3904 9472 4144 
9882 3904 2054 3529 9472 
9883 9472 3529 3168 9471 
9884 4144 9472 9471 27 
9885 2727 7770 9473 7170 
9886 7770 2795 9313 9473 
9887 9473 9313 3200 8839 
9888 7170 9473 8839 2015 
9889 1402 7822 9474 7938 
9890 7822 2058 3881 9474 
9891 9474 3881 3219 9224 
9892 7938 9474 9224 2788 
9893 2153 4002 9475 9354 
9894 4002 2906 8250 9475 
9895 9475 8250 1251 7365 
9896 9354 9475 7365 3142 
9897 2903 9117 9476 8681 
9898 9117 2883 8120 9476 
9899 9476 8120 3215 9433 
9900 8681 9476 9433 2451 
9901 2921 8487 9477 8941 
9902 8487 1916 8231 9477 
9903 9477 8231 3092 9400 
9904 8941 9477 9400 2969 
9905 3086 9428 9479 9478 
9906 9428 3071 8470 9479 
9907 9479 8470 3016 9083 
9908 9478 9479 9083 2242 
9909 1273 9106 9480 4163 
9910 9106 3086 9478 9480 
9911 9480 9478 2242 8867 
9912 4163 9480 8867 2977 
9913 2201 4440 9482 9481 
9914 4440 2188 3813 9482 
9915 9482 3813 2989 8930 
9916 9481 9482 8930 3228 
9917 2206 5765 9484 8961 
9918 5765 2414 9138 9484 
9919 9484 9138 3157 9483 
9920 8961 9484 9483 3109 
9921 3022 9466 9485 9128 
9922 9466 3081 9348 9485 
9923 9485 9348 3057 9315 
9924 9128 9485 9315 2881 
9925 1310 5571 9486 9182 
9926 5571 2659 9012 9486 
9927 9486 9012 3109 9483 
9928 9182 9486 9483 3157 
9929 3209 8860 9489 9488 
9930 8860 1552 8922 9489 
9931 9489 8922 3205 9487 
9932 9488 9489 9487 2966 
9933 3232 9444 9490 8115 
9934 9444 2048 8210 9490 
9935 9490 8210 2897 9442 
9936 8115 9490 9442 3192 
9937 1368 4527 9491 9194 
9938 4527 3015 9032 9491 
9939 9491 9032 2255 4272 
9940 9194 9491 4272 3091 
9941 2923 3358 9492 9246 
9942 3358 2201 9481 9492 
9943 9492 9481 3228 7536 
9944 9246 9492 7536 2886 
9945 2246 5717 9493 4447 
9946 5717 2248 9462 9493 
9947 9493 9462 3184 8938 
9948 4447 9493 8938 2397 
9949 1264 8518 9494 6858 
9950 8518 2796 7375 9494 
9951 9494 7375 3183 9331 
9952 6858 9494 9331 1870 
9953 2581 9362 9496 5644 
9954 9362 3039 9495 9496 
9955 9496 9495 3088 4419 
9956 5644 9496 4419 2582 
9957 2132 9497 9499 6623 
9958 9497 3121 9498 9499 
9959 9499 9498 3145 8820 
9960 6623 9499 8820 2161 
9961 3221 9412 9500 8346 
9962 9412 2010 8657 9500 
9963 9500 8657 2945 9103 
9964 8346 9500 9103 3181 
9965 2455 8782 9501 8279 
9966 8782 3089 8846 9501 
9967 9501 8846 2131 9218 
9968 8279 9501 9218 3058 
9969 2425 5098 9502 8575 
9970 5098 1289 8778 9502 
9971 9502 8778 3145 9498 
9972 8575 9502 9498 3121 
9973 3188 9457 9505 9504 
9974 9457 3083 9503 9505 
9975 9505 9503 3120 9163 
9976 9504 9505 9163 1299 
9977 2172 7909 9506 4081 
9978 7909 3000 8910 9506 
9979 9506 8910 1970 8895 
9980 4081 9506 8895 3196 
9981 3032 9240 9507 8814 
9982 9240 3059 5174 9507 
9983 9507 5174 3165 9454 
9984 8814 9507 9454 2826 
9985 1279 7656 9508 8624 
9986 7656 2952 9041 9508 
9987 9508 9041 3213 8758 
9988 8624 9508 8758 1825 
9989 2089 9227 9509 6805 
9990 9227 3099 6759 9509 
9991 9509 6759 3217 6894 
9992 6805 9509 6894 2308 
9993 2102 8633 9510 7691 
9994 8633 3193 9151 9510 
9995 9510 9151 2219 3388 
9996 7691 9510 3388 2976 
9997 2191 8865 9511 6415 
9998 8865 2993 3747 9511 
9999 9511 3747 1514 9327 
10000 6415 9511 9327 3140 
10001 1442 8728 9512 8321 
10002 8728 2942 8901 9512 
10003 9512 8901 3225 8711 
10004 8321 9512 8711 2001 
10005 2069 8854 9513 6865 
10006 8854 3003 9189 9513 
10007 9513 9189 3160 3565 
10008 6865 9513 3565 2253 
10009 2873 8195 9514 9135 
10010 8195 2175 8999 9514 
10011 9514 8999 2966 9487 
10012 9135 9514 9487 3205 
10013 1349 7941 9515 5501 
10014 7941 3038 9022 9515 
10015 9515 9022 3201 8870 
10016 5501 9515 8870 2654 
10017 2799 7928 9516 8998 
10018 7928 2169 8947 9516 
10019 9516 8947 3209 9488 
10020 8998 9516 9488 2966 
10021 3039 9517 9519 9495 
10022 9517 3226 9518 9519 
10023 9519 9518 2648 9091 
10024 9495 9519 9091 3088 
10025 2138 8691 9520 9456 
10026 8691 2231 8660 9520 
10027 9520 8660 3120 9503 
10028 9456 9520 9503 3083 
10029 1815 8240 9521 8467 
10030 8240 3060 9130 9521 
10031 9521 9130 2569 8836 
10032 8467 9521 8836 3218 
10033 2185 6831 9523 9179 
10034 6831 2186 3815 9523 
10035 9523 3815 3149 9522 
10036 9179 9523 9522 3211 
10037 2758 9132 9524 7273 
10038 9132 3017 9152 9524 
10039 9524 9152 3193 8632 
10040 7273 9524 8632 1908 
10041 2648 9518 9526 8796 
10042 9518 3226 9525 9526 
10043 9526 9525 3170 4589 
10044 8796 9526 4589 2650 
10045 27 9471 9527 743 
10046 9471 3168 3528 9527 
10047 9527 3528 3176 9175 
10048 743 9527 9175 744 
10049 2391 8110 9528 4166 
10050 8110 3108 9211 9528 
10051 9528 9211 3216 8892 
10052 4166 9528 8892 2413 
10053 1760 9018 9529 6010 
10054 9018 3087 9094 9529 
10055 9529 9094 3171 9192 
10056 6010 9529 9192 2674 
10057 3121 9497 9531 8573 
10058 9497 2132 9387 9531 
10059 9531 9387 3179 9530 
10060 8573 9531 9530 3095 
10061 2163 3333 9532 8535 
10062 3333 2550 9160 9532 
10063 9532 9160 3095 9530 
10064 8535 9532 9530 3179 
10065 1337 9108 9533 4449 
10066 9108 3185 9060 9533 
10067 9533 9060 2270 9380 
10068 4449 9533 9380 3135 
10069 2370 9375 9534 8341 
10070 9375 3188 9504 9534 
10071 9534 9504 1299 9274 
10072 8341 9534 9274 3137 
10073 1786 9025 9535 6632 
10074 9025 3175 9269 9535 
10075 9535 9269 3177 8916 
10076 6632 9535 8916 2829 
10077 2237 9389 9536 8235 
10078 9389 3189 8696 9536 
10079 9536 8696 1338 9329 
10080 8235 9536 9329 3159 
10081 2386 4677 9537 7248 
10082 4677 1563 6208 9537 
10083 9537 6208 3211 9522 
10084 7248 9537 9522 3149 
10085 3039 9361 9538 9517 
10086 9361 1775 9359 9538 
10087 9538 9359 3170 9525 
10088 9517 9538 9525 3226 
10089 3096 4235 9540 8791 
10090 4235 3214 9539 9540 
10091 9540 9539 3227 9450 
10092 8791 9540 9450 2334 
10093 2717 5843 9541 4234 
10094 5843 1666 6711 9541 
10095 9541 6711 3227 9539 
10096 4234 9541 9539 3214 
10097 505 3957 9542 506 
10098 3957 2178 9115 9542 
10099 9542 9115 508 509 
10100 506 9542 509 7 
10101 2998 9349 9543 8415 
10102 9349 3081 9465 9543 
10103 9543 9465 20 618 
10104 8415 9543 618 617 
10105 3141 8672 9544 8595 
10106 8672 2137 9460 9544 
10107 9544 9460 25 8170 
10108 8595 9544 8170 1330 
10109 4 684 9545 685 
10110 684 683 8367 9545 
10111 9545 8367 3090 3870 
10112 685 9545 3870 686 
$EndElements
