$MeshFormat
4.1 0 8
$EndMeshFormat
$PhysicalNames
11
1 11 "Inlet"
1 12 "Outlet"
1 13 "Walls"
1 14 "SolidInterfaces"
2 1 "Fluid"
2 2 "PCB"
2 3 "Component_1"
2 4 "Component_2"
2 5 "Component_3"
2 6 "Component_4"
2 7 "Component_5"
$EndPhysicalNames
$Entities
28 33 7 0
9 4.558227596330179 2.563221385213546 0 0 
10 5.12093291230745 2.563221385213546 0 0 
13 9.675095814835013 2.563221385213546 0 0 
14 10.32490418516499 2.563221385213546 0 0 
17 14.66811121893817 2.563221385213546 0 0 
18 15.6527282724242 2.563221385213546 0 0 
21 5.440733681510202 2.436778614786453 0 0 
22 6.818636699968019 2.436778614786453 0 0 
25 12.73840752535348 2.436778614786453 0 0 
26 15.0022220931683 2.436778614786453 0 0 
27 0 0 0 0 
28 20 0 0 0 
29 0 5 0 0 
30 20 5 0 0 
31 2.259370381478221 2.436778614786453 0 0 
32 5.440733681510202 2.25633684252791 0 0 
33 6.818636699968019 2.25633684252791 0 0 
34 12.73840752535348 2.258780907332565 0 0 
35 15.0022220931683 2.258780907332565 0 0 
36 17.74062961852178 2.436778614786453 0 0 
37 17.74062961852178 2.563221385213546 0 0 
38 15.6527282724242 2.712264651639627 0 0 
39 14.66811121893817 2.712264651639627 0 0 
40 10.32490418516499 2.722143161297984 0 0 
41 9.675095814835013 2.722143161297984 0 0 
42 5.12093291230745 2.701289547032017 0 0 
43 4.558227596330179 2.701289547032017 0 0 
44 2.259370381478221 2.563221385213546 0 0 
9 4.558227496330177 2.563221285213545 -1.000000008881784e-07 5.120933012307451 2.563221485213547 1.000000008881784e-07 1 14 2 9 -10 
13 9.675095714835013 2.563221285213546 -1e-07 10.32490428516499 2.563221485213546 1e-07 1 14 2 13 -14 
17 14.66811111893817 2.563221285213546 -1e-07 15.6527283724242 2.563221485213546 1e-07 1 14 2 17 -18 
21 5.440733581510201 2.436778514786452 -1.000000008881784e-07 6.81863679996802 2.436778714786454 1.000000008881784e-07 1 14 2 21 -22 
25 12.73840742535348 2.436778514786453 -1e-07 15.0022221931683 2.436778714786453 1e-07 1 14 2 25 -26 
26 -9.99999993922529e-08 -1e-07 -1e-07 20.0000001 1e-07 1e-07 1 13 2 27 -28 
27 -1e-07 -9.999999983634211e-08 -1e-07 1e-07 5.0000001 1e-07 1 11 2 29 -27 
28 19.9999999 -9.999999983634211e-08 -1e-07 20.0000001 5.0000001 1e-07 1 12 2 28 -30 
29 -9.99999993922529e-08 4.9999999 -1e-07 20.0000001 5.0000001 1e-07 1 13 2 30 -29 
30 2.259370281478221 2.436778514786453 -1e-07 5.440733781510202 2.436778714786453 1e-07 1 14 2 31 -21 
31 5.440733581510202 2.25633674252791 -1e-07 5.440733781510202 2.436778714786453 1e-07 1 14 2 32 -21 
32 5.440733581510202 2.25633674252791 -1e-07 6.81863679996802 2.25633694252791 1e-07 1 14 2 33 -32 
33 6.818636599968019 2.25633674252791 -1e-07 6.81863679996802 2.436778714786453 1e-07 1 14 2 22 -33 
34 6.818636599968019 2.436778514786453 -1e-07 12.73840762535348 2.436778714786453 1e-07 1 14 2 22 -25 
35 12.73840742535348 2.258780807332565 -1e-07 12.73840762535348 2.436778714786453 1e-07 1 14 2 34 -25 
36 12.73840742535348 2.258780807332565 -1e-07 15.0022221931683 2.258781007332565 1e-07 1 14 2 35 -34 
37 15.0022219931683 2.258780807332565 -1e-07 15.0022221931683 2.436778714786453 1e-07 1 14 2 26 -35 
38 15.0022219931683 2.436778514786453 -1e-07 17.74062971852178 2.436778714786453 1e-07 1 14 2 26 -36 
39 17.74062951852178 2.436778514786453 -1e-07 17.74062971852178 2.563221485213546 1e-07 1 14 2 36 -37 
40 15.6527281724242 2.563221285213546 -1e-07 17.74062971852178 2.563221485213546 1e-07 1 14 2 37 -18 
41 15.6527281724242 2.563221285213546 -1e-07 15.6527283724242 2.712264751639627 1e-07 1 14 2 18 -38 
42 14.66811111893817 2.712264551639627 -1e-07 15.6527283724242 2.712264751639627 1e-07 1 14 2 38 -39 
43 14.66811111893817 2.563221285213546 -1e-07 14.66811131893817 2.712264751639627 1e-07 1 14 2 39 -17 
44 10.32490408516499 2.563221285213546 -1e-07 14.66811131893817 2.563221485213546 1e-07 1 14 2 17 -14 
45 10.32490408516499 2.563221285213546 -1e-07 10.32490428516499 2.722143261297984 1e-07 1 14 2 14 -40 
46 9.675095714835013 2.722143061297984 -1e-07 10.32490428516499 2.722143261297984 1e-07 1 14 2 40 -41 
47 9.675095714835013 2.563221285213546 -1e-07 9.675095914835012 2.722143261297984 1e-07 1 14 2 41 -13 
48 5.120932812307449 2.563221285213546 -1e-07 9.675095914835012 2.563221485213546 1e-07 1 14 2 13 -10 
49 5.12093281230745 2.563221285213546 -1e-07 5.12093301230745 2.701289647032016 1e-07 1 14 2 10 -42 
50 4.558227496330178 2.701289447032017 -1e-07 5.12093301230745 2.701289647032016 1e-07 1 14 2 42 -43 
51 4.558227496330178 2.563221285213546 -1e-07 4.558227696330179 2.701289647032016 1e-07 1 14 2 43 -9 
52 2.25937028147822 2.563221285213546 -1e-07 4.558227696330179 2.563221485213546 1e-07 1 14 2 9 -44 
53 2.259370281478221 2.436778514786453 -1e-07 2.259370481478221 2.563221485213546 1e-07 1 14 2 44 -31 
2 2.259370281478219 2.436778514786452 -1.000000008881784e-07 17.74062971852178 2.563221485213547 1.000000008881784e-07 1 2 14 53 30 21 34 25 38 39 40 -17 44 -13 48 -9 52 
3 4.558227496330177 2.563221285213545 -1.000000008881784e-07 5.120933012307451 2.701289647032017 1.000000008881784e-07 1 3 4 9 49 50 51 
4 9.675095714835013 2.563221285213546 -1e-07 10.32490428516499 2.722143261297984 1e-07 1 4 4 13 45 46 47 
5 14.66811111893817 2.563221285213546 -1e-07 15.6527283724242 2.712264751639627 1e-07 1 5 4 17 41 42 43 
6 5.440733581510201 2.25633674252791 -1.000000008881784e-07 6.81863679996802 2.436778714786454 1.000000008881784e-07 1 6 4 21 33 32 31 
7 12.73840742535348 2.258780807332565 -1e-07 15.0022221931683 2.436778714786453 1e-07 1 7 4 25 37 36 35 
8 -9.99999993922529e-08 -9.999999983634211e-08 -1e-07 20.0000001 5.0000001 1e-07 1 1 28 26 28 29 27 -30 -53 -52 -51 -50 -49 -48 -47 -46 -45 -44 -43 -42 -41 -40 -39 -38 37 36 35 -34 33 32 31 
$EndEntities
$Nodes
68 9633 1 9633
0 9 0 1
1
4.558227596330179 2.563221385213546 0
0 10 0 1
2
5.12093291230745 2.563221385213546 0
0 13 0 1
3
9.675095814835013 2.563221385213546 0
0 14 0 1
4
10.32490418516499 2.563221385213546 0
0 17 0 1
5
14.66811121893817 2.563221385213546 0
0 18 0 1
6
15.6527282724242 2.563221385213546 0
0 21 0 1
7
5.440733681510202 2.436778614786453 0
0 22 0 1
8
6.818636699968019 2.436778614786453 0
0 25 0 1
9
12.73840752535348 2.436778614786453 0
0 26 0 1
10
15.0022220931683 2.436778614786453 0
0 27 0 1
11
0 0 0
0 28 0 1
12
20 0 0
0 29 0 1
13
0 5 0
0 30 0 1
14
20 5 0
0 31 0 1
15
2.259370381478221 2.436778614786453 0
0 32 0 1
16
5.440733681510202 2.25633684252791 0
0 33 0 1
17
6.818636699968019 2.25633684252791 0
0 34 0 1
18
12.73840752535348 2.258780907332565 0
0 35 0 1
19
15.0022220931683 2.258780907332565 0
0 36 0 1
20
17.74062961852178 2.436778614786453 0
0 37 0 1
21
17.74062961852178 2.563221385213546 0
0 38 0 1
22
15.6527282724242 2.712264651639627 0
0 39 0 1
23
14.66811121893817 2.712264651639627 0
0 40 0 1
24
10.32490418516499 2.722143161297984 0
0 41 0 1
25
9.675095814835013 2.722143161297984 0
0 42 0 1
26
5.12093291230745 2.701289547032017 0
0 43 0 1
27
4.558227596330179 2.701289547032017 0
0 44 0 1
28
2.259370381478221 2.563221385213546 0
1 9 0 7
29
30
31
32
33
34
35
4.628565760827337 2.563221385213546 0
4.698903925324497 2.563221385213546 0
4.769242089821655 2.563221385213546 0
4.839580254318815 2.563221385213546 0
4.909918418815973 2.563221385213546 0
4.980256583313132 2.563221385213546 0
5.050594747810291 2.563221385213546 0
1 13 0 7
36
37
38
39
40
41
42
9.75632186112626 2.563221385213546 0
9.837547907417507 2.563221385213546 0
9.918773953708754 2.563221385213546 0
10 2.563221385213546 0
10.08122604629125 2.563221385213546 0
10.16245209258249 2.563221385213546 0
10.24367813887374 2.563221385213546 0
1 17 0 7
43
44
45
46
47
48
49
14.79118835062392 2.563221385213546 0
14.91426548230968 2.563221385213546 0
15.03734261399543 2.563221385213546 0
15.16041974568119 2.563221385213546 0
15.28349687736694 2.563221385213546 0
15.40657400905269 2.563221385213546 0
15.52965114073845 2.563221385213546 0
1 21 0 11
50
51
52
53
54
55
56
57
58
59
60
5.555558933048354 2.436778614786453 0
5.670384184586505 2.436778614786453 0
5.785209436124656 2.436778614786453 0
5.900034687662807 2.436778614786453 0
6.014859939200959 2.436778614786453 0
6.12968519073911 2.436778614786453 0
6.244510442277262 2.436778614786453 0
6.359335693815414 2.436778614786453 0
6.474160945353565 2.436778614786453 0
6.588986196891716 2.436778614786453 0
6.703811448429867 2.436778614786453 0
1 25 0 19
61
62
63
64
65
66
67
68
69
70
71
72
73
74
75
76
77
78
79
12.85159825374422 2.436778614786453 0
12.96478898213497 2.436778614786453 0
13.0779797105257 2.436778614786453 0
13.19117043891645 2.436778614786453 0
13.30436116730719 2.436778614786453 0
13.41755189569793 2.436778614786453 0
13.53074262408867 2.436778614786453 0
13.64393335247941 2.436778614786453 0
13.75712408087015 2.436778614786453 0
13.87031480926089 2.436778614786453 0
13.98350553765163 2.436778614786453 0
14.09669626604237 2.436778614786453 0
14.20988699443311 2.436778614786453 0
14.32307772282385 2.436778614786453 0
14.43626845121459 2.436778614786453 0
14.54945917960533 2.436778614786453 0
14.66264990799607 2.436778614786453 0
14.77584063638681 2.436778614786453 0
14.88903136477755 2.436778614786453 0
1 26 0 159
80
81
82
83
84
85
86
87
88
89
90
91
92
93
94
95
96
97
98
99
100
101
102
103
104
105
106
107
108
109
110
111
112
113
114
115
116
117
118
119
120
121
122
123
124
125
126
127
128
129
130
131
132
133
134
135
136
137
138
139
140
141
142
143
144
145
146
147
148
149
150
151
152
153
154
155
156
157
158
159
160
161
162
163
164
165
166
167
168
169
170
171
172
173
174
175
176
177
178
179
180
181
182
183
184
185
186
187
188
189
190
191
192
193
194
195
196
197
198
199
200
201
202
203
204
205
206
207
208
209
210
211
212
213
214
215
216
217
218
219
220
221
222
223
224
225
226
227
228
229
230
231
232
233
234
235
236
237
238
0.125 0 0
0.25 0 0
0.375 0 0
0.5 0 0
0.625 0 0
0.75 0 0
0.875 0 0
1 0 0
1.125 0 0
1.25 0 0
1.375 0 0
1.5 0 0
1.625 0 0
1.75 0 0
1.875 0 0
2 0 0
2.125 0 0
2.25 0 0
2.375 0 0
2.5 0 0
2.625 0 0
2.75 0 0
2.875 0 0
3 0 0
3.125 0 0
3.25 0 0
3.375 0 0
3.5 0 0
3.625 0 0
3.75 0 0
3.875 0 0
4 0 0
4.125 0 0
4.25 0 0
4.375 0 0
4.5 0 0
4.625 0 0
4.75 0 0
4.875 0 0
5 0 0
5.125 0 0
5.25 0 0
5.375 0 0
5.5 0 0
5.625 0 0
5.75 0 0
5.875 0 0
6 0 0
6.125 0 0
6.25 0 0
6.375 0 0
6.5 0 0
6.625 0 0
6.75 0 0
6.875 0 0
7 0 0
7.125 0 0
7.25 0 0
7.375 0 0
7.5 0 0
7.625 0 0
7.75 0 0
7.875 0 0
8 0 0
8.125 0 0
8.25 0 0
8.375 0 0
8.5 0 0
8.625 0 0
8.75 0 0
8.875 0 0
9 0 0
9.125 0 0
9.25 0 0
9.375 0 0
9.5 0 0
9.625 0 0
9.75 0 0
9.875 0 0
10 0 0
10.125 0 0
10.25 0 0
10.375 0 0
10.5 0 0
10.625 0 0
10.75 0 0
10.875 0 0
11 0 0
11.125 0 0
11.25 0 0
11.375 0 0
11.5 0 0
11.625 0 0
11.75 0 0
11.875 0 0
12 0 0
12.125 0 0
12.25 0 0
12.375 0 0
12.5 0 0
12.625 0 0
12.75 0 0
12.875 0 0
13 0 0
13.125 0 0
13.25 0 0
13.375 0 0
13.5 0 0
13.625 0 0
13.75 0 0
13.875 0 0
14 0 0
14.125 0 0
14.25 0 0
14.375 0 0
14.5 0 0
14.625 0 0
14.75 0 0
14.875 0 0
15 0 0
15.125 0 0
15.25 0 0
15.375 0 0
15.5 0 0
15.625 0 0
15.75 0 0
15.875 0 0
16 0 0
16.125 0 0
16.25 0 0
16.375 0 0
16.5 0 0
16.625 0 0
16.75 0 0
16.875 0 0
17 0 0
17.125 0 0
17.25 0 0
17.375 0 0
17.5 0 0
17.625 0 0
17.75 0 0
17.875 0 0
18 0 0
18.125 0 0
18.25 0 0
18.375 0 0
18.5 0 0
18.625 0 0
18.75 0 0
18.875 0 0
19 0 0
19.125 0 0
19.25 0 0
19.375 0 0
19.5 0 0
19.625 0 0
19.75 0 0
19.875 0 0
1 27 0 39
239
240
241
242
243
244
245
246
247
248
249
250
251
252
253
254
255
256
257
258
259
260
261
262
263
264
265
266
267
268
269
270
271
272
273
274
275
276
277
0 4.875 0
0 4.75 0
0 4.625 0
0 4.5 0
0 4.375 0
0 4.25 0
0 4.125 0
0 4 0
0 3.875 0
0 3.75 0
0 3.625 0
0 3.5 0
0 3.375 0
0 3.25 0
0 3.125 0
0 3 0
0 2.875 0
0 2.75 0
0 2.625 0
0 2.5 0
0 2.375 0
0 2.25 0
0 2.125 0
0 2 0
0 1.875 0
0 1.75 0
0 1.625 0
0 1.5 0
0 1.375 0
0 1.25 0
0 1.125 0
0 1 0
0 0.875 0
0 0.75 0
0 0.625 0
0 0.5 0
0 0.375 0
0 0.25 0
0 0.125 0
1 28 0 39
278
279
280
281
282
283
284
285
286
287
288
289
290
291
292
293
294
295
296
297
298
299
300
301
302
303
304
305
306
307
308
309
310
311
312
313
314
315
316
20 0.125 0
20 0.25 0
20 0.375 0
20 0.5 0
20 0.625 0
20 0.75 0
20 0.875 0
20 1 0
20 1.125 0
20 1.25 0
20 1.375 0
20 1.5 0
20 1.625 0
20 1.75 0
20 1.875 0
20 2 0
20 2.125 0
20 2.25 0
20 2.375 0
20 2.5 0
20 2.625 0
20 2.75 0
20 2.875 0
20 3 0
20 3.125 0
20 3.25 0
20 3.375 0
20 3.5 0
20 3.625 0
20 3.75 0
20 3.875 0
20 4 0
20 4.125 0
20 4.25 0
20 4.375 0
20 4.5 0
20 4.625 0
20 4.75 0
20 4.875 0
1 29 0 159
317
318
319
320
321
322
323
324
325
326
327
328
329
330
331
332
333
334
335
336
337
338
339
340
341
342
343
344
345
346
347
348
349
350
351
352
353
354
355
356
357
358
359
360
361
362
363
364
365
366
367
368
369
370
371
372
373
374
375
376
377
378
379
380
381
382
383
384
385
386
387
388
389
390
391
392
393
394
395
396
397
398
399
400
401
402
403
404
405
406
407
408
409
410
411
412
413
414
415
416
417
418
419
420
421
422
423
424
425
426
427
428
429
430
431
432
433
434
435
436
437
438
439
440
441
442
443
444
445
446
447
448
449
450
451
452
453
454
455
456
457
458
459
460
461
462
463
464
465
466
467
468
469
470
471
472
473
474
475
19.875 5 0
19.75 5 0
19.625 5 0
19.5 5 0
19.375 5 0
19.25 5 0
19.125 5 0
19 5 0
18.875 5 0
18.75 5 0
18.625 5 0
18.5 5 0
18.375 5 0
18.25 5 0
18.125 5 0
18 5 0
17.875 5 0
17.75 5 0
17.625 5 0
17.5 5 0
17.375 5 0
17.25 5 0
17.125 5 0
17 5 0
16.875 5 0
16.75 5 0
16.625 5 0
16.5 5 0
16.375 5 0
16.25 5 0
16.125 5 0
16 5 0
15.875 5 0
15.75 5 0
15.625 5 0
15.5 5 0
15.375 5 0
15.25 5 0
15.125 5 0
15 5 0
14.875 5 0
14.75 5 0
14.625 5 0
14.5 5 0
14.375 5 0
14.25 5 0
14.125 5 0
14 5 0
13.875 5 0
13.75 5 0
13.625 5 0
13.5 5 0
13.375 5 0
13.25 5 0
13.125 5 0
13 5 0
12.875 5 0
12.75 5 0
12.625 5 0
12.5 5 0
12.375 5 0
12.25 5 0
12.125 5 0
12 5 0
11.875 5 0
11.75 5 0
11.625 5 0
11.5 5 0
11.375 5 0
11.25 5 0
11.125 5 0
11 5 0
10.875 5 0
10.75 5 0
10.625 5 0
10.5 5 0
10.375 5 0
10.25 5 0
10.125 5 0
10 5 0
9.875 5 0
9.75 5 0
9.625 5 0
9.5 5 0
9.375 5 0
9.25 5 0
9.125 5 0
9 5 0
8.875 5 0
8.75 5 0
8.625 5 0
8.5 5 0
8.375 5 0
8.25 5 0
8.125 5 0
8 5 0
7.875 5 0
7.75 5 0
7.625 5 0
7.5 5 0
7.375 5 0
7.25 5 0
7.125 5 0
7 5 0
6.875 5 0
6.75 5 0
6.625 5 0
6.5 5 0
6.375 5 0
6.25 5 0
6.125 5 0
6 5 0
5.875 5 0
5.75 5 0
5.625 5 0
5.5 5 0
5.375 5 0
5.25 5 0
5.125 5 0
5 5 0
4.875 5 0
4.75 5 0
4.625 5 0
4.5 5 0
4.375 5 0
4.25 5 0
4.125 5 0
4 5 0
3.875 5 0
3.75 5 0
3.625 5 0
3.5 5 0
3.375 5 0
3.25 5 0
3.125 5 0
3 5 0
2.875 5 0
2.75 5 0
2.625 5 0
2.5 5 0
2.375 5 0
2.25 5 0
2.125 5 0
2 5 0
1.875 5 0
1.75 5 0
1.625 5 0
1.5 5 0
1.375 5 0
1.25 5 0
1.125 5 0
1 5 0
0.875 5 0
0.75 5 0
0.625 5 0
0.5 5 0
0.375 5 0
0.25 5 0
0.125 5 0
1 30 0 27
476
477
478
479
480
481
482
483
484
485
486
487
488
489
490
491
492
493
494
495
496
497
498
499
500
501
502
2.372990499336506 2.436778614786453 0
2.486610617194791 2.436778614786453 0
2.600230735053076 2.436778614786453 0
2.713850852911361 2.436778614786453 0
2.827470970769646 2.436778614786453 0
2.941091088627931 2.436778614786453 0
3.054711206486216 2.436778614786453 0
3.168331324344501 2.436778614786453 0
3.281951442202786 2.436778614786453 0
3.395571560061071 2.436778614786453 0
3.509191677919356 2.436778614786453 0
3.622811795777641 2.436778614786453 0
3.736431913635926 2.436778614786453 0
3.850052031494211 2.436778614786453 0
3.963672149352496 2.436778614786453 0
4.077292267210781 2.436778614786453 0
4.190912385069066 2.436778614786453 0
4.304532502927351 2.436778614786453 0
4.418152620785636 2.436778614786453 0
4.531772738643921 2.436778614786453 0
4.645392856502207 2.436778614786453 0
4.759012974360491 2.436778614786453 0
4.872633092218777 2.436778614786453 0
4.986253210077061 2.436778614786453 0
5.099873327935347 2.436778614786453 0
5.213493445793632 2.436778614786453 0
5.327113563651917 2.436778614786453 0
1 31 0 1
503
5.440733681510202 2.346557728657181 0
1 32 0 11
504
505
506
507
508
509
510
511
512
513
514
6.703811448429867 2.25633684252791 0
6.588986196891716 2.25633684252791 0
6.474160945353565 2.25633684252791 0
6.359335693815414 2.25633684252791 0
6.244510442277262 2.25633684252791 0
6.12968519073911 2.25633684252791 0
6.014859939200959 2.25633684252791 0
5.900034687662807 2.25633684252791 0
5.785209436124656 2.25633684252791 0
5.670384184586505 2.25633684252791 0
5.555558933048353 2.25633684252791 0
1 33 0 1
515
6.818636699968019 2.346557728657181 0
1 34 0 47
516
517
518
519
520
521
522
523
524
525
526
527
528
529
530
531
532
533
534
535
536
537
538
539
540
541
542
543
544
545
546
547
548
549
550
551
552
553
554
555
556
557
558
559
560
561
562
6.941965258830217 2.436778614786453 0
7.065293817692414 2.436778614786453 0
7.188622376554612 2.436778614786453 0
7.311950935416808 2.436778614786453 0
7.435279494279005 2.436778614786453 0
7.558608053141203 2.436778614786453 0
7.681936612003399 2.436778614786453 0
7.805265170865598 2.436778614786453 0
7.928593729727794 2.436778614786453 0
8.051922288589992 2.436778614786453 0
8.175250847452189 2.436778614786453 0
8.298579406314385 2.436778614786453 0
8.421907965176583 2.436778614786453 0
8.54523652403878 2.436778614786453 0
8.668565082900978 2.436778614786453 0
8.791893641763174 2.436778614786453 0
8.915222200625372 2.436778614786453 0
9.038550759487569 2.436778614786453 0
9.161879318349767 2.436778614786453 0
9.285207877211963 2.436778614786453 0
9.40853643607416 2.436778614786453 0
9.531864994936358 2.436778614786453 0
9.655193553798554 2.436778614786453 0
9.778522112660752 2.436778614786453 0
9.901850671522949 2.436778614786453 0
10.02517923038515 2.436778614786453 0
10.14850778924734 2.436778614786453 0
10.27183634810954 2.436778614786453 0
10.39516490697174 2.436778614786453 0
10.51849346583393 2.436778614786453 0
10.64182202469613 2.436778614786453 0
10.76515058355833 2.436778614786453 0
10.88847914242053 2.436778614786453 0
11.01180770128272 2.436778614786453 0
11.13513626014492 2.436778614786453 0
11.25846481900712 2.436778614786453 0
11.38179337786932 2.436778614786453 0
11.50512193673151 2.436778614786453 0
11.62845049559371 2.436778614786453 0
11.75177905445591 2.436778614786453 0
11.8751076133181 2.436778614786453 0
11.9984361721803 2.436778614786453 0
12.1217647310425 2.436778614786453 0
12.24509328990469 2.436778614786453 0
12.36842184876689 2.436778614786453 0
12.49175040762909 2.436778614786453 0
12.61507896649129 2.436778614786453 0
1 35 0 1
563
12.73840752535348 2.347779761059509 0
1 36 0 19
564
565
566
567
568
569
570
571
572
573
574
575
576
577
578
579
580
581
582
14.88903136477755 2.258780907332565 0
14.77584063638681 2.258780907332565 0
14.66264990799607 2.258780907332565 0
14.54945917960533 2.258780907332565 0
14.43626845121459 2.258780907332565 0
14.32307772282385 2.258780907332565 0
14.20988699443311 2.258780907332565 0
14.09669626604237 2.258780907332565 0
13.98350553765163 2.258780907332565 0
13.87031480926089 2.258780907332565 0
13.75712408087015 2.258780907332565 0
13.64393335247941 2.258780907332565 0
13.53074262408867 2.258780907332565 0
13.41755189569793 2.258780907332565 0
13.30436116730719 2.258780907332565 0
13.19117043891645 2.258780907332565 0
13.07797971052571 2.258780907332565 0
12.96478898213497 2.258780907332565 0
12.85159825374422 2.258780907332565 0
1 37 0 1
583
15.0022220931683 2.347779761059509 0
1 38 0 23
584
585
586
587
588
589
590
591
592
593
594
595
596
597
598
599
600
601
602
603
604
605
606
15.11632240672469 2.436778614786453 0
15.23042272028109 2.436778614786453 0
15.34452303383748 2.436778614786453 0
15.45862334739388 2.436778614786453 0
15.57272366095027 2.436778614786453 0
15.68682397450667 2.436778614786453 0
15.80092428806306 2.436778614786453 0
15.91502460161946 2.436778614786453 0
16.02912491517585 2.436778614786453 0
16.14322522873225 2.436778614786453 0
16.25732554228864 2.436778614786453 0
16.37142585584504 2.436778614786453 0
16.48552616940144 2.436778614786453 0
16.59962648295783 2.436778614786453 0
16.71372679651422 2.436778614786453 0
16.82782711007062 2.436778614786453 0
16.94192742362701 2.436778614786453 0
17.05602773718341 2.436778614786453 0
17.17012805073981 2.436778614786453 0
17.2842283642962 2.436778614786453 0
17.3983286778526 2.436778614786453 0
17.51242899140899 2.436778614786453 0
17.62652930496538 2.436778614786453 0
1 39 0 1
607
17.74062961852178 2.5 0
1 40 0 19
608
609
610
611
612
613
614
615
616
617
618
619
620
621
622
623
624
625
626
17.6362345512169 2.563221385213546 0
17.53183948391202 2.563221385213546 0
17.42744441660714 2.563221385213546 0
17.32304934930226 2.563221385213546 0
17.21865428199738 2.563221385213546 0
17.11425921469251 2.563221385213546 0
17.00986414738763 2.563221385213546 0
16.90546908008275 2.563221385213546 0
16.80107401277787 2.563221385213546 0
16.69667894547299 2.563221385213546 0
16.59228387816811 2.563221385213546 0
16.48788881086323 2.563221385213546 0
16.38349374355835 2.563221385213546 0
16.27909867625348 2.563221385213546 0
16.1747036089486 2.563221385213546 0
16.07030854164372 2.563221385213546 0
15.96591347433884 2.563221385213546 0
15.86151840703396 2.563221385213546 0
15.75712333972908 2.563221385213546 0
1 41 0 1
627
15.6527282724242 2.637743018426586 0
1 42 0 7
628
629
630
631
632
633
634
15.52965114073845 2.712264651639627 0
15.40657400905269 2.712264651639627 0
15.28349687736694 2.712264651639627 0
15.16041974568119 2.712264651639627 0
15.03734261399543 2.712264651639627 0
14.91426548230968 2.712264651639627 0
14.79118835062392 2.712264651639627 0
1 43 0 1
635
14.66811121893817 2.637743018426586 0
1 44 0 35
636
637
638
639
640
641
642
643
644
645
646
647
648
649
650
651
652
653
654
655
656
657
658
659
660
661
662
663
664
665
666
667
668
669
670
14.54746657911114 2.563221385213546 0
14.42682193928411 2.563221385213546 0
14.30617729945707 2.563221385213546 0
14.18553265963004 2.563221385213546 0
14.06488801980301 2.563221385213546 0
13.94424337997597 2.563221385213546 0
13.82359874014894 2.563221385213546 0
13.70295410032191 2.563221385213546 0
13.58230946049487 2.563221385213546 0
13.46166482066784 2.563221385213546 0
13.34102018084081 2.563221385213546 0
13.22037554101378 2.563221385213546 0
13.09973090118674 2.563221385213546 0
12.97908626135971 2.563221385213546 0
12.85844162153268 2.563221385213546 0
12.73779698170565 2.563221385213546 0
12.61715234187861 2.563221385213546 0
12.49650770205158 2.563221385213546 0
12.37586306222455 2.563221385213546 0
12.25521842239751 2.563221385213546 0
12.13457378257048 2.563221385213546 0
12.01392914274345 2.563221385213546 0
11.89328450291642 2.563221385213546 0
11.77263986308938 2.563221385213546 0
11.65199522326235 2.563221385213546 0
11.53135058343532 2.563221385213546 0
11.41070594360828 2.563221385213546 0
11.29006130378125 2.563221385213546 0
11.16941666395422 2.563221385213546 0
11.04877202412719 2.563221385213546 0
10.92812738430015 2.563221385213546 0
10.80748274447312 2.563221385213546 0
10.68683810464609 2.563221385213546 0
10.56619346481905 2.563221385213546 0
10.44554882499202 2.563221385213546 0
1 45 0 1
671
10.32490418516499 2.642682273255765 0
1 46 0 7
672
673
674
675
676
677
678
10.24367813887374 2.722143161297984 0
10.16245209258249 2.722143161297984 0
10.08122604629125 2.722143161297984 0
10 2.722143161297984 0
9.918773953708754 2.722143161297984 0
9.837547907417507 2.722143161297984 0
9.75632186112626 2.722143161297984 0
1 47 0 1
679
9.675095814835013 2.642682273255765 0
1 48 0 39
680
681
682
683
684
685
686
687
688
689
690
691
692
693
694
695
696
697
698
699
700
701
702
703
704
705
706
707
708
709
710
711
712
713
714
715
716
717
718
9.561241742271823 2.563221385213546 0
9.447387669708634 2.563221385213546 0
9.333533597145445 2.563221385213546 0
9.219679524582256 2.563221385213546 0
9.105825452019067 2.563221385213546 0
8.991971379455878 2.563221385213546 0
8.878117306892689 2.563221385213546 0
8.764263234329499 2.563221385213546 0
8.65040916176631 2.563221385213546 0
8.536555089203121 2.563221385213546 0
8.422701016639932 2.563221385213546 0
8.308846944076743 2.563221385213546 0
8.194992871513554 2.563221385213546 0
8.081138798950365 2.563221385213546 0
7.967284726387176 2.563221385213546 0
7.853430653823986 2.563221385213546 0
7.739576581260797 2.563221385213546 0
7.62572250869761 2.563221385213546 0
7.511868436134421 2.563221385213546 0
7.398014363571232 2.563221385213546 0
7.284160291008043 2.563221385213546 0
7.170306218444853 2.563221385213546 0
7.056452145881664 2.563221385213546 0
6.942598073318475 2.563221385213546 0
6.828744000755286 2.563221385213546 0
6.714889928192097 2.563221385213546 0
6.601035855628908 2.563221385213546 0
6.487181783065719 2.563221385213546 0
6.373327710502529 2.563221385213546 0
6.25947363793934 2.563221385213546 0
6.145619565376151 2.563221385213546 0
6.031765492812962 2.563221385213546 0
5.917911420249773 2.563221385213546 0
5.804057347686584 2.563221385213546 0
5.690203275123395 2.563221385213546 0
5.576349202560205 2.563221385213546 0
5.462495129997016 2.563221385213546 0
5.348641057433827 2.563221385213546 0
5.234786984870638 2.563221385213546 0
1 49 0 1
719
5.12093291230745 2.632255466122781 0
1 50 0 7
720
721
722
723
724
725
726
5.050594747810291 2.701289547032017 0
4.980256583313132 2.701289547032017 0
4.909918418815973 2.701289547032017 0
4.839580254318815 2.701289547032017 0
4.769242089821655 2.701289547032017 0
4.698903925324497 2.701289547032017 0
4.628565760827337 2.701289547032017 0
1 51 0 1
727
4.558227596330179 2.632255466122781 0
1 52 0 19
728
729
730
731
732
733
734
735
736
737
738
739
740
741
742
743
744
745
746
4.44328473558758 2.563221385213546 0
4.328341874844982 2.563221385213546 0
4.213399014102384 2.563221385213546 0
4.098456153359788 2.563221385213546 0
3.983513292617189 2.563221385213546 0
3.868570431874591 2.563221385213546 0
3.753627571131993 2.563221385213546 0
3.638684710389395 2.563221385213546 0
3.523741849646797 2.563221385213546 0
3.408798988904199 2.563221385213546 0
3.2938561281616 2.563221385213546 0
3.178913267419004 2.563221385213546 0
3.063970406676406 2.563221385213546 0
2.949027545933808 2.563221385213546 0
2.834084685191209 2.563221385213546 0
2.719141824448611 2.563221385213546 0
2.604198963706013 2.563221385213546 0
2.489256102963417 2.563221385213546 0
2.374313242220818 2.563221385213546 0
1 53 0 1
747
2.259370381478221 2.5 0
2 2 0 143
748
749
750
751
752
753
754
755
756
757
758
759
760
761
762
763
764
765
766
767
768
769
770
771
772
773
774
775
776
777
778
779
780
781
782
783
784
785
786
787
788
789
790
791
792
793
794
795
796
797
798
799
800
801
802
803
804
805
806
807
808
809
810
811
812
813
814
815
816
817
818
819
820
821
822
823
824
825
826
827
828
829
830
831
832
833
834
835
836
837
838
839
840
841
842
843
844
845
846
847
848
849
850
851
852
853
854
855
856
857
858
859
860
861
862
863
864
865
866
867
868
869
870
871
872
873
874
875
876
877
878
879
880
881
882
883
884
885
886
887
888
889
890
4.855357094923304 2.515805346303386 0
4.983254896695096 2.5 0
5.053593061192256 2.5 0
4.84746867462106 2.539513365758466 0
4.917806839118218 2.539513365758466 0
10.01258961519257 2.5 0
9.931363568901327 2.5 0
10.09381566148382 2.5 0
4.728958449842494 2.5 0
4.807185034641898 2.47629198054492 0
4.788213562231777 2.519756682879233 0
4.895219965668497 2.488145990272459 0
5.281067251613729 2.5 0
5.167330156402992 2.5 0
9.726808963747882 2.5 0
9.489626332322496 2.5 0
9.60821764803519 2.5 0
10.54234346532649 2.5 0
10.29837026663726 2.5 0
10.42035686598188 2.5 0
14.84505305934825 2.5 0
14.60878519927175 2.5 0
14.72691912931 2.5 0
14.37494983105398 2.5 0
14.49186751516287 2.5 0
15.77417119077031 2.5 0
15.55567580990904 2.5 0
15.66492350033968 2.5 0
5.508541442035204 2.5 0
5.394804346824467 2.5 0
6.651938062541907 2.5 0
6.880617386643247 2.5 0
6.766277724592577 2.5 0
7.117800018068634 2.5 0
6.99920870235594 2.5 0
15.08132091942474 2.5 0
14.96318698938649 2.5 0
4.54500016748705 2.5 0
4.636979308664772 2.5 0
9.829086266324603 2.5 0
10.19609296406054 2.5 0
15.31849836466689 2.5 0
15.19990964204582 2.5 0
15.43708708728797 2.5 0
5.737220766136544 2.5 0
5.622881104085875 2.5 0
5.965900090237884 2.5 0
5.851560428187215 2.5 0
6.194579414339225 2.5 0
6.080239752288555 2.5 0
6.423258738440566 2.5 0
6.537598400491236 2.5 0
6.308919076389896 2.5 0
13.20577298996511 2.5 0
12.97193762174734 2.5 0
13.08885530585622 2.5 0
13.43960835818288 2.5 0
13.322690674074 2.5 0
13.67344372640066 2.5 0
13.55652604229177 2.5 0
13.90727909461843 2.5 0
13.79036141050955 2.5 0
14.1411144628362 2.5 0
14.02419677872732 2.5 0
14.25803214694509 2.5 0
3.859311231684401 2.5 0
3.630748253083517 2.5 0
3.745029742383959 2.5 0
4.087874210285285 2.5 0
3.973592720984843 2.5 0
4.316437188886167 2.5 0
4.430718678186608 2.5 0
4.202155699585725 2.5 0
7.35498264949402 2.5 0
7.236391333781327 2.5 0
7.592165280919406 2.5 0
7.473573965206713 2.5 0
7.829347912344792 2.5 0
7.710756596632098 2.5 0
8.066530543770178 2.5 0
7.947939228057485 2.5 0
9.015261069471723 2.5 0
8.778078438046336 2.5 0
8.89666975375903 2.5 0
9.252443700897111 2.5 0
9.133852385184417 2.5 0
9.371035016609802 2.5 0
10.78631666401573 2.5 0
10.66433006467111 2.5 0
11.03028986270495 2.5 0
10.90830326336034 2.5 0
11.27426306139419 2.5 0
11.15227646204957 2.5 0
11.51823626008342 2.5 0
11.3962496607388 2.5 0
11.76220945877265 2.5 0
11.64022285942803 2.5 0
12.00618265746187 2.5 0
11.88419605811726 2.5 0
15.99266657163159 2.5 0
15.88341888120095 2.5 0
16.21116195249286 2.5 0
16.42965733335414 2.5 0
16.3204096429235 2.5 0
16.10191426206222 2.5 0
16.64815271421541 2.5 0
16.53890502378477 2.5 0
16.86664809507668 2.5 0
16.75740040464605 2.5 0
17.08514347593796 2.5 0
16.97589578550732 2.5 0
17.30363885679923 2.5 0
17.1943911663686 2.5 0
17.52213423766051 2.5 0
17.41288654722987 2.5 0
12.73810225352956 2.5 0
12.49412905484033 2.5 0
12.61611565418495 2.5 0
12.2501558561511 2.5 0
12.37214245549572 2.5 0
8.54089580662095 2.5 0
8.303713175195565 2.5 0
8.422304490908257 2.5 0
12.12816925680649 2.5 0
2.487933360079103 2.5 0
2.373651870778661 2.5 0
12.85501993763845 2.5 0
2.716496338679986 2.5 0
2.602214849379545 2.5 0
2.945059317280869 2.5 0
2.830777827980427 2.5 0
3.173622295881753 2.5 0
3.059340806581311 2.5 0
8.659487122333644 2.5 0
3.402185274482635 2.5 0
3.287903785182194 2.5 0
8.185121859482871 2.5 0
3.516466763783076 2.5 0
17.63138192809114 2.5 0
5.029147568565881 2.521073795071182 0
4.89173131085175 2.547416038910159 0
9.954242379267551 2.521073795071182 0
10.06254377432255 2.521073795071182 0
2 3 0 7
891
892
893
894
895
896
897
4.698903925324497 2.632255466122781 0
4.628565760827337 2.632255466122781 0
4.839580254318815 2.632255466122781 0
4.769242089821655 2.632255466122781 0
4.980256583313132 2.632255466122781 0
5.050594747810291 2.632255466122781 0
4.909918418815973 2.632255466122781 0
2 4 0 7
898
899
900
901
902
903
904
9.837547907417507 2.642682273255765 0
9.75632186112626 2.642682273255765 0
10.16245209258249 2.642682273255765 0
10.24367813887374 2.642682273255765 0
10 2.642682273255765 0
10.08122604629125 2.642682273255765 0
9.918773953708754 2.642682273255765 0
2 5 0 7
905
906
907
908
909
910
911
14.91426548230968 2.637743018426586 0
14.79118835062392 2.637743018426586 0
15.40657400905269 2.637743018426586 0
15.52965114073845 2.637743018426586 0
15.16041974568119 2.637743018426586 0
15.28349687736694 2.637743018426586 0
15.03734261399543 2.637743018426586 0
2 6 0 11
912
913
914
915
916
917
918
919
920
921
922
5.670384184586505 2.346557728657181 0
5.555558933048353 2.346557728657181 0
6.588986196891716 2.346557728657181 0
6.703811448429867 2.346557728657181 0
6.12968519073911 2.346557728657181 0
5.900034687662807 2.346557728657181 0
6.014859939200959 2.346557728657181 0
5.785209436124656 2.346557728657181 0
6.359335693815414 2.346557728657181 0
6.244510442277262 2.346557728657181 0
6.474160945353565 2.346557728657181 0
2 7 0 19
923
924
925
926
927
928
929
930
931
932
933
934
935
936
937
938
939
940
941
12.96478898213497 2.347779761059509 0
12.85159825374422 2.347779761059509 0
14.77584063638681 2.347779761059509 0
14.88903136477755 2.347779761059509 0
13.19117043891645 2.347779761059509 0
13.0779797105257 2.347779761059509 0
13.41755189569793 2.347779761059509 0
13.30436116730719 2.347779761059509 0
13.87031480926089 2.347779761059509 0
13.64393335247941 2.347779761059509 0
13.75712408087015 2.347779761059509 0
14.09669626604237 2.347779761059509 0
13.98350553765163 2.347779761059509 0
14.32307772282385 2.347779761059509 0
14.20988699443311 2.347779761059509 0
14.54945917960533 2.347779761059509 0
14.43626845121459 2.347779761059509 0
13.53074262408867 2.347779761059509 0
14.66264990799607 2.347779761059509 0
2 8 0 8692
942
943
944
945
946
947
948
949
950
951
952
953
954
955
956
957
958
959
960
961
962
963
964
965
966
967
968
969
970
971
972
973
974
975
976
977
978
979
980
981
982
983
984
985
986
987
988
989
990
991
992
993
994
995
996
997
998
999
1000
1001
1002
1003
1004
1005
1006
1007
1008
1009
1010
1011
1012
1013
1014
1015
1016
1017
1018
1019
1020
1021
1022
1023
1024
1025
1026
1027
1028
1029
1030
1031
1032
1033
1034
1035
1036
1037
1038
1039
1040
1041
1042
1043
1044
1045
1046
1047
1048
1049
1050
1051
1052
1053
1054
1055
1056
1057
1058
1059
1060
1061
1062
1063
1064
1065
1066
1067
1068
1069
1070
1071
1072
1073
1074
1075
1076
1077
1078
1079
1080
1081
1082
1083
1084
1085
1086
1087
1088
1089
1090
1091
1092
1093
1094
1095
1096
1097
1098
1099
1100
1101
1102
1103
1104
1105
1106
1107
1108
1109
1110
1111
1112
1113
1114
1115
1116
1117
1118
1119
1120
1121
1122
1123
1124
1125
1126
1127
1128
1129
1130
1131
1132
1133
1134
1135
1136
1137
1138
1139
1140
1141
1142
1143
1144
1145
1146
1147
1148
1149
1150
1151
1152
1153
1154
1155
1156
1157
1158
1159
1160
1161
1162
1163
1164
1165
1166
1167
1168
1169
1170
1171
1172
1173
1174
1175
1176
1177
1178
1179
1180
1181
1182
1183
1184
1185
1186
1187
1188
1189
1190
1191
1192
1193
1194
1195
1196
1197
1198
1199
1200
1201
1202
1203
1204
1205
1206
1207
1208
1209
1210
1211
1212
1213
1214
1215
1216
1217
1218
1219
1220
1221
1222
1223
1224
1225
1226
1227
1228
1229
1230
1231
1232
1233
1234
1235
1236
1237
1238
1239
1240
1241
1242
1243
1244
1245
1246
1247
1248
1249
1250
1251
1252
1253
1254
1255
1256
1257
1258
1259
1260
1261
1262
1263
1264
1265
1266
1267
1268
1269
1270
1271
1272
1273
1274
1275
1276
1277
1278
1279
1280
1281
1282
1283
1284
1285
1286
1287
1288
1289
1290
1291
1292
1293
1294
1295
1296
1297
1298
1299
1300
1301
1302
1303
1304
1305
1306
1307
1308
1309
1310
1311
1312
1313
1314
1315
1316
1317
1318
1319
1320
1321
1322
1323
1324
1325
1326
1327
1328
1329
1330
1331
1332
1333
1334
1335
1336
1337
1338
1339
1340
1341
1342
1343
1344
1345
1346
1347
1348
1349
1350
1351
1352
1353
1354
1355
1356
1357
1358
1359
1360
1361
1362
1363
1364
1365
1366
1367
1368
1369
1370
1371
1372
1373
1374
1375
1376
1377
1378
1379
1380
1381
1382
1383
1384
1385
1386
1387
1388
1389
1390
1391
1392
1393
1394
1395
1396
1397
1398
1399
1400
1401
1402
1403
1404
1405
1406
1407
1408
1409
1410
1411
1412
1413
1414
1415
1416
1417
1418
1419
1420
1421
1422
1423
1424
1425
1426
1427
1428
1429
1430
1431
1432
1433
1434
1435
1436
1437
1438
1439
1440
1441
1442
1443
1444
1445
1446
1447
1448
1449
1450
1451
1452
1453
1454
1455
1456
1457
1458
1459
1460
1461
1462
1463
1464
1465
1466
1467
1468
1469
1470
1471
1472
1473
1474
1475
1476
1477
1478
1479
1480
1481
1482
1483
1484
1485
1486
1487
1488
1489
1490
1491
1492
1493
1494
1495
1496
1497
1498
1499
1500
1501
1502
1503
1504
1505
1506
1507
1508
1509
1510
1511
1512
1513
1514
1515
1516
1517
1518
1519
1520
1521
1522
1523
1524
1525
1526
1527
1528
1529
1530
1531
1532
1533
1534
1535
1536
1537
1538
1539
1540
1541
1542
1543
1544
1545
1546
1547
1548
1549
1550
1551
1552
1553
1554
1555
1556
1557
1558
1559
1560
1561
1562
1563
1564
1565
1566
1567
1568
1569
1570
1571
1572
1573
1574
1575
1576
1577
1578
1579
1580
1581
1582
1583
1584
1585
1586
1587
1588
1589
1590
1591
1592
1593
1594
1595
1596
1597
1598
1599
1600
1601
1602
1603
1604
1605
1606
1607
1608
1609
1610
1611
1612
1613
1614
1615
1616
1617
1618
1619
1620
1621
1622
1623
1624
1625
1626
1627
1628
1629
1630
1631
1632
1633
1634
1635
1636
1637
1638
1639
1640
1641
1642
1643
1644
1645
1646
1647
1648
1649
1650
1651
1652
1653
1654
1655
1656
1657
1658
1659
1660
1661
1662
1663
1664
1665
1666
1667
1668
1669
1670
1671
1672
1673
1674
1675
1676
1677
1678
1679
1680
1681
1682
1683
1684
1685
1686
1687
1688
1689
1690
1691
1692
1693
1694
1695
1696
1697
1698
1699
1700
1701
1702
1703
1704
1705
1706
1707
1708
1709
1710
1711
1712
1713
1714
1715
1716
1717
1718
1719
1720
1721
1722
1723
1724
1725
1726
1727
1728
1729
1730
1731
1732
1733
1734
1735
1736
1737
1738
1739
1740
1741
1742
1743
1744
1745
1746
1747
1748
1749
1750
1751
1752
1753
1754
1755
1756
1757
1758
1759
1760
1761
1762
1763
1764
1765
1766
1767
1768
1769
1770
1771
1772
1773
1774
1775
1776
1777
1778
1779
1780
1781
1782
1783
1784
1785
1786
1787
1788
1789
1790
1791
1792
1793
1794
1795
1796
1797
1798
1799
1800
1801
1802
1803
1804
1805
1806
1807
1808
1809
1810
1811
1812
1813
1814
1815
1816
1817
1818
1819
1820
1821
1822
1823
1824
1825
1826
1827
1828
1829
1830
1831
1832
1833
1834
1835
1836
1837
1838
1839
1840
1841
1842
1843
1844
1845
1846
1847
1848
1849
1850
1851
1852
1853
1854
1855
1856
1857
1858
1859
1860
1861
1862
1863
1864
1865
1866
1867
1868
1869
1870
1871
1872
1873
1874
1875
1876
1877
1878
1879
1880
1881
1882
1883
1884
1885
1886
1887
1888
1889
1890
1891
1892
1893
1894
1895
1896
1897
1898
1899
1900
1901
1902
1903
1904
1905
1906
1907
1908
1909
1910
1911
1912
1913
1914
1915
1916
1917
1918
1919
1920
1921
1922
1923
1924
1925
1926
1927
1928
1929
1930
1931
1932
1933
1934
1935
1936
1937
1938
1939
1940
1941
1942
1943
1944
1945
1946
1947
1948
1949
1950
1951
1952
1953
1954
1955
1956
1957
1958
1959
1960
1961
1962
1963
1964
1965
1966
1967
1968
1969
1970
1971
1972
1973
1974
1975
1976
1977
1978
1979
1980
1981
1982
1983
1984
1985
1986
1987
1988
1989
1990
1991
1992
1993
1994
1995
1996
1997
1998
1999
2000
2001
2002
2003
2004
2005
2006
2007
2008
2009
2010
2011
2012
2013
2014
2015
2016
2017
2018
2019
2020
2021
2022
2023
2024
2025
2026
2027
2028
2029
2030
2031
2032
2033
2034
2035
2036
2037
2038
2039
2040
2041
2042
2043
2044
2045
2046
2047
2048
2049
2050
2051
2052
2053
2054
2055
2056
2057
2058
2059
2060
2061
2062
2063
2064
2065
2066
2067
2068
2069
2070
2071
2072
2073
2074
2075
2076
2077
2078
2079
2080
2081
2082
2083
2084
2085
2086
2087
2088
2089
2090
2091
2092
2093
2094
2095
2096
2097
2098
2099
2100
2101
2102
2103
2104
2105
2106
2107
2108
2109
2110
2111
2112
2113
2114
2115
2116
2117
2118
2119
2120
2121
2122
2123
2124
2125
2126
2127
2128
2129
2130
2131
2132
2133
2134
2135
2136
2137
2138
2139
2140
2141
2142
2143
2144
2145
2146
2147
2148
2149
2150
2151
2152
2153
2154
2155
2156
2157
2158
2159
2160
2161
2162
2163
2164
2165
2166
2167
2168
2169
2170
2171
2172
2173
2174
2175
2176
2177
2178
2179
2180
2181
2182
2183
2184
2185
2186
2187
2188
2189
2190
2191
2192
2193
2194
2195
2196
2197
2198
2199
2200
2201
2202
2203
2204
2205
2206
2207
2208
2209
2210
2211
2212
2213
2214
2215
2216
2217
2218
2219
2220
2221
2222
2223
2224
2225
2226
2227
2228
2229
2230
2231
2232
2233
2234
2235
2236
2237
2238
2239
2240
2241
2242
2243
2244
2245
2246
2247
2248
2249
2250
2251
2252
2253
2254
2255
2256
2257
2258
2259
2260
2261
2262
2263
2264
2265
2266
2267
2268
2269
2270
2271
2272
2273
2274
2275
2276
2277
2278
2279
2280
2281
2282
2283
2284
2285
2286
2287
2288
2289
2290
2291
2292
2293
2294
2295
2296
2297
2298
2299
2300
2301
2302
2303
2304
2305
2306
2307
2308
2309
2310
2311
2312
2313
2314
2315
2316
2317
2318
2319
2320
2321
2322
2323
2324
2325
2326
2327
2328
2329
2330
2331
2332
2333
2334
2335
2336
2337
2338
2339
2340
2341
2342
2343
2344
2345
2346
2347
2348
2349
2350
2351
2352
2353
2354
2355
2356
2357
2358
2359
2360
2361
2362
2363
2364
2365
2366
2367
2368
2369
2370
2371
2372
2373
2374
2375
2376
2377
2378
2379
2380
2381
2382
2383
2384
2385
2386
2387
2388
2389
2390
2391
2392
2393
2394
2395
2396
2397
2398
2399
2400
2401
2402
2403
2404
2405
2406
2407
2408
2409
2410
2411
2412
2413
2414
2415
2416
2417
2418
2419
2420
2421
2422
2423
2424
2425
2426
2427
2428
2429
2430
2431
2432
2433
2434
2435
2436
2437
2438
2439
2440
2441
2442
2443
2444
2445
2446
2447
2448
2449
2450
2451
2452
2453
2454
2455
2456
2457
2458
2459
2460
2461
2462
2463
2464
2465
2466
2467
2468
2469
2470
2471
2472
2473
2474
2475
2476
2477
2478
2479
2480
2481
2482
2483
2484
2485
2486
2487
2488
2489
2490
2491
2492
2493
2494
2495
2496
2497
2498
2499
2500
2501
2502
2503
2504
2505
2506
2507
2508
2509
2510
2511
2512
2513
2514
2515
2516
2517
2518
2519
2520
2521
2522
2523
2524
2525
2526
2527
2528
2529
2530
2531
2532
2533
2534
2535
2536
2537
2538
2539
2540
2541
2542
2543
2544
2545
2546
2547
2548
2549
2550
2551
2552
2553
2554
2555
2556
2557
2558
2559
2560
2561
2562
2563
2564
2565
2566
2567
2568
2569
2570
2571
2572
2573
2574
2575
2576
2577
2578
2579
2580
2581
2582
2583
2584
2585
2586
2587
2588
2589
2590
2591
2592
2593
2594
2595
2596
2597
2598
2599
2600
2601
2602
2603
2604
2605
2606
2607
2608
2609
2610
2611
2612
2613
2614
2615
2616
2617
2618
2619
2620
2621
2622
2623
2624
2625
2626
2627
2628
2629
2630
2631
2632
2633
2634
2635
2636
2637
2638
2639
2640
2641
2642
2643
2644
2645
2646
2647
2648
2649
2650
2651
2652
2653
2654
2655
2656
2657
2658
2659
2660
2661
2662
2663
2664
2665
2666
2667
2668
2669
2670
2671
2672
2673
2674
2675
2676
2677
2678
2679
2680
2681
2682
2683
2684
2685
2686
2687
2688
2689
2690
2691
2692
2693
2694
2695
2696
2697
2698
2699
2700
2701
2702
2703
2704
2705
2706
2707
2708
2709
2710
2711
2712
2713
2714
2715
2716
2717
2718
2719
2720
2721
2722
2723
2724
2725
2726
2727
2728
2729
2730
2731
2732
2733
2734
2735
2736
2737
2738
2739
2740
2741
2742
2743
2744
2745
2746
2747
2748
2749
2750
2751
2752
2753
2754
2755
2756
2757
2758
2759
2760
2761
2762
2763
2764
2765
2766
2767
2768
2769
2770
2771
2772
2773
2774
2775
2776
2777
2778
2779
2780
2781
2782
2783
2784
2785
2786
2787
2788
2789
2790
2791
2792
2793
2794
2795
2796
2797
2798
2799
2800
2801
2802
2803
2804
2805
2806
2807
2808
2809
2810
2811
2812
2813
2814
2815
2816
2817
2818
2819
2820
2821
2822
2823
2824
2825
2826
2827
2828
2829
2830
2831
2832
2833
2834
2835
2836
2837
2838
2839
2840
2841
2842
2843
2844
2845
2846
2847
2848
2849
2850
2851
2852
2853
2854
2855
2856
2857
2858
2859
2860
2861
2862
2863
2864
2865
2866
2867
2868
2869
2870
2871
2872
2873
2874
2875
2876
2877
2878
2879
2880
2881
2882
2883
2884
2885
2886
2887
2888
2889
2890
2891
2892
2893
2894
2895
2896
2897
2898
2899
2900
2901
2902
2903
2904
2905
2906
2907
2908
2909
2910
2911
2912
2913
2914
2915
2916
2917
2918
2919
2920
2921
2922
2923
2924
2925
2926
2927
2928
2929
2930
2931
2932
2933
2934
2935
2936
2937
2938
2939
2940
2941
2942
2943
2944
2945
2946
2947
2948
2949
2950
2951
2952
2953
2954
2955
2956
2957
2958
2959
2960
2961
2962
2963
2964
2965
2966
2967
2968
2969
2970
2971
2972
2973
2974
2975
2976
2977
2978
2979
2980
2981
2982
2983
2984
2985
2986
2987
2988
2989
2990
2991
2992
2993
2994
2995
2996
2997
2998
2999
3000
3001
3002
3003
3004
3005
3006
3007
3008
3009
3010
3011
3012
3013
3014
3015
3016
3017
3018
3019
3020
3021
3022
3023
3024
3025
3026
3027
3028
3029
3030
3031
3032
3033
3034
3035
3036
3037
3038
3039
3040
3041
3042
3043
3044
3045
3046
3047
3048
3049
3050
3051
3052
3053
3054
3055
3056
3057
3058
3059
3060
3061
3062
3063
3064
3065
3066
3067
3068
3069
3070
3071
3072
3073
3074
3075
3076
3077
3078
3079
3080
3081
3082
3083
3084
3085
3086
3087
3088
3089
3090
3091
3092
3093
3094
3095
3096
3097
3098
3099
3100
3101
3102
3103
3104
3105
3106
3107
3108
3109
3110
3111
3112
3113
3114
3115
3116
3117
3118
3119
3120
3121
3122
3123
3124
3125
3126
3127
3128
3129
3130
3131
3132
3133
3134
3135
3136
3137
3138
3139
3140
3141
3142
3143
3144
3145
3146
3147
3148
3149
3150
3151
3152
3153
3154
3155
3156
3157
3158
3159
3160
3161
3162
3163
3164
3165
3166
3167
3168
3169
3170
3171
3172
3173
3174
3175
3176
3177
3178
3179
3180
3181
3182
3183
3184
3185
3186
3187
3188
3189
3190
3191
3192
3193
3194
3195
3196
3197
3198
3199
3200
3201
3202
3203
3204
3205
3206
3207
3208
3209
3210
3211
3212
3213
3214
3215
3216
3217
3218
3219
3220
3221
3222
3223
3224
3225
3226
3227
3228
3229
3230
3231
3232
3233
3234
3235
3236
3237
3238
3239
3240
3241
3242
3243
3244
3245
3246
3247
3248
3249
3250
3251
3252
3253
3254
3255
3256
3257
3258
3259
3260
3261
3262
3263
3264
3265
3266
3267
3268
3269
3270
3271
3272
3273
3274
3275
3276
3277
3278
3279
3280
3281
3282
3283
3284
3285
3286
3287
3288
3289
3290
3291
3292
3293
3294
3295
3296
3297
3298
3299
3300
3301
3302
3303
3304
3305
3306
3307
3308
3309
3310
3311
3312
3313
3314
3315
3316
3317
3318
3319
3320
3321
3322
3323
3324
3325
3326
3327
3328
3329
3330
3331
3332
3333
3334
3335
3336
3337
3338
3339
3340
3341
3342
3343
3344
3345
3346
3347
3348
3349
3350
3351
3352
3353
3354
3355
3356
3357
3358
3359
3360
3361
3362
3363
3364
3365
3366
3367
3368
3369
3370
3371
3372
3373
3374
3375
3376
3377
3378
3379
3380
3381
3382
3383
3384
3385
3386
3387
3388
3389
3390
3391
3392
3393
3394
3395
3396
3397
3398
3399
3400
3401
3402
3403
3404
3405
3406
3407
3408
3409
3410
3411
3412
3413
3414
3415
3416
3417
3418
3419
3420
3421
3422
3423
3424
3425
3426
3427
3428
3429
3430
3431
3432
3433
3434
3435
3436
3437
3438
3439
3440
3441
3442
3443
3444
3445
3446
3447
3448
3449
3450
3451
3452
3453
3454
3455
3456
3457
3458
3459
3460
3461
3462
3463
3464
3465
3466
3467
3468
3469
3470
3471
3472
3473
3474
3475
3476
3477
3478
3479
3480
3481
3482
3483
3484
3485
3486
3487
3488
3489
3490
3491
3492
3493
3494
3495
3496
3497
3498
3499
3500
3501
3502
3503
3504
3505
3506
3507
3508
3509
3510
3511
3512
3513
3514
3515
3516
3517
3518
3519
3520
3521
3522
3523
3524
3525
3526
3527
3528
3529
3530
3531
3532
3533
3534
3535
3536
3537
3538
3539
3540
3541
3542
3543
3544
3545
3546
3547
3548
3549
3550
3551
3552
3553
3554
3555
3556
3557
3558
3559
3560
3561
3562
3563
3564
3565
3566
3567
3568
3569
3570
3571
3572
3573
3574
3575
3576
3577
3578
3579
3580
3581
3582
3583
3584
3585
3586
3587
3588
3589
3590
3591
3592
3593
3594
3595
3596
3597
3598
3599
3600
3601
3602
3603
3604
3605
3606
3607
3608
3609
3610
3611
3612
3613
3614
3615
3616
3617
3618
3619
3620
3621
3622
3623
3624
3625
3626
3627
3628
3629
3630
3631
3632
3633
3634
3635
3636
3637
3638
3639
3640
3641
3642
3643
3644
3645
3646
3647
3648
3649
3650
3651
3652
3653
3654
3655
3656
3657
3658
3659
3660
3661
3662
3663
3664
3665
3666
3667
3668
3669
3670
3671
3672
3673
3674
3675
3676
3677
3678
3679
3680
3681
3682
3683
3684
3685
3686
3687
3688
3689
3690
3691
3692
3693
3694
3695
3696
3697
3698
3699
3700
3701
3702
3703
3704
3705
3706
3707
3708
3709
3710
3711
3712
3713
3714
3715
3716
3717
3718
3719
3720
3721
3722
3723
3724
3725
3726
3727
3728
3729
3730
3731
3732
3733
3734
3735
3736
3737
3738
3739
3740
3741
3742
3743
3744
3745
3746
3747
3748
3749
3750
3751
3752
3753
3754
3755
3756
3757
3758
3759
3760
3761
3762
3763
3764
3765
3766
3767
3768
3769
3770
3771
3772
3773
3774
3775
3776
3777
3778
3779
3780
3781
3782
3783
3784
3785
3786
3787
3788
3789
3790
3791
3792
3793
3794
3795
3796
3797
3798
3799
3800
3801
3802
3803
3804
3805
3806
3807
3808
3809
3810
3811
3812
3813
3814
3815
3816
3817
3818
3819
3820
3821
3822
3823
3824
3825
3826
3827
3828
3829
3830
3831
3832
3833
3834
3835
3836
3837
3838
3839
3840
3841
3842
3843
3844
3845
3846
3847
3848
3849
3850
3851
3852
3853
3854
3855
3856
3857
3858
3859
3860
3861
3862
3863
3864
3865
3866
3867
3868
3869
3870
3871
3872
3873
3874
3875
3876
3877
3878
3879
3880
3881
3882
3883
3884
3885
3886
3887
3888
3889
3890
3891
3892
3893
3894
3895
3896
3897
3898
3899
3900
3901
3902
3903
3904
3905
3906
3907
3908
3909
3910
3911
3912
3913
3914
3915
3916
3917
3918
3919
3920
3921
3922
3923
3924
3925
3926
3927
3928
3929
3930
3931
3932
3933
3934
3935
3936
3937
3938
3939
3940
3941
3942
3943
3944
3945
3946
3947
3948
3949
3950
3951
3952
3953
3954
3955
3956
3957
3958
3959
3960
3961
3962
3963
3964
3965
3966
3967
3968
3969
3970
3971
3972
3973
3974
3975
3976
3977
3978
3979
3980
3981
3982
3983
3984
3985
3986
3987
3988
3989
3990
3991
3992
3993
3994
3995
3996
3997
3998
3999
4000
4001
4002
4003
4004
4005
4006
4007
4008
4009
4010
4011
4012
4013
4014
4015
4016
4017
4018
4019
4020
4021
4022
4023
4024
4025
4026
4027
4028
4029
4030
4031
4032
4033
4034
4035
4036
4037
4038
4039
4040
4041
4042
4043
4044
4045
4046
4047
4048
4049
4050
4051
4052
4053
4054
4055
4056
4057
4058
4059
4060
4061
4062
4063
4064
4065
4066
4067
4068
4069
4070
4071
4072
4073
4074
4075
4076
4077
4078
4079
4080
4081
4082
4083
4084
4085
4086
4087
4088
4089
4090
4091
4092
4093
4094
4095
4096
4097
4098
4099
4100
4101
4102
4103
4104
4105
4106
4107
4108
4109
4110
4111
4112
4113
4114
4115
4116
4117
4118
4119
4120
4121
4122
4123
4124
4125
4126
4127
4128
4129
4130
4131
4132
4133
4134
4135
4136
4137
4138
4139
4140
4141
4142
4143
4144
4145
4146
4147
4148
4149
4150
4151
4152
4153
4154
4155
4156
4157
4158
4159
4160
4161
4162
4163
4164
4165
4166
4167
4168
4169
4170
4171
4172
4173
4174
4175
4176
4177
4178
4179
4180
4181
4182
4183
4184
4185
4186
4187
4188
4189
4190
4191
4192
4193
4194
4195
4196
4197
4198
4199
4200
4201
4202
4203
4204
4205
4206
4207
4208
4209
4210
4211
4212
4213
4214
4215
4216
4217
4218
4219
4220
4221
4222
4223
4224
4225
4226
4227
4228
4229
4230
4231
4232
4233
4234
4235
4236
4237
4238
4239
4240
4241
4242
4243
4244
4245
4246
4247
4248
4249
4250
4251
4252
4253
4254
4255
4256
4257
4258
4259
4260
4261
4262
4263
4264
4265
4266
4267
4268
4269
4270
4271
4272
4273
4274
4275
4276
4277
4278
4279
4280
4281
4282
4283
4284
4285
4286
4287
4288
4289
4290
4291
4292
4293
4294
4295
4296
4297
4298
4299
4300
4301
4302
4303
4304
4305
4306
4307
4308
4309
4310
4311
4312
4313
4314
4315
4316
4317
4318
4319
4320
4321
4322
4323
4324
4325
4326
4327
4328
4329
4330
4331
4332
4333
4334
4335
4336
4337
4338
4339
4340
4341
4342
4343
4344
4345
4346
4347
4348
4349
4350
4351
4352
4353
4354
4355
4356
4357
4358
4359
4360
4361
4362
4363
4364
4365
4366
4367
4368
4369
4370
4371
4372
4373
4374
4375
4376
4377
4378
4379
4380
4381
4382
4383
4384
4385
4386
4387
4388
4389
4390
4391
4392
4393
4394
4395
4396
4397
4398
4399
4400
4401
4402
4403
4404
4405
4406
4407
4408
4409
4410
4411
4412
4413
4414
4415
4416
4417
4418
4419
4420
4421
4422
4423
4424
4425
4426
4427
4428
4429
4430
4431
4432
4433
4434
4435
4436
4437
4438
4439
4440
4441
4442
4443
4444
4445
4446
4447
4448
4449
4450
4451
4452
4453
4454
4455
4456
4457
4458
4459
4460
4461
4462
4463
4464
4465
4466
4467
4468
4469
4470
4471
4472
4473
4474
4475
4476
4477
4478
4479
4480
4481
4482
4483
4484
4485
4486
4487
4488
4489
4490
4491
4492
4493
4494
4495
4496
4497
4498
4499
4500
4501
4502
4503
4504
4505
4506
4507
4508
4509
4510
4511
4512
4513
4514
4515
4516
4517
4518
4519
4520
4521
4522
4523
4524
4525
4526
4527
4528
4529
4530
4531
4532
4533
4534
4535
4536
4537
4538
4539
4540
4541
4542
4543
4544
4545
4546
4547
4548
4549
4550
4551
4552
4553
4554
4555
4556
4557
4558
4559
4560
4561
4562
4563
4564
4565
4566
4567
4568
4569
4570
4571
4572
4573
4574
4575
4576
4577
4578
4579
4580
4581
4582
4583
4584
4585
4586
4587
4588
4589
4590
4591
4592
4593
4594
4595
4596
4597
4598
4599
4600
4601
4602
4603
4604
4605
4606
4607
4608
4609
4610
4611
4612
4613
4614
4615
4616
4617
4618
4619
4620
4621
4622
4623
4624
4625
4626
4627
4628
4629
4630
4631
4632
4633
4634
4635
4636
4637
4638
4639
4640
4641
4642
4643
4644
4645
4646
4647
4648
4649
4650
4651
4652
4653
4654
4655
4656
4657
4658
4659
4660
4661
4662
4663
4664
4665
4666
4667
4668
4669
4670
4671
4672
4673
4674
4675
4676
4677
4678
4679
4680
4681
4682
4683
4684
4685
4686
4687
4688
4689
4690
4691
4692
4693
4694
4695
4696
4697
4698
4699
4700
4701
4702
4703
4704
4705
4706
4707
4708
4709
4710
4711
4712
4713
4714
4715
4716
4717
4718
4719
4720
4721
4722
4723
4724
4725
4726
4727
4728
4729
4730
4731
4732
4733
4734
4735
4736
4737
4738
4739
4740
4741
4742
4743
4744
4745
4746
4747
4748
4749
4750
4751
4752
4753
4754
4755
4756
4757
4758
4759
4760
4761
4762
4763
4764
4765
4766
4767
4768
4769
4770
4771
4772
4773
4774
4775
4776
4777
4778
4779
4780
4781
4782
4783
4784
4785
4786
4787
4788
4789
4790
4791
4792
4793
4794
4795
4796
4797
4798
4799
4800
4801
4802
4803
4804
4805
4806
4807
4808
4809
4810
4811
4812
4813
4814
4815
4816
4817
4818
4819
4820
4821
4822
4823
4824
4825
4826
4827
4828
4829
4830
4831
4832
4833
4834
4835
4836
4837
4838
4839
4840
4841
4842
4843
4844
4845
4846
4847
4848
4849
4850
4851
4852
4853
4854
4855
4856
4857
4858
4859
4860
4861
4862
4863
4864
4865
4866
4867
4868
4869
4870
4871
4872
4873
4874
4875
4876
4877
4878
4879
4880
4881
4882
4883
4884
4885
4886
4887
4888
4889
4890
4891
4892
4893
4894
4895
4896
4897
4898
4899
4900
4901
4902
4903
4904
4905
4906
4907
4908
4909
4910
4911
4912
4913
4914
4915
4916
4917
4918
4919
4920
4921
4922
4923
4924
4925
4926
4927
4928
4929
4930
4931
4932
4933
4934
4935
4936
4937
4938
4939
4940
4941
4942
4943
4944
4945
4946
4947
4948
4949
4950
4951
4952
4953
4954
4955
4956
4957
4958
4959
4960
4961
4962
4963
4964
4965
4966
4967
4968
4969
4970
4971
4972
4973
4974
4975
4976
4977
4978
4979
4980
4981
4982
4983
4984
4985
4986
4987
4988
4989
4990
4991
4992
4993
4994
4995
4996
4997
4998
4999
5000
5001
5002
5003
5004
5005
5006
5007
5008
5009
5010
5011
5012
5013
5014
5015
5016
5017
5018
5019
5020
5021
5022
5023
5024
5025
5026
5027
5028
5029
5030
5031
5032
5033
5034
5035
5036
5037
5038
5039
5040
5041
5042
5043
5044
5045
5046
5047
5048
5049
5050
5051
5052
5053
5054
5055
5056
5057
5058
5059
5060
5061
5062
5063
5064
5065
5066
5067
5068
5069
5070
5071
5072
5073
5074
5075
5076
5077
5078
5079
5080
5081
5082
5083
5084
5085
5086
5087
5088
5089
5090
5091
5092
5093
5094
5095
5096
5097
5098
5099
5100
5101
5102
5103
5104
5105
5106
5107
5108
5109
5110
5111
5112
5113
5114
5115
5116
5117
5118
5119
5120
5121
5122
5123
5124
5125
5126
5127
5128
5129
5130
5131
5132
5133
5134
5135
5136
5137
5138
5139
5140
5141
5142
5143
5144
5145
5146
5147
5148
5149
5150
5151
5152
5153
5154
5155
5156
5157
5158
5159
5160
5161
5162
5163
5164
5165
5166
5167
5168
5169
5170
5171
5172
5173
5174
5175
5176
5177
5178
5179
5180
5181
5182
5183
5184
5185
5186
5187
5188
5189
5190
5191
5192
5193
5194
5195
5196
5197
5198
5199
5200
5201
5202
5203
5204
5205
5206
5207
5208
5209
5210
5211
5212
5213
5214
5215
5216
5217
5218
5219
5220
5221
5222
5223
5224
5225
5226
5227
5228
5229
5230
5231
5232
5233
5234
5235
5236
5237
5238
5239
5240
5241
5242
5243
5244
5245
5246
5247
5248
5249
5250
5251
5252
5253
5254
5255
5256
5257
5258
5259
5260
5261
5262
5263
5264
5265
5266
5267
5268
5269
5270
5271
5272
5273
5274
5275
5276
5277
5278
5279
5280
5281
5282
5283
5284
5285
5286
5287
5288
5289
5290
5291
5292
5293
5294
5295
5296
5297
5298
5299
5300
5301
5302
5303
5304
5305
5306
5307
5308
5309
5310
5311
5312
5313
5314
5315
5316
5317
5318
5319
5320
5321
5322
5323
5324
5325
5326
5327
5328
5329
5330
5331
5332
5333
5334
5335
5336
5337
5338
5339
5340
5341
5342
5343
5344
5345
5346
5347
5348
5349
5350
5351
5352
5353
5354
5355
5356
5357
5358
5359
5360
5361
5362
5363
5364
5365
5366
5367
5368
5369
5370
5371
5372
5373
5374
5375
5376
5377
5378
5379
5380
5381
5382
5383
5384
5385
5386
5387
5388
5389
5390
5391
5392
5393
5394
5395
5396
5397
5398
5399
5400
5401
5402
5403
5404
5405
5406
5407
5408
5409
5410
5411
5412
5413
5414
5415
5416
5417
5418
5419
5420
5421
5422
5423
5424
5425
5426
5427
5428
5429
5430
5431
5432
5433
5434
5435
5436
5437
5438
5439
5440
5441
5442
5443
5444
5445
5446
5447
5448
5449
5450
5451
5452
5453
5454
5455
5456
5457
5458
5459
5460
5461
5462
5463
5464
5465
5466
5467
5468
5469
5470
5471
5472
5473
5474
5475
5476
5477
5478
5479
5480
5481
5482
5483
5484
5485
5486
5487
5488
5489
5490
5491
5492
5493
5494
5495
5496
5497
5498
5499
5500
5501
5502
5503
5504
5505
5506
5507
5508
5509
5510
5511
5512
5513
5514
5515
5516
5517
5518
5519
5520
5521
5522
5523
5524
5525
5526
5527
5528
5529
5530
5531
5532
5533
5534
5535
5536
5537
5538
5539
5540
5541
5542
5543
5544
5545
5546
5547
5548
5549
5550
5551
5552
5553
5554
5555
5556
5557
5558
5559
5560
5561
5562
5563
5564
5565
5566
5567
5568
5569
5570
5571
5572
5573
5574
5575
5576
5577
5578
5579
5580
5581
5582
5583
5584
5585
5586
5587
5588
5589
5590
5591
5592
5593
5594
5595
5596
5597
5598
5599
5600
5601
5602
5603
5604
5605
5606
5607
5608
5609
5610
5611
5612
5613
5614
5615
5616
5617
5618
5619
5620
5621
5622
5623
5624
5625
5626
5627
5628
5629
5630
5631
5632
5633
5634
5635
5636
5637
5638
5639
5640
5641
5642
5643
5644
5645
5646
5647
5648
5649
5650
5651
5652
5653
5654
5655
5656
5657
5658
5659
5660
5661
5662
5663
5664
5665
5666
5667
5668
5669
5670
5671
5672
5673
5674
5675
5676
5677
5678
5679
5680
5681
5682
5683
5684
5685
5686
5687
5688
5689
5690
5691
5692
5693
5694
5695
5696
5697
5698
5699
5700
5701
5702
5703
5704
5705
5706
5707
5708
5709
5710
5711
5712
5713
5714
5715
5716
5717
5718
5719
5720
5721
5722
5723
5724
5725
5726
5727
5728
5729
5730
5731
5732
5733
5734
5735
5736
5737
5738
5739
5740
5741
5742
5743
5744
5745
5746
5747
5748
5749
5750
5751
5752
5753
5754
5755
5756
5757
5758
5759
5760
5761
5762
5763
5764
5765
5766
5767
5768
5769
5770
5771
5772
5773
5774
5775
5776
5777
5778
5779
5780
5781
5782
5783
5784
5785
5786
5787
5788
5789
5790
5791
5792
5793
5794
5795
5796
5797
5798
5799
5800
5801
5802
5803
5804
5805
5806
5807
5808
5809
5810
5811
5812
5813
5814
5815
5816
5817
5818
5819
5820
5821
5822
5823
5824
5825
5826
5827
5828
5829
5830
5831
5832
5833
5834
5835
5836
5837
5838
5839
5840
5841
5842
5843
5844
5845
5846
5847
5848
5849
5850
5851
5852
5853
5854
5855
5856
5857
5858
5859
5860
5861
5862
5863
5864
5865
5866
5867
5868
5869
5870
5871
5872
5873
5874
5875
5876
5877
5878
5879
5880
5881
5882
5883
5884
5885
5886
5887
5888
5889
5890
5891
5892
5893
5894
5895
5896
5897
5898
5899
5900
5901
5902
5903
5904
5905
5906
5907
5908
5909
5910
5911
5912
5913
5914
5915
5916
5917
5918
5919
5920
5921
5922
5923
5924
5925
5926
5927
5928
5929
5930
5931
5932
5933
5934
5935
5936
5937
5938
5939
5940
5941
5942
5943
5944
5945
5946
5947
5948
5949
5950
5951
5952
5953
5954
5955
5956
5957
5958
5959
5960
5961
5962
5963
5964
5965
5966
5967
5968
5969
5970
5971
5972
5973
5974
5975
5976
5977
5978
5979
5980
5981
5982
5983
5984
5985
5986
5987
5988
5989
5990
5991
5992
5993
5994
5995
5996
5997
5998
5999
6000
6001
6002
6003
6004
6005
6006
6007
6008
6009
6010
6011
6012
6013
6014
6015
6016
6017
6018
6019
6020
6021
6022
6023
6024
6025
6026
6027
6028
6029
6030
6031
6032
6033
6034
6035
6036
6037
6038
6039
6040
6041
6042
6043
6044
6045
6046
6047
6048
6049
6050
6051
6052
6053
6054
6055
6056
6057
6058
6059
6060
6061
6062
6063
6064
6065
6066
6067
6068
6069
6070
6071
6072
6073
6074
6075
6076
6077
6078
6079
6080
6081
6082
6083
6084
6085
6086
6087
6088
6089
6090
6091
6092
6093
6094
6095
6096
6097
6098
6099
6100
6101
6102
6103
6104
6105
6106
6107
6108
6109
6110
6111
6112
6113
6114
6115
6116
6117
6118
6119
6120
6121
6122
6123
6124
6125
6126
6127
6128
6129
6130
6131
6132
6133
6134
6135
6136
6137
6138
6139
6140
6141
6142
6143
6144
6145
6146
6147
6148
6149
6150
6151
6152
6153
6154
6155
6156
6157
6158
6159
6160
6161
6162
6163
6164
6165
6166
6167
6168
6169
6170
6171
6172
6173
6174
6175
6176
6177
6178
6179
6180
6181
6182
6183
6184
6185
6186
6187
6188
6189
6190
6191
6192
6193
6194
6195
6196
6197
6198
6199
6200
6201
6202
6203
6204
6205
6206
6207
6208
6209
6210
6211
6212
6213
6214
6215
6216
6217
6218
6219
6220
6221
6222
6223
6224
6225
6226
6227
6228
6229
6230
6231
6232
6233
6234
6235
6236
6237
6238
6239
6240
6241
6242
6243
6244
6245
6246
6247
6248
6249
6250
6251
6252
6253
6254
6255
6256
6257
6258
6259
6260
6261
6262
6263
6264
6265
6266
6267
6268
6269
6270
6271
6272
6273
6274
6275
6276
6277
6278
6279
6280
6281
6282
6283
6284
6285
6286
6287
6288
6289
6290
6291
6292
6293
6294
6295
6296
6297
6298
6299
6300
6301
6302
6303
6304
6305
6306
6307
6308
6309
6310
6311
6312
6313
6314
6315
6316
6317
6318
6319
6320
6321
6322
6323
6324
6325
6326
6327
6328
6329
6330
6331
6332
6333
6334
6335
6336
6337
6338
6339
6340
6341
6342
6343
6344
6345
6346
6347
6348
6349
6350
6351
6352
6353
6354
6355
6356
6357
6358
6359
6360
6361
6362
6363
6364
6365
6366
6367
6368
6369
6370
6371
6372
6373
6374
6375
6376
6377
6378
6379
6380
6381
6382
6383
6384
6385
6386
6387
6388
6389
6390
6391
6392
6393
6394
6395
6396
6397
6398
6399
6400
6401
6402
6403
6404
6405
6406
6407
6408
6409
6410
6411
6412
6413
6414
6415
6416
6417
6418
6419
6420
6421
6422
6423
6424
6425
6426
6427
6428
6429
6430
6431
6432
6433
6434
6435
6436
6437
6438
6439
6440
6441
6442
6443
6444
6445
6446
6447
6448
6449
6450
6451
6452
6453
6454
6455
6456
6457
6458
6459
6460
6461
6462
6463
6464
6465
6466
6467
6468
6469
6470
6471
6472
6473
6474
6475
6476
6477
6478
6479
6480
6481
6482
6483
6484
6485
6486
6487
6488
6489
6490
6491
6492
6493
6494
6495
6496
6497
6498
6499
6500
6501
6502
6503
6504
6505
6506
6507
6508
6509
6510
6511
6512
6513
6514
6515
6516
6517
6518
6519
6520
6521
6522
6523
6524
6525
6526
6527
6528
6529
6530
6531
6532
6533
6534
6535
6536
6537
6538
6539
6540
6541
6542
6543
6544
6545
6546
6547
6548
6549
6550
6551
6552
6553
6554
6555
6556
6557
6558
6559
6560
6561
6562
6563
6564
6565
6566
6567
6568
6569
6570
6571
6572
6573
6574
6575
6576
6577
6578
6579
6580
6581
6582
6583
6584
6585
6586
6587
6588
6589
6590
6591
6592
6593
6594
6595
6596
6597
6598
6599
6600
6601
6602
6603
6604
6605
6606
6607
6608
6609
6610
6611
6612
6613
6614
6615
6616
6617
6618
6619
6620
6621
6622
6623
6624
6625
6626
6627
6628
6629
6630
6631
6632
6633
6634
6635
6636
6637
6638
6639
6640
6641
6642
6643
6644
6645
6646
6647
6648
6649
6650
6651
6652
6653
6654
6655
6656
6657
6658
6659
6660
6661
6662
6663
6664
6665
6666
6667
6668
6669
6670
6671
6672
6673
6674
6675
6676
6677
6678
6679
6680
6681
6682
6683
6684
6685
6686
6687
6688
6689
6690
6691
6692
6693
6694
6695
6696
6697
6698
6699
6700
6701
6702
6703
6704
6705
6706
6707
6708
6709
6710
6711
6712
6713
6714
6715
6716
6717
6718
6719
6720
6721
6722
6723
6724
6725
6726
6727
6728
6729
6730
6731
6732
6733
6734
6735
6736
6737
6738
6739
6740
6741
6742
6743
6744
6745
6746
6747
6748
6749
6750
6751
6752
6753
6754
6755
6756
6757
6758
6759
6760
6761
6762
6763
6764
6765
6766
6767
6768
6769
6770
6771
6772
6773
6774
6775
6776
6777
6778
6779
6780
6781
6782
6783
6784
6785
6786
6787
6788
6789
6790
6791
6792
6793
6794
6795
6796
6797
6798
6799
6800
6801
6802
6803
6804
6805
6806
6807
6808
6809
6810
6811
6812
6813
6814
6815
6816
6817
6818
6819
6820
6821
6822
6823
6824
6825
6826
6827
6828
6829
6830
6831
6832
6833
6834
6835
6836
6837
6838
6839
6840
6841
6842
6843
6844
6845
6846
6847
6848
6849
6850
6851
6852
6853
6854
6855
6856
6857
6858
6859
6860
6861
6862
6863
6864
6865
6866
6867
6868
6869
6870
6871
6872
6873
6874
6875
6876
6877
6878
6879
6880
6881
6882
6883
6884
6885
6886
6887
6888
6889
6890
6891
6892
6893
6894
6895
6896
6897
6898
6899
6900
6901
6902
6903
6904
6905
6906
6907
6908
6909
6910
6911
6912
6913
6914
6915
6916
6917
6918
6919
6920
6921
6922
6923
6924
6925
6926
6927
6928
6929
6930
6931
6932
6933
6934
6935
6936
6937
6938
6939
6940
6941
6942
6943
6944
6945
6946
6947
6948
6949
6950
6951
6952
6953
6954
6955
6956
6957
6958
6959
6960
6961
6962
6963
6964
6965
6966
6967
6968
6969
6970
6971
6972
6973
6974
6975
6976
6977
6978
6979
6980
6981
6982
6983
6984
6985
6986
6987
6988
6989
6990
6991
6992
6993
6994
6995
6996
6997
6998
6999
7000
7001
7002
7003
7004
7005
7006
7007
7008
7009
7010
7011
7012
7013
7014
7015
7016
7017
7018
7019
7020
7021
7022
7023
7024
7025
7026
7027
7028
7029
7030
7031
7032
7033
7034
7035
7036
7037
7038
7039
7040
7041
7042
7043
7044
7045
7046
7047
7048
7049
7050
7051
7052
7053
7054
7055
7056
7057
7058
7059
7060
7061
7062
7063
7064
7065
7066
7067
7068
7069
7070
7071
7072
7073
7074
7075
7076
7077
7078
7079
7080
7081
7082
7083
7084
7085
7086
7087
7088
7089
7090
7091
7092
7093
7094
7095
7096
7097
7098
7099
7100
7101
7102
7103
7104
7105
7106
7107
7108
7109
7110
7111
7112
7113
7114
7115
7116
7117
7118
7119
7120
7121
7122
7123
7124
7125
7126
7127
7128
7129
7130
7131
7132
7133
7134
7135
7136
7137
7138
7139
7140
7141
7142
7143
7144
7145
7146
7147
7148
7149
7150
7151
7152
7153
7154
7155
7156
7157
7158
7159
7160
7161
7162
7163
7164
7165
7166
7167
7168
7169
7170
7171
7172
7173
7174
7175
7176
7177
7178
7179
7180
7181
7182
7183
7184
7185
7186
7187
7188
7189
7190
7191
7192
7193
7194
7195
7196
7197
7198
7199
7200
7201
7202
7203
7204
7205
7206
7207
7208
7209
7210
7211
7212
7213
7214
7215
7216
7217
7218
7219
7220
7221
7222
7223
7224
7225
7226
7227
7228
7229
7230
7231
7232
7233
7234
7235
7236
7237
7238
7239
7240
7241
7242
7243
7244
7245
7246
7247
7248
7249
7250
7251
7252
7253
7254
7255
7256
7257
7258
7259
7260
7261
7262
7263
7264
7265
7266
7267
7268
7269
7270
7271
7272
7273
7274
7275
7276
7277
7278
7279
7280
7281
7282
7283
7284
7285
7286
7287
7288
7289
7290
7291
7292
7293
7294
7295
7296
7297
7298
7299
7300
7301
7302
7303
7304
7305
7306
7307
7308
7309
7310
7311
7312
7313
7314
7315
7316
7317
7318
7319
7320
7321
7322
7323
7324
7325
7326
7327
7328
7329
7330
7331
7332
7333
7334
7335
7336
7337
7338
7339
7340
7341
7342
7343
7344
7345
7346
7347
7348
7349
7350
7351
7352
7353
7354
7355
7356
7357
7358
7359
7360
7361
7362
7363
7364
7365
7366
7367
7368
7369
7370
7371
7372
7373
7374
7375
7376
7377
7378
7379
7380
7381
7382
7383
7384
7385
7386
7387
7388
7389
7390
7391
7392
7393
7394
7395
7396
7397
7398
7399
7400
7401
7402
7403
7404
7405
7406
7407
7408
7409
7410
7411
7412
7413
7414
7415
7416
7417
7418
7419
7420
7421
7422
7423
7424
7425
7426
7427
7428
7429
7430
7431
7432
7433
7434
7435
7436
7437
7438
7439
7440
7441
7442
7443
7444
7445
7446
7447
7448
7449
7450
7451
7452
7453
7454
7455
7456
7457
7458
7459
7460
7461
7462
7463
7464
7465
7466
7467
7468
7469
7470
7471
7472
7473
7474
7475
7476
7477
7478
7479
7480
7481
7482
7483
7484
7485
7486
7487
7488
7489
7490
7491
7492
7493
7494
7495
7496
7497
7498
7499
7500
7501
7502
7503
7504
7505
7506
7507
7508
7509
7510
7511
7512
7513
7514
7515
7516
7517
7518
7519
7520
7521
7522
7523
7524
7525
7526
7527
7528
7529
7530
7531
7532
7533
7534
7535
7536
7537
7538
7539
7540
7541
7542
7543
7544
7545
7546
7547
7548
7549
7550
7551
7552
7553
7554
7555
7556
7557
7558
7559
7560
7561
7562
7563
7564
7565
7566
7567
7568
7569
7570
7571
7572
7573
7574
7575
7576
7577
7578
7579
7580
7581
7582
7583
7584
7585
7586
7587
7588
7589
7590
7591
7592
7593
7594
7595
7596
7597
7598
7599
7600
7601
7602
7603
7604
7605
7606
7607
7608
7609
7610
7611
7612
7613
7614
7615
7616
7617
7618
7619
7620
7621
7622
7623
7624
7625
7626
7627
7628
7629
7630
7631
7632
7633
7634
7635
7636
7637
7638
7639
7640
7641
7642
7643
7644
7645
7646
7647
7648
7649
7650
7651
7652
7653
7654
7655
7656
7657
7658
7659
7660
7661
7662
7663
7664
7665
7666
7667
7668
7669
7670
7671
7672
7673
7674
7675
7676
7677
7678
7679
7680
7681
7682
7683
7684
7685
7686
7687
7688
7689
7690
7691
7692
7693
7694
7695
7696
7697
7698
7699
7700
7701
7702
7703
7704
7705
7706
7707
7708
7709
7710
7711
7712
7713
7714
7715
7716
7717
7718
7719
7720
7721
7722
7723
7724
7725
7726
7727
7728
7729
7730
7731
7732
7733
7734
7735
7736
7737
7738
7739
7740
7741
7742
7743
7744
7745
7746
7747
7748
7749
7750
7751
7752
7753
7754
7755
7756
7757
7758
7759
7760
7761
7762
7763
7764
7765
7766
7767
7768
7769
7770
7771
7772
7773
7774
7775
7776
7777
7778
7779
7780
7781
7782
7783
7784
7785
7786
7787
7788
7789
7790
7791
7792
7793
7794
7795
7796
7797
7798
7799
7800
7801
7802
7803
7804
7805
7806
7807
7808
7809
7810
7811
7812
7813
7814
7815
7816
7817
7818
7819
7820
7821
7822
7823
7824
7825
7826
7827
7828
7829
7830
7831
7832
7833
7834
7835
7836
7837
7838
7839
7840
7841
7842
7843
7844
7845
7846
7847
7848
7849
7850
7851
7852
7853
7854
7855
7856
7857
7858
7859
7860
7861
7862
7863
7864
7865
7866
7867
7868
7869
7870
7871
7872
7873
7874
7875
7876
7877
7878
7879
7880
7881
7882
7883
7884
7885
7886
7887
7888
7889
7890
7891
7892
7893
7894
7895
7896
7897
7898
7899
7900
7901
7902
7903
7904
7905
7906
7907
7908
7909
7910
7911
7912
7913
7914
7915
7916
7917
7918
7919
7920
7921
7922
7923
7924
7925
7926
7927
7928
7929
7930
7931
7932
7933
7934
7935
7936
7937
7938
7939
7940
7941
7942
7943
7944
7945
7946
7947
7948
7949
7950
7951
7952
7953
7954
7955
7956
7957
7958
7959
7960
7961
7962
7963
7964
7965
7966
7967
7968
7969
7970
7971
7972
7973
7974
7975
7976
7977
7978
7979
7980
7981
7982
7983
7984
7985
7986
7987
7988
7989
7990
7991
7992
7993
7994
7995
7996
7997
7998
7999
8000
8001
8002
8003
8004
8005
8006
8007
8008
8009
8010
8011
8012
8013
8014
8015
8016
8017
8018
8019
8020
8021
8022
8023
8024
8025
8026
8027
8028
8029
8030
8031
8032
8033
8034
8035
8036
8037
8038
8039
8040
8041
8042
8043
8044
8045
8046
8047
8048
8049
8050
8051
8052
8053
8054
8055
8056
8057
8058
8059
8060
8061
8062
8063
8064
8065
8066
8067
8068
8069
8070
8071
8072
8073
8074
8075
8076
8077
8078
8079
8080
8081
8082
8083
8084
8085
8086
8087
8088
8089
8090
8091
8092
8093
8094
8095
8096
8097
8098
8099
8100
8101
8102
8103
8104
8105
8106
8107
8108
8109
8110
8111
8112
8113
8114
8115
8116
8117
8118
8119
8120
8121
8122
8123
8124
8125
8126
8127
8128
8129
8130
8131
8132
8133
8134
8135
8136
8137
8138
8139
8140
8141
8142
8143
8144
8145
8146
8147
8148
8149
8150
8151
8152
8153
8154
8155
8156
8157
8158
8159
8160
8161
8162
8163
8164
8165
8166
8167
8168
8169
8170
8171
8172
8173
8174
8175
8176
8177
8178
8179
8180
8181
8182
8183
8184
8185
8186
8187
8188
8189
8190
8191
8192
8193
8194
8195
8196
8197
8198
8199
8200
8201
8202
8203
8204
8205
8206
8207
8208
8209
8210
8211
8212
8213
8214
8215
8216
8217
8218
8219
8220
8221
8222
8223
8224
8225
8226
8227
8228
8229
8230
8231
8232
8233
8234
8235
8236
8237
8238
8239
8240
8241
8242
8243
8244
8245
8246
8247
8248
8249
8250
8251
8252
8253
8254
8255
8256
8257
8258
8259
8260
8261
8262
8263
8264
8265
8266
8267
8268
8269
8270
8271
8272
8273
8274
8275
8276
8277
8278
8279
8280
8281
8282
8283
8284
8285
8286
8287
8288
8289
8290
8291
8292
8293
8294
8295
8296
8297
8298
8299
8300
8301
8302
8303
8304
8305
8306
8307
8308
8309
8310
8311
8312
8313
8314
8315
8316
8317
8318
8319
8320
8321
8322
8323
8324
8325
8326
8327
8328
8329
8330
8331
8332
8333
8334
8335
8336
8337
8338
8339
8340
8341
8342
8343
8344
8345
8346
8347
8348
8349
8350
8351
8352
8353
8354
8355
8356
8357
8358
8359
8360
8361
8362
8363
8364
8365
8366
8367
8368
8369
8370
8371
8372
8373
8374
8375
8376
8377
8378
8379
8380
8381
8382
8383
8384
8385
8386
8387
8388
8389
8390
8391
8392
8393
8394
8395
8396
8397
8398
8399
8400
8401
8402
8403
8404
8405
8406
8407
8408
8409
8410
8411
8412
8413
8414
8415
8416
8417
8418
8419
8420
8421
8422
8423
8424
8425
8426
8427
8428
8429
8430
8431
8432
8433
8434
8435
8436
8437
8438
8439
8440
8441
8442
8443
8444
8445
8446
8447
8448
8449
8450
8451
8452
8453
8454
8455
8456
8457
8458
8459
8460
8461
8462
8463
8464
8465
8466
8467
8468
8469
8470
8471
8472
8473
8474
8475
8476
8477
8478
8479
8480
8481
8482
8483
8484
8485
8486
8487
8488
8489
8490
8491
8492
8493
8494
8495
8496
8497
8498
8499
8500
8501
8502
8503
8504
8505
8506
8507
8508
8509
8510
8511
8512
8513
8514
8515
8516
8517
8518
8519
8520
8521
8522
8523
8524
8525
8526
8527
8528
8529
8530
8531
8532
8533
8534
8535
8536
8537
8538
8539
8540
8541
8542
8543
8544
8545
8546
8547
8548
8549
8550
8551
8552
8553
8554
8555
8556
8557
8558
8559
8560
8561
8562
8563
8564
8565
8566
8567
8568
8569
8570
8571
8572
8573
8574
8575
8576
8577
8578
8579
8580
8581
8582
8583
8584
8585
8586
8587
8588
8589
8590
8591
8592
8593
8594
8595
8596
8597
8598
8599
8600
8601
8602
8603
8604
8605
8606
8607
8608
8609
8610
8611
8612
8613
8614
8615
8616
8617
8618
8619
8620
8621
8622
8623
8624
8625
8626
8627
8628
8629
8630
8631
8632
8633
8634
8635
8636
8637
8638
8639
8640
8641
8642
8643
8644
8645
8646
8647
8648
8649
8650
8651
8652
8653
8654
8655
8656
8657
8658
8659
8660
8661
8662
8663
8664
8665
8666
8667
8668
8669
8670
8671
8672
8673
8674
8675
8676
8677
8678
8679
8680
8681
8682
8683
8684
8685
8686
8687
8688
8689
8690
8691
8692
8693
8694
8695
8696
8697
8698
8699
8700
8701
8702
8703
8704
8705
8706
8707
8708
8709
8710
8711
8712
8713
8714
8715
8716
8717
8718
8719
8720
8721
8722
8723
8724
8725
8726
8727
8728
8729
8730
8731
8732
8733
8734
8735
8736
8737
8738
8739
8740
8741
8742
8743
8744
8745
8746
8747
8748
8749
8750
8751
8752
8753
8754
8755
8756
8757
8758
8759
8760
8761
8762
8763
8764
8765
8766
8767
8768
8769
8770
8771
8772
8773
8774
8775
8776
8777
8778
8779
8780
8781
8782
8783
8784
8785
8786
8787
8788
8789
8790
8791
8792
8793
8794
8795
8796
8797
8798
8799
8800
8801
8802
8803
8804
8805
8806
8807
8808
8809
8810
8811
8812
8813
8814
8815
8816
8817
8818
8819
8820
8821
8822
8823
8824
8825
8826
8827
8828
8829
8830
8831
8832
8833
8834
8835
8836
8837
8838
8839
8840
8841
8842
8843
8844
8845
8846
8847
8848
8849
8850
8851
8852
8853
8854
8855
8856
8857
8858
8859
8860
8861
8862
8863
8864
8865
8866
8867
8868
8869
8870
8871
8872
8873
8874
8875
8876
8877
8878
8879
8880
8881
8882
8883
8884
8885
8886
8887
8888
8889
8890
8891
8892
8893
8894
8895
8896
8897
8898
8899
8900
8901
8902
8903
8904
8905
8906
8907
8908
8909
8910
8911
8912
8913
8914
8915
8916
8917
8918
8919
8920
8921
8922
8923
8924
8925
8926
8927
8928
8929
8930
8931
8932
8933
8934
8935
8936
8937
8938
8939
8940
8941
8942
8943
8944
8945
8946
8947
8948
8949
8950
8951
8952
8953
8954
8955
8956
8957
8958
8959
8960
8961
8962
8963
8964
8965
8966
8967
8968
8969
8970
8971
8972
8973
8974
8975
8976
8977
8978
8979
8980
8981
8982
8983
8984
8985
8986
8987
8988
8989
8990
8991
8992
8993
8994
8995
8996
8997
8998
8999
9000
9001
9002
9003
9004
9005
9006
9007
9008
9009
9010
9011
9012
9013
9014
9015
9016
9017
9018
9019
9020
9021
9022
9023
9024
9025
9026
9027
9028
9029
9030
9031
9032
9033
9034
9035
9036
9037
9038
9039
9040
9041
9042
9043
9044
9045
9046
9047
9048
9049
9050
9051
9052
9053
9054
9055
9056
9057
9058
9059
9060
9061
9062
9063
9064
9065
9066
9067
9068
9069
9070
9071
9072
9073
9074
9075
9076
9077
9078
9079
9080
9081
9082
9083
9084
9085
9086
9087
9088
9089
9090
9091
9092
9093
9094
9095
9096
9097
9098
9099
9100
9101
9102
9103
9104
9105
9106
9107
9108
9109
9110
9111
9112
9113
9114
9115
9116
9117
9118
9119
9120
9121
9122
9123
9124
9125
9126
9127
9128
9129
9130
9131
9132
9133
9134
9135
9136
9137
9138
9139
9140
9141
9142
9143
9144
9145
9146
9147
9148
9149
9150
9151
9152
9153
9154
9155
9156
9157
9158
9159
9160
9161
9162
9163
9164
9165
9166
9167
9168
9169
9170
9171
9172
9173
9174
9175
9176
9177
9178
9179
9180
9181
9182
9183
9184
9185
9186
9187
9188
9189
9190
9191
9192
9193
9194
9195
9196
9197
9198
9199
9200
9201
9202
9203
9204
9205
9206
9207
9208
9209
9210
9211
9212
9213
9214
9215
9216
9217
9218
9219
9220
9221
9222
9223
9224
9225
9226
9227
9228
9229
9230
9231
9232
9233
9234
9235
9236
9237
9238
9239
9240
9241
9242
9243
9244
9245
9246
9247
9248
9249
9250
9251
9252
9253
9254
9255
9256
9257
9258
9259
9260
9261
9262
9263
9264
9265
9266
9267
9268
9269
9270
9271
9272
9273
9274
9275
9276
9277
9278
9279
9280
9281
9282
9283
9284
9285
9286
9287
9288
9289
9290
9291
9292
9293
9294
9295
9296
9297
9298
9299
9300
9301
9302
9303
9304
9305
9306
9307
9308
9309
9310
9311
9312
9313
9314
9315
9316
9317
9318
9319
9320
9321
9322
9323
9324
9325
9326
9327
9328
9329
9330
9331
9332
9333
9334
9335
9336
9337
9338
9339
9340
9341
9342
9343
9344
9345
9346
9347
9348
9349
9350
9351
9352
9353
9354
9355
9356
9357
9358
9359
9360
9361
9362
9363
9364
9365
9366
9367
9368
9369
9370
9371
9372
9373
9374
9375
9376
9377
9378
9379
9380
9381
9382
9383
9384
9385
9386
9387
9388
9389
9390
9391
9392
9393
9394
9395
9396
9397
9398
9399
9400
9401
9402
9403
9404
9405
9406
9407
9408
9409
9410
9411
9412
9413
9414
9415
9416
9417
9418
9419
9420
9421
9422
9423
9424
9425
9426
9427
9428
9429
9430
9431
9432
9433
9434
9435
9436
9437
9438
9439
9440
9441
9442
9443
9444
9445
9446
9447
9448
9449
9450
9451
9452
9453
9454
9455
9456
9457
9458
9459
9460
9461
9462
9463
9464
9465
9466
9467
9468
9469
9470
9471
9472
9473
9474
9475
9476
9477
9478
9479
9480
9481
9482
9483
9484
9485
9486
9487
9488
9489
9490
9491
9492
9493
9494
9495
9496
9497
9498
9499
9500
9501
9502
9503
9504
9505
9506
9507
9508
9509
9510
9511
9512
9513
9514
9515
9516
9517
9518
9519
9520
9521
9522
9523
9524
9525
9526
9527
9528
9529
9530
9531
9532
9533
9534
9535
9536
9537
9538
9539
9540
9541
9542
9543
9544
9545
9546
9547
9548
9549
9550
9551
9552
9553
9554
9555
9556
9557
9558
9559
9560
9561
9562
9563
9564
9565
9566
9567
9568
9569
9570
9571
9572
9573
9574
9575
9576
9577
9578
9579
9580
9581
9582
9583
9584
9585
9586
9587
9588
9589
9590
9591
9592
9593
9594
9595
9596
9597
9598
9599
9600
9601
9602
9603
9604
9605
9606
9607
9608
9609
9610
9611
9612
9613
9614
9615
9616
9617
9618
9619
9620
9621
9622
9623
9624
9625
9626
9627
9628
9629
9630
9631
9632
9633
2.140085933356834 2.477268182733608 0
2.147503012296489 2.377792731194847 0
17.85081609229402 2.494908248427704 0
17.86085661442762 2.33994181376085 0
17.86484998098177 2.593785762993332 0
1.40795216876108 4.762674147689719 0
4.945675389077078 2.821932460901331 0
17.97963073456941 2.572849518214103 0
18.03491152105914 2.683549877693002 0
2.015510443167235 2.492242795283961 0
2.032650441712622 2.323281204482672 0
2.021781420955071 2.598260750327348 0
18.53888675054267 0.3164738056138954 0
5.731923034967033 2.74903383450492 0
2.365371587409239 2.767421362221657 0
2.685817456857036 2.2035761603331 0
9.796920840109516 2.862544482481514 0
17.42978865539375 2.801341458547573 0
1.875075144978114 2.526832715897355 0
1.934389300496262 2.659478523011077 0
18.1052120264088 2.631203138165391 0
18.12673770549451 2.775160684300879 0
19.79257630620727 1.71722069439068 0
17.52196848646974 0.2269461491990632 0
4.190366928511124 4.785197429209177 0
14.11957805021739 4.698521515740308 0
16.88175518574794 2.75292150756104 0
10.31993182516607 2.881246019066084 0
15.99926393968382 4.718335947332738 0
14.88894033141304 2.90853649632299 0
15.70863004039981 0.3015169393409249 0
12.13273996635521 0.2306326887001031 0
2.03811667435784 0.2177902382864034 0
15.51425420799366 2.905312203091076 0
4.7642333143327 0.2317790630524881 0
5.435296374333096 4.744878606934698 0
7.266419574352018 0.2218654380445702 0
11.00295187329822 4.795100657332553 0
0.2235921039440161 1.67947789478399 0
19.79392275454181 3.594430531424753 0
9.303874916689844 4.791461364755158 0
16.85981639054101 2.228137548391355 0
2.727624704526462 4.796761157788248 0
4.318901783036813 2.238068838723515 0
1.724788100134067 2.601696579957529 0
1.809813209484512 2.743531652339925 0
6.488338033540324 2.756222206782198 0
14.93295235857048 2.004936239633407 0
12.91989669116192 2.03781748157898 0
3.375793259644801 2.238076193207077 0
8.417569225115773 2.76978330828288 0
7.122782323796443 2.735036067781737 0
7.673257635896604 2.763565725644954 0
18.18948427442654 2.667180979781674 0
18.24030679918119 2.854270866466534 0
18.21315536654814 2.541026885514792 0
16.22131417319339 2.190734402458794 0
5.459766965969806 2.067998314990562 0
6.588174445325746 2.052659161097801 0
3.529687333621582 2.779130479611067 0
0.2229976909561309 3.54586978422498 0
2.01505652206237 4.791869485159677 0
12.44077393283608 2.79136564630284 0
13.17565245629362 2.808420336308088 0
11.70834465454106 2.773821673225088 0
17.95399295321314 4.790598141061285 0
11.46917398576485 2.202004248629674 0
10.74786037913093 2.201098670513732 0
9.805515605582661 2.232693445151661 0
9.219147492606863 2.197082975836051 0
8.54108323437219 2.237420837904797 0
16.98244710639532 4.73545231595552 0
18.1729937687338 2.968847826309171 0
18.26299482828755 3.013457588326185 0
18.12688866455444 3.107856845375514 0
10.25476986501609 4.805001152122788 0
14.29073471842746 2.038854292422016 0
13.62765847892319 2.045760342850281 0
2.754053367504782 0.1968418124279046 0
18.39006713266604 2.564271925494453 0
18.34651678713364 2.375074030010635 0
6.051634689514713 0.2131107020745948 0
3.472459349060685 0.2054100770872833 0
1.586887303080202 2.704921434032676 0
1.682007706344095 2.835149844077459 0
1.620260344998153 2.413152339696187 0
16.56209112147284 0.3142955759231625 0
7.473332285040891 4.759161089139156 0
13.88973996991024 2.813467749902038 0
18.27769596571257 3.123391074619961 0
8.250885664177119 4.740128598851195 0
6.722452352375652 4.775997998778794 0
7.708916400551027 2.198503331650336 0
13.43896676728161 4.764572927582236 0
12.2094998174237 4.790924792103304 0
8.122001160009631 0.1872254869151182 0
8.982010751276851 0.2517033328908398 0
9.73894837204956 0.2463186722814856 0
10.48206782465099 0.240972158227835 0
11.20919053831434 0.2471510014784029 0
18.08687903583274 3.284688664541068 0
15.03883453411734 4.767223184780482 0
13.03486619042981 0.248875104842659 0
14.74892344523672 0.2422539547587368 0
18.41589429269101 3.07502119565988 0
18.4936382013387 3.220882216475262 0
14.00578509920821 0.2496824983576555 0
1.46778931100447 2.580540824511977 0
1.418451285943073 2.310346250286698 0
18.56197613072403 2.479338725312535 0
18.48845555663897 2.326107712262989 0
10.99325214326264 2.745053111512296 0
1.76885774619277 2.967990931538549 0
1.640651214655826 3.048240154721107 0
1.859321950337169 3.112831757725964 0
1.710522227271904 3.195000162211131 0
1.967772469954514 3.264663813660135 0
1.792454118383789 3.411496189049252 0
1.544613446563979 3.103007689081326 0
9.122304209283525 2.762024974007716 0
12.14213683755779 2.154755619830641 0
1.983907840014671 3.533409883804029 0
18.62009764278459 3.132326558993023 0
18.59870843640255 3.360046301837023 0
18.71720783314693 2.401302396355812 0
18.6293498652468 2.247290894632165 0
18.4083995077869 2.191141913103133 0
18.53774082069222 2.099663469680629 0
18.43288261995258 1.9646808451715 0
18.56722065584113 1.820677174066034 0
18.37365681833885 1.752289820180218 0
18.57699926492343 1.605760294472131 0
18.39506808345357 1.57778198787921 0
18.59209681018811 1.412614240291481 0
18.40271288846657 1.387322028844113 0
18.21769994340631 1.556069447120145 0
1.319934535886096 2.472783210544029 0
1.255522297521257 2.217001992633007 0
16.15114845667852 2.721807715695487 0
15.7136176880063 2.26322191660514 0
4.787539527551942 2.238144704076405 0
18.21400836074274 1.370328205675514 0
18.04491637946206 1.550967455101042 0
19.76387224389926 0.9883267399687548 0
0.1846442889766369 1.014260465116732 0
2.962324829990374 2.740102261089321 0
18.86032477776867 2.307736558550334 0
1.927297010474369 3.699026888174193 0
2.096137716269384 3.597894193259964 0
1.160202170331042 2.375709736008932 0
1.104405606621633 2.121750067021055 0
1.346295555131155 2.061393810583206 0
1.194982628629722 1.971081778137581 0
1.435424850677322 1.909810004280711 0
1.286414541779671 1.814886620378836 0
1.383965364708878 1.664408829096233 0
1.269404543125672 1.594687872589987 0
1.489374089409155 1.477376176911174 0
1.637984797170192 1.623787210069255 0
1.647137190397117 1.414905120050533 0
1.749076584008613 1.495946166630765 0
1.492136517063511 1.242602526707045 0
18.72282007279305 3.245280035501461 0
18.71611913610091 3.518696975235422 0
18.57676018607734 3.56094026725486 0
18.70470876304291 3.705373790451163 0
1.851557484601884 1.355806985544934 0
2.005620009839216 1.461919142663273 0
18.55082865196098 3.681261368076606 0
2.096866762272495 3.719731844727924 0
2.296929359694384 3.70231225232325 0
19.73725708549457 2.898640222074062 0
18.02537405457624 1.366154607021517 0
17.83870319167704 1.377431608042965 0
2.266587255857145 3.871842502363842 0
2.501434005976114 3.789940425145323 0
1.738399318390286 3.658243510469168 0
1.542353512369798 3.610818362647501 0
0.2496651041977742 2.960858045302827 0
6.124756955867838 2.056650552347226 0
1.955166095758187 1.200864933294813 0
2.128128029197613 1.305724526373248 0
1.000146000974452 2.272632698029289 0
1.067000078862392 2.539106401738467 0
18.73104380304988 1.780536297204227 0
18.82224347196102 2.586287980525367 0
18.96848800266908 2.440928438139439 0
18.96519767055035 2.650728504907406 0
14.67570398265893 2.908155388602845 0
14.86946372559104 3.101665071189669 0
18.69438449103906 3.88174457378446 0
18.85115338138552 3.366663293882864 0
19.05641812794649 4.69356928634225 0
6.821989861184891 2.051862929747497 0
6.824610595797068 1.844914116732779 0
7.064981390933928 1.851793155478879 0
6.816235915452459 1.636023421529825 0
7.096653195899892 1.609474281106776 0
6.988859379829146 1.407177977796351 0
6.792060343904536 1.440391022598557 0
7.236453177510977 1.474553467870255 0
6.935717310141354 1.280906267995052 0
6.785539373031558 1.263305145919794 0
6.815345910849753 1.082851762354786 0
6.586937629916192 1.04621095525356 0
17.87091541233257 1.562505801227491 0
17.65608864357798 1.398592055161847 0
17.613867186247 1.21594267172925 0
17.45267454533221 1.243830981570908 0
17.43354776927144 1.119186104508485 0
17.28856475554636 1.238806888578617 0
17.3119125011509 1.071908719358756 0
17.10215347982987 1.211194281912314 0
2.052263746319411 1.049228047203095 0
2.23490723718546 1.131313872735379 0
1.483668776774035 3.794090167737221 0
1.356753592014972 3.713850422759622 0
19.78419872948355 4.03193848083729 0
0.2523907182409015 4.016546891366934 0
3.702893302577698 4.79305690785893 0
4.686581026329159 4.777380137273134 0
19.02905159512954 0.2450573469763286 0
6.001300826022822 4.76804867278862 0
0.9649002629924421 4.777672434303849 0
0.9925563727844668 0.247095269558812 0
15.50539336315823 4.784939375849049 0
9.774451624500456 4.806329967047846 0
11.47652617593579 4.800461410116903 0
18.00119276994558 0.2453099482075713 0
15.22884375877554 0.2341628405076088 0
4.239067474179968 0.2278751474528895 0
5.317267023580691 0.2196078838242923 0
16.55396619437074 4.728192517387249 0
12.51578510293132 0.2353214517934523 0
14.51608569262749 4.767714038159078 0
16.1201743446281 0.2301997355992107 0
8.793375386510508 4.698291754526544 0
12.94877653270168 4.774809620409984 0
11.67804636829663 0.2629805449060583 0
3.93384855743192 2.778380829998639 0
3.813404505817658 2.213893954750854 0
2.410889612383603 3.98909982561441 0
2.64331477999356 3.852725033062899 0
4.640967270537989 2.836609645902967 0
2.304485553411388 0.9462540340634185 0
2.514944765428111 0.9878492227416737 0
1.931884534367196 0.9836863126160806 0
7.049211332080487 1.158522604958741 0
18.51552554228265 3.855096435659695 0
18.33606820028792 3.800161642335457 0
18.78496950820116 1.445525230990954 0
18.80145363490689 1.239103516940098 0
17.69071431251083 1.584854500815898 0
18.86036336525095 3.707288318796556 0
18.60267648437336 1.213820327863933 0
2.157861075355893 1.582697879808772 0
14.66688441409703 3.098710416637404 0
14.65711291448537 3.287898162087986 0
14.45789132430546 3.290251722802092 0
14.65593437393108 3.475852997116511 0
14.84279474506748 3.460853287858548 0
14.45490112548643 3.48753008104081 0
14.4630809768345 3.685923816997322 0
14.237796799797 3.716887967937622 0
6.569695846997966 1.246210868741003 0
6.342297600150278 1.01746517877917 0
6.331046382570777 1.231266054019418 0
6.055777272509149 0.9757902092923174 0
6.082004962934818 1.226483341205462 0
5.809209597539741 1.039021078369272 0
5.836484240893231 1.234547824401566 0
5.652337295459431 1.059308260990997 0
5.564033194110348 1.219374549422112 0
5.405914487626799 1.037245804107199 0
5.307855697475892 1.311964912861006 0
5.213717330453184 1.120691747930041 0
5.088880517945684 1.387468278743418 0
5.002066712418806 1.194813358970476 0
4.850698077008296 1.477877421557853 0
4.793826788413797 1.258627046296909 0
4.668436687280967 1.440486673579157 0
4.607684710615854 1.318172379531301 0
4.445490074076704 1.401585578687424 0
4.324840160270467 1.238952260549148 0
4.151787004352702 1.345969570440616 0
4.007200011898682 1.170469399203498 0
3.992462917761191 1.465271682235566 0
3.842040134660921 1.314297965606423 0
3.712984623037975 1.469783773949162 0
3.539074951196513 1.374040318351147 0
1.701438285602437 3.935940456952546 0
1.034216196543795 1.900966769401833 0
19.03526198577751 1.263456808281597 0
18.97877564840312 1.02935329920037 0
2.407522402861133 3.575376874192867 0
19.71597594562491 2.10626296353068 0
17.87730510036864 3.221307911591388 0
17.85766270530719 3.427289631506623 0
17.73736651825975 3.268133082548119 0
17.70173711895655 3.381470504498548 0
17.56522068176105 3.314633217872873 0
17.48608732836234 3.460579109555652 0
17.38219378233786 3.389586270755631 0
17.36459890877053 3.631163699242329 0
17.25827271104673 3.446827305267343 0
17.56995947156544 3.710470306271794 0
17.16156603115206 3.712052892747607 0
17.04009550896758 3.525053401158789 0
17.04157742886442 3.790743045175379 0
16.86268347054889 3.737017654630902 0
2.481742501862857 1.228979814763147 0
1.376016297521771 3.950598912547327 0
1.207829646792964 3.779103770085062 0
1.187424627266376 3.565310481832855 0
17.53627418581016 1.051030604096011 0
0.8983536162733223 2.446452851998845 0
3.335466002148277 1.280927802884901 0
6.859808542432828 0.8791820354114854 0
17.2433905839713 3.865053411033863 0
14.32427518181181 3.861047712546378 0
14.11456780930183 3.885387470813241 0
14.06634080651287 3.660303001811958 0
13.96955078234201 3.771969093676238 0
13.81380631461206 3.640195820576599 0
13.68728028378161 3.81800421285281 0
13.50525672636611 3.719051543384613 0
13.44119822387245 3.858920202259774 0
13.31564631965936 3.662999421914483 0
13.28361517336127 3.852390768132265 0
13.13602711048233 3.610992307541339 0
13.02995095113883 3.815311744082449 0
12.90806617683086 3.673127732950062 0
12.77804906940159 3.879681699773606 0
12.75483863843603 3.683789914940343 0
12.54467596932514 3.903314461492077 0
12.53430820253423 3.690926103445864 0
12.3010020951434 3.921488454780428 0
12.29033629100523 3.698949168063691 0
12.04493580374626 3.945304434289199 0
12.02431179089719 3.711409155025117 0
11.78844273633392 3.990545683115013 0
11.69622362254816 3.734512283011542 0
11.45523111367338 3.886395294517531 0
11.36556826950818 3.769240336721425 0
11.24818335483759 3.973916978299004 0
11.19006017291273 3.793845267329754 0
11.03204694865529 4.059891505875619 0
10.89885736071391 3.845573041767318 0
10.71161184419309 4.023503437155464 0
10.61968091389615 3.769694449837867 0
10.54096277921925 3.949905553040335 0
10.38956282310532 3.73540780848077 0
10.33863821333975 3.915864555566397 0
10.1708743822639 3.715918145888504 0
10.12855029851291 3.895786184538614 0
9.958003429127055 3.699349950526548 0
9.915913375741528 3.879780434260291 0
9.748174935878669 3.679613301887766 0
9.701404325180867 3.862690390590961 0
9.539601057645557 3.652557442668469 0
9.484137867033937 3.839971518500574 0
9.331341517284187 3.614163351996308 0
9.264434086665176 3.805903126742986 0
9.122053522654257 3.5617019493614 0
9.044994385419981 3.756876485215737 0
8.915214689153677 3.502949864361109 0
8.829344490763189 3.69359251796611 0
8.724958696912157 3.434817347322334 0
8.616277714378906 3.613718649494665 0
8.373471102585027 3.499189357006916 0
8.294911826966331 3.741045895435349 0
8.162675112190012 3.52441909928544 0
8.087478567994051 3.664092111859329 0
7.87196590615552 3.550408171613245 0
7.785170181612273 3.764262721870242 0
7.687197919787906 3.560577337625308 0
7.610431422348934 3.67463634798018 0
7.464740866985768 3.565897655652226 0
7.323486236475552 3.700464445939697 0
7.186245572998949 3.558537784469994 0
7.168574986319463 3.851050217478361 0
6.97392617867389 3.674666416903695 0
6.882926852920214 3.85373154416833 0
6.701147813907431 3.637044553860303 0
6.675449554130242 3.882420715431965 0
6.457951992452585 3.605012761327059 0
6.427234456197854 3.810710690260368 0
6.219689394870093 3.575262903653814 0
6.203610829740672 3.778377569857017 0
5.999598769695266 3.56101569494135 0
5.982468706635272 3.749151552189528 0
5.848519892340146 3.562087985955523 0
5.780768189841788 3.687716947870388 0
5.615797970432146 3.56912768799681 0
5.449089326846836 3.699515542055742 0
5.315002879108404 3.523301425387182 0
5.217701597504617 3.823456254995624 0
5.132758375654515 3.603151542032715 0
4.98556827194459 3.805212701794935 0
4.952165561982172 3.650278490368279 0
4.853706147483898 3.80092348994787 0
4.797709412921892 3.6956876441933 0
4.65781977578812 3.753421184404532 0
4.606107202482349 3.641282981933106 0
4.495779792441068 3.796997365132541 0
4.472478710021094 3.630818278356959 0
4.281567593060036 3.852656626626786 0
4.272894351964085 3.622201350210846 0
4.025726277387234 3.802386700991499 0
4.050934672933057 3.596287120649511 0
3.814917148870307 3.549154704026366 0
3.788888799580391 3.766747591619658 0
3.524627806962045 3.474956036197944 0
14.46303108572496 3.871758400081648 0
4.984389312694351 3.959245766517924 0
9.402007013036602 3.435741074846544 0
4.285999669227741 3.433033489023274 0
10.61397198651575 4.116768209521592 0
4.407505092414246 3.979343800240571 0
10.68185003146894 3.558651735874753 0
3.541581735967895 3.74848962658646 0
17.13009710609708 1.017911357946002 0
16.89352746089454 1.182496913158801 0
16.88999272628259 1.403139350010893 0
16.67454250880738 1.164645403752053 0
16.67389918633272 1.39712255946817 0
16.42440491478592 1.396168442810788 0
16.46483853115751 1.139287303851255 0
16.27842626882578 1.287595088128623 0
16.27277772307522 1.087496441684157 0
16.08092827414563 1.226555697318804 0
16.16370827401789 1.366712802857891 0
15.9654935080279 1.309808065693896 0
15.99054752523902 1.088714925561466 0
15.80548987239976 1.224091377129484 0
16.89115048966683 3.966534111340117 0
16.60983907036935 3.830541129635849 0
16.7292488954038 3.532572445314008 0
16.5188556345703 3.62494541718163 0
16.43282060864909 3.901316659535114 0
16.2636612074129 3.744616523296342 0
16.24673796541518 3.525929232530348 0
15.99092740775398 3.652978452338377 0
15.86103356712711 3.860605339065721 0
15.66660550549954 3.733281648358081 0
3.2485165903326 3.543762698022102 0
2.193289761318088 2.208754705388496 0
6.400144484048042 3.994239302689591 0
15.72877658500775 0.9867390224921044 0
15.53823650829754 1.032048598339844 0
15.55448806477953 1.241808790042241 0
15.3531532505424 1.243451223876472 0
15.35243617763442 1.04468699201506 0
15.16547406507881 1.035772284473639 0
0.9841347268560732 2.707127725857609 0
4.889847834599562 3.49589235829515 0
18.86995222973199 3.881800555358672 0
7.090973393061556 0.9312140132344326 0
18.27447824467031 3.991453228441045 0
10.00127922816921 3.522539524364158 0
2.105219155289721 2.078706521820471 0
5.738993235634657 0.8460787240470469 0
19.0727583556385 2.580799589601263 0
19.14185850835275 2.73965699285974 0
19.11406762050789 2.284179144599887 0
15.18549230759873 0.882249466430427 0
14.96141325123404 1.010145227265842 0
2.651696783316466 4.000131380250636 0
17.29068129730332 1.421023904588261 0
4.00737738084102 3.997979754689447 0
4.485299972506857 2.825834244342165 0
4.585003939162123 2.984189353858463 0
18.30878436449581 2.065862255704662 0
14.9432672796716 1.235968274308327 0
14.72305328857311 1.220776249901754 0
14.72852157798714 0.9887766433840968 0
14.52095338912264 1.228686452483531 0
14.45158082212843 0.9868823874564363 0
14.25391176212176 1.117509187149774 0
10.0913554023705 4.073410581448086 0
6.99464359991781 3.992168013141246 0
5.658900603857406 3.91037164180813 0
16.09345411404986 3.454329059860246 0
8.802154062375669 3.314020336810028 0
4.420268544268101 2.961584861853077 0
4.57366604144453 1.533942154368346 0
6.368514162634265 0.8081210961138376 0
3.558722180237527 3.969844773392388 0
14.34672600426203 1.284156133147997 0
14.13216131432873 1.195863300719904 0
15.99454393119462 1.478044689484252 0
7.676019623485768 3.943688653101308 0
2.547386007051876 0.7870872025134779 0
3.228588610836718 1.478544319821657 0
11.43474384367218 3.631257395901878 0
15.35378690735646 1.400816560148177 0
15.70634088380961 4.038490450684121 0
15.52831234549779 3.906248200221706 0
15.499372799116 3.625170392611443 0
15.37605617946877 3.767667930038105 0
15.34496085394396 4.106789755284239 0
19.0456006041352 3.867794208958731 0
2.219783760752985 4.103874602761721 0
17.21712822820486 3.27806983171162 0
10.51392691225257 2.889866199141631 0
10.29581231296372 3.037571701103385 0
1.045929298853636 3.718122775082503 0
1.010864118838651 3.578108980270954 0
1.074418993870671 3.954771305496618 0
9.435318843298734 4.038101989761087 0
8.066253621979245 3.403794456766177 0
8.966448677364998 3.963493938782763 0
11.84879843731498 4.199554051476591 0
3.873608811582974 3.34703784297796 0
8.516746058254823 3.817478045368521 0
5.961757955807642 3.335673369217326 0
4.709968074231046 1.073034318092816 0
14.70413630358579 1.456227879273409 0
14.13933594678496 0.9533794210030055 0
13.94578716279159 1.111677084045886 0
13.96724084177429 1.374016176331914 0
13.68222647720935 1.179799340005061 0
13.61445581851875 1.008173152978899 0
13.46993378992553 1.24045350576182 0
13.60255744188764 3.477348385424766 0
12.30439062970795 3.473618265335193 0
9.628050953578844 2.851464817633624 0
13.3848746937731 0.9935877618448392 0
13.17993083528671 1.144241291230018 0
13.28038097778975 1.308664369512951 0
13.06543337664565 1.231208099923772 0
13.02711062765745 1.007501153510416 0
12.92977851410433 1.173880613117191 0
12.88372130448909 1.340680176692996 0
12.74109622576547 1.299740170450228 0
12.68796884497035 1.110832198035739 0
12.49045450456487 1.245911083122788 0
12.63399041830333 1.435034131925859 0
12.38419074806948 1.338735303442909 0
12.32456713340863 1.109262839681225 0
12.23768523535173 1.285849651826529 0
12.13735061243536 0.9769383626775225 0
11.97971197731018 1.194626920944614 0
12.00361258376604 1.479211233549137 0
11.68927064503916 1.268010078642212 0
11.6870966629696 1.07697185631523 0
11.47935558202298 1.173280270359526 0
11.5532137252434 0.999688778288423 0
11.29704399320001 1.103563176695136 0
11.42798678776676 1.351264110971557 0
11.23779701641596 1.296533279950687 0
11.15598442011544 1.055512548517589 0
11.00495273651611 1.192917633309236 0
10.96985407479021 1.480218920063588 0
10.71620846983509 1.211889846221177 0
10.46039983652334 1.22224326817299 0
10.45722990897219 0.9713905212205034 0
10.20724073405112 1.231381369739476 0
10.46713772355607 1.47488017593824 0
10.20820930071411 0.9791518015248297 0
9.949753853293526 1.238640407787094 0
9.953629165577459 1.501691305706175 0
9.694493752192813 1.230932611266109 0
9.646474506982921 1.528803817969028 0
9.410463321065683 1.402199510278161 0
9.46413890545076 1.205567229031749 0
9.279253591250052 1.340243986341208 0
9.265771282519198 1.200556301381542 0
9.07670112879126 1.248106427929928 0
9.164686757628932 1.422130986049402 0
8.874914919148711 1.340441039111484 0
8.774217548058949 1.116098857864987 0
8.553822924273499 1.231449618628791 0
8.423670198147786 1.050270376605101 0
8.304861825602075 1.174266361511973 0
8.350995512377859 1.32333083347719 0
8.11493914499092 1.381629306828932 0
8.146697645733179 1.140762173392325 0
7.928349642629362 1.315422710400088 0
7.874216514342207 1.102848025814905 0
7.962169227544263 1.563945754039489 0
5.124829187556609 0.9382909502715067 0
7.331324634428453 3.436161636917709 0
12.96885646278528 3.53943956576725 0
16.18379824507431 3.28150069913416 0
15.38428536691417 3.554135384447785 0
12.7100423072174 2.058075188961562 0
17.52084747358654 2.264700627028969 0
0.2540912250804936 2.251364963648936 0
5.852850221082361 1.448729681322567 0
19.22095817471209 1.164491687939295 0
19.15008268921056 0.9834153327323409 0
19.17538111921905 1.383046996258809 0
18.94102959965666 0.8858626936101155 0
3.446269866242224 1.074188163806384 0
3.229687828606881 0.9950438964805264 0
12.57451010784517 4.120045077518076 0
5.175469489085591 1.569196326401864 0
11.13865939979369 4.241095036711432 0
8.991184917901466 1.540319959178465 0
17.05544742057919 0.2318951397548261 0
1.144927440405246 2.782557345839262 0
0.9111168975379726 2.878528602303427 0
2.107657983790138 3.146187317686427 0
6.730453451110487 3.412088413827942 0
9.587520954407006 2.98566015566799 0
14.01320844448857 4.029334978236628 0
14.42540786867101 4.038943936771359 0
14.5810910391776 4.101013531508044 0
15.10177904442384 1.93701182550211 0
5.268175372524579 2.066117702730835 0
15.6604483206937 2.899587917982617 0
9.434199481512769 2.961632524395229 0
19.05386547917621 4.049132933114381 0
11.78571028549708 1.504920665575767 0
6.526059341013122 0.1964080361984339 0
3.636249924464638 1.58643662776237 0
3.324401722807256 3.971001309965357 0
16.46752099390904 0.9251723625894321 0
17.16076802370799 0.8376383625366493 0
4.123706864841726 1.615924381635677 0
10.48152980637172 3.045046251833194 0
3.35718632237954 3.271153566201536 0
3.17331705131332 3.347724518706754 0
1.579354304706548 1.995909257244593 0
13.30009218908729 4.063341501783031 0
9.755097958100318 3.005499083743329 0
17.90160789428019 2.771517169151724 0
12.41610333128655 1.479435194919723 0
16.4822093210067 1.65216631272192 0
18.09150510227989 3.904102452450978 0
15.91691669356247 0.9237718861812372 0
18.54846889933554 3.003136433747271 0
0.8143071688372405 2.630820550544899 0
15.35593119372047 0.828583677943153 0
15.20862162767535 3.88974366328552 0
15.08608855497067 4.167845069094853 0
15.0634337859133 3.101890834515031 0
3.583402423862903 4.178137332326408 0
3.352964956796254 4.17980489012559 0
18.00054076967622 4.058670283471533 0
9.437756898890882 1.70382106363222 0
6.898421649354098 0.6715509701496614 0
17.90694963250915 1.733209000062482 0
9.475577005926183 0.9803624151742809 0
19.23993817923223 2.489098306689831 0
15.85119407341027 4.183428301629518 0
10.70517915788175 0.9590434004478108 0
1.959226243123043 2.163437658498733 0
1.886542881187784 2.045981742248859 0
1.080410233841047 2.946690225435693 0
12.23998543349823 0.8537275696688276 0
7.623788278198184 0.9298320327356155 0
0.839964497945374 3.053751983783829 0
7.347735363962782 1.697754968577615 0
13.74505175490048 1.401614434020662 0
3.320454365982934 0.8021735612287437 0
8.641503064254506 0.830015703666696 0
8.347997760183166 0.697409420921411 0
2.341222126268344 0.7660842411027455 0
0.9381945099721278 3.799825134520582 0
0.9142587841701317 4.123228146481479 0
1.090876244602255 4.211410832332583 0
18.98134715163347 2.775575395598663 0
19.18594782936135 2.919353263388309 0
18.4801267312608 4.061652739415258 0
12.86576982477185 1.841235866995931 0
13.02966009850109 1.787604717669235 0
3.115150077538277 0.7471968051244011 0
11.95694494447947 0.7776914765330598 0
14.25771168824641 3.290830329712636 0
1.184293212553399 3.371868070280395 0
19.33085089745374 2.207760927865984 0
2.550505602475519 0.5913740626517314 0
2.016648428577382 2.779061542078547 0
6.334765204622451 1.441796556489192 0
13.46677351992096 0.728937346194948 0
14.01048267563999 1.598703255353759 0
9.708453521658829 3.153586199545626 0
3.273431275744583 3.151337507423289 0
3.097440931923276 3.141682169418137 0
4.543521101758571 3.169925741387366 0
4.686930331452499 3.135145082192952 0
3.384968622248572 4.385487409950443 0
17.88463539655263 3.964645430044188 0
17.0195299705983 0.8074099727559119 0
19.30191229222746 1.333788838508899 0
15.31632332644085 4.362903328908493 0
15.02685272151853 1.816679727412053 0
14.90117592281987 1.812362344048196 0
7.765102140925752 0.6657442652718153 0
0.710050354225169 2.357259582100969 0
16.68540591978419 1.622385788324397 0
7.163518697176602 0.6888437577292901 0
19.05358188137252 0.7556880798711609 0
18.03796673262381 3.477601492195248 0
15.25416974487643 0.6451009479143359 0
2.976980034579399 3.406734493865735 0
2.898034359118138 3.235374201837843 0
2.681668662873525 1.173764226523867 0
2.657228950706956 1.428934288228207 0
19.21246767334774 4.042718228689421 0
19.1991003436106 4.174418713772075 0
19.22182917585812 3.861815725977953 0
18.83268343267882 0.6745453103843038 0
10.46224737871196 3.194633471380952 0
13.25022462340841 0.6606871910154311 0
15.66552171618336 3.087394970635554 0
4.358364939363622 3.111867209067841 0
19.08314015151323 2.064551111704603 0
19.26473299304845 2.015072516940572 0
16.04899450032926 3.220815477205101 0
17.86685398296711 4.203162195323424 0
17.70298303478928 4.001305858288905 0
18.05307141977508 4.357659099931659 0
9.743054074904904 1.806463182951189 0
9.538953507925315 1.883004282986254 0
2.474332425103508 1.581200464142944 0
2.61640358787027 1.755254640355497 0
0.2218763155566883 0.5371711573982059 0
0.2464361907066586 4.515344538825307 0
19.51208803878685 0.246255650592428 0
19.77068311453141 4.508740668228795 0
16.51783235987682 1.857434908903468 0
17.65284665028641 3.189031126413193 0
17.92357528641363 3.834926700052554 0
3.495490851585522 3.152662766604441 0
5.454081033589245 1.885631986730332 0
15.45003015052249 3.080749333421045 0
5.664728487271531 1.872244966639158 0
15.52849514697222 1.496296683566255 0
18.19852464222437 2.392389878906355 0
3.17326760496255 0.5777478230602353 0
2.87105306981152 1.622577408342639 0
2.917980036146739 1.872667919958966 0
3.131123021504617 1.859221753997386 0
2.864833580631227 3.988807842007511 0
16.11829294047796 1.57943738981737 0
15.92743933182025 1.688324173404978 0
14.51699542156402 4.206757032931569 0
14.71304695299985 4.21096656418881 0
3.190003348567873 2.933431558224245 0
15.22797998397199 1.80541366874999 0
4.64115070578162 3.31513619045694 0
9.889855921360256 3.174301223171045 0
14.69685405954905 3.909141721033596 0
9.246146328784732 0.9927398833982728 0
9.320444732647349 1.801011085277179 0
12.04103043693782 1.707783683370216 0
11.83218886104076 1.727129019630187 0
0.6701371684022188 2.977003801098773 0
0.7592870969694232 3.220333921600077 0
9.958683906134544 0.9829672448878948 0
10.21378695162426 0.7310391411815469 0
0.9190994889015744 4.354074846810501 0
1.291478481942866 2.849009986275046 0
11.654121065338 0.8434712320891318 0
11.52348559313592 0.7196174732299578 0
11.59272149130173 1.537308839093356 0
19.08134040580597 4.217952836154925 0
16.23926418896174 3.100097659880018 0
16.44260593298122 3.13289402435805 0
16.46426606831401 2.931952541425404 0
16.65419412221824 3.139705028797454 0
16.27704441054844 0.8980996483802735 0
18.8081389838206 0.854369488705631 0
3.809068461561702 4.178245562866483 0
6.585013881231085 1.848187913673944 0
19.359675847273 1.52684265945925 0
14.74346115389894 0.7400136804867123 0
14.49651607505127 0.7261950204388024 0
14.39404085611493 4.201213512863481 0
3.552024503155971 0.8591744305021725 0
16.46373073860687 0.7271373543462802 0
15.72262149445801 4.263905078422228 0
19.36891827024234 2.86889747795906 0
19.41513761483018 3.038963565276664 0
6.669404286971619 0.6070581901534791 0
7.232008338578125 1.139565335402428 0
0.6339767475066864 2.563937581009451 0
15.64985919594175 0.7684228240765565 0
15.87017489473133 0.7253453238438581 0
17.73345414980081 1.772488722226252 0
17.96527781814455 1.884500199766021 0
17.6998276866543 4.36022660357883 0
17.51237098625933 4.188254677335432 0
17.51068796623913 4.555976463881549 0
17.32602280215398 4.349306816826248 0
9.477566396681077 0.7423221744783297 0
17.50091416179839 1.605947776328268 0
19.16973369426013 1.53429297174448 0
2.427839428630065 1.870164943681751 0
17.15183856946254 0.6534927229100895 0
17.34934653373793 0.6531848001866887 0
7.484976755425276 0.6161879310345926 0
18.07116780225288 1.833511914943861 0
12.67648593276532 1.861842009349389 0
7.472297204258686 1.497619882502951 0
7.530223987752117 1.782032573362484 0
18.20796349598825 1.170894170009373 0
18.0016795141989 1.163300701946708 0
18.20611844677945 0.9608506430008905 0
17.98502973807441 0.9435050336145245 0
18.21372029630704 0.7426111014793735 0
5.260805619471446 1.900012410648906 0
3.025205393238581 0.916323085820588 0
15.09868020229048 4.360113233283322 0
1.771614383201561 1.731963833075166 0
3.151675174418266 4.388577932706646 0
6.778733916556659 0.48666038093232 0
13.78803514921608 1.618387290475376 0
13.57863407382271 1.639242382275701 0
19.39451120753078 3.865447260681775 0
10.60868142359646 3.183605082151788 0
18.50107218956702 2.675807974707257 0
18.80719959006169 3.11121732510302 0
19.00702574495407 3.189751567570419 0
17.98702586627146 0.7151618968626086 0
7.052809706972567 2.054428452458595 0
13.5040064418658 0.4879166767405985 0
15.94685129621697 4.386673142913548 0
16.11130679400124 4.266161767871098 0
19.33188305545303 0.9559011655058622 0
19.30610774353637 0.7335621062446687 0
8.694754910441338 0.5021408416687727 0
8.438862211019869 0.4523333766827293 0
11.87680409113749 1.951842226872268 0
15.38195683097185 0.5919418125660427 0
15.88933801336584 3.315036658630836 0
1.660356975089705 2.205052044175706 0
5.428679952903197 1.702103817966292 0
7.738028064576834 0.4092994034729442 0
2.343776398000861 0.594642497877554 0
2.16349344141348 0.7284221696184616 0
2.535107051310615 0.3982524841441362 0
2.768195557390101 0.5815773874173242 0
9.231415450439769 0.7552804091333691 0
7.956715713300071 0.5461111060886699 0
9.462217163924169 2.839112387979976 0
9.326188667138602 2.944159946070745 0
12.95898868265548 1.673915483640318 0
13.18332254663542 1.672855251833886 0
10.66268330212805 3.066896643630312 0
10.8567832123136 3.108074745900816 0
16.64108089288922 0.7410480258539676 0
2.796515712116682 3.479444706320669 0
2.707055814400265 3.301316250992745 0
13.25888281109578 1.830954830264413 0
18.96366550682088 3.511749811641481 0
19.1373251911421 3.411360129255237 0
14.93501625019518 1.452940061615319 0
14.04316844670407 1.822156070371304 0
14.26776311976407 1.576402992138828 0
4.230376836609469 2.905328863556623 0
4.182178481953834 3.068795621158736 0
16.27170421005748 0.6976745452179023 0
16.10858318327328 1.727864735835983 0
15.85928897726293 1.884850454699024 0
7.439226844899702 1.900562953766899 0
12.17717787550827 0.6949948944312367 0
12.37150494224706 0.6567470710290988 0
11.9423622331083 0.5733408972729614 0
15.29417857061221 4.571747056037845 0
19.42627582659496 2.390328584119555 0
19.56540202171331 2.608898484296459 0
1.246854712162841 3.000305677681085 0
1.109130710914393 4.360956107737295 0
1.285586903298295 4.354578473738021 0
14.4754572095368 2.908075520733167 0
9.967321174964479 0.7347937658529429 0
10.22303687824207 0.4861285438708638 0
0.5744290142376567 2.748283821212075 0
0.7694860349410071 3.903010353518221 0
0.6661870287686202 3.705506319275279 0
10.27022884377011 3.195421189211763 0
19.4005020559718 3.726502033517496 0
19.1325398758427 4.385515741279429 0
19.31902264547519 4.278509932435872 0
3.144659851166429 2.049455905886081 0
3.337165577596691 1.849789907340929 0
2.440931282044589 2.274541451228873 0
17.760732842766 0.6862710444366207 0
14.41876588517707 4.374075553933585 0
12.51220385300326 2.07244573864375 0
12.48126290617734 1.878674089763175 0
2.893272138639949 4.190160096393619 0
2.667606728460663 4.195577217782706 0
12.32677169680331 0.4434180996728441 0
12.56176146080863 0.6382951043638461 0
18.65007393353947 0.6248865575004423 0
9.930153218820694 3.020088737285305 0
19.32881576358169 4.519848453849537 0
2.826451260673496 3.073526978800627 0
2.637963388707693 3.113572770177126 0
9.381095039399675 3.082951696697995 0
9.254428397145896 3.021150397981344 0
0.9486112606096775 3.351356312261853 0
0.7584053839076148 3.458423274687632 0
0.5949682844647377 3.139898659846465 0
0.5224590699778968 3.327026759143774 0
16.05075619209486 3.076850447678672 0
11.62955673001197 0.6319090244212391 0
4.753249960956199 3.229794328392392 0
4.879418225957564 3.151312044037283 0
4.967359233472505 3.290892870884326 0
5.022780710282735 3.077384091501721 0
5.113421391217152 3.216095580547889 0
5.162109082417402 3.002554832610884 0
5.257165247109885 3.131989267487679 0
5.393113367977604 3.044598454445055 0
5.504103765536699 3.17464045896508 0
5.513396803363438 2.956639557483572 0
5.629878331634771 3.069336662016905 0
5.293158344757438 2.893710093361216 0
17.76492555565667 0.4627603846005663 0
16.69829354289215 1.827756296468557 0
16.89375720240698 1.822661707168833 0
16.54800415313569 2.000696601744201 0
2.513086704978148 3.369871529383668 0
2.40407850241276 3.149065597503094 0
15.38223215999731 1.920156409174482 0
15.45304935851971 1.776550756961228 0
10.46775385485008 0.4823427720008433 0
9.481333435834285 0.4970599251283012 0
5.131034864768544 2.062671749824336 0
5.049396092254472 1.915134953579416 0
16.6143723705105 0.5984957534115654 0
15.6813674320136 0.5894187605872587 0
3.18303586587069 4.59228301232973 0
13.27689571205547 0.4613412213958967 0
13.11224869068064 0.6092169969269106 0
5.738852851384735 2.962229815093499 0
15.72336244596949 4.395457541746201 0
7.686995959153158 1.896862403690477 0
7.511782034431995 0.4156091255525842 0
18.42685838269811 0.7776201797759632 0
17.61167109396298 2.729979103240286 0
17.56215643720422 2.851770610865554 0
17.37248914733171 2.980867737541615 0
9.845502633281114 3.33489939993635 0
9.655727252451127 3.309428700093244 0
16.97259399293642 0.6719066565193696 0
6.564895246249599 0.3876031141233516 0
17.48694552287032 3.877799102859446 0
19.03849000527363 1.923413586554386 0
18.92147176981676 2.102862734440272 0
2.878760570677225 3.602324152464012 0
19.56156151703129 1.495199376405077 0
19.49828031645006 1.227672432143059 0
3.421061605327242 4.590067921237677 0
17.53345454036191 1.808610286807131 0
17.31719500454346 1.823162534317884 0
17.32091117956723 2.035637967574523 0
17.09592873876394 2.029338647842712 0
3.311726465467962 1.708731858635639 0
2.938989194961652 2.056047080509381 0
17.32116802176401 0.444352070854162 0
0.3387416291194576 3.212981599009262 0
1.802991045820487 2.107860851269945 0
18.05647173624978 2.028882038113863 0
17.90185247260153 2.117677832671102 0
2.59156607890697 2.929778508445755 0
2.231736926330511 3.291018758360708 0
15.01863357305275 3.98737040150603 0
15.10947699125892 3.720275370181913 0
0.4939367581545131 2.287999258861225 0
0.56779028679472 2.04192265852676 0
0.6436725195557909 1.813128738756526 0
0.4734037308940628 1.721288195750889 0
0.6925657620507266 1.609560849241772 0
0.5533893098686207 1.588087525906018 0
0.7248659842702363 1.397863391722899 0
0.4551247177480668 1.399563753618123 0
0.7948465111146135 1.138173062744701 0
0.9808894280732812 1.260281369171444 0
0.9434311639556228 1.038054930502157 0
0.7766480737301613 0.8860508499202873 0
0.9518856919690322 0.894029666071906 0
0.7892668133558747 0.678222908532125 0
1.123304752284669 0.9251161922835616 0
1.158478141405622 0.7199429723536959 0
1.355863349927471 0.7572780185671844 0
1.38969847117343 0.5347846412818063 0
1.562474760459047 0.7978280199290575 0
1.592197223155384 0.5792810481419743 0
1.795003104741456 0.6240228973518964 0
1.822480205538707 0.4181796103310287 0
1.186364910625382 0.4988677499381002 0
14.75037523295888 0.4882384092841399 0
14.50321870875108 0.4872082820692802 0
14.27380789484972 0.7183814391291237 0
14.26232521581865 0.489975408640754 0
9.153104389283943 2.938199960251113 0
9.030200877582685 3.02960265193678 0
8.954579281043163 2.903139441251822 0
9.145994610052119 3.137084856095052 0
8.879434821074607 3.119278279577479 0
8.783486275375086 2.972194698034186 0
8.614700003737807 3.065333497476546 0
2.541091575533347 2.026882625843761 0
13.50738062323484 0.2434396364859905 0
19.40523490389355 1.743175458197445 0
19.49630014691133 1.97807993759841 0
17.26456196906122 2.76589065600553 0
17.22184566697459 2.949393306690791 0
15.81564561074986 0.5244661786444427 0
15.4985922659948 3.250707012032509 0
15.26981689905874 3.212300410917973 0
0.4052163970827216 2.719484617558687 0
11.40826921522089 0.5338736911865034 0
11.29259574352371 0.7024750418805108 0
0.4643473479038516 3.758813309771728 0
1.335459353365188 4.548305628350574 0
1.446022246421503 4.338949121625589 0
19.5343814963145 2.986685977472949 0
19.49784487449062 3.194754846896161 0
5.632869353230405 3.309993847970493 0
7.82750982213716 1.730138996998497 0
7.997755448814207 1.84883744487418 0
16.66517263187273 2.941085459955182 0
16.85477826503818 3.131374101497061 0
16.86057725908009 3.316461300765827 0
16.47898900171093 2.744645074349733 0
13.82127759865312 1.831276140353938 0
15.5721922206338 0.5127926343383524 0
14.23714333282557 4.418642390154101 0
17.0391980489255 3.122713947046267 0
12.64889691216726 1.665578888724798 0
2.301034364536093 1.719674493238569 0
1.394873073504982 2.890522921817685 0
7.74020830491436 0.2024826273221096 0
10.7651230693382 2.735346841857007 0
1.789963070163521 1.951318729704745 0
1.896837991196756 1.838461877922167 0
1.886191562320967 1.601534437619645 0
2.021431079342166 1.716661315282262 0
4.720760307856648 3.397315978794368 0
4.502925311339752 3.433925681958184 0
16.13570851970904 4.515244218030482 0
16.25772676741592 4.349706454936516 0
9.793184629121987 2.027799338747374 0
9.980309033388428 1.757663067789188 0
9.604457351714199 2.085607168072651 0
5.869734688163334 3.057018419530519 0
5.925409281059489 2.955729531990056 0
6.039604405810438 3.121760859991949 0
6.057479651167088 2.952176366998927 0
6.255157506786658 3.153253408373596 0
0.3031263784346159 1.940633279530018 0
6.235680475188248 3.362906996181518 0
1.208877152795601 3.177685425088348 0
1.373061880211059 3.39291947929263 0
16.2720238435581 4.593478065111358 0
0.5875394968147472 0.8642843942733702 0
0.6161741896049673 0.646703458085224 0
0.7899671840801776 0.4770528951404658 0
0.6492501310488876 0.4915396758954609 0
17.05096763948597 2.942204198203132 0
18.83263818711301 0.4778661609419981 0
15.77603405379887 2.081806887314004 0
3.750674342815554 2.743203621194514 0
3.844072577005018 2.943872695786593 0
3.091114233722405 3.976896872977241 0
0.8882595263917921 1.646539694332241 0
10.93252293964082 2.926585344339855 0
11.08387085382897 3.148222272103323 0
11.16044078298153 2.949503802652644 0
11.3295634157554 3.177882916083177 0
11.39935070864755 2.969740780080241 0
11.57882139953725 3.203064601091887 0
11.0068035113122 3.358273354253233 0
17.04193208379607 3.303278250798807 0
3.15719249838661 2.241274670297817 0
5.050157144000219 3.437726615017563 0
7.481949190595601 1.127152136117019 0
13.38626568450663 1.658018638635864 0
13.21252042198319 1.514730411456539 0
17.80283559128002 1.953351314172978 0
2.306613640124385 1.428446010062763 0
1.362717787169482 3.576644202488968 0
3.566849387137884 1.81814256759299 0
3.567640965527957 2.033714438346548 0
3.726676455691036 1.887191356540668 0
15.2037902995661 3.095708734374785 0
15.86056222068585 3.083319075350392 0
8.123046587700612 1.673614298951681 0
8.185928533465921 1.955931871038816 0
8.295894710089176 1.770737701700931 0
8.48027866132813 1.860068486170377 0
8.553049427438271 1.716022396560187 0
8.695909743671596 1.982603370734169 0
7.660370965826852 1.611983990338675 0
8.047252089573062 2.187342830918111 0
17.10126788435667 1.823381942818154 0
17.29716347139371 4.620103852538491 0
17.15187285900968 4.513728284476352 0
16.77888168057365 4.534200633351267 0
16.96337679895737 4.363914163582351 0
17.1259022639802 4.152680953583949 0
16.80032256222308 4.207931876955334 0
8.938771993893738 2.748206355682267 0
3.170852116547132 2.737728483531095 0
17.32670105075771 3.103315060520315 0
2.225456088251725 2.817883139537814 0
18.0613263207565 1.716276280085004 0
18.21413505218818 1.724733230798982 0
19.78114766147807 1.922536783864606 0
5.89608200449799 2.060017934131914 0
6.117498247549494 1.855531707382372 0
6.350115906327796 1.851467181814575 0
5.88775347154071 1.862023812341579 0
11.20299461651813 3.59881405495115 0
14.85268611161268 3.287891541193356 0
14.97595764973791 3.452339918106174 0
1.415139158156903 4.197719478343608 0
1.599545450472508 4.337108557362237 0
1.617272111485308 4.477507692636331 0
1.771225116461045 4.358407112995744 0
1.767290288395314 4.590196425768756 0
2.000178178578069 4.583661282113539 0
1.968015662390171 4.374209815134002 0
2.186074505855075 4.377868145972853 0
4.4377848487714 4.780530038283191 0
4.628299392779728 4.553708250277623 0
4.875556653519172 4.550919600551991 0
4.826296236789272 4.337957937315085 0
4.589605078153183 4.334696311658261 0
5.116286674514032 4.536897150759932 0
5.053424427186996 4.32386371022857 0
4.791547823374982 4.135653638141781 0
5.355812300158663 4.506868630774562 0
5.273732044437976 4.289963588487355 0
5.194748193181027 4.097748439487541 0
1.809926769381054 0.210225069817509 0
2.074122723446269 0.4685190267137207 0
4.575490979991308 4.134581568869932 0
2.973290463258595 0.5690556158356594 0
3.946228264383236 4.789795710573246 0
4.131556737311132 4.569059893030658 0
4.377895609993709 4.55653185251305 0
4.312235342990881 4.302689441922524 0
4.070381280258684 4.361848761378431 0
3.894466142278238 4.58095024618531 0
19.53388482235972 0.7334177764726846 0
19.5235933007186 0.4915863358947536 0
19.2857187619712 0.4912355877880237 0
11.22750276118837 2.755700470681116 0
10.435428975036 3.544030807493684 0
2.969478097537213 2.911800520465455 0
3.338289279084062 2.862353441768202 0
3.446559399835074 2.923886078825078 0
0.9242796178510826 1.44008847261096 0
1.101419712224073 1.32019812577594 0
1.062182036995051 1.101918389302111 0
1.314806598390671 0.9763811999047742 0
5.725752237627451 4.700531424733262 0
5.847218133208013 4.548124197462988 0
6.008097032378704 4.565095563954475 0
5.994281169251164 4.374570096394114 0
6.208388439081261 4.370193409728682 0
6.226589593823002 4.571577434190728 0
6.427115516611348 4.36295892583391 0
6.191805004658967 4.171967619858554 0
5.791512270611439 4.400367765919528 0
6.455008596684959 4.567779857359065 0
6.648346559620254 4.341785567154424 0
10.01382424227171 4.806994688587613 0
9.798184340126335 4.615616537735688 0
9.572315849213593 4.610456774957356 0
9.601602973129109 4.424027687311462 0
9.821799371724346 4.428790911750696 0
9.389440265177379 4.41975271310428 0
9.628817128082796 4.2382535771102 0
9.356261960375255 4.597761857927973 0
9.231669569158731 4.422411016448146 0
18.85889308646006 4.735373988912563 0
18.78342821682655 4.554601641060594 0
18.58346805921301 4.655053173777988 0
18.37684034554113 4.740726483600873 0
18.1690590778348 4.780617586368582 0
18.9668597950748 4.466104128577647 0
6.00311204825895 2.762308068151699 0
4.744316145325157 2.983073088541578 0
18.25007271232386 0.2665825795177752 0
17.75955020696825 0.2335465869164537 0
19.78547581217499 3.805958686361503 0
17.502963899529 4.793345457478281 0
14.35880639478785 4.783443429439357 0
15.73780936230042 4.774693901132446 0
11.93165511223528 2.187610661948564 0
14.06935958563432 2.04161389834781 0
3.064164301288141 3.772142678545553 0
12.24761924792709 1.691760735411949 0
6.094995627894777 1.442601679951115 0
10.02774248543377 4.616843241682576 0
10.25851791305874 4.613671304804747 0
10.0430789945929 4.431446264845741 0
10.26253834495375 4.429568769045552 0
10.49269059128672 4.604126520621472 0
10.48013771151945 4.418576070997943 0
10.27266498379117 4.254713778378353 0
10.73860364253637 4.585658199732275 0
10.70092623801234 4.3900018763189 0
11.03897157380393 4.556770883474938 0
11.24016556409061 4.653341462113066 0
11.26002069529444 4.41155359803163 0
10.75089096584015 4.793473489037309 0
5.480910770250169 2.765827973892379 0
17.28726651578226 0.2255871204947595 0
9.068533964204706 4.764110013815221 0
8.689688831962124 4.524881630876136 0
8.774292051303885 4.380528204480512 0
8.568485456003865 4.310298111071535 0
8.965140327607749 4.474993519839189 0
8.519254562215698 4.516735257458627 0
8.338134798642017 4.248971170206623 0
1.215396124698167 0.2589683218281715 0
19.76489348396008 0.7411862052431297 0
15.15700374071027 1.243374542261016 0
15.18161230687618 1.489125198182286 0
6.482793455284956 3.384965172752436 0
6.49747725252243 3.164865503040823 0
6.779218729093706 3.160437909223373 0
6.720882326119959 2.939390468263409 0
6.930107906082686 3.045428665080445 0
7.005110404695627 3.252598440862132 0
7.073050154388521 3.077668012583743 0
6.495122539839203 2.954404472182305 0
6.577513046050225 1.644288817127613 0
6.568830974816088 1.443736981029613 0
5.090452261214634 0.2492808458111617 0
5.206947339364538 0.4183459523855881 0
5.361223757716075 0.4215488830659546 0
5.360423461833197 0.6351125271174602 0
5.590930992536493 0.627308249169249 0
5.58470693864559 0.4349931559338573 0
5.784424551943928 0.6639699949682119 0
5.152410373183521 0.5462651064736657 0
5.470484577342764 0.8080598456923478 0
5.860215822994553 0.471039310151844 0
5.998134694409405 0.6044639158577652 0
16.33505237344265 1.91555093654667 0
12.04319262184025 3.471570676022091 0
12.08729708250991 3.237566087298907 0
12.33988027466884 3.246916640296151 0
12.1399722575343 3.010537790183365 0
11.89160666569172 3.000087112765195 0
11.95245222220245 2.780781659945441 0
12.38777316624399 3.01945131656738 0
12.58608393561736 3.257844245124563 0
12.63411076460847 3.029600425792907 0
12.68545406608097 2.796955119554224 0
12.88198622644294 3.043977004007706 0
12.82926092337261 3.279308972618706 0
13.09834806957716 3.33106341807156 0
13.19959460023093 3.481076648008451 0
13.35738867580845 3.284416567503907 0
14.7777264729622 1.621334984692546 0
14.54998346127625 1.589030769164414 0
4.500068487791556 0.22833196937985 0
4.504172681361773 0.4557588893511713 0
4.229625214819722 0.4633915564200533 0
4.537963989358953 0.6771204503769219 0
4.226255072687767 0.7432819095736978 0
3.950554528723955 0.4513083219945329 0
4.772784392909513 0.6373434856469562 0
3.901706582660009 0.6795623422011812 0
4.396146073300589 0.9640606724058021 0
3.68554553629075 0.4290293385610946 0
2.720554689758291 1.931566416426648 0
19.77129332582548 3.204611893463733 0
19.61428754561661 3.361070965122618 0
19.44044835932086 3.48867454236786 0
0.202520998745026 1.455330937931933 0
0.327134638509655 1.215473012513872 0
8.489552940324772 0.2203951433929188 0
12.60529648980923 0.7975858344664517 0
12.73579432811842 0.6007020729182906 0
5.381710400519255 1.510142494512764 0
11.77337270972961 3.45732299803546 0
11.88159358917378 0.3105863403143148 0
3.668532157921593 3.261817448487625 0
3.943926242196754 3.170749366329495 0
4.084962098131758 3.401510651667366 0
5.584823721714685 4.455006923197594 0
0.3937727230549104 3.418571942628788 0
0.593202770924675 3.519281484359071 0
9.847693409084936 4.244761039637713 0
12.77277958817982 0.2956869120804733 0
2.278770925129743 0.211082991387348 0
13.53425355886706 1.441161629820611 0
2.517247614428268 0.2014051205323004 0
13.91068923597243 4.742291447840789 0
9.155332214832809 4.558039255941223 0
1.766480287540016 0.8279174223853629 0
1.775804512125669 1.061884181147283 0
15.58858926967987 3.460770020244199 0
15.2722379986151 4.782107246121162 0
14.77930466288067 4.706435634015319 0
14.91642060179434 4.540279631092245 0
14.66390125414068 4.48181558481814 0
18.23253891870694 0.5140181736953382 0
18.97950556206808 1.493417724492236 0
6.106776068092217 0.4174142413667035 0
6.148488935849652 0.6003078779813948 0
6.141951744918618 0.7732246653828951 0
6.292467572572262 0.2025788977522356 0
17.74990564447427 3.778890930183016 0
17.98138649727129 3.662573706018165 0
18.15812172629287 3.729832467797369 0
18.3953548781131 3.624135106342322 0
1.749900461528137 4.202847145990342 0
1.924187754027349 4.136626783062259 0
12.84605950538248 1.504622454302839 0
18.34135642574523 2.947562154661391 0
6.690289231991823 4.554417806273129 0
6.883279391126778 4.300175493946274 0
6.937923329823212 4.532879138692826 0
7.18028773962812 4.225280812493619 0
7.35438731291865 4.000772412910128 0
7.470292920494053 4.311663218283377 0
6.796739045110042 4.09045447259515 0
1.362904346250614 2.715917321816701 0
5.802332005798761 0.2217625422264984 0
5.183527868510732 4.764096316545832 0
2.260265514420412 1.978091026497524 0
3.851783848354377 1.584686036124349 0
3.971713926498072 1.719009865242946 0
4.232318872699005 1.76495885697503 0
4.086181382786156 1.85985036957955 0
4.296480437254329 1.875856294738536 0
4.435481577741842 1.689899804968016 0
4.434615036924659 1.892090297490181 0
4.613358733503317 1.74625981714848 0
4.675176529163431 1.919302188819196 0
4.576480006835022 2.126574096324831 0
4.715178800362064 1.647943960921219 0
5.004876758689695 1.65499311565067 0
0.2517856965852676 4.268914796336711 0
0.487168940980073 4.532758687556329 0
0.4911064270250947 4.766102578588142 0
0.7176255900760165 4.54969849678201 0
0.4954856615464109 4.298889409004145 0
16.40633402011183 3.385923652978764 0
5.086897795252245 2.890504323333181 0
6.995792481799457 0.2546340983237187 0
7.09098630500306 0.4642686186315941 0
6.750005577523115 0.2007737460165036 0
16.28676027283499 0.251114534951038 0
19.77844303611325 4.267305837036169 0
4.971888257398296 0.4770312677151711 0
4.928631866627789 0.6110090557799734 0
4.756937052914557 0.4473997270288708 0
4.153155051630952 2.728542125127293 0
4.286202902417926 1.508990677504827 0
2.483509101502128 4.795774377473181 0
2.706392539487135 4.594652997422384 0
2.465424603070152 4.592518261141048 0
2.242812746638765 4.793944194977794 0
9.537844187857134 4.802476132632533 0
15.77610990528449 1.472340740611995 0
15.78544325221395 1.633799763599707 0
6.920365032300754 2.915743645472638 0
6.71192638531039 2.749877468447878 0
11.71942916549786 4.79674201238625 0
11.69683855854223 4.599597649778193 0
11.93114665555213 4.594048448294778 0
11.67694151978699 4.418967201805582 0
11.89515497688489 4.397190000962862 0
11.63143067562495 4.24615537671009 0
12.08724817260466 4.165364803896114 0
12.12944497251433 4.375578681358755 0
12.16999083178945 4.583036569820685 0
12.4119752128766 4.571250499735704 0
12.45564329431604 4.785570664728517 0
12.65592648860537 4.56004994235367 0
16.29088335443588 1.704996014319348 0
16.82305608347594 0.2529208889859222 0
11.70340817743911 2.198370390071528 0
13.67918290245944 4.757391997536276 0
13.61818330332916 4.520361919856466 0
13.38442360650479 4.530105540015875 0
13.57556190622798 4.286517563373872 0
13.79206344810588 4.286495797619054 0
13.33995169978476 4.29465903281953 0
13.09851577464591 4.309035239872285 0
12.85608667338299 4.323814270600176 0
13.79319413662559 4.093882170289212 0
13.83953456550062 4.503416507694851 0
13.98036971811575 4.26438470204384 0
12.55020854940379 3.478094322403733 0
12.7768919564222 3.492754836814014 0
7.605081332756482 3.452186476540416 0
7.481061603001912 3.305039191790706 0
7.653490400216304 3.189712341240237 0
7.552520146401242 3.013749967186805 0
7.825627580953585 3.087275222566189 0
7.942027297448847 3.243138864169312 0
7.976145190512003 2.969650006675061 0
3.721691774617041 0.2145218069863435 0
3.438627209165227 0.4086417942093337 0
3.229833991414485 0.198805106761188 0
2.991207343565133 0.1958943877882282 0
13.19519682839344 4.769778116336161 0
13.60810636977259 1.839227633392802 0
6.479113809266329 4.781440037893894 0
8.25001106186456 3.286077012208523 0
8.120422924856486 3.113810484347208 0
8.334606985044054 2.958406990015572 0
8.110992007013524 2.785857905776561 0
8.56644153824306 3.326131102108855 0
11.44899696486514 0.2548811038000518 0
8.274462015878271 4.485856248308208 0
7.960907092100459 4.429399051813773 0
7.74972119152388 4.239318594514665 0
8.098687920912262 4.165315160048129 0
7.686215524496227 4.51416472717294 0
7.725157499331116 4.748006031519962 0
12.90253898583459 0.5255667118227874 0
8.641258971264358 2.776722409710841 0
8.231932487534989 0.9286591613768822 0
3.126024179216873 1.187224441084746 0
3.011710189502158 1.382536294728378 0
9.143953117997158 1.743568637585108 0
8.956552920675803 1.817614853064251 0
11.96536011815931 4.795447650280046 0
9.171203290893258 1.977534108791789 0
8.960358475342554 1.986554986683238 0
8.759891661855576 2.223732085152437 0
9.359221103837051 1.946908197995508 0
14.54900637747349 1.373023161430962 0
17.35042301909834 4.020776646225508 0
8.507467955498168 4.743496437382812 0
16.89238834590622 1.616255148404423 0
15.78092341420093 3.545273637258702 0
1.531103315242762 1.761738258574373 0
0.1995060036158538 0.7822946278341811 0
10.4993406234644 4.800307211668081 0
14.43825967312817 1.445388468919274 0
14.44040255729298 1.667001983700448 0
7.22269700233854 4.762896050483408 0
6.971098065418145 4.768233587704296 0
15.26964414633985 3.625664250140569 0
7.557204878462054 4.121937831717807 0
9.295737552492007 1.562687260376221 0
10.22876446957184 1.735069399847141 0
10.24638498352944 1.975948302153353 0
10.47672939103778 1.723885149407025 0
10.48956911398533 1.966411986775702 0
10.72329340294657 1.720977620234754 0
10.26111096104327 2.208590468422064 0
10.21466307950535 1.485577393829156 0
11.83278351379969 3.223882637047238 0
7.442282815980375 2.243890418125384 0
9.237171565753901 0.25162761069741 0
10.72694784166987 0.2397164788025212 0
10.70859613167896 0.4782881665796008 0
10.94287701152488 0.4765536012702465 0
10.96927320750114 0.2406981322837423 0
14.01199590617171 3.474090261894546 0
13.82241173637984 3.292654564535561 0
7.766885124108052 3.35256524071787 0
11.20168203165092 1.510106715979632 0
10.96494464872293 1.726593098061413 0
11.1965275186826 1.738118013115242 0
10.97404243215751 1.965149411645478 0
11.20944686933215 1.96901422241052 0
10.99115670010293 2.20133494593429 0
11.41542189554267 1.746787773855352 0
10.72114913111328 1.470010122421948 0
16.66557298924709 3.341710424972354 0
13.6641862258488 2.812463920084872 0
13.85643336759571 2.997232886982153 0
14.09618257903728 2.845054598606847 0
13.65281452402967 3.092382036423344 0
14.17269021848077 1.344654724991394 0
18.82213569341059 2.787650034705124 0
18.83177728367055 2.955502344111814 0
18.65914866005945 2.804677432448418 0
1.224194433264293 2.627701969876042 0
17.75050065505393 3.082374602548754 0
13.42256501359974 2.813615546495114 0
14.67010751898126 3.66954558710295 0
18.95752130696379 2.228808283508811 0
16.42411647866205 4.127410053075336 0
9.712923996337022 0.9818665493705714 0
18.31825814676609 2.258186773578034 0
18.05527382114077 2.415639381953465 0
14.10204766834214 3.290779000638909 0
9.012183073212729 1.033414977390296 0
10.9381623589767 0.9334148274775338 0
10.92948390823956 0.7061706003052663 0
7.400193275703348 0.8148887846523927 0
10.45965374831566 0.7252499767912564 0
15.95649361996352 2.201168077551887 0
4.073808197288159 2.164499024796374 0
17.09538560510285 1.413481886191533 0
9.721899085604573 0.7375210791856126 0
7.48015511534452 2.816651073735636 0
7.289082677232216 2.879438996728726 0
3.593676940448519 2.231413408836243 0
14.51051492660814 2.03214886932138 0
5.965521297854406 4.169463792120177 0
16.23822013480695 1.520119772674345 0
11.56496586316605 1.39204648557187 0
11.40761954108 1.538306523021049 0
8.97032957532365 0.7814748850692772 0
11.80601105283487 0.9765020216018463 0
8.194909373384808 0.3551013776205396 0
9.72968324725381 0.4924262141058735 0
11.36207300987768 0.8770342935681823 0
14.26547286213434 3.979161226624462 0
12.22157397105463 1.482444229229627 0
1.559873238274111 3.410089364761042 0
14.4670337140529 3.096229472462471 0
16.0905009065489 4.046393124032954 0
12.44297537379805 0.8986822971911936 0
8.965752506592485 0.513210395438692 0
2.727237893352823 1.026666863983537 0
1.192009671345719 4.776113883967001 0
4.452390194584424 2.277908785962794 0
14.25055459793362 3.48891627685785 0
3.978109287807658 0.2232654396776486 0
8.004307934713108 0.826869525080008 0
11.14216738697669 0.9028586304692401 0
15.97903277486878 2.717755191913494 0
13.15987238880734 0.8398186427574341 0
14.28092111170747 0.8789929294185714 0
10.24409170711742 3.360670563825435 0
1.502295579905805 2.146114421069359 0
11.62521091133545 1.743278470182743 0
16.66776037071634 0.9405784167743683 0
2.196955389915674 3.535438416790626 0
6.598210051066141 4.148344610945341 0
3.659069272016214 1.176597843444775 0
12.8228592409122 0.8681266906488525 0
16.11031095652854 1.019922857801384 0
5.496148408406351 4.235841826653303 0
10.23562111780828 0.2428163152531244 0
11.74962558533528 0.6914392247006695 0
7.161939472682471 1.34442724174207 0
2.5945158357966 3.590818339915015 0
7.198397729421968 4.519552046126753 0
11.34444640179227 4.148706013541599 0
15.5164612120888 0.8839782688086637 0
4.919279678480236 1.00306377903555 0
17.38769809132422 0.8829510421967017 0
15.58558390466145 4.202913865913245 0
14.93690172454987 4.199488288671407 0
3.790621521154276 3.977889464806153 0
19.76494947933834 1.239194201507587 0
18.88214031248169 4.070889827381948 0
15.03321800197032 0.753924101472937 0
17.36351005162908 3.799291394263533 0
13.35064909125539 3.479582429868882 0
16.48055181026484 0.5390313243525764 0
0.8273743101138837 2.11466340899436 0
16.86999383816616 3.459126890976822 0
1.247013427814821 4.135615778919531 0
8.740319124649718 3.894838797752913 0
14.9971696472109 0.4776502269890357 0
5.552821658614299 0.2204229375800866 0
2.810527416866628 0.8011597726734792 0
5.611211425802041 1.468104812585084 0
6.61689582386284 0.8381910604044762 0
3.617747090729203 4.382241219875802 0
6.239660123168731 4.781310964660848 0
2.450676635742147 4.20589672655173 0
16.92935154926711 4.108841342148932 0
13.7596697311637 0.821987320768224 0
10.83185282750768 4.15543660665779 0
1.993627627841384 3.009902114365507 0
0.9699875154921234 0.6942297680057805 0
2.119171702297038 0.8925748265494893 0
8.657841010974813 1.446945194280683 0
14.69015869380539 1.768800244851385 0
1.596872466299644 4.712433612179844 0
12.29587197172429 0.2248401375394748 0
7.651163790675918 1.287724419829446 0
16.9062657074956 0.9302673277940443 0
16.26862708449386 2.909958104374297 0
19.05047498253211 0.4871905697274155 0
11.46649150825717 2.765544370526219 0
12.70242151079524 4.780103568707892 0
6.373973352706628 0.6045421972475757 0
9.201042913541041 4.01362177448738 0
18.93768830706865 1.693350749432401 0
19.37962431944889 4.053895259549596 0
14.01628179159664 0.502519295809684 0
19.3435505541696 1.109141823470912 0
6.355545059966948 2.054251084663379 0
0.8418746667537533 3.631184934157438 0
2.223490511599007 3.026845882051543 0
18.71319278028654 4.313727105705104 0
1.687525673700648 1.279062487075758 0
18.70283728125712 3.068215236473689 0
18.47937918064702 3.476779639776125 0
18.40683916733744 1.189405762327506 0
16.6903770959506 4.030479442812103 0
1.949526418742087 0.8519681904980119 0
17.97315841576868 3.038275297241011 0
19.77806639653753 1.486998960129078 0
4.861949463512584 1.778137685379454 0
8.116555746659472 0.6072083377783519 0
13.00718258096717 0.7016743521703841 0
2.008189822341899 1.951983751037675 0
14.05185477304038 0.7485287086112844 0
10.21196693631351 3.535742654394729 0
16.09600310742103 0.8888533591036147 0
19.59957864053109 1.713152880676649 0
4.312184585781897 3.26656242373267 0
13.00949408708979 1.56683071024165 0
15.53023311855502 4.383242196753613 0
18.68958086332611 4.084198387379718 0
17.79659951880566 1.178217347466032 0
17.47511572226977 1.416363199639718 0
17.90935754735945 4.539842213256588 0
2.456241170517512 4.394835713566883 0
4.936032760028866 4.773059318653908 0
18.7557006323777 1.639733997588193 0
4.200842819283104 4.042888164365103 0
9.536594752680864 3.123923633719789 0
5.672074615342485 2.064474571383283 0
18.8005814285039 1.037729976783627 0
2.091161185455048 3.404385190970564 0
12.93050507732957 2.803031029397241 0
16.80810595814787 0.715068647164284 0
18.3132167585664 3.330131590711024 0
15.22042012440184 0.4545033707324073 0
1.909538433998302 3.848331748273658 0
15.48167851878058 0.6648395553402173 0
18.23371455637247 4.524378008294816 0
7.286092576737593 1.877795002868375 0
4.444465888847942 3.289088264378044 0
11.23189805115538 2.202279121858748 0
18.18362783066065 4.183815988908506 0
9.966320259693413 2.870126879132123 0
1.651641804928769 0.207826238796895 0
9.987755043708155 0.2445339780341627 0
9.797921216409774 3.503260424595252 0
19.80031715938614 2.696673414205796 0
13.53037464397177 3.282335605634234 0
18.85137978877807 3.581307955294966 0
0.7420562826500685 2.808373102820862 0
6.342307259824312 1.647429146325006 0
4.54901147413468 3.959234922537851 0
11.64446267564047 2.986676233846655 0
19.32223985788756 2.679630855663563 0
18.31393064851961 2.730788571265644 0
16.0695742711533 0.6912847069790755 0
5.644434926222514 1.675940638172277 0
18.20062401466682 1.904994366946631 0
5.916490379553219 0.8403466837699731 0
0.996740448784287 2.042184622995447 0
7.986105631496271 4.73634615455027 0
12.33210576646767 4.140746066943935 0
4.768004739323732 3.918877131299332 0
19.76125175255745 0.4950578299648618 0
11.81218269382107 0.5194405234107324 0
8.535620667175811 2.946081248167037 0
18.62429025985175 2.639621404349911 0
3.685306820641325 2.8592630247731 0
15.06844334295015 3.311720711796092 0
13.38275215541161 3.0605016265224 0
1.836670189504989 2.3678489869234 0
3.936009142341042 1.95961760067596 0
2.111886873208539 2.905806768474463 0
7.321126324072432 0.5731683388759197 0
1.544992205839735 4.094118903085659 0
6.106937284939034 1.651289703328792 0
17.72063154136272 0.9325883942457036 0
18.79446851668846 0.2538913241400738 0
2.926004090108704 1.09595255106678 0
19.52490220296504 4.755047035627058 0
4.796753466948029 2.834818966286393 0
11.1694368809888 0.4847618176773505 0
12.19700477059511 2.786428047469939 0
4.38027801770757 4.103277997721829 0
17.0793813125561 2.233840352934561 0
9.469612107083496 2.706490275788559 0
5.234573651293537 1.736029964219556 0
19.53635712101445 0.9694424889437767 0
14.50208644623458 0.2442357971629123 0
16.88349407466658 2.024344643143532 0
5.003221021426621 4.129352168257554 0
8.439959664171052 3.170344610732075 0
12.81748408358749 4.097215840141967 0
18.04845963155539 2.89233205640124 0
14.72833092531316 2.023139132244989 0
10.0103333004069 1.995148468190329 0
19.29526195713861 4.747766475510716 0
17.71759590040375 4.636199238241206 0
16.64709373104731 2.213538067307337 0
4.16762787099828 4.168051764524122 0
15.35316136240619 1.659740672500365 0
1.896947210201072 2.87613414473228 0
17.55197734845815 0.8159694467565524 0
14.86464271476354 3.630592627384517 0
4.058311806326039 2.904490741316566 0
13.26839562560718 0.2384123485895091 0
2.225912956006389 4.587763111834503 0
7.867996295035995 2.752199303048548 0
9.598632139437422 3.475399000542577 0
19.02633718582721 3.682232683899504 0
12.67233198837821 0.4531422853913512 0
19.00194575871114 2.952639386654919 0
5.872825963687856 1.659589350989899 0
16.41972585239863 2.15042244484001 0
5.31530436935585 2.723603273370915 0
15.24228310339424 2.148194962957803 0
5.250216895579995 2.242077554361058 0
18.41299764609166 0.9856131551038412 0
10.13896530790328 2.875802834277348 0
18.77253365883023 2.16307838871285 0
2.410873756684296 2.938550263008505 0
17.30203288728582 1.616574700475641 0
0.4392092310418061 2.518827732074533 0
0.5515657727112373 1.102079617999775 0
14.26425089513372 1.820879472368979 0
6.956518219527218 3.437893552954138 0
17.69787068581017 2.894436931339711 0
5.097322175505438 1.762147411458105 0
2.919034744388561 4.3918408921813 0
5.769130213617165 3.188004322152274 0
14.84908675286936 4.087950478204005 0
12.52050922802901 2.256241170511376 0
13.41086868205351 2.037219021557866 0
17.10818041687426 0.4516142055584753 0
10.45755260617154 3.357643684025427 0
7.505830147143799 0.2096679417347942 0
7.26367006737931 2.737933760573473 0
15.64069781187012 1.760851810188707 0
15.57274547070142 2.002454857762684 0
7.327734913255933 1.262032257168516 0
13.16377734264686 1.985086916481716 0
10.48400952608118 4.101871398745854 0
5.308396828365044 0.8756317875258501 0
5.130017871088181 3.969052259403634 0
0.5106488104492186 2.909457908368001 0
12.6136975916156 4.339876678284009 0
19.47202855156837 2.157273265836931 0
17.55017608094722 0.6609738160591776 0
15.90804726322436 0.2445367618498686 0
1.427886851854016 0.300415531431343 0
7.0545464453194 2.24810977675336 0
4.956818012033151 2.945546292257383 0
16.72458336342859 0.534749049815253 0
19.54902301850673 2.850893466499048 0
15.88204157563616 4.560617022138469 0
19.2481426320706 3.637158085762032 0
3.150266066059765 1.669605887015968 0
13.75832991153536 0.5079132399573847 0
1.553180344068299 3.226061256045739 0
13.13423532753941 3.055655025613135 0
15.18722489703697 3.476811439659667 0
18.61080317025751 1.01399741457306 0
4.362069388482599 2.807103550958769 0
4.347981969286058 2.704848806721533 0
0.5209500890862309 0.325925310941225 0
4.020476749658475 4.176407099176227 0
3.216097343138484 4.796019350520491 0
6.339578294159627 0.4034333722007095 0
0.769898359188895 0.2559247755845386 0
8.212157625744195 1.54373429725624 0
10.54247697065027 2.727796795471858 0
5.070005932405912 2.191178458573275 0
15.51318670092676 4.578773725624155 0
3.296616283606519 3.756392280083344 0
0.8465695947265406 1.860576425404653 0
19.23958542175908 3.111016040802659 0
12.9009676268818 4.549565401433075 0
15.50411868636651 2.214785720384624 0
14.46614864033832 2.73141116374453 0
3.034048846852528 3.583069698500168 0
17.09808829424198 1.617539030442044 0
15.0976711899729 2.915950715970697 0
12.08548637496003 1.928604356846657 0
5.433350147034592 2.872744784686561 0
9.48937159950146 0.248871054152656 0
12.37039034068079 2.251114278784227 0
5.392644474354353 4.023573291078494 0
16.68048824650067 2.750432319689264 0
15.45733929178567 0.2457444494614167 0
9.33059633604443 2.708049872957387 0
4.893310381044215 2.077611555907497 0
9.298767073068255 3.218242672328138 0
18.68355111435148 2.005153762894153 0
2.938267336276516 2.238044921069076 0
1.989079113960621 0.6742446954196668 0
19.26901815693631 0.2453020077156891 0
7.954299601016812 0.3892121908660076 0
17.75793794299211 2.21160788770113 0
10.47030483049621 4.251530271345988 0
11.52035922860813 4.430827646778658 0
9.47305940230205 3.272316023802239 0
7.278618810232883 2.247729158010737 0
10.06356275711283 4.251090234204193 0
18.45577079930843 0.5643772161337157 0
7.106756019159969 3.445385160639027 0
2.288833769723496 2.932048935595083 0
9.423055740094783 2.155503252393613 0
17.99647501674207 0.4836097785561835 0
3.65861174598469 4.586788818062454 0
10.29759322642999 4.086481987945326 0
10.11071906555316 3.030339150964572 0
10.70050932661255 0.7166254345808696 0
2.313933609113398 0.4134155079968016 0
2.759033374377379 0.3905568341281143 0
14.57851668355472 4.314453841619811 0
1.473264991544507 2.813524185604823 0
17.66668152138456 2.295201282541816 0
0.9840613856447291 0.4790176663585211 0
4.009382250540381 3.015300707276676 0
2.973648852046814 0.7011501483002884 0
15.27693353077526 2.961794428777915 0
10.5040335045244 2.203178788360816 0
9.138270092591695 4.267482817676017 0
18.91220860189518 4.267682794749843 0
19.57312683574602 4.053810867986492 0
10.72049536376596 3.311017672059905 0
15.07754644710837 4.5577387174992 0
19.53911494410153 3.66568276767569 0
5.045578656958991 2.812200386484113 0
0.7308756401775174 4.773375641506385 0
16.28029807909165 0.4818106136878408 0
1.851287138977035 4.78447196818531 0
8.72808638438822 0.2428039372922859 0
14.8683424303171 4.361423563224033 0
17.40242446542846 3.23076675222934 0
18.2243903870108 3.54584423059548 0
15.64672723389942 3.277273124104521 0
12.3291029680352 2.105004380731475 0
12.28566633550664 1.901582019200106 0
19.5785639550224 3.849107344706296 0
7.853789206715506 2.024682243229192 0
19.3262591449827 3.303307683361181 0
9.206517232196731 3.378627812328173 0
9.878930332366528 4.06194816987649 0
17.53963496739793 0.4490530581101346 0
5.957690135676133 3.953068453945745 0
10.73356602225253 1.963461910759074 0
3.847379162849109 4.376635316369749 0
18.47219527772707 2.828003046494744 0
3.719494055996587 1.689705152082215 0
12.83215906643258 1.66851753079226 0
2.085358434899049 3.925454684736024 0
4.510497862425487 1.149037165560649 0
1.118512343112373 1.681643799483753 0
16.76130475738966 4.829100254518775 0
13.0922282033241 1.393541964841237 0
3.358154994561918 2.040979766716729 0
14.99329016589511 0.2376146002870638 0
5.848257961796383 2.867086426531529 0
16.10124598611221 1.993586583034722 0
15.8441363770956 2.721260994416802 0
0.2369790558273301 3.769058364919077 0
2.362214884728094 2.12167586888701 0
3.764001693873902 3.095428131211635 0
15.84984833006555 2.892959824153771 0
17.26897511448814 4.78067968761545 0
1.56182070207767 2.925714859153573 0
13.14465494639592 4.53955768526049 0
19.55757737617876 4.278603550411635 0
1.388391201153253 3.210542915238867 0
7.270875506488175 2.061157426482275 0
8.425945085955506 4.029373047739014 0
15.41126659305382 0.454702814436887 0
7.98651267775987 3.85604377222811 0
0.4189279797223691 3.554153846519241 0
5.362706630453165 3.272954154421763 0
0.9365056440723141 4.560814847390668 0
5.209743670603079 3.362360342823505 0
13.84733141869769 2.044518484146422 0
3.762577970816227 2.018130887101508 0
5.481127584274597 3.420069993601524 0
10.94709062861125 3.581987692439426 0
0.7167011454818475 4.332960155774185 0
9.661383785012486 4.05025979614711 0
18.62470272855595 0.8169497154100509 0
13.86092501713506 3.925368861200237 0
18.08854192288899 2.543642958401424 0
14.91591933866431 1.641847053440887 0
11.14240539637857 0.7008639846482487 0
7.103599704517876 2.905254927687396 0
8.877443077653838 4.177192035689265 0
9.976938071103664 0.4893631709504054 0
11.43842400813045 1.97074915874405 0
1.021204757515834 3.127339837629056 0
2.112335209634884 4.194896165925939 0
19.54316162741874 4.514339531464053 0
4.195325608156698 1.059984162163372 0
8.651322512266519 4.103046658871962 0
16.26685809940579 4.757895104253208 0
14.31938096370061 2.742748853316038 0
4.836577750238698 0.8170522592541607 0
1.813816905958637 2.211573542146902 0
13.40663449036153 1.8395199423571 0
0.3944922461425584 2.857289710306698 0
4.615795428289473 0.8828054404050538 0
11.43333396574252 4.578544934388245 0
2.134106849277337 2.648866915344171 0
12.07311016937201 0.4362236033681834 0
8.99164112716972 2.210130137344235 0
17.93195565811789 2.457698596927893 0
17.99498326366421 2.270335552971805 0
6.18994945319635 3.974942119549443 0
8.321783318657197 2.226471068357447 0
7.298006381948817 1.005451307231362 0
6.907028376869414 0.4933999378901541 0
17.8304322175503 2.952799351330742 0
12.45012563842413 1.675981044506599 0
17.72440317147501 2.74003767273639 0
5.618058242893945 2.853390924808373 0
14.1802750591871 4.178866540162233 0
10.65230487059162 4.224872035692725 0
10.07801738483983 3.188055764471792 0
2.54708644890227 2.748431718421715 0
16.86309614124949 2.942091497861463 0
11.63736950963722 0.4890893304191217 0
14.04424508610545 4.467204060318601 0
2.945092464642586 4.593952149696175 0
8.986093720710164 3.290833120883529 0
9.406230432256729 4.236502566717468 0
3.597640835016936 3.008240141946132 0
10.02441312379266 2.218607890886568 0
9.282932035412387 2.833759123963296 0
7.184209702605696 3.324309421940683 0
2.687565716692648 4.394714869405018 0
18.11201513813555 4.619892237364139 0
2.258558350310745 2.329622111195211 0
3.824714703327585 0.908765984831357 0
13.07923554352615 0.4655507144562629 0
8.202238005662602 3.947886490801698 0
3.459989114393746 4.794816125298635 0
18.6808145700264 0.4812024841363778 0
16.28651307609141 2.732857835160087 0
0.7264627021958603 4.17042545644172 0
17.53915915024544 3.047541615720101 0
17.07566174288235 3.927632970643297 0
6.258178179624118 2.758758849780762 0
1.711063774622172 2.065606749829856 0
3.454482844714104 1.592678259401145 0
19.75586771136803 0.2478435130687249 0
0.246844603192633 4.757970486532066 0
5.166475298178149 2.835528606030168 0
19.76119574956136 4.753503453126189 0
3.12224678168308 4.184056063194608 0
0.2430872986179491 0.2763531786426952 0
18.43770202459272 4.347173681389702 0
4.088503408282036 0.9151432595008742 0
11.44235061066551 4.314453495518914 0
7.506950852143172 2.064731012511587 0
7.876999236854984 4.056291205929011 0
7.29431862841459 0.4266218332674465 0
14.25489870361929 0.2464957248972426 0
1.1435976834142 4.561780111567564 0
0.546731648410212 4.032965184966027 0
6.881660091609257 0.3767373961136502 0
1.504265004562022 4.516579173063624 0
5.245452828296068 0.7527184228463975 0
6.402424282672586 4.171569188340332 0
1.1015436326299 1.459522530076491 0
7.843024575954026 2.282600235655586 0
8.534036986987328 2.091542087861545 0
13.3456720407796 1.482655099701266 0
5.060674268435331 0.730530961327204 0
9.653086057610265 2.236658057097293 0
17.80736626762542 3.60196249971975 0
2.981880319152119 0.3877379743493679 0
1.275451429558146 1.451636598977378 0
0.2161869792884641 2.727975314989535 0
19.74685325965738 2.418208278358213 0
14.28769649882598 2.889425763351067 0
2.972167023711741 4.796711562230895 0
3.349891260448095 3.050562487759219 0
11.26157847651229 3.390002895399398 0
2.813015143768594 1.269035719123045 0
18.17797337982199 2.202509067732538 0
8.771980087464165 1.699939713184019 0
3.632635301537977 0.6432957609459407 0
3.39056358724392 0.60762971694472 0
6.754156169379067 0.3712713846062079 0
5.729162121123676 4.186699836105609 0
17.30528834219911 2.241567723741407 0
19.17963826034594 4.521208731712857 0
14.47039915439458 1.817203057595876 0
8.385335104455038 2.037130176084639 0
12.52736611974649 0.4431879957296463 0
2.147224460725621 1.842109132468727 0
17.20644358077805 3.113835782855248 0
2.961594849086968 3.037293571410351 0
13.55757619315294 4.021329484669396 0
15.38597467249486 3.388759583464384 0
16.41588537048509 4.498455756439631 0
13.06161544916525 4.076660112078034 0
17.73076120337196 4.794701227914858 0
0.2264051073744007 2.500246623455617 0
4.130878701933503 3.226987087798276 0
2.340196088146617 3.449106730722939 0
14.26661598586873 3.091718773504866 0
5.567733708780146 0.9493561009329408 0
2.78206262878882 2.912697564440256 0
3.831101116788032 1.815874988226916 0
16.687186555162 2.016010705854271 0
0.4320521897974903 0.5899687418988626 0
19.86052619764483 3.328806356317835 0
1.623421552265329 0.3651212522438936 0
3.206119582803015 0.3936163389904421 0
1.429168908977926 3.024884626869214 0
14.30112585149221 4.627719345234207 0
15.86402183326604 2.306440270351895 0
11.55554399893342 4.063598279534162 0
5.837125692552881 2.682550528682353 0
1.247320747617286 1.222102027945348 0
17.07803951423942 2.755591227924516 0
17.66892772660014 3.004812393219372 0
5.590773320832868 0.7568077281667049 0
2.200536574546661 0.6042208665971704 0
14.47918676528276 4.560551557194766 0
14.92786074650356 3.808982669796322 0
10.04199214821539 3.351739799889478 0
8.412241469481254 1.563131847077771 0
18.86451925195596 1.899014649772049 0
16.05997230276573 2.856014581291596 0
0.3618952199132046 1.049186046324092 0
18.68385952234502 2.960334621098839 0
6.925361282441317 2.741626944167875 0
0.2548031174318144 3.364674451139856 0
4.705305803941435 3.535748976353835 0
0.6905671271936509 3.335615289488205 0
5.762086806839616 3.451064686972738 0
7.80779162650243 1.439168485940565 0
9.078988469216952 2.86882078943409 0
16.90301225248627 0.4781013901964362 0
0.2068475800068246 3.141461443473976 0
8.721440140008411 3.210032407005825 0
19.85109630700343 2.537645095275692 0
11.51264232478148 3.424656373022306 0
0.3945718908379181 0.8226545849040412 0
6.552354772735494 4.013859633697001 0
4.676662133532536 2.322621239525603 0
2.751627815417857 2.741408361348193 0
13.75520089869214 0.2493997820685117 0
16.03494938591507 0.4213792583821352 0
17.63893919092566 3.538651455356375 0
12.37119566201828 4.35684017174375 0
10.92485495280872 4.33049773289931 0
7.642227536046148 4.356584171549557 0
7.491744120493776 3.828812852295374 0
8.325539832447593 0.1989333709962011 0
7.963855275714131 0.1935149259432687 0
4.382461660359013 2.059326683216111 0
16.60866797616337 4.350840607323152 0
19.62982875590094 1.86603391921121 0
0.431624572086017 3.062248514580262 0
7.452062542225278 4.525306008863749 0
11.2424575358061 4.802687086096084 0
7.315407689836139 3.120234984302552 0
4.82792040221565 3.355743570141354 0
5.957741928189559 0.7214416415527425 0
0.1870691203994728 1.234910259479765 0
1.528635748093411 1.020513007771742 0
18.34522964317382 1.872913659189705 0
2.810734025401871 3.762882139277856 0
11.66101176030645 1.965972171091647 0
4.216542355599712 1.981064468323889 0
9.229110332232548 0.5048124721868208 0
15.72454869697335 4.57443646355364 0
15.08273351648631 1.697511294872707 0
7.862683100927744 2.883715603888842 0
1.668502993785927 1.860200856702063 0
17.58662804324306 2.053276305411675 0
10.71837177814092 2.905208583357192 0
3.362362301962118 2.739075310092039 0
2.787429340743243 2.057824899425085 0
14.02534918716414 3.106373745800809 0
13.93335826850834 4.129646587749491 0
19.59295729620449 2.265774662412019 0
19.16115308573056 1.785398988586149 0
2.299018687909976 4.217169114184305 0
15.03169179692572 3.564041171416837 0
6.263226903302497 2.953635227003223 0
7.733723574613194 2.935543346631723 0
8.291876983752324 2.7025383161246 0
19.63834513259788 3.068405857260631 0
0.3735648257221573 1.620524947242573 0
16.66947786696954 0.5666224016134092 0
16.54746209038767 0.5687635388820709 0
16.52132146586884 0.4266634501378697 0
16.64333724245071 0.4245223128692075 0
16.59539966641919 0.4966429258756393 0
8.376088105079914 2.864095149149226 0
8.222799496028788 2.872132447896067 0
8.201434495382923 2.74419811095058 0
8.354723104434049 2.73616081220374 0
8.288761300231419 2.804146630049903 0
13.56656904969046 4.153923524021634 0
13.45775680300637 4.290588298096701 0
13.32002194443603 4.17900026730128 0
13.42883419112012 4.042335493226213 0
13.44329549706324 4.166461895661457 0
7.031783565377449 4.262728153219946 0
6.840009218118411 4.195314983270713 0
6.895691322513926 4.041311242868198 0
7.087465669772965 4.108724412817432 0
6.963737443945687 4.152019698044072 0
15.6404111305168 0.4071547868396386 0
15.76213782557484 0.412991558992684 0
15.74850652138173 0.5569424696158507 0
15.6267798263237 0.5511056974628055 0
15.69445882594927 0.4820486282277447 0
12.33257155586987 4.788247728415911 0
12.18974532460658 4.686980680961994 0
12.29098302233303 4.577143534778195 0
12.43380925359632 4.678410582232111 0
12.31177728910145 4.682695631597053 0
9.605508341544049 0.4947430696170874 0
9.485352517667874 0.3729654896404786 0
9.614159985775512 0.2475948632170706 0
9.734315809651685 0.3693724431936793 0
9.60983416365978 0.3711689664170787 0
18.06975411178207 3.696203086907767 0
18.00967661494755 3.570087599106706 0
18.1311785598173 3.511722861395364 0
18.19125605665183 3.637838349196425 0
18.10046633579969 3.603962974151566 0
0.3740139916175025 2.26968211125508 0
0.2786088017575548 2.095999121589477 0
0.4354583326146688 1.991277969028389 0
0.5308635224746165 2.164960958693992 0
0.4047361621160857 2.130480040141735 0
8.869032778209125 2.937667069643004 0
8.712372623319723 2.874458553872513 0
8.790015482579049 2.762464382696554 0
8.94667563746845 2.825672898467045 0
8.829524130394086 2.850065726169779 0
11.80307811176465 3.340602817541349 0
11.64300751725555 3.440989685528883 0
11.54573186215937 3.313860487057096 0
11.70580245666847 3.213473619069562 0
11.67440498696201 3.327231652299223 0
16.91025101946697 4.037687726744524 0
16.86483705574509 4.158386609552133 0
16.74534982908684 4.119205659883718 0
16.79076379280872 3.99850677707611 0
16.82780042427691 4.078446693314121 0
4.876197026009041 3.939061448908628 0
4.993805167060486 4.044298967387739 0
4.897384422400801 4.132502903199667 0
4.779776281349357 4.027265384720556 0
4.886790724204921 4.035782176054147 0
12.7348921324993 4.331845474442092 0
12.59410384973038 4.229960877901043 0
12.69599709571633 4.108630458830021 0
12.83678537848524 4.210515055371071 0
12.71544461410781 4.220237966636057 0
19.4046560313449 0.4914109618413889 0
19.27736845945375 0.3682687977518562 0
19.39055309786158 0.2457788291540588 0
19.51784066975273 0.3689209932435906 0
19.39760456460324 0.3685948954977234 0
5.057203591891266 3.964149012960779 0
5.162383032134604 4.033400349445587 0
5.098984607303825 4.113550303872547 0
5.078094099597545 4.038849658416663 0
0.4234842783081092 1.670906571496731 0
0.3882650546643394 1.830960737640454 0
0.2633592411893169 1.810055587157004 0
0.2985784648330867 1.650001421013281 0
0.343421759748713 1.740481079326867 0
12.10292506786361 0.3334281460341435 0
12.21430596903975 0.2277364131197892 0
12.3113218342638 0.3341291186061595 0
12.19994093308766 0.4398208515205138 0
12.2071234510637 0.3337786323201515 0
19.64314005200065 2.874766844286555 0
19.68780110904623 2.983523039667347 0
19.58636331445619 3.02754591736679 0
19.54170225741061 2.918789721985998 0
19.61475168322842 2.951156380826673 0
4.682009767193482 2.182359400200618 0
4.625828267999227 2.022938142572014 0
4.784243455103823 1.998456872363347 0
4.840424954298079 2.157878129991951 0
4.733126611148652 2.090408136281982 0
6.098864508713883 0.8745074373376063 0
6.255232953776441 0.7906728807483665 0
6.35540588139227 0.9127931374465037 0
6.199037436329713 0.9966276940357435 0
6.227135195053077 0.8936502873920551 0
7.196341190875046 2.892346962208061 0
7.113191014157159 2.820145497734566 0
7.193226195587877 2.736484914177605 0
7.276376372305763 2.8086863786511 0
7.194783693231461 2.814415938192833 0
18.55292236642395 0.594631886817079 0
18.63738833104771 0.7209181364552466 0
18.52578055562703 0.7972849475930071 0
18.44131459100327 0.6709986979548395 0
18.53935146102549 0.695958417205043 0
14.01103344540243 0.3761008970836697 0
14.13034190141375 0.2480891116274488 0
14.25861195971897 0.3682355667689983 0
14.13930350370765 0.4962473522252191 0
14.1348227025607 0.372168231926334 0
5.470318010936674 4.480937776986078 0
5.314772172298319 4.39841610963096 0
5.384940226422163 4.262902707570329 0
5.540486065060518 4.345424374925448 0
5.427629118679418 4.371920242278204 0
0.6296948998466476 3.612393901817176 0
0.6758040774161458 3.488852379523352 0
0.8001400253306841 3.544804104422535 0
0.7540308477611859 3.668345626716358 0
0.7149174625886658 3.578599003119855 0
10.75650548134463 2.318938642650092 0
10.86950853961693 2.201216808224011 0
11.00148220069283 2.319056780360372 0
10.87899384101873 2.318997711505232 0
17.404617501126 0.2262666348469113 0
17.53080172693384 0.3379996036545991 0
17.43040149458097 0.4467025644821483 0
17.30421726877314 0.3349695956744609 0
17.41750949785349 0.33648459966453 0
11.02096172355107 4.675935770403745 0
10.87692141956918 4.794287073184931 0
10.74474730418826 4.689565844384791 0
10.88878760817015 4.571214541603606 0
10.88285451386967 4.682750807394268 0
2.311240199574253 2.049883447692267 0
2.344052471525238 1.924127985089637 0
2.484465502081706 1.948523784762756 0
2.45165323013072 2.074279247365386 0
2.397852850827979 1.999203616227512 0
11.74049225881522 2.668521529219317 0
11.98319068247295 2.672001522579493 0
11.83039843837176 2.777301666585264 0
11.86184147064409 2.670261525899405 0
16.98971140671526 2.026841645493122 0
16.88862563853678 1.923503175156182 0
16.99751254338183 1.823021824993494 0
17.09859831156031 1.926360295330433 0
16.99361197504854 1.924931735243308 0
6.452236770204613 0.3955182431620305 0
6.316022933365945 0.3030061349764726 0
6.409263456792692 0.1994934669753348 0
6.545477293631361 0.2920055751608928 0
6.430750113498653 0.2975058550686827 0
15.10879488580637 0.4660767988607217 0
14.99522990655301 0.3576324136380498 0
15.11106696233533 0.2358887203973365 0
15.22463194158869 0.3443331056200081 0
15.10993092407085 0.3509827596290291 0
5.051099467097567 1.708570263554388 0
5.073359133879955 1.838641182518761 0
4.955672777883528 1.846636319479435 0
4.93341311110114 1.716565400515062 0
5.003386122490547 1.777603291516912 0
13.16781085535663 3.546034477774895 0
13.27512184574316 3.480329538938666 0
13.33314770545737 3.571290925891683 0
13.22583671507084 3.636995864727911 0
13.250479280407 3.558662701833289 0
19.2977919452511 2.111416722403278 0
19.38051656997989 1.996576227269491 0
19.48416434923985 2.06767660171767 0
19.40143972451106 2.182517096851457 0
19.39097814724547 2.089546662060474 0
9.799350117352324 2.130246391949517 0
9.729300831596463 2.234675751124477 0
9.628771704662233 2.161132612584972 0
9.698820990418094 2.056703253410013 0
9.714060911007278 2.145689502267245 0
4.971353236649344 1.996373254743457 0
4.768562996338007 1.848719937099325 0
4.869958116493676 1.922546595921391 0
7.081609293118637 3.921609115309803 0
7.261481149619057 3.925911315194244 0
7.267337526273385 4.113026612701873 0
7.174473409696011 4.017317864005838 0
4.770534806136594 2.908946027413985 0
4.871214428012554 2.828375713593862 0
4.951246700555114 2.883739376579356 0
4.850567078679154 2.96430969039948 0
4.860890753345854 2.896342701996671 0
17.08765502566002 2.131589500388636 0
16.96959885154856 2.230988950662958 0
16.87165523260379 2.126241095767443 0
16.97965512913191 2.12891529807804 0
2.229447719945993 1.651186186523671 0
2.224129412630857 1.780891812853648 0
2.084327770033894 1.779385223875494 0
2.08964607734903 1.649679597545517 0
2.156887744989944 1.715285705199583 0
6.779188203525227 3.868076129800148 0
6.938785226419012 3.922949778654788 0
6.736094299620142 3.986437594013558 0
6.837439763019577 3.954693686334173 0
0.8812273659866818 0.2515100225716753 0
0.988308879214598 0.3630564679586668 0
0.8870142848624525 0.4780352807494932 0
0.7799327716345363 0.3664888353625022 0
0.8841208254245672 0.3647726516605845 0
12.16848851406471 2.898482918826652 0
12.3188893517156 2.788896846886389 0
12.41427354954003 2.90540848143511 0
12.26387271188915 3.014994553375373 0
12.29138103180237 2.901945700130881 0
15.87495011702584 3.199177866990614 0
15.95565920639035 3.080084761514532 0
16.04987534621206 3.148832962441887 0
15.96916625684755 3.267926067917969 0
15.96241273161895 3.17400541471625 0
11.18931370965157 0.3659564095778767 0
11.32909375158974 0.2510160526392271 0
11.42863309004302 0.3943773974932778 0
11.28885304810485 0.509317754431927 0
11.30897339984729 0.380166903535577 0
13.59159458400072 3.187358821028789 0
13.44388165989011 3.28337608656907 0
13.37007041561003 3.172459097013153 0
13.51778333972064 3.076441831472872 0
13.48083249980538 3.179908959020971 0
12.22974990871185 4.895462396051652 0
12.47782164715802 4.892785332364259 0
12.35378577793494 4.894123864207955 0
12.56311399945852 2.794160382928532 0
12.65978241534472 2.913277772673565 0
12.51094196542623 3.024525871180144 0
12.53702798244238 2.909343127054338 0
1.837044107777743 4.169736964526301 0
1.647446333683936 4.148483024538001 0
1.623215245721086 4.015029680019103 0
1.812813019814893 4.036283620007403 0
1.730129676749415 4.092383322272702 0
10.96288754145173 2.835819227926075 0
11.1103774522255 2.750376791096707 0
11.19397177208495 2.852602136666881 0
11.04648186131117 2.938044573496249 0
11.07842965676834 2.844210682296478 0
6.145220340384135 0.686766271682145 0
6.26123114427814 0.6024250376144853 0
6.371243757670446 0.7063316466807068 0
6.25823204902729 0.696548959181426 0
0.272794604563142 3.177221521241619 0
0.2967723732756369 3.288828025074559 0
0.1274015587159063 3.307337225569928 0
0.1034237900034114 3.195730721736988 0
0.2000980816395241 3.242279373405774 0
0.8270656170741653 4.555256672086339 0
0.717163367778932 4.441329326278098 0
0.817900317191711 4.343517501292343 0
0.9278025664869443 4.457444847100585 0
0.8224829671329381 4.449387086689341 0
4.394462490283747 3.433479585490729 0
4.299092127504819 3.349797956377972 0
4.37832523731492 3.277825344055357 0
4.473695600093847 3.361506973168114 0
4.386393863799334 3.355652464773043 0
6.295046968622196 3.984590711119516 0
6.401284383360313 4.082904245514961 0
6.297114643665775 4.171768404099444 0
6.190877228927659 4.073454869703999 0
6.296080806143985 4.07817955760948 0
13.14897133490405 3.406070033040006 0
13.05244178663381 3.575215936654295 0
13.03360226618122 3.435251491919405 0
13.10070656076893 3.49064298484715 0
17.23816264153927 4.086728799904728 0
17.10078200343127 4.040156962113623 0
17.15952616342683 3.89634319083858 0
17.29690680153482 3.942915028629685 0
17.19884440248305 3.991535995371654 0
11.92202944394708 2.890434386355317 0
11.7680346706661 2.993381673305925 0
11.67640366509077 2.880248953535872 0
11.79921655451892 2.885341669945594 0
2.917866405052605 0.8587414292470337 0
2.975604741673642 1.006137818443684 0
2.826620991730763 1.061309707525159 0
2.768882655109725 0.9139133183285084 0
2.872243698391683 0.9600255683860959 0
4.453104782808119 2.703069176876775 0
4.33816192206552 2.634035095967539 0
4.44819475919785 2.63314528104516 0
6.713408156751243 2.656549426830712 0
6.600132209425357 2.753049837615038 0
6.487759908303021 2.659721795997872 0
6.600584032527133 2.658135611414292 0
15.58459647942117 1.628574246877481 0
15.54687358519492 1.768701283574968 0
15.40310536046295 1.718145714730797 0
15.44082825468921 1.57801867803331 0
15.49385091994206 1.673359980804139 0
9.821711924845443 3.419079912265801 0
9.943747390748253 3.343319599912914 0
10.0216356881923 3.437139662126818 0
9.899600222289491 3.512899974479705 0
9.921673806518871 3.42810978719631 0
11.78604824833594 4.408078601384222 0
11.65418609770597 4.332561289257836 0
11.74011455646997 4.222854714093341 0
11.87197670709993 4.298372026219726 0
11.76308140240295 4.315466657738781 0
12.00773620124016 0.5047822503205723 0
11.87727246346469 0.5463907103418468 0
11.84688814149742 0.4150134318625236 0
11.9773518792729 0.3734049718412491 0
11.92731217136879 0.4598978410915482 0
2.34566877953827 4.590140686487776 0
2.205993730930732 4.482815628903678 0
2.321157838186293 4.386351929769868 0
2.460832886793831 4.493676987353966 0
2.333413308862282 4.488246308128822 0
14.61942292596065 2.027644000783184 0
14.49045704050136 1.924675963458628 0
14.58027892409998 1.79300165122363 0
14.70924480955927 1.895969688548187 0
14.59985092503032 1.910322826003407 0
9.572353960959253 2.714316718543272 0
9.458499888396064 2.634855830501053 0
9.566797851615538 2.638769051878409 0
4.145175276443935 2.072781746560131 0
4.004908669814601 2.062058312736167 0
4.011095262563598 1.909733985127755 0
4.151361869192934 1.920457418951719 0
4.078135269503766 1.991257865843943 0
10.86364943753908 3.334645513156569 0
10.97694706996172 3.47013052334633 0
10.81447033004009 3.570319714157089 0
10.70117269761745 3.434834703967329 0
10.83905988378959 3.452482613656829 0
12.98424138487263 1.620373096940984 0
12.89557387454403 1.671216507216289 0
12.83910928590753 1.586569992547549 0
12.92777679623613 1.535726582272245 0
12.91167533539008 1.603471544744266 0
10.49680130925486 2.084795387568259 0
10.61156756811893 1.964936948767388 0
10.74071320069173 2.082280290636403 0
10.62594694182766 2.202138729437274 0
10.6187572549733 2.083537839102331 0
0.1117960519720071 1.714738947391995 0
0.1515631892173079 1.970316639765009 0
0.1316796205946602 1.842527793578502 0
1.933171830519703 4.788170726672494 0
1.809288713686175 4.687334196977033 0
1.883734233486692 4.586928853941147 0
2.007617350320219 4.687765383636608 0
1.908453032003198 4.687549790306821 0
1.272064484575194 2.550242590210035 0
1.393861923445282 2.526662017528003 0
1.415346828627541 2.648229073164339 0
1.293549389757453 2.671809645846371 0
1.343705656601367 2.599235831687187 0
6.33882069366134 3.590137832490436 0
6.227684935029171 3.469084949917666 0
6.359236965236603 3.373936084466977 0
6.47037272386877 3.494988967039747 0
6.349028829448971 3.482036958478707 0
8.435113826109934 2.952244119091304 0
8.575160335456809 3.005707372821791 0
8.527329833954429 3.11783905410431 0
8.387283324607553 3.064375800373823 0
8.481221830032181 3.035041586597807 0
19.7853213513724 1.602109827259879 0
19.69607747336918 1.715186787533665 0
19.58057007878119 1.604176128540863 0
19.66981395678441 1.491099168267077 0
19.6829457150768 1.603142977900371 0
19.77150793793794 1.363096580818332 0
19.52992091674068 1.361435904274068 0
19.6316148978942 1.233433316825323 0
19.65071442733931 1.3622662425462 0
15.85282739206478 2.642241189815174 0
15.7484323247599 2.716762823028215 0
15.75277783224449 2.63999210412088 0
18.91686152119085 2.954070865383366 0
19.0044857518326 3.071195477112669 0
18.90711266750788 3.15048444633672 0
18.81948843686612 3.033359834607417 0
18.91198709434936 3.052277655860043 0
18.11722255803588 2.115695552923201 0
18.1285478754583 1.966938202530247 0
18.25470418958132 1.985428311325647 0
18.2433788721589 2.1341856617186 0
18.1859633738086 2.050561932124424 0
1.673436233149822 4.856216806089922 0
1.68208137734748 4.6513150189743 0
1.800643569488518 4.892235984092655 0
1.741362473417999 4.771775501533478 0
5.389440702853904 0.841845816609099 0
5.519109143061455 0.8787079733126442 0
5.486824098203472 0.99330095252007 0
5.357155657995921 0.9564387958165246 0
5.438132400528688 0.9175733845645846 0
10.93618045988222 0.5913621007877565 0
10.81499661742605 0.7113980174430679 0
10.70455272914575 0.5974568005802352 0
10.82573657160192 0.4774208839249239 0
10.82036659451399 0.5944094506839959 0
9.06023627122028 4.516516387890206 0
9.051705210099723 4.371238168757603 0
9.184969830875213 4.344946917062082 0
9.19350089199577 4.490225136194685 0
9.122603051047745 4.430731652476144 0
8.529414098190067 2.773252858996861 0
8.588439819220085 2.861401828938939 0
8.48226396215 2.862748489044082 0
10.47491083975054 0.3616574651143392 0
10.34539536654608 0.4842356579358533 0
10.22932899802518 0.3644724295619941 0
10.35884447122964 0.2418942367404799 0
10.35211991888786 0.3630649473381666 0
9.169656503066367 4.140552296081698 0
9.318180878419888 4.025861882124234 0
9.420774637777733 4.137302278239278 0
9.272250262424212 4.251992692196742 0
9.29521557042205 4.138927287160488 0
4.487702010680422 3.532371980157571 0
4.604115557640593 3.48483732915601 0
4.655706503211892 3.58851597914347 0
4.539292956251721 3.636050630145032 0
4.571704256946157 3.560443979650521 0
0.4416376638131112 3.656483578145485 0
0.35066320186559 3.763935837345402 0
0.2299883733917305 3.657464074572029 0
0.32096283533925 3.550011815372111 0
0.3358130186024191 3.656973826358756 0
3.189427338448242 1.574075103418812 0
3.341535727775411 1.535611289611401 0
3.383104655091033 1.650705059018392 0
3.230996265763864 1.689168872825803 0
3.286265996769638 1.612390081218602 0
6.513029670506561 0.09820401809921719 0
6.271233786286131 0.101289448876118 0
6.392131728396346 0.0997467334876676 0
12.05056874367079 4.588542509057731 0
12.08742996779151 4.793186221191675 0
11.94825338685572 4.694748049287412 0
12.06899935573115 4.690864365124703 0
16.32052001279601 2.170578423649402 0
16.1612800796528 2.092160492746758 0
16.21814917977743 1.954568759790696 0
16.37738911292064 2.03298669069334 0
16.26933459628672 2.062573591720049 0
0.2484223015963174 4.878985243266033 0
0.3689755151088647 4.762036532560104 0
0.4955532135125473 4.883051289294071 0
0.3719877575544324 4.881018266280051 0
17.20841995916559 2.032488307708618 0
17.31309976088317 2.138602845657965 0
17.1923348273776 2.237704038337984 0
17.20037739327159 2.1350961730233 0
2.526177332869442 0.2998288023382183 0
2.424520330212006 0.4058339960704691 0
2.296352267121571 0.3122492496920746 0
2.398009269779006 0.2062440559598242 0
2.411264799995507 0.3060390260151467 0
14.62679697085498 0.4877233456767103 0
14.50265257749283 0.3657220396160961 0
14.62550494573565 0.2432448759608246 0
14.7496493390978 0.3652461820214383 0
14.62615095829531 0.365484110818767 0
3.27256643696956 3.650077489052723 0
3.18039029244733 3.764267479314448 0
3.049106574070334 3.67760618852286 0
3.141282718592564 3.563416198261136 0
3.160836505519946 3.663841838787792 0
4.18548088367975 3.41727207034532 0
4.107920400032631 3.314248869732821 0
4.2215316438577 3.246774755765473 0
4.203506263768725 3.332023413055397 0
18.30638401342994 1.566925717499677 0
18.38436245089621 1.665035904029714 0
18.29389593526351 1.7385115254896 0
18.21591749779724 1.640401338959564 0
18.30013997434673 1.652718621494639 0
8.650487448113882 2.230576461528617 0
8.775892651809375 2.330255349969445 0
8.543159879205485 2.337099726345625 0
8.659526265507431 2.333677538157535 0
6.000681180809041 3.228717114604637 0
6.147380956298548 3.137507134182773 0
6.245418990987453 3.258080202277557 0
6.098719215497946 3.349290182699422 0
6.123050085898247 3.243398658441097 0
18.7858605879039 4.077544107380833 0
18.89717445718843 4.169286311065895 0
18.81270069109086 4.290704950227473 0
18.70138682180632 4.198962746542412 0
18.79928063949738 4.184124528804153 0
17.6522802615273 0.4559067213553503 0
17.64075934671899 0.2302463680577587 0
17.76223788131246 0.3481534857585098 0
17.64651980412315 0.3430765447065545 0
17.29380565918174 2.664556020609538 0
17.17130074165032 2.760740941965023 0
17.09614936446597 2.659406306569031 0
17.19497751182385 2.661981163589284 0
12.87287420960374 3.516097201290632 0
12.80307643989741 3.386031904716361 0
12.96380449647488 3.305186195345133 0
12.91833935303931 3.410641698317883 0
7.246030611397508 3.775757331709029 0
7.407615178484664 3.764638649117535 0
7.423065716706213 3.914792632602751 0
7.33454816405186 3.84527498215589 0
10.55433521773466 2.645509090342702 0
10.43369057790763 2.724969978384921 0
10.43961970144983 2.644095681799234 0
17.04101379638183 3.414165825978798 0
17.12953015600046 3.290674041255214 0
17.23770046962579 3.362448568489482 0
17.14918411000716 3.485940353213066 0
17.13935713300381 3.38830719723414 0
2.081740542597554 1.522308511236023 0
1.953811320831566 1.659097876450953 0
1.945905786080091 1.531726790141459 0
2.01777593171456 1.590703193843488 0
4.562251227062994 4.046908245703892 0
4.658508106729206 3.939056026918592 0
4.683519401683145 4.135117603505856 0
4.671013754206176 4.037086815212224 0
11.43292110845236 2.86764257530323 0
11.58741808139912 2.769683021875653 0
11.52190669214401 2.978208506963449 0
11.55466238677156 2.873945764419551 0
13.47660326657152 3.478465407646824 0
13.55390708412688 3.59819996440469 0
13.41045152301273 3.691025482649549 0
13.44352739479212 3.584745445148187 0
16.20386618163357 4.55436114157092 0
16.26944097148195 4.675686584682284 0
16.1330610195448 4.738115525792973 0
16.06748622969643 4.616790082681609 0
16.16846360058919 4.646238333681946 0
4.417669011347977 1.193994713054898 0
4.260082884213583 1.14946821135626 0
4.295735840728644 1.012022417284587 0
4.453321967863038 1.056548918983225 0
4.356702426038311 1.103008565169743 0
11.38711040064688 3.407329634210852 0
11.47369308422683 3.527956884462092 0
11.31886923009516 3.615035725426514 0
11.23228654651521 3.494408475175274 0
11.35298981537102 3.511182679818683 0
15.53843207853396 2.108620289073654 0
15.67438976225014 2.042130872538344 0
15.74482587090258 2.172514401959572 0
15.60886818718641 2.239003818494882 0
15.64162897471827 2.140567345516613 0
4.995627023018034 2.817066423692722 0
5.066238226105618 2.851352354908647 0
5.021857903642697 2.918025307795282 0
5.008742463330366 2.867545865744002 0
15.1336120427397 3.098799784444908 0
15.23680359931242 3.154004572646379 0
15.16913012100444 3.262010561357032 0
15.06593856443172 3.206805773155561 0
15.15137108187207 3.18040517290097 0
6.608002432979581 2.946897470222857 0
6.491730286689763 2.855313339482251 0
6.716404355715174 2.844633968355643 0
6.604067321202469 2.849973653918947 0
8.66807007187311 3.137682952241185 0
8.643940839125737 3.26808175455734 0
8.503200601207055 3.248237856420465 0
8.585635336540083 3.192960404330825 0
14.15370967091889 1.821517771370141 0
14.27749280678059 1.929866882395497 0
14.18004715203089 2.040234095384913 0
14.05626401616919 1.931884984359557 0
14.16687841147489 1.930875933377527 0
18.94155658482256 0.4825283653347068 0
18.81355335190073 0.3658787425410361 0
18.911760055909 0.249474335558201 0
19.03976328883083 0.3661239583518721 0
18.92665832036578 0.3660013504464539 0
7.596973405648165 1.980796708101032 0
7.770392582934332 1.960772323459834 0
7.781352803633267 2.111592787439764 0
7.6079336263471 2.131617172080962 0
7.689163104640716 2.046194747770398 0
13.11629169855829 3.193359221842348 0
13.25849374147551 3.058078326067768 0
13.22786837269281 3.307739992787734 0
13.24318105708416 3.182909159427751 0
18.0106863427475 4.579867225310363 0
18.14053710798517 4.700254911866361 0
18.06152601552397 4.785607863714934 0
17.9316752502863 4.665220177158936 0
18.03610617913574 4.682737544512649 0
6.954510697620679 4.650556363198561 0
7.06816052962259 4.526215592409789 0
7.210547365880254 4.64122404830508 0
7.096897533878343 4.765564819093852 0
7.082529031750466 4.645890205751821 0
1.227865932479222 3.088995551384717 0
1.338011810570384 3.01259515227515 0
1.40878005506559 3.11771377105404 0
1.298634176974428 3.194114170163608 0
1.318322993772405 3.103354661219379 0
17.4252277872497 3.838545248561489 0
17.3640544801998 3.715227546752931 0
17.46727919016799 3.670817002757061 0
17.52845249721788 3.79413470456562 0
17.44625348870884 3.754681125659275 0
16.7811217161243 2.751676913625152 0
16.87242566349871 2.847506502711251 0
16.76413438656111 2.941588478908322 0
16.6728304391867 2.845758889822223 0
16.77262805134271 2.846632696266737 0
1.551113375321954 3.510453863704271 0
1.676163678328951 3.410792776905147 0
1.765426718387037 3.53486984975921 0
1.640376415380043 3.634530936558335 0
1.658270046854497 3.522661856731741 0
4.191308311624782 4.332269101650478 0
4.345065476492294 4.429610647217787 0
4.25472617365242 4.562795872771853 0
4.100969008784908 4.465454327204544 0
4.223017242638601 4.447532487211165 0
6.10964408228268 3.568139299297582 0
5.980678362751454 3.448344532079338 0
6.104181648890313 3.458714740998502 0
5.674990638930488 2.801212379656646 0
5.790090498381709 2.808060130518224 0
5.793555406590559 2.914658120812514 0
5.67845554713934 2.907810369950936 0
5.734273022760524 2.85793525023458 0
3.48473510004666 2.23474480102166 0
3.36697412710336 2.139527979961903 0
3.462897980044938 2.037347102531638 0
3.580658952988238 2.132563923591396 0
3.473816540045799 2.136045951776649 0
10.4996703117322 4.90015360583404 0
10.62511579465227 4.796890350352696 0
10.75044548292008 4.896736744518654 0
10.62505789732614 4.898445175176347 0
6.846775208896899 4.772115793241545 0
6.706370792183737 4.665207902525961 0
6.814106280907517 4.543648472482976 0
6.830440744902209 4.657882132862261 0
11.27989574581454 2.959622291366443 0
11.34699713472277 2.760622420603668 0
11.31344644026866 2.860122355985055 0
7.599244892186004 4.753583560329559 0
7.737578749665558 4.874003015759981 0
7.486666142520446 4.879580544569578 0
7.612122446093002 4.87679178016478 0
17.7325163949984 2.651629528974968 0
17.668037132719 2.735008387988338 0
17.5717552889375 2.646600244226916 0
17.65213584196795 2.649114886600942 0
0.2402481662274472 2.375805793552276 0
0.4665729945981596 2.403413495467879 0
0.3328071692081025 2.509537177765075 0
0.3534105804128025 2.389609644510077 0
7.325230135823624 4.522429027495251 0
7.462697413633085 4.642233549001452 0
7.348014643689716 4.761028569811282 0
7.33662238975667 4.641728798653267 0
9.979641328648132 3.610944737445353 0
9.853089182502863 3.689481626207157 0
9.773048076144223 3.591436863241509 0
9.876344702396176 3.601190800343431 0
19.60613804626812 2.042171450564545 0
19.56306445140613 1.92205692840481 0
19.7054882086895 1.894285351537908 0
19.74856180355149 2.014399873697643 0
19.65581312747881 1.968228401051227 0
1.75702741022133 2.086733800549901 0
1.808403975889561 2.159717196708424 0
1.737086940524172 2.208312793161304 0
1.685710374855939 2.135329397002781 0
1.747057175372749 2.147523296855602 0
18.11834962521786 4.270737544420083 0
18.31066492762669 4.265494835149104 0
18.33570829048259 4.435775844842259 0
18.14339298807377 4.441018554113239 0
18.22702895785023 4.35325669463117 0
1.510386132578461 1.131557767239393 0
1.369728632340397 1.232352277326197 0
1.281063673003977 1.099241613925061 0
1.421721173242041 0.9984471038382581 0
1.395724902791219 1.115399690582227 0
7.569139033360752 4.519735368018344 0
7.705686511913671 4.63108537934645 0
7.584191962773378 4.636659464173951 0
12.57903240255564 4.782837116718205 0
12.53395085074098 4.565650221044687 0
12.67917399970031 4.670076755530781 0
12.55649162664831 4.674243668881446 0
19.53403191519189 4.634693283545555 0
19.41008208005183 4.751406755568887 0
19.31203886036015 4.633807464680126 0
19.43598869550021 4.517093992656795 0
19.42303538777602 4.634250374112841 0
14.98351131630378 4.360768398253677 0
15.08811332469942 4.458925975391261 0
14.99698352445136 4.549009174295723 0
14.89238151605572 4.450851597158139 0
14.99024742037757 4.4548887862747 0
11.61164203758886 3.094870417469271 0
11.86219508974571 3.111984874906216 0
11.73691856366728 3.103427646187744 0
19.21294303938951 1.90023575276336 0
19.28319399481206 1.764287223391797 0
19.45076752540244 1.860627697897927 0
19.33185528239597 1.880431725330644 0
6.376317379654544 3.159059455707209 0
6.490135353903693 3.274915337896629 0
6.367777172445573 3.266497770087093 0
1.843400530680139 1.894890303813455 0
1.729233031974724 1.905759793203404 0
1.720058688493744 1.796082344888614 0
1.834226187199159 1.785212855498666 0
1.781729609586941 1.845486324351035 0
6.46756489377944 1.84982754774426 0
6.586594163278415 1.950423537385872 0
6.471859752646347 2.05345512288059 0
6.352830483147372 1.952859133238977 0
6.469712323212893 1.951641335312425 0
17.30345031780019 3.832172402648698 0
17.20247830756168 3.788553151890735 0
17.2630824699613 3.671608295994968 0
17.28326639388074 3.751890349321833 0
1.903361790180035 1.278335959419874 0
1.769541579151266 1.317434736310346 0
1.731665092913158 1.170473334111521 0
1.865485303941927 1.131374557221048 0
1.817513441546597 1.224404646765697 0
10.8783538901582 4.24296716977855 0
10.81289059541053 4.360249804609105 0
10.67661555430198 4.307436956005812 0
10.74207884904965 4.190154321175257 0
10.77748472223009 4.275202062892181 0
1.771142399832843 0.9449008017663232 0
1.858003353141051 0.8399428064416874 0
1.940705476554641 0.9178272515570463 0
1.853844523246433 1.022785246881682 0
1.85592393819374 0.9313640266616847 0
5.450250323740004 2.162167578759236 0
5.565920790656145 2.066236443186923 0
5.671229399964495 2.160405706955597 0
5.560739861852248 2.161286642857417 0
2.018261481831116 4.165761474494099 0
2.004773094463199 4.031040733899141 0
2.152571097826018 4.014664643748873 0
2.166059485193935 4.14938538434383 0
2.085416289828567 4.090213059121486 0
7.616612250973911 4.032813242409558 0
7.776509430170377 3.99998992951516 0
7.813360214189432 4.147804900221838 0
7.653463034992966 4.180628213116236 0
7.714986232581671 4.090309071315698 0
5.556998468752501 3.365031920786008 0
5.69747808003501 3.380529267471616 0
5.688942388635881 3.510096187484774 0
5.548462777353372 3.494598840799167 0
5.622970428694191 3.437564054135391 0
19.7644108616188 1.113760470738171 0
19.51731871873226 1.098557460543418 0
19.65011468245686 0.9788846144562657 0
19.64086479017553 1.106158965640794 0
4.144344321467754 2.904909802436594 0
3.996080181878979 2.841435785657602 0
4.043501804531436 2.753461477562966 0
4.191765944120211 2.816935494341958 0
4.093923062999595 2.82918563999978 0
10.168113870452 4.252902006291273 0
10.07745907974166 4.162250407826139 0
10.19447431440025 4.079946284696707 0
10.28512910511058 4.17059788316184 0
10.18129409242612 4.166424145493989 0
3.703618655453895 0.3217755727737188 0
3.562086372727988 0.4188355663852139 0
3.455543279112955 0.3070259356483085 0
3.597075561838863 0.2099659420368134 0
3.579580967283425 0.3144007542110137 0
15.40368263576948 4.575260390831 0
15.50929003204249 4.681856550736602 0
15.38881568088667 4.783523310985106 0
15.28320828461365 4.676927151079504 0
15.39624915832807 4.679391850908052 0
5.926983347656737 0.2174366221505464 0
6.079205378803465 0.3152624717206489 0
5.983495945543385 0.4442267757592737 0
5.831273914396657 0.3464009261891712 0
5.955239646600061 0.3308316989549103 0
2.181517633191537 1.218519199554313 0
2.358324869524159 1.180146843749263 0
2.394178070993621 1.328712912412955 0
2.217370834660999 1.367085268218005 0
2.287847852092579 1.273616055983634 0
13.02281128663886 4.544561543346783 0
12.8785271501324 4.436689836016625 0
12.97730122401445 4.31642475523623 0
13.12158536052091 4.424296462566387 0
13.00005625532665 4.430493149291506 0
6.765812975373516 4.320980530550349 0
6.623278305343198 4.245065089049882 0
6.697474548088092 4.119399541770246 0
6.731643761730804 4.220190036160298 0
13.71469198421286 1.83525188687337 0
13.8343045086754 1.93789731225018 0
13.73749494881044 2.045139413498352 0
13.61788242434789 1.942493988121542 0
13.72609346651165 1.940195650185861 0
14.0123074021106 4.36579438118122 0
14.08032238865142 4.221625621103037 0
14.20870919600633 4.298754465158167 0
14.14069420946551 4.442923225236351 0
14.11050829905847 4.332274423169694 0
9.54835131415561 4.044180892954099 0
9.645100456547642 4.144256686628655 0
9.517523780169762 4.237378071913834 0
9.532937547162687 4.140779482433967 0
2.894023054880232 3.055410275105489 0
2.804256944731158 2.993112271620441 0
2.875770363163016 2.912249042452856 0
2.96553647331209 2.974547045937904 0
2.884896709021624 2.983829658779172 0
19.12330558335657 3.150383804186539 0
19.28292228337089 3.20716186208192 0
19.2317921680624 3.357333906308209 0
19.07217546804809 3.300555848412828 0
19.17754887570949 3.253858855247374 0
13.73761313020475 3.192518300479452 0
13.71248458913374 3.385001474980164 0
13.56646604292971 3.3798419955295 0
13.65203958656723 3.286180148004476 0
12.71162552389331 2.680088252383885 0
12.46864081744383 2.677293515758193 0
12.59013317066857 2.678690884071039 0
12.46569427230074 1.777327567134887 0
12.38346462084199 1.890128054481641 0
12.26664279171687 1.796671377306028 0
12.34887244317561 1.683870889959274 0
12.3661685320088 1.786999472220457 0
17.41868427098433 3.949287874542477 0
17.36106729439226 3.890730138595587 0
6.467061202975644 4.674609947626479 0
6.572648914338391 4.561098831816096 0
6.600783080820991 4.778719018336344 0
6.586715997579691 4.66990892507622 0
14.75208578084999 2.140960019788777 0
14.83064164194182 2.014037685939198 0
14.96758722586939 2.131858573482986 0
14.85983650335969 2.136409296635882 0
0.8369719524202122 1.987619917199507 0
0.940392895635167 1.880771597403243 0
1.015478322664041 1.97157569619864 0
0.9120573794490845 2.078424015994904 0
0.9262251375421258 1.979597806699074 0
3.079740723052543 2.92261603934485 0
2.965901463763793 2.825951390777388 0
3.066588473268753 2.738915372310208 0
3.180427732557503 2.83558002087767 0
3.073164598160648 2.830765705827529 0
11.02101208369491 2.654137248362921 0
10.87918760630042 2.740199976684651 0
10.78630290690566 2.649284113535276 0
10.90365749530029 2.651710680949098 0
12.77844705774358 4.554807671893372 0
12.63481204011048 4.449963310318839 0
12.75666959512144 4.443326573167732 0
5.77616600289938 0.1108812711132492 0
6.025817344757357 0.1065553510372972 0
5.900991673828369 0.1087183110752732 0
12.93954976637637 4.086937976110001 0
13.08006561190558 4.19284767597516 0
12.95842549519541 4.201681365673116 0
17.49597254629899 2.826556034706563 0
17.48081406965289 2.682281421880559 0
17.5869137655836 2.79087485705292 0
17.53386391761824 2.73657813946674 0
13.85882311397929 2.151649695739494 0
13.958345502166 2.043066191247116 0
14.08302792583835 2.150197402840188 0
13.97092551990882 2.150923549289841 0
2.258964365894482 2.383200362990832 0
2.349744816177667 2.302081781212042 0
2.46377094961969 2.355660033007663 0
2.361367657757087 2.369430197999248 0
19.04127781158849 2.362553791369663 0
18.91440639021888 2.374332498344887 0
18.90892304236623 2.268272421029573 0
19.03579446373584 2.256493714054349 0
18.97510042697736 2.315413106199618 0
14.79566730831263 1.79058129444979 0
14.91706414069517 1.908649291840801 0
14.81315447512722 1.902309490194494 0
1.113601124596716 2.4574080688737 0
1.240068353108569 2.424246473276481 0
1.145597256063343 2.583404185807254 0
1.192832804585954 2.503825329541868 0
17.51663823249776 2.350739620907711 0
17.59376449748555 2.279950954785392 0
17.70365556995317 2.365989948664135 0
17.61014690122547 2.358364784785923 0
4.788564131937324 1.713040823150337 0
4.78293843868518 1.562910691239536 0
4.927787417848996 1.566435268604262 0
4.85817577489316 1.639738045877299 0
1.085213148135056 0.4889427081483104 0
1.103976248741317 0.2530317956934915 0
1.200880517661775 0.3789180358831361 0
1.094594698438186 0.370987251920901 0
14.89299423870961 4.143719383437707 0
14.90262207743348 4.28045592594772 0
14.79069469165847 4.286195063706422 0
14.7810668529346 4.149458521196408 0
14.84184446518404 4.214957223572064 0
5.161582530910115 3.289227961685697 0
5.129950407301649 3.400043478920534 0
5.008758188736362 3.364309742950945 0
5.040390312344829 3.253494225716107 0
5.085170359823238 3.326768852318321 0
4.279447010595913 3.52761741961706 0
4.16191451244857 3.609244235430178 0
4.067948385532407 3.498898886158438 0
4.17369769806416 3.513258152887749 0
15.15535675022915 1.751462481811348 0
15.13217291168124 1.593318246527496 0
15.26738683464118 1.574432935341326 0
15.29057067318909 1.732577170625178 0
15.21137179243517 1.662947708576337 0
16.6664239374722 4.631196575369258 0
16.48492578242792 4.613324136913439 0
16.51227667332423 4.424648181881391 0
16.69377482836851 4.442520620337209 0
16.58935030539822 4.527922378625325 0
16.88066439348449 4.634826474653393 0
16.87112923976551 4.449057398466809 0
17.05762482898353 4.438821224029351 0
17.0671599827025 4.624590300215936 0
16.96914461123401 4.536823849341372 0
7.855631565413693 4.742176093035115 0
7.993052815748135 4.868173077275134 0
7.865315782706847 4.871088046517557 0
0.4711366912676169 2.985853211474132 0
0.3406448381418947 3.011553279941545 0
0.3220786751701663 2.909073877804762 0
0.4525705282958885 2.88337380933735 0
0.3966076832188907 2.947463544639447 0
17.04056506636078 3.212996098922537 0
17.12282081485177 3.118274864950758 0
17.21178590449145 3.195952807283434 0
17.12617548542612 3.204474453102986 0
4.97000248929989 3.466809486656357 0
5.091457759827367 3.520439078525139 0
5.042461968818343 3.626715016200497 0
4.921006698290867 3.573085424331715 0
5.006232229059117 3.546762251428427 0
4.503097501386718 4.555120051395336 0
4.450920210572033 4.318692876790393 0
4.608952235466456 4.444202280967942 0
4.477008855979374 4.436906464092864 0
3.486229674530342 0.1027050385436414 0
3.351146670237585 0.2021075919242357 0
3.239916995707242 0.09940255338059423 0
3.363073335118792 0.1010537959621178 0
2.031600918703445 0.5713818610666936 0
1.892041109351037 0.6491337963857817 0
1.808741655140082 0.5211012538414626 0
1.948301464492488 0.4433493185223747 0
1.920171286921761 0.5462415574540782 0
2.522121508250168 1.812709792018624 0
2.668479138814281 1.843410528391072 0
2.630823132645819 1.979224521135205 0
2.576472320447993 1.895967156576914 0
4.968016380014433 4.886529659326953 0
5.059780314269799 4.768577817599869 0
5.216763934255367 4.882048158272916 0
5.0923901571349 4.884288908799935 0
17.5537377584148 2.158988466220322 0
17.41306790789282 2.253134175385188 0
17.45376961140515 2.044457136493099 0
17.43341875964899 2.148795655939144 0
10.26052812900625 4.52162003692515 0
10.14313019924626 4.615257273243661 0
10.03541074001333 4.524144753264158 0
10.15280866977332 4.430507516945647 0
10.14796943450979 4.522882395094654 0
11.96802330495982 4.182459427686353 0
12.10834657255949 4.270471742627435 0
12.01229997469961 4.386384341160809 0
11.99016163982972 4.284421884423581 0
9.786317982313395 4.710973252391767 0
9.912963412780053 4.616229889709132 0
10.02078336385274 4.711918965135094 0
9.894137933386082 4.80666232781773 0
9.903550673083068 4.711446108763431 0
7.145482860882833 3.384847291289855 0
7.031637119343593 3.441639356796583 0
6.980814312111422 3.345245996908135 0
7.094660053650662 3.288453931401408 0
7.063148586497127 3.365046644098995 0
3.824560783480466 4.791426309216088 0
3.680752524281194 4.689922862960691 0
3.776538944131463 4.583869532123881 0
3.920347203330737 4.685372978379277 0
3.800549863805966 4.687647920669985 0
0.8535083222586461 3.404889793474743 0
0.7244862555506337 3.397019282087919 0
0.7249271120815379 3.277974605544141 0
0.8539491787895503 3.285845116930965 0
0.7892177171700929 3.341432199509442 0
15.16930802379322 1.366249870221651 0
15.25507849562633 1.243412883068744 0
15.35347007894943 1.322133892012324 0
15.26769960711632 1.444970879165231 0
15.26138905137133 1.344191881116988 0
18.2095295389174 4.890308793184291 0
17.97699647660657 4.895299070530642 0
18.09326300776198 4.892803931857467 0
18.27294971168796 4.760672034984728 0
18.43842017277056 4.870363241800437 0
18.32397485584398 4.880336017492364 0
18.10037308128925 0.7288864991709909 0
17.99175044150677 0.5993858377093959 0
18.11450696772451 0.4988139761257608 0
18.22312960750699 0.6283146375873558 0
18.10744002450688 0.6138502376483759 0
16.41041214688827 4.743043810820229 0
16.3439546070216 4.545966910775494 0
16.37718337695493 4.644505360797861 0
1.380726540682156 3.301731197265749 0
1.27867754638223 3.382393774786513 0
1.1965851826745 3.274776747684372 0
1.288655861678329 3.28825397247506 0
4.644422420903297 1.590943057644782 0
4.621051364362748 1.487214413973751 0
4.759567382144631 1.459182047568505 0
4.701994901523964 1.525062552606644 0
19.55606621005361 3.277912906009389 0
19.56809500354425 3.131580352078396 0
19.70481922921168 3.136508875362182 0
19.69279043572104 3.282841429293176 0
19.63044271963264 3.207210890685786 0
9.809991855925341 4.522203724743192 0
9.932439183158621 4.430118588298218 0
9.922701297969336 4.523174239003675 0
5.654581706747022 1.774092802405717 0
5.758630444955186 1.667764994581088 0
5.880289717614284 1.760806581665739 0
5.77624097940612 1.867134389490368 0
5.767435712180653 1.767449692035728 0
4.502120584576664 0.3420454293655109 0
4.632150901062128 0.230055516216169 0
4.760585183623629 0.3395893950406794 0
4.630554867138165 0.4515793081900208 0
4.631352884100147 0.3408174122030951 0
17.88893252242086 1.647857400644987 0
17.95791589589732 1.556736628164267 0
18.05312135010928 1.633621867593023 0
17.98413797663282 1.724742640073743 0
17.97102693626507 1.640739634119005 0
9.738255268583867 4.241507308373956 0
9.770157058689508 4.0561039830118 0
9.863311870725731 4.153354604757101 0
9.754206163636686 4.148805645692878 0
2.387683394819801 1.650437478690757 0
2.545368006486889 1.66822755224922 0
2.364436896583079 1.79491971846016 0
2.454902451534984 1.73157363535469 0
3.694679526602474 2.65321250320403 0
3.71799058172844 2.801233322983808 0
3.607497077131454 2.819196752192084 0
3.584186022005488 2.671175932412306 0
3.651088301866964 2.736204627698057 0
9.33006843853255 4.694611611341566 0
9.464288904794424 4.604109316442665 0
9.555080018535364 4.706466453794945 0
9.420859552273489 4.796968748693845 0
9.442574228533957 4.700539032568255 0
9.170991866932891 2.662623179610631 0
9.030538101588633 2.755115664844991 0
8.965371686674809 2.655713870447907 0
9.068181776803849 2.659168525029269 0
6.244830061584365 4.890655482330424 0
6.35938696621753 4.781375501277371 0
6.489556904633164 4.890720018946947 0
6.367193483108765 4.890687750638685 0
5.819365201909726 4.474245981691258 0
5.786485185417732 4.624327811098125 0
5.655287979671067 4.577769173965428 0
5.688167996163061 4.427687344558561 0
5.737326590790397 4.526007577828343 0
6.259192205044577 3.05344431768841 0
6.37917472157085 2.954019849592764 0
6.496299896180815 3.059634987611564 0
6.377746050612696 3.056539652649986 0
16.69741094232544 3.437141435143181 0
16.62405226498705 3.578758931247819 0
16.46259482734106 3.505434535080197 0
16.53595350467946 3.36381703897556 0
16.58000288483325 3.471287985111689 0
4.657440209554443 4.665544193775379 0
4.562182937550279 4.778955087778162 0
4.407840229382554 4.668530945398119 0
4.532640219468498 4.667037569586749 0
16.95138948975823 3.631035527894845 0
16.79596618297634 3.634795049972455 0
16.79962136678498 3.495849668145415 0
16.95504467356687 3.492090146067805 0
16.87550542827161 3.56344259802013 0
14.22022666912242 1.460528858565111 0
14.2597081113714 1.314405429069696 0
14.3924928386951 1.364772301033636 0
14.35301139644612 1.510895730529051 0
14.30635975390876 1.412650579799373 0
19.14903487603292 0.2451796773460089 0
19.16809687225165 0.4892130787577198 0
19.15856587414229 0.3671963780518643 0
5.67757683220653 0.2210927399032925 0
5.526410829307149 0.1102114687900433 0
5.651288416103265 0.110546369951646 0
18.24709496329039 3.764997055066413 0
18.30987263256195 3.584989668468901 0
18.36571153920051 3.71214837433889 0
18.27848379792617 3.674993361767657 0
6.127221073303474 2.156493697437568 0
5.898058346080399 2.158177388329912 0
6.010419480182914 2.05833424323957 0
6.012639709691937 2.15733554288374 0
8.379176809837643 4.741812518117003 0
8.262673840027695 4.612992423579701 0
8.396858289046984 4.501295752883418 0
8.513361258856932 4.630115847420719 0
8.388017549442313 4.621554135500211 0
12.03689597489653 2.171183140889602 0
12.19361506373124 2.295767117308547 0
11.96504564220779 2.312194638367508 0
12.07933035296952 2.303980877838028 0
13.75462394581269 3.044807461702748 0
13.94089127737993 3.051803316391481 0
13.92388046177199 3.199514155168185 0
13.83925220379234 3.122160808435467 0
17.23894783058183 4.4315175506513 0
17.04463953146879 4.258297558583149 0
17.22596253306709 4.250993885205098 0
17.14179368102531 4.344907554617224 0
11.73479816613889 3.595917640523501 0
11.56548373311017 3.68288483945671 0
11.60424562518286 3.561937262492796 0
10.65076547268254 3.66417309285631 0
10.50462186850074 3.752551129159318 0
10.41249589907066 3.639719307987226 0
10.55863950325247 3.551341271684218 0
10.5316306858766 3.651946200421768 0
2.837638141396954 3.54088442939234 0
2.844747298039549 3.682603145870934 0
2.702624930599235 3.676850239596435 0
2.695515773956641 3.535131523117842 0
2.770131535998095 3.608867334494388 0
12.76586529742912 3.588272375877179 0
12.93846131980807 3.606283649358656 0
12.83145240763345 3.678458823945202 0
12.85216330861859 3.597278012617918 0
8.879257857059129 4.586642637182866 0
9.111933089518757 4.661074634878222 0
8.930954675357608 4.731200884170883 0
8.995595473288944 4.623858636030544 0
4.013011439794685 4.575005069607983 0
4.160961832911128 4.677128661119917 0
4.06829759644718 4.787496569891211 0
4.040654518120932 4.681250819749597 0
18.06624706150469 1.774894097514433 0
18.01822281019872 1.859006057354941 0
17.93611372532685 1.808854599914252 0
18.00118039341577 1.791874348714342 0
4.12580560249537 2.645881755170419 0
3.901209494653255 2.670801107606092 0
4.013507548574312 2.658341431388256 0
0.7904126442212593 1.628050271787006 0
0.7087158731604823 1.503712120482336 0
0.8245728010606594 1.41897593216693 0
0.9062695721214382 1.543314083471601 0
0.8074927226409585 1.523513101976968 0
1.828902972761263 1.666749135347406 0
1.704799590185877 1.677875521572211 0
1.693530690589402 1.55986668835001 0
1.81763407316479 1.548740302125205 0
1.761216831675334 1.613307911848708 0
4.808922030082127 4.236805787728432 0
4.707950657471228 4.336327124486672 0
4.582548029072246 4.234638940264096 0
4.695735029577187 4.235722363996265 0
1.115040955155717 3.152512631358702 0
1.066452236581538 3.361612191271124 0
0.9849080090627567 3.239348074945455 0
1.09074659586863 3.257062411314913 0
2.232237357740139 1.505571944935768 0
2.066874019518415 1.38382183451826 0
2.149555688629276 1.444696889727014 0
9.685250094669964 4.613036656346522 0
9.656147906178795 4.80440304984019 0
9.67069900042438 4.708719853093355 0
0.5055394981570309 3.895889247368878 0
0.3995611833255559 4.024756038166481 0
0.244684887034115 3.892802628143005 0
0.3751121925955729 3.894345937755941 0
4.81186718564136 3.067192566289431 0
4.816334093456882 3.190553186214838 0
4.720090146204349 3.182469705292672 0
4.715623238388828 3.059109085367265 0
4.765978665922854 3.124831135791051 0
1.945287419021227 2.943018129548894 0
1.956797819389227 2.827597843405414 0
2.06426765089296 2.842434155276505 0
2.052757250524961 2.957854441419985 0
2.004777534957093 2.892726142412699 0
1.94610170820876 4.25541829909813 0
1.869620389425608 4.366308464064873 0
1.760562788994591 4.280627129493043 0
1.853332248601676 4.268022714295586 0
5.148699800289586 0.3338133990983749 0
5.179678856274029 0.482305529429627 0
5.062149315290909 0.5116481870944183 0
5.031170259306466 0.3631560567631666 0
5.105424557790248 0.4227307930963971 0
5.580524305980274 4.72270501583398 0
5.39555433724588 4.62587361885463 0
5.525421158458474 4.601821396410029 0
3.989054643903829 0.1116327198388243 0
3.84990053121235 0.2188936233319962 0
3.73584588730852 0.107260903493172 0
3.862450265606175 0.1094468116659981 0
6.680445659360313 1.442064001814085 0
6.804148129678498 1.538207222064191 0
6.696874480751342 1.640156119328719 0
6.573172010433156 1.544012899078613 0
6.688660070055827 1.541110060571402 0
1.331076292985863 4.166667628631569 0
1.430580702289202 4.268334299984598 0
1.365804574859899 4.346763797681805 0
1.266300165556558 4.245097126328776 0
1.348440433922878 4.256715713156687 0
2.955676187962091 2.651661823151434 0
3.174882691983068 2.65047493437232 0
3.06527943997258 2.651068378761877 0
2.565780687905232 1.505067376185575 0
2.390473032613947 1.504823237102853 0
2.569485726284906 1.328957051495677 0
2.479979379449427 1.416890144299265 0
9.586959411171351 4.517242231134409 0
9.711701172426729 4.426409299531079 0
9.698475633548346 4.5197229779388 0
19.90015857969307 2.723336707102898 0
19.86862854274728 2.949320111037031 0
19.76878712244036 2.79765681813993 0
19.88439356122018 2.836328409069965 0
19.89057383073903 1.961268391932303 0
19.85798797281245 2.17813148176534 0
19.87428090177574 2.069699936848822 0
0.2130565513445219 1.567404416357961 0
0.101260499372513 1.477665468965966 0
0.106528275672261 1.596202208178981 0
2.563374369450813 2.239058805780986 0
2.699834154884198 2.320177387559776 0
2.581802552251944 2.33791871028372 0
18.8211606516433 4.644987814986578 0
18.80444654323003 4.867686994456282 0
18.66673402960651 4.827526586888994 0
18.68344813801978 4.604827407419291 0
18.7439473406249 4.736257200937786 0
18.33238746694987 2.316630401794335 0
18.36332882727649 2.224664343340583 0
18.44842753221293 2.258624812683061 0
18.41748617188631 2.350590871136812 0
18.3904074995814 2.287627607238698 0
1.218202961174056 2.815783666057154 0
1.269166597052854 2.924657831978066 0
1.163632473001943 2.973497951558389 0
1.112668837123145 2.864623785637478 0
1.190917717088 2.894640808807772 0
0.1270456125402468 2.250682481824468 0
0.1393044008787765 2.110499560794739 0
5.865444084712404 3.2618388456848 0
5.81943245089025 3.122511370841397 0
5.954669546986886 3.089389639761234 0
5.910056815849646 3.175614242723017 0
16.31296786393926 1.810273475433009 0
16.38654633772129 1.678581163520634 0
16.50002084044176 1.754800610812694 0
16.42644236665974 1.886492922725069 0
16.40649435219051 1.782537043122852 0
6.537731038115801 4.352372246494166 0
6.414769899641967 4.267264057087121 0
6.500317166869364 4.159956899642837 0
6.519024102492582 4.256164573068501 0
19.8927379060875 3.777979343180752 0
19.7896992833584 3.700194608893128 0
19.89696137727091 3.547215265712377 0
19.8948496416792 3.662597304446564 0
8.004140459714046 3.323466660467745 0
7.969109764067382 3.477101314189711 0
7.819425515131786 3.451486706165558 0
7.85445621077845 3.297852052443591 0
7.911782987422916 3.387476683316651 0
4.220183464255562 4.892598714604588 0
3.973114132191618 4.894897855286623 0
4.09664879822359 4.893748284945606 0
2.732207324690594 3.093549874488876 0
2.862242809895816 3.154450590319235 0
2.802545086759201 3.268345226415294 0
2.672509601553979 3.207444510584935 0
2.767376205724898 3.180947550452085 0
17.77863595604985 3.690426714951383 0
17.89437638244835 3.632268102868958 0
17.95248089184246 3.74875020303536 0
17.83674046544395 3.806908815117785 0
17.86555842394615 3.719588458993371 0
19.10532155249828 1.323251902270203 0
19.17255740673959 1.458669984001644 0
19.07461962816411 1.513855348118358 0
19.0073837739228 1.378437266386916 0
19.08997059033119 1.41855362519428 0
4.718290513164579 4.888690068636567 0
4.4688924243857 4.890265019141595 0
4.59359146877514 4.889477543889081 0
4.47788449884944 4.118929783295881 0
4.393891555060907 4.0413108989812 0
4.478258283274463 3.969289361389211 0
4.478071391061951 4.044109572342546 0
17.51098424323487 0.1134730745995318 0
17.75477510348413 0.1167732934582268 0
17.6328796733595 0.1151231840288793 0
5.309412121421914 4.754487461740265 0
5.467648187166548 4.872439303467349 0
5.342206060710957 4.877243730870132 0
4.314075888641263 4.782863733746183 0
4.284401031146841 4.672829803259019 0
1.81620348745988 0.3142023400742691 0
1.924021721869448 0.2140076540519562 0
2.056119698902055 0.3431546325000623 0
1.936161593180968 0.3286784862871661 0
1.2999809200534 4.769394015828359 0
1.453976084380539 4.881337073844859 0
1.22100483567286 4.888056941983501 0
1.3374904600267 4.88469700791418 0
0.491327301263242 4.415824048280237 0
0.3668025658433649 4.524051613190817 0
0.2491109436459631 4.392129667581009 0
0.3736356790658384 4.283902102670428 0
0.3702191224546034 4.403976857930623 0
9.186204440447275 4.77778568928519 0
9.255797087604032 4.577900556934599 0
9.221000764025653 4.677843123109894 0
5.090173123887643 1.612094721026267 0
4.96978929747699 1.432672850150636 0
5.132175003515638 1.478332302572641 0
5.029981210682316 1.522383785588451 0
2.158443799743791 0.2144366148368757 0
2.019058337178921 0.1088951191432015 0
2.264385462564872 0.1055414956936742 0
2.141721899871897 0.1072183074184379 0
15.8564412920171 1.661061968502342 0
15.78077657874922 1.553070252105851 0
15.88532691823955 1.475192715048124 0
15.96099163150744 1.583184431444615 0
15.87088410512833 1.568127341775233 0
3.110520667489808 0.1973497472747079 0
2.995603671782566 0.0979471938941141 0
3.117760333744904 0.09867487363735439 0
2.521020945560226 3.13131918384011 0
2.610071259689207 3.335593890188206 0
2.458582603695454 3.259468563443381 0
2.565546102624715 3.233456537014158 0
5.89191773801935 1.961020873236746 0
5.784078309920238 2.062246252757599 0
5.668401551307008 1.968359769011221 0
5.780159644663179 1.964690321123984 0
5.092444896350068 3.039969462056303 0
4.989799361157942 3.011465191879552 0
5.124503438834823 2.946529577972032 0
5.057151399996383 2.978997384925792 0
4.504573809593186 1.611920979668181 0
4.66426876693269 1.697101889034849 0
4.524420155622579 1.718079811058248 0
4.584421288262938 1.654511434351515 0
14.01513364309491 4.720406481790548 0
14.1847890251087 4.849260757870153 0
13.95534461798621 4.871145723920394 0
14.07006682154745 4.860203240895274 0
11.24131154994836 4.728014274104575 0
11.33674976491656 4.615943198250656 0
11.45493007083915 4.689503172252573 0
11.35949185587095 4.801574248106492 0
11.34812081039376 4.708758723178574 0
1.434069032524745 2.852023553711255 0
1.343175777723925 2.869766454046366 0
1.32719141409674 2.782463654045873 0
1.41808466889756 2.764720753710762 0
1.380630223310742 2.817243603878564 0
1.463943425927008 0.1502077657156713 0
1.321641488276091 0.2796919266297575 0
1.232698062349083 0.1294841609140858 0
1.348320744138045 0.1398459633148788 0
15.79079988884212 1.348216058870739 0
15.65230252612835 1.484318712089125 0
15.54149160587588 1.369052736804248 0
15.67998896858965 1.232950083585862 0
15.666145747359 1.358634397837494 0
1.959134535269461 1.777561596602214 0
1.894018754015363 1.72215536597481 0
15.65658829655895 2.805926284811122 0
15.58735126434368 2.902450060536847 0
15.46041410852317 2.808788427365351 0
15.55850120254106 2.807357356088237 0
5.223880627381459 3.563226483709949 0
5.38204610297762 3.611408483721462 0
5.333395462175726 3.761485898525683 0
5.175229986579566 3.71330389851417 0
5.278638044778592 3.662356191117816 0
2.605566903014295 4.796267767630715 0
2.47446685228614 4.694146319307115 0
2.585908571278644 4.593585629281717 0
2.717008622006798 4.695707077605316 0
2.595737737146468 4.694926698456216 0
13.27909623138139 1.498692755578902 0
13.15237431265365 1.454136188148888 0
13.18630459055693 1.351103167177094 0
13.31302650928468 1.395659734607108 0
13.23270041096916 1.424897961377998 0
18.6417194599556 2.722149418399165 0
18.72326686590638 2.612954692437639 0
18.8221895826858 2.686969007615246 0
18.74064217673502 2.796163733576771 0
18.7319545213207 2.704559213007205 0
11.04445876681332 3.819709154548536 0
11.21912176387516 3.883881122814379 0
11.14011515174644 4.016904242087311 0
10.9654521546846 3.952732273821468 0
11.09228695927988 3.918306698317923 0
1.336986791732166 2.263674121459852 0
1.300908926326205 2.139197901608106 0
1.424295567518481 2.103754115826282 0
1.460373432924438 2.228230335678028 0
1.380641179625322 2.183714118643067 0
9.615210050605953 4.331140632210831 0
9.834746390404641 4.336775975694204 0
9.724978220505298 4.333958303952517 0
11.00147593664911 4.897550328666276 0
10.87596070978459 4.897143536592465 0
10.1342970536439 4.805997920355201 0
10.25238493250804 4.902500576061394 0
10.00691212113585 4.903497344293807 0
10.12964852682195 4.9029989601776 0
11.19652739471543 3.696329661140452 0
11.40015605659018 3.700248866311652 0
11.27781422121045 3.781542802025589 0
11.29834172565281 3.698289263726052 0
10.25664388903741 4.709336228463767 0
10.13871362644508 4.710627596799431 0
4.204954883629826 1.562457529570252 0
4.360842240079884 1.599445241236421 0
4.333900225220424 1.727429330971523 0
4.178012868770365 1.690441619305353 0
4.269427554425125 1.644943430270887 0
12.86489040493579 1.422651315497917 0
12.74002496184291 1.469828293114349 0
12.6875433220344 1.367387151188044 0
12.81240876512728 1.320210173571612 0
12.77621686348509 1.395019233342981 0
4.75192802314945 4.552313925414807 0
4.850926445154222 4.444438768933538 0
4.729939340310339 4.44432052495074 0
9.276937458344921 4.895730682377579 0
9.034266982102354 4.882055006907611 0
9.155602220223637 4.888892844642594 0
5.991033738165269 3.655083623565439 0
5.88161844823853 3.718434250029957 0
5.814644041090967 3.624902466912955 0
5.924059331017705 3.561551840448437 0
5.902838889628118 3.639993045239197 0
8.650421671004338 4.720894095954678 0
8.604471697088911 4.520808444167382 0
8.741532109236317 4.61158669270134 0
8.627446684046625 4.62085127006103 0
19.89628815310363 1.73361034719534 0
19.88903319826877 1.493499480064539 0
19.8926606756862 1.61355491362994 0
17.90410534148313 3.899786065048371 0
17.79380921567095 3.982975644166546 0
17.72644433963178 3.89009839423596 0
17.81527484055745 3.894942229642166 0
3.21797678710875 0.2962107228758151 0
3.322373395984121 0.4011290665998879 0
3.336760033110853 0.3016183292620616 0
3.911748887426224 1.651847950683648 0
3.922123383057784 1.524978859179958 0
4.058084891301458 1.540598031935622 0
4.047710395669899 1.667467123439311 0
3.984916889363841 1.596222991309635 0
17.97916210442565 2.073279935392483 0
17.85234403194077 2.03551457342204 0
17.88405670471229 1.9189257569695 0
18.01087477719717 1.956691118939942 0
17.93160940456897 1.996102846180991 0
0.7598562476924258 1.2680182272338 0
0.8878679695939482 1.199227215958073 0
0.9525845229621819 1.350184920891202 0
0.8562203853273047 1.309101574062501 0
17.34717531222748 2.783616057276551 0
17.38730986441731 2.673418721245048 0
1.685385283466776 4.347757835178991 0
1.572268828156123 4.215613730223948 0
1.666415808575358 4.248120429858496 0
17.65993255801986 3.744680618227405 0
17.5949642788298 3.939552480574176 0
17.62744841842483 3.84211654940079 0
16.70449526919322 4.279386242139243 0
16.88184968059022 4.285923020268842 0
16.78781225447937 4.364221820303026 0
5.203859642397663 0.234444364817727 0
5.339245390648383 0.3205783834451235 0
5.284085548540306 0.4199474177257714 0
5.243972595468986 0.3271958912717494 0
6.569263410907027 1.344973924885308 0
6.677617610014762 1.254758007330398 0
6.788799858468048 1.351848084259176 0
6.679031634687537 1.348411004572242 0
2.203744987573016 1.910100079483125 0
2.284090942078048 1.852509898971643 0
18.95765560720327 4.714471637627407 0
18.87514400595067 4.51035288481912 0
19.01163896151064 4.579836707459949 0
18.91639980657697 4.612412261223263 0
19.78686198384267 1.819878739127643 0
19.89343099192133 1.847439369563822 0
11.94079679458689 0.1552931701571572 0
12.0663699831776 0.1153163443500516 0
12.02186093122525 0.2443606580956503 0
5.892896719931302 4.387468931156821 0
6.001189100814934 4.469832830174294 0
5.927657582793358 4.556609880708732 0
5.91027715136233 4.472039405932776 0
5.863526531825137 4.734290048760941 0
6.000650413011411 4.88402433639431 0
5.737876118813725 4.850265712366631 0
5.869263265912569 4.86714502438047 0
3.842261450123736 2.760792225596576 0
3.797944510627865 2.662006805405061 0
3.908767526889864 3.258893604653728 0
3.771070484752284 3.304427645732792 0
3.716266925897747 3.17862278984963 0
3.853963968035329 3.133088748770565 0
3.812517226393807 3.218758197251679 0
14.53497988329807 1.300854806957247 0
14.49363302530083 1.409205815175118 0
14.43383969669233 1.256421292815765 0
14.46373636099658 1.332813553995441 0
8.048284057684246 3.041730245511134 0
8.043568598762764 2.877753956225811 0
8.227514954950271 3.03610873718139 0
8.135541776856517 2.9569313467036 0
16.45330711789631 1.524167377766354 0
16.26455174462141 1.612557893496847 0
16.33131252479644 1.458144107742567 0
16.35892943125886 1.5683626356316 0
11.90828266578493 3.464446837028775 0
12.03375220636872 3.591489915523604 0
11.86026770672268 3.722960719018329 0
11.8842751862538 3.593703778023552 0
11.41039969159078 3.827817815619478 0
11.35170723425549 3.930156136408267 0
11.31476072773297 3.855849469216928 0
1.522783848447006 4.338028839493913 0
1.480065681998319 4.145919190714634 0
1.501424765222662 4.241974015104273 0
14.26913459215889 4.523180867694155 0
14.2103519508548 4.663120430487258 0
14.08191156816142 4.582862788029454 0
14.17552308016015 4.553021827861804 0
5.101634934724604 3.81433447839528 0
4.968866916963381 3.727745596081607 0
5.072048451771474 3.720524747297889 0
4.927342787773667 0.2405299544318247 0
4.75711665716635 0.115889531526244 0
5.045226130607317 0.1246404229055811 0
4.901171393886832 0.1202649772159123 0
5.973922924488569 1.445665680636841 0
5.844667230987795 1.341638752862067 0
5.959244601914024 1.230515582803514 0
6.088500295414797 1.334542510578289 0
5.966583763201296 1.338090631720178 0
18.48015420237707 4.69788982868943 0
18.55257710118853 4.848944914344715 0
4.344537944320631 4.891431866873092 0
6.206525672752798 1.22887469761244 0
6.332905793596614 1.336531305254305 0
6.214880416258614 1.442199118220154 0
6.210703044505706 1.335536907916297 0
2.997737645520707 3.18852818562799 0
3.135378991618298 3.244703344062446 0
3.075148542946359 3.377229506286245 0
2.937507196848768 3.321054347851789 0
3.036443094233533 3.282878845957117 0
2.508623807214134 0.10070256026615 0
2.386504634889503 0.1031220279799121 0
17.19535911768811 1.225000585245466 0
17.28962302642484 1.329915396583439 0
17.19303345120309 1.417252895389897 0
17.09876954246636 1.312338084051924 0
17.1941962844456 1.321126740317681 0
3.068867184359515 1.284880367906562 0
3.230745090682575 1.234076121984824 0
3.282027306492498 1.379736061353279 0
3.120149400169439 1.430540307275017 0
3.175447245426007 1.33230821462992 0
1.550568735430833 4.614506392621734 0
1.560768558023664 4.497043432849978 0
1.692281199940311 4.533852059202543 0
1.621424967685572 4.574179225912139 0
6.004698929200764 4.666572118371548 0
5.895592057309248 4.645449964734836 0
13.79493606921593 4.749841722688533 0
13.6486831028943 4.638876958696371 0
13.72885893441489 4.511889213775659 0
13.87511190073653 4.62285397776782 0
13.76189750181541 4.630865468232095 0
12.03462379732172 3.828356794657159 0
11.91668927004009 3.967925058702106 0
11.74233317944104 3.862528983063277 0
11.88847848838138 3.845442888860218 0
18.12563274113472 0.2559462638626733 0
18.00059638497279 0.1226549741037859 0
18.25003635616193 0.1332912897588878 0
18.12531637056736 0.1279731319313369 0
18.90174142252203 2.781612715151894 0
18.89372057125568 2.618508242716386 0
18.97327241109191 2.713151950253034 0
18.89773099688885 2.70006047893414 0
15.74390468115021 4.887346950566223 0
15.50269668157911 4.892469687924525 0
15.62160136272933 4.779816638490748 0
15.62330068136466 4.889908319245373 0
14.76465233144033 4.85321781700766 0
14.50804284631374 4.883857019079539 0
14.64769517775408 4.737074836087199 0
14.63634758887704 4.8685374180436 0
18.02512854240249 2.342987467462635 0
18.0864783217431 2.236422310352172 0
18.18824901102318 2.297449473319447 0
18.12689923168257 2.40401463042991 0
18.10668877671284 2.320218470391041 0
2.246406373319383 4.896972097488897 0
2.007528261031185 4.895934742579838 0
2.128934634350568 4.792906840068735 0
2.126967317175284 4.896453420034367 0
15.75514832537963 2.896273871068194 0
15.84699235358058 2.807110409285287 0
15.75179032506976 2.806518347048204 0
11.57572736811077 3.810453788764536 0
11.48794171235048 3.755351327538094 0
8.869716189455817 4.42776086215985 0
8.731990441633005 4.452704917678323 0
8.805624149346066 4.519673777430596 0
10.37705524424024 4.802654181895434 0
10.37602762212012 4.901327090947717 0
10.60001139699217 1.722431384820889 0
10.47193355729692 1.599382662672632 0
10.59414342733467 1.472445149180094 0
10.72222126702992 1.595493871328351 0
10.59707741216342 1.597438267000491 0
5.496460913160648 1.489123653548924 0
5.344783048997574 1.411053703686885 0
5.435944445793121 1.265669731141559 0
5.587622309956195 1.343739681003598 0
5.466202679476885 1.377396692345242 0
6.450371114784372 1.238738461380211 0
6.45179808971927 1.442766768759403 0
6.451084602251821 1.340752615069807 0
13.63965265688377 1.421388031920637 0
13.5020936743963 1.340807567791216 0
13.57608013356744 1.210126422883441 0
13.71363911605492 1.290706887012862 0
13.60786639522561 1.315757227402039 0
1.577335991807216 0.6885545340355159 0
1.693600163948421 0.6016519727469354 0
1.780741696140737 0.7259701598686297 0
1.664477523999532 0.8128727211572102 0
1.679038843973975 0.7072623469520727 0
3.726446651288849 4.896528453929465 0
3.849780391740234 4.895713154608044 0
12.3109379917106 1.312292477634719 0
12.40014703967802 1.409085249181316 0
12.31883865117059 1.480939712074675 0
12.22962960320318 1.384146940528078 0
12.3148883214406 1.396616094854697 0
17.82020189115498 1.752848861144367 0
17.71208423115582 1.678671611521075 0
17.78081486242171 1.573680151021695 0
17.80050837678834 1.663264506083031 0
12.64428234555557 0.2655041819369628 0
12.50789255146566 0.1176607258967262 0
12.76138979408991 0.1478434560402366 0
12.63464117277778 0.1327520909684812 0
15.48728197108736 3.424764801854292 0
15.54398103439793 3.542970206427821 0
15.44182908301508 3.589652888529614 0
15.38513001970451 3.471447483956084 0
15.46455552705122 3.507208845191953 0
16.11639637270179 3.251158088169631 0
16.1450101905283 3.088474053779345 0
16.21153121701802 3.190799179507088 0
16.13070328161504 3.169816070974488 0
14.05702178725692 3.382434631266728 0
14.17987967829428 3.290804665175772 0
14.25413314309001 3.389873303285243 0
14.13127525205266 3.481503269376198 0
14.15557746517347 3.386153967275985 0
6.211650112305382 3.676820236755416 0
6.093039768187972 3.763764561023273 0
6.101341925235326 3.665951930160428 0
10.8052346024535 3.934538239461391 0
10.62628731170617 3.986704495097899 0
10.5803218465577 3.859800001439101 0
10.75926913730503 3.807633745802593 0
10.6927782245056 3.897169120450246 0
5.278589944802423 1.539669410457314 0
5.198368107710788 1.349716595802212 0
5.238479026256606 1.444693003129763 0
9.762225812250229 4.903164983523923 0
9.884568966693042 4.903331163908865 0
2.738812352263231 4.898380578894124 0
2.491754550751065 4.897887188736591 0
2.615283451507148 4.898133883815357 0
13.95651400228294 1.2428466301889 0
13.85614629833739 1.387815305176288 0
13.81400682000047 1.145738212025474 0
13.83507655916893 1.266776758600881 0
15.88549169021383 1.26694972141169 0
15.98001871961126 1.393926377589074 0
15.88540930422669 1.371071218229907 0
16.65968337704548 3.040395244376318 0
16.54840002759973 3.136299526577752 0
16.45343600064762 3.032423282891727 0
16.56471935009337 2.936519000690293 0
16.55655968884655 3.036409263634023 0
0.1261953591204517 4.008273445683467 0
0.2520882074130846 4.142730843851822 0
0.1258928482926329 4.259457398168355 0
0.1260441037065423 4.133865421925911 0
6.872899029661286 0.2277039221701109 0
6.750002788761558 0.1003868730082518 0
6.997896240899729 0.1273170491618592 0
6.873949514830644 0.1138519610850555 0
14.49412156720221 1.517209619041844 0
14.49519300928462 1.628016376432431 0
14.35408283852852 1.621702487919638 0
14.42410220286537 1.569456053480741 0
12.1737916257741 3.472594470678642 0
12.29736346035659 3.586283716699442 0
12.15732404095121 3.705179161544404 0
12.16555783336265 3.588886816111523 0
18.13773068647234 1.720504755441993 0
18.13130816143418 1.553518451110594 0
18.13451942395326 1.637011603276293 0
14.81957627689048 1.454583970444364 0
14.71359479607945 1.338502064587582 0
14.83316028412236 1.228372262105041 0
14.93914176493339 1.344454167961823 0
14.82636828050642 1.341478116274702 0
15.45382065766097 1.242630006959357 0
15.44114102716434 1.448556621857216 0
15.44748084241265 1.345593314408287 0
13.38788812442101 0.2409259925377496 0
13.25919781280359 0.1192061742947548 0
13.50369031161742 0.1217198182429953 0
13.38144406221051 0.1204629962688752 0
6.120480474595777 4.774679818724734 0
6.122740237297888 4.887339909362368 0
16.12231827408176 1.296634250088347 0
16.07912610260626 1.422378746171072 0
16.02321089108677 1.26818188150635 0
16.05116849684651 1.345280313838711 0
19.02820906397324 4.846784643171125 0
18.91632780360164 4.857235818813703 0
5.602762152990136 4.86135250791699 0
15.05831427853568 1.471032629898802 0
15.05013551019093 1.239671408284671 0
15.0542248943633 1.355352019091737 0
4.369567980985762 0.22810355841637 0
4.244533737089984 0.113937573726445 0
4.500034243895778 0.114165984689925 0
4.372283990492881 0.114051779208185 0
5.360823609774636 0.5283307050917074 0
5.256416917508359 0.5906888167955628 0
5.270251233024332 0.5053181172606669 0
3.932925910901682 3.572720912337938 0
3.84426298022664 3.448096273502163 0
3.979285454857366 3.374274247322663 0
3.956105682879523 3.473497579830301 0
4.366898948090747 0.4595752228856123 0
4.234346344499844 0.3456333519364714 0
4.368233464538253 0.3438393906509911 0
1.185858919909887 3.468589276056625 0
1.367889833690271 3.484781840890799 0
1.275071207217929 3.570977342160911 0
1.27687437680008 3.476685558473712 0
1.002806600475337 1.069986659902134 0
0.9476584279623275 0.9660422982870314 0
1.03759522212685 0.9095729291777337 0
1.092743394639861 1.013517290792836 0
1.020200911301092 0.9897797945399338 0
7.455796095690351 4.061355122313968 0
7.513748899478053 4.216800525000592 0
7.325290330061087 4.268472015388498 0
7.390543212875719 4.164913568851233 0
6.588580321108731 2.154498001812855 0
6.705082153255319 2.052261045422649 0
6.820313280576455 2.154099886137704 0
6.704446800842593 2.15429894397528 0
14.95234026545282 1.123056750787085 0
15.06344365815643 1.02295875586974 0
15.16123890289454 1.139573413367327 0
15.05678958417368 1.131315082077206 0
4.764860722912035 0.5423716063379134 0
4.655374191134232 0.6572319680119389 0
4.521068335360363 0.5664396698640466 0
4.642964529136199 0.5544056381009796 0
18.39447973143326 0.2915281925658353 0
18.51944337527133 0.1582369028069479 0
18.38473986571663 0.1457640962829183 0
17.88037148845692 0.2394282675620127 0
17.87768574422846 0.1197141337810064 0
16.20346730873155 0.2406571352751241 0
16.06008717231405 0.1150998677996053 0
16.26838013641749 0.1255572674755188 0
16.16423365436577 0.1203285676375621 0
9.518922093928566 4.901238066316266 0
9.640573953089397 4.902201524920095 0
19.88922151805662 4.258652918518084 0
19.7813208827984 4.149622158936729 0
19.89209936474177 4.015969240418645 0
19.8906604413992 4.137311079468365 0
17.6076770105243 4.094780267812168 0
17.43139700267883 4.10451566178047 0
17.51318064075431 4.022034071177322 0
14.30440319739392 4.891721714719679 0
14.43744604370767 4.775578733799218 0
14.40622302185383 4.887789366899609 0
15.99963196984191 4.859167973666369 0
15.86853665099212 4.746514924232592 0
15.87176832549606 4.873257462116296 0
13.76654345205828 1.510000862248019 0
13.68333461151939 1.628814836375538 0
13.55644381634488 1.540202006048156 0
13.66149363420158 1.525101434148088 0
12.56814624251057 3.367969283764148 0
12.42729958955587 3.475856293869463 0
12.32213545218839 3.360267452815672 0
12.4629821051431 3.252380442710357 0
12.44514084734949 3.36411836828991 0
6.172051131043487 0.2078447999134152 0
6.148525565521744 0.1039223999567076 0
8.26807310738752 3.511804228146179 0
8.114464367084629 3.464106778025809 0
8.158132341921903 3.34493573448735 0
8.311741082224794 3.392633184607719 0
8.213102724654711 3.428369981316764 0
3.582011504753558 3.207240107546033 0
3.596579982441819 3.368386742342785 0
3.440907064670792 3.37305480119974 0
3.426338586982531 3.211908166402988 0
3.511459284712175 3.290147454372887 0
13.59337022179765 1.739235007834251 0
13.50737043006706 1.839373787874951 0
13.39645008743408 1.748769290496482 0
13.48244987916467 1.648630510455783 0
13.49491015461586 1.744002149165367 0
1.099144373052514 3.571709731051905 0
0.9797376897241641 3.464732646266404 0
1.082798304817025 3.466660961161514 0
18.00754019434676 3.869514576251766 0
18.12481341428638 3.816967460124173 0
18.03864715306442 3.782858831579767 0
4.372686530992589 3.626509814283902 0
4.383574510638168 3.529994699887316 0
6.638032459268119 0.198590891107469 0
6.631516229634059 0.09929544555373448 0
4.15925012774258 1.81240461327729 0
4.028947654642113 1.789430117411248 0
4.10348026170624 1.739935868358301 0
13.71459145122972 4.878695998768138 0
13.83496803460797 4.874920861344266 0
12.38377125360334 1.003972568436209 0
12.5654721093842 1.004757247613466 0
12.58921167476761 1.178371640579263 0
12.40751081898675 1.177586961402007 0
12.48649146418547 1.091172104507736 0
4.108588380993814 0.2255702935652693 0
4.116794190496907 0.1127851467826346 0
19.78483727082927 3.918948583599397 0
19.89241863541464 3.896974291799698 0
8.031225111152667 3.17847467425826 0
8.185216993360523 3.199943748277865 0
8.094678726537285 3.261705204372805 0
5.435044341097495 0.2200154107021897 0
5.283633511790345 0.1098039419121459 0
5.405022170548747 0.1100077053510944 0
8.771687693255254 4.849145877263272 0
8.902977337678804 4.865600442085441 0
5.16442982119883 0.1172221824088635 0
4.864412655156427 0.4622154973720209 0
4.895877721465046 0.351372725901923 0
12.663550252913 3.485424579608873 0
12.70767242949498 3.268576608871634 0
12.68561134120399 3.377000594240254 0
6.606623453197721 3.398526793290189 0
6.715800632508959 3.524566483844123 0
6.579549903180008 3.621028657593681 0
6.593086678188865 3.509777725441935 0
2.363160924070447 4.794859286225487 0
2.369080462035223 4.897429643112743 0
11.47449848243257 0.1274405519000261 0
11.71402318414831 0.1314902724530294 0
11.56352166658088 0.258930824353055 0
11.59426083329044 0.1294654121765273 0
11.91315081621851 4.49561922462882 0
12.14971790215189 4.479307625589721 0
12.0314343591852 4.48746342510927 0
4.290560418495337 4.073083081043466 0
4.346256680349226 4.202983719822177 0
4.239931606994581 4.235370603223323 0
4.184235345140692 4.105469964444612 0
4.265246012744959 4.154226842133395 0
0.1858567046880548 1.124585362298248 0
0.2732697544449216 1.031723255720412 0
0.3445149292114298 1.132329529418982 0
0.257101879454563 1.225191635996818 0
0.2651858169497423 1.128457445858615 0
17.17135696818072 0.228741130124793 0
17.02772371028959 0.1159475698774131 0
17.26863325789113 0.11279356024738 0
17.14817848409036 0.1143705650623965 0
15.26111899930755 4.891053623060581 0
15.38190784044333 4.891761655492553 0
15.01941726705867 4.883611592390241 0
14.909069598499 4.736829409397901 0
14.8920347992495 4.86841470469895 0
6.240151007917393 2.055450818505302 0
6.121127601708666 1.956091129864799 0
6.233807076938644 1.853499444598474 0
6.236979042428019 1.954475131551888 0
17.95579319634365 2.515274057570998 0
17.99361473962933 2.436668989440679 0
18.07190787201488 2.479641170177445 0
18.0340863287292 2.558246238307764 0
18.01385053417926 2.497457613874221 0
10.35274693030481 1.729477274627083 0
10.2217137745386 1.610323396838149 0
10.34090040153071 1.480228784883698 0
10.34682366591776 1.60485302975539 0
12.90382288930481 0.2722810084615661 0
13.0174330952149 0.1244375524213295 0
12.88941144465241 0.1361405042307831 0
1.197358807106344 4.357767290737659 0
1.100003477758325 4.286183470034939 0
1.168944836208539 4.173513305626058 0
1.183151821657441 4.265640298181857 0
4.365846488247315 1.455288128096126 0
4.509578057760617 1.467763866527885 0
4.435210148920251 1.533604553882153 0
13.59687260477857 4.403439741615169 0
13.68381267716693 4.286506680496463 0
13.81579900680325 4.394956152656952 0
13.70633580579091 4.399197947136061 0
12.27293598586214 0.1124200687697376 0
12.16965298451987 0.1138682065598946 0
4.628575450531063 0.1150277581080847 0
7.543071467879198 3.378612834165561 0
7.534911099871126 3.509042066096321 0
7.39803275070711 3.501029646284968 0
7.406193118715183 3.370600414354207 0
7.470552109293154 3.439821240225264 0
4.554895783044045 1.905696243154689 0
4.435048307333251 1.790995051229098 0
4.644267631333374 1.832781002983838 0
4.539657969333312 1.811888027106468 0
10.48641415140309 4.511351295809708 0
10.37560425217273 4.608898912713109 0
10.3713380282366 4.424072420021748 0
10.37347114020467 4.516485666367428 0
10.28021860268461 3.725662977184637 0
10.1914206592887 3.625830400141617 0
10.32369795567475 3.539886730944207 0
10.30195827917968 3.632774854064422 0
1.184560936834769 2.705129657857652 0
1.255876175465755 2.743796655951763 0
2.872630355534957 0.1963681001080664 0
2.752026683752391 0.09842090621395228 0
2.873815177767479 0.09818405005403319 0
4.811306893179012 4.775219727963521 0
4.843153446589506 4.887609863981761 0
12.72422491628544 2.158428048147064 0
12.81496949918965 2.047946335270271 0
12.94234283664844 2.148299194455773 0
12.83328387646694 2.153363621301418 0
0.9962781863922334 0.1235476347794062 0
1.114488124370657 0.1265158978467458 0
17.389808750563 0.1131333174234559 0
13.67538516488926 4.057605827479303 0
13.79262879236573 4.190188983954133 0
13.6795989210281 4.172056253987884 0
11.72759361594751 2.31757450242899 0
11.8175316448372 2.192990526010046 0
11.84631962907765 2.31488457039825 0
2.886747873348041 3.443089600093202 0
2.751785763258473 3.390380478656707 0
2.844646480053621 3.355717413254248 0
13.8046563739346 1.724831715414657 0
13.69901329786612 1.732033361624454 0
3.185436103833929 3.146509838420713 0
3.315308799062062 3.211245536812413 0
3.26525168684643 3.309439042454145 0
3.225343895340179 3.227974440437429 0
12.61009735011291 3.143722335458735 0
12.75804849552571 3.036788714900307 0
12.85562357490777 3.161642988313206 0
12.73286046251035 3.15268266188597 0
0.7242506151267669 4.661537069144197 0
0.9507029535323781 4.669243640847259 0
0.8478879515849798 4.775524037905116 0
0.8374767843295725 4.665390354995727 0
17.8073358093142 3.244720497069753 0
17.69510658427308 3.228582104480656 0
17.70167365267017 3.135702864480973 0
17.81390287771129 3.151841257070071 0
17.75450473099218 3.190211680775364 0
12.58352897530893 0.717940469415149 0
12.52413593180364 0.8481340658288228 0
12.40724015802255 0.7777146841101463 0
12.46663320152784 0.6475210876964725 0
12.49538456666574 0.7478275767626479 0
12.29566919307431 3.810218811422059 0
12.17296894944483 3.933396444534814 0
12.16514649519802 3.819287803039609 0
7.567276001609108 3.247375766515471 0
7.710187762162178 3.271138790979053 0
7.685983228432267 3.402375858629143 0
7.626629615020688 3.324875812572307 0
15.15553626636622 4.774665215450822 0
15.14026813318311 4.887332607725411 0
6.44259322432522 3.707861725793713 0
6.315422642969263 3.794544130058693 0
6.327121668315301 3.692340981274564 0
11.7798199787352 0.2867834426101865 0
11.8274099893676 0.1433917213050933 0
3.732563126789156 4.379438268122776 0
3.870922652563674 4.478792781277529 0
3.638179418356946 4.484515018969128 0
3.75455103546031 4.481653900123328 0
1.021535732534165 1.181099879236778 0
0.8691388375351181 1.088113996623429 0
0.9453372850346433 1.134606937930103 0
1.799931622556091 2.564264647927442 0
1.672524222566111 2.507424459826858 0
1.728465267251572 2.390500663309793 0
1.855872667241552 2.447340851410377 0
1.764198444903833 2.477382655618618 0
7.131106028075738 0.2382497681841445 0
7.258209787176009 0.1109327190222853 0
7.128053014037869 0.1191248840920722 0
4.072124961056947 1.405620626338091 0
4.218994953385314 1.427480123972722 0
4.138539922343386 1.484039077954172 0
9.265212197365154 1.962221153393648 0
9.157578204445208 1.860551373188449 0
9.232198925322255 1.772289861431144 0
9.3398329182422 1.873959641636344 0
9.248705561343703 1.867255507412396 0
6.750050527606833 3.04991418874339 0
6.638347990808068 3.162651706132098 0
6.623175211893825 3.054774588177477 0
13.07198668054756 4.772293868373072 0
13.22259841419672 4.88488905816808 0
12.97438826635084 4.887404810204992 0
13.09849334027378 4.886146934186536 0
16.42442569715391 0.2827050554371002 0
16.53104556073642 0.1571477879615815 0
16.39971284857696 0.1413525277185501 0
2.635650490966525 0.1991234664801027 0
2.630325245483261 0.09956173324005135 0
8.503733977749084 4.871748218691407 0
8.637710835502169 4.860447047977338 0
1.779963384690527 0.1051125349087547 0
1.899510860934724 0.1070038270259781 0
8.488746561210643 1.140859997616946 0
8.452409218325679 1.277390226052991 0
8.327928668989967 1.248798597494582 0
8.36426601187493 1.112268369058537 0
8.408337615100304 1.194829297555764 0
17.0645035768627 2.848897713063824 0
16.95703189036773 2.942147848032298 0
16.97989734999368 2.754256367742778 0
16.9684646201807 2.848202107887538 0
15.32696475662701 3.589899817294177 0
15.43771448929239 3.696419161324774 0
15.32285016290431 3.696666090089337 0
15.38233962295969 3.643159489309475 0
0.7196086575645317 0.4842962855179636 0
0.5851001100675592 0.4087324934183432 0
0.6454242241375638 0.2909250432628818 0
0.6825164408510478 0.3876106643904227 0
4.38210953102336 0.7102011799753098 0
4.227940143753744 0.6033367329968755 0
4.374504239557054 0.5848882014304611 0
19.50240677221232 1.728164169437047 0
19.61470369821602 1.78959339994393 0
19.53273561180923 1.825110548920928 0
5.028322724306808 4.226607939243062 0
4.939860331988134 4.330910823771827 0
4.918622377194468 4.231706863485748 0
18.47309176503704 3.652698237209464 0
18.43736702938006 3.550457373059223 0
18.52806968336218 3.518859953515492 0
18.56379441901916 3.621100817665733 0
18.50058072419961 3.585779095362478 0
7.23634850116927 4.881448025241705 0
6.985549032709073 4.884116793852148 0
7.110948766939171 4.882782409546927 0
16.8930727741566 1.719458427786628 0
16.79602537264956 1.825209001818695 0
16.69184973133817 1.725071042396477 0
16.78889713284521 1.61932046836441 0
16.79246125274739 1.722264735091553 0
13.89925891242804 1.608545272914567 0
14.02682556117203 1.710429662862531 0
13.93222302267859 1.826716105362621 0
13.91574096755331 1.717630689138594 0
13.55907483487052 4.760982462559256 0
13.4694833836408 4.882286463791118 0
13.59203741743526 4.880491231279628 0
18.93949653839027 2.165835508974541 0
19.00230596066499 2.083706923072437 0
19.09860388601056 2.174365128152245 0
19.01905021220042 2.170100318563393 0
3.611037780919431 0.1049829710184067 0
8.23296732868439 1.352480070153061 0
8.13081839536205 1.261195740110628 0
8.225779735667627 1.157514267452149 0
8.229373532176009 1.254997168802605 0
16.69257360247439 0.2836082324545424 0
16.78652804173797 0.1264604444929613 0
16.65878680123719 0.1418041162272718 0
8.118495647836696 4.738237376700733 0
8.250442832088559 4.870064299425597 0
8.121747823918348 4.869118688350365 0
7.361507321844858 4.880514284905641 0
6.736226176187825 4.887998999389398 0
6.612891540410495 4.889359509168172 0
16.93925175202757 0.2424080143703744 0
16.90712587601378 0.1212040071851872 0
16.3912584209916 3.684780970238986 0
16.25519958641404 3.635272877913345 0
16.3265359927635 3.455926442754556 0
16.35889720687755 3.570353706496771 0
11.59797767071682 4.798601711251576 0
11.73471458274893 4.898371006193125 0
11.48826308796789 4.900230705058451 0
11.61148883535841 4.899300855625788 0
11.22959526915717 0.1235755007392014 0
11.35204687579487 0.125508026319614 0
11.49647632546641 1.371655298271714 0
11.57884367723389 1.464677662332613 0
11.50017051619087 1.537807681057203 0
11.41780316442338 1.444785316996303 0
11.49832342082864 1.454731489664458 0
0.9492498086238861 2.359542775014067 0
0.8042019852492466 2.401856217049907 0
0.7687123321695264 2.235961495547665 0
0.9137601555441677 2.193648053511825 0
0.8589810703967089 2.297752135280866 0
6.92523646919172 2.980586155276541 0
6.854663317588196 3.102933287151909 0
6.820623679210357 2.927567056868023 0
6.837643498399276 3.015250172009966 0
6.002625859545102 1.858777759861975 0
6.006522669864008 1.958556001550773 0
13.4116951868932 4.647339233799055 0
13.50130345491697 4.52523372993617 0
13.53018914489375 4.643108096247713 0
6.688298684018836 3.759732634646134 0
6.551342005164048 3.846565702846167 0
6.565445954172028 3.733797180219923 0
16.53291825650625 1.929065755323834 0
16.48386500276716 2.075559523292105 0
16.45515368471344 1.981026223008587 0
19.88244674198004 0.745593102621565 0
19.88193612194963 0.9941633699843773 0
19.76438286392967 0.8647564726059422 0
19.88219143196483 0.8698782363029711 0
13.23015590653823 1.226452830371484 0
13.2824027645299 1.068914526537429 0
13.42740424184931 1.11702063380333 0
13.37515738385764 1.274558937637385 0
13.32878007419377 1.171736732087407 0
10.4398004962795 3.932885054303366 0
10.36410051822254 3.825636182023584 0
10.47221118239012 3.842718091731342 0
15.29233890357206 3.828705796661812 0
15.15904930946714 3.805009516733716 0
15.18956056879938 3.672969810161241 0
15.24094973618572 3.750837803411527 0
12.71407786536072 0.8328562625576521 0
12.64877789446352 0.6194985886410684 0
12.77932678451531 0.7344143817835715 0
12.68142787991212 0.7261774255993605 0
17.27423305751611 0.8602947023666756 0
17.15630329658526 0.7455655427233694 0
17.25059255160023 0.653338761548389 0
17.36852231253108 0.7680679211916952 0
17.26241280455817 0.7568167319575323 0
9.397929776136744 4.898484374346923 0
7.779581912971713 3.555492754619276 0
7.646139626272194 3.506381907082862 0
7.73278257070199 3.47893430662421 0
15.54636228653854 1.136928694191043 0
15.63350654665264 1.009393810415974 0
15.76713322870375 1.105415199810794 0
15.65674775762115 1.121171947000918 0
0.09975300180792601 0.7661473139170907 0
0.1920751462962453 0.8982775464754567 0
0.09232214448831755 1.007130232558366 0
0.09603757314812356 0.8866387732377283 0
11.84239464182858 4.796094831333148 0
11.98268005907966 4.897723825140023 0
11.85869732091429 4.898047415666574 0
13.98886175870714 1.486359715842836 0
13.87770260538271 1.498180289045428 0
19.77456307532233 4.388023252632482 0
19.8853415572657 4.504370334114398 0
19.88728153766117 4.381511626316241 0
1.219055675337671 0.950748696094168 0
1.140891446845146 0.8225295823186287 0
1.257170745666546 0.7386104954604402 0
1.335334974159071 0.8668296092359793 0
1.238113210502107 0.8446795957773041 0
11.70813386202004 4.698169831082222 0
11.81399260704718 4.596823049036486 0
11.82819362443788 4.696458940184817 0
2.113045567292229 4.585712196974021 0
1.98409692048412 4.47893554862377 0
2.077045084122623 4.376038980553427 0
2.095045325707426 4.480875588763724 0
17.76814487054041 1.862920018199615 0
17.85212929793363 1.835887309056933 0
15.71307053204204 1.697325786894207 0
15.68268652908519 1.590822249491666 0
15.6847563419404 3.50302182875145 0
15.72376445985023 3.639277642808391 0
15.58298915230777 3.679226020484762 0
15.63387274712408 3.591123924618106 0
6.860887604448449 4.886057896620773 0
2.76361446588374 0.4860671107727192 0
2.87045684676475 0.3891474042387411 0
2.977585391205357 0.4783967950925136 0
2.870743010324348 0.5753165016264918 0
2.870599928544549 0.4822319529326164 0
0.1232180953533302 4.507672269412653 0
0.1245554718229815 4.383564833790505 0
8.021644393810142 1.34852600861451 0
7.901283078485784 1.209135368107497 0
8.010457080037693 1.121805099603615 0
8.016050736923917 1.235165554109062 0
10.60450783316043 0.2403443185151781 0
10.71777198667442 0.3590023226910608 0
10.58817499326452 0.4803154692902218 0
10.59634141321248 0.3603298939027 0
12.02232151035193 1.593497458459676 0
11.93660964898929 1.717456351500201 0
11.80894957326892 1.616024842602977 0
11.89466143463156 1.492065949562452 0
11.91563554181042 1.604761150531327 0
15.89801869881939 1.156403151345475 0
16.03573789969233 1.157635311440135 0
15.96061479495308 1.212292516425913 0
7.883827439201216 3.16520704336775 0
7.900886385732794 3.028462614620625 0
7.966055748442731 3.103468644439443 0
16.58380762039544 1.637276050523159 0
16.60806295138448 1.842595602686012 0
16.59593528588996 1.739935826604586 0
13.36218765314477 4.412382286417702 0
13.47953012896167 4.407911014016435 0
5.163578235812485 4.306913649357963 0
5.234240118809502 4.193856013987448 0
5.131281421558155 4.210231976615255 0
10.21095190677824 1.358479381784316 0
10.33382028528723 1.226812318956233 0
10.4637687800397 1.348561722055615 0
10.33736034340897 1.353520551919965 0
4.250568510458505 2.716695465924413 0
4.231983762280445 2.639958425568979 0
7.552868734396893 1.028492084426317 0
7.749002396270196 1.01634002927526 0
7.762690152509062 1.195286222822175 0
7.56655649063576 1.207438277973232 0
7.657779443452978 1.111889153624246 0
16.13862617956208 3.367914879497203 0
16.29506613259307 3.333712176056462 0
16.17009603973252 3.490129146195297 0
16.23258108616279 3.41192066112588 0
16.17685299861042 1.15702606950148 0
16.2756019959505 1.18754576490639 0
16.22106727142184 1.327153945493257 0
16.19896013501613 1.242090007497369 0
9.120693943210096 1.335118706989665 0
9.0779358377652 1.481225472613933 0
8.933049918525089 1.440380499144974 0
8.975808023969986 1.294273733520706 0
9.026871930867593 1.38774960306732 0
9.17123620565523 1.224331364655735 0
9.272512436884625 1.270400143861375 0
9.221970174439493 1.381187486195305 0
9.196603190047361 1.30275942542552 0
12.10621498389575 4.896593110595838 0
12.75541404294128 0.9894794443422956 0
12.63977498737246 0.918806755085559 0
4.874937487452032 3.672983067280789 0
4.919637209714244 3.803068095871402 0
4.825707780202895 3.748305567070584 0
4.897287348583138 3.738025581576096 0
4.365547737089495 1.883973296114358 0
4.264399654976668 1.820407575856783 0
4.349723981154959 1.805701313542941 0
6.910601360474995 4.41652731631955 0
7.189342734525044 4.372416429310186 0
7.049972047500019 4.394471872814868 0
9.344858456157867 1.371221748309685 0
9.353100436778844 1.482443385327191 0
9.230212155060469 1.492409123212811 0
9.287535305609168 1.431815435761248 0
3.782384235696176 1.527234905036756 0
3.777512378849448 1.392040869777793 0
3.917251526211055 1.389784823920995 0
3.849817880953616 1.458509864478875 0
16.54915205055932 1.396645501139479 0
16.67965255305845 1.509754173896283 0
16.56647983547738 1.516960775831319 0
0.4063503513886388 3.486362894574015 0
0.4581158965164036 3.372799350886281 0
0.5578309204512859 3.423154121751423 0
0.5060653753235229 3.536717665439157 0
0.4820906359199633 3.454758508162719 0
10.4910339123255 0.1204860791139177 0
10.73847392083494 0.1198582394012604 0
10.61475391658022 0.1201721592575891 0
8.82456623360383 1.228269948488235 0
8.893200310635839 1.074756917627641 0
9.044442101001994 1.140760702660112 0
8.934504167302912 1.184515325574174 0
9.219845335244583 1.653127948980664 0
9.366747225691444 1.63325416200422 0
9.379100815769116 1.752416074454699 0
9.29947307550685 1.702772011717682 0
14.15242576640475 1.270259012855649 0
14.19303653822525 1.156686243934839 0
14.30031888319189 1.200832660148885 0
14.22637232479832 1.235545836502268 0
9.4883552034081 1.793412673309237 0
9.449087305881182 1.914956240490881 0
9.41409406082515 1.83368615747279 0
0.2106911595862719 0.6597328926161934 0
0.1109381577783441 0.5185855786991029 0
0.1053455797931342 0.6423664463080967 0
16.89119053609441 1.509697249207658 0
16.78194595630766 1.400130954739531 0
16.78542154457643 1.50972571155197 0
9.571705429819758 1.984305725529453 0
9.641003791415111 1.844733732968722 0
9.768119352013446 1.917131260849282 0
9.669912390916602 1.950718493189367 0
9.542115702936901 1.616312440800624 0
9.694764290943912 1.667633500460109 0
9.591559747176007 1.730523086884673 0
2.30996037627997 1.578004711813262 0
12.01578946161301 3.00531245147428 0
12.07472849639878 2.783604853707689 0
12.0452589790059 2.894458652590985 0
7.739558990584944 3.138493781903213 0
7.797007600681697 3.218172917173402 0
12.64457342048513 3.687358009193104 0
12.54225837596901 3.584510212924799 0
12.65406183669906 3.586391294400988 0
9.528468914024302 1.465501664123595 0
9.447608069857873 1.549377913063907 0
12.95486078340088 0.6136205319965857 0
12.91502091093969 0.7849005214096183 0
12.81916665697651 0.563134392370539 0
12.8670937839581 0.6740174568900785 0
12.41232224676973 3.694937635754777 0
12.53949208592968 3.797120282468971 0
12.42283903223426 3.912401458136253 0
12.417580639502 3.803669546945515 0
6.928426515797052 3.764198980536012 0
6.837536996290661 3.655855485381999 0
6.808362599907944 3.761965807591073 0
8.991005375638427 0.1258516664454197 0
9.24358578287695 0.125813805348705 0
9.109591158515377 0.2516654717941247 0
9.117295579257688 0.1258327358970623 0
9.80005183628019 1.515247561837601 0
9.966969099482943 1.629677186747681 0
9.861681554146667 1.782063125370188 0
9.830866695213428 1.648655343603895 0
10.98463660375057 0.1203490661418711 0
11.08923187290774 0.2439245668810726 0
11.10711593645387 0.1219622834405363 0
7.39411355173066 3.633181050795962 0
7.25486590473725 3.629501115204846 0
7.2587851037137 3.497349710693852 0
7.32644932772218 3.565265380744907 0
3.643171721567235 1.753923859837603 0
3.510666115925994 1.705410413497068 0
3.545366384589371 1.589557443581757 0
3.677871990230613 1.638070889922292 0
3.594269053078303 1.67174065170968 0
14.14085761933366 2.704137991910196 0
13.99296127447376 2.829261174254442 0
13.91699167494311 2.688344567557792 0
14.02892464713838 2.696241279733994 0
10.10453675148014 1.746366233818164 0
10.08414612254141 1.493634349767665 0
10.09434143701077 1.620000291792915 0
9.951691509435491 1.370165856746635 0
10.07849729367232 1.235010888763285 0
10.08132170810686 1.364322619265475 0
16.67422084757005 1.280883981610111 0
16.78403498485096 1.173571158455427 0
16.89176009358857 1.292818131584847 0
16.78299047057931 1.286851056597479 0
8.702761102796929 2.669971897462194 0
8.834066394735869 2.66284288395505 0
18.84669446972318 1.666542373510297 0
18.77033507028943 1.542629614289574 0
18.88223753513462 1.469471477741595 0
18.95859693456837 1.593384236962318 0
18.8644660024289 1.568006925625946 0
10.48314925251155 1.845148568091363 0
10.36797704875739 1.971180144464527 0
10.23757472655064 1.855508851000247 0
10.3603619895311 1.850328709545805 0
16.0564184358363 1.528741039650811 0
16.11343806187562 1.653651062826676 0
16.01801125754676 1.70809445462048 0
16.03721484669153 1.618417747135646 0
10.8481105245855 0.240207305543132 0
10.86155526229275 0.120103652771566 0
8.958455698009178 1.902084919873744 0
9.050253019336481 1.780591745324679 0
9.065780883117906 1.982044547737513 0
9.058016951227193 1.881318146531096 0
12.4198109181628 3.58539696481212 0
8.95065420493192 3.396891492622319 0
8.820086693032918 3.468883605841722 0
8.763556379643914 3.374418842066181 0
8.894123891542916 3.302426728846779 0
8.857105292287917 3.38565516734425 0
8.377088404918821 4.870906259058502 0
9.670484129587868 1.379868214617568 0
9.822123802743169 1.234786509526602 0
9.811087819511679 1.375017035682101 0
12.1136346700221 3.124051938741136 0
12.36382672045642 3.133183978431766 0
12.21358867858938 3.242241363797529 0
12.23873069523926 3.128617958586451 0
11.08073608370276 1.732355555588327 0
10.96739936175657 1.6034060090625 0
11.08576805322057 1.49516281802161 0
11.19910477516676 1.624112364547437 0
11.08325206846166 1.613759186804969 0
7.64881467106842 3.617606842802744 0
7.537586144667351 3.620267001816203 0
7.591862885469773 3.563324454449533 0
10.95607510951301 0.3586258667769942 0
10.83692354809371 0.3588140947340279 0
15.99139606370785 3.384682859245541 0
16.05389621820482 3.317920473707586 0
13.77696309787952 2.812965834993455 0
13.68357016308536 2.687842652649209 0
13.80028091901423 2.6880936101035 0
13.31708179783752 4.767175521959198 0
13.34604089891876 4.8835877609796 0
7.561730497467302 1.392672151166198 0
7.729477708589174 1.363446452885005 0
7.734081296164641 1.52557623813962 0
7.566334085042769 1.554801936420813 0
7.647905896815971 1.459124194652909 0
14.13912289770203 1.587553123746293 0
14.26600700744889 1.698641232253903 0
14.14641628431046 1.704535447558217 0
8.707860306156727 0.9730572807658413 0
8.805916319789077 0.8057452943679866 0
8.991256324268189 0.9074449312297865 0
8.849558315212459 0.9402511059978138 0
1.064531083630659 2.744842535848436 0
1.025567402859233 2.623117063798038 0
1.105064169847001 2.664123360827845 0
8.477062157159448 2.666502346748213 0
8.589911629978188 2.668237122105203 0
1.805488359800369 3.892136102613102 0
1.997448434448675 3.886893216504841 0
1.905130727131784 3.961588418256122 0
12.76644385391881 3.781735807356974 0
12.66136251936337 3.891498080632842 0
12.65296796992425 3.789428044912973 0
17.41919689420666 4.268780747080839 0
17.32867976787296 4.177754773492784 0
13.70818187824985 3.558772103000682 0
13.91720382127577 3.383372413215054 0
13.91290111039188 3.557143041235572 0
13.81269284976281 3.471072258107868 0
6.754836090102097 3.286263161525658 0
6.622485722002894 3.280589249711143 0
9.43730111325822 1.303883369654955 0
9.579316328821786 1.218249920148929 0
9.553892621423044 1.341875792136262 0
11.20298719400738 1.853566117762881 0
11.09174465074483 1.967081817027999 0
10.96949354044022 1.845871254853445 0
11.08624036722379 1.849718686308163 0
13.35401888353192 3.381999498686394 0
13.25149510921798 3.3940347658632 0
10.33672034996996 0.7281445589864015 0
10.21841191493317 0.6085838425262053 0
10.46370380158287 0.6037963743960497 0
10.34105785825802 0.6061901084611274 0
16.99268916569272 1.408310618101213 0
16.99784047036221 1.196845597535558 0
16.99526481802747 1.302578107818385 0
13.08298903081058 3.713152025811894 0
12.96900856398485 3.744219738516255 0
13.01072517530933 3.659717837585275 0
1.459169055193259 0.777553019248121 0
1.37278091055045 0.6460313299244953 0
1.490947847164406 0.5570328447118902 0
1.475058451178834 0.6672929319800054 0
1.507389577691935 1.952859630762652 0
1.540824942306177 2.071011839156976 0
1.390860202904239 1.985601907431958 0
1.465842572605208 2.028306873294468 0
13.54337561972427 2.813039733289993 0
13.44211491713379 2.68841846585433 0
13.56284254010957 2.688130559251769 0
9.067569017949312 1.641944298381786 0
9.148890586504891 1.567176710797299 0
14.73394258338379 1.695067614771966 0
14.84682290581326 1.631591019066717 0
14.90854763074209 1.727104698744541 0
14.82124510706294 1.711086156758253 0
10.98740340565316 1.336568276686412 0
11.12137487646603 1.244725456629961 0
11.21973952403344 1.403319997965159 0
11.1035714648433 1.369944137325786 0
9.36495509398498 1.203061765206646 0
9.354906775071424 1.287141756758165 0
10.84550160295175 1.475114521242768 0
10.84411902583475 1.723785359148084 0
10.84481031439325 1.599449940195426 0
9.310554917168055 4.421081864776213 0
9.372851112776317 4.508757285516127 0
9.283176002386043 4.499491210855406 0
2.234362851322577 4.690853653406148 0
2.354414851804358 4.692499986356632 0
11.68689003916461 4.509282425791888 0
11.80002042769156 4.502450825210354 0
11.33289190209136 1.323898695461122 0
11.30465078636546 1.524206619500341 0
11.31877134422841 1.424052657480731 0
16.12729430758344 3.69879748781736 0
16.04219076090192 3.553653756099312 0
16.14869517365798 3.594463317006329 0
9.360861667355458 0.9865511492862769 0
9.238780889612251 0.874010146265821 0
9.354490923560423 0.7488012918058495 0
9.47657170130363 0.8613422948263052 0
9.35767629545794 0.8676762205460631 0
9.954218879714034 1.110803826337495 0
10.08344660342433 0.9810595232063624 0
10.20772501738262 1.105266585632153 0
10.08097194854833 1.108035205984824 0
9.469857955688472 1.092964822103015 0
9.255958805651966 1.096648092389907 0
9.36290838067022 1.094806457246461 0
4.950260062013043 0.5440201617475724 0
4.850708129768651 0.6241762707134648 0
4.857560392462539 0.5431958840427429 0
1.652220130109541 1.041198594459513 0
1.545555254276229 0.9091705138503996 0
1.658348827054537 0.9270356578083614 0
13.87308666875297 2.905350318442095 0
13.65850037493924 2.952422978254108 0
13.7657935218461 2.928886648348101 0
15.88592541097746 3.59912604479854 0
15.83513071378338 3.430155147944769 0
15.93866073734265 3.49190445202204 0
9.703708874264917 1.10639958031834 0
9.835803951235782 0.9824168971292331 0
9.828963876989476 1.108601703327918 0
12.48696203528467 3.13845315694525 0
3.53310477146497 3.611722831392203 0
3.669772477916176 3.512055370112155 0
3.801902974225349 3.657951147823012 0
3.665235267774143 3.757618609103059 0
3.66750387284516 3.634836989607607 0
9.12916470099873 1.013077430394284 0
9.150200453326981 1.118704397525009 0
15.59745892549866 3.819764924289894 0
15.45218426248328 3.836958065129905 0
15.51758670739552 3.758092042807334 0
6.101334804166212 4.372381753061397 0
5.979901233552785 4.272016944257145 0
6.078663151256686 4.170715705989366 0
6.200096721870114 4.271080514793618 0
6.089998977711449 4.271548729525382 0
16.94698815698184 3.127044024271664 0
16.95125467143808 3.309869775782317 0
16.85767776205913 3.223917701131444 0
16.94912141420996 3.21845690002699 0
5.084855550850514 4.430380430494251 0
4.995921664016602 4.543908375655962 0
4.967890998002368 4.437409599713895 0
5.472965348180832 0.4282710194999062 0
5.587818965591042 0.5311507025515532 0
5.475677227184845 0.6312103881433546 0
5.474321287682839 0.5297407038216304 0
10.33271960484315 0.9752711613726666 0
10.45881487274777 1.096816894696746 0
10.33326994506519 1.10104174016445 0
11.58629108160198 2.200187319350601 0
11.48714796124818 2.319391431708064 0
11.60737078859785 2.318482967068527 0
9.963002540549512 0.8588805053704189 0
10.09055406329437 0.732916453517245 0
10.21099812616918 0.8550954713531884 0
10.08700033335935 0.8569879883618037 0
12.31655393080553 4.031117260862182 0
12.20967696953616 4.153055435420024 0
12.06609198817546 4.055334619092656 0
12.1913229594905 4.043225939977419 0
10.58830415317921 1.217066557197083 0
10.71867880047419 1.340949984321562 0
10.59122379025694 1.344755853188588 0
1.359735689592227 3.645247312624295 0
1.282291619403967 3.746477096422343 0
1.19762713702967 3.672207125958959 0
1.278681413310949 3.658727219291627 0
12.90400001027021 3.847496721928028 0
12.86772620895183 3.762977772936615 0
3.386572198647323 3.509359367110024 0
3.21091682082296 3.445743608364428 0
3.325911942746877 3.409399204782084 0
12.230958872922 1.043100601179374 0
12.1886680229668 0.9153329661731751 0
12.34148040364814 0.8762049334300106 0
12.28621963828507 0.9596527673046922 0
4.238313582311585 1.292460915494882 0
4.385165117173585 1.320268919618286 0
4.30208003527945 1.373874521795504 0
10.8605806031756 1.202403739765206 0
10.85304110306367 1.338759130503987 0
16.44462172297172 1.267727873331021 0
16.56969051998244 1.151966353801654 0
16.55942128527088 1.274305927470566 0
11.26742050480798 1.200048228322911 0
11.08046857831577 1.124215090913413 0
11.22651420665773 1.079537862606363 0
11.17394454156188 1.162131659618162 0
18.53317709712181 3.76817890186815 0
18.42579687128529 3.827629038997576 0
18.44944431816116 3.74016363810352 0
11.38819978761149 1.138421723527332 0
11.45367118489487 1.262272190665542 0
11.36054584485143 1.231160209494227 0
9.594250501131603 0.9811144822724263 0
9.586783414976695 1.099682201210678 0
10.71069381385842 1.085466623334494 0
10.58120453342697 0.965216960834157 0
10.58475434330309 1.09114175901562 0
12.06524485217508 3.354568381660499 0
12.19369015218174 3.357417917238085 0
4.612985604850056 2.910399499880715 0
4.718860368743009 2.83571430609468 0
4.664660042243639 2.98363122120002 0
4.691760205493324 2.90967276364735 0
14.57994257263701 3.890450060557622 0
14.46305603127973 3.778841108539485 0
14.56659424790788 3.677734702050136 0
14.68348078926516 3.789343654068273 0
14.57326841027244 3.784092381303879 0
13.29910873494668 2.811017941401601 0
13.1980139986537 2.685820860760817 0
13.32006445789374 2.687119663307573 0
14.90160290686136 2.810400573981308 0
14.78232215703598 2.908345942462917 0
14.67190760079855 2.810210020121236 0
14.78675525382995 2.810305297051272 0
12.06325840594893 1.818194020108436 0
11.98114523304876 1.940223291859462 0
11.85449647608912 1.839485623251228 0
11.95887744101903 1.828839821679832 0
6.068891117721983 1.10113677524889 0
6.336671991360528 1.124365616399294 0
6.202781554541255 1.112751195824092 0
2.743728328840895 1.688916024349068 0
2.894516552979129 1.747622664150802 0
2.819267362952515 1.902117168192807 0
2.781497845896705 1.795516596270937 0
5.822846919216486 1.136784451385419 0
5.932493435024445 1.007405643830795 0
5.945869018469234 1.118960613317154 0
6.464617615033235 1.031838067016365 0
6.57831673845708 1.146210911997282 0
6.457494364908803 1.135288264198288 0
7.039080279542073 3.165133226722937 0
6.892164566894666 3.206518175042752 0
7.001579030235603 3.061548338832094 0
6.946871798565135 3.134033256937423 0
6.346211583076053 1.74944816406979 0
6.459910152937268 1.645858981726309 0
6.581263463640655 1.746238365400778 0
6.463737523358354 1.747843264735284 0
11.57652116157395 0.6757632488255985 0
11.68959115767363 0.6616741245609543 0
11.70187332533664 0.7674552283949008 0
11.58880332923696 0.7815443526595449 0
11.63919724345529 0.7216092386102497 0
11.6036673952907 0.9215800051887775 0
11.73006605908644 0.909986626845489 0
11.74655385790223 1.026736938958538 0
11.6201551941065 1.038330317301826 0
11.67511062659647 0.9741584720736576 0
14.84774042834008 3.374372414525952 0
14.74936455949928 3.46835314248753 0
14.65652364420822 3.381875579602248 0
14.75489951304902 3.287894851640671 0
14.75213203627415 3.3781239970641 0
8.125076840092031 3.594255605572385 0
7.979722237074785 3.607250141736287 0
8.047093302079707 3.535678459881048 0
13.29963074651031 3.757695095023374 0
13.15678306225005 3.833851256107357 0
13.19130988866045 3.735423560417634 0
10.23359425592633 3.905825370052506 0
10.1497123403884 3.805852165213559 0
10.25690642930547 3.815744173618572 0
8.289965123859076 0.8130342911491466 0
8.494750412218835 0.7637125622940535 0
8.532586631201145 0.9401430401358986 0
8.327801342841386 0.9894647689909917 0
8.411275877530111 0.8765886656425226 0
18.56567196889326 2.816340239471581 0
18.67150409120224 2.882506026773629 0
18.61616421084028 2.981735527423055 0
18.5103320885313 2.915569740121008 0
18.59091808986677 2.899037883447318 0
14.03897423856016 1.153770192382895 0
14.06996553012753 1.359335450661654 0
14.05446988434385 1.256552821522275 0
9.717411540970797 0.8596938142780921 0
9.844610130284526 0.7361574225192777 0
9.840207040760154 0.8592871598242557 0
7.08008587583642 3.616602100686845 0
7.071250582496677 3.762858317191028 0
7.163058243616964 3.696179716197936 0
3.177856003911877 1.091134168782636 0
3.337978847424552 1.034616030143455 0
3.390867934195251 1.177557983345642 0
3.284361969053563 1.134346076064139 0
16.73626127045912 3.783779392133376 0
16.56434735246983 3.727743273408739 0
16.68015676772308 3.681269161690597 0
9.569116598541489 3.563978221605523 0
9.698276677923598 3.489329712568915 0
9.643887996762114 3.666085372278117 0
9.671082337342856 3.577707542423516 0
10.45844182864393 0.8483202490058799 0
10.33471997740656 0.851707860179534 0
4.526587392346279 1.359878979109363 0
4.638060698948411 1.379329526555229 0
4.573819378354514 1.423546696541557 0
9.599732741142825 0.739921626831971 0
9.596991621137214 0.8605180545521984 0
13.47322747511928 3.788985872822194 0
13.36240669861686 3.85565548519602 0
13.3864291108148 3.773340483922784 0
16.34093506097148 3.116495842119034 0
16.42446997654653 3.259408838668407 0
16.31800059678227 3.225104009087748 0
2.928484615554195 1.964357500234173 0
3.024551528825678 1.865944836978176 0
3.137891436335523 1.954338829941734 0
3.04182452306404 2.052751493197731 0
3.033188025944859 1.959348165087954 0
11.9600402981548 3.230724362173072 0
11.98791487988391 3.118018406823676 0
3.924620073279801 1.24238368240496 0
4.079493508125692 1.258219484822057 0
3.998372517168374 1.324002154371526 0
16.86528554862312 3.387794095871325 0
16.95314967250247 3.400979960925061 0
5.444396441380352 4.129707558865898 0
5.29369633376769 4.060660865283017 0
5.339318280094925 4.161781786426674 0
10.82167075842922 0.9462291139626724 0
10.9715575477464 1.063166230393385 0
10.84112568080241 1.07431642686394 0
6.521688819839124 0.6058001937005275 0
6.643150055417229 0.7226246252789776 0
6.492704993248552 0.8231560782591569 0
6.507196906543838 0.7144781359798422 0
16.25730869260548 4.086901588554145 0
16.34092162303899 4.238558254005927 0
16.18451678070858 4.307934111403807 0
16.10090385027507 4.156277445952026 0
16.22091273665703 4.197417849978976 0
12.11259327741034 1.480827731389382 0
11.99166228053811 1.336919077246875 0
12.10869860633095 1.240238286385571 0
12.11064594187064 1.360533008887477 0
14.64578181827728 4.26271020290431 0
14.76612184222889 4.421619574021086 0
14.6212089688477 4.398134713218975 0
14.70595183025308 4.342164888462698 0
16.20096420441242 1.443416287766118 0
16.35141559180585 1.341881765469705 0
16.27618989810914 1.392649026617912 0
11.30597470711264 1.742452893485297 0
11.41152071831134 1.6425471484382 0
11.30531274673905 1.633329756492819 0
13.75054329919683 3.729100016714704 0
13.59626850507386 3.768527878118712 0
13.65222519166186 3.663649990559697 0
7.302245183534177 2.999836990515639 0
7.19422892211233 3.098951498443147 0
7.088324929453198 2.991461470135569 0
7.195285056493687 2.995649230325604 0
8.664020236166223 1.173774238246889 0
8.598303433683684 1.056958639191394 0
11.81862058682445 4.095049867295802 0
11.94235628749995 4.07519224319423 0
11.93416148196987 3.347585599600924 0
11.73749046526812 1.386465372108989 0
11.83449131117467 1.231318499793413 0
11.86457637290311 1.361692224677932 0
8.566808560730603 0.4772371091757508 0
8.668128987347922 0.6660782726677343 0
8.393429985601516 0.5748713988020702 0
8.530779486474719 0.6204748357349024 0
3.266492879015706 2.239675431752447 0
3.385682409852936 2.337427403996765 0
3.162761911365555 2.339026642542135 0
3.274222160609245 2.33822702326945 0
1.581326277497755 2.175583232622532 0
1.640308660043928 2.309102191935946 0
1.519355815470613 2.361749294991442 0
1.550341046484185 2.268666263806987 0
9.100872512881709 0.7683776471013233 0
9.11501860694022 0.8907275387478037 0
3.926130555691982 0.5654353320978571 0
4.090089871771838 0.4573499392072931 0
4.063980827673888 0.7114221258874394 0
4.077035349722863 0.5843860325473662 0
8.042607907622438 1.618780026495585 0
8.060401018257409 1.761225871912931 0
7.912632635475683 1.789488220936339 0
7.894839524840711 1.647042375518993 0
7.97762027154906 1.704134123715962 0
12.14432484243246 1.699772209391083 0
12.23459660949086 1.587102482320788 0
12.1284590599214 1.590299970390232 0
15.89902268481362 4.285050722271533 0
15.97084748997959 4.114910712831236 0
16.0290790451091 4.326417455392322 0
15.99996326754435 4.220664084111779 0
6.669317895806039 4.448101686713776 0
6.789959628140517 4.432314501516663 0
8.306298407260144 4.367413709257415 0
8.117684553989365 4.45762765006099 0
8.029797506506361 4.297357105930951 0
8.218411359777139 4.207143165127376 0
8.168047956883251 4.332385407594184 0
13.49966525614592 1.000880457411869 0
13.64834114786405 1.09398624649198 0
13.53787269485668 1.105503440147655 0
7.442585015564312 0.7155383578434926 0
7.625039448175514 0.6409660981532039 0
7.694445209561968 0.7977881490037153 0
7.511990776950766 0.872360408694004 0
7.56851511256314 0.756663253423604 0
8.830253708516912 0.5076756185537323 0
8.968041040958068 0.6473426402539846 0
8.818085014152995 0.6567104564608592 0
5.528629986405187 2.664524679552962 0
5.39810756980301 2.744715623631647 0
5.331972713394839 2.64341232929223 0
5.430301349900013 2.653968504422596 0
7.828568043883896 3.657335446741744 0
7.697800801980603 3.719449534925211 0
7.738691357476157 3.637471144772244 0
12.20858165450325 0.7743612320500322 0
12.04714777845742 0.8773149196052912 0
12.06706140999387 0.7363431854821483 0
12.12786471648034 0.8258380758276616 0
14.30690622062566 2.148817599877291 0
14.194967073232 2.149507501358739 0
14.63897254936333 4.00507762627082 0
14.5032494539243 4.069978734139701 0
14.44421947719798 3.955351168426503 0
14.54159601328065 3.980214397348662 0
6.073311815129529 0.6023858969195799 0
5.929175258701979 0.5377516130048046 0
6.127632501970935 0.5088610596740493 0
6.028403880336457 0.5233063363394268 0
14.39365313376838 3.866403056314013 0
14.2810359908044 3.788967840242 0
14.35043888831575 3.701405892467472 0
14.37204601104207 3.783904474390742 0
14.35274629212509 1.052195787303105 0
14.48626710562554 1.107784419969984 0
14.39329299440871 1.154308540059435 0
14.10454421391478 1.473444287203974 0
9.993877521854078 0.1222669890170813 0
10.24281055890414 0.1214081576265622 0
10.11168808075822 0.2436751466436435 0
10.11834404037911 0.1218375733218218 0
5.60818524478489 1.139341405206554 0
5.730773446499587 1.049164669680135 0
5.700258717501789 1.226961186911839 0
5.715516082000688 1.138062928295987 0
9.479449916257682 0.6196910498033155 0
9.725791166429191 0.6149736466457432 0
9.602620541343436 0.6173323482245294 0
5.722461380820071 0.4530162330428507 0
5.822320187469241 0.5675046525600278 0
5.68767777224021 0.6456391220687303 0
5.705069576530141 0.5493276775557905 0
11.25878203248481 2.659460927947331 0
11.13989705808986 2.656799088155126 0
12.27434140887767 0.6758709827301677 0
12.3079109062629 0.7760379580800891 0
8.240911621777549 1.863334786369874 0
8.091841991140065 1.902384657956498 0
8.209470648894893 1.722176000326306 0
8.150656320017479 1.812280329141402 0
14.74093138827399 1.538781431982978 0
14.62007107754082 1.6789155070079 0
14.62705988243102 1.522629324218912 0
14.68050123290741 1.608848469495439 0
11.58431311353107 1.220645174500869 0
11.51628465363319 1.086484524323975 0
11.68818365400438 1.172490967478721 0
11.60223415381878 1.129487745901348 0
14.03916835634229 3.567196631853252 0
14.01794579442744 3.716136047744098 0
13.89167854847703 3.706082457126418 0
13.96542345240966 3.636639544489835 0
3.720421481334229 3.408241507922474 0
11.14907590354606 0.9791855894934147 0
11.25212019842718 0.8899464620187112 0
11.32955850153884 0.9902987351316592 0
11.23931720254245 0.984742162312537 0
10.49601560737556 4.702216866144776 0
10.37632974820649 4.705776547304272 0
14.45899105116047 3.586726949019066 0
14.55541774970876 3.48169153907866 0
14.66302094645617 3.57269929210973 0
14.56100599880832 3.579713120564398 0
11.60896620131859 1.64029365463805 0
11.52031640343906 1.745033122019047 0
11.51024345981496 1.641420401538125 0
19.53512097168709 0.8514301327082308 0
19.6493891531599 0.7373019908579073 0
19.64975191780838 0.8580933026570865 0
14.04256155478828 1.032528252524446 0
14.19662385445336 1.035444304076389 0
14.11779904650676 1.094607248229642 0
16.19671764356248 4.432475336483499 0
16.04127990796301 4.450958680472015 0
16.11289834433579 4.379446395937912 0
8.189315066634084 1.034710667384604 0
8.276790539254506 1.07348951822157 0
18.34415485900769 0.539197694914527 0
18.32028933950258 0.7601156406276683 0
18.33222209925513 0.6496566677710975 0
3.070177735388429 0.8317599454724944 0
3.217802221760605 0.7746851831765724 0
3.275071097294908 0.8986087288546352 0
3.127446610922731 0.9556834911505572 0
3.172624416341668 0.8651843371635648 0
11.45764336756054 0.9383615359283026 0
11.42292157758602 1.038391629727817 0
8.543870009109781 4.413516684265081 0
8.45331012732294 4.279634640639079 0
8.425084208184963 4.390465196761248 0
11.62711825410261 1.330028282107041 0
11.54039471949874 1.296150236386291 0
6.441062056648153 4.465369391596488 0
6.555189976227096 4.456735539155131 0
9.495521619153244 4.421890200207871 0
9.479905261973835 4.512999758325268 0
16.17825653764246 1.549778581245858 0
16.19973326885458 1.716430375077665 0
16.18899490324852 1.633104478161761 0
11.46587740417841 0.6267455822082306 0
11.4427793015068 0.7983258833990701 0
11.32733437670069 0.7897546677243465 0
11.3504324793723 0.6181743665335071 0
11.39660589043955 0.7082501249662887 0
14.4006248225178 2.035501580871698 0
14.52998705310674 2.145464888326972 0
14.4184466368662 2.147141244102131 0
4.07555023224947 2.300638819791414 0
4.196354990162486 2.201283931759944 0
4.311717142982082 2.337423726754984 0
4.193633687615776 2.319031273273199 0
16.12869132012436 1.486078663708465 0
14.40972436239297 4.12007872481742 0
14.54904323037081 4.153885282219806 0
14.45551813883947 4.203985272897524 0
14.47938379638189 4.136982003518613 0
6.357440376891181 2.155293963595645 0
6.242330725097327 2.155893830516606 0
10.71976494027436 4.487830038025587 0
10.61564711691154 4.594892360176873 0
10.5905319747659 4.404288973658422 0
10.60308954583872 4.499590666917648 0
10.05332087585286 4.341268249524967 0
10.26760166437246 4.342141273711952 0
10.16046127011266 4.341704761618461 0
3.831728268655935 2.325336284768654 0
3.943606351552909 2.189196489773614 0
3.953639250452703 2.312987552280034 0
16.36880812711637 1.113391872767706 0
16.36011185946111 1.227636819118705 0
7.005017904457844 3.842904047922908 0
11.6892158883994 1.521114752334562 0
11.658167071251 1.425571517220801 0
14.34544036540267 4.00905258169791 0
14.29487402197308 3.92010446958542 0
14.36954674958553 3.937727819005961 0
3.60824436811308 2.334096011811348 0
3.703540723133089 2.222653681793548 0
3.719986318384509 2.329716148290001 0
8.334191464775678 3.620117626221133 0
8.191195197480191 3.702569003647339 0
8.229634152433855 3.607186615896759 0
11.89286151507252 1.08556447127323 0
11.79052258453845 1.129027719375975 0
7.649490072297107 2.66339355542925 0
7.576706375620562 2.790108399690295 0
7.439084739457876 2.689936229474591 0
7.544287405877491 2.676664892451921 0
8.64570011757761 3.380474224715595 0
8.670618205645532 3.524267998408499 0
8.494874408481966 3.556454003250791 0
8.469956320414044 3.412660229557886 0
8.570287263029787 3.468464113983193 0
11.49892104584625 2.664382877869882 0
11.61970665233073 2.6664522035446 0
18.27252071467901 2.383731954458495 0
18.24811576329404 2.230347920655286 0
18.26031823898652 2.307039937556891 0
4.700755749514825 1.288399712914105 0
4.822262432711046 1.368252233927381 0
4.730161565829729 1.373790880241305 0
0.982450131496222 4.888836217151924 0
1.07845496716908 4.776893159135424 0
1.10172748358454 4.888446579567712 0
16.65988355573266 3.240707726884904 0
16.54217676613959 3.250058282776656 0
14.17618230454941 3.801137719375432 0
14.04205929582192 3.82867828224474 0
14.15206880315493 3.68859548487479 0
14.09706404948843 3.758636883559765 0
11.52322334839875 0.8599529442939238 0
1.45253564976964 3.593731282568235 0
1.466467559242584 3.401504422026836 0
1.459501604506112 3.497617852297535 0
15.76381953631332 3.796943493711901 0
15.92598048744054 3.75679189570205 0
15.82487247364539 3.69803476925522 0
5.260786513964538 1.216328330395524 0
5.309815909039992 1.07896877601862 0
5.484973840868574 1.128310176764655 0
5.372880177416556 1.172319253580089 0
3.496963388983007 2.335761707904056 0
0.8674145605591654 1.753558059868447 0
0.7451210571411657 1.83685258208059 0
0.6681191408032596 1.711344793999149 0
0.7677668506812125 1.732451426933798 0
6.317751977846305 4.366576167781295 0
6.340799095253979 4.569678645774896 0
6.217489016452132 4.470885421959705 0
6.329275536550142 4.468127406778096 0
12.05853129487277 1.085782641811068 0
12.28112618438018 1.197556245753877 0
12.16982873962647 1.141669443782473 0
5.045473615182245 1.291140818856947 0
5.107892021435995 1.157752553450259 0
5.153130064573392 1.253734574626235 0
11.88147799865717 0.8770967490674531 0
11.97000464676497 0.9814396954392608 0
10.22802932171547 3.448206609110082 0
10.35082215664448 3.359157123925431 0
10.44649079060377 3.450837245759555 0
10.33726005615962 3.449521927434819 0
17.6734014780444 1.491723277988873 0
17.74739591762751 1.388011831602406 0
17.85480930200481 1.469968704635229 0
17.76410539002461 1.480845991312051 0
8.671388753653876 4.345413157776024 0
8.637930225371393 4.433110800971702 0
4.897946750416301 1.226720202633693 0
4.933868023946645 1.329696526392164 0
14.62200333884788 1.224731351192643 0
14.62657134052964 1.414625520352185 0
14.62428733968876 1.319678435772414 0
14.38516198495049 0.722288229783963 0
14.26806655533418 0.6041784238849388 0
14.38277196228486 0.4885918453550171 0
14.49986739190117 0.6067016512540413 0
14.38396697361768 0.6054400375694904 0
14.87110680556592 0.2399342775229005 0
14.87377244008489 0.482944318136588 0
14.8724396228254 0.3614392978297438 0
19.3243223440212 3.681830059639764 0
19.39750663175129 3.795974647099636 0
19.30817019169445 3.863631493329864 0
19.23498590396436 3.749486905869992 0
19.31624626785782 3.772730776484814 0
1.457534339975819 1.713073543835303 0
1.436669727059016 1.570892503003704 0
1.563679443289674 1.550581693490215 0
1.584544056206477 1.692762734321814 0
1.510606891632747 1.631827618662759 0
3.626029787117243 1.421912046150155 0
3.599072111606363 1.275319080897961 0
3.750554703338567 1.245447904525599 0
3.688292245227905 1.333679975337877 0
15.35279471408841 1.144069107945766 0
15.44533634296598 1.038367795177452 0
15.44957850031347 1.140498901068404 0
16.76307512416359 3.329085862869091 0
16.78134824547428 3.412467765507253 0
19.15608906809432 4.453362236496143 0
19.11802819414621 4.607389009027553 0
19.04969983545875 4.425809934928537 0
19.08386401480248 4.516599471978045 0
11.0401648729767 0.9181367289733871 0
11.06031672564623 1.0211759099434 0
7.624905049504415 0.412454264512764 0
7.751565102751292 0.5375218343723798 0
7.498379394928635 0.5158985282935884 0
7.624972248839964 0.5267101813329842 0
14.59005120005779 0.9878295154202665 0
14.72578743328013 1.104776446642926 0
14.60602726945283 1.106280433306455 0
15.25895512135662 1.040229638244349 0
15.25701680849147 1.141821260656547 0
12.43732262631717 1.292323193282849 0
12.5622224614341 1.340472607524323 0
12.52504687479494 1.457234663422791 0
12.48118475055606 1.37477892835282 0
12.74052798929992 1.667048209758529 0
12.64144366523529 1.550306510325328 0
12.74027647557141 1.568438251436439 0
2.352225881277759 3.638844563258059 0
2.501019119328866 3.583097607053941 0
2.547974920886357 3.690379382530169 0
2.399181682835248 3.746126338734287 0
2.450100401082058 3.664611972894114 0
3.266607209254625 2.738401896811567 0
3.35032579052309 2.800714375930121 0
3.264146313825968 2.897892499996223 0
3.265376761540296 2.818147198403895 0
6.117343313100853 4.568336499072601 0
6.109339058633533 4.470359126066999 0
3.026014134662789 1.141588496075763 0
3.07673037279276 1.04863599361316 0
4.385645988810619 2.257988812343154 0
4.492081466614173 2.357343700374623 0
4.401899304798127 2.347383713564803 0
3.20775797826483 3.973949091471299 0
3.077639267505273 3.874519775761397 0
3.310509003206887 3.86369679502435 0
3.19407413535608 3.869108285392874 0
12.72621075539762 4.890051784353946 0
12.60201620127782 4.891418558359103 0
15.22843452168841 3.551237844900117 0
15.28659978476591 3.432785511562026 0
15.30678227069646 3.511342664428101 0
1.769257702428179 4.47430176938225 0
1.876677311456149 4.476618659003011 0
10.36692223561482 0.12094711837024 0
15.43663659972088 4.006518977752972 0
15.27679124080966 3.998266709284879 0
15.36448775164647 3.917612387207392 0
14.09559535991267 0.850954064807145 0
13.85272844697764 0.966832202407055 0
13.90576225210204 0.7852580146897541 0
13.97416190344516 0.9088931336071 0
15.11362760036405 3.938557032395774 0
15.21552470445732 4.137317412189546 0
15.05236106401171 4.077607735300441 0
15.16457615241069 4.03793722229266 0
17.02762690662365 4.130761147866441 0
16.95473829360694 4.208342084067641 0
14.47404844858985 0.8565387039476193 0
14.6199886144751 0.7331043504627575 0
14.73599136594304 0.8643951619354047 0
14.60501990726644 0.860466932941512 0
3.093999950977567 0.3906771566699048 0
3.189693593882783 0.4856820810253386 0
3.073279034110572 0.5734017194479475 0
3.083639492544069 0.4820394380589259 0
3.799844991357989 4.078067513836318 0
3.696235442712302 4.178191447596445 0
3.571062302050215 4.073991052859397 0
3.674671850695901 3.97386711909927 0
3.685453646704102 4.076029283347857 0
3.552669569129218 1.12539300362558 0
3.437270476672396 1.327484060618024 0
3.494970022900807 1.226438532121802 0
8.316885792202338 0.4037173771516347 0
8.232276753421319 0.6523088793498815 0
8.155732560022141 0.4811548576994458 0
8.274581272811828 0.5280131282507581 0
4.95109946812015 3.114348067769503 0
5.068101050749943 3.146739836024805 0
4.923388729715034 3.221102457460804 0
4.995744890232489 3.183921146742805 0
18.30527322247911 3.895807435388251 0
18.18299167347509 3.947777840446011 0
18.21504331838274 3.856387447756212 0
19.23864670572325 1.358417917383854 0
19.33079406975023 1.430315748984075 0
19.26470477076657 1.530567815601865 0
19.25167573824491 1.444492866492859 0
10.02223183712722 3.887783309399452 0
9.936958402434291 3.789565192393419 0
10.06443890569548 3.707634048207526 0
10.04333537141135 3.797708678803489 0
3.436239434569453 0.8306739958654581 0
3.499147184699098 0.9666812971542784 0
3.387109140997002 0.9326450130044566 0
14.19002033571809 3.932274348718852 0
14.23552816326124 3.860621094480426 0
16.52132983950922 3.865928894585482 0
16.34824090803099 3.822966591415728 0
16.45629413025041 3.775354932412234 0
5.236049487336347 4.521882890767247 0
5.199813861574416 4.414398270062605 0
16.1770810569809 3.895504823664648 0
16.42846854365557 4.014363356305225 0
16.30277480031824 3.954934089984937 0
2.498343633645484 1.10841451875241 0
2.621091329390467 1.007258043362606 0
2.704453278113174 1.100215545253702 0
2.58170558236819 1.201372020643507 0
2.601398455879329 1.104315032003056 0
16.05042924088378 1.054318891681425 0
16.19154433980188 1.05370964974277 0
16.1136411197471 1.105672480591453 0
14.45639622489595 3.388890901921451 0
14.55750211939542 3.289074942445039 0
14.55645993455208 3.38538324076185 0
15.78368722546836 3.949547894874921 0
15.6173266146537 3.972369325452913 0
15.69057307548351 3.884656409582407 0
8.566511886316864 3.715598347431593 0
8.405828942610576 3.779261970401935 0
8.450351675546271 3.667857986826363 0
14.21012852924622 0.9161861752107885 0
14.36625096691795 0.932937658437504 0
14.28143741068566 0.9841909812569467 0
14.74691819342891 0.6141260448854262 0
14.62339279266504 0.6104138480697339 0
10.98191326330633 4.443634308187124 0
10.85083910179034 4.465732173106355 0
1.969302766351355 0.7631064429588394 0
1.875022231246044 0.7445383014137348 0
5.398065231691501 3.471685709494353 0
5.532443648639491 3.634321615026276 0
5.465254440165497 3.553003662260314 0
12.97844457088089 1.090690883313803 0
13.10352073147208 1.075871222370217 0
13.12268210596618 1.187724695576895 0
12.99760594537499 1.202544356520482 0
13.05056333842353 1.139207789445349 0
12.35922440534868 1.244939719518363 0
6.473010348999956 2.15489598270425 0
16.37228270222874 0.9116360054848527 0
16.46617976253328 1.032229833220343 0
16.27491106681183 0.9927980450322154 0
16.37054541467256 1.012513939126279 0
6.701141770382972 1.064531358804173 0
6.800442641940656 1.17307845413729 0
6.689379690198868 1.159644683067286 0
0.6975822984543019 2.07829303376056 0
0.6019935561898411 2.322629420481097 0
0.6497879273220715 2.200461227120829 0
11.7286998861881 1.735203744906465 0
11.70895788729375 1.628159248620513 0
6.890459861866841 1.423784500197454 0
7.042756287864519 1.508326129451564 0
6.956444555676176 1.6227488513183 0
6.923452208771508 1.523266675757877 0
15.83510687109323 4.391065342329874 0
15.72299197021375 4.329681310084215 0
15.78690778393414 4.223666690025873 0
15.81100732751369 4.307366016177873 0
16.75448619362821 3.135539565147258 0
16.7587806588959 3.232312714008174 0
11.85328526490738 0.7345653506168648 0
11.79167566199691 0.8222759887311768 0
15.33064209019241 4.234846542096365 0
15.20750176436566 4.361508281095907 0
15.09238437863057 4.263979151189087 0
15.21151323441149 4.249412846642727 0
12.71453253536791 1.205286184242983 0
12.638377498401 1.272879395883654 0
16.36771747433217 0.7124059497820912 0
16.46562586625796 0.8261548584678562 0
16.27437431030296 0.7978870967990879 0
16.37000008828046 0.8120209776334719 0
6.860628341586456 1.272105706957423 0
6.96228834498525 1.344042122895702 0
6.875544101726648 1.347945103577438 0
1.502412317530361 4.737553879934781 0
1.56370615876518 4.868776939967391 0
7.743940393982006 1.671061493668586 0
7.757252890645159 1.813500700344487 0
7.608609973452637 1.83944748852648 0
7.595297476789485 1.697008281850579 0
7.676275183717322 1.755254491097533 0
15.82284663928511 0.9552554543366707 0
15.95373210940075 1.006243405871352 0
15.86043266905225 1.055829302841073 0
14.24417569886531 3.602902122397736 0
14.1416720276038 3.585049377125494 0
7.127246045119079 0.8100288854818614 0
6.975390967747192 0.9051980243229591 0
6.879115095893463 0.7753665027805734 0
7.03097017326535 0.6801973639394756 0
7.00318057050627 0.7926976941312174 0
5.21811864083165 2.712446410201466 0
5.304231357056644 2.808656683366065 0
5.229816821467793 2.864619349695692 0
5.143704105242799 2.768409076531092 0
5.223967731149721 2.788532879948579 0
12.80887367953734 1.142356405576465 0
12.92498493428483 0.9378139220796342 0
12.86692930691108 1.04008516382805 0
3.789755160367333 3.872318528212905 0
3.550151958102711 3.859167199989424 0
3.669953559235022 3.865742864101165 0
14.35272786171002 3.488223178949331 0
14.35158337501289 3.594814535708401 0
3.392424339459568 2.89311976029664 0
3.44602481779185 2.759102894851553 0
3.488123366728328 2.851508279218073 0
3.419224578625709 2.826111327574097 0
15.66561331397767 0.6789207923319076 0
15.8429102527406 0.6249057512441505 0
15.76001704533654 0.7468840739602074 0
15.75426178335914 0.6519132717880289 0
13.09349150823239 0.9236598981339252 0
13.27237354129021 0.9167032023011368 0
13.18794713638115 0.996287212335677 0
2.269696395298425 1.038783953399399 0
2.40971515941975 0.9670516284025461 0
2.384020014471954 1.073599236075904 0
14.2773645032786 0.7986871842738474 0
14.37570647593422 0.8276129441107334 0
14.99731562660218 0.8820346643693893 0
15.10935515478453 0.8180867839516819 0
15.17548318633877 0.9590108754520328 0
15.08639940647048 0.9205227699107108 0
8.344985363017805 3.228210811470299 0
8.407470841715925 3.320435520514092 0
15.35418368567744 0.9366353349791063 0
15.2707117506596 0.8554165721867899 0
15.26483343600811 0.9478231052155695 0
14.84496741461059 0.9994609353249693 0
14.83906384936648 1.113916598715005 0
15.975767236838 3.953499231549338 0
16.05153077221072 3.826148359683349 0
3.964331908265807 0.3372868808360909 0
4.099339126382826 0.3414601163862812 0
8.872279589958433 3.59827119116361 0
8.722811102571047 3.653655583730387 0
8.771448897801982 3.561269594786054 0
12.90674990929671 1.257280394905093 0
12.81064122233231 1.231283289574038 0
17.11612529296347 1.114552819929158 0
17.22100480362399 1.044910038652379 0
17.30023862834863 1.155357803968687 0
17.20818196065606 1.134955311948922 0
14.35780150627594 3.290541026257364 0
14.35526468399298 3.389382102603347 0
5.568764298629945 0.327708046756972 0
5.454004844639163 0.3241432151010475 0
16.56764068231269 0.9328753896819002 0
16.67115143976186 1.052611910263211 0
16.56866560114757 1.042420871741777 0
16.55240581574805 0.7340926901001239 0
16.65442063180278 0.8408132213141679 0
16.56002324903037 0.8334840398910119 0
9.355221884033416 0.5009361986575609 0
9.233140948993224 0.3782200414421153 0
9.36327158262768 0.250249332425033 0
9.359246733330549 0.3755927655412967 0
12.66269142246629 1.763710449037094 0
12.57887441947133 1.870258049556282 0
12.54951127529569 1.670779966615698 0
12.56419284738351 1.77051900808599 0
8.921945877509419 4.070342987236014 0
9.083745795453019 3.988557856635071 0
9.007856585122767 4.222337426682641 0
9.045801190287893 4.105447641658856 0
3.338683339801754 4.075403100045474 0
3.441561951522392 3.970423041678872 0
3.468183690329578 4.178971111225999 0
3.454872820925985 4.074697076452435 0
2.764141010259237 1.525755848285423 0
2.654754508373063 1.596991700267322 0
18.04602293597805 3.981386367961255 0
17.94258808311442 4.011657856757861 0
17.97506413873059 3.940586216504813 0
7.88470503781943 0.7463068951759118 0
7.939262224527658 0.9648587754474565 0
7.816853717044813 0.8813234622255861 0
17.24320381801791 2.85764198134816 0
17.13640665323028 2.945798752446962 0
17.1538536974403 2.853269847205992 0
13.39045107696063 0.4746289490682476 0
13.48538998089338 0.6084270114677732 0
13.35849907166468 0.6948122686051894 0
13.26356016773194 0.5610142062056638 0
13.37447507431266 0.5847206088367185 0
6.93227862146512 1.120687183656764 0
6.99246432111092 1.219714436476897 0
6.896453481525787 1.196396445307093 0
2.44430406666011 0.7765857218081118 0
2.531165386239993 0.8874682126275757 0
2.322853839839866 0.856169137583082 0
2.42700961303993 0.8718186751053287 0
15.77876747860994 4.110959376156819 0
15.87726735772397 4.032229303853079 0
5.732030823442201 1.458417246953825 0
5.716144770471995 1.342689216932832 0
14.94816725584463 3.597316899400677 0
14.85371872991551 3.545722957621533 0
14.90937619740269 3.456596602982361 0
15.00382472333181 3.508190544761505 0
14.92877172662366 3.526956751191519 0
15.68931789047475 0.8775809232843303 0
15.8935457941469 0.8245586050125477 0
15.79143184231082 0.851069764148439 0
10.58902398496875 3.334330678042666 0
10.57383174411061 3.442835974863442 0
6.338536232223381 1.544612851407099 0
6.455854121328269 1.544312875242856 0
8.118120211124047 0.8777643432284452 0
8.06428864558087 0.99978472141603 0
1.003385934752082 1.664091746907997 0
1.076364269828083 1.791305284442793 0
0.9718894151936244 1.77243167215562 0
1.517542846811089 2.869619522379198 0
1.495494805527798 2.975299743011393 0
1.412020991241455 2.957703774343449 0
1.464781919026272 2.913661648361324 0
16.87187593189249 4.782276285237147 0
16.6576354758802 4.778646385953012 0
16.76914993468235 4.706736430303202 0
18.82041120824971 0.7644573995449675 0
18.94313265702567 0.7151166951277323 0
18.99730574051459 0.8207753867406382 0
18.87458429173863 0.8701160911578731 0
18.90885847438215 0.792616393142803 0
2.44714100023819 0.5930082802646428 0
2.548945804763697 0.6892306325826048 0
2.342499262134602 0.6803633694901499 0
2.44572253344915 0.6847970010363773 0
8.766377965061762 1.393693116696084 0
8.605831967624155 1.339197406454737 0
8.715199100613994 1.283733677471486 0
5.456923999779525 1.976815150860447 0
5.559404760430388 1.878938476684745 0
5.562662775543266 1.972587459935834 0
2.542806326893067 0.4948132733979338 0
2.32885500355713 0.5040290029371777 0
2.435830665225099 0.4994211381675555 0
19.76307261825876 0.6181220176039957 0
19.52873906153916 0.6125020561837191 0
19.64242252663803 0.4933220829298079 0
19.64590583989897 0.6153120368938576 0
17.09014899715315 0.8225241676462804 0
16.99606198176736 0.7396583146376408 0
17.06221628119948 0.6626996897147297 0
17.07618263917631 0.7426119286805051 0
0.5585381252249277 1.767208467253707 0
0.6057314031752554 1.927525698641643 0
0.4969982289198001 1.879243218141048 0
1.126879472823301 3.748613272583783 0
1.028396708846143 3.648115877676728 0
1.113011922937908 3.660161501817844 0
0.702720501480421 0.6624631833086745 0
0.6327121603269283 0.5691215669903424 0
0.7896169987180262 0.5776379018362954 0
0.7111645795224781 0.5733797344133194 0
19.70410515007921 3.477750748273685 0
19.81590976173515 3.266709124890784 0
19.82722447609332 3.461618443871294 0
19.76000745590718 3.372229936582235 0
9.400104221563963 2.707270074372973 0
9.275137930313344 2.635635629085467 0
9.366818909354704 2.635245729793259 0
14.56695906407497 3.097469944549938 0
14.6619986642912 3.193304289362695 0
14.46246251917918 3.193240597632282 0
14.56223059173519 3.193272443497488 0
13.42582410684703 0.8612625540198935 0
13.20504850610787 0.7502529168864327 0
13.31543630647745 0.8057577354531631 0
19.88247473966917 1.244597100753793 0
19.8822054308094 1.119380235369085 0
15.64596239423553 4.120702158298682 0
15.46527237930271 4.154851810598742 0
15.5412994969782 4.063610568025828 0
4.981658156725064 2.134395007240386 0
5.090215478511508 1.988903351701876 0
5.100520398587228 2.126925104198806 0
5.035936817618287 2.061649179471131 0
15.8662638368812 2.141487482432946 0
15.91025772661478 2.253804173951891 0
15.78881976063617 2.284831093478517 0
15.82754179875868 2.213159287955731 0
5.698283080136967 3.628422317933598 0
5.719834396849597 3.799044294839259 0
5.553994965352121 3.804943591931936 0
5.626139022744544 3.716682954932767 0
17.37273013521117 1.095547411933621 0
17.44311115730183 1.181508543039697 0
17.37061965043929 1.241318935074763 0
17.37167489282523 1.168433173504192 0
1.992074140343304 1.016457179909588 0
2.003714921038799 1.125046490248954 0
1.928779722142615 1.073915868565318 0
14.56034645386592 1.465917569697015 0
4.615225716605535 3.152535411790159 0
4.564262520460347 3.077057547622915 0
4.639942879424587 3.06808331649509 0
15.41764075925851 1.848353583067855 0
15.30510607198465 1.862785038962236 0
15.3541057162238 1.790465376846516 0
18.3708334922242 2.015271550438081 0
18.4853117203224 2.032172157426065 0
18.47307016423956 2.145402691391881 0
18.35859193614136 2.128502084403897 0
18.42195182823188 2.080337120914981 0
11.24518143508125 2.319528868322601 0
11.35053601846012 2.202141685244211 0
11.36616469816472 2.319460150015332 0
1.730784287154911 0.2090256543072018 0
1.575820902464384 0.1039131193984475 0
1.677892143577456 0.1045128271536013 0
0.7857472924223874 1.012111956332494 0
0.8642668828495967 0.8900402579960967 0
0.8667028601923565 0.9890771273097627 0
17.14543256490253 0.9277748602413256 0
17.34980529623756 0.9774298807777291 0
17.24761893057005 0.9526023705095277 0
15.14369387342338 0.6995125246936365 0
15.30505046929845 0.7368423129287445 0
15.20720281204149 0.7774645484402132 0
0.2389004041939735 3.455272117682418 0
0.3242879202433624 3.391623196884322 0
0.3226253777913062 3.470817506128216 0
2.879052859635587 4.089483969200565 0
2.780439433550306 4.192868657088162 0
2.659651755888564 4.097854299016671 0
2.758265181973846 3.994469611129074 0
2.769352307762075 4.093669134108618 0
18.9916464551723 2.864107391126791 0
18.82695648854057 2.871576189408469 0
18.90930147185644 2.86784179026763 0
13.75899982134953 0.6649502803628042 0
13.887305851566 0.5052162678835344 0
14.03406828231851 0.6255240022104842 0
13.89653405183402 0.6452371412866442 0
1.172421526015501 0.6094053611458981 0
1.288031690899405 0.5168261956099531 0
1.272601218282976 0.6277183455351967 0
19.17393657228084 2.039811814322587 0
19.22245925898082 2.245970036232936 0
19.19819791563083 2.142890925277761 0
14.88833957793463 0.7469688909798247 0
14.86665349627261 0.873214913152397 0
3.818050032507353 0.4401688302778135 0
3.833975281859851 0.3295312268049049 0
16.2539456367278 3.005027882127157 0
16.36644657640394 2.920955322899851 0
16.35369081868771 3.018725582509442 0
4.716415881635348 1.772910913067087 0
5.199605118646562 2.064394726277585 0
5.155100855862959 1.907573682114161 0
5.264490495998013 1.98306505668987 0
5.177352987254761 1.985984204195873 0
7.070092362571021 1.044868309096587 0
6.83757722664129 0.9810168988831358 0
6.953834794606156 1.012942603989861 0
9.083523954037119 3.659289217288569 0
8.937169438091585 3.725234501590924 0
9.018634105903967 3.532325906861255 0
8.977901771997777 3.628780204226089 0
10.38257223278383 2.20588462839144 0
10.25374797228636 2.092269385287708 0
10.37527464077061 2.088532386427984 0
16.78701303910597 0.9354228722842062 0
16.89989658419507 1.056382120476422 0
16.78552401197847 1.054497015369817 0
4.814623876355641 1.038049048564183 0
4.960673195449521 1.098938569003013 0
4.751897431322421 1.165830682194863 0
4.856285313385971 1.132384625598938 0
9.808658850461198 3.871235412425626 0
9.724789630529768 3.771151846239364 0
9.83087401648203 3.780358519316391 0
3.237605869239667 4.181930476660099 0
3.106680507702743 4.080476468085925 0
3.222681923752249 4.077939784065699 0
0.6229775359596736 1.598824187573895 0
0.5042570138083438 1.49382563976207 0
0.5899953510091507 1.398713572670511 0
0.6064864434844139 1.498768880122203 0
6.130645113941535 2.76053345896623 0
6.260702541463307 2.856197038391993 0
6.160353277234792 2.952905797001075 0
6.030295849713019 2.857242217575313 0
6.145499195588163 2.856719627983653 0
15.43619620290463 0.8562809733759082 0
15.52734886019317 0.9580134335742538 0
15.44076627293531 0.9473243842766799 0
5.022054433018422 0.9706773646535283 0
5.169273259004896 1.029491349100774 0
5.06497322722721 1.064214959051893 0
10.10662308224136 3.529141089379443 0
10.08553099396842 3.618387568793485 0
6.048542028488763 3.036968613495438 0
6.15386711676667 3.045206465591924 0
15.01519382459061 0.6157871642309862 0
14.88105600900976 0.6149566045582062 0
6.820423255624764 1.740468769131302 0
6.704812238514076 1.846551015203362 0
6.700843359632709 1.74335356726604 0
0.5133965203813418 1.654687860828453 0
0.5907578305923007 1.683016327413801 0
17.94841786813287 2.194006692821453 0
18.03282021308437 2.154851122872327 0
9.592771096107402 3.851330954545768 0
9.511869462339748 3.746264480584522 0
9.618329546434758 3.758708163411943 0
15.01149513976027 4.18366667888313 0
14.99750322803203 4.272217538568404 0
19.41999628294805 0.7334899413586766 0
19.29591325275378 0.6123988470163462 0
19.41232615714647 0.6124504516000324 0
2.211828627854214 0.9194144303064538 0
2.143585491752436 1.090270959969237 0
2.085717724308225 0.970901436876292 0
2.177707059803325 1.004842695137845 0
5.441380493246221 1.793867902348312 0
5.536557439562856 1.689022228069285 0
5.547981099996623 1.783980352377015 0
14.76817406984404 3.100187743913537 0
14.86107491860186 3.194778306191512 0
14.76153679144653 3.194041297777104 0
9.374285976849556 3.82293732262178 0
9.297887801974682 3.710033239369647 0
9.435471287464873 3.633360397332388 0
9.404878632157214 3.728148859977084 0
4.038330475160145 3.699336910820505 0
3.907307538483813 3.784567146305579 0
3.920116724692748 3.678644029321759 0
4.631963489135234 3.697352083168819 0
4.576799784114594 3.775209274768536 0
4.484129251231082 3.71390782174475 0
4.558046370183158 3.705629952456785 0
3.302048735598966 4.591175466783704 0
3.167355520144477 4.490430472518188 0
3.268321898333419 4.387032671328544 0
3.403015113787907 4.487777665594059 0
3.285185316966192 4.489104069056124 0
17.41835538419656 4.452641640353898 0
17.40392571881642 4.58804015821002 0
17.22451816520169 4.566916068507421 0
17.32143677469912 4.509778854430659 0
14.74946172261836 0.1211269773793684 0
14.50104322311729 0.1221178985814562 0
14.62525247286782 0.1216224379804123 0
5.784643873022448 2.159291547642755 0
15.58316020401527 0.8262005464426101 0
15.60833337533396 0.9177971784292922 0
4.350681721697913 2.148697760969813 0
4.299502007979362 2.02019557577 0
4.247928499070923 2.110739753764972 0
17.10083077005982 3.618553146953198 0
17.10157173000824 3.751397968961493 0
16.95213044970665 3.763880349903141 0
17.02648060988324 3.691216748428169 0
1.608408780978909 4.407308124999284 0
1.688833241703545 4.440804947190767 0
15.65410269955973 4.233409472167736 0
15.71643508908484 4.172184424162277 0
0.7829574435430189 0.782136879226206 0
0.6820937852724533 0.8751676220968287 0
0.6018568432098572 0.7554939261792972 0
0.6924071433764389 0.7688154027027516 0
17.31905309205535 1.929400250946204 0
17.42532477245268 1.815886410562508 0
17.56004129180248 1.930943296109404 0
17.43954719192892 1.930171773527804 0
5.700019106513301 0.3370544864730713 0
1.568255639903136 1.446140648480853 0
1.698106887202865 1.455425643340649 0
1.63089316524627 1.503003668415432 0
1.800317034305248 1.425876576087849 0
1.92858874722055 1.408863064104104 0
1.873111410192669 1.478801683114654 0
12.82559902174846 4.777456594558938 0
12.85029951087423 4.888728297279469 0
9.154714236042578 3.781389805979362 0
9.226697519969223 3.587932650678854 0
9.1907058780059 3.684661228329108 0
6.738352183147834 0.8586865479079808 0
6.783912968162858 0.6393045801515702 0
6.761132575655346 0.7489955640297754 0
17.2000605907639 1.617056865458842 0
17.09673694967241 1.515510458316788 0
17.29635709229457 1.518799302531951 0
17.19654702098349 1.51715488042437 0
5.405195176711226 1.606123156239528 0
5.331626802098367 1.719066891092924 0
5.205021570189564 1.65261314531071 0
5.305108373450396 1.629368150775119 0
17.60609933645681 4.274240640457131 0
17.60525782644672 4.45810153373019 0
17.51222736032668 4.363441140405515 0
18.58354534296951 2.173477182156397 0
18.55890271094288 2.286699303447577 0
18.51598643759122 2.216050997419729 0
1.179963952071445 2.169376029827031 0
1.149694117625678 2.046415922579318 0
1.270639091880438 2.016237794360394 0
1.225301521975942 2.092806912093712 0
13.05307876681159 2.805725682852664 0
12.95479566934464 2.683126207305393 0
13.07640483399917 2.684473534033105 0
0.7178365318548146 3.80425833639675 0
0.8900345883629406 3.715505034339009 0
0.8538402724565675 3.851417744019401 0
0.8039355601088758 3.75988168536788 0
16.65010808315998 3.930510286223976 0
16.55724678730633 4.078944747943719 0
16.53928831340777 3.9724368212646 0
11.29631487831493 4.061311495920301 0
11.24155290079298 4.194900525126515 0
11.08535317422449 4.150493271293525 0
11.19083402626971 4.105902383606914 0
7.242322510624517 0.6310060483026048 0
7.403051539748854 0.5946781349552561 0
7.281855986439975 0.7518662711908415 0
7.342453763094414 0.6732722030730489 0
1.014115099907983 4.357515477273898 0
0.9166791365358531 4.238651496645989 0
1.002567514386193 4.167319489407031 0
1.008341307147088 4.262417483340465 0
0.9957635656895096 2.91260941386956 0
0.9476258121970229 2.792828164080518 0
1.030147324660083 2.828725974858998 0
19.1281100802448 1.213974248110446 0
19.26143523346977 1.249140263224097 0
19.18337839298403 1.286196082747149 0
17.46389513380099 1.330097090605313 0
17.38289850978654 1.418693552113989 0
17.37675908011292 1.330006243594376 0
2.572374392984837 3.821332729104111 0
2.647505781655013 3.926428206656767 0
2.531293197850035 3.994615602932523 0
2.456161809179858 3.889520125379867 0
2.551833795417436 3.907974166018317 0
2.0416470624779 1.25329472983403 0
2.092616277115169 1.171782844901633 0
17.4849109775408 1.085108354302248 0
17.46198613856719 0.9669908231463564 0
17.41735813688918 1.031269117539989 0
12.4058285373278 0.2300807946664634 0
12.3904142686639 0.1150403973332317 0
15.3430915252806 0.2399536449845128 0
15.43430294241974 0.3502236319491518 0
15.31584335872783 0.4546030925846472 0
15.32946744200422 0.34727836878458 0
1.985117904849226 1.331078896969067 0
16.47214127443586 0.6330843393494283 0
16.62772663169986 0.6697718896327665 0
16.54993395306786 0.6514281144910972 0
17.01818140679634 0.9740893428700232 0
17.00801093857928 1.08546747020279 0
7.43897967585745 1.739893770970049 0
7.410016284110734 1.597687425540283 0
7.502656880450109 1.647347853695431 0
17.7849185088782 4.102234026806164 0
17.78334083481071 4.281694399451126 0
17.69550892266751 4.188237333631648 0
19.14022037470829 4.196185774963499 0
19.2590614945429 4.226464323103974 0
19.22578126065894 4.33201283685765 0
19.10694014082434 4.301734288717177 0
19.18300081768362 4.264099305910575 0
4.388673692750552 3.824826995879663 0
4.27723097251206 3.737428988418816 0
4.380680111871571 3.725668405081783 0
13.63116817670058 0.4979149583489915 0
13.61322162554233 0.775462333481586 0
13.62219490112145 0.6366886459152887 0
10.62038145578191 4.695891355264784 0
17.57507068602858 1.13348663791263 0
17.5332708657896 1.229886826650079 0
17.50909092166521 1.157497590476164 0
18.20991937154324 0.851730872240132 0
18.09557409242693 0.9521778383077075 0
17.98602780217293 0.8293334652385664 0
18.09797358685809 0.8405321687393492 0
7.860908927112911 0.6059276856802427 0
8.036635729979771 0.576659721933511 0
8.06043184068629 0.7170389314291801 0
7.9606703838996 0.6614833085547114 0
1.599803154514344 1.810969557638218 0
1.652301372350111 1.744422539605214 0
17.93369737632167 4.130916239397479 0
17.86375329599631 4.056945941782013 0
1.311514862668297 4.043107345733429 0
1.460504251680753 4.022358907816493 0
1.395790272333308 4.094513268224031 0
9.005721531392489 3.860185211999251 0
8.853383901007359 3.929166368267838 0
8.784831807706453 3.794215657859511 0
8.895276669549471 3.827200434929381 0
7.075399426255808 1.375802609769211 0
7.199196325096724 1.409490354806163 0
7.166553186705434 1.542013874488515 0
7.120976306480622 1.458908242128863 0
14.49763622895513 4.664132797676922 0
14.57154400971172 4.521183571006453 0
14.72160295851067 4.59412560941673 0
14.6096195937329 4.629129203546826 0
7.222194279931337 1.653614624842195 0
7.354375190884831 1.486086675186603 0
7.288284735408084 1.569850650014399 0
7.08081729341691 1.730633718292827 0
6.944795993365498 1.848353636105829 0
6.950620274520837 1.735551243712065 0
6.601916726889516 0.9422010078290182 0
6.478661304140893 0.9274970726377609 0
8.62853259145227 3.856158421560717 0
8.675671847011658 3.754907002645552 0
1.81408984826497 3.040411344632257 0
1.832902478196921 2.922062538135415 0
1.926474789089276 3.061366936045735 0
1.879688633643099 2.991714737090575 0
17.93203862312664 1.371793107532241 0
18.03514521701915 1.45856103106128 0
17.94497725951198 1.464264867848254 0
0.4306003495486763 3.270004179076518 0
0.3774441348960202 3.33081368798042 0
19.3189953994947 0.8447316358752655 0
19.2409828723318 0.9696582491191017 0
19.10183228529154 0.8695517063017508 0
19.17984481245445 0.7446250930579148 0
19.21041384239312 0.8571416710885083 0
13.68706277484122 0.9150802368735613 0
13.75053479742085 1.030409224449518 0
18.77223425834423 0.1269456620700371 0
19.01452579756477 0.1225286734881643 0
18.8933800279545 0.1247371677791005 0
18.95990262402989 0.9576079964052426 0
19.06442916880684 1.006384315966355 0
19.03086745466072 0.913579851353497 0
2.252357783840912 0.7472532053606036 0
2.141332571855258 0.8104984980839753 0
2.232093205847562 0.8333338178335286 0
3.539836675655966 4.588428369650065 0
3.581441208485722 4.793936516578783 0
3.440525359860494 4.692442023268156 0
3.560638942070844 4.691182443114424 0
16.18652375898473 0.8934765037419441 0
16.08278868928716 0.7900690330413451 0
16.17063924060539 0.6944796260984889 0
16.17858149979506 0.7939780649202166 0
19.88062587627873 0.4975289149824311 0
19.88153630912938 0.6215610088019978 0
11.37885153916553 2.661921902908607 0
16.84382175030581 2.332458081588904 0
17.06770452486975 2.335309483860507 0
16.95576313758779 2.333883782724706 0
8.175198482272684 0.7650366112891633 0
18.21585415207452 1.463198826397829 0
18.30836062460466 1.378825117259813 0
18.39889048596007 1.482552008361661 0
18.3073723190173 1.472875417379746 0
18.27034539700006 3.068424331473073 0
18.30217562701639 2.980509871493788 0
18.37862535921812 3.011291675160636 0
18.34679512920179 3.09920613513992 0
18.32448537810909 3.039858003316854 0
15.35426393090276 1.511494778599271 0
17.31143580990863 3.538995502254836 0
17.20613328998423 3.578774324604017 0
7.484725416325909 1.841297763564691 0
7.362659710818647 1.889178978317637 0
7.316913970350187 1.787774985722995 0
7.400819693338049 1.814536374643843 0
6.233124858495867 4.676444199425788 0
6.350093030735755 4.675527073526133 0
2.678956711959252 0.7941234875934784 0
2.650024020674859 0.9006907654780421 0
0.879627164423999 0.6862263382689529 0
0.9609366037305769 0.7941297170388433 0
0.8719470236367979 0.7881332981325246 0
5.805303349589881 3.506576336464131 0
5.861922381323629 3.393369028095032 0
5.892990856170668 3.477460434271734 0
18.2073795334275 1.814863798872807 0
18.13589590845985 1.869253140945246 0
18.13681329746609 1.79487894819362 0
5.897571984611411 3.006373975760287 0
5.991444466113288 2.953952949494491 0
5.973057006550087 3.021671294627863 0
16.96289783904695 0.8688386502749781 0
17.05416520197474 0.8983067552581518 0
1.0063067519214 3.8772982200086 0
0.9943388890204012 4.038999725989049 0
0.8418724095555703 4.01311924999985 0
0.9240895807384852 3.945208735004225 0
12.22611159649631 2.674824716341742 0
12.10465113948463 2.673413119460618 0
12.80797957170527 2.799993074475732 0
12.83321059661898 2.681607229844639 0
4.751507608431663 3.615718310273567 0
4.797576819270499 3.515820667324492 0
4.836257153361266 3.594401867302641 0
12.90624565188626 2.923504016702474 0
12.78301403361549 2.918390894688019 0
13.40265858450567 2.937058586508757 0
13.53057947972246 2.944740782381432 0
5.165947913399488 1.749088687838831 0
5.128060518643566 1.680591704432549 0
11.13419099391224 3.374138124826315 0
11.07504262256469 3.590400873695288 0
11.10461680823847 3.482269499260802 0
19.40009630433876 1.280730635325979 0
19.46061868215215 1.511021017932163 0
19.43035749324545 1.395875826629071 0
2.939679212452223 2.337411767927764 0
3.047729917331563 2.239659795683446 0
3.05122056190889 2.33821920523495 0
6.118911893848315 4.671508158898668 0
1.483264082960041 1.835774131427542 0
1.360919696228496 1.862348312329774 0
1.335189953244274 1.739647724737535 0
1.409227018102158 1.787710928082539 0
7.105575402381479 1.251474923350406 0
7.033931873683365 1.297758523123054 0
1.160716210842747 4.045193542208075 0
1.08164186261447 4.106256515807553 0
15.55790851160824 4.29307803133343 0
15.42327822249793 4.373072762831053 0
15.44427530090032 4.263962286714897 0
18.11969120765949 1.368241406348516 0
18.12549968454684 1.460879928729555 0
17.20923144445007 1.823272238568019 0
17.20882570180783 1.927880273138318 0
19.21714842460293 3.952266977333687 0
19.13316657626197 4.045925580901901 0
19.04973304165571 3.958463571036556 0
19.13371488999666 3.864804967468342 0
19.13344073312932 3.955365274185121 0
7.884980427023346 1.501557119990027 0
7.814460410502677 1.586309306829306 0
1.913547210145842 3.18874778569305 0
2.050642805815761 3.078044716025967 0
2.037715226872326 3.205425565673282 0
1.982095007980801 3.133396250859508 0
6.617149766610609 0.4973306521384151 0
6.356775823433127 0.5039877847241425 0
6.486962795021869 0.5006592184312788 0
2.789361487128364 0.6913685800454017 0
2.659350579932809 0.5864757250345278 0
2.669153645946031 0.6902996063140034 0
4.905794706774019 4.66198945960295 0
4.781617458164231 4.663766826689164 0
14.47124546179485 3.002152496597819 0
14.57558059609787 2.908115454668006 0
14.67129419837798 3.003432902620125 0
14.57126983008642 3.002792699608972 0
14.16283133394505 0.7334550738702039 0
14.15106741882635 0.6148512130477117 0
9.995321166897664 1.876405767989758 0
9.901758964764444 2.011473903468852 0
9.881720259455555 1.89676851441952 0
3.744627213253631 1.952661121821088 0
3.778888786239534 1.851533172383792 0
3.883555129564537 1.887746294451438 0
3.849293556578635 1.988874243888734 0
3.814091171409085 1.920203708136263 0
4.016551829114126 3.900183227840473 0
3.898999450997648 3.9879346097478 0
3.90315349474073 3.886250878026689 0
0.992061904412882 3.758973954801542 0
1.141124320331818 3.86693753779084 0
1.066593112372349 3.812955746296191 0
14.96056472728141 3.299806126494724 0
14.96644875575217 3.10177795285235 0
14.96350674151679 3.200792039673537 0
13.08352748488725 0.7707464974639091 0
13.05971563582391 0.6554456745486474 0
13.18123665704453 0.6349520939711708 0
13.13238207096589 0.7028492957175398 0
18.49782613677172 3.958374587537477 0
18.37730248796555 4.026552983928152 0
18.40154967962542 3.927091011462864 0
1.064232828448873 0.7070863701797383 0
1.050914025287861 0.808329649678736 0
16.87691698010786 3.85177588298551 0
16.76351253163392 3.891143084604742 0
6.719746976765403 0.9616089533560772 0
19.51245110148252 4.877523517813529 0
19.27263097856931 4.873883237755358 0
19.39254104002591 4.875703377784443 0
5.028129571241486 2.313978536679864 0
5.160111413992953 2.216628006467166 0
5.231855170686813 2.339428084573755 0
5.12999237096415 2.32670331062681 0
17.71955181860815 3.324801793523334 0
17.6334789003588 3.348051861185711 0
17.60903366602373 3.251832172143033 0
17.66429274231594 3.288316982833184 0
5.149907271512382 4.650496733652882 0
5.27273080437913 4.638185176253756 0
2.165574247694572 3.086516599868985 0
2.313784507005883 3.087955739777318 0
2.317907714371636 3.220042177931901 0
2.169697455060325 3.218603038023567 0
2.241740981033104 3.153279388900443 0
11.22067246024376 2.085646672134634 0
11.11152737562916 2.201807033896519 0
10.98259956613022 2.083242178789884 0
11.10163601318699 2.084444425462259 0
2.246942374805029 3.618875334556938 0
2.19689806098344 3.711022048525587 0
2.09650223927094 3.658813018993944 0
2.146546553092529 3.566666305025295 0
2.171722307037985 3.638844176775441 0
12.61112308011032 2.065260463802656 0
12.4967333795903 1.975559914203462 0
12.69326411999136 1.959958599155476 0
12.59499874979083 1.967759256679469 0
19.34429549569573 3.562916314064946 0
19.48978165171119 3.577178655021775 0
19.46980850003666 3.696092400596593 0
19.4070519978662 3.62950435733077 0
17.3202332466923 3.418206788011487 0
17.4341405553501 3.425082690155642 0
17.42534311856644 3.545871404398991 0
17.37278818262937 3.482039096205239 0
1.513011144571916 3.702454265192361 0
1.420211184394503 3.753970295248422 0
1.436373417082072 3.673850788908328 0
19.06760294249109 4.133542884634653 0
19.20578400847917 4.108568471230748 0
19.13669347548513 4.1210556779327 0
13.55644344084413 0.8881713954467276 0
2.338738434120374 3.930471163989126 0
2.281758307775764 3.787077377343547 0
2.368960058477811 3.838298751361706 0
7.973506361798365 4.582872603182022 0
8.11809010091303 4.597932513380862 0
18.87604627110684 3.97634519137031 0
18.9577764169336 3.874797382158701 0
18.96800289582895 4.060011380248165 0
18.96288965638127 3.967404381203433 0
9.910004570090475 3.097194980228175 0
9.799154721509542 3.163943711358336 0
9.731775739879573 3.079542641644477 0
9.842625588460507 3.012793910514317 0
9.820890154985024 3.088368810936326 0
0.3288228582465464 1.427447345775028 0
0.1947950595722503 1.345120598705849 0
0.3911296781288609 1.307518383065997 0
0.2929623688505565 1.326319490885923 0
4.153646935223635 3.827521663809142 0
4.157780723836102 3.71838294961966 0
19.38245537558328 1.635009058828347 0
19.48151272718223 1.619592593684605 0
18.49740484932734 1.399968134567797 0
18.58454803755577 1.509187267381806 0
18.4860336741885 1.59177114117567 0
18.49171926175792 1.495869637871734 0
19.18552043196132 1.073953510335818 0
19.00701881709031 1.146405053740983 0
19.09626962452582 1.110179282038401 0
2.034349060519562 0.8722715085237507 0
2.013211600431433 0.9443643442166691 0
13.00425620958604 0.8542802097717717 0
10.25716027544377 3.278045876518599 0
10.36623811124103 3.195027330296357 0
10.45989999244174 3.27613857770319 0
10.35853013394276 3.277092227110894 0
16.47162753501247 2.838298807887569 0
16.5797386241058 2.747538697019499 0
16.57222898709959 2.842028848854896 0
11.13956856894727 4.605056172794002 0
11.12270470455216 4.798893871714318 0
11.13113663674971 4.701975022254159 0
19.88575396896897 1.369048290409166 0
5.96160571676527 4.061266123032961 0
6.073819794436242 3.964005286747594 0
6.076241472846464 4.06736049636848 0
18.20704097138385 1.065872406505132 0
18.10482150509357 1.167097435978041 0
17.99335462613666 1.053402867780616 0
18.10019779876025 1.059637637142874 0
3.600574757296053 4.280189276101105 0
3.501357856488887 4.383864314913122 0
3.368966789522413 4.282646150038016 0
3.484770773409233 4.28141771306956 0
15.41880485625052 0.7467116166416852 0
15.56576885736117 0.7166311897083868 0
15.5009825301329 0.7864560815421475 0
18.58428327106007 3.067731496370147 0
18.55686792206165 3.176604387734143 0
18.45476624701486 3.147951706067571 0
18.48218159601327 3.039078814703576 0
18.51952475903746 3.107841601218859 0
12.79776657649454 3.988448769957786 0
12.55959303858515 4.011679769505077 0
12.67867980753985 4.000064269731432 0
15.7293150201999 0.1507584696704622 0
15.58298466609274 0.273630694401171 0
15.47866964589284 0.1228722247307084 0
15.60399233304637 0.136815347200586 0
8.2602246029162 0.2770173743083704 0
8.407546386386183 0.2096642571945599 0
8.464207575672321 0.3363642600378238 0
8.362216089294261 0.3066908171730969 0
18.36829195989984 2.469672977752544 0
18.30161124960709 2.552649405504622 0
18.20584000438626 2.466708382210574 0
18.28706598214305 2.468190679981559 0
19.05202843195232 0.6214393247992882 0
18.83266080989591 0.5762057356631509 0
18.94234462092411 0.5988225302312196 0
18.62776870750194 3.693317579263884 0
18.69954662704099 3.793559182117812 0
18.60495501666085 3.868420504722077 0
18.6163618620814 3.780869041992981 0
17.51718435108015 1.7072790315677 0
17.59581423715461 1.595401138572083 0
17.63345434508136 1.790549504516692 0
17.61463429111799 1.692975321544387 0
13.46024246323081 3.380920747107947 0
0.1114988454780654 3.52293489211249 0
0.1184895279136651 3.759529182459538 0
0.1149941866958653 3.641232037286014 0
2.941381629656838 1.502556851535508 0
3.010659567935642 1.646091647679303 0
3.065404484052541 1.53831597747716 0
18.78253606414693 3.706331054623859 0
18.86515779749147 3.794544437077614 0
18.78216836038553 3.881772564571566 0
18.78235221226623 3.794051809597713 0
15.62679778226225 4.389349869249908 0
15.64045024091099 4.311379670708822 0
12.99432439057828 1.730760100654777 0
13.0964083168626 1.619842981037768 0
13.10649132256825 1.730229984751561 0
13.04536635372044 1.675301540846272 0
18.79321157155402 1.342314373965526 0
18.9183578103422 1.251280162610847 0
18.90029767273841 1.360375820176221 0
16.72459342551855 0.7280583365091258 0
16.85718583282173 0.8226679874791643 0
16.75580323231226 0.831740604396666 0
11.45419240764633 3.190473758587532 0
11.36445706220147 3.073811848081709 0
11.48804954989517 3.08434113277549 0
7.989494151024759 2.769028604412554 0
7.860713474429991 2.657710344131047 0
8.096065402981944 2.674539645495054 0
7.978389438705968 2.66612499481305 0
10.93194988808149 4.107664056266705 0
10.77173233585039 4.089470021906626 0
10.86859224526749 4.021101147864048 0
1.88818097919923 3.47245303642664 0
1.955602425244521 3.616218385989111 0
1.832848164432328 3.678635199321681 0
1.860514571815779 3.57554411787416 0
7.279871625917029 1.200798796285472 0
7.265007360263471 1.072508321316895 0
7.389977786272208 1.066301721674191 0
7.404842051925767 1.194592196642767 0
7.334924706094618 1.133550258979831 0
14.18647993159563 0.8248206245404961 0
16.62336010700257 2.325158341046895 0
16.39557585412184 2.293600529813232 0
16.53340979172297 2.181980256073673 0
16.5094679805622 2.309379435430063 0
18.76500983142737 3.178248680302241 0
18.9290895631698 3.278207430726642 0
18.78698672708929 3.305971664692163 0
18.84704969729858 3.228228055514442 0
12.43311448485534 1.577708119713161 0
12.3338555471731 1.582405301016975 0
0.926369392796202 3.604646957214196 0
0.8899388575274241 3.50476837534447 0
2.559141682101405 4.200736972167218 0
2.430783124062875 4.09749827608307 0
2.54521743997572 4.09767628754987 0
18.59738664728073 1.313217284077707 0
18.70206505964012 1.226461922402016 0
18.68853315919463 1.429069735641217 0
18.69529910941738 1.327765829021617 0
1.719918801996361 3.797091983710857 0
1.592553531188237 3.865015312344883 0
1.61646497328414 3.749773124451609 0
17.85283063971857 0.9380467139301141 0
17.74068219206436 0.8094297193411621 0
17.87387935451873 0.7007164706496147 0
17.86335499711865 0.8193815922898646 0
2.120990100821398 4.689309518521378 0
16.10315703197478 0.9543881084524992 0
16.18903404939331 0.9735930767423575 0
1.429842537147902 3.872344540142274 0
1.291922972157368 3.864851341316195 0
1.356067078275935 3.809410818282308 0
18.01352678438757 1.264727654484113 0
18.2109859283655 1.270611187842444 0
18.11225635637653 1.267669421163278 0
1.226319591500056 3.955022441762134 0
0.9592156486045429 3.681810456007869 0
3.324446021532326 1.779260882988284 0
3.452007482367287 1.833966237466959 0
3.41755606872916 1.742335648242676 0
19.17397084235305 0.6169190859078175 0
1.751488172827846 3.303248175630191 0
1.784922088804535 3.153915959968547 0
1.880113294169153 3.338080001354694 0
1.832517691486844 3.24599798066162 0
18.05002354016156 3.073066071308262 0
18.01080902366203 2.965303676821126 0
18.11072670014459 2.930589941355205 0
18.14994121664412 3.038352335842342 0
18.08037512015308 3.001828006331734 0
13.43996279982333 1.461908364760939 0
13.40756009184049 1.368233651199162 0
11.12333181788704 2.319292824341486 0
18.57210996038228 1.713218734269082 0
18.47043873708999 1.786483497123126 0
18.47823620563925 1.689127319149398 0
9.459728355166336 3.939036754130831 0
9.232738500103109 3.909762450615183 0
9.346233427634722 3.924399602373007 0
1.240698585204697 1.892984199258209 0
1.31577939405447 1.939293053345084 0
16.10491458469274 1.860725659435353 0
16.208941224316 1.835499567434181 0
9.195175391750061 2.08730854231392 0
9.105394309888291 2.203606556590143 0
8.975999801256137 2.098342562013736 0
9.085587596503098 2.092825552163828 0
5.027850989143201 4.656243096627916 0
9.863351707878858 0.2454263251578244 0
9.74447418602478 0.123159336140743 0
9.86917585393943 0.1227131625789122 0
7.623019226029079 0.2060752845284517 0
7.502915073571899 0.1048339708673973 0
7.74510415245718 0.1012413136610548 0
7.62400961301454 0.1030376422642263 0
16.00645990049175 0.9063126226424258 0
16.02844457068776 0.9803157571619254 0
16.9952383200741 1.616897089423233 0
17.09967808929932 1.720460486630099 0
16.99637543172796 1.719959457208363 0
9.682090387054977 3.231507449819435 0
9.867679277320686 3.254600311553697 0
9.750614942866122 3.322164050014797 0
9.774884832187832 3.243053880686566 0
13.28732301235019 2.011152969019791 0
13.41421028887572 2.147999964445216 0
13.17747389078165 2.121933911907141 0
13.29584208982869 2.134966938176178 0
9.119230015747799 3.884973831307216 0
19.01897801309443 2.615764047254335 0
19.10730843199563 2.660228291230502 0
19.06160282999311 2.757616194229202 0
19.04029042154377 2.686690120741768 0
2.040022778142028 3.565652038531996 0
2.012081886373432 3.709379366451059 0
2.026052332257731 3.637515702491528 0
18.64643966108913 3.539818621245141 0
18.71041394957191 3.612035382843293 0
18.63710418429554 3.616568100254513 0
15.52693536970719 0.5888160948392849 0
15.59627434184243 0.6338684435855964 0
19.93026309882242 3.289403178158917 0
19.88564666291274 3.102305946731867 0
19.90795488086758 3.195854562445392 0
18.88967853845351 1.033541637991998 0
18.80436020616225 0.9460497327446289 0
18.88213141509607 0.951828864574936 0
15.05819049061285 4.662480951139841 0
15.18586250886029 4.564742886768522 0
15.17069938761325 4.669704051109672 0
0.7996257974573986 3.137042952691953 0
0.6771276907170805 3.180116290723271 0
0.6325527264334774 3.058451230472619 0
0.7550508331737973 3.015377892441301 0
0.716089261945438 3.097747091582286 0
17.40113890136273 2.891104598044594 0
17.29716740715315 2.965130522116203 0
17.32217135969032 2.874373289696377 0
15.31806328792414 0.6185213802401894 0
15.43181767487621 0.6283906839531301 0
15.36843407208733 0.6826164984409373 0
1.419862178963605 4.532442400707099 0
1.371705761063133 4.655489888020147 0
1.461137248246983 4.63499814032094 0
7.461177731359665 4.418484613573563 0
7.325260232942355 4.395450521441875 0
8.71142064741478 0.3724723894805293 0
8.855048567832537 0.2472536350915631 0
8.973881628934668 0.3824568641647659 0
8.842651138174723 0.3774646268226478 0
18.99500134632405 3.596991247770492 0
18.94335027553908 3.69476050134803 0
18.85587157701451 3.644298137045761 0
18.90752264779947 3.546528883468223 0
18.92543646166928 3.620644692408126 0
10.92297399466258 3.713780367103372 0
10.78686973367256 3.688976729979841 0
1.490755303236334 1.35998935180911 0
1.589831095382079 1.260832506891401 0
1.667331432048883 1.346983803563145 0
1.579043367642608 1.353486577686128 0
18.41992801439488 0.8816166674399022 0
18.30955804643555 0.9732318990523658 0
18.31492369296906 0.8666737698400171 0
18.6607642545978 3.302663168669242 0
18.54617331887063 3.290464259156142 0
18.67145885778882 3.188803297247242 0
18.60881608832972 3.239633778201692 0
16.2584290497029 4.878947552126604 0
16.1290305097724 4.869057762896487 0
9.088097743817402 3.083343754015916 0
9.091652633433313 2.983901306093947 0
9.203766393214918 2.979675179116229 0
9.200211503599007 3.079117627038198 0
9.14593206851616 3.031509466566073 0
1.675586720963864 3.121620158466119 0
1.704754480424299 3.008115543129828 0
1.744838284614417 3.081015751549188 0
15.60672164128577 1.881653333975696 0
15.74999339456652 1.822851132443866 0
15.8176615155309 1.983328671006514 0
15.71219157840833 1.932491002491105 0
17.62845286358644 0.9918094991708573 0
17.75861553008419 1.055402870855868 0
17.70523335252633 1.197080009597641 0
17.66684310805639 1.094444754384249 0
19.38706776348984 3.959671260115686 0
19.29604599639832 4.048306744119508 0
19.30210809404638 3.955969118724686 0
12.70406315824832 0.5269221791548209 0
12.72255578827902 0.3744145987359122 0
12.83765928700721 0.4106268119516301 0
12.77086122262776 0.4687744955532258 0
18.78363625874322 3.442680134559144 0
18.65741378625173 3.439371638536223 0
18.72220025667051 3.372671651614193 0
16.89034997554215 0.6934876518418269 0
16.92662390729455 0.7811631510584025 0
9.983160129846707 2.796135020215053 0
9.881620549901465 2.866335680806818 0
9.817234373763512 2.792343821889749 0
9.900197251805109 2.794239421052402 0
16.52698309718537 4.864096258693625 0
16.75565237869483 4.914550127259387 0
16.6413177379401 4.889323192976506 0
18.10688385019359 3.196272754958291 0
17.98209206810069 3.252998288066228 0
17.92523175806866 3.1297916044162 0
18.01605780413113 3.163032179687245 0
19.25950907846816 0.1226510038578446 0
19.13701743801646 0.1225898386730044 0
12.45330793715642 4.130395572231006 0
12.43807348469534 4.021398515183629 0
19.05049534898149 3.461554970448359 0
18.9074094441032 3.439206552762172 0
18.98979245607564 3.3698812005875 0
18.53904380852478 3.418412970806574 0
18.59274173480696 3.479115796025857 0
5.820591520119732 2.622885956947949 0
5.784524363759957 2.715792181593636 0
5.654136118763619 2.656127609859233 0
5.737363819441676 2.639506783403591 0
15.02220049634403 3.382030314951133 0
14.93497046234205 3.378201364738543 0
1.733824233177065 1.386430189825497 0
4.69720033336891 3.272465259424666 0
4.592335903770095 3.242530965922153 0
4.656213024987222 3.212500335607412 0
18.07338534282851 1.912972129942594 0
2.501219917795633 2.93416438572713 0
2.388122672046768 2.852985812615081 0
2.456229018155755 2.757926540321686 0
2.56932626390462 2.839105113433735 0
2.478724467975694 2.846045463024408 0
18.89536573731505 2.513608209332403 0
19.02062317915379 2.510864013870351 0
18.95717187520474 2.564686128293369 0
2.753992015250767 1.994695657925866 0
2.736623398800139 2.130700529879092 0
2.613454516195191 2.11522939308843 0
2.683723265722979 2.054962525507149 0
17.86748390283792 3.324298771549005 0
17.77969991213187 3.404380068002586 0
17.79351786072303 3.32455028253617 0
10.14304192766641 3.356205181857457 0
10.12483250495388 3.44267313561845 0
16.27757008029264 2.821407969767192 0
16.38275103890117 2.73875145475491 0
16.37459880765256 2.82985338882738 0
19.34932348246204 4.166202595992734 0
19.27755374547061 4.137385533611742 0
15.23729493463913 0.5498021593233715 0
15.12624437961487 0.5827946617771791 0
19.17700289987006 2.386638725644859 0
19.15634826743537 2.534948948145547 0
19.09881303951193 2.448751369757605 0
0.8992209478466577 2.668974138201254 0
0.8563303925552823 2.538636701271872 0
0.9826768475678573 2.492779626868656 0
0.9409488977072566 2.580876882534955 0
3.828223812205406 4.277440439618116 0
3.71439928475073 4.278814857859611 0
15.0805524879431 3.008920775242864 0
14.87920202850204 3.005100783756329 0
14.99330576069297 2.912243606146844 0
14.97987725822257 3.007010779499597 0
0.7241419581719626 2.597379065777175 0
0.6720135508659268 2.46059858155521 0
0.7641719717106046 2.499617641413541 0
19.37856336202435 2.29904475599277 0
19.3331070029136 2.439713445404693 0
19.27778313094721 2.342841740818814 0
1.369192910914585 2.391564730415364 0
1.20786223392615 2.29635586432097 0
1.288527572420367 2.343960297368167 0
19.33771680481131 1.032521494488387 0
19.28225436444084 1.136816755705103 0
19.26161861838632 1.053237502412103 0
1.080174085652747 2.32417121701911 0
1.052275803798043 2.197191382525172 0
1.130069018862095 2.246773623423071 0
9.391138421965916 2.05120572519456 0
9.321101616350823 2.176293114114832 0
9.293156906857989 2.06925713375424 0
1.544024828001312 2.496846582104082 0
1.456608869457948 2.444205656259723 0
17.7957228554079 2.465843431607079 0
17.8578330366379 2.544347005710518 0
17.80273979975178 2.578503574103439 0
17.79923132757984 2.522173502855259 0
1.031425466610301 2.408475421943883 0
11.34667733051848 4.495049266209937 0
11.35118565297998 4.363003546775272 0
11.48135491963682 4.372640571148786 0
11.47684659717533 4.504686290583451 0
11.41401612507765 4.433844918679362 0
5.627823176012278 1.57202272537868 0
5.516509176361752 1.589072940809104 0
18.5252158436815 2.402723218787762 0
18.47602163169503 2.521805325403494 0
18.44675390179067 2.436198098270153 0
18.67327884919686 2.324296645493988 0
18.63959198193548 2.440320560834174 0
18.59924734643918 2.363509932140875 0
13.82705957688032 4.009625515744725 0
13.62242823846728 3.919666848761103 0
13.77410265045833 3.871686537026524 0
13.7247439076738 3.964646182252913 0
8.992390079312925 2.966371046594301 0
8.954817849328645 3.074440465757129 0
8.831460548224847 3.045736488805832 0
8.911925313768885 3.006053767700067 0
3.419099009787207 3.752440953334903 0
3.402835604217265 3.630900160222463 0
2.167688692403773 2.966326325263003 0
2.168671480730132 2.861844954006139 0
2.257144928987611 2.874966037566449 0
2.256162140661251 2.979447408823313 0
2.212416810695692 2.920646181414726 0
7.058895548953248 1.953110803968737 0
6.93739978407873 2.053145691103046 0
6.82330022849098 1.948388523240138 0
6.941097888722114 1.950749663604437 0
15.96987458294231 0.7083150154114668 0
15.98816724171703 0.8073138190269464 0
0.5104750445431154 0.1629626554706123 0
0.7599491795944466 0.1279623877922695 0
0.6352121120687819 0.1454625216314409 0
7.330842215475271 2.650577572893509 0
7.384618896288368 2.848045035232181 0
7.357730555881819 2.749311304062845 0
18.69198267718259 3.982971480582089 0
18.58485379729346 4.072925563397488 0
18.59490440697716 3.970673034059783 0
17.63497791491249 1.307267363445549 0
17.81765135524136 1.277824477754499 0
17.72631463507692 1.292545920600024 0
9.407647260456223 3.022292110546612 0
9.317761718272786 3.05205104733967 0
9.29030853214225 2.982655172026045 0
9.380194074325686 2.952896235232987 0
9.348977896299235 3.002473641286328 0
18.7887663054578 2.354519477453073 0
18.76972565255397 2.493795188440589 0
18.84206602138643 2.434063843392738 0
17.48801494203408 1.511155487983993 0
17.56560218292388 1.407477627400783 0
17.58070821003924 1.501439382986433 0
15.23942187938777 0.1170814202538044 0
14.99664508294756 0.1188073001435317 0
15.11803348116766 0.1179443601986678 0
19.42091543530983 1.168407127806985 0
19.3411753343898 1.208773695515541 0
13.9452842624223 1.934891148304868 0
4.522395633287874 3.878116143835196 0
4.344536342737141 3.916000213433678 0
4.433465988012507 3.897058178634437 0
1.655837701607133 2.653309006995102 0
1.527338307042335 2.642731129272326 0
1.599931264804223 2.575077794549592 0
17.98121448356726 4.448750656594123 0
17.80459261700688 4.450034408417709 0
17.9599627013711 4.280410647627542 0
17.88227765918899 4.365222528022625 0
18.66146746202086 3.100270897733356 0
18.75501843565941 3.089716280788354 0
18.71323864672411 3.139259789017799 0
2.956404708764877 3.59269692548209 0
2.937449163345006 3.767512408911704 0
2.946926936054941 3.680104667196898 0
10.28302057836692 3.116496445157575 0
10.38867105966772 3.041308976468289 0
10.47188859254184 3.119839861607073 0
10.37745458545438 3.118168153382324 0
13.88621658311081 4.275440249831447 0
13.94188982580303 4.485310284006726 0
13.91405320445692 4.380375266919087 0
18.66667763361556 0.2851825648769846 0
18.64583881680778 0.1425912824384925 0
7.146500796079459 3.501961472554511 0
6.965222199100554 3.556279984928917 0
7.055861497590007 3.529120728741713 0
19.43412008823374 0.9626718272248196 0
19.42751776177179 1.065539477515902 0
18.40477602790201 1.288363895585809 0
18.5047578258554 1.20161304509572 0
18.50108133759137 1.300790589831758 0
2.647070212843998 0.394404659136125 0
2.653210396388404 0.4904401920853263 0
10.72842971259955 1.842219765496914 0
10.60578948255555 1.843684166794139 0
9.71248589684418 2.857004650057569 0
9.651573384206928 2.786803989465804 0
9.734403878985219 2.789573905677777 0
6.224622272381673 1.649359424826899 0
6.100966456416906 1.546945691639954 0
6.219751344320144 1.545779271523526 0
10.63568236286225 3.12525086289105 0
10.53546440115421 3.18911927676637 0
10.57210655424989 3.055971447731753 0
10.55378547770205 3.122545362249062 0
18.78401447414472 3.9796583359762 0
4.241205206171569 3.947772395495944 0
4.317548380616238 3.994541647238572 0
18.30740133166285 1.18014996616844 0
18.30788097813375 1.279487541714126 0
0.09353456019973549 1.242455129739882 0
0.09739752978612515 1.360060299352924 0
7.516337630872881 2.91520052046122 0
7.433963918118691 3.066992475744679 0
7.409291407203529 2.95751875548843 0
10.89465307597721 3.017330045120335 0
11.12215581840525 3.048863037377984 0
10.97032703307129 3.128148509002069 0
11.00840444719123 3.03309654124916 0
11.20671713479218 3.16305259409325 0
11.24330644030336 3.061337442729847 0
1.470785772610775 3.218302085642303 0
1.556526791171205 3.31807531040339 0
1.468626665926678 3.30990325383457 0
18.2022923151335 3.115623959997738 0
18.21799429851067 2.991152707317678 0
18.21014330682209 3.053388333657708 0
1.012911625240491 1.449805501343726 0
1.110027987871137 1.570583164780122 0
1.008148779996286 1.556948624125861 0
17.89913951650228 1.17075902470637 0
17.91558906981446 1.271276066119305 0
16.85893720314384 3.036732799679262 0
16.75931029009466 3.03856402202779 0
2.03753451273486 3.468897537387296 0
2.144058287685361 3.469911803880595 0
2.092040532913694 3.517781921206296 0
9.49468579975073 0.124435527076328 0
9.619579992887756 0.1237974316085353 0
0.7404378200887578 4.886687820753192 0
0.8614439757924899 4.887762018952558 0
13.16992588739468 4.654667900798325 0
12.92487207979174 4.66218751092153 0
13.04739898359321 4.658427705859927 0
4.810855443403815 3.859900310623601 0
4.712912257555926 3.836149157851932 0
4.727764594355006 3.724554414298916 0
4.76931001887941 3.792227362461258 0
18.09208430016843 4.121243136190019 0
18.02602350076977 4.200826891908781 0
13.15163090801849 0.2436437267160843 0
13.13831545400925 0.1218218633580421 0
7.823561308298343 4.471781889493356 0
7.839596436856018 4.606978991264236 0
6.049846836554089 0.7473331534678187 0
5.977938311299482 0.6629527787052538 0
6.061579325841809 0.6748595251936993 0
0.503345245229653 1.250821685808949 0
0.6732061419129245 1.120126340372238 0
0.6316007464610394 1.259419956521375 0
1.634447504712149 2.770035639055068 0
1.76730065480929 2.672614116148727 0
1.745910457914302 2.789340748208692 0
1.700874079760718 2.721324877601897 0
17.9478147189655 3.452445561850936 0
18.06242288422827 3.381145078368158 0
17.96495339353309 3.352721924958582 0
5.774101416587199 0.9425499012081593 0
5.827741807593938 0.84321270390851 0
5.986133826031184 0.9080684465311453 0
5.880117621309192 0.9253091738696522 0
5.357443326530346 1.892822198689619 0
5.363971169247193 2.067058008860698 0
5.360707247888769 1.979940103775158 0
2.892088134456721 0.7511549604868839 0
3.044399464792546 0.7241734767123447 0
2.981132934922575 0.7914574529796892 0
5.209637164763643 3.067272050049281 0
5.185293319163518 3.174042424017784 0
5.138869107756793 3.107005943037043 0
4.104110100062062 4.020433959527275 0
4.128878517642848 3.923977811668208 0
6.704947195884698 1.949406030313005 0
5.862838092385108 1.554159516156233 0
5.745330634198694 1.563091120767456 0
18.80101753170539 1.138416746861862 0
18.90401817439786 1.142410900301423 0
9.366674265160395 3.524952213421426 0
9.500319576237011 3.455570037694561 0
9.467895431850941 3.544465217513475 0
15.76803262363263 3.296154891367678 0
15.65612447504139 3.182334047370037 0
15.7630419684346 3.085357022992973 0
15.76553729603362 3.190755957180325 0
3.140694543782191 1.764413820506677 0
3.01760554838066 1.756018242328739 0
18.20665028395749 2.911559346387852 0
18.29083161246321 2.900916510563963 0
18.25441295548694 2.94603460894082 0
4.818166860633422 2.768054256659204 0
4.669935597931243 2.768949596467492 0
4.744051229282332 2.768501926563348 0
9.397835348717054 4.328127639910875 0
9.506522699661504 4.329634136060852 0
19.06081507839343 1.993982349129495 0
19.0998215455021 1.854406287570268 0
19.13687905889147 1.947109050946427 0
0.7781817257436536 2.71959682668288 0
0.6582426484438635 2.778328462016469 0
0.6042028808721724 2.656110701110763 0
0.691192303307913 2.687853763896822 0
2.977973907176816 3.982852357492376 0
2.837783803016549 3.875844990642683 0
2.957711535260911 3.87518238320204 0
11.05615694625684 0.4806577094737987 0
11.07269440958229 0.3622911381774356 0
2.161449055892779 3.347701974665636 0
2.029466827704781 3.334524502315349 0
2.099582141382554 3.276563770169458 0
9.671309456253663 2.995579619705659 0
9.607785953992925 2.918562486650807 0
9.776009399104918 2.934021783112422 0
9.691897676548921 2.926292134881614 0
11.24622876790305 4.901343543048042 0
11.36724592793547 4.900787124053246 0
18.15811098996052 2.721170832041277 0
18.08082461327682 2.72935528099694 0
18.07006177373397 2.657376507929197 0
18.14734815041767 2.649192058973533 0
18.11408638184725 2.689273669985237 0
3.888960567218469 2.861126762892616 0
3.764689698823172 2.901567860279846 0
3.803475574473454 2.831180042938211 0
9.948236739257053 2.945107808208714 0
9.862123069180987 2.939564795660567 0
1.904732222737188 2.593155619454216 0
1.872101254990387 2.701505087675501 0
1.836016438773239 2.632884867801472 0
6.818643833875853 2.745752206307877 0
6.922863157371036 2.828685294820256 0
6.819633756543105 2.83665963158795 0
18.66634994865057 1.622747146030162 0
18.6774415539226 1.52590844083569 0
8.699093139556446 3.018764097755366 0
8.643766479388265 2.940082963347153 0
15.30525094852653 4.467325192473169 0
15.19668213661298 4.463125583932214 0
18.15084864471856 2.542334921958108 0
18.13887393820057 2.473174776194009 0
11.78090413957818 0.605439874055701 0
11.94965358879389 0.6755161869030106 0
11.86527886418603 0.6404780304793558 0
7.175536983835761 1.864794079173627 0
7.198865631883549 1.759204352007911 0
4.576879708824213 0.779962945390988 0
4.505970750795031 0.9234330564054281 0
4.311200572994178 0.8536712909897499 0
4.444040140909195 0.816817118190369 0
8.881582502682816 1.620129836181242 0
8.714910549219489 1.573442453732351 0
8.823980233872289 1.506911476438663 0
4.389316741815861 3.036726035460459 0
4.270271710658728 3.090331415113289 0
4.206277659281652 2.987062242357679 0
4.325322690438785 2.93345686270485 0
4.297797200548756 3.011894138909069 0
5.45713045864238 2.81928637928947 0
5.363254245896015 2.883227439023889 0
5.380680907849513 2.813971531327768 0
8.609903984135192 4.20667238497175 0
8.382039942298761 4.139172108972819 0
8.538633799111013 4.066209853305488 0
8.495971963216977 4.172922246972284 0
16.48343890628708 2.653933229781639 0
16.68858359598683 2.656826852451405 0
16.58601125113696 2.655380041116522 0
19.7989747833304 2.477926686816952 0
19.87342662982869 2.334104139179106 0
19.92554815350172 2.518822547637846 0
19.8994873916652 2.426463343408476 0
3.143722140245575 3.037556863821191 0
3.029517890505122 3.089487870414244 0
3.054629306778832 3.006051954879547 0
10.32241800516553 2.801694590182034 0
10.22944856653467 2.878524426671716 0
10.15070870024289 2.798972997787666 0
10.23656335270421 2.80033379398485 0
0.414344771735113 1.510044350430348 0
0.4638706460582291 1.5823661056294 0
4.572038008560686 3.374530936207562 0
4.680955506819134 3.356226084625654 0
4.713033055899041 3.466532477574101 0
4.642535532229864 3.420531706890832 0
17.54943652435674 1.318682227025431 0
2.090076727004556 2.35053696783876 0
2.143794472826661 2.427530456964228 0
2.077798188262035 2.484755489008784 0
2.024080442439929 2.407761999883316 0
2.083937457633295 2.417646228423772 0
4.962965986195105 2.761611003966673 0
4.890566423414263 2.764832630312939 0
18.22905303766548 4.087634608674776 0
18.13753798682176 4.034510488318015 0
18.74337221771379 1.71013514739621 0
18.64913222944551 1.80060673563513 0
18.65774108904804 1.711676940832646 0
12.94771496163647 1.814420292332583 0
13.09671872057397 1.886345817075476 0
13.04183701690439 2.011452199030348 0
12.89283325796688 1.939526674287456 0
12.99477598927043 1.912936245681466 0
13.1979214843093 1.593792831645213 0
13.36596886264311 1.570336869168565 0
13.28479411557102 1.665436945234875 0
13.28194517347621 1.582064850406889 0
4.464402354710736 4.218811330043136 0
5.343135856367521 2.969154273903135 0
5.325139307543745 3.088293860966367 0
5.227633713587419 2.94813246298605 0
5.276386510565582 3.018213161976208 0
6.112217766244264 1.753410705355582 0
6.229214674660159 1.751429434712686 0
4.774340355036149 3.376529774467861 0
4.858884118407606 3.425817964218252 0
4.785958587153323 3.446175220896177 0
12.34737620697007 2.676059116049967 0
17.30977634681665 3.25441829197048 0
17.39230912388316 3.310176511492485 0
17.31500479675448 3.336312539990984 0
1.945292794072675 2.509537755590658 0
2.018645932061153 2.545251772805655 0
1.978085360725666 2.628869636669213 0
1.96168907739917 2.569203696129935 0
10.70284424224715 0.8378344175143402 0
10.93382313360813 0.8197927138914001 0
10.81833368792764 0.8288135657028701 0
10.51126348517917 2.319978701573635 0
10.26647365457641 2.322684541604259 0
10.38886856987779 2.321331621588946 0
1.958823903452005 3.403488769370995 0
8.286250158984039 3.132159774325844 0
4.717837553946513 2.379699927156028 0
4.732100830542239 2.280382971801004 0
4.886896368814502 2.337461659431429 0
4.802366961380507 2.358580793293728 0
4.98497879231947 3.88222923415643 0
4.897917117861643 3.871064772390015 0
8.73904319219411 0.1214019686461429 0
8.865024283916268 0.123626817545782 0
10.65380001999424 2.731571818664432 0
10.67031906232016 2.647396601938989 0
15.24036191517068 3.02875158157635 0
15.18730236037408 2.938872572374306 0
15.16045720155689 3.018836178409607 0
19.17584004254255 4.720667880926483 0
19.15042002127127 4.860333940463242 0
4.563133621522423 2.831221945122566 0
4.521763784418518 2.76356189568709 0
4.59584969117488 2.766255746077291 0
10.58008153746411 0.7209377056860631 0
10.58412826536431 0.6006265874881422 0
3.496778897955308 1.483359288876146 0
3.389403102223903 1.431547675114712 0
17.99883389334382 0.3644598633818772 0
17.88070028619937 0.4731850815783751 0
17.88053588732814 0.3563066745701939 0
9.545134058751508 2.8452886028068 0
9.510860217959888 2.97364634003161 0
9.44820832271847 2.900372456187603 0
9.527997138355698 2.909467471419205 0
9.513756545904492 2.120555210233132 0
9.481421925892837 2.017755725362006 0
1.050807495678441 3.037015031532374 0
1.139336714078832 3.063005291458546 0
18.81642921829945 2.235407473631592 0
18.84700271432349 2.132970561576561 0
18.87796287834486 2.200621491303067 0
9.622524137169846 3.138754916632708 0
9.562057853543935 3.054791894693889 0
9.646916796711754 3.067167268169183 0
18.39629796960671 3.403455615243574 0
18.40342747995255 3.275506903593143 0
18.47123564423867 3.346959937199858 0
1.750513422392846 2.0084627397673 0
1.838252975675653 1.998650235976802 0
1.844766963504135 2.076921296759402 0
1.797640192948489 2.042692018263351 0
17.30961394591464 1.719868617396763 0
17.20464601760698 1.720164552013431 0
5.804293769774034 3.009624117312009 0
5.886833621427936 2.911407979260792 0
5.845563695600985 2.960516048286401 0
17.61686255145048 4.794023342696569 0
17.74038060168598 4.897350613957428 0
17.5014819497645 4.896672728739141 0
17.62093127572524 4.897011671348285 0
18.00727112781428 2.628199697953553 0
17.96825970766967 2.727533523422363 0
17.88322893763099 2.682651466072528 0
17.92224035777559 2.583317640603718 0
17.94525003272263 2.65542558201304 0
7.508806090787897 0.312638533643689 0
7.739118184745596 0.3058910153975267 0
7.623962137766746 0.3092647745206074 0
0.6065130985857738 3.33132102431599 0
0.6411585880009589 3.410086701919671 0
18.29545636213949 3.226761332665492 0
18.37511130457717 3.187356519366532 0
14.25245681166532 2.652985119264792 0
14.30353873126329 2.816087308333552 0
14.19193953893163 2.867240180978957 0
14.22219817529848 2.760112650121874 0
5.566991048585734 3.121988560490992 0
5.448608566757152 3.109619456705067 0
5.453255085670522 3.000619005964313 0
5.571637567499105 3.012988109750238 0
5.510123067128128 3.061303783227653 0
10.12835914196817 1.985548385171841 0
10.11644794672415 1.865957309495003 0
14.64706899608872 4.155990047848427 0
14.54775605255937 4.260605437275689 0
14.59741252432405 4.208297742562058 0
0.8265865900940206 2.843450852562145 0
0.8629037689703409 2.756212495381699 0
1.05057302770296 2.081967345008251 0
0.9821665916235638 2.137807699260038 0
1.918417722236335 3.773679318223926 0
1.819168262116349 3.785385650967391 0
19.49583892415414 2.499613534208007 0
19.44382093980044 2.644264669980011 0
19.2810890185599 2.584364581176697 0
19.38846397135702 2.541989057692352 0
18.20004789719957 3.307410127626046 0
18.20117010616654 3.211517043811892 0
14.9640143221692 1.814521035730124 0
15.06431588297118 1.876845776457081 0
15.01736570149716 1.970974032567758 0
14.99069001183318 1.892747534148941 0
4.479470833597017 2.092950389770471 0
4.408538348641835 1.975708490353146 0
4.517183308320531 1.99932331646258 0
4.617653945421901 3.857132650843564 0
18.78374946243949 3.550002465265194 0
18.84557945327135 3.494604509013683 0
2.614764733807331 3.02167563931144 0
2.407476129548527 3.0438079302558 0
2.511120431677929 3.03274178478362 0
12.77112787876858 1.85153893817266 0
12.79304868897912 1.949742636721466 0
4.514435100709723 2.202241441143812 0
4.432558411203818 2.175469601056812 0
2.735384819933234 2.652314873280869 0
2.649357132160064 2.744920039884954 0
2.518171275932843 2.65582655181763 0
2.626778047933039 2.65407071254925 0
17.21467421931913 0.4479831382063186 0
17.08181391872672 0.3417546726566507 0
17.19301559374993 0.338362134165556 0
17.28306929294093 4.700391770076971 0
17.12571111044173 4.758066001785485 0
17.17511463782171 4.662491035146453 0
13.21923373721533 4.301847136345907 0
13.26453927645035 4.534831612638182 0
13.24188650683284 4.418339374492044 0
10.66279191535442 4.070135823338528 0
10.54899075629847 4.109319804133723 0
10.51248615265022 4.025888475893094 0
10.58763903400232 4.048012149615811 0
19.19273391160635 3.524259107508634 0
19.38335375215178 3.395991112864521 0
19.28804383187907 3.460125110186578 0
15.23635291183766 2.292486788872128 0
15.37320089488037 2.181490341671213 0
15.48137101688019 2.325782167585539 0
15.35886196435893 2.309134478228833 0
17.87598507811042 1.054402869318242 0
18.78314276329321 3.628166759944527 0
2.401573083386341 2.198108660057942 0
2.507513799790766 2.156669026573186 0
8.038554186267593 1.47278753043421 0
7.868070634565896 1.377295598170326 0
7.953312410416744 1.425041564302268 0
14.64103641697836 2.143212454057875 0
6.575282411900818 4.081102122321171 0
6.613902163432869 3.948140174564483 0
6.65568835576048 4.033769858167364 0
16.75345506079416 2.220837807849346 0
16.73359092865419 2.3288082113179 0
17.60444933124555 3.624560880814084 0
17.72315272927554 3.570306977538062 0
17.6915426436477 3.657493797882734 0
19.16390316885705 2.829505128124024 0
19.23204918312016 2.709643924261651 0
19.34557906406495 2.774264166811311 0
19.27743304980185 2.894125370673685 0
19.254741116461 2.801884647467668 0
17.13000949316839 0.5525534642342824 0
17.33525727775097 0.5487684355204254 0
17.23263338545969 0.5506609498773538 0
3.56724517633292 1.925928502969769 0
3.347660286079305 1.945384837028829 0
3.457452731206113 1.935656669999299 0
18.2413058155154 0.3903003766065565 0
18.12006985442962 0.3773801199942168 0
7.925772327764856 1.936759844051686 0
7.841512609205008 1.875130272198086 0
14.7673751168724 3.650069107243733 0
14.75836983818584 3.559211124865632 0
4.56452616405848 2.300265012744198 0
4.62326796562598 2.241312206472408 0
18.7056922993807 1.025863695678343 0
18.61775294940673 0.9154735649915555 0
18.71642085618828 0.8356596020578411 0
18.71105657778449 0.9307616488680923 0
0.4891376840025838 4.649430633072235 0
0.2466403969496458 4.636657512678686 0
0.3678890404761148 4.643044072875461 0
2.295413837830482 2.792652250879735 0
2.349853763203896 2.935299599301795 0
2.322633800517189 2.863975925090765 0
5.345475288545098 2.249207198444484 0
5.259196134052287 2.154097628545946 0
5.354723228896145 2.158132603652591 0
19.16544338999535 1.659845980165314 0
19.04942069639961 1.739374869009275 0
19.06202016228186 1.626615108563816 0
8.18451770411513 2.206906949637779 0
8.310181362485791 2.33162484157195 0
8.049587189081528 2.312060722852282 0
8.179884275783659 2.321842782212116 0
1.526528891434495 3.943687110080688 0
13.75260044934607 0.1246998910342558 0
13.63129076096349 0.2464197092772511 0
13.62814538048175 0.1232098546386253 0
1.11459941258676 1.936024273769707 0
1.08258622014486 2.008995809388979 0
5.247689635382492 1.818021187434231 0
5.344535064314356 1.805944544891271 0
10.06000476652761 3.269897782180635 0
10.17412311430497 3.191738476841778 0
10.15858252098569 3.273971829349617 0
3.398225330141584 2.987224283292149 0
3.269947304507983 2.991997022991732 0
3.331185821983775 2.942558391644186 0
0.7060967255261446 2.892688451959818 0
0.8755406977416733 2.966140293043628 0
0.7908187116339089 2.929414372501723 0
9.015095943328644 2.323454376065344 0
9.252177684909412 2.316930795311252 0
9.133636814119029 2.320192585688298 0
15.39661171201283 0.5233223135014649 0
15.49172940684381 0.4837477243876198 0
15.46177354086001 0.5560692041703748 0
10.30787206906489 2.959408860084735 0
10.41692936870932 2.885556109103858 0
10.49772835931215 2.967456225487412 0
10.40280021418852 2.963432542786073 0
5.937116153871389 0.7808941626613577 0
6.017990331292636 0.8277007999994819 0
15.17203107390904 2.042603394229956 0
15.12225259828127 2.203487935145184 0
15.06980914988921 2.087230983856471 0
3.385580645433159 2.651148347652793 0
3.484883333719323 2.66116214003255 0
10.0247961770889 2.32769325283651 0
10.14276204241797 2.213599179654316 0
10.14563491583266 2.325188897220384 0
6.017438770535956 2.662764726682623 0
6.258825908781729 2.660990117497154 0
6.138132339658842 2.661877422089888 0
19.42705818559089 0.8480808842917482 0
7.981927637857066 0.09675746297163457 0
7.852031790314245 0.1979987766326889 0
7.863515895157123 0.09899938831634447 0
2.109165749109767 3.022185520644485 0
15.88952321744275 2.371609442569174 0
16.04985942434789 2.31897334616917 0
15.96969132089532 2.345291394369172 0
7.633762226846115 2.317640973218395 0
7.775970488252527 2.240551783652961 0
7.824144873409812 2.359689425221019 0
7.728953550127963 2.338665199219707 0
10.85380422720502 1.964305661202276 0
10.86165638341097 2.082761234713143 0
9.230262891336158 0.630046440660095 0
9.354856403796919 0.6248687452317052 0
19.87793385568401 0.2489217565343624 0
19.75293385568401 0.1239217565343624 0
19.87646692784201 0.1244608782671812 0
12.30738465177092 2.00329319996579 0
12.2356199027965 2.129880000281058 0
12.11381160625891 2.041679988338649 0
12.18557635523334 1.915093188023381 0
12.21059812901492 2.02248659415222 0
13.18085381912627 4.070000806930533 0
13.2000437781708 4.18592397163822 0
0.1234223015963174 4.753985243266033 0
0.1242111507981587 4.876992621633017 0
9.45884489604027 3.103437665208892 0
9.484852557000078 3.038542002620251 0
5.664883278233763 0.8014432261068758 0
5.590852156684681 0.692057988667977 0
5.761708893789293 0.7550243595076294 0
5.676280525236987 0.7235411740878033 0
4.450943020561096 3.140896475227604 0
4.502636241715112 2.97288710785577 0
4.476789631138104 3.056891791541687 0
3.005514440715963 3.494902096182952 0
2.921576291056459 3.517893262787646 0
7.011982368409315 2.910499286580017 0
7.02407180311888 2.738331505974806 0
7.018027085764098 2.824415396277411 0
8.287769916223796 0.09946668549810056 0
8.494776470162385 0.1101975716964594 0
8.391273193193092 0.10483212859728 0
7.400016058757309 1.379826069835734 0
7.483286274696535 1.293632173904483 0
6.843485835318852 3.42499098339104 0
6.840511415804756 3.54042323438652 0
12.12514402244014 0.56560924889971 0
12.34913831952518 0.5500825853509714 0
12.23714117098266 0.5578459171253409 0
10.05264278379835 2.872964856704735 0
10.0669344150448 2.79755400900136 0
15.12783411999356 3.394266075727879 0
15.10945834698135 3.520426305538251 0
15.06582942166269 3.451228310244692 0
17.8134767238816 4.588020725748897 0
17.61414193332144 4.596087851061378 0
17.70936727516416 4.523061129739543 0
7.770626965466301 2.757882514346751 0
7.755101773363549 2.660551949780149 0
11.59348733727919 4.154876828122126 0
11.53689064314523 4.280304436114502 0
11.39339850622889 4.231579754530257 0
11.44999520036285 4.10615214653788 0
11.49344292175404 4.193228291326191 0
18.25170746147307 2.698984775523659 0
18.2771187238504 2.792529718866089 0
18.18352225233785 2.814715775383707 0
18.21761485690546 2.756850275453683 0
9.955628083098881 4.247925636920954 0
9.985142867368513 4.067679375662288 0
9.970385475233696 4.15780250629162 0
4.559091286520671 1.233604772545975 0
4.472128201847128 1.27693684608213 0
3.15092617477652 2.145365288091949 0
3.251407422864173 2.045217836301405 0
3.25895015093994 2.142446634026926 0
6.413689470122947 3.90247499647498 0
6.196780141468511 3.87665984470323 0
6.305234805795729 3.889567420589105 0
8.03699562287696 3.76006794204372 0
7.885841429686071 3.810153247049176 0
7.932781833380428 3.708701694392731 0
8.300361963914533 2.632879850669073 0
8.198213683448239 2.653709748082063 0
13.91523789973853 3.848668977438238 0
13.83289059946769 3.788884497076471 0
17.59600290026592 3.118286371066647 0
17.48382257359475 3.272699985051107 0
17.47079180783695 3.13915418397472 0
17.53991273693034 3.195493178058877 0
11.67199336763367 4.027071981324587 0
11.70605396205182 4.124963347708964 0
19.19419872527777 2.622296436203599 0
16.18226970096282 2.313756508622623 0
16.28892277754233 2.303678519217927 0
5.871083240066744 0.6927058182604773 0
5.849412523830341 0.7679592610844934 0
1.631851285670102 3.210530709128435 0
1.654007481999528 3.310661743016791 0
1.621025612745811 1.151015550675457 0
14.32795460900132 4.396358972043843 0
14.28715795765102 4.190040026512857 0
14.406403370646 4.287644533398533 0
14.30755628332617 4.29319949927835 0
3.311661268096339 3.100949997591254 0
3.422691056016808 3.10161262718183 0
3.368999927539435 3.156429081997121 0
12.349746654358 2.178059329757851 0
12.30774181529274 2.34394644678534 0
12.27168085904462 2.236913223533199 0
4.10126281002769 1.115226780683435 0
4.169788196169637 1.203843848089158 0
15.89336415454159 1.786587314052001 0
15.80321734329181 1.741956550473104 0
17.46983771989119 0.849460244476627 0
17.63630444491044 0.8742789205011281 0
17.54914529173881 0.9206348718237423 0
1.922884562155414 2.104709700373796 0
1.947366351764842 1.998982746643267 0
2.05670448881581 2.015345136429073 0
2.032222699206382 2.121072090159602 0
1.989794525485614 2.060027418401434 0
16.28280587617244 2.648039610186816 0
16.38312239122976 2.650986419984228 0
13.15494389191651 2.932037680960612 0
13.00811077699118 3.049816014810421 0
13.03059477190138 2.927770848831543 0
7.398234646419025 3.212637088046629 0
7.603005273308773 3.101731154213521 0
7.500619959863899 3.157184121130075 0
19.75559787478068 4.876751726563095 0
19.88059787478068 4.751751726563095 0
19.87779893739034 4.875875863281547 0
17.26657231576788 3.108575421687782 0
17.36456275809309 3.167040906374828 0
17.28817433129227 3.181496856829131 0
4.900833273399652 3.039328879084491 0
18.40677585173615 2.887782600578067 0
18.44447872387471 2.963430707640822 0
13.05990836371505 2.135116553181457 0
18.70094176203851 2.205184641672508 0
18.74485403374816 2.27985205956279 0
13.49938720851269 3.940124843464585 0
13.54782785679328 3.854326360791648 0
5.126686546715197 2.863016464681674 0
5.177160130151308 2.905574463833862 0
4.04542901495858 4.269127930277329 0
4.094052310328378 4.172229431850175 0
4.14268031097658 4.252249266750326 0
17.44976130734257 0.6570793081229331 0
17.55107671470268 0.738471631407865 0
17.45979951361688 0.75326977629978 0
0.2465436493089754 0.1381765893213478 0
0.1215436493089754 0.2631765893213478 0
0.1232718246544877 0.1315882946606739 0
7.349099828826082 0.9101700459418776 0
7.194489887505187 0.9683326602328974 0
7.23817293697258 0.8600994657118695 0
13.27264566883132 0.3498767849927029 0
13.50569353255032 0.3656781566132947 0
13.38916960069082 0.3577774708029988 0
7.140609835329306 1.149043970180584 0
7.244837192969202 1.303229749455293 0
7.192723514149255 1.226136859817939 0
7.386124860747909 0.2157666898896822 0
7.380562430373955 0.1078833449448409 0
1.475143625491762 4.427764147344607 0
1.310523128331742 4.451442051044298 0
1.392833376911751 4.439603099194452 0
18.35199889059282 2.647530248380048 0
18.20131982048734 2.604103932648233 0
18.27665935554008 2.625817090514141 0
7.146544271120648 2.649128726497641 0
6.933979677879896 2.652424164690711 0
7.040261974500272 2.650776445594176 0
17.69473181726154 2.003313809792327 0
17.66409308117145 1.896931657154509 0
11.90422960168638 2.069726444410416 0
12.00902060397265 2.055703216374532 0
11.04533718257058 3.253247813178278 0
10.78863928803978 3.209546208980361 0
10.91698823530518 3.231397011079319 0
5.699504272625968 3.12867049208459 0
5.684365591509753 3.015783238555202 0
5.751899021200001 3.0691473046983 0
19.09394679403625 2.935996325021614 0
19.07777481201468 2.846806259625408 0
6.86782520110676 3.315754579216896 0
2.735122047237775 1.348985003675626 0
2.912362666635376 1.325786006925711 0
2.838251838447307 1.425770927605567 0
7.583881871989773 3.886250752698341 0
7.519838983840062 3.973802937506155 0
1.601235958366747 2.986977506937341 0
1.592632330609902 3.075623921901216 0
1.486891177770953 3.06394615797527 0
1.54406356806885 3.025461832456305 0
19.82570673319479 2.617159254740744 0
19.91285336659739 2.621079627370372 0
18.59313319528789 2.559480064831223 0
18.56268122470939 2.657714689528584 0
18.44556966111653 2.620039950100855 0
18.51935142820221 2.589760007466039 0
2.149254458303904 2.143730613604483 0
2.112970101515355 2.266017954935584 0
1.995938342417833 2.243359431490703 0
2.072596400360869 2.193545022547593 0
8.761797101192041 3.262026371907926 0
8.703748609384824 3.32125029831176 0
11.68220996887278 2.082171280581588 0
11.76890792572197 1.958907198981958 0
11.79321978527958 2.075948862496002 0
3.901407521643052 1.767442426734931 0
3.956251392103325 1.838588205931343 0
2.727024402697715 3.807803586170377 0
2.637499661792036 3.749091484350273 0
19.6820198835987 3.8275330155339 0
19.55883944956197 3.757395056190993 0
19.66651884932167 3.630056649550222 0
19.67426936646018 3.728794832542061 0
7.295284872824846 2.342253886398595 0
7.360450813106629 2.245809788068061 0
7.500445434560789 2.340334516455919 0
7.397865153692817 2.341294201427257 0
14.77297040620921 3.998546099618801 0
14.71001970114896 4.077268073733614 0
18.68142942392093 2.526637626635906 0
6.476249628391768 4.004049468193296 0
6.488283397630566 4.082003183918067 0
14.45540085584378 1.742102520648162 0
14.5377359666923 1.710509013828031 0
1.440445114217651 0.8880000615431896 0
2.315336686568294 4.046487214188065 0
2.175972845378097 3.898648593549933 0
2.245654765973195 3.972567903869 0
7.73059490254902 3.853975687485775 0
7.551087771421355 3.751724600137778 0
7.640841336985187 3.802850143811776 0
14.8478626323375 4.623357632553782 0
14.8069922372832 4.522488603287434 0
19.03596889498121 3.775013446429118 0
18.95056334623634 3.784778941753366 0
7.12725250108983 0.576556188180442 0
6.902725013111756 0.5824754540199077 0
6.999007340936237 0.4788342782608739 0
7.014988757100793 0.5795158211001747 0
16.51639222741271 4.239125330199244 0
16.63087102824978 4.179165495041481 0
15.53735703646828 0.3786892093943957 0
17.34959509904471 3.042091399030965 0
17.45582414878858 3.014204676630858 0
17.41019345344083 3.090622791502843 0
4.013927065249748 4.087193426932837 0
4.09908120519522 4.096331695688725 0
18.3052774509568 4.632552245947845 0
18.51058504190287 4.501113427583844 0
18.40793124642983 4.566832836765844 0
16.15762373250336 0.4515949360349882 0
16.27600114457456 0.5897425794528717 0
16.05226182853418 0.5563319826806055 0
16.16413148655437 0.5730372810667386 0
4.33527476257276 3.189214816400255 0
4.493993495303257 3.229507002882705 0
4.414634128938008 3.20936090964148 0
12.84896444560221 1.754876698894095 0
12.75582793403425 1.759293573965594 0
18.27292682892032 1.888954013068168 0
18.3890561315632 1.918797252180603 0
18.32188016057226 1.952112781753125 0
17.40147352454211 1.611261238401954 0
17.4133991484974 1.713573824482231 0
0.5695526347629922 0.9831820061365728 0
0.6776499635926889 0.9976469812345332 0
16.69274004902707 1.921883501161414 0
16.61759535414884 2.008353653799236 0
16.61282915276666 1.925474628242624 0
7.955507657158441 0.4676616484773386 0
8.07460448720081 0.3721567842432734 0
8.05562010859029 0.474408253088392 0
5.160524384631223 1.828331184976496 0
18.40991840671455 1.087509458715674 0
18.3084796890492 1.076690932610403 0
0.4898227056601883 2.733884219385381 0
0.422212814062263 2.61915617481661 0
0.5365929892742471 2.541382656541992 0
0.5132078474672177 2.637633437963687 0
11.64311133582095 1.854625320637195 0
11.74880390595503 1.847055471944211 0
3.522100117426005 2.966063110385605 0
3.546565843301229 3.080451454275286 0
3.472395586721407 3.033837868783718 0
1.952513906769328 1.895222814479921 0
1.89538344122249 1.946936525228361 0
2.825742502064861 4.594302573559279 0
2.696979128089891 4.4946839334137 0
2.803300230540605 4.393277880793159 0
2.932063604515573 4.492896520938737 0
2.814521366302731 4.493790227176219 0
3.592329902346974 0.7512350957240566 0
3.355508976613427 0.704901639086732 0
3.511599444390949 0.6254627389453304 0
3.4739194394802 0.7280683674053945 0
7.238693243297959 2.649853149695575 0
5.610035502119789 1.004332180961969 0
5.547504671494181 1.066321178863312 0
3.007759460161514 4.187108079794113 0
2.992866683669165 4.084980218643245 0
13.51926358048835 2.041489682204074 0
13.6357959157013 2.152270625091423 0
13.52500310228851 2.150135294768319 0
11.03175717630121 4.285796384805371 0
10.98185353219135 4.196730220536038 0
19.55721252011002 2.729895975397754 0
19.45897064437453 2.859895472229054 0
19.45139579208749 2.752080071104532 0
14.22287396066072 4.079013883393348 0
14.09674175183783 4.104100759199431 0
14.0638881268952 3.957361224524934 0
14.14338104377796 4.018187553959141 0
14.14598258651643 3.099046259652837 0
14.26216383705757 3.191274551608751 0
14.06369842775314 3.198576373219859 0
14.16293113240536 3.194925462414305 0
1.934660315608806 2.345565095703036 0
1.93997655484074 2.427551425646847 0
4.355025678884329 2.755976178840151 0
4.296223112546034 2.856216207257695 0
4.273395811502269 2.786455836591054 0
2.938628265619084 2.147046000789228 0
3.044777220197801 2.146205644440589 0
9.164285377425495 3.470164880844787 0
9.096305476453448 3.334730466605851 0
9.057469791178708 3.433528186733553 0
4.533015751931971 3.302018969545133 0
10.37148490714369 4.25312202486217 0
10.47522127100783 4.335053171171966 0
10.37141146769015 4.338597222441959 0
16.93780312271134 0.575004023357903 0
17.00559633468026 0.464857797877456 0
17.03390630793987 0.5637787437960928 0
7.919414145719874 2.926682805281952 0
7.86533969798187 2.817957453468695 0
7.954454148372317 2.847855704847253 0
4.452784258387479 2.893709553097621 0
4.532884931618768 2.902054526489168 0
18.09687697464889 2.587423048283408 0
18.05207405123159 2.60781137311848 0
9.564393327376589 3.290872361947742 0
9.504827077491457 3.198119828761014 0
9.593458732273218 3.214813639290225 0
5.262373274855742 3.442830884105343 0
5.176915517341556 3.481634981315241 0
5.415454019587981 0.721586186404904 0
5.276924828330556 0.8141751051861239 0
5.302938145064633 0.693915474981929 0
5.346189423959268 0.7678806457955141 0
9.627179695944275 3.392413850317911 0
9.72444581039486 3.405746881291856 0
17.39218601716433 1.514977395257972 0
17.562513259644 3.499615282456014 0
17.514896224906 3.585216142606537 0
13.2211026788656 1.75190504104915 0
13.21133007687132 1.908020873373065 0
13.15891069971979 1.819125429062313 0
14.93386016296106 4.037660439855017 0
14.97267765136066 4.110663559369074 0
3.741891987671899 1.042681914138066 0
3.915957357613133 1.039617692017427 0
3.83325603047585 1.142532798271513 0
17.05861958587338 3.859188007909338 0
16.98340611627459 3.947083540991707 0
16.96776828299062 3.855481945447424 0
19.68285959054973 2.652785949251128 0
19.66299982127519 2.763776396768841 0
13.07883078998487 1.312375032382505 0
12.9879747539066 1.367111070767116 0
12.99279034964079 1.284827713643799 0
0.9770244505684254 0.5866237171821509 0
0.8833207246432249 0.582130809509223 0
5.216613007960826 0.9069613688986784 0
5.263214458500409 0.9929650724586492 0
9.097431419412516 0.5090114338127565 0
9.103511288963947 0.3803384528034406 0
5.700999783423786 3.248999085061384 0
5.568486559383552 3.242317153467787 0
5.63399541600476 3.185493822776188 0
5.173859734296399 3.896254257199629 0
5.079419263307935 3.889241745678029 0
0.5692932727320432 2.432006038511545 0
2.179781468764531 2.733375027440992 0
2.196738615377779 2.606044150278858 0
2.31237098444373 2.665321373717601 0
2.246076226604131 2.699348200579297 0
11.5053875563034 3.974996787025847 0
11.40085121730917 4.018154141473074 0
0.5903929894257196 2.943230854733387 0
0.5425389123434385 2.828870864790038 0
0.6243178189347915 2.860779658374928 0
10.1099528504417 3.98459838299335 0
9.897421854054027 3.97086430206839 0
10.00368735224786 3.97773134253087 0
15.95402363161218 0.1222683809249343 0
15.80833865181208 0.2730268505953966 0
15.84166932590604 0.1365134252976983 0
5.989881624313445 1.655439527159345 0
5.996253741929274 1.75710864351066 0
12.80202303974603 4.666132133226155 0
15.98026748168757 1.939218518866873 0
16.02886980303787 2.097377330293305 0
15.92326565928438 2.04035300064991 0
1.326684953917276 1.62954835084311 0
1.27242798634191 1.523162235783682 0
1.38241275948365 1.464506387944276 0
1.354548856700463 1.547027369393693 0
17.00551651144912 4.038922344429074 0
9.972129623034071 0.6120784684016742 0
10.09998747467287 0.4877458574106344 0
10.09527076898362 0.6103311554639395 0
11.3239354387313 1.969881690577285 0
11.45379899694765 2.086376703686862 0
11.33723572859571 2.086011687910748 0
0.5652671883362359 3.732159814523504 0
0.5356662818298794 3.63443873998133 0
19.47475955557234 3.012824771374806 0
19.4564912446604 3.116859206086413 0
19.52142727955829 3.072202561726602 0
17.65545446185661 0.673622430247899 0
17.64587945338352 0.7739506753745133 0
17.25948755724407 4.890339843807725 0
17.38596950700857 4.787012572546866 0
17.38048475350428 4.893506286273433 0
15.91444643592656 4.473645082526009 0
15.80329513630476 4.567526742846055 0
15.72395557147142 4.484947002649921 0
15.81920100369899 4.479296042587965 0
15.48214217925807 2.99303076825606 0
15.66298501843853 2.993491444309086 0
15.55777593335293 3.084072152028299 0
15.5725635988483 2.993261106282573 0
14.37849257492693 0.2453657610300777 0
14.3806322686059 0.3669788031925467 0
12.98595763673303 3.177501105077777 0
15.94065275765999 4.639476484735603 0
15.9909663328115 4.545217582603809 0
8.381618490929556 1.443231340277481 0
8.312199547612725 1.553433072167006 0
8.163548385367559 1.462681802042586 0
8.272583438148558 1.452956571160033 0
12.2503203172663 4.366209426551253 0
12.39158543744744 4.464045335739728 0
12.27065166979967 4.471676480664724 0
3.234144299550654 1.854505830669157 0
3.232570282657258 1.77183735174748 0
1.408792661513722 0.4176000863565745 0
1.304836589587749 0.3982590611198553 0
4.934277262769783 2.235928333335908 0
1.853380209842792 2.809832898536103 0
1.725432726268433 2.901570387808004 0
1.789406468055613 2.855701643172053 0
17.29475835324765 2.33917316926393 0
17.18123143905871 2.337241326562218 0
19.13723990894891 3.659695384830767 0
19.13547739947278 3.762250176149555 0
17.79046643630212 3.017586976939747 0
17.90179531665949 2.995537324285876 0
17.85784909718539 3.073689290677974 0
19.21276662556021 3.015184652095484 0
19.10862618869641 3.043190064604077 0
18.51190040817458 0.9998052848384507 0
18.51884048190081 0.8985451162157287 0
2.194028166279834 0.4409672673552611 0
2.176235983011813 0.327701941096068 0
0.7213516777977347 1.957572807920575 0
16.10556975200034 2.205566919457964 0
7.299606191927017 1.394658212320948 0
18.93953419848499 4.366893461663745 0
18.99677450385058 4.242817815452383 0
19.02323716965466 4.33431387519046 0
0.8781136829933409 0.1257550112858379 0
13.75676540511375 0.3786565110129483 0
13.63122946883203 0.3721673338131213 0
0.1080934896442329 2.738987657494767 0
0.23292604174312 2.844416680146181 0
0.1248325520988871 2.980429022651413 0
0.11646302087156 2.85970834007309 0
5.981902274401007 1.550552603898093 0
6.223177181125922 0.4104238067837063 0
6.242204162702031 0.5064244221990959 0
14.25244935180964 0.1232478624486211 0
14.37674628746347 0.1226828805150388 0
3.787991238316943 2.116012420926181 0
3.896449954065772 2.089035366831174 0
16.0553642474303 2.966432514485134 0
16.1642996936298 2.882986342832947 0
16.15465494207905 2.985730198306146 0
3.233048671569242 4.898009675260246 0
3.338043228766115 4.795417737909563 0
3.479994557196873 4.897408062649317 0
3.356521614383057 4.897708868954782 0
19.52736795246873 3.424872753745239 0
19.41205200973666 3.249031265128671 0
19.4697099811027 3.336952009436955 0
2.98608351185587 4.898355781115447 0
3.094132183425113 4.796365456375693 0
3.109566091712556 4.898182728187847 0
4.037402472065128 3.198868227063886 0
4.008343963461247 3.286571237193274 0
5.549484506572057 2.809609449350376 0
5.601810312667838 2.732868529604804 0
9.94403363312875 4.339022112609586 0
6.197614156084704 0.3091343033485607 0
18.48663373364705 2.751905510601 0
18.56417659680132 2.737027464500083 0
17.80939727870987 2.27577485073099 0
17.82989520779682 2.164642860186116 0
17.92791993904592 2.305138683366327 0
17.87890757342137 2.234890771776222 0
15.31225763169577 2.034175686066142 0
15.16487951419791 1.87121274712605 0
15.23856857294684 1.952694216596096 0
1.530076147312354 2.75922280981875 0
1.472711487969946 2.703725941491544 0
2.553801270387375 3.480344934649341 0
2.652793516822924 3.435362706653024 0
7.403050331423293 0.4211154794100151 0
7.280369101383304 0.3242436356560083 0
7.3945875960856 0.3184410846498484 0
17.71113692864259 2.817237302038051 0
17.6300135615072 2.873103771102633 0
17.6490253471131 2.804056079545485 0
1.548896895316139 3.164534472563532 0
1.612241808140002 3.143077315514826 0
8.167602106722404 1.608674298103961 0
8.103078146494997 1.540730914269085 0
18.49732877492555 0.4404255108738058 0
18.36931729522048 0.4153629437401811 0
14.77524811344001 3.004266843188227 0
6.752080873451091 0.2860225653113559 0
6.659525707814333 0.3794372493647797 0
6.648779083541226 0.2890140702361244 0
4.423684680494728 2.816468897650466 0
4.374503685466756 2.874962880177658 0
2.756543370941081 0.2936993232780094 0
2.641360351905262 0.2967640628081138 0
2.856976322704115 2.740755311218757 0
2.845530503947662 2.651988348216151 0
10.01737321209978 2.106878179538448 0
10.13556059219307 2.099573782413078 0
3.430330480654799 3.861431997506887 0
8.828134109507076 1.984579178708703 0
8.875766394512647 2.216931111248336 0
8.727900702763586 2.103167727943303 0
8.851950252009861 2.10075514497852 0
15.47748881534936 1.961305633468583 0
15.51218120027214 1.865003458521775 0
13.27880123821109 2.934548133734684 0
18.08759866852495 2.83374637035106 0
18.14712447624122 2.872652858369456 0
7.703490605254899 2.849554536138339 0
7.643121860507218 2.974646656909264 0
7.609914118063889 2.882377528299779 0
15.70022083125648 2.350000265695797 0
15.59079592406834 2.337891216640668 0
2.973469657652704 0.6351028820679741 0
2.881415572390534 0.6632357310566879 0
15.12904546782704 2.814107683805162 0
15.34175376991397 2.837029540208771 0
15.23539961887051 2.825568612006967 0
12.59984905406235 0.4481651405604987 0
12.5215756113389 0.3392547237615493 0
12.62206569980896 0.356834661248731 0
10.82544735889087 2.915896963848523 0
10.74174742373956 2.820277712607099 0
10.85231748259564 2.828048470266587 0
19.5969434008952 3.527464701647731 0
2.077944135116204 2.62356383283576 0
2.075377638927359 2.713964228711359 0
1.975518864536822 2.719270032544812 0
2.026731499826513 2.671416932690286 0
3.108215630769462 3.47032285227369 0
15.44228346924483 3.319733297748447 0
15.57265974994711 3.263990068068515 0
15.61765825178965 3.36902157217436 0
15.52997086051724 3.344377434961403 0
19.39202794253626 2.953930521617862 0
19.46686509997344 2.93636012180193 0
1.154751392306167 1.162010208623729 0
1.186903533821919 1.056379452358949 0
2.869509616938649 1.182494135094912 0
2.747341903321059 1.221399972823456 0
2.78698144752591 1.141354840174307 0
1.202463442446021 1.748265209931295 0
1.15853142751639 1.842144741850501 0
16.76634466078823 0.6249088484897685 0
16.69703564624405 0.6473403690612674 0
3.914772605610088 4.177326331021355 0
3.906886028303869 4.082630470384577 0
16.99396374288341 1.512603853762223 0
13.04578320015204 3.945985928080242 0
12.92177488832329 3.967217349019014 0
5.106542320809426 0.6383980339004349 0
4.99465306753156 0.6707700085535886 0
5.028401191411235 0.5912090978240034 0
9.369135791313841 0.1251246662125163 0
9.98234655740591 0.3669485744922838 0
10.10583777771554 0.365710502027139 0
9.304560351275494 2.888959535017021 0
9.372574599668278 2.836435755971636 0
9.376384336996981 2.894665995602312 0
3.775297586392309 1.752790070154566 0
3.785638952175482 1.637195594103282 0
3.843523236909267 1.702319010419107 0
19.32736151829463 3.074989803039661 0
19.30239728404824 2.984557586856673 0
19.70078284102934 1.804736069535787 0
15.8552052753757 2.988139449752082 0
15.75909514690712 2.990815447030584 0
15.52170990974089 4.481007961188884 0
15.41348042913371 4.474166576831026 0
2.374847661826061 4.211532920368017 0
2.25940122433148 4.160521858473013 0
2.345092174197178 4.129010067278042 0
2.969188400649083 1.233687251500737 0
15.0153241873442 2.812254128893235 0
13.95686399331205 4.197015644896665 0
13.97328335649846 4.079490782993059 0
14.02680287257494 4.150558202048048 0
16.66714014310465 2.114774386580804 0
16.57550257293591 2.095166954936455 0
15.3590457626403 0.1199768224922564 0
5.305173035929485 3.923514773037059 0
5.233778034032044 3.978457561241323 0
13.05086114520694 1.480186337541443 0
12.95787577507136 1.45141882651968 0
17.97503376291779 2.831924612776482 0
18.02792918809731 2.780639946886711 0
5.52577253910588 3.966972466443312 0
5.429584000640803 3.864229182484497 0
2.849895864119102 4.796736360009572 0
2.958629744177163 4.695331855963535 0
2.837819183091981 4.695519466784425 0
16.89361213291534 2.658071446387293 0
16.79109786445109 2.657449149419349 0
5.565727523128691 2.905015241145972 0
5.625046557319222 2.960399239850587 0
7.192652466708825 0.4454452259495203 0
7.307722476243511 0.4998950860716831 0
7.217487488666671 0.5382256371260623 0
18.60985066028453 0.3988381448751364 0
18.66544425178294 0.55304452081841 0
18.58138651335424 0.4967350158461077 0
11.52281936242906 0.5114815108028126 0
11.6334631198246 0.5604991774201804 0
11.5496702620015 0.5936223798142057 0
7.556260228270101 4.334123694916467 0
7.664221530271187 4.435374449361248 0
7.562699630815427 4.426929531467405 0
5.473373475199015 2.914692171085067 0
5.408254665783268 2.941923222494101 0
3.414595398204574 0.5081357555770269 0
3.659090418914364 0.5361625497535176 0
3.536842908559469 0.5221491526652722 0
2.812042396566776 2.220810540701088 0
2.81975668366821 2.32879457774377 0
17.83251448646631 3.514626065613187 0
17.92109555070693 3.542356832359947 0
11.03594465230907 0.7035172924767576 0
11.14228639167763 0.8018613075587444 0
11.03805476264288 0.8108270107250726 0
19.50604401939342 0.1231278252962138 0
19.38277654893079 0.1228894145770294 0
11.14949613454919 4.484162240753284 0
11.24312294973288 4.550052719501969 0
16.07756186527158 0.3257894969906729 0
16.28352917596332 0.3664625743194394 0
16.18054552061745 0.3461260356550562 0
9.465914635503832 2.772801331884267 0
9.55874400985538 2.779802660675036 0
1.607809387710358 0.4722011501929337 0
1.722950878902019 0.3916504312874611 0
1.708275521425222 0.496651202017198 0
16.99122355319766 4.86772615797776 0
17.12535555522087 4.879033000892742 0
15.72639448278651 3.399588360059564 0
8.695820818458118 3.998942728312437 0
8.764382794960179 4.140119347280613 0
8.808883347983768 4.034642857774226 0
19.78672388597948 3.042914493199607 0
2.091112598585772 3.822593264731974 0
2.004765160411052 3.79813629147795 0
13.15449334826155 1.269413931376994 0
3.680821264445418 3.051834136578884 0
3.631416384599488 3.129537122062458 0
12.54456379027756 0.5407415500467461 0
12.62431347426294 0.5338318646007836 0
18.60673982731543 1.113908871218497 0
18.70387867951041 1.12616280904018 0
7.846163832796822 0.3992557971694759 0
7.853536379954867 0.5025917414248591 0
7.959077438365472 0.2913635584046381 0
7.849097811555534 0.2986272869010822 0
16.10556037972213 2.788911148493542 0
16.21883076638497 2.727332775427787 0
16.19156523000738 2.805159559130367 0
11.54971788421845 1.968360664917848 0
11.42692295183656 1.858768466299701 0
11.53501714382875 1.856696893468448 0
18.17286484725401 4.572135122829478 0
18.22290727947098 4.666403578907103 0
13.17806562779081 0.4634459679260798 0
13.05705086697798 0.3572129096494612 0
13.16484826790465 0.353544847321082 0
7.388913179315674 2.062944219496931 0
7.278484041612884 1.969476214675325 0
7.473088848521437 1.982646983139243 0
7.375786445067161 1.976061598907284 0
13.99045112451446 3.290974393217456 0
7.450984281611487 0.9693310651840974 0
18.74831049855654 4.434164373382849 0
18.84392234852077 4.400528917523297 0
7.695974363785014 4.29795138303211 0
7.604861631631533 4.257375954016352 0
5.08325578463322 2.756744966758065 0
5.023110885414162 2.759177985362369 0
12.62945837669125 2.257511038921971 0
12.51635654051613 2.164343454577563 0
12.62029072840079 2.161385751362313 0
9.477460367515571 2.296140933590033 0
9.364819026212491 2.306535864450642 0
10.39080137625559 4.09417669334559 0
10.31811571988487 4.001173271755862 0
10.41530093626755 4.013530873824478 0
3.64676292141446 1.852666962066829 0
3.665109468172092 2.025922662724028 0
3.655936194793275 1.939294812395429 0
10.12484218672822 2.95307099262096 0
10.02043614218692 3.025213944124939 0
10.03653946299264 2.949089400414837 0
14.99932642757531 1.669679174156797 0
14.92546779442974 1.547393557528103 0
15.02882035305549 1.570355902027799 0
18.35944323075633 1.812601739684961 0
18.28341138209192 1.813732769278884 0
14.4986412843659 4.344264697776698 0
14.47707971160269 4.274124985337111 0
10.58064303544554 0.8430773332601098 0
18.89299551088636 2.00093869210616 0
18.9515046286148 1.911214118163218 0
18.9769052946399 1.997460520617827 0
18.61064596752185 2.052408616287391 0
18.72804238659086 2.084116075803502 0
18.65579386478019 2.128796628979949 0
1.90408591525985 4.894085363336247 0
14.95302656147518 4.642919291846812 0
14.81235740302631 3.859062195414959 0
14.97324715977816 3.898176535651176 0
14.87310878299368 3.948361317634988 0
9.10064633925024 2.815422881720903 0
9.016783875130058 2.885980115342956 0
9.023660988359344 2.820547890093974 0
8.608819662356497 0.2315995403426023 0
8.587814111543549 0.3544183247591763 0
3.144208841250414 0.6624723140923181 0
3.05883924945156 0.6487875980801461 0
2.373859245503875 3.512241802457903 0
2.426641396562383 3.409489130053303 0
2.463830257945625 3.496293368553622 0
0.1132025536872003 2.500123311727808 0
0.1201240831137245 2.375402896776138 0
1.825243547731812 2.289711264535151 0
1.88652157454084 2.187505600322818 0
1.910590945074823 2.266535348012927 0
7.798203337770468 2.909629475260282 0
7.784415151618385 2.833755994803516 0
1.914449537189807 2.764551465540457 0
18.74137868310915 0.649715933942373 0
18.72889976964871 0.7426877680001069 0
2.07628627768705 0.7013334325190641 0
2.055317669103307 0.7868024705214074 0
17.54490552417257 0.5550134370846562 0
17.44008140096177 0.5518909363025406 0
18.50832911701499 1.100709164967085 0
11.059750694689 3.705055014121912 0
10.6338844832619 2.319458672111864 0
16.38042494467824 0.5104209690202086 0
16.40242532091608 0.3965630122286545 0
17.76282919921133 0.5745157145185935 0
17.87728982035905 0.5869507761139949 0
12.1649505988329 1.807432698707232 0
2.137329648996465 0.5363699466554457 0
2.18201500798007 0.6663215181078161 0
2.106807963341757 0.6188516895872549 0
18.57544740243963 4.330450393547403 0
18.45891437792676 4.20441321040248 0
18.58015059986655 4.201687978472446 0
15.47431120825864 3.165728172726777 0
15.56521784165002 3.174031110048407 0
9.304262122616667 3.407184443587359 0
9.265479821292944 3.497558547133107 0
0.6023972655280438 4.541228592169169 0
0.6109910336013051 4.769739110047263 0
0.6066941495646745 4.655483851108216 0
17.60404343842279 3.026177004469736 0
17.70971419082704 3.043593497884063 0
17.65285854554648 3.080939934475355 0
11.56508626214237 4.589071292083219 0
11.59865037419756 4.42489742429212 0
11.58186831816997 4.50698435818767 0
8.800437480541509 3.164655343291652 0
8.932764270892385 3.205055700230504 0
8.847280686042213 3.233541036069215 0
10.21403428516329 3.992885827374606 0
15.36348184064887 3.02127188109948 0
15.35992352479061 3.146524872169509 0
15.30014271998065 3.087638226872929 0
18.50005163789685 1.892679009618767 0
18.62538588509631 1.912915468480093 0
18.55534880270935 1.972543812953079 0
0.6179955168006526 4.884869555023632 0
18.90110377951231 1.796182699602225 0
19.0004626625072 1.825294493586246 0
10.52820194145142 2.808831497306745 0
10.42530997330848 2.80526304374439 0
15.41194797458602 2.915030154232416 0
1.63753167859705 0.2864737455203943 0
1.726867583028465 0.300338042797331 0
0.3137006615398192 1.538724383394154 0
11.72477610172914 0.5042649269149271 0
11.70718362970139 0.5829695257379408 0
8.616909831178248 0.1157997701713014 0
9.385913237685152 3.245279348065189 0
9.339931056233965 3.150597184513066 0
9.42237906686271 3.174358506637041 0
19.65692237097507 4.511540099846424 0
19.55036950179875 4.396471540937844 0
19.668010206146 4.272954693723902 0
19.66246628856054 4.392247396785162 0
10.56130485054391 4.238201153519356 0
10.4771571782887 4.176700835045922 0
10.63313842855368 4.170820122607158 0
10.55514780342119 4.17376047882654 0
3.958880221553897 4.36924203887409 0
3.985945830674291 4.472123554241037 0
10.66458839368121 3.247311377105846 0
10.56224419306148 3.261724977404518 0
9.222380841560186 3.177663764211595 0
9.270071279916486 3.114857405775632 0
3.281915596103236 0.5926887700024777 0
3.302144496043678 0.4969089183011826 0
3.767170942098993 0.661429051573561 0
3.792610487303173 0.5507989409256875 0
18.79778152750292 1.839775473488138 0
18.77403518315372 1.952084206333101 0
18.71158370629961 1.876345470984115 0
11.21750056995114 0.7016695132643798 0
11.23481038418916 0.7958079876415456 0
19.0938676289652 3.560625177639563 0
10.57591841265491 4.321245063588889 0
7.257767168517074 3.380235529429196 0
7.202133982298266 3.441098500991854 0
15.73117902963689 4.674565182343043 0
15.83591589364844 4.657020833539324 0
3.674617273751307 1.528110200855766 0
3.730128112963394 1.582652897479524 0
10.84896162651988 1.84404551017518 0
0.6060934035141301 4.315924782389165 0
0.604245334521087 4.428576687279167 0
17.89138587520596 2.476303422677799 0
17.90681311649077 2.529810531640758 0
3.520597266072427 4.486146342281593 0
14.47080292493756 2.819743342238848 0
14.56712992963825 2.721837907692079 0
14.57135526286806 2.814976681180042 0
17.5256540050617 3.387606163714262 0
17.45898156447243 3.348891337603374 0
9.306764185728408 2.770904498460342 0
9.38633941061612 2.771852915172305 0
12.49244662681694 4.348358425013879 0
12.51319873877896 4.457004323029283 0
8.116590311519492 2.071637350978464 0
7.950520648144284 2.106012537073652 0
8.021181319642174 2.004198597515075 0
14.39015630838749 4.594135451214487 0
14.32996612314003 4.705581387336783 0
14.41380117604758 4.684857092506853 0
13.33275865072866 1.835237386310757 0
13.30877638314984 1.750337165772816 0
13.88049299895017 0.2495411402130836 0
13.88389942525809 0.3773787040483092 0
8.535041240228033 1.505038520679227 0
8.493725229276857 1.391214373366109 0
2.677586222576656 4.295146043593862 0
2.57190344360508 4.39477529148595 0
2.45345890312983 4.300366220059306 0
2.565522562853243 4.297756131826583 0
9.914964364687661 2.225650668019114 0
9.908361664726051 2.118562285743983 0
16.37407120950521 0.6114134594011502 0
1.623928649246238 1.928055056973328 0
1.55359636610314 1.881914594200435 0
5.970079421155702 3.851110003067637 0
5.808295369766769 3.931720047876937 0
5.84495690900265 3.825077148953447 0
8.471345572105164 3.923425546553768 0
8.314091545809054 3.988629769270356 0
8.248574916314467 3.844466193118524 0
8.359960244209816 3.883945869836146 0
17.68339920620516 2.949624662279541 0
17.76415145168024 2.923618141335226 0
17.73693282125364 2.983605819609644 0
9.853310659178737 0.4908946925281397 0
9.84896039473163 0.6135260575237089 0
7.053678076145984 2.151269114605977 0
6.93659157264371 2.252223309640635 0
6.93699567836122 2.152684500371841 0
8.53756011067976 2.164481462883171 0
8.614973365329462 2.037072729297857 0
8.632730406721672 2.133824595413237 0
16.87343796594624 4.891138142618574 0
16.02467065825625 2.64048828856352 0
15.91158457598219 2.719508093165148 0
15.93874902516052 2.641364739189347 0
4.790585181585925 3.292768949266873 0
4.73577034420253 3.324497516946264 0
14.83319959135187 1.54308749475554 0
10.38114314169964 4.17364935910388 0
18.98238869983976 4.151414597850274 0
14.87305340278296 0.1199671387614503 0
19.36970676401564 3.162010534084166 0
19.48653758127659 3.857277302694036 0
19.47817304065662 3.776684851645315 0
7.059920131505907 2.342444195769906 0
7.166582627776142 2.247919467382048 0
7.177602502165376 2.342349041084251 0
1.074722988291963 0.5980145391640241 0
5.925685005027667 2.814697247341614 0
5.958564735570477 2.884325098418053 0
2.331819135104889 3.011627669539556 0
0.1223424435170557 3.883901314071503 0
15.31695332332598 0.5365622364124183 0
1.041154570148677 1.290239747473692 0
1.101481672426987 1.389860327926216 0
1.027033097694584 1.370022624408709 0
1.17437022992068 1.271150076860644 0
1.097952981227422 1.226124978048711 0
17.67228299311758 2.132442096556403 0
17.76231351252918 2.083978334989221 0
8.825867564478862 4.278860120084888 0
8.938786387289293 4.325049144421245 0
15.99913936961716 1.823656486743677 0
10.20326568925844 3.033955426033979 0
10.21635712789655 2.956239926352847 0
10.75973325722083 3.087485694765564 0
10.71216082545102 3.167398535935705 0
8.150462963287431 4.056600825424914 0
7.987843578883623 4.110803182988571 0
7.931755957307427 3.956167489078561 0
8.094375341711237 3.901965131514904 0
8.041109460297429 4.006384157251738 0
4.610232968328267 1.111035741826732 0
4.655494358921546 1.199717727370419 0
4.726186589264085 0.8499288498296074 0
4.877928714359467 0.9100580191448553 0
4.66288175126026 0.977919879248935 0
4.770405232809863 0.9439889491968951 0
9.592475526273311 2.336718335941873 0
9.553116036088902 2.228636773087502 0
8.73394491556788 1.841271541959094 0
8.864266504069985 1.758777283124135 0
8.846200306788528 1.871678230916419 0
4.095780366247107 3.042048164217706 0
4.033847028433209 2.959895724296621 0
4.12006234385743 2.97347898332715 0
8.583583195281641 3.961184137433102 0
11.65770793896692 0.37603493766259 0
11.75229804023217 0.3955241847625568 0
9.252642152632493 3.298435242328156 0
9.066044165381141 3.213958988489291 0
9.159343159006816 3.256197115408723 0
3.242775861207413 1.949861833485281 0
5.751793214863424 3.567499327198865 0
11.15592113868369 0.5928129011627996 0
11.04605079928296 0.5920875009752782 0
19.67866278261479 4.042874674411891 0
19.57584539538421 3.951459106346394 0
19.68034133310674 3.935203844972896 0
12.92164441809025 1.742818399774436 0
13.29081053714394 4.65100356729869 0
12.4454497843549 2.253677724647801 0
12.50612981782905 2.346509892648915 0
12.4069358165609 2.345228169717128 0
18.2688035727886 3.437987910653252 0
18.35308530108433 3.494222641856237 0
13.40875158620752 1.938369481957483 0
13.51331700527771 1.940431735039512 0
10.0943682251965 3.109197457718182 0
10.1886944017817 3.112846951437878 0
12.53727907504532 1.564007315019245 0
7.540849410987037 1.911047235832862 0
18.16561322850844 3.409566494510705 0
2.122024559828746 2.787904591358749 0
2.14920485774498 4.286382155949395 0
2.047653282976871 4.270900227523763 0
19.47637557759746 4.053853063768043 0
19.48145657943702 3.95556518323104 0
14.25737757412436 4.777421072603468 0
5.760337195867558 4.293533801012568 0
5.847341709489041 4.178081814112893 0
5.870119214710171 4.282775372634857 0
13.12439131475812 1.536989584593328 0
18.69334840180107 3.014274928786264 0
18.75781840300779 2.957918482605327 0
18.7564184193336 3.023817381696841 0
13.74730951484029 2.151960160415459 0
11.5815319664296 4.693836501667398 0
2.285966507238564 3.370062744541824 0
2.268575739031146 3.492272573756782 0
2.215012397461964 3.419987274211209 0
5.694031362490541 4.048535738956869 0
5.827818539627906 4.054900930994915 0
3.603220604242861 4.896968258289391 0
2.57890600744186 4.494180460383833 0
8.354068089785216 1.666934774389351 0
8.260835098253809 1.637804536246656 0
14.27715624234735 2.990572268427967 0
14.06076588310071 2.975714172203828 0
14.16896106272403 2.983143220315897 0
8.717885774307026 4.242766252528318 0
19.32391920452844 4.399179193142705 0
19.25422701196382 4.520528592781197 0
19.24000413631138 4.426270714819424 0
7.006780699322459 2.986023812706055 0
1.340593794147154 2.941180803160758 0
8.5166640443832 1.788045441365282 0
8.662514757451218 1.707981054872103 0
8.588094202499862 1.921335928452273 0
8.62530447997554 1.814658491662188 0
11.54317051450497 0.3852061675779339 0
2.186435453180769 3.804835321037761 0
5.612655264765014 4.211270831379456 0
5.650411630464038 4.319479087969008 0
3.863210642993797 0.7941641635162691 0
4.157379240484902 0.829212584537286 0
3.95660905580481 0.9119546221661157 0
4.010294941739349 0.8116883740267773 0
4.804681071574105 0.7271978724505583 0
4.690780390199158 0.7535804089207732 0
13.461206339494 1.555269437608361 0
11.31495507292197 1.856167292031291 0
2.986543831358626 0.291816181068798 0
2.871543601149853 0.2927577521734039 0
7.27474715836053 2.154443292246506 0
7.474616834061774 2.154310715318486 0
7.374681996211152 2.154377003782496 0
18.34398370779612 4.146023909538628 0
18.14909839756812 2.59576349046582 0
0.297038947226886 0.8024746063691111 0
0.3782335553755622 0.9359203156140663 0
0.2851543508359047 0.9170989310447615 0
1.621914204210881 2.880432351615516 0
1.66333434231759 2.944273947372672 0
5.1530635483657 0.7416246920868006 0
5.09275172799597 0.8344109557993553 0
5.184838278163263 0.8242930304927398 0
16.39270607344413 4.871521905410114 0
13.97851173444897 4.602858382898637 0
1.193958443119023 1.63816583603687 0
1.264574198181649 1.688906780387202 0
13.93706673081181 3.977351919718433 0
13.98956301331687 3.903015100981586 0
3.68432509565259 2.124288172258789 0
15.97149832456971 0.3329580101160019 0
16.01579274844188 0.2240289389578036 0
12.99088726468037 0.4955587131395252 0
13.0957421171034 0.5373838556915866 0
13.02530145025214 0.5755021938440863 0
5.781461082373708 3.321184056578208 0
1.575995175761618 2.819827580717133 0
2.37227455546701 3.314765653992602 0
9.291402589796133 4.336537278486478 0
17.50682593288406 4.674660960679915 0
17.3949476129125 4.687526365378442 0
0.5211086549783115 4.165927296985086 0
0.3865984311956971 4.154329070418454 0
8.482645448459763 1.639577121818979 0
8.598777998839626 1.606509787775665 0
10.61614934519675 2.897537391249412 0
10.69052754013449 2.986052613493752 0
10.59412794972332 2.976754419490582 0
12.4270689082749 0.443303047701245 0
12.41644872280135 0.3366919211838537 0
0.5132964282753782 3.101073587213364 0
0.5518447088505489 3.022152220973375 0
2.137096391317085 2.563067549038889 0
2.077871161689119 2.554159660922272 0
8.895494297569009 2.326854863017394 0
5.179858266319758 2.140511366372376 0
12.03739880561702 0.6205627179013602 0
0.7215819238388548 4.251692806107952 0
0.8203607431829951 4.146826801461599 0
0.8191305301873548 4.245172151376971 0
8.431433276514694 2.231945953131122 0
8.426670620845638 2.334362283958788 0
11.25317680902799 0.6054936338481534 0
0.2282563421022985 3.051159744388402 0
0.1141281710511493 3.088079872194201 0
14.36732502476415 1.819041264982427 0
14.38397492364097 1.927271422927062 0
6.083429781312107 3.863884923885434 0
0.9305846277306031 3.090545910706442 0
0.9631740967100555 3.001577662288001 0
7.855314141812169 4.334358823164219 0
7.921578860347896 4.222581003076395 0
18.7567263785697 0.4795343225391879 0
18.74905253083942 0.5646251282407801 0
9.681394055096677 3.956475093369036 0
9.570561205131506 3.947755923749933 0
3.136960978050673 4.286316997950626 0
3.252963883786543 4.284481573994322 0
9.789407954575353 3.963669697718713 0
17.84237707829255 4.792649684488071 0
17.85868853914628 4.896324842244036 0
1.73277610388787 2.299406728235549 0
2.862447932059551 4.898368180004786 0
2.863209267852447 2.056935989967233 0
2.837625832209611 2.13887326533416 0
7.167549861417246 1.058688315206741 0
9.792018859121706 2.334736029969057 0
9.908407518105305 2.331214641402784 0
7.043389393401259 0.3594513584776564 0
7.161879247392282 0.3418474970668322 0
12.94735507699259 0.3839198608005456 0
3.585698085853307 1.505734744865956 0
5.204740232937031 0.6661567544411817 0
15.42534485511487 2.071397987569898 0
7.554189530453945 2.23597584426844 0
19.43830001082697 4.278556741423754 0
19.4371443531636 4.397825367040274 0
1.167803677379959 4.668946997767282 0
1.239528518389694 4.555042869959069 0
1.269754719221545 4.662218442893714 0
6.724069101764139 0.5468592855428995 0
6.842881146713037 0.4900301594112371 0
6.813397057437948 0.5646673697814037 0
5.421917107363881 3.346512074011644 0
5.433405197994932 3.223797306693422 0
5.495201833373716 3.294414613739715 0
19.76593943204638 4.631122060677493 0
19.88296971602319 4.628061030338746 0
2.945880350200469 3.121969230366739 0
16.86303416798111 0.3655111395911792 0
16.97242404335391 0.3536329061239147 0
0.2324818070873178 0.4067621680204505 0
0.1162409035436589 0.3908810840102253 0
19.63397787507744 0.2470495818305762 0
19.62948893753872 0.1235247909152881 0
14.89625173063355 3.71978764859042 0
14.78986625994935 3.754565651329346 0
8.28563181896048 1.996531023561727 0
8.353559211556117 2.131800622221043 0
8.235074761537804 2.101718986599753 0
5.569213901935447 4.089121648911384 0
0.123320198474822 4.630828756339342 0
14.31629916152684 4.099546304105384 0
17.21414462387632 3.031614544773019 0
17.04508284420573 3.032459072624699 0
17.12961373404103 3.03203680869886 0
0.3269642526770902 0.5635699496485342 0
0.3820186938520891 0.3011392447919601 0
0.4765011394418615 0.4579470264200438 0
0.3544914732645879 0.4323545972202472 0
19.27394938278931 1.647427519496831 0
6.30743331075604 4.269172285940369 0
2.310400810154452 3.56555856850742 0
9.437533207669325 3.354028549324392 0
9.345087680150909 3.326231895826274 0
13.17965114241767 0.5491990309486252 0
9.5323564518068 3.373221199821151 0
14.0028925496041 0.1248412491788278 0
14.12767095070687 0.1240445558137244 0
5.530628949087816 0.7824337869295264 0
5.503153088136331 0.7068220875364404 0
4.691735548783449 3.656535196721193 0
8.142785269595713 3.802267067581122 0
6.373258106582221 2.75749052828148 0
6.373292908542375 2.660355956747513 0
1.865644269022486 2.13221344854111 0
1.525654202059673 0.3327683918376181 0
1.508301024612042 0.4449006182747541 0
6.938726286704357 0.3156857472186845 0
6.817908130494162 0.3740043903599291 0
6.845403580077724 0.3008541562650198 0
3.035354959403413 4.390209412443973 0
3.064064165256638 4.593117581012953 0
3.049709562330026 4.491663496728463 0
2.841238315402482 1.97952657908002 0
7.945138332763545 2.234971533286848 0
7.936866031245669 2.335875074036651 0
9.218018212348165 2.885979542107205 0
9.254163372245207 2.934317357066625 0
3.199566604504588 4.694151181425111 0
3.320045982182542 4.693296602346633 0
9.692247192697508 2.335727182955465 0
17.40569829287271 2.344956395085821 0
8.388086685708654 1.815403093935654 0
8.432806882891583 1.948599331127508 0
8.336859252334566 1.905967058748691 0
18.81051894873861 2.042527383954831 0
12.42065341051923 2.088725059687612 0
12.43305159743707 2.171201392167707 0
18.82223799861305 1.753158923499218 0
3.079098174340875 4.694741518694324 0
8.459686045721183 2.064336131973092 0
8.523890124110522 1.992836030212683 0
0.39985432161264 2.788387163932692 0
0.4711966169780375 2.808629014361365 0
16.11072849916112 2.642514550454516 0
16.19676718766678 2.645277080320666 0
13.86327620256697 4.111764379019351 0
13.87474639283889 4.193602314425399 0
17.86602005591525 2.862158260241233 0
17.93841453978864 2.913730968531179 0
8.965917761009647 1.700360790752961 0
5.900129249384361 0.6152287156326408 0
19.91361223804666 3.418309221935647 0
4.141914508219367 0.9875637108321229 0
4.226557540606773 0.9206175009109365 0
8.042928217861881 0.1903702064291934 0
8.158455266697219 0.2711634322678291 0
8.058766352531345 0.2812634953362334 0
19.56535210596239 4.166207209199063 0
19.45733779421221 4.166204902595899 0
7.815380393537479 1.286290910496251 0
1.64520903966436 2.030758003537224 0
1.613267658581057 2.103170618079878 0
2.658413814802983 1.275178512159566 0
9.858331183528797 0.368160508842982 0
12.40205901568061 1.989426557084627 0
5.309935938781525 3.202471710954721 0
5.379272252769338 3.156045583829894 0
3.688369603241778 0.8839702076667648 0
3.620519586185497 1.004681605646172 0
17.72417855188786 4.715450233078032 0
17.61550224238596 4.695055596878973 0
13.31004083153942 1.923195177665274 0
2.07770714153376 1.897046441753201 0
2.018420838401611 1.837304019177707 0
2.686814353847895 2.921238036443005 0
2.709510839269245 3.007393955465941 0
0.8922669032600758 3.188195513818704 0
0.119450202096985 3.415136058841209 0
2.199728157417526 2.45702339876003 0
2.198233386397653 2.531533774519445 0
17.55065779372483 2.949656113292828 0
17.47589834754378 2.920380355668711 0
0.4133120403177042 0.7063116634014519 0
0.312001599951989 0.6830222780088224 0
2.906153441514255 4.291000494287459 0
2.791869832045456 4.293073268940661 0
13.87774649947509 0.1247705701065418 0
17.13054894671753 3.823870579900037 0
18.30335384971769 2.179425002529592 0
4.256511396427021 1.928460381531212 0
4.332524872534428 1.952084435942179 0
10.70243538220203 4.130145072256893 0
12.44685105490137 0.5454120676988587 0
4.2078807620848 1.870432497404251 0
18.39306296312334 2.779395808880194 0
18.34194728779327 2.840156159722078 0
15.79487202434962 2.360804854132486 0
13.29185368122428 3.957866134957648 0
13.39562044486849 3.948995489211117 0
7.779675577783389 3.011409284598956 0
7.69134042554608 3.056570219406239 0
11.12385235227608 4.899446935857159 0
1.687221035819542 1.968258898370314 0
13.16881844068816 3.951926031518945 0
7.161842606730372 2.057792939470435 0
7.168689795283067 1.961293509322031 0
0.09292835234402474 1.124792681149124 0
7.849544861751632 2.969046044940454 0
5.920118870405916 2.722429298417026 0
5.919015145327845 2.642825341815286 0
11.19934004754407 4.326324317371531 0
11.29636927688648 4.278952035950894 0
16.99488074869065 2.658738876478162 0
15.01866886888124 3.764629019989118 0
15.06614823462264 3.851593026192446 0
14.44897632522992 4.467313555564175 0
14.3590554586944 4.495247211629165 0
2.742644792335781 3.901136598649726 0
13.96692627592684 2.940532245322961 0
8.186000580004816 0.09361274345755888 0
8.083964108930941 0.09518510321459672 0
3.280231668708113 2.650811641012556 0
3.936826413581993 4.273284184947722 0
17.8007431164747 2.388360214273651 0
17.89640613627276 2.398820205344371 0
17.84606449584033 2.432331818475725 0
8.435366067084207 1.727490107877317 0
3.24985890893192 0.683686976589525 0
0.6365971753030362 4.101695320703874 0
0.6581088416756096 3.967987769242124 0
0.7392347924293041 4.057407285351862 0
17.8130055328776 2.755777420944057 0
17.80787266631469 2.667140497523748 0
4.604959510280342 2.368521813765326 0
11.62386036787222 3.918762885044562 0
1.126364197164296 4.46136810965243 0
1.218443662748019 4.456405080348364 0
8.223112591460508 0.1853150588829644 0
19.75855973196274 0.3714506715167936 0
19.87927986598137 0.3732253357583968 0
16.33680606895051 4.424081105688074 0
16.27033612529204 4.489221123629497 0
1.541776203235333 4.417536136171945 0
3.926727413772699 2.979586701531634 0
3.961403797825839 2.910511243594618 0
6.82369391731557 2.654486795760711 0
18.41931631211993 2.699717879490525 0
3.80403713543946 3.019650413499114 0
3.641473827829131 2.933751583359616 0
3.722755481634294 2.976700998429365 0
7.759767836041678 4.384866636262734 0
0.6116880150059227 3.850073791882814 0
17.78857849227892 2.839697781139642 0
9.202618122347955 2.797892048985506 0
9.116046429250448 2.903510374842601 0
9.159332275799201 2.850701211914054 0
3.227691704170956 3.069253430706222 0
14.38157685418139 2.898750642042117 0
14.36682484996082 3.093974122983669 0
14.3742008520711 2.996362382512893 0
5.286225150528122 3.317657248622634 0
5.235759234845821 3.245849836320209 0
2.272156486273761 0.5994316822373622 0
2.262257135057336 0.6733424437989832 0
6.766445042967863 0.4289658827692637 0
6.691797404789235 0.463148267453839 0
2.182742334855066 2.028398774158997 0
2.130224738194413 1.962722607956099 0
17.28186986146052 3.036852971901992 0
6.513795816777908 3.925307585519731 0
3.102260309233688 0.2940134519723063 0
0.2212960433314315 2.614110969222576 0
0.1106480216657175 2.619555484611288 0
19.67333649438039 4.157914684067896 0
6.894344234239336 0.4350686670019019 0
6.968866813820297 0.3972600127397792 0
18.07703966541064 4.510442889711801 0
15.3278957857768 3.300529997191179 0
15.40110349701772 3.233129084958978 0
18.4297474343266 1.852640374651864 0
2.203030681303616 2.35370742119503 0
2.20137941936057 2.40536540997753 0
11.29557094613384 3.283942905741287 0
11.17045406435221 3.268595359459783 0
18.6294477702297 4.467638900483347 0
4.438394731651424 2.759769037263621 0
5.653363472207402 0.8977174124899938 0
5.692068459353494 0.9734410410850642 0
0.5587136772213164 3.23346270949512 0
0.6418203946514272 3.255718657519631 0
7.472600661576008 3.692452825466869 0
8.38871206053699 2.649691098708643 0
0.5241131897012288 0.6183360999920433 0
0.5546066498843949 0.5135342967051932 0
16.42659914818161 4.331603217943659 0
4.156528591943669 3.147891354478506 0
3.976654246368568 3.093025036803086 0
4.066591419156119 3.120458195640796 0
7.164212617253257 2.152856203426242 0
2.27775232302309 2.165215287137753 0
2.230247328939079 2.096807030648375 0
9.099151966147113 0.6386945404570401 0
17.65386736169195 0.5647645758016246 0
18.74923028987141 2.877041108091049 0
17.71230973218834 2.253404585121473 0
17.63302374530157 2.206196525670898 0
4.897639817844078 3.32331822051284 0
4.85698695565048 3.256935703363839 0
14.36231317811838 3.192257574620516 0
8.749765310048979 3.091709720523509 0
17.67033815494111 3.460060979927461 0
17.75142632070371 3.487343522770324 0
19.63820020085773 0.3701858323801921 0
11.42065140414661 3.298901696399192 0
9.983936653100045 3.181178493821418 0
10.00218639764348 3.103196218973178 0
9.054218254281686 2.934940710718451 0
0.4910556938263326 0.8434694895887058 0
0.5075844417637807 0.7309027947903748 0
18.71170200609263 0.3823584437080862 0
7.403050935586074 0.5078968071826357 0
17.5979960800014 3.423833571820862 0
17.82792690108707 4.690335205118484 0
2.242546596882526 4.297518630078579 0
2.348002750006177 4.298942425068943 0
18.63881583643057 3.041003212578206 0
19.6430489762632 4.754275244376624 0
19.64998567361914 4.632907672111524 0
15.05479311900242 1.75709551114238 0
15.10983631660017 1.814154129134215 0
15.61886769895006 4.576605094588897 0
15.62283274060615 4.482977481919402 0
16.01950253881726 2.786884886602545 0
16.06511551898919 2.71469971852853 0
1.55073755226203 0.2183407556180326 0
9.010431007354894 3.14419972712321 0
9.963842021924149 3.262249046867166 0
0.3851831006027382 3.137615056794762 0
0.4719483889120291 3.185538883144941 0
5.511428990885536 2.862150810217721 0
19.6340244881316 4.877137622188312 0
17.75652642433152 2.320882399697562 0
2.225924055814416 2.269188408291854 0
2.158000391409486 2.309862688065307 0
3.564798597278729 2.892629931288845 0
10.79259030805585 3.001691329307044 0
0.4567304963122218 1.075632832161934 0
0.473893095069279 0.9595511608753196 0
4.245901677258214 3.168553085439381 0
4.948626009337015 0.7737916102906823 0
4.985340221177718 0.8722344874721051 0
19.50961656139973 2.328051623265787 0
19.66990527793093 2.341991470385115 0
19.65612764068534 2.513553381327336 0
19.58287210104253 2.420802502296561 0
15.07058439409232 3.642158270799375 0
14.98341806236294 3.680972959694897 0
3.711030253903385 1.802728516110697 0
11.0906266554252 4.384979312779327 0
10.63497468259549 2.814554604956922 0
2.415271130188287 2.660573962767616 0
19.21503352725318 4.620598236853841 0
4.899667069552833 0.6989839405020737 0
16.78534031491429 2.020177674498902 0
16.79068284378192 1.922693338158798 0
9.238878026330649 2.716763839035486 0
3.890345690904014 3.0563377251511 0
3.021557209782463 4.288658746119043 0
19.74091718694006 2.56535631803404 0
15.92529749833247 0.4729227185132889 0
15.94758604063739 0.590618866962378 0
12.35165071424297 4.248793119343842 0
12.22999864340123 4.259632430985638 0
19.6544666209147 2.18601881297135 0
19.53249292388643 2.211523964124475 0
19.56931548507728 2.12684770734451 0
0.310701688185592 2.723729966274111 0
0.3217544286968455 2.616633572019593 0
16.76939768785422 2.120507741174124 0
14.36070393164633 1.720371876451033 0
12.47287728198668 4.239376998622443 0
15.14950945789036 3.596698057849746 0
14.53509264703881 4.432724134391576 0
15.22786495288518 3.347398036459529 0
14.44648528981121 2.647316274479038 0
14.39276480201946 2.737080008530284 0
14.34947105073827 2.650150696871915 0
1.040051663743256 4.561297479479117 0
1.059253315456168 4.66909531930727 0
0.3785093469260445 0.15056962239598 0
15.62023453083969 4.678210866539823 0
16.81379780795743 0.5064252200058446 0
16.85207389174979 0.5999564359238359 0
16.95201002367478 3.034595936151981 0
15.86681807507227 0.3729747845543434 0
5.104971165674208 2.80988071571987 0
11.56800448291022 2.084273992134225 0
4.558101859561649 1.01723439911608 0
5.342145191109812 3.394671479058494 0
0.4239300872205423 1.191575607613965 0
11.5677705086714 4.352600930203311 0
7.863245568198407 2.173282160363306 0
1.261386088587717 1.336869313461363 0
1.188497531094022 1.455579564526934 0
1.181433880507353 1.363364820693789 0
8.266251452793096 4.097886467198866 0
14.38717082810042 2.8179153252862 0
6.376216414076535 2.855755188937122 0
19.45552814295539 2.255284360058622 0
16.75318570521591 0.3950167262301933 0
0.621345289408584 4.20881005154652 0
1.191227987106522 1.546872700281902 0
2.233092326276798 0.5201994747963117 0
1.027083381825619 4.459406478376508 0
7.831175429928224 3.905071588282168 0
19.76394662537169 2.260061476075228 0
4.02893593291625 1.013590701424775 0
2.766845222103338 2.827052962894224 0
2.866373342933566 2.826502176835806 0
6.830394638603599 0.4320172748855828 0
17.617028499965 2.949640387786185 0
0.3163901816778782 2.816401922039437 0
2.31374856960038 2.233648534174898 0
7.249808696220917 3.222272203121618 0
7.144444487881496 3.193702714922277 0
17.96076733933762 2.370903836403504 0
1.478838475190864 3.141124121808786 0
13.90017146668939 4.044558149368892 0
8.445559661117938 2.148141042552107 0
3.727770272670385 0.7726996296201629 0
15.95491031641564 2.874487202722684 0
15.93324744619892 2.796997647943916 0
14.98167037487226 1.74210010494346 0
15.955284761403 2.977285982118608 0
5.855104684393812 2.765244714467625 0
2.20430304103823 4.223452007211204 0
1.376070695912025 1.348429332635236 0
2.668085743003979 2.83307903816398 0
7.32800090746805 3.296436308737912 0
4.933821153571984 3.395063853584599 0
5.591996210647608 0.8400755997097598 0
0.3067197213525183 3.094387400591582 0
5.226452812851145 2.637833897707506 0
14.55729825437469 2.642529646452812 0
5.336294426098508 2.342992906615469 0
15.11928750250298 2.320133274965818 0
12.62226867159127 2.347144826854212 0
6.939278415736963 2.344500962213544 0
$EndNodes
$Elements
40 10184 1 10184
1 9 1 8
1 1 29 
2 29 30 
3 30 31 
4 31 32 
5 32 33 
6 33 34 
7 34 35 
8 35 2 
1 13 1 8
9 3 36 
10 36 37 
11 37 38 
12 38 39 
13 39 40 
14 40 41 
15 41 42 
16 42 4 
1 17 1 8
17 5 43 
18 43 44 
19 44 45 
20 45 46 
21 46 47 
22 47 48 
23 48 49 
24 49 6 
1 21 1 12
25 7 50 
26 50 51 
27 51 52 
28 52 53 
29 53 54 
30 54 55 
31 55 56 
32 56 57 
33 57 58 
34 58 59 
35 59 60 
36 60 8 
1 25 1 20
37 9 61 
38 61 62 
39 62 63 
40 63 64 
41 64 65 
42 65 66 
43 66 67 
44 67 68 
45 68 69 
46 69 70 
47 70 71 
48 71 72 
49 72 73 
50 73 74 
51 74 75 
52 75 76 
53 76 77 
54 77 78 
55 78 79 
56 79 10 
1 26 1 160
57 11 80 
58 80 81 
59 81 82 
60 82 83 
61 83 84 
62 84 85 
63 85 86 
64 86 87 
65 87 88 
66 88 89 
67 89 90 
68 90 91 
69 91 92 
70 92 93 
71 93 94 
72 94 95 
73 95 96 
74 96 97 
75 97 98 
76 98 99 
77 99 100 
78 100 101 
79 101 102 
80 102 103 
81 103 104 
82 104 105 
83 105 106 
84 106 107 
85 107 108 
86 108 109 
87 109 110 
88 110 111 
89 111 112 
90 112 113 
91 113 114 
92 114 115 
93 115 116 
94 116 117 
95 117 118 
96 118 119 
97 119 120 
98 120 121 
99 121 122 
100 122 123 
101 123 124 
102 124 125 
103 125 126 
104 126 127 
105 127 128 
106 128 129 
107 129 130 
108 130 131 
109 131 132 
110 132 133 
111 133 134 
112 134 135 
113 135 136 
114 136 137 
115 137 138 
116 138 139 
117 139 140 
118 140 141 
119 141 142 
120 142 143 
121 143 144 
122 144 145 
123 145 146 
124 146 147 
125 147 148 
126 148 149 
127 149 150 
128 150 151 
129 151 152 
130 152 153 
131 153 154 
132 154 155 
133 155 156 
134 156 157 
135 157 158 
136 158 159 
137 159 160 
138 160 161 
139 161 162 
140 162 163 
141 163 164 
142 164 165 
143 165 166 
144 166 167 
145 167 168 
146 168 169 
147 169 170 
148 170 171 
149 171 172 
150 172 173 
151 173 174 
152 174 175 
153 175 176 
154 176 177 
155 177 178 
156 178 179 
157 179 180 
158 180 181 
159 181 182 
160 182 183 
161 183 184 
162 184 185 
163 185 186 
164 186 187 
165 187 188 
166 188 189 
167 189 190 
168 190 191 
169 191 192 
170 192 193 
171 193 194 
172 194 195 
173 195 196 
174 196 197 
175 197 198 
176 198 199 
177 199 200 
178 200 201 
179 201 202 
180 202 203 
181 203 204 
182 204 205 
183 205 206 
184 206 207 
185 207 208 
186 208 209 
187 209 210 
188 210 211 
189 211 212 
190 212 213 
191 213 214 
192 214 215 
193 215 216 
194 216 217 
195 217 218 
196 218 219 
197 219 220 
198 220 221 
199 221 222 
200 222 223 
201 223 224 
202 224 225 
203 225 226 
204 226 227 
205 227 228 
206 228 229 
207 229 230 
208 230 231 
209 231 232 
210 232 233 
211 233 234 
212 234 235 
213 235 236 
214 236 237 
215 237 238 
216 238 12 
1 27 1 40
217 13 239 
218 239 240 
219 240 241 
220 241 242 
221 242 243 
222 243 244 
223 244 245 
224 245 246 
225 246 247 
226 247 248 
227 248 249 
228 249 250 
229 250 251 
230 251 252 
231 252 253 
232 253 254 
233 254 255 
234 255 256 
235 256 257 
236 257 258 
237 258 259 
238 259 260 
239 260 261 
240 261 262 
241 262 263 
242 263 264 
243 264 265 
244 265 266 
245 266 267 
246 267 268 
247 268 269 
248 269 270 
249 270 271 
250 271 272 
251 272 273 
252 273 274 
253 274 275 
254 275 276 
255 276 277 
256 277 11 
1 28 1 40
257 12 278 
258 278 279 
259 279 280 
260 280 281 
261 281 282 
262 282 283 
263 283 284 
264 284 285 
265 285 286 
266 286 287 
267 287 288 
268 288 289 
269 289 290 
270 290 291 
271 291 292 
272 292 293 
273 293 294 
274 294 295 
275 295 296 
276 296 297 
277 297 298 
278 298 299 
279 299 300 
280 300 301 
281 301 302 
282 302 303 
283 303 304 
284 304 305 
285 305 306 
286 306 307 
287 307 308 
288 308 309 
289 309 310 
290 310 311 
291 311 312 
292 312 313 
293 313 314 
294 314 315 
295 315 316 
296 316 14 
1 29 1 160
297 14 317 
298 317 318 
299 318 319 
300 319 320 
301 320 321 
302 321 322 
303 322 323 
304 323 324 
305 324 325 
306 325 326 
307 326 327 
308 327 328 
309 328 329 
310 329 330 
311 330 331 
312 331 332 
313 332 333 
314 333 334 
315 334 335 
316 335 336 
317 336 337 
318 337 338 
319 338 339 
320 339 340 
321 340 341 
322 341 342 
323 342 343 
324 343 344 
325 344 345 
326 345 346 
327 346 347 
328 347 348 
329 348 349 
330 349 350 
331 350 351 
332 351 352 
333 352 353 
334 353 354 
335 354 355 
336 355 356 
337 356 357 
338 357 358 
339 358 359 
340 359 360 
341 360 361 
342 361 362 
343 362 363 
344 363 364 
345 364 365 
346 365 366 
347 366 367 
348 367 368 
349 368 369 
350 369 370 
351 370 371 
352 371 372 
353 372 373 
354 373 374 
355 374 375 
356 375 376 
357 376 377 
358 377 378 
359 378 379 
360 379 380 
361 380 381 
362 381 382 
363 382 383 
364 383 384 
365 384 385 
366 385 386 
367 386 387 
368 387 388 
369 388 389 
370 389 390 
371 390 391 
372 391 392 
373 392 393 
374 393 394 
375 394 395 
376 395 396 
377 396 397 
378 397 398 
379 398 399 
380 399 400 
381 400 401 
382 401 402 
383 402 403 
384 403 404 
385 404 405 
386 405 406 
387 406 407 
388 407 408 
389 408 409 
390 409 410 
391 410 411 
392 411 412 
393 412 413 
394 413 414 
395 414 415 
396 415 416 
397 416 417 
398 417 418 
399 418 419 
400 419 420 
401 420 421 
402 421 422 
403 422 423 
404 423 424 
405 424 425 
406 425 426 
407 426 427 
408 427 428 
409 428 429 
410 429 430 
411 430 431 
412 431 432 
413 432 433 
414 433 434 
415 434 435 
416 435 436 
417 436 437 
418 437 438 
419 438 439 
420 439 440 
421 440 441 
422 441 442 
423 442 443 
424 443 444 
425 444 445 
426 445 446 
427 446 447 
428 447 448 
429 448 449 
430 449 450 
431 450 451 
432 451 452 
433 452 453 
434 453 454 
435 454 455 
436 455 456 
437 456 457 
438 457 458 
439 458 459 
440 459 460 
441 460 461 
442 461 462 
443 462 463 
444 463 464 
445 464 465 
446 465 466 
447 466 467 
448 467 468 
449 468 469 
450 469 470 
451 470 471 
452 471 472 
453 472 473 
454 473 474 
455 474 475 
456 475 13 
1 30 1 28
457 15 476 
458 476 477 
459 477 478 
460 478 479 
461 479 480 
462 480 481 
463 481 482 
464 482 483 
465 483 484 
466 484 485 
467 485 486 
468 486 487 
469 487 488 
470 488 489 
471 489 490 
472 490 491 
473 491 492 
474 492 493 
475 493 494 
476 494 495 
477 495 496 
478 496 497 
479 497 498 
480 498 499 
481 499 500 
482 500 501 
483 501 502 
484 502 7 
1 31 1 2
485 16 503 
486 503 7 
1 32 1 12
487 17 504 
488 504 505 
489 505 506 
490 506 507 
491 507 508 
492 508 509 
493 509 510 
494 510 511 
495 511 512 
496 512 513 
497 513 514 
498 514 16 
1 33 1 2
499 8 515 
500 515 17 
1 34 1 48
501 8 516 
502 516 517 
503 517 518 
504 518 519 
505 519 520 
506 520 521 
507 521 522 
508 522 523 
509 523 524 
510 524 525 
511 525 526 
512 526 527 
513 527 528 
514 528 529 
515 529 530 
516 530 531 
517 531 532 
518 532 533 
519 533 534 
520 534 535 
521 535 536 
522 536 537 
523 537 538 
524 538 539 
525 539 540 
526 540 541 
527 541 542 
528 542 543 
529 543 544 
530 544 545 
531 545 546 
532 546 547 
533 547 548 
534 548 549 
535 549 550 
536 550 551 
537 551 552 
538 552 553 
539 553 554 
540 554 555 
541 555 556 
542 556 557 
543 557 558 
544 558 559 
545 559 560 
546 560 561 
547 561 562 
548 562 9 
1 35 1 2
549 18 563 
550 563 9 
1 36 1 20
551 19 564 
552 564 565 
553 565 566 
554 566 567 
555 567 568 
556 568 569 
557 569 570 
558 570 571 
559 571 572 
560 572 573 
561 573 574 
562 574 575 
563 575 576 
564 576 577 
565 577 578 
566 578 579 
567 579 580 
568 580 581 
569 581 582 
570 582 18 
1 37 1 2
571 10 583 
572 583 19 
1 38 1 24
573 10 584 
574 584 585 
575 585 586 
576 586 587 
577 587 588 
578 588 589 
579 589 590 
580 590 591 
581 591 592 
582 592 593 
583 593 594 
584 594 595 
585 595 596 
586 596 597 
587 597 598 
588 598 599 
589 599 600 
590 600 601 
591 601 602 
592 602 603 
593 603 604 
594 604 605 
595 605 606 
596 606 20 
1 39 1 2
597 20 607 
598 607 21 
1 40 1 20
599 21 608 
600 608 609 
601 609 610 
602 610 611 
603 611 612 
604 612 613 
605 613 614 
606 614 615 
607 615 616 
608 616 617 
609 617 618 
610 618 619 
611 619 620 
612 620 621 
613 621 622 
614 622 623 
615 623 624 
616 624 625 
617 625 626 
618 626 6 
1 41 1 2
619 6 627 
620 627 22 
1 42 1 8
621 22 628 
622 628 629 
623 629 630 
624 630 631 
625 631 632 
626 632 633 
627 633 634 
628 634 23 
1 43 1 2
629 23 635 
630 635 5 
1 44 1 36
631 5 636 
632 636 637 
633 637 638 
634 638 639 
635 639 640 
636 640 641 
637 641 642 
638 642 643 
639 643 644 
640 644 645 
641 645 646 
642 646 647 
643 647 648 
644 648 649 
645 649 650 
646 650 651 
647 651 652 
648 652 653 
649 653 654 
650 654 655 
651 655 656 
652 656 657 
653 657 658 
654 658 659 
655 659 660 
656 660 661 
657 661 662 
658 662 663 
659 663 664 
660 664 665 
661 665 666 
662 666 667 
663 667 668 
664 668 669 
665 669 670 
666 670 4 
1 45 1 2
667 4 671 
668 671 24 
1 46 1 8
669 24 672 
670 672 673 
671 673 674 
672 674 675 
673 675 676 
674 676 677 
675 677 678 
676 678 25 
1 47 1 2
677 25 679 
678 679 3 
1 48 1 40
679 3 680 
680 680 681 
681 681 682 
682 682 683 
683 683 684 
684 684 685 
685 685 686 
686 686 687 
687 687 688 
688 688 689 
689 689 690 
690 690 691 
691 691 692 
692 692 693 
693 693 694 
694 694 695 
695 695 696 
696 696 697 
697 697 698 
698 698 699 
699 699 700 
700 700 701 
701 701 702 
702 702 703 
703 703 704 
704 704 705 
705 705 706 
706 706 707 
707 707 708 
708 708 709 
709 709 710 
710 710 711 
711 711 712 
712 712 713 
713 713 714 
714 714 715 
715 715 716 
716 716 717 
717 717 718 
718 718 2 
1 49 1 2
719 2 719 
720 719 26 
1 50 1 8
721 26 720 
722 720 721 
723 721 722 
724 722 723 
725 723 724 
726 724 725 
727 725 726 
728 726 27 
1 51 1 2
729 27 727 
730 727 1 
1 52 1 20
731 1 728 
732 728 729 
733 729 730 
734 730 731 
735 731 732 
736 732 733 
737 733 734 
738 734 735 
739 735 736 
740 736 737 
741 737 738 
742 738 739 
743 739 740 
744 740 741 
745 741 742 
746 742 743 
747 743 744 
748 744 745 
749 745 746 
750 746 28 
1 53 1 2
751 28 747 
752 747 15 
2 2 3 280
753 748 751 758 757 
754 751 32 31 758 
755 758 31 30 756 
756 757 758 756 497 
757 34 752 759 749 
758 752 748 757 759 
759 759 757 497 498 
760 749 759 498 499 
761 499 500 761 750 
762 500 501 760 761 
763 761 760 717 718 
764 750 761 718 2 
765 539 762 764 538 
766 762 3 680 764 
767 764 680 681 763 
768 538 764 763 537 
769 543 544 767 766 
770 544 545 765 767 
771 767 765 669 670 
772 766 767 670 4 
773 76 77 770 769 
774 77 78 768 770 
775 770 768 44 43 
776 769 770 43 5 
777 74 75 772 771 
778 75 76 769 772 
779 772 769 5 636 
780 771 772 636 637 
781 587 588 775 774 
782 588 589 773 775 
783 775 773 625 626 
784 774 775 626 6 
785 501 502 777 760 
786 502 7 776 777 
787 777 776 715 716 
788 760 777 716 717 
789 703 704 780 779 
790 704 705 778 780 
791 780 778 59 60 
792 779 780 60 8 
793 701 702 782 781 
794 702 703 779 782 
795 782 779 8 516 
796 781 782 516 517 
797 46 45 784 783 
798 45 44 768 784 
799 784 768 78 79 
800 783 784 79 10 
801 1 785 786 29 
802 785 495 496 786 
803 786 496 497 756 
804 29 786 756 30 
805 3 762 787 36 
806 762 539 540 787 
807 787 540 541 754 
808 36 787 754 37 
809 4 42 788 766 
810 42 41 755 788 
811 788 755 541 542 
812 766 788 542 543 
813 10 584 790 783 
814 584 585 789 790 
815 790 789 48 47 
816 783 790 47 46 
817 6 49 791 774 
818 49 48 789 791 
819 791 789 585 586 
820 774 791 586 587 
821 7 50 793 776 
822 50 51 792 793 
823 793 792 713 714 
824 776 793 714 715 
825 51 52 795 792 
826 52 53 794 795 
827 795 794 711 712 
828 792 795 712 713 
829 53 54 797 794 
830 54 55 796 797 
831 797 796 709 710 
832 794 797 710 711 
833 705 706 799 778 
834 706 707 798 799 
835 799 798 57 58 
836 778 799 58 59 
837 55 56 800 796 
838 56 57 798 800 
839 800 798 707 708 
840 796 800 708 709 
841 62 63 803 802 
842 63 64 801 803 
843 803 801 647 648 
844 802 803 648 649 
845 64 65 805 801 
846 65 66 804 805 
847 805 804 645 646 
848 801 805 646 647 
849 66 67 807 804 
850 67 68 806 807 
851 807 806 643 644 
852 804 807 644 645 
853 68 69 809 806 
854 69 70 808 809 
855 809 808 641 642 
856 806 809 642 643 
857 70 71 811 808 
858 71 72 810 811 
859 811 810 639 640 
860 808 811 640 641 
861 72 73 812 810 
862 73 74 771 812 
863 812 771 637 638 
864 810 812 638 639 
865 487 488 815 814 
866 488 489 813 815 
867 815 813 733 734 
868 814 815 734 735 
869 489 490 817 813 
870 490 491 816 817 
871 817 816 731 732 
872 813 817 732 733 
873 1 728 819 785 
874 728 729 818 819 
875 819 818 493 494 
876 785 819 494 495 
877 491 492 820 816 
878 492 493 818 820 
879 820 818 729 730 
880 816 820 730 731 
881 517 518 822 781 
882 518 519 821 822 
883 822 821 699 700 
884 781 822 700 701 
885 519 520 824 821 
886 520 521 823 824 
887 824 823 697 698 
888 821 824 698 699 
889 521 522 826 823 
890 522 523 825 826 
891 826 825 695 696 
892 823 826 696 697 
893 523 524 828 825 
894 524 525 827 828 
895 828 827 693 694 
896 825 828 694 695 
897 533 829 831 532 
898 829 685 686 831 
899 831 686 687 830 
900 532 831 830 531 
901 535 832 833 534 
902 832 683 684 833 
903 833 684 685 829 
904 534 833 829 533 
905 537 763 834 536 
906 763 681 682 834 
907 834 682 683 832 
908 536 834 832 535 
909 545 546 836 765 
910 546 547 835 836 
911 836 835 667 668 
912 765 836 668 669 
913 547 548 838 835 
914 548 549 837 838 
915 838 837 665 666 
916 835 838 666 667 
917 549 550 840 837 
918 550 551 839 840 
919 840 839 663 664 
920 837 840 664 665 
921 551 552 842 839 
922 552 553 841 842 
923 842 841 661 662 
924 839 842 662 663 
925 553 554 844 841 
926 554 555 843 844 
927 844 843 659 660 
928 841 844 660 661 
929 555 556 846 843 
930 556 557 845 846 
931 846 845 657 658 
932 843 846 658 659 
933 589 590 848 773 
934 590 591 847 848 
935 848 847 623 624 
936 773 848 624 625 
937 619 620 851 850 
938 620 621 849 851 
939 851 849 593 594 
940 850 851 594 595 
941 591 592 852 847 
942 592 593 849 852 
943 852 849 621 622 
944 847 852 622 623 
945 617 618 854 853 
946 618 619 850 854 
947 854 850 595 596 
948 853 854 596 597 
949 615 616 856 855 
950 616 617 853 856 
951 856 853 597 598 
952 855 856 598 599 
953 599 600 858 855 
954 600 601 857 858 
955 858 857 613 614 
956 855 858 614 615 
957 601 602 860 857 
958 602 603 859 860 
959 860 859 611 612 
960 857 860 612 613 
961 603 604 862 859 
962 604 605 861 862 
963 862 861 609 610 
964 859 862 610 611 
965 9 863 865 562 
966 863 651 652 865 
967 865 652 653 864 
968 562 865 864 561 
969 653 654 867 864 
970 654 655 866 867 
971 867 866 559 560 
972 864 867 560 561 
973 529 868 870 528 
974 868 689 690 870 
975 870 690 691 869 
976 528 870 869 527 
977 559 866 871 558 
978 866 655 656 871 
979 871 656 657 845 
980 558 871 845 557 
981 477 872 873 476 
982 872 745 746 873 
983 873 746 28 747 
984 476 873 747 15 
985 62 802 874 61 
986 802 649 650 874 
987 874 650 651 863 
988 61 874 863 9 
989 743 744 876 875 
990 744 745 872 876 
991 876 872 477 478 
992 875 876 478 479 
993 481 877 878 480 
994 877 741 742 878 
995 878 742 743 875 
996 480 878 875 479 
997 483 879 880 482 
998 879 739 740 880 
999 880 740 741 877 
1000 482 880 877 481 
1001 687 688 881 830 
1002 688 689 868 881 
1003 881 868 529 530 
1004 830 881 530 531 
1005 485 882 883 484 
1006 882 737 738 883 
1007 883 738 739 879 
1008 484 883 879 483 
1009 527 869 884 526 
1010 869 691 692 884 
1011 884 692 693 827 
1012 526 884 827 525 
1013 487 814 885 486 
1014 814 735 736 885 
1015 885 736 737 882 
1016 486 885 882 485 
1017 20 607 886 606 
1018 607 21 608 886 
1019 886 608 609 861 
1020 606 886 861 605 
1021 34 749 887 35 
1022 749 499 750 887 
1023 35 887 750 2 
1024 32 751 888 33 
1025 751 748 752 888 
1026 33 888 752 34 
1027 541 753 889 754 
1028 753 39 38 889 
1029 754 889 38 37 
1030 39 753 890 40 
1031 753 541 755 890 
1032 40 890 755 41 
2 3 3 16
1033 725 726 892 891 
1034 726 27 727 892 
1035 892 727 1 29 
1036 891 892 29 30 
1037 723 724 894 893 
1038 724 725 891 894 
1039 894 891 30 31 
1040 893 894 31 32 
1041 2 719 896 35 
1042 719 26 720 896 
1043 896 720 721 895 
1044 35 896 895 34 
1045 34 895 897 33 
1046 895 721 722 897 
1047 897 722 723 893 
1048 33 897 893 32 
2 4 3 16
1049 37 898 899 36 
1050 898 677 678 899 
1051 899 678 25 679 
1052 36 899 679 3 
1053 673 900 901 672 
1054 900 41 42 901 
1055 901 42 4 671 
1056 672 901 671 24 
1057 39 40 903 902 
1058 40 41 900 903 
1059 903 900 673 674 
1060 902 903 674 675 
1061 37 38 904 898 
1062 38 39 902 904 
1063 904 902 675 676 
1064 898 904 676 677 
2 5 3 16
1065 633 634 906 905 
1066 634 23 635 906 
1067 906 635 5 43 
1068 905 906 43 44 
1069 22 628 908 627 
1070 628 629 907 908 
1071 908 907 48 49 
1072 627 908 49 6 
1073 48 907 910 47 
1074 907 629 630 910 
1075 910 630 631 909 
1076 47 910 909 46 
1077 46 909 911 45 
1078 909 631 632 911 
1079 911 632 633 905 
1080 45 911 905 44 
2 6 3 24
1081 51 912 913 50 
1082 912 513 514 913 
1083 913 514 16 503 
1084 50 913 503 7 
1085 8 515 915 60 
1086 515 17 504 915 
1087 915 504 505 914 
1088 60 915 914 59 
1089 55 916 918 54 
1090 916 509 510 918 
1091 918 510 511 917 
1092 54 918 917 53 
1093 51 52 919 912 
1094 52 53 917 919 
1095 919 917 511 512 
1096 912 919 512 513 
1097 57 920 921 56 
1098 920 507 508 921 
1099 921 508 509 916 
1100 56 921 916 55 
1101 57 58 922 920 
1102 58 59 914 922 
1103 922 914 505 506 
1104 920 922 506 507 
2 7 3 40
1105 62 923 924 61 
1106 923 581 582 924 
1107 924 582 18 563 
1108 61 924 563 9 
1109 19 564 926 583 
1110 564 565 925 926 
1111 926 925 78 79 
1112 583 926 79 10 
1113 64 927 928 63 
1114 927 579 580 928 
1115 928 580 581 923 
1116 63 928 923 62 
1117 64 65 930 927 
1118 65 66 929 930 
1119 930 929 577 578 
1120 927 930 578 579 
1121 70 931 933 69 
1122 931 573 574 933 
1123 933 574 575 932 
1124 69 933 932 68 
1125 72 934 935 71 
1126 934 571 572 935 
1127 935 572 573 931 
1128 71 935 931 70 
1129 74 936 937 73 
1130 936 569 570 937 
1131 937 570 571 934 
1132 73 937 934 72 
1133 76 938 939 75 
1134 938 567 568 939 
1135 939 568 569 936 
1136 75 939 936 74 
1137 66 67 940 929 
1138 67 68 932 940 
1139 940 932 575 576 
1140 929 940 576 577 
1141 76 77 941 938 
1142 77 78 925 941 
1143 941 925 565 566 
1144 938 941 566 567 
2 8 3 9040
1145 2688 3028 3032 3031 
1146 3028 1868 3029 3032 
1147 3032 3029 2497 3030 
1148 3031 3032 3030 1028 
1149 992 3033 3037 3036 
1150 3033 2350 3034 3037 
1151 3037 3034 2351 3035 
1152 3036 3037 3035 3025 
1153 2933 3038 3042 3041 
1154 3038 2324 3039 3042 
1155 3042 3039 2326 3040 
1156 3041 3042 3040 1567 
1157 2260 3043 3047 3046 
1158 3043 2258 3044 3047 
1159 3047 3044 2263 3045 
1160 3046 3047 3045 1422 
1161 1966 3048 3052 3051 
1162 3048 972 3049 3052 
1163 3052 3049 1947 3050 
1164 3051 3052 3050 1869 
1165 2316 3053 3057 3056 
1166 3053 1036 3054 3057 
1167 3057 3054 2314 3055 
1168 3056 3057 3055 2315 
1169 2451 3058 3062 3061 
1170 3058 1865 3059 3062 
1171 3062 3059 2720 3060 
1172 3061 3062 3060 1039 
1173 2251 3063 3067 3066 
1174 3063 2250 3064 3067 
1175 3067 3064 1637 3065 
1176 3066 3067 3065 2771 
1177 1907 3068 3072 3071 
1178 3068 1530 3069 3072 
1179 3072 3069 1990 3070 
1180 3071 3072 3070 1908 
1181 1936 3073 3077 3076 
1182 3073 1939 3074 3077 
1183 3077 3074 2361 3075 
1184 3076 3077 3075 2042 
1185 2394 3078 3082 3081 
1186 3078 2221 3079 3082 
1187 3082 3079 2979 3080 
1188 3081 3082 3080 2011 
1189 1377 3083 3087 3086 
1190 3083 2510 3084 3087 
1191 3087 3084 2041 3085 
1192 3086 3087 3085 2540 
1193 2598 3088 3092 3091 
1194 3088 1356 3089 3092 
1195 3092 3089 2626 3090 
1196 3091 3092 3090 2071 
1197 2328 3093 3097 3096 
1198 3093 2681 3094 3097 
1199 3097 3094 1538 3095 
1200 3096 3097 3095 2628 
1201 2086 3098 3102 3101 
1202 3098 2087 3099 3102 
1203 3102 3099 2731 3100 
1204 3101 3102 3100 1663 
1205 1356 3103 3106 3089 
1206 3103 2679 3104 3106 
1207 3106 3104 2074 3105 
1208 3089 3106 3105 2626 
1209 3027 3107 3111 3110 
1210 3107 1910 3108 3111 
1211 3111 3108 1990 3109 
1212 3110 3111 3109 980 
1213 2843 3112 3116 3115 
1214 3112 973 3113 3116 
1215 3116 3113 2519 3114 
1216 3115 3116 3114 1829 
1217 2689 3117 3121 3120 
1218 3117 1113 3118 3121 
1219 3121 3118 3026 3119 
1220 3120 3121 3119 1956 
1221 1082 3122 3126 3125 
1222 3122 2277 3123 3126 
1223 3126 3123 2276 3124 
1224 3125 3126 3124 2726 
1225 1209 3127 3131 3130 
1226 3127 2247 3128 3131 
1227 3131 3128 1428 3129 
1228 3130 3131 3129 1207 
1229 2441 3132 3136 3135 
1230 3132 2825 3133 3136 
1231 3136 3133 993 3134 
1232 3135 3136 3134 2672 
1233 2739 3137 3141 3140 
1234 3137 1831 3138 3141 
1235 3141 3138 2820 3139 
1236 3140 3141 3139 1877 
1237 2530 3142 3146 3145 
1238 3142 1048 3143 3146 
1239 3146 3143 2896 3144 
1240 3145 3146 3144 1933 
1241 2226 3147 3151 3150 
1242 3147 2072 3148 3151 
1243 3151 3148 2073 3149 
1244 3150 3151 3149 2479 
1245 1815 3152 3156 3155 
1246 3152 2228 3153 3156 
1247 3156 3153 1839 3154 
1248 3155 3156 3154 2533 
1249 549 548 3160 3159 
1250 548 547 3157 3160 
1251 3160 3157 1009 3158 
1252 3159 3160 3158 2409 
1253 2150 3161 3165 3164 
1254 3161 965 3162 3165 
1255 3165 3162 2780 3163 
1256 3164 3165 3163 1898 
1257 2145 3166 3170 3169 
1258 3166 979 3167 3170 
1259 3170 3167 2148 3168 
1260 3169 3170 3168 2143 
1261 2798 3171 3175 3174 
1262 3171 2267 3172 3175 
1263 3175 3172 1733 3173 
1264 3174 3175 3173 1941 
1265 1006 3176 3179 3178 
1266 3176 659 658 3179 
1267 3179 658 657 3177 
1268 3178 3179 3177 2189 
1269 1895 3180 3184 3183 
1270 3180 2625 3181 3184 
1271 3184 3181 1858 3182 
1272 3183 3184 3182 2035 
1273 1884 3185 3189 3188 
1274 3185 2703 3186 3189 
1275 3189 3186 2248 3187 
1276 3188 3189 3187 1557 
1277 2570 3190 3194 3193 
1278 3190 2502 3191 3194 
1279 3194 3191 2793 3192 
1280 3193 3194 3192 1171 
1281 2279 3195 3199 3198 
1282 3195 2663 3196 3199 
1283 3199 3196 1867 3197 
1284 3198 3199 3197 2544 
1285 1271 3200 3204 3203 
1286 3200 2197 3201 3204 
1287 3204 3201 2496 3202 
1288 3203 3204 3202 1269 
1289 1614 3205 3209 3208 
1290 3205 1652 3206 3209 
1291 3209 3206 1944 3207 
1292 3208 3209 3207 2682 
1293 1982 3210 3214 3213 
1294 3210 1010 3211 3214 
1295 3214 3211 2908 3212 
1296 3213 3214 3212 1984 
1297 1867 3215 3217 3197 
1298 3215 2726 3124 3217 
1299 3217 3124 2276 3216 
1300 3197 3217 3216 2544 
1301 2260 3046 3221 3220 
1302 3046 1422 3218 3221 
1303 3221 3218 1322 3219 
1304 3220 3221 3219 2261 
1305 2124 3222 3226 3225 
1306 3222 2616 3223 3226 
1307 3226 3223 948 3224 
1308 3225 3226 3224 2687 
1309 1895 3227 3230 3180 
1310 3227 2620 3228 3230 
1311 3230 3228 983 3229 
1312 3180 3230 3229 2625 
1313 1197 3231 3235 3234 
1314 3231 1970 3232 3235 
1315 3235 3232 2930 3233 
1316 3234 3235 3233 1977 
1317 1326 3236 3239 3238 
1318 3236 1324 3237 3239 
1319 3239 3237 1422 3045 
1320 3238 3239 3045 2263 
1321 2704 3240 3244 3243 
1322 3240 1166 3241 3244 
1323 3244 3241 2753 3242 
1324 3243 3244 3242 1997 
1325 2187 3245 3249 3248 
1326 3245 2618 3246 3249 
1327 3249 3246 1004 3247 
1328 3248 3249 3247 2190 
1329 1770 3250 3254 3253 
1330 3250 2026 3251 3254 
1331 3254 3251 1842 3252 
1332 3253 3254 3252 1653 
1333 2617 3255 3259 3258 
1334 3255 1041 3256 3259 
1335 3259 3256 2353 3257 
1336 3258 3259 3257 1951 
1337 2416 3260 3264 3263 
1338 3260 2583 3261 3264 
1339 3264 3261 2198 3262 
1340 3263 3264 3262 2605 
1341 376 377 3267 3266 
1342 377 378 3265 3267 
1343 3267 3265 1036 3053 
1344 3266 3267 3053 2316 
1345 2190 3247 3271 3270 
1346 3247 1004 3268 3271 
1347 3271 3268 2193 3269 
1348 3270 3271 3269 2192 
1349 2254 3272 3276 3275 
1350 3272 2253 3273 3276 
1351 3276 3273 2610 3274 
1352 3275 3276 3274 1232 
1353 2006 3277 3281 3280 
1354 3277 1053 3278 3281 
1355 3281 3278 2088 3279 
1356 3280 3281 3279 2008 
1357 2247 3282 3285 3128 
1358 3282 2246 3283 3285 
1359 3285 3283 2526 3284 
1360 3128 3285 3284 1428 
1361 2976 3286 3290 3289 
1362 3286 1899 3287 3290 
1363 3290 3287 2969 3288 
1364 3289 3290 3288 252 
1365 2812 3291 3295 3294 
1366 3291 2283 3292 3295 
1367 3295 3292 2818 3293 
1368 3294 3295 3293 1696 
1369 1979 3296 3300 3299 
1370 3296 1358 3297 3300 
1371 3300 3297 2552 3298 
1372 3299 3300 3298 2575 
1373 2847 3301 3305 3304 
1374 3301 1389 3302 3305 
1375 3305 3302 2902 3303 
1376 3304 3305 3303 2104 
1377 2196 3306 3309 3308 
1378 3306 2197 3200 3309 
1379 3309 3200 1271 3307 
1380 3308 3309 3307 1525 
1381 2373 3310 3314 3313 
1382 3310 2040 3311 3314 
1383 3314 3311 2880 3312 
1384 3313 3314 3312 1260 
1385 2189 3315 3318 3178 
1386 3315 2188 3316 3318 
1387 3318 3316 2588 3317 
1388 3178 3318 3317 1006 
1389 2504 3319 3323 3322 
1390 3319 1747 3320 3323 
1391 3323 3320 2614 3321 
1392 3322 3323 3321 2460 
1393 27 3324 3326 727 
1394 3324 2699 3325 3326 
1395 3326 3325 729 728 
1396 727 3326 728 1 
1397 705 3327 3330 706 
1398 3327 2305 3328 3330 
1399 3330 3328 988 3329 
1400 706 3330 3329 707 
1401 1672 3331 3335 3334 
1402 3331 2673 3332 3335 
1403 3335 3332 1863 3333 
1404 3334 3335 3333 2636 
1405 2581 3336 3340 3339 
1406 3336 1881 3337 3340 
1407 3340 3337 2962 3338 
1408 3339 3340 3338 1401 
1409 2310 3341 3345 3344 
1410 3341 2309 3342 3345 
1411 3345 3342 2311 3343 
1412 3344 3345 3343 1454 
1413 2843 3346 3350 3349 
1414 3346 1803 3347 3350 
1415 3350 3347 2600 3348 
1416 3349 3350 3348 2222 
1417 2299 3351 3355 3354 
1418 3351 2642 3352 3355 
1419 3355 3352 2063 3353 
1420 3354 3355 3353 2559 
1421 2630 3356 3360 3359 
1422 3356 2443 3357 3360 
1423 3360 3357 2927 3358 
1424 3359 3360 3358 2517 
1425 25 3361 3363 679 
1426 3361 2621 3362 3363 
1427 3363 3362 681 680 
1428 679 3363 680 3 
1429 3007 3364 3368 3367 
1430 3364 2437 3365 3368 
1431 3368 3365 2607 3366 
1432 3367 3368 3366 2271 
1433 2761 3369 3373 3372 
1434 3369 2012 3370 3373 
1435 3373 3370 2817 3371 
1436 3372 3373 3371 1361 
1437 2553 3374 3378 3377 
1438 3374 1782 3375 3378 
1439 3378 3375 2786 3376 
1440 3377 3378 3376 2255 
1441 2757 3379 3383 3382 
1442 3379 2390 3380 3383 
1443 3383 3380 2782 3381 
1444 3382 3383 3381 1009 
1445 262 263 3386 3385 
1446 263 264 3384 3386 
1447 3386 3384 980 3109 
1448 3385 3386 3109 1990 
1449 1003 3387 3391 3390 
1450 3387 2767 3388 3391 
1451 3391 3388 2060 3389 
1452 3390 3391 3389 2061 
1453 2421 3392 3396 3395 
1454 3392 1078 3393 3396 
1455 3396 3393 1049 3394 
1456 3395 3396 3394 2264 
1457 1327 3397 3401 3400 
1458 3397 1329 3398 3401 
1459 3401 3398 1991 3399 
1460 3400 3401 3399 2162 
1461 2350 3402 3406 3405 
1462 3402 2601 3403 3406 
1463 3406 3403 1940 3404 
1464 3405 3406 3404 2627 
1465 2543 3407 3411 3410 
1466 3407 964 3408 3411 
1467 3411 3408 2551 3409 
1468 3410 3411 3409 1889 
1469 2492 3412 3415 3414 
1470 3412 2543 3410 3415 
1471 3415 3410 1889 3413 
1472 3414 3415 3413 1890 
1473 22 627 3418 3417 
1474 627 6 626 3418 
1475 3418 626 625 3416 
1476 3417 3418 3416 2796 
1477 2419 3419 3423 3422 
1478 3419 2647 3420 3423 
1479 3423 3420 1758 3421 
1480 3422 3423 3421 1757 
1481 2919 3424 3428 3427 
1482 3424 1901 3425 3428 
1483 3428 3425 2593 3426 
1484 3427 3428 3426 1414 
1485 462 3429 3432 3431 
1486 3429 2518 3430 3432 
1487 3432 3430 2060 3388 
1488 3431 3432 3388 2767 
1489 2678 3433 3437 3436 
1490 3433 2180 3434 3437 
1491 3437 3434 2942 3435 
1492 3436 3437 3435 1215 
1493 2399 3438 3442 3441 
1494 3438 2433 3439 3442 
1495 3442 3439 2747 3440 
1496 3441 3442 3440 2398 
1497 2235 3443 3447 3446 
1498 3443 2155 3444 3447 
1499 3447 3444 2758 3445 
1500 3446 3447 3445 2116 
1501 2350 3033 3450 3402 
1502 3033 992 3448 3450 
1503 3450 3448 2361 3449 
1504 3402 3450 3449 2601 
1505 1040 3451 3455 3454 
1506 3451 1864 3452 3455 
1507 3455 3452 1812 3453 
1508 3454 3455 3453 2480 
1509 2758 3456 3460 3459 
1510 3456 2527 3457 3460 
1511 3460 3457 1451 3458 
1512 3459 3460 3458 2864 
1513 1347 3461 3465 3464 
1514 3461 1979 3462 3465 
1515 3465 3462 2970 3463 
1516 3464 3465 3463 1345 
1517 2810 3466 3470 3469 
1518 3466 1953 3467 3470 
1519 3470 3467 2797 3468 
1520 3469 3470 3468 1002 
1521 2692 3471 3475 3474 
1522 3471 1435 3472 3475 
1523 3475 3472 2883 3473 
1524 3474 3475 3473 1896 
1525 129 130 3478 3477 
1526 130 131 3476 3478 
1527 3478 3476 1557 3187 
1528 3477 3478 3187 2248 
1529 2308 3479 3482 3481 
1530 3479 2314 3054 3482 
1531 3482 3054 1036 3480 
1532 3481 3482 3480 2367 
1533 2649 3483 3487 3486 
1534 3483 998 3484 3487 
1535 3487 3484 2795 3485 
1536 3486 3487 3485 2183 
1537 472 473 3491 3490 
1538 473 474 3488 3491 
1539 3491 3488 2885 3489 
1540 3490 3491 3489 2282 
1541 1895 3492 3495 3227 
1542 3492 1894 3493 3495 
1543 3495 3493 2925 3494 
1544 3227 3495 3494 2620 
1545 2233 3496 3500 3499 
1546 3496 1776 3497 3500 
1547 3500 3497 2748 3498 
1548 3499 3500 3498 2231 
1549 1930 3501 3505 3504 
1550 3501 1931 3502 3505 
1551 3505 3502 2624 3503 
1552 3504 3505 3503 1045 
1553 1387 3506 3510 3509 
1554 3506 2709 3507 3510 
1555 3510 3507 2133 3508 
1556 3509 3510 3508 2715 
1557 1358 3511 3514 3297 
1558 3511 2225 3512 3514 
1559 3514 3512 2939 3513 
1560 3297 3514 3513 2552 
1561 1077 3515 3519 3518 
1562 3515 1074 3516 3519 
1563 3519 3516 1072 3517 
1564 3518 3519 3517 2047 
1565 1012 3520 3523 3522 
1566 3520 2370 3521 3523 
1567 3523 3521 531 530 
1568 3522 3523 530 529 
1569 1457 3524 3528 3527 
1570 3524 1987 3525 3528 
1571 3528 3525 1989 3526 
1572 3527 3528 3526 1991 
1573 2555 3529 3533 3532 
1574 3529 2493 3530 3533 
1575 3533 3530 2759 3531 
1576 3532 3533 3531 2535 
1577 1856 3534 3537 3536 
1578 3534 2780 3162 3537 
1579 3537 3162 965 3535 
1580 3536 3537 3535 2126 
1581 611 3538 3541 612 
1582 3538 1945 3539 3541 
1583 3541 3539 2956 3540 
1584 612 3541 3540 613 
1585 2196 3308 3545 3544 
1586 3308 1525 3542 3545 
1587 3545 3542 2333 3543 
1588 3544 3545 3543 2195 
1589 1322 3546 3549 3219 
1590 3546 1320 3547 3549 
1591 3549 3547 2990 3548 
1592 3219 3549 3548 2261 
1593 24 671 3552 3551 
1594 671 4 670 3552 
1595 3552 670 669 3550 
1596 3551 3552 3550 2706 
1597 1249 3553 3557 3556 
1598 3553 2013 3554 3557 
1599 3557 3554 1445 3555 
1600 3556 3557 3555 1246 
1601 1109 3558 3561 3560 
1602 3558 1197 3234 3561 
1603 3561 3234 1977 3559 
1604 3560 3561 3559 1976 
1605 2077 3562 3565 3564 
1606 3562 2587 3563 3565 
1607 3565 3563 2598 3091 
1608 3564 3565 3091 2071 
1609 2010 3566 3569 3568 
1610 3566 2524 3567 3569 
1611 3569 3567 1006 3317 
1612 3568 3569 3317 2588 
1613 1269 3202 3573 3572 
1614 3202 2496 3570 3573 
1615 3573 3570 1466 3571 
1616 3572 3573 3571 1267 
1617 1980 3574 3578 3577 
1618 3574 1994 3575 3578 
1619 3578 3575 2834 3576 
1620 3577 3578 3576 970 
1621 2788 3579 3583 3582 
1622 3579 1225 3580 3583 
1623 3583 3580 2832 3581 
1624 3582 3583 3581 2209 
1625 2917 3584 3588 3587 
1626 3584 2979 3585 3588 
1627 3588 3585 1436 3586 
1628 3587 3588 3586 2053 
1629 2713 3589 3593 3592 
1630 3589 2674 3590 3593 
1631 3593 3590 2001 3591 
1632 3592 3593 3591 1081 
1633 2687 3224 3597 3596 
1634 3224 948 3594 3597 
1635 3597 3594 2764 3595 
1636 3596 3597 3595 2286 
1637 1579 3598 3602 3601 
1638 3598 2025 3599 3602 
1639 3602 3599 1949 3600 
1640 3601 3602 3600 2604 
1641 2165 3603 3606 3605 
1642 3603 2169 3604 3606 
1643 3606 3604 988 3328 
1644 3605 3606 3328 2305 
1645 2627 3404 3610 3609 
1646 3404 1940 3607 3610 
1647 3610 3607 2977 3608 
1648 3609 3610 3608 2352 
1649 1793 3611 3615 3614 
1650 3611 2660 3612 3615 
1651 3615 3612 1018 3613 
1652 3614 3615 3613 2132 
1653 2523 3616 3620 3619 
1654 3616 2000 3617 3620 
1655 3620 3617 2613 3618 
1656 3619 3620 3618 1163 
1657 2893 3621 3625 3624 
1658 3621 1875 3622 3625 
1659 3625 3622 2776 3623 
1660 3624 3625 3623 1034 
1661 2196 3626 3629 3628 
1662 3626 2695 3627 3629 
1663 3629 3627 2605 3262 
1664 3628 3629 3262 2198 
1665 2558 3630 3634 3633 
1666 3630 2870 3631 3634 
1667 3634 3631 2121 3632 
1668 3633 3634 3632 1007 
1669 2383 3635 3639 3638 
1670 3635 2259 3636 3639 
1671 3639 3636 2484 3637 
1672 3638 3639 3637 2382 
1673 1992 3640 3644 3643 
1674 3640 1807 3641 3644 
1675 3644 3641 2950 3642 
1676 3643 3644 3642 2805 
1677 1885 3645 3649 3648 
1678 3645 2495 3646 3649 
1679 3649 3646 1245 3647 
1680 3648 3649 3647 1247 
1681 2723 3650 3654 3653 
1682 3650 968 3651 3654 
1683 3654 3651 2859 3652 
1684 3653 3654 3652 1961 
1685 1119 3655 3659 3658 
1686 3655 2455 3656 3659 
1687 3659 3656 1059 3657 
1688 3658 3659 3657 1118 
1689 2083 3660 3664 3663 
1690 3660 2082 3661 3664 
1691 3664 3661 2081 3662 
1692 3663 3664 3662 2080 
1693 1329 3665 3667 3398 
1694 3665 1331 3666 3667 
1695 3667 3666 1457 3527 
1696 3398 3667 3527 1991 
1697 2854 3668 3672 3671 
1698 3668 955 3669 3672 
1699 3672 3669 2794 3670 
1700 3671 3672 3670 1873 
1701 2442 3673 3677 3676 
1702 3673 991 3674 3677 
1703 3677 3674 2792 3675 
1704 3676 3677 3675 2023 
1705 390 391 3681 3680 
1706 391 392 3678 3681 
1707 3681 3678 2379 3679 
1708 3680 3681 3679 2148 
1709 2259 3635 3685 3684 
1710 3635 2383 3682 3685 
1711 3685 3682 1033 3683 
1712 3684 3685 3683 2257 
1713 2524 3566 3688 3687 
1714 3566 2010 3686 3688 
1715 3688 3686 2008 3279 
1716 3687 3688 3279 2088 
1717 1029 3689 3692 3691 
1718 3689 2359 3690 3692 
1719 3692 3690 414 415 
1720 3691 3692 415 416 
1721 609 608 3696 3695 
1722 608 21 3693 3696 
1723 3696 3693 2853 3694 
1724 3695 3696 3694 1878 
1725 2938 3697 3700 3699 
1726 3697 1530 3068 3700 
1727 3700 3068 1907 3698 
1728 3699 3700 3698 2658 
1729 2484 3701 3704 3637 
1730 3701 2997 3702 3704 
1731 3704 3702 1029 3703 
1732 3637 3704 3703 2382 
1733 1401 3705 3708 3339 
1734 3705 1297 3706 3708 
1735 3708 3706 1299 3707 
1736 3339 3708 3707 2581 
1737 1237 3709 3713 3712 
1738 3709 1944 3710 3713 
1739 3713 3710 2995 3711 
1740 3712 3713 3711 2048 
1741 2882 3714 3718 3717 
1742 3714 1900 3715 3718 
1743 3718 3715 2837 3716 
1744 3717 3718 3716 1771 
1745 1656 3719 3723 3722 
1746 3719 2577 3720 3723 
1747 3723 3720 2890 3721 
1748 3722 3723 3721 2573 
1749 3003 3724 3728 3727 
1750 3724 1103 3725 3728 
1751 3728 3725 2955 3726 
1752 3727 3728 3726 2096 
1753 2359 3689 3731 3730 
1754 3689 1029 3702 3731 
1755 3731 3702 2997 3729 
1756 3730 3731 3729 2358 
1757 2525 3732 3735 3734 
1758 3732 2316 3056 3735 
1759 3735 3056 2315 3733 
1760 3734 3735 3733 2317 
1761 2831 3736 3740 3739 
1762 3736 2615 3737 3740 
1763 3740 3737 2632 3738 
1764 3739 3740 3738 1833 
1765 2769 3741 3745 3744 
1766 3741 1748 3742 3745 
1767 3745 3742 2762 3743 
1768 3744 3745 3743 2241 
1769 2011 3746 3748 3081 
1770 3746 2588 3316 3748 
1771 3748 3316 2188 3747 
1772 3081 3748 3747 2394 
1773 1944 3206 3752 3751 
1774 3206 1652 3749 3752 
1775 3752 3749 3020 3750 
1776 3751 3752 3750 1943 
1777 1991 3526 3755 3399 
1778 3526 1989 3753 3755 
1779 3755 3753 2163 3754 
1780 3399 3755 3754 2162 
1781 1975 3756 3760 3759 
1782 3756 1974 3757 3760 
1783 3760 3757 3012 3758 
1784 3759 3760 3758 1749 
1785 2051 3761 3765 3764 
1786 3761 1709 3762 3765 
1787 3765 3762 1000 3763 
1788 3764 3765 3763 2532 
1789 1245 3646 3769 3768 
1790 3646 2495 3766 3769 
1791 3769 3766 1260 3767 
1792 3768 3769 3767 1248 
1793 1122 3770 3774 3773 
1794 3770 1108 3771 3774 
1795 3774 3771 2536 3772 
1796 3773 3774 3772 2237 
1797 2512 3775 3779 3778 
1798 3775 2988 3776 3779 
1799 3779 3776 2144 3777 
1800 3778 3779 3777 2856 
1801 2237 3780 3784 3783 
1802 3780 2236 3781 3784 
1803 3784 3781 2541 3782 
1804 3783 3784 3782 1188 
1805 16 3785 3788 514 
1806 3785 999 3786 3788 
1807 3788 3786 2564 3787 
1808 514 3788 3787 513 
1809 2830 3789 3793 3792 
1810 3789 2254 3790 3793 
1811 3793 3790 2787 3791 
1812 3792 3793 3791 1444 
1813 2385 3794 3798 3797 
1814 3794 1433 3795 3798 
1815 3798 3795 2894 3796 
1816 3797 3798 3796 2356 
1817 2816 3799 3803 3802 
1818 3799 1958 3800 3803 
1819 3803 3800 2972 3801 
1820 3802 3803 3801 1335 
1821 1085 3804 3807 3806 
1822 3804 2492 3414 3807 
1823 3807 3414 1890 3805 
1824 3806 3807 3805 2623 
1825 1795 3808 3812 3811 
1826 3808 2640 3809 3812 
1827 3812 3809 1181 3810 
1828 3811 3812 3810 2295 
1829 2142 3813 3817 3816 
1830 3813 2738 3814 3817 
1831 3817 3814 1421 3815 
1832 3816 3817 3815 2745 
1833 2341 3818 3822 3821 
1834 3818 2210 3819 3822 
1835 3822 3819 2342 3820 
1836 3821 3822 3820 1024 
1837 1804 3823 3827 3826 
1838 3823 2708 3824 3827 
1839 3827 3824 1167 3825 
1840 3826 3827 3825 2239 
1841 2265 3828 3832 3831 
1842 3828 1023 3829 3832 
1843 3832 3829 2245 3830 
1844 3831 3832 3830 2181 
1845 1123 3833 3837 3836 
1846 3833 1156 3834 3837 
1847 3837 3834 1252 3835 
1848 3836 3837 3835 2020 
1849 2803 3838 3842 3841 
1850 3838 2712 3839 3842 
1851 3842 3839 2328 3840 
1852 3841 3842 3840 2327 
1853 2258 3843 3846 3044 
1854 3843 2107 3844 3846 
1855 3846 3844 2475 3845 
1856 3044 3846 3845 2263 
1857 2346 3847 3851 3850 
1858 3847 1965 3848 3851 
1859 3851 3848 2814 3849 
1860 3850 3851 3849 1019 
1861 2861 3852 3856 3855 
1862 3852 2331 3853 3856 
1863 3856 3853 2855 3854 
1864 3855 3856 3854 1967 
1865 2864 3458 3860 3859 
1866 3458 1451 3857 3860 
1867 3860 3857 2819 3858 
1868 3859 3860 3858 2114 
1869 2932 3861 3865 3864 
1870 3861 1834 3862 3865 
1871 3865 3862 2943 3863 
1872 3864 3865 3863 2090 
1873 1758 3866 3870 3869 
1874 3866 2711 3867 3870 
1875 3870 3867 2777 3868 
1876 3869 3870 3868 1791 
1877 2416 3871 3874 3260 
1878 3871 2402 3872 3874 
1879 3874 3872 1466 3873 
1880 3260 3874 3873 2583 
1881 651 3875 3877 652 
1882 3875 2193 3268 3877 
1883 3877 3268 1004 3876 
1884 652 3877 3876 653 
1885 2852 3878 3882 3881 
1886 3878 1826 3879 3882 
1887 3882 3879 2774 3880 
1888 3881 3882 3880 2134 
1889 1260 3766 3884 3313 
1890 3766 2495 3645 3884 
1891 3884 3645 1885 3883 
1892 3313 3884 3883 2373 
1893 2347 3885 3888 3887 
1894 3885 2106 3886 3888 
1895 3888 3886 2257 3683 
1896 3887 3888 3683 1033 
1897 19 564 3892 3891 
1898 564 565 3889 3892 
1899 3892 3889 2630 3890 
1900 3891 3892 3890 989 
1901 2498 3893 3897 3896 
1902 3893 2710 3894 3897 
1903 3897 3894 1233 3895 
1904 3896 3897 3895 2595 
1905 1683 3898 3902 3901 
1906 3898 2090 3899 3902 
1907 3902 3899 1087 3900 
1908 3901 3902 3900 2043 
1909 665 3903 3906 666 
1910 3903 1053 3904 3906 
1911 3906 3904 1973 3905 
1912 666 3906 3905 667 
1913 2712 3907 3909 3839 
1914 3907 2317 3908 3909 
1915 3909 3908 2681 3093 
1916 3839 3909 3093 2328 
1917 1023 3828 3912 3911 
1918 3828 2265 3910 3912 
1919 3912 3910 125 126 
1920 3911 3912 126 127 
1921 2328 3096 3915 3840 
1922 3096 2628 3913 3915 
1923 3915 3913 2936 3914 
1924 3840 3915 3914 2327 
1925 1879 3916 3919 3918 
1926 3916 959 3917 3919 
1927 3919 3917 609 3695 
1928 3918 3919 3695 1878 
1929 571 572 3923 3922 
1930 572 573 3920 3923 
1931 3923 3920 2814 3921 
1932 3922 3923 3921 2132 
1933 477 476 3927 3926 
1934 476 15 3924 3927 
1935 3927 3924 2871 3925 
1936 3926 3927 3925 1822 
1937 1406 3928 3932 3931 
1938 3928 1128 3929 3932 
1939 3932 3929 1088 3930 
1940 3931 3932 3930 2425 
1941 2517 3933 3935 3359 
1942 3933 1631 3934 3935 
1943 3935 3934 989 3890 
1944 3359 3935 3890 2630 
1945 1125 3936 3939 3938 
1946 3936 1091 3937 3939 
1947 3939 3937 1078 3392 
1948 3938 3939 3392 2421 
1949 605 3940 3943 606 
1950 3940 1529 3941 3943 
1951 3943 3941 2752 3942 
1952 606 3943 3942 20 
1953 2544 3944 3947 3198 
1954 3944 2278 3945 3947 
1955 3947 3945 1220 3946 
1956 3198 3947 3946 2279 
1957 1929 3948 3951 3950 
1958 3948 2753 3241 3951 
1959 3951 3241 1166 3949 
1960 3950 3951 3949 2158 
1961 2666 3952 3956 3955 
1962 3952 2490 3953 3956 
1963 3956 3953 2769 3954 
1964 3955 3956 3954 1682 
1965 1848 3957 3961 3960 
1966 3957 2813 3958 3961 
1967 3961 3958 2015 3959 
1968 3960 3961 3959 1846 
1969 1358 3962 3965 3511 
1970 3962 1349 3963 3965 
1971 3965 3963 1351 3964 
1972 3511 3965 3964 2225 
1973 1684 3966 3970 3969 
1974 3966 3010 3967 3970 
1975 3970 3967 2161 3968 
1976 3969 3970 3968 2636 
1977 2038 3971 3975 3974 
1978 3971 1174 3972 3975 
1979 3975 3972 2935 3973 
1980 3974 3975 3973 2994 
1981 1013 3976 3980 3979 
1982 3976 2038 3977 3980 
1983 3980 3977 2039 3978 
1984 3979 3980 3978 2037 
1985 412 413 3983 3982 
1986 413 414 3690 3983 
1987 3983 3690 2359 3981 
1988 3982 3983 3981 2596 
1989 2680 3984 3988 3987 
1990 3984 2996 3985 3988 
1991 3988 3985 1120 3986 
1992 3987 3988 3986 2839 
1993 2013 3989 3992 3554 
1994 3989 1968 3990 3992 
1995 3992 3990 2931 3991 
1996 3554 3992 3991 1445 
1997 1397 3993 3997 3996 
1998 3993 2015 3994 3997 
1999 3997 3994 1339 3995 
2000 3996 3997 3995 1341 
2001 2065 3998 4001 4000 
2002 3998 2081 3661 4001 
2003 4001 3661 2082 3999 
2004 4000 4001 3999 2068 
2005 105 106 4005 4004 
2006 106 107 4002 4005 
2007 4005 4002 1024 4003 
2008 4004 4005 4003 2343 
2009 2076 4006 4010 4009 
2010 4006 2730 4007 4010 
2011 4010 4007 1927 4008 
2012 4009 4010 4008 1928 
2013 1941 3173 4014 4013 
2014 3173 1733 4011 4014 
2015 4014 4011 1660 4012 
2016 4013 4014 4012 2211 
2017 434 435 4018 4017 
2018 435 436 4015 4018 
2019 4018 4015 2560 4016 
2020 4017 4018 4016 2266 
2021 3013 4019 4022 4021 
2022 4019 1529 4020 4022 
2023 4022 4020 2925 3493 
2024 4021 4022 3493 1894 
2025 2139 4023 4027 4026 
2026 4023 2137 4024 4027 
2027 4027 4024 2136 4025 
2028 4026 4027 4025 2138 
2029 1454 4028 4031 3344 
2030 4028 2312 4029 4031 
2031 4031 4029 2313 4030 
2032 3344 4031 4030 2310 
2033 1168 4032 4036 4035 
2034 4032 2109 4033 4036 
2035 4036 4033 2136 4034 
2036 4035 4036 4034 2108 
2037 2868 4037 4041 4040 
2038 4037 2740 4038 4041 
2039 4041 4038 2661 4039 
2040 4040 4041 4039 2167 
2041 2079 4042 4046 4045 
2042 4042 1161 4043 4046 
2043 4046 4043 2744 4044 
2044 4045 4046 4044 2084 
2045 1838 4047 4051 4050 
2046 4047 1839 4048 4051 
2047 4051 4048 2971 4049 
2048 4050 4051 4049 1693 
2049 2161 4052 4056 4055 
2050 4052 2160 4053 4056 
2051 4056 4053 1393 4054 
2052 4055 4056 4054 1437 
2053 1007 3632 4059 4058 
2054 3632 2121 4057 4059 
2055 4059 4057 330 331 
2056 4058 4059 331 332 
2057 2121 4060 4062 4057 
2058 4060 2120 4061 4062 
2059 4062 4061 328 329 
2060 4057 4062 329 330 
2061 1745 4063 4067 4066 
2062 4063 1759 4064 4067 
2063 4067 4064 2743 4065 
2064 4066 4067 4065 2243 
2065 2935 3972 4070 4069 
2066 3972 1174 4068 4070 
2067 4070 4068 2834 3575 
2068 4069 4070 3575 1994 
2069 2805 4071 4074 3643 
2070 4071 1993 4072 4074 
2071 4074 4072 1613 4073 
2072 3643 4074 4073 1992 
2073 1220 3945 4078 4077 
2074 3945 2278 4075 4078 
2075 4078 4075 1427 4076 
2076 4077 4078 4076 1222 
2077 2213 4079 4083 4082 
2078 4079 1957 4080 4083 
2079 4083 4080 3026 4081 
2080 4082 4083 4081 2212 
2081 2109 4084 4086 4033 
2082 4084 2112 4085 4086 
2083 4086 4085 2138 4025 
2084 4033 4086 4025 2136 
2085 1671 4087 4091 4090 
2086 4087 2592 4088 4091 
2087 4091 4088 2648 4089 
2088 4090 4091 4089 2052 
2089 2202 4092 4096 4095 
2090 4092 2201 4093 4096 
2091 4096 4093 976 4094 
2092 4095 4096 4094 2294 
2093 1585 4097 4101 4100 
2094 4097 1147 4098 4101 
2095 4101 4098 1084 4099 
2096 4100 4101 4099 2046 
2097 2229 4102 4105 4104 
2098 4102 2114 3858 4105 
2099 4105 3858 2819 4103 
2100 4104 4105 4103 2779 
2101 1970 4106 4109 4108 
2102 4106 1659 4107 4109 
2103 4109 4107 1660 4011 
2104 4108 4109 4011 1733 
2105 735 4110 4114 4113 
2106 4110 2002 4111 4114 
2107 4114 4111 2603 4112 
2108 4113 4114 4112 1001 
2109 982 4115 4119 4118 
2110 4115 2115 4116 4119 
2111 4119 4116 2110 4117 
2112 4118 4119 4117 2301 
2113 683 4120 4123 684 
2114 4120 1061 4121 4123 
2115 4123 4121 2042 4122 
2116 684 4123 4122 685 
2117 424 425 4127 4126 
2118 425 426 4124 4127 
2119 4127 4124 2508 4125 
2120 4126 4127 4125 2347 
2121 2105 4128 4132 4131 
2122 4128 2098 4129 4132 
2123 4132 4129 2097 4130 
2124 4131 4132 4130 2226 
2125 2163 3753 4136 4135 
2126 3753 1989 4133 4136 
2127 4136 4133 3023 4134 
2128 4135 4136 4134 2169 
2129 2412 4137 4141 4140 
2130 4137 1379 4138 4141 
2131 4141 4138 1380 4139 
2132 4140 4141 4139 2285 
2133 2081 3998 4145 4144 
2134 3998 2065 4142 4145 
2135 4145 4142 1162 4143 
2136 4144 4145 4143 2064 
2137 1249 4146 4150 4149 
2138 4146 1251 4147 4150 
2139 4150 4147 1379 4148 
2140 4149 4150 4148 2499 
2141 1794 4151 4155 4154 
2142 4151 2417 4152 4155 
2143 4155 4152 1430 4153 
2144 4154 4155 4153 2380 
2145 2523 3619 4158 4157 
2146 3619 1163 4156 4158 
2147 4158 4156 2731 3099 
2148 4157 4158 3099 2087 
2149 123 124 4161 4160 
2150 124 125 3910 4161 
2151 4161 3910 2265 4159 
2152 4160 4161 4159 2503 
2153 1191 4162 4165 4164 
2154 4162 2251 3066 4165 
2155 4165 3066 2771 4163 
2156 4164 4165 4163 2252 
2157 1121 4166 4169 4168 
2158 4166 509 510 4169 
2159 4169 510 511 4167 
2160 4168 4169 4167 2049 
2161 2374 4170 4174 4173 
2162 4170 1032 4171 4174 
2163 4174 4171 2354 4172 
2164 4173 4174 4172 2156 
2165 2131 4175 4178 4177 
2166 4175 1062 4176 4178 
2167 4178 4176 559 558 
2168 4177 4178 558 557 
2169 2416 4179 4182 3871 
2170 4179 2414 4180 4182 
2171 4182 4180 3017 4181 
2172 3871 4182 4181 2402 
2173 1729 4183 4186 4185 
2174 4183 2037 3978 4186 
2175 4186 3978 2039 4184 
2176 4185 4186 4184 2040 
2177 2979 3079 4189 3585 
2178 3079 2221 4187 4189 
2179 4189 4187 1283 4188 
2180 3585 4189 4188 1436 
2181 1361 4190 4194 4193 
2182 4190 1291 4191 4194 
2183 4194 4191 1293 4192 
2184 4193 4194 4192 2089 
2185 1787 4195 4199 4198 
2186 4195 1888 4196 4199 
2187 4199 4196 3005 4197 
2188 4198 4199 4197 2483 
2189 1275 4200 4203 4202 
2190 4200 2333 3542 4203 
2191 4203 3542 1525 4201 
2192 4202 4203 4201 1273 
2193 1178 4204 4207 4206 
2194 4204 2155 3443 4207 
2195 4207 3443 2235 4205 
2196 4206 4207 4205 2151 
2197 2084 4208 4211 4045 
2198 4208 2080 4209 4211 
2199 4211 4209 966 4210 
2200 4045 4211 4210 2079 
2201 2046 4212 4215 4100 
2202 4212 1737 4213 4215 
2203 4215 4213 1725 4214 
2204 4100 4215 4214 1585 
2205 733 732 4218 4217 
2206 732 731 4216 4218 
2207 4218 4216 2295 3810 
2208 4217 4218 3810 1181 
2209 2005 4219 4223 4222 
2210 4219 1911 4220 4223 
2211 4223 4220 1913 4221 
2212 4222 4223 4221 2093 
2213 1976 4224 4228 4227 
2214 4224 1749 4225 4228 
2215 4228 4225 1100 4226 
2216 4227 4228 4226 1102 
2217 2071 4229 4232 3564 
2218 4229 2067 4230 4232 
2219 4232 4230 2068 4231 
2220 3564 4232 4231 2077 
2221 2829 4233 4236 4235 
2222 4233 1992 4073 4236 
2223 4236 4073 1613 4234 
2224 4235 4236 4234 1838 
2225 2020 4237 4239 3836 
2226 4237 1197 3558 4239 
2227 4239 3558 1109 4238 
2228 3836 4239 4238 1123 
2229 2301 4117 4242 4241 
2230 4117 2110 4240 4242 
2231 4242 4240 2109 4032 
2232 4241 4242 4032 1168 
2233 2797 3467 4246 4245 
2234 3467 1953 4243 4246 
2235 4246 4243 2898 4244 
2236 4245 4246 4244 1160 
2237 2124 4247 4251 4250 
2238 4247 1845 4248 4251 
2239 4251 4248 1844 4249 
2240 4250 4251 4249 1624 
2241 2513 4252 4256 4255 
2242 4252 2637 4253 4256 
2243 4256 4253 1616 4254 
2244 4255 4256 4254 2608 
2245 2254 4257 4260 3272 
2246 4257 2062 4258 4260 
2247 4260 4258 2059 4259 
2248 3272 4260 4259 2253 
2249 2172 4261 4265 4264 
2250 4261 2173 4262 4265 
2251 4265 4262 2179 4263 
2252 4264 4265 4263 2292 
2253 2072 3147 4268 4267 
2254 3147 2226 4130 4268 
2255 4268 4130 2097 4266 
2256 4267 4268 4266 977 
2257 109 110 4272 4271 
2258 110 111 4269 4272 
2259 4272 4269 2464 4270 
2260 4271 4272 4270 2341 
2261 2171 4273 4277 4276 
2262 4273 1141 4274 4277 
2263 4277 4274 1138 4275 
2264 4276 4277 4275 2170 
2265 2500 4278 4282 4281 
2266 4278 2056 4279 4282 
2267 4282 4279 1955 4280 
2268 4281 4282 4280 1809 
2269 1087 4283 4285 3900 
2270 4283 741 740 4285 
2271 4285 740 739 4284 
2272 3900 4285 4284 2043 
2273 1642 4286 4289 4288 
2274 4286 1659 4287 4289 
2275 4289 4287 2020 3835 
2276 4288 4289 3835 1252 
2277 2110 4290 4292 4240 
2278 4290 2111 4291 4292 
2279 4292 4291 2112 4084 
2280 4240 4292 4084 2109 
2281 2582 4293 4296 4295 
2282 4293 299 300 4296 
2283 4296 300 301 4294 
2284 4295 4296 4294 1113 
2285 2048 4297 4299 3712 
2286 4297 293 294 4299 
2287 4299 294 295 4298 
2288 3712 4299 4298 1237 
2289 2215 4300 4302 4301 
2290 4300 980 3384 4302 
2291 4302 3384 264 265 
2292 4301 4302 265 266 
2293 1822 4303 4305 3926 
2294 4303 957 4304 4305 
2295 4305 4304 479 478 
2296 3926 4305 478 477 
2297 2118 4306 4310 4309 
2298 4306 2117 4307 4310 
2299 4310 4307 326 4308 
2300 4309 4310 4308 2119 
2301 1022 4311 4315 4314 
2302 4311 2428 4312 4315 
2303 4315 4312 1068 4313 
2304 4314 4315 4313 1052 
2305 1543 4316 4320 4319 
2306 4316 1697 4317 4320 
2307 4320 4317 1807 4318 
2308 4319 4320 4318 1592 
2309 1990 3069 4322 3385 
2310 3069 1530 4321 4322 
2311 4322 4321 260 261 
2312 3385 4322 261 262 
2313 1987 3524 4326 4325 
2314 3524 1457 4323 4326 
2315 4326 4323 2665 4324 
2316 4325 4326 4324 1985 
2317 2183 4327 4331 4330 
2318 4327 2318 4328 4331 
2319 4331 4328 1571 4329 
2320 4330 4331 4329 1665 
2321 2107 4332 4335 3844 
2322 4332 2103 4333 4335 
2323 4335 4333 2902 4334 
2324 3844 4335 4334 2475 
2325 305 306 4339 4338 
2326 306 307 4336 4339 
2327 4339 4336 2127 4337 
2328 4338 4339 4337 981 
2329 2339 4340 4344 4343 
2330 4340 1452 4341 4344 
2331 4344 4341 1315 4342 
2332 4343 4344 4342 2403 
2333 2079 4210 4347 4346 
2334 4210 966 4345 4347 
2335 4347 4345 442 443 
2336 4346 4347 443 444 
2337 1835 4348 4352 4351 
2338 4348 1834 4349 4352 
2339 4352 4349 1640 4350 
2340 4351 4352 4350 1788 
2341 2249 4353 4357 4356 
2342 4353 2909 4354 4357 
2343 4357 4354 2250 4355 
2344 4356 4357 4355 1667 
2345 1234 4358 4362 4361 
2346 4358 1534 4359 4362 
2347 4362 4359 1732 4360 
2348 4361 4362 4360 2244 
2349 2064 4143 4365 4364 
2350 4143 1162 4363 4365 
2351 4365 4363 438 439 
2352 4364 4365 439 440 
2353 2587 3562 4369 4368 
2354 3562 2077 4366 4369 
2355 4369 4366 2619 4367 
2356 4368 4369 4367 1360 
2357 2126 3535 4372 4371 
2358 3535 965 4370 4372 
2359 4372 4370 219 220 
2360 4371 4372 220 221 
2361 2266 4373 4375 4017 
2362 4373 977 4374 4375 
2363 4375 4374 432 433 
2364 4017 4375 433 434 
2365 2064 4376 4377 4144 
2366 4376 966 4209 4377 
2367 4377 4209 2080 3662 
2368 4144 4377 3662 2081 
2369 1928 4378 4381 4009 
2370 4378 2075 4379 4381 
2371 4381 4379 974 4380 
2372 4009 4381 4380 2076 
2373 2461 4382 4385 4384 
2374 4382 947 4383 4385 
2375 4385 4383 464 465 
2376 4384 4385 465 466 
2377 2284 4386 4390 4389 
2378 4386 2281 4387 4390 
2379 4390 4387 1662 4388 
2380 4389 4390 4388 2280 
2381 2115 4115 4393 4392 
2382 4115 982 4391 4393 
2383 4393 4391 2151 4205 
2384 4392 4393 4205 2235 
2385 1539 4394 4397 4396 
2386 4394 2279 3946 4397 
2387 4397 3946 1220 4395 
2388 4396 4397 4395 1218 
2389 2231 4398 4401 4400 
2390 4398 974 4399 4401 
2391 4401 4399 95 96 
2392 4400 4401 96 97 
2393 1680 4402 4406 4405 
2394 4402 2303 4403 4406 
2395 4406 4403 2302 4404 
2396 4405 4406 4404 1432 
2397 2343 4407 4409 4004 
2398 4407 2344 4408 4409 
2399 4409 4408 103 104 
2400 4004 4409 104 105 
2401 1861 4410 4413 4412 
2402 4410 1835 4351 4413 
2403 4413 4351 1788 4411 
2404 4412 4413 4411 1860 
2405 1671 4090 4417 4416 
2406 4090 2052 4414 4417 
2407 4417 4414 2049 4415 
2408 4416 4417 4415 2564 
2409 1849 4418 4421 4420 
2410 4418 1847 4419 4421 
2411 4421 4419 2687 3596 
2412 4420 4421 3596 2286 
2413 2273 4422 4425 4424 
2414 4422 1427 4075 4425 
2415 4425 4075 2278 4423 
2416 4424 4425 4423 2275 
2417 2234 4426 4429 4428 
2418 4426 967 4427 4429 
2419 4429 4427 362 363 
2420 4428 4429 363 364 
2421 2998 4430 4434 4433 
2422 4430 2146 4431 4434 
2423 4434 4431 2841 4432 
2424 4433 4434 4432 1169 
2425 2751 4435 4439 4438 
2426 4435 1971 4436 4439 
2427 4439 4436 1697 4437 
2428 4438 4439 4437 2264 
2429 91 4440 4443 90 
2430 4440 2685 4441 4443 
2431 4443 4441 2158 4442 
2432 90 4443 4442 89 
2433 1376 4444 4448 4447 
2434 4444 2302 4445 4448 
2435 4448 4445 1672 4446 
2436 4447 4448 4446 1392 
2437 1749 4224 4450 3759 
2438 4224 1976 3559 4450 
2439 4450 3559 1977 4449 
2440 3759 4450 4449 1975 
2441 629 628 4454 4453 
2442 628 22 4451 4454 
2443 4454 4451 1553 4452 
2444 4453 4454 4452 975 
2445 1339 4455 4459 4458 
2446 4455 1337 4456 4459 
2447 4459 4456 1336 4457 
2448 4458 4459 4457 1338 
2449 984 4460 4464 4463 
2450 4460 2297 4461 4464 
2451 4464 4461 2299 4462 
2452 4463 4464 4462 2298 
2453 2906 4465 4469 4468 
2454 4465 2018 4466 4469 
2455 4469 4466 2791 4467 
2456 4468 4469 4467 1471 
2457 2420 4470 4474 4473 
2458 4470 2602 4471 4474 
2459 4474 4471 1127 4472 
2460 4473 4474 4472 2418 
2461 1289 4475 4479 4478 
2462 4475 1287 4476 4479 
2463 4479 4476 1286 4477 
2464 4478 4479 4477 1288 
2465 1050 4480 4484 4483 
2466 4480 1079 4481 4484 
2467 4484 4481 1093 4482 
2468 4483 4484 4482 2471 
2469 2112 4291 4487 4486 
2470 4291 2111 4485 4487 
2471 4487 4485 2114 4102 
2472 4486 4487 4102 2229 
2473 2148 3167 4489 3680 
2474 3167 979 4488 4489 
2475 4489 4488 388 389 
2476 3680 4489 389 390 
2477 2108 4490 4493 4492 
2478 4490 1017 4491 4493 
2479 4493 4491 394 395 
2480 4492 4493 395 396 
2481 1287 4494 4497 4496 
2482 4494 2053 3586 4497 
2483 4497 3586 1436 4495 
2484 4496 4497 4495 1285 
2485 2108 4034 4499 4490 
2486 4034 2136 4024 4499 
2487 4499 4024 2137 4498 
2488 4490 4499 4498 1017 
2489 1562 4500 4504 4503 
2490 4500 2296 4501 4504 
2491 4504 4501 2273 4502 
2492 4503 4504 4502 2270 
2493 1475 4505 4509 4508 
2494 4505 2255 4506 4509 
2495 4509 4506 1479 4507 
2496 4508 4509 4507 1476 
2497 2066 4510 4512 4511 
2498 4510 2065 4000 4512 
2499 4512 4000 2068 4230 
2500 4511 4512 4230 2067 
2501 2151 4391 4515 4514 
2502 4391 982 4513 4515 
2503 4515 4513 402 403 
2504 4514 4515 403 404 
2505 1331 4516 4520 4519 
2506 4516 1332 4517 4520 
2507 4520 4517 1334 4518 
2508 4519 4520 4518 1333 
2509 1178 4521 4524 4523 
2510 4521 2374 4173 4524 
2511 4524 4173 2156 4522 
2512 4523 4524 4522 2152 
2513 291 4525 4527 290 
2514 4525 964 3407 4527 
2515 4527 3407 2543 4526 
2516 290 4527 4526 289 
2517 1667 4528 4531 4356 
2518 4528 1626 4529 4531 
2519 4531 4529 1655 4530 
2520 4356 4531 4530 2249 
2521 2949 4532 4534 4533 
2522 4532 2343 4003 4534 
2523 4534 4003 1024 3820 
2524 4533 4534 3820 2342 
2525 2269 4535 4539 4538 
2526 4535 2268 4536 4539 
2527 4539 4536 1228 4537 
2528 4538 4539 4537 1562 
2529 1901 4540 4544 4543 
2530 4540 1902 4541 4544 
2531 4544 4541 2019 4542 
2532 4543 4544 4542 1725 
2533 2093 4221 4548 4547 
2534 4221 1913 4545 4548 
2535 4548 4545 1915 4546 
2536 4547 4548 4546 1916 
2537 1945 3538 4550 4549 
2538 3538 611 610 4550 
2539 4550 610 609 3917 
2540 4549 4550 3917 959 
2541 2610 3273 4553 4552 
2542 3273 2253 4259 4553 
2543 4553 4259 2059 4551 
2544 4552 4553 4551 2057 
2545 1247 4554 4556 3648 
2546 4554 2249 4530 4556 
2547 4556 4530 1655 4555 
2548 3648 4556 4555 1885 
2549 2038 3974 4559 3977 
2550 3974 2994 4557 4559 
2551 4559 4557 2041 4558 
2552 3977 4559 4558 2039 
2553 2172 4560 4563 4261 
2554 4560 1173 4561 4563 
2555 4563 4561 2174 4562 
2556 4261 4563 4562 2173 
2557 1141 4273 4567 4566 
2558 4273 2171 4564 4567 
2559 4567 4564 1206 4565 
2560 4566 4567 4565 1144 
2561 2930 3232 4569 4568 
2562 3232 1970 4108 4569 
2563 4569 4108 1733 3172 
2564 4568 4569 3172 2267 
2565 1134 4570 4573 4572 
2566 4570 2117 4306 4573 
2567 4573 4306 2118 4571 
2568 4572 4573 4571 2122 
2569 964 4525 4575 4574 
2570 4525 291 292 4575 
2571 4575 292 293 4297 
2572 4574 4575 4297 2048 
2573 2843 3349 4578 3112 
2574 3349 2222 4576 4578 
2575 4578 4576 175 4577 
2576 3112 4578 4577 973 
2577 2105 4579 4582 4128 
2578 4579 2100 4580 4582 
2579 4582 4580 2099 4581 
2580 4128 4582 4581 2098 
2581 2097 4583 4586 4585 
2582 4583 1164 4584 4586 
2583 4586 4584 428 429 
2584 4585 4586 429 430 
2585 1181 4587 4588 4217 
2586 4587 2002 4110 4588 
2587 4588 4110 735 734 
2588 4217 4588 734 733 
2589 2224 4589 4593 4592 
2590 4589 1455 4590 4593 
2591 4593 4590 2223 4591 
2592 4592 4593 4591 2799 
2593 1418 4594 4597 4596 
2594 4594 2372 4595 4597 
2595 4597 4595 2380 4153 
2596 4596 4597 4153 1430 
2597 2349 4598 4601 4600 
2598 4598 2340 4599 4601 
2599 4601 4599 2351 3034 
2600 4600 4601 3034 2350 
2601 1368 4602 4605 4604 
2602 4602 1571 4328 4605 
2603 4605 4328 2318 4603 
2604 4604 4605 4603 2445 
2605 1283 4187 4609 4608 
2606 4187 2221 4606 4609 
2607 4609 4606 2184 4607 
2608 4608 4609 4607 1281 
2609 1287 4496 4612 4476 
2610 4496 1285 4610 4612 
2611 4612 4610 1284 4611 
2612 4476 4612 4611 1286 
2613 2610 4552 4615 4614 
2614 4552 2057 4613 4615 
2615 4615 4613 1955 4279 
2616 4614 4615 4279 2056 
2617 2861 3855 4619 4618 
2618 3855 1967 4616 4619 
2619 4619 4616 2951 4617 
2620 4618 4619 4617 967 
2621 1341 3995 4622 4621 
2622 3995 1339 4458 4622 
2623 4622 4458 1338 4620 
2624 4621 4622 4620 1340 
2625 2172 4623 4626 4625 
2626 4623 976 4624 4626 
2627 4626 4624 117 118 
2628 4625 4626 118 119 
2629 2135 4627 4631 4630 
2630 4627 1531 4628 4631 
2631 4631 4628 1212 4629 
2632 4630 4631 4629 1210 
2633 326 327 4633 4308 
2634 327 328 4061 4633 
2635 4633 4061 2120 4632 
2636 4308 4633 4632 2119 
2637 966 4376 4634 4345 
2638 4376 2064 4364 4634 
2639 4634 4364 440 441 
2640 4345 4634 441 442 
2641 1210 4635 4638 4630 
2642 4635 1208 4636 4638 
2643 4638 4636 1617 4637 
2644 4630 4638 4637 2135 
2645 1640 4639 4643 4642 
2646 4639 1622 4640 4643 
2647 4643 4640 1565 4641 
2648 4642 4643 4641 1639 
2649 2233 3499 4645 4644 
2650 3499 2231 4400 4645 
2651 4645 4400 97 98 
2652 4644 4645 98 99 
2653 1154 4646 4650 4649 
2654 4646 1152 4647 4650 
2655 4650 4647 1410 4648 
2656 4649 4650 4648 2438 
2657 2364 4651 4655 4654 
2658 4651 2363 4652 4655 
2659 4655 4652 1258 4653 
2660 4654 4655 4653 1435 
2661 2060 3430 4659 4658 
2662 3430 2518 4656 4659 
2663 4659 4656 2900 4657 
2664 4658 4659 4657 2058 
2665 2097 4129 4661 4583 
2666 4129 2098 4581 4661 
2667 4661 4581 2099 4660 
2668 4583 4661 4660 1164 
2669 2234 4662 4666 4665 
2670 4662 2321 4663 4666 
2671 4666 4663 2322 4664 
2672 4665 4666 4664 2330 
2673 1283 4608 4670 4669 
2674 4608 1281 4667 4670 
2675 4670 4667 1280 4668 
2676 4669 4670 4668 1282 
2677 2125 4671 4674 4673 
2678 4671 1170 4672 4674 
2679 4674 4672 223 224 
2680 4673 4674 224 225 
2681 1605 4675 4678 4677 
2682 4675 2418 4472 4678 
2683 4678 4472 1127 4676 
2684 4677 4678 4676 1129 
2685 2130 4679 4682 4681 
2686 4679 350 351 4682 
2687 4682 351 352 4680 
2688 4681 4682 4680 1167 
2689 2240 4683 4686 4685 
2690 4683 358 359 4686 
2691 4686 359 360 4684 
2692 4685 4686 4684 1176 
2693 2429 4687 4691 4690 
2694 4687 2846 4688 4691 
2695 4691 4688 2919 4689 
2696 4690 4691 4689 1673 
2697 2300 4692 4695 4694 
2698 4692 458 459 4695 
2699 4695 459 460 4693 
2700 4694 4695 4693 1003 
2701 2800 4696 4698 4697 
2702 4696 1553 4451 4698 
2703 4698 4451 22 3417 
2704 4697 4698 3417 2796 
2705 1284 4610 4700 4699 
2706 4610 1285 4495 4700 
2707 4700 4495 1436 4188 
2708 4699 4700 4188 1283 
2709 2153 4701 4703 4702 
2710 4701 2155 4204 4703 
2711 4703 4204 1178 4523 
2712 4702 4703 4523 2152 
2713 392 393 4705 3678 
2714 393 394 4491 4705 
2715 4705 4491 1017 4704 
2716 3678 4705 4704 2379 
2717 2391 4706 4710 4709 
2718 4706 2389 4707 4710 
2719 4710 4707 1500 4708 
2720 4709 4710 4708 2411 
2721 2505 4711 4715 4714 
2722 4711 2220 4712 4715 
2723 4715 4712 1216 4713 
2724 4714 4715 4713 1214 
2725 1208 4716 4718 4636 
2726 4716 1206 4564 4718 
2727 4718 4564 2171 4717 
2728 4636 4718 4717 1617 
2729 1597 4719 4723 4722 
2730 4719 2232 4720 4723 
2731 4723 4720 1465 4721 
2732 4722 4723 4721 1463 
2733 1925 4724 4728 4727 
2734 4724 1926 4725 4728 
2735 4728 4725 1927 4726 
2736 4727 4728 4726 2236 
2737 1161 4042 4730 4729 
2738 4042 2079 4346 4730 
2739 4730 4346 444 445 
2740 4729 4730 445 446 
2741 1482 4731 4735 4734 
2742 4731 1480 4732 4735 
2743 4735 4732 1570 4733 
2744 4734 4735 4733 2454 
2745 1147 4097 4739 4738 
2746 4097 1585 4736 4739 
2747 4739 4736 1724 4737 
2748 4738 4739 4737 1194 
2749 2230 4740 4743 4742 
2750 4740 1175 4741 4743 
2751 4743 4741 179 180 
2752 4742 4743 180 181 
2753 2934 4744 4748 4747 
2754 4744 2238 4745 4748 
2755 4748 4745 1440 4746 
2756 4747 4748 4746 1527 
2757 1526 4749 4752 4751 
2758 4749 1653 3252 4752 
2759 4752 3252 1842 4750 
2760 4751 4752 4750 1702 
2761 2401 4753 4757 4756 
2762 4753 2430 4754 4757 
2763 4757 4754 1612 4755 
2764 4756 4757 4755 2463 
2765 1329 4758 4760 3665 
2766 4758 1330 4759 4760 
2767 4760 4759 1332 4516 
2768 3665 4760 4516 1331 
2769 1289 4761 4765 4764 
2770 4761 1290 4762 4765 
2771 4765 4762 1292 4763 
2772 4764 4765 4763 1291 
2773 2220 4766 4768 4712 
2774 4766 1539 4396 4768 
2775 4768 4396 1218 4767 
2776 4712 4768 4767 1216 
2777 1168 4035 4770 4769 
2778 4035 2108 4492 4770 
2779 4770 4492 396 397 
2780 4769 4770 397 398 
2781 984 4771 4773 4460 
2782 4771 454 455 4773 
2783 4773 455 456 4772 
2784 4460 4773 4772 2297 
2785 1461 4774 4777 4776 
2786 4774 1462 4775 4777 
2787 4777 4775 1597 4722 
2788 4776 4777 4722 1463 
2789 1376 4778 4780 4444 
2790 4778 1374 4779 4780 
2791 4780 4779 1432 4404 
2792 4444 4780 4404 2302 
2793 1961 4781 4785 4784 
2794 4781 1705 4782 4785 
2795 4785 4782 1703 4783 
2796 4784 4785 4783 1704 
2797 246 4786 4789 245 
2798 4786 1160 4787 4789 
2799 4789 4787 2280 4788 
2800 245 4789 4788 244 
2801 2287 4790 4793 4792 
2802 4790 2289 4791 4793 
2803 4793 4791 133 134 
2804 4792 4793 134 135 
2805 1794 4154 4797 4796 
2806 4154 2380 4794 4797 
2807 4797 4794 2200 4795 
2808 4796 4797 4795 2381 
2809 1281 4607 4801 4800 
2810 4607 2184 4798 4801 
2811 4801 4798 1467 4799 
2812 4800 4801 4799 1279 
2813 2047 4802 4804 3518 
2814 4802 2046 4099 4804 
2815 4804 4099 1084 4803 
2816 3518 4804 4803 1077 
2817 1792 4805 4809 4808 
2818 4805 1459 4806 4809 
2819 4809 4806 1416 4807 
2820 4808 4809 4807 1415 
2821 1393 4810 4812 4054 
2822 4810 1392 4446 4812 
2823 4812 4446 1672 4811 
2824 4054 4812 4811 1437 
2825 1942 4813 4816 4815 
2826 4813 2641 4814 4816 
2827 4816 4814 185 186 
2828 4815 4816 186 187 
2829 426 427 4818 4124 
2830 427 428 4584 4818 
2831 4818 4584 1164 4817 
2832 4124 4818 4817 2508 
2833 1372 4819 4822 4821 
2834 4819 1373 4820 4822 
2835 4822 4820 1432 4779 
2836 4821 4822 4779 1374 
2837 1134 4823 4824 4570 
2838 4823 324 325 4824 
2839 4824 325 326 4307 
2840 4570 4824 4307 2117 
2841 977 4266 4825 4374 
2842 4266 2097 4585 4825 
2843 4825 4585 430 431 
2844 4374 4825 431 432 
2845 2161 4826 4828 4052 
2846 4826 1792 4808 4828 
2847 4828 4808 1415 4827 
2848 4052 4828 4827 2160 
2849 2201 4829 4832 4831 
2850 4829 1172 4830 4832 
2851 4832 4830 113 114 
2852 4831 4832 114 115 
2853 2174 4833 4835 4562 
2854 4833 2175 4834 4835 
2855 4835 4834 2179 4262 
2856 4562 4835 4262 2173 
2857 2225 3964 4839 4838 
2858 3964 1351 4836 4839 
2859 4839 4836 1352 4837 
2860 4838 4839 4837 1455 
2861 2201 4092 4842 4829 
2862 4092 2202 4840 4842 
2863 4842 4840 2203 4841 
2864 4829 4842 4841 1172 
2865 1255 4843 4846 4845 
2866 4843 1613 4072 4846 
2867 4846 4072 1993 4844 
2868 4845 4846 4844 2021 
2869 2095 4847 4851 4850 
2870 4847 1917 4848 4851 
2871 4851 4848 1919 4849 
2872 4850 4851 4849 1921 
2873 2260 3220 4855 4854 
2874 3220 2261 4852 4855 
2875 4855 4852 2385 4853 
2876 4854 4855 4853 2262 
2877 505 4856 4859 504 
2878 4856 1000 4857 4859 
2879 4859 4857 1135 4858 
2880 504 4859 4858 17 
2881 2160 4827 4863 4862 
2882 4827 1415 4860 4863 
2883 4863 4860 1408 4861 
2884 4862 4863 4861 1395 
2885 2294 4864 4867 4095 
2886 4864 2207 4865 4867 
2887 4867 4865 2204 4866 
2888 4095 4867 4866 2202 
2889 954 4868 4870 4869 
2890 4868 2125 4673 4870 
2891 4870 4673 225 226 
2892 4869 4870 226 227 
2893 1170 4871 4872 4672 
2894 4871 2126 4371 4872 
2895 4872 4371 221 222 
2896 4672 4872 222 223 
2897 2290 4873 4876 4875 
2898 4873 1177 4874 4876 
2899 4876 4874 207 208 
2900 4875 4876 208 209 
2901 398 399 4878 4769 
2902 399 400 4877 4878 
2903 4878 4877 2301 4241 
2904 4769 4878 4241 1168 
2905 309 310 4882 4881 
2906 310 311 4879 4882 
2907 4882 4879 2291 4880 
2908 4881 4882 4880 1159 
2909 2373 3883 4885 4884 
2910 3883 1885 4555 4885 
2911 4885 4555 1655 4883 
2912 4884 4885 4883 1727 
2913 1176 4684 4888 4887 
2914 4684 360 361 4888 
2915 4888 361 362 4886 
2916 4887 4888 4886 2129 
2917 970 4889 4891 4890 
2918 4889 348 349 4891 
2919 4891 349 350 4679 
2920 4890 4891 4679 2130 
2921 2232 4719 4895 4894 
2922 4719 1597 4892 4895 
2923 4895 4892 1752 4893 
2924 4894 4895 4893 1753 
2925 2191 4896 4900 4899 
2926 4896 2332 4897 4900 
2927 4900 4897 1467 4898 
2928 4899 4900 4898 2186 
2929 2248 4901 4902 3477 
2930 4901 1023 3911 4902 
2931 4902 3911 127 128 
2932 3477 4902 128 129 
2933 1311 4903 4907 4906 
2934 4903 1313 4904 4907 
2935 4907 4904 1452 4905 
2936 4906 4907 4905 2348 
2937 1668 4908 4912 4911 
2938 4908 2223 4909 4912 
2939 4912 4909 1354 4910 
2940 4911 4912 4910 1564 
2941 1753 4913 4917 4916 
2942 4913 2346 4914 4917 
2943 4917 4914 2838 4915 
2944 4916 4917 4915 2017 
2945 1255 4918 4920 4843 
2946 4918 1449 4919 4920 
2947 4920 4919 1838 4234 
2948 4843 4920 4234 1613 
2949 1572 4921 4923 4922 
2950 4921 1667 4355 4923 
2951 4923 4355 2250 3063 
2952 4922 4923 3063 2251 
2953 1979 3461 4925 3296 
2954 3461 1347 4924 4925 
2955 4925 4924 1349 3962 
2956 3296 4925 3962 1358 
2957 2289 4926 4927 4791 
2958 4926 1557 3476 4927 
2959 4927 3476 131 132 
2960 4791 4927 132 133 
2961 1562 4503 4930 4538 
2962 4503 2270 4928 4930 
2963 4930 4928 2271 4929 
2964 4538 4930 4929 2269 
2965 2321 4662 4932 4931 
2966 4662 2234 4428 4932 
2967 4932 4428 364 365 
2968 4931 4932 365 366 
2969 1481 4933 4937 4936 
2970 4933 2458 4934 4937 
2971 4937 4934 1477 4935 
2972 4936 4937 4935 1478 
2973 111 112 4939 4269 
2974 112 113 4830 4939 
2975 4939 4830 1172 4938 
2976 4269 4939 4938 2464 
2977 1159 4940 4941 4881 
2978 4940 2127 4336 4941 
2979 4941 4336 307 308 
2980 4881 4941 308 309 
2981 2339 4942 4944 4340 
2982 4942 2349 4943 4944 
2983 4944 4943 2348 4905 
2984 4340 4944 4905 1452 
2985 121 122 4947 4946 
2986 122 123 4160 4947 
2987 4947 4160 2503 4945 
2988 4946 4947 4945 1173 
2989 1178 4206 4949 4948 
2990 4206 2151 4514 4949 
2991 4949 4514 404 405 
2992 4948 4949 405 406 
2993 1173 4560 4950 4946 
2994 4560 2172 4625 4950 
2995 4950 4625 119 120 
2996 4946 4950 120 121 
2997 2172 4264 4952 4623 
2998 4264 2292 4951 4952 
2999 4952 4951 2294 4094 
3000 4623 4952 4094 976 
3001 2195 3543 4955 4954 
3002 3543 2333 4953 4955 
3003 4955 4953 2332 4896 
3004 4954 4955 4896 2191 
3005 2162 4956 4959 3400 
3006 4956 1546 4957 4959 
3007 4959 4957 1325 4958 
3008 3400 4959 4958 1327 
3009 458 4692 4961 457 
3010 4692 2300 4960 4961 
3011 4961 4960 2297 4772 
3012 457 4961 4772 456 
3013 2353 4962 4965 4964 
3014 4962 171 172 4965 
3015 4965 172 173 4963 
3016 4964 4965 4963 1180 
3017 2308 4966 4968 3479 
3018 4966 2310 4030 4968 
3019 4968 4030 2313 4967 
3020 3479 4968 4967 2314 
3021 2562 4969 4973 4972 
3022 4969 2619 4970 4973 
3023 4973 4970 2082 4971 
3024 4972 4973 4971 2635 
3025 3002 4974 4978 4977 
3026 4974 1086 4975 4978 
3027 4978 4975 2966 4976 
3028 4977 4978 4976 2216 
3029 2150 4979 4982 4981 
3030 4979 1542 4980 4982 
3031 4982 4980 215 216 
3032 4981 4982 216 217 
3033 1167 4680 4984 3825 
3034 4680 352 353 4984 
3035 4984 353 354 4983 
3036 3825 4984 4983 2239 
3037 1043 4985 4987 4986 
3038 4985 356 357 4987 
3039 4987 357 358 4683 
3040 4986 4987 4683 2240 
3041 2532 4988 4991 3764 
3042 4988 1121 4989 4991 
3043 4991 4989 2050 4990 
3044 3764 4991 4990 2051 
3045 949 4992 4996 4995 
3046 4992 2845 4993 4996 
3047 4996 4993 2429 4994 
3048 4995 4996 4994 2822 
3049 2389 4997 5000 4707 
3050 4997 2387 4998 5000 
3051 5000 4998 2393 4999 
3052 4707 5000 4999 1500 
3053 1044 5001 5003 5002 
3054 5001 2230 4742 5003 
3055 5003 4742 181 182 
3056 5002 5003 182 183 
3057 2500 4281 5007 5006 
3058 4281 1809 5004 5007 
3059 5007 5004 1808 5005 
3060 5006 5007 5005 1604 
3061 2273 4501 5010 4422 
3062 4501 2296 5008 5010 
3063 5010 5008 1224 5009 
3064 4422 5010 5009 1427 
3065 2330 4664 5014 5013 
3066 4664 2322 5011 5014 
3067 5014 5011 2324 5012 
3068 5013 5014 5012 2325 
3069 175 176 5016 4577 
3070 176 177 5015 5016 
3071 5016 5015 2519 3113 
3072 4577 5016 3113 973 
3073 976 4093 5017 4624 
3074 4093 2201 4831 5017 
3075 5017 4831 115 116 
3076 4624 5017 116 117 
3077 2335 5018 5022 5021 
3078 5018 2334 5019 5022 
3079 5022 5019 1319 5020 
3080 5021 5022 5020 1524 
3081 2276 5023 5026 5025 
3082 5023 2274 5024 5026 
3083 5026 5024 2273 4424 
3084 5025 5026 4424 2275 
3085 2141 5027 5030 5029 
3086 5027 2140 5028 5030 
3087 5030 5028 2137 4023 
3088 5029 5030 4023 2139 
3089 2089 4192 5034 5033 
3090 4192 1293 5031 5034 
3091 5034 5031 1295 5032 
3092 5033 5034 5032 2549 
3093 2264 4437 5036 3395 
3094 4437 1697 4316 5036 
3095 5036 4316 1543 5035 
3096 3395 5036 5035 2421 
3097 2344 5037 5039 4408 
3098 5037 1020 5038 5039 
3099 5039 5038 101 102 
3100 4408 5039 102 103 
3101 436 437 5041 4015 
3102 437 438 4363 5041 
3103 5041 4363 1162 5040 
3104 4015 5041 5040 2560 
3105 581 582 5045 5044 
3106 582 18 5042 5045 
3107 5045 5042 1528 5043 
3108 5044 5045 5043 990 
3109 1166 5046 5047 3949 
3110 5046 87 88 5047 
3111 5047 88 89 4442 
3112 3949 5047 4442 2158 
3113 965 3161 5048 4370 
3114 3161 2150 4981 5048 
3115 5048 4981 217 218 
3116 4370 5048 218 219 
3117 2933 5049 5051 3038 
3118 5049 2329 5050 5051 
3119 5051 5050 2325 5012 
3120 3038 5051 5012 2324 
3121 557 556 5054 4177 
3122 556 555 5052 5054 
3123 5054 5052 2320 5053 
3124 4177 5054 5053 2131 
3125 1788 4350 5057 5056 
3126 4350 1640 4642 5057 
3127 5057 4642 1639 5055 
3128 5056 5057 5055 1787 
3129 1753 4893 5059 4913 
3130 4893 1752 5058 5059 
3131 5059 5058 1965 3847 
3132 4913 5059 3847 2346 
3133 1622 5060 5063 4640 
3134 5060 1621 5061 5063 
3135 5063 5061 1564 5062 
3136 4640 5063 5062 1565 
3137 2191 5064 5067 4954 
3138 5064 2192 5065 5067 
3139 5067 5065 2194 5066 
3140 4954 5067 5066 2195 
3141 2765 5068 5071 5070 
3142 5068 2283 3291 5071 
3143 5071 3291 2812 5069 
3144 5070 5071 5069 1165 
3145 1238 5072 5076 5075 
3146 5072 1240 5073 5076 
3147 5076 5073 1666 5074 
3148 5075 5076 5074 2422 
3149 1830 5077 5081 5080 
3150 5077 2218 5078 5081 
3151 5081 5078 2458 5079 
3152 5080 5081 5079 1802 
3153 1281 4800 5084 4667 
3154 4800 1279 5082 5084 
3155 5084 5082 1278 5083 
3156 4667 5084 5083 1280 
3157 2335 5085 5088 5018 
3158 5085 2336 5086 5088 
3159 5088 5086 2403 5087 
3160 5018 5088 5087 2334 
3161 2239 4983 5090 5089 
3162 4983 354 355 5090 
3163 5090 355 356 4985 
3164 5089 5090 4985 1043 
3165 1327 5091 5093 3397 
3166 5091 1328 5092 5093 
3167 5093 5092 1330 4758 
3168 3397 5093 4758 1329 
3169 1180 4963 5095 5094 
3170 4963 173 174 5095 
3171 5095 174 175 4576 
3172 5094 5095 4576 2222 
3173 2507 5096 5099 5098 
3174 5096 2783 5097 5099 
3175 5099 5097 2084 4044 
3176 5098 5099 4044 2744 
3177 2095 5100 5102 4847 
3178 5100 1916 4546 5102 
3179 5102 4546 1915 5101 
3180 4847 5102 5101 1917 
3181 960 5103 5107 5106 
3182 5103 986 5104 5107 
3183 5107 5104 1027 5105 
3184 5106 5107 5105 2606 
3185 978 5108 5110 5109 
3186 5108 2287 4792 5110 
3187 5110 4792 135 136 
3188 5109 5110 136 137 
3189 2296 4500 5113 5112 
3190 4500 1562 4537 5113 
3191 5113 4537 1228 5111 
3192 5112 5113 5111 1226 
3193 2371 5114 5118 5117 
3194 5114 2368 5115 5118 
3195 5118 5115 2365 5116 
3196 5117 5118 5116 1689 
3197 2169 3603 5121 4135 
3198 3603 2165 5119 5121 
3199 5121 5119 2164 5120 
3200 4135 5121 5120 2163 
3201 1179 5122 5125 5124 
3202 5122 2345 5123 5125 
3203 5125 5123 370 371 
3204 5124 5125 371 372 
3205 1028 5126 5128 5127 
3206 5126 2290 4875 5128 
3207 5128 4875 209 210 
3208 5127 5128 210 211 
3209 1020 5129 5130 5038 
3210 5129 2233 4644 5130 
3211 5130 4644 99 100 
3212 5038 5130 100 101 
3213 406 407 5132 4948 
3214 407 408 5131 5132 
3215 5132 5131 2374 4521 
3216 4948 5132 4521 1178 
3217 974 4379 5134 4399 
3218 4379 2075 5133 5134 
3219 5134 5133 93 94 
3220 4399 5134 94 95 
3221 1515 5135 5139 5138 
3222 5135 1514 5136 5139 
3223 5139 5136 1517 5137 
3224 5138 5139 5137 1516 
3225 2956 5140 5143 5142 
3226 5140 1999 5141 5143 
3227 5143 5141 2859 3651 
3228 5142 5143 3651 968 
3229 2384 5144 5147 5146 
3230 5144 1527 4746 5147 
3231 5147 4746 1440 5145 
3232 5146 5147 5145 1441 
3233 1997 5148 5151 3243 
3234 5148 1998 5149 5151 
3235 5151 5149 2700 5150 
3236 3243 5151 5150 2704 
3237 2202 4866 5154 4840 
3238 4866 2204 5152 5154 
3239 5154 5152 2205 5153 
3240 4840 5154 5153 2203 
3241 1944 3751 5157 3710 
3242 3751 1943 5155 5157 
3243 5157 5155 2551 5156 
3244 3710 5157 5156 2995 
3245 2067 4229 5160 5159 
3246 4229 2071 3090 5160 
3247 5160 3090 2626 5158 
3248 5159 5160 5158 2070 
3249 1110 5161 5165 5164 
3250 5161 2252 5162 5165 
3251 5165 5162 2538 5163 
3252 5164 5165 5163 1106 
3253 2383 3638 5168 5167 
3254 3638 2382 5166 5168 
3255 5168 5166 418 419 
3256 5167 5168 419 420 
3257 2375 5169 5173 5172 
3258 5169 1858 5170 5173 
3259 5173 5170 1857 5171 
3260 5172 5173 5171 1634 
3261 1965 5058 5177 5176 
3262 5058 1752 5174 5177 
3263 5177 5174 1619 5175 
3264 5176 5177 5175 1793 
3265 1035 5178 5180 5179 
3266 5178 2321 4931 5180 
3267 5180 4931 366 367 
3268 5179 5180 367 368 
3269 1406 3931 5184 5183 
3270 3931 2425 5181 5184 
3271 5184 5181 1887 5182 
3272 5183 5184 5182 1651 
3273 2341 3821 5185 4271 
3274 3821 1024 4002 5185 
3275 5185 4002 107 108 
3276 4271 5185 108 109 
3277 1517 5186 5189 5137 
3278 5186 1518 5187 5189 
3279 5189 5187 1519 5188 
3280 5137 5189 5188 1516 
3281 2319 5190 5192 5191 
3282 5190 1028 5127 5192 
3283 5192 5127 211 212 
3284 5191 5192 212 213 
3285 2596 5193 5195 3982 
3286 5193 1032 5194 5195 
3287 5195 5194 410 411 
3288 3982 5195 411 412 
3289 2382 3703 5196 5166 
3290 3703 1029 3691 5196 
3291 5196 3691 416 417 
3292 5166 5196 417 418 
3293 2347 3887 5198 4126 
3294 3887 1033 5197 5198 
3295 5198 5197 422 423 
3296 4126 5198 423 424 
3297 1542 5199 5200 4980 
3298 5199 2319 5191 5200 
3299 5200 5191 213 214 
3300 4980 5200 214 215 
3301 2285 4139 5204 5203 
3302 4139 1380 5201 5204 
3303 5204 5201 1382 5202 
3304 5203 5204 5202 1383 
3305 1169 5205 5208 5207 
3306 5205 2306 5206 5208 
3307 5208 5206 382 383 
3308 5207 5208 383 384 
3309 1041 5209 5210 3256 
3310 5209 169 170 5210 
3311 5210 170 171 4962 
3312 3256 5210 4962 2353 
3313 1491 5211 5215 5214 
3314 5211 2446 5212 5215 
3315 5215 5212 1700 5213 
3316 5214 5215 5213 2447 
3317 1124 5216 5220 5219 
3318 5216 1257 5217 5220 
3319 5220 5217 1633 5218 
3320 5219 5220 5218 2498 
3321 2304 5221 5224 5223 
3322 5221 2166 5222 5224 
3323 5224 5222 2164 5119 
3324 5223 5224 5119 2165 
3325 1121 4168 5226 4989 
3326 4168 2049 4414 5226 
3327 5226 4414 2052 5225 
3328 4989 5226 5225 2050 
3329 2321 5178 5229 4663 
3330 5178 1035 5227 5229 
3331 5229 5227 2323 5228 
3332 4663 5229 5228 2322 
3333 1325 5230 5232 4958 
3334 5230 1326 5231 5232 
3335 5232 5231 1328 5091 
3336 4958 5232 5091 1327 
3337 2649 3486 5235 5234 
3338 3486 2183 4330 5235 
3339 5235 4330 1665 5233 
3340 5234 5235 5233 1859 
3341 2159 5236 5239 5238 
3342 5236 283 284 5239 
3343 5239 284 285 5237 
3344 5238 5239 5237 1085 
3345 1471 5240 5244 5243 
3346 5240 1470 5241 5244 
3347 5244 5241 1469 5242 
3348 5243 5244 5242 1465 
3349 1291 4763 5247 4191 
3350 4763 1292 5245 5247 
3351 5247 5245 1294 5246 
3352 4191 5247 5246 1293 
3353 1441 5248 5251 5146 
3354 5248 1577 5249 5251 
3355 5251 5249 1906 5250 
3356 5146 5251 5250 2384 
3357 2477 5252 5255 5254 
3358 5252 2218 5077 5255 
3359 5255 5077 1830 5253 
3360 5254 5255 5253 2219 
3361 2488 5256 5260 5259 
3362 5256 1561 5257 5260 
3363 5260 5257 1734 5258 
3364 5259 5260 5258 1735 
3365 982 4118 5261 4513 
3366 4118 2301 4877 5261 
3367 5261 4877 400 401 
3368 4513 5261 401 402 
3369 1315 5262 5264 4342 
3370 5262 1317 5263 5264 
3371 5264 5263 2334 5087 
3372 4342 5264 5087 2403 
3373 1392 5265 5268 4447 
3374 5265 1391 5266 5268 
3375 5268 5266 1390 5267 
3376 4447 5268 5267 1376 
3377 270 271 5272 5271 
3378 271 272 5269 5272 
3379 5272 5269 2378 5270 
3380 5271 5272 5270 1086 
3381 2306 5273 5275 5206 
3382 5273 2367 5274 5275 
3383 5275 5274 380 381 
3384 5206 5275 381 382 
3385 1752 4892 5277 5174 
3386 4892 1597 4775 5277 
3387 5277 4775 1462 5276 
3388 5174 5277 5276 1619 
3389 1664 5278 5280 5279 
3390 5278 2291 4879 5280 
3391 5280 4879 311 312 
3392 5279 5280 312 313 
3393 2096 5281 5285 5284 
3394 5281 1921 5282 5285 
3395 5285 5282 1922 5283 
3396 5284 5285 5283 1923 
3397 2367 5273 5288 3481 
3398 5273 2306 5286 5288 
3399 5288 5286 2307 5287 
3400 3481 5288 5287 2308 
3401 2642 5289 5292 3352 
3402 5289 2061 5290 5292 
3403 5292 5290 2062 5291 
3404 3352 5292 5291 2063 
3405 1585 4214 5294 4736 
3406 4214 1725 4542 5294 
3407 5294 4542 2019 5293 
3408 4736 5294 5293 1724 
3409 2302 4403 5296 4445 
3410 4403 2303 5295 5296 
3411 5296 5295 2673 3331 
3412 4445 5296 3331 1672 
3413 2238 5297 5300 4745 
3414 5297 2376 5298 5300 
3415 5300 5298 1386 5299 
3416 4745 5300 5299 1440 
3417 1033 3682 5301 5197 
3418 3682 2383 5167 5301 
3419 5301 5167 420 421 
3420 5197 5301 421 422 
3421 1777 5302 5306 5305 
3422 5302 2749 5303 5306 
3423 5306 5303 2910 5304 
3424 5305 5306 5304 2078 
3425 1662 5307 5308 4388 
3426 5307 242 243 5308 
3427 5308 243 244 4788 
3428 4388 5308 4788 2280 
3429 1518 5309 5312 5187 
3430 5309 1520 5310 5312 
3431 5312 5310 1521 5311 
3432 5187 5312 5311 1519 
3433 1864 3451 5316 5315 
3434 3451 1040 5313 5316 
3435 5316 5313 2397 5314 
3436 5315 5316 5314 2398 
3437 1485 5317 5321 5320 
3438 5317 1690 5318 5321 
3439 5321 5318 1691 5319 
3440 5320 5321 5319 1556 
3441 1376 5322 5324 4778 
3442 5322 1375 5323 5324 
3443 5324 5323 1372 4821 
3444 4778 5324 4821 1374 
3445 2349 4942 5327 4598 
3446 4942 2339 5325 5327 
3447 5327 5325 2338 5326 
3448 4598 5327 5326 2340 
3449 1571 5328 5330 4329 
3450 5328 1634 5171 5330 
3451 5330 5171 1857 5329 
3452 4329 5330 5329 1665 
3453 2322 5228 5332 5011 
3454 5228 2323 5331 5332 
3455 5332 5331 2326 3039 
3456 5011 5332 3039 2324 
3457 2073 5333 5335 5334 
3458 5333 2070 5158 5335 
3459 5335 5158 2626 3105 
3460 5334 5335 3105 2074 
3461 1500 4999 5339 5338 
3462 4999 2393 5336 5339 
3463 5339 5336 1499 5337 
3464 5338 5339 5337 1497 
3465 2699 5340 5341 3325 
3466 5340 2295 4216 5341 
3467 5341 4216 731 730 
3468 3325 5341 730 729 
3469 2016 5342 5346 5345 
3470 5342 1594 5343 5346 
3471 5346 5343 1521 5344 
3472 5345 5346 5344 2520 
3473 1424 5347 5350 5349 
3474 5347 1526 5348 5350 
3475 5350 5348 2285 5203 
3476 5349 5350 5203 1383 
3477 1373 4819 5354 5353 
3478 4819 1372 5351 5354 
3479 5354 5351 1371 5352 
3480 5353 5354 5352 1370 
3481 1510 5355 5359 5358 
3482 5355 1511 5356 5359 
3483 5359 5356 1541 5357 
3484 5358 5359 5357 1512 
3485 1511 5355 5363 5362 
3486 5355 1510 5360 5363 
3487 5363 5360 1509 5361 
3488 5362 5363 5361 1508 
3489 2367 3480 5364 5274 
3490 3480 1036 3265 5364 
3491 5364 3265 378 379 
3492 5274 5364 379 380 
3493 2458 5078 5366 4934 
3494 5078 2218 5252 5366 
3495 5366 5252 2477 5365 
3496 4934 5366 5365 1477 
3497 1343 5367 5370 5369 
3498 5367 1341 4621 5370 
3499 5370 4621 1340 5368 
3500 5369 5370 5368 1342 
3501 2274 5371 5373 5024 
3502 5371 2272 5372 5373 
3503 5373 5372 2270 4502 
3504 5024 5373 4502 2273 
3505 2484 3636 5376 5375 
3506 3636 2259 5374 5376 
3507 5376 5374 2258 3043 
3508 5375 5376 3043 2260 
3509 1511 5362 5380 5379 
3510 5362 1508 5377 5380 
3511 5380 5377 1506 5378 
3512 5379 5380 5378 2386 
3513 2268 5381 5384 4536 
3514 5381 1230 5382 5384 
3515 5384 5382 1229 5383 
3516 4536 5384 5383 1228 
3517 1368 5385 5387 4602 
3518 5385 1367 5386 5387 
3519 5387 5386 1634 5328 
3520 4602 5387 5328 1571 
3521 2810 5388 5392 5391 
3522 5388 2227 5389 5392 
3523 5392 5389 1841 5390 
3524 5391 5392 5390 2228 
3525 1040 5393 5395 5313 
3526 5393 163 164 5395 
3527 5395 164 165 5394 
3528 5313 5395 5394 2397 
3529 1512 5396 5399 5358 
3530 5396 1513 5397 5399 
3531 5399 5397 2431 5398 
3532 5358 5399 5398 1510 
3533 2365 5400 5403 5116 
3534 5400 2386 5401 5403 
3535 5403 5401 1583 5402 
3536 5116 5403 5402 1689 
3537 2417 5404 5407 4152 
3538 5404 1431 5405 5407 
3539 5407 5405 1420 5406 
3540 4152 5407 5406 1430 
3541 2371 5117 5410 5409 
3542 5117 1689 5402 5410 
3543 5410 5402 1583 5408 
3544 5409 5410 5408 1658 
3545 1661 5411 5413 5412 
3546 5411 2378 5269 5413 
3547 5413 5269 272 273 
3548 5412 5413 273 274 
3549 1365 5414 5416 5415 
3550 5414 2375 5172 5416 
3551 5416 5172 1634 5386 
3552 5415 5416 5386 1367 
3553 1984 5417 5420 3213 
3554 5417 1658 5418 5420 
3555 5420 5418 1657 5419 
3556 3213 5420 5419 1982 
3557 1658 5408 5423 5418 
3558 5408 1583 5421 5423 
3559 5423 5421 1505 5422 
3560 5418 5423 5422 1657 
3561 1197 4237 5424 3231 
3562 4237 2020 4287 5424 
3563 5424 4287 1659 4106 
3564 3231 5424 4106 1970 
3565 2618 3245 5427 5426 
3566 3245 2187 5425 5427 
3567 5427 5425 2188 3315 
3568 5426 5427 3315 2189 
3569 2403 5086 5429 4343 
3570 5086 2336 5428 5429 
3571 5429 5428 2338 5325 
3572 4343 5429 5325 2339 
3573 2333 4200 5432 4953 
3574 4200 1275 5430 5432 
3575 5432 5430 1277 5431 
3576 4953 5432 5431 2332 
3577 2386 5378 5434 5401 
3578 5378 1506 5433 5434 
3579 5434 5433 1505 5421 
3580 5401 5434 5421 1583 
3581 2360 5435 5438 5437 
3582 5435 2546 5436 5438 
3583 5438 5436 2477 5254 
3584 5437 5438 5254 2219 
3585 1279 5439 5442 5082 
3586 5439 1277 5440 5442 
3587 5442 5440 1276 5441 
3588 5082 5442 5441 1278 
3589 1323 5443 5445 5444 
3590 5443 1324 3236 5445 
3591 5445 3236 1326 5230 
3592 5444 5445 5230 1325 
3593 1038 5446 5449 5448 
3594 5446 151 152 5449 
3595 5449 152 153 5447 
3596 5448 5449 5447 2396 
3597 1657 5422 5453 5452 
3598 5422 1505 5450 5453 
3599 5453 5450 1503 5451 
3600 5452 5453 5451 1983 
3601 2400 5454 5456 5455 
3602 5454 167 168 5456 
3603 5456 168 169 5209 
3604 5455 5456 5209 1041 
3605 1524 5020 5460 5459 
3606 5020 1319 5457 5460 
3607 5460 5457 1320 5458 
3608 5459 5460 5458 1321 
3609 2785 5461 5465 5464 
3610 5461 2022 5462 5465 
3611 5465 5462 2883 5463 
3612 5464 5465 5463 1558 
3613 639 5466 5469 640 
3614 5466 2415 5467 5469 
3615 5469 5467 1030 5468 
3616 640 5469 5468 641 
3617 2387 5470 5472 4998 
3618 5470 1983 5451 5472 
3619 5472 5451 1503 5471 
3620 4998 5472 5471 2393 
3621 2393 5471 5475 5336 
3622 5471 1503 5473 5475 
3623 5475 5473 1502 5474 
3624 5336 5475 5474 1499 
3625 1367 5476 5479 5415 
3626 5476 1366 5477 5479 
3627 5479 5477 1364 5478 
3628 5415 5479 5478 1365 
3629 2361 5480 5481 3075 
3630 5480 687 686 5481 
3631 5481 686 685 4122 
3632 3075 5481 4122 2042 
3633 2528 5482 5486 5485 
3634 5482 2561 5483 5486 
3635 5486 5483 1192 5484 
3636 5485 5486 5484 2244 
3637 2387 4997 5490 5489 
3638 4997 2389 5487 5490 
3639 5490 5487 2390 5488 
3640 5489 5490 5488 2388 
3641 1432 5491 5494 4405 
3642 5491 1679 5492 5494 
3643 5494 5492 1798 5493 
3644 4405 5494 5493 1680 
3645 167 5454 5496 166 
3646 5454 2400 5495 5496 
3647 5496 5495 2397 5394 
3648 166 5496 5394 165 
3649 2369 5497 5500 5499 
3650 5497 2366 5498 5500 
3651 5500 5498 2365 5115 
3652 5499 5500 5115 2368 
3653 1279 4799 5501 5439 
3654 4799 1467 4897 5501 
3655 5501 4897 2332 5431 
3656 5439 5501 5431 1277 
3657 2863 5502 5506 5505 
3658 5502 1307 5503 5506 
3659 5506 5503 1309 5504 
3660 5505 5506 5504 1425 
3661 1032 4170 5507 5194 
3662 4170 2374 5131 5507 
3663 5507 5131 408 409 
3664 5194 5507 409 410 
3665 1505 5508 5510 5450 
3666 5508 1504 5509 5510 
3667 5510 5509 1502 5473 
3668 5450 5510 5473 1503 
3669 2185 5511 5514 5513 
3670 5511 2187 3248 5514 
3671 5514 3248 2190 5512 
3672 5513 5514 5512 2186 
3673 2406 5515 5519 5518 
3674 5515 2405 5516 5519 
3675 5519 5516 1495 5517 
3676 5518 5519 5517 2404 
3677 2334 5263 5522 5019 
3678 5263 1317 5520 5522 
3679 5522 5520 1318 5521 
3680 5019 5522 5521 1319 
3681 2398 5314 5524 3441 
3682 5314 2397 5495 5524 
3683 5524 5495 2400 5523 
3684 3441 5524 5523 2399 
3685 1526 5347 5526 4749 
3686 5347 1424 5525 5526 
3687 5526 5525 1770 3253 
3688 4749 5526 3253 1653 
3689 641 5468 5529 642 
3690 5468 1030 5527 5529 
3691 5529 5527 2413 5528 
3692 642 5529 5528 643 
3693 368 369 5531 5179 
3694 369 370 5123 5531 
3695 5531 5123 2345 5530 
3696 5179 5531 5530 1035 
3697 1739 5532 5536 5535 
3698 5532 2520 5533 5536 
3699 5536 5533 2973 5534 
3700 5535 5536 5534 2033 
3701 2660 3611 5539 5538 
3702 3611 1793 5175 5539 
3703 5539 5175 1619 5537 
3704 5538 5539 5537 1794 
3705 1513 5540 5543 5397 
3706 5540 1599 5541 5543 
3707 5543 5541 2448 5542 
3708 5397 5543 5542 2431 
3709 2421 5035 5546 3938 
3710 5035 1543 5544 5546 
3711 5546 5544 1396 5545 
3712 3938 5546 5545 1125 
3713 687 5480 5548 688 
3714 5480 2361 3448 5548 
3715 5548 3448 992 5547 
3716 688 5548 5547 689 
3717 1232 5549 5551 3275 
3718 5549 2571 5550 5551 
3719 5551 5550 2787 3790 
3720 3275 5551 3790 2254 
3721 1277 5430 5554 5440 
3722 5430 1275 5552 5554 
3723 5554 5552 1274 5553 
3724 5440 5554 5553 1276 
3725 2040 3310 5556 4185 
3726 3310 2373 4884 5556 
3727 5556 4884 1727 5555 
3728 4185 5556 5555 1729 
3729 1265 5557 5560 5559 
3730 5557 1466 3872 5560 
3731 5560 3872 2402 5558 
3732 5559 5560 5558 2401 
3733 2162 3754 5562 4956 
3734 3754 2163 5120 5562 
3735 5562 5120 2164 5561 
3736 4956 5562 5561 1546 
3737 1505 5433 5565 5508 
3738 5433 1506 5563 5565 
3739 5565 5563 1507 5564 
3740 5508 5565 5564 1504 
3741 2405 5515 5569 5568 
3742 5515 2406 5566 5569 
3743 5569 5566 2408 5567 
3744 5568 5569 5567 2407 
3745 2196 3628 5571 3306 
3746 3628 2198 5570 5571 
3747 5571 5570 2496 3201 
3748 3306 5571 3201 2197 
3749 2435 5572 5575 5574 
3750 5572 1695 5573 5575 
3751 5575 5573 1812 3452 
3752 5574 5575 3452 1864 
3753 2438 5576 5578 4649 
3754 5576 1365 5478 5578 
3755 5578 5478 1364 5577 
3756 4649 5578 5577 1154 
3757 1525 3307 5581 4201 
3758 3307 1271 5579 5581 
3759 5581 5579 1272 5580 
3760 4201 5581 5580 1273 
3761 1925 5582 5585 4724 
3762 5582 1923 5583 5585 
3763 5585 5583 1924 5584 
3764 4724 5585 5584 1926 
3765 1095 5586 5589 5588 
3766 5586 1566 5587 5589 
3767 5589 5587 2471 4482 
3768 5588 5589 4482 1093 
3769 643 5528 5592 644 
3770 5528 2413 5590 5592 
3771 5592 5590 2423 5591 
3772 644 5592 5591 645 
3773 2386 5400 5594 5379 
3774 5400 2365 5593 5594 
3775 5594 5593 1541 5356 
3776 5379 5594 5356 1511 
3777 2517 5595 5598 3933 
3778 5595 2199 5596 5598 
3779 5598 5596 2823 5597 
3780 3933 5598 5597 1631 
3781 2404 5517 5602 5601 
3782 5517 1495 5599 5602 
3783 5602 5599 1494 5600 
3784 5601 5602 5600 1492 
3785 1506 5377 5604 5563 
3786 5377 1508 5361 5604 
3787 5604 5361 1509 5603 
3788 5563 5604 5603 1507 
3789 2391 4709 5607 5606 
3790 4709 2411 5605 5607 
3791 5607 5605 1495 5516 
3792 5606 5607 5516 2405 
3793 2235 3446 5610 4392 
3794 3446 2116 5608 5610 
3795 5610 5608 2113 5609 
3796 4392 5610 5609 2115 
3797 2642 3351 5612 5611 
3798 3351 2299 4461 5612 
3799 5612 4461 2297 4960 
3800 5611 5612 4960 2300 
3801 2307 5613 5614 5287 
3802 5613 2309 3341 5614 
3803 5614 3341 2310 4966 
3804 5287 5614 4966 2308 
3805 1492 5615 5617 5601 
3806 5615 1491 5214 5617 
3807 5617 5214 2447 5616 
3808 5601 5617 5616 2404 
3809 1424 5349 5620 5619 
3810 5349 1383 5202 5620 
3811 5620 5202 1382 5618 
3812 5619 5620 5618 1384 
3813 1586 5621 5625 5624 
3814 5621 1688 5622 5625 
3815 5625 5622 1778 5623 
3816 5624 5625 5623 1730 
3817 1499 5474 5629 5628 
3818 5474 1502 5626 5629 
3819 5629 5626 1694 5627 
3820 5628 5629 5627 1501 
3821 1688 5621 5632 5631 
3822 5621 1586 5630 5632 
3823 5632 5630 1507 5603 
3824 5631 5632 5603 1509 
3825 2207 4864 5635 5634 
3826 4864 2294 4951 5635 
3827 5635 4951 2292 5633 
3828 5634 5635 5633 2293 
3829 2236 3780 5638 4727 
3830 3780 2237 5636 5638 
3831 5638 5636 3003 5637 
3832 4727 5638 5637 1925 
3833 1030 5639 5641 5527 
3834 5639 2414 4179 5641 
3835 5641 4179 2416 5640 
3836 5527 5641 5640 2413 
3837 1770 5525 5644 5643 
3838 5525 1424 5619 5644 
3839 5644 5619 1384 5642 
3840 5643 5644 5642 2376 
3841 1504 5645 5647 5509 
3842 5645 2427 5646 5647 
3843 5647 5646 1694 5626 
3844 5509 5647 5626 1502 
3845 2192 5064 5648 3270 
3846 5064 2191 4899 5648 
3847 5648 4899 2186 5512 
3848 3270 5648 5512 2190 
3849 1362 5649 5653 5652 
3850 5649 1354 5650 5653 
3851 5653 5650 1352 5651 
3852 5652 5653 5651 1353 
3853 1510 5398 5655 5360 
3854 5398 2431 5654 5655 
3855 5655 5654 1688 5631 
3856 5360 5655 5631 1509 
3857 1386 5656 5658 5299 
3858 5656 1439 5657 5658 
3859 5658 5657 1441 5145 
3860 5299 5658 5145 1440 
3861 2101 5659 5663 5662 
3862 5659 2100 5660 5663 
3863 5663 5660 2444 5661 
3864 5662 5663 5661 2104 
3865 1962 5664 5667 5666 
3866 5664 1968 3989 5667 
3867 5667 3989 2013 5665 
3868 5666 5667 5665 1963 
3869 2067 5159 5670 4511 
3870 5159 2070 5668 5670 
3871 5670 5668 2069 5669 
3872 4511 5670 5669 2066 
3873 2175 4833 5674 5673 
3874 4833 2174 5671 5674 
3875 5674 5671 2177 5672 
3876 5673 5674 5672 2176 
3877 1497 5337 5677 5676 
3878 5337 1499 5628 5677 
3879 5677 5628 1501 5675 
3880 5676 5677 5675 1498 
3881 1008 5678 5680 5679 
3882 5678 2320 5052 5680 
3883 5680 5052 555 554 
3884 5679 5680 554 553 
3885 1501 5627 5684 5683 
3886 5627 1694 5681 5684 
3887 5684 5681 1811 5682 
3888 5683 5684 5682 1695 
3889 1280 5083 5688 5687 
3890 5083 1278 5685 5688 
3891 5688 5685 2597 5686 
3892 5687 5688 5686 2312 
3893 1500 5338 5691 4708 
3894 5338 1497 5689 5691 
3895 5691 5689 1496 5690 
3896 4708 5691 5690 2411 
3897 2021 5692 5695 4845 
3898 5692 1158 5693 5695 
3899 5695 5693 1254 5694 
3900 4845 5695 5694 1255 
3901 1275 4202 5697 5552 
3902 4202 1273 5580 5697 
3903 5697 5580 1272 5696 
3904 5552 5697 5696 1274 
3905 1565 5062 5700 5699 
3906 5062 1564 4910 5700 
3907 5700 4910 1354 5698 
3908 5699 5700 5698 1387 
3909 2458 4933 5704 5703 
3910 4933 1481 5701 5704 
3911 5704 5701 1483 5702 
3912 5703 5704 5702 1593 
3913 2296 5112 5707 5008 
3914 5112 1226 5705 5707 
3915 5707 5705 1225 5706 
3916 5008 5707 5706 1224 
3917 1495 5605 5709 5599 
3918 5605 2411 5690 5709 
3919 5709 5690 1496 5708 
3920 5599 5709 5708 1494 
3921 1367 5385 5712 5476 
3922 5385 1368 5710 5712 
3923 5712 5710 1369 5711 
3924 5476 5712 5711 1366 
3925 1490 5713 5716 5715 
3926 5713 1492 5600 5716 
3927 5716 5600 1494 5714 
3928 5715 5716 5714 1493 
3929 2252 5161 5719 4164 
3930 5161 1110 5717 5719 
3931 5719 5717 1190 5718 
3932 4164 5719 5718 1191 
3933 1492 5713 5722 5615 
3934 5713 1490 5720 5722 
3935 5722 5720 1488 5721 
3936 5615 5722 5721 1491 
3937 1504 5564 5724 5645 
3938 5564 1507 5630 5724 
3939 5724 5630 1586 5723 
3940 5645 5724 5723 2427 
3941 1589 5725 5727 5726 
3942 5725 1496 5689 5727 
3943 5727 5689 1497 5676 
3944 5726 5727 5676 1498 
3945 2184 5728 5729 4798 
3946 5728 2185 5513 5729 
3947 5729 5513 2186 4898 
3948 4798 5729 4898 1467 
3949 1413 5730 5733 5732 
3950 5730 1185 5731 5733 
3951 5733 5731 2616 3222 
3952 5732 5733 3222 2124 
3953 1687 5734 5738 5737 
3954 5734 1355 5735 5738 
3955 5738 5735 1204 5736 
3956 5737 5738 5736 2424 
3957 645 5591 5741 646 
3958 5591 2423 5739 5741 
3959 5741 5739 1005 5740 
3960 646 5741 5740 647 
3961 633 5742 5745 634 
3962 5742 971 5743 5745 
3963 5745 5743 1130 5744 
3964 634 5745 5744 23 
3965 1690 5746 5749 5318 
3966 5746 2718 5747 5749 
3967 5749 5747 1768 5748 
3968 5318 5749 5748 1691 
3969 1210 5750 5752 4635 
3970 5750 1209 3130 5752 
3971 5752 3130 1207 5751 
3972 4635 5752 5751 1208 
3973 2211 4012 5756 5755 
3974 4012 1660 5753 5756 
3975 5756 5753 1675 5754 
3976 5755 5756 5754 1676 
3977 1212 5757 5759 4629 
3978 5757 1211 5758 5759 
3979 5759 5758 1209 5750 
3980 4629 5759 5750 1210 
3981 1208 5751 5762 4716 
3982 5751 1207 5760 5762 
3983 5762 5760 1146 5761 
3984 4716 5762 5761 1206 
3985 2168 5763 5766 5765 
3986 5763 2167 5764 5766 
3987 5766 5764 2164 5222 
3988 5765 5766 5222 2166 
3989 2051 5767 5770 3761 
3990 5767 2586 5768 5770 
3991 5770 5768 2170 5769 
3992 3761 5770 5769 1709 
3993 1699 5771 5775 5774 
3994 5771 1843 5772 5775 
3995 5775 5772 2481 5773 
3996 5774 5775 5773 1698 
3997 1489 5776 5780 5779 
3998 5776 1698 5777 5780 
3999 5780 5777 2449 5778 
4000 5779 5780 5778 1487 
4001 2054 5781 5785 5784 
4002 5781 1202 5782 5785 
4003 5785 5782 1201 5783 
4004 5784 5785 5783 1199 
4005 1452 4904 5788 4341 
4006 4904 1313 5786 5788 
4007 5788 5786 1314 5787 
4008 4341 5788 5787 1315 
4009 1269 5789 5791 3203 
4010 5789 1270 5790 5791 
4011 5791 5790 1272 5579 
4012 3203 5791 5579 1271 
4013 1293 5246 5794 5031 
4014 5246 1294 5792 5794 
4015 5794 5792 1296 5793 
4016 5031 5794 5793 1295 
4017 2362 5795 5799 5798 
4018 5795 1600 5796 5799 
4019 5799 5796 1599 5797 
4020 5798 5799 5797 1515 
4021 2784 5800 5804 5803 
4022 5800 2420 5801 5804 
4023 5804 5801 2967 5802 
4024 5803 5804 5802 1574 
4025 1461 5805 5807 4774 
4026 5805 1431 5404 5807 
4027 5807 5404 2417 5806 
4028 4774 5807 5806 1462 
4029 2427 5808 5810 5646 
4030 5808 2439 5809 5810 
4031 5810 5809 1811 5681 
4032 5646 5810 5681 1694 
4033 1323 5811 5813 5812 
4034 5811 1321 5458 5813 
4035 5813 5458 1320 3546 
4036 5812 5813 3546 1322 
4037 2363 5814 5817 4652 
4038 5814 1537 5815 5817 
4039 5817 5815 1536 5816 
4040 4652 5817 5816 1258 
4041 1251 5818 5820 4147 
4042 5818 1378 5819 5820 
4043 5820 5819 1380 4138 
4044 4147 5820 4138 1379 
4045 1301 5821 5824 5823 
4046 5821 2644 5822 5824 
4047 5824 5822 2581 3707 
4048 5823 5824 3707 1299 
4049 1695 5572 5826 5683 
4050 5572 2435 5825 5826 
4051 5826 5825 1498 5675 
4052 5683 5826 5675 1501 
4053 1427 5009 5829 4076 
4054 5009 1224 5827 5829 
4055 5829 5827 1223 5828 
4056 4076 5829 5828 1222 
4057 2427 5723 5831 5808 
4058 5723 1586 5624 5831 
4059 5831 5624 1730 5830 
4060 5808 5831 5830 2439 
4061 1267 5832 5834 3572 
4062 5832 1268 5833 5834 
4063 5834 5833 1270 5789 
4064 3572 5834 5789 1269 
4065 1702 5835 5837 4751 
4066 5835 1703 5836 5837 
4067 5837 5836 2285 5348 
4068 4751 5837 5348 1526 
4069 1897 5838 5842 5841 
4070 5838 1676 5839 5842 
4071 5842 5839 1677 5840 
4072 5841 5842 5840 1820 
4073 2187 5511 5844 5425 
4074 5511 2185 5843 5844 
4075 5844 5843 2394 3747 
4076 5425 5844 3747 2188 
4077 1226 5111 5847 5846 
4078 5111 1228 5383 5847 
4079 5847 5383 1229 5845 
4080 5846 5847 5845 1227 
4081 1249 4149 5849 3553 
4082 4149 2499 5848 5849 
4083 5849 5848 1963 5665 
4084 3553 5849 5665 2013 
4085 2722 5850 5852 5851 
4086 5850 2479 3149 5852 
4087 5852 3149 2073 5334 
4088 5851 5852 5334 2074 
4089 1494 5708 5855 5854 
4090 5708 1496 5725 5855 
4091 5855 5725 1589 5853 
4092 5854 5855 5853 2432 
4093 1428 3284 5859 5858 
4094 3284 2526 5856 5859 
4095 5859 5856 1719 5857 
4096 5858 5859 5857 2506 
4097 2457 5860 5864 5863 
4098 5860 2426 5861 5864 
4099 5864 5861 1981 5862 
4100 5863 5864 5862 1763 
4101 2454 5865 5868 4734 
4102 5865 1485 5866 5868 
4103 5868 5866 1484 5867 
4104 4734 5868 5867 1482 
4105 2750 5869 5872 5871 
4106 5869 1682 3954 5872 
4107 5872 3954 2769 5870 
4108 5871 5872 5870 2242 
4109 1368 4604 5875 5874 
4110 4604 2445 5873 5875 
4111 5875 5873 1373 5353 
4112 5874 5875 5353 1370 
4113 2410 5876 5878 5877 
4114 5876 2406 5518 5878 
4115 5878 5518 2404 5616 
4116 5877 5878 5616 2447 
4117 1466 5557 5881 3571 
4118 5557 1265 5879 5881 
4119 5881 5879 1266 5880 
4120 3571 5881 5880 1267 
4121 2825 3132 5885 5884 
4122 3132 2441 5882 5885 
4123 5885 5882 2999 5883 
4124 5884 5885 5883 2168 
4125 1514 5135 5887 5886 
4126 5135 1515 5797 5887 
4127 5887 5797 1599 5540 
4128 5886 5887 5540 1513 
4129 2312 4028 5889 5687 
4130 4028 1454 5888 5889 
4131 5889 5888 1282 4668 
4132 5687 5889 4668 1280 
4133 2221 3078 5890 4606 
4134 3078 2394 5843 5890 
4135 5890 5843 2185 5728 
4136 4606 5890 5728 2184 
4137 1556 5891 5893 5320 
4138 5891 1486 5892 5893 
4139 5893 5892 1484 5866 
4140 5320 5893 5866 1485 
4141 1767 5894 5897 5896 
4142 5894 1766 5895 5897 
4143 5897 5895 1599 5796 
4144 5896 5897 5796 1600 
4145 2014 5898 5901 5900 
4146 5898 991 5899 5901 
4147 5901 5899 485 484 
4148 5900 5901 484 483 
4149 2471 5902 5905 4483 
4150 5902 1771 5903 5905 
4151 5905 5903 1027 5904 
4152 4483 5905 5904 1050 
4153 1778 5622 5907 5906 
4154 5622 1688 5654 5907 
4155 5907 5654 2431 5542 
4156 5906 5907 5542 2448 
4157 2208 5908 5911 5910 
4158 5908 2206 5909 5911 
4159 5911 5909 2203 5153 
4160 5910 5911 5153 2205 
4161 1522 5912 5916 5915 
4162 5912 2027 5913 5916 
4163 5916 5913 1960 5914 
4164 5915 5916 5914 1959 
4165 2134 5917 5919 5918 
4166 5917 1690 5317 5919 
4167 5919 5317 1485 5865 
4168 5918 5919 5865 2454 
4169 1762 5920 5923 5922 
4170 5920 1588 5921 5923 
4171 5923 5921 2457 5863 
4172 5922 5923 5863 1763 
4173 2107 3843 5925 5924 
4174 3843 2258 5374 5925 
4175 5925 5374 2259 3684 
4176 5924 5925 3684 2257 
4177 2157 5926 5930 5929 
4178 5926 2354 5927 5930 
4179 5930 5927 2355 5928 
4180 5929 5930 5928 2357 
4181 1463 4721 5933 5932 
4182 4721 1465 5242 5933 
4183 5933 5242 1469 5931 
4184 5932 5933 5931 1464 
4185 2434 5934 5938 5937 
4186 5934 1736 5935 5938 
4187 5938 5935 1632 5936 
4188 5937 5938 5936 1594 
4189 1599 5895 5941 5541 
4190 5895 1766 5939 5941 
4191 5941 5939 2459 5940 
4192 5541 5941 5940 2448 
4193 715 5942 5945 716 
4194 5942 2149 5943 5945 
4195 5945 5943 2650 5944 
4196 716 5945 5944 717 
4197 1315 5946 5948 5262 
4198 5946 1316 5947 5948 
4199 5948 5947 1318 5520 
4200 5262 5948 5520 1317 
4201 1801 5949 5952 5951 
4202 5949 1593 5702 5952 
4203 5952 5702 1483 5950 
4204 5951 5952 5950 1611 
4205 2132 3613 5954 3922 
4206 3613 1018 5953 5954 
4207 5954 5953 569 570 
4208 3922 5954 570 571 
4209 1687 5955 5958 5734 
4210 5955 1550 5956 5958 
4211 5958 5956 1549 5957 
4212 5734 5958 5957 1355 
4213 2246 5959 5962 5961 
4214 5959 2182 5960 5962 
4215 5962 5960 2181 3830 
4216 5961 5962 3830 2245 
4217 1355 5963 5966 5735 
4218 5963 1261 5964 5966 
4219 5966 5964 1205 5965 
4220 5735 5966 5965 1204 
4221 1430 5406 5969 4596 
4222 5406 1420 5967 5969 
4223 5969 5967 1419 5968 
4224 4596 5969 5968 1418 
4225 1794 5537 5970 4151 
4226 5537 1619 5276 5970 
4227 5970 5276 1462 5806 
4228 4151 5970 5806 2417 
4229 2580 5971 5974 5973 
4230 5971 159 160 5974 
4231 5974 160 161 5972 
4232 5973 5974 5972 2480 
4233 1214 5975 5978 5977 
4234 5975 1213 5976 5978 
4235 5978 5976 1211 5757 
4236 5977 5978 5757 1212 
4237 2439 5830 5981 5980 
4238 5830 1730 5979 5981 
4239 5981 5979 1865 3058 
4240 5980 5981 3058 2451 
4241 2176 5672 5985 5984 
4242 5672 2177 5982 5985 
4243 5985 5982 2181 5983 
4244 5984 5985 5983 2178 
4245 1053 3903 5987 3278 
4246 3903 665 664 5987 
4247 5987 664 663 5986 
4248 3278 5987 5986 2088 
4249 1801 5988 5989 5949 
4250 5988 1802 5079 5989 
4251 5989 5079 2458 5703 
4252 5949 5989 5703 1593 
4253 2029 5990 5993 5992 
4254 5990 2028 5991 5993 
4255 5993 5991 1960 5913 
4256 5992 5993 5913 2027 
4257 1459 5994 5997 5996 
4258 5994 2199 5595 5997 
4259 5997 5595 2517 5995 
4260 5996 5997 5995 2200 
4261 1486 5998 6001 6000 
4262 5998 1488 5999 6001 
4263 6001 5999 1489 5779 
4264 6000 6001 5779 1487 
4265 2401 6002 6005 5559 
4266 6002 1263 6003 6005 
4267 6005 6003 1264 6004 
4268 5559 6005 6004 1265 
4269 1455 4837 6006 4590 
4270 4837 1352 5650 6006 
4271 6006 5650 1354 4909 
4272 4590 6006 4909 2223 
4273 1490 5715 6010 6009 
4274 5715 1493 6007 6010 
4275 6010 6007 2466 6008 
4276 6009 6010 6008 2452 
4277 2140 6011 6012 5028 
4278 6011 2379 4704 6012 
4279 6012 4704 1017 4498 
4280 5028 6012 4498 2137 
4281 2424 5736 6016 6015 
4282 5736 1204 6013 6016 
4283 6016 6013 1203 6014 
4284 6015 6016 6014 1201 
4285 2447 5213 6019 5877 
4286 5213 1700 6017 6019 
4287 6019 6017 2472 6018 
4288 5877 6019 6018 2410 
4289 2159 5238 6022 6021 
4290 5238 1085 3806 6022 
4291 6022 3806 2623 6020 
4292 6021 6022 6020 2085 
4293 1461 6023 6025 5805 
4294 6023 1460 6024 6025 
4295 6025 6024 1420 5405 
4296 5805 6025 5405 1431 
4297 1981 6026 6028 5862 
4298 6026 1980 6027 6028 
4299 6028 6027 1762 5922 
4300 5862 6028 5922 1763 
4301 1515 5138 6030 5798 
4302 5138 1516 5188 6030 
4303 6030 5188 1519 6029 
4304 5798 6030 6029 2362 
4305 1745 4066 6033 6032 
4306 4066 2243 6031 6033 
4307 6033 6031 2739 3140 
4308 6032 6033 3140 1877 
4309 1747 6034 6038 6037 
4310 6034 1610 6035 6038 
4311 6038 6035 1598 6036 
4312 6037 6038 6036 1537 
4313 1488 5720 6040 5999 
4314 5720 1490 6009 6040 
4315 6040 6009 2452 6039 
4316 5999 6040 6039 1489 
4317 2154 6041 6043 6042 
4318 6041 2156 4172 6043 
4319 6043 4172 2354 5926 
4320 6042 6043 5926 2157 
4321 1491 5721 6045 5211 
4322 5721 1488 5998 6045 
4323 6045 5998 1486 6044 
4324 5211 6045 6044 2446 
4325 2103 4332 6047 6046 
4326 4332 2107 5924 6047 
4327 6047 5924 2257 3886 
4328 6046 6047 3886 2106 
4329 2111 4290 6049 6048 
4330 4290 2110 4116 6049 
4331 6049 4116 2115 5609 
4332 6048 6049 5609 2113 
4333 1798 5492 6052 6051 
4334 5492 1679 6050 6052 
4335 6052 6050 2445 4603 
4336 6051 6052 4603 2318 
4337 1951 6053 6057 6056 
4338 6053 1699 6054 6057 
4339 6057 6054 2452 6055 
4340 6056 6057 6055 1952 
4341 567 568 6060 6059 
4342 568 569 5953 6060 
4343 6060 5953 1018 6058 
4344 6059 6060 6058 2443 
4345 493 492 6064 6063 
4346 492 491 6061 6064 
4347 6064 6061 2437 6062 
4348 6063 6064 6062 985 
4349 1432 4820 6065 5491 
4350 4820 1373 5873 6065 
4351 6065 5873 2445 6050 
4352 5491 6065 6050 1679 
4353 1713 6066 6069 6068 
4354 6066 1549 5956 6069 
4355 6069 5956 1550 6067 
4356 6068 6069 6067 1681 
4357 509 4166 6071 508 
4358 4166 1121 4988 6071 
4359 6071 4988 2532 6070 
4360 508 6071 6070 507 
4361 2144 6072 6075 6074 
4362 6072 2143 6073 6075 
4363 6075 6073 2140 5027 
4364 6074 6075 5027 2141 
4365 2139 4026 6078 6077 
4366 4026 2138 6076 6078 
4367 6078 6076 2738 3813 
4368 6077 6078 3813 2142 
4369 491 490 6081 6061 
4370 490 489 6079 6081 
4371 6081 6079 1182 6080 
4372 6061 6081 6080 2437 
4373 1368 5874 6083 5710 
4374 5874 1370 5352 6083 
4375 6083 5352 1371 6082 
4376 5710 6083 6082 1369 
4377 1323 5812 6084 5443 
4378 5812 1322 3218 6084 
4379 6084 3218 1422 3237 
4380 5443 6084 3237 1324 
4381 1486 5891 6086 6044 
4382 5891 1556 6085 6086 
4383 6086 6085 1700 5212 
4384 6044 6086 5212 2446 
4385 1355 5957 6089 5963 
4386 5957 1549 6087 6089 
4387 6089 6087 2453 6088 
4388 5963 6089 6088 1261 
4389 489 488 6092 6079 
4390 488 487 6090 6092 
4391 6092 6090 2442 6091 
4392 6079 6092 6091 1182 
4393 1311 6093 6095 4903 
4394 6093 1312 6094 6095 
4395 6095 6094 1314 5786 
4396 4903 6095 5786 1313 
4397 1486 6000 6097 5892 
4398 6000 1487 5778 6097 
4399 6097 5778 2449 6096 
4400 5892 6097 6096 1484 
4401 699 698 6101 6100 
4402 698 697 6098 6101 
4403 6101 6098 994 6099 
4404 6100 6101 6099 2440 
4405 2352 6102 6106 6105 
4406 6102 1309 6103 6106 
4407 6106 6103 1310 6104 
4408 6105 6106 6104 1311 
4409 659 3176 6108 660 
4410 3176 1006 3567 6108 
4411 6108 3567 2524 6107 
4412 660 6108 6107 661 
4413 1022 6109 6111 4311 
4414 6109 1673 4689 6111 
4415 6111 4689 2919 6110 
4416 4311 6111 6110 2428 
4417 1220 4077 6114 6113 
4418 4077 1222 5828 6114 
4419 6114 5828 1223 6112 
4420 6113 6114 6112 1221 
4421 466 467 6117 4384 
4422 467 468 6115 6117 
4423 6117 6115 1165 6116 
4424 4384 6117 6116 2461 
4425 2285 5836 6119 4140 
4426 5836 1703 4782 6119 
4427 6119 4782 1705 6118 
4428 4140 6119 6118 2412 
4429 1205 6120 6123 6122 
4430 6120 1262 6121 6123 
4431 6123 6121 1264 6003 
4432 6122 6123 6003 1263 
4433 1698 5776 6124 5774 
4434 5776 1489 6039 6124 
4435 6124 6039 2452 6054 
4436 5774 6124 6054 1699 
4437 1119 6125 6127 3655 
4438 6125 2021 4844 6127 
4439 6127 4844 1993 6126 
4440 3655 6127 6126 2455 
4441 1385 6128 6130 6129 
4442 6128 1386 5298 6130 
4443 6130 5298 2376 5642 
4444 6129 6130 5642 1384 
4445 1214 4713 6134 6133 
4446 4713 1216 6131 6134 
4447 6134 6131 1217 6132 
4448 6133 6134 6132 1215 
4449 487 486 6135 6090 
4450 486 485 5899 6135 
4451 6135 5899 991 3673 
4452 6090 6135 3673 2442 
4453 1911 4219 6139 6138 
4454 4219 2005 6136 6139 
4455 6139 6136 2710 6137 
4456 6138 6139 6137 1909 
4457 2101 6140 6143 6142 
4458 6140 2103 6046 6143 
4459 6143 6046 2106 6141 
4460 6142 6143 6141 2102 
4461 1484 6144 6146 5867 
4462 6144 1483 5701 6146 
4463 6146 5701 1481 6145 
4464 5867 6146 6145 1482 
4465 1216 4767 6149 6131 
4466 4767 1218 6147 6149 
4467 6149 6147 1219 6148 
4468 6131 6149 6148 1217 
4469 1484 6096 6151 6144 
4470 6096 2449 6150 6151 
4471 6151 6150 1611 5950 
4472 6144 6151 5950 1483 
4473 2089 5033 6155 6154 
4474 5033 2549 6152 6155 
4475 6155 6152 2470 6153 
4476 6154 6155 6153 2670 
4477 1194 6156 6159 4738 
4478 6156 1148 6157 6159 
4479 6159 6157 1115 6158 
4480 4738 6159 6158 1147 
4481 2153 4702 6161 6160 
4482 4702 2152 4522 6161 
4483 6161 4522 2156 6041 
4484 6160 6161 6041 2154 
4485 1218 4395 6163 6147 
4486 4395 1220 6113 6163 
4487 6163 6113 1221 6162 
4488 6147 6163 6162 1219 
4489 1418 6164 6166 4594 
4490 6164 1416 4806 6166 
4491 6166 4806 1459 6165 
4492 4594 6166 6165 2372 
4493 1712 6167 6171 6170 
4494 6167 1932 6168 6171 
4495 6171 6168 1933 6169 
4496 6170 6171 6169 1931 
4497 1930 3504 6174 6173 
4498 3504 1045 6172 6174 
4499 6174 6172 2793 3191 
4500 6173 6174 3191 2502 
4501 2691 6175 6179 6178 
4502 6175 1817 6176 6179 
4503 6179 6176 1754 6177 
4504 6178 6179 6177 1645 
4505 2377 6180 6184 6183 
4506 6180 1097 6181 6184 
4507 6184 6181 1099 6182 
4508 6183 6184 6182 1100 
4509 1230 6185 6188 5382 
4510 6185 1231 6186 6188 
4511 6188 6186 2476 6187 
4512 5382 6188 6187 1229 
4513 1392 4810 6191 5265 
4514 4810 1393 6189 6191 
4515 6191 6189 1394 6190 
4516 5265 6191 6190 1391 
4517 1379 4137 6193 4148 
4518 4137 2412 6192 6193 
4519 6193 6192 1963 5848 
4520 4148 6193 5848 2499 
4521 1818 6194 6197 6196 
4522 6194 2926 6195 6197 
4523 6197 6195 1134 4572 
4524 6196 6197 4572 2122 
4525 1494 5854 6199 5714 
4526 5854 2432 6198 6199 
4527 6199 6198 2466 6007 
4528 5714 6199 6007 1493 
4529 1876 6200 6203 6202 
4530 6200 1773 6201 6203 
4531 6203 6201 1632 5935 
4532 6202 6203 5935 1736 
4533 1416 6164 6206 6205 
4534 6164 1418 5968 6206 
4535 6206 5968 1419 6204 
4536 6205 6206 6204 1417 
4537 2160 4862 6208 4053 
4538 4862 1395 6207 6208 
4539 6208 6207 1394 6189 
4540 4053 6208 6189 1393 
4541 1570 4732 6212 6211 
4542 4732 1480 6209 6212 
4543 6212 6209 1478 6210 
4544 6211 6212 6210 1479 
4545 1479 4506 6215 6214 
4546 4506 2255 3376 6215 
4547 6215 3376 2786 6213 
4548 6214 6215 6213 1969 
4549 1112 6216 6220 6219 
4550 6216 1236 6217 6220 
4551 6220 6217 2483 6218 
4552 6219 6220 6218 1117 
4553 1683 3901 6224 6223 
4554 3901 2043 6221 6224 
4555 6224 6221 3015 6222 
4556 6223 6224 6222 2091 
4557 2100 5659 6226 4580 
4558 5659 2101 6142 6226 
4559 6226 6142 2102 6225 
4560 4580 6226 6225 2099 
4561 1537 5814 6228 6037 
4562 5814 2363 6227 6228 
4563 6228 6227 2614 3320 
4564 6037 6228 3320 1747 
4565 495 494 6231 6230 
4566 494 493 6063 6231 
4567 6231 6063 985 6229 
4568 6230 6231 6229 2462 
4569 1559 6232 6235 6234 
4570 6232 2004 6233 6235 
4571 6235 6233 2133 3507 
4572 6234 6235 3507 2709 
4573 2316 3732 6237 3266 
4574 3732 2525 6236 6237 
4575 6237 6236 374 375 
4576 3266 6237 375 376 
4577 2384 6238 6240 5144 
4578 6238 2696 6239 6240 
4579 6240 6239 2934 4747 
4580 5144 6240 4747 1527 
4581 2062 5290 6242 4258 
4582 5290 2061 3389 6242 
4583 6242 3389 2060 6241 
4584 4258 6242 6241 2059 
4585 163 5393 6243 162 
4586 5393 1040 3454 6243 
4587 6243 3454 2480 5972 
4588 162 6243 5972 161 
4589 1577 5248 6246 6245 
4590 5248 1441 5657 6246 
4591 6246 5657 1439 6244 
4592 6245 6246 6244 1442 
4593 2548 6247 6250 6249 
4594 6247 1460 6023 6250 
4595 6250 6023 1461 6248 
4596 6249 6250 6248 2511 
4597 1905 6251 6254 6253 
4598 6251 1577 6245 6254 
4599 6254 6245 1442 6252 
4600 6253 6254 6252 1578 
4601 2041 3084 6256 4558 
4602 3084 2510 6255 6256 
4603 6256 6255 2040 4184 
4604 4558 6256 4184 2039 
4605 1417 6204 6260 6259 
4606 6204 1419 6257 6260 
4607 6260 6257 1712 6258 
4608 6259 6260 6258 1711 
4609 2078 5304 6264 6263 
4610 5304 2910 6261 6264 
4611 6264 6261 2949 6262 
4612 6263 6264 6262 1674 
4613 2491 6265 6269 6268 
4614 6265 1708 6266 6269 
4615 6269 6266 1580 6267 
4616 6268 6269 6267 1429 
4617 1258 5816 6272 6271 
4618 5816 1536 6270 6272 
4619 6272 6270 2476 6186 
4620 6271 6272 6186 1231 
4621 2450 6273 6276 6275 
4622 6273 1767 5896 6276 
4623 6276 5896 1600 6274 
4624 6275 6276 6274 2545 
4625 1845 6277 6280 6279 
4626 6277 1847 6278 6280 
4627 6280 6278 1848 3960 
4628 6279 6280 3960 1846 
4629 2251 4162 6283 4922 
4630 4162 1191 6281 6283 
4631 6283 6281 1400 6282 
4632 4922 6283 6282 1572 
4633 1732 4359 6287 6286 
4634 4359 1534 6284 6287 
4635 6287 6284 1628 6285 
4636 6286 6287 6285 1710 
4637 1295 5793 6291 6290 
4638 5793 1296 6288 6291 
4639 6291 6288 1298 6289 
4640 6290 6291 6289 1297 
4641 1537 6036 6294 5815 
4642 6036 1598 6292 6294 
4643 6294 6292 1714 6293 
4644 5815 6294 6293 1536 
4645 1205 5964 6296 6120 
4646 5964 1261 6088 6296 
4647 6296 6088 2453 6295 
4648 6120 6296 6295 1262 
4649 1382 5201 6299 6298 
4650 5201 1380 5819 6299 
4651 6299 5819 1378 6297 
4652 6298 6299 6297 1381 
4653 2073 3148 6301 5333 
4654 3148 2072 6300 6301 
4655 6301 6300 2069 5668 
4656 5333 6301 5668 2070 
4657 2426 5860 6304 6303 
4658 5860 2457 6302 6304 
4659 6304 6302 1382 6298 
4660 6303 6304 6298 1381 
4661 1252 6305 6309 6308 
4662 6305 1187 6306 6309 
4663 6309 6306 2460 6307 
4664 6308 6309 6307 1641 
4665 1375 6310 6312 5323 
4666 6310 2478 6311 6312 
4667 6312 6311 1371 5351 
4668 5323 6312 5351 1372 
4669 1203 6313 6315 6014 
4670 6313 1200 6314 6315 
4671 6315 6314 1199 5783 
4672 6014 6315 5783 1201 
4673 1439 5656 6318 6317 
4674 5656 1386 6128 6318 
4675 6318 6128 1385 6316 
4676 6317 6318 6316 1438 
4677 1311 6104 6321 6093 
4678 6104 1310 6319 6321 
4679 6321 6319 1456 6320 
4680 6093 6321 6320 1312 
4681 1419 5967 6324 6323 
4682 5967 1420 6024 6324 
4683 6324 6024 1460 6322 
4684 6323 6324 6322 2469 
4685 1711 6258 6326 6325 
4686 6258 1712 6170 6326 
4687 6326 6170 1931 3501 
4688 6325 6326 3501 1930 
4689 2988 6327 6328 3776 
4690 6327 2145 3169 6328 
4691 6328 3169 2143 6072 
4692 3776 6328 6072 2144 
4693 2236 4726 6330 3781 
4694 4726 1927 4007 6330 
4695 6330 4007 2730 6329 
4696 3781 6330 6329 2541 
4697 1336 4456 6333 6332 
4698 4456 1337 6331 6333 
4699 6333 6331 2816 3802 
4700 6332 6333 3802 1335 
4701 1474 6334 6338 6337 
4702 6334 1473 6335 6338 
4703 6338 6335 1470 6336 
4704 6337 6338 6336 1472 
4705 1482 6145 6339 4731 
4706 6145 1481 4936 6339 
4707 6339 4936 1478 6209 
4708 4731 6339 6209 1480 
4709 1000 4856 6340 3763 
4710 4856 505 506 6340 
4711 6340 506 507 6070 
4712 3763 6340 6070 2532 
4713 1706 6341 6344 6343 
4714 6341 1560 6342 6344 
4715 6344 6342 1369 6082 
4716 6343 6344 6082 1371 
4717 1206 5761 6347 4565 
4718 5761 1146 6345 6347 
4719 6347 6345 1145 6346 
4720 4565 6347 6346 1144 
4721 1907 3071 6350 6349 
4722 3071 1908 6348 6350 
4723 6350 6348 2498 5218 
4724 6349 6350 5218 1633 
4725 1556 5319 6352 6085 
4726 5319 1691 6351 6352 
4727 6352 6351 2472 6017 
4728 6085 6352 6017 1700 
4729 1141 6353 6356 4274 
4730 6353 1140 6354 6356 
4731 6356 6354 1139 6355 
4732 4274 6356 6355 1138 
4733 1588 5920 6360 6359 
4734 5920 1762 6357 6360 
4735 6360 6357 1874 6358 
4736 6359 6360 6358 1716 
4737 1962 5666 6362 6361 
4738 5666 1963 6192 6362 
4739 6362 6192 2412 6118 
4740 6361 6362 6118 1705 
4741 1698 5773 6364 5777 
4742 5773 2481 6363 6364 
4743 6364 6363 1611 6150 
4744 5777 6364 6150 2449 
4745 1442 6365 6368 6252 
4746 6365 1629 6366 6368 
4747 6368 6366 1748 6367 
4748 6252 6368 6367 1578 
4749 1479 6210 6370 4507 
4750 6210 1478 4935 6370 
4751 6370 4935 1477 6369 
4752 4507 6370 6369 1476 
4753 1797 6371 6374 6373 
4754 6371 1715 6372 6374 
4755 6374 6372 1560 6341 
4756 6373 6374 6341 1706 
4757 1144 6375 6377 4566 
4758 6375 1143 6376 6377 
4759 6377 6376 1140 6353 
4760 4566 6377 6353 1141 
4761 462 463 6379 3429 
4762 463 464 4383 6379 
4763 6379 4383 947 6378 
4764 3429 6379 6378 2518 
4765 2033 6380 6384 6383 
4766 6380 1959 6381 6384 
4767 6384 6381 1875 6382 
4768 6383 6384 6382 1740 
4769 1376 5267 6387 5322 
4770 5267 1390 6385 6387 
4771 6387 6385 1573 6386 
4772 5322 6387 6386 1375 
4773 2401 4756 6389 6002 
4774 4756 2463 6388 6389 
4775 6389 6388 1205 6122 
4776 6002 6389 6122 1263 
4777 1635 6390 6394 6393 
4778 6390 1399 6391 6394 
4779 6394 6391 1259 6392 
4780 6393 6394 6392 1584 
4781 26 6395 6399 6398 
4782 6395 2650 6396 6399 
4783 6399 6396 1855 6397 
4784 6398 6399 6397 2886 
4785 1473 6334 6402 6401 
4786 6334 1474 6400 6402 
4787 6402 6400 1477 5365 
4788 6401 6402 5365 2477 
4789 1362 5652 6405 6404 
4790 5652 1353 6403 6405 
4791 6405 6403 2491 6268 
4792 6404 6405 6268 1429 
4793 1204 5965 6407 6013 
4794 5965 1205 6388 6407 
4795 6407 6388 2463 6406 
4796 6013 6407 6406 1203 
4797 2092 6408 6411 6410 
4798 6408 2091 6222 6411 
4799 6411 6222 3015 6409 
4800 6410 6411 6409 1001 
4801 1722 6412 6415 6414 
4802 6412 1869 3050 6415 
4803 6415 3050 1947 6413 
4804 6414 6415 6413 1723 
4805 1469 5241 6418 6417 
4806 5241 1470 6335 6418 
4807 6418 6335 1473 6416 
4808 6417 6418 6416 2468 
4809 1252 3834 6421 6305 
4810 3834 1156 6419 6421 
4811 6421 6419 1186 6420 
4812 6305 6421 6420 1187 
4813 1932 6167 6423 6422 
4814 6167 1712 6257 6423 
4815 6423 6257 1419 6323 
4816 6422 6423 6323 2469 
4817 1395 4861 6427 6426 
4818 4861 1408 6424 6427 
4819 6427 6424 2494 6425 
4820 6426 6427 6425 1407 
4821 1311 4906 6429 6105 
4822 4906 2348 6428 6429 
4823 6429 6428 2627 3609 
4824 6105 6429 3609 2352 
4825 1576 6430 6432 6431 
4826 6430 1394 6207 6432 
4827 6432 6207 1395 6426 
4828 6431 6432 6426 1407 
4829 1415 4807 6434 4860 
4830 4807 1416 6205 6434 
4831 6434 6205 1417 6433 
4832 4860 6434 6433 1408 
4833 1384 5618 6436 6129 
4834 5618 1382 6302 6436 
4835 6436 6302 2457 6435 
4836 6129 6436 6435 1385 
4837 1172 4841 6438 4938 
4838 4841 2203 5909 6438 
4839 6438 5909 2206 6437 
4840 4938 6438 6437 2464 
4841 1307 6439 6441 5503 
4842 6439 1308 6440 6441 
4843 6441 6440 1310 6103 
4844 5503 6441 6103 1309 
4845 1475 4508 6443 6442 
4846 4508 1476 6369 6443 
4847 6443 6369 1477 6400 
4848 6442 6443 6400 1474 
4849 1152 4646 6447 6446 
4850 4646 1154 6444 6447 
4851 6447 6444 1363 6445 
4852 6446 6447 6445 1153 
4853 1200 6313 6449 6448 
4854 6313 1203 6406 6449 
4855 6449 6406 2463 4755 
4856 6448 6449 4755 1612 
4857 1173 4945 6451 4561 
4858 4945 2503 6450 6451 
4859 6451 6450 2177 5671 
4860 4561 6451 5671 2174 
4861 1366 5711 6454 6453 
4862 5711 1369 6342 6454 
4863 6454 6342 1560 6452 
4864 6453 6454 6452 2473 
4865 1715 6455 6457 6372 
4866 6455 1786 6456 6457 
4867 6457 6456 2473 6452 
4868 6372 6457 6452 1560 
4869 2720 3059 6461 6460 
4870 3059 1865 6458 6461 
4871 6461 6458 3008 6459 
4872 6460 6461 6459 2396 
4873 1969 6462 6465 6464 
4874 6462 1738 6463 6465 
4875 6465 6463 1826 3878 
4876 6464 6465 3878 2852 
4877 2826 6466 6469 6468 
4878 6466 1453 6467 6469 
4879 6469 6467 2527 3456 
4880 6468 6469 3456 2758 
4881 1581 6470 6473 6472 
4882 6470 1559 6471 6473 
4883 6473 6471 1429 6267 
4884 6472 6473 6267 1580 
4885 1659 4286 6475 4107 
4886 4286 1642 6474 6475 
4887 6475 6474 1675 5753 
4888 4107 6475 5753 1660 
4889 1667 4921 6478 4528 
4890 4921 1572 6476 6478 
4891 6478 6476 1582 6477 
4892 4528 6478 6477 1626 
4893 1594 5936 6481 5343 
4894 5936 1632 6479 6481 
4895 6481 6479 2465 6480 
4896 5343 6481 6480 1521 
4897 2956 3539 6484 5140 
4898 3539 1945 6482 6484 
4899 6484 6482 1946 6483 
4900 5140 6484 6483 1999 
4901 1871 6485 6489 6488 
4902 6485 1761 6486 6489 
4903 6489 6486 1618 6487 
4904 6488 6489 6487 1648 
4905 1144 6346 6492 6375 
4906 6346 1145 6490 6492 
4907 6492 6490 1189 6491 
4908 6375 6492 6491 1143 
4909 1601 6493 6496 6495 
4910 6493 1434 6494 6496 
4911 6496 6494 1187 6420 
4912 6495 6496 6420 1186 
4913 1438 6316 6498 6497 
4914 6316 1385 6435 6498 
4915 6498 6435 2457 5921 
4916 6497 6498 5921 1588 
4917 1214 5977 6500 4714 
4918 5977 1212 4628 6500 
4919 6500 4628 1531 6499 
4920 4714 6500 6499 2505 
4921 3022 6501 6505 6504 
4922 6501 2639 6502 6505 
4923 6505 6502 1202 6503 
4924 6504 6505 6503 2055 
4925 1390 6506 6508 6385 
4926 6506 1722 6414 6508 
4927 6508 6414 1723 6507 
4928 6385 6508 6507 1573 
4929 2089 6154 6510 4193 
4930 6154 2670 6509 6510 
4931 6510 6509 2761 3372 
4932 4193 6510 3372 1361 
4933 1617 4717 6512 6511 
4934 4717 2171 4276 6512 
4935 6512 4276 2170 5768 
4936 6511 6512 5768 2586 
4937 1521 6480 6514 5311 
4938 6480 2465 6513 6514 
4939 6514 6513 2362 6029 
4940 5311 6514 6029 1519 
4941 2710 6136 6517 3894 
4942 6136 2005 6515 6517 
4943 6517 6515 2789 6516 
4944 3894 6517 6516 1233 
4945 2751 6518 6521 4435 
4946 6518 2802 6519 6521 
4947 6521 6519 2950 6520 
4948 4435 6521 6520 1971 
4949 1174 3971 6524 6523 
4950 3971 2038 3976 6524 
4951 6524 3976 1013 6522 
4952 6523 6524 6522 2790 
4953 1707 6525 6529 6528 
4954 6525 1646 6526 6529 
4955 6529 6526 1636 6527 
4956 6528 6529 6527 1535 
4957 1774 6530 6533 6532 
4958 6530 1615 6531 6533 
4959 6533 6531 1434 6493 
4960 6532 6533 6493 1601 
4961 1513 5396 6536 5886 
4962 5396 1512 6534 6536 
4963 6536 6534 2516 6535 
4964 5886 6536 6535 1514 
4965 2564 3786 6539 4416 
4966 3786 999 6537 6539 
4967 6539 6537 1669 6538 
4968 4416 6539 6538 1671 
4969 2748 3497 6542 6541 
4970 3497 1776 6540 6542 
4971 6542 6540 1615 6530 
4972 6541 6542 6530 1774 
4973 2599 6543 6546 6545 
4974 6543 2159 6021 6546 
4975 6546 6021 2085 6544 
4976 6545 6546 6544 2086 
4977 1561 6547 6550 5257 
4978 6547 1627 6548 6550 
4979 6550 6548 1883 6549 
4980 5257 6550 6549 1734 
4981 1990 3108 6553 3070 
4982 3108 1910 6551 6553 
4983 6553 6551 1909 6552 
4984 3070 6553 6552 1908 
4985 1449 4918 6556 6555 
4986 4918 1255 5694 6556 
4987 6556 5694 1254 6554 
4988 6555 6556 6554 1448 
4989 1920 6557 6560 6559 
4990 6557 1996 6558 6560 
4991 6560 6558 1998 5148 
4992 6559 6560 5148 1997 
4993 981 6561 6564 6563 
4994 6561 2213 4082 6564 
4995 6564 4082 2212 6562 
4996 6563 6564 6562 2947 
4997 2621 6565 6567 3362 
4998 6565 2725 6566 6567 
4999 6567 6566 683 682 
5000 3362 6567 682 681 
5001 2456 6568 6571 6570 
5002 6568 1198 6569 6571 
5003 6571 6569 1199 6314 
5004 6570 6571 6314 1200 
5005 1618 6572 6574 6487 
5006 6572 1469 6417 6574 
5007 6574 6417 2468 6573 
5008 6487 6574 6573 1648 
5009 1085 5237 6576 3804 
5010 5237 285 286 6576 
5011 6576 286 287 6575 
5012 3804 6576 6575 2492 
5013 1442 6244 6579 6578 
5014 6244 1439 6317 6579 
5015 6579 6317 1438 6577 
5016 6578 6579 6577 2489 
5017 2707 6580 6583 6582 
5018 6580 2726 3215 6583 
5019 6583 3215 1867 6581 
5020 6582 6583 6581 1866 
5021 1081 3591 6587 6586 
5022 3591 2001 6584 6587 
5023 6587 6584 2436 6585 
5024 6586 6587 6585 2952 
5025 1335 6588 6591 6332 
5026 6588 1334 6589 6591 
5027 6591 6589 1423 6590 
5028 6332 6591 6590 1336 
5029 1153 6592 6595 6446 
5030 6592 1151 6593 6595 
5031 6595 6593 1150 6594 
5032 6446 6595 6594 1152 
5033 2237 3783 6598 3773 
5034 3783 1188 6596 6598 
5035 6598 6596 1155 6597 
5036 3773 6598 6597 1122 
5037 2380 4595 6599 4794 
5038 4595 2372 6165 6599 
5039 6599 6165 1459 5996 
5040 4794 6599 5996 2200 
5041 2124 4250 6602 5732 
5042 4250 1624 6600 6602 
5043 6602 6600 1623 6601 
5044 5732 6602 6601 1413 
5045 2636 3333 6605 3969 
5046 3333 1863 6603 6605 
5047 6605 6603 1862 6604 
5048 3969 6605 6604 1684 
5049 1414 6606 6610 6609 
5050 6606 1070 6607 6610 
5051 6610 6607 1069 6608 
5052 6609 6610 6608 1068 
5053 553 552 6613 5679 
5054 552 551 6611 6613 
5055 6613 6611 2576 6612 
5056 5679 6613 6612 1008 
5057 2075 6614 6616 5133 
5058 6614 2579 6615 6616 
5059 6616 6615 91 92 
5060 5133 6616 92 93 
5061 1919 4848 6619 6618 
5062 4848 1917 5101 6619 
5063 6619 5101 1915 6617 
5064 6618 6619 6617 1918 
5065 1363 6620 6622 6445 
5066 6620 1561 5256 6622 
5067 6622 5256 2488 6621 
5068 6445 6622 6621 1153 
5069 1576 6431 6625 6624 
5070 6431 1407 6425 6625 
5071 6625 6425 2494 6623 
5072 6624 6625 6623 1638 
5073 2810 3469 6628 5388 
5074 3469 1002 6626 6628 
5075 6628 6626 2969 6627 
5076 5388 6628 6627 2227 
5077 1678 6629 6633 6632 
5078 6629 1827 6630 6633 
5079 6633 6630 1828 6631 
5080 6632 6633 6631 1409 
5081 2418 4675 6636 6635 
5082 4675 1605 6634 6636 
5083 6636 6634 2647 3419 
5084 6635 6636 3419 2419 
5085 2511 6637 6640 6249 
5086 6637 2693 6638 6640 
5087 6640 6638 2530 6639 
5088 6249 6640 6639 2548 
5089 1923 5283 6643 5583 
5090 5283 1922 6641 6643 
5091 6643 6641 1929 6642 
5092 5583 6643 6642 1924 
5093 1406 5183 6646 6645 
5094 5183 1651 6644 6646 
5095 6646 6644 1652 3205 
5096 6645 6646 3205 1614 
5097 1711 6647 6648 6259 
5098 6647 2494 6424 6648 
5099 6648 6424 1408 6433 
5100 6259 6648 6433 1417 
5101 2210 3818 6650 6649 
5102 3818 2341 4270 6650 
5103 6650 4270 2464 6437 
5104 6649 6650 6437 2206 
5105 1703 5835 6653 4783 
5106 5835 1702 6651 6653 
5107 6653 6651 2522 6652 
5108 4783 6653 6652 1704 
5109 2276 5025 6654 3216 
5110 5025 2275 4423 6654 
5111 6654 4423 2278 3944 
5112 3216 6654 3944 2544 
5113 1552 6655 6658 6657 
5114 6655 1866 6581 6658 
5115 6658 6581 1867 6656 
5116 6657 6658 6656 1746 
5117 1399 6659 6661 6391 
5118 6659 1189 6490 6661 
5119 6661 6490 1145 6660 
5120 6391 6661 6660 1259 
5121 1305 6662 6665 6664 
5122 6662 1306 6663 6665 
5123 6665 6663 1308 6439 
5124 6664 6665 6439 1307 
5125 2388 5488 6668 6667 
5126 5488 2390 3379 6668 
5127 6668 3379 2757 6666 
5128 6667 6668 6666 2392 
5129 1366 6453 6671 5477 
5130 6453 2473 6669 6671 
5131 6671 6669 2521 6670 
5132 5477 6671 6670 1364 
5133 1458 6672 6675 6674 
5134 6672 2487 6673 6675 
5135 6675 6673 1219 6162 
5136 6674 6675 6162 1221 
5137 1297 6289 6678 3706 
5138 6289 1298 6676 6678 
5139 6678 6676 1300 6677 
5140 3706 6678 6677 1299 
5141 1559 6470 6681 6232 
5142 6470 1581 6679 6681 
5143 6681 6679 2888 6680 
5144 6232 6681 6680 2004 
5145 1911 6682 6685 4220 
5146 6682 1912 6683 6685 
5147 6685 6683 1914 6684 
5148 4220 6685 6684 1913 
5149 2123 6686 6690 6689 
5150 6686 2881 6687 6690 
5151 6690 6687 3023 6688 
5152 6689 6690 6688 1988 
5153 1391 6190 6693 6692 
5154 6190 1394 6430 6693 
5155 6693 6430 1576 6691 
5156 6692 6693 6691 2486 
5157 1217 6148 6696 6695 
5158 6148 1219 6673 6696 
5159 6696 6673 2487 6694 
5160 6695 6696 6694 1523 
5161 1297 3705 6698 6290 
5162 3705 1401 6697 6698 
5163 6698 6697 2549 5032 
5164 6290 6698 5032 1295 
5165 3023 4133 6700 6688 
5166 4133 1989 3525 6700 
5167 6700 3525 1987 6699 
5168 6688 6700 6699 1988 
5169 2494 6647 6702 6701 
5170 6647 1711 6325 6702 
5171 6702 6325 1930 6173 
5172 6701 6702 6173 2502 
5173 1138 6703 6705 4275 
5174 6703 1136 6704 6705 
5175 6705 6704 1709 5769 
5176 4275 6705 5769 2170 
5177 1909 6551 6707 6138 
5178 6551 1910 6706 6707 
5179 6707 6706 1912 6682 
5180 6138 6707 6682 1911 
5181 1902 4540 6709 6708 
5182 4540 1901 3424 6709 
5183 6709 3424 2919 4688 
5184 6708 6709 4688 2846 
5185 1299 6677 6712 5823 
5186 6677 1300 6710 6712 
5187 6712 6710 1302 6711 
5188 5823 6712 6711 1301 
5189 2769 3953 6714 3741 
5190 3953 2490 6713 6714 
5191 6714 6713 1578 6367 
5192 3741 6714 6367 1748 
5193 2087 3098 6717 6716 
5194 3098 2086 6544 6717 
5195 6717 6544 2085 6715 
5196 6716 6717 6715 1765 
5197 2515 6718 6721 6720 
5198 6718 1186 6419 6721 
5199 6721 6419 1156 6719 
5200 6720 6721 6719 1155 
5201 2592 4087 6724 6723 
5202 4087 1671 6538 6724 
5203 6724 6538 1669 6722 
5204 6723 6724 6722 1772 
5205 2054 5784 6727 6726 
5206 5784 1199 6569 6727 
5207 6727 6569 1198 6725 
5208 6726 6727 6725 1131 
5209 1301 6711 6731 6730 
5210 6711 1302 6728 6731 
5211 6731 6728 1304 6729 
5212 6730 6731 6729 1303 
5213 1353 5651 6734 6733 
5214 5651 1352 4836 6734 
5215 6734 4836 1351 6732 
5216 6733 6734 6732 1350 
5217 1347 3464 6738 6737 
5218 3464 1345 6735 6738 
5219 6738 6735 1344 6736 
5220 6737 6738 6736 1346 
5221 1891 6739 6743 6742 
5222 6739 1870 6740 6743 
5223 6743 6740 1750 6741 
5224 6742 6743 6741 1625 
5225 2037 4183 6747 6746 
5226 4183 1729 6744 6747 
5227 6747 6744 1728 6745 
5228 6746 6747 6745 2036 
5229 197 6748 6750 196 
5230 6748 1045 3503 6750 
5231 6750 3503 2624 6749 
5232 196 6750 6749 195 
5233 513 3787 6751 512 
5234 3787 2564 4415 6751 
5235 6751 4415 2049 4167 
5236 512 6751 4167 511 
5237 1391 6692 6753 5266 
5238 6692 2486 6752 6753 
5239 6753 6752 1722 6506 
5240 5266 6753 6506 1390 
5241 2993 6754 6756 6755 
5242 6754 985 6062 6756 
5243 6756 6062 2437 3364 
5244 6755 6756 3364 3007 
5245 1251 4146 6760 6759 
5246 4146 1249 6757 6760 
5247 6760 6757 1248 6758 
5248 6759 6760 6758 1250 
5249 2057 4551 6762 6761 
5250 4551 2059 6241 6762 
5251 6762 6241 2060 4658 
5252 6761 6762 4658 2058 
5253 1588 6359 6764 6497 
5254 6359 1716 6763 6764 
5255 6764 6763 2489 6577 
5256 6497 6764 6577 1438 
5257 1996 6557 6768 6767 
5258 6557 1920 6765 6768 
5259 6768 6765 1918 6766 
5260 6767 6768 6766 1995 
5261 3013 4021 6772 6771 
5262 4021 1894 6769 6772 
5263 6772 6769 1893 6770 
5264 6771 6772 6770 1892 
5265 2181 5982 6773 3831 
5266 5982 2177 6450 6773 
5267 6773 6450 2503 4159 
5268 3831 6773 4159 2265 
5269 1102 4226 6776 6775 
5270 4226 1100 6182 6776 
5271 6776 6182 1099 6774 
5272 6775 6776 6774 1101 
5273 1976 4227 6779 3560 
5274 4227 1102 6777 6779 
5275 6779 6777 1108 6778 
5276 3560 6779 6778 1109 
5277 372 373 6781 5124 
5278 373 374 6236 6781 
5279 6781 6236 2525 6780 
5280 5124 6781 6780 1179 
5281 1303 6729 6784 6783 
5282 6729 1304 6782 6784 
5283 6784 6782 1306 6662 
5284 6783 6784 6662 1305 
5285 1584 6392 6787 6786 
5286 6392 1259 6785 6787 
5287 6787 6785 2506 5857 
5288 6786 6787 5857 1719 
5289 2657 6788 6791 6790 
5290 6788 2716 6789 6791 
5291 6791 6789 2438 4648 
5292 6790 6791 4648 1410 
5293 1539 4766 6795 6794 
5294 4766 2220 6792 6795 
5295 6795 6792 1772 6793 
5296 6794 6795 6793 2622 
5297 1729 5555 6798 6744 
5298 5555 1727 6796 6798 
5299 6798 6796 1726 6797 
5300 6744 6798 6797 1728 
5301 1052 4313 6801 6800 
5302 4313 1068 6608 6801 
5303 6801 6608 1069 6799 
5304 6800 6801 6799 1067 
5305 1079 6802 6805 4481 
5306 6802 1092 6803 6805 
5307 6805 6803 1094 6804 
5308 4481 6805 6804 1093 
5309 647 5740 6808 648 
5310 5740 1005 6806 6808 
5311 6808 6806 2567 6807 
5312 648 6808 6807 649 
5313 1814 6809 6812 6811 
5314 6809 1815 3155 6812 
5315 6812 3155 2533 6810 
5316 6811 6812 6810 1602 
5317 2426 6303 6815 6814 
5318 6303 1381 6297 6815 
5319 6815 6297 1378 6813 
5320 6814 6815 6813 2540 
5321 1288 4477 6819 6818 
5322 4477 1286 6816 6819 
5323 6819 6816 2485 6817 
5324 6818 6819 6817 1540 
5325 1635 6820 6823 6822 
5326 6820 2609 6821 6823 
5327 6823 6821 1736 5934 
5328 6822 6823 5934 2434 
5329 1808 6824 6827 5005 
5330 6824 1696 6825 6827 
5331 6827 6825 1603 6826 
5332 5005 6827 6826 1604 
5333 1592 6828 6830 4319 
5334 6828 1544 6829 6830 
5335 6830 6829 1396 5544 
5336 4319 6830 5544 1543 
5337 1234 6831 6833 4358 
5338 6831 1532 6832 6833 
5339 6833 6832 1628 6284 
5340 4358 6833 6284 1534 
5341 1152 6594 6836 4647 
5342 6594 1150 6834 6836 
5343 6836 6834 2557 6835 
5344 4647 6836 6835 1410 
5345 1117 6837 6841 6840 
5346 6837 1184 6838 6841 
5347 6841 6838 1409 6839 
5348 6840 6841 6839 1183 
5349 1156 3833 6843 6719 
5350 3833 1123 6842 6843 
5351 6843 6842 1122 6597 
5352 6719 6843 6597 1155 
5353 1256 6844 6846 6845 
5354 6844 1151 6592 6846 
5355 6846 6592 1153 6621 
5356 6845 6846 6621 2488 
5357 1175 6847 6848 4741 
5358 6847 2519 5015 6848 
5359 6848 5015 177 178 
5360 4741 6848 178 179 
5361 2570 3193 6852 6851 
5362 3193 1171 6849 6852 
5363 6852 6849 2724 6850 
5364 6851 6852 6850 2808 
5365 1123 4238 6853 6842 
5366 4238 1109 6778 6853 
5367 6853 6778 1108 3770 
5368 6842 6853 3770 1122 
5369 1786 6455 6856 6855 
5370 6455 1715 6854 6856 
5371 6856 6854 2497 3029 
5372 6855 6856 3029 1868 
5373 1154 5577 6858 6444 
5374 5577 1364 6670 6858 
5375 6858 6670 2521 6857 
5376 6444 6858 6857 1363 
5377 2033 6383 6861 5535 
5378 6383 1740 6859 6861 
5379 6861 6859 1596 6860 
5380 5535 6861 6860 1739 
5381 1727 4883 6864 6796 
5382 4883 1655 6862 6864 
5383 6864 6862 1654 6863 
5384 6796 6864 6863 1726 
5385 1701 6865 6869 6868 
5386 6865 1644 6866 6869 
5387 6869 6866 1819 6867 
5388 6868 6869 6867 1818 
5389 1346 6870 6872 6737 
5390 6870 1348 6871 6872 
5391 6872 6871 1349 4924 
5392 6737 6872 4924 1347 
5393 1761 6873 6875 6486 
5394 6873 2693 6637 6875 
5395 6875 6637 2511 6874 
5396 6486 6875 6874 1618 
5397 2379 6011 6876 3679 
5398 6011 2140 6073 6876 
5399 6876 6073 2143 3168 
5400 3679 6876 3168 2148 
5401 1256 6877 6879 6844 
5402 6877 1149 6878 6879 
5403 6879 6878 1150 6593 
5404 6844 6879 6593 1151 
5405 1759 4063 6883 6882 
5406 4063 1745 6880 6883 
5407 6883 6880 1743 6881 
5408 6882 6883 6881 1744 
5409 1632 6884 6887 6479 
5410 6884 1779 6885 6887 
5411 6887 6885 2545 6886 
5412 6479 6887 6886 2465 
5413 1100 4225 6889 6183 
5414 4225 1749 3758 6889 
5415 6889 3758 3012 6888 
5416 6183 6889 6888 2377 
5417 1655 4529 6891 6862 
5418 4529 1626 6477 6891 
5419 6891 6477 1582 6890 
5420 6862 6891 6890 1654 
5421 2500 6892 6894 4278 
5422 6892 1253 6893 6894 
5423 6894 6893 2610 4614 
5424 4278 6894 4614 2056 
5425 1306 6895 6898 6663 
5426 6895 1453 6896 6898 
5427 6898 6896 2501 6897 
5428 6663 6898 6897 1308 
5429 1139 6354 6902 6901 
5430 6354 1140 6899 6902 
5431 6902 6899 2482 6900 
5432 6901 6902 6900 1142 
5433 2240 4685 6906 6905 
5434 4685 1176 6903 6906 
5435 6906 6903 2960 6904 
5436 6905 6906 6904 2242 
5437 1739 6860 6909 6908 
5438 6860 1596 6907 6909 
5439 6909 6907 1139 6901 
5440 6908 6909 6901 1142 
5441 1136 6703 6912 6911 
5442 6703 1138 6355 6912 
5443 6912 6355 1139 6910 
5444 6911 6912 6910 1137 
5445 1207 3129 6914 5760 
5446 3129 1428 5858 6914 
5447 6914 5858 2506 6913 
5448 5760 6914 6913 1146 
5449 1456 6319 6916 6915 
5450 6319 1310 6440 6916 
5451 6916 6440 1308 6897 
5452 6915 6916 6897 2501 
5453 1056 6917 6920 6919 
5454 6917 1054 6918 6920 
5455 6920 6918 2637 4252 
5456 6919 6920 4252 2513 
5457 1147 6158 6923 4098 
5458 6158 1115 6921 6923 
5459 6923 6921 1114 6922 
5460 4098 6923 6922 1084 
5461 2969 3287 6925 6627 
5462 3287 1899 6924 6925 
5463 6925 6924 1841 5389 
5464 6627 6925 5389 2227 
5465 1765 6926 6930 6929 
5466 6926 1764 6927 6930 
5467 6930 6927 1533 6928 
5468 6929 6930 6928 1636 
5469 1463 5932 6932 4776 
5470 5932 1464 6931 6932 
5471 6932 6931 2511 6248 
5472 4776 6932 6248 1461 
5473 1163 3618 6935 6934 
5474 3618 2613 6933 6935 
5475 6935 6933 229 230 
5476 6934 6935 230 231 
5477 1235 6936 6938 6937 
5478 6936 1535 6527 6938 
5479 6938 6527 1636 6928 
5480 6937 6938 6928 1533 
5481 1775 6939 6941 6940 
5482 6939 1601 6495 6941 
5483 6941 6495 1186 6718 
5484 6940 6941 6718 2515 
5485 1891 6942 6945 6944 
5486 6942 2744 4043 6945 
5487 6945 4043 1161 6943 
5488 6944 6945 6943 2875 
5489 1706 6946 6949 6373 
5490 6946 2550 6947 6949 
5491 6949 6947 2591 6948 
5492 6373 6949 6948 1797 
5493 283 5236 6951 282 
5494 5236 2159 6543 6951 
5495 6951 6543 2599 6950 
5496 282 6951 6950 281 
5497 2088 5986 6952 3687 
5498 5986 663 662 6952 
5499 6952 662 661 6107 
5500 3687 6952 6107 2524 
5501 599 6953 6955 600 
5502 6953 983 3228 6955 
5503 6955 3228 2620 6954 
5504 600 6955 6954 601 
5505 2465 6886 6956 6513 
5506 6886 2545 6274 6956 
5507 6956 6274 1600 5795 
5508 6513 6956 5795 2362 
5509 1074 3515 6960 6959 
5510 3515 1077 6957 6960 
5511 6960 6957 1083 6958 
5512 6959 6960 6958 1076 
5513 1031 6961 6965 6964 
5514 6961 1015 6962 6965 
5515 6965 6962 2256 6963 
5516 6964 6965 6963 1046 
5517 1672 3334 6966 4811 
5518 3334 2636 3968 6966 
5519 6966 3968 2161 4055 
5520 4811 6966 4055 1437 
5521 1249 3556 6968 6757 
5522 3556 1246 6967 6968 
5523 6968 6967 1245 3768 
5524 6757 6968 3768 1248 
5525 1740 6969 6972 6859 
5526 6969 1800 6970 6972 
5527 6972 6970 2574 6971 
5528 6859 6972 6971 1596 
5529 2106 3885 6974 6141 
5530 3885 2347 4125 6974 
5531 6974 4125 2508 6973 
5532 6141 6974 6973 2102 
5533 1187 6494 6976 6306 
5534 6494 1434 6975 6976 
5535 6976 6975 2504 3322 
5536 6306 6976 3322 2460 
5537 1918 6765 6979 6618 
5538 6765 1920 6977 6979 
5539 6979 6977 2514 6978 
5540 6618 6979 6978 1919 
5541 1331 4519 6982 3666 
5542 4519 1333 6980 6982 
5543 6982 6980 2972 6981 
5544 3666 6982 6981 1457 
5545 2046 4802 6985 4212 
5546 4802 2047 6983 6985 
5547 6985 6983 2593 6984 
5548 4212 6985 6984 1737 
5549 1988 6699 6988 6987 
5550 6699 1987 4325 6988 
5551 6988 4325 1985 6986 
5552 6987 6988 6986 1986 
5553 1561 6620 6990 6547 
5554 6620 1363 6857 6990 
5555 6990 6857 2521 6989 
5556 6547 6990 6989 1627 
5557 1814 6811 6994 6993 
5558 6811 1602 6991 6994 
5559 6994 6991 1450 6992 
5560 6993 6994 6992 1603 
5561 2189 3177 6996 5426 
5562 3177 657 656 6996 
5563 6996 656 655 6995 
5564 5426 6996 6995 2618 
5565 2193 3875 6998 6997 
5566 3875 651 650 6998 
5567 6998 650 649 6807 
5568 6997 6998 6807 2567 
5569 1341 5367 7001 3996 
5570 5367 1343 6999 7001 
5571 7001 6999 2970 7000 
5572 3996 7001 7000 1397 
5573 2192 3269 7003 5065 
5574 3269 2193 6997 7003 
5575 7003 6997 2567 7002 
5576 5065 7003 7002 2194 
5577 2413 5640 7005 5590 
5578 5640 2416 3263 7005 
5579 7005 3263 2605 7004 
5580 5590 7005 7004 2423 
5581 2279 4394 7007 3195 
5582 4394 1539 6794 7007 
5583 7007 6794 2622 7006 
5584 3195 7007 7006 2663 
5585 2817 3370 7010 7009 
5586 3370 2012 7008 7010 
5587 7010 7008 2917 3587 
5588 7009 7010 3587 2053 
5589 1710 6285 7013 7012 
5590 6285 1628 7011 7013 
5591 7013 7011 1890 3413 
5592 7012 7013 3413 1889 
5593 483 482 7016 5900 
5594 482 481 7014 7016 
5595 7016 7014 2729 7015 
5596 5900 7016 7015 2014 
5597 1164 4660 7017 4817 
5598 4660 2099 6225 7017 
5599 7017 6225 2102 6973 
5600 4817 7017 6973 2508 
5601 2377 7018 7021 6180 
5602 7018 1095 7019 7021 
5603 7021 7019 1096 7020 
5604 6180 7021 7020 1097 
5605 1140 6376 7023 6899 
5606 6376 1143 6491 7023 
5607 7023 6491 1189 7022 
5608 6899 7023 7022 2482 
5609 1603 6992 7025 6826 
5610 6992 1450 7024 7025 
5611 7025 7024 2500 5006 
5612 6826 7025 5006 1604 
5613 1442 6578 7028 6365 
5614 6578 2489 7026 7028 
5615 7028 7026 2554 7027 
5616 6365 7028 7027 1629 
5617 1077 4803 7030 6957 
5618 4803 1084 6922 7030 
5619 7030 6922 1114 7029 
5620 6957 7030 7029 1083 
5621 2035 7031 7032 3183 
5622 7031 1893 6769 7032 
5623 7032 6769 1894 3492 
5624 3183 7032 3492 1895 
5625 1645 7033 7037 7036 
5626 7033 1643 7034 7037 
5627 7037 7034 1555 7035 
5628 7036 7037 7035 1443 
5629 1959 6380 7039 5915 
5630 6380 2033 5534 7039 
5631 7039 5534 2973 7038 
5632 5915 7039 7038 1522 
5633 1058 7040 7043 7042 
5634 7040 1056 6919 7043 
5635 7043 6919 2513 7041 
5636 7042 7043 7041 1545 
5637 2703 3185 7046 7045 
5638 3185 1884 7044 7046 
5639 7046 7044 1719 5856 
5640 7045 7046 5856 2526 
5641 1777 7047 7049 7048 
5642 7047 2504 6975 7049 
5643 7049 6975 1434 6531 
5644 7048 7049 6531 1615 
5645 2065 4510 7051 4142 
5646 4510 2066 7050 7051 
5647 7051 7050 2560 5040 
5648 4142 7051 5040 1162 
5649 2456 7052 7055 6568 
5650 7052 1810 7053 7055 
5651 7055 7053 1130 7054 
5652 6568 7055 7054 1198 
5653 2548 6639 7057 7056 
5654 6639 2530 3145 7057 
5655 7057 3145 1933 6168 
5656 7056 7057 6168 1932 
5657 1657 5452 7060 5419 
5658 5452 1983 7058 7060 
5659 7060 7058 2631 7059 
5660 5419 7060 7059 1982 
5661 2815 7061 7065 7064 
5662 7061 2024 7062 7065 
5663 7065 7062 2944 7063 
5664 7064 7065 7063 2607 
5665 1353 6733 7068 6403 
5666 6733 1350 7066 7068 
5667 7068 7066 1411 7067 
5668 6403 7068 7067 2491 
5669 1602 7069 7071 6991 
5670 7069 1448 6554 7071 
5671 7071 6554 1254 7070 
5672 6991 7071 7070 1450 
5673 2604 7072 7074 3601 
5674 7072 2054 6726 7074 
5675 7074 6726 1131 7073 
5676 3601 7074 7073 1579 
5677 1648 6573 7078 7077 
5678 6573 2468 7075 7078 
5679 7078 7075 2546 7076 
5680 7077 7078 7076 1872 
5681 1191 5718 7081 6281 
5682 5718 1190 7079 7081 
5683 7081 7079 1607 7080 
5684 6281 7081 7080 1400 
5685 1921 4849 7083 5282 
5686 4849 1919 6978 7083 
5687 7083 6978 2514 7082 
5688 5282 7083 7082 1922 
5689 1251 7084 7085 5818 
5690 7084 1377 3086 7085 
5691 7085 3086 2540 6813 
5692 5818 7085 6813 1378 
5693 1146 6913 7086 6345 
5694 6913 2506 6785 7086 
5695 7086 6785 1259 6660 
5696 6345 7086 6660 1145 
5697 2615 7087 7089 3737 
5698 7087 320 321 7089 
5699 7089 321 322 7088 
5700 3737 7089 7088 2632 
5701 499 7090 7093 500 
5702 7090 2707 7091 7093 
5703 7093 7091 2652 7092 
5704 500 7093 7092 501 
5705 1666 5073 7097 7096 
5706 5073 1240 7094 7097 
5707 7097 7094 1241 7095 
5708 7096 7097 7095 1242 
5709 977 4373 7099 4267 
5710 4373 2266 7098 7099 
5711 7099 7098 2069 6300 
5712 4267 7099 6300 2072 
5713 1545 7100 7104 7103 
5714 7100 2534 7101 7104 
5715 7104 7101 1861 7102 
5716 7103 7104 7102 1904 
5717 2407 5567 7108 7107 
5718 5567 2408 7105 7108 
5719 7108 7105 2576 7106 
5720 7107 7108 7106 2409 
5721 2474 7109 7113 7112 
5722 7109 1112 7110 7113 
5723 7113 7110 1111 7111 
5724 7112 7113 7111 1090 
5725 1528 7114 7117 7116 
5726 7114 1825 7115 7117 
5727 7117 7115 1826 6463 
5728 7116 7117 6463 1738 
5729 2691 7118 7121 6175 
5730 7118 2214 7119 7121 
5731 7121 7119 2763 7120 
5732 6175 7121 7120 1817 
5733 1246 7122 7125 6967 
5734 7122 1244 7123 7125 
5735 7125 7123 1243 7124 
5736 6967 7125 7124 1245 
5737 2021 6125 7128 5692 
5738 6125 1119 7126 7128 
5739 7128 7126 1157 7127 
5740 5692 7128 7127 1158 
5741 1701 7129 7131 6865 
5742 7129 1555 7034 7131 
5743 7131 7034 1643 7130 
5744 6865 7131 7130 1644 
5745 1469 6572 7132 5931 
5746 6572 1618 6874 7132 
5747 7132 6874 2511 6931 
5748 5931 7132 6931 1464 
5749 1183 7133 7135 6840 
5750 7133 1116 7134 7135 
5751 7135 7134 1112 6219 
5752 6840 7135 6219 1117 
5753 2355 5927 7137 7136 
5754 5927 2354 4171 7137 
5755 7137 4171 1032 5193 
5756 7136 7137 5193 2596 
5757 2493 7138 7141 7140 
5758 7138 1398 7139 7141 
5759 7141 7139 1443 7035 
5760 7140 7141 7035 1555 
5761 1832 7142 7146 7145 
5762 7142 1686 7143 7146 
5763 7146 7143 1620 7144 
5764 7145 7146 7144 1568 
5765 1914 7147 7150 7149 
5766 7147 2215 7148 7150 
5767 7150 7148 3002 4977 
5768 7149 7150 4977 2216 
5769 1351 3963 7152 6732 
5770 3963 1349 6871 7152 
5771 7152 6871 1348 7151 
5772 6732 7152 7151 1350 
5773 1943 7153 7154 5155 
5774 7153 1710 7012 7154 
5775 7154 7012 1889 3409 
5776 5155 7154 3409 2551 
5777 1076 7155 7158 6959 
5778 7155 1075 7156 7158 
5779 7158 7156 1073 7157 
5780 6959 7158 7157 1074 
5781 1533 7159 7161 6937 
5782 7159 1532 6831 7161 
5783 7161 6831 1234 7160 
5784 6937 7161 7160 1235 
5785 1155 6596 7163 6720 
5786 6596 1188 3782 7163 
5787 7163 3782 2541 7162 
5788 6720 7163 7162 2515 
5789 2468 6416 7164 7075 
5790 6416 1473 6401 7164 
5791 7164 6401 2477 5436 
5792 7075 7164 5436 2546 
5793 2470 7165 7168 6153 
5794 7165 1816 7166 7168 
5795 7168 7166 1647 7167 
5796 6153 7168 7167 2670 
5797 1704 7169 7171 4784 
5798 7169 1964 7170 7171 
5799 7171 7170 2723 3653 
5800 4784 7171 3653 1961 
5801 2145 7172 7174 3166 
5802 7172 2146 4430 7174 
5803 7174 4430 2998 7173 
5804 3166 7174 7173 979 
5805 2492 6575 7175 3412 
5806 6575 287 288 7175 
5807 7175 288 289 4526 
5808 3412 7175 4526 2543 
5809 2444 7176 7178 5661 
5810 7176 2781 7177 7178 
5811 7178 7177 2847 3304 
5812 5661 7178 3304 2104 
5813 1744 6881 7182 7181 
5814 6881 1743 7179 7182 
5815 7182 7179 1741 7180 
5816 7181 7182 7180 1742 
5817 1581 6472 7186 7185 
5818 6472 1580 7183 7186 
5819 7186 7183 2507 7184 
5820 7185 7186 7184 1625 
5821 1576 7187 7189 6691 
5822 7187 2572 7188 7189 
5823 7189 7188 1722 6752 
5824 6691 7189 6752 2486 
5825 1574 7190 7194 7193 
5826 7190 1064 7191 7194 
5827 7194 7191 1047 7192 
5828 7193 7194 7192 1046 
5829 1276 5553 7197 7196 
5830 5553 1274 7195 7197 
5831 7197 7195 2628 3095 
5832 7196 7197 3095 1538 
5833 205 7198 7201 204 
5834 7198 972 7199 7201 
5835 7201 7199 2724 7200 
5836 204 7201 7200 203 
5837 1767 6273 7205 7204 
5838 6273 2450 7202 7205 
5839 7205 7202 2991 7203 
5840 7204 7205 7203 2217 
5841 1673 6109 7209 7208 
5842 6109 1022 7206 7209 
5843 7209 7206 1021 7207 
5844 7208 7209 7207 997 
5845 2000 3616 7212 7211 
5846 3616 2523 7210 7212 
5847 7212 7210 1636 6526 
5848 7211 7212 6526 1646 
5849 1190 5717 7216 7215 
5850 5717 1110 7213 7216 
5851 7216 7213 1107 7214 
5852 7215 7216 7214 1132 
5853 1892 7217 7220 7219 
5854 7217 1731 7218 7220 
5855 7220 7218 1194 4737 
5856 7219 7220 4737 1724 
5857 1466 3570 7221 3873 
5858 3570 2496 5570 7221 
5859 7221 5570 2198 3261 
5860 3873 7221 3261 2583 
5861 250 7222 7224 249 
5862 7222 1002 3468 7224 
5863 7224 3468 2797 7223 
5864 249 7224 7223 248 
5865 1675 7225 7227 7226 
5866 7225 2364 4654 7227 
5867 7227 4654 1435 3471 
5868 7226 7227 3471 2692 
5869 1107 7228 7231 7214 
5870 7228 1195 7229 7231 
5871 7231 7229 1398 7230 
5872 7214 7231 7230 1132 
5873 2489 6763 7233 7026 
5874 6763 1716 6358 7233 
5875 7233 6358 1874 7232 
5876 7026 7233 7232 2554 
5877 1609 7234 7237 7236 
5878 7234 1782 3374 7237 
5879 7237 3374 2553 7235 
5880 7236 7237 7235 1783 
5881 2244 5484 7240 4361 
5882 5484 1192 7238 7240 
5883 7240 7238 1193 7239 
5884 4361 7240 7239 1234 
5885 2473 6456 7243 6669 
5886 6456 1786 7241 7243 
5887 7243 7241 2568 7242 
5888 6669 7243 7242 2521 
5889 2588 3746 7246 3568 
5890 3746 2011 7244 7246 
5891 7246 7244 2009 7245 
5892 3568 7246 7245 2010 
5893 2351 7247 7250 7249 
5894 7247 2643 7248 7250 
5895 7250 7248 695 694 
5896 7249 7250 694 693 
5897 1289 4478 7253 4761 
5898 4478 1288 7251 7253 
5899 7253 7251 2512 7252 
5900 4761 7253 7252 1290 
5901 1059 7254 7257 3657 
5902 7254 1063 7255 7257 
5903 7257 7255 1089 7256 
5904 3657 7257 7256 1118 
5905 2675 7258 7262 7261 
5906 7258 1720 7259 7262 
5907 7262 7259 2849 7260 
5908 7261 7262 7260 2016 
5909 1460 6247 7263 6322 
5910 6247 2548 7056 7263 
5911 7263 7056 1932 6422 
5912 6322 7263 6422 2469 
5913 2634 7264 7267 7266 
5914 7264 597 596 7267 
5915 7267 596 595 7265 
5916 7266 7267 7265 2649 
5917 1104 7268 7271 7270 
5918 7268 1757 3421 7271 
5919 7271 3421 1758 7269 
5920 7270 7271 7269 1133 
5921 2454 4733 7273 5918 
5922 4733 1570 7272 7273 
5923 7273 7272 2852 3881 
5924 5918 7273 3881 2134 
5925 1838 4919 7275 4047 
5926 4919 1449 7274 7275 
5927 7275 7274 2533 3154 
5928 4047 7275 3154 1839 
5929 1828 7276 7278 6631 
5930 7276 2509 7277 7278 
5931 7278 7277 1183 6839 
5932 6631 7278 6839 1409 
5933 1075 7279 7282 7281 
5934 7279 1196 7280 7282 
5935 7282 7280 1193 7238 
5936 7281 7282 7238 1192 
5937 1119 3658 7285 7126 
5938 3658 1118 7283 7285 
5939 7285 7283 1232 7284 
5940 7126 7285 7284 1157 
5941 1759 6882 7289 7288 
5942 6882 1744 7286 7289 
5943 7289 7286 2612 7287 
5944 7288 7289 7287 1823 
5945 2061 5289 7290 3390 
5946 5289 2642 5611 7290 
5947 7290 5611 2300 4694 
5948 3390 7290 4694 1003 
5949 1371 6311 7292 6343 
5950 6311 2478 7291 7292 
5951 7292 7291 2550 6946 
5952 6343 7292 6946 1706 
5953 1254 5693 7295 7294 
5954 5693 1158 7127 7295 
5955 7295 7127 1157 7293 
5956 7294 7295 7293 1253 
5957 1083 7029 7298 7297 
5958 7029 1114 7296 7298 
5959 7298 7296 1742 7180 
5960 7297 7298 7180 1741 
5961 1253 6892 7299 7294 
5962 6892 2500 7024 7299 
5963 7299 7024 1450 7070 
5964 7294 7299 7070 1254 
5965 1449 6555 7300 7274 
5966 6555 1448 7069 7300 
5967 7300 7069 1602 6810 
5968 7274 7300 6810 2533 
5969 1821 7301 7303 7302 
5970 7301 1896 3473 7303 
5971 7303 3473 2883 5462 
5972 7302 7303 5462 2022 
5973 2087 6716 7304 4157 
5974 6716 1765 6929 7304 
5975 7304 6929 1636 7210 
5976 4157 7304 7210 2523 
5977 1059 7305 7308 7307 
5978 7305 1057 7306 7308 
5979 7308 7306 1056 7040 
5980 7307 7308 7040 1058 
5981 1016 7309 7313 7312 
5982 7309 2542 7310 7313 
5983 7313 7310 2629 7311 
5984 7312 7313 7311 1014 
5985 1465 4720 7315 5243 
5986 4720 2232 7314 7315 
5987 7315 7314 2906 4468 
5988 5243 7315 4468 1471 
5989 2409 7106 7316 3159 
5990 7106 2576 6611 7316 
5991 7316 6611 551 550 
5992 3159 7316 550 549 
5993 1074 7157 7319 3516 
5994 7157 1073 7317 7319 
5995 7319 7317 1071 7318 
5996 3516 7319 7318 1072 
5997 1302 7320 7322 6728 
5998 7320 1451 3457 7322 
5999 7322 3457 2527 7321 
6000 6728 7322 7321 1304 
6001 1093 6804 7324 5588 
6002 6804 1094 7323 7324 
6003 7324 7323 1096 7019 
6004 5588 7324 7019 1095 
6005 2318 4327 7326 6051 
6006 4327 2183 3485 7326 
6007 7326 3485 2795 7325 
6008 6051 7326 7325 1798 
6009 2368 7327 7330 5499 
6010 7327 1011 7328 7330 
6011 7330 7328 2844 7329 
6012 5499 7330 7329 2369 
6013 2066 5669 7331 7050 
6014 5669 2069 7098 7331 
6015 7331 7098 2266 4016 
6016 7050 7331 4016 2560 
6017 159 5971 7334 158 
6018 5971 2580 7332 7334 
6019 7334 7332 1039 7333 
6020 158 7334 7333 157 
6021 1972 7335 7338 7337 
6022 7335 2671 7336 7338 
6023 7338 7336 139 140 
6024 7337 7338 140 141 
6025 1375 6386 7340 6310 
6026 6386 1573 7339 7340 
6027 7340 7339 2550 7291 
6028 6310 7340 7291 2478 
6029 2035 3182 7343 7342 
6030 3182 1858 5169 7343 
6031 7343 5169 2375 7341 
6032 7342 7343 7341 2716 
6033 1882 7344 7347 7346 
6034 7344 1620 7143 7347 
6035 7347 7143 1686 7345 
6036 7346 7347 7345 1881 
6037 2676 7348 7351 7350 
6038 7348 2668 7349 7351 
6039 7351 7349 577 578 
6040 7350 7351 578 579 
6041 1453 6895 7352 6467 
6042 6895 1306 6782 7352 
6043 7352 6782 1304 7321 
6044 6467 7352 7321 2527 
6045 1605 4677 7356 7355 
6046 4677 1129 7353 7356 
6047 7356 7353 1404 7354 
6048 7355 7356 7354 1405 
6049 1063 7357 7359 7255 
6050 7357 1090 7111 7359 
6051 7359 7111 1111 7358 
6052 7255 7359 7358 1089 
6053 1110 5164 7362 7213 
6054 5164 1106 7360 7362 
6055 7362 7360 1105 7361 
6056 7213 7362 7361 1107 
6057 1966 3051 7364 7363 
6058 3051 1869 6412 7364 
6059 7364 6412 1722 7188 
6060 7363 7364 7188 2572 
6061 301 302 7367 7366 
6062 302 303 7365 7367 
6063 7367 7365 2947 6562 
6064 7366 7367 6562 2212 
6065 1707 6528 7370 7369 
6066 6528 1535 6936 7370 
6067 7370 6936 1235 7368 
6068 7369 7370 7368 2565 
6069 1804 3826 7373 7372 
6070 3826 2239 5089 7373 
6071 7373 5089 1043 7371 
6072 7372 7373 7371 2762 
6073 1595 7374 7378 7377 
6074 7374 1693 7375 7378 
6075 7378 7375 1840 7376 
6076 7377 7378 7376 1692 
6077 1946 6482 7381 7380 
6078 6482 1945 4549 7381 
6079 7381 4549 959 7379 
6080 7380 7381 7379 1880 
6081 1638 7382 7384 6624 
6082 7382 1769 7383 7384 
6083 7384 7383 2572 7187 
6084 6624 7384 7187 1576 
6085 1954 7385 7387 7386 
6086 7385 2900 4656 7387 
6087 7387 4656 2518 6378 
6088 7386 7387 6378 947 
6089 2260 4854 7389 5375 
6090 4854 2262 7388 7389 
6091 7389 7388 2997 3701 
6092 5375 7389 3701 2484 
6093 2459 5939 7393 7392 
6094 5939 1766 7390 7393 
6095 7393 7390 2768 7391 
6096 7392 7393 7391 1038 
6097 1790 7394 7398 7397 
6098 7394 2645 7395 7398 
6099 7398 7395 1195 7396 
6100 7397 7398 7396 2584 
6101 1291 4190 7400 4764 
6102 4190 1361 3371 7400 
6103 7400 3371 2817 7399 
6104 4764 7400 7399 1289 
6105 1099 7401 7404 6774 
6106 7401 1103 7402 7404 
6107 7404 7402 2536 7403 
6108 6774 7404 7403 1101 
6109 1745 6032 7407 6880 
6110 6032 1877 7405 7407 
6111 7407 7405 2653 7406 
6112 6880 7407 7406 1743 
6113 1104 7408 7411 7410 
6114 7408 1065 7409 7411 
6115 7411 7409 1047 7191 
6116 7410 7411 7191 1064 
6117 348 4889 7413 347 
6118 4889 970 3576 7413 
6119 7413 3576 2834 7412 
6120 347 7413 7412 346 
6121 1937 7414 7418 7417 
6122 7414 1935 7415 7418 
6123 7418 7415 1934 7416 
6124 7417 7418 7416 1837 
6125 1057 7419 7421 7306 
6126 7419 1055 7420 7421 
6127 7421 7420 1054 6917 
6128 7306 7421 6917 1056 
6129 2001 3590 7425 7424 
6130 3590 2674 7422 7425 
6131 7425 7422 2673 7423 
6132 7424 7425 7423 1799 
6133 1149 6877 7429 7428 
6134 6877 1256 7426 7429 
6135 7429 7426 2612 7427 
6136 7428 7429 7427 2556 
6137 1645 6177 7432 7033 
6138 6177 1754 7430 7432 
6139 7432 7430 2529 7431 
6140 7033 7432 7431 1643 
6141 2219 7433 7436 5437 
6142 7433 2646 7434 7436 
6143 7436 7434 2230 7435 
6144 5437 7436 7435 2360 
6145 1133 7437 7439 7270 
6146 7437 1105 7438 7439 
6147 7439 7438 1065 7408 
6148 7270 7439 7408 1104 
6149 2521 7242 7441 6989 
6150 7242 2568 7440 7441 
6151 7441 7440 1883 6548 
6152 6989 7441 6548 1627 
6153 675 7442 7445 676 
6154 7442 2578 7443 7445 
6155 7445 7443 958 7444 
6156 676 7445 7444 677 
6157 344 7446 7448 343 
6158 7446 1174 6523 7448 
6159 7448 6523 2790 7447 
6160 343 7448 7447 342 
6161 2542 7309 7452 7451 
6162 7309 1016 7449 7452 
6163 7452 7449 1042 7450 
6164 7451 7452 7450 1238 
6165 231 232 7454 6934 
6166 232 233 7453 7454 
6167 7454 7453 2731 4156 
6168 6934 7454 4156 1163 
6169 1538 7455 7456 7196 
6170 7455 2597 5685 7456 
6171 7456 5685 1278 5441 
6172 7196 7456 5441 1276 
6173 1133 7269 7459 7458 
6174 7269 1758 3869 7459 
6175 7459 3869 1791 7457 
6176 7458 7459 7457 1790 
6177 1105 7360 7461 7438 
6178 7360 1106 5163 7461 
6179 7461 5163 2538 7460 
6180 7438 7461 7460 1065 
6181 715 714 7465 7464 
6182 714 713 7462 7465 
6183 7465 7462 2954 7463 
6184 7464 7465 7463 955 
6185 1202 5781 7467 6503 
6186 5781 2054 7072 7467 
6187 7467 7072 2604 7466 
6188 6503 7467 7466 2055 
6189 1102 6775 7468 6777 
6190 6775 1101 7403 7468 
6191 7468 7403 2536 3771 
6192 6777 7468 3771 1108 
6193 1844 7469 7471 4249 
6194 7469 1685 7470 7471 
6195 7471 7470 1623 6600 
6196 4249 7471 6600 1624 
6197 1725 4213 7472 4543 
6198 4213 1737 6984 7472 
6199 7472 6984 2593 3425 
6200 4543 7472 3425 1901 
6201 1903 7473 7477 7476 
6202 7473 2656 7474 7477 
6203 7477 7474 956 7475 
6204 7476 7477 7475 2858 
6205 1127 7478 7480 4676 
6206 7478 1128 7479 7480 
6207 7480 7479 1404 7353 
6208 4676 7480 7353 1129 
6209 2211 7481 7484 4013 
6210 7481 3016 7482 7484 
6211 7484 7482 957 7483 
6212 4013 7484 7483 1941 
6213 1241 7094 7487 7486 
6214 7094 1240 5072 7487 
6215 7487 5072 1238 7485 
6216 7486 7487 7485 1239 
6217 2549 6697 7489 6152 
6218 6697 1401 3338 7489 
6219 7489 3338 2962 7488 
6220 6152 7489 7488 2470 
6221 1704 6652 7492 7169 
6222 6652 2522 7490 7492 
6223 7492 7490 2877 7491 
6224 7169 7492 7491 1964 
6225 1819 6866 7494 7493 
6226 6866 1644 7130 7494 
6227 7494 7130 1643 7431 
6228 7493 7494 7431 2529 
6229 2494 6701 7496 6623 
6230 6701 2502 3190 7496 
6231 7496 3190 2570 7495 
6232 6623 7496 7495 1638 
6233 1128 3928 7499 7479 
6234 3928 1406 7497 7499 
6235 7499 7497 1587 7498 
6236 7479 7499 7498 1404 
6237 1125 5545 7503 7502 
6238 5545 1396 7500 7503 
6239 7503 7500 1575 7501 
6240 7502 7503 7501 1257 
6241 1580 6266 7505 7183 
6242 6266 1708 7504 7505 
6243 7505 7504 2783 5096 
6244 7183 7505 5096 2507 
6245 2717 7506 7509 7508 
6246 7506 1579 7073 7509 
6247 7509 7073 1131 7507 
6248 7508 7509 7507 971 
6249 1257 7501 7512 5217 
6250 7501 1575 7510 7512 
6251 7512 7510 1721 7511 
6252 5217 7512 7511 1633 
6253 1406 6645 7515 7497 
6254 6645 1614 7513 7515 
6255 7515 7513 1805 7514 
6256 7497 7515 7514 1587 
6257 1050 7516 7518 4480 
6258 7516 1078 3937 7518 
6259 7518 3937 1091 7517 
6260 4480 7518 7517 1079 
6261 1764 7519 7521 6927 
6262 7519 2531 7520 7521 
6263 7521 7520 1532 7159 
6264 6927 7521 7159 1533 
6265 1079 7517 7524 6802 
6266 7517 1091 7522 7524 
6267 7524 7522 1124 7523 
6268 6802 7524 7523 1092 
6269 2368 5114 7527 7327 
6270 5114 2371 7525 7527 
6271 7527 7525 2742 7526 
6272 7327 7527 7526 1011 
6273 1027 7528 7529 5904 
6274 7528 1049 3393 7529 
6275 7529 3393 1078 7516 
6276 5904 7529 7516 1050 
6277 20 7530 7533 607 
6278 7530 944 7531 7533 
6279 7533 7531 946 7532 
6280 607 7533 7532 21 
6281 1091 3936 7534 7522 
6282 3936 1125 7502 7534 
6283 7534 7502 1257 5216 
6284 7522 7534 5216 1124 
6285 2841 7535 7539 7538 
6286 7535 2147 7536 7539 
6287 7539 7536 2892 7537 
6288 7538 7539 7537 2735 
6289 2220 4711 7541 6792 
6290 4711 2505 7540 7541 
6291 7541 7540 2592 6723 
6292 6792 7541 6723 1772 
6293 1052 7542 7544 4314 
6294 7542 1051 7543 7544 
6295 7544 7543 1021 7206 
6296 4314 7544 7206 1022 
6297 1067 7545 7547 6800 
6298 7545 1066 7546 7547 
6299 7547 7546 1051 7542 
6300 6800 7547 7542 1052 
6301 2821 7548 7551 7550 
6302 7548 2329 5049 7551 
6303 7551 5049 2933 7549 
6304 7550 7551 7549 1266 
6305 1939 3073 7555 7554 
6306 3073 1936 7552 7555 
6307 7555 7552 1935 7553 
6308 7554 7555 7553 1938 
6309 1354 5649 7557 5698 
6310 5649 1362 7556 7557 
6311 7557 7556 2709 3506 
6312 5698 7557 3506 1387 
6313 2534 7558 7562 7561 
6314 7558 2608 7559 7562 
6315 7562 7559 2045 7560 
6316 7561 7562 7560 2741 
6317 1136 6911 7566 7565 
6318 6911 1137 7563 7566 
6319 7566 7563 1760 7564 
6320 7565 7566 7564 1135 
6321 1573 6507 7568 7339 
6322 6507 1723 7567 7568 
6323 7568 7567 2591 6947 
6324 7339 7568 6947 2550 
6325 2700 7569 7571 5150 
6326 7569 83 84 7571 
6327 7571 84 85 7570 
6328 5150 7571 7570 2704 
6329 2441 3135 7574 7573 
6330 3135 2672 7572 7574 
6331 7574 7572 699 6100 
6332 7573 7574 6100 2440 
6333 1607 7079 7577 7576 
6334 7079 1190 7215 7577 
6335 7577 7215 1132 7575 
6336 7576 7577 7575 2555 
6337 1148 7578 7580 6157 
6338 7578 1149 7428 7580 
6339 7580 7428 2556 7579 
6340 6157 7580 7579 1115 
6341 1554 7581 7585 7584 
6342 7581 1836 7582 7585 
6343 7585 7582 1837 7583 
6344 7584 7585 7583 1781 
6345 1066 7586 7588 7587 
6346 7586 1088 3929 7588 
6347 7588 3929 1128 7478 
6348 7587 7588 7478 1127 
6349 1148 6156 7591 7590 
6350 6156 1194 7218 7591 
6351 7591 7218 1731 7589 
6352 7590 7591 7589 2557 
6353 201 7592 7594 200 
6354 7592 1171 3192 7594 
6355 7594 3192 2793 7593 
6356 200 7594 7593 199 
6357 1532 7520 7596 6832 
6358 7520 2531 7595 7596 
6359 7596 7595 1890 7011 
6360 6832 7596 7011 1628 
6361 1793 3614 7597 5176 
6362 3614 2132 3921 7597 
6363 7597 3921 2814 3848 
6364 5176 7597 3848 1965 
6365 1348 6870 7600 7599 
6366 6870 1346 7598 7600 
6367 7600 7598 2587 4368 
6368 7599 7600 4368 1360 
6369 986 7601 7603 5104 
6370 7601 1025 7602 7603 
6371 7603 7602 1049 7528 
6372 5104 7603 7528 1027 
6373 1656 7604 7607 7606 
6374 7604 2558 7605 7607 
6375 7607 7605 1726 6863 
6376 7606 7607 6863 1654 
6377 1757 7268 7610 7609 
6378 7268 1104 7410 7610 
6379 7610 7410 1064 7608 
6380 7609 7610 7608 2537 
6381 3005 4196 7613 7612 
6382 4196 1888 7611 7613 
6383 7613 7611 2715 3508 
6384 7612 7613 3508 2133 
6385 1816 7614 7617 7166 
6386 7614 1447 7615 7617 
6387 7617 7615 1563 7616 
6388 7166 7617 7616 1647 
6389 2325 7618 7620 5013 
6390 7618 2331 3852 7620 
6391 7620 3852 2861 7619 
6392 5013 7620 7619 2330 
6393 227 228 7622 4869 
6394 228 229 6933 7622 
6395 7622 6933 2613 7621 
6396 4869 7622 7621 954 
6397 2661 4038 7625 7624 
6398 4038 2740 7623 7625 
6399 7625 7623 1321 5811 
6400 7624 7625 5811 1323 
6401 1764 7626 7627 7519 
6402 7626 2623 3805 7627 
6403 7627 3805 1890 7595 
6404 7519 7627 7595 2531 
6405 1075 7155 7630 7279 
6406 7155 1076 7628 7630 
6407 7630 7628 2539 7629 
6408 7279 7630 7629 1196 
6409 1615 6540 7632 7048 
6410 6540 1776 7631 7632 
6411 7632 7631 2749 5302 
6412 7048 7632 5302 1777 
6413 2389 4706 7634 5487 
6414 4706 2391 7633 7634 
6415 7634 7633 2782 3380 
6416 5487 7634 3380 2390 
6417 677 7444 7637 678 
6418 7444 958 7635 7637 
6419 7637 7635 1468 7636 
6420 678 7637 7636 25 
6421 2586 7638 7640 6511 
6422 7638 2611 7639 7640 
6423 7640 7639 2135 4637 
6424 6511 7640 4637 1617 
6425 1784 7641 7644 7643 
6426 7641 1755 7642 7644 
6427 7644 7642 1647 7616 
6428 7643 7644 7616 1563 
6429 2493 3529 7645 7138 
6430 3529 2555 7575 7645 
6431 7645 7575 1132 7230 
6432 7138 7645 7230 1398 
6433 2619 4969 7647 4367 
6434 4969 2562 7646 7647 
6435 7647 7646 1348 7599 
6436 4367 7647 7599 1360 
6437 1076 6958 7649 7628 
6438 6958 1083 7297 7649 
6439 7649 7297 1741 7648 
6440 7628 7649 7648 2539 
6441 266 267 7651 4301 
6442 267 268 7650 7651 
6443 7651 7650 3002 7148 
6444 4301 7651 7148 2215 
6445 2440 7652 7654 7573 
6446 7652 2337 7653 7654 
6447 7654 7653 2999 5882 
6448 7573 7654 5882 2441 
6449 1785 7655 7658 7657 
6450 7655 2006 3280 7658 
6451 7658 3280 2008 7656 
6452 7657 7658 7656 2007 
6453 2010 7245 7660 3686 
6454 7245 2009 7659 7660 
6455 7660 7659 2007 7656 
6456 3686 7660 7656 2008 
6457 2455 6126 7663 7662 
6458 6126 1993 4071 7663 
6459 7663 4071 2805 7661 
6460 7662 7663 7661 2694 
6461 1031 7664 7666 6961 
6462 7664 1016 7312 7666 
6463 7666 7312 1014 7665 
6464 6961 7666 7665 1015 
6465 2093 7667 7669 4222 
6466 7667 2903 7668 7669 
6467 7669 7668 2789 6515 
6468 4222 7669 6515 2005 
6469 1115 7579 7671 6921 
6470 7579 2556 7670 7671 
6471 7671 7670 1742 7296 
6472 6921 7671 7296 1114 
6473 1705 4781 7673 6361 
6474 4781 1961 3652 7673 
6475 7673 3652 2859 7672 
6476 6361 7673 7672 1962 
6477 2474 7112 7676 7675 
6478 7112 1090 7357 7676 
6479 7676 7357 1063 7674 
6480 7675 7676 7674 2566 
6481 157 7333 7678 156 
6482 7333 1039 3060 7678 
6483 7678 3060 2720 7677 
6484 156 7678 7677 155 
6485 468 469 7680 6115 
6486 469 470 7679 7680 
6487 7680 7679 2765 5070 
6488 6115 7680 5070 1165 
6489 2712 3838 7683 7682 
6490 3838 2803 7681 7683 
6491 7683 7681 2345 5122 
6492 7682 7683 5122 1179 
6493 1343 5369 7687 7686 
6494 5369 1342 7684 7687 
6495 7687 7684 2598 7685 
6496 7686 7687 7685 1344 
6497 1654 6890 7689 7606 
6498 6890 1582 7688 7689 
6499 7689 7688 2577 3719 
6500 7606 7689 3719 1656 
6501 183 184 7691 5002 
6502 184 185 4814 7691 
6503 7691 4814 2641 7690 
6504 5002 7691 7690 1044 
6505 2358 7692 7693 3730 
6506 7692 2355 7136 7693 
6507 7693 7136 2596 3981 
6508 3730 7693 3981 2359 
6509 2246 3282 7696 5959 
6510 3282 2247 7694 7696 
6511 7696 7694 3001 7695 
6512 5959 7696 7695 2182 
6513 1913 6684 7699 4545 
6514 6684 1914 7697 7699 
6515 7699 7697 2659 7698 
6516 4545 7699 7698 1915 
6517 1026 7700 7703 7702 
6518 7700 1025 7601 7703 
6519 7703 7601 986 7701 
6520 7702 7703 7701 987 
6521 1637 7704 7706 7705 
6522 7704 1239 7485 7706 
6523 7706 7485 1238 7450 
6524 7705 7706 7450 1042 
6525 1209 5758 7710 7709 
6526 5758 1211 7707 7710 
6527 7710 7707 1403 7708 
6528 7709 7710 7708 2594 
6529 1746 7711 7713 6657 
6530 7711 1669 6537 7713 
6531 7713 6537 999 7712 
6532 6657 7713 7712 1552 
6533 2504 7714 7716 3319 
6534 7714 2755 7715 7716 
6535 7716 7715 1610 6034 
6536 3319 7716 6034 1747 
6537 1847 4418 7719 6278 
6538 4418 1849 7717 7719 
6539 7719 7717 1850 7718 
6540 6278 7719 7718 1848 
6541 1411 7066 7721 7720 
6542 7066 1350 7151 7721 
6543 7721 7151 1348 7646 
6544 7720 7721 7646 2562 
6545 1709 6704 7722 3762 
6546 6704 1136 7565 7722 
6547 7722 7565 1135 4857 
6548 3762 7722 4857 1000 
6549 2648 4088 7724 7723 
6550 4088 2592 7540 7724 
6551 7724 7540 2505 6499 
6552 7723 7724 6499 1531 
6553 1234 7239 7726 7160 
6554 7239 1193 7725 7726 
6555 7726 7725 2565 7368 
6556 7160 7726 7368 1235 
6557 1303 7727 7729 6730 
6558 7727 1357 7728 7729 
6559 7729 7728 2644 5821 
6560 6730 7729 5821 1301 
6561 1770 7730 7733 3250 
6562 7730 2772 7731 7733 
6563 7733 7731 1649 7732 
6564 3250 7733 7732 2026 
6565 1676 5754 7735 5839 
6566 5754 1675 7226 7735 
6567 7735 7226 2692 7734 
6568 5839 7735 7734 1677 
6569 2256 6962 7738 7737 
6570 6962 1015 7665 7738 
6571 7738 7665 1014 7736 
6572 7737 7738 7736 996 
6573 723 7739 7741 724 
6574 7739 2616 5731 7741 
6575 7741 5731 1185 7740 
6576 724 7741 7740 725 
6577 2111 6048 7743 4485 
6578 6048 2113 7742 7743 
6579 7743 7742 2864 3859 
6580 4485 7743 3859 2114 
6581 1651 7744 7746 6644 
6582 7744 1886 7745 7746 
6583 7746 7745 3020 3749 
6584 6644 7746 3749 1652 
6585 1721 7510 7750 7749 
6586 7510 1575 7747 7750 
6587 7750 7747 2585 7748 
6588 7749 7750 7748 1813 
6589 2004 7751 7753 6233 
6590 7751 1678 7752 7753 
6591 7753 7752 3005 7612 
6592 6233 7753 7612 2133 
6593 2399 5523 7755 7754 
6594 5523 2400 5455 7755 
6595 7755 5455 1041 3255 
6596 7754 7755 3255 2617 
6597 1904 7756 7758 7103 
6598 7756 2566 7757 7758 
6599 7758 7757 1058 7042 
6600 7103 7758 7042 1545 
6601 1568 7759 7762 7761 
6602 7759 1547 7760 7762 
6603 7762 7760 1468 7635 
6604 7761 7762 7635 958 
6605 384 385 7764 5207 
6606 385 386 7763 7764 
6607 7764 7763 2998 4433 
6608 5207 7764 4433 1169 
6609 995 7765 7769 7768 
6610 7765 963 7766 7769 
6611 7769 7766 950 7767 
6612 7768 7769 7767 962 
6613 1181 7770 7772 4587 
6614 7770 2003 7771 7772 
6615 7772 7771 2603 4111 
6616 4587 7772 4111 2002 
6617 1832 7145 7774 7773 
6618 7145 1568 7761 7774 
6619 7774 7761 958 7443 
6620 7773 7774 7443 2578 
6621 987 7701 7777 7776 
6622 7701 986 5103 7777 
6623 7777 5103 960 7775 
6624 7776 7777 7775 961 
6625 2165 3605 7780 5223 
6626 3605 2305 7778 7780 
6627 7780 7778 2968 7779 
6628 5223 7780 7779 2304 
6629 1192 5483 7782 7281 
6630 5483 2561 7781 7782 
6631 7782 7781 1073 7156 
6632 7281 7782 7156 1075 
6633 2361 3074 7784 3449 
6634 3074 1939 7783 7784 
6635 7784 7783 1940 3403 
6636 3449 7784 3403 2601 
6637 1629 7785 7786 6366 
6638 7785 1804 7372 7786 
6639 7786 7372 2762 3742 
6640 6366 7786 3742 1748 
6641 2429 4690 7788 4994 
6642 4690 1673 7208 7788 
6643 7788 7208 997 7787 
6644 4994 7788 7787 2822 
6645 1611 6363 7791 7790 
6646 6363 2481 7789 7791 
6647 7791 7789 2600 3347 
6648 7790 7791 3347 1803 
6649 1596 6971 7793 6907 
6650 6971 2574 7792 7793 
6651 7793 7792 1137 6910 
6652 6907 7793 6910 1139 
6653 2205 5152 7797 7796 
6654 5152 2204 7794 7797 
6655 7797 7794 2840 7795 
6656 7796 7797 7795 2209 
6657 1512 5357 7800 6534 
6658 5357 1541 7798 7800 
6659 7800 7798 2920 7799 
6660 6534 7800 7799 2516 
6661 1426 7801 7805 7804 
6662 7801 1650 7802 7805 
6663 7805 7802 1796 7803 
6664 7804 7805 7803 1795 
6665 1855 6396 7808 7807 
6666 6396 2650 5943 7808 
6667 7808 5943 2149 7806 
6668 7807 7808 7806 2719 
6669 2833 7809 7812 7811 
6670 7809 2154 6042 7812 
6671 7812 6042 2157 7810 
6672 7811 7812 7810 2807 
6673 1964 7813 7815 7170 
6674 7813 619 618 7815 
6675 7815 618 617 7814 
6676 7170 7815 7814 2723 
6677 2978 7816 7819 7818 
6678 7816 2913 7817 7819 
6679 7819 7817 295 296 
6680 7818 7819 296 297 
6681 2090 3898 7822 3864 
6682 3898 1683 7820 7822 
6683 7822 7820 1622 7821 
6684 3864 7822 7821 2932 
6685 24 7823 7826 672 
6686 7823 969 7824 7826 
6687 7826 7824 2654 7825 
6688 672 7826 7825 673 
6689 1910 3107 7828 6706 
6690 3107 3027 7827 7828 
6691 7828 7827 1914 6683 
6692 6706 7828 6683 1912 
6693 2970 3462 7832 7831 
6694 3462 1979 7829 7832 
6695 7832 7829 1685 7830 
6696 7831 7832 7830 1978 
6697 1149 7578 7833 6878 
6698 7578 1148 7590 7833 
6699 7833 7590 2557 6834 
6700 6878 7833 6834 1150 
6701 952 7834 7838 7837 
6702 7834 943 7835 7838 
6703 7838 7835 942 7836 
6704 7837 7838 7836 951 
6705 721 7839 7840 722 
6706 7839 948 3223 7840 
6707 7840 3223 2616 7739 
6708 722 7840 7739 723 
6709 1572 6282 7842 6476 
6710 6282 1400 7841 7842 
6711 7842 7841 2577 7688 
6712 6476 7842 7688 1582 
6713 1071 7317 7845 7844 
6714 7317 1073 7781 7845 
6715 7845 7781 2561 7843 
6716 7844 7845 7843 1126 
6717 1608 7846 7850 7849 
6718 7846 1609 7847 7850 
6719 7850 7847 2676 7848 
6720 7849 7850 7848 990 
6721 1783 7851 7854 7853 
6722 7851 2018 4465 7854 
6723 7854 4465 2906 7852 
6724 7853 7854 7852 2017 
6725 2082 4970 7855 3999 
6726 4970 2619 4366 7855 
6727 7855 4366 2077 4231 
6728 3999 7855 4231 2068 
6729 1855 7856 7859 7858 
6730 7856 1851 7857 7859 
6731 7859 7857 1850 7717 
6732 7858 7859 7717 1849 
6733 2586 5767 7861 7638 
6734 5767 2051 4990 7861 
6735 7861 4990 2050 7860 
6736 7638 7861 7860 2611 
6737 2970 7831 7864 7000 
6738 7831 1978 7862 7864 
6739 7864 7862 3000 7863 
6740 7000 7864 7863 1397 
6741 653 3876 7865 654 
6742 3876 1004 3246 7865 
6743 7865 3246 2618 6995 
6744 654 7865 6995 655 
6745 1246 3555 7868 7122 
6746 3555 1445 7866 7868 
6747 7868 7866 2770 7867 
6748 7122 7868 7867 1244 
6749 961 7775 7872 7871 
6750 7775 960 7869 7872 
6751 7872 7869 951 7870 
6752 7871 7872 7870 953 
6753 2432 5853 7875 7874 
6754 5853 1589 7873 7875 
6755 7875 7873 2747 3439 
6756 7874 7875 3439 2433 
6757 2392 6666 7878 7877 
6758 6666 2757 7876 7878 
6759 7878 7876 545 544 
6760 7877 7878 544 543 
6761 1059 7307 7879 7254 
6762 7307 1058 7757 7879 
6763 7879 7757 2566 7674 
6764 7254 7879 7674 1063 
6765 2350 3405 7880 4600 
6766 3405 2627 6428 7880 
6767 7880 6428 2348 4943 
6768 4600 7880 4943 2349 
6769 499 498 7884 7883 
6770 498 497 7881 7884 
6771 7884 7881 2982 7882 
6772 7883 7884 7882 1082 
6773 1340 7885 7886 5368 
6774 7885 1356 3088 7886 
6775 7886 3088 2598 7684 
6776 5368 7886 7684 1342 
6777 151 5446 7888 150 
6778 5446 1038 7391 7888 
6779 7888 7391 2768 7887 
6780 150 7888 7887 149 
6781 667 3905 7890 668 
6782 3905 1973 7889 7890 
6783 7890 7889 2706 3550 
6784 668 7890 3550 669 
6785 2756 7891 7893 7892 
6786 7891 2025 3598 7893 
6787 7893 3598 1579 7506 
6788 7892 7893 7506 2717 
6789 324 4823 7895 323 
6790 4823 1134 7894 7895 
6791 7895 7894 2632 7088 
6792 323 7895 7088 322 
6793 725 7740 7898 726 
6794 7740 1185 7896 7898 
6795 7898 7896 1412 7897 
6796 726 7898 7897 27 
6797 2398 3440 7900 5315 
6798 3440 2747 7899 7900 
6799 7900 7899 2435 5574 
6800 5315 7900 5574 1864 
6801 1258 6271 7902 4653 
6802 6271 1231 7901 7902 
6803 7902 7901 2883 3472 
6804 4653 7902 3472 1435 
6805 1856 3536 7905 7904 
6806 3536 2126 4871 7905 
6807 7905 4871 1170 7903 
6808 7904 7905 7903 2743 
6809 1780 7906 7909 7908 
6810 7906 1468 7760 7909 
6811 7909 7760 1547 7907 
6812 7908 7909 7907 1554 
6813 1658 5417 7911 5409 
6814 5417 1984 7910 7911 
6815 7911 7910 2742 7525 
6816 5409 7911 7525 2371 
6817 1992 4233 7913 3640 
6818 4233 2829 7912 7913 
6819 7913 7912 1592 4318 
6820 3640 7913 4318 1807 
6821 1887 5181 7916 7915 
6822 5181 2425 3930 7916 
6823 7916 3930 1088 7914 
6824 7915 7916 7914 2655 
6825 1568 7144 7919 7759 
6826 7144 1620 7917 7919 
6827 7919 7917 2563 7918 
6828 7759 7919 7918 1547 
6829 1065 7460 7922 7409 
6830 7460 2538 7920 7922 
6831 7922 7920 2569 7921 
6832 7409 7922 7921 1047 
6833 2882 7923 7926 3714 
6834 7923 1974 7924 7926 
6835 7926 7924 1591 7925 
6836 3714 7926 7925 1900 
6837 2716 6788 7928 7342 
6838 6788 2657 7927 7928 
6839 7928 7927 1893 7031 
6840 7342 7928 7031 2035 
6841 1985 7929 7931 6986 
6842 7929 1873 3670 7931 
6843 7931 3670 2794 7930 
6844 6986 7931 7930 1986 
6845 2128 7932 7935 7934 
6846 7932 2937 7933 7935 
6847 7935 7933 334 335 
6848 7934 7935 335 336 
6849 949 7936 7940 7939 
6850 7936 950 7937 7940 
6851 7940 7937 1569 7938 
6852 7939 7940 7938 946 
6853 1773 6200 7943 7942 
6854 6200 1876 7941 7943 
6855 7943 7941 2671 7335 
6856 7942 7943 7335 1972 
6857 1839 3153 7945 4048 
6858 3153 2228 5390 7945 
6859 7945 5390 1841 7944 
6860 4048 7945 7944 2971 
6861 1046 7192 7947 6964 
6862 7192 1047 7921 7947 
6863 7947 7921 2569 7946 
6864 6964 7947 7946 1031 
6865 639 7948 7951 5466 
6866 7948 2835 7949 7951 
6867 7951 7949 2914 7950 
6868 5466 7951 7950 2415 
6869 1854 7952 7956 7955 
6870 7952 1852 7953 7956 
6871 7956 7953 1851 7954 
6872 7955 7956 7954 1853 
6873 2387 5489 7958 5470 
6874 5489 2388 7957 7958 
6875 7958 7957 2631 7058 
6876 5470 7958 7058 1983 
6877 1550 7959 7961 6067 
6878 7959 1682 5869 7961 
6879 7961 5869 2750 7960 
6880 6067 7961 7960 1681 
6881 1544 7962 7963 6829 
6882 7962 2585 7747 7963 
6883 7963 7747 1575 7500 
6884 6829 7963 7500 1396 
6885 2498 3896 7965 5219 
6886 3896 2595 7964 7965 
6887 7965 7964 1092 7523 
6888 5219 7965 7523 1124 
6889 1089 7966 7967 7256 
6890 7966 2571 5549 7967 
6891 7967 5549 1232 7283 
6892 7256 7967 7283 1118 
6893 1805 7968 7971 7514 
6894 7968 1806 7969 7971 
6895 7971 7969 2589 7970 
6896 7514 7971 7970 1587 
6897 1016 7664 7973 7449 
6898 7664 1031 7946 7973 
6899 7973 7946 2569 7972 
6900 7449 7973 7972 1042 
6901 1631 7974 7977 3934 
6902 7974 1630 7975 7977 
6903 7977 7975 1551 7976 
6904 3934 7977 7976 989 
6905 2276 3123 7980 5023 
6906 3123 2277 7978 7980 
6907 7980 7978 2993 7979 
6908 5023 7980 7979 2274 
6909 1346 6736 7981 7598 
6910 6736 1344 7685 7981 
6911 7981 7685 2598 3563 
6912 7598 7981 3563 2587 
6913 1790 7397 7983 7458 
6914 7397 2584 7982 7983 
6915 7983 7982 1105 7437 
6916 7458 7983 7437 1133 
6917 1903 7984 7986 7473 
6918 7984 1835 4410 7986 
6919 7986 4410 1861 7985 
6920 7473 7986 7985 2656 
6921 1738 7987 7988 7116 
6922 7987 1608 7849 7988 
6923 7988 7849 990 5043 
6924 7116 7988 5043 1528 
6925 985 6754 7990 6229 
6926 6754 2993 7978 7990 
6927 7990 7978 2277 7989 
6928 6229 7990 7989 2462 
6929 745 744 7994 7993 
6930 744 743 7991 7994 
6931 7994 7991 2983 7992 
6932 7993 7994 7992 2858 
6933 1898 7995 7997 3164 
6934 7995 2669 7996 7997 
6935 7997 7996 1542 4979 
6936 3164 7997 4979 2150 
6937 2037 6746 8000 3979 
6938 6746 2036 7998 8000 
6939 8000 7998 2801 7999 
6940 3979 8000 7999 1013 
6941 2327 8001 8003 3841 
6942 8001 2326 5331 8003 
6943 8003 5331 2323 8002 
6944 3841 8003 8002 2803 
6945 1290 8004 8007 4762 
6946 8004 1359 8005 8007 
6947 8007 8005 2677 8006 
6948 4762 8007 8006 1292 
6949 2691 8008 8010 7118 
6950 8008 1791 3868 8010 
6951 8010 3868 2777 8009 
6952 7118 8010 8009 2214 
6953 587 586 8014 8013 
6954 586 585 8011 8014 
6955 8014 8011 2651 8012 
6956 8013 8014 8012 2713 
6957 1744 7181 8015 7286 
6958 7181 1742 7670 8015 
6959 8015 7670 2556 7427 
6960 7286 8015 7427 2612 
6961 1195 7228 8016 7396 
6962 7228 1107 7361 8016 
6963 8016 7361 1105 7982 
6964 7396 8016 7982 2584 
6965 957 4303 8018 7483 
6966 4303 1822 8017 8018 
6967 8018 8017 2798 3174 
6968 7483 8018 3174 1941 
6969 1518 8019 8021 5309 
6970 8019 1522 7038 8021 
6971 8021 7038 2973 8020 
6972 5309 8021 8020 1520 
6973 565 566 8022 3889 
6974 566 567 6059 8022 
6975 8022 6059 2443 3356 
6976 3889 8022 3356 2630 
6977 1326 3238 8025 8024 
6978 3238 2263 3845 8025 
6979 8025 3845 2475 8023 
6980 8024 8025 8023 2981 
6981 597 7264 8027 598 
6982 7264 2634 8026 8027 
6983 8027 8026 983 6953 
6984 598 8027 6953 599 
6985 2249 4554 8030 4353 
6986 4554 1247 8028 8030 
6987 8030 8028 2986 8029 
6988 4353 8030 8029 2909 
6989 1606 8031 8035 8034 
6990 8031 1405 8032 8035 
6991 8035 8032 2589 8033 
6992 8034 8035 8033 1717 
6993 1735 5258 8038 8037 
6994 5258 1734 8036 8038 
6995 8038 8036 2669 7995 
6996 8037 8038 7995 1898 
6997 2022 8039 8041 7302 
6998 8039 2023 3675 8041 
6999 8041 3675 2792 8040 
7000 7302 8041 8040 1821 
7001 2125 8042 8043 4671 
7002 8042 2243 4065 8043 
7003 8043 4065 2743 7903 
7004 4671 8043 7903 1170 
7005 1959 5914 8045 6381 
7006 5914 1960 8044 8045 
7007 8045 8044 2776 3622 
7008 6381 8045 3622 1875 
7009 1201 5782 8047 6015 
7010 5782 1202 6502 8047 
7011 8047 6502 2639 8046 
7012 6015 8047 8046 2424 
7013 1082 7882 8049 3122 
7014 7882 2982 8048 8049 
7015 8049 8048 2462 7989 
7016 3122 8049 7989 2277 
7017 2565 8050 8053 7369 
7018 8050 2697 8051 8053 
7019 8053 8051 2820 8052 
7020 7369 8053 8052 1707 
7021 2281 8054 8056 4387 
7022 8054 2282 3489 8056 
7023 8056 3489 2885 8055 
7024 4387 8056 8055 1662 
7025 2045 8057 8059 7560 
7026 8057 956 7474 8059 
7027 8059 7474 2656 8058 
7028 7560 8059 8058 2741 
7029 999 3785 8062 7712 
7030 3785 16 8060 8062 
7031 8062 8060 2652 8061 
7032 7712 8062 8061 1552 
7033 2244 4360 8065 5485 
7034 4360 1732 8063 8065 
7035 8065 8063 3020 8064 
7036 5485 8065 8064 2528 
7037 2034 8066 8069 8068 
7038 8066 2848 8067 8069 
7039 8069 8067 527 526 
7040 8068 8069 526 525 
7041 1253 7293 8070 6893 
7042 7293 1157 7284 8070 
7043 8070 7284 1232 3274 
7044 6893 8070 3274 2610 
7045 1942 4815 8073 8072 
7046 4815 187 188 8073 
7047 8073 188 189 8071 
7048 8072 8073 8071 2984 
7049 1092 7964 8075 6803 
7050 7964 2595 3895 8075 
7051 8075 3895 1233 8074 
7052 6803 8075 8074 1094 
7053 1772 6722 8077 6793 
7054 6722 1669 7711 8077 
7055 8077 7711 1746 8076 
7056 6793 8077 8076 2622 
7057 1816 7165 8080 8079 
7058 7165 2470 7488 8080 
7059 8080 7488 2962 8078 
7060 8079 8080 8078 2857 
7061 1683 6223 8083 8082 
7062 6223 2091 6408 8083 
7063 8083 6408 2092 8081 
7064 8082 8083 8081 2916 
7065 1595 7377 8086 8085 
7066 7377 1692 8084 8086 
7067 8086 8084 2585 7962 
7068 8085 8086 7962 1544 
7069 535 534 8089 8088 
7070 534 533 8087 8089 
7071 8089 8087 2844 7328 
7072 8088 8089 7328 1011 
7073 2572 7383 8092 7363 
7074 7383 1769 8090 8092 
7075 8092 8090 2808 8091 
7076 7363 8092 8091 1966 
7077 1563 7615 8096 8095 
7078 7615 1447 8093 8096 
7079 8096 8093 969 8094 
7080 8095 8096 8094 1446 
7081 1209 7709 8098 3127 
7082 7709 2594 8097 8098 
7083 8098 8097 3001 7694 
7084 3127 8098 7694 2247 
7085 989 7976 8101 3891 
7086 7976 1551 8099 8101 
7087 8101 8099 2651 8100 
7088 3891 8101 8100 19 
7089 735 4113 8103 736 
7090 4113 1001 6409 8103 
7091 8103 6409 3015 8102 
7092 736 8103 8102 737 
7093 2392 7877 8106 8105 
7094 7877 543 542 8106 
7095 8106 542 541 8104 
7096 8105 8106 8104 2866 
7097 2123 8107 8109 6686 
7098 8107 711 710 8109 
7099 8109 710 709 8108 
7100 6686 8109 8108 2881 
7101 1765 6715 8110 6926 
7102 6715 2085 6020 8110 
7103 8110 6020 2623 7626 
7104 6926 8110 7626 1764 
7105 1972 7337 8113 8112 
7106 7337 141 142 8113 
7107 8113 142 143 8111 
7108 8112 8113 8111 2992 
7109 1545 7041 8114 7100 
7110 7041 2513 4255 8114 
7111 8114 4255 2608 7558 
7112 7100 8114 7558 2534 
7113 593 592 8117 8116 
7114 592 591 8115 8117 
7115 8117 8115 2952 6585 
7116 8116 8117 6585 2436 
7117 521 8118 8121 522 
7118 8118 1034 8119 8121 
7119 8121 8119 2904 8120 
7120 522 8121 8120 523 
7121 1009 3381 8123 3158 
7122 3381 2782 8122 8123 
7123 8123 8122 2407 7107 
7124 3158 8123 7107 2409 
7125 1730 5623 8125 5979 
7126 5623 1778 8124 8125 
7127 8125 8124 3008 6458 
7128 5979 8125 6458 1865 
7129 237 238 8128 8127 
7130 238 12 278 8128 
7131 8128 278 279 8126 
7132 8127 8128 8126 2884 
7133 2774 8129 8133 8132 
7134 8129 2773 8130 8133 
7135 8133 8130 1062 8131 
7136 8132 8133 8131 2718 
7137 2326 8001 8135 3040 
7138 8001 2327 3914 8135 
7139 8135 3914 2936 8134 
7140 3040 8135 8134 1567 
7141 474 475 8137 3488 
7142 475 13 239 8137 
7143 8137 239 240 8136 
7144 3488 8137 8136 2885 
7145 1836 7581 8139 8138 
7146 7581 1554 7907 8139 
7147 8139 7907 1547 7918 
7148 8138 8139 7918 2563 
7149 1403 8140 8143 8142 
7150 8140 2958 8141 8143 
7151 8143 8141 2176 5984 
7152 8142 8143 5984 2178 
7153 1413 6601 8146 8145 
7154 6601 1623 8144 8146 
7155 8146 8144 1650 7801 
7156 8145 8146 7801 1426 
7157 1787 5055 8148 4195 
7158 5055 1639 8147 8148 
7159 8148 8147 2715 7611 
7160 4195 8148 7611 1888 
7161 2825 8149 8151 3133 
7162 8149 2304 7779 8151 
7163 8151 7779 2968 8150 
7164 3133 8151 8150 993 
7165 2217 7203 8154 8153 
7166 7203 2991 8152 8154 
7167 8154 8152 145 146 
7168 8153 8154 146 147 
7169 2016 5345 8156 7261 
7170 5345 2520 5532 8156 
7171 8156 5532 1739 8155 
7172 7261 8156 8155 2675 
7173 1546 8157 8158 4957 
7174 8157 2661 7624 8158 
7175 8158 7624 1323 5444 
7176 4957 8158 5444 1325 
7177 1802 5988 8161 8160 
7178 5988 1801 8159 8161 
7179 8161 8159 2843 3115 
7180 8160 8161 3115 1829 
7181 2578 7442 8163 8162 
7182 7442 675 674 8163 
7183 8163 674 673 7825 
7184 8162 8163 7825 2654 
7185 2604 8164 8166 7466 
7186 8164 2696 8165 8166 
7187 8166 8165 3022 6504 
7188 7466 8166 6504 2055 
7189 2558 8167 8169 7605 
7190 8167 2633 8168 8169 
7191 8169 8168 1728 6797 
7192 7605 8169 6797 1726 
7193 697 696 8171 6098 
7194 696 695 7248 8171 
7195 8171 7248 2643 8170 
7196 6098 8171 8170 994 
7197 2953 8172 8176 8175 
7198 8172 2311 8173 8176 
7199 8176 8173 2892 8174 
7200 8175 8176 8174 2485 
7201 963 7765 8180 8179 
7202 7765 995 8177 8180 
7203 8180 8177 2590 8178 
7204 8179 8180 8178 996 
7205 2738 8181 8183 3814 
7206 8181 2229 4104 8183 
7207 8183 4104 2779 8182 
7208 3814 8183 8182 1421 
7209 1224 5706 8185 5827 
7210 5706 1225 3579 8185 
7211 8185 3579 2788 8184 
7212 5827 8185 8184 1223 
7213 991 5898 8188 3674 
7214 5898 2014 8186 8188 
7215 8188 8186 1820 8187 
7216 3674 8188 8187 2792 
7217 1328 8189 8191 5092 
7218 8189 1389 3301 8191 
7219 8191 3301 2847 8190 
7220 5092 8191 8190 1330 
7221 1315 5787 8194 5946 
7222 5787 1314 8192 8194 
7223 8194 8192 2809 8193 
7224 5946 8194 8193 1316 
7225 2351 7249 8196 3035 
7226 7249 693 692 8196 
7227 8196 692 691 8195 
7228 3035 8196 8195 3025 
7229 1265 6004 8198 5879 
7230 6004 1264 8197 8198 
7231 8198 8197 2821 7550 
7232 5879 8198 7550 1266 
7233 2879 8199 8202 8201 
7234 8199 1666 7096 8202 
7235 8202 7096 1242 8200 
7236 8201 8202 8200 2770 
7237 2311 8172 8204 3343 
7238 8172 2953 8203 8204 
7239 8204 8203 1282 5888 
7240 3343 8204 5888 1454 
7241 1405 7354 8205 8032 
7242 7354 1404 7498 8205 
7243 8205 7498 1587 7970 
7244 8032 8205 7970 2589 
7245 593 8206 8207 594 
7246 8206 998 3483 8207 
7247 8207 3483 2649 7265 
7248 594 8207 7265 595 
7249 2178 8208 8209 8142 
7250 8208 3001 8097 8209 
7251 8209 8097 2594 7708 
7252 8142 8209 7708 1403 
7253 2455 7662 8211 3656 
7254 7662 2694 8210 8211 
7255 8211 8210 1057 7305 
7256 3656 8211 7305 1059 
7257 2237 3772 8212 5636 
7258 3772 2536 7402 8212 
7259 8212 7402 1103 3724 
7260 5636 8212 3724 3003 
7261 1824 8213 8216 8215 
7262 8213 1967 3854 8216 
7263 8216 3854 2855 8214 
7264 8215 8216 8214 1713 
7265 1564 5061 8219 4911 
7266 5061 1621 8217 8219 
7267 8219 8217 2916 8218 
7268 4911 8219 8218 1668 
7269 559 4176 8222 8221 
7270 4176 1062 8130 8222 
7271 8222 8130 2773 8220 
7272 8221 8222 8220 2721 
7273 1226 5846 8224 5705 
7274 5846 1227 8223 8224 
7275 8224 8223 2832 3580 
7276 5705 8224 3580 1225 
7277 1680 8225 8226 4402 
7278 8225 1799 7423 8226 
7279 8226 7423 2673 5295 
7280 4402 8226 5295 2303 
7281 2612 7426 8229 8228 
7282 7426 1256 6845 8229 
7283 8229 6845 2488 8227 
7284 8228 8229 8227 2638 
7285 1590 8230 8234 8233 
7286 8230 1591 8231 8234 
7287 8234 8231 2547 8232 
7288 8233 8234 8232 1402 
7289 1964 7491 8236 7813 
7290 7491 2877 8235 8236 
7291 8236 8235 621 620 
7292 7813 8236 620 619 
7293 1005 8237 8239 6806 
7294 8237 2695 8238 8239 
7295 8239 8238 2194 7002 
7296 6806 8239 7002 2567 
7297 2336 5085 8242 8241 
7298 5085 2335 8240 8242 
7299 8242 8240 2999 7653 
7300 8241 8242 7653 2337 
7301 315 316 8245 8244 
7302 316 14 317 8245 
7303 8245 317 318 8243 
7304 8244 8245 8243 2887 
7305 2770 7866 8248 8247 
7306 7866 1445 3991 8248 
7307 8248 3991 2931 8246 
7308 8247 8248 8246 2044 
7309 2124 3225 8249 4247 
7310 3225 2687 4419 8249 
7311 8249 4419 1847 6277 
7312 4247 8249 6277 1845 
7313 1046 6963 8251 7193 
7314 6963 2256 8250 8251 
7315 8251 8250 2784 5803 
7316 7193 8251 5803 1574 
7317 579 580 8252 7350 
7318 580 581 5044 8252 
7319 8252 5044 990 7848 
7320 7350 8252 7848 2676 
7321 1066 7545 8254 7586 
7322 7545 1067 8253 8254 
7323 8254 8253 2655 7914 
7324 7586 8254 7914 1088 
7325 1267 5880 8256 5832 
7326 5880 1266 7549 8256 
7327 8256 7549 2933 8255 
7328 5832 8256 8255 1268 
7329 1849 4420 8258 7858 
7330 4420 2286 8257 8258 
7331 8258 8257 2886 6397 
7332 7858 8258 6397 1855 
7333 2082 3660 8261 4971 
7334 3660 2083 8259 8261 
7335 8261 8259 2701 8260 
7336 4971 8261 8260 2635 
7337 2488 5259 8264 8227 
7338 5259 1735 8262 8264 
7339 8264 8262 2683 8263 
7340 8227 8264 8263 2638 
7341 276 277 8267 8266 
7342 277 11 80 8267 
7343 8267 80 81 8265 
7344 8266 8267 8265 2889 
7345 2434 8268 8270 6822 
7346 8268 2849 8269 8270 
7347 8270 8269 1399 6390 
7348 6822 8270 6390 1635 
7349 1761 6485 8273 8272 
7350 6485 1871 8271 8273 
7351 8273 8271 2641 4813 
7352 8272 8273 4813 1942 
7353 1189 8274 8276 7022 
7354 8274 1720 7258 8276 
7355 8276 7258 2675 8275 
7356 7022 8276 8275 2482 
7357 137 138 8278 5109 
7358 138 139 7336 8278 
7359 8278 7336 2671 8277 
7360 5109 8278 8277 978 
7361 1809 4280 8281 8280 
7362 4280 1955 8279 8281 
7363 8281 8279 2900 7385 
7364 8280 8281 7385 1954 
7365 997 7207 8284 8283 
7366 7207 1021 8282 8284 
7367 8284 8282 2590 8177 
7368 8283 8284 8177 995 
7369 701 8285 8287 702 
7370 8285 993 8150 8287 
7371 8287 8150 2968 8286 
7372 702 8287 8286 703 
7373 1724 5293 8289 7219 
7374 5293 2019 8288 8289 
7375 8289 8288 3013 6771 
7376 7219 8289 6771 1892 
7377 1768 5747 8291 8290 
7378 5747 2718 8131 8291 
7379 8291 8131 1062 4175 
7380 8290 8291 4175 2131 
7381 2007 8292 8294 7657 
7382 8292 2012 3369 8294 
7383 8294 3369 2761 8293 
7384 7657 8294 8293 1785 
7385 1873 7929 8297 8296 
7386 7929 1985 4324 8297 
7387 8297 4324 2665 8295 
7388 8296 8297 8295 1854 
7389 1405 8031 8299 7355 
7390 8031 1606 8298 8299 
7391 8299 8298 2647 6634 
7392 7355 8299 6634 1605 
7393 1546 5561 8300 8157 
7394 5561 2164 5764 8300 
7395 8300 5764 2167 4039 
7396 8157 8300 4039 2661 
7397 2364 7225 8303 8302 
7398 7225 1675 6474 8303 
7399 8303 6474 1642 8301 
7400 8302 8303 8301 2918 
7401 2261 3548 8305 4852 
7402 3548 2990 8304 8305 
7403 8305 8304 1433 3794 
7404 4852 8305 3794 2385 
7405 2950 6519 8309 8308 
7406 6519 2802 8306 8309 
7407 8309 8306 1055 8307 
7408 8308 8309 8307 1060 
7409 2582 8310 8311 4293 
7410 8310 2978 7818 8311 
7411 8311 7818 297 298 
7412 4293 8311 298 299 
7413 1021 7543 8315 8314 
7414 7543 1051 8312 8315 
7415 8315 8312 2602 8313 
7416 8314 8315 8313 1756 
7417 1590 8233 8319 8318 
7418 8233 1402 8316 8319 
7419 8319 8316 1388 8317 
7420 8318 8319 8317 952 
7421 1309 6102 8321 5504 
7422 6102 2352 3608 8321 
7423 8321 3608 2977 8320 
7424 5504 8321 8320 1425 
7425 2131 5053 8324 8290 
7426 5053 2320 8322 8324 
7427 8324 8322 3006 8323 
7428 8290 8324 8323 1768 
7429 2269 4929 8326 8325 
7430 4929 2271 3366 8326 
7431 8326 3366 2607 7063 
7432 8325 8326 7063 2944 
7433 1117 6218 8328 6837 
7434 6218 2483 4197 8328 
7435 8328 4197 3005 8327 
7436 6837 8328 8327 1184 
7437 2127 8329 8332 4337 
7438 8329 2775 8330 8332 
7439 8332 8330 2763 8331 
7440 4337 8332 8331 981 
7441 521 520 8336 8335 
7442 520 519 8333 8336 
7443 8336 8333 2737 8334 
7444 8335 8336 8334 2395 
7445 1682 7959 8338 3955 
7446 7959 1550 5955 8338 
7447 8338 5955 1687 8337 
7448 3955 8338 8337 2666 
7449 1127 4471 8339 7587 
7450 4471 2602 8312 8339 
7451 8339 8312 1051 7546 
7452 7587 8339 7546 1066 
7453 2902 3302 8341 4334 
7454 3302 1389 8340 8341 
7455 8341 8340 2981 8023 
7456 4334 8341 8023 2475 
7457 2200 5995 8343 4795 
7458 5995 2517 3358 8343 
7459 8343 3358 2927 8342 
7460 4795 8343 8342 2381 
7461 1923 5582 8344 5284 
7462 5582 1925 5637 8344 
7463 8344 5637 3003 3727 
7464 5284 8344 3727 2096 
7465 1183 8345 8347 7133 
7466 8345 1444 3791 8347 
7467 8347 3791 2787 8346 
7468 7133 8347 8346 1116 
7469 1316 8348 8350 5947 
7470 8348 1433 8304 8350 
7471 8350 8304 2990 8349 
7472 5947 8350 8349 1318 
7473 2240 6905 8352 8351 
7474 6905 2242 5870 8352 
7475 8352 5870 2769 3744 
7476 8351 8352 3744 2241 
7477 1398 7229 8354 7139 
7478 7229 1195 7395 8354 
7479 8354 7395 2645 8353 
7480 7139 8354 8353 1443 
7481 2288 8355 8358 8357 
7482 8355 1635 6393 8358 
7483 8358 6393 1584 8356 
7484 8357 8358 8356 2850 
7485 2041 4557 8360 3085 
7486 4557 2994 8359 8360 
7487 8360 8359 2426 6814 
7488 3085 8360 6814 2540 
7489 972 3048 8361 7199 
7490 3048 1966 8091 8361 
7491 8361 8091 2808 6850 
7492 7199 8361 6850 2724 
7493 2770 8247 8364 8201 
7494 8247 2044 8362 8364 
7495 8364 8362 1880 8363 
7496 8201 8364 8363 2879 
7497 2701 8365 8366 8260 
7498 8365 1411 7720 8366 
7499 8366 7720 2562 4972 
7500 8260 8366 4972 2635 
7501 2120 8367 8369 4632 
7502 8367 2573 3721 8369 
7503 8369 3721 2890 8368 
7504 4632 8369 8368 2119 
7505 2985 8370 8373 8372 
7506 8370 2766 8371 8373 
7507 8373 8371 1797 6948 
7508 8372 8373 6948 2591 
7509 2552 8374 8376 3298 
7510 8374 1650 8144 8376 
7511 8376 8144 1623 8375 
7512 3298 8376 8375 2575 
7513 1969 6213 8378 6462 
7514 6213 2786 8377 8378 
7515 8378 8377 1608 7987 
7516 6462 8378 7987 1738 
7517 1070 6606 8381 8380 
7518 6606 1414 3426 8381 
7519 8381 3426 2593 8379 
7520 8380 8381 8379 3004 
7521 1892 6770 8383 7217 
7522 6770 1893 7927 8383 
7523 8383 7927 2657 8382 
7524 7217 8383 8382 1731 
7525 1995 6766 8385 8384 
7526 6766 1918 6617 8385 
7527 8385 6617 1915 7698 
7528 8384 8385 7698 2659 
7529 1665 5329 8388 5233 
7530 5329 1857 8386 8388 
7531 8388 8386 2945 8387 
7532 5233 8388 8387 1859 
7533 2545 6885 8391 6275 
7534 6885 1779 8389 8391 
7535 8391 8389 2732 8390 
7536 6275 8391 8390 2450 
7537 2622 8076 8392 7006 
7538 8076 1746 6656 8392 
7539 8392 6656 1867 3196 
7540 7006 8392 3196 2663 
7541 2539 7648 8394 8393 
7542 7648 1741 7179 8394 
7543 8394 7179 1743 7406 
7544 8393 8394 7406 2653 
7545 1813 8395 8398 7749 
7546 8395 1950 8396 8398 
7547 8398 8396 2658 8397 
7548 7749 8398 8397 1721 
7549 1691 5748 8400 6351 
7550 5748 1768 8323 8400 
7551 8400 8323 3006 8399 
7552 6351 8400 8399 2472 
7553 2916 8081 8403 8218 
7554 8081 2092 8401 8403 
7555 8403 8401 2865 8402 
7556 8218 8403 8402 1668 
7557 1974 3756 8405 7924 
7558 3756 1975 8404 8405 
7559 8405 8404 2547 8231 
7560 7924 8405 8231 1591 
7561 2862 8406 8410 8409 
7562 8406 2298 8407 8410 
7563 8410 8407 2869 8408 
7564 8409 8410 8408 2664 
7565 2921 8411 8414 8413 
7566 8411 1714 6292 8414 
7567 8414 6292 1598 8412 
7568 8413 8414 8412 2922 
7569 993 8285 8415 3134 
7570 8285 701 700 8415 
7571 8415 700 699 7572 
7572 3134 8415 7572 2672 
7573 1214 6133 8417 5975 
7574 6133 1215 3435 8417 
7575 8417 3435 2942 8416 
7576 5975 8417 8416 1213 
7577 1678 7751 8419 6629 
7578 7751 2004 6680 8419 
7579 8419 6680 2888 8418 
7580 6629 8419 8418 1827 
7581 575 576 8422 8421 
7582 576 577 7349 8422 
7583 8422 7349 2668 8420 
7584 8421 8422 8420 1019 
7585 1288 6818 8424 7251 
7586 6818 1540 8423 8424 
7587 8424 8423 2988 3775 
7588 7251 8424 3775 2512 
7589 1717 8033 8427 8426 
7590 8033 2589 7969 8427 
7591 8427 7969 1806 8425 
7592 8426 8427 8425 2689 
7593 1262 6295 8431 8430 
7594 6295 2453 8428 8431 
7595 8431 8428 2855 8429 
7596 8430 8431 8429 1548 
7597 3017 8432 8435 8434 
7598 8432 2941 8433 8435 
7599 8435 8433 1612 4754 
7600 8434 8435 4754 2430 
7601 960 5106 8437 7869 
7602 5106 2606 8436 8437 
7603 8437 8436 952 7837 
7604 7869 8437 7837 951 
7605 2699 8438 8440 5340 
7606 8438 2698 8439 8440 
7607 8440 8439 1795 3811 
7608 5340 8440 3811 2295 
7609 1820 8186 8442 5841 
7610 8186 2014 7015 8442 
7611 8442 7015 2729 8441 
7612 5841 8442 8441 1897 
7613 2778 8443 8445 8444 
7614 8443 1305 6664 8445 
7615 8445 6664 1307 5502 
7616 8444 8445 5502 2863 
7617 1623 7470 8446 8375 
7618 7470 1685 7829 8446 
7619 8446 7829 1979 3299 
7620 8375 8446 3299 2575 
7621 2142 8447 8449 6077 
7622 8447 2734 8448 8449 
7623 8449 8448 2141 5029 
7624 6077 8449 5029 2139 
7625 1734 6549 8452 8036 
7626 6549 1883 8450 8452 
7627 8452 8450 2975 8451 
7628 8036 8452 8451 2669 
7629 2340 8453 8455 4599 
7630 8453 3011 8454 8455 
7631 8455 8454 2643 7247 
7632 4599 8455 7247 2351 
7633 1185 5730 8457 7896 
7634 5730 1413 8145 8457 
7635 8457 8145 1426 8456 
7636 7896 8457 8456 1412 
7637 950 7936 8459 7767 
7638 7936 949 4995 8459 
7639 8459 4995 2822 8458 
7640 7767 8459 8458 962 
7641 1620 7344 8462 7917 
7642 7344 1882 8460 8462 
7643 8462 8460 2736 8461 
7644 7917 8462 8461 2563 
7645 1339 3994 8464 4455 
7646 3994 2015 3958 8464 
7647 8464 3958 2813 8463 
7648 4455 8464 8463 1337 
7649 2175 8465 8468 8467 
7650 8465 2180 3433 8468 
7651 8468 3433 2678 8466 
7652 8467 8468 8466 2901 
7653 1881 3336 8470 7346 
7654 3336 2581 5822 8470 
7655 8470 5822 2644 8469 
7656 7346 8470 8469 1882 
7657 1410 6835 8471 6790 
7658 6835 2557 7589 8471 
7659 8471 7589 1731 8382 
7660 6790 8471 8382 2657 
7661 1245 7124 8473 3647 
7662 7124 1243 8472 8473 
7663 8473 8472 2986 8028 
7664 3647 8473 8028 1247 
7665 1783 8474 8476 7236 
7666 8474 1789 8475 8476 
7667 8476 8475 2676 7847 
7668 7236 8476 7847 1609 
7669 1578 6713 8478 6253 
7670 6713 2490 3952 8478 
7671 8478 3952 2666 8477 
7672 6253 8478 8477 1905 
7673 1229 6187 8481 5845 
7674 6187 2476 8479 8481 
7675 8481 8479 2872 8480 
7676 5845 8481 8480 1227 
7677 1251 6759 8484 7084 
7678 6759 1250 8482 8484 
7679 8484 8482 2880 8483 
7680 7084 8484 8483 1377 
7681 1113 3117 8486 4295 
7682 3117 2689 8425 8486 
7683 8486 8425 1806 8485 
7684 4295 8486 8485 2582 
7685 1474 6337 8489 6442 
7686 6337 1472 8487 8489 
7687 8489 8487 2791 8488 
7688 6442 8489 8488 1475 
7689 1920 6559 8491 6977 
7690 6559 1997 3242 8491 
7691 8491 3242 2753 8490 
7692 6977 8491 8490 2514 
7693 1215 6132 8493 3436 
7694 6132 1217 6695 8493 
7695 8493 6695 1523 8492 
7696 3436 8493 8492 2678 
7697 2459 7392 8495 8494 
7698 7392 1038 5448 8495 
7699 8495 5448 2396 6459 
7700 8494 8495 6459 3008 
7701 1852 7952 8498 8497 
7702 7952 1854 8295 8498 
7703 8498 8295 2665 8496 
7704 8497 8498 8496 1958 
7705 1356 7885 8500 3103 
7706 7885 1340 4620 8500 
7707 8500 4620 1338 8499 
7708 3103 8500 8499 2679 
7709 1633 7511 8501 6349 
7710 7511 1721 8397 8501 
7711 8501 8397 2658 3698 
7712 6349 8501 3698 1907 
7713 956 8057 8505 8504 
7714 8057 2045 8502 8505 
7715 8505 8502 2842 8503 
7716 8504 8505 8503 28 
7717 1286 4611 8507 6816 
7718 4611 1284 8506 8507 
7719 8507 8506 2953 8175 
7720 6816 8507 8175 2485 
7721 1813 7748 8510 8509 
7722 7748 2585 8084 8510 
7723 8510 8084 1692 8508 
7724 8509 8510 8508 2680 
7725 1296 8511 8513 6288 
7726 8511 1421 8182 8513 
7727 8513 8182 2779 8512 
7728 6288 8513 8512 1298 
7729 972 7198 8516 8515 
7730 7198 205 206 8516 
7731 8516 206 207 8514 
7732 8515 8516 8514 2684 
7733 2052 4089 8518 5225 
7734 4089 2648 8517 8518 
7735 8518 8517 2611 7860 
7736 5225 8518 7860 2050 
7737 2317 3907 8519 3734 
7738 3907 2712 7682 8519 
7739 8519 7682 1179 6780 
7740 3734 8519 6780 2525 
7741 2001 7424 8522 6584 
7742 7424 1799 8520 8522 
7743 8522 8520 2795 8521 
7744 6584 8522 8521 2436 
7745 1097 8523 8526 6181 
7746 8523 1098 8524 8526 
7747 8526 8524 2911 8525 
7748 6181 8526 8525 1099 
7749 2040 6255 8527 3311 
7750 6255 2510 3083 8527 
7751 8527 3083 1377 8483 
7752 3311 8527 8483 2880 
7753 1695 5682 8530 5573 
7754 5682 1811 8528 8530 
7755 8530 8528 2827 8529 
7756 5573 8530 8529 1812 
7757 1008 6612 8533 8532 
7758 6612 2576 7105 8533 
7759 8533 7105 2408 8531 
7760 8532 8533 8531 2828 
7761 2228 3152 8535 5391 
7762 3152 1815 8534 8535 
7763 8535 8534 1953 3466 
7764 5391 8535 3466 2810 
7765 1718 8536 8538 8537 
7766 8536 1956 3119 8538 
7767 8538 3119 3026 4080 
7768 8537 8538 4080 1957 
7769 2612 8228 8540 7287 
7770 8228 2638 8263 8540 
7771 8540 8263 2683 8539 
7772 7287 8540 8539 1823 
7773 2128 7934 8543 8542 
7774 7934 336 337 8543 
7775 8543 337 338 8541 
7776 8542 8543 8541 2801 
7777 1762 8544 8547 6357 
7778 8544 2690 8545 8547 
7779 8547 8545 3009 8546 
7780 6357 8547 8546 1874 
7781 1670 8548 8551 8550 
7782 8548 975 4452 8551 
7783 8551 4452 1553 8549 
7784 8550 8551 8549 1649 
7785 1931 6169 8553 3502 
7786 6169 1933 3144 8553 
7787 8553 3144 2896 8552 
7788 3502 8553 8552 2624 
7789 2195 5066 8554 3544 
7790 5066 2194 8238 8554 
7791 8554 8238 2695 3626 
7792 3544 8554 3626 2196 
7793 970 8555 8556 3577 
7794 8555 2690 8544 8556 
7795 8556 8544 1762 6027 
7796 3577 8556 6027 1980 
7797 1518 5186 8560 8559 
7798 5186 1517 8557 8560 
7799 8560 8557 2963 8558 
7800 8559 8560 8558 2705 
7801 2314 4967 8563 3055 
7802 4967 2313 8561 8563 
7803 8563 8561 2987 8562 
7804 3055 8563 8562 2315 
7805 1821 8564 8565 7301 
7806 8564 1677 7734 8565 
7807 8565 7734 2692 3474 
7808 7301 8565 3474 1896 
7809 2158 4441 8567 3950 
7810 4441 2685 8566 8567 
7811 8567 8566 1924 6642 
7812 3950 8567 6642 1929 
7813 2726 6580 8568 3125 
7814 6580 2707 7090 8568 
7815 8568 7090 499 7883 
7816 3125 8568 7883 1082 
7817 1026 7702 8571 8570 
7818 7702 987 8569 8571 
7819 8571 8569 2637 6918 
7820 8570 8571 6918 1054 
7821 601 6954 8573 602 
7822 6954 2620 3494 8573 
7823 8573 3494 2925 8572 
7824 602 8573 8572 603 
7825 1443 8353 8575 7036 
7826 8353 2645 8574 8575 
7827 8575 8574 2691 6178 
7828 7036 8575 6178 1645 
7829 1238 5075 8578 7451 
7830 5075 2422 8576 8578 
7831 8578 8576 2851 8577 
7832 7451 8578 8577 2542 
7833 1758 3420 8580 3866 
7834 3420 2647 8298 8580 
7835 8580 8298 1606 8579 
7836 3866 8580 8579 2711 
7837 2820 8051 8582 3139 
7838 8051 2697 8581 8582 
7839 8582 8581 2653 7405 
7840 3139 8582 7405 1877 
7841 2076 4380 8584 8583 
7842 4380 974 4398 8584 
7843 8584 4398 2231 3498 
7844 8583 8584 3498 2748 
7845 2498 6348 8585 3893 
7846 6348 1908 6552 8585 
7847 8585 6552 1909 6137 
7848 3893 8585 6137 2710 
7849 593 8116 8586 8206 
7850 8116 2436 8521 8586 
7851 8586 8521 2795 3484 
7852 8206 8586 3484 998 
7853 1739 6908 8587 8155 
7854 6908 1142 6900 8587 
7855 8587 6900 2482 8275 
7856 8155 8587 8275 2675 
7857 1818 6196 8590 6868 
7858 6196 2122 8588 8590 
7859 8590 8588 2759 8589 
7860 6868 8590 8589 1701 
7861 87 5046 8591 86 
7862 5046 1166 3240 8591 
7863 8591 3240 2704 7570 
7864 86 8591 7570 85 
7865 1761 8272 8593 6873 
7866 8272 1942 8072 8593 
7867 8593 8072 2984 8592 
7868 6873 8593 8592 2693 
7869 254 255 8597 8596 
7870 255 256 8594 8597 
7871 8597 8594 2912 8595 
7872 8596 8597 8595 1120 
7873 1531 4627 8598 7723 
7874 4627 2135 7639 8598 
7875 8598 7639 2611 8517 
7876 7723 8598 8517 2648 
7877 2526 3283 8600 7045 
7878 3283 2246 5961 8600 
7879 8600 5961 2245 8599 
7880 7045 8600 8599 2703 
7881 195 6749 8602 194 
7882 6749 2624 8552 8602 
7883 8602 8552 2896 8601 
7884 194 8602 8601 193 
7885 2437 6080 8604 3365 
7886 6080 1182 8603 8604 
7887 8604 8603 2815 7064 
7888 3365 8604 7064 2607 
7889 1702 4750 8607 6651 
7890 4750 1842 8605 8607 
7891 8607 8605 2965 8606 
7892 6651 8607 8606 2522 
7893 448 449 8611 8610 
7894 449 450 8608 8611 
7895 8611 8608 2702 8609 
7896 8610 8611 8609 2875 
7897 2213 8612 8614 4079 
7898 8612 2214 8009 8614 
7899 8614 8009 2777 8613 
7900 4079 8614 8613 1957 
7901 452 8615 8617 451 
7902 8615 2915 8616 8617 
7903 8617 8616 2702 8608 
7904 451 8617 8608 450 
7905 1455 4589 8619 4838 
7906 4589 2224 8618 8619 
7907 8619 8618 2939 3512 
7908 4838 8619 3512 2225 
7909 715 7464 8621 5942 
7910 7464 955 3668 8621 
7911 8621 3668 2854 8620 
7912 5942 8621 8620 2149 
7913 2229 8181 8622 4486 
7914 8181 2738 6076 8622 
7915 8622 6076 2138 4085 
7916 4486 8622 4085 2112 
7917 1023 4901 8623 3829 
7918 4901 2248 3186 8623 
7919 8623 3186 2703 8599 
7920 3829 8623 8599 2245 
7921 2602 4470 8625 8313 
7922 4470 2420 5800 8625 
7923 8625 5800 2784 8624 
7924 8313 8625 8624 1756 
7925 945 8626 8629 8628 
7926 8626 2733 8627 8629 
7927 8629 8627 1902 6708 
7928 8628 8629 6708 2846 
7929 1684 6604 8632 8631 
7930 6604 1862 8630 8632 
7931 8632 8630 2651 8099 
7932 8631 8632 8099 1551 
7933 2264 3394 8634 4438 
7934 3394 1049 7602 8634 
7935 8634 7602 1025 8633 
7936 4438 8634 8633 2751 
7937 2483 8635 8636 4198 
7938 8635 1860 4411 8636 
7939 8636 4411 1788 5056 
7940 4198 8636 5056 1787 
7941 1876 8637 8639 7941 
7942 8637 2895 8638 8639 
7943 8639 8638 978 8277 
7944 7941 8639 8277 2671 
7945 1879 3918 8642 8641 
7946 3918 1878 3694 8642 
7947 8642 3694 2853 8640 
7948 8641 8642 8640 2662 
7949 1055 7419 8644 8307 
7950 7419 1057 8210 8644 
7951 8644 8210 2694 8643 
7952 8307 8644 8643 1060 
7953 2027 5912 8646 8645 
7954 5912 1522 8019 8646 
7955 8646 8019 1518 8559 
7956 8645 8646 8559 2705 
7957 2243 8042 8648 6031 
7958 8042 2125 4868 8648 
7959 8648 4868 954 8647 
7960 6031 8648 8647 2739 
7961 1198 7054 8649 6725 
7962 7054 1130 5743 8649 
7963 8649 5743 971 7507 
7964 6725 8649 7507 1131 
7965 1884 3188 8652 8651 
7966 3188 1557 4926 8652 
7967 8652 4926 2289 8650 
7968 8651 8652 8650 2923 
7969 1795 8439 8654 7804 
7970 8439 2698 8653 8654 
7971 8654 8653 1412 8456 
7972 7804 8654 8456 1426 
7973 1776 3496 8656 7631 
7974 3496 2233 5129 8656 
7975 8656 5129 1020 8655 
7976 7631 8656 8655 2749 
7977 741 4283 8658 742 
7978 4283 1087 8657 8658 
7979 8658 8657 2983 7991 
7980 742 8658 7991 743 
7981 2388 6667 8660 7957 
7982 6667 2392 8105 8660 
7983 8660 8105 2866 8659 
7984 7957 8660 8659 2631 
7985 1429 6471 8661 6404 
7986 6471 1559 6234 8661 
7987 8661 6234 2709 7556 
7988 6404 8661 7556 1362 
7989 2032 8662 8665 8664 
7990 8662 2369 7329 8665 
7991 8665 7329 2844 8663 
7992 8664 8665 8663 2370 
7993 1862 6603 8667 8666 
7994 6603 1863 3332 8667 
7995 8667 3332 2673 7422 
7996 8666 8667 7422 2674 
7997 2423 7004 8668 5739 
7998 7004 2605 3627 8668 
7999 8668 3627 2695 8237 
8000 5739 8668 8237 1005 
8001 996 7736 8670 8179 
8002 7736 1014 7311 8670 
8003 8670 7311 2629 8669 
8004 8179 8670 8669 963 
8005 2337 7652 8673 8672 
8006 7652 2440 6099 8673 
8007 8673 6099 994 8671 
8008 8672 8673 8671 3024 
8009 589 588 8675 8674 
8010 588 587 8013 8675 
8011 8675 8013 2713 3592 
8012 8674 8675 3592 1081 
8013 2078 8676 8677 5305 
8014 8676 2755 7714 8677 
8015 8677 7714 2504 7047 
8016 5305 8677 7047 1777 
8017 2717 8678 8680 7892 
8018 8678 631 630 8680 
8019 8680 630 629 8679 
8020 7892 8680 8679 2756 
8021 2230 7434 8683 4740 
8022 7434 2646 8681 8683 
8023 8683 8681 2929 8682 
8024 4740 8683 8682 1175 
8025 2006 8684 8686 3277 
8026 8684 3014 8685 8686 
8027 8686 8685 1973 3904 
8028 3277 8686 3904 1053 
8029 981 8331 8687 6561 
8030 8331 2763 7119 8687 
8031 8687 7119 2214 8612 
8032 6561 8687 8612 2213 
8033 961 7871 8691 8690 
8034 7871 953 8688 8691 
8035 8691 8688 2842 8689 
8036 8690 8691 8689 1616 
8037 1387 3509 8692 5699 
8038 3509 2715 8147 8692 
8039 8692 8147 1639 4641 
8040 5699 8692 4641 1565 
8041 2934 8693 8696 4744 
8042 8693 1948 8694 8696 
8043 8696 8694 2772 8695 
8044 4744 8696 8695 2238 
8045 1718 8697 8698 8536 
8046 8697 1717 8426 8698 
8047 8698 8426 2689 3120 
8048 8536 8698 3120 1956 
8049 1921 5281 8700 4850 
8050 5281 2096 3726 8700 
8051 8700 3726 2955 8699 
8052 4850 8700 8699 2095 
8053 2460 3321 8703 6307 
8054 3321 2614 8701 8703 
8055 8703 8701 2918 8702 
8056 6307 8703 8702 1641 
8057 1094 8074 8705 7323 
8058 8074 1233 6516 8705 
8059 8705 6516 2789 8704 
8060 7323 8705 8704 1096 
8061 1786 6855 8707 7241 
8062 6855 1868 3028 8707 
8063 8707 3028 2688 8706 
8064 7241 8707 8706 2568 
8065 1708 6265 8709 8708 
8066 6265 2491 7067 8709 
8067 8709 7067 1411 8365 
8068 8708 8709 8365 2701 
8069 1365 5576 8710 5414 
8070 5576 2438 6789 8710 
8071 8710 6789 2716 7341 
8072 5414 8710 7341 2375 
8073 1274 5696 8712 7195 
8074 5696 1272 8711 8712 
8075 8712 8711 2936 3913 
8076 7195 8712 3913 2628 
8077 2292 4263 8715 5633 
8078 4263 2179 8713 8715 
8079 8715 8713 2907 8714 
8080 5633 8715 8714 2293 
8081 2396 5447 8716 6460 
8082 5447 153 154 8716 
8083 8716 154 155 7677 
8084 6460 8716 7677 2720 
8085 2480 3453 8718 5973 
8086 3453 1812 8529 8718 
8087 8718 8529 2827 8717 
8088 5973 8718 8717 2580 
8089 1554 7584 8721 7908 
8090 7584 1781 8719 8721 
8091 8721 8719 2867 8720 
8092 7908 8721 8720 1780 
8093 2268 4535 8724 8723 
8094 4535 2269 8325 8724 
8095 8724 8325 2944 8722 
8096 8723 8724 8722 2785 
8097 1717 8697 8726 8034 
8098 8697 1718 8725 8726 
8099 8726 8725 2711 8579 
8100 8034 8726 8579 1606 
8101 2048 3711 8727 4574 
8102 3711 2995 5156 8727 
8103 8727 5156 2551 3408 
8104 4574 8727 3408 964 
8105 1649 8549 8729 7732 
8106 8549 1553 4696 8729 
8107 8729 4696 2800 8728 
8108 7732 8729 8728 2026 
8109 1629 7027 8731 7785 
8110 7027 2554 8730 8731 
8111 8731 8730 2708 3823 
8112 7785 8731 3823 1804 
8113 1183 7277 8734 8345 
8114 7277 2509 8732 8734 
8115 8734 8732 3021 8733 
8116 8345 8734 8733 1444 
8117 2363 4651 8735 6227 
8118 4651 2364 8302 8735 
8119 8735 8302 2918 8701 
8120 6227 8735 8701 2614 
8121 971 5742 8736 7508 
8122 5742 633 632 8736 
8123 8736 632 631 8678 
8124 7508 8736 8678 2717 
8125 2855 3853 8739 8429 
8126 3853 2331 8737 8739 
8127 8739 8737 3018 8738 
8128 8429 8739 8738 1548 
8129 2649 5234 8741 7266 
8130 5234 1859 8387 8741 
8131 8741 8387 2945 8740 
8132 7266 8741 8740 2634 
8133 1171 7592 8742 6849 
8134 7592 201 202 8742 
8135 8742 202 203 7200 
8136 6849 8742 7200 2724 
8137 2074 3104 8744 5851 
8138 3104 2679 8499 8744 
8139 8744 8499 1338 8743 
8140 5851 8744 8743 2722 
8141 2255 4505 8746 3377 
8142 4505 1475 8488 8746 
8143 8746 8488 2791 8745 
8144 3377 8746 8745 2553 
8145 963 8669 8748 7766 
8146 8669 2629 8747 8748 
8147 8748 8747 1569 7937 
8148 7766 8748 7937 950 
8149 1423 8749 8750 6590 
8150 8749 2722 8743 8750 
8151 8750 8743 1338 4457 
8152 6590 8750 4457 1336 
8153 2915 8751 8753 8752 
8154 8751 984 4463 8753 
8155 8753 4463 2298 8406 
8156 8752 8753 8406 2862 
8157 615 8754 8755 616 
8158 8754 968 3650 8755 
8159 8755 3650 2723 7814 
8160 616 8755 7814 617 
8161 1854 7955 8757 8296 
8162 7955 1853 8756 8757 
8163 8757 8756 2854 3671 
8164 8296 8757 3671 1873 
8165 1635 8355 8760 6820 
8166 8355 2288 8758 8760 
8167 8760 8758 2895 8759 
8168 6820 8760 8759 2609 
8169 1831 3137 8763 8762 
8170 3137 2739 8647 8763 
8171 8763 8647 954 8761 
8172 8762 8763 8761 2876 
8173 1699 6053 8766 5771 
8174 6053 1951 8764 8766 
8175 8766 8764 2860 8765 
8176 5771 8766 8765 1843 
8177 2262 8767 8769 7388 
8178 8767 2989 8768 8769 
8179 8769 8768 2358 3729 
8180 7388 8769 3729 2997 
8181 1855 7807 8771 7856 
8182 7807 2719 8770 8771 
8183 8771 8770 1853 7954 
8184 7856 8771 7954 1851 
8185 2922 8772 8774 8413 
8186 8772 2342 3819 8774 
8187 8774 3819 2210 8773 
8188 8413 8774 8773 2921 
8189 957 8775 8776 4304 
8190 8775 2729 7014 8776 
8191 8776 7014 481 480 
8192 4304 8776 480 479 
8193 2250 4354 8778 3064 
8194 4354 2909 8777 8778 
8195 8778 8777 1239 7704 
8196 3064 8778 7704 1637 
8197 2432 7874 8781 6198 
8198 7874 2433 8779 8781 
8199 8781 8779 2824 8780 
8200 6198 8781 8780 2466 
8201 1663 3100 8783 8782 
8202 3100 2731 7453 8783 
8203 8783 7453 233 234 
8204 8782 8783 234 235 
8205 2145 8784 8785 7172 
8206 8784 2147 7535 8785 
8207 8785 7535 2841 4431 
8208 7172 8785 4431 2146 
8209 2985 8786 8788 8370 
8210 8786 1177 4873 8788 
8211 8788 4873 2290 8787 
8212 8370 8788 8787 2766 
8213 25 7636 8790 3361 
8214 7636 1468 7906 8790 
8215 8790 7906 1780 8789 
8216 3361 8790 8789 2621 
8217 1927 4725 8793 4008 
8218 4725 1926 8791 8793 
8219 8793 8791 2948 8792 
8220 4008 8793 8792 1928 
8221 340 8794 8795 339 
8222 8794 1013 7999 8795 
8223 8795 7999 2801 8541 
8224 339 8795 8541 338 
8225 2376 5297 8796 5643 
8226 5297 2238 8695 8796 
8227 8796 8695 2772 7730 
8228 5643 8796 7730 1770 
8229 2833 8797 8799 8798 
8230 8797 2501 6896 8799 
8231 8799 6896 1453 6466 
8232 8798 8799 6466 2826 
8233 301 7366 8800 4294 
8234 7366 2212 4081 8800 
8235 8800 4081 3026 3118 
8236 4294 8800 3118 1113 
8237 1089 7358 8802 7966 
8238 7358 1111 8801 8802 
8239 8802 8801 2787 5550 
8240 7966 8802 5550 2571 
8241 1470 5240 8803 6336 
8242 5240 1471 4467 8803 
8243 8803 4467 2791 8487 
8244 6336 8803 8487 1472 
8245 2223 4908 8805 4591 
8246 4908 1668 8402 8805 
8247 8805 8402 2865 8804 
8248 4591 8805 8804 2799 
8249 2219 5253 8807 7433 
8250 5253 1830 8806 8807 
8251 8807 8806 2929 8681 
8252 7433 8807 8681 2646 
8253 1193 7280 8809 7725 
8254 7280 1196 8808 8809 
8255 8809 8808 2697 8050 
8256 7725 8809 8050 2565 
8257 1632 6201 8811 6884 
8258 6201 1773 8810 8811 
8259 8811 8810 2732 8389 
8260 6884 8811 8389 1779 
8261 1773 7942 8813 8810 
8262 7942 1972 8112 8813 
8263 8813 8112 2992 8812 
8264 8810 8813 8812 2732 
8265 2877 7490 8816 8815 
8266 7490 2522 8606 8816 
8267 8816 8606 2965 8814 
8268 8815 8816 8814 1080 
8269 2410 6018 8819 8818 
8270 6018 2472 8399 8819 
8271 8819 8399 3006 8817 
8272 8818 8819 8817 2828 
8273 2120 4060 8821 8367 
8274 4060 2121 3631 8821 
8275 8821 3631 2870 8820 
8276 8367 8821 8820 2573 
8277 1871 8822 8824 8271 
8278 8822 2873 8823 8824 
8279 8824 8823 1044 7690 
8280 8271 8824 7690 2641 
8281 2893 8825 8828 8827 
8282 8825 2806 8826 8828 
8283 8828 8826 2574 6970 
8284 8827 8828 6970 1800 
8285 2401 5558 8829 4753 
8286 5558 2402 4181 8829 
8287 8829 4181 3017 8434 
8288 4753 8829 8434 2430 
8289 1594 5342 8830 5937 
8290 5342 2016 7260 8830 
8291 8830 7260 2849 8268 
8292 5937 8830 8268 2434 
8293 2535 3531 8832 8831 
8294 3531 2759 8588 8832 
8295 8832 8588 2122 4571 
8296 8831 8832 4571 2118 
8297 2356 8833 8834 3797 
8298 8833 2989 8767 8834 
8299 8834 8767 2262 4853 
8300 3797 8834 4853 2385 
8301 948 7839 8836 3594 
8302 7839 721 720 8836 
8303 8836 720 26 8835 
8304 3594 8836 8835 2764 
8305 18 8837 8839 5042 
8306 8837 2667 8838 8839 
8307 8839 8838 1825 7114 
8308 5042 8839 7114 1528 
8309 1011 7526 8841 8088 
8310 7526 2742 8840 8841 
8311 8841 8840 537 536 
8312 8088 8841 536 535 
8313 1292 8006 8844 5245 
8314 8006 2677 8842 8844 
8315 8844 8842 2745 8843 
8316 5245 8844 8843 1294 
8317 2022 8845 8847 8039 
8318 8845 2024 7061 8847 
8319 8847 7061 2815 8846 
8320 8039 8847 8846 2023 
8321 2578 8162 8850 7773 
8322 8162 2654 8848 8850 
8323 8850 8848 2746 8849 
8324 7773 8850 8849 1832 
8325 1792 4826 8853 8852 
8326 4826 2161 3967 8853 
8327 8853 3967 3010 8851 
8328 8852 8853 8851 2823 
8329 1072 8854 8855 3517 
8330 8854 3004 8379 8855 
8331 8855 8379 2593 6983 
8332 3517 8855 6983 2047 
8333 1713 6068 8857 8215 
8334 6068 1681 7960 8857 
8335 8857 7960 2750 8856 
8336 8215 8857 8856 1824 
8337 1498 5825 8858 5726 
8338 5825 2435 7899 8858 
8339 8858 7899 2747 7873 
8340 5726 8858 7873 1589 
8341 1651 5182 8861 7744 
8342 5182 1887 8859 8861 
8343 8861 8859 2964 8860 
8344 7744 8861 8860 1886 
8345 1067 6799 8864 8253 
8346 6799 1069 8862 8864 
8347 8864 8862 2728 8863 
8348 8253 8864 8863 2655 
8349 462 3431 8865 461 
8350 3431 2767 3387 8865 
8351 8865 3387 1003 4693 
8352 461 8865 4693 460 
8353 2240 8351 8866 4986 
8354 8351 2241 3743 8866 
8355 8866 3743 2762 7371 
8356 4986 8866 7371 1043 
8357 1905 8477 8869 8868 
8358 8477 2666 8337 8869 
8359 8869 8337 1687 8867 
8360 8868 8869 8867 2961 
8361 1936 3076 8872 8871 
8362 3076 2042 4121 8872 
8363 8872 4121 1061 8870 
8364 8871 8872 8870 2974 
8365 1767 7204 8874 5894 
8366 7204 2217 8873 8874 
8367 8874 8873 2768 7390 
8368 5894 8874 7390 1766 
8369 1674 8875 8876 6263 
8370 8875 1610 7715 8876 
8371 8876 7715 2755 8676 
8372 6263 8876 8676 2078 
8373 2483 6217 8879 8635 
8374 6217 1236 8877 8879 
8375 8879 8877 2940 8878 
8376 8635 8879 8878 1860 
8377 1530 3697 8881 4321 
8378 3697 2938 8880 8881 
8379 8881 8880 258 259 
8380 4321 8881 259 260 
8381 952 8436 8884 8318 
8382 8436 2606 8882 8884 
8383 8884 8882 2837 8883 
8384 8318 8884 8883 1590 
8385 3024 8671 8886 8885 
8386 8671 994 8170 8886 
8387 8886 8170 2643 8454 
8388 8885 8886 8454 3011 
8389 987 7776 8887 8569 
8390 7776 961 8690 8887 
8391 8887 8690 1616 4253 
8392 8569 8887 4253 2637 
8393 1646 6525 8889 8888 
8394 6525 1707 8052 8889 
8395 8889 8052 2820 3138 
8396 8888 8889 3138 1831 
8397 2515 7162 8891 6940 
8398 7162 2541 6329 8891 
8399 8891 6329 2730 8890 
8400 6940 8891 8890 1775 
8401 1735 8037 8893 8262 
8402 8037 1898 3163 8893 
8403 8893 3163 2780 8892 
8404 8262 8893 8892 2683 
8405 2539 8393 8894 7629 
8406 8393 2653 8581 8894 
8407 8894 8581 2697 8808 
8408 7629 8894 8808 1196 
8409 2053 4494 8895 7009 
8410 4494 1287 4475 8895 
8411 8895 4475 1289 7399 
8412 7009 8895 7399 2817 
8413 547 546 8896 3157 
8414 546 545 7876 8896 
8415 8896 7876 2757 3382 
8416 3157 8896 3382 1009 
8417 1028 3030 8898 5126 
8418 3030 2497 8897 8898 
8419 8898 8897 2766 8787 
8420 5126 8898 8787 2290 
8421 1823 8899 8900 7288 
8422 8899 1856 7904 8900 
8423 8900 7904 2743 4064 
8424 7288 8900 4064 1759 
8425 1690 5917 8901 5746 
8426 5917 2134 3880 8901 
8427 8901 3880 2774 8132 
8428 5746 8901 8132 2718 
8429 1775 8890 8904 8903 
8430 8890 2730 4006 8904 
8431 8904 4006 2076 8902 
8432 8903 8904 8902 2959 
8433 2555 3532 8907 7576 
8434 3532 2535 8905 8907 
8435 8907 8905 2890 8906 
8436 7576 8907 8906 1607 
8437 1670 8550 8909 8908 
8438 8550 1649 7731 8909 
8439 8909 7731 2772 8694 
8440 8908 8909 8694 1948 
8441 1305 8443 8911 6783 
8442 8443 2778 8910 8911 
8443 8911 8910 1357 7727 
8444 6783 8911 7727 1303 
8445 2281 8912 8914 8054 
8446 8912 2283 5068 8914 
8447 8914 5068 2765 8913 
8448 8054 8914 8913 2282 
8449 2422 5074 8917 8916 
8450 5074 1666 8199 8917 
8451 8917 8199 2879 8915 
8452 8916 8917 8915 2957 
8453 2309 5613 8920 8919 
8454 5613 2307 8918 8920 
8455 8920 8918 2841 7538 
8456 8919 8920 7538 2735 
8457 2863 5505 8923 8922 
8458 5505 1425 8320 8923 
8459 8923 8320 2977 8921 
8460 8922 8923 8921 1938 
8461 1421 8511 8924 3815 
8462 8511 1296 5792 8924 
8463 8924 5792 1294 8843 
8464 3815 8924 8843 2745 
8465 1949 3599 8927 8926 
8466 3599 2025 7891 8927 
8467 8927 7891 2756 8925 
8468 8926 8927 8925 1670 
8469 1070 8928 8930 6607 
8470 8928 1071 8929 8930 
8471 8930 8929 2728 8862 
8472 6607 8930 8862 1069 
8473 2282 8913 8931 3490 
8474 8913 2765 7679 8931 
8475 8931 7679 470 471 
8476 3490 8931 471 472 
8477 3020 7745 8933 8064 
8478 7745 1886 8860 8933 
8479 8933 8860 2964 8932 
8480 8064 8933 8932 2528 
8481 969 7823 8935 8094 
8482 7823 24 3551 8935 
8483 8935 3551 2706 8934 
8484 8094 8935 8934 1446 
8485 1670 8925 8936 8548 
8486 8925 2756 8679 8936 
8487 8936 8679 629 4453 
8488 8548 8936 4453 975 
8489 2075 4378 8938 6614 
8490 4378 1928 8792 8938 
8491 8938 8792 2948 8937 
8492 6614 8938 8937 2579 
8493 1914 7827 8939 7147 
8494 7827 3027 3110 8939 
8495 8939 3110 980 4300 
8496 7147 8939 4300 2215 
8497 2481 5772 8941 7789 
8498 5772 1843 8765 8941 
8499 8941 8765 2860 8940 
8500 7789 8941 8940 2600 
8501 2217 8153 8942 8873 
8502 8153 147 148 8942 
8503 8942 148 149 7887 
8504 8873 8942 7887 2768 
8505 2563 8461 8945 8138 
8506 8461 2736 8943 8945 
8507 8945 8943 2727 8944 
8508 8138 8945 8944 1836 
8509 1664 8946 8949 5278 
8510 8946 2831 8947 8949 
8511 8949 8947 2804 8948 
8512 5278 8949 8948 2291 
8513 2856 8950 8953 8952 
8514 8950 2734 8951 8953 
8515 8953 8951 2677 8005 
8516 8952 8953 8005 1359 
8517 2080 4208 8955 3663 
8518 4208 2084 5097 8955 
8519 8955 5097 2783 8954 
8520 3663 8955 8954 2083 
8521 1647 7642 8957 7167 
8522 7642 1755 8956 8957 
8523 8957 8956 2761 6509 
8524 7167 8957 6509 2670 
8525 1937 7417 8959 8958 
8526 7417 1837 7582 8959 
8527 8959 7582 1836 8944 
8528 8958 8959 8944 2727 
8529 2342 8772 8961 4533 
8530 8772 2922 8960 8961 
8531 8961 8960 1674 6262 
8532 4533 8961 6262 2949 
8533 2206 5908 8963 6649 
8534 5908 2208 8962 8963 
8535 8963 8962 2921 8773 
8536 6649 8963 8773 2210 
8537 1071 7844 8966 8929 
8538 7844 1126 8964 8966 
8539 8966 8964 2964 8965 
8540 8929 8966 8965 2728 
8541 2452 6008 8968 6055 
8542 6008 2466 8780 8968 
8543 8968 8780 2824 8967 
8544 6055 8968 8967 1952 
8545 1791 8008 8969 7457 
8546 8008 2691 8574 8969 
8547 8969 8574 2645 7394 
8548 7457 8969 7394 1790 
8549 2734 8950 8970 8448 
8550 8950 2856 3777 8970 
8551 8970 3777 2144 6074 
8552 8448 8970 6074 2141 
8553 1321 7623 8972 5459 
8554 7623 2740 4037 8972 
8555 8972 4037 2868 8971 
8556 5459 8972 8971 1524 
8557 970 4890 8974 8555 
8558 4890 2130 8973 8974 
8559 8974 8973 3009 8545 
8560 8555 8974 8545 2690 
8561 1230 5381 8976 8975 
8562 5381 2268 8723 8976 
8563 8976 8723 2785 5464 
8564 8975 8976 5464 1558 
8565 2405 5568 8977 5606 
8566 5568 2407 8122 8977 
8567 8977 8122 2782 7633 
8568 5606 8977 7633 2391 
8569 2283 8912 8979 3292 
8570 8912 2281 4386 8979 
8571 8979 4386 2284 8978 
8572 3292 8979 8978 2818 
8573 946 7531 8981 7939 
8574 7531 944 8980 8981 
8575 8981 8980 2845 4992 
8576 7939 8981 4992 949 
8577 1625 7184 8982 6742 
8578 7184 2507 5098 8982 
8579 8982 5098 2744 6942 
8580 6742 8982 6942 1891 
8581 23 5744 8985 8984 
8582 5744 1130 7053 8985 
8583 8985 7053 1810 8983 
8584 8984 8985 8983 2714 
8585 1243 7123 8987 8986 
8586 7123 1244 7867 8987 
8587 8987 7867 2770 8200 
8588 8986 8987 8200 1242 
8589 2621 8789 8989 6565 
8590 8789 1780 8720 8989 
8591 8989 8720 2867 8988 
8592 6565 8989 8988 2725 
8593 2317 3733 8991 3908 
8594 3733 2315 8562 8991 
8595 8991 8562 2987 8990 
8596 3908 8991 8990 2681 
8597 2028 8992 8994 5991 
8598 8992 2034 8993 8994 
8599 8994 8993 2776 8044 
8600 5991 8994 8044 1960 
8601 2951 8995 8997 8996 
8602 8995 2960 6903 8997 
8603 8997 6903 1176 4887 
8604 8996 8997 4887 2129 
8605 1783 7853 8999 8474 
8606 7853 2017 4915 8999 
8607 8999 4915 2838 8998 
8608 8474 8999 8998 1789 
8609 2530 6638 9001 3142 
8610 6638 2693 8592 9001 
8611 9001 8592 2984 9000 
8612 3142 9001 9000 1048 
8613 1514 6535 9003 5136 
8614 6535 2516 9002 9003 
8615 9003 9002 2963 8557 
8616 5136 9003 8557 1517 
8617 2509 7276 9007 9006 
8618 7276 1828 9004 9007 
8619 9007 9004 2869 9005 
8620 9006 9007 9005 2559 
8621 1982 7059 9009 3210 
8622 7059 2631 8659 9009 
8623 9009 8659 2866 9008 
8624 3210 9009 9008 1010 
8625 1715 6371 9010 6854 
8626 6371 1797 8371 9010 
8627 9010 8371 2766 8897 
8628 6854 9010 8897 2497 
8629 1095 7018 9012 5586 
8630 7018 2377 6888 9012 
8631 9012 6888 3012 9011 
8632 5586 9012 9011 1566 
8633 1423 6589 9015 9014 
8634 6589 1334 4517 9015 
8635 9015 4517 1332 9013 
8636 9014 9015 9013 2781 
8637 1312 6320 9019 9018 
8638 6320 1456 9016 9019 
8639 9019 9016 2807 9017 
8640 9018 9019 9017 2874 
8641 2422 8916 9022 8576 
8642 8916 2957 9020 9022 
8643 9022 9020 2662 9021 
8644 8576 9022 9021 2851 
8645 2439 5980 9024 5809 
8646 5980 2451 9023 9024 
8647 9024 9023 2827 8528 
8648 5809 9024 8528 1811 
8649 17 4858 9027 9026 
8650 4858 1135 7564 9027 
8651 9027 7564 1760 9025 
8652 9026 9027 9025 2686 
8653 1012 9028 9030 3520 
8654 9028 2905 9029 9030 
8655 9030 9029 2032 8664 
8656 3520 9030 8664 2370 
8657 1013 8794 9031 6522 
8658 8794 340 341 9031 
8659 9031 341 342 7447 
8660 6522 9031 7447 2790 
8661 623 9032 9034 624 
8662 9032 2467 9033 9034 
8663 9034 9033 2796 3416 
8664 624 9034 3416 625 
8665 1685 7469 9036 7830 
8666 7469 1844 9035 9036 
8667 9036 9035 3000 7862 
8668 7830 9036 7862 1978 
8669 1459 4805 9037 5994 
8670 4805 1792 8852 9037 
8671 9037 8852 2823 5596 
8672 5994 9037 5596 2199 
8673 2734 8447 9038 8951 
8674 8447 2142 3816 9038 
8675 9038 3816 2745 8842 
8676 8951 9038 8842 2677 
8677 1555 7129 9039 7140 
8678 7129 1701 8589 9039 
8679 9039 8589 2759 3530 
8680 7140 9039 3530 2493 
8681 1045 6748 9040 6172 
8682 6748 197 198 9040 
8683 9040 198 199 7593 
8684 6172 9040 7593 2793 
8685 2711 8725 9041 3867 
8686 8725 1718 8537 9041 
8687 9041 8537 1957 8613 
8688 3867 9041 8613 2777 
8689 2763 8330 9043 7120 
8690 8330 2775 9042 9043 
8691 9043 9042 1754 6176 
8692 7120 9043 6176 1817 
8693 519 518 9046 8333 
8694 518 517 9044 9046 
8695 9046 9044 2686 9045 
8696 8333 9046 9045 2737 
8697 1922 7082 9047 6641 
8698 7082 2514 8490 9047 
8699 9047 8490 2753 3948 
8700 6641 9047 3948 1929 
8701 1988 6987 9049 6689 
8702 6987 1986 7930 9049 
8703 9049 7930 2794 9048 
8704 6689 9049 9048 2123 
8705 2534 7561 9050 7101 
8706 7561 2741 8058 9050 
8707 9050 8058 2656 7985 
8708 7101 9050 7985 1861 
8709 1160 4786 9051 4245 
8710 4786 246 247 9051 
8711 9051 247 248 7223 
8712 4245 9051 7223 2797 
8713 1638 7495 9052 7382 
8714 7495 2570 6851 9052 
8715 9052 6851 2808 8090 
8716 7382 9052 8090 1769 
8717 1916 9053 9055 4547 
8718 9053 2094 9054 9055 
8719 9055 9054 2903 7667 
8720 4547 9055 7667 2093 
8721 1916 5100 9057 9053 
8722 5100 2095 8699 9057 
8723 9057 8699 2955 9056 
8724 9053 9057 9056 2094 
8725 1902 8627 9059 4541 
8726 8627 2733 9058 9059 
8727 9059 9058 3013 8288 
8728 4541 9059 8288 2019 
8729 2758 3444 9061 6468 
8730 3444 2155 4701 9061 
8731 9061 4701 2153 9060 
8732 6468 9061 9060 2826 
8733 1680 5493 9062 8225 
8734 5493 1798 7325 9062 
8735 9062 7325 2795 8520 
8736 8225 9062 8520 1799 
8737 2654 7824 9064 8848 
8738 7824 969 8093 9064 
8739 9064 8093 1447 9063 
8740 8848 9064 9063 2746 
8741 1784 9065 9066 7641 
8742 9065 1785 8293 9066 
8743 9066 8293 2761 8956 
8744 7641 9066 8956 1755 
8745 2874 9067 9071 9070 
8746 9067 2357 9068 9071 
8747 9071 9068 2894 9069 
8748 9070 9071 9069 2809 
8749 1221 6112 9073 6674 
8750 6112 1223 8184 9073 
8751 9073 8184 2788 9072 
8752 6674 9073 9072 1458 
8753 2840 9074 9077 9076 
8754 9074 2836 9075 9077 
8755 9077 9075 2487 6672 
8756 9076 9077 6672 1458 
8757 1984 3212 9079 7910 
8758 3212 2908 9078 9079 
8759 9079 9078 537 8840 
8760 7910 9079 8840 2742 
8761 2369 8662 9082 5497 
8762 8662 2032 9080 9082 
8763 9082 9080 2920 9081 
8764 5497 9082 9081 2366 
8765 1795 7803 9085 3808 
8766 7803 1796 9083 9085 
8767 9085 9083 2754 9084 
8768 3808 9085 9084 2640 
8769 2807 9016 9086 7811 
8770 9016 1456 6915 9086 
8771 9086 6915 2501 8797 
8772 7811 9086 8797 2833 
8773 2222 3348 9088 5094 
8774 3348 2600 8940 9088 
8775 9088 8940 2860 9087 
8776 5094 9088 9087 1180 
8777 2727 9089 9091 8958 
8778 9089 2778 8444 9091 
8779 9091 8444 2863 9090 
8780 8958 9091 9090 1937 
8781 1677 8564 9092 5840 
8782 8564 1821 8040 9092 
8783 9092 8040 2792 8187 
8784 5840 9092 8187 1820 
8785 1334 6588 9093 4518 
8786 6588 1335 3801 9093 
8787 9093 3801 2972 6980 
8788 4518 9093 6980 1333 
8789 2433 3438 9095 8779 
8790 3438 2399 7754 9095 
8791 9095 7754 2617 9094 
8792 8779 9095 9094 2824 
8793 1159 9096 9098 4940 
8794 9096 2760 9097 9098 
8795 9098 9097 2775 8329 
8796 4940 9098 8329 2127 
8797 1609 7846 9099 7234 
8798 7846 1608 8377 9099 
8799 9099 8377 2786 3375 
8800 7234 9099 3375 1782 
8801 1035 5530 9100 5227 
8802 5530 2345 7681 9100 
8803 9100 7681 2803 8002 
8804 5227 9100 8002 2323 
8805 559 8221 9103 560 
8806 8221 2721 9101 9103 
8807 9103 9101 2667 9102 
8808 560 9103 9102 561 
8809 2569 7920 9105 9104 
8810 7920 2538 5162 9105 
8811 9105 5162 2252 4163 
8812 9104 9105 4163 2771 
8813 2346 3850 9107 4914 
8814 3850 1019 8420 9107 
8815 9107 8420 2668 9106 
8816 4914 9107 9106 2838 
8817 1447 7614 9109 9063 
8818 7614 1816 8079 9109 
8819 9109 8079 2857 9108 
8820 9063 9109 9108 2746 
8821 1479 6214 9110 6211 
8822 6214 1969 6464 9110 
8823 9110 6464 2852 7272 
8824 6211 9110 7272 1570 
8825 1740 6382 9111 6969 
8826 6382 1875 3621 9111 
8827 9111 3621 2893 8827 
8828 6969 9111 8827 1800 
8829 1042 7972 9112 7705 
8830 7972 2569 9104 9112 
8831 9112 9104 2771 3065 
8832 7705 9112 3065 1637 
8833 2608 4254 9113 7559 
8834 4254 1616 8689 9113 
8835 9113 8689 2842 8502 
8836 7559 9113 8502 2045 
8837 2254 3789 9115 4257 
8838 3789 2830 9114 9115 
8839 9115 9114 2063 5291 
8840 4257 9115 5291 2062 
8841 2529 7430 9117 9116 
8842 7430 1754 9042 9117 
8843 9117 9042 2775 9097 
8844 9116 9117 9097 2760 
8845 362 4427 9118 4886 
8846 4427 967 4617 9118 
8847 9118 4617 2951 8996 
8848 4886 9118 8996 2129 
8849 2100 4579 9121 5660 
8850 4579 2105 9119 9121 
8851 9121 9119 2924 9120 
8852 5660 9121 9120 2444 
8853 1783 7235 9122 7851 
8854 7235 2553 8745 9122 
8855 9122 8745 2791 4466 
8856 7851 9122 4466 2018 
8857 1757 7609 9125 3422 
8858 7609 2537 9123 9125 
8859 9125 9123 2967 9124 
8860 3422 9125 9124 2419 
8861 1019 3849 9126 8421 
8862 3849 2814 3920 9126 
8863 9126 3920 573 574 
8864 8421 9126 574 575 
8865 2306 5205 9127 5286 
8866 5205 1169 4432 9127 
8867 9127 4432 2841 8918 
8868 5286 9127 8918 2307 
8869 2566 7756 9130 7675 
8870 7756 1904 9128 9130 
8871 9130 9128 2940 9129 
8872 7675 9130 9129 2474 
8873 2781 7176 9132 9014 
8874 7176 2444 9120 9132 
8875 9132 9120 2924 9131 
8876 9014 9132 9131 1423 
8877 446 447 9133 4729 
8878 447 448 8610 9133 
8879 9133 8610 2875 6943 
8880 4729 9133 6943 1161 
8881 2298 4462 9134 8407 
8882 4462 2299 3354 9134 
8883 9134 3354 2559 9005 
8884 8407 9134 9005 2869 
8885 2027 8645 9136 5992 
8886 8645 2705 8558 9136 
8887 9136 8558 2963 9135 
8888 5992 9136 9135 2029 
8889 2914 9137 9139 7950 
8890 9137 2941 8432 9139 
8891 9139 8432 3017 9138 
8892 7950 9139 9138 2415 
8893 2826 9060 9140 8798 
8894 9060 2153 6160 9140 
8895 9140 6160 2154 7809 
8896 8798 9140 7809 2833 
8897 1819 9141 9143 6867 
8898 9141 1833 9142 9143 
8899 9143 9142 2926 6194 
8900 6867 9143 6194 1818 
8901 2304 8149 9144 5221 
8902 8149 2825 5884 9144 
8903 9144 5884 2168 5765 
8904 5221 9144 5765 2166 
8905 1697 4436 9145 4317 
8906 4436 1971 6520 9145 
8907 9145 6520 2950 3641 
8908 4317 9145 3641 1807 
8909 2030 9146 9149 9148 
8910 9146 2031 9147 9149 
8911 9149 9147 2920 9080 
8912 9148 9149 9080 2032 
8913 1951 3257 9150 8764 
8914 3257 2353 4964 9150 
8915 9150 4964 1180 9087 
8916 8764 9150 9087 2860 
8917 1112 7134 9151 7110 
8918 7134 1116 8346 9151 
8919 9151 8346 2787 8801 
8920 7110 9151 8801 1111 
8921 2924 9119 9153 9152 
8922 9119 2105 4131 9153 
8923 9153 4131 2226 3150 
8924 9152 9153 3150 2479 
8925 2872 9154 9157 9156 
8926 9154 2208 5910 9157 
8927 9157 5910 2205 9155 
8928 9156 9157 9155 2891 
8929 2836 9074 9159 9158 
8930 9074 2840 7794 9159 
8931 9159 7794 2204 4865 
8932 9158 9159 4865 2207 
8933 2017 7852 9160 4916 
8934 7852 2906 7314 9160 
8935 9160 7314 2232 4894 
8936 4916 9160 4894 1753 
8937 2406 5876 9161 5566 
8938 5876 2410 8818 9161 
8939 9161 8818 2828 8531 
8940 5566 9161 8531 2408 
8941 2749 8655 9163 5303 
8942 8655 1020 5037 9163 
8943 9163 5037 2344 9162 
8944 5303 9163 9162 2910 
8945 2737 9164 9166 8334 
8946 9164 2806 8825 9166 
8947 9166 8825 2893 9165 
8948 8334 9166 9165 2395 
8949 1400 7080 9167 7841 
8950 7080 1607 8906 9167 
8951 9167 8906 2890 3720 
8952 7841 9167 3720 2577 
8953 995 7768 9168 8283 
8954 7768 962 8458 9168 
8955 9168 8458 2822 7787 
8956 8283 9168 7787 997 
8957 2378 9169 9171 5270 
8958 9169 2980 9170 9171 
8959 9171 9170 2966 4975 
8960 5270 9171 4975 1086 
8961 1054 7420 9173 8570 
8962 7420 1055 8306 9173 
8963 9173 8306 2802 9172 
8964 8570 9173 9172 1026 
8965 2907 9174 9176 9175 
8966 9174 2901 8466 9176 
8967 9176 8466 2678 8492 
8968 9175 9176 8492 1523 
8969 1174 7446 9177 4068 
8970 7446 344 345 9177 
8971 9177 345 346 7412 
8972 4068 9177 7412 2834 
8973 967 4426 9178 4618 
8974 4426 2234 4665 9178 
8975 9178 4665 2330 7619 
8976 4618 9178 7619 2861 
8977 1097 7020 9180 8523 
8978 7020 1096 8704 9180 
8979 9180 8704 2789 9179 
8980 8523 9180 9179 1098 
8981 1262 8430 9182 6121 
8982 8430 1548 9181 9182 
8983 9182 9181 2821 8197 
8984 6121 9182 8197 1264 
8985 2023 8846 9183 3676 
8986 8846 2815 8603 9183 
8987 9183 8603 1182 6091 
8988 3676 9183 6091 2442 
8989 207 4874 9185 8514 
8990 4874 1177 8786 9185 
8991 9185 8786 2985 9184 
8992 8514 9185 9184 2684 
8993 2546 5435 9188 7076 
8994 5435 2360 9186 9188 
8995 9188 9186 2873 9187 
8996 7076 9188 9187 1872 
8997 1457 6981 9189 4323 
8998 6981 2972 3800 9189 
8999 9189 3800 1958 8496 
9000 4323 9189 8496 2665 
9001 1025 7700 9190 8633 
9002 7700 1026 9172 9190 
9003 9190 9172 2802 6518 
9004 8633 9190 6518 2751 
9005 1861 4412 9191 7102 
9006 4412 1860 8878 9191 
9007 9191 8878 2940 9128 
9008 7102 9191 9128 1904 
9009 2758 3459 9192 3445 
9010 3459 2864 7742 9192 
9011 9192 7742 2113 5608 
9012 3445 9192 5608 2116 
9013 1728 9193 9194 6745 
9014 9193 2128 8542 9194 
9015 9194 8542 2801 7998 
9016 6745 9194 7998 2036 
9017 2280 4787 9196 4389 
9018 4787 1160 4244 9196 
9019 9196 4244 2898 9195 
9020 4389 9196 9195 2284 
9021 2920 9147 9198 7799 
9022 9147 2031 9197 9198 
9023 9198 9197 2963 9002 
9024 7799 9198 9002 2516 
9025 1784 7643 9201 9200 
9026 7643 1563 8095 9201 
9027 9201 8095 1446 9199 
9028 9200 9201 9199 3014 
9029 1175 8682 9203 6847 
9030 8682 2929 9202 9203 
9031 9203 9202 1829 3114 
9032 6847 9203 3114 2519 
9033 1692 7376 9205 8508 
9034 7376 1840 9204 9205 
9035 9205 9204 2996 3984 
9036 8508 9205 3984 2680 
9037 951 7836 9207 7870 
9038 7836 942 9206 9207 
9039 9207 9206 2842 8688 
9040 7870 9207 8688 953 
9041 2370 8663 9208 3521 
9042 8663 2844 8087 9208 
9043 9208 8087 533 532 
9044 3521 9208 532 531 
9045 1552 8061 9209 6655 
9046 8061 2652 7091 9209 
9047 9209 7091 2707 6582 
9048 6655 9209 6582 1866 
9049 1611 7790 9210 5951 
9050 7790 1803 3346 9210 
9051 9210 3346 2843 8159 
9052 5951 9210 8159 1801 
9053 1603 6825 9213 9212 
9054 6825 1696 3293 9213 
9055 9213 3293 2818 9211 
9056 9212 9213 9211 2878 
9057 529 528 9215 3522 
9058 528 527 8067 9215 
9059 9215 8067 2848 9214 
9060 3522 9215 9214 1012 
9061 1951 6056 9216 3258 
9062 6056 1952 8967 9216 
9063 9216 8967 2824 9094 
9064 3258 9216 9094 2617 
9065 252 253 9218 3289 
9066 253 254 8596 9218 
9067 9218 8596 1120 9217 
9068 3289 9218 9217 2976 
9069 2443 6058 9220 3357 
9070 6058 1018 3612 9220 
9071 9220 3612 2660 9219 
9072 3357 9220 9219 2927 
9073 2781 9013 9221 7177 
9074 9013 1332 4759 9221 
9075 9221 4759 1330 8190 
9076 7177 9221 8190 2847 
9077 1544 6828 9223 8085 
9078 6828 1592 7912 9223 
9079 9223 7912 2829 9222 
9080 8085 9223 9222 1595 
9081 2355 9224 9225 5928 
9082 9224 2356 3796 9225 
9083 9225 3796 2894 9068 
9084 5928 9225 9068 2357 
9085 1646 8888 9227 7211 
9086 8888 1831 8762 9227 
9087 9227 8762 2876 9226 
9088 7211 9227 9226 2000 
9089 1451 7320 9229 3857 
9090 7320 1302 6710 9229 
9091 9229 6710 1300 9228 
9092 3857 9229 9228 2819 
9093 1625 6741 9231 7185 
9094 6741 1750 9230 9231 
9095 9231 9230 2888 6679 
9096 7185 9231 6679 1581 
9097 1298 8512 9232 6676 
9098 8512 2779 4103 9232 
9099 9232 4103 2819 9228 
9100 6676 9232 9228 1300 
9101 332 333 9234 4058 
9102 333 334 7933 9234 
9103 9234 7933 2937 9233 
9104 4058 9234 9233 1007 
9105 1027 5903 9235 5105 
9106 5903 1771 3716 9235 
9107 9235 3716 2837 8882 
9108 5105 9235 8882 2606 
9109 454 4771 9236 453 
9110 4771 984 8751 9236 
9111 9236 8751 2915 8615 
9112 453 9236 8615 452 
9113 957 7482 9238 8775 
9114 7482 3016 9237 9238 
9115 9238 9237 1897 8441 
9116 8775 9238 8441 2729 
9117 1189 6659 9239 8274 
9118 6659 1399 8269 9239 
9119 9239 8269 2849 7259 
9120 8274 9239 7259 1720 
9121 539 9240 9241 540 
9122 9240 1010 9008 9241 
9123 9241 9008 2866 8104 
9124 540 9241 8104 541 
9125 2287 5108 9243 9242 
9126 5108 978 8638 9243 
9127 9243 8638 2895 8758 
9128 9242 9243 8758 2288 
9129 2230 5001 9244 7435 
9130 5001 1044 8823 9244 
9131 9244 8823 2873 9186 
9132 7435 9244 9186 2360 
9133 1230 8975 9245 6185 
9134 8975 1558 5463 9245 
9135 9245 5463 2883 7901 
9136 6185 9245 7901 1231 
9137 2907 8713 9246 9174 
9138 8713 2179 4834 9246 
9139 9246 4834 2175 8467 
9140 9174 9246 8467 2901 
9141 2674 3589 9247 8666 
9142 3589 2713 8012 9247 
9143 9247 8012 2651 8630 
9144 8666 9247 8630 1862 
9145 521 8335 9248 8118 
9146 8335 2395 9165 9248 
9147 9248 9165 2893 3624 
9148 8118 9248 3624 1034 
9149 2804 8947 9250 9249 
9150 8947 2831 3739 9250 
9151 9250 3739 1833 9141 
9152 9249 9250 9141 1819 
9153 947 4382 9253 7386 
9154 4382 2461 9251 9253 
9155 9253 9251 2897 9252 
9156 7386 9253 9252 1954 
9157 1719 9254 9256 6786 
9158 9254 1751 9255 9256 
9159 9256 9255 2850 8356 
9160 6786 9256 8356 1584 
9161 1852 8497 9259 9258 
9162 8497 1958 3799 9259 
9163 9259 3799 2816 9257 
9164 9258 9259 9257 2811 
9165 313 314 9261 5279 
9166 314 315 8244 9261 
9167 9261 8244 2887 9260 
9168 5279 9261 9260 1664 
9169 1834 3861 9262 4349 
9170 3861 2932 7821 9262 
9171 9262 7821 1622 4639 
9172 4349 9262 4639 1640 
9173 2669 8451 9264 7996 
9174 8451 2975 9263 9264 
9175 9264 9263 2319 5199 
9176 7996 9264 5199 1542 
9177 274 275 9266 5412 
9178 275 276 8266 9266 
9179 9266 8266 2889 9265 
9180 5412 9266 9265 1661 
9181 235 236 9268 8782 
9182 236 237 8127 9268 
9183 9268 8127 2884 9267 
9184 8782 9268 9267 1663 
9185 2424 8046 9270 5737 
9186 8046 2639 9269 9270 
9187 9270 9269 2961 8867 
9188 5737 9270 8867 1687 
9189 2028 9271 9273 8992 
9190 9271 2928 9272 9273 
9191 9273 9272 2848 8066 
9192 8992 9273 8066 2034 
9193 2722 8749 9274 5850 
9194 8749 1423 9131 9274 
9195 9274 9131 2924 9152 
9196 5850 9274 9152 2479 
9197 242 5307 9275 241 
9198 5307 1662 8055 9275 
9199 9275 8055 2885 8136 
9200 241 9275 8136 240 
9201 1549 6066 9276 6087 
9202 6066 1713 8214 9276 
9203 9276 8214 2855 8428 
9204 6087 9276 8428 2453 
9205 1946 9277 9279 6483 
9206 9277 2931 3990 9279 
9207 9279 3990 1968 9278 
9208 6483 9279 9278 1999 
9209 2946 9280 9283 9282 
9210 9280 1661 9265 9283 
9211 9283 9265 2889 9281 
9212 9282 9283 9281 2700 
9213 1710 7153 9284 6286 
9214 7153 1943 3750 9284 
9215 9284 3750 3020 8063 
9216 6286 9284 8063 1732 
9217 2104 3303 9285 5662 
9218 3303 2902 4333 9285 
9219 9285 4333 2103 6140 
9220 5662 9285 6140 2101 
9221 1112 7109 9286 6216 
9222 7109 2474 9129 9286 
9223 9286 9129 2940 8877 
9224 6216 9286 8877 1236 
9225 2736 9287 9288 8943 
9226 9287 1357 8910 9288 
9227 9288 8910 2778 9089 
9228 8943 9288 9089 2727 
9229 1648 7077 9289 6488 
9230 7077 1872 9187 9289 
9231 9289 9187 2873 8822 
9232 6488 9289 8822 1871 
9233 1882 8469 9290 8460 
9234 8469 2644 7728 9290 
9235 9290 7728 1357 9287 
9236 8460 9290 9287 2736 
9237 1048 9291 9292 3143 
9238 9291 191 192 9292 
9239 9292 192 193 8601 
9240 3143 9292 8601 2896 
9241 2175 5673 9294 8465 
9242 5673 2176 8141 9294 
9243 9294 8141 2958 9293 
9244 8465 9294 9293 2180 
9245 1344 6735 9295 7686 
9246 6735 1345 3463 9295 
9247 9295 3463 2970 6999 
9248 7686 9295 6999 1343 
9249 2809 8192 9296 9070 
9250 8192 1314 6094 9296 
9251 9296 6094 1312 9018 
9252 9070 9296 9018 2874 
9253 707 3329 9298 708 
9254 3329 988 9297 9298 
9255 9298 9297 2881 8108 
9256 708 9298 8108 709 
9257 1591 8230 9299 7925 
9258 8230 1590 8883 9299 
9259 9299 8883 2837 3715 
9260 7925 9299 3715 1900 
9261 1924 8566 9301 5584 
9262 8566 2685 9300 9301 
9263 9301 9300 2948 8791 
9264 5584 9301 8791 1926 
9265 2287 9302 9304 4790 
9266 9302 2899 9303 9304 
9267 9304 9303 2923 8650 
9268 4790 9304 8650 2289 
9269 2664 9305 9307 8409 
9270 9305 1750 6740 9307 
9271 9307 6740 1870 9306 
9272 8409 9307 9306 2862 
9273 1676 5838 9308 5755 
9274 5838 1897 9237 9308 
9275 9308 9237 3016 7481 
9276 5755 9308 7481 2211 
9277 2034 8068 9310 9309 
9278 8068 525 524 9310 
9279 9310 524 523 8120 
9280 9309 9310 8120 2904 
9281 1837 7416 9312 7583 
9282 7416 1934 9311 9312 
9283 9312 9311 2867 8719 
9284 7583 9312 8719 1781 
9285 1870 6739 9314 9313 
9286 6739 1891 6944 9314 
9287 9314 6944 2875 8609 
9288 9313 9314 8609 2702 
9289 1010 9240 9315 3211 
9290 9240 539 538 9315 
9291 9315 538 537 9078 
9292 3211 9315 9078 2908 
9293 1529 3940 9316 4020 
9294 3940 605 604 9316 
9295 9316 604 603 8572 
9296 4020 9316 8572 2925 
9297 2029 9317 9319 5990 
9298 9317 2030 9318 9319 
9299 9319 9318 2928 9271 
9300 5990 9319 9271 2028 
9301 2655 8863 9320 7915 
9302 8863 2728 8965 9320 
9303 9320 8965 2964 8859 
9304 7915 9320 8859 1887 
9305 2773 9321 9322 8220 
9306 9321 1825 8838 9322 
9307 9322 8838 2667 9101 
9308 8220 9322 9101 2721 
9309 2561 5482 9323 7843 
9310 5482 2528 8932 9323 
9311 9323 8932 2964 8964 
9312 7843 9323 8964 1126 
9313 2862 9306 9324 8752 
9314 9306 1870 9313 9324 
9315 9324 9313 2702 8616 
9316 8752 9324 8616 2915 
9317 2928 9318 9326 9325 
9318 9318 2030 9148 9326 
9319 9326 9148 2032 9029 
9320 9325 9326 9029 2905 
9321 2680 3987 9328 8509 
9322 3987 2839 9327 9328 
9323 9328 9327 1950 8395 
9324 8509 9328 8395 1813 
9325 623 622 9330 9329 
9326 622 621 8235 9330 
9327 9330 8235 2877 8815 
9328 9329 9330 8815 1080 
9329 2329 9331 9332 5050 
9330 9331 3018 8737 9332 
9331 9332 8737 2331 7618 
9332 5050 9332 7618 2325 
9333 2542 8577 9334 7310 
9334 8577 2851 9333 9334 
9335 9334 9333 1569 8747 
9336 7310 9334 8747 2629 
9337 2365 5498 9335 5593 
9338 5498 2366 9081 9335 
9339 9335 9081 2920 7798 
9340 5593 9335 7798 1541 
9341 2181 5960 9336 5983 
9342 5960 2182 7695 9336 
9343 9336 7695 3001 8208 
9344 5983 9336 8208 2178 
9345 981 6563 9337 4338 
9346 6563 2947 7365 9337 
9347 9337 7365 303 304 
9348 4338 9337 304 305 
9349 2205 7796 9339 9155 
9350 7796 2209 3581 9339 
9351 9339 3581 2832 9338 
9352 9155 9339 9338 2891 
9353 2450 8390 9342 9341 
9354 8390 2732 8812 9342 
9355 9342 8812 2992 9340 
9356 9341 9342 9340 1037 
9357 1819 7493 9344 9249 
9358 7493 2529 9116 9344 
9359 9344 9116 2760 9343 
9360 9249 9344 9343 2804 
9361 1521 5310 9345 5344 
9362 5310 1520 8020 9345 
9363 9345 8020 2973 5533 
9364 5344 9345 5533 2520 
9365 1771 5902 9347 3717 
9366 5902 2471 5587 9347 
9367 9347 5587 1566 9346 
9368 3717 9347 9346 2882 
9369 1252 6308 9348 4288 
9370 6308 1641 8702 9348 
9371 9348 8702 2918 8301 
9372 4288 9348 8301 1642 
9373 2451 3061 9349 9023 
9374 3061 1039 7332 9349 
9375 9349 7332 2580 8717 
9376 9023 9349 8717 2827 
9377 1825 9321 9350 7115 
9378 9321 2773 8129 9350 
9379 9350 8129 2774 3879 
9380 7115 9350 3879 1826 
9381 1851 7953 9352 7857 
9382 7953 1852 9258 9352 
9383 9352 9258 2811 9351 
9384 7857 9352 9351 1850 
9385 1536 6293 9354 6270 
9386 6293 1714 9353 9354 
9387 9354 9353 2872 8479 
9388 6270 9354 8479 2476 
9389 1728 8168 9356 9193 
9390 8168 2633 9355 9356 
9391 9356 9355 2937 7932 
9392 9193 9356 7932 2128 
9393 2676 8475 9357 7348 
9394 8475 1789 8998 9357 
9395 9357 8998 2838 9106 
9396 7348 9357 9106 2668 
9397 1975 4449 9359 8404 
9398 4449 1977 3233 9359 
9399 9359 3233 2930 9358 
9400 8404 9359 9358 2547 
9401 1835 7984 9361 4348 
9402 7984 1903 9360 9361 
9403 9361 9360 2943 3862 
9404 4348 9361 3862 1834 
9405 1838 4050 9362 4235 
9406 4050 1693 7374 9362 
9407 9362 7374 1595 9222 
9408 4235 9362 9222 2829 
9409 1002 7222 9363 6626 
9410 7222 250 251 9363 
9411 9363 251 252 3288 
9412 6626 9363 3288 2969 
9413 15 747 9365 9364 
9414 747 28 8503 9365 
9415 9365 8503 2842 9206 
9416 9364 9365 9206 942 
9417 959 3916 9367 7379 
9418 3916 1879 9366 9367 
9419 9367 9366 2879 8363 
9420 7379 9367 8363 1880 
9421 1661 9280 9369 5411 
9422 9280 2946 9368 9369 
9423 9369 9368 2980 9169 
9424 5411 9369 9169 2378 
9425 1827 9370 9371 6630 
9426 9370 2664 8408 9371 
9427 9371 8408 2869 9004 
9428 6630 9371 9004 1828 
9429 191 9291 9372 190 
9430 9291 1048 9000 9372 
9431 9372 9000 2984 8071 
9432 190 9372 8071 189 
9433 1248 3767 9373 6758 
9434 3767 1260 3312 9373 
9435 9373 3312 2880 8482 
9436 6758 9373 8482 1250 
9437 1068 4312 9374 6609 
9438 4312 2428 6110 9374 
9439 9374 6110 2919 3427 
9440 6609 9374 3427 1414 
9441 2274 7979 9376 5371 
9442 7979 2993 6755 9376 
9443 9376 6755 3007 9375 
9444 5371 9376 9375 2272 
9445 1290 7252 9377 8004 
9446 7252 2512 3778 9377 
9447 9377 3778 2856 8952 
9448 8004 9377 8952 1359 
9449 1802 8160 9378 5080 
9450 8160 1829 9202 9378 
9451 9378 9202 2929 8806 
9452 5080 9378 8806 1830 
9453 2270 5372 9379 4928 
9454 5372 2272 9375 9379 
9455 9379 9375 3007 3367 
9456 4928 9379 3367 2271 
9457 996 8178 9381 7737 
9458 8178 2590 9380 9381 
9459 9381 9380 2784 8250 
9460 7737 9381 8250 2256 
9461 1081 6586 9382 8674 
9462 6586 2952 8115 9382 
9463 9382 8115 591 590 
9464 8674 9382 590 589 
9465 1270 5833 9384 9383 
9466 5833 1268 8255 9384 
9467 9384 8255 2933 3041 
9468 9383 9384 3041 1567 
9469 2336 8241 9386 5428 
9470 8241 2337 8672 9386 
9471 9386 8672 3024 9385 
9472 5428 9386 9385 2338 
9473 979 7173 9387 4488 
9474 7173 2998 7763 9387 
9475 9387 7763 386 387 
9476 4488 9387 387 388 
9477 1974 7923 9388 3757 
9478 7923 2882 9346 9388 
9479 9388 9346 1566 9011 
9480 3757 9388 9011 3012 
9481 1567 8134 9389 9383 
9482 8134 2936 8711 9389 
9483 9389 8711 1272 5790 
9484 9383 9389 5790 1270 
9485 1137 7792 9391 7563 
9486 7792 2574 8826 9391 
9487 9391 8826 2806 9390 
9488 7563 9391 9390 1760 
9489 1086 4974 9392 5271 
9490 4974 3002 7650 9392 
9491 9392 7650 268 269 
9492 5271 9392 269 270 
9493 3024 8885 9393 9385 
9494 8885 3011 8453 9393 
9495 9393 8453 2340 5326 
9496 9385 9393 5326 2338 
9497 2123 9394 9395 8107 
9498 9394 2954 7462 9395 
9499 9395 7462 713 712 
9500 8107 9395 712 711 
9501 1540 6817 9397 9396 
9502 6817 2485 8174 9397 
9503 9397 8174 2892 7536 
9504 9396 9397 7536 2147 
9505 968 8754 9398 5142 
9506 8754 615 614 9398 
9507 9398 614 613 3540 
9508 5142 9398 3540 2956 
9509 1577 6251 9400 5249 
9510 6251 1905 8868 9400 
9511 9400 8868 2961 9399 
9512 5249 9400 9399 1906 
9513 2960 8995 9402 9401 
9514 8995 2951 4616 9402 
9515 9402 4616 1967 8213 
9516 9401 9402 8213 1824 
9517 1409 6838 9403 6632 
9518 6838 1184 8327 9403 
9519 9403 8327 3005 7752 
9520 6632 9403 7752 1678 
9521 1030 5467 9404 5639 
9522 5467 2415 9138 9404 
9523 9404 9138 3017 4180 
9524 5639 9404 4180 2414 
9525 145 9405 9406 144 
9526 9405 1037 9340 9406 
9527 9406 9340 2992 8111 
9528 144 9406 8111 143 
9529 2043 4284 9407 6221 
9530 4284 739 738 9407 
9531 9407 738 737 8102 
9532 6221 9407 8102 3015 
9533 1708 8708 9408 7504 
9534 8708 2701 8259 9408 
9535 9408 8259 2083 8954 
9536 7504 9408 8954 2783 
9537 20 9409 9411 7530 
9538 9409 945 9410 9411 
9539 9411 9410 2845 8980 
9540 7530 9411 8980 944 
9541 2030 9317 9412 9146 
9542 9317 2029 9135 9412 
9543 9412 9135 2963 9197 
9544 9146 9412 9197 2031 
9545 1610 8875 9413 6035 
9546 8875 1674 8960 9413 
9547 9413 8960 2922 8412 
9548 6035 9413 8412 1598 
9549 1603 9212 9416 6993 
9550 9212 2878 9414 9416 
9551 9416 9414 2898 9415 
9552 6993 9416 9415 1814 
9553 1569 9417 9418 7938 
9554 9417 2853 3693 9418 
9555 9418 3693 21 7532 
9556 7938 9418 7532 946 
9557 2462 8048 9419 6230 
9558 8048 2982 7881 9419 
9559 9419 7881 497 496 
9560 6230 9419 496 495 
9561 1283 4669 9420 4699 
9562 4669 1282 8203 9420 
9563 9420 8203 2953 8506 
9564 4699 9420 8506 1284 
9565 1809 8280 9422 5004 
9566 8280 1954 9252 9422 
9567 9422 9252 2897 9421 
9568 5004 9422 9421 1808 
9569 2450 9341 9423 7202 
9570 9341 1037 9405 9423 
9571 9423 9405 145 8152 
9572 7202 9423 8152 2991 
9573 281 6950 9425 280 
9574 6950 2599 9424 9425 
9575 9425 9424 2884 8126 
9576 280 9425 8126 279 
9577 1980 6026 9427 3574 
9578 6026 1981 9426 9427 
9579 9427 9426 2935 4069 
9580 3574 9427 4069 1994 
9581 2057 6761 9428 4613 
9582 6761 2058 4657 9428 
9583 9428 4657 2900 8279 
9584 4613 9428 8279 1955 
9585 1181 3809 9430 7770 
9586 3809 2640 9084 9430 
9587 9430 9084 2754 9429 
9588 7770 9430 9429 2003 
9589 2305 3327 9431 7778 
9590 3327 705 704 9431 
9591 9431 704 703 8286 
9592 7778 9431 8286 2968 
9593 1021 8314 9432 8282 
9594 8314 1756 8624 9432 
9595 9432 8624 2784 9380 
9596 8282 9432 9380 2590 
9597 2003 9433 9435 7771 
9598 9433 2799 8804 9435 
9599 9435 8804 2865 9434 
9600 7771 9435 9434 2603 
9601 2355 7692 9436 9224 
9602 7692 2358 8768 9436 
9603 9436 8768 2989 8833 
9604 9224 9436 8833 2356 
9605 1815 6809 9437 8534 
9606 6809 1814 9415 9437 
9607 9437 9415 2898 4243 
9608 8534 9437 4243 1953 
9609 2853 9417 9438 8640 
9610 9417 1569 9333 9438 
9611 9438 9333 2851 9021 
9612 8640 9438 9021 2662 
9613 1061 9439 9441 8870 
9614 9439 2867 9311 9441 
9615 9441 9311 1934 9440 
9616 8870 9441 9440 2974 
9617 1622 7820 9442 5060 
9618 7820 1683 8082 9442 
9619 9442 8082 2916 8217 
9620 5060 9442 8217 1621 
9621 2941 9137 9445 9444 
9622 9137 2914 9443 9445 
9623 9445 9443 1810 7052 
9624 9444 9445 7052 2456 
9625 1848 7718 9447 3957 
9626 7718 1850 9351 9447 
9627 9447 9351 2811 9446 
9628 3957 9447 9446 2813 
9629 1601 6939 9449 6532 
9630 6939 1775 8903 9449 
9631 9449 8903 2959 9448 
9632 6532 9449 9448 1774 
9633 1719 7044 9451 9254 
9634 7044 1884 8651 9451 
9635 9451 8651 2923 9450 
9636 9254 9451 9450 1751 
9637 1402 8232 9453 9452 
9638 8232 2547 9358 9453 
9639 9453 9358 2930 4568 
9640 9452 9453 4568 2267 
9641 1880 8362 9454 7380 
9642 8362 2044 8246 9454 
9643 9454 8246 2931 9277 
9644 7380 9454 9277 1946 
9645 1389 8189 9455 8340 
9646 8189 1328 5231 9455 
9647 9455 5231 1326 8024 
9648 8340 9455 8024 2981 
9649 2343 4532 9456 4407 
9650 4532 2949 6261 9456 
9651 9456 6261 2910 9162 
9652 4407 9456 9162 2344 
9653 256 257 9458 8594 
9654 257 258 8880 9458 
9655 9458 8880 2938 9457 
9656 8594 9458 9457 2912 
9657 2291 8948 9459 4880 
9658 8948 2804 9343 9459 
9659 9459 9343 2760 9096 
9660 4880 9459 9096 1159 
9661 2287 9242 9461 9302 
9662 9242 2288 8357 9461 
9663 9461 8357 2850 9460 
9664 9302 9461 9460 2899 
9665 2573 8820 9462 3722 
9666 8820 2870 3630 9462 
9667 9462 3630 2558 7604 
9668 3722 9462 7604 1656 
9669 1670 8908 9464 8926 
9670 8908 1948 8693 9464 
9671 9464 8693 2934 9463 
9672 8926 9464 9463 1949 
9673 1071 8928 9465 7318 
9674 8928 1070 8380 9465 
9675 9465 8380 3004 8854 
9676 7318 9465 8854 1072 
9677 942 7835 9467 9364 
9678 7835 943 9466 9467 
9679 9467 9466 2871 3924 
9680 9364 9467 3924 15 
9681 2012 8292 9469 7008 
9682 8292 2007 7659 9469 
9683 9469 7659 2009 9468 
9684 7008 9469 9468 2917 
9685 2118 4309 9470 8831 
9686 4309 2119 8368 9470 
9687 9470 8368 2890 8905 
9688 8831 9470 8905 2535 
9689 27 7897 9471 3324 
9690 7897 1412 8653 9471 
9691 9471 8653 2698 8438 
9692 3324 9471 8438 2699 
9693 1211 5976 9473 7707 
9694 5976 1213 8416 9473 
9695 9473 8416 2942 9472 
9696 7707 9473 9472 1403 
9697 1840 7375 9475 9474 
9698 7375 1693 4049 9475 
9699 9475 4049 2971 7944 
9700 9474 9475 7944 1841 
9701 1319 5521 9476 5457 
9702 5521 1318 8349 9476 
9703 9476 8349 2990 3547 
9704 5457 9476 3547 1320 
9705 689 5547 9477 690 
9706 5547 992 3036 9477 
9707 9477 3036 3025 8195 
9708 690 9477 8195 691 
9709 2700 5149 9479 9282 
9710 5149 1998 6558 9479 
9711 9479 6558 1996 9478 
9712 9282 9479 9478 2946 
9713 2935 9426 9480 3973 
9714 9426 1981 5861 9480 
9715 9480 5861 2426 8359 
9716 3973 9480 8359 2994 
9717 1796 9481 9483 9083 
9718 9481 2939 8618 9483 
9719 9483 8618 2224 9482 
9720 9083 9483 9482 2754 
9721 2806 9164 9484 9390 
9722 9164 2737 9045 9484 
9723 9484 9045 2686 9025 
9724 9390 9484 9025 1760 
9725 1402 9452 9486 8316 
9726 9452 2267 3171 9486 
9727 9486 3171 2798 9485 
9728 8316 9486 9485 1388 
9729 2448 5940 9487 5906 
9730 5940 2459 8494 9487 
9731 9487 8494 3008 8124 
9732 5906 9487 8124 1778 
9733 1823 8539 9488 8899 
9734 8539 2683 8892 9488 
9735 9488 8892 2780 3534 
9736 8899 9488 3534 1856 
9737 2418 6635 9489 4473 
9738 6635 2419 9124 9489 
9739 9489 9124 2967 5801 
9740 4473 9489 5801 2420 
9741 2733 9490 9491 9058 
9742 9490 2752 3941 9491 
9743 9491 3941 1529 4019 
9744 9058 9491 4019 3013 
9745 1845 6279 9493 4248 
9746 6279 1846 9492 9493 
9747 9493 9492 3000 9035 
9748 4248 9493 9035 1844 
9749 1200 6448 9494 6570 
9750 6448 1612 8433 9494 
9751 9494 8433 2941 9444 
9752 6570 9494 9444 2456 
9753 1939 7554 9495 7783 
9754 7554 1938 8921 9495 
9755 9495 8921 2977 3607 
9756 7783 9495 3607 1940 
9757 1239 8777 9497 7486 
9758 8777 2909 8029 9497 
9759 9497 8029 2986 9496 
9760 7486 9497 9496 1241 
9761 2086 3101 9498 6545 
9762 3101 1663 9267 9498 
9763 9498 9267 2884 9424 
9764 6545 9498 9424 2599 
9765 2917 9468 9499 3584 
9766 9468 2009 7244 9499 
9767 9499 7244 2011 3080 
9768 3584 9499 3080 2979 
9769 1686 7142 9501 9500 
9770 7142 1832 8849 9501 
9771 9501 8849 2746 9108 
9772 9500 9501 9108 2857 
9773 1935 7552 9502 7415 
9774 7552 1936 8871 9502 
9775 9502 8871 2974 9440 
9776 7415 9502 9440 1934 
9777 2946 9478 9504 9368 
9778 9478 1996 6767 9504 
9779 9504 6767 1995 9503 
9780 9368 9504 9503 2980 
9781 2000 9226 9505 3617 
9782 9226 2876 8761 9505 
9783 9505 8761 954 7621 
9784 3617 9505 7621 2613 
9785 1736 6821 9506 6202 
9786 6821 2609 8759 9506 
9787 9506 8759 2895 8637 
9788 6202 9506 8637 1876 
9789 1242 7095 9507 8986 
9790 7095 1241 9496 9507 
9791 9507 9496 2986 8472 
9792 8986 9507 8472 1243 
9793 2558 3633 9508 8167 
9794 3633 1007 9233 9508 
9795 9508 9233 2937 9355 
9796 8167 9508 9355 2633 
9797 2063 9509 9510 3353 
9798 9509 3021 8732 9510 
9799 9510 8732 2509 9006 
9800 3353 9510 9006 2559 
9801 1064 7190 9511 7608 
9802 7190 1574 5802 9511 
9803 9511 5802 2967 9123 
9804 7608 9511 9123 2537 
9805 2831 8946 9513 3736 
9806 8946 1664 9260 9513 
9807 9513 9260 2887 9512 
9808 3736 9513 9512 2615 
9809 1551 7975 9515 8631 
9810 7975 1630 9514 9515 
9811 9515 9514 3010 3966 
9812 8631 9515 3966 1684 
9813 2554 7232 9517 8730 
9814 7232 1874 8546 9517 
9815 9517 8546 3009 9516 
9816 8730 9517 9516 2708 
9817 623 9329 9519 9032 
9818 9329 1080 8814 9519 
9819 9519 8814 2965 9518 
9820 9032 9519 9518 2467 
9821 91 6615 9520 4440 
9822 6615 2579 8937 9520 
9823 9520 8937 2948 9300 
9824 4440 9520 9300 2685 
9825 1935 7414 9521 7553 
9826 7414 1937 9090 9521 
9827 9521 9090 2863 8922 
9828 7553 9521 8922 1938 
9829 2857 8078 9522 9500 
9830 8078 2962 3337 9522 
9831 9522 3337 1881 7345 
9832 9500 9522 7345 1686 
9833 1841 6924 9524 9474 
9834 6924 1899 9523 9524 
9835 9524 9523 2996 9204 
9836 9474 9524 9204 1840 
9837 1853 8770 9525 8756 
9838 8770 2719 7806 9525 
9839 9525 7806 2149 8620 
9840 8756 9525 8620 2854 
9841 320 7087 9526 319 
9842 7087 2615 9512 9526 
9843 9526 9512 2887 8243 
9844 319 9526 8243 318 
9845 20 3942 9527 9409 
9846 3942 2752 9490 9527 
9847 9527 9490 2733 8626 
9848 9409 9527 8626 945 
9849 952 8317 9529 7834 
9850 8317 1388 9528 9529 
9851 9529 9528 2871 9466 
9852 7834 9529 9466 943 
9853 1001 4112 9530 6410 
9854 4112 2603 9434 9530 
9855 9530 9434 2865 8401 
9856 6410 9530 8401 2092 
9857 1785 9065 9531 7655 
9858 9065 1784 9200 9531 
9859 9531 9200 3014 8684 
9860 7655 9531 8684 2006 
9861 2980 9503 9533 9170 
9862 9503 1995 8384 9533 
9863 9533 8384 2659 9532 
9864 9170 9533 9532 2966 
9865 1650 8374 9534 7802 
9866 8374 2552 3513 9534 
9867 9534 3513 2939 9481 
9868 7802 9534 9481 1796 
9869 1523 6694 9536 9175 
9870 6694 2487 9075 9536 
9871 9536 9075 2836 9535 
9872 9175 9536 9535 2907 
9873 1806 7968 9540 9539 
9874 7968 1805 9537 9540 
9875 9540 9537 3019 9538 
9876 9539 9540 9538 2913 
9877 3022 9541 9542 6501 
9878 9541 1906 9399 9542 
9879 9542 9399 2961 9269 
9880 6501 9542 9269 2639 
9881 2022 5461 9543 8845 
9882 5461 2785 8722 9543 
9883 9543 8722 2944 7062 
9884 8845 9543 7062 2024 
9885 2145 6327 9544 8784 
9886 6327 2988 8423 9544 
9887 9544 8423 1540 9396 
9888 8784 9544 9396 2147 
9889 1973 8685 9545 7889 
9890 8685 3014 9199 9545 
9891 9545 9199 1446 8934 
9892 7889 9545 8934 2706 
9893 28 746 9546 8504 
9894 746 745 7993 9546 
9895 9546 7993 2858 7475 
9896 8504 9546 7475 956 
9897 1833 3738 9547 9142 
9898 3738 2632 7894 9547 
9899 9547 7894 1134 6195 
9900 9142 9547 6195 2926 
9901 2207 5634 9548 9158 
9902 5634 2293 8714 9548 
9903 9548 8714 2907 9535 
9904 9158 9548 9535 2836 
9905 1858 3181 9550 5170 
9906 3181 2625 9549 9550 
9907 9550 9549 2945 8386 
9908 5170 9550 8386 1857 
9909 683 6566 9551 4120 
9910 6566 2725 8988 9551 
9911 9551 8988 2867 9439 
9912 4120 9551 9439 1061 
9913 2224 4592 9552 9482 
9914 4592 2799 9433 9552 
9915 9552 9433 2003 9429 
9916 9482 9552 9429 2754 
9917 1750 9305 9553 9230 
9918 9305 2664 9370 9553 
9919 9553 9370 1827 8418 
9920 9230 9553 8418 2888 
9921 1806 9539 9554 8485 
9922 9539 2913 7816 9554 
9923 9554 7816 2978 8310 
9924 8485 9554 8310 2582 
9925 1723 6413 9556 7567 
9926 6413 1947 9555 9556 
9927 9556 9555 2985 8372 
9928 7567 9556 8372 2591 
9929 2312 5686 9558 4029 
9930 5686 2597 9557 9558 
9931 9558 9557 2987 8561 
9932 4029 9558 8561 2313 
9933 1944 3709 9561 3207 
9934 3709 1237 9559 9561 
9935 9561 9559 3019 9560 
9936 3207 9561 9560 2682 
9937 2912 9457 9563 9562 
9938 9457 2938 3699 9563 
9939 9563 3699 2658 8396 
9940 9562 9563 8396 1950 
9941 2625 3229 9564 9549 
9942 3229 983 8026 9564 
9943 9564 8026 2634 8740 
9944 9549 9564 8740 2945 
9945 1794 4796 9565 5538 
9946 4796 2381 8342 9565 
9947 9565 8342 2927 9219 
9948 5538 9565 9219 2660 
9949 2597 7455 9566 9557 
9950 7455 1538 3094 9566 
9951 9566 3094 2681 8990 
9952 9557 9566 8990 2987 
9953 1906 9541 9567 5250 
9954 9541 3022 8165 9567 
9955 9567 8165 2696 6238 
9956 5250 9567 6238 2384 
9957 2242 6904 9568 5871 
9958 6904 2960 9401 9568 
9959 9568 9401 1824 8856 
9960 5871 9568 8856 2750 
9961 2604 3600 9569 8164 
9962 3600 1949 9463 9569 
9963 9569 9463 2934 6239 
9964 8164 9569 6239 2696 
9965 639 638 9572 7948 
9966 638 637 9570 9572 
9967 9572 9570 2714 9571 
9968 7948 9572 9571 2835 
9969 2461 6116 9574 9251 
9970 6116 1165 5069 9574 
9971 9574 5069 2812 9573 
9972 9251 9574 9573 2897 
9973 83 7569 9575 82 
9974 7569 2700 9281 9575 
9975 9575 9281 2889 8265 
9976 82 9575 8265 81 
9977 2130 4681 9576 8973 
9978 4681 1167 3824 9576 
9979 9576 3824 2708 9516 
9980 8973 9576 9516 3009 
9981 2568 8706 9578 7440 
9982 8706 2688 9577 9578 
9983 9578 9577 2975 8450 
9984 7440 9578 8450 1883 
9985 1968 5664 9579 9278 
9986 5664 1962 7672 9579 
9987 9579 7672 2859 5141 
9988 9278 9579 5141 1999 
9989 972 8515 9580 3049 
9990 8515 2684 9184 9580 
9991 9580 9184 2985 9555 
9992 3049 9580 9555 1947 
9993 2286 3595 9581 8257 
9994 3595 2764 8835 9581 
9995 9581 8835 26 6398 
9996 8257 9581 6398 2886 
9997 2320 5678 9582 8322 
9998 5678 1008 8532 9582 
9999 9582 8532 2828 8817 
10000 8322 9582 8817 3006 
10001 2209 7795 9583 3582 
10002 7795 2840 9076 9583 
10003 9583 9076 1458 9072 
10004 3582 9583 9072 2788 
10005 2813 9446 9584 8463 
10006 9446 2811 9257 9584 
10007 9584 9257 2816 6331 
10008 8463 9584 6331 1337 
10009 1914 7149 9585 7697 
10010 7149 2216 4976 9585 
10011 9585 4976 2966 9532 
10012 7697 9585 9532 2659 
10013 2309 8919 9586 3342 
10014 8919 2735 7537 9586 
10015 9586 7537 2892 8173 
10016 3342 9586 8173 2311 
10017 1034 3623 9587 8119 
10018 3623 2776 8993 9587 
10019 9587 8993 2034 9309 
10020 8119 9587 9309 2904 
10021 2903 9054 9590 9589 
10022 9054 2094 9056 9590 
10023 9590 9056 2955 9588 
10024 9589 9590 9588 2911 
10025 2157 5929 9591 7810 
10026 5929 2357 9067 9591 
10027 9591 9067 2874 9017 
10028 7810 9591 9017 2807 
10029 2914 7949 9592 9443 
10030 7949 2835 9571 9592 
10031 9592 9571 2714 8983 
10032 9443 9592 8983 1810 
10033 2169 4134 9593 3604 
10034 4134 3023 6687 9593 
10035 9593 6687 2881 9297 
10036 3604 9593 9297 988 
10037 1614 3208 9594 7513 
10038 3208 2682 9560 9594 
10039 9594 9560 3019 9537 
10040 7513 9594 9537 1805 
10041 1028 5190 9595 3031 
10042 5190 2319 9263 9595 
10043 9595 9263 2975 9577 
10044 3031 9595 9577 2688 
10045 2898 9414 9596 9195 
10046 9414 2878 9211 9596 
10047 9596 9211 2818 8978 
10048 9195 9596 8978 2284 
10049 2911 8524 9597 9589 
10050 8524 1098 9179 9597 
10051 9597 9179 2789 7668 
10052 9589 9597 7668 2903 
10053 2076 8583 9598 8902 
10054 8583 2748 6541 9598 
10055 9598 6541 1774 9448 
10056 8902 9598 9448 2959 
10057 1696 6824 9599 3294 
10058 6824 1808 9421 9599 
10059 9599 9421 2897 9573 
10060 3294 9599 9573 2812 
10061 1316 8193 9600 8348 
10062 8193 2809 9069 9600 
10063 9600 9069 2894 3795 
10064 8348 9600 3795 1433 
10065 295 7817 9601 4298 
10066 7817 2913 9538 9601 
10067 9601 9538 3019 9559 
10068 4298 9601 9559 1237 
10069 2872 9156 9602 8480 
10070 9156 2891 9338 9602 
10071 9602 9338 2832 8223 
10072 8480 9602 8223 1227 
10073 2090 3863 9604 3899 
10074 3863 2943 9603 9604 
10075 9604 9603 2983 8657 
10076 3899 9604 8657 1087 
10077 2923 9303 9605 9450 
10078 9303 2899 9460 9605 
10079 9605 9460 2850 9255 
10080 9450 9605 9255 1751 
10081 2879 9366 9606 8915 
10082 9366 1879 8641 9606 
10083 9606 8641 2662 9020 
10084 8915 9606 9020 2957 
10085 1120 8595 9607 3986 
10086 8595 2912 9562 9607 
10087 9607 9562 1950 9327 
10088 3986 9607 9327 2839 
10089 1388 9485 9608 9528 
10090 9485 2798 8017 9608 
10091 9608 8017 1822 3925 
10092 9528 9608 3925 2871 
10093 2167 5763 9610 4040 
10094 5763 2168 5883 9610 
10095 9610 5883 2999 9609 
10096 4040 9610 9609 2868 
10097 945 8628 9611 9410 
10098 8628 2846 4687 9611 
10099 9611 4687 2429 4993 
10100 9410 9611 4993 2845 
10101 2694 7661 9612 8643 
10102 7661 2805 3642 9612 
10103 9612 3642 2950 8308 
10104 8643 9612 8308 1060 
10105 2329 7548 9613 9331 
10106 7548 2821 9181 9613 
10107 9613 9181 1548 8738 
10108 9331 9613 8738 3018 
10109 2905 9028 9614 9325 
10110 9028 1012 9214 9614 
10111 9614 9214 2848 9272 
10112 9325 9614 9272 2928 
10113 2208 9154 9615 8962 
10114 9154 2872 9353 9615 
10115 9615 9353 1714 8411 
10116 8962 9615 8411 2921 
10117 2796 9033 9617 4697 
10118 9033 2467 9518 9617 
10119 9617 9518 2965 9616 
10120 4697 9617 9616 2800 
10121 1631 5597 9618 7974 
10122 5597 2823 8851 9618 
10123 9618 8851 3010 9514 
10124 7974 9618 9514 1630 
10125 2026 8728 9619 3251 
10126 8728 2800 9616 9619 
10127 9619 9616 2965 8605 
10128 3251 9619 8605 1842 
10129 955 7463 9620 3669 
10130 7463 2954 9394 9620 
10131 9620 9394 2123 9048 
10132 3669 9620 9048 2794 
10133 1444 8733 9621 3792 
10134 8733 3021 9509 9621 
10135 9621 9509 2063 9114 
10136 3792 9621 9114 2830 
10137 1099 8525 9622 7401 
10138 8525 2911 9588 9622 
10139 9622 9588 2955 3725 
10140 7401 9622 3725 1103 
10141 2943 9360 9623 9603 
10142 9360 1903 7476 9623 
10143 9623 7476 2858 7992 
10144 9603 9623 7992 2983 
10145 1524 8971 9624 5021 
10146 8971 2868 9609 9624 
10147 9624 9609 2999 8240 
10148 5021 9624 8240 2335 
10149 2015 3993 9625 3959 
10150 3993 1397 7863 9625 
10151 9625 7863 3000 9492 
10152 3959 9625 9492 1846 
10153 2180 9293 9626 3434 
10154 9293 2958 8140 9626 
10155 9626 8140 1403 9472 
10156 3434 9626 9472 2942 
10157 1899 3286 9627 9523 
10158 3286 2976 9217 9627 
10159 9627 9217 1120 3985 
10160 9523 9627 3985 2996 
10161 26 719 9628 6395 
10162 719 2 718 9628 
10163 9628 718 717 5944 
10164 6395 9628 5944 2650 
10165 637 636 9629 9570 
10166 636 5 635 9629 
10167 9629 635 23 8984 
10168 9570 9629 8984 2714 
10169 2652 8060 9630 7092 
10170 8060 16 503 9630 
10171 9630 503 7 502 
10172 7092 9630 502 501 
10173 10 583 9631 584 
10174 583 19 8100 9631 
10175 9631 8100 2651 8011 
10176 584 9631 8011 585 
10177 2667 8837 9632 9102 
10178 8837 18 563 9632 
10179 9632 563 9 562 
10180 9102 9632 562 561 
10181 8 515 9633 516 
10182 515 17 9026 9633 
10183 9633 9026 2686 9044 
10184 516 9633 9044 517 
$EndElements
